CNPJ_Companhia;Data_Referencia;Versao;ID_Documento;Nome_Empresarial;Valor_Mobiliario;Sigla_Classe_Acao_Preferencial;Classe_Acao_Preferencial;Codigo_Negociacao;Composicao_BDR_Unit;Mercado;Sigla_Entidade_Administradora;Entidade_Administradora;Data_Inicio_Negociacao;Data_Fim_Negociacao;Segmento;Data_Inicio_Listagem;Data_Fim_Listagem
00.000.000/0001-91;2019-01-01;7;88748;BCO BRASIL S.A.;Ações Ordinárias;;;BBAS3;;Bolsa;B3;B3 S.A. - Brasil, Bolsa, Balcão.;2006-05-31;;Novo Mercado;1977-07-20;
00.000.208/0001-00;2019-01-01;6;89929;BRB BCO DE BRASILIA S.A.;Ações Ordinárias;;;BSLI03;;Bolsa;B3;B3 S.A. - Brasil, Bolsa, Balcão.;2010-01-01;;Básico;1993-09-24;
00.000.208/0001-00;2019-01-01;6;89929;BRB BCO DE BRASILIA S.A.;Ações Preferenciais;;;BSLI04;;Bolsa;B3;B3 S.A. - Brasil, Bolsa, Balcão.;2010-01-01;;Básico;1993-09-24;
00.001.180/0001-26;2019-01-01;7;90607;CENTRAIS ELET BRAS S.A. - ELETROBRAS;Ações Ordinárias;;;ELET3;;Bolsa;B3;B3 S.A. - Brasil, Bolsa, Balcão.;2006-09-29;;Nível 1 de Governança Corporativa;1971-09-07;
00.001.180/0001-26;2019-01-01;7;90607;CENTRAIS ELET BRAS S.A. - ELETROBRAS;Ações Preferenciais;PNB;Preferencial Classe B;ELET6;;Bolsa;B3;B3 S.A. - Brasil, Bolsa, Balcão.;2006-09-29;;Nível 1 de Governança Corporativa;1974-11-13;
00.001.180/0001-26;2019-01-01;7;90607;CENTRAIS ELET BRAS S.A. - ELETROBRAS;Ações Preferenciais;PNA;Preferencial Classe A;ELET5;;Bolsa;B3;B3 S.A. - Brasil, Bolsa, Balcão.;2006-09-29;;Nível 1 de Governança Corporativa;1974-11-13;
00.070.698/0001-11;2019-01-01;2;80316;CIA ENERGETICA DE BRASILIA;Ações Ordinárias;;;CEBR3;;Bolsa;B3;B3 S.A. - Brasil, Bolsa, Balcão.;1994-07-04;;Básico;1994-07-04;
00.070.698/0001-11;2019-01-01;2;80316;CIA ENERGETICA DE BRASILIA;Ações Preferenciais;PNB;Preferencial Classe B;CEBR6;;Bolsa;B3;B3 S.A. - Brasil, Bolsa, Balcão.;1994-07-04;;Básico;1994-07-04;
00.070.698/0001-11;2019-01-01;2;80316;CIA ENERGETICA DE BRASILIA;Ações Preferenciais;PNA;Preferencial Classe A;CEBR5;;Bolsa;B3;B3 S.A. - Brasil, Bolsa, Balcão.;1994-07-04;;Básico;1994-07-04;
00.185.475/0001-08;2019-01-01;1;81752;PARCOM PARTICIPACOES S.A.;Ações Ordinárias;;;NÃO HÁ;;Balcão Organizado;B3;B3 S.A. - Brasil, Bolsa, Balcão.;1998-06-17;2012-12-27;Básico;1998-06-17;2012-12-27
00.249.786/0001-85;2019-01-01;1;81755;FORPART S.A.;Ações Ordinárias;;;NÃO HÁ;;Balcão Não-Organizado;;;;;;1995-02-21;2012-12-27
00.272.185/0001-93;2019-01-01;2;90300;CIMS S.A.;Ações Ordinárias;;;CMFA3;;Bolsa;B3;B3 S.A. - Brasil, Bolsa, Balcão.;1995-03-14;;Básico;1995-03-14;
00.272.185/0001-93;2019-01-01;2;90300;CIMS S.A.;Ações Preferenciais;;;CMFA4;;Bolsa;B3;B3 S.A. - Brasil, Bolsa, Balcão.;1995-03-14;;Básico;1995-03-14;
00.336.701/0001-04;2019-01-01;3;89729;TELEC BRASILEIRAS S.A. TELEBRAS;Ações Ordinárias;;;;;;;;;;;;
00.354.053/0001-00;2019-01-01;2;83794;KOSMOS COMÉRCIO DE VESTUÁRIO S/A - EM RECUPERAÇÃO JUDICIAL;Ações Ordinárias;;;;;;;;;;;;
00.354.053/0001-00;2019-01-01;2;83794;KOSMOS COMÉRCIO DE VESTUÁRIO S/A - EM RECUPERAÇÃO JUDICIAL;Ações Preferenciais;;;LOAR11;;;;;;;;;
00.359.742/0001-08;2019-01-01;2;81675;ATOM EMPREENDIMENTOS E PARTICIPAÇÕES S.A.;Ações Ordinárias;;;ATOM3;;Bolsa;B3;B3 S.A. - Brasil, Bolsa, Balcão.;1996-02-28;;Nível 2 de Governança Corporativa;1996-02-28;
00.383.281/0001-09;2019-01-01;5;88892;BNDES PARTICIPACOES S.A. - BNDESPAR;Debêntures;;;;;Balcão Não-Organizado;B3;B3 S.A. - Brasil, Bolsa, Balcão.;2009-12-17;2009-12-17;Básico;2009-12-17;2009-12-17
00.383.281/0001-09;2019-01-01;5;88892;BNDES PARTICIPACOES S.A. - BNDESPAR;Debêntures;;;;;Balcão Não-Organizado;B3;B3 S.A. - Brasil, Bolsa, Balcão.;2006-12-20;2006-12-20;Básico;2006-12-20;2006-12-20
00.383.281/0001-09;2019-01-01;5;88892;BNDES PARTICIPACOES S.A. - BNDESPAR;Debêntures;;;;;Balcão Não-Organizado;B3;B3 S.A. - Brasil, Bolsa, Balcão.;2012-04-20;2012-04-20;Básico;2012-04-20;2012-04-20
00.383.281/0001-09;2019-01-01;5;88892;BNDES PARTICIPACOES S.A. - BNDESPAR;Debêntures;;;;;Balcão Não-Organizado;B3;B3 S.A. - Brasil, Bolsa, Balcão.;2007-07-30;2007-07-30;Básico;2007-07-30;2007-07-30
00.383.281/0001-09;2019-01-01;5;88892;BNDES PARTICIPACOES S.A. - BNDESPAR;Debêntures;;;;;Balcão Não-Organizado;B3;B3 S.A. - Brasil, Bolsa, Balcão.;2010-12-13;2010-12-13;Básico;2010-12-13;2010-12-13
00.389.481/0001-79;2019-01-01;2;89909;LM TRANSPORTES INTERESTADUAIS SERVIÇOS E COMÉRCIO S.A.;Debêntures;;;;;Balcão Organizado;B3;B3 S.A. - Brasil, Bolsa, Balcão.;2018-12-17;2019-03-20;Básico;2018-12-17;2019-03-20
00.389.481/0001-79;2019-01-01;2;89909;LM TRANSPORTES INTERESTADUAIS SERVIÇOS E COMÉRCIO S.A.;Nota Comercial;;;;;Balcão Organizado;B3;B3 S.A. - Brasil, Bolsa, Balcão.;2019-09-09;2019-10-02;Básico;2019-09-09;2019-10-02
00.416.968/0001-01;2019-01-01;2;88500;BANCO INTER S.A.;Ações Ordinárias;;;BIDI3;;Bolsa;B3;B3 S.A. - Brasil, Bolsa, Balcão.;2019-07-19;;Nível 2 de Governança Corporativa;2018-04-30;
00.416.968/0001-01;2019-01-01;2;88500;BANCO INTER S.A.;Ações Preferenciais;PNA;Preferencial Classe A;BIDI4;;Bolsa;B3;B3 S.A. - Brasil, Bolsa, Balcão.;2018-05-11;;Nível 2 de Governança Corporativa;2018-04-30;
00.416.968/0001-01;2019-01-01;2;88500;BANCO INTER S.A.;Units;;;BIDI11;1 PN + 3 Recibos de Subscrição;Bolsa;B3;B3 S.A. - Brasil, Bolsa, Balcão.;2018-04-30;2018-05-10;Nível 1 de Governança Corporativa;2018-04-30;
00.416.968/0001-01;2019-01-01;2;88500;BANCO INTER S.A.;Units;;;BIDI11;1 ON + 2 PN;Bolsa;B3;B3 S.A. - Brasil, Bolsa, Balcão.;2019-07-19;;Nível 2 de Governança Corporativa;2018-04-30;
00.514.998/0001-42;2019-01-01;1;80220;ELETRON S.A.;Ações Ordinárias;;;ETRO3B;;Balcão Organizado;B3;B3 S.A. - Brasil, Bolsa, Balcão.;1999-05-11;;Básico;1999-05-11;
00.545.378/0001-70;2019-01-01;2;84067;SERRA AZUL WATER PARK SA;Ações Ordinárias;;;00000;;Balcão Não-Organizado;;;;;;2010-04-29;2010-04-30
00.622.416/0001-41;2019-01-01;1;81111;STATKRAFT ENERGIAS RENOVAVEIS S.A.;Ações Ordinárias;;;STKF3;;Bolsa;B3;B3 S.A. - Brasil, Bolsa, Balcão.;2011-10-03;2018-09-27;Bovespa Mais;2011-09-19;
00.622.416/0001-41;2019-01-01;1;81111;STATKRAFT ENERGIAS RENOVAVEIS S.A.;Ações Ordinárias;;;STKF3;;Bolsa;B3;B3 S.A. - Brasil, Bolsa, Balcão.;2018-09-28;;Básico;2011-09-19;
00.644.907/0001-93;2019-01-01;2;81159;INVESTCO S.A.;Ações Preferenciais;PNC;Preferencial Classe C;00;;Balcão Não-Organizado;;;;;;2000-02-04;
00.644.907/0001-93;2019-01-01;2;81159;INVESTCO S.A.;Ações Preferenciais;PNA;Preferencial Classe A;00;;Balcão Não-Organizado;;;;;;2000-02-04;
00.644.907/0001-93;2019-01-01;2;81159;INVESTCO S.A.;Ações Preferenciais;PNR;Preferencial Classe R;00;;Balcão Não-Organizado;;;;;;2000-02-04;
00.644.907/0001-93;2019-01-01;2;81159;INVESTCO S.A.;Ações Preferenciais;PNB;Preferencial Classe B;00;;Balcão Não-Organizado;;;;;;2000-02-04;
00.743.065/0001-27;2019-01-01;2;83862;LITEL PARTICIPACOES S.A.;Ações Ordinárias;;;007424;;Balcão Organizado;B3;B3 S.A. - Brasil, Bolsa, Balcão.;2000-10-18;;Básico;2000-10-18;
00.776.574/0001-56;2019-01-01;2;88515;B2W - COMPANHIA DIGITAL;Ações Ordinárias;;;BTOW3;;Bolsa;B3;B3 S.A. - Brasil, Bolsa, Balcão.;2007-08-08;;Novo Mercado;2007-08-08;
00.864.214/0001-06;2019-01-01;8;92687;ENERGISA S.A.;Ações Ordinárias;;;ENGI3;;Bolsa;B3;B3 S.A. - Brasil, Bolsa, Balcão.;1995-12-20;;Nível 2 de Governança Corporativa;1995-12-20;
00.864.214/0001-06;2019-01-01;8;92687;ENERGISA S.A.;Ações Preferenciais;;;ENGI4;;Bolsa;B3;B3 S.A. - Brasil, Bolsa, Balcão.;1995-12-20;;Nível 2 de Governança Corporativa;1995-12-20;
00.864.214/0001-06;2019-01-01;8;92687;ENERGISA S.A.;Units;;;ENGI11;1 ação ordinária e 4 ações preferenciais;Bolsa;B3;B3 S.A. - Brasil, Bolsa, Balcão.;1995-12-20;;Nível 2 de Governança Corporativa;1995-12-20;
00.897.864/0001-58;2019-01-01;3;99794;SANTA CATARINA PART INVEST SA;Debêntures;;;;;Balcão Organizado;B3;B3 S.A. - Brasil, Bolsa, Balcão.;1995-12-14;1995-12-14;Básico;1995-12-14;1995-12-14
00.924.429/0001-75;2019-01-01;2;84416;FERROVIA CENTRO-ATLANTICA S.A.;Ações Ordinárias;;;VSPT3;;Bolsa;B3;B3 S.A. - Brasil, Bolsa, Balcão.;1996-02-14;;Básico;1996-02-14;
00.924.429/0001-75;2019-01-01;2;84416;FERROVIA CENTRO-ATLANTICA S.A.;Ações Preferenciais;;;VSPT4;;Bolsa;B3;B3 S.A. - Brasil, Bolsa, Balcão.;1996-02-14;;Básico;1996-02-14;
00.938.574/0001-05;2019-01-01;1;84082;CONC RIO-TERESOPOLIS S.A.;Debêntures Conversíveis;;;;;Balcão Organizado;B3;B3 S.A. - Brasil, Bolsa, Balcão.;2001-12-26;;Básico;2001-12-26;
01.027.058/0001-91;2019-01-01;2;82306;CIELO S.A.;Ações Ordinárias;;;CIEL3;;Bolsa;B3;B3 S.A. - Brasil, Bolsa, Balcão.;2009-06-26;;Nível 1 de Governança Corporativa;2009-06-26;
01.083.200/0001-18;2019-01-01;3;84844;NEOENERGIA S.A.;Ações Ordinárias;;;NEOE;;Bolsa;B3;B3 S.A. - Brasil, Bolsa, Balcão.;2004-11-22;;Básico;2004-11-22;
01.083.200/0001-18;2019-01-01;3;84844;NEOENERGIA S.A.;Debêntures;;;;;Bolsa;B3;B3 S.A. - Brasil, Bolsa, Balcão.;2004-12-01;;Básico;2004-12-01;
01.104.937/0001-70;2019-01-01;4;82191;ELETROBRÁS PARTICIPAÇÕES S.A. - ELETROPAR;Ações Ordinárias;;;LIPR3;;Bolsa;B3;B3 S.A. - Brasil, Bolsa, Balcão.;1996-09-30;;Básico;1996-09-30;
01.107.327/0001-20;2019-01-01;1;81759;BBM Logística S.A.;Ações Ordinárias;;;BBM;;Bolsa;B3;B3 S.A. - Brasil, Bolsa, Balcão.;2019-03-11;;Bovespa Mais;2019-02-27;
01.258.943/0001-81;2019-01-01;1;84730;ITAITINGA PARTICIPACOES S.A.;Ações Ordinárias;;;;;;;;;;;;
01.258.943/0001-81;2019-01-01;1;84730;ITAITINGA PARTICIPACOES S.A.;Ações Preferenciais;;;;;;;;;;;;
01.258.945/0001-70;2019-01-01;1;84727;GRUCAI PARTICIPACOES S.A.;Ações Ordinárias;;;;;;;;;;;;
01.258.945/0001-70;2019-01-01;1;84727;GRUCAI PARTICIPACOES S.A.;Ações Preferenciais;;;;;;;;;;;;
01.417.222/0001-77;2019-01-01;2;85107;MRS LOGISTICA S.A.;Ações Ordinárias;;;MRSA3;;Balcão Organizado;B3;B3 S.A. - Brasil, Bolsa, Balcão.;1998-12-18;;Básico;1998-12-18;
01.417.222/0001-77;2019-01-01;2;85107;MRS LOGISTICA S.A.;Debêntures;;;;;Balcão Organizado;B3;B3 S.A. - Brasil, Bolsa, Balcão.;2000-10-11;;Básico;2000-10-11;
01.417.222/0001-77;2019-01-01;2;85107;MRS LOGISTICA S.A.;Ações Preferenciais;PNA;Preferencial Classe A;MRSA5;;Balcão Organizado;B3;B3 S.A. - Brasil, Bolsa, Balcão.;1998-12-18;;Básico;1998-12-18;
01.417.222/0001-77;2019-01-01;2;85107;MRS LOGISTICA S.A.;Ações Preferenciais;PNB;Preferencial Classe B;MRSA6;;Balcão Organizado;B3;B3 S.A. - Brasil, Bolsa, Balcão.;1998-12-18;;Básico;1998-12-18;
01.545.826/0001-07;2019-01-01;8;88415;GAFISA S.A.;Ações Ordinárias;;;GAFS3;;Bolsa;B3;B3 S.A. - Brasil, Bolsa, Balcão.;2006-02-16;;Novo Mercado;2006-02-16;
01.548.981/0001-79;2019-01-01;2;85038;INVESTIMENTOS BEMGE S.A.;Ações Ordinárias;;;FIGE3;;Bolsa;B3;B3 S.A. - Brasil, Bolsa, Balcão.;1977-07-20;;Básico;1977-07-20;
01.548.981/0001-79;2019-01-01;2;85038;INVESTIMENTOS BEMGE S.A.;Ações Preferenciais;;;FIGE4;;Bolsa;B3;B3 S.A. - Brasil, Bolsa, Balcão.;1977-07-20;;Básico;1977-07-20;
01.838.723/0001-27;2019-01-01;3;88457;BRF S.A.;Ações Ordinárias;;;BRFS3;;Bolsa;B3;B3 S.A. - Brasil, Bolsa, Balcão.;2006-02-17;;Novo Mercado;2006-02-17;
01.851.771/0001-55;2019-01-01;1;80218;524 PARTICIPACOES S.A.;Ações Ordinárias;;;QVQP3B;;Balcão Não-Organizado;;;;;;1997-05-30;
01.896.779/0001-38;2019-01-01;1;84789;CSU CARDSYSTEM S.A.;Ações Ordinárias;;;CARD3;;Bolsa;B3;B3 S.A. - Brasil, Bolsa, Balcão.;2006-04-25;;Novo Mercado;2006-04-25;
01.938.783/0001-11;2019-01-01;2;85358;CIA PARTICIPACOES ALIANCA DA BAHIA;Ações Ordinárias;;;PEAB3;;Bolsa;B3;B3 S.A. - Brasil, Bolsa, Balcão.;2000-07-26;;Básico;2000-07-26;
01.938.783/0001-11;2019-01-01;2;85358;CIA PARTICIPACOES ALIANCA DA BAHIA;Ações Preferenciais;;;PEAB4;;Bolsa;B3;B3 S.A. - Brasil, Bolsa, Balcão.;2000-07-26;;Básico;2000-07-26;
01.957.772/0001-89;2019-01-01;1;84869;SUL 116 PARTICIPACOES S.A.;Ações Ordinárias;;;OPTS3B;;Balcão Organizado;B3;B3 S.A. - Brasil, Bolsa, Balcão.;1998-02-20;;Básico;1997-09-03;
01.971.614/0001-83;2019-01-01;1;84787;EMPRESA NAC COM REDITO PART S.A.ENCORPAR;Ações Ordinárias;;;ECPR3;;Bolsa;B3;B3 S.A. - Brasil, Bolsa, Balcão.;1997-10-07;;Básico;1997-10-07;
01.971.614/0001-83;2019-01-01;1;84787;EMPRESA NAC COM REDITO PART S.A.ENCORPAR;Ações Preferenciais;;;ECPR4;;Bolsa;B3;B3 S.A. - Brasil, Bolsa, Balcão.;1997-10-07;;Básico;1997-10-07;
02.062.747/0001-08;2019-01-01;1;80226;SUDESTE S.A.;Ações Ordinárias;;;OPSE3B;;Balcão Organizado;B3;B3 S.A. - Brasil, Bolsa, Balcão.;1997-11-26;;Básico;1997-11-26;
02.084.220/0001-76;2019-01-01;1;80563;NUMERAL 80 PARTICIPAÇÕES S.A.;Units;;;STBR11;1 ON + 4 PN;Bolsa;B3;B3 S.A. - Brasil, Bolsa, Balcão.;2006-10-13;2007-12-05;Nível 2 de Governança Corporativa;1997-09-16;2017-08-18
02.105.040/0001-23;2019-01-01;7;88380;CIBRASEC - COMPANHIA BRASILEIRA DE SECURITIZACAO;Certificados de Recebíveis Imobiliários;;;;;Balcão Organizado;B3;B3 S.A. - Brasil, Bolsa, Balcão.;1999-11-23;;Básico;1999-11-23;
02.105.040/0001-23;2019-01-01;7;88380;CIBRASEC - COMPANHIA BRASILEIRA DE SECURITIZACAO;Certificado de Recebíveis do Agronegócio;;;;;Balcão Organizado;B3;B3 S.A. - Brasil, Bolsa, Balcão.;2016-12-20;;Básico;2016-12-20;
02.117.801/0001-67;2019-01-01;2;84552;BONAIRE PARTICIPACOES S.A.;Ações Ordinárias;;;BNPA3B;;Balcão Organizado;B3;B3 S.A. - Brasil, Bolsa, Balcão.;2000-10-18;;Básico;2000-10-18;
02.149.205/0001-69;2019-01-01;1;82104;PORTO SEGURO S.A.;Ações Ordinárias;;;PSSA3;;Bolsa;B3;B3 S.A. - Brasil, Bolsa, Balcão.;2004-11-22;;Novo Mercado;2004-11-22;
02.162.616/0001-94;2019-01-01;1;81368;UPTICK PARTICIPACOES S.A.;Ações Ordinárias;;;UPKP3B;;Balcão Organizado;B3;B3 S.A. - Brasil, Bolsa, Balcão.;2000-10-18;;Básico;2000-10-18;
02.193.750/0001-52;2019-01-01;1;81465;GPC PARTICIPACOES S.A.;Ações Ordinárias;;;GPCP3;;Bolsa;B3;B3 S.A. - Brasil, Bolsa, Balcão.;1997-11-20;;Básico;1997-11-20;
02.193.750/0001-52;2019-01-01;1;81465;GPC PARTICIPACOES S.A.;Ações Preferenciais;;;GPCP4;;Bolsa;B3;B3 S.A. - Brasil, Bolsa, Balcão.;2017-03-20;;Básico;1997-11-20;
02.217.319/0001-07;2019-01-01;1;80219;ALEF S.A.;Ações Ordinárias;;;ALEF3B;;Balcão Não-Organizado;;;;;;1997-12-08;
02.258.422/0001-97;2019-01-01;1;85129;INEPAR EQUIPAMENTOS E MONTAGENS S/A -EM RECUPERAÇÃO JUDICIAL;Ações Ordinárias;;;;;;;;;;;;
02.258.422/0001-97;2019-01-01;1;85129;INEPAR EQUIPAMENTOS E MONTAGENS S/A -EM RECUPERAÇÃO JUDICIAL;Ações Preferenciais;;;;;;;;;;;;
02.286.479/0001-08;2019-01-01;2;88664;Localiza Fleet S.A.;Debêntures;;;;;Balcão Organizado;B3;B3 S.A. - Brasil, Bolsa, Balcão.;2009-09-30;;Básico;2009-09-30;
02.291.077/0001-93;2019-01-01;2;89920;PRODUTORES ENERGET.DE MANSO S.A.- PROMAN;Ações Ordinárias;;;PRMN3B;;Balcão Organizado;B3;B3 S.A. - Brasil, Bolsa, Balcão.;2004-01-28;;Básico;2004-01-28;
02.291.077/0001-93;2019-01-01;2;89920;PRODUTORES ENERGET.DE MANSO S.A.- PROMAN;Debêntures Conversíveis;;;;;Balcão Organizado;B3;B3 S.A. - Brasil, Bolsa, Balcão.;2002-02-07;;Básico;2002-02-07;
02.302.100/0001-06;2019-01-01;1;80945;EDP SÃO PAULO DISTRIBUIÇÃO DE ENERGIA S.A.;Debêntures;;;;;Balcão Organizado;B3;B3 S.A. - Brasil, Bolsa, Balcão.;2014-04-30;;Básico;2014-04-30;
02.302.101/0001-42;2019-01-01;4;90812;EMAE - EMPRESA METROP.AGUAS ENERGIA S.A.;Ações Preferenciais;;;EMAE4;;Bolsa;B3;B3 S.A. - Brasil, Bolsa, Balcão.;1998-03-31;;Básico;1998-03-27;
02.318.346/0001-68;2019-01-01;2;82871;OPPORTUNITY ENERGIA E PARTICIPACOES S.A.;Ações Ordinárias;;;OPHE3B;;Balcão Organizado;B3;B3 S.A. - Brasil, Bolsa, Balcão.;1999-10-22;;Básico;1999-10-22;
02.328.280/0001-97;2019-01-01;3;82348;ELEKTRO REDES S.A.;Ações Ordinárias;;;EKTR3;;Bolsa;B3;B3 S.A. - Brasil, Bolsa, Balcão.;1998-07-08;;Nível 2 de Governança Corporativa;1998-07-08;
02.328.280/0001-97;2019-01-01;3;82348;ELEKTRO REDES S.A.;Debêntures;;;;;Bolsa;B3;B3 S.A. - Brasil, Bolsa, Balcão.;2005-09-01;;Básico;2005-09-01;
02.328.280/0001-97;2019-01-01;3;82348;ELEKTRO REDES S.A.;Ações Preferenciais;;;EKTR4;;Bolsa;B3;B3 S.A. - Brasil, Bolsa, Balcão.;1998-07-08;;Nível 2 de Governança Corporativa;1998-07-08;
02.338.534/0001-58;2019-01-01;1;106459;LONGDIS S.A.;Ações Ordinárias;;;SPRT3B;;Balcão Organizado;B3;B3 S.A. - Brasil, Bolsa, Balcão.;1998-06-30;;Básico;1998-06-30;
02.351.144/0001-18;2019-01-01;1;84170;TEGMA GESTAO LOGISTICA S.A.;Ações Ordinárias;;;tgma3;;Bolsa;B3;B3 S.A. - Brasil, Bolsa, Balcão.;2007-08-03;;Novo Mercado;2007-08-03;
02.351.877/0001-52;2019-01-01;2;90805;LOCAWEB SERVIÇOS DE INTERNET S.A.;Ações Ordinárias;;;LWSA3;;Bolsa;B3;B3 S.A. - Brasil, Bolsa, Balcão.;2020-02-06;;Novo Mercado;2020-02-06;
02.357.251/0001-53;2019-01-01;2;89223;LIFEMED INDUSTRIAL DE EQUIP. E ART. MEDICOS E HOSP. S.A;Ações Ordinárias;;;;;;;;;;;;
02.365.069/0001-44;2019-01-01;4;93731;IDEIASNET S.A.;Ações Ordinárias;;;IDNT3;;Bolsa;B3;B3 S.A. - Brasil, Bolsa, Balcão.;2018-01-08;;Básico;2000-06-08;
02.382.073/0001-10;2019-01-01;1;84089;PROLAGOS S/A - CONCESSIONÁRIA DE SERVICOS PÚBLICOS DE ÁGUA E ESGOTO;Debêntures;;;;;Balcão Organizado;B3;B3 S.A. - Brasil, Bolsa, Balcão.;2018-01-08;;Básico;2017-10-10;
02.387.241/0001-60;2019-01-01;3;91219;RUMO S.A.;Ações Ordinárias;;;RAIL3;;Bolsa;B3;B3 S.A. - Brasil, Bolsa, Balcão.;2015-04-01;;Novo Mercado;2015-04-01;
02.387.241/0001-60;2019-01-01;3;91219;RUMO S.A.;Debêntures;;;;;Balcão Organizado;B3;B3 S.A. - Brasil, Bolsa, Balcão.;2019-03-20;;Básico;2019-03-20;
02.397.080/0001-96;2019-01-01;1;80326;ITAPEBI GERACAO DE ENERGIA S.A.;Debêntures;;;;;Bolsa;B3;B3 S.A. - Brasil, Bolsa, Balcão.;2017-05-10;;Básico;2017-05-10;
02.421.421/0001-11;2019-01-01;2;91704;TIM S.A.;Ações Ordinárias;;;;;;;;;;;;
02.429.144/0001-93;2019-01-01;3;84861;CPFL ENERGIA S.A.;Ações Ordinárias;;;CPFE3;;Bolsa;B3;B3 S.A. - Brasil, Bolsa, Balcão.;2004-09-29;;Novo Mercado;2004-09-29;
02.429.144/0001-93;2019-01-01;3;84861;CPFL ENERGIA S.A.;Debêntures;;;;;Balcão Organizado;B3;B3 S.A. - Brasil, Bolsa, Balcão.;2000-05-19;;Básico;2000-05-18;
02.451.848/0001-62;2019-01-01;3;92419;CONC SIST ANHANG-BANDEIRANT S.A. AUTOBAN;Debêntures;;;;;Balcão Organizado;B3;B3 S.A. - Brasil, Bolsa, Balcão.;2006-08-01;;Básico;2006-08-01;
02.451.848/0001-62;2019-01-01;3;92419;CONC SIST ANHANG-BANDEIRANT S.A. AUTOBAN;Debêntures;;;;;Bolsa;B3;B3 S.A. - Brasil, Bolsa, Balcão.;2016-08-01;;Básico;2016-08-01;
02.451.848/0001-62;2019-01-01;3;92419;CONC SIST ANHANG-BANDEIRANT S.A. AUTOBAN;Nota Comercial;;;;;Balcão Organizado;B3;B3 S.A. - Brasil, Bolsa, Balcão.;2016-11-17;;Básico;2016-11-17;
02.465.783/0001-04;2019-01-01;1;113563;FUTURETEL S.A. - EM LIQUIDAÇÃO;Ações Ordinárias;;;FTRT3B;;Balcão Organizado;B3;B3 S.A. - Brasil, Bolsa, Balcão.;1998-07-02;;Básico;1998-07-02;
02.474.103/0001-19;2019-01-01;5;90217;ENGIE BRASIL ENERGIA S.A.;Ações Ordinárias;;;EGIE3;;Bolsa;B3;B3 S.A. - Brasil, Bolsa, Balcão.;2005-11-16;;Novo Mercado;1998-05-28;
02.474.103/0001-19;2019-01-01;5;90217;ENGIE BRASIL ENERGIA S.A.;Debêntures;;;;;Balcão Organizado;B3;B3 S.A. - Brasil, Bolsa, Balcão.;2014-12-15;;Básico;2014-12-15;
02.509.186/0001-34;2019-01-01;1;84009;TRIÂNGULO DO SOL AUTO-ESTRADAS S.A.;Debêntures;;;;;Balcão Organizado;B3;B3 S.A. - Brasil, Bolsa, Balcão.;2013-02-25;;Básico;2013-02-25;
02.541.982/0001-54;2019-01-01;1;82561;SOMOS EDUCAÇÃO S.A.;Ações Ordinárias;;;SEDU3;;Bolsa;B3;B3 S.A. - Brasil, Bolsa, Balcão.;2014-10-23;;Novo Mercado;2011-07-26;
02.558.115/0001-21;2019-01-01;2;82659;TIM PARTICIPACOES S.A.;Ações Ordinárias;;;TIMP3;;Bolsa;B3;B3 S.A. - Brasil, Bolsa, Balcão.;2011-08-03;;Novo Mercado;1998-09-21;
02.558.157/0001-62;2019-01-01;1;80044;TELEFÔNICA BRASIL S.A;Ações Ordinárias;;;VIVT3;;Bolsa;B3;B3 S.A. - Brasil, Bolsa, Balcão.;1998-08-19;;Básico;1998-08-19;
02.558.157/0001-62;2019-01-01;1;80044;TELEFÔNICA BRASIL S.A;Ações Preferenciais;;;VIVT4;;Bolsa;B3;B3 S.A. - Brasil, Bolsa, Balcão.;1998-08-19;;Básico;1998-08-19;
02.591.787/0001-39;2019-01-01;1;106458;CAPITALPART PARTICIPACOES S.A.;Ações Ordinárias;;;CPTP3B;;Balcão Organizado;B3;B3 S.A. - Brasil, Bolsa, Balcão.;1998-07-20;;Básico;1998-07-09;
02.604.860/0001-60;2019-01-01;2;89850;INNCORP S.A.;Ações Ordinárias;;;SLCTB3;;Balcão Organizado;B3;B3 S.A. - Brasil, Bolsa, Balcão.;1998-07-22;;Básico;1998-07-20;
02.643.896/0001-52;2019-01-01;2;84444;REAL AI PIC SEC DE CREDITOS IMOBILIARIO S.A.;Certificados de Recebíveis Imobiliários;;;;;Balcão Organizado;B3;B3 S.A. - Brasil, Bolsa, Balcão.;2008-05-20;;Básico;2008-05-20;
02.664.042/0001-52;2019-01-01;2;85001;TERMINAL GARAGEM MENEZES CORTES S.A.;Ações Ordinárias;;;;;;;;;;;;
02.762.113/0001-50;2019-01-01;3;82279;BRAZILIAN FINANCE E REAL ESTATE S.A.;Ações Preferenciais;PNB;Preferencial Classe B;BFRE12;;Bolsa;B3;B3 S.A. - Brasil, Bolsa, Balcão.;2012-07-16;2019-03-12;Básico;2012-07-16;
02.762.113/0001-50;2019-01-01;3;82279;BRAZILIAN FINANCE E REAL ESTATE S.A.;Ações Preferenciais;PNA;Preferencial Classe A;BFRE11;;Bolsa;B3;B3 S.A. - Brasil, Bolsa, Balcão.;2012-07-16;2019-03-12;Básico;2012-07-16;
02.762.113/0001-50;2019-01-01;3;82279;BRAZILIAN FINANCE E REAL ESTATE S.A.;Ações Preferenciais;PNB;Preferencial Classe B;BFRE12;;Bolsa;B3;B3 S.A. - Brasil, Bolsa, Balcão.;2012-07-16;2019-03-12;Básico;2012-07-16;
02.762.113/0001-50;2019-01-01;3;82279;BRAZILIAN FINANCE E REAL ESTATE S.A.;Ações Preferenciais;PNA;Preferencial Classe A;BFRE11;;Bolsa;B3;B3 S.A. - Brasil, Bolsa, Balcão.;2012-07-16;2019-03-12;Básico;2012-07-16;
02.762.115/0001-49;2019-01-01;5;90646;MMX MINERACAO E METALICOS S.A.;Ações Ordinárias;;;MMXM3;;Bolsa;B3;B3 S.A. - Brasil, Bolsa, Balcão.;2006-07-24;;Novo Mercado;2006-07-24;
02.762.121/0001-04;2019-01-01;1;80561;SANTOS BRASIL PARTICIPACOES S.A.;Ações Ordinárias;;;STBP3;;Bolsa;B3;B3 S.A. - Brasil, Bolsa, Balcão.;2016-09-22;;Novo Mercado;2016-09-22;
02.762.121/0001-04;2019-01-01;1;80561;SANTOS BRASIL PARTICIPACOES S.A.;Units;;;STBP11;1 ON + 4 PN;Bolsa;B3;B3 S.A. - Brasil, Bolsa, Balcão.;2007-12-05;2016-08-19;Nível 2 de Governança Corporativa;2007-12-05;2016-08-19
02.762.124/0001-30;2019-01-01;1;80221;BETAPART PARTICIPACOES S.A.;Ações Ordinárias;;;BETP3B;;Balcão Não-Organizado;;;;;;1998-11-06;
02.783.423/0001-50;2019-01-01;2;89878;ALTERE SECURITIZADORA S.A.;Certificados de Recebíveis Imobiliários;;;;;Balcão Organizado;B3;B3 S.A. - Brasil, Bolsa, Balcão.;2003-07-30;;Básico;2003-07-30;
02.783.423/0001-50;2019-01-01;2;89878;ALTERE SECURITIZADORA S.A.;Certificado de Recebíveis do Agronegócio;;;;;Balcão Organizado;B3;B3 S.A. - Brasil, Bolsa, Balcão.;2017-03-13;;Básico;2017-03-13;
02.796.775/0001-40;2019-01-01;1;80222;GAMA PARTICIPACOES S.A.;Ações Ordinárias;;;OPGM3B;;Balcão Não-Organizado;;;;;;2002-12-31;
02.800.026/0001-40;2019-01-01;2;90040;COGNA EDUCAÇÃO S.A.;Ações Ordinárias;;;COGN3;;Bolsa;B3;B3 S.A. - Brasil, Bolsa, Balcão.;2012-11-30;;Novo Mercado;2007-07-23;
02.846.056/0001-97;2019-01-01;1;80293;CCR S.A.;Ações Ordinárias;;;CCRO3;;Bolsa;B3;B3 S.A. - Brasil, Bolsa, Balcão.;2002-01-31;;Novo Mercado;2002-01-31;
02.860.694/0001-62;2019-01-01;2;86110;T4F ENTRETENIMENTO S.A.;Ações Ordinárias;;;SHOW3;;Bolsa;B3;B3 S.A. - Brasil, Bolsa, Balcão.;2011-04-11;;Novo Mercado;2011-04-11;
02.916.265/0001-60;2019-01-01;2;91489;JBS S.A.;Ações Ordinárias;;;JBSS3;;Bolsa;B3;B3 S.A. - Brasil, Bolsa, Balcão.;2007-03-29;;Novo Mercado;2007-03-29;
02.932.074/0001-91;2019-01-01;1;84718;HYPERA S.A.;Ações Ordinárias;;;HYPE3;;Bolsa;B3;B3 S.A. - Brasil, Bolsa, Balcão.;2008-04-17;;Novo Mercado;2008-04-17;
02.950.811/0001-89;2019-01-01;1;84279;PDG REALTY S.A. EMPREEND E PARTICIPACOES;Ações Ordinárias;;;PDGR3;;Bolsa;B3;B3 S.A. - Brasil, Bolsa, Balcão.;2007-01-26;;Novo Mercado;2007-01-26;
02.992.449/0001-09;2019-01-01;1;80223;PROMPT PARTICIPACOES S.A.;Ações Ordinárias;;;PRPT3B;;Balcão Não-Organizado;;;;;;1999-06-18;
02.998.301/0001-81;2019-01-01;1;84502;RIO PARANAPANEMA ENERGIA S.A.;Ações Ordinárias;;;GEPA3;;Bolsa;B3;B3 S.A. - Brasil, Bolsa, Balcão.;1999-07-26;;Básico;1999-07-26;
02.998.301/0001-81;2019-01-01;1;84502;RIO PARANAPANEMA ENERGIA S.A.;Debêntures;;;;;Balcão Organizado;B3;B3 S.A. - Brasil, Bolsa, Balcão.;2008-09-15;;Básico;2008-09-15;
02.998.301/0001-81;2019-01-01;1;84502;RIO PARANAPANEMA ENERGIA S.A.;Ações Preferenciais;;;GEPA4;;Bolsa;B3;B3 S.A. - Brasil, Bolsa, Balcão.;1999-07-26;;Básico;1999-07-26;
02.998.611/0001-04;2019-01-01;4;89797;CTEEP - CIA TRANSMISSÃO ENERGIA ELÉTRICA PAULISTA;Ações Ordinárias;;;TRPL3;;Bolsa;B3;B3 S.A. - Brasil, Bolsa, Balcão.;2002-09-18;;Nível 1 de Governança Corporativa;2002-09-18;
02.998.611/0001-04;2019-01-01;4;89797;CTEEP - CIA TRANSMISSÃO ENERGIA ELÉTRICA PAULISTA;Debêntures;;;;;Balcão Organizado;B3;B3 S.A. - Brasil, Bolsa, Balcão.;2014-03-26;;Básico;2013-12-27;
02.998.611/0001-04;2019-01-01;4;89797;CTEEP - CIA TRANSMISSÃO ENERGIA ELÉTRICA PAULISTA;Ações Preferenciais;PNA;Preferencial Classe A;TRPL4;;Bolsa;B3;B3 S.A. - Brasil, Bolsa, Balcão.;2002-09-18;;Nível 1 de Governança Corporativa;2002-09-18;
03.014.553/0001-91;2019-01-01;1;83229;TPI - TRIUNFO PARTICIP. E INVEST. S.A.;Ações Ordinárias;;;TPIS3;;Bolsa;B3;B3 S.A. - Brasil, Bolsa, Balcão.;2007-07-20;;Novo Mercado;2007-07-20;
03.025.305/0001-46;2019-01-01;1;84010;RODOVIAS DAS COLINAS S.A.;Debêntures;;;;;Balcão Organizado;B3;B3 S.A. - Brasil, Bolsa, Balcão.;2013-04-25;;Básico;2013-04-25;
03.220.438/0001-73;2019-01-01;3;94051;EQUATORIAL ENERGIA S.A.;Ações Ordinárias;;;EQTL3;;Bolsa;B3;B3 S.A. - Brasil, Bolsa, Balcão.;2008-04-23;;Novo Mercado;2006-04-03;
03.303.999/0001-36;2019-01-01;4;84988;DTCOM - DIRECT TO COMPANY S.A.;Ações Ordinárias;;;DTCY3;;Bolsa;B3;B3 S.A. - Brasil, Bolsa, Balcão.;2000-12-31;;Básico;2000-12-31;
03.303.999/0001-36;2019-01-01;4;84988;DTCOM - DIRECT TO COMPANY S.A.;Ações Preferenciais;PNA;Preferencial Classe A;DTCY;;Balcão Organizado;B3;B3 S.A. - Brasil, Bolsa, Balcão.;2000-12-31;;Básico;2000-12-31;
03.378.521/0001-75;2019-01-01;2;85213;LIGHT S.A.;Ações Ordinárias;;;LIGT3;;Bolsa;B3;B3 S.A. - Brasil, Bolsa, Balcão.;2005-12-12;;Novo Mercado;2005-12-12;
03.467.321/0001-99;2019-01-01;8;92693;ENERGISA MATO GROSSO-DISTRIBUIDORA DE ENERGIA S/A;Debêntures;;;;;Bolsa;B3;B3 S.A. - Brasil, Bolsa, Balcão.;2017-10-15;;Básico;2017-10-15;
03.467.321/0001-99;2019-01-01;8;92693;ENERGISA MATO GROSSO-DISTRIBUIDORA DE ENERGIA S/A;Ações Ordinárias;;;ENMT3;;Bolsa;B3;B3 S.A. - Brasil, Bolsa, Balcão.;1994-10-25;;Básico;1994-10-25;
03.467.321/0001-99;2019-01-01;8;92693;ENERGISA MATO GROSSO-DISTRIBUIDORA DE ENERGIA S/A;Ações Preferenciais;;;ENMT4;;Bolsa;B3;B3 S.A. - Brasil, Bolsa, Balcão.;1994-10-25;;Básico;1994-10-25;
03.758.318/0001-24;2019-01-01;2;85225;INVESTIMENTOS E PARTICIP. EM INFRA S.A. - INVEPAR;Debêntures;;;;;Balcão Organizado;B3;B3 S.A. - Brasil, Bolsa, Balcão.;2015-10-15;;Básico;2015-10-15;
03.758.318/0001-24;2019-01-01;2;85225;INVESTIMENTOS E PARTICIP. EM INFRA S.A. - INVEPAR;Debêntures Conversíveis;;;;;Balcão Organizado;B3;B3 S.A. - Brasil, Bolsa, Balcão.;2017-12-11;;Básico;2017-12-11;
03.758.318/0001-24;2019-01-01;2;85225;INVESTIMENTOS E PARTICIP. EM INFRA S.A. - INVEPAR;Ações Ordinárias;;;IVPR3;;Balcão Organizado;B3;B3 S.A. - Brasil, Bolsa, Balcão.;2000-09-29;;Básico;2000-09-29;
03.758.318/0001-24;2019-01-01;2;85225;INVESTIMENTOS E PARTICIP. EM INFRA S.A. - INVEPAR;Ações Preferenciais;;;IVPR4;;Balcão Organizado;B3;B3 S.A. - Brasil, Bolsa, Balcão.;2000-09-29;;Básico;2000-09-29;
03.767.538/0001-14;2019-01-01;3;82358;BRAZILIAN SECURITIES CIA SECURITIZACAO;Certificados de Recebíveis Imobiliários;;;;;Balcão Não-Organizado;;;2001-03-13;;;2001-03-13;
03.795.050/0001-09;2019-01-01;1;80329;TERMOPERNAMBUCO S.A.;Debêntures;;;;;Bolsa;B3;B3 S.A. - Brasil, Bolsa, Balcão.;2005-11-06;;Básico;2005-11-06;
03.847.461/0001-92;2019-01-01;2;83801;BRADESPAR S.A.;Ações Ordinárias;;;BRAP3;;Bolsa;B3;B3 S.A. - Brasil, Bolsa, Balcão.;2001-06-26;;Nível 1 de Governança Corporativa;2000-08-10;
03.847.461/0001-92;2019-01-01;2;83801;BRADESPAR S.A.;Ações Preferenciais;;;BRAP4;;Bolsa;B3;B3 S.A. - Brasil, Bolsa, Balcão.;2001-06-26;;Nível 1 de Governança Corporativa;2000-08-10;
03.853.896/0001-40;2019-01-01;1;84297;MARFRIG GLOBAL FOODS S.A.;Ações Ordinárias;;;ADR;;Bolsa;B3;B3 S.A. - Brasil, Bolsa, Balcão.;2007-06-29;;Novo Mercado;2007-06-29;
03.983.431/0001-03;2019-01-01;1;80930;EDP - ENERGIAS DO BRASIL S.A.;Ações Ordinárias;;;ENBR3;;Bolsa;B3;B3 S.A. - Brasil, Bolsa, Balcão.;2005-07-05;;Novo Mercado;2005-07-05;
03.983.431/0001-03;2019-01-01;1;80930;EDP - ENERGIAS DO BRASIL S.A.;Debêntures;;;;;Bolsa;B3;B3 S.A. - Brasil, Bolsa, Balcão.;2015-09-15;;Básico;2015-09-15;
03.983.431/0001-03;2019-01-01;1;80930;EDP - ENERGIAS DO BRASIL S.A.;Debêntures;;;;;Balcão Organizado;B3;B3 S.A. - Brasil, Bolsa, Balcão.;2015-09-15;;Básico;2015-09-15;
04.030.182/0001-02;2019-01-01;1;84694;CABINDA PARTICIPACOES S.A.;Ações Ordinárias;;;;;;;;;;;;
04.030.182/0001-02;2019-01-01;1;84694;CABINDA PARTICIPACOES S.A.;Ações Preferenciais;;;;;;;;;;;;
04.031.213/0001-31;2019-01-01;1;84719;CACONDE PARTICIPACOES S.A.;Ações Ordinárias;;;;;;;;;;;;
04.031.213/0001-31;2019-01-01;1;84719;CACONDE PARTICIPACOES S.A.;Ações Preferenciais;;;;;;;;;;;;
04.031.960/0001-70;2019-01-01;1;81149;ANDRADE GUTIERREZ PARTICIPACOES S.A.;Debêntures;;;;;Balcão Organizado;B3;B3 S.A. - Brasil, Bolsa, Balcão.;2012-06-15;;Básico;2012-06-15;
04.032.433/0001-80;2019-01-01;2;84663;LIQ PARTICIPAÇÕES S.A.;Ações Ordinárias;;;LIQO3;;Bolsa;B3;B3 S.A. - Brasil, Bolsa, Balcão.;2016-07-21;;Novo Mercado;2016-07-21;
04.038.763/0001-82;2019-01-01;1;84722;CAIANDA PARTICIPACOES S.A.;Ações Ordinárias;;;;;;;;;;;;
04.038.763/0001-82;2019-01-01;1;84722;CAIANDA PARTICIPACOES S.A.;Ações Preferenciais;;;;;;;;;;;;
04.065.791/0001-99;2019-01-01;3;82598;Sinqia S.A.;Ações Ordinárias;;;SQIA3;;Bolsa;B3;B3 S.A. - Brasil, Bolsa, Balcão.;2017-08-17;;Novo Mercado;2012-05-10;
04.065.791/0001-99;2019-01-01;3;82598;Sinqia S.A.;Debêntures;;;;;Balcão Organizado;B3;B3 S.A. - Brasil, Bolsa, Balcão.;2019-02-21;;Básico;2019-02-21;
04.089.570/0001-50;2019-01-01;1;84090;ÁGUAS GUARIROBA S.A;Debêntures;;;;;Balcão Organizado;B3;B3 S.A. - Brasil, Bolsa, Balcão.;2018-02-15;;Básico;2017-11-17;
04.128.563/0001-10;2019-01-01;1;81008;AES TIETE ENERGIA SA;Ações Ordinárias;;;TIET11;;Bolsa;B3;B3 S.A. - Brasil, Bolsa, Balcão.;2016-01-04;;Nível 2 de Governança Corporativa;2016-01-04;
04.128.563/0001-10;2019-01-01;1;81008;AES TIETE ENERGIA SA;Debêntures;;;;;Balcão Organizado;B3;B3 S.A. - Brasil, Bolsa, Balcão.;2015-12-15;;Básico;2015-12-15;
04.128.563/0001-10;2019-01-01;1;81008;AES TIETE ENERGIA SA;Nota Comercial;;;;;Balcão Organizado;B3;B3 S.A. - Brasil, Bolsa, Balcão.;2017-06-26;;Básico;2017-06-26;
04.149.454/0001-80;2019-01-01;1;84390;ECORODOVIAS INFRAESTRUTURA E LOGÍSTICA S.A.;Ações Ordinárias;;;ECOR3;;Bolsa;B3;B3 S.A. - Brasil, Bolsa, Balcão.;2010-04-01;;Novo Mercado;2010-04-01;
04.370.282/0001-70;2019-01-01;2;85193;COPEL GERAÇÃO E TRANSMISSÃO S.A.;Debêntures;;;;;Balcão Não-Organizado;B3;B3 S.A. - Brasil, Bolsa, Balcão.;;;Básico;2015-05-15;
04.370.282/0001-70;2019-01-01;2;85193;COPEL GERAÇÃO E TRANSMISSÃO S.A.;Nota Comercial;;;;;Balcão Não-Organizado;B3;B3 S.A. - Brasil, Bolsa, Balcão.;;;Básico;2019-05-09;
04.423.567/0001-21;2019-01-01;5;90579;ENEVA S.A;Ações Ordinárias;;;ENEV3;;Bolsa;B3;B3 S.A. - Brasil, Bolsa, Balcão.;2007-12-14;;Novo Mercado;2007-12-14;
04.437.534/0001-30;2019-01-01;3;84077;UNIDAS S.A.;Debêntures;;;;;Balcão Organizado;B3;B3 S.A. - Brasil, Bolsa, Balcão.;2011-10-15;;Básico;2011-10-15;
04.437.534/0001-30;2019-01-01;3;84077;UNIDAS S.A.;Nota Comercial;;;;;Balcão Organizado;B3;B3 S.A. - Brasil, Bolsa, Balcão.;2009-10-05;;Básico;2009-10-05;
04.752.991/0001-10;2019-01-01;4;83738;BIOMM S.A.;Ações Ordinárias;;;BIOM3;;Bolsa;B3;B3 S.A. - Brasil, Bolsa, Balcão.;2014-01-02;;Bovespa Mais;2014-01-02;
04.821.041/0001-08;2019-01-01;1;82590;METALFRIO SOLUTIONS S.A.;Ações Ordinárias;;;FRIO3;;Bolsa;B3;B3 S.A. - Brasil, Bolsa, Balcão.;2007-04-13;;Novo Mercado;2007-04-13;
04.895.728/0001-80;2019-01-01;5;94055;CENTRAIS ELET DO PARA S.A. - CELPA;Ações Ordinárias;;;CELP3;;Bolsa;B3;B3 S.A. - Brasil, Bolsa, Balcão.;1999-08-05;;Básico;1999-08-05;
04.895.728/0001-80;2019-01-01;5;94055;CENTRAIS ELET DO PARA S.A. - CELPA;Ações Preferenciais;PNC;Preferencial Classe C;CELP7;;Bolsa;B3;B3 S.A. - Brasil, Bolsa, Balcão.;1999-08-05;;Básico;1999-08-05;
04.895.728/0001-80;2019-01-01;5;94055;CENTRAIS ELET DO PARA S.A. - CELPA;Ações Preferenciais;PNA;Preferencial Classe A;CELP5;;Bolsa;B3;B3 S.A. - Brasil, Bolsa, Balcão.;1999-08-05;;Básico;1999-08-05;
04.895.728/0001-80;2019-01-01;5;94055;CENTRAIS ELET DO PARA S.A. - CELPA;Ações Preferenciais;PNB;Preferencial Classe B;CELP6;;Bolsa;B3;B3 S.A. - Brasil, Bolsa, Balcão.;1999-08-05;;Básico;1999-08-05;
04.902.979/0001-44;2019-01-01;2;80419;BCO AMAZONIA S.A.;Ações Ordinárias;;;BAZA3;;Bolsa;B3;B3 S.A. - Brasil, Bolsa, Balcão.;1977-07-20;;Básico;1977-07-20;
04.909.479/0001-34;2019-01-01;1;82551;FACEPA FABRICA DE PAPEL DA AMAZONIA S.A.;Ações Ordinárias;;;;;;;;;;;;
04.909.479/0001-34;2019-01-01;1;82551;FACEPA FABRICA DE PAPEL DA AMAZONIA S.A.;Ações Preferenciais;PNC;Preferencial Classe C;;;;;;;;;;
04.909.479/0001-34;2019-01-01;1;82551;FACEPA FABRICA DE PAPEL DA AMAZONIA S.A.;Ações Preferenciais;PNA;Preferencial Classe A;;;;;;;;;;
04.909.479/0001-34;2019-01-01;1;82551;FACEPA FABRICA DE PAPEL DA AMAZONIA S.A.;Ações Preferenciais;PNB;Preferencial Classe B;;;;;;;;;;
04.912.242/0001-02;2019-01-01;1;81245;PORTUENSE FERRAGENS S/A;Ações Ordinárias;;;1212;;Balcão Não-Organizado;;;;;;1985-01-01;
04.913.711/0001-08;2019-01-01;3;84080;BCO ESTADO DO PARA S.A.;Ações Ordinárias;;;BPAR3;;Bolsa;B3;B3 S.A. - Brasil, Bolsa, Balcão.;1977-07-20;;Básico;1977-07-20;
04.986.188/0001-40;2019-01-01;1;82295;AGROINDUSTRIAL VERA CRUZ S.A.;Ações Ordinárias;;;PNC;;Bolsa;B3;B3 S.A. - Brasil, Bolsa, Balcão.;1996-08-15;1996-11-15;Básico;1996-08-15;1996-11-15
04.986.320/0001-13;2019-01-01;3;85375;SER EDUCACIONAL S.A.;Ações Ordinárias;;;SEER3;;Bolsa;B3;B3 S.A. - Brasil, Bolsa, Balcão.;2013-10-29;;Novo Mercado;2013-10-29;
04.992.714/0001-84;2019-01-01;1;82303;Nova Transportadora do Sudeste S.A. - NTS;Debêntures;;;;;Balcão Organizado;B3;B3 S.A. - Brasil, Bolsa, Balcão.;2018-04-26;;Básico;2018-04-26;
05.197.443/0001-38;2019-01-01;3;82579;HAPVIDA PARTICIPAÇÕES E INVESTIMENTOS S.A.;Ações Ordinárias;;;HAPV3;;Bolsa;B3;B3 S.A. - Brasil, Bolsa, Balcão.;2018-04-25;;Novo Mercado;2018-04-25;
05.341.549/0001-63;2019-01-01;2;85245;TARPON INVESTIMENTOS S.A.;Ações Ordinárias;;;TRPN3;;Bolsa;B3;B3 S.A. - Brasil, Bolsa, Balcão.;2009-05-27;2019-06-19;Novo Mercado;2009-05-27;
05.341.549/0001-63;2019-01-01;2;85245;TARPON INVESTIMENTOS S.A.;Ações Ordinárias;;;TRPN3;;Bolsa;B3;B3 S.A. - Brasil, Bolsa, Balcão.;2019-06-19;;Básico;2009-05-27;
05.495.546/0001-84;2019-01-01;2;87222;Litela Participações S.A.;Ações Ordinárias;;;LTLA;;Balcão Organizado;B3;B3 S.A. - Brasil, Bolsa, Balcão.;2019-09-05;;Básico;2019-09-05;
05.721.735/0001-28;2019-01-01;1;81196;WILSON SONS LTD.;Certificados de depósito de valores mobiliários;;;;;Bolsa;B3;B3 S.A. - Brasil, Bolsa, Balcão.;2007-04-25;;Básico;2007-04-25;
05.730.375/0001-20;2019-01-01;2;85658;SMILES FIDELIDADE S.A.;Ações Ordinárias;;;SMLS3;;Bolsa;B3;B3 S.A. - Brasil, Bolsa, Balcão.;2017-10-23;;Novo Mercado;2017-10-23;
05.799.312/0001-20;2019-01-01;2;90095;TERRA SANTA AGRO S.A.;Ações Ordinárias;;;TESA3;;Bolsa;B3;B3 S.A. - Brasil, Bolsa, Balcão.;2006-11-22;;Novo Mercado;2006-11-22;
05.878.397/0001-32;2019-01-01;2;86607;ALIANSCE SONAE SHOPPING CENTERS S.A.;Ações Ordinárias;;;ALSO3;;Bolsa;B3;B3 S.A. - Brasil, Bolsa, Balcão.;2011-02-02;;Novo Mercado;2011-02-02;
05.878.397/0001-32;2019-01-01;2;86607;ALIANSCE SONAE SHOPPING CENTERS S.A.;Debêntures;;;;;Balcão Organizado;B3;B3 S.A. - Brasil, Bolsa, Balcão.;2012-02-15;;Básico;2012-02-15;
06.047.087/0001-39;2019-01-01;2;88764;Rede D'Or São Luiz S.A.;Nota Comercial;;;;;Balcão Organizado;B3;B3 S.A. - Brasil, Bolsa, Balcão.;2018-04-24;2018-04-24;Básico;2018-04-24;
06.047.087/0001-39;2019-01-01;2;88764;Rede D'Or São Luiz S.A.;Debêntures;;;;;Balcão Organizado;B3;B3 S.A. - Brasil, Bolsa, Balcão.;2011-12-10;2011-12-10;Básico;2011-12-10;
06.082.980/0001-03;2019-01-01;2;81493;ALIANSCE SHOPPING CENTERS S.A.;Ações Ordinárias;;;ALSC3;;Bolsa;B3;B3 S.A. - Brasil, Bolsa, Balcão.;2010-01-29;;Novo Mercado;2010-01-29;
06.164.253/0001-87;2019-01-01;2;83892;GOL LINHAS AEREAS INTELIGENTES S.A.;Debêntures;;;;;Balcão Organizado;B3;B3 S.A. - Brasil, Bolsa, Balcão.;2018-10-29;;Básico;2018-10-29;
06.164.253/0001-87;2019-01-01;2;83892;GOL LINHAS AEREAS INTELIGENTES S.A.;Ações Preferenciais;;;GOLL4;;Bolsa;B3;B3 S.A. - Brasil, Bolsa, Balcão.;2004-06-23;;Nível 2 de Governança Corporativa;2004-06-23;
06.272.793/0001-84;2019-01-01;3;94053;CIA ENERGETICA DO MARANHAO - CEMAR;Ações Ordinárias;;;ENMA3B;;Balcão Organizado;B3;B3 S.A. - Brasil, Bolsa, Balcão.;1997-11-13;;Básico;1997-11-13;
06.626.253/0001-51;2019-01-01;2;84146;EMPREENDIMENTOS PAGUE MENOS S.A.;Debêntures;;;;;Balcão Organizado;B3;B3 S.A. - Brasil, Bolsa, Balcão.;2019-02-11;;Básico;2019-02-11;
06.948.969/0001-75;2019-01-01;5;85280;LINX S.A.;Ações Ordinárias;;;LINX3;;Bolsa;B3;B3 S.A. - Brasil, Bolsa, Balcão.;2013-02-08;;Novo Mercado;2013-02-08;
06.977.745/0001-91;2019-01-01;1;81203;BR MALLS PARTICIPACOES S.A.;Ações Ordinárias;;;BRML3;;Bolsa;B3;B3 S.A. - Brasil, Bolsa, Balcão.;2006-01-04;;Novo Mercado;2006-01-04;
06.977.751/0001-49;2019-01-01;2;84577;BR PROPERTIES S.A.;Ações Ordinárias;;;BR3;;Bolsa;B3;B3 S.A. - Brasil, Bolsa, Balcão.;2010-10-07;;Novo Mercado;2010-10-07;
06.977.751/0001-49;2019-01-01;2;84577;BR PROPERTIES S.A.;Debêntures;;;BR3;;Balcão Organizado;B3;B3 S.A. - Brasil, Bolsa, Balcão.;2012-07-15;;Básico;2012-07-15;
06.981.381/0001-13;2019-01-01;3;92204;CTC - CENTRO DE TECNOLOGIA CANAVIEIRA S.A.;Ações Ordinárias;;;CTCA3;;;;;;;;;
07.021.459/0001-10;2019-01-01;2;83197;BETA SECURITIZADORA S.A.;Certificados de Recebíveis Imobiliários;;;;;Balcão Organizado;B3;B3 S.A. - Brasil, Bolsa, Balcão.;2005-06-01;;Básico;2005-06-01;
07.021.459/0001-10;2019-01-01;2;83197;BETA SECURITIZADORA S.A.;Certificado de Recebíveis do Agronegócio;;;;;Balcão Organizado;B3;B3 S.A. - Brasil, Bolsa, Balcão.;2005-06-01;;Básico;2005-06-01;
07.040.108/0001-57;2019-01-01;3;90091;CAGECE - CIA DE AGUA E ESGOTO DO CEARA;Ações Ordinárias;;;;;;;;;;;;
07.040.108/0001-57;2019-01-01;3;90091;CAGECE - CIA DE AGUA E ESGOTO DO CEARA;Ações Preferenciais;;;;;;;;;;;;
07.043.628/0001-13;2019-01-01;5;87063;CLARO TELECOM PARTICIPAÇÕES S.A.;Ações Ordinárias;;;;;;;;;;;;
07.047.251/0001-70;2019-01-01;2;85235;CIA ENERGETICA DO CEARA - COELCE;Ações Ordinárias;;;COCE3;;Bolsa;B3;B3 S.A. - Brasil, Bolsa, Balcão.;1995-10-09;;Básico;1995-10-09;
07.047.251/0001-70;2019-01-01;2;85235;CIA ENERGETICA DO CEARA - COELCE;Ações Preferenciais;PNA;Preferencial Classe A;COCE5;;Bolsa;B3;B3 S.A. - Brasil, Bolsa, Balcão.;1995-10-09;;Básico;1995-10-09;
07.119.838/0001-48;2019-01-01;2;83802;BRAZIL REALTY CIA SECURIT. CRÉD. IMOBILIÁRIOS;Certificados de Recebíveis Imobiliários;;;;;Balcão Não-Organizado;B3;B3 S.A. - Brasil, Bolsa, Balcão.;2007-05-08;;Básico;2007-05-08;
07.206.816/0001-15;2019-01-01;2;89946;M.DIAS BRANCO S.A. IND COM DE ALIMENTOS;Ações Ordinárias;;;MDIA3;;Bolsa;B3;B3 S.A. - Brasil, Bolsa, Balcão.;2006-10-18;;Novo Mercado;2006-10-18;
07.237.373/0001-20;2019-01-01;5;89828;BCO NORDESTE DO BRASIL S.A.;Ações Ordinárias;;;BNBR3;;Bolsa;B3;B3 S.A. - Brasil, Bolsa, Balcão.;1968-05-02;;Básico;1968-05-02;
07.275.159/0001-68;2019-01-01;1;82619;PETROLEO LUB DO NORDESTE SA;Ações Ordinárias;;;;;;;;;;;;
07.282.377/0001-20;2019-01-01;3;92695;ENERGISA SUL-SUDESTE - DISTRIBUIDORA DE ENERGIA S/A;Debêntures;;;;;Balcão Não-Organizado;B3;B3 S.A. - Brasil, Bolsa, Balcão.;2018-09-15;;Básico;2018-09-15;
07.334.600/0001-35;2019-01-01;2;83822;MARINA DE IRACEMA PARK SA;Debêntures;;;;;;;;;;;;
07.437.016/0001-05;2019-01-01;1;84862;CINESYSTEM S.A.;Ações Ordinárias;;;;;;;;;;;;
07.526.557/0001-00;2019-01-01;2;84288;AMBEV S.A.;Ações Ordinárias;;;ABEV3;;Bolsa;B3;B3 S.A. - Brasil, Bolsa, Balcão.;2013-11-11;;Básico;2013-10-31;
07.526.557/0001-00;2019-01-01;2;84288;AMBEV S.A.;Debêntures;;;;;Balcão Organizado;B3;B3 S.A. - Brasil, Bolsa, Balcão.;2015-11-04;;Básico;2015-11-04;
07.594.978/0001-78;2019-01-01;1;83700;SMARTFIT ESCOLA DE GINÁSTICA E DANÇA S.A.;Debêntures;;;SBIO11;;Balcão Organizado;B3;B3 S.A. - Brasil, Bolsa, Balcão.;2017-10-20;;Básico;2017-10-20;
07.594.978/0001-78;2019-01-01;1;83700;SMARTFIT ESCOLA DE GINÁSTICA E DANÇA S.A.;Ações Ordinárias;;;SMFT;;Bolsa;B3;B3 S.A. - Brasil, Bolsa, Balcão.;2018-02-26;;Bovespa Mais N2;2018-02-15;
07.594.978/0001-78;2019-01-01;1;83700;SMARTFIT ESCOLA DE GINÁSTICA E DANÇA S.A.;Ações Preferenciais;PNG;Preferencial Classe G;SMFT;;Bolsa;B3;B3 S.A. - Brasil, Bolsa, Balcão.;2018-02-26;;Bovespa Mais N2;2018-02-15;
07.594.978/0001-78;2019-01-01;1;83700;SMARTFIT ESCOLA DE GINÁSTICA E DANÇA S.A.;Ações Preferenciais;PNB;Preferencial Classe B;SMFT;;Bolsa;B3;B3 S.A. - Brasil, Bolsa, Balcão.;2018-02-26;;Bovespa Mais N2;2018-02-15;
07.594.978/0001-78;2019-01-01;1;83700;SMARTFIT ESCOLA DE GINÁSTICA E DANÇA S.A.;Ações Preferenciais;PNE;Preferencial Classe E;SMFT;;Bolsa;B3;B3 S.A. - Brasil, Bolsa, Balcão.;2018-02-26;;Bovespa Mais N2;2018-02-15;
07.628.528/0001-59;2019-01-01;1;84806;BRASILAGRO - CIA BRAS DE PROP AGRICOLAS;Bônus de Subscrição;;;;;Balcão Não-Organizado;;;;;;2006-04-25;
07.628.528/0001-59;2019-01-01;1;84806;BRASILAGRO - CIA BRAS DE PROP AGRICOLAS;Ações Ordinárias;;;AGRO3;;Bolsa;B3;B3 S.A. - Brasil, Bolsa, Balcão.;2006-05-02;;Novo Mercado;2006-05-02;
07.689.002/0001-89;2019-01-01;1;80177;EMBRAER S.A.;Ações Ordinárias;;;EMBR3;;Bolsa;B3;B3 S.A. - Brasil, Bolsa, Balcão.;2006-05-23;;Novo Mercado;2006-05-23;
07.718.269/0001-57;2019-01-01;2;88904;SPRINGS GLOBAL PARTICIPACOES S.A.;Ações Ordinárias;;;SGPS3;;Bolsa;B3;B3 S.A. - Brasil, Bolsa, Balcão.;2010-01-01;;Novo Mercado;2010-01-01;
07.816.890/0001-53;2019-01-01;1;80807;MULTIPLAN - EMPREEND IMOBILIARIOS S.A.;Ações Ordinárias;;;MULT3;;Bolsa;B3;B3 S.A. - Brasil, Bolsa, Balcão.;2007-07-27;;Nível 2 de Governança Corporativa;2007-07-27;
07.816.890/0001-53;2019-01-01;1;80807;MULTIPLAN - EMPREEND IMOBILIARIOS S.A.;Debêntures;;;;;Balcão Organizado;B3;B3 S.A. - Brasil, Bolsa, Balcão.;2014-10-15;;Básico;2014-10-15;
07.820.907/0001-46;2019-01-01;2;90601;CR2 EMPREENDIMENTOS IMOBILIARIOS S.A.;Ações Ordinárias;;;CRDE3;;Bolsa;B3;B3 S.A. - Brasil, Bolsa, Balcão.;2007-04-23;;Novo Mercado;2007-04-23;
07.857.850/0001-50;2019-01-01;3;92577;GP INVESTMENTS, LTD.;Certificados de depósito de valores mobiliários;;;;;Bolsa;B3;B3 S.A. - Brasil, Bolsa, Balcão.;2006-05-30;;Básico;2006-05-30;
07.859.510/0001-68;2019-01-01;1;82388;JHSF MALLS S.A.;Debêntures;;;;;Balcão Organizado;B3;B3 S.A. - Brasil, Bolsa, Balcão.;2013-12-18;;Básico;2013-12-18;
07.859.971/0001-30;2019-01-01;1;84842;TRANSMISSORA ALIANÇA DE ENERGIA ELÉTRICA S.A.;Ações Ordinárias;;;TAEE3;;Bolsa;B3;B3 S.A. - Brasil, Bolsa, Balcão.;2006-10-27;;Nível 2 de Governança Corporativa;2006-10-26;
07.859.971/0001-30;2019-01-01;1;84842;TRANSMISSORA ALIANÇA DE ENERGIA ELÉTRICA S.A.;Debêntures;;;;;Balcão Organizado;B3;B3 S.A. - Brasil, Bolsa, Balcão.;2012-10-15;;Básico;2012-10-15;
07.859.971/0001-30;2019-01-01;1;84842;TRANSMISSORA ALIANÇA DE ENERGIA ELÉTRICA S.A.;Ações Preferenciais;;;TAEE4;;Bolsa;B3;B3 S.A. - Brasil, Bolsa, Balcão.;2006-10-27;;Nível 2 de Governança Corporativa;2006-10-26;
07.859.971/0001-30;2019-01-01;1;84842;TRANSMISSORA ALIANÇA DE ENERGIA ELÉTRICA S.A.;Units;;;TAEE11;1 ON / 2 PN;Bolsa;B3;B3 S.A. - Brasil, Bolsa, Balcão.;2006-10-27;;Nível 2 de Governança Corporativa;2006-10-26;
07.882.930/0001-65;2019-01-01;1;89951;Mitre Realty Empreendimentos e Participações S.A.;Ações Ordinárias;;;0000;;Bolsa;B3;B3 S.A. - Brasil, Bolsa, Balcão.;2019-11-29;;Novo Mercado;2019-11-29;
07.950.674/0001-04;2019-01-01;5;92223;CCX CARVÃO DA COLÔMBIA S.A. - EM LIQUIDAÇÃO;Ações Ordinárias;;;CCXC3;;Bolsa;B3;B3 S.A. - Brasil, Bolsa, Balcão.;2012-12-21;;Novo Mercado;2012-12-21;
08.065.557/0001-12;2019-01-01;1;80337;TECNISA S.A.;Ações Ordinárias;;;TCSA3;;Bolsa;B3;B3 S.A. - Brasil, Bolsa, Balcão.;2007-02-01;;Novo Mercado;2007-02-01;
08.065.557/0001-12;2019-01-01;1;80337;TECNISA S.A.;Debêntures;;;;;Balcão Organizado;B3;B3 S.A. - Brasil, Bolsa, Balcão.;2018-10-05;;Básico;2018-09-14;
08.078.847/0001-09;2019-01-01;1;83091;LPS BRASIL - CONSULTORIA DE IMOVEIS S.A.;Ações Ordinárias;;;LPSB3;;Bolsa;B3;B3 S.A. - Brasil, Bolsa, Balcão.;2006-12-18;;Novo Mercado;2006-12-18;
08.159.965/0001-33;2019-01-01;1;84357;IGUA SANEAMENTO S.A.;Ações Ordinárias;;;023175;;Bolsa;B3;B3 S.A. - Brasil, Bolsa, Balcão.;2013-05-13;;Bovespa Mais;2013-05-13;
08.294.224/0001-65;2019-01-01;1;82386;JHSF PARTICIPACOES S.A.;Ações Ordinárias;;;JHSF3;;Bolsa;B3;B3 S.A. - Brasil, Bolsa, Balcão.;2007-04-11;;Novo Mercado;2007-04-11;
08.312.229/0001-73;2019-01-01;1;84744;EZ TEC EMPREEND. E PARTICIPACOES S.A.;Ações Ordinárias;;;EZTC3;;Bolsa;B3;B3 S.A. - Brasil, Bolsa, Balcão.;2007-06-27;;Novo Mercado;2007-06-27;
08.324.196/0001-81;2019-01-01;2;82350;CIA ENERGETICA DO RIO GDE NORTE - COSERN;Ações Ordinárias;;;CSRN3;;Bolsa;B3;B3 S.A. - Brasil, Bolsa, Balcão.;1999-05-17;;Básico;1999-05-17;
08.324.196/0001-81;2019-01-01;2;82350;CIA ENERGETICA DO RIO GDE NORTE - COSERN;Debêntures;;;;;Bolsa;B3;B3 S.A. - Brasil, Bolsa, Balcão.;2007-12-01;;Básico;2007-12-01;
08.324.196/0001-81;2019-01-01;2;82350;CIA ENERGETICA DO RIO GDE NORTE - COSERN;Ações Preferenciais;PNB;Preferencial Classe B;CSRN6;;Bolsa;B3;B3 S.A. - Brasil, Bolsa, Balcão.;1999-05-17;;Básico;1999-05-17;
08.324.196/0001-81;2019-01-01;2;82350;CIA ENERGETICA DO RIO GDE NORTE - COSERN;Ações Preferenciais;PNA;Preferencial Classe A;CSRN5;;Bolsa;B3;B3 S.A. - Brasil, Bolsa, Balcão.;1999-05-17;;Básico;1999-05-17;
08.343.492/0001-20;2019-01-01;1;81342;MRV ENGENHARIA E PARTICIPACOES S.A.;Ações Ordinárias;;;MRVE3;;Bolsa;B3;B3 S.A. - Brasil, Bolsa, Balcão.;2007-07-23;;Novo Mercado;2007-07-23;
08.343.492/0001-20;2019-01-01;1;81342;MRV ENGENHARIA E PARTICIPACOES S.A.;Debêntures;;;;;Balcão Não-Organizado;;;;;;2008-07-29;
08.364.948/0001-38;2019-01-01;3;88771;ALUPAR INVESTIMENTO S/A;Units;;;ALUP11;1 ON E 2 PN;Bolsa;B3;B3 S.A. - Brasil, Bolsa, Balcão.;2013-04-23;;Nível 2 de Governança Corporativa;2013-04-23;
08.402.943/0001-52;2019-01-01;2;85622;GUARARAPES CONFECCOES S.A.;Ações Ordinárias;;;GUAR3;;Bolsa;B3;B3 S.A. - Brasil, Bolsa, Balcão.;1973-05-14;;Básico;1972-01-03;
08.424.178/0001-71;2019-01-01;1;84000;TECBLU TECELAGEM BLUMENAU S.A.;Ações Preferenciais;PNA;Preferencial Classe A;11215;;Balcão Não-Organizado;;;;;;2017-03-02;
08.439.659/0001-50;2019-01-01;6;92190;CPFL ENERGIAS RENOVÁVEIS S.A.;Ações Ordinárias;;;CPRE3;;Bolsa;B3;B3 S.A. - Brasil, Bolsa, Balcão.;2013-07-19;;Novo Mercado;2013-07-19;
08.439.659/0001-50;2019-01-01;6;92190;CPFL ENERGIAS RENOVÁVEIS S.A.;Debêntures;;;CPRE3;;Balcão Organizado;B3;B3 S.A. - Brasil, Bolsa, Balcão.;2012-06-15;;Básico;2012-06-15;
08.467.115/0001-00;2019-01-01;6;89902;CIA ESTADUAL DE DISTRIB ENER ELET-CEEE-D;Ações Ordinárias;;;CEED3;;Bolsa;B3;B3 S.A. - Brasil, Bolsa, Balcão.;2010-12-23;;Nível 1 de Governança Corporativa;2010-12-23;
08.467.115/0001-00;2019-01-01;6;89902;CIA ESTADUAL DE DISTRIB ENER ELET-CEEE-D;Ações Preferenciais;;;CEED4;;Bolsa;B3;B3 S.A. - Brasil, Bolsa, Balcão.;2010-12-23;;Nível 1 de Governança Corporativa;2010-12-23;
08.534.605/0001-74;2019-01-01;4;94653;RENOVA ENERGIA S.A. - EM RECUPERAÇÃO JUDICIAL;Units;;;RNEW11;1 ação ON + 2 ações PN;Bolsa;B3;B3 S.A. - Brasil, Bolsa, Balcão.;2010-07-13;;Nível 2 de Governança Corporativa;2010-07-13;
08.560.444/0001-93;2019-01-01;2;90931;CIA CELG DE PARTICIPACOES - CELGPAR;Ações Ordinárias;;;GPAR3;;Bolsa;B3;B3 S.A. - Brasil, Bolsa, Balcão.;2008-03-14;;Básico;2008-03-14;
08.574.411/0001-00;2019-01-01;1;83849;PRÁTICA KLIMAQUIP INDÚSTRIA E COMÉRCIO S.A.;Ações Ordinárias;;;PTCA3;;Bolsa;B3;B3 S.A. - Brasil, Bolsa, Balcão.;2018-10-04;;Bovespa Mais N2;2018-09-27;
08.574.411/0001-00;2019-01-01;1;83849;PRÁTICA KLIMAQUIP INDÚSTRIA E COMÉRCIO S.A.;Ações Preferenciais;;;PTCA11;;Bolsa;B3;B3 S.A. - Brasil, Bolsa, Balcão.;2018-10-04;;Bovespa Mais N2;2018-09-27;
08.613.550/0001-98;2019-01-01;1;84812;BRASIL BROKERS PARTICIPACOES S.A.;Ações Ordinárias;;;BBRK3;;Bolsa;B3;B3 S.A. - Brasil, Bolsa, Balcão.;2007-10-29;;Novo Mercado;2007-10-29;
08.764.621/0001-53;2019-01-01;1;82261;GENERAL SHOPPING E OUTLETS DO BRASIL S.A.;Ações Ordinárias;;;GSHP3;;Bolsa;B3;B3 S.A. - Brasil, Bolsa, Balcão.;2007-07-27;;Novo Mercado;2007-07-27;
08.764.621/0001-53;2019-01-01;1;82261;GENERAL SHOPPING E OUTLETS DO BRASIL S.A.;Debêntures;;;;;Balcão Organizado;B3;B3 S.A. - Brasil, Bolsa, Balcão.;2019-04-09;;Básico;2019-04-09;
08.769.451/0001-08;2019-01-01;3;88418;ISEC SECURITIZADORA S.A.;Certificado de Recebíveis do Agronegócio;;;;;Balcão Organizado;B3;B3 S.A. - Brasil, Bolsa, Balcão.;2017-07-19;;Básico;2017-07-19;
08.769.451/0001-08;2019-01-01;3;88418;ISEC SECURITIZADORA S.A.;Certificados de Recebíveis Imobiliários;;;;;Balcão Organizado;B3;B3 S.A. - Brasil, Bolsa, Balcão.;2012-12-28;;Básico;2012-12-28;
08.773.191/0001-36;2019-01-01;2;86650;BRASILIANA PARTICIPAÇÕES S/A;Ações Ordinárias;;;;;;;;;;;;
08.795.211/0001-70;2019-01-01;1;81604;MAESTRO LOCADORA DE VEICULOS S.A.;Debêntures;;;;;Balcão Organizado;B3;B3 S.A. - Brasil, Bolsa, Balcão.;2015-05-26;;Básico;2015-05-26;
08.801.621/0001-86;2019-01-01;3;88577;CYRELA COMMERCIAL PROPERT S.A. EMPR PART;Ações Ordinárias;;;CCPR3;;Balcão Não-Organizado;;;;;;2007-08-09;
08.801.621/0001-86;2019-01-01;3;88577;CYRELA COMMERCIAL PROPERT S.A. EMPR PART;Debêntures;;;;;Balcão Organizado;B3;B3 S.A. - Brasil, Bolsa, Balcão.;2010-03-15;;Básico;2010-03-15;
08.807.432/0001-10;2019-01-01;3;89715;ESTACIO PARTICIPACOES S.A.;Ações Ordinárias;;;YDUQ3;;Bolsa;B3;B3 S.A. - Brasil, Bolsa, Balcão.;2008-06-13;;Novo Mercado;2007-07-30;
08.807.432/0001-10;2019-01-01;3;89715;ESTACIO PARTICIPACOES S.A.;Debêntures;;;;;Balcão Organizado;B3;B3 S.A. - Brasil, Bolsa, Balcão.;2011-11-25;;Básico;2011-11-25;
08.811.643/0001-27;2019-01-01;1;80069;TRISUL S.A.;Ações Ordinárias;;;21130;;Bolsa;B3;B3 S.A. - Brasil, Bolsa, Balcão.;2007-10-15;;Novo Mercado;2007-10-15;
08.811.643/0001-27;2019-01-01;1;80069;TRISUL S.A.;Debêntures;;;;;Balcão Organizado;B3;B3 S.A. - Brasil, Bolsa, Balcão.;2008-07-25;;Básico;2008-07-25;
08.811.643/0001-27;2019-01-01;1;80069;TRISUL S.A.;Nota Comercial;;;;;Balcão Organizado;B3;B3 S.A. - Brasil, Bolsa, Balcão.;2013-05-22;;Básico;2013-05-22;
08.822.767/0001-08;2019-01-01;1;84011;CONCESSIONÁRIA DA RODOVIA MG-050 S.A.;Debêntures;;;;;Balcão Organizado;B3;B3 S.A. - Brasil, Bolsa, Balcão.;2017-03-06;;Básico;2017-03-06;
08.827.501/0001-58;2019-01-01;1;84091;AEGEA SANEAMENTO E PARTICIPAÇÕES S.A.;Debêntures;;;;;Balcão Organizado;B3;B3 S.A. - Brasil, Bolsa, Balcão.;2018-10-24;;Básico;2018-07-26;
08.884.213/0001-35;2019-01-01;3;83573;BCO PATAGONIA S.A.;Certificados de depósito de valores mobiliários;;;;;Bolsa;B3;B3 S.A. - Brasil, Bolsa, Balcão.;2007-07-09;;Básico;2007-07-09;
08.903.116/0001-42;2019-01-01;1;83938;NOVA SECURITIZACAO S.A.;Certificados de Recebíveis Imobiliários;;;;;Balcão Organizado;B3;B3 S.A. - Brasil, Bolsa, Balcão.;2011-09-30;;Básico;2011-09-30;
08.903.116/0001-42;2019-01-01;1;83938;NOVA SECURITIZACAO S.A.;Certificado de Recebíveis do Agronegócio;;;;;Balcão Organizado;B3;B3 S.A. - Brasil, Bolsa, Balcão.;2011-09-30;;Básico;2011-09-30;
08.926.302/0001-05;2019-01-01;1;81358;DOMMO ENERGIA S.A.;Ações Ordinárias;;;DMMO;;Bolsa;B3;B3 S.A. - Brasil, Bolsa, Balcão.;2014-12-29;;Básico;2014-09-17;
09.041.168/0001-10;2019-01-01;4;88690;LOG COMMERCIAL PROPERTIES E PARTICIPAÇÕES;Ações Ordinárias;;;LOGG3;;Bolsa;B3;B3 S.A. - Brasil, Bolsa, Balcão.;2018-12-21;;Novo Mercado;2018-12-21;
09.054.385/0001-44;2019-01-01;1;84746;INBRANDS S.A.;Debêntures;;;;;Balcão Organizado;B3;B3 S.A. - Brasil, Bolsa, Balcão.;2016-08-12;;Básico;2016-08-12;
09.112.685/0001-32;2019-01-01;2;90647;OSX BRASIL S.A.;Ações Ordinárias;;;OSXB3;;Bolsa;B3;B3 S.A. - Brasil, Bolsa, Balcão.;2010-03-22;;Novo Mercado;2010-03-22;
09.116.278/0001-01;2019-01-01;1;84234;CONPEL CIA NORDESTINA PAPEL;Ações Ordinárias;;;468-5;;Balcão Não-Organizado;;;;;;1977-07-20;1977-07-20
09.149.503/0001-06;2019-01-01;1;80525;OMEGA GERAÇÃO S.A.;Ações Ordinárias;;;OMGE3;;Bolsa;B3;B3 S.A. - Brasil, Bolsa, Balcão.;2017-07-31;;Novo Mercado;2017-07-31;
09.288.252/0001-32;2019-01-01;1;84440;ANIMA HOLDING S.A.;Ações Ordinárias;;;ANIM3;;Bolsa;B3;B3 S.A. - Brasil, Bolsa, Balcão.;2013-10-28;;Novo Mercado;2013-10-28;
09.288.252/0001-32;2019-01-01;1;84440;ANIMA HOLDING S.A.;Debêntures;;;;;Bolsa;B3;B3 S.A. - Brasil, Bolsa, Balcão.;2018-05-29;;Novo Mercado;2018-05-29;
09.295.063/0001-97;2019-01-01;2;90279;TECHNOS S.A.;Ações Ordinárias;;;TECN3;;Bolsa;B3;B3 S.A. - Brasil, Bolsa, Balcão.;2011-07-01;;Novo Mercado;2011-07-01;
09.305.994/0001-29;2019-01-01;2;89238;AZUL S.A.;Ações Preferenciais;;;AZUL4;;Bolsa;B3;B3 S.A. - Brasil, Bolsa, Balcão.;2017-04-11;;Nível 2 de Governança Corporativa;2017-04-11;
09.346.601/0001-25;2019-01-01;1;84443;B3 S.A. - BRASIL, BOLSA, BALCÃO;Ações Ordinárias;;;B3SA3;;Bolsa;B3;B3 S.A. - Brasil, Bolsa, Balcão.;2008-08-20;;Novo Mercado;2008-08-20;
09.346.601/0001-25;2019-01-01;1;84443;B3 S.A. - BRASIL, BOLSA, BALCÃO;Debêntures;;;BVMF11;;Balcão Organizado;B3;B3 S.A. - Brasil, Bolsa, Balcão.;2016-12-14;;Básico;2016-12-14;
09.611.768/0001-76;2019-01-01;1;82624;INTER CONSTRUTORA E INCORPORADORA S.A.;Ações Ordinárias;;;INNT3;;Bolsa;B3;B3 S.A. - Brasil, Bolsa, Balcão.;2018-03-02;;Bovespa Mais;2018-02-26;
10.215.988/0001-60;2019-01-01;5;89718;CIA LOCAÇÃO DAS AMÉRICAS;Ações Ordinárias;;;LCAM3;;Bolsa;B3;B3 S.A. - Brasil, Bolsa, Balcão.;2012-04-23;;Novo Mercado;2012-04-23;
10.324.624/0001-18;2019-01-01;2;89368;CONCESSÃO METROVIÁRIA DO RIO DE JANEIRO S.A.;Debêntures;;;;;Balcão Organizado;B3;B3 S.A. - Brasil, Bolsa, Balcão.;2018-03-12;;Básico;2018-03-12;
10.338.320/0001-00;2019-01-01;2;82357;AFLUENTE TRANSMISSÃO DE ENERGIA ELÉTRICA S/A;Ações Ordinárias;;;AFLT3;;Bolsa;B3;B3 S.A. - Brasil, Bolsa, Balcão.;2010-10-25;;Básico;2010-10-25;
10.345.009/0001-98;2019-01-01;2;84534;ADVANCED DIGITAL HEALTH MEDICINA PREVENTIVA S.A.;Ações Ordinárias;;;021725;;Bolsa;B3;B3 S.A. - Brasil, Bolsa, Balcão.;2009-12-17;;Básico;2009-12-17;
10.488.244/0001-19;2019-01-01;1;84793;INFRASEC SECURITIZADORA S.A.;Certificados de Recebíveis Imobiliários;;;;;Balcão Organizado;B3;B3 S.A. - Brasil, Bolsa, Balcão.;2011-04-14;;Básico;2011-04-14;
10.502.676/0001-37;2019-01-01;1;84442;TERMELÉTRICA PERNAMBUCO III S.A.;Debêntures;;;;;Bolsa;B3;B3 S.A. - Brasil, Bolsa, Balcão.;2013-12-20;;Básico;2013-12-20;
10.531.501/0001-58;2019-01-01;2;85309;CONC AUTO RAPOSO TAVARES S.A.;Debêntures;;;;;Balcão Não-Organizado;B3;B3 S.A. - Brasil, Bolsa, Balcão.;2012-12-15;;Básico;2012-12-15;
10.531.501/0001-58;2019-01-01;2;85309;CONC AUTO RAPOSO TAVARES S.A.;Debêntures;;;;;Balcão Organizado;B3;B3 S.A. - Brasil, Bolsa, Balcão.;2012-12-15;;Básico;2012-12-15;
10.608.405/0001-60;2019-01-01;5;89109;BARI SECURITIZADORA S.A.;Certificados de Recebíveis Imobiliários;;;;;Balcão Organizado;B3;B3 S.A. - Brasil, Bolsa, Balcão.;2013-12-15;;Básico;2013-12-15;
10.629.105/0001-68;2019-01-01;4;92264;PETRO RIO S.A.;Ações Ordinárias;;;PRIO3;;Bolsa;B3;B3 S.A. - Brasil, Bolsa, Balcão.;2010-10-25;;Novo Mercado;2010-10-25;
10.753.164/0001-43;2019-01-01;1;81512;ECO SECURITIZADORA DIREITOS CRED AGRONEGÓCIO S.A.;Certificado de Recebíveis do Agronegócio;;;;;Balcão Organizado;B3;B3 S.A. - Brasil, Bolsa, Balcão.;2010-07-30;;Básico;2010-07-30;
10.760.260/0001-19;2019-01-01;2;89316;CVC BRASIL OPERADORA E AGÊNCIA DE VIAGENS S.A.;Ações Ordinárias;;;CVCB3;;Bolsa;B3;B3 S.A. - Brasil, Bolsa, Balcão.;2013-12-09;;Novo Mercado;2013-12-09;
10.835.932/0001-08;2019-01-01;2;82355;CIA ENERGETICA DE PERNAMBUCO - CELPE;Ações Ordinárias;;;CEPE3;;Bolsa;B3;B3 S.A. - Brasil, Bolsa, Balcão.;1998-05-27;;Básico;1998-05-27;
10.835.932/0001-08;2019-01-01;2;82355;CIA ENERGETICA DE PERNAMBUCO - CELPE;Debêntures;;;;;Bolsa;B3;B3 S.A. - Brasil, Bolsa, Balcão.;2005-08-01;;Básico;2005-08-01;
10.835.932/0001-08;2019-01-01;2;82355;CIA ENERGETICA DE PERNAMBUCO - CELPE;Ações Preferenciais;PNA;Preferencial Classe A;CEPE5;;Bolsa;B3;B3 S.A. - Brasil, Bolsa, Balcão.;1998-05-27;;Básico;1998-05-27;
10.835.932/0001-08;2019-01-01;2;82355;CIA ENERGETICA DE PERNAMBUCO - CELPE;Ações Preferenciais;PNB;Preferencial Classe B;CEPE6;;Bolsa;B3;B3 S.A. - Brasil, Bolsa, Balcão.;1998-05-27;;Básico;1998-05-27;
10.851.805/0001-00;2019-01-01;2;82407;FLEX GESTÃO DE RELACIONAMENTOS S.A.;Ações Ordinárias;;;FLEX;;Bolsa;B3;B3 S.A. - Brasil, Bolsa, Balcão.;2018-03-01;;Bovespa Mais;2018-03-01;
11.094.546/0001-75;2019-01-01;3;82093;MULTIPLUS S.A.;Ações Ordinárias;;;MPLU3;;Bolsa;B3;B3 S.A. - Brasil, Bolsa, Balcão.;2010-02-04;;Novo Mercado;2010-02-04;
11.102.250/0001-59;2019-01-01;4;87327;BR HOME CENTERS S.A.;Ações Ordinárias;;;;;;;;;;;;
11.274.829/0001-07;2019-01-01;3;89176;COMPANHIA PAULISTA DE SECURITIZAÇÃO;Debêntures;;;;;Balcão Organizado;B3;B3 S.A. - Brasil, Bolsa, Balcão.;2014-12-30;;Básico;2014-12-30;
11.395.624/0001-71;2019-01-01;1;84705;BRASIL PHARMA S.A. - EM RECUPERAÇÃO JUDICIAL;Ações Ordinárias;;;BPHA3;;Bolsa;B3;B3 S.A. - Brasil, Bolsa, Balcão.;2011-06-22;;Novo Mercado;2011-06-22;
11.669.021/0001-10;2019-01-01;3;83916;ENAUTA PARTICIPAÇÕES S.A.;Ações Ordinárias;;;ENAT3;;Bolsa;B3;B3 S.A. - Brasil, Bolsa, Balcão.;2011-02-11;;Novo Mercado;2011-02-11;
11.716.471/0001-17;2019-01-01;3;87334;TRX SECURITIZADORA S.A.;Certificados de Recebíveis Imobiliários;;;;;Balcão Organizado;B3;B3 S.A. - Brasil, Bolsa, Balcão.;2011-10-10;;Básico;2011-10-10;
11.721.921/0001-60;2019-01-01;1;83384;Alper Consultoria e Corretora de Seguros S.A.;Ações Ordinárias;;;APER3;;Bolsa;B3;B3 S.A. - Brasil, Bolsa, Balcão.;2010-10-28;;Novo Mercado;2010-10-28;
11.725.176/0001-27;2019-01-01;1;90073;Boa Vista Serviços S.A.;Debêntures;;;;;Balcão Organizado;B3;B3 S.A. - Brasil, Bolsa, Balcão.;2018-12-20;;Básico;2018-12-20;
11.992.680/0001-93;2019-01-01;1;84126;QUALICORP CONSULTORIA E CORRETORA DE SEGUROS S.A.;Ações Ordinárias;;;QUAL3;;Bolsa;B3;B3 S.A. - Brasil, Bolsa, Balcão.;2011-06-28;;Novo Mercado;2011-06-28;
12.049.631/0001-84;2019-01-01;2;89986;MOURA DUBEUX ENGENHARIA S/A;Debêntures;;;;;Balcão Organizado;B3;B3 S.A. - Brasil, Bolsa, Balcão.;2010-10-27;;Básico;2010-10-27;
12.130.744/0001-00;2019-01-01;2;84857;TRUE SECURITIZADORA S.A.;Certificado de Recebíveis do Agronegócio;;;;;Balcão Não-Organizado;B3;B3 S.A. - Brasil, Bolsa, Balcão.;2016-08-19;;Básico;2016-08-19;
12.130.744/0001-00;2019-01-01;2;84857;TRUE SECURITIZADORA S.A.;Certificados de Recebíveis Imobiliários;;;;;Balcão Não-Organizado;B3;B3 S.A. - Brasil, Bolsa, Balcão.;2013-01-15;;Básico;2013-01-15;
12.300.288/0001-07;2019-01-01;1;94802;NORTE ENERGIA S.A.;Debêntures;;;;;Balcão Organizado;B3;B3 S.A. - Brasil, Bolsa, Balcão.;2020-06-29;;Básico;2020-06-29;
12.320.349/0001-90;2019-01-01;2;88691;OURINVEST SECURITIZADORA SA;Certificados de Recebíveis Imobiliários;;;;;Balcão Organizado;B3;B3 S.A. - Brasil, Bolsa, Balcão.;2016-08-19;;Básico;2016-08-19;
12.320.349/0001-90;2019-01-01;2;88691;OURINVEST SECURITIZADORA SA;Certificado de Recebíveis do Agronegócio;;;;;Balcão Organizado;B3;B3 S.A. - Brasil, Bolsa, Balcão.;2016-12-14;;Básico;2016-12-14;
12.648.327/0001-53;2019-01-01;1;84316;HIDROVIAS DO BRASIL S.A.;Ações Ordinárias;;;;;;;;;;;;
12.919.786/0001-24;2019-01-01;3;93262;TCP TERMINAL DE CONTEINERES DE PARANAGUA SA;Debêntures;;;;;Balcão Organizado;B3;B3 S.A. - Brasil, Bolsa, Balcão.;2016-11-07;;Básico;2016-11-07;
13.009.717/0001-46;2019-01-01;1;80312;BCO ESTADO DE SERGIPE S.A. - BANESE;Ações Ordinárias;;;BGIP3;;Bolsa;B3;B3 S.A. - Brasil, Bolsa, Balcão.;1977-07-20;;Básico;1977-07-20;
13.009.717/0001-46;2019-01-01;1;80312;BCO ESTADO DE SERGIPE S.A. - BANESE;Ações Preferenciais;;;BGIP4;;Bolsa;B3;B3 S.A. - Brasil, Bolsa, Balcão.;1977-07-20;;Básico;1977-07-20;
13.217.485/0001-11;2019-01-01;2;82235;Grupo SBF S.A.;Ações Ordinárias;;;CNTO3;;Bolsa;B3;B3 S.A. - Brasil, Bolsa, Balcão.;2019-04-17;;Novo Mercado;2019-04-17;
13.444.994/0001-87;2019-01-01;1;83027;MLOG S.A.;Ações Ordinárias;;;000000;;Bolsa;B3;B3 S.A. - Brasil, Bolsa, Balcão.;2011-09-12;2017-01-05;Nível 2 de Governança Corporativa;2011-09-12;2017-01-05
13.574.594/0001-96;2019-01-01;1;80551;BK BRASIL OPERAÇÃO E ASSESSORIA A RESTAURANTES SA;Ações Ordinárias;;;BKBR3;;Bolsa;B3;B3 S.A. - Brasil, Bolsa, Balcão.;2017-12-18;;Novo Mercado;2017-12-18;
13.584.310/0001-42;2019-01-01;4;87139;SUGOI S.A.;Ações Preferenciais;;;;;;;;;;;;
13.788.120/0001-47;2019-01-01;2;82481;ELEKEIROZ S.A.;Ações Ordinárias;;;ELEK3;;Bolsa;B3;B3 S.A. - Brasil, Bolsa, Balcão.;1987-02-16;;Básico;1987-02-16;
13.788.120/0001-47;2019-01-01;2;82481;ELEKEIROZ S.A.;Debêntures;;;;;Balcão Organizado;B3;B3 S.A. - Brasil, Bolsa, Balcão.;2018-06-29;;Básico;2018-06-28;
13.788.120/0001-47;2019-01-01;2;82481;ELEKEIROZ S.A.;Ações Preferenciais;;;ELEK4;;Bolsa;B3;B3 S.A. - Brasil, Bolsa, Balcão.;1987-02-16;;Básico;1987-02-16;
14.200.699/0001-48;2019-01-01;1;84732;NOAH PARTICIPAÇÕES S.A.;Ações Ordinárias;;;;;;;;;;;;
14.200.699/0001-48;2019-01-01;1;84732;NOAH PARTICIPAÇÕES S.A.;Ações Preferenciais;;;;;;;;;;;;
14.308.514/0001-13;2019-01-01;1;80002;PARTICIPAÇÕES INDUST. DO NORDESTE S.A.;Ações Ordinárias;;;;;;;;;;;;
14.308.514/0001-13;2019-01-01;1;80002;PARTICIPAÇÕES INDUST. DO NORDESTE S.A.;Ações Preferenciais;;;;;;;;;;;;
14.807.945/0001-24;2019-01-01;2;84381;SANSUY S.A. INDUSTRIA DE PLASTICOS;Ações Ordinárias;;;SNSY3;;Bolsa;B3;B3 S.A. - Brasil, Bolsa, Balcão.;1986-05-06;;Básico;1986-05-06;
14.807.945/0001-24;2019-01-01;2;84381;SANSUY S.A. INDUSTRIA DE PLASTICOS;Ações Preferenciais;PNA;Preferencial Classe A;SNSY5;;Bolsa;B3;B3 S.A. - Brasil, Bolsa, Balcão.;1986-05-06;;Básico;1986-05-06;
14.807.945/0001-24;2019-01-01;2;84381;SANSUY S.A. INDUSTRIA DE PLASTICOS;Ações Preferenciais;PNB;Preferencial Classe B;SNSY6;;Bolsa;B3;B3 S.A. - Brasil, Bolsa, Balcão.;1986-05-06;;Básico;1986-05-06;
14.882.295/0001-81;2019-01-01;2;87015;OCEANA OFFSHORE S.A.;Ações Ordinárias;;;;;;;;;;;;
14.962.356/0001-10;2019-01-01;1;81294;FRIGOL FOODS PARTICIPAÇÕES S.A.;Ações Ordinárias;;;22853;;Bolsa;B3;B3 S.A. - Brasil, Bolsa, Balcão.;2012-10-01;2018-12-31;Bovespa Mais;2012-10-01;2018-12-31
14.998.371/0001-19;2019-01-01;3;90440;J. MACEDO S.A.;Debêntures;;;;;Balcão Organizado;B3;B3 S.A. - Brasil, Bolsa, Balcão.;2018-12-04;;Básico;2018-12-04;
15.073.274/0001-88;2019-01-01;1;84761;PPLA PARTICIPATIONS LTD.;Certificados de depósito de valores mobiliários;;;;;Bolsa;B3;B3 S.A. - Brasil, Bolsa, Balcão.;2012-04-26;;Básico;2012-04-26;
15.101.405/0001-93;2019-01-01;4;85407;CORREA RIBEIRO S.A. COMERCIO E INDUSTRIA;Ações Ordinárias;;;CORR3;;Bolsa;B3;B3 S.A. - Brasil, Bolsa, Balcão.;1977-07-20;;Básico;1977-07-20;
15.101.405/0001-93;2019-01-01;4;85407;CORREA RIBEIRO S.A. COMERCIO E INDUSTRIA;Ações Preferenciais;PNA;Preferencial Classe A;CORR4;;Bolsa;B3;B3 S.A. - Brasil, Bolsa, Balcão.;1977-07-20;;Básico;1977-07-20;
15.115.504/0001-24;2019-01-01;3;87111;TRONOX PIGMENTOS DO BRASIL S.A.;Ações Ordinárias;;;CRPG3;;Bolsa;B3;B3 S.A. - Brasil, Bolsa, Balcão.;1970-12-23;;Básico;1970-12-23;
15.115.504/0001-24;2019-01-01;3;87111;TRONOX PIGMENTOS DO BRASIL S.A.;Ações Preferenciais;PNB;Preferencial Classe B;CRPG6;;Bolsa;B3;B3 S.A. - Brasil, Bolsa, Balcão.;1970-12-23;;Básico;1970-12-23;
15.115.504/0001-24;2019-01-01;3;87111;TRONOX PIGMENTOS DO BRASIL S.A.;Ações Preferenciais;PNA;Preferencial Classe A;CRPG5;;Bolsa;B3;B3 S.A. - Brasil, Bolsa, Balcão.;1970-12-23;;Básico;1970-12-23;
15.124.464/0001-87;2019-01-01;1;85024;BANCO ECONOMICO SA - EM LIQUIDAÇÃO EXTRAJUDICIAL;Ações Ordinárias;;;;;;;;;;;;
15.124.464/0001-87;2019-01-01;1;85024;BANCO ECONOMICO SA - EM LIQUIDAÇÃO EXTRAJUDICIAL;Ações Preferenciais;;;;;;;;;;;;
15.139.629/0001-94;2019-01-01;2;82353;CIA ELETRICIDADE EST. DA BAHIA - COELBA;Debêntures;;;;;Bolsa;B3;B3 S.A. - Brasil, Bolsa, Balcão.;2005-06-01;;Básico;2005-06-01;
15.139.629/0001-94;2019-01-01;2;82353;CIA ELETRICIDADE EST. DA BAHIA - COELBA;Ações Ordinárias;;;CEEB3;;Bolsa;B3;B3 S.A. - Brasil, Bolsa, Balcão.;1995-05-23;;Básico;1994-07-28;
15.139.629/0001-94;2019-01-01;2;82353;CIA ELETRICIDADE EST. DA BAHIA - COELBA;Ações Preferenciais;PNA;Preferencial Classe A;CEEB5;;Bolsa;B3;B3 S.A. - Brasil, Bolsa, Balcão.;1995-05-23;;Básico;1994-07-28;
15.139.629/0001-94;2019-01-01;2;82353;CIA ELETRICIDADE EST. DA BAHIA - COELBA;Ações Preferenciais;PNB;Preferencial Classe B;CEEB6;;Bolsa;B3;B3 S.A. - Brasil, Bolsa, Balcão.;1995-05-23;;Básico;1994-07-28;
15.141.799/0001-03;2019-01-01;1;82570;CIA FERRO LIGAS DA BAHIA - FERBASA;Ações Ordinárias;;;FESA3;;Bolsa;B3;B3 S.A. - Brasil, Bolsa, Balcão.;2011-01-05;;Nível 1 de Governança Corporativa;1977-01-01;
15.141.799/0001-03;2019-01-01;1;82570;CIA FERRO LIGAS DA BAHIA - FERBASA;Ações Preferenciais;;;FESA4;;Bolsa;B3;B3 S.A. - Brasil, Bolsa, Balcão.;2011-01-05;;Nível 1 de Governança Corporativa;1977-01-01;
15.144.017/0001-90;2019-01-01;2;84977;CIA SEGUROS ALIANCA DA BAHIA;Ações Ordinárias;;;CSAB3;;Bolsa;B3;B3 S.A. - Brasil, Bolsa, Balcão.;2019-01-01;2019-01-31;Básico;2019-01-01;2019-01-31
15.144.017/0001-90;2019-01-01;2;84977;CIA SEGUROS ALIANCA DA BAHIA;Ações Preferenciais;PNA;Preferencial Classe A;CSAB4;;Bolsa;B3;B3 S.A. - Brasil, Bolsa, Balcão.;2019-01-01;2019-01-31;Básico;2019-01-01;2019-01-31
15.151.269/0001-46;2019-01-01;1;82253;ÓLEOS DE PALMA S.A. AGROINDUSTRIAL;Ações Ordinárias;;;0001;;Bolsa;B3;B3 S.A. - Brasil, Bolsa, Balcão.;1990-02-13;;Básico;1990-02-13;
15.527.906/0001-36;2019-01-01;3;91139;BIOSEV S.A.;Ações Ordinárias;;;BSEV3;;Bolsa;B3;B3 S.A. - Brasil, Bolsa, Balcão.;2013-04-19;;Novo Mercado;2013-04-19;
15.688.041/0001-90;2019-01-01;1;81636;MBK SECURITIZADORA SA;Certificados de Recebíveis Imobiliários;;;;;Balcão Organizado;B3;B3 S.A. - Brasil, Bolsa, Balcão.;2013-09-13;;Básico;2013-09-13;
16.234.171/0001-15;2019-01-01;1;82875;METANOR SA METANOL DO NE;Ações Ordinárias;;;NÃO;;Balcão Não-Organizado;;;;;;2019-01-01;
16.404.287/0001-55;2019-01-01;3;82526;SUZANO S.A.;Ações Ordinárias;;;SUZB3;;Bolsa;B3;B3 S.A. - Brasil, Bolsa, Balcão.;2017-11-10;;Novo Mercado;2004-07-26;
16.590.234/0001-76;2019-01-01;3;92281;AREZZO INDÚSTRIA E COMÉRCIO S.A.;Ações Ordinárias;;;ARZZ3;;Bolsa;B3;B3 S.A. - Brasil, Bolsa, Balcão.;2011-02-02;;Novo Mercado;2011-02-02;
16.614.075/0001-00;2019-01-01;2;90249;DIRECIONAL ENGENHARIA S.A.;Ações Ordinárias;;;DIRR3;;Bolsa;B3;B3 S.A. - Brasil, Bolsa, Balcão.;2009-11-19;;Novo Mercado;2009-11-19;
16.670.085/0001-55;2019-01-01;2;84110;LOCALIZA RENT A CAR S.A.;Ações Ordinárias;;;RENT3;;Bolsa;B3;B3 S.A. - Brasil, Bolsa, Balcão.;2005-05-23;;Novo Mercado;2005-05-06;
16.670.085/0001-55;2019-01-01;2;84110;LOCALIZA RENT A CAR S.A.;Nota Comercial;;;;;Balcão Organizado;B3;B3 S.A. - Brasil, Bolsa, Balcão.;2010-12-29;;Básico;2010-12-29;
16.670.085/0001-55;2019-01-01;2;84110;LOCALIZA RENT A CAR S.A.;Debêntures;;;;;Balcão Organizado;B3;B3 S.A. - Brasil, Bolsa, Balcão.;2005-05-19;;Básico;2005-05-19;
17.155.730/0001-64;2019-01-01;2;82985;CIA ENERGETICA DE MINAS GERAIS - CEMIG;Ações Ordinárias;;;CMIG3;;Bolsa;B3;B3 S.A. - Brasil, Bolsa, Balcão.;2001-10-01;;Nível 1 de Governança Corporativa;1972-01-14;
17.155.730/0001-64;2019-01-01;2;82985;CIA ENERGETICA DE MINAS GERAIS - CEMIG;Ações Preferenciais;PNA;Preferencial Classe A;CMIG4;;Bolsa;B3;B3 S.A. - Brasil, Bolsa, Balcão.;2001-10-01;;Nível 1 de Governança Corporativa;1972-01-14;
17.159.005/0001-64;2019-01-01;1;85085;FIACAO TEC SAO JOSE S.A.;Ações Ordinárias;;;SJOS;;Bolsa;B3;B3 S.A. - Brasil, Bolsa, Balcão.;1972-01-18;2017-03-06;Básico;1972-01-18;2017-03-06
17.159.005/0001-64;2019-01-01;1;85085;FIACAO TEC SAO JOSE S.A.;Ações Preferenciais;PNA;Preferencial Classe A;SJOS;;Bolsa;B3;B3 S.A. - Brasil, Bolsa, Balcão.;1972-01-18;2017-03-06;Básico;1972-01-18;2017-03-06
17.161.241/0001-15;2019-01-01;1;80347;MINASMAQUINAS S.A.;Ações Ordinárias;;;MMAQ3;;Bolsa;B3;B3 S.A. - Brasil, Bolsa, Balcão.;2018-01-01;2018-12-31;Nível 1 de Governança Corporativa;2018-01-01;2018-12-31
17.161.241/0001-15;2019-01-01;1;80347;MINASMAQUINAS S.A.;Ações Preferenciais;;;MMAQ4;;Bolsa;B3;B3 S.A. - Brasil, Bolsa, Balcão.;2018-01-01;2018-12-31;Nível 1 de Governança Corporativa;2018-01-01;2018-12-31
17.162.082/0001-73;2019-01-01;2;90458;MENDES JUNIOR ENGENHARIA S.A.;Ações Ordinárias;;;MEND3;;Bolsa;B3;B3 S.A. - Brasil, Bolsa, Balcão.;1977-07-20;2020-01-11;Básico;1977-07-20;2020-01-11
17.162.082/0001-73;2019-01-01;2;90458;MENDES JUNIOR ENGENHARIA S.A.;Ações Preferenciais;PNB;Preferencial Classe B;MEND6;;Bolsa;B3;B3 S.A. - Brasil, Bolsa, Balcão.;1977-07-20;2020-01-11;Básico;1977-07-20;2020-01-11
17.162.082/0001-73;2019-01-01;2;90458;MENDES JUNIOR ENGENHARIA S.A.;Ações Preferenciais;PNA;Preferencial Classe A;MEND5;;Bolsa;B3;B3 S.A. - Brasil, Bolsa, Balcão.;1977-07-20;2020-01-11;Básico;1977-07-20;2020-01-11
17.167.396/0001-69;2019-01-01;2;90185;ALFA HOLDINGS S.A.;Ações Ordinárias;;;RPAD3;;Bolsa;B3;B3 S.A. - Brasil, Bolsa, Balcão.;1977-07-20;;Básico;1977-07-20;
17.167.396/0001-69;2019-01-01;2;90185;ALFA HOLDINGS S.A.;Ações Preferenciais;PNB;Preferencial Classe B;RPAD6;;Bolsa;B3;B3 S.A. - Brasil, Bolsa, Balcão.;1977-07-20;;Básico;1977-07-20;
17.167.396/0001-69;2019-01-01;2;90185;ALFA HOLDINGS S.A.;Ações Preferenciais;PNA;Preferencial Classe A;RPAD5;;Bolsa;B3;B3 S.A. - Brasil, Bolsa, Balcão.;1977-07-20;;Básico;1977-07-20;
17.167.412/0001-13;2019-01-01;2;90184;FINANCEIRA ALFA S.A.- CRED FINANC E INVS;Ações Ordinárias;;;CRIV3;;Bolsa;B3;B3 S.A. - Brasil, Bolsa, Balcão.;1977-07-20;;Básico;1977-07-20;
17.167.412/0001-13;2019-01-01;2;90184;FINANCEIRA ALFA S.A.- CRED FINANC E INVS;Ações Preferenciais;;;CRIV4;;Bolsa;B3;B3 S.A. - Brasil, Bolsa, Balcão.;1977-07-20;;Básico;1977-07-20;
17.184.037/0001-10;2019-01-01;1;81073;BCO MERCANTIL DO BRASIL S.A.;Ações Ordinárias;;;BMEB3;;Bolsa;B3;B3 S.A. - Brasil, Bolsa, Balcão.;1977-07-20;;Básico;1977-07-20;
17.184.037/0001-10;2019-01-01;1;81073;BCO MERCANTIL DO BRASIL S.A.;Ações Preferenciais;;;BMEB4;;Bolsa;B3;B3 S.A. - Brasil, Bolsa, Balcão.;1977-07-20;;Básico;1977-07-20;
17.193.806/0001-46;2019-01-01;2;90186;CONSORCIO ALFA DE ADMINISTRACAO S.A.;Ações Ordinárias;;;BRGE3;;Bolsa;B3;B3 S.A. - Brasil, Bolsa, Balcão.;1977-07-20;;Básico;1977-07-20;
17.193.806/0001-46;2019-01-01;2;90186;CONSORCIO ALFA DE ADMINISTRACAO S.A.;Ações Preferenciais;PND;Preferencial Classe D;BRGE8;;Bolsa;B3;B3 S.A. - Brasil, Bolsa, Balcão.;1977-07-20;;Básico;1977-07-20;
17.193.806/0001-46;2019-01-01;2;90186;CONSORCIO ALFA DE ADMINISTRACAO S.A.;Ações Preferenciais;PNA;Preferencial Classe A;BRGE5;;Bolsa;B3;B3 S.A. - Brasil, Bolsa, Balcão.;1977-07-20;;Básico;1977-07-20;
17.193.806/0001-46;2019-01-01;2;90186;CONSORCIO ALFA DE ADMINISTRACAO S.A.;Ações Preferenciais;PNC;Preferencial Classe C;BRGE7;;Bolsa;B3;B3 S.A. - Brasil, Bolsa, Balcão.;1977-07-20;;Básico;1977-07-20;
17.193.806/0001-46;2019-01-01;2;90186;CONSORCIO ALFA DE ADMINISTRACAO S.A.;Ações Preferenciais;PNB;Preferencial Classe B;BRGE6;;Bolsa;B3;B3 S.A. - Brasil, Bolsa, Balcão.;1977-07-20;;Básico;1977-07-20;
17.193.806/0001-46;2019-01-01;2;90186;CONSORCIO ALFA DE ADMINISTRACAO S.A.;Ações Preferenciais;PNE;Preferencial Classe E;BRGE11;;Bolsa;B3;B3 S.A. - Brasil, Bolsa, Balcão.;1977-07-20;;Básico;1977-07-20;
17.193.806/0001-46;2019-01-01;2;90186;CONSORCIO ALFA DE ADMINISTRACAO S.A.;Ações Preferenciais;PNF;Preferencial Classe F;BRGE12;;Bolsa;B3;B3 S.A. - Brasil, Bolsa, Balcão.;1977-07-20;;Básico;1977-07-20;
17.245.234/0001-00;2019-01-01;2;82800;CIA FIACAO TECIDOS CEDRO CACHOEIRA;Ações Ordinárias;;;CEDO3;;Bolsa;B3;B3 S.A. - Brasil, Bolsa, Balcão.;2003-09-01;;Nível 1 de Governança Corporativa;2003-09-01;
17.245.234/0001-00;2019-01-01;2;82800;CIA FIACAO TECIDOS CEDRO CACHOEIRA;Ações Preferenciais;;;CEDO4;;Bolsa;B3;B3 S.A. - Brasil, Bolsa, Balcão.;2003-09-01;;Nível 1 de Governança Corporativa;2003-09-01;
17.281.106/0001-03;2019-01-01;4;86535;CIA SANEAMENTO DE MINAS GERAIS-COPASA MG;Ações Ordinárias;;;CSMG3;;Bolsa;B3;B3 S.A. - Brasil, Bolsa, Balcão.;2006-02-08;;Novo Mercado;2006-02-08;
17.314.329/0001-20;2019-01-01;2;82701;INTERNATIONAL MEAL COMPANY ALIMENTACAO S.A.;Ações Ordinárias;;;23574;;Bolsa;B3;B3 S.A. - Brasil, Bolsa, Balcão.;2015-03-23;;Novo Mercado;2015-03-23;
17.344.597/0001-94;2019-01-01;3;83270;BB SEGURIDADE PARTICIPAÇÕES S.A.;Ações Ordinárias;;;BBSE3;;Bolsa;B3;B3 S.A. - Brasil, Bolsa, Balcão.;2013-04-29;;Novo Mercado;2013-04-29;
17.346.997/0001-39;2019-01-01;2;91221;COSAN LOGISTICA S.A.;Ações Ordinárias;;;RLOG3;;Bolsa;B3;B3 S.A. - Brasil, Bolsa, Balcão.;2014-10-06;;Novo Mercado;2014-10-06;
18.593.815/0001-97;2019-01-01;2;90559;PRINER SERVIÇOS INDUSTRIAIS S.A.;Ações Ordinárias;;;PRNR3;;Bolsa;B3;B3 S.A. - Brasil, Bolsa, Balcão.;2017-11-24;;Bovespa Mais;2017-11-24;
18.593.815/0001-97;2019-01-01;2;90559;PRINER SERVIÇOS INDUSTRIAIS S.A.;Debêntures;;;;;Balcão Organizado;B3;B3 S.A. - Brasil, Bolsa, Balcão.;2019-08-09;;Básico;2019-05-10;
19.276.528/0001-16;2019-01-01;2;87328;BCBF Participações S.A.;Debêntures;;;;;Balcão Organizado;B3;B3 S.A. - Brasil, Bolsa, Balcão.;2014-05-05;;Básico;2014-05-05;
19.378.769/0001-76;2019-01-01;1;80176;INSTITUTO HERMES PARDINI S.A.;Ações Ordinárias;;;PARD3;;Bolsa;B3;B3 S.A. - Brasil, Bolsa, Balcão.;2017-02-14;;Novo Mercado;2017-02-14;
19.526.748/0001-50;2019-01-01;6;91799;CIA INDUSTRIAL CATAGUASES;Ações Ordinárias;;;;;Balcão Não-Organizado;;;;;;1973-12-19;
19.527.586/0001-75;2019-01-01;2;90130;COMPANHIA ENERGÉTICA SINOP S/A;Debêntures;;;;;Balcão Organizado;B3;B3 S.A. - Brasil, Bolsa, Balcão.;2018-10-03;;Básico;2018-06-29;
19.527.639/0001-58;2019-01-01;7;92689;ENERGISA MINAS GERAIS - DISTRIBUIDORA DE ENERGIA S/A;Debêntures;;;;;Balcão Não-Organizado;B3;B3 S.A. - Brasil, Bolsa, Balcão.;2017-10-15;;Básico;2017-10-15;
19.688.956/0001-56;2019-01-01;2;80706;BIOTOSCANA INVESTMENTS S.A.;Certificados de depósito de valores mobiliários;;;;;Bolsa;B3;B3 S.A. - Brasil, Bolsa, Balcão.;2017-07-25;;Básico;2017-07-21;
19.851.496/0001-35;2019-01-01;2;92439;LOGOS COMPANHIA SECURITIZADORA S/A;Certificados de Recebíveis Imobiliários;;;;;Balcão Organizado;B3;B3 S.A. - Brasil, Bolsa, Balcão.;2014-10-24;2015-04-24;Básico;2014-10-24;
19.853.511/0001-84;2019-01-01;1;84796;Notre Dame Intermédica Participações S.A.;Ações Ordinárias;;;GNDI3;;Bolsa;B3;B3 S.A. - Brasil, Bolsa, Balcão.;2018-04-23;;Novo Mercado;2018-04-23;
20.258.278/0001-70;2019-01-01;1;80889;OURO FINO SAUDE ANIMAL PARTICIPACOES S.A.;Ações Ordinárias;;;OFSA3;;Bolsa;B3;B3 S.A. - Brasil, Bolsa, Balcão.;2014-10-21;;Novo Mercado;2014-10-21;
20.451.953/0001-83;2019-01-01;1;83966;REAG SECURITIES - SECURITIZADORA DE CRÉDITOS  S/A;Certificado de Recebíveis do Agronegócio;;;;;Balcão Organizado;B3;B3 S.A. - Brasil, Bolsa, Balcão.;2018-01-23;;Básico;2018-01-23;
20.451.953/0001-83;2019-01-01;1;83966;REAG SECURITIES - SECURITIZADORA DE CRÉDITOS  S/A;Certificados de Recebíveis Imobiliários;;;;;Balcão Organizado;B3;B3 S.A. - Brasil, Bolsa, Balcão.;2016-09-20;;Básico;2016-09-20;
21.254.073/0001-80;2019-01-01;1;82556;CIA INDUSTRIAL ITAUNENSE - EM RECUPERAÇÃO JUDICIAL;Ações Ordinárias;;;;;;;;;;;;
21.255.567/0001-89;2019-01-01;2;88907;CIA TECIDOS SANTANENSE;Ações Ordinárias;;;CTSA3;;Bolsa;B3;B3 S.A. - Brasil, Bolsa, Balcão.;1984-12-20;;Básico;1984-12-20;
21.262.638/0001-70;2019-01-01;1;81436;ENCALSO PARTICIPAÇÕES EM CONCESSÕES S/A;Ações Preferenciais;;;;;;;;;;;;
21.314.559/0001-66;2019-01-01;1;84688;MOVIDA PARTICIPACOES SA;Ações Ordinárias;;;MOVI3;;Bolsa;B3;B3 S.A. - Brasil, Bolsa, Balcão.;2017-02-08;;Novo Mercado;2017-02-08;
21.314.559/0001-66;2019-01-01;1;84688;MOVIDA PARTICIPACOES SA;Debêntures;;;MOVI11;;Balcão Organizado;B3;B3 S.A. - Brasil, Bolsa, Balcão.;2017-07-15;;Básico;2017-07-15;
21.314.559/0001-66;2019-01-01;1;84688;MOVIDA PARTICIPACOES SA;Nota Comercial;;;;;Balcão Não-Organizado;;;2017-07-15;;;2017-11-17;
21.728.500/0001-14;2019-01-01;1;84102;PACIFIC RDSL PARTICIPAÇÕES S.A.;Ações Ordinárias;;;PACF3;;Bolsa;B3;B3 S.A. - Brasil, Bolsa, Balcão.;2017-07-10;2019-04-30;Básico;2017-07-10;2019-04-30
21.948.105/0001-47;2019-01-01;1;84763;BTGI QUARTZO PARTICIPAÇÕES S/A;Ações Ordinárias;;;;;;;;;;;;
21.976.484/0001-89;2019-01-01;4;92629;RUGE SECURITIZADORA DE CRÉDITOS FINANCEIROS S.A.;Debêntures;;;;;Balcão Organizado;B3;B3 S.A. - Brasil, Bolsa, Balcão.;2017-12-11;;Básico;2017-12-11;
21.976.510/0001-79;2019-01-01;1;84765;BTGI SAFIRA PARTICIPAÇÕES S/A;Ações Ordinárias;;;;;;;;;;;;
21.987.030/0001-03;2019-01-01;1;84724;FINSBURY PARTICIPAÇÕES S.A.;Ações Ordinárias;;;;;;;;;;;;
22.266.175/0001-88;2019-01-01;3;80698;FERTILIZANTES HERINGER S.A. - EM RECUPERAÇÃO JUDICIAL;Ações Ordinárias;;;FHER3;;Bolsa;B3;B3 S.A. - Brasil, Bolsa, Balcão.;2007-04-10;;Novo Mercado;2007-04-10;
22.543.331/0001-00;2019-01-01;3;85357;CAIXA SEGURIDADE PARTICIPAÇÕES S.A.;Ações Ordinárias;;;;;;;;;;;;
22.677.520/0001-76;2019-01-01;1;84784;CIA TECIDOS NORTE DE MINAS COTEMINAS;Ações Ordinárias;;;CTNM3;;Bolsa;B3;B3 S.A. - Brasil, Bolsa, Balcão.;1971-02-11;;Básico;1971-02-11;
22.677.520/0001-76;2019-01-01;1;84784;CIA TECIDOS NORTE DE MINAS COTEMINAS;Ações Preferenciais;;;CTNM4;;Bolsa;B3;B3 S.A. - Brasil, Bolsa, Balcão.;1971-02-11;;Básico;1971-02-11;
22.770.366/0001-82;2019-01-01;1;84827;TEC TOY S.A.;Ações Ordinárias;;;TOYB3;;Bolsa;B3;B3 S.A. - Brasil, Bolsa, Balcão.;1993-06-21;;Básico;1993-06-21;
22.770.366/0001-82;2019-01-01;1;84827;TEC TOY S.A.;Ações Preferenciais;;;TOYB4;;Bolsa;B3;B3 S.A. - Brasil, Bolsa, Balcão.;1993-06-21;;Básico;1993-06-21;
23.373.000/0001-32;2019-01-01;3;90618;VAMOS LOCAÇÃO DE CAMINHÕES, MÁQUINAS E EQUIPAMENTOS S.A.;Ações Ordinárias;;;;;;;;;;;;
24.624.490/0001-65;2019-01-01;1;82265;ARGO TRANSMISSÃO DE ENERGIA S/A;Debêntures;;;;;Balcão Organizado;B3;B3 S.A. - Brasil, Bolsa, Balcão.;2018-11-23;;Básico;2018-08-24;
24.962.466/0001-36;2019-01-01;2;92241;RUMO MALHA NORTE S.A.;Debêntures;;;;;;;;;;;;
25.089.509/0001-83;2019-01-01;2;81952;COMPANHIA DE SANEAMENTO DO TOCANTINS - SANEATINS;Debêntures;;;;;Balcão Organizado;B3;B3 S.A. - Brasil, Bolsa, Balcão.;2015-12-21;;Básico;2015-12-21;
26.609.050/0001-64;2019-01-01;1;83908;TRAVESSIA SECURITIZADORA S/A;Certificados de Recebíveis Imobiliários;;;;;Balcão Não-Organizado;B3;B3 S.A. - Brasil, Bolsa, Balcão.;2017-09-27;;Novo Mercado;2017-09-27;
26.664.057/0001-89;2019-01-01;1;81107;ENTREVIAS CONCESSIONÁRIA DE RODOVIAS S.A.;Debêntures;;;;;Balcão Organizado;B3;B3 S.A. - Brasil, Bolsa, Balcão.;2018-03-13;;Básico;2018-03-13;
26.845.702/0001-60;2019-01-01;3;94059;Equatorial Transmissora 7 SPE S.A.;Debêntures;;;;;Balcão Não-Organizado;;;;;;2018-06-14;
26.845.702/0001-60;2019-01-01;3;94059;Equatorial Transmissora 7 SPE S.A.;Nota Comercial;;;;;Balcão Não-Organizado;;;;;;2018-06-14;
27.093.558/0001-15;2019-01-01;1;83898;MILLS ESTRUTURAS E SERVIÇOS DE ENGENHARIA S.A.;Ações Ordinárias;;;MILS3;;Bolsa;B3;B3 S.A. - Brasil, Bolsa, Balcão.;2010-04-14;;Novo Mercado;2010-04-14;
28.127.603/0001-78;2019-01-01;5;82707;BANESTES S.A. - BCO EST ESPIRITO SANTO;Ações Ordinárias;;;BEES3;;Bolsa;B3;B3 S.A. - Brasil, Bolsa, Balcão.;1977-07-20;;Básico;1977-07-20;
28.127.603/0001-78;2019-01-01;5;82707;BANESTES S.A. - BCO EST ESPIRITO SANTO;Ações Preferenciais;;;BEES4;;Bolsa;B3;B3 S.A. - Brasil, Bolsa, Balcão.;2008-05-26;;Básico;1977-07-20;
28.152.650/0001-71;2019-01-01;1;80946;EDP ESPIRITO SANTO DISTRIBUIÇÃO DE ENERGIA S.A.;Debêntures;;;;;Balcão Organizado;B3;B3 S.A. - Brasil, Bolsa, Balcão.;2014-08-27;;Básico;2014-08-27;
28.195.667/0001-06;2019-01-01;3;87297;BCO ABC BRASIL S.A.;Ações Preferenciais;PNA;Preferencial Classe A;ABCB4;;Bolsa;B3;B3 S.A. - Brasil, Bolsa, Balcão.;2007-07-23;;Nível 2 de Governança Corporativa;2007-07-23;
28.201.130/0001-01;2019-01-01;7;92697;Energisa Transmissão de Energia S/A;Valor Mobiliário Não Registrado;;;;;;;;;;;;
28.442.718/0001-57;2019-01-01;1;90492;RIOLOAN 2 COMPANHIA SECURITIZADORA DE CRÉDITOS FINANCEIROS;Debêntures;;;;;Balcão Organizado;B3;B3 S.A. - Brasil, Bolsa, Balcão.;2018-05-03;;Básico;2018-05-03;
28.925.264/0001-75;2019-01-01;1;80459;COMPANHIA ENERGÉTICA JAGUARA;Debêntures;;;;;Balcão Organizado;B3;B3 S.A. - Brasil, Bolsa, Balcão.;2018-06-28;;Básico;2018-06-28;
28.942.127/0001-49;2019-01-01;1;80460;COMPANHIA ENERGÉTICA MIRANDA;Debêntures;;;;;Balcão Organizado;B3;B3 S.A. - Brasil, Bolsa, Balcão.;2018-06-28;;Básico;2018-06-28;
29.088.092/0001-95;2019-01-01;3;84362;ROMAXIS SECURITIZADORA S.A.;Debêntures;;;;;Balcão Não-Organizado;;;;;;;
29.780.061/0001-09;2019-01-01;2;89220;SAO CARLOS EMPREEND E PARTICIPACOES S.A.;Ações Ordinárias;;;SCAR3;;Bolsa;B3;B3 S.A. - Brasil, Bolsa, Balcão.;2006-12-13;;Novo Mercado;1999-09-20;
29.780.061/0001-09;2019-01-01;2;89220;SAO CARLOS EMPREEND E PARTICIPACOES S.A.;Debêntures;;;;;Balcão Não-Organizado;B3;B3 S.A. - Brasil, Bolsa, Balcão.;2019-11-05;;Básico;2019-11-05;
29.845.329/0001-35;2019-01-01;1;84883;Copisec Securitizadora de Créditos Financeiros S.A.;Debêntures;;;;;Balcão Organizado;B3;B3 S.A. - Brasil, Bolsa, Balcão.;2018-12-14;;Básico;2018-12-14;
29.950.060/0001-57;2019-01-01;1;84778;NORTEC QUÍMICA S.A.;Ações Ordinárias;;;;;;;;;;;;
29.978.814/0001-87;2019-01-01;2;87203;SUL AMERICA S.A.;Debêntures;;;;;Balcão Organizado;B3;B3 S.A. - Brasil, Bolsa, Balcão.;2012-02-17;;Básico;2012-02-17;
29.978.814/0001-87;2019-01-01;2;87203;SUL AMERICA S.A.;Certificados de Depósito de Valores Mobiliários;;;;;Bolsa;B3;B3 S.A. - Brasil, Bolsa, Balcão.;2007-10-05;;Nível 2 de Governança Corporativa;2007-10-05;
30.306.294/0001-45;2019-01-01;1;80849;BCO BTG PACTUAL S.A.;Certificados de Depósito de Valores Mobiliários;;;;;Bolsa;B3;B3 S.A. - Brasil, Bolsa, Balcão.;2012-04-26;;Básico;2012-04-26;
30.540.991/0001-66;2019-01-01;1;84791;HAGA S.A. INDUSTRIA E COMERCIO;Ações Preferenciais;PNA;Preferencial Classe A;2;;Bolsa;B3;B3 S.A. - Brasil, Bolsa, Balcão.;1988-09-01;;Básico;1988-09-01;
31.910.308/0001-06;2019-01-01;1;82665;SLOT URBANISMO S/A;Valor Mobiliário Não Registrado;;;;;;;;;;;;
32.681.371/0001-72;2019-01-01;2;83208;VIX LOGÍSTICA S/A;Debêntures;;;;;Balcão Não-Organizado;B3;B3 S.A. - Brasil, Bolsa, Balcão.;2018-12-06;;Novo Mercado;2018-12-06;
32.785.497/0001-97;2019-01-01;3;92295;Natura &Co Holding S.A.;Ações Ordinárias;;;NTCO3;;Bolsa;B3;B3 S.A. - Brasil, Bolsa, Balcão.;2019-12-18;;Novo Mercado;2019-12-18;
33.000.167/0001-01;2019-01-01;1;83238;PETROLEO BRASILEIRO S.A. PETROBRAS;Ações Ordinárias;;;PETR3;;Bolsa;B3;B3 S.A. - Brasil, Bolsa, Balcão.;1968-08-27;;Básico;1968-08-27;
33.000.167/0001-01;2019-01-01;1;83238;PETROLEO BRASILEIRO S.A. PETROBRAS;Debêntures;;;PETR*;;Balcão Organizado;B3;B3 S.A. - Brasil, Bolsa, Balcão.;2014-06-13;;Básico;2014-06-13;
33.000.167/0001-01;2019-01-01;1;83238;PETROLEO BRASILEIRO S.A. PETROBRAS;Ações Preferenciais;;;PETR4;;Bolsa;B3;B3 S.A. - Brasil, Bolsa, Balcão.;1968-08-27;;Básico;1968-08-27;
33.014.556/0001-96;2019-01-01;3;88622;LOJAS AMERICANAS S.A.;Ações Ordinárias;;;LAME3;;Bolsa;B3;B3 S.A. - Brasil, Bolsa, Balcão.;2017-09-08;;Nível 1 de Governança Corporativa;1940-01-01;
33.014.556/0001-96;2019-01-01;3;88622;LOJAS AMERICANAS S.A.;Debêntures;;;LAMEA1;;Bolsa;B3;B3 S.A. - Brasil, Bolsa, Balcão.;2017-04-15;;Básico;2017-04-15;
33.014.556/0001-96;2019-01-01;3;88622;LOJAS AMERICANAS S.A.;Nota Comercial;;;2ª NP;;Balcão Organizado;B3;B3 S.A. - Brasil, Bolsa, Balcão.;2016-12-27;;Básico;2016-12-27;
33.014.556/0001-96;2019-01-01;3;88622;LOJAS AMERICANAS S.A.;Ações Preferenciais;PNA;Preferencial Classe A;LAME4;;Bolsa;B3;B3 S.A. - Brasil, Bolsa, Balcão.;2017-09-08;;Nível 1 de Governança Corporativa;1940-01-01;
33.035.536/0001-00;2019-01-01;2;93450;JOAO FORTES ENGENHARIA S.A.;Ações Ordinárias;;;JFEN3;;Bolsa;B3;B3 S.A. - Brasil, Bolsa, Balcão.;1973-09-17;;Básico;1973-09-17;
33.040.601/0001-87;2019-01-01;1;84056;MERCANTIL BRASIL FINANC S.A. C.F.I.;Ações Ordinárias;;;MERC3;;Bolsa;B3;B3 S.A. - Brasil, Bolsa, Balcão.;1977-07-20;;Básico;1977-07-20;
33.040.601/0001-87;2019-01-01;1;84056;MERCANTIL BRASIL FINANC S.A. C.F.I.;Ações Preferenciais;;;MERC4;;Bolsa;B3;B3 S.A. - Brasil, Bolsa, Balcão.;1977-07-20;;Básico;1977-07-20;
33.041.260/0652-90;2019-01-01;4;90310;VIA VAREJO S.A.;Ações Ordinárias;;;VVAR3;;Bolsa;B3;B3 S.A. - Brasil, Bolsa, Balcão.;2018-11-26;;Novo Mercado;2018-11-26;
33.041.260/0652-90;2019-01-01;4;90310;VIA VAREJO S.A.;Nota Comercial;;;;;Balcão Organizado;B3;B3 S.A. - Brasil, Bolsa, Balcão.;2019-09-10;;Básico;2019-09-10;
33.041.260/0652-90;2019-01-01;4;90310;VIA VAREJO S.A.;Debêntures;;;;;Balcão Organizado;B3;B3 S.A. - Brasil, Bolsa, Balcão.;2019-12-23;;Básico;2019-12-23;
33.042.730/0001-04;2019-01-01;1;83155;CIA SIDERURGICA NACIONAL;Ações Ordinárias;;;4030;;Bolsa;B3;B3 S.A. - Brasil, Bolsa, Balcão.;1973-07-09;;Básico;1973-07-09;
33.042.730/0001-04;2019-01-01;1;83155;CIA SIDERURGICA NACIONAL;Debêntures;;;;;Balcão Organizado;B3;B3 S.A. - Brasil, Bolsa, Balcão.;2011-07-20;;Básico;2011-07-20;
33.050.071/0001-58;2019-01-01;3;88434;AMPLA ENERGIA E SERVICOS S.A.;Ações Ordinárias;;;CBEE3;;Bolsa;B3;B3 S.A. - Brasil, Bolsa, Balcão.;1973-11-30;;Básico;1969-08-15;
33.066.408/0001-15;2019-01-01;1;80426;EMPRESA FINANCEIRA;Ações Ordinárias;;;CIAMOD;;Bolsa;B3;B3 S.A. - Brasil, Bolsa, Balcão.;2017-01-01;;Novo Mercado;2017-01-01;
33.102.476/0001-92;2019-01-01;3;90000;MONTEIRO ARANHA S.A.;Ações Ordinárias;;;MOAR3;;Bolsa;B3;B3 S.A. - Brasil, Bolsa, Balcão.;1989-06-22;;Básico;1989-06-22;
33.102.476/0001-92;2019-01-01;3;90000;MONTEIRO ARANHA S.A.;Debêntures;;;;;;;;;;;;
33.111.246/0001-90;2019-01-01;2;88503;TECNOSOLO ENGENHARIA S.A.;Ações Ordinárias;;;TCNO3;;Bolsa;B3;B3 S.A. - Brasil, Bolsa, Balcão.;1977-07-20;;Básico;1977-07-20;
33.111.246/0001-90;2019-01-01;2;88503;TECNOSOLO ENGENHARIA S.A.;Ações Preferenciais;;;TCNO4;;Bolsa;B3;B3 S.A. - Brasil, Bolsa, Balcão.;1977-07-20;;Básico;1977-07-20;
33.113.309/0001-47;2019-01-01;1;80420;VALID SOLUÇÕES S.A.;Ações Ordinárias;;;VLID3;;Bolsa;B3;B3 S.A. - Brasil, Bolsa, Balcão.;2006-04-27;;Novo Mercado;2006-04-26;
33.200.049/0001-47;2019-01-01;2;82214;HOTEIS OTHON S.A. - EM RECUPERAÇÃO JUDICIAL;Ações Preferenciais;PNA;Preferencial Classe A;HOOT4;;Bolsa;B3;B3 S.A. - Brasil, Bolsa, Balcão.;1980-08-08;;Básico;1980-08-08;
33.228.024/0001-51;2019-01-01;1;84348;WLM PART. E COMÉRCIO DE MÁQUINAS E VEÍCULOS S.A.;Ações Ordinárias;;;WLMM3;;Bolsa;B3;B3 S.A. - Brasil, Bolsa, Balcão.;1971-01-07;;Básico;1971-01-07;
33.228.024/0001-51;2019-01-01;1;84348;WLM PART. E COMÉRCIO DE MÁQUINAS E VEÍCULOS S.A.;Ações Preferenciais;PNA;Preferencial Classe A;WLMM4;;Bolsa;B3;B3 S.A. - Brasil, Bolsa, Balcão.;1971-01-07;;Básico;1971-01-07;
33.256.439/0001-39;2019-01-01;3;87338;ULTRAPAR PARTICIPACOES S.A.;Ações Ordinárias;;;UGPA3;;Bolsa;B3;B3 S.A. - Brasil, Bolsa, Balcão.;2011-08-17;;Novo Mercado;1999-10-06;
33.352.394/0001-04;2019-01-01;3;80437;CIA ESTADUAL DE ÁGUAS E ESGOTOS - CEDAE;Debêntures;;;;;Balcão Organizado;B3;B3 S.A. - Brasil, Bolsa, Balcão.;2015-12-29;;Básico;2015-12-29;
33.376.989/0001-91;2019-01-01;1;80352;IRB - BRASIL RESSEGUROS S.A.;Ações Ordinárias;;;IRBR3;;Bolsa;B3;B3 S.A. - Brasil, Bolsa, Balcão.;2017-07-31;;Novo Mercado;2017-07-31;
33.386.210/0001-19;2019-01-01;2;90143;SONDOTECNICA ENGENHARIA SOLOS S.A.;Ações Ordinárias;;;5.4;;Bolsa;B3;B3 S.A. - Brasil, Bolsa, Balcão.;1980-08-19;;Básico;1980-08-19;
33.386.210/0001-19;2019-01-01;2;90143;SONDOTECNICA ENGENHARIA SOLOS S.A.;Ações Preferenciais;PNB;Preferencial Classe B;5.4;;Bolsa;B3;B3 S.A. - Brasil, Bolsa, Balcão.;1980-08-19;;Básico;1980-08-19;
33.386.210/0001-19;2019-01-01;2;90143;SONDOTECNICA ENGENHARIA SOLOS S.A.;Ações Preferenciais;PNA;Preferencial Classe A;5,4;;Bolsa;B3;B3 S.A. - Brasil, Bolsa, Balcão.;1980-08-19;;Básico;1980-08-19;
33.412.081/0001-96;2019-01-01;1;84882;REFINARIA DE PETROLEOS MANGUINHOS S.A.;Ações Ordinárias;;;9989;;Bolsa;B3;B3 S.A. - Brasil, Bolsa, Balcão.;1973-09-28;;Básico;1972-06-23;
33.467.572/0001-34;2019-01-01;2;91352;TEKNO S.A. - INDUSTRIA E COMERCIO;Ações Ordinárias;;;TKNO3;;Bolsa;B3;B3 S.A. - Brasil, Bolsa, Balcão.;1977-07-20;;Básico;1977-07-20;
33.467.572/0001-34;2019-01-01;2;91352;TEKNO S.A. - INDUSTRIA E COMERCIO;Ações Preferenciais;;;TKNO4;;Bolsa;B3;B3 S.A. - Brasil, Bolsa, Balcão.;1977-07-20;;Básico;1977-07-20;
33.541.368/0001-16;2019-01-01;2;83536;CIA HIDRO ELÉTRICA DO SÃO FRANCISCO;Ações Ordinárias;;;;;;;;;;;;
33.541.368/0001-16;2019-01-01;2;83536;CIA HIDRO ELÉTRICA DO SÃO FRANCISCO;Ações Preferenciais;;;;;;;;;;;;
33.592.510/0001-54;2019-01-01;3;92121;VALE S.A.;Ações Ordinárias;;;VALE3;;Bolsa;B3;B3 S.A. - Brasil, Bolsa, Balcão.;2017-12-22;;Novo Mercado;1968-04-01;
33.592.510/0001-54;2019-01-01;3;92121;VALE S.A.;Debêntures;;;;;Balcão Organizado;B3;B3 S.A. - Brasil, Bolsa, Balcão.;2002-10-28;;Básico;2002-10-28;
33.611.500/0001-19;2019-01-01;3;88937;GERDAU S.A.;Ações Ordinárias;;;GGBR3;;Bolsa;B3;B3 S.A. - Brasil, Bolsa, Balcão.;1980-09-03;;Nível 1 de Governança Corporativa;1980-09-03;
33.611.500/0001-19;2019-01-01;3;88937;GERDAU S.A.;Ações Preferenciais;;;GGBR4;;Bolsa;B3;B3 S.A. - Brasil, Bolsa, Balcão.;1980-09-03;;Nível 1 de Governança Corporativa;1980-09-03;
33.839.910/0001-11;2019-01-01;2;88641;Vivara Participações S.A.;Ações Ordinárias;;;VIVA3;;Bolsa;B3;B3 S.A. - Brasil, Bolsa, Balcão.;2019-10-10;;Novo Mercado;2019-10-08;
33.938.119/0001-69;2019-01-01;1;84228;CIA DISTRIB DE GAS DO RIO DE JANEIRO-CEG;Ações Ordinárias;;;CEGR3;;Bolsa;B3;B3 S.A. - Brasil, Bolsa, Balcão.;1997-11-17;;Básico;1997-11-17;
33.958.695/0001-78;2019-01-01;2;90662;UNIPAR CARBOCLORO S.A.;Ações Ordinárias;;;UNIP3;;Bolsa;B3;B3 S.A. - Brasil, Bolsa, Balcão.;1980-06-04;;Básico;1980-06-04;
33.958.695/0001-78;2019-01-01;2;90662;UNIPAR CARBOCLORO S.A.;Debêntures;;;;;Balcão Organizado;B3;B3 S.A. - Brasil, Bolsa, Balcão.;2018-03-28;;Básico;2018-03-28;
33.958.695/0001-78;2019-01-01;2;90662;UNIPAR CARBOCLORO S.A.;Ações Preferenciais;PNB;Preferencial Classe B;UNIP6;;Bolsa;B3;B3 S.A. - Brasil, Bolsa, Balcão.;1980-06-04;;Básico;1980-06-04;
33.958.695/0001-78;2019-01-01;2;90662;UNIPAR CARBOCLORO S.A.;Ações Preferenciais;PNA;Preferencial Classe A;UNIP5;;Bolsa;B3;B3 S.A. - Brasil, Bolsa, Balcão.;1980-06-04;;Básico;1980-06-04;
34.169.557/0001-72;2019-01-01;1;81086;BCO MERCANTIL DE INVESTIMENTOS S.A.;Ações Ordinárias;;;BMIN3;;Bolsa;B3;B3 S.A. - Brasil, Bolsa, Balcão.;1977-07-20;;Básico;1977-07-20;
34.169.557/0001-72;2019-01-01;1;81086;BCO MERCANTIL DE INVESTIMENTOS S.A.;Ações Preferenciais;;;BMIN4;;Bolsa;B3;B3 S.A. - Brasil, Bolsa, Balcão.;1977-07-20;;Básico;1977-07-20;
34.265.561/0001-34;2019-01-01;1;82004;BMG LEASING S.A. - ARREND. MERCANTIL;Debêntures;;;;;;;;;;;;
34.274.233/0001-02;2019-01-01;5;92605;PETROBRAS DISTRIBUIDORA S/A;Ações Ordinárias;;;BRDT3;;Bolsa;B3;B3 S.A. - Brasil, Bolsa, Balcão.;2017-12-15;;Novo Mercado;2017-12-15;
34.274.233/0001-02;2019-01-01;5;92605;PETROBRAS DISTRIBUIDORA S/A;Debêntures;;;;;Balcão Organizado;B3;B3 S.A. - Brasil, Bolsa, Balcão.;2017-12-15;;Básico;2017-12-15;
34.591.574/0001-01;2019-01-01;2;89050;UP ENGENHARIA E URBANISMO S.A.;Valor Mobiliário Não Registrado;;;;;;;;;;;;
35.791.391/0001-94;2019-01-01;2;93312;QUALITY SOFTWARE S.A.;Ações Ordinárias;;;QUSW3;;Bolsa;B3;B3 S.A. - Brasil, Bolsa, Balcão.;2013-12-03;;Bovespa Mais;2013-12-03;
36.542.025/0001-64;2019-01-01;1;84251;BRQ SOLUCOES EM INFORMATICA S.A.;Ações Ordinárias;;;;;;;;;;;;
42.150.391/0001-70;2019-01-01;3;85140;BRASKEM S.A.;Ações Ordinárias;;;BRKM3;;Bolsa;B3;B3 S.A. - Brasil, Bolsa, Balcão.;2003-02-13;;Nível 1 de Governança Corporativa;1978-12-18;
42.150.391/0001-70;2019-01-01;3;85140;BRASKEM S.A.;Ações Preferenciais;PNA;Preferencial Classe A;BRKM5;;Bolsa;B3;B3 S.A. - Brasil, Bolsa, Balcão.;2003-02-13;;Nível 1 de Governança Corporativa;1978-12-18;
42.150.391/0001-70;2019-01-01;3;85140;BRASKEM S.A.;Ações Preferenciais;PNB;Preferencial Classe B;BRKM6;;Bolsa;B3;B3 S.A. - Brasil, Bolsa, Balcão.;2003-02-13;;Nível 1 de Governança Corporativa;1978-12-18;
42.278.291/0001-24;2019-01-01;3;89002;LOG-IN LOGISTICA INTERMODAL S.A.;Ações Ordinárias;;;LOGN3;;Bolsa;B3;B3 S.A. - Brasil, Bolsa, Balcão.;2007-06-21;;Novo Mercado;2007-06-21;
42.278.291/0001-24;2019-01-01;3;89002;LOG-IN LOGISTICA INTERMODAL S.A.;Bônus de Subscrição;;;;;Bolsa;B3;B3 S.A. - Brasil, Bolsa, Balcão.;2016-09-29;2019-09-30;Novo Mercado;2016-09-29;
42.278.473/0001-03;2019-01-01;1;84849;WIZ SOLUÇÕES E CORRETAGEM DE SEGUROS S.A.;Ações Ordinárias;;;WIZS3;;Bolsa;B3;B3 S.A. - Brasil, Bolsa, Balcão.;2015-06-05;;Novo Mercado;2015-06-05;
42.331.462/0001-31;2019-01-01;1;84191;BATTISTELLA ADM PARTICIPACOES S.A.;Ações Ordinárias;;;1545-8;;Bolsa;B3;B3 S.A. - Brasil, Bolsa, Balcão.;1996-03-14;;Básico;1996-03-14;
42.771.949/0001-35;2019-01-01;1;80179;CENTRO DE IMAGEM DIAGNOSTICOS S.A.;Ações Ordinárias;;;AALR3;;Bolsa;B3;B3 S.A. - Brasil, Bolsa, Balcão.;2016-10-28;;Novo Mercado;2016-10-28;
43.185.362/0001-07;2019-01-01;3;90193;IGB ELETRÔNICA S/A;Ações Ordinárias;;;IGBR3;;Bolsa;B3;B3 S.A. - Brasil, Bolsa, Balcão.;1973-12-19;;Básico;1973-12-19;
43.470.988/0001-65;2019-01-01;3;89733;EVEN CONSTRUTORA E INCORPORADORA S.A.;Ações Ordinárias;;;EVEN3;;Bolsa;B3;B3 S.A. - Brasil, Bolsa, Balcão.;2019-04-02;;Novo Mercado;2019-04-02;
43.776.517/0001-80;2019-01-01;2;84333;CIA SANEAMENTO BASICO EST SAO PAULO;Ações Ordinárias;;;SBSP3;;Bolsa;B3;B3 S.A. - Brasil, Bolsa, Balcão.;2002-02-24;;Novo Mercado;1997-06-04;
43.776.517/0001-80;2019-01-01;2;84333;CIA SANEAMENTO BASICO EST SAO PAULO;Debêntures;;;;;Balcão Organizado;B3;B3 S.A. - Brasil, Bolsa, Balcão.;2012-02-15;;Básico;2012-02-15;
45.242.914/0001-05;2019-01-01;2;88846;C&A Modas S.A.;Ações Ordinárias;;;CEAB3;;Bolsa;B3;B3 S.A. - Brasil, Bolsa, Balcão.;2019-10-28;2019-10-28;Novo Mercado;2019-10-24;
45.453.214/0001-51;2019-01-01;3;92355;PROFARMA DISTRIB PROD FARMACEUTICOS S.A.;Ações Ordinárias;;;PFRM3;;Bolsa;B3;B3 S.A. - Brasil, Bolsa, Balcão.;2016-10-26;;Novo Mercado;2016-10-26;
45.987.245/0001-92;2019-01-01;2;86890;BAHEMA EDUCACAO S.A.;Ações Ordinárias;;;BAHI3;;Bolsa;B3;B3 S.A. - Brasil, Bolsa, Balcão.;2018-01-26;;Bovespa Mais;1974-01-02;
46.119.855/0001-37;2019-01-01;2;82612;SOC.DE ABASTEC.DE ÁGUA E SANEAMENTO S.A.;Debêntures;;;;;;;;;;;;
47.508.411/0001-56;2019-01-01;3;91314;CIA BRASILEIRA DE DISTRIBUICAO;Debêntures;;;;;Balcão Organizado;B3;B3 S.A. - Brasil, Bolsa, Balcão.;2014-09-12;;Básico;2014-09-12;
47.508.411/0001-56;2019-01-01;3;91314;CIA BRASILEIRA DE DISTRIBUICAO;Ações Ordinárias;;;PCAR3;;Bolsa;B3;B3 S.A. - Brasil, Bolsa, Balcão.;1995-09-22;;Nível 1 de Governança Corporativa;1995-09-22;
47.960.950/0001-21;2019-01-01;2;88916;MAGAZINE LUIZA S.A.;Ações Preferenciais;PNA;Preferencial Classe A;MGLU3;;Bolsa;B3;B3 S.A. - Brasil, Bolsa, Balcão.;2011-05-02;;Novo Mercado;2011-05-02;
49.263.189/0001-02;2019-01-01;1;80694;HELBOR EMPREENDIMENTOS S.A.;Ações Ordinárias;;;HBOR3;;Bolsa;B3;B3 S.A. - Brasil, Bolsa, Balcão.;2007-10-29;;Novo Mercado;2007-10-29;
49.669.856/0001-43;2019-01-01;1;84682;RESTOQUE COMÉRCIO E CONFECÇÕES DE ROUPAS S.A.;Ações Ordinárias;;;LLIS3;;Bolsa;B3;B3 S.A. - Brasil, Bolsa, Balcão.;2008-04-29;;Novo Mercado;2008-04-28;
50.564.053/0001-03;2019-01-01;2;93268;BOMBRIL S.A.;Ações Ordinárias;;;BOBR3;;Bolsa;B3;B3 S.A. - Brasil, Bolsa, Balcão.;1984-09-26;;Básico;1984-09-26;
50.564.053/0001-03;2019-01-01;2;93268;BOMBRIL S.A.;Ações Preferenciais;;;BOBR4;;Bolsa;B3;B3 S.A. - Brasil, Bolsa, Balcão.;1984-09-26;;Básico;1984-09-26;
50.746.577/0001-15;2019-01-01;4;91226;COSAN S.A.;Ações Ordinárias;;;CSAN3;;Bolsa;B3;B3 S.A. - Brasil, Bolsa, Balcão.;2005-11-17;;Novo Mercado;2005-11-17;
50.926.955/0001-42;2019-01-01;4;90145;VULCABRAS/AZALEIA S.A.;Ações Ordinárias;;;VULC3;;Bolsa;B3;B3 S.A. - Brasil, Bolsa, Balcão.;2017-10-26;;Novo Mercado;1977-07-20;
51.128.999/0001-90;2019-01-01;1;82679;NUTRIPLANT INDUSTRIA E COMERCIO S.A.;Ações Ordinárias;;;NUTR3;;Bolsa;B3;B3 S.A. - Brasil, Bolsa, Balcão.;2008-02-13;;Bovespa Mais;2008-02-13;
51.218.147/0001-93;2019-01-01;2;82718;IGUATEMI EMPRESA DE SHOPPING CENTERS S.A;Ações Ordinárias;;;IGTA3;;Bolsa;B3;B3 S.A. - Brasil, Bolsa, Balcão.;2007-02-07;;Novo Mercado;2007-02-07;
51.466.860/0001-56;2019-01-01;2;86888;SAO MARTINHO S.A.;Ações Ordinárias;;;SMTO3;;Bolsa;B3;B3 S.A. - Brasil, Bolsa, Balcão.;2007-02-09;;Novo Mercado;2007-02-09;
51.928.174/0001-50;2019-01-01;2;82213;PLASCAR PARTICIPACOES INDUSTRIAIS S.A.;Ações Ordinárias;;;BOLSA;;Bolsa;B3;B3 S.A. - Brasil, Bolsa, Balcão.;1989-04-19;;Bovespa Mais N2;1989-04-19;
52.548.435/0001-79;2019-01-01;1;84741;JSL S.A.;Ações Ordinárias;;;JSLG3;;Bolsa;B3;B3 S.A. - Brasil, Bolsa, Balcão.;2010-04-20;;Novo Mercado;2010-04-20;
52.548.435/0001-79;2019-01-01;1;84741;JSL S.A.;Debêntures;;;;;Balcão Organizado;B3;B3 S.A. - Brasil, Bolsa, Balcão.;2010-12-20;;Básico;2010-12-20;
53.113.791/0001-22;2019-01-01;1;83108;TOTVS S.A.;Ações Ordinárias;;;TOTS3;;Bolsa;B3;B3 S.A. - Brasil, Bolsa, Balcão.;2006-03-07;;Novo Mercado;2006-03-07;
54.526.082/0001-31;2019-01-01;2;85415;ITAUTEC S.A. - GRUPO ITAUTEC;Ações Ordinárias;;;ITEC3;;Bolsa;B3;B3 S.A. - Brasil, Bolsa, Balcão.;1985-11-14;2019-06-14;Básico;1985-11-14;2019-06-24
56.643.018/0001-66;2019-01-01;2;82770;EUCATEX S.A. INDUSTRIA E COMERCIO;Ações Ordinárias;;;EUCA3;;Bolsa;B3;B3 S.A. - Brasil, Bolsa, Balcão.;2012-07-01;;Nível 1 de Governança Corporativa;1969-08-20;
56.643.018/0001-66;2019-01-01;2;82770;EUCATEX S.A. INDUSTRIA E COMERCIO;Ações Preferenciais;PNA;Preferencial Classe A;EUCA4;;Bolsa;B3;B3 S.A. - Brasil, Bolsa, Balcão.;2012-07-01;;Nível 1 de Governança Corporativa;1969-08-20;
56.720.428/0001-63;2019-01-01;3;88862;INDUSTRIAS ROMI S.A.;Ações Ordinárias;;;ROMI3;;Bolsa;B3;B3 S.A. - Brasil, Bolsa, Balcão.;2007-03-23;;Nível 1 de Governança Corporativa;2007-03-23;
56.992.423/0001-90;2019-01-01;1;81076;BICICLETAS MONARK S.A.;Ações Ordinárias;;;BMKS3;;Bolsa;B3;B3 S.A. - Brasil, Bolsa, Balcão.;1973-11-28;;Básico;1973-11-28;
58.119.199/0001-51;2019-01-01;1;82022;ODONTOPREV S.A.;Ações Ordinárias;;;ODPV3;;Bolsa;B3;B3 S.A. - Brasil, Bolsa, Balcão.;2006-11-30;;Novo Mercado;2006-11-30;
58.430.828/0001-60;2019-01-01;1;80154;Blau Farmacêutica S.A.;Valor Mobiliário Não Registrado;;;;;;;;;;;;
59.105.999/0001-86;2019-01-01;2;89205;WHIRLPOOL S.A.;Ações Ordinárias;;;WHRL3;;Bolsa;B3;B3 S.A. - Brasil, Bolsa, Balcão.;1994-04-26;;Básico;1994-04-26;
59.105.999/0001-86;2019-01-01;2;89205;WHIRLPOOL S.A.;Ações Preferenciais;;;WHRL4;;Bolsa;B3;B3 S.A. - Brasil, Bolsa, Balcão.;1994-04-26;;Básico;1994-04-26;
59.285.411/0001-13;2019-01-01;2;82274;BCO PAN S.A.;Ações Preferenciais;PNA;Preferencial Classe A;BPAN4;;Bolsa;B3;B3 S.A. - Brasil, Bolsa, Balcão.;2010-01-01;;Nível 1 de Governança Corporativa;2007-11-19;
59.789.545/0001-71;2019-01-01;2;83126;POLPAR S.A.;Ações Ordinárias;;;PPAR3;;Bolsa;B3;B3 S.A. - Brasil, Bolsa, Balcão.;1989-05-31;;Básico;1989-05-31;
60.398.369/0004-79;2019-01-01;4;90065;PARANAPANEMA S.A.;Ações Ordinárias;;;PMAM3;;Bolsa;B3;B3 S.A. - Brasil, Bolsa, Balcão.;2012-02-15;;Novo Mercado;1971-03-15;
60.444.437/0001-46;2019-01-01;1;83145;LIGHT SERVICOS DE ELETRICIDADE S.A.;Debêntures;;;;;Balcão Não-Organizado;B3;B3 S.A. - Brasil, Bolsa, Balcão.;2013-06-15;;Básico;2013-06-15;
60.444.437/0001-46;2019-01-01;1;83145;LIGHT SERVICOS DE ELETRICIDADE S.A.;Nota Comercial;;;;;Balcão Não-Organizado;B3;B3 S.A. - Brasil, Bolsa, Balcão.;2017-12-21;;Básico;2017-12-21;
60.476.884/0001-87;2019-01-01;1;79966;MAHLE-METAL LEVE S.A.;Ações Ordinárias;;;LEVE3;;Bolsa;B3;B3 S.A. - Brasil, Bolsa, Balcão.;2011-07-05;;Novo Mercado;1977-07-20;
60.500.139/0001-26;2019-01-01;2;80197;SARAIVA LIVREIROS S.A. - EM RECUPERAÇÃO JUDICIAL;Ações Ordinárias;;;SLED3;;Bolsa;B3;B3 S.A. - Brasil, Bolsa, Balcão.;2006-04-12;;Nível 2 de Governança Corporativa;1972-03-14;
60.500.139/0001-26;2019-01-01;2;80197;SARAIVA LIVREIROS S.A. - EM RECUPERAÇÃO JUDICIAL;Ações Preferenciais;;;SLED4;;Bolsa;B3;B3 S.A. - Brasil, Bolsa, Balcão.;2006-04-12;;Nível 2 de Governança Corporativa;1972-03-14;
60.543.816/0001-93;2019-01-01;1;84008;JEREISSATI PARTICIPACOES S.A.;Ações Ordinárias;;;JPSA3;;Bolsa;B3;B3 S.A. - Brasil, Bolsa, Balcão.;1946-03-12;;Básico;1946-03-12;
60.637.238/0001-54;2019-01-01;2;85265;INDUSTRIAS J B DUARTE S.A.;Ações Ordinárias;;;JBDU3;;Bolsa;B3;B3 S.A. - Brasil, Bolsa, Balcão.;1985-05-14;;Básico;1985-05-14;
60.643.228/0001-21;2019-01-01;2;80285;FIBRIA CELULOSE S.A.;Ações Ordinárias;;;FIBR3;;Bolsa;B3;B3 S.A. - Brasil, Bolsa, Balcão.;2010-05-20;;Novo Mercado;2010-05-20;
60.651.809/0001-05;2019-01-01;3;89702;SUZANO HOLDING S.A.;Ações Ordinárias;;;NEMO3;;Bolsa;B3;B3 S.A. - Brasil, Bolsa, Balcão.;1982-12-22;;Básico;1982-12-21;
60.651.809/0001-05;2019-01-01;3;89702;SUZANO HOLDING S.A.;Ações Preferenciais;PNA;Preferencial Classe A;NEMO5;;Bolsa;B3;B3 S.A. - Brasil, Bolsa, Balcão.;2010-04-09;;Básico;1982-12-21;
60.651.809/0001-05;2019-01-01;3;89702;SUZANO HOLDING S.A.;Ações Preferenciais;PNB;Preferencial Classe B;NEMO6;;Bolsa;B3;B3 S.A. - Brasil, Bolsa, Balcão.;2011-05-18;;Básico;1982-12-21;
60.730.348/0001-66;2019-01-01;2;85353;CIA MELHORAMENTOS DE SAO PAULO;Ações Ordinárias;;;;;;;;;;;;
60.730.348/0001-66;2019-01-01;2;85353;CIA MELHORAMENTOS DE SAO PAULO;Ações Preferenciais;;;;;;;;;;;;
60.746.948/0001-12;2019-01-01;4;82637;BCO BRADESCO S.A.;Ações Ordinárias;;;BBDC3;;Bolsa;B3;B3 S.A. - Brasil, Bolsa, Balcão.;2001-06-26;;Nível 1 de Governança Corporativa;1946-11-26;
60.746.948/0001-12;2019-01-01;4;82637;BCO BRADESCO S.A.;Ações Preferenciais;;;BBDC4;;Bolsa;B3;B3 S.A. - Brasil, Bolsa, Balcão.;2001-06-26;;Nível 1 de Governança Corporativa;1946-11-26;
60.770.336/0001-65;2019-01-01;2;90183;BCO ALFA DE INVESTIMENTO S.A.;Ações Ordinárias;;;BRIV3;;Bolsa;B3;B3 S.A. - Brasil, Bolsa, Balcão.;1977-07-20;;Básico;1977-07-20;
60.770.336/0001-65;2019-01-01;2;90183;BCO ALFA DE INVESTIMENTO S.A.;Ações Preferenciais;;;BRIV4;;Bolsa;B3;B3 S.A. - Brasil, Bolsa, Balcão.;1977-07-20;;Básico;1977-07-20;
60.840.055/0001-31;2019-01-01;1;84319;FLEURY S.A.;Ações Ordinárias;;;FLRY3;;Bolsa;B3;B3 S.A. - Brasil, Bolsa, Balcão.;2009-12-16;;Novo Mercado;2009-12-16;
60.851.615/0001-53;2019-01-01;2;87012;BARDELLA S.A. INDUSTRIAS MECANICAS;Ações Ordinárias;;;BDLL3;;Bolsa;B3;B3 S.A. - Brasil, Bolsa, Balcão.;1969-11-26;;Básico;1969-11-26;
60.851.615/0001-53;2019-01-01;2;87012;BARDELLA S.A. INDUSTRIAS MECANICAS;Ações Preferenciais;PNA;Preferencial Classe A;BDLL4;;Bolsa;B3;B3 S.A. - Brasil, Bolsa, Balcão.;1969-11-26;;Básico;1969-11-26;
60.872.504/0001-23;2019-01-01;4;85461;ITAU UNIBANCO HOLDING S.A.;Ações Ordinárias;;;ITUB3;;Bolsa;B3;B3 S.A. - Brasil, Bolsa, Balcão.;2002-12-30;;Nível 1 de Governança Corporativa;2002-12-30;
60.872.504/0001-23;2019-01-01;4;85461;ITAU UNIBANCO HOLDING S.A.;Ações Preferenciais;;;ITUB4;;Bolsa;B3;B3 S.A. - Brasil, Bolsa, Balcão.;2002-12-30;;Nível 1 de Governança Corporativa;2002-12-30;
60.884.319/0001-59;2019-01-01;1;83363;NORDON INDS METALURGICAS SA;Ações Ordinárias;;;1;;Bolsa;B3;B3 S.A. - Brasil, Bolsa, Balcão.;1988-04-28;;Básico;1988-04-28;
60.894.730/0001-05;2019-01-01;1;80198;USINAS SID DE MINAS GERAIS S.A.-USIMINAS;Ações Ordinárias;;;USIM3;;Bolsa;B3;B3 S.A. - Brasil, Bolsa, Balcão.;2007-10-11;;Nível 1 de Governança Corporativa;1994-04-11;
60.894.730/0001-05;2019-01-01;1;80198;USINAS SID DE MINAS GERAIS S.A.-USIMINAS;Debêntures;;;USIM16;;Balcão Organizado;B3;B3 S.A. - Brasil, Bolsa, Balcão.;2007-10-11;;Básico;1998-10-31;
60.894.730/0001-05;2019-01-01;1;80198;USINAS SID DE MINAS GERAIS S.A.-USIMINAS;Ações Preferenciais;PNB;Preferencial Classe B;USIM6;;Bolsa;B3;B3 S.A. - Brasil, Bolsa, Balcão.;2007-10-11;;Nível 1 de Governança Corporativa;1994-04-11;
60.894.730/0001-05;2019-01-01;1;80198;USINAS SID DE MINAS GERAIS S.A.-USIMINAS;Ações Preferenciais;PNA;Preferencial Classe A;USIM5;;Bolsa;B3;B3 S.A. - Brasil, Bolsa, Balcão.;2007-10-11;;Nível 1 de Governança Corporativa;1994-04-11;
60.933.603/0001-78;2019-01-01;6;85025;CESP - CIA ENERGETICA DE SAO PAULO;Ações Ordinárias;;;CESP3;;Bolsa;B3;B3 S.A. - Brasil, Bolsa, Balcão.;2006-07-28;;Nível 1 de Governança Corporativa;1971-09-27;
60.933.603/0001-78;2019-01-01;6;85025;CESP - CIA ENERGETICA DE SAO PAULO;Debêntures;;;;;Balcão Organizado;B3;B3 S.A. - Brasil, Bolsa, Balcão.;2019-04-09;;Básico;2019-04-09;
60.933.603/0001-78;2019-01-01;6;85025;CESP - CIA ENERGETICA DE SAO PAULO;Ações Preferenciais;PNB;Preferencial Classe B;CESP6;;Bolsa;B3;B3 S.A. - Brasil, Bolsa, Balcão.;2006-09-27;;Nível 1 de Governança Corporativa;2006-09-27;
60.933.603/0001-78;2019-01-01;6;85025;CESP - CIA ENERGETICA DE SAO PAULO;Ações Preferenciais;PNA;Preferencial Classe A;CESP5;;Bolsa;B3;B3 S.A. - Brasil, Bolsa, Balcão.;2006-07-28;;Nível 1 de Governança Corporativa;1971-09-27;
61.022.042/0001-18;2019-01-01;1;84500;CONSTRUTORA ADOLPHO LINDENBERG S.A.;Ações Ordinárias;;;CALI3;;Bolsa;B3;B3 S.A. - Brasil, Bolsa, Balcão.;1977-07-20;;Básico;1977-07-20;
61.022.042/0001-18;2019-01-01;1;84500;CONSTRUTORA ADOLPHO LINDENBERG S.A.;Ações Preferenciais;;;CAL4;;Bolsa;B3;B3 S.A. - Brasil, Bolsa, Balcão.;1977-07-20;;Básico;1977-07-20;
61.024.352/0001-71;2019-01-01;5;90998;BCO INDUSVAL S.A.;Ações Ordinárias;;;IDVL3;;Bolsa;B3;B3 S.A. - Brasil, Bolsa, Balcão.;2012-03-01;;Nível 2 de Governança Corporativa;2007-07-10;
61.024.352/0001-71;2019-01-01;5;90998;BCO INDUSVAL S.A.;Ações Preferenciais;PNA;Preferencial Classe A;IDVL4;;Bolsa;B3;B3 S.A. - Brasil, Bolsa, Balcão.;2012-03-01;;Nível 2 de Governança Corporativa;2007-07-10;
61.065.298/0001-02;2019-01-01;1;83999;MANGELS INDUSTRIAL S.A.;Ações Ordinárias;;;MGEL3;;Bolsa;B3;B3 S.A. - Brasil, Bolsa, Balcão.;1971-12-28;;Básico;1971-12-28;
61.065.298/0001-02;2019-01-01;1;83999;MANGELS INDUSTRIAL S.A.;Ações Preferenciais;;;MGEL4;;Bolsa;B3;B3 S.A. - Brasil, Bolsa, Balcão.;1971-12-28;;Básico;1971-12-28;
61.065.751/0001-80;2019-01-01;3;90969;ROSSI RESIDENCIAL S.A.;Ações Ordinárias;;;RSID3;;Bolsa;B3;B3 S.A. - Brasil, Bolsa, Balcão.;2006-01-27;;Novo Mercado;1997-07-22;
61.067.161/0001-97;2019-01-01;2;86128;NADIR FIGUEIREDO IND E COM S.A.;Ações Ordinárias;;;NAFG3;;Bolsa;B3;B3 S.A. - Brasil, Bolsa, Balcão.;1977-07-20;;Básico;1977-07-20;
61.067.161/0001-97;2019-01-01;2;86128;NADIR FIGUEIREDO IND E COM S.A.;Ações Preferenciais;;;NAFG4;;Bolsa;B3;B3 S.A. - Brasil, Bolsa, Balcão.;1977-07-20;;Básico;1977-07-20;
61.079.117/0001-05;2019-01-01;4;87179;ALPARGATAS S.A.;Ações Ordinárias;;;ALPA3;;Bolsa;B3;B3 S.A. - Brasil, Bolsa, Balcão.;2003-07-15;;Nível 1 de Governança Corporativa;1977-07-20;
61.079.117/0001-05;2019-01-01;4;87179;ALPARGATAS S.A.;Debêntures;;;;;Balcão Organizado;B3;B3 S.A. - Brasil, Bolsa, Balcão.;2017-12-15;;Básico;2017-12-15;
61.079.117/0001-05;2019-01-01;4;87179;ALPARGATAS S.A.;Ações Preferenciais;PNA;Preferencial Classe A;ALPA4;;Bolsa;B3;B3 S.A. - Brasil, Bolsa, Balcão.;2003-07-15;;Nível 1 de Governança Corporativa;1977-07-20;
61.080.313/0001-91;2019-01-01;1;81505;COBRASMA S.A.;Ações Ordinárias;;;;;;;;;;;;
61.082.004/0001-50;2019-01-01;1;84859;MANUFATURA DE BRINQUEDOS ESTRELA S.A.;Ações Preferenciais;PNA;Preferencial Classe A;ESTR4;;Bolsa;B3;B3 S.A. - Brasil, Bolsa, Balcão.;1968-06-28;;Básico;1968-06-28;
61.088.894/0001-08;2019-01-01;1;82874;CAMBUCI S.A.;Ações Preferenciais;;;CAMB4;;Bolsa;B3;B3 S.A. - Brasil, Bolsa, Balcão.;1985-01-05;;Básico;1985-01-05;
61.092.037/0001-81;2019-01-01;2;80763;ETERNIT S.A. - Em Recuperação Judicial;Ações Ordinárias;;;ETER3;;Bolsa;B3;B3 S.A. - Brasil, Bolsa, Balcão.;2006-08-17;;Novo Mercado;1948-11-25;
61.101.895/0001-45;2019-01-01;1;81473;SANTHER FAB DE PAPEL STA THEREZINHA S.A.;Debêntures;;;;;Balcão Organizado;B3;B3 S.A. - Brasil, Bolsa, Balcão.;2013-01-01;2017-12-31;Básico;2013-01-01;2017-12-31
61.156.113/0001-75;2019-01-01;3;89953;IOCHPE MAXION S.A.;Ações Ordinárias;;;MYPK3;;Bolsa;B3;B3 S.A. - Brasil, Bolsa, Balcão.;2008-03-24;;Novo Mercado;1984-07-17;
61.156.113/0001-75;2019-01-01;3;89953;IOCHPE MAXION S.A.;Debêntures;;;;;Balcão Organizado;B3;B3 S.A. - Brasil, Bolsa, Balcão.;2014-04-01;;Básico;2014-04-01;
61.156.113/0001-75;2019-01-01;3;89953;IOCHPE MAXION S.A.;Debêntures Conversíveis;;;;;Balcão Organizado;B3;B3 S.A. - Brasil, Bolsa, Balcão.;2013-04-01;;Básico;2013-04-01;
61.156.113/0001-75;2019-01-01;3;89953;IOCHPE MAXION S.A.;Bônus de Subscrição;;;;;Bolsa;B3;B3 S.A. - Brasil, Bolsa, Balcão.;2014-04-01;;Novo Mercado;2014-04-01;
61.156.113/0001-75;2019-01-01;3;89953;IOCHPE MAXION S.A.;Debêntures;;;;;Balcão Não-Organizado;B3;B3 S.A. - Brasil, Bolsa, Balcão.;2018-03-26;;Novo Mercado;2018-03-26;
61.156.931/0001-78;2019-01-01;2;88615;SIDERURGICA J. L. ALIPERTI S.A.;Ações Ordinárias;;;APTI3;;Bolsa;B3;B3 S.A. - Brasil, Bolsa, Balcão.;1986-06-06;;Básico;1986-06-06;
61.156.931/0001-78;2019-01-01;2;88615;SIDERURGICA J. L. ALIPERTI S.A.;Ações Preferenciais;;;APTI4;;Bolsa;B3;B3 S.A. - Brasil, Bolsa, Balcão.;1986-06-06;;Básico;1986-06-06;
61.186.680/0001-74;2019-01-01;3;88833;BANCO BMG S/A;Units;;;BMGB11;1 PN + 3 Recibos de Subscrição;Bolsa;B3;B3 S.A. - Brasil, Bolsa, Balcão.;2019-10-28;;Nível 1 de Governança Corporativa;2019-10-28;
61.189.288/0001-89;2019-01-01;2;90299;MARISA LOJAS S.A.;Ações Ordinárias;;;022055;;Bolsa;B3;B3 S.A. - Brasil, Bolsa, Balcão.;2010-06-14;;Novo Mercado;2010-06-14;
61.351.532/0001-68;2019-01-01;3;95628;AZEVEDO E TRAVASSOS S.A.;Ações Preferenciais;PNA;Preferencial Classe A;AZEV4;;Bolsa;B3;B3 S.A. - Brasil, Bolsa, Balcão.;1991-11-01;;Básico;1991-11-01;
61.374.161/0001-30;2019-01-01;1;82688;BAUMER S.A.;Ações Ordinárias;;;BALM3;;Bolsa;B3;B3 S.A. - Brasil, Bolsa, Balcão.;1970-05-20;;Básico;1970-05-20;
61.374.161/0001-30;2019-01-01;1;82688;BAUMER S.A.;Ações Preferenciais;;;BALM4;;Bolsa;B3;B3 S.A. - Brasil, Bolsa, Balcão.;1970-05-20;;Básico;1970-05-20;
61.486.650/0001-83;2019-01-01;2;88513;DIAGNOSTICOS DA AMERICA S.A.;Ações Ordinárias;;;DASA3;;Bolsa;B3;B3 S.A. - Brasil, Bolsa, Balcão.;2016-02-02;;Básico;2016-02-02;
61.486.650/0001-83;2019-01-01;2;88513;DIAGNOSTICOS DA AMERICA S.A.;Debêntures;;;;;Balcão Organizado;B3;B3 S.A. - Brasil, Bolsa, Balcão.;2006-04-01;;Básico;2006-04-01;
61.486.650/0001-83;2019-01-01;2;88513;DIAGNOSTICOS DA AMERICA S.A.;Nota Comercial;;;;;Balcão Organizado;B3;B3 S.A. - Brasil, Bolsa, Balcão.;2017-06-21;;Básico;2017-06-21;
61.532.644/0001-15;2019-01-01;1;82855;ITAUSA INVESTIMENTOS ITAU S.A.;Ações Ordinárias;;;ITSA3;;Bolsa;B3;B3 S.A. - Brasil, Bolsa, Balcão.;2001-06-26;;Nível 1 de Governança Corporativa;1978-06-30;
61.532.644/0001-15;2019-01-01;1;82855;ITAUSA INVESTIMENTOS ITAU S.A.;Debêntures;;;;;Balcão Organizado;B3;B3 S.A. - Brasil, Bolsa, Balcão.;2017-05-24;;Básico;2017-05-24;
61.532.644/0001-15;2019-01-01;1;82855;ITAUSA INVESTIMENTOS ITAU S.A.;Ações Preferenciais;;;ITSA4;;Bolsa;B3;B3 S.A. - Brasil, Bolsa, Balcão.;2001-06-26;;Nível 1 de Governança Corporativa;1978-06-30;
61.584.140/0001-49;2019-01-01;7;92696;REDE ENERGIA PARTICIPAÇÕES S.A.;Ações Ordinárias;;;REDE3;;Bolsa;B3;B3 S.A. - Brasil, Bolsa, Balcão.;1969-10-16;;Básico;1969-10-16;
61.585.865/0001-51;2019-01-01;1;80085;RAIA DROGASIL S.A.;Ações Ordinárias;;;RADL3;;Bolsa;B3;B3 S.A. - Brasil, Bolsa, Balcão.;2007-07-03;;Novo Mercado;2007-07-03;
61.695.227/0001-93;2019-01-01;2;90038;ELETROPAULO METROP. ELET. SAO PAULO S.A.;Debêntures;;;;;Balcão Organizado;B3;B3 S.A. - Brasil, Bolsa, Balcão.;2005-12-23;;Básico;2005-12-23;
61.856.571/0001-17;2019-01-01;3;90894;CIA GAS DE SAO PAULO - COMGAS;Ações Ordinárias;;;CGAS3;;Bolsa;B3;B3 S.A. - Brasil, Bolsa, Balcão.;1997-09-11;;Básico;1997-09-11;
61.856.571/0001-17;2019-01-01;3;90894;CIA GAS DE SAO PAULO - COMGAS;Debêntures;;;;;Balcão Não-Organizado;B3;B3 S.A. - Brasil, Bolsa, Balcão.;2008-08-05;;Básico;2008-08-05;
61.856.571/0001-17;2019-01-01;3;90894;CIA GAS DE SAO PAULO - COMGAS;Ações Preferenciais;;;CGAS5;;Bolsa;B3;B3 S.A. - Brasil, Bolsa, Balcão.;1997-09-11;;Básico;1997-09-11;
62.002.886/0001-60;2019-01-01;3;85222;SAO PAULO TURISMO S.A.;Ações Ordinárias;;;AHEB3;;Bolsa;B3;B3 S.A. - Brasil, Bolsa, Balcão.;2014-04-30;;Básico;2014-04-30;
62.002.886/0001-60;2019-01-01;3;85222;SAO PAULO TURISMO S.A.;Ações Preferenciais;PNA;Preferencial Classe A;AHEB5;;Bolsa;B3;B3 S.A. - Brasil, Bolsa, Balcão.;2014-04-30;;Básico;2014-04-30;
62.002.886/0001-60;2019-01-01;3;85222;SAO PAULO TURISMO S.A.;Ações Preferenciais;PNB;Preferencial Classe B;AHEB6;;Bolsa;B3;B3 S.A. - Brasil, Bolsa, Balcão.;2014-04-30;;Básico;2014-04-30;
62.144.175/0001-20;2019-01-01;2;83910;BCO PINE S.A.;Ações Preferenciais;;;PINE4;;Bolsa;B3;B3 S.A. - Brasil, Bolsa, Balcão.;2012-03-30;;Nível 2 de Governança Corporativa;2007-04-02;
62.307.848/0001-15;2019-01-01;1;84668;BANCO RCI BRASIL S.A.;Letras Financeiras;;;;;Balcão Não-Organizado;;;;;;;
64.904.295/0001-03;2019-01-01;1;83076;CAMIL ALIMENTOS S.A.;Ações Ordinárias;;;CAML3;;Bolsa;B3;B3 S.A. - Brasil, Bolsa, Balcão.;2017-09-28;;Novo Mercado;2017-09-26;
65.654.303/0001-73;2019-01-01;3;86883;DIBENS LEASING S.A. - ARREND.MERCANTIL;Debêntures;;;;;Bolsa;B3;B3 S.A. - Brasil, Bolsa, Balcão.;1993-09-28;;Básico;1993-09-28;
67.010.660/0001-24;2019-01-01;1;81192;RNI NEGÓCIOS IMOBILIÁRIOS S.A.;Ações Ordinárias;;;RDNI3;;Bolsa;B3;B3 S.A. - Brasil, Bolsa, Balcão.;2007-01-30;;Novo Mercado;2007-01-30;
67.571.414/0001-41;2019-01-01;2;80498;VIVER INCORP. E CONSTRUTORA S.A.- Em Recuperação Judicial;Ações Ordinárias;;;VIVR3;;Bolsa;B3;B3 S.A. - Brasil, Bolsa, Balcão.;2007-06-06;;Novo Mercado;2007-06-06;
67.620.377/0001-14;2019-01-01;1;81281;MINERVA S.A.;Ações Ordinárias;;;BEEF3;;Bolsa;B3;B3 S.A. - Brasil, Bolsa, Balcão.;2007-07-20;;Novo Mercado;2007-07-20;
67.620.377/0001-14;2019-01-01;1;81281;MINERVA S.A.;Bônus de Subscrição;;;;;Bolsa;B3;B3 S.A. - Brasil, Bolsa, Balcão.;2018-12-21;;Novo Mercado;2018-12-21;
71.476.527/0001-35;2019-01-01;1;84064;CONSTRUTORA TENDA S.A.;Ações Ordinárias;;;TEND3;;Bolsa;B3;B3 S.A. - Brasil, Bolsa, Balcão.;2017-06-26;;Novo Mercado;2017-05-04;
71.673.990/0001-77;2019-01-01;3;83854;NATURA COSMETICOS S.A.;Ações Ordinárias;;;NATU3;;Bolsa;B3;B3 S.A. - Brasil, Bolsa, Balcão.;2004-05-26;;Novo Mercado;2004-05-26;
73.178.600/0001-18;2019-01-01;2;84960;CYRELA BRAZIL REALTY S.A.EMPREEND E PART;Ações Ordinárias;;;CYRE3;;Bolsa;B3;B3 S.A. - Brasil, Bolsa, Balcão.;2005-09-22;;Novo Mercado;2005-09-22;
73.178.600/0001-18;2019-01-01;2;84960;CYRELA BRAZIL REALTY S.A.EMPREEND E PART;Certificados de Recebíveis Imobiliários;;;;;Balcão Não-Organizado;;;;;;2011-06-01;
74.409.467/0001-26;2019-01-01;3;83792;FENICIAPAR S/A;Debêntures Conversíveis;;;;;Balcão Organizado;B3;B3 S.A. - Brasil, Bolsa, Balcão.;1995-09-15;;Básico;1995-09-15;
75.315.333/0001-09;2019-01-01;3;83030;ATACADÃO S.A.;Ações Ordinárias;;;CRFB3;;Bolsa;B3;B3 S.A. - Brasil, Bolsa, Balcão.;2017-07-20;;Novo Mercado;2017-07-19;
75.315.333/0001-09;2019-01-01;3;83030;ATACADÃO S.A.;Debêntures;;;;;Balcão Organizado;B3;B3 S.A. - Brasil, Bolsa, Balcão.;2018-04-27;;Básico;2018-04-27;
75.609.123/0001-23;2019-01-01;3;88747;OURO VERDE LOCACAO E SERVICO S.A.;Debêntures;;;;;Balcão Organizado;B3;B3 S.A. - Brasil, Bolsa, Balcão.;2014-03-15;;Básico;2014-03-15;
76.483.817/0001-20;2019-01-01;3;84579;CIA PARANAENSE DE ENERGIA - COPEL;Ações Ordinárias;;;CPLE3;;Bolsa;B3;B3 S.A. - Brasil, Bolsa, Balcão.;2008-05-07;;Nível 1 de Governança Corporativa;1994-04-12;
76.483.817/0001-20;2019-01-01;3;84579;CIA PARANAENSE DE ENERGIA - COPEL;Debêntures;;;;;Balcão Não-Organizado;B3;B3 S.A. - Brasil, Bolsa, Balcão.;2018-01-19;;Básico;2018-01-19;
76.483.817/0001-20;2019-01-01;3;84579;CIA PARANAENSE DE ENERGIA - COPEL;Ações Preferenciais;PNB;Preferencial Classe B;CPLE6;;Bolsa;B3;B3 S.A. - Brasil, Bolsa, Balcão.;2008-05-07;;Nível 1 de Governança Corporativa;1996-02-15;
76.483.817/0001-20;2019-01-01;3;84579;CIA PARANAENSE DE ENERGIA - COPEL;Ações Preferenciais;PNA;Preferencial Classe A;CPLE5;;Bolsa;B3;B3 S.A. - Brasil, Bolsa, Balcão.;2008-05-07;;Nível 1 de Governança Corporativa;1996-02-15;
76.484.013/0001-45;2019-01-01;5;89051;CIA SANEAMENTO DO PARANA - SANEPAR;Ações Ordinárias;;;SAPR3;;Bolsa;B3;B3 S.A. - Brasil, Bolsa, Balcão.;2016-12-21;;Nível 2 de Governança Corporativa;2000-03-10;
76.484.013/0001-45;2019-01-01;5;89051;CIA SANEAMENTO DO PARANA - SANEPAR;Ações Preferenciais;PNA;Preferencial Classe A;SAPR4;;Bolsa;B3;B3 S.A. - Brasil, Bolsa, Balcão.;2016-12-21;;Nível 2 de Governança Corporativa;2000-03-10;
76.484.013/0001-45;2019-01-01;5;89051;CIA SANEAMENTO DO PARANA - SANEPAR;Units;;;SAPR11;1 ON e 4 PN;Bolsa;B3;B3 S.A. - Brasil, Bolsa, Balcão.;2017-11-22;;Nível 2 de Governança Corporativa;2017-11-22;
76.535.764/0001-43;2019-01-01;2;89190;OI S.A. - Em Recuperação Judicial;Ações Ordinárias;;;;;;;;;;;;
76.535.764/0001-43;2019-01-01;2;89190;OI S.A. - Em Recuperação Judicial;Ações Preferenciais;;;;;;;;;;;;
76.627.504/0001-06;2019-01-01;2;87168;INEPAR S.A. INDÚSTRIA E CONSTRUÇÕES -EM RECUPERAÇÃO JUDICIAL;Ações Ordinárias;;;INEP3;;Bolsa;B3;B3 S.A. - Brasil, Bolsa, Balcão.;2015-01-01;;Nível 1 de Governança Corporativa;2000-01-01;
78.876.950/0001-71;2019-01-01;1;80036;CIA HERING;Ações Ordinárias;;;HGTX3;;Bolsa;B3;B3 S.A. - Brasil, Bolsa, Balcão.;2007-05-16;;Novo Mercado;2007-05-16;
80.227.184/0001-66;2019-01-01;1;84026;METALGRAFICA IGUACU S.A.;Ações Ordinárias;;;MITG03;;Bolsa;B3;B3 S.A. - Brasil, Bolsa, Balcão.;2018-01-01;2018-12-31;Básico;2018-01-01;2018-12-31
80.227.184/0001-66;2019-01-01;1;84026;METALGRAFICA IGUACU S.A.;Ações Preferenciais;;;MITG04;;Bolsa;B3;B3 S.A. - Brasil, Bolsa, Balcão.;2018-01-01;2018-12-31;Básico;2018-01-01;2018-12-31
81.243.735/0001-48;2019-01-01;2;84014;POSITIVO TECNOLOGIA S.A.;Ações Ordinárias;;;POSI3;;Bolsa;B3;B3 S.A. - Brasil, Bolsa, Balcão.;2006-12-11;;Novo Mercado;2006-12-11;
82.508.433/0001-17;2019-01-01;3;85011;CIA CATARINENSE DE AGUAS E SANEAM.-CASAN;Ações Ordinárias;;;CASN3;;Bolsa;B3;B3 S.A. - Brasil, Bolsa, Balcão.;1998-02-06;;Básico;1998-02-06;
82.508.433/0001-17;2019-01-01;3;85011;CIA CATARINENSE DE AGUAS E SANEAM.-CASAN;Ações Preferenciais;;;CASN4;;Bolsa;B3;B3 S.A. - Brasil, Bolsa, Balcão.;1998-02-06;;Básico;1998-02-06;
82.636.986/0001-55;2019-01-01;1;84407;TEKA-TECELAGEM KUEHNRICH S.A. - Em Recuperação Judicial;Ações Ordinárias;;;TEKA3;;Bolsa;B3;B3 S.A. - Brasil, Bolsa, Balcão.;1988-04-21;;Básico;1988-04-21;
82.636.986/0001-55;2019-01-01;1;84407;TEKA-TECELAGEM KUEHNRICH S.A. - Em Recuperação Judicial;Ações Preferenciais;;;TEKA4;;Bolsa;B3;B3 S.A. - Brasil, Bolsa, Balcão.;1988-04-21;;Básico;1988-04-21;
82.640.558/0001-04;2019-01-01;3;85163;KARSTEN S.A.;Ações Ordinárias;;;CTKA3;;Bolsa;B3;B3 S.A. - Brasil, Bolsa, Balcão.;1971-12-29;;Básico;1971-12-29;
82.640.558/0001-04;2019-01-01;3;85163;KARSTEN S.A.;Ações Preferenciais;;;CTKA4;;Bolsa;B3;B3 S.A. - Brasil, Bolsa, Balcão.;1971-12-29;;Básico;1971-12-29;
82.643.537/0001-34;2019-01-01;1;82605;ELECTRO ACO ALTONA S.A.;Ações Ordinárias;;;EALT3;;Bolsa;B3;B3 S.A. - Brasil, Bolsa, Balcão.;2018-01-01;;Nível 2 de Governança Corporativa;2018-01-01;
82.643.537/0001-34;2019-01-01;1;82605;ELECTRO ACO ALTONA S.A.;Ações Preferenciais;PNA;Preferencial Classe A;EALT4;;Bolsa;B3;B3 S.A. - Brasil, Bolsa, Balcão.;2018-01-01;;Nível 2 de Governança Corporativa;2018-01-01;
82.981.929/0001-03;2019-01-01;1;81650;CIA INDUSTRIAL SCHLOSSER S.A.;Ações Ordinárias;;;SC303;;;;;;;;;
82.981.929/0001-03;2019-01-01;1;81650;CIA INDUSTRIAL SCHLOSSER S.A.;Ações Preferenciais;;;SCL04;;;;;;;;;
82.982.075/0001-80;2019-01-01;1;84902;TEXTIL RENAUXVIEW S.A.;Ações Ordinárias;;;TRXR3;;Bolsa;B3;B3 S.A. - Brasil, Bolsa, Balcão.;1969-08-11;;Básico;1969-08-11;
82.982.075/0001-80;2019-01-01;1;84902;TEXTIL RENAUXVIEW S.A.;Ações Preferenciais;;;TXRX4;;Bolsa;B3;B3 S.A. - Brasil, Bolsa, Balcão.;1969-08-11;;Básico;1969-08-11;
83.475.913/0001-91;2019-01-01;2;90244;PBG S/A;Ações Ordinárias;;;PTBL3;;Bolsa;B3;B3 S.A. - Brasil, Bolsa, Balcão.;2008-04-30;;Novo Mercado;2008-04-30;
83.878.892/0001-55;2019-01-01;3;91405;CENTRAIS ELET DE SANTA CATARINA S.A.;Ações Ordinárias;;;CLSC3;;Bolsa;B3;B3 S.A. - Brasil, Bolsa, Balcão.;2002-06-26;;Nível 2 de Governança Corporativa;1973-03-26;
83.878.892/0001-55;2019-01-01;3;91405;CENTRAIS ELET DE SANTA CATARINA S.A.;Ações Preferenciais;;;CLSC4;;Bolsa;B3;B3 S.A. - Brasil, Bolsa, Balcão.;2002-06-26;;Nível 2 de Governança Corporativa;1973-03-26;
84.429.695/0001-11;2019-01-01;1;84375;WEG S.A.;Ações Ordinárias;;;WEGE3;;Bolsa;B3;B3 S.A. - Brasil, Bolsa, Balcão.;2007-06-22;;Novo Mercado;2007-06-22;
84.683.374/0001-49;2019-01-01;1;84687;TUPY S.A.;Ações Ordinárias;;;TUPY3;;Bolsa;B3;B3 S.A. - Brasil, Bolsa, Balcão.;2013-10-17;;Novo Mercado;1966-07-01;
84.683.408/0001-03;2019-01-01;1;82626;DOHLER S.A.;Ações Ordinárias;;;DOHL3;;Bolsa;B3;B3 S.A. - Brasil, Bolsa, Balcão.;1973-12-26;;Básico;1973-12-26;
84.683.408/0001-03;2019-01-01;1;82626;DOHLER S.A.;Ações Preferenciais;;;DOHL4;;Bolsa;B3;B3 S.A. - Brasil, Bolsa, Balcão.;1973-12-26;;Básico;1973-12-26;
84.683.671/0001-94;2019-01-01;1;84045;WETZEL S.A. - EM RECUPERAÇÃO JUDICIAL;Ações Ordinárias;;;MWET3;;Bolsa;B3;B3 S.A. - Brasil, Bolsa, Balcão.;1984-10-09;;Básico;1984-10-09;
84.683.671/0001-94;2019-01-01;1;84045;WETZEL S.A. - EM RECUPERAÇÃO JUDICIAL;Ações Preferenciais;;;MWET4;;Bolsa;B3;B3 S.A. - Brasil, Bolsa, Balcão.;1984-10-09;;Básico;1984-10-09;
84.693.183/0001-68;2019-01-01;2;82708;SCHULZ S.A.;Ações Ordinárias;;;SHUL3;;Bolsa;B3;B3 S.A. - Brasil, Bolsa, Balcão.;1994-12-19;;Básico;1994-12-19;
84.693.183/0001-68;2019-01-01;2;82708;SCHULZ S.A.;Ações Preferenciais;PNU;Preferencial Classe U;SHUL4;;Bolsa;B3;B3 S.A. - Brasil, Bolsa, Balcão.;1994-12-19;;Básico;1994-12-19;
85.041.333/0001-11;2019-01-01;1;86368;TERMINAIS PORTUARIOS PONTA DO FELIX S.A.;Ações Ordinárias;;;;;;;;;;;;
85.041.333/0001-11;2019-01-01;1;86368;TERMINAIS PORTUARIOS PONTA DO FELIX S.A.;Ações Preferenciais;PNA;Preferencial Classe A;;;;;;;;;;
85.778.074/0001-06;2019-01-01;3;85073;METALURGICA RIOSULENSE S.A.;Ações Ordinárias;;;RSUL3;;Bolsa;B3;B3 S.A. - Brasil, Bolsa, Balcão.;1988-11-29;;Básico;1988-11-29;
85.778.074/0001-06;2019-01-01;3;85073;METALURGICA RIOSULENSE S.A.;Ações Preferenciais;PNA;Preferencial Classe A;RSUL4;;Bolsa;B3;B3 S.A. - Brasil, Bolsa, Balcão.;1988-11-29;;Básico;1988-11-29;
86.375.425/0001-09;2019-01-01;2;82698;METISA METALURGICA TIMBOENSE S.A.;Ações Ordinárias;;;MTSA3;;Bolsa;B3;B3 S.A. - Brasil, Bolsa, Balcão.;1971-05-18;;Básico;1971-05-18;
86.375.425/0001-09;2019-01-01;2;82698;METISA METALURGICA TIMBOENSE S.A.;Ações Preferenciais;;;MTSA4;;Bolsa;B3;B3 S.A. - Brasil, Bolsa, Balcão.;1971-05-18;;Básico;1971-05-18;
86.550.951/0001-50;2019-01-01;3;81290;POMIFRUTAS S/A;Ações Ordinárias;;;FRTA3;;Bolsa;B3;B3 S.A. - Brasil, Bolsa, Balcão.;2005-02-28;;Novo Mercado;2005-02-28;
87.043.832/0001-73;2019-01-01;1;84290;SEIVA S.A. - FLORESTAS E INDÚSTRIAS;Ações Ordinárias;;;SEIVA;;Balcão Não-Organizado;;;;;;1981-12-11;
87.043.832/0001-73;2019-01-01;1;84290;SEIVA S.A. - FLORESTAS E INDÚSTRIAS;Ações Preferenciais;;;SEIVA;;Balcão Não-Organizado;;;;;;1981-12-11;
87.456.562/0001-22;2019-01-01;1;83015;JOSAPAR-JOAQUIM OLIVEIRA S.A. - PARTICIP;Ações Ordinárias;;;JOPA;;Bolsa;B3;B3 S.A. - Brasil, Bolsa, Balcão.;1989-01-02;;Básico;1988-12-21;
87.456.562/0001-22;2019-01-01;1;83015;JOSAPAR-JOAQUIM OLIVEIRA S.A. - PARTICIP;Ações Preferenciais;;;JOPA;;Bolsa;B3;B3 S.A. - Brasil, Bolsa, Balcão.;1989-01-02;;Básico;1988-12-21;
87.762.563/0001-03;2019-01-01;4;82645;CIA HABITASUL DE PARTICIPACOES;Ações Preferenciais;PNA;Preferencial Classe A;HBTS5;;Bolsa;B3;B3 S.A. - Brasil, Bolsa, Balcão.;1982-04-19;;Básico;1982-04-19;
88.610.126/0001-29;2019-01-01;5;90015;FRAS-LE S.A.;Ações Ordinárias;;;FRAS3;;Bolsa;B3;B3 S.A. - Brasil, Bolsa, Balcão.;2010-01-01;;Nível 1 de Governança Corporativa;1977-07-20;
88.610.191/0001-54;2019-01-01;2;88839;MUNDIAL S.A. - PRODUTOS DE CONSUMO;Ações Ordinárias;;;MNDL3;;Bolsa;B3;B3 S.A. - Brasil, Bolsa, Balcão.;1979-12-12;;Básico;1979-12-12;
88.611.835/0001-29;2019-01-01;2;82979;MARCOPOLO S.A.;Ações Ordinárias;;;POMO3;;Bolsa;B3;B3 S.A. - Brasil, Bolsa, Balcão.;2002-09-03;;Nível 2 de Governança Corporativa;1978-04-24;
88.611.835/0001-29;2019-01-01;2;82979;MARCOPOLO S.A.;Ações Preferenciais;PNA;Preferencial Classe A;POMO4;;Bolsa;B3;B3 S.A. - Brasil, Bolsa, Balcão.;2002-09-03;;Nível 2 de Governança Corporativa;1978-04-24;
88.613.658/0001-10;2019-01-01;2;85219;PETTENATI S.A. INDUSTRIA TEXTIL;Ações Ordinárias;;;PTNT3;;Bolsa;B3;B3 S.A. - Brasil, Bolsa, Balcão.;1981-02-04;;Básico;1981-02-04;
89.086.144/0001-16;2019-01-01;5;89940;RANDON S.A. IMPLEMENTOS E PARTICIPACOES;Ações Ordinárias;;;RAPT3;;Bolsa;B3;B3 S.A. - Brasil, Bolsa, Balcão.;2010-01-01;;Nível 1 de Governança Corporativa;1993-02-05;
89.086.144/0001-16;2019-01-01;5;89940;RANDON S.A. IMPLEMENTOS E PARTICIPACOES;Debêntures;;;;;Balcão Não-Organizado;B3;B3 S.A. - Brasil, Bolsa, Balcão.;2013-08-26;2019-04-10;Nível 1 de Governança Corporativa;2013-08-26;2019-04-10
89.086.144/0001-16;2019-01-01;5;89940;RANDON S.A. IMPLEMENTOS E PARTICIPACOES;Ações Preferenciais;PNA;Preferencial Classe A;RAPT4;;Bolsa;B3;B3 S.A. - Brasil, Bolsa, Balcão.;2010-01-01;;Nível 1 de Governança Corporativa;1993-02-05;
89.096.457/0001-55;2019-01-01;1;81158;SLC AGRICOLA S.A.;Ações Ordinárias;;;SLCE3;;Bolsa;B3;B3 S.A. - Brasil, Bolsa, Balcão.;2007-06-12;;Novo Mercado;2007-06-12;
89.463.822/0001-12;2019-01-01;1;81055;LUPATECH S.A.;Ações Ordinárias;;;LUPA3;;Bolsa;B3;B3 S.A. - Brasil, Bolsa, Balcão.;2006-05-15;;Novo Mercado;2006-05-15;
89.637.490/0001-45;2019-01-01;3;88831;KLABIN S.A.;Units;;;KLBN11;1 KLBN3 + 4 KLBN4;Bolsa;B3;B3 S.A. - Brasil, Bolsa, Balcão.;2014-01-07;;Nível 2 de Governança Corporativa;2013-11-28;
89.723.993/0001-33;2019-01-01;2;86505;CONSTRUTORA SULTEPA S.A.;Ações Ordinárias;;;;;;;;;;;;
89.850.341/0001-60;2019-01-01;3;88864;GRENDENE S.A.;Ações Ordinárias;;;GRND3;;Bolsa;B3;B3 S.A. - Brasil, Bolsa, Balcão.;2004-10-28;;Novo Mercado;2004-10-28;
90.076.886/0001-40;2019-01-01;1;82880;MINUPAR PARTICIPACOES S.A.;Ações Ordinárias;;;MNPR3;;Bolsa;B3;B3 S.A. - Brasil, Bolsa, Balcão.;1990-12-21;;Básico;1990-12-21;
90.400.888/0001-42;2019-01-01;1;82451;BCO SANTANDER (BRASIL) S.A.;Units;;;SANB11;1 ON + 1 PN;Bolsa;B3;B3 S.A. - Brasil, Bolsa, Balcão.;2014-10-31;;Básico;2009-10-07;
90.441.460/0001-48;2019-01-01;1;79935;UNICASA INDÚSTRIA DE MÓVEIS S.A.;Ações Ordinárias;;;UCAS3;;Bolsa;B3;B3 S.A. - Brasil, Bolsa, Balcão.;2012-04-27;;Novo Mercado;2012-04-27;
91.333.666/0001-17;2019-01-01;1;82621;RECRUSUL S.A.;Ações Ordinárias;;;RCSL3;;Bolsa;B3;B3 S.A. - Brasil, Bolsa, Balcão.;1985-12-20;;Básico;1985-12-20;
91.333.666/0001-17;2019-01-01;1;82621;RECRUSUL S.A.;Ações Preferenciais;;;RCSL4;;Bolsa;B3;B3 S.A. - Brasil, Bolsa, Balcão.;1985-12-20;;Básico;1985-12-20;
91.495.499/0001-00;2019-01-01;1;84124;STARA S.A. - INDÚSTRIA DE IMPLEMENTOS AGRÍCOLAS;Ações Ordinárias;;;24201A;;Bolsa;B3;B3 S.A. - Brasil, Bolsa, Balcão.;2017-09-18;;Bovespa Mais;2017-09-18;
91.669.747/0001-92;2019-01-01;2;83996;FINANSINOS S.A.- CREDITO FINANC E INVEST;Ações Ordinárias;;;FNCN3;;Balcão Não-Organizado;;;;;;2018-01-01;2018-12-31
91.983.056/0001-69;2019-01-01;1;84050;KEPLER WEBER S.A.;Ações Ordinárias;;;KEPL3;;Bolsa;B3;B3 S.A. - Brasil, Bolsa, Balcão.;1980-12-15;;Básico;1980-12-15;
91.983.056/0001-69;2019-01-01;1;84050;KEPLER WEBER S.A.;Bônus de Subscrição;;;;;Bolsa;B3;B3 S.A. - Brasil, Bolsa, Balcão.;2014-10-10;;Básico;2014-10-10;
92.012.467/0001-70;2019-01-01;1;80164;GRAZZIOTIN S.A.;Ações Ordinárias;;;CGRA4;;Bolsa;B3;B3 S.A. - Brasil, Bolsa, Balcão.;1979-01-31;;Básico;1979-01-31;
92.012.467/0001-70;2019-01-01;1;80164;GRAZZIOTIN S.A.;Ações Preferenciais;;;CGRA4;;Bolsa;B3;B3 S.A. - Brasil, Bolsa, Balcão.;1979-01-31;;Básico;1979-01-31;
92.660.570/0001-26;2019-01-01;2;84257;TREVISA INVESTIMENTOS S.A.;Ações Ordinárias;;;8192;;Bolsa;B3;B3 S.A. - Brasil, Bolsa, Balcão.;1980-12-15;;Básico;1980-12-15;
92.660.570/0001-26;2019-01-01;2;84257;TREVISA INVESTIMENTOS S.A.;Ações Preferenciais;;;8192;;Bolsa;B3;B3 S.A. - Brasil, Bolsa, Balcão.;1980-12-15;;Básico;1980-12-15;
92.665.611/0001-77;2019-01-01;3;92433;DIMED S.A. DISTRIBUIDORA DE MEDICAMENTOS;Ações Ordinárias;;;PNVL3;;Bolsa;B3;B3 S.A. - Brasil, Bolsa, Balcão.;2020-01-01;2020-04-17;Nível 2 de Governança Corporativa;2020-01-01;2020-04-17
92.665.611/0001-77;2019-01-01;3;92433;DIMED S.A. DISTRIBUIDORA DE MEDICAMENTOS;Ações Preferenciais;;;PNVL4;;Bolsa;B3;B3 S.A. - Brasil, Bolsa, Balcão.;2020-01-01;2020-04-17;Nível 2 de Governança Corporativa;2020-01-01;2020-04-17
92.690.783/0001-09;2019-01-01;1;84150;METALURGICA GERDAU S.A.;Ações Ordinárias;;;GOAU3;;Bolsa;B3;B3 S.A. - Brasil, Bolsa, Balcão.;1968-05-17;;Nível 1 de Governança Corporativa;1968-05-17;
92.690.783/0001-09;2019-01-01;1;84150;METALURGICA GERDAU S.A.;Debêntures Conversíveis;;;;;Balcão Organizado;B3;B3 S.A. - Brasil, Bolsa, Balcão.;2016-08-19;;Básico;2016-08-19;
92.690.783/0001-09;2019-01-01;1;84150;METALURGICA GERDAU S.A.;Ações Preferenciais;;;GOAU4;;Bolsa;B3;B3 S.A. - Brasil, Bolsa, Balcão.;1968-05-17;;Nível 1 de Governança Corporativa;1968-05-17;
92.693.019/0001-89;2019-01-01;1;80961;PANATLANTICA S.A.;Ações Ordinárias;;;PATI3;;Bolsa;B3;B3 S.A. - Brasil, Bolsa, Balcão.;1971-12-29;;Básico;1971-12-29;
92.693.019/0001-89;2019-01-01;1;80961;PANATLANTICA S.A.;Ações Preferenciais;;;PATI4;;Bolsa;B3;B3 S.A. - Brasil, Bolsa, Balcão.;1971-12-29;;Básico;1971-12-29;
92.702.067/0001-96;2019-01-01;2;85476;BCO ESTADO DO RIO GRANDE DO SUL S.A.;Ações Ordinárias;;;BRSR3;;Bolsa;B3;B3 S.A. - Brasil, Bolsa, Balcão.;2007-07-31;;Nível 1 de Governança Corporativa;1931-09-16;
92.702.067/0001-96;2019-01-01;2;85476;BCO ESTADO DO RIO GRANDE DO SUL S.A.;Ações Preferenciais;PNB;Preferencial Classe B;BRSR6;;Bolsa;B3;B3 S.A. - Brasil, Bolsa, Balcão.;2007-07-31;;Nível 1 de Governança Corporativa;2007-07-31;
92.702.067/0001-96;2019-01-01;2;85476;BCO ESTADO DO RIO GRANDE DO SUL S.A.;Ações Preferenciais;PNA;Preferencial Classe A;BRSR5;;Bolsa;B3;B3 S.A. - Brasil, Bolsa, Balcão.;2007-07-31;;Nível 1 de Governança Corporativa;2007-07-31;
92.715.812/0001-31;2019-01-01;6;89903;CIA ESTADUAL GER.TRANS.ENER.ELET-CEEE-GT;Ações Ordinárias;;;EEEL3;;Bolsa;B3;B3 S.A. - Brasil, Bolsa, Balcão.;2010-12-23;;Nível 1 de Governança Corporativa;2010-12-23;
92.715.812/0001-31;2019-01-01;6;89903;CIA ESTADUAL GER.TRANS.ENER.ELET-CEEE-GT;Ações Preferenciais;;;EEEL4;;Bolsa;B3;B3 S.A. - Brasil, Bolsa, Balcão.;2010-12-23;;Nível 1 de Governança Corporativa;2010-12-23;
92.721.232/0001-57;2019-01-01;2;82975;BANRISUL ARMAZENS GERAIS SA;Ações Ordinárias;;;;;Balcão Não-Organizado;;;;;;1998-04-07;
92.749.225/0001-63;2019-01-01;3;88838;HERCULES S.A. FABRICA DE TALHERES;Ações Ordinárias;;;HETA3;;Bolsa;B3;B3 S.A. - Brasil, Bolsa, Balcão.;1968-11-01;;Básico;1968-11-01;
92.749.225/0001-63;2019-01-01;3;88838;HERCULES S.A. FABRICA DE TALHERES;Ações Preferenciais;PNA;Preferencial Classe A;HETA4;;Bolsa;B3;B3 S.A. - Brasil, Bolsa, Balcão.;1968-11-01;;Básico;1968-11-01;
92.754.738/0001-62;2019-01-01;1;80249;LOJAS RENNER S.A.;Ações Ordinárias;;;LREN3;;Bolsa;B3;B3 S.A. - Brasil, Bolsa, Balcão.;2005-07-01;;Novo Mercado;1988-04-07;
92.754.738/0001-62;2019-01-01;1;80249;LOJAS RENNER S.A.;Debêntures;;;LRNE15;;Balcão Organizado;B3;B3 S.A. - Brasil, Bolsa, Balcão.;2012-06-15;;Básico;2012-06-15;
92.781.335/0001-02;2019-01-01;3;90374;TAURUS ARMAS S.A.;Ações Ordinárias;;;TASA3;;Bolsa;B3;B3 S.A. - Brasil, Bolsa, Balcão.;2011-07-08;;Nível 2 de Governança Corporativa;1982-03-02;
92.781.335/0001-02;2019-01-01;3;90374;TAURUS ARMAS S.A.;Debêntures;;;;;Balcão Organizado;B3;B3 S.A. - Brasil, Bolsa, Balcão.;2010-04-15;;Básico;2010-04-15;
92.781.335/0001-02;2019-01-01;3;90374;TAURUS ARMAS S.A.;Bônus de Subscrição;;;;;Balcão Organizado;B3;B3 S.A. - Brasil, Bolsa, Balcão.;2018-11-23;;Básico;2018-11-23;
92.781.335/0001-02;2019-01-01;3;90374;TAURUS ARMAS S.A.;Ações Preferenciais;PNA;Preferencial Classe A;TASA4;;Bolsa;B3;B3 S.A. - Brasil, Bolsa, Balcão.;2011-07-08;;Nível 2 de Governança Corporativa;1982-03-02;
92.791.243/0001-03;2019-01-01;4;86241;CELULOSE IRANI S.A.;Ações Ordinárias;;;RANI3;;Bolsa;B3;B3 S.A. - Brasil, Bolsa, Balcão.;1977-07-20;;Básico;1977-07-20;
92.791.243/0001-03;2019-01-01;4;86241;CELULOSE IRANI S.A.;Debêntures;;;;;Balcão Organizado;B3;B3 S.A. - Brasil, Bolsa, Balcão.;2019-08-02;;Básico;2019-08-02;
92.791.243/0001-03;2019-01-01;4;86241;CELULOSE IRANI S.A.;Ações Preferenciais;;;RANI4;;Bolsa;B3;B3 S.A. - Brasil, Bolsa, Balcão.;1977-07-20;;Básico;1977-07-20;
92.929.520/0001-00;2019-01-01;1;80350;SPRINGER S.A.;Ações Ordinárias;;;SPRI3;;Bolsa;B3;B3 S.A. - Brasil, Bolsa, Balcão.;2010-01-01;;Básico;2010-01-01;
92.929.520/0001-00;2019-01-01;1;80350;SPRINGER S.A.;Ações Preferenciais;PNA;Preferencial Classe A;SPRI5;;Bolsa;B3;B3 S.A. - Brasil, Bolsa, Balcão.;2010-01-01;;Básico;2010-01-01;
92.929.520/0001-00;2019-01-01;1;80350;SPRINGER S.A.;Ações Preferenciais;PNB;Preferencial Classe B;SPRI6;;Bolsa;B3;B3 S.A. - Brasil, Bolsa, Balcão.;2010-01-01;;Básico;2010-01-01;
92.934.215/0001-06;2019-01-01;3;83550;Banrisul Cartões S.A.;Ações Ordinárias;;;000000;;Balcão Não-Organizado;;;;;;2018-11-28;
92.934.215/0001-06;2019-01-01;3;83550;Banrisul Cartões S.A.;Ações Preferenciais;;;000000;;Balcão Não-Organizado;;;;;;2018-11-28;
93.828.986/0001-73;2019-01-01;2;83984;CEMEPE INVESTIMENTOS S.A.;Ações Ordinárias;;;713854;;Bolsa;B3;B3 S.A. - Brasil, Bolsa, Balcão.;1991-06-28;;Nível 1 de Governança Corporativa;1991-06-28;
93.828.986/0001-73;2019-01-01;2;83984;CEMEPE INVESTIMENTOS S.A.;Ações Preferenciais;PNA;Preferencial Classe A;713854;;Bolsa;B3;B3 S.A. - Brasil, Bolsa, Balcão.;1991-06-28;;Nível 1 de Governança Corporativa;1991-06-28;
95.426.862/0001-97;2019-01-01;1;82231;EXCELSIOR ALIMENTOS S.A.;Ações Ordinárias;;;BAUH3;;Bolsa;B3;B3 S.A. - Brasil, Bolsa, Balcão.;1995-08-01;;Básico;1995-08-01;
95.426.862/0001-97;2019-01-01;1;82231;EXCELSIOR ALIMENTOS S.A.;Ações Preferenciais;PNA;Preferencial Classe A;BAUH4;;Bolsa;B3;B3 S.A. - Brasil, Bolsa, Balcão.;1995-08-01;;Básico;1995-08-01;
97.191.902/0001-94;2019-01-01;2;84427;CONSERVAS ODERICH S.A.;Ações Ordinárias;;;;;;;;;;;;
97.191.902/0001-94;2019-01-01;2;84427;CONSERVAS ODERICH S.A.;Ações Preferenciais;;;;;;;;;;;;
97.837.181/0001-47;2019-01-01;2;86879;DURATEX S.A.;Ações Ordinárias;;;DTEX3;;Bolsa;B3;B3 S.A. - Brasil, Bolsa, Balcão.;2007-09-21;;Novo Mercado;2007-09-21;
97.837.181/0001-47;2019-01-01;2;86879;DURATEX S.A.;Nota Comercial;;;;;Balcão Organizado;B3;B3 S.A. - Brasil, Bolsa, Balcão.;2017-10-20;2019-05-17;Básico;2017-10-20;2019-05-17
97.837.181/0001-47;2019-01-01;2;86879;DURATEX S.A.;Debêntures;;;;;Balcão Organizado;B3;B3 S.A. - Brasil, Bolsa, Balcão.;2019-08-16;;Básico;2019-05-17;
