CNPJ_Companhia;Data_Referencia;Versao;ID_Documento;Nome_Empresarial;Valor_Mobiliario;Sigla_Classe_Acao_Preferencial;Classe_Acao_Preferencial;Codigo_Negociacao;Composicao_BDR_Unit;Mercado;Sigla_Entidade_Administradora;Entidade_Administradora;Data_Inicio_Negociacao;Data_Fim_Negociacao;Segmento;Data_Inicio_Listagem;Data_Fim_Listagem
00.000.000/0001-91;2015-01-01;4;44187;BANCO DO BRASIL S.A.;Ações Ordinárias;;;;;Bolsa;BM&FBOVESPA;BM&FBOVESPA S.A. - Bolsa de Valores, Mercadorias e Futuros;2006-05-31;;Nível 1 de Governança Corporativa;1977-07-20;
00.000.208/0001-00;2015-01-01;3;46823;BRB-BANCO DE BRASILIA SA;Ações Ordinárias;;;;;Bolsa;BM&FBOVESPA;BM&FBOVESPA S.A. - Bolsa de Valores, Mercadorias e Futuros;2010-01-01;;Nível 2 de Governança Corporativa;1993-09-24;
00.001.180/0001-26;2015-01-01;1;45470;CENTRAIS ELETRICAS BRASILEIRAS SA;Ações Ordinárias;;;;;Bolsa;BM&FBOVESPA;BM&FBOVESPA S.A. - Bolsa de Valores, Mercadorias e Futuros;2006-09-26;;Bovespa Mais;1983-09-01;
00.070.698/0001-11;2015-01-01;8;51996;COMPANHIA ENERGÉTICA DE BRASÍLIA - CEB;Ações Ordinárias;;;;;Bolsa;BM&FBOVESPA;BM&FBOVESPA S.A. - Bolsa de Valores, Mercadorias e Futuros;1994-07-04;;Nível 2 de Governança Corporativa;1994-07-04;
00.185.475/0001-08;2015-01-01;2;46645;PARCOM PARTICIPACOES SA;Ações Ordinárias;;;;;Balcão Não-Organizado;;;;;;1994-12-22;
00.249.786/0001-85;2015-01-01;2;46646;FORPART SA;Ações Ordinárias;;;;;Balcão Não-Organizado;;;;;;1995-02-21;
00.272.185/0001-93;2015-01-01;1;44235;CIMS SA;Ações Ordinárias;;;;;Bolsa;BM&FBOVESPA;BM&FBOVESPA S.A. - Bolsa de Valores, Mercadorias e Futuros;1995-03-14;;Nível 2 de Governança Corporativa;1995-03-14;
00.336.701/0001-04;2015-01-01;4;51234;TELEC. BRASILEIRAS S.A. - TELEBRÁS;Ações Ordinárias;;;;;Bolsa;BM&FBOVESPA;BM&FBOVESPA S.A. - Bolsa de Valores, Mercadorias e Futuros;1989-03-01;;Nível 2 de Governança Corporativa;1989-03-01;
00.354.053/0001-00;2015-01-01;3;47583;KOSMOS COMÉRCIO DE VESTUÁRIO S/A - em recuperação judicial;Ações Ordinárias;;;;;Balcão Organizado;BM&FBOVESPA;BM&FBOVESPA S.A. - Bolsa de Valores, Mercadorias e Futuros;1995-10-09;;;1995-10-09;
00.359.742/0001-08;2015-01-01;4;50888;ATOM Participações S.A.;Ações Ordinárias;;;;;;;;;;;;
00.383.281/0001-09;2015-01-01;1;43610;BNDES PARTICIPAÇÕES S.A. - BNDESPAR;Debêntures;;;;;Balcão Organizado;CETIP;CETIP;2006-12-20;;;2006-12-01;
00.383.281/0001-09;2015-01-01;1;43610;BNDES PARTICIPAÇÕES S.A. - BNDESPAR;Debêntures;;;;;Bolsa;BM&FBOVESPA;BM&FBOVESPA S.A. - Bolsa de Valores, Mercadorias e Futuros;2006-12-20;;;2006-12-01;
00.514.998/0001-42;2015-01-01;1;43524;ELETRON SA;Ações Ordinárias;;;;;Balcão Organizado;BM&FBOVESPA;BM&FBOVESPA S.A. - Bolsa de Valores, Mercadorias e Futuros;1999-05-11;;;1999-05-11;
00.545.378/0001-70;2015-01-01;2;47702;SERRA AZUL WATER PARK SA;Ações Ordinárias;;;;;Balcão Não-Organizado;;;;;;1995-07-26;2010-04-30
00.622.416/0001-41;2015-01-01;3;51078;Statkraft Energias Renováveis S.A.;Ações Ordinárias;;;;;Bolsa;BM&FBOVESPA;BM&FBOVESPA S.A. - Bolsa de Valores, Mercadorias e Futuros;2011-10-03;;;2011-09-19;
00.644.907/0001-93;2015-01-01;2;49469;INVESTCO S/A;Ações Ordinárias;;;;;Bolsa;BM&FBOVESPA;BM&FBOVESPA S.A. - Bolsa de Valores, Mercadorias e Futuros;2000-02-04;;Nível 2 de Governança Corporativa;2000-02-04;
00.649.881/0001-76;2015-01-01;1;44773;GTD PARTICIPACOES SA;Ações Ordinárias;;;;;Balcão Organizado;BM&FBOVESPA;BM&FBOVESPA S.A. - Bolsa de Valores, Mercadorias e Futuros;2005-03-24;;;2005-03-24;
00.743.065/0001-27;2015-01-01;4;49120;LITEL PARTICIPACOES SA;Ações Ordinárias;;;;;Balcão Organizado;BM&FBOVESPA;BM&FBOVESPA S.A. - Bolsa de Valores, Mercadorias e Futuros;2000-10-18;;;2000-10-18;
00.776.574/0001-56;2015-01-01;2;50255;B2W - COMPANHIA DIGITAL;Ações Ordinárias;;;;;Bolsa;BM&FBOVESPA;BM&FBOVESPA S.A. - Bolsa de Valores, Mercadorias e Futuros;2007-08-08;;Nível 1 de Governança Corporativa;2007-08-08;
00.864.214/0001-06;2015-01-01;2;46374;ENERGISA SA;Ações Ordinárias;;;;;Bolsa;BM&FBOVESPA;BM&FBOVESPA S.A. - Bolsa de Valores, Mercadorias e Futuros;1995-12-20;;Nível 2 de Governança Corporativa;1995-12-20;
00.866.577/0001-80;2015-01-01;1;43820;SAUIPE SA;Ações Ordinárias;;;;;;;;;;;;
00.897.864/0001-58;2015-01-01;3;103035;SANTA CATARINA PART INVEST SA;Debêntures;;;;;Balcão Organizado;BM&FBOVESPA;BM&FBOVESPA S.A. - Bolsa de Valores, Mercadorias e Futuros;1995-12-14;1995-12-14;;1995-12-14;1995-12-14
00.924.429/0001-75;2015-01-01;2;50390;FERROVIA CENTRO ATLANTICA SA;Ações Ordinárias;;;;;Bolsa;BM&FBOVESPA;BM&FBOVESPA S.A. - Bolsa de Valores, Mercadorias e Futuros;1996-02-14;;Nível 2 de Governança Corporativa;1996-02-14;
00.924.432/0001-99;2015-01-01;5;51869;HOPI HARI SA;Debêntures;;;;;Balcão Organizado;CETIP;CETIP;1997-03-10;;;1997-03-10;
00.938.574/0001-05;2015-01-01;2;46300;CONCESSIONARIA RIO-TERESOPOLIS SA;Debêntures Conversíveis;;;;;Bolsa;BM&FBOVESPA;BM&FBOVESPA S.A. - Bolsa de Valores, Mercadorias e Futuros;2001-12-26;;;2001-12-26;
00.994.533/0001-36;2015-01-01;4;50993;COMERCIAL QUINTELLA COM EXP SA - Em Liquidação;Debêntures;;;;;Balcão Não-Organizado;;;;;;2015-05-20;2015-05-20
01.027.058/0001-91;2015-01-01;2;51337;Cielo S.A.;Ações Ordinárias;;;;;Bolsa;BM&FBOVESPA;BM&FBOVESPA S.A. - Bolsa de Valores, Mercadorias e Futuros;2009-06-29;;Nível 1 de Governança Corporativa;2009-06-29;
01.083.200/0001-18;2015-01-01;6;50671;NEOENERGIA S.A;Ações Ordinárias;;;;;;;;;;;;
01.104.937/0001-70;2015-01-01;3;47575;ELETROBRÁS PARTICIPAÇÕES S.A. - ELETROPAR;Ações Ordinárias;;;;;Bolsa;BM&FBOVESPA;BM&FBOVESPA S.A. - Bolsa de Valores, Mercadorias e Futuros;1996-09-30;;Nível 2 de Governança Corporativa;1996-09-30;
01.258.943/0001-81;2015-01-01;2;46905;ITAITINGA PARTICIPACOES SA;Ações Ordinárias;;;;;;;;;;;;
01.258.944/0001-26;2015-01-01;3;46725;ALL - AMÉRICA LATINA LOGÍSTICA MALHA SUL S.A.;Debêntures;;;;;Balcão Organizado;CETIP;CETIP;2000-02-09;;;2000-02-09;
01.258.945/0001-70;2015-01-01;2;46886;GRUÇAI PARTICIPAÇÕES SA;Ações Ordinárias;;;;;;;;;;;;
01.417.222/0001-77;2015-01-01;2;46783;MRS LOGÍSTICA S/A;Ações Ordinárias;;;;;Balcão Organizado;BM&FBOVESPA;BM&FBOVESPA S.A. - Bolsa de Valores, Mercadorias e Futuros;1998-12-18;;;1998-12-18;
01.417.222/0001-77;2015-01-01;2;46783;MRS LOGÍSTICA S/A;Debêntures;;;;;Balcão Organizado;CETIP;CETIP;2000-10-11;;;2000-10-11;
01.545.826/0001-07;2015-01-01;2;48044;GAFISA SA;Ações Ordinárias;;;;;Bolsa;BM&FBOVESPA;BM&FBOVESPA S.A. - Bolsa de Valores, Mercadorias e Futuros;2008-04-01;;Nível 1 de Governança Corporativa;2006-02-17;
01.545.826/0001-07;2015-01-01;2;48044;GAFISA SA;Debêntures;;;;;Balcão Organizado;CETIP;CETIP;2008-05-05;;;2008-05-05;
01.548.981/0001-79;2015-01-01;4;47757;INVESTIMENTOS BEMGE S.A.;Ações Ordinárias;;;;;Bolsa;BM&FBOVESPA;BM&FBOVESPA S.A. - Bolsa de Valores, Mercadorias e Futuros;1977-07-20;;Nível 2 de Governança Corporativa;1977-07-20;
01.608.571/0001-76;2015-01-01;1;43527;BELAPART SA;Ações Ordinárias;;;;;Balcão Não-Organizado;;;;;;1998-04-23;
01.772.313/0001-20;2015-01-01;1;43552;VALETRON SA;Ações Ordinárias;;;;;Balcão Não-Organizado;;;;;;1997-04-23;
01.838.723/0001-27;2015-01-01;4;52295;BRF - BRASIL FOODS SA;Ações Ordinárias;;;;;Bolsa;BM&FBOVESPA;BM&FBOVESPA S.A. - Bolsa de Valores, Mercadorias e Futuros;2006-02-17;;Nível 1 de Governança Corporativa;2006-01-01;
01.851.771/0001-55;2015-01-01;2;43542;524 PARTICIPAÇOES SA;Ações Ordinárias;;;;;Balcão Não-Organizado;;;;;;1997-05-30;
01.858.774/0001-10;2015-01-01;2;48147;BV LEASING - ARRENDAMENTO MERCANTIL S/A;Debêntures;;;;;Balcão Organizado;BM&FBOVESPA;BM&FBOVESPA S.A. - Bolsa de Valores, Mercadorias e Futuros;2006-06-27;2026-04-20;;2006-06-27;
01.896.779/0001-38;2015-01-01;1;44870;CSU CARDSYSTEM S/A;Ações Ordinárias;;;;;Bolsa;BM&FBOVESPA;BM&FBOVESPA S.A. - Bolsa de Valores, Mercadorias e Futuros;2006-05-02;;Nível 1 de Governança Corporativa;2006-05-02;
01.917.705/0001-30;2015-01-01;2;45810;AES ELPA SA;Ações Ordinárias;;;;;Bolsa;BM&FBOVESPA;BM&FBOVESPA S.A. - Bolsa de Valores, Mercadorias e Futuros;2002-11-06;;Nível 2 de Governança Corporativa;2002-11-06;
01.938.783/0001-11;2015-01-01;1;45360;CIA DE PARTICIPAÇÕES ALIANÇA DA BAHIA;Ações Ordinárias;;;;;Bolsa;BM&FBOVESPA;BM&FBOVESPA S.A. - Bolsa de Valores, Mercadorias e Futuros;2000-07-26;;Nível 2 de Governança Corporativa;2000-07-26;
01.957.772/0001-89;2015-01-01;2;47379;SUL 116 PARTICIPAÇÕES S.A.;Ações Ordinárias;;;;;Balcão Organizado;BM&FBOVESPA;BM&FBOVESPA S.A. - Bolsa de Valores, Mercadorias e Futuros;1998-02-20;;;1997-09-03;
01.971.614/0001-83;2015-01-01;2;47881;EMP.NAC.C., RÉDITO E PART. S.A. ENCORPAR;Ações Ordinárias;;;;;Bolsa;BM&FBOVESPA;BM&FBOVESPA S.A. - Bolsa de Valores, Mercadorias e Futuros;1997-10-07;;Nível 2 de Governança Corporativa;1997-10-07;
02.016.439/0001-38;2015-01-01;4;52273;RIO GRANDE ENERGIA SA;Debêntures;;;;;Balcão Organizado;CETIP;CETIP;2005-05-10;;;2005-05-10;
02.062.747/0001-08;2015-01-01;1;43533;SUDESTE SA;Ações Ordinárias;;;;;Balcão Organizado;BM&FBOVESPA;BM&FBOVESPA S.A. - Bolsa de Valores, Mercadorias e Futuros;1997-11-26;;;1997-11-26;
02.084.220/0001-76;2015-01-01;1;43567;NUMERAL 80 PARTICIPAÇÕES S.A.;Ações Ordinárias;;;;;Bolsa;BM&FBOVESPA;BM&FBOVESPA S.A. - Bolsa de Valores, Mercadorias e Futuros;2006-09-25;;Bovespa Mais N2;2006-09-25;
02.107.946/0001-87;2015-01-01;1;45279;TELEMAR PARTICIPAÇÕES SA;Debêntures;;;;;Balcão Organizado;CETIP;CETIP;2000-07-13;;;2000-07-11;
02.107.946/0001-87;2015-01-01;1;45279;TELEMAR PARTICIPAÇÕES SA;Nota Comercial;;;;;Balcão Organizado;CETIP;CETIP;2007-07-18;;;2007-07-17;
02.117.801/0001-67;2015-01-01;5;52262;BONAIRE PARTICIPAÇOES SA;Ações Ordinárias;;;;;Balcão Organizado;BM&FBOVESPA;BM&FBOVESPA S.A. - Bolsa de Valores, Mercadorias e Futuros;2000-10-18;;;2000-10-18;
02.149.205/0001-69;2015-01-01;2;46087;PORTO SEGURO SA;Ações Ordinárias;;;;;Bolsa;BM&FBOVESPA;BM&FBOVESPA S.A. - Bolsa de Valores, Mercadorias e Futuros;2004-10-27;;Nível 1 de Governança Corporativa;2004-10-27;
02.162.616/0001-94;2015-01-01;3;50446;UPTICK PARTICIPACOES SA;Ações Ordinárias;;;;;Balcão Organizado;BM&FBOVESPA;BM&FBOVESPA S.A. - Bolsa de Valores, Mercadorias e Futuros;2000-10-18;;;2000-10-18;
02.193.750/0001-52;2015-01-01;1;44215;GPC PARTICIPACOES SA;Ações Ordinárias;;;;;Bolsa;BM&FBOVESPA;BM&FBOVESPA S.A. - Bolsa de Valores, Mercadorias e Futuros;1997-11-20;;Nível 2 de Governança Corporativa;1997-11-20;
02.217.319/0001-07;2015-01-01;2;46571;ALEF SA;Ações Ordinárias;;;;;Balcão Não-Organizado;;;;;;1997-12-08;
02.258.422/0001-97;2015-01-01;4;49093;INEPAR EQUIPAMENTOS E MONTAGENS S/A-em Recuperação Judicial;Ações Ordinárias;;;;;;;;1998-10-23;2004-04-26;;;
02.286.509/0001-78;2015-01-01;2;44502;SUBESTAÇÃO ELETROMETRÔ S/A;Debêntures;;;;;Balcão Organizado;CETIP;CETIP;1998-09-25;;;1998-09-25;
02.286.509/0001-78;2015-01-01;2;44502;SUBESTAÇÃO ELETROMETRÔ S/A;Debêntures;;;;;Balcão Organizado;CETIP;CETIP;1998-09-25;;;1998-09-25;
02.291.077/0001-93;2015-01-01;6;51390;PRODUTORES ENERGETICOS DE MANSO SA;Debêntures Conversíveis;;;;;Balcão Organizado;CETIP;CETIP;2002-02-07;;;2002-02-07;
02.302.100/0001-06;2015-01-01;2;49468;BANDEIRANTE ENERGIA S/A;Debêntures;;;;;Balcão Organizado;BM&FBOVESPA;BM&FBOVESPA S.A. - Bolsa de Valores, Mercadorias e Futuros;2010-07-01;;;2010-07-01;
02.302.101/0001-42;2015-01-01;3;50448;EMAE-EMP.METROPOLITANA ÁGUAS ENERGIA S.A;Ações Ordinárias;;;;;Bolsa;BM&FBOVESPA;BM&FBOVESPA S.A. - Bolsa de Valores, Mercadorias e Futuros;1998-03-31;;Nível 1 de Governança Corporativa;1998-03-27;
02.312.604/0001-07;2015-01-01;2;45048;DALETH PARTICIPAÇÕES SA - EM LIQUIDAÇÃO;Ações Ordinárias;;;;;Balcão Organizado;BM&FBOVESPA;BM&FBOVESPA S.A. - Bolsa de Valores, Mercadorias e Futuros;1998-06-08;;;1998-03-06;
02.318.346/0001-68;2015-01-01;3;44865;OPPORTUNITY ENERGIA E PARTICIPAÇÕES S.A.;Ações Ordinárias;;;;;Balcão Organizado;BM&FBOVESPA;BM&FBOVESPA S.A. - Bolsa de Valores, Mercadorias e Futuros;1999-10-22;;;1999-10-22;
02.328.280/0001-97;2015-01-01;2;47745;ELEKTRO ELETRICIDADE E SERVIÇOS S.A.;Ações Ordinárias;;;;;Bolsa;BM&FBOVESPA;BM&FBOVESPA S.A. - Bolsa de Valores, Mercadorias e Futuros;1998-07-08;;Nível 2 de Governança Corporativa;1998-07-08;
02.328.280/0001-97;2015-01-01;2;47745;ELEKTRO ELETRICIDADE E SERVIÇOS S.A.;Debêntures;;;;;Balcão Organizado;CETIP;CETIP;2005-10-24;;;2005-10-24;
02.328.280/0001-97;2015-01-01;2;47745;ELEKTRO ELETRICIDADE E SERVIÇOS S.A.;Debêntures;;;;;Bolsa;BM&FBOVESPA;BM&FBOVESPA S.A. - Bolsa de Valores, Mercadorias e Futuros;2005-10-24;2012-09-12;;2005-10-24;2012-09-12
02.328.280/0001-97;2015-01-01;2;47745;ELEKTRO ELETRICIDADE E SERVIÇOS S.A.;Nota Comercial;;;;;Balcão Organizado;CETIP;CETIP;2009-04-24;2009-10-21;;2009-04-24;2009-10-21
02.335.514/0001-23;2015-01-01;1;47627;FIAGO PARTICIPACOES SA;Ações Ordinárias;;;;;Balcão Não-Organizado;;;;;;2009-07-03;
02.338.534/0001-58;2015-01-01;1;45453;LONGDIS SA;Ações Ordinárias;;;;;Balcão Organizado;BM&FBOVESPA;BM&FBOVESPA S.A. - Bolsa de Valores, Mercadorias e Futuros;1998-07-22;;;1998-06-30;
02.351.144/0001-18;2015-01-01;3;48866;TEGMA GESTÃO LOGÍSTICA SA;Ações Ordinárias;;;;;Bolsa;BM&FBOVESPA;BM&FBOVESPA S.A. - Bolsa de Valores, Mercadorias e Futuros;2007-08-03;;Nível 1 de Governança Corporativa;2007-08-03;
02.363.917/0001-86;2015-01-01;1;45441;RET PARTICIPAÇÕES S/A;Ações Ordinárias;;;;;Balcão Organizado;BM&FBOVESPA;BM&FBOVESPA S.A. - Bolsa de Valores, Mercadorias e Futuros;1998-06-09;;;1998-05-28;
02.363.918/0001-20;2015-01-01;2;47383;ZAIN PARTICIPAÇÕES S/A;Ações Ordinárias;;;;;Balcão Organizado;BM&FBOVESPA;BM&FBOVESPA S.A. - Bolsa de Valores, Mercadorias e Futuros;1998-06-18;;;1998-06-15;
02.365.069/0001-44;2015-01-01;1;43428;IDEIASNET SA;Ações Ordinárias;;;;;Bolsa;BM&FBOVESPA;BM&FBOVESPA S.A. - Bolsa de Valores, Mercadorias e Futuros;2008-01-15;;Nível 1 de Governança Corporativa;2000-06-08;
02.373.517/0001-51;2015-01-01;2;46950;Libra Terminal Rio S.A.;Debêntures;;;;;Balcão Organizado;BM&FBOVESPA;BM&FBOVESPA S.A. - Bolsa de Valores, Mercadorias e Futuros;2014-07-14;;;2014-07-14;
02.373.517/0001-51;2015-01-01;2;46950;Libra Terminal Rio S.A.;Debêntures;;;;;Balcão Organizado;CETIP;CETIP;2014-07-14;;;2014-07-14;
02.382.073/0001-10;2015-01-01;1;43603;Prolagos S.A. - Concessionária de Serviços de Água e Esgoto;Debêntures;;;;;Balcão Organizado;CETIP;CETIP;2011-05-30;;;2011-05-30;
02.387.241/0001-60;2015-01-01;4;46417;ALL - AMÉRICA LATINA LOGISTICA S.A.;Ações Ordinárias;;;;;Bolsa;BM&FBOVESPA;BM&FBOVESPA S.A. - Bolsa de Valores, Mercadorias e Futuros;2010-09-09;2015-04-01;Nível 1 de Governança Corporativa;2004-06-25;2015-03-31
02.387.241/0001-60;2015-01-01;4;46417;ALL - AMÉRICA LATINA LOGISTICA S.A.;Debêntures;;;;;Balcão Organizado;CETIP;CETIP;2000-11-24;;;2000-11-24;
02.415.408/0001-50;2015-01-01;2;48229;CONCESSIONARIA DE RODOVIAS DO OESTE DE SP-VIA OESTE SA;Debêntures;;;;;Balcão Organizado;BM&FBOVESPA;BM&FBOVESPA S.A. - Bolsa de Valores, Mercadorias e Futuros;2007-07-27;;;2007-07-27;
02.415.408/0001-50;2015-01-01;2;48229;CONCESSIONARIA DE RODOVIAS DO OESTE DE SP-VIA OESTE SA;Nota Comercial;;;;;Balcão Organizado;CETIP;CETIP;2013-10-11;;;2013-10-11;
02.429.144/0001-93;2015-01-01;3;47642;CPFL ENERGIA SA;Ações Ordinárias;;;;;Bolsa;BM&FBOVESPA;BM&FBOVESPA S.A. - Bolsa de Valores, Mercadorias e Futuros;2004-09-29;;Nível 1 de Governança Corporativa;2004-09-29;
02.429.144/0001-93;2015-01-01;3;47642;CPFL ENERGIA SA;Debêntures;;;;;Balcão Organizado;CETIP;CETIP;2000-05-19;;;2000-05-18;
02.451.848/0001-62;2015-01-01;3;50535;CONCESSIONÁRIA SO SISTEMA ANHANGUERA BANDEIRANTES S/A;Debêntures;;;;;Bolsa;BM&FBOVESPA;BM&FBOVESPA S.A. - Bolsa de Valores, Mercadorias e Futuros;2006-08-01;;;2006-08-01;
02.451.848/0001-62;2015-01-01;3;50535;CONCESSIONÁRIA SO SISTEMA ANHANGUERA BANDEIRANTES S/A;Debêntures;;;;;Balcão Organizado;CETIP;CETIP;2006-08-01;;;2006-08-01;
02.465.783/0001-04;2015-01-01;2;47375;FUTURETEL SA;Ações Ordinárias;;;;;Balcão Organizado;BM&FBOVESPA;BM&FBOVESPA S.A. - Bolsa de Valores, Mercadorias e Futuros;1998-07-02;;;1998-07-02;
02.474.103/0001-19;2015-01-01;2;51274;TRACTEBEL ENERGIA SA;Ações Ordinárias;;;;;Bolsa;BM&FBOVESPA;BM&FBOVESPA S.A. - Bolsa de Valores, Mercadorias e Futuros;2005-11-16;;Nível 1 de Governança Corporativa;1998-05-28;
02.474.103/0001-19;2015-01-01;2;51274;TRACTEBEL ENERGIA SA;Debêntures;;;;;Balcão Organizado;CETIP;CETIP;2007-05-15;2014-05-15;;2007-05-15;2014-05-15
02.474.103/0001-19;2015-01-01;2;51274;TRACTEBEL ENERGIA SA;Debêntures;;;;;Balcão Organizado;CETIP;CETIP;2014-12-15;;;2014-12-15;
02.476.710/0001-18;2015-01-01;1;45438;TELINVEST SA;Ações Ordinárias;;;;;Balcão Organizado;BM&FBOVESPA;BM&FBOVESPA S.A. - Bolsa de Valores, Mercadorias e Futuros;1998-06-18;;;1998-06-18;
02.502.844/0001-66;2015-01-01;3;46723;ALL - AMÉRICA LATINA LOGÍSTICA MALHA PAULISTA S.A.;Debêntures;;;;;Balcão Organizado;CETIP;CETIP;2008-08-15;;;2008-08-15;
02.509.186/0001-34;2015-01-01;2;47545;Triângulo do Sol Auto-Estradas S.A.;Debêntures;;;;;Balcão Organizado;CETIP;CETIP;2013-02-26;;;2013-02-26;
02.509.491/0001-26;2015-01-01;3;48102;CONCESSIONARIA ECOVIAS DOS IMIGRANTES S.A.;Debêntures;;;;;Balcão Organizado;CETIP;CETIP;2013-04-15;;;2013-04-15;
02.535.295/0001-26;2015-01-01;2;47834;MAORI SA;Ações Ordinárias;;;;;Balcão Organizado;BM&FBOVESPA;BM&FBOVESPA S.A. - Bolsa de Valores, Mercadorias e Futuros;1998-09-23;;;1998-09-23;
02.541.982/0001-54;2015-01-01;5;49211;Somos Educação S.A.;Ações Ordinárias;;;;;Bolsa;BM&FBOVESPA;BM&FBOVESPA S.A. - Bolsa de Valores, Mercadorias e Futuros;2014-10-23;;Nível 1 de Governança Corporativa;2011-07-26;
02.558.115/0001-21;2015-01-01;1;43312;TIM PARTICIPAÇÕES SA;Ações Ordinárias;;;;;Bolsa;BM&FBOVESPA;BM&FBOVESPA S.A. - Bolsa de Valores, Mercadorias e Futuros;1998-09-21;;Nível 2 de Governança Corporativa;1998-09-21;
02.558.157/0001-62;2015-01-01;4;51022;TELEFÔNICA BRASIL S.A.;Ações Ordinárias;;;;;Bolsa;BM&FBOVESPA;BM&FBOVESPA S.A. - Bolsa de Valores, Mercadorias e Futuros;1998-08-19;;Nível 2 de Governança Corporativa;1998-08-19;
02.591.787/0001-39;2015-01-01;1;45447;CAPITALPART PARTICIPAÇÕES SA;Ações Ordinárias;;;;;Balcão Organizado;BM&FBOVESPA;BM&FBOVESPA S.A. - Bolsa de Valores, Mercadorias e Futuros;1998-07-20;;;1998-07-09;
02.604.860/0001-60;2015-01-01;1;45455;SELECTPART PARTICIPACOES SA;Ações Ordinárias;;;;;Balcão Organizado;BM&FBOVESPA;BM&FBOVESPA S.A. - Bolsa de Valores, Mercadorias e Futuros;1998-07-22;;;1998-07-20;
02.604.997/0001-14;2015-01-01;2;47372;NEWTEL PARTICIPACOES SA;Ações Ordinárias;;;;;Balcão Organizado;BM&FBOVESPA;BM&FBOVESPA S.A. - Bolsa de Valores, Mercadorias e Futuros;1998-07-22;;;1998-07-20;
02.643.896/0001-52;2015-01-01;3;46090;REAL AI PIC SEC DE CREDITOS IMOBILIARIO S.A.;Certificados de Recebíveis Imobiliários;;;;;Balcão Organizado;BM&FBOVESPA;BM&FBOVESPA S.A. - Bolsa de Valores, Mercadorias e Futuros;2008-05-20;;;2008-05-20;
02.664.042/0001-52;2015-01-01;2;47361;TERMINAL GARAGEM MENEZES CORTES SA;Ações Ordinárias;;;;;;;;;;;;
02.724.983/0001-34;2015-01-01;3;50023;SANESALTO SANEAMENTO SA;Debêntures;;;;;Balcão Organizado;BM&FBOVESPA;BM&FBOVESPA S.A. - Bolsa de Valores, Mercadorias e Futuros;2005-06-01;;;2005-06-01;
02.762.113/0001-50;2015-01-01;2;47766;BRAZILIAN FINANCE & REAL ESTATE S.A.;Ações Ordinárias;;;;;Bolsa;BM&FBOVESPA;BM&FBOVESPA S.A. - Bolsa de Valores, Mercadorias e Futuros;2012-07-16;;Nível 2 de Governança Corporativa;2012-07-16;
02.762.115/0001-49;2015-01-01;3;49869;MMX MINERAÇÃO E METÁLICOS S.A.;Ações Ordinárias;;;;;Bolsa;BM&FBOVESPA;BM&FBOVESPA S.A. - Bolsa de Valores, Mercadorias e Futuros;2006-07-24;;Nível 1 de Governança Corporativa;2006-07-24;
02.762.121/0001-04;2015-01-01;1;43566;SANTOS BRASIL PARTICIPAÇÕES S.A.;Ações Ordinárias;;;;;Bolsa;BM&FBOVESPA;BM&FBOVESPA S.A. - Bolsa de Valores, Mercadorias e Futuros;2007-10-24;;Bovespa Mais N2;2007-10-24;
02.762.124/0001-30;2015-01-01;2;43605;BETAPART PARTICIPAÇÕES SA;Ações Ordinárias;;;;;Balcão Não-Organizado;;;;;;1998-11-06;
02.773.542/0001-22;2015-01-01;3;47861;RB CAPITAL COMPANHIA DE SECURITIZACAO;Certificados de Recebíveis Imobiliários;;;;;Balcão Organizado;CETIP;CETIP;2007-03-17;;;2007-03-17;
02.773.542/0001-22;2015-01-01;3;47861;RB CAPITAL COMPANHIA DE SECURITIZACAO;Certificados de Recebíveis Imobiliários;;;;;Bolsa;BM&FBOVESPA;BM&FBOVESPA S.A. - Bolsa de Valores, Mercadorias e Futuros;2007-03-17;;;2007-03-17;
02.783.423/0001-50;2015-01-01;2;46802;ALTERE SECURITIZADORA S.A.;Certificados de Recebíveis Imobiliários;;;;;Balcão Organizado;CETIP;CETIP;2009-03-25;;;2009-03-25;
02.783.423/0001-50;2015-01-01;2;46802;ALTERE SECURITIZADORA S.A.;Certificados de Recebíveis Imobiliários;;;;;Balcão Organizado;BM&FBOVESPA;BM&FBOVESPA S.A. - Bolsa de Valores, Mercadorias e Futuros;2003-07-30;;;2003-07-30;
02.796.775/0001-40;2015-01-01;1;43537;GAMA PARTICIPAÇÕES S.A.;Ações Ordinárias;;;;;Balcão Não-Organizado;;;;;;2002-12-31;
02.800.026/0001-40;2015-01-01;5;46583;KROTON EDUCACIONAL S.A.;Ações Ordinárias;;;;;Bolsa;BM&FBOVESPA;BM&FBOVESPA S.A. - Bolsa de Valores, Mercadorias e Futuros;2007-07-23;;Nível 1 de Governança Corporativa;2007-07-23;
02.846.056/0001-97;2015-01-01;1;44549;CCR S.A.;Ações Ordinárias;;;;;Bolsa;BM&FBOVESPA;BM&FBOVESPA S.A. - Bolsa de Valores, Mercadorias e Futuros;2002-02-01;;Nível 1 de Governança Corporativa;2002-02-01;
02.860.694/0001-62;2015-01-01;2;49531;T4F ENTRETENIMENTO SA;Ações Ordinárias;;;;;Bolsa;BM&FBOVESPA;BM&FBOVESPA S.A. - Bolsa de Valores, Mercadorias e Futuros;2011-04-11;;Nível 1 de Governança Corporativa;2011-04-11;
02.916.265/0001-60;2015-01-01;2;47701;JBS SA;Ações Ordinárias;;;;;Bolsa;BM&FBOVESPA;BM&FBOVESPA S.A. - Bolsa de Valores, Mercadorias e Futuros;2007-03-29;;Nível 1 de Governança Corporativa;2007-03-29;
02.919.555/0001-67;2015-01-01;4;51183;Arteris;Debêntures;;;;;Balcão Organizado;CETIP;CETIP;2013-10-07;;;2013-10-04;
02.932.074/0001-91;2015-01-01;1;43370;HYPERMARCAS S/A;Ações Ordinárias;;;;;Bolsa;BM&FBOVESPA;BM&FBOVESPA S.A. - Bolsa de Valores, Mercadorias e Futuros;2008-04-17;;Nível 1 de Governança Corporativa;2008-04-17;
02.950.811/0001-89;2015-01-01;5;49304;PDG REALTY SA EMPREENDIMENTOS E PARTS;Ações Ordinárias;;;;;Bolsa;BM&FBOVESPA;BM&FBOVESPA S.A. - Bolsa de Valores, Mercadorias e Futuros;2007-01-26;;Nível 1 de Governança Corporativa;2007-01-26;
02.950.811/0001-89;2015-01-01;5;49304;PDG REALTY SA EMPREENDIMENTOS E PARTS;Debêntures;;;;;Bolsa;BM&FBOVESPA;BM&FBOVESPA S.A. - Bolsa de Valores, Mercadorias e Futuros;2007-07-01;;;2007-07-01;
02.992.449/0001-09;2015-01-01;2;45321;PROMPT PARTICIPAÇÕES S.A.;Ações Ordinárias;;;;;Balcão Não-Organizado;;;;;;1999-06-22;
02.998.301/0001-81;2015-01-01;2;46408;DUKE ENERGY INT,GERAÇÃO PARANAPANEMA SA;Ações Ordinárias;;;;;Bolsa;BM&FBOVESPA;BM&FBOVESPA S.A. - Bolsa de Valores, Mercadorias e Futuros;1999-07-26;;Nível 2 de Governança Corporativa;1999-07-26;
02.998.301/0001-81;2015-01-01;2;46408;DUKE ENERGY INT,GERAÇÃO PARANAPANEMA SA;Debêntures;;;;;Balcão Organizado;CETIP;CETIP;2008-09-15;;;2008-09-15;
02.998.609/0001-27;2015-01-01;8;51485;AES TIETE SA;Ações Ordinárias;;;;;Bolsa;BM&FBOVESPA;BM&FBOVESPA S.A. - Bolsa de Valores, Mercadorias e Futuros;1999-07-26;;Nível 2 de Governança Corporativa;1999-07-26;
02.998.609/0001-27;2015-01-01;8;51485;AES TIETE SA;Debêntures;;;;;Balcão Organizado;CETIP;CETIP;2010-04-01;;;2010-04-01;
02.998.609/0001-27;2015-01-01;8;51485;AES TIETE SA;Nota Comercial;;;;;Balcão Organizado;CETIP;CETIP;2013-03-26;;;2013-03-26;
02.998.611/0001-04;2015-01-01;1;44326;CTEEP-CIA TRANSM ENERGIA ELÉTR. PAULISTA;Ações Ordinárias;;;;;Bolsa;BM&FBOVESPA;BM&FBOVESPA S.A. - Bolsa de Valores, Mercadorias e Futuros;2002-09-18;;Bovespa Mais;1999-07-14;
03.014.553/0001-91;2015-01-01;3;52094;TPI - TRIUNFO PARTICIPACOES E INVESTIMENTOS S.A.;Ações Ordinárias;;;;;Bolsa;BM&FBOVESPA;BM&FBOVESPA S.A. - Bolsa de Valores, Mercadorias e Futuros;2007-07-23;;Nível 1 de Governança Corporativa;2007-07-23;
03.025.305/0001-46;2015-01-01;5;48270;Rodovias das Colinas S.A.;Debêntures;;;;;Balcão Organizado;CETIP;CETIP;2013-04-25;;;2013-04-25;
03.052.673/0001-83;2015-01-01;1;47350;MASSA FALIDA DA ELETRONET S/A;Ações Ordinárias;;;;;Balcão Não-Organizado;;;;;;2000-08-31;2003-05-16
03.220.438/0001-73;2015-01-01;2;48231;EQUATORIAL ENERGIA S/A;Ações Ordinárias;;;;;Bolsa;BM&FBOVESPA;BM&FBOVESPA S.A. - Bolsa de Valores, Mercadorias e Futuros;2008-04-23;;Nível 1 de Governança Corporativa;2006-03-30;
03.303.999/0001-36;2015-01-01;2;47781;DTCOM - DIRECT TO COMPANY S.A.;Ações Ordinárias;;;;;Bolsa;BM&FBOVESPA;BM&FBOVESPA S.A. - Bolsa de Valores, Mercadorias e Futuros;2000-12-31;;Nível 2 de Governança Corporativa;2000-12-31;
03.378.521/0001-75;2015-01-01;1;43458;LIGHT SA;Ações Ordinárias;;;;;Bolsa;BM&FBOVESPA;BM&FBOVESPA S.A. - Bolsa de Valores, Mercadorias e Futuros;2006-02-22;;Nível 1 de Governança Corporativa;2006-02-22;
03.467.321/0001-99;2015-01-01;4;49148;Energisa Mato Grosso - Distribuidora de Energia S/A;Ações Ordinárias;;;;;Bolsa;BM&FBOVESPA;BM&FBOVESPA S.A. - Bolsa de Valores, Mercadorias e Futuros;1994-10-25;;Nível 2 de Governança Corporativa;1994-10-25;
03.559.006/0001-91;2015-01-01;3;47875;RB CAPITAL SECURITIZADORA S.A.;Certificados de Recebíveis Imobiliários;;;;;Balcão Organizado;CETIP;CETIP;2007-03-17;;;2007-03-17;
03.559.006/0001-91;2015-01-01;3;47875;RB CAPITAL SECURITIZADORA S.A.;Certificados de Recebíveis Imobiliários;;;;;Bolsa;BM&FBOVESPA;BM&FBOVESPA S.A. - Bolsa de Valores, Mercadorias e Futuros;2007-03-17;;;2007-03-17;
03.601.314/0001-38;2015-01-01;2;48264;ANDRADE GUTIERREZ CONCESSOES SA;Debêntures;;;;;Balcão Organizado;CETIP;CETIP;2013-05-02;;;2013-05-02;
03.758.318/0001-24;2015-01-01;3;51620;INVEST.E PART.EM INFRA-ESTR.S/A-INVEPAR;Debêntures;;;;;Balcão Organizado;CETIP;CETIP;2015-10-15;2015-11-11;;2015-10-15;2015-11-11
03.767.538/0001-14;2015-01-01;4;50382;BRAZILIAN SECURITIES CIA SECURITIZAÇÃO;Certificados de Recebíveis Imobiliários;;;;;Balcão Organizado;CETIP;CETIP;2001-03-13;;;2001-03-13;
03.847.461/0001-92;2015-01-01;4;51214;BRADESPAR S/A;Ações Ordinárias;;;;;Bolsa;BM&FBOVESPA;BM&FBOVESPA S.A. - Bolsa de Valores, Mercadorias e Futuros;2001-06-26;;Bovespa Mais;2000-08-10;
03.847.461/0001-92;2015-01-01;4;51214;BRADESPAR S/A;Debêntures;;;;;Balcão Organizado;CETIP;CETIP;2009-07-13;;;2009-07-13;
03.853.896/0001-40;2015-01-01;3;48214;MARFRIG GLOBAL FOODS SA;Ações Ordinárias;;;;;Bolsa;BM&FBOVESPA;BM&FBOVESPA S.A. - Bolsa de Valores, Mercadorias e Futuros;2007-06-29;;Nível 1 de Governança Corporativa;2007-06-29;
03.853.896/0001-40;2015-01-01;3;48214;MARFRIG GLOBAL FOODS SA;Debêntures;;;;;Balcão Não-Organizado;;;;;;2010-07-15;
03.870.455/0005-80;2015-01-01;1;50979;Forno de Minas Alimentos S.A.;Valor Mobiliário Não Registrado;;;;;Bolsa;;;;;;;
03.953.509/0001-47;2015-01-01;4;52274;CPFL GERAÇÃO DE ENERGIA S/A;Debêntures;;;;;Balcão Organizado;CETIP;CETIP;2009-04-14;;;2009-04-14;
03.983.431/0001-03;2015-01-01;4;49455;EDP ENERGIAS DO BRASIL S/A;Ações Ordinárias;;;;;Bolsa;BM&FBOVESPA;BM&FBOVESPA S.A. - Bolsa de Valores, Mercadorias e Futuros;2005-07-05;;Nível 1 de Governança Corporativa;2005-07-05;
03.983.431/0001-03;2015-01-01;4;49455;EDP ENERGIAS DO BRASIL S/A;Debêntures;;;;;Balcão Organizado;CETIP;CETIP;2013-04-11;;;2013-04-11;
03.983.431/0001-03;2015-01-01;4;49455;EDP ENERGIAS DO BRASIL S/A;Nota Comercial;;;;;Balcão Organizado;CETIP;CETIP;2015-03-30;;;2015-03-30;
04.030.182/0001-02;2015-01-01;2;46983;CABINDA PARTICIPAÇÕES SA;Ações Ordinárias;;;;;;;;;;;;
04.031.213/0001-31;2015-01-01;2;46998;CACONDE PARTICIPAÇÕES SA;Ações Ordinárias;;;;;;;;;;;;
04.031.960/0001-70;2015-01-01;2;48377;ANDRADE GUTIERREZ PARTICIPAÇÕES SA;Debêntures;;;;;Balcão Organizado;CETIP;CETIP;2012-06-15;;;2012-06-15;
04.032.433/0001-80;2015-01-01;4;52226;CONTAX PARTICIPAÇÕES S.A.;Ações Ordinárias;;;;;Bolsa;BM&FBOVESPA;BM&FBOVESPA S.A. - Bolsa de Valores, Mercadorias e Futuros;2013-04-30;;Bovespa Mais N2;2005-08-29;
04.032.433/0001-80;2015-01-01;4;52226;CONTAX PARTICIPAÇÕES S.A.;Certificados de Depósito de Valores Mobiliários;;;;;Bolsa;BM&FBOVESPA;BM&FBOVESPA S.A. - Bolsa de Valores, Mercadorias e Futuros;2013-05-13;;;2013-05-13;
04.034.792/0001-76;2015-01-01;5;52223;DOMMO EMPREENDIMENTOS IMOBILIÁRIOS S.A;Ações Ordinárias;;;;;;;;;;;;
04.038.763/0001-82;2015-01-01;2;46939;CAIANDA PARTICIPAÇÕES SA;Ações Ordinárias;;;;;;;;;;;;
04.065.791/0001-99;2015-01-01;4;50228;Senior Solution S.A.;Ações Ordinárias;;;;;Bolsa;BM&FBOVESPA;BM&FBOVESPA S.A. - Bolsa de Valores, Mercadorias e Futuros;2012-05-10;;;2012-04-26;
04.089.570/0001-50;2015-01-01;1;43590;Águas Guariroba S.A.;Debêntures;;;;;Balcão Organizado;CETIP;CETIP;2012-12-17;;;2012-12-17;
04.128.563/0001-10;2015-01-01;3;52571;CIA BRASILIANA DE ENERGIA;Debêntures;;;;;Bolsa;BM&FBOVESPA;BM&FBOVESPA S.A. - Bolsa de Valores, Mercadorias e Futuros;2001-10-05;2011-12-29;;2001-10-05;2011-12-29
04.149.454/0001-80;2015-01-01;3;52585;ECORODOVIAS INFRAESTRUTURA E LOGISTICA SA;Ações Ordinárias;;;;;Bolsa;BM&FBOVESPA;BM&FBOVESPA S.A. - Bolsa de Valores, Mercadorias e Futuros;2010-04-01;;Nível 1 de Governança Corporativa;2010-04-01;
04.149.454/0001-80;2015-01-01;3;52585;ECORODOVIAS INFRAESTRUTURA E LOGISTICA SA;Nota Comercial;;;;;Balcão Organizado;CETIP;CETIP;2014-05-02;;;2014-05-02;
04.149.454/0001-80;2015-01-01;3;52585;ECORODOVIAS INFRAESTRUTURA E LOGISTICA SA;Debêntures;;;;;Balcão Organizado;CETIP;CETIP;2015-04-15;;;2015-04-15;
04.423.567/0001-21;2015-01-01;5;52501;ENEVA S.A.;Ações Ordinárias;;;;;Bolsa;BM&FBOVESPA;BM&FBOVESPA S.A. - Bolsa de Valores, Mercadorias e Futuros;2007-12-13;;Nível 1 de Governança Corporativa;2007-12-13;
04.437.534/0001-30;2015-01-01;6;52613;UNIDAS S/A;Debêntures;;;;;Balcão Organizado;CETIP;CETIP;2013-11-14;2013-11-14;;2013-11-14;2013-11-14
04.437.534/0001-30;2015-01-01;6;52613;UNIDAS S/A;Debêntures;;;;;Balcão Organizado;CETIP;CETIP;2011-10-15;2011-10-15;;2011-10-15;2011-10-15
04.437.534/0001-30;2015-01-01;6;52613;UNIDAS S/A;Debêntures;;;;;Balcão Organizado;CETIP;CETIP;2013-03-26;2013-03-26;;2013-03-26;2013-03-26
04.437.534/0001-30;2015-01-01;6;52613;UNIDAS S/A;Debêntures;;;;;Balcão Organizado;CETIP;CETIP;2014-09-13;2014-09-13;;2014-09-13;2014-09-13
04.437.534/0001-30;2015-01-01;6;52613;UNIDAS S/A;Debêntures;;;;;Balcão Organizado;CETIP;CETIP;2008-08-04;2008-08-04;;2008-08-04;2008-08-04
04.437.534/0001-30;2015-01-01;6;52613;UNIDAS S/A;Debêntures;;;;;Balcão Organizado;CETIP;CETIP;2015-07-27;2015-07-27;;2015-07-27;2015-07-27
04.437.534/0001-30;2015-01-01;6;52613;UNIDAS S/A;Nota Comercial;;;;;Balcão Organizado;CETIP;CETIP;2009-10-05;2009-10-05;;2009-10-05;2009-10-05
04.437.534/0001-30;2015-01-01;6;52613;UNIDAS S/A;Nota Comercial;;;;;Balcão Organizado;CETIP;CETIP;2015-12-15;2015-12-15;;2015-12-15;2015-12-15
04.437.534/0001-30;2015-01-01;6;52613;UNIDAS S/A;Nota Comercial;;;;;Balcão Organizado;CETIP;CETIP;2013-09-19;2013-09-19;;2013-09-19;2013-09-19
04.437.534/0001-30;2015-01-01;6;52613;UNIDAS S/A;Nota Comercial;;;;;Balcão Organizado;CETIP;CETIP;2011-08-05;2011-08-05;;2011-08-05;2011-08-05
04.437.534/0001-30;2015-01-01;6;52613;UNIDAS S/A;Nota Comercial;;;;;Balcão Organizado;CETIP;CETIP;2010-09-30;2010-09-30;;2010-09-30;2010-09-30
04.752.991/0001-10;2015-01-01;2;50436;BIOMM SA;Ações Ordinárias;;;;;Balcão Organizado;BM&FBOVESPA;BM&FBOVESPA S.A. - Bolsa de Valores, Mercadorias e Futuros;2014-01-02;;;2014-01-02;
04.821.041/0001-08;2015-01-01;2;49496;METALFRIO SOLUTIONS S/A;Ações Ordinárias;;;;;Bolsa;BM&FBOVESPA;BM&FBOVESPA S.A. - Bolsa de Valores, Mercadorias e Futuros;2007-04-13;;Nível 1 de Governança Corporativa;2007-04-13;
04.895.728/0001-80;2015-01-01;3;48278;CENTRAIS ELÉTRICAS DO PARÁ S.A - CELPA;Ações Ordinárias;;;;;Bolsa;BM&FBOVESPA;BM&FBOVESPA S.A. - Bolsa de Valores, Mercadorias e Futuros;1999-06-14;;Nível 2 de Governança Corporativa;1999-06-14;
04.895.728/0001-80;2015-01-01;3;48278;CENTRAIS ELÉTRICAS DO PARÁ S.A - CELPA;Nota Comercial;;;;;Balcão Organizado;CETIP;CETIP;2014-06-24;;;2014-06-24;
04.902.979/0001-44;2015-01-01;6;52148;BANCO DA AMAZÔNIA S.A.;Ações Ordinárias;;;;;Bolsa;BM&FBOVESPA;BM&FBOVESPA S.A. - Bolsa de Valores, Mercadorias e Futuros;1977-07-20;;Nível 2 de Governança Corporativa;1977-07-20;
04.912.242/0001-02;2015-01-01;2;48078;PORTUENSE FERRAGENS S/A;Ações Ordinárias;;;;;Balcão Não-Organizado;;;;;;1985-01-01;
04.913.711/0001-08;2015-01-01;4;52607;BANCO DO ESTADO DO PARÁ S/A.;Ações Ordinárias;;;;;Bolsa;BM&FBOVESPA;BM&FBOVESPA S.A. - Bolsa de Valores, Mercadorias e Futuros;1977-07-20;;Nível 2 de Governança Corporativa;1977-07-20;
04.986.320/0001-13;2015-01-01;4;49296;SER EDUCACIONAL S.A.;Ações Ordinárias;;;;;Bolsa;BM&FBOVESPA;BM&FBOVESPA S.A. - Bolsa de Valores, Mercadorias e Futuros;2013-10-29;;Nível 1 de Governança Corporativa;2013-10-29;
05.341.549/0001-63;2015-01-01;2;48340;TARPON INVESTIMENTOS S/A;Ações Ordinárias;;;;;Bolsa;BM&FBOVESPA;BM&FBOVESPA S.A. - Bolsa de Valores, Mercadorias e Futuros;2009-05-21;;Nível 1 de Governança Corporativa;2009-05-21;
05.707.616/0001-10;2015-01-01;4;48415;Banco Santander, S.A.;Certificados de depósito de valores mobiliários;;;;;Bolsa;BM&FBOVESPA;BM&FBOVESPA S.A. - Bolsa de Valores, Mercadorias e Futuros;2014-08-26;;;2014-08-26;
05.711.813/0001-03;2015-01-01;1;45983;SOLVAY INDUPA SAIC;Certificados de depósito de valores mobiliários;;;;;;;;;;;;
05.721.735/0001-28;2015-01-01;1;45183;WILSON SONS LIMITED;Certificados de depósito de valores mobiliários;;;;;Bolsa;BM&FBOVESPA;BM&FBOVESPA S.A. - Bolsa de Valores, Mercadorias e Futuros;2007-04-25;;;2007-04-25;
05.799.312/0001-20;2015-01-01;5;51205;VANGUARDA AGRO S.A.;Ações Ordinárias;;;;;Bolsa;BM&FBOVESPA;BM&FBOVESPA S.A. - Bolsa de Valores, Mercadorias e Futuros;2006-11-22;;Nível 1 de Governança Corporativa;2006-11-22;
05.878.397/0001-32;2015-01-01;2;46465;SONAE SIERRA BRASIL S.A.;Ações Ordinárias;;;;;Bolsa;BM&FBOVESPA;BM&FBOVESPA S.A. - Bolsa de Valores, Mercadorias e Futuros;2011-02-02;;Nível 1 de Governança Corporativa;2011-02-02;
05.878.397/0001-32;2015-01-01;2;46465;SONAE SIERRA BRASIL S.A.;Debêntures;;;;;Balcão Organizado;CETIP;CETIP;2012-03-02;;;2012-03-02;
06.082.980/0001-03;2015-01-01;2;48287;ALIANSCE SHOPPING CENTERS S/A;Ações Ordinárias;;;;;Bolsa;BM&FBOVESPA;BM&FBOVESPA S.A. - Bolsa de Valores, Mercadorias e Futuros;2010-01-29;;Nível 1 de Governança Corporativa;2010-01-29;
06.164.253/0001-87;2015-01-01;1;44077;GOL LINHAS AEREAS INTELIGENTES SA;Ações Ordinárias;;;;;Bolsa;BM&FBOVESPA;BM&FBOVESPA S.A. - Bolsa de Valores, Mercadorias e Futuros;2004-06-24;;Bovespa Mais N2;2004-06-24;
06.272.793/0001-84;2015-01-01;2;48311;COMPANHIA ENERGÉTICA DO MARANHÃO CEMAR;Ações Ordinárias;;;;;Balcão Organizado;BM&FBOVESPA;BM&FBOVESPA S.A. - Bolsa de Valores, Mercadorias e Futuros;1997-11-13;;;1997-11-13;
06.272.793/0001-84;2015-01-01;2;48311;COMPANHIA ENERGÉTICA DO MARANHÃO CEMAR;Debêntures;;;;;Balcão Organizado;CETIP;CETIP;2012-06-21;;;2012-06-21;
06.626.253/0001-51;2015-01-01;2;48040;EMPREENDIMENTOS PAGUE MENOS S.A;Debêntures;;;;;Balcão Organizado;CETIP;CETIP;2012-05-18;;;2012-05-18;
06.948.969/0001-75;2015-01-01;2;48039;LINX S.A.;Ações Ordinárias;;;;;Bolsa;BM&FBOVESPA;BM&FBOVESPA S.A. - Bolsa de Valores, Mercadorias e Futuros;2013-02-08;;Nível 1 de Governança Corporativa;2013-02-08;
06.977.739/0001-34;2015-01-01;2;48935;TEMPO PARTICIPAÇOES S/A;Ações Ordinárias;;;;;Bolsa;BM&FBOVESPA;BM&FBOVESPA S.A. - Bolsa de Valores, Mercadorias e Futuros;2007-12-19;;Nível 1 de Governança Corporativa;2007-12-19;
06.977.745/0001-91;2015-01-01;1;43349;BR MALLS PARTICIPAÇOES S.A.;Nota Comercial;;;;;Balcão Organizado;CETIP;CETIP;2012-07-27;;;2012-07-27;
06.977.751/0001-49;2015-01-01;3;50038;BR PROPERTIES S.A.;Ações Ordinárias;;;;;Bolsa;BM&FBOVESPA;BM&FBOVESPA S.A. - Bolsa de Valores, Mercadorias e Futuros;2010-03-08;;Nível 1 de Governança Corporativa;2010-03-08;
06.981.180/0001-16;2015-01-01;2;46672;CEMIG DISTRIBUIÇÃO S/A;Debêntures;;;;;Balcão Organizado;CETIP;CETIP;2007-12-19;;;2007-12-19;
06.981.180/0001-16;2015-01-01;2;46672;CEMIG DISTRIBUIÇÃO S/A;Debêntures;;;;;Balcão Organizado;BM&FBOVESPA;BM&FBOVESPA S.A. - Bolsa de Valores, Mercadorias e Futuros;2007-12-27;;;2007-12-27;
06.981.180/0001-16;2015-01-01;2;46672;CEMIG DISTRIBUIÇÃO S/A;Nota Comercial;;;;;Balcão Organizado;CETIP;CETIP;2012-07-02;;;2012-07-02;
07.040.108/0001-57;2015-01-01;2;44844;COMPANHIA DE ÁGUA E ESGOTO DO CEARÁ;Ações Ordinárias;;;;;;;;;;;;
07.043.628/0001-13;2015-01-01;3;48542;Claro Telecom Participações S.A.;Ações Ordinárias;;;;;Balcão Não-Organizado;;;;;;2004-09-27;
07.047.251/0001-70;2015-01-01;2;46463;CIA ENERG CEARA - COELCE;Ações Ordinárias;;;;;Bolsa;BM&FBOVESPA;BM&FBOVESPA S.A. - Bolsa de Valores, Mercadorias e Futuros;1995-10-09;;Nível 2 de Governança Corporativa;1995-10-09;
07.047.251/0001-70;2015-01-01;2;46463;CIA ENERG CEARA - COELCE;Debêntures;;;;;Balcão Organizado;CETIP;CETIP;2004-10-08;;;2004-10-08;
07.119.838/0001-48;2015-01-01;2;47125;BRAZIL REALTY CIA SECURITIZADORA DE CREDITOS IMOLIARIOS;Certificados de Recebíveis Imobiliários;;;;;Balcão Não-Organizado;;;;;;2011-06-14;
07.206.816/0001-15;2015-01-01;2;47710;M DIAS BRANCO SA IND E COM DE ALIMENTOS;Ações Ordinárias;;;;;Bolsa;BM&FBOVESPA;BM&FBOVESPA S.A. - Bolsa de Valores, Mercadorias e Futuros;2006-10-18;;Nível 1 de Governança Corporativa;2006-10-18;
07.237.373/0001-20;2015-01-01;3;46055;BANCO DO NORDESTE DO BRASIL SA;Ações Ordinárias;;;;;;;;;;;;
07.275.159/0001-68;2015-01-01;2;46663;PETROLEO LUB DO NORDESTE SA;Ações Ordinárias;;;;;;;;;;;;
07.334.600/0001-35;2015-01-01;3;49152;MARINA DE IRACEMA PARK SA;Debêntures;;;;;;;;;;;;
07.450.604/0001-89;2015-01-01;2;48446;BANCO INDUSTRIAL E COMERCIAL S/A;Ações Ordinárias;;;;;Bolsa;BM&FBOVESPA;BM&FBOVESPA S.A. - Bolsa de Valores, Mercadorias e Futuros;2007-09-17;;Bovespa Mais;2007-09-17;
07.526.557/0001-00;2015-01-01;4;52021;Ambev S.A.;Debêntures;;;;;Balcão Organizado;CETIP;CETIP;2015-11-04;;;2015-11-04;
07.526.557/0001-00;2015-01-01;4;52021;Ambev S.A.;Ações Ordinárias;;;;;Bolsa;BM&FBOVESPA;BM&FBOVESPA S.A. - Bolsa de Valores, Mercadorias e Futuros;2013-11-11;;Nível 2 de Governança Corporativa;2013-11-11;
07.587.384/0001-30;2015-01-01;6;50945;GAIA SECURITIZADORA S/A;Certificados de Recebíveis Imobiliários;;;;;Balcão Organizado;CETIP;CETIP;2009-08-10;;;2009-08-10;
07.587.384/0001-30;2015-01-01;6;50945;GAIA SECURITIZADORA S/A;Certificados de Recebíveis Imobiliários;;;;;Bolsa;BM&FBOVESPA;BM&FBOVESPA S.A. - Bolsa de Valores, Mercadorias e Futuros;2009-08-10;;;2009-08-10;
07.620.094/0001-40;2015-01-01;6;50667;AFLUENTE G&T DE ENERGIA ELÉTRICA S/A;Ações Ordinárias;;;;;Bolsa;BM&FBOVESPA;BM&FBOVESPA S.A. - Bolsa de Valores, Mercadorias e Futuros;2007-12-10;;Nível 2 de Governança Corporativa;2006-07-12;
07.628.528/0001-59;2015-01-01;1;43960;BRASILAGRO CIA BRAS DE PROP AGRICOLAS;Ações Ordinárias;;;;;Bolsa;BM&FBOVESPA;BM&FBOVESPA S.A. - Bolsa de Valores, Mercadorias e Futuros;2006-05-06;;Nível 1 de Governança Corporativa;2006-05-06;
07.628.528/0001-59;2015-01-01;1;43960;BRASILAGRO CIA BRAS DE PROP AGRICOLAS;Bônus de Subscrição;;;;;Balcão Não-Organizado;;;;;;2006-05-06;
07.689.002/0001-89;2015-01-01;3;50823;EMBRAER EMPR BRAS. DE AERONAUTICA S/A;Ações Ordinárias;;;;;Bolsa;BM&FBOVESPA;BM&FBOVESPA S.A. - Bolsa de Valores, Mercadorias e Futuros;2006-05-23;;Nível 1 de Governança Corporativa;2006-05-23;
07.718.269/0001-57;2015-01-01;5;52314;SPRINGS GLOBAL PARTICIPAÇÕES S/A;Ações Ordinárias;;;;;Bolsa;BM&FBOVESPA;BM&FBOVESPA S.A. - Bolsa de Valores, Mercadorias e Futuros;2007-07-27;;Nível 1 de Governança Corporativa;2007-07-27;
07.816.890/0001-53;2015-01-01;2;46528;MULTIPLAN EMP. IMOBILIARIOS S/A;Ações Ordinárias;;;;;Bolsa;BM&FBOVESPA;BM&FBOVESPA S.A. - Bolsa de Valores, Mercadorias e Futuros;2007-07-27;;Bovespa Mais N2;2007-07-27;
07.816.890/0001-53;2015-01-01;2;46528;MULTIPLAN EMP. IMOBILIARIOS S/A;Debêntures;;;;;Balcão Organizado;CETIP;CETIP;2014-10-15;;;2014-10-15;
07.820.907/0001-46;2015-01-01;3;52460;CR2 EMPREENDIMENTOS IMOBILIÁRIOS S/A;Ações Ordinárias;;;;;Bolsa;BM&FBOVESPA;BM&FBOVESPA S.A. - Bolsa de Valores, Mercadorias e Futuros;2007-04-23;;Nível 1 de Governança Corporativa;2007-04-23;
07.825.881/0001-29;2015-01-01;2;47580;ACRUX SECURITIZADORA S/A;Certificados de Recebíveis Imobiliários;;;;;Balcão Organizado;CETIP;CETIP;2008-08-12;;;2008-08-12;
07.857.850/0001-50;2015-01-01;2;46679;GP INVESTMENTS, LTD;Certificados de depósito de valores mobiliários;;;;;Bolsa;BM&FBOVESPA;BM&FBOVESPA S.A. - Bolsa de Valores, Mercadorias e Futuros;2006-05-30;;;2006-05-30;
07.859.971/0001-30;2015-01-01;3;52291;TRANSMISSORA ALIANÇA DE ENERGIA ELÉTRICA S.A.;Nota Comercial;;;;;Balcão Organizado;CETIP;CETIP;2009-10-06;;;2009-10-06;
07.859.971/0001-30;2015-01-01;3;52291;TRANSMISSORA ALIANÇA DE ENERGIA ELÉTRICA S.A.;Debêntures;;;;;Balcão Organizado;CETIP;CETIP;2010-07-20;;;2010-07-20;
07.859.971/0001-30;2015-01-01;3;52291;TRANSMISSORA ALIANÇA DE ENERGIA ELÉTRICA S.A.;Certificados de Depósito de Valores Mobiliários;;;;;Bolsa;BM&FBOVESPA;BM&FBOVESPA S.A. - Bolsa de Valores, Mercadorias e Futuros;2006-10-27;;;2006-10-06;
07.950.674/0001-04;2015-01-01;2;47909;CCX CARVÃO DA COLÔMBIA S.A.;Ações Ordinárias;;;;;Bolsa;BM&FBOVESPA;BM&FBOVESPA S.A. - Bolsa de Valores, Mercadorias e Futuros;2012-12-21;;Nível 1 de Governança Corporativa;2012-12-21;
07.957.093/0001-96;2015-01-01;2;47595;OGX PETRÓLEO E GÁS PARTICIPAÇÕES S/A;Ações Ordinárias;;;;;Bolsa;BM&FBOVESPA;BM&FBOVESPA S.A. - Bolsa de Valores, Mercadorias e Futuros;2008-06-13;;Nível 1 de Governança Corporativa;2008-06-13;
08.065.557/0001-12;2015-01-01;3;49275;TECNISA S/A;Debêntures;;;;;Balcão Organizado;CETIP;CETIP;2009-11-23;;;2009-11-23;
08.065.557/0001-12;2015-01-01;3;49275;TECNISA S/A;Ações Ordinárias;;;;;Bolsa;BM&FBOVESPA;BM&FBOVESPA S.A. - Bolsa de Valores, Mercadorias e Futuros;2007-02-01;;Nível 1 de Governança Corporativa;2007-02-01;
08.078.847/0001-09;2015-01-01;2;47577;LPS BRASIL CONSULTORIA DE IMOVEIS S/A;Ações Ordinárias;;;;;Bolsa;BM&FBOVESPA;BM&FBOVESPA S.A. - Bolsa de Valores, Mercadorias e Futuros;2006-12-18;;Nível 1 de Governança Corporativa;2006-12-18;
08.159.965/0001-33;2015-01-01;2;46476;COMPANHIA DE ÁGUAS DO BRASIL - CAB AMBIENTAL;Ações Ordinárias;;;;;Bolsa;BM&FBOVESPA;BM&FBOVESPA S.A. - Bolsa de Valores, Mercadorias e Futuros;2013-05-13;;;2013-05-13;
08.281.683/0001-04;2015-01-01;1;44447;RJ Capital Partners S/A;Ações Ordinárias;;;;;Bolsa;BM&FBOVESPA;BM&FBOVESPA S.A. - Bolsa de Valores, Mercadorias e Futuros;2011-06-21;;Nível 2 de Governança Corporativa;2011-06-21;
08.294.224/0001-65;2015-01-01;3;51355;JHSF PARTICIPAÇÕES SA;Ações Ordinárias;;;;;Bolsa;BM&FBOVESPA;BM&FBOVESPA S.A. - Bolsa de Valores, Mercadorias e Futuros;2007-04-11;;Nível 1 de Governança Corporativa;2007-04-11;
08.294.224/0001-65;2015-01-01;3;51355;JHSF PARTICIPAÇÕES SA;Debêntures;;;;;Balcão Organizado;CETIP;CETIP;2009-11-12;;;2009-11-12;
08.312.229/0001-73;2015-01-01;4;49618;EZ TEC EMPREEND. E PARTICIPAÇÕES S/A;Ações Ordinárias;;;;;Bolsa;BM&FBOVESPA;BM&FBOVESPA S.A. - Bolsa de Valores, Mercadorias e Futuros;2007-06-27;;Nível 1 de Governança Corporativa;2007-06-27;
08.324.196/0001-81;2015-01-01;6;49030;CIA ENERGÉTICA DO RIO GRANDE DO NORTE;Ações Ordinárias;;;;;Balcão Organizado;BM&FBOVESPA;BM&FBOVESPA S.A. - Bolsa de Valores, Mercadorias e Futuros;1999-05-17;;;1999-05-17;
08.343.492/0001-20;2015-01-01;4;49081;MRV ENGENHARIA E PARTICIPAÇÕES S/A;Ações Ordinárias;;;;;Bolsa;BM&FBOVESPA;BM&FBOVESPA S.A. - Bolsa de Valores, Mercadorias e Futuros;2007-07-23;;Nível 1 de Governança Corporativa;2007-07-19;
08.343.492/0001-20;2015-01-01;4;49081;MRV ENGENHARIA E PARTICIPAÇÕES S/A;Debêntures;;;;;Balcão Organizado;CETIP;CETIP;2008-07-29;;;2008-07-25;
08.364.948/0001-38;2015-01-01;3;48532;ALUPAR INVESTIMENTO S/A;Ações Ordinárias;;;;;Bolsa;BM&FBOVESPA;BM&FBOVESPA S.A. - Bolsa de Valores, Mercadorias e Futuros;2013-04-25;;Bovespa Mais N2;2013-04-25;
08.364.948/0001-38;2015-01-01;3;48532;ALUPAR INVESTIMENTO S/A;Debêntures;;;;;Balcão Organizado;CETIP;CETIP;2015-04-24;;;2015-04-24;
08.402.943/0001-52;2015-01-01;2;44463;GUARARAPES CONFECÇÕES SA;Ações Ordinárias;;;;;Bolsa;BM&FBOVESPA;BM&FBOVESPA S.A. - Bolsa de Valores, Mercadorias e Futuros;1973-05-14;;Nível 2 de Governança Corporativa;1972-01-03;
08.424.178/0001-71;2015-01-01;2;47799;TECBLU - TECELAGEM BLUMENAU S/A.;Ações Ordinárias;;;;;Bolsa;BM&FBOVESPA;BM&FBOVESPA S.A. - Bolsa de Valores, Mercadorias e Futuros;1971-04-28;;Nível 2 de Governança Corporativa;1971-04-28;
08.439.659/0001-50;2015-01-01;3;46350;CPFL ENERGIAS RENOVAVEIS S.A.;Ações Ordinárias;;;;;Bolsa;BM&FBOVESPA;BM&FBOVESPA S.A. - Bolsa de Valores, Mercadorias e Futuros;2013-07-19;;Nível 1 de Governança Corporativa;2013-07-19;
08.439.659/0001-50;2015-01-01;3;46350;CPFL ENERGIAS RENOVAVEIS S.A.;Debêntures;;;;;Balcão Organizado;CETIP;CETIP;2012-06-15;;;2012-06-15;
08.467.115/0001-00;2015-01-01;4;49269;CIA ESTADUAL DE DISTRIBUIÇÃO DE ENERGIA ELETRICA;Ações Ordinárias;;;;;Bolsa;BM&FBOVESPA;BM&FBOVESPA S.A. - Bolsa de Valores, Mercadorias e Futuros;2010-12-23;;Bovespa Mais;2010-12-23;
08.534.605/0001-74;2015-01-01;2;52202;RENOVA ENERGIA S/A;Ações Ordinárias;;;;;Bolsa;BM&FBOVESPA;BM&FBOVESPA S.A. - Bolsa de Valores, Mercadorias e Futuros;2010-07-13;;Bovespa Mais N2;2010-07-13;
08.560.444/0001-93;2015-01-01;4;52162;COMPANHIA CELG DE PARTICIPAÇÕES;Ações Ordinárias;;;;;Bolsa;BM&FBOVESPA;BM&FBOVESPA S.A. - Bolsa de Valores, Mercadorias e Futuros;2008-03-14;;Nível 2 de Governança Corporativa;2008-03-14;
08.613.550/0001-98;2015-01-01;2;50375;BRASIL BROKERS PARTICIPAÇÕES SA;Ações Ordinárias;;;;;Bolsa;BM&FBOVESPA;BM&FBOVESPA S.A. - Bolsa de Valores, Mercadorias e Futuros;2007-10-29;;Nível 1 de Governança Corporativa;2007-10-29;
08.648.295/0001-19;2015-01-01;2;46285;ALLIS PARTICIPAÇÕES S.A.;Ações Ordinárias;;;;;Balcão Não-Organizado;;;;;;2007-12-10;
08.684.547/0001-65;2015-01-01;1;45005;MAGNESITA REFRATARIOS S.A.;Ações Ordinárias;;;;;Bolsa;BM&FBOVESPA;BM&FBOVESPA S.A. - Bolsa de Valores, Mercadorias e Futuros;2008-04-02;;Nível 1 de Governança Corporativa;2007-07-02;
08.723.106/0001-25;2015-01-01;2;47774;BHG S.A. - BRAZIL HOSPITALITY GROUP;Ações Ordinárias;;;;;Bolsa;BM&FBOVESPA;BM&FBOVESPA S.A. - Bolsa de Valores, Mercadorias e Futuros;2007-07-16;;Nível 1 de Governança Corporativa;2007-07-16;
08.741.499/0001-08;2015-01-01;2;46934;PRUMO LOGISTICA SA;Ações Ordinárias;;;;;Bolsa;BM&FBOVESPA;BM&FBOVESPA S.A. - Bolsa de Valores, Mercadorias e Futuros;2008-07-28;;Nível 1 de Governança Corporativa;2008-07-28;
08.764.621/0001-53;2015-01-01;2;48235;GENERAL SHOPPING BRASIL SA;Ações Ordinárias;;;;;Bolsa;BM&FBOVESPA;BM&FBOVESPA S.A. - Bolsa de Valores, Mercadorias e Futuros;2007-07-26;;Nível 1 de Governança Corporativa;2007-07-26;
08.769.451/0001-08;2015-01-01;1;45282;IMOWEL SECURITIZADORA;Certificados de Recebíveis Imobiliários;;;;;Balcão Organizado;CETIP;CETIP;2012-11-22;;;2012-11-22;
08.795.211/0001-70;2015-01-01;1;47829;MAESTRO LOCADORA DE VEÍCULOS S.A.;Debêntures;;;;;Balcão Organizado;CETIP;CETIP;2015-02-06;;;2015-02-06;
08.801.621/0001-86;2015-01-01;1;44416;CYRELA COMMERCIAL PROPERTIES SA EMP PART;Ações Ordinárias;;;;;Bolsa;BM&FBOVESPA;BM&FBOVESPA S.A. - Bolsa de Valores, Mercadorias e Futuros;2007-08-09;;Nível 1 de Governança Corporativa;2007-08-09;
08.801.621/0001-86;2015-01-01;1;44416;CYRELA COMMERCIAL PROPERTIES SA EMP PART;Debêntures;;;;;Balcão Organizado;CETIP;CETIP;2010-03-15;;;2010-03-15;
08.807.432/0001-10;2015-01-01;1;43503;ESTACIO PARTICIPAÇÕES SA;Ações Ordinárias;;;;;Bolsa;BM&FBOVESPA;BM&FBOVESPA S.A. - Bolsa de Valores, Mercadorias e Futuros;2008-07-08;;Nível 1 de Governança Corporativa;2007-07-26;
08.811.643/0001-27;2015-01-01;1;43396;TRISUL S/A;Ações Ordinárias;;;;;Bolsa;BM&FBOVESPA;BM&FBOVESPA S.A. - Bolsa de Valores, Mercadorias e Futuros;2007-10-15;;Nível 1 de Governança Corporativa;2007-10-15;
08.811.643/0001-27;2015-01-01;1;43396;TRISUL S/A;Debêntures;;;;;Balcão Organizado;CETIP;CETIP;2008-07-25;;;2008-07-25;
08.811.643/0001-27;2015-01-01;1;43396;TRISUL S/A;Nota Comercial;;;;;Balcão Organizado;CETIP;CETIP;2013-05-22;;;2013-05-22;
08.827.501/0001-58;2015-01-01;1;44405;AEGEA Saneamento e Participações S.A.;Debêntures;;;;;Balcão Organizado;CETIP;CETIP;2013-10-24;;;2013-10-24;
08.873.873/0001-10;2015-01-01;2;48062;ECORODOVIAS CONCESSÕES E SERVIÇOS S.A.;Debêntures;;;;;Balcão Organizado;CETIP;CETIP;2012-10-15;;;2012-10-15;
08.884.213/0001-35;2015-01-01;2;48028;BANCO PATAGONIA SA;Certificados de depósito de valores mobiliários;;;;;Bolsa;BM&FBOVESPA;BM&FBOVESPA S.A. - Bolsa de Valores, Mercadorias e Futuros;2007-07-09;;;2007-07-09;
08.887.330/0001-52;2015-01-01;3;48559;COSAN LIMITED;Certificados de depósito de valores mobiliários;;;;;Bolsa;BM&FBOVESPA;BM&FBOVESPA S.A. - Bolsa de Valores, Mercadorias e Futuros;2007-08-15;;;2007-08-15;
08.926.302/0001-05;2015-01-01;2;46824;OGX Petroleo e Gás S.A. - Em Recuperação Judicial;Ações Ordinárias;;;;;;;;;;;;
08.926.302/0001-05;2015-01-01;2;46824;OGX Petroleo e Gás S.A. - Em Recuperação Judicial;Debêntures;;;;;;;;;;;;
08.926.302/0001-05;2015-01-01;2;46824;OGX Petroleo e Gás S.A. - Em Recuperação Judicial;Debêntures Conversíveis;;;;;;;;;;;;
08.935.054/0001-50;2015-01-01;2;45753;MULTINER S/A;Debêntures;;;;;Balcão Não-Organizado;;;;;;2009-11-18;
08.936.792/0001-12;2015-01-01;1;43813;INTERNATIONAL MEAL COMPANY HOLDINGS S/A;Ações Ordinárias;;;;;Bolsa;BM&FBOVESPA;BM&FBOVESPA S.A. - Bolsa de Valores, Mercadorias e Futuros;2011-04-09;;Nível 1 de Governança Corporativa;2011-04-09;
09.041.168/0001-10;2015-01-01;2;45886;LOG COMMERCIAL PROPERTIES E PARTICIPAÇÕES S.A.;Debêntures;;;;;Balcão Organizado;CETIP;CETIP;2011-05-16;;;2011-05-16;
09.054.385/0001-44;2015-01-01;1;43988;Inbrands S.A.;Debêntures;;;;;Balcão Organizado;CETIP;CETIP;2011-12-26;;;2011-12-22;
09.112.685/0001-32;2015-01-01;7;50713;OSX BRASIL S.A.;Ações Ordinárias;;;;;Bolsa;BM&FBOVESPA;BM&FBOVESPA S.A. - Bolsa de Valores, Mercadorias e Futuros;2010-03-22;;Nível 1 de Governança Corporativa;2010-03-22;
09.116.278/0001-01;2015-01-01;2;46677;CONPEL CIA NORDESTINA PAPEL;Ações Ordinárias;;;;;Balcão Não-Organizado;;;;;;1977-07-20;1977-07-20
09.149.503/0001-06;2015-01-01;2;50853;OMEGA GERAÇÃO S.A.;Ações Ordinárias;;;;;;;;;;;;
09.288.252/0001-32;2015-01-01;1;43517;GAEC EDUCAÇÃO S.A.;Ações Ordinárias;;;;;Bolsa;BM&FBOVESPA;BM&FBOVESPA S.A. - Bolsa de Valores, Mercadorias e Futuros;2013-10-28;;Nível 1 de Governança Corporativa;2013-10-28;
09.295.063/0001-97;2015-01-01;1;43519;TECHNOS S.A.;Ações Ordinárias;;;;;Bolsa;BM&FBOVESPA;BM&FBOVESPA S.A. - Bolsa de Valores, Mercadorias e Futuros;2011-07-01;;Nível 1 de Governança Corporativa;2011-07-01;
09.346.601/0001-25;2015-01-01;2;44007;BM&F BOVESPA S/A - BOLSA DE VALORES, MERCADORIAS E FUTUROS;Ações Ordinárias;;;;;Bolsa;BM&FBOVESPA;BM&FBOVESPA S.A. - Bolsa de Valores, Mercadorias e Futuros;2008-08-20;;Nível 1 de Governança Corporativa;2008-08-20;
09.358.105/0001-91;2015-01-01;1;44210;CETIP S.A. - BALCÃO ORGANIZADO DE ATIVOS E DERIVATIVOS;Ações Ordinárias;;;;;Bolsa;BM&FBOVESPA;BM&FBOVESPA S.A. - Bolsa de Valores, Mercadorias e Futuros;2009-10-28;;Nível 1 de Governança Corporativa;2009-10-28;
09.358.105/0001-91;2015-01-01;1;44210;CETIP S.A. - BALCÃO ORGANIZADO DE ATIVOS E DERIVATIVOS;Debêntures;;;;;Balcão Organizado;CETIP;CETIP;2014-09-12;;;2014-09-12;
09.358.105/0001-91;2015-01-01;1;44210;CETIP S.A. - BALCÃO ORGANIZADO DE ATIVOS E DERIVATIVOS;Debêntures;;;;;Balcão Organizado;CETIP;CETIP;2010-12-29;2014-09-11;;2010-12-29;2014-09-11
09.391.823/0001-60;2015-01-01;10;51417;Santo Antônio Energia S.A.;Debêntures;;;;;Balcão Organizado;CETIP;CETIP;2012-12-27;;;2012-12-27;
09.391.823/0001-60;2015-01-01;10;51417;Santo Antônio Energia S.A.;Debêntures;;;;;Bolsa;BM&FBOVESPA;BM&FBOVESPA S.A. - Bolsa de Valores, Mercadorias e Futuros;2014-04-29;;;2014-04-29;
09.462.140/0001-56;2015-01-01;2;47010;BASEL PARTICIPAÇÕES S/A;Ações Ordinárias;;;;;;;;;;;;
09.601.322/0001-60;2015-01-01;3;52224;CTX PARTICIPAÇÕES S/A;Debêntures;;;;;Balcão Organizado;CETIP;CETIP;2011-09-19;;;2011-09-19;
10.215.988/0001-60;2015-01-01;3;52605;COMPANHIA DE LOCAÇÂO DAS AMÉRICAS;Ações Ordinárias;;;;;Bolsa;BM&FBOVESPA;BM&FBOVESPA S.A. - Bolsa de Valores, Mercadorias e Futuros;2012-04-23;;Nível 1 de Governança Corporativa;2012-04-23;
10.215.988/0001-60;2015-01-01;3;52605;COMPANHIA DE LOCAÇÂO DAS AMÉRICAS;Debêntures;;;;;Balcão Organizado;CETIP;CETIP;2011-12-30;;;2011-12-30;
10.215.988/0001-60;2015-01-01;3;52605;COMPANHIA DE LOCAÇÂO DAS AMÉRICAS;Nota Comercial;;;;;Balcão Organizado;CETIP;CETIP;2012-11-30;;;2012-11-30;
10.234.027/0001-00;2015-01-01;1;49862;LINHAS DE MACAPA TRANSMISSORA DE ENERGIA SA;Valor Mobiliário Não Registrado;;;;;;;;;;;;
10.240.186/0001-00;2015-01-01;1;49980;LINHAS DE XINGU TRANSMISSORA DE ENERGIA S.A.;Valor Mobiliário Não Registrado;;;;;;;;;;;;
10.338.320/0001-00;2015-01-01;7;50668;AFLUENTE TRANSMISSÃO DE ENERGIA ELETRICA S/A;Ações Ordinárias;;;;;Bolsa;BM&FBOVESPA;BM&FBOVESPA S.A. - Bolsa de Valores, Mercadorias e Futuros;2010-10-26;;Nível 2 de Governança Corporativa;2010-10-25;
10.345.009/0001-98;2015-01-01;9;52469;HUB COSMÉTICOS S/A;Ações Ordinárias;;;;;Bolsa;BM&FBOVESPA;BM&FBOVESPA S.A. - Bolsa de Valores, Mercadorias e Futuros;2009-12-17;;Nível 2 de Governança Corporativa;2009-12-17;
10.382.341/0001-22;2015-01-01;2;50690;METROPOLIS EMPREENDIMENTOS IMOBILIÁRIOS S/A;Ações Ordinárias;;;;;;;;;;;;
10.488.244/0001-19;2015-01-01;2;47289;INFRASEC SECURITIZADORA S/A;Certificados de Recebíveis Imobiliários;;;;;Balcão Organizado;BM&FBOVESPA;BM&FBOVESPA S.A. - Bolsa de Valores, Mercadorias e Futuros;2011-04-14;;;2011-04-14;
10.502.676/0001-37;2015-01-01;6;50739;TERMELÉTRICA PERNAMBUCO III S/A;Debêntures;;;;;Balcão Organizado;BM&FBOVESPA;BM&FBOVESPA S.A. - Bolsa de Valores, Mercadorias e Futuros;2013-12-20;;;2013-12-20;
10.502.676/0001-37;2015-01-01;6;50739;TERMELÉTRICA PERNAMBUCO III S/A;Debêntures;;;;;Balcão Organizado;CETIP;CETIP;2013-12-20;;;2013-12-20;
10.603.674/0001-34;2015-01-01;1;52156;BS&C EMPREENDIMENTOS E PARTICIPAÇÕES S.A.;Ações Ordinárias;;;;;;;;;;;;
10.608.405/0001-60;2015-01-01;8;51402;Barigui Securitizadora S.A.;Certificados de Recebíveis Imobiliários;;;;;Balcão Organizado;CETIP;CETIP;2013-12-15;;;2013-12-15;
10.629.105/0001-68;2015-01-01;7;51076;HRT PARTICIPAÇÕES EM PETRÓLEO S.A.;Ações Ordinárias;;;;;Bolsa;BM&FBOVESPA;BM&FBOVESPA S.A. - Bolsa de Valores, Mercadorias e Futuros;2010-10-25;;Nível 1 de Governança Corporativa;2010-10-25;
10.635.691/0001-53;2015-01-01;2;52632;ViaRondon Concessionária de Rodovia S/A;Debêntures;;;;;Balcão Organizado;CETIP;CETIP;2012-05-18;;;2012-05-18;
10.635.691/0001-53;2015-01-01;2;52632;ViaRondon Concessionária de Rodovia S/A;Nota Comercial;;;;;Balcão Organizado;CETIP;CETIP;2015-12-23;;;2015-12-23;
10.747.021/0001-29;2015-01-01;2;51093;Prática Participações S.A.;Ações Ordinárias;;;;;Bolsa;BM&FBOVESPA;BM&FBOVESPA S.A. - Bolsa de Valores, Mercadorias e Futuros;2015-10-20;;;2015-10-20;
10.753.164/0001-43;2015-01-01;2;50293;ECO. SEC. DTOS. CREDIT. AGRONEGÓCIOS S/A;Certificado de Recebíveis do Agronegócio;;;;;Balcão Organizado;CETIP;CETIP;2009-09-30;;;2009-09-30;
10.753.164/0001-43;2015-01-01;2;50293;ECO. SEC. DTOS. CREDIT. AGRONEGÓCIOS S/A;Certificado de Recebíveis do Agronegócio;;;;;Balcão Organizado;BM&FBOVESPA;BM&FBOVESPA S.A. - Bolsa de Valores, Mercadorias e Futuros;2015-06-29;;;2015-06-29;
10.760.260/0001-19;2015-01-01;2;48434;CVC Brasil Operadora e Agência de Viagens S.A.;Ações Ordinárias;;;;;Bolsa;BM&FBOVESPA;BM&FBOVESPA S.A. - Bolsa de Valores, Mercadorias e Futuros;2013-12-09;;Nível 1 de Governança Corporativa;2013-12-09;
10.826.798/0001-89;2015-01-01;8;52252;BRAZAL BRASIL ALIMENTOS SA;Ações Ordinárias;;;;;Balcão Organizado;BM&FBOVESPA;BM&FBOVESPA S.A. - Bolsa de Valores, Mercadorias e Futuros;2013-04-17;;;2013-04-17;
10.826.798/0001-89;2015-01-01;8;52252;BRAZAL BRASIL ALIMENTOS SA;Debêntures;;;;;Balcão Organizado;CETIP;CETIP;2013-03-05;;;2013-03-05;
10.835.932/0001-08;2015-01-01;7;49028;CIA ENERGÉTICA DE PERNAMBUCO - CELPE;Ações Ordinárias;;;;;Bolsa;BM&FBOVESPA;BM&FBOVESPA S.A. - Bolsa de Valores, Mercadorias e Futuros;1994-04-29;;Nível 2 de Governança Corporativa;1994-04-29;
10.835.932/0001-08;2015-01-01;7;49028;CIA ENERGÉTICA DE PERNAMBUCO - CELPE;Debêntures;;;;;Balcão Organizado;CETIP;CETIP;2011-04-20;;;2011-04-20;
10.841.050/0001-55;2015-01-01;3;48114;CONCESSIONÁRIA DE RODOVIAS AYRTON SENNA E CARVALHO PINTO S.A;Debêntures;;;;;Balcão Organizado;CETIP;CETIP;2011-02-22;;;2011-02-22;
11.094.546/0001-75;2015-01-01;5;51203;MULTIPLUS SA;Ações Ordinárias;;;;;Bolsa;BM&FBOVESPA;BM&FBOVESPA S.A. - Bolsa de Valores, Mercadorias e Futuros;2010-02-04;;Nível 1 de Governança Corporativa;2010-02-04;
11.102.250/0001-59;2015-01-01;2;50931;BR HOME CENTERS S.A.;Ações Ordinárias;;;;;;;;;;;;
11.181.400/0001-67;2015-01-01;2;47286;SUL INVEST SECURITIZADORA S.A.;Debêntures;;;;;Balcão Não-Organizado;;;;;;2015-03-01;
11.193.684/0001-01;2015-01-01;2;48447;GAVEA SECURITIZADORA S/A;Debêntures;;;;;Balcão Não-Organizado;;;;;;2014-06-20;
11.257.352/0001-43;2015-01-01;1;44725;BSI CAPITAL SECURITIZADORA S/A;Certificados de Recebíveis Imobiliários;;;;;Balcão Organizado;CETIP;CETIP;2014-03-14;;;2014-03-14;
11.274.829/0001-07;2015-01-01;6;50812;COMPANHIA PAULISTA DE SECURITIZAÇÃO;Debêntures;;;;;Balcão Organizado;CETIP;CETIP;2014-12-30;;;2014-12-30;
11.284.204/0001-18;2015-01-01;1;48492;YOU INC INCORPORADORA E PARTICIPAÇÕES S/A;Debêntures;;;;;Balcão Organizado;CETIP;CETIP;2015-02-11;;;2015-02-11;
11.395.624/0001-71;2015-01-01;5;52050;BRASIL PHARMA S.A.;Ações Ordinárias;;;;;Bolsa;BM&FBOVESPA;BM&FBOVESPA S.A. - Bolsa de Valores, Mercadorias e Futuros;2011-06-22;;Nível 1 de Governança Corporativa;2011-06-22;
11.395.624/0001-71;2015-01-01;5;52050;BRASIL PHARMA S.A.;Debêntures;;;;;Balcão Organizado;CETIP;CETIP;2012-04-02;;;2012-04-02;
11.395.624/0001-71;2015-01-01;5;52050;BRASIL PHARMA S.A.;Bônus de Subscrição;;;;;Bolsa;BM&FBOVESPA;BM&FBOVESPA S.A. - Bolsa de Valores, Mercadorias e Futuros;2014-06-25;;;2014-06-25;
11.423.623/0001-93;2015-01-01;2;46608;DUFRY AG;Certificados de depósito de valores mobiliários;;;;;Bolsa;BM&FBOVESPA;BM&FBOVESPA S.A. - Bolsa de Valores, Mercadorias e Futuros;2010-04-07;;;2010-04-07;
11.566.501/0001-56;2015-01-01;1;44070;TEREOS INTERNACIONAL S/A;Ações Ordinárias;;;;;Bolsa;BM&FBOVESPA;BM&FBOVESPA S.A. - Bolsa de Valores, Mercadorias e Futuros;2011-08-13;;Nível 1 de Governança Corporativa;2011-08-13;
11.669.021/0001-10;2015-01-01;6;51409;QGEP PARTICIPAÇÕES SA;Ações Ordinárias;;;;;Bolsa;BM&FBOVESPA;BM&FBOVESPA S.A. - Bolsa de Valores, Mercadorias e Futuros;2011-02-09;;Nível 1 de Governança Corporativa;2011-02-09;
11.716.471/0001-17;2015-01-01;4;50692;TRX Securitizadora S.A.;Certificados de Recebíveis Imobiliários;;;;;Balcão Organizado;CETIP;CETIP;2011-10-10;;;2011-10-10;
11.721.921/0001-60;2015-01-01;2;49050;BRASIL INSURANCE PARTICIPAÇÕES E ADMINISTRAÇÃO S/A;Ações Ordinárias;;;;;Bolsa;BM&FBOVESPA;BM&FBOVESPA S.A. - Bolsa de Valores, Mercadorias e Futuros;2010-10-29;;Nível 1 de Governança Corporativa;2010-10-29;
11.992.680/0001-93;2015-01-01;5;46579;QUALICORP S.A.;Ações Ordinárias;;;;;Bolsa;BM&FBOVESPA;BM&FBOVESPA S.A. - Bolsa de Valores, Mercadorias e Futuros;2011-06-28;;Nível 1 de Governança Corporativa;2011-06-28;
11.992.680/0001-93;2015-01-01;5;46579;QUALICORP S.A.;Debêntures;;;;;Balcão Organizado;CETIP;CETIP;2014-09-29;;;2014-09-29;
12.049.631/0001-84;2015-01-01;2;48087;MOURA DUBEUX ENGENHARIA S/A;Debêntures;;;;;Balcão Organizado;CETIP;CETIP;2009-10-01;2014-10-01;;2009-10-01;2014-10-01
12.078.880/0001-06;2015-01-01;2;47469;COMPANHIA AURIFERA BRASILEIRA S.A.;Ações Ordinárias;;;;;;;;;;;;
12.126.500/0001-53;2015-01-01;4;50673;REDENTOR ENERGIA S/A;Ações Ordinárias;;;;;Bolsa;BM&FBOVESPA;BM&FBOVESPA S.A. - Bolsa de Valores, Mercadorias e Futuros;2013-03-15;;Nível 2 de Governança Corporativa;2010-08-06;
12.130.744/0001-00;2015-01-01;5;51437;ÁPICE SECURITIZADORA S.A.;Certificados de Recebíveis Imobiliários;;;;;Balcão Organizado;CETIP;CETIP;2013-01-29;;;2013-01-29;
12.139.922/0001-63;2015-01-01;5;51589;Octante Securitizadora S.A.;Certificado de Recebíveis do Agronegócio;;;;;Balcão Organizado;CETIP;CETIP;2012-05-02;;;2012-05-02;
12.139.922/0001-63;2015-01-01;5;51589;Octante Securitizadora S.A.;Certificado de Recebíveis do Agronegócio;;;;;Balcão Organizado;BM&FBOVESPA;BM&FBOVESPA S.A. - Bolsa de Valores, Mercadorias e Futuros;2012-08-02;;;2012-08-02;
12.139.922/0001-63;2015-01-01;5;51589;Octante Securitizadora S.A.;Certificados de Recebíveis Imobiliários;;;;;Balcão Organizado;CETIP;CETIP;2015-04-02;;;2015-04-02;
12.394.991/0001-13;2015-01-01;2;48013;UTILIUM PARTICIPAÇÕES S.A.;Ações Ordinárias;;;;;;;;;;;;
12.489.315/0001-23;2015-01-01;2;48898;Ferreira Gomes Energia S.A.;Nota Comercial;;;;;Balcão Organizado;CETIP;CETIP;2014-05-27;;;2014-05-27;
12.610.165/0001-64;2015-01-01;1;46730;ATLETAS BRASILEIROS S.A;Ações Ordinárias;;;;;;;;;;;;
12.648.327/0001-53;2015-01-01;2;47754;HIDROVIAS DO BRASIL S.A.;Ações Ordinárias;;;;;;;;;;;;
13.009.717/0001-46;2015-01-01;5;50880;BANCO ESTADO SERGIPE SA;Ações Ordinárias;;;;;Bolsa;BM&FBOVESPA;BM&FBOVESPA S.A. - Bolsa de Valores, Mercadorias e Futuros;1977-07-20;;Nível 2 de Governança Corporativa;1977-07-20;
13.324.184/0001-97;2015-01-01;1;44581;Vigor Alimentos S.A.;Ações Ordinárias;;;;;Bolsa;BM&FBOVESPA;BM&FBOVESPA S.A. - Bolsa de Valores, Mercadorias e Futuros;2012-04-17;;Nível 1 de Governança Corporativa;2012-04-17;
13.407.573/0001-86;2015-01-01;3;47626;Harpia Ômega Participações S.A.;Ações Ordinárias;;;;;Bolsa;BM&FBOVESPA;BM&FBOVESPA S.A. - Bolsa de Valores, Mercadorias e Futuros;2011-11-18;2011-11-18;Nível 2 de Governança Corporativa;2011-11-18;2011-11-18
13.444.994/0001-87;2015-01-01;3;50549;Manabi S.A.;Ações Ordinárias;;;;;Bolsa;BM&FBOVESPA;BM&FBOVESPA S.A. - Bolsa de Valores, Mercadorias e Futuros;2011-09-12;;Nível 2 de Governança Corporativa;2011-09-12;
13.788.120/0001-47;2015-01-01;1;43583;ELEKEIROZ S/A;Ações Ordinárias;;;;;Bolsa;BM&FBOVESPA;BM&FBOVESPA S.A. - Bolsa de Valores, Mercadorias e Futuros;1987-02-16;;Nível 2 de Governança Corporativa;1987-02-16;
14.200.586/0001-42;2015-01-01;4;51725;NAOMI PARTICIPACOES S.A.;Ações Ordinárias;;;;;;;;;;;;
14.200.618/0001-00;2015-01-01;2;47005;BELEZA PARTICIPAÇÕES S.A;Ações Ordinárias;;;;;;;;;;;;
14.200.699/0001-48;2015-01-01;2;46916;NOAH PARTICIPACOES S.A.;Ações Ordinárias;;;;;;;;;;;;
14.212.464/0001-76;2015-01-01;4;48155;TGLT S.A.;Certificados de depósito de valores mobiliários;;;;;Bolsa;BM&FBOVESPA;BM&FBOVESPA S.A. - Bolsa de Valores, Mercadorias e Futuros;2011-11-04;;;2011-11-04;
14.308.514/0001-13;2015-01-01;1;45017;PARTICIPAÇÕES INDUST. DO NORDESTE S.A.;Ações Ordinárias;;;;;;;;;;;;
14.388.334/0001-99;2015-01-01;3;51042;PARANA BANCO S.A.;Ações Ordinárias;;;;;Bolsa;BM&FBOVESPA;BM&FBOVESPA S.A. - Bolsa de Valores, Mercadorias e Futuros;2007-06-13;;Bovespa Mais;2007-06-13;
14.807.945/0001-24;2015-01-01;2;47681;SANSUY SA INDÚSTRIA DE PLASTICOS;Ações Ordinárias;;;;;Bolsa;BM&FBOVESPA;BM&FBOVESPA S.A. - Bolsa de Valores, Mercadorias e Futuros;1986-05-06;;Nível 2 de Governança Corporativa;1986-05-06;
14.876.090/0001-93;2015-01-01;2;46475;Gaia Agro Securitizadora S.A.;Certificados de Recebíveis Imobiliários;;;;;Balcão Organizado;CETIP;CETIP;2013-02-19;;;2013-02-19;
14.876.090/0001-93;2015-01-01;2;46475;Gaia Agro Securitizadora S.A.;Certificado de Recebíveis do Agronegócio;;;;;Balcão Organizado;CETIP;CETIP;2013-01-24;;;2013-01-24;
14.882.295/0001-81;2015-01-01;3;50444;Oceana Offshore S.A.;Ações Ordinárias;;;;;;;;;;;;
14.962.356/0001-10;2015-01-01;2;49797;FRIGOL FOODS PARTICIPAÇÕES S.A..;Ações Ordinárias;;;;;Bolsa;BM&FBOVESPA;BM&FBOVESPA S.A. - Bolsa de Valores, Mercadorias e Futuros;2012-10-01;2015-06-30;;2012-10-01;2015-06-30
15.073.274/0001-88;2015-01-01;1;44233;BTG Pactual Participations Ltd;Certificados de depósito de valores mobiliários;;;;;Bolsa;BM&FBOVESPA;BM&FBOVESPA S.A. - Bolsa de Valores, Mercadorias e Futuros;2012-04-26;;;2012-04-26;
15.101.405/0001-93;2015-01-01;2;47039;CORREA RIBEIRO SA COM IND;Ações Ordinárias;;;;;Bolsa;BM&FBOVESPA;BM&FBOVESPA S.A. - Bolsa de Valores, Mercadorias e Futuros;2010-01-01;;Bovespa Mais;1977-07-20;
15.115.504/0001-24;2015-01-01;5;51788;MILLENNIUM INORGANIC CHEMICALS DO BRASIL;Ações Ordinárias;;;;;Bolsa;BM&FBOVESPA;BM&FBOVESPA S.A. - Bolsa de Valores, Mercadorias e Futuros;1970-12-23;;Nível 2 de Governança Corporativa;1970-12-23;
15.124.464/0001-87;2015-01-01;1;47672;BANCO ECONOMICO SA - EM LIQUIDAÇÃO EXTRAJUDICIAL;Ações Ordinárias;;;;;;;;;;;;
15.126.626/0001-16;2015-01-01;2;47307;IND AZULEJOS BAHIA SA;Ações Ordinárias;;;;;;;;;;;;
15.139.629/0001-94;2015-01-01;5;49026;CIA ELETRICIDADE DA BAHIA;Ações Ordinárias;;;;;Bolsa;BM&FBOVESPA;BM&FBOVESPA S.A. - Bolsa de Valores, Mercadorias e Futuros;1995-05-23;;Nível 2 de Governança Corporativa;1994-07-28;
15.141.799/0001-03;2015-01-01;6;52327;CIA FERRO LIGAS BAHIA FERBASA;Ações Ordinárias;;;;;Bolsa;BM&FBOVESPA;BM&FBOVESPA S.A. - Bolsa de Valores, Mercadorias e Futuros;2011-01-05;;Bovespa Mais;1977-01-01;
15.144.017/0001-90;2015-01-01;1;44365;CIA SEGUROS ALIANCA BAHIA;Ações Ordinárias;;;;;Bolsa;BM&FBOVESPA;BM&FBOVESPA S.A. - Bolsa de Valores, Mercadorias e Futuros;1977-07-20;;Nível 2 de Governança Corporativa;1977-07-20;
15.229.110/0001-05;2015-01-01;1;43856;CAPITALE SECURITIZADORA DE CRÉDITO S.A.;Debêntures;;;;;Balcão Não-Organizado;;;;;;2014-03-07;
15.483.430/0001-89;2015-01-01;4;47625;BPMB I Participações S.A.;Ações Ordinárias;;;;;Bolsa;BM&FBOVESPA;BM&FBOVESPA S.A. - Bolsa de Valores, Mercadorias e Futuros;2013-03-25;;Nível 2 de Governança Corporativa;2013-03-25;
15.494.541/0001-90;2015-01-01;2;47920;SALUS INFRAESTRUTURA PORTUARIA S.A.;Debêntures;;;;;Balcão Organizado;CETIP;CETIP;2015-03-23;;;2015-03-23;
15.527.906/0001-36;2015-01-01;2;48545;Biosev S.A.;Ações Ordinárias;;;;;Bolsa;BM&FBOVESPA;BM&FBOVESPA S.A. - Bolsa de Valores, Mercadorias e Futuros;2013-04-19;;Nível 1 de Governança Corporativa;2013-04-19;
15.578.569/0001-06;2015-01-01;4;47923;CONCESSIONARIA DO AEROPORTO INTERNACIONAL DE GUARULHOS S.A.;Debêntures;;;;;Bolsa;BM&FBOVESPA;BM&FBOVESPA S.A. - Bolsa de Valores, Mercadorias e Futuros;2014-10-27;;;2014-10-27;
15.578.569/0001-06;2015-01-01;4;47923;CONCESSIONARIA DO AEROPORTO INTERNACIONAL DE GUARULHOS S.A.;Debêntures;;;;;Balcão Organizado;CETIP;CETIP;2014-10-27;;;2014-10-27;
15.578.569/0001-06;2015-01-01;4;47923;CONCESSIONARIA DO AEROPORTO INTERNACIONAL DE GUARULHOS S.A.;Nota Comercial;;;;;Balcão Organizado;CETIP;CETIP;2015-04-30;;;2015-04-30;
15.688.041/0001-90;2015-01-01;1;45234;MBK Securitizadora S/A;Certificados de Recebíveis Imobiliários;;;;;Balcão Organizado;CETIP;CETIP;2013-09-13;;;2013-09-13;
15.912.764/0001-20;2015-01-01;1;44039;SMILES S.A.;Ações Ordinárias;;;;;Bolsa;BM&FBOVESPA;BM&FBOVESPA S.A. - Bolsa de Valores, Mercadorias e Futuros;2013-04-29;;Nível 1 de Governança Corporativa;2013-04-29;
16.103.773/0001-33;2015-01-01;2;46013;FINPAR PARTICIPAÇÕES S/A;Ações Ordinárias;;;;;;;;;;;;
16.234.171/0001-15;2015-01-01;3;48652;METANOR SA METANOL DO NE;Ações Ordinárias;;;;;Balcão Não-Organizado;;;;;;1974-12-26;
16.404.287/0001-55;2015-01-01;2;46448;SUZANO PAPEL E CELULOSE SA;Ações Ordinárias;;;;;Bolsa;BM&FBOVESPA;BM&FBOVESPA S.A. - Bolsa de Valores, Mercadorias e Futuros;2004-07-26;;Bovespa Mais;1992-04-15;
16.590.234/0001-76;2015-01-01;2;47731;AREZZO INDÚSTRIA E COMERCIO S/A;Ações Ordinárias;;;;;Bolsa;BM&FBOVESPA;BM&FBOVESPA S.A. - Bolsa de Valores, Mercadorias e Futuros;2011-02-02;;Nível 1 de Governança Corporativa;2011-02-02;
16.614.075/0001-00;2015-01-01;2;46025;DIRECIONAL ENGENHARIA SA;Ações Ordinárias;;;;;Bolsa;BM&FBOVESPA;BM&FBOVESPA S.A. - Bolsa de Valores, Mercadorias e Futuros;2009-11-19;;Nível 1 de Governança Corporativa;2009-11-19;
16.614.075/0001-00;2015-01-01;2;46025;DIRECIONAL ENGENHARIA SA;Debêntures;;;;;Balcão Organizado;CETIP;CETIP;2013-04-29;;;2013-04-29;
16.670.085/0001-55;2015-01-01;1;44797;LOCALIZA RENT A CAR SA;Ações Ordinárias;;;;;Bolsa;BM&FBOVESPA;BM&FBOVESPA S.A. - Bolsa de Valores, Mercadorias e Futuros;2005-05-23;;Nível 1 de Governança Corporativa;2005-05-06;
16.670.085/0001-55;2015-01-01;1;44797;LOCALIZA RENT A CAR SA;Debêntures;;;;;Bolsa;BM&FBOVESPA;BM&FBOVESPA S.A. - Bolsa de Valores, Mercadorias e Futuros;2007-07-10;;;2007-07-02;
16.670.085/0001-55;2015-01-01;1;44797;LOCALIZA RENT A CAR SA;Debêntures;;;;;Balcão Organizado;CETIP;CETIP;2010-05-10;;;2010-05-05;
16.670.085/0001-55;2015-01-01;1;44797;LOCALIZA RENT A CAR SA;Nota Comercial;;;;;Balcão Organizado;CETIP;CETIP;2010-12-29;;;2010-12-29;
17.155.730/0001-64;2015-01-01;2;46667;CIA ENERG MINAS GERAIS - CEMIG;Ações Ordinárias;;;;;Bolsa;BM&FBOVESPA;BM&FBOVESPA S.A. - Bolsa de Valores, Mercadorias e Futuros;2001-10-01;;Bovespa Mais;1972-01-14;
17.159.005/0001-64;2015-01-01;2;48129;FIACAO TECELAGEM SAO JOSE SA;Ações Ordinárias;;;;;Bolsa;BM&FBOVESPA;BM&FBOVESPA S.A. - Bolsa de Valores, Mercadorias e Futuros;1972-01-18;;Nível 2 de Governança Corporativa;1972-01-18;
17.161.241/0001-15;2015-01-01;1;44774;MINASMAQUINAS SA;Ações Ordinárias;;;;;Bolsa;BM&FBOVESPA;BM&FBOVESPA S.A. - Bolsa de Valores, Mercadorias e Futuros;2014-01-01;2014-12-31;Bovespa Mais;2014-01-01;2014-12-31
17.162.082/0001-73;2015-01-01;3;50445;MENDES JUNIOR ENGENHARIA SA;Ações Ordinárias;;;;;Bolsa;BM&FBOVESPA;BM&FBOVESPA S.A. - Bolsa de Valores, Mercadorias e Futuros;1977-07-20;;Nível 2 de Governança Corporativa;1977-07-20;
17.162.082/0001-73;2015-01-01;3;50445;MENDES JUNIOR ENGENHARIA SA;Debêntures;;;;;Balcão Organizado;CETIP;CETIP;1977-07-20;;;1977-07-20;
17.167.396/0001-69;2015-01-01;4;52365;ALFA HOLDINGS SA;Ações Ordinárias;;;;;Bolsa;BM&FBOVESPA;BM&FBOVESPA S.A. - Bolsa de Valores, Mercadorias e Futuros;1977-07-20;;Nível 2 de Governança Corporativa;1977-07-20;
17.167.412/0001-13;2015-01-01;2;47346;FINANCEIRA ALFA S.A.- C.F.I;Ações Ordinárias;;;;;Bolsa;BM&FBOVESPA;BM&FBOVESPA S.A. - Bolsa de Valores, Mercadorias e Futuros;1977-07-20;;Nível 2 de Governança Corporativa;1977-07-20;
17.184.037/0001-10;2015-01-01;2;46494;BANCO MERCANTIL BRASIL SA;Ações Ordinárias;;;;;Bolsa;BM&FBOVESPA;BM&FBOVESPA S.A. - Bolsa de Valores, Mercadorias e Futuros;1977-07-20;;Nível 2 de Governança Corporativa;1977-07-20;
17.193.806/0001-46;2015-01-01;2;47337;CONSORCIO ALFA DE ADMINISTRAÇÃO SA;Ações Ordinárias;;;;;Bolsa;BM&FBOVESPA;BM&FBOVESPA S.A. - Bolsa de Valores, Mercadorias e Futuros;1977-07-20;;Nível 2 de Governança Corporativa;1977-07-20;
17.245.234/0001-00;2015-01-01;3;50039;COMPANHIA DE FIACAO E TECIDOS CEDRO E CACHOEIRA;Ações Ordinárias;;;;;Bolsa;BM&FBOVESPA;BM&FBOVESPA S.A. - Bolsa de Valores, Mercadorias e Futuros;2003-09-01;;Bovespa Mais;1971-12-22;
17.281.106/0001-03;2015-01-01;7;46290;COMPANHIA DE SANEAMENTO DE MINAS GERAIS;Ações Ordinárias;;;;;Bolsa;BM&FBOVESPA;BM&FBOVESPA S.A. - Bolsa de Valores, Mercadorias e Futuros;2006-02-08;;Nível 1 de Governança Corporativa;2006-02-08;
17.314.329/0001-20;2015-01-01;2;52416;INTERNATIONAL MEAL COMPANY ALIMENTAÇÃO S.A.;Ações Ordinárias;;;;;Bolsa;BM&FBOVESPA;BM&FBOVESPA S.A. - Bolsa de Valores, Mercadorias e Futuros;2015-03-23;;Nível 1 de Governança Corporativa;2015-03-23;
17.344.597/0001-94;2015-01-01;2;50661;BB Seguridade Participações S.A.;Ações Ordinárias;;;;;Bolsa;BM&FBOVESPA;BM&FBOVESPA S.A. - Bolsa de Valores, Mercadorias e Futuros;2013-04-29;;Nível 1 de Governança Corporativa;2013-04-29;
17.346.997/0001-39;2015-01-01;5;50685;COSAN LOGÍSTICA S.A.;Ações Ordinárias;;;;;Bolsa;BM&FBOVESPA;BM&FBOVESPA S.A. - Bolsa de Valores, Mercadorias e Futuros;2014-10-06;;Nível 1 de Governança Corporativa;2014-10-06;
19.133.012/0001-12;2015-01-01;2;51099;RENOVA Companhia Securitizadora de Créditos Financeiros S.A.;Debêntures;;;;;Balcão Organizado;CETIP;CETIP;2014-04-24;;;2014-04-24;
19.296.342/0001-29;2015-01-01;6;49964;MGI - Minas Gerais Participações S/A;Debêntures;;;;;Balcão Organizado;BM&FBOVESPA;BM&FBOVESPA S.A. - Bolsa de Valores, Mercadorias e Futuros;2012-09-04;;;2012-09-04;
19.526.748/0001-50;2015-01-01;2;46568;COMPANHIA INDUSTRIAL CATAGUASES;Ações Ordinárias;;;;;Balcão Não-Organizado;;;;;;2014-01-01;
19.851.496/0001-35;2015-01-01;2;45241;LOGOS COMPANHIA SECURITIZADORA S/A;Certificados de Recebíveis Imobiliários;;;;;Balcão Organizado;CETIP;CETIP;2014-10-24;;;2014-10-24;
20.258.278/0001-70;2015-01-01;2;48369;Ouro Fino Saúde Animal Participações S.A.;Ações Ordinárias;;;;;Bolsa;BM&FBOVESPA;BM&FBOVESPA S.A. - Bolsa de Valores, Mercadorias e Futuros;2014-10-21;;Nível 1 de Governança Corporativa;2014-10-17;
21.255.567/0001-89;2015-01-01;2;47863;CIA TECIDOS SANTANENSE;Ações Ordinárias;;;;;Bolsa;BM&FBOVESPA;BM&FBOVESPA S.A. - Bolsa de Valores, Mercadorias e Futuros;1984-12-20;;Nível 2 de Governança Corporativa;1984-12-20;
21.262.638/0001-70;2015-01-01;1;50524;ENCALSO PARTICIPAÇÕES EM CONCESSÕES S.A.;Valor Mobiliário Não Registrado;;;;;Bolsa;;;;;;;
21.987.030/0001-03;2015-01-01;1;49059;FINSBURY PARTICIPAÇÕES S.A;Ações Ordinárias;;;;;;;;;;;;
21.987.041/0001-93;2015-01-01;1;49239;FOXFIELD PARTICIPAÇÕES S.A;Ações Ordinárias;;;;;;;;;;;;
21.987.053/0001-18;2015-01-01;1;49243;FOURSTONES PARTICIPAÇÕES S.A;Ações Ordinárias;;;;;;;;;;;;
21.987.068/0001-86;2015-01-01;1;49245;FRIESTON PARTICIPAÇÕES S.A.;Ações Ordinárias;;;;;;;;;;;;
22.131.736/0001-31;2015-01-01;1;52387;RR Casa de Investimentos e Participações S.A.;Valor Mobiliário Não Registrado;;;;;;;;;;;;
22.266.175/0001-88;2015-01-01;1;43601;FERTILIZANTES HERINGER SA;Ações Ordinárias;;;;;Bolsa;BM&FBOVESPA;BM&FBOVESPA S.A. - Bolsa de Valores, Mercadorias e Futuros;2007-04-10;;Nível 1 de Governança Corporativa;2007-04-10;
22.543.331/0001-00;2015-01-01;1;52517;Caixa Seguridade Participações S.A.;Ações Ordinárias;;;;;;;;;;;;
22.677.520/0001-76;2015-01-01;2;47854;CIA TECIDOS NORTE DE MINAS - COTEMINAS;Ações Ordinárias;;;;;Bolsa;BM&FBOVESPA;BM&FBOVESPA S.A. - Bolsa de Valores, Mercadorias e Futuros;1971-02-11;;Nível 2 de Governança Corporativa;1971-02-11;
22.770.366/0001-82;2015-01-01;4;52493;TEC TOY S/A;Ações Ordinárias;;;;;Bolsa;BM&FBOVESPA;BM&FBOVESPA S.A. - Bolsa de Valores, Mercadorias e Futuros;2010-01-01;;Nível 1 de Governança Corporativa;2000-09-21;
24.956.666/0001-86;2015-01-01;1;48708;CLARION S/A AGROINDUSTRIAL;Ações Ordinárias;;;;;Bolsa;BM&FBOVESPA;BM&FBOVESPA S.A. - Bolsa de Valores, Mercadorias e Futuros;2009-03-04;;Nível 2 de Governança Corporativa;2009-03-04;
24.962.466/0001-36;2015-01-01;3;46521;ALL - AMÉRICA LATINA LOGÍSTICA MALHA NORTE S.A.;Ações Ordinárias;;;;;Bolsa;BM&FBOVESPA;BM&FBOVESPA S.A. - Bolsa de Valores, Mercadorias e Futuros;1995-12-27;;Nível 2 de Governança Corporativa;1995-12-27;
24.962.466/0001-36;2015-01-01;3;46521;ALL - AMÉRICA LATINA LOGÍSTICA MALHA NORTE S.A.;Debêntures Conversíveis;;;;;Balcão Organizado;CETIP;CETIP;1997-08-14;;;1997-08-14;
25.089.509/0001-83;2015-01-01;1;52567;Companhia de Saneamento do Tocantins - SANEATINS;Debêntures;;;;;Balcão Organizado;CETIP;CETIP;2012-09-27;;;2012-09-27;
25.089.509/0001-83;2015-01-01;1;52567;Companhia de Saneamento do Tocantins - SANEATINS;Nota Comercial;;;;;Balcão Organizado;CETIP;CETIP;2015-06-09;;;2015-06-09;
25.329.319/0001-96;2015-01-01;2;47876;WEMBLEY SOCIEDADE ANÔNIMA;Ações Ordinárias;;;;;Bolsa;BM&FBOVESPA;BM&FBOVESPA S.A. - Bolsa de Valores, Mercadorias e Futuros;1973-10-08;;Nível 2 de Governança Corporativa;1973-10-08;
27.093.558/0001-15;2015-01-01;8;52540;MILLS ESTRUTURAS E SERVI?OS DE ENGENHARIA S/A;Ações Ordinárias;;;;;Bolsa;BM&FBOVESPA;BM&FBOVESPA S.A. - Bolsa de Valores, Mercadorias e Futuros;2010-04-14;;Nível 1 de Governança Corporativa;2010-04-14;
28.127.603/0001-78;2015-01-01;3;48872;BANESTES SA BANCO DO ESTADO DO ESPIRITO SANTO;Ações Ordinárias;;;;;Bolsa;BM&FBOVESPA;BM&FBOVESPA S.A. - Bolsa de Valores, Mercadorias e Futuros;1977-07-20;;Nível 2 de Governança Corporativa;1977-07-20;
28.152.650/0001-71;2015-01-01;2;49467;ESPIRITO SANTO CENTRAIS ELETRICAS SA;Debêntures;;;;;Balcão Organizado;CETIP;CETIP;2014-08-27;;;2014-08-27;
28.195.667/0001-06;2015-01-01;3;46301;BANCO ABC BRASIL S/A;Ações Ordinárias;;;;;Bolsa;BM&FBOVESPA;BM&FBOVESPA S.A. - Bolsa de Valores, Mercadorias e Futuros;2007-07-23;;Bovespa Mais N2;2007-07-23;
28.500.320/0001-20;2015-01-01;2;44550;INDÚSTRIA VEROLME S.A. - IVESA;Ações Ordinárias;;;;;Balcão Não-Organizado;;;;;;1999-07-01;
29.780.061/0001-09;2015-01-01;2;44890;SÃO CARLOS EMPREENDS E PARTICIPAÇÕES S.A;Ações Ordinárias;;;;;Bolsa;BM&FBOVESPA;BM&FBOVESPA S.A. - Bolsa de Valores, Mercadorias e Futuros;2006-12-13;;Nível 1 de Governança Corporativa;1999-09-20;
29.950.060/0001-57;2015-01-01;2;47827;Nortec Química S.A;Ações Ordinárias;;;;;Bolsa;BM&FBOVESPA;BM&FBOVESPA S.A. - Bolsa de Valores, Mercadorias e Futuros;2013-05-28;;;2012-11-23;
29.978.814/0001-87;2015-01-01;4;48135;SUL AMERICA S/A;Debêntures;;;;;Balcão Organizado;CETIP;CETIP;2012-02-17;;;2012-02-17;
29.978.814/0001-87;2015-01-01;4;48135;SUL AMERICA S/A;Certificados de Depósito de Valores Mobiliários;;;;;Bolsa;BM&FBOVESPA;BM&FBOVESPA S.A. - Bolsa de Valores, Mercadorias e Futuros;2007-10-05;;;2007-10-05;
30.306.294/0001-45;2015-01-01;1;44228;BANCO BTG PACTUAL S.A.;Certificados de Depósito de Valores Mobiliários;;;;;Bolsa;BM&FBOVESPA;BM&FBOVESPA S.A. - Bolsa de Valores, Mercadorias e Futuros;2012-04-26;;;2012-04-26;
30.540.991/0001-66;2015-01-01;1;45197;HAGA S.A. INDÚSTRIA E COMÉRCIO;Ações Ordinárias;;;;;Bolsa;BM&FBOVESPA;BM&FBOVESPA S.A. - Bolsa de Valores, Mercadorias e Futuros;1988-09-01;;Nível 2 de Governança Corporativa;1988-09-01;
32.681.371/0001-72;2015-01-01;1;43728;VIX LOGÍSTICA S/A;Debêntures;;;;;Balcão Organizado;CETIP;CETIP;2010-09-10;;;2010-09-10;
33.000.167/0001-01;2015-01-01;4;50501;PETRÓLEO BRASILEIRO S.A. - PETROBRAS;Ações Ordinárias;;;;;Bolsa;BM&FBOVESPA;BM&FBOVESPA S.A. - Bolsa de Valores, Mercadorias e Futuros;1968-08-27;;Nível 2 de Governança Corporativa;1968-08-27;
33.000.167/0001-01;2015-01-01;4;50501;PETRÓLEO BRASILEIRO S.A. - PETROBRAS;Debêntures;;;;;Balcão Organizado;CETIP;CETIP;2014-06-13;;;2014-06-13;
33.009.911/0001-39;2015-01-01;2;45927;SOUZA CRUZ SA;Ações Ordinárias;;;;;Bolsa;BM&FBOVESPA;BM&FBOVESPA S.A. - Bolsa de Valores, Mercadorias e Futuros;1969-09-18;;Nível 2 de Governança Corporativa;1969-09-18;
33.014.556/0001-96;2015-01-01;1;44949;LOJAS AMERICANAS SA;Ações Ordinárias;;;;;Bolsa;BM&FBOVESPA;BM&FBOVESPA S.A. - Bolsa de Valores, Mercadorias e Futuros;1977-07-20;;Nível 2 de Governança Corporativa;1977-07-20;
33.035.536/0001-00;2015-01-01;2;46790;JOAO FORTES ENGENHARIA SA;Ações Ordinárias;;;;;Bolsa;BM&FBOVESPA;BM&FBOVESPA S.A. - Bolsa de Valores, Mercadorias e Futuros;1973-09-17;;Nível 2 de Governança Corporativa;1973-09-17;
33.040.601/0001-87;2015-01-01;2;46464;MERCANTIL DO BR FINC SA CFI;Ações Ordinárias;;;;;Bolsa;BM&FBOVESPA;BM&FBOVESPA S.A. - Bolsa de Valores, Mercadorias e Futuros;1977-07-20;;Nível 2 de Governança Corporativa;1977-07-20;
33.041.260/0652-90;2015-01-01;1;43361;VIA VAREJO S.A.;Ações Ordinárias;;;;;Bolsa;BM&FBOVESPA;BM&FBOVESPA S.A. - Bolsa de Valores, Mercadorias e Futuros;1981-11-24;;Nível 2 de Governança Corporativa;1981-11-24;
33.041.260/0652-90;2015-01-01;1;43361;VIA VAREJO S.A.;Debêntures;;;;;Balcão Organizado;CETIP;CETIP;2012-01-31;;;2012-01-31;
33.042.730/0001-04;2015-01-01;3;49169;CIA SIDERURGICA NACIONAL;Ações Ordinárias;;;;;Bolsa;BM&FBOVESPA;BM&FBOVESPA S.A. - Bolsa de Valores, Mercadorias e Futuros;1973-07-09;;Nível 2 de Governança Corporativa;1973-07-09;
33.042.730/0001-04;2015-01-01;3;49169;CIA SIDERURGICA NACIONAL;Debêntures;;;;;Balcão Organizado;CETIP;CETIP;2011-07-20;;;2011-07-20;
33.050.071/0001-58;2015-01-01;2;47806;AMPLA ENERGIA E SERVIÇOS S.A.;Ações Ordinárias;;;;;Bolsa;BM&FBOVESPA;BM&FBOVESPA S.A. - Bolsa de Valores, Mercadorias e Futuros;1973-11-30;;Nível 2 de Governança Corporativa;1969-08-15;
33.050.071/0001-58;2015-01-01;2;47806;AMPLA ENERGIA E SERVIÇOS S.A.;Debêntures;;;;;Balcão Organizado;CETIP;CETIP;1999-01-07;;;1999-01-07;
33.102.476/0001-92;2015-01-01;2;47587;MONTEIRO ARANHA SA;Ações Ordinárias;;;;;Bolsa;BM&FBOVESPA;BM&FBOVESPA S.A. - Bolsa de Valores, Mercadorias e Futuros;1989-06-22;;Nível 2 de Governança Corporativa;1989-06-22;
33.111.246/0001-90;2015-01-01;2;48402;TECNOSOLO ENGENHARIA S/A EM RECUPERAÇÃO JUDICIAL;Ações Ordinárias;;;;;Bolsa;BM&FBOVESPA;BM&FBOVESPA S.A. - Bolsa de Valores, Mercadorias e Futuros;1977-07-20;;Nível 2 de Governança Corporativa;1977-07-20;
33.113.309/0001-47;2015-01-01;2;48016;VALID SOLUÇÕES E SERV. SEG. MEIOS PAG. IDENT. S.A.;Ações Ordinárias;;;;;Bolsa;BM&FBOVESPA;BM&FBOVESPA S.A. - Bolsa de Valores, Mercadorias e Futuros;2006-04-27;;Nível 1 de Governança Corporativa;2006-04-27;
33.161.340/0001-53;2015-01-01;1;48682;SERGEN SERVS GERAIS DE ENG SA;Ações Ordinárias;;;;;Balcão Organizado;BM&FBOVESPA;BM&FBOVESPA S.A. - Bolsa de Valores, Mercadorias e Futuros;1977-07-20;;;1977-07-20;
33.200.049/0001-47;2015-01-01;2;46388;HOTEIS OTHON SA;Ações Ordinárias;;;;;Bolsa;BM&FBOVESPA;BM&FBOVESPA S.A. - Bolsa de Valores, Mercadorias e Futuros;1980-08-08;;Nível 2 de Governança Corporativa;1980-08-08;
33.228.024/0001-51;2015-01-01;1;45302;WLM INDÚSTRIA E COMÉRCIO S.A.;Ações Ordinárias;;;;;Bolsa;BM&FBOVESPA;BM&FBOVESPA S.A. - Bolsa de Valores, Mercadorias e Futuros;1971-01-07;;Nível 2 de Governança Corporativa;1971-01-07;
33.256.439/0001-39;2015-01-01;2;49260;ULTRAPAR PARTICIPAÇÕES SA;Debêntures;;;;;Balcão Organizado;CETIP;CETIP;2009-05-13;;;2009-05-13;
33.256.439/0001-39;2015-01-01;2;49260;ULTRAPAR PARTICIPAÇÕES SA;Ações Ordinárias;;;;;Bolsa;BM&FBOVESPA;BM&FBOVESPA S.A. - Bolsa de Valores, Mercadorias e Futuros;2011-08-17;;Nível 1 de Governança Corporativa;1999-10-06;
33.352.394/0001-04;2015-01-01;2;46620;CIA ESTADUAL DE ÁGUAS E ESGOTOS - CEDAE;Ações Ordinárias;;;;;;;;;;;;
33.386.210/0001-19;2015-01-01;2;47148;SONDOTECNICA ENGENHARIA DE SOLOS S/A.;Ações Ordinárias;;;;;Bolsa;BM&FBOVESPA;BM&FBOVESPA S.A. - Bolsa de Valores, Mercadorias e Futuros;2014-04-29;;Nível 2 de Governança Corporativa;2014-04-29;
33.412.081/0001-96;2015-01-01;5;49337;REFINARIA PET MANGUINHOS SA;Ações Ordinárias;;;;;Bolsa;BM&FBOVESPA;BM&FBOVESPA S.A. - Bolsa de Valores, Mercadorias e Futuros;2015-01-01;2015-07-30;Nível 2 de Governança Corporativa;2015-01-01;2015-07-30
33.467.572/0001-34;2015-01-01;3;50490;TEKNO S.A. INDÚSTRIA E COMÉRCIO;Ações Ordinárias;;;;;Bolsa;BM&FBOVESPA;BM&FBOVESPA S.A. - Bolsa de Valores, Mercadorias e Futuros;1977-07-20;;Nível 2 de Governança Corporativa;1977-07-20;
33.541.368/0001-16;2015-01-01;4;49585;CIA HIDRO ELÉTRICA DO SÃO FRANCISCO;Ações Ordinárias;;;;;Balcão Não-Organizado;;;;;;1969-12-19;
33.592.510/0001-54;2015-01-01;3;52620;VALE S.A.;Ações Ordinárias;;;;;Bolsa;BM&FBOVESPA;BM&FBOVESPA S.A. - Bolsa de Valores, Mercadorias e Futuros;2003-12-12;;Bovespa Mais;1968-04-01;
33.592.510/0001-54;2015-01-01;3;52620;VALE S.A.;Debêntures;;;;;Balcão Organizado;CETIP;CETIP;2002-10-28;;;2002-10-28;
33.611.500/0001-19;2015-01-01;2;49103;GERDAU SA;Ações Ordinárias;;;;;Bolsa;BM&FBOVESPA;BM&FBOVESPA S.A. - Bolsa de Valores, Mercadorias e Futuros;2001-06-26;;Bovespa Mais;1980-09-03;
33.937.681/0001-78;2015-01-01;2;46733;LATAM Airlines Group S.A.;Certificados de depósito de valores mobiliários;;;;;Bolsa;BM&FBOVESPA;BM&FBOVESPA S.A. - Bolsa de Valores, Mercadorias e Futuros;2012-06-27;;;2012-02-27;
33.938.119/0001-69;2015-01-01;3;51319;CIA. DISTRIB. DE GÁS DO RIO DE JANEIRO;Ações Ordinárias;;;;;Bolsa;BM&FBOVESPA;BM&FBOVESPA S.A. - Bolsa de Valores, Mercadorias e Futuros;1997-11-17;;Nível 2 de Governança Corporativa;1997-11-17;
33.958.695/0001-78;2015-01-01;1;43378;UNIPAR CARBOCLORO S.A.;Ações Ordinárias;;;;;Bolsa;BM&FBOVESPA;BM&FBOVESPA S.A. - Bolsa de Valores, Mercadorias e Futuros;1980-06-04;;Nível 2 de Governança Corporativa;1980-06-04;
34.169.557/0001-72;2015-01-01;2;46468;BCO MERCANTIL INVS SA;Ações Ordinárias;;;;;Bolsa;BM&FBOVESPA;BM&FBOVESPA S.A. - Bolsa de Valores, Mercadorias e Futuros;1977-07-20;;Nível 2 de Governança Corporativa;1977-07-20;
34.265.561/0001-34;2015-01-01;2;46941;BMG LEASING S.A. - ARREND. MERCANTIL;Debêntures;;;;;Balcão Não-Organizado;;;;;;2010-01-01;
35.791.391/0001-94;2015-01-01;2;48025;Quality Software S.A.;Ações Ordinárias;;;;;Bolsa;BM&FBOVESPA;BM&FBOVESPA S.A. - Bolsa de Valores, Mercadorias e Futuros;2013-12-03;2013-12-03;;2013-12-03;2013-12-03
39.115.514/0001-28;2015-01-01;3;46531;ALL - AMÉRICA LATINA LOGÍSTICA MALHA OESTE S.A.;Debêntures;;;;;Balcão Organizado;CETIP;CETIP;2006-10-25;;;2006-10-25;
42.150.391/0001-70;2015-01-01;1;43942;BRASKEM S.A.;Ações Ordinárias;;;;;Bolsa;BM&FBOVESPA;BM&FBOVESPA S.A. - Bolsa de Valores, Mercadorias e Futuros;2003-02-13;;Bovespa Mais N2;1986-01-02;
42.278.291/0001-24;2015-01-01;2;48148;LOG-IN LOGISTICA INTERMODAL SA;Ações Ordinárias;;;;;Bolsa;BM&FBOVESPA;BM&FBOVESPA S.A. - Bolsa de Valores, Mercadorias e Futuros;2007-06-21;;Nível 1 de Governança Corporativa;2007-06-21;
42.278.473/0001-03;2015-01-01;2;48701;FPC Par Corretora de Seguros S.A.;Ações Ordinárias;;;;;Bolsa;BM&FBOVESPA;BM&FBOVESPA S.A. - Bolsa de Valores, Mercadorias e Futuros;2015-06-05;;Nível 1 de Governança Corporativa;2015-06-05;
42.331.462/0001-31;2015-01-01;2;52570;BATTISTELLA ADM E PARTICIPAÇÕES S A;Ações Ordinárias;;;;;Bolsa;BM&FBOVESPA;BM&FBOVESPA S.A. - Bolsa de Valores, Mercadorias e Futuros;1996-03-18;;Nível 2 de Governança Corporativa;1996-03-14;
43.185.362/0001-07;2015-01-01;1;43426;IGB ELETRONICA S/A.;Ações Ordinárias;;;;;Bolsa;BM&FBOVESPA;BM&FBOVESPA S.A. - Bolsa de Valores, Mercadorias e Futuros;1973-12-19;;Nível 2 de Governança Corporativa;1973-12-19;
43.470.988/0001-65;2015-01-01;1;44891;EVEN CONSTRUTORA E INCORPORADORA S/A;Ações Ordinárias;;;;;Bolsa;BM&FBOVESPA;BM&FBOVESPA S.A. - Bolsa de Valores, Mercadorias e Futuros;2007-03-02;;Nível 1 de Governança Corporativa;2007-03-02;
43.776.517/0001-80;2015-01-01;3;47009;CIA SANEAMENTO BÁSICO ESTADO SÃO PAULO;Ações Ordinárias;;;;;Bolsa;BM&FBOVESPA;BM&FBOVESPA S.A. - Bolsa de Valores, Mercadorias e Futuros;2002-04-24;;Nível 1 de Governança Corporativa;1997-06-04;
43.776.517/0001-80;2015-01-01;3;47009;CIA SANEAMENTO BÁSICO ESTADO SÃO PAULO;Debêntures;;;;;Balcão Organizado;CETIP;CETIP;2012-02-15;;;2012-02-15;
45.453.214/0001-51;2015-01-01;1;43775;PROFARMA DISTRIB. PRODUTOS FARMACEUTICOS;Ações Ordinárias;;;;;Bolsa;BM&FBOVESPA;BM&FBOVESPA S.A. - Bolsa de Valores, Mercadorias e Futuros;2006-11-16;;Nível 1 de Governança Corporativa;2006-11-16;
45.987.245/0001-92;2015-01-01;2;46308;BAHEMA SA;Ações Ordinárias;;;;;Bolsa;BM&FBOVESPA;BM&FBOVESPA S.A. - Bolsa de Valores, Mercadorias e Futuros;1974-01-02;;Nível 2 de Governança Corporativa;1974-01-02;
46.014.635/0001-49;2015-01-01;2;47297;CONST LIX DA CUNHA SA;Ações Ordinárias;;;;;Bolsa;BM&FBOVESPA;BM&FBOVESPA S.A. - Bolsa de Valores, Mercadorias e Futuros;1977-07-20;;Nível 2 de Governança Corporativa;1977-07-20;
46.119.855/0001-37;2015-01-01;2;46766;SOC.DE ABASTEC.DE ÁGUA E SANEAMENTO S.A.;Debêntures;;;;;;;;;;;;
47.193.149/0001-06;2015-01-01;2;48149;SANTANDER LEASING S.A. ARRENDAMENTO MERCANTIL;Debêntures;;;;;Balcão Organizado;CETIP;CETIP;2012-07-25;;;2012-07-25;
47.508.411/0001-56;2015-01-01;1;43355;COMPANHIA BRASILEIRA DE DISTRIBUIÇÃO;Ações Ordinárias;;;;;Bolsa;BM&FBOVESPA;BM&FBOVESPA S.A. - Bolsa de Valores, Mercadorias e Futuros;2003-03-31;;Bovespa Mais;1995-09-22;
47.508.411/0001-56;2015-01-01;1;43355;COMPANHIA BRASILEIRA DE DISTRIBUIÇÃO;Debêntures;;;;;Balcão Organizado;CETIP;CETIP;2009-12-15;;;2009-12-15;
47.509.120/0001-82;2015-01-01;2;46923;BRADESCO LEASING S.A. - ARRENDAMENTO MERCANTIL;Debêntures;;;;;Balcão Organizado;CETIP;CETIP;2004-11-24;;;2004-11-24;
47.960.950/0001-21;2015-01-01;3;51352;MAGAZINE LUIZA S.A;Ações Ordinárias;;;;;Bolsa;BM&FBOVESPA;BM&FBOVESPA S.A. - Bolsa de Valores, Mercadorias e Futuros;2011-05-02;;Nível 1 de Governança Corporativa;2011-05-02;
49.263.189/0001-02;2015-01-01;1;44893;HELBOR EMPREENDIMENTOS S/A;Ações Ordinárias;;;;;Bolsa;BM&FBOVESPA;BM&FBOVESPA S.A. - Bolsa de Valores, Mercadorias e Futuros;2007-10-29;;Nível 1 de Governança Corporativa;2007-10-29;
49.669.856/0001-43;2015-01-01;2;48479;RESTOQUE COMÉRCIO E CONFECÇÕES DE ROUPAS S.A.;Ações Ordinárias;;;;;Bolsa;BM&FBOVESPA;BM&FBOVESPA S.A. - Bolsa de Valores, Mercadorias e Futuros;2008-04-29;;Nível 1 de Governança Corporativa;2008-04-28;
50.564.053/0001-03;2015-01-01;2;47632;BOMBRIL SA;Ações Ordinárias;;;;;Bolsa;BM&FBOVESPA;BM&FBOVESPA S.A. - Bolsa de Valores, Mercadorias e Futuros;1984-09-26;;Nível 2 de Governança Corporativa;1984-09-26;
50.746.577/0001-15;2015-01-01;4;46530;COSAN SA INDUSTRIA E COMERCIO;Ações Ordinárias;;;;;Bolsa;BM&FBOVESPA;BM&FBOVESPA S.A. - Bolsa de Valores, Mercadorias e Futuros;2005-11-17;;Nível 1 de Governança Corporativa;2005-11-17;
50.926.955/0001-42;2015-01-01;2;46864;VULCABRAS SA;Ações Ordinárias;;;;;Bolsa;BM&FBOVESPA;BM&FBOVESPA S.A. - Bolsa de Valores, Mercadorias e Futuros;1977-07-20;;Nível 2 de Governança Corporativa;1977-07-20;
51.128.999/0001-90;2015-01-01;2;46846;NUTRIPLANT INDUSTRIA E COMÉRCIO S/A;Ações Ordinárias;;;;;Bolsa;BM&FBOVESPA;BM&FBOVESPA S.A. - Bolsa de Valores, Mercadorias e Futuros;2008-02-13;;;2008-02-13;
51.218.147/0001-93;2015-01-01;1;45030;IGUATEMI EMPRESA DE SHOPPING CENTERS S/A;Ações Ordinárias;;;;;Bolsa;BM&FBOVESPA;BM&FBOVESPA S.A. - Bolsa de Valores, Mercadorias e Futuros;2007-02-07;;Nível 1 de Governança Corporativa;2007-02-07;
51.466.860/0001-56;2015-01-01;2;50409;SÃO MARTINHO SA;Ações Ordinárias;;;;;Bolsa;BM&FBOVESPA;BM&FBOVESPA S.A. - Bolsa de Valores, Mercadorias e Futuros;2007-02-12;;Nível 1 de Governança Corporativa;2007-02-07;
51.928.174/0001-50;2015-01-01;1;43843;PLASCAR PARTICIPAÇÕES INDUSTRIAIS S.A;Ações Ordinárias;;;;;Bolsa;BM&FBOVESPA;BM&FBOVESPA S.A. - Bolsa de Valores, Mercadorias e Futuros;1989-04-19;;Nível 2 de Governança Corporativa;1989-04-19;
52.548.435/0001-79;2015-01-01;1;43532;JSL S.A.;Ações Ordinárias;;;;;Bolsa;BM&FBOVESPA;BM&FBOVESPA S.A. - Bolsa de Valores, Mercadorias e Futuros;2012-04-20;;Nível 1 de Governança Corporativa;2010-04-20;
52.548.435/0001-79;2015-01-01;1;43532;JSL S.A.;Debêntures;;;;;Balcão Organizado;CETIP;CETIP;2010-12-20;;;2010-12-20;
53.113.791/0001-22;2015-01-01;1;43544;TOTVS S.A;Ações Ordinárias;;;;;Bolsa;BM&FBOVESPA;BM&FBOVESPA S.A. - Bolsa de Valores, Mercadorias e Futuros;2006-03-09;;Nível 1 de Governança Corporativa;2006-03-09;
53.790.218/0001-53;2015-01-01;2;48391;LA FONTE TELECOM S/A;Ações Ordinárias;;;;;Bolsa;BM&FBOVESPA;BM&FBOVESPA S.A. - Bolsa de Valores, Mercadorias e Futuros;1985-01-04;;Nível 2 de Governança Corporativa;1985-01-04;
54.526.082/0001-31;2015-01-01;2;46239;ITAUTEC S.A. - GRUPO ITAUTEC;Ações Ordinárias;;;;;Bolsa;BM&FBOVESPA;BM&FBOVESPA S.A. - Bolsa de Valores, Mercadorias e Futuros;1985-11-14;;Nível 2 de Governança Corporativa;1985-11-14;
56.643.018/0001-66;2015-01-01;2;46297;EUCATEX SA IND E COMERCIO;Ações Ordinárias;;;;;Bolsa;BM&FBOVESPA;BM&FBOVESPA S.A. - Bolsa de Valores, Mercadorias e Futuros;2010-07-01;;Bovespa Mais;1969-08-20;
56.720.428/0001-63;2015-01-01;2;46260;INDÚSTRIAS ROMI S.A.;Ações Ordinárias;;;;;Bolsa;BM&FBOVESPA;BM&FBOVESPA S.A. - Bolsa de Valores, Mercadorias e Futuros;2007-03-23;;Nível 1 de Governança Corporativa;1972-05-15;
56.992.423/0001-90;2015-01-01;2;47786;BICICLETAS MONARK SA;Ações Ordinárias;;;;;Bolsa;BM&FBOVESPA;BM&FBOVESPA S.A. - Bolsa de Valores, Mercadorias e Futuros;1973-11-28;;Nível 2 de Governança Corporativa;1973-11-28;
56.994.924/0001-05;2015-01-01;2;45385;PRÓ METALURGIA SA;Ações Ordinárias;;;;;;;;;;;;
58.119.199/0001-51;2015-01-01;1;43352;ODONTOPREV S/A;Ações Ordinárias;;;;;Bolsa;BM&FBOVESPA;BM&FBOVESPA S.A. - Bolsa de Valores, Mercadorias e Futuros;2006-11-30;;Nível 1 de Governança Corporativa;2006-11-30;
59.105.999/0001-86;2015-01-01;3;50521;WHIRLPOOL S.A;Ações Ordinárias;;;;;Bolsa;BM&FBOVESPA;BM&FBOVESPA S.A. - Bolsa de Valores, Mercadorias e Futuros;1994-04-26;;Nível 2 de Governança Corporativa;1994-04-26;
59.285.411/0001-13;2015-01-01;4;51014;BANCO PAN S.A.;Ações Ordinárias;;;;;Bolsa;BM&FBOVESPA;BM&FBOVESPA S.A. - Bolsa de Valores, Mercadorias e Futuros;2010-01-01;;Bovespa Mais;2007-11-19;
59.789.545/0001-71;2015-01-01;2;48119;POLPAR S.A.;Ações Ordinárias;;;;;Bolsa;BM&FBOVESPA;BM&FBOVESPA S.A. - Bolsa de Valores, Mercadorias e Futuros;1989-05-31;;Nível 2 de Governança Corporativa;1989-05-31;
60.398.369/0004-79;2015-01-01;3;49080;PARANAPANEMA SA;Ações Ordinárias;;;;;Bolsa;BM&FBOVESPA;BM&FBOVESPA S.A. - Bolsa de Valores, Mercadorias e Futuros;2012-02-15;;Nível 1 de Governança Corporativa;1971-03-15;
60.476.884/0001-87;2015-01-01;2;49590;MAHLE METAL LEVE S.A.;Ações Ordinárias;;;;;Bolsa;BM&FBOVESPA;BM&FBOVESPA S.A. - Bolsa de Valores, Mercadorias e Futuros;2011-07-05;;Nível 1 de Governança Corporativa;1977-07-20;
60.500.139/0001-26;2015-01-01;2;47804;SARAIVA SA LIVREIROS EDITORES;Ações Ordinárias;;;;;Bolsa;BM&FBOVESPA;BM&FBOVESPA S.A. - Bolsa de Valores, Mercadorias e Futuros;2006-04-12;;Bovespa Mais N2;1972-03-14;
60.543.816/0001-93;2015-01-01;2;48393;JEREISSATI PARTICIPAÇÕES S/A;Ações Ordinárias;;;;;Bolsa;BM&FBOVESPA;BM&FBOVESPA S.A. - Bolsa de Valores, Mercadorias e Futuros;1946-03-12;;Nível 2 de Governança Corporativa;1946-03-12;
60.637.238/0001-54;2015-01-01;2;47417;INDS J B DUARTE SA;Ações Ordinárias;;;;;Bolsa;BM&FBOVESPA;BM&FBOVESPA S.A. - Bolsa de Valores, Mercadorias e Futuros;1985-05-28;;Nível 2 de Governança Corporativa;1985-05-28;
60.643.228/0001-21;2015-01-01;2;46710;FIBRIA CELULOSE S.A.;Ações Ordinárias;;;;;;;;;;;;
60.651.809/0001-05;2015-01-01;2;48095;SUZANO HOLDING S.A. (EX-NEMOFEFFER S.A.);Ações Ordinárias;;;;;Bolsa;BM&FBOVESPA;BM&FBOVESPA S.A. - Bolsa de Valores, Mercadorias e Futuros;1982-12-22;;Nível 2 de Governança Corporativa;1982-12-22;
60.730.348/0001-66;2015-01-01;1;45086;COMPANHIA MELHORAMENTOS DE SÃO PAULO;Ações Ordinárias;;;;;;;;;;;;
60.746.948/0001-12;2015-01-01;3;47726;BANCO BRADESCO SA;Ações Ordinárias;;;;;Bolsa;BM&FBOVESPA;BM&FBOVESPA S.A. - Bolsa de Valores, Mercadorias e Futuros;2001-06-26;;Bovespa Mais;1946-11-26;
60.770.336/0001-65;2015-01-01;4;47322;BANCO ALFA DE INVESTIMENTO SA;Ações Ordinárias;;;;;Bolsa;BM&FBOVESPA;BM&FBOVESPA S.A. - Bolsa de Valores, Mercadorias e Futuros;1977-07-20;;Nível 2 de Governança Corporativa;1977-07-20;
60.840.055/0001-31;2015-01-01;4;52610;FLEURY SA;Ações Ordinárias;;;;;Bolsa;BM&FBOVESPA;BM&FBOVESPA S.A. - Bolsa de Valores, Mercadorias e Futuros;2009-12-16;;Nível 1 de Governança Corporativa;2009-12-16;
60.840.055/0001-31;2015-01-01;4;52610;FLEURY SA;Debêntures;;;;;Balcão Organizado;CETIP;CETIP;2011-12-12;;;2011-12-12;
60.851.615/0001-53;2015-01-01;4;46567;BARDELLA SA INDS MECANICAS;Ações Ordinárias;;;;;Bolsa;BM&FBOVESPA;BM&FBOVESPA S.A. - Bolsa de Valores, Mercadorias e Futuros;1969-11-26;;Nível 2 de Governança Corporativa;1969-11-26;
60.872.504/0001-23;2015-01-01;2;44855;ITAÚ UNIBANCO HOLDING S.A.;Ações Ordinárias;;;;;Bolsa;BM&FBOVESPA;BM&FBOVESPA S.A. - Bolsa de Valores, Mercadorias e Futuros;2001-06-22;;Bovespa Mais;1944-10-20;
60.884.319/0001-59;2015-01-01;2;48006;NORDON INDS METALURGICAS SA;Ações Ordinárias;;;;;Bolsa;BM&FBOVESPA;BM&FBOVESPA S.A. - Bolsa de Valores, Mercadorias e Futuros;1988-04-28;;Nível 2 de Governança Corporativa;1988-04-28;
60.889.128/0001-80;2015-01-01;2;47789;BANCO SOFISA SA;Ações Ordinárias;;;;;Bolsa;BM&FBOVESPA;BM&FBOVESPA S.A. - Bolsa de Valores, Mercadorias e Futuros;2008-11-27;;Bovespa Mais N2;2007-04-26;
60.894.730/0001-05;2015-01-01;1;44021;USINAS SIDERURGICAS DE MINAS GERAIS SA;Ações Ordinárias;;;;;Bolsa;BM&FBOVESPA;BM&FBOVESPA S.A. - Bolsa de Valores, Mercadorias e Futuros;2007-10-11;;Bovespa Mais;1994-04-11;
60.894.730/0001-05;2015-01-01;1;44021;USINAS SIDERURGICAS DE MINAS GERAIS SA;Debêntures;;;;;Balcão Organizado;CETIP;CETIP;1998-10-31;;;1998-10-31;
60.933.603/0001-78;2015-01-01;1;43597;CESP - COMPANHIA ENERGÉTICA DE SÃO PAULO;Ações Ordinárias;;;;;Bolsa;BM&FBOVESPA;BM&FBOVESPA S.A. - Bolsa de Valores, Mercadorias e Futuros;2006-07-28;;Bovespa Mais;1971-09-27;
61.022.042/0001-18;2015-01-01;3;48242;CONST ADOLPHO LINDENBERG SA;Ações Ordinárias;;;;;Bolsa;BM&FBOVESPA;BM&FBOVESPA S.A. - Bolsa de Valores, Mercadorias e Futuros;1977-07-20;;Nível 2 de Governança Corporativa;1977-07-20;
61.024.352/0001-71;2015-01-01;2;46389;BANCO INDUSVAL SA;Ações Ordinárias;;;;;Bolsa;BM&FBOVESPA;BM&FBOVESPA S.A. - Bolsa de Valores, Mercadorias e Futuros;2012-03-01;;Bovespa Mais N2;2007-07-12;
61.065.298/0001-02;2015-01-01;3;52426;MANGELS INDUSTRIAL SA;Ações Ordinárias;;;;;Bolsa;BM&FBOVESPA;BM&FBOVESPA S.A. - Bolsa de Valores, Mercadorias e Futuros;1973-05-02;;Nível 2 de Governança Corporativa;1973-05-02;
61.065.751/0001-80;2015-01-01;4;50362;ROSSI RESIDENCIAL SA;Ações Ordinárias;;;;;Bolsa;BM&FBOVESPA;BM&FBOVESPA S.A. - Bolsa de Valores, Mercadorias e Futuros;1997-07-22;;Nível 1 de Governança Corporativa;1997-07-22;
61.067.161/0001-97;2015-01-01;2;46959;NADIR FIGUEIREDO IND E COM SA;Ações Ordinárias;;;;;Bolsa;BM&FBOVESPA;BM&FBOVESPA S.A. - Bolsa de Valores, Mercadorias e Futuros;1971-05-18;;Nível 2 de Governança Corporativa;1971-05-18;
61.079.117/0001-05;2015-01-01;4;52614;ALPARGATAS SA;Ações Ordinárias;;;;;Bolsa;BM&FBOVESPA;BM&FBOVESPA S.A. - Bolsa de Valores, Mercadorias e Futuros;2003-07-01;;Bovespa Mais;1977-07-20;
61.080.313/0001-91;2015-01-01;2;47593;COBRASMA SA;Ações Ordinárias;;;;;Bolsa;BM&FBOVESPA;BM&FBOVESPA S.A. - Bolsa de Valores, Mercadorias e Futuros;1979-12-12;;Nível 2 de Governança Corporativa;1979-12-12;
61.082.004/0001-50;2015-01-01;1;44111;MANUFATURA DE BRINQUEDOS ESTRELA SA;Ações Ordinárias;;;;;Bolsa;BM&FBOVESPA;BM&FBOVESPA S.A. - Bolsa de Valores, Mercadorias e Futuros;1968-06-28;;Nível 2 de Governança Corporativa;1968-06-28;
61.084.984/0001-20;2015-01-01;4;50438;BRASMOTOR SA;Ações Ordinárias;;;;;Bolsa;BM&FBOVESPA;BM&FBOVESPA S.A. - Bolsa de Valores, Mercadorias e Futuros;1975-12-05;;Nível 2 de Governança Corporativa;1975-12-05;
61.088.894/0001-08;2015-01-01;3;50537;CAMBUCI SA;Ações Ordinárias;;;;;Bolsa;BM&FBOVESPA;BM&FBOVESPA S.A. - Bolsa de Valores, Mercadorias e Futuros;1985-01-05;;Nível 2 de Governança Corporativa;1985-01-05;
61.092.037/0001-81;2015-01-01;1;44880;ETERNIT SA;Ações Ordinárias;;;;;Bolsa;BM&FBOVESPA;BM&FBOVESPA S.A. - Bolsa de Valores, Mercadorias e Futuros;2006-08-17;;Nível 1 de Governança Corporativa;1948-11-25;
61.101.895/0001-45;2015-01-01;2;48005;SANTHER FAB.DE PAPEL SANTA THEREZINHA SA;Debêntures;;;;;Balcão Organizado;BM&FBOVESPA;BM&FBOVESPA S.A. - Bolsa de Valores, Mercadorias e Futuros;2012-01-01;2014-12-31;;2012-01-01;2014-12-31
61.156.113/0001-75;2015-01-01;1;43441;IOCHPE-MAXION SA;Ações Ordinárias;;;;;Bolsa;BM&FBOVESPA;BM&FBOVESPA S.A. - Bolsa de Valores, Mercadorias e Futuros;2008-03-24;;Nível 1 de Governança Corporativa;1984-07-17;
61.156.113/0001-75;2015-01-01;1;43441;IOCHPE-MAXION SA;Debêntures;;;;;Balcão Organizado;CETIP;CETIP;2013-03-15;;;2013-03-15;
61.156.113/0001-75;2015-01-01;1;43441;IOCHPE-MAXION SA;Debêntures Conversíveis;;;;;Balcão Organizado;BM&FBOVESPA;BM&FBOVESPA S.A. - Bolsa de Valores, Mercadorias e Futuros;2013-04-01;;;2013-04-01;
61.156.113/0001-75;2015-01-01;1;43441;IOCHPE-MAXION SA;Debêntures Conversíveis;;;;;Balcão Organizado;CETIP;CETIP;2013-04-01;;;2013-04-01;
61.156.113/0001-75;2015-01-01;1;43441;IOCHPE-MAXION SA;Debêntures;;;;;Balcão Organizado;BM&FBOVESPA;BM&FBOVESPA S.A. - Bolsa de Valores, Mercadorias e Futuros;2014-04-01;;;2014-04-01;
61.156.113/0001-75;2015-01-01;1;43441;IOCHPE-MAXION SA;Bônus de Subscrição;;;;;Bolsa;BM&FBOVESPA;BM&FBOVESPA S.A. - Bolsa de Valores, Mercadorias e Futuros;2014-04-01;;;2014-04-01;
61.156.931/0001-78;2015-01-01;2;46254;SIDERURGICA J L ALIPERTI SA;Ações Ordinárias;;;;;Bolsa;BM&FBOVESPA;BM&FBOVESPA S.A. - Bolsa de Valores, Mercadorias e Futuros;1986-06-06;;Nível 2 de Governança Corporativa;1986-06-06;
61.189.288/0001-89;2015-01-01;2;47678;MARISA LOJAS SA;Ações Ordinárias;;;;;Bolsa;BM&FBOVESPA;BM&FBOVESPA S.A. - Bolsa de Valores, Mercadorias e Futuros;2010-06-14;;Nível 1 de Governança Corporativa;2010-06-14;
61.189.288/0001-89;2015-01-01;2;47678;MARISA LOJAS SA;Debêntures;;;;;Balcão Organizado;CETIP;CETIP;2011-06-21;;;2011-06-21;
61.192.373/0001-04;2015-01-01;4;52212;CONSTRUTORA BETER SA;Ações Ordinárias;;;;;Balcão Organizado;BM&FBOVESPA;BM&FBOVESPA S.A. - Bolsa de Valores, Mercadorias e Futuros;2010-01-01;;;2010-01-01;
61.351.532/0001-68;2015-01-01;1;44979;AZEVEDO & TRAVASSOS SA;Ações Ordinárias;;;;;Bolsa;BM&FBOVESPA;BM&FBOVESPA S.A. - Bolsa de Valores, Mercadorias e Futuros;1984-08-20;;Nível 2 de Governança Corporativa;1984-08-20;
61.374.161/0001-30;2015-01-01;1;45624;BAUMER SA;Ações Ordinárias;;;;;Bolsa;BM&FBOVESPA;BM&FBOVESPA S.A. - Bolsa de Valores, Mercadorias e Futuros;1970-05-20;;Nível 2 de Governança Corporativa;1970-05-20;
61.410.395/0001-95;2015-01-01;3;46396;FIBAM CIA INDUSTRIAL;Ações Ordinárias;;;;;Bolsa;BM&FBOVESPA;BM&FBOVESPA S.A. - Bolsa de Valores, Mercadorias e Futuros;1955-02-25;;Nível 2 de Governança Corporativa;1955-02-25;
61.486.650/0001-83;2015-01-01;3;51688;DIAGNOSTICOS DA AMERICA SA;Debêntures;;;;;Balcão Organizado;CETIP;CETIP;2012-10-25;;;2012-10-25;
61.532.644/0001-15;2015-01-01;3;47001;ITAÚSA - INVESTIMENTOS ITAÚ S.A.;Ações Ordinárias;;;;;Bolsa;BM&FBOVESPA;BM&FBOVESPA S.A. - Bolsa de Valores, Mercadorias e Futuros;2001-06-26;;Bovespa Mais;1978-06-30;
61.584.140/0001-49;2015-01-01;3;49150;REDE ENERGIA S.A.;Ações Ordinárias;;;;;Bolsa;BM&FBOVESPA;BM&FBOVESPA S.A. - Bolsa de Valores, Mercadorias e Futuros;1969-10-16;;Nível 2 de Governança Corporativa;1969-10-16;
61.585.865/0001-51;2015-01-01;3;47987;RAIA DROGASIL SA;Ações Ordinárias;;;;;Bolsa;BM&FBOVESPA;BM&FBOVESPA S.A. - Bolsa de Valores, Mercadorias e Futuros;2007-06-29;;Nível 1 de Governança Corporativa;1977-07-20;
61.695.227/0001-93;2015-01-01;2;45806;ELETROPAULO METROPOLITANA EL.S.PAULO S.A;Ações Ordinárias;;;;;Bolsa;BM&FBOVESPA;BM&FBOVESPA S.A. - Bolsa de Valores, Mercadorias e Futuros;2003-12-14;;Bovespa Mais N2;1994-12-29;
61.695.227/0001-93;2015-01-01;2;45806;ELETROPAULO METROPOLITANA EL.S.PAULO S.A;Debêntures;;;;;Balcão Organizado;CETIP;CETIP;2005-12-23;;;2005-12-23;
61.856.571/0001-17;2015-01-01;5;51973;COMPANHIA DE GÁS DE SÃO PAULO - COMGÁS;Ações Ordinárias;;;;;Bolsa;BM&FBOVESPA;BM&FBOVESPA S.A. - Bolsa de Valores, Mercadorias e Futuros;1997-09-11;;Nível 2 de Governança Corporativa;1997-09-11;
61.856.571/0001-17;2015-01-01;5;51973;COMPANHIA DE GÁS DE SÃO PAULO - COMGÁS;Debêntures;;;;;Balcão Organizado;CETIP;CETIP;2008-08-05;;;2008-08-05;
61.856.571/0001-17;2015-01-01;5;51973;COMPANHIA DE GÁS DE SÃO PAULO - COMGÁS;Debêntures;;;;;Bolsa;BM&FBOVESPA;BM&FBOVESPA S.A. - Bolsa de Valores, Mercadorias e Futuros;2013-10-08;;;2013-10-08;
62.002.886/0001-60;2015-01-01;4;51045;SÃO PAULO TURISMO S. A.;Ações Ordinárias;;;;;Bolsa;BM&FBOVESPA;BM&FBOVESPA S.A. - Bolsa de Valores, Mercadorias e Futuros;1977-10-20;;Nível 2 de Governança Corporativa;1977-10-20;
62.144.175/0001-20;2015-01-01;3;48073;BANCO PINE S/A;Ações Ordinárias;;;;;Bolsa;BM&FBOVESPA;BM&FBOVESPA S.A. - Bolsa de Valores, Mercadorias e Futuros;2012-03-30;;Bovespa Mais N2;2007-04-02;
62.144.175/0001-20;2015-01-01;3;48073;BANCO PINE S/A;Letras Financeiras;;;;;Balcão Organizado;CETIP;CETIP;2012-11-14;;;2012-11-14;
62.232.889/0001-90;2015-01-01;2;48023;BANCO DAYCOVAL S.A.;Ações Ordinárias;;;;;Bolsa;BM&FBOVESPA;BM&FBOVESPA S.A. - Bolsa de Valores, Mercadorias e Futuros;2013-05-16;;Bovespa Mais N2;2007-06-29;
62.232.889/0001-90;2015-01-01;2;48023;BANCO DAYCOVAL S.A.;Letras Financeiras;;;;;Balcão Organizado;CETIP;CETIP;2011-10-17;;;2011-10-17;
65.654.303/0001-73;2015-01-01;3;46954;DIBENS LEASING S.A.- ARREND. MERCANTIL;Debêntures;;;;;Bolsa;BM&FBOVESPA;BM&FBOVESPA S.A. - Bolsa de Valores, Mercadorias e Futuros;1993-09-28;;;1993-09-28;
67.010.660/0001-24;2015-01-01;2;47779;RODOBENS NEGOCIOS IMOBILIARIOS SA;Ações Ordinárias;;;;;Bolsa;BM&FBOVESPA;BM&FBOVESPA S.A. - Bolsa de Valores, Mercadorias e Futuros;2007-07-31;;Nível 1 de Governança Corporativa;2007-01-31;
67.571.414/0001-41;2015-01-01;2;50283;VIVER INCORPORADORA E CONSTRUTORA S.A.;Ações Ordinárias;;;;;Bolsa;BM&FBOVESPA;BM&FBOVESPA S.A. - Bolsa de Valores, Mercadorias e Futuros;2007-06-06;;Nível 1 de Governança Corporativa;2007-06-06;
67.620.377/0001-14;2015-01-01;3;47771;MINERVA S/A;Ações Ordinárias;;;;;Bolsa;BM&FBOVESPA;BM&FBOVESPA S.A. - Bolsa de Valores, Mercadorias e Futuros;2007-07-18;;Nível 1 de Governança Corporativa;2007-07-18;
70.216.429/0001-04;2015-01-01;1;46562;BRAMEX - BRASIL MERCANTIL S.A.;Ações Ordinárias;;;;;Balcão Organizado;BM&FBOVESPA;BM&FBOVESPA S.A. - Bolsa de Valores, Mercadorias e Futuros;2011-05-05;2011-05-05;;2011-05-05;2011-05-05
71.208.516/0001-74;2015-01-01;3;50800;ALGAR TELECOM S/A;Debêntures;;;;;Bolsa;BM&FBOVESPA;BM&FBOVESPA S.A. - Bolsa de Valores, Mercadorias e Futuros;2007-07-30;;;2007-07-30;
71.208.516/0001-74;2015-01-01;3;50800;ALGAR TELECOM S/A;Debêntures;;;;;Balcão Organizado;CETIP;CETIP;2007-07-30;;;2007-07-30;
71.476.527/0001-35;2015-01-01;3;50666;CONSTRUTORA TENDA S/A;Ações Ordinárias;;;;;Balcão Não-Organizado;;;;;;2014-07-28;
71.550.388/0001-42;2015-01-01;5;47279;RUMO LOGÍSTICA OPERADORA MULTIMODAL S. A.;Ações Ordinárias;;;;;;;;;;;;
71.673.990/0001-77;2015-01-01;3;46593;NATURA COSMETICOS SA;Ações Ordinárias;;;;;;;;;;;;
73.178.600/0001-18;2015-01-01;2;46462;CYRELA BRAZIL REALTY SA EMPRS E PARTS;Ações Ordinárias;;;;;Bolsa;BM&FBOVESPA;BM&FBOVESPA S.A. - Bolsa de Valores, Mercadorias e Futuros;2005-09-21;;Nível 1 de Governança Corporativa;2005-09-21;
73.178.600/0001-18;2015-01-01;2;46462;CYRELA BRAZIL REALTY SA EMPRS E PARTS;Debêntures;;;;;Balcão Organizado;CETIP;CETIP;2007-04-02;;;2007-04-02;
73.178.600/0001-18;2015-01-01;2;46462;CYRELA BRAZIL REALTY SA EMPRS E PARTS;Certificados de Recebíveis Imobiliários;;;;;Balcão Organizado;CETIP;CETIP;2011-06-14;;;2011-06-14;
73.903.718/0001-61;2015-01-01;1;45519;SNB PARTICIPACOES SA;Debêntures;;;;;Balcão Não-Organizado;;;;;;1998-04-07;
74.409.467/0001-26;2015-01-01;3;47584;FENICIAPAR S/A;Debêntures;;;;;Balcão Organizado;CETIP;CETIP;1995-09-15;;;1995-09-15;
75.609.123/0001-23;2015-01-01;1;43793;Ouro Verde Locação e Serviço S.A.;Debêntures;;;;;Balcão Organizado;BM&FBOVESPA;BM&FBOVESPA S.A. - Bolsa de Valores, Mercadorias e Futuros;2014-03-14;;;2014-03-13;
76.483.817/0001-20;2015-01-01;2;46398;COMPANHIA PARANAENSE DE ENERGIA;Ações Ordinárias;;;;;Bolsa;BM&FBOVESPA;BM&FBOVESPA S.A. - Bolsa de Valores, Mercadorias e Futuros;2008-05-07;;Bovespa Mais;1994-04-12;
76.484.013/0001-45;2015-01-01;5;51368;CIA. DE SANEAMENTO DO PARANÁ - SANEPAR;Ações Ordinárias;;;;;Bolsa;BM&FBOVESPA;BM&FBOVESPA S.A. - Bolsa de Valores, Mercadorias e Futuros;2000-03-10;;Nível 2 de Governança Corporativa;2000-03-10;
76.500.180/0001-32;2015-01-01;2;49298;COMPANHIA PROVIDENCIA IND E COMERCIO;Ações Ordinárias;;;;;Bolsa;BM&FBOVESPA;BM&FBOVESPA S.A. - Bolsa de Valores, Mercadorias e Futuros;2007-07-25;;Nível 1 de Governança Corporativa;2007-07-25;
76.535.764/0001-43;2015-01-01;3;48414;OI S/A;Ações Ordinárias;;;;;Bolsa;BM&FBOVESPA;BM&FBOVESPA S.A. - Bolsa de Valores, Mercadorias e Futuros;2012-12-17;;Bovespa Mais;1980-03-27;
76.627.504/0001-06;2015-01-01;4;48573;INEPAR SA IND E CONSTRUCOES - em Recuperação Judicial;Ações Ordinárias;;;;;Bolsa;BM&FBOVESPA;BM&FBOVESPA S.A. - Bolsa de Valores, Mercadorias e Futuros;2011-03-31;;Bovespa Mais;1980-01-22;
78.588.415/0001-15;2015-01-01;1;45136;CIA CACIQUE CAFE SOLUVEL;Ações Ordinárias;;;;;Bolsa;BM&FBOVESPA;BM&FBOVESPA S.A. - Bolsa de Valores, Mercadorias e Futuros;1977-07-20;;Nível 2 de Governança Corporativa;1977-07-20;
78.876.950/0001-71;2015-01-01;2;49195;CIA HERING;Ações Ordinárias;;;;;Bolsa;BM&FBOVESPA;BM&FBOVESPA S.A. - Bolsa de Valores, Mercadorias e Futuros;2007-05-16;;Nível 1 de Governança Corporativa;2007-05-16;
80.227.184/0001-66;2015-01-01;3;49434;METALGRAFICA IGUACU SA;Ações Ordinárias;;;;;Bolsa;BM&FBOVESPA;BM&FBOVESPA S.A. - Bolsa de Valores, Mercadorias e Futuros;2014-01-01;2014-12-31;Nível 2 de Governança Corporativa;2014-01-01;2014-12-31
81.243.735/0001-48;2015-01-01;3;49696;POSITIVO INFORMATICA SA;Ações Ordinárias;;;;;Bolsa;BM&FBOVESPA;BM&FBOVESPA S.A. - Bolsa de Valores, Mercadorias e Futuros;2006-12-11;;Nível 1 de Governança Corporativa;2006-12-11;
81.304.727/0001-64;2015-01-01;1;45357;IGUACU CELULOSE PAPEL SA;Debêntures;;;;;Balcão Não-Organizado;;;;;;1995-12-01;2007-03-01
82.373.077/0001-71;2015-01-01;3;47116;BEMATECH SA;Ações Ordinárias;;;;;Bolsa;BM&FBOVESPA;BM&FBOVESPA S.A. - Bolsa de Valores, Mercadorias e Futuros;2007-04-19;;Nível 1 de Governança Corporativa;2007-04-19;
82.508.433/0001-17;2015-01-01;1;43520;CIA CAT. DE ÁGUAS E SANEAMENTO - CASAN;Ações Ordinárias;;;;;Bolsa;BM&FBOVESPA;BM&FBOVESPA S.A. - Bolsa de Valores, Mercadorias e Futuros;1998-02-06;;Nível 2 de Governança Corporativa;1998-02-06;
82.636.986/0001-55;2015-01-01;1;45546;TEKA TECELAGEM KUEHNRICH SA;Ações Ordinárias;;;;;Bolsa;BM&FBOVESPA;BM&FBOVESPA S.A. - Bolsa de Valores, Mercadorias e Futuros;1988-04-21;;Nível 2 de Governança Corporativa;1988-04-21;
82.640.558/0001-04;2015-01-01;4;46658;KARSTEN SA;Ações Ordinárias;;;;;Bolsa;BM&FBOVESPA;BM&FBOVESPA S.A. - Bolsa de Valores, Mercadorias e Futuros;1971-12-29;;Nível 2 de Governança Corporativa;1971-12-29;
82.640.632/0001-84;2015-01-01;1;45518;LOJAS HERING SA;Ações Ordinárias;;;;;Bolsa;BM&FBOVESPA;BM&FBOVESPA S.A. - Bolsa de Valores, Mercadorias e Futuros;2002-01-01;;Bovespa Mais;2002-01-01;
82.641.325/0001-18;2015-01-01;2;47901;CREMER SA;Ações Ordinárias;;;;;Bolsa;BM&FBOVESPA;BM&FBOVESPA S.A. - Bolsa de Valores, Mercadorias e Futuros;2014-07-04;;Nível 2 de Governança Corporativa;2006-07-10;
82.643.537/0001-34;2015-01-01;2;46286;ELECTRO AÇO ALTONA S/A;Ações Ordinárias;;;;;Bolsa;BM&FBOVESPA;BM&FBOVESPA S.A. - Bolsa de Valores, Mercadorias e Futuros;2015-01-01;;Nível 2 de Governança Corporativa;2015-01-01;
82.981.812/0001-20;2015-01-01;2;46205;BUETTNER SA IND E COMERCIO;Ações Ordinárias;;;;;Bolsa;BM&FBOVESPA;BM&FBOVESPA S.A. - Bolsa de Valores, Mercadorias e Futuros;1980-01-01;;Nível 2 de Governança Corporativa;1980-01-01;
82.981.929/0001-03;2015-01-01;1;44204;CIA INDL SCHLOSSER SA;Ações Ordinárias;;;;;Bolsa;BM&FBOVESPA;BM&FBOVESPA S.A. - Bolsa de Valores, Mercadorias e Futuros;1985-06-28;;Nível 2 de Governança Corporativa;1985-06-28;
82.982.075/0001-80;2015-01-01;1;45493;TÊXTIL RENAUXVIEW S/A;Ações Ordinárias;;;;;Bolsa;BM&FBOVESPA;BM&FBOVESPA S.A. - Bolsa de Valores, Mercadorias e Futuros;1926-04-27;;Nível 2 de Governança Corporativa;1926-04-27;
83.475.913/0001-91;2015-01-01;3;52463;PBG S/A;Ações Ordinárias;;;;;Bolsa;BM&FBOVESPA;BM&FBOVESPA S.A. - Bolsa de Valores, Mercadorias e Futuros;2008-04-30;;Nível 1 de Governança Corporativa;2008-04-30;
83.878.892/0001-55;2015-01-01;3;51398;CENTRAIS ELETRICAS DE SANTA CATARINA S.A;Ações Ordinárias;;;;;;;;;;;;
84.208.123/0001-02;2015-01-01;5;50209;CIA DOCAS DE IMBITUBA;Ações Ordinárias;;;;;Bolsa;BM&FBOVESPA;BM&FBOVESPA S.A. - Bolsa de Valores, Mercadorias e Futuros;1977-07-20;;Nível 2 de Governança Corporativa;1977-07-20;
84.429.695/0001-11;2015-01-01;2;44425;WEG SA;Ações Ordinárias;;;;;Bolsa;BM&FBOVESPA;BM&FBOVESPA S.A. - Bolsa de Valores, Mercadorias e Futuros;2007-06-22;;Nível 1 de Governança Corporativa;1982-02-09;
84.683.374/0001-49;2015-01-01;3;50508;TUPY SA;Ações Ordinárias;;;;;Bolsa;BM&FBOVESPA;BM&FBOVESPA S.A. - Bolsa de Valores, Mercadorias e Futuros;2013-10-17;;Nível 1 de Governança Corporativa;1966-07-01;
84.683.408/0001-03;2015-01-01;2;47732;DOHLER S.A.;Ações Ordinárias;;;;;Bolsa;BM&FBOVESPA;BM&FBOVESPA S.A. - Bolsa de Valores, Mercadorias e Futuros;1973-12-26;;Nível 2 de Governança Corporativa;1973-12-26;
84.683.671/0001-94;2015-01-01;2;47362;WETZEL S.A.;Ações Ordinárias;;;;;Bolsa;BM&FBOVESPA;BM&FBOVESPA S.A. - Bolsa de Valores, Mercadorias e Futuros;1984-10-09;;Nível 2 de Governança Corporativa;1984-10-09;
84.683.762/0001-20;2015-01-01;2;44440;METALURGICA DUQUE SA;Ações Ordinárias;;;;;Bolsa;BM&FBOVESPA;BM&FBOVESPA S.A. - Bolsa de Valores, Mercadorias e Futuros;1971-11-26;;Nível 2 de Governança Corporativa;1971-11-26;
84.693.183/0001-68;2015-01-01;2;46373;SCHULZ SA;Ações Ordinárias;;;;;Bolsa;BM&FBOVESPA;BM&FBOVESPA S.A. - Bolsa de Valores, Mercadorias e Futuros;1994-12-19;;Nível 2 de Governança Corporativa;1994-12-19;
85.041.333/0001-11;2015-01-01;2;47724;TERMINAIS PORT. DA PONTA DO FÉLIX S/A;Ações Ordinárias;;;;;;;;;;;;
85.778.074/0001-06;2015-01-01;2;46576;METALURGICA RIOSULENSE SA;Ações Ordinárias;;;;;Bolsa;BM&FBOVESPA;BM&FBOVESPA S.A. - Bolsa de Valores, Mercadorias e Futuros;1988-11-29;;Nível 2 de Governança Corporativa;1988-11-29;
86.375.425/0001-09;2015-01-01;2;46647;METISA METALÚRGICA TIMBOENSE SA;Ações Ordinárias;;;;;Bolsa;BM&FBOVESPA;BM&FBOVESPA S.A. - Bolsa de Valores, Mercadorias e Futuros;1971-05-18;;Nível 2 de Governança Corporativa;1971-05-18;
86.550.951/0001-50;2015-01-01;2;49303;RENAR MAÇAS SA;Ações Ordinárias;;;;;Bolsa;BM&FBOVESPA;BM&FBOVESPA S.A. - Bolsa de Valores, Mercadorias e Futuros;2005-02-28;;Nível 1 de Governança Corporativa;2005-02-28;
87.043.832/0001-73;2015-01-01;2;49105;SEIVA S.A. - FLORESTAS E INDÚSTRIAS;Ações Ordinárias;;;;;Balcão Não-Organizado;;;;;;1981-12-11;
87.456.562/0001-22;2015-01-01;2;46477;JOSAPAR- JOAQUIM OLIVEIRA S/A PARTICIP;Ações Ordinárias;;;;;Bolsa;BM&FBOVESPA;BM&FBOVESPA S.A. - Bolsa de Valores, Mercadorias e Futuros;2010-12-31;;Nível 2 de Governança Corporativa;1997-12-17;
87.762.563/0001-03;2015-01-01;2;48076;COMPANHIIA HABITASUL DE PARTICIPAÇÕES;Ações Ordinárias;;;;;Bolsa;BM&FBOVESPA;BM&FBOVESPA S.A. - Bolsa de Valores, Mercadorias e Futuros;1982-04-19;;Nível 2 de Governança Corporativa;1982-04-19;
88.610.126/0001-29;2015-01-01;5;51388;FRAS-LE SA;Ações Ordinárias;;;;;Bolsa;BM&FBOVESPA;BM&FBOVESPA S.A. - Bolsa de Valores, Mercadorias e Futuros;2010-01-01;;Bovespa Mais;1977-07-20;
88.610.191/0001-54;2015-01-01;4;52372;MUNDIAL S.A - PRODUTOS DE CONSUMO;Ações Ordinárias;;;;;Bolsa;BM&FBOVESPA;BM&FBOVESPA S.A. - Bolsa de Valores, Mercadorias e Futuros;1979-12-12;;Nível 2 de Governança Corporativa;1979-12-12;
88.611.835/0001-29;2015-01-01;4;50625;MARCOPOLO SA;Ações Ordinárias;;;;;Bolsa;BM&FBOVESPA;BM&FBOVESPA S.A. - Bolsa de Valores, Mercadorias e Futuros;2002-09-03;;Bovespa Mais N2;1978-04-24;
88.613.658/0001-10;2015-01-01;2;47629;PETTENATI SA IND TEXTIL;Ações Ordinárias;;;;;Bolsa;BM&FBOVESPA;BM&FBOVESPA S.A. - Bolsa de Valores, Mercadorias e Futuros;1981-02-04;;Nível 2 de Governança Corporativa;1981-02-04;
89.086.144/0001-16;2015-01-01;3;48538;RANDON S.A. IMPLEMENTOS E PARTICIPAÇÕES;Ações Ordinárias;;;;;Bolsa;BM&FBOVESPA;BM&FBOVESPA S.A. - Bolsa de Valores, Mercadorias e Futuros;2001-06-21;;Bovespa Mais;1993-02-05;
89.096.457/0001-55;2015-01-01;2;46795;SLC AGRICOLA SA;Ações Ordinárias;;;;;Bolsa;BM&FBOVESPA;BM&FBOVESPA S.A. - Bolsa de Valores, Mercadorias e Futuros;2007-06-14;;Nível 1 de Governança Corporativa;2007-06-14;
89.463.822/0001-12;2015-01-01;2;48867;LUPATECH S/A - Em Recuperação Judicial;Ações Ordinárias;;;;;Bolsa;BM&FBOVESPA;BM&FBOVESPA S.A. - Bolsa de Valores, Mercadorias e Futuros;2006-05-15;;Nível 1 de Governança Corporativa;2006-05-15;
89.547.269/0001-04;2015-01-01;1;46124;DIGITEL SA INDUSTRIA ELETRONICA;Ações Ordinárias;;;;;Balcão Não-Organizado;;;;;;1986-06-20;2014-12-31
89.637.490/0001-45;2015-01-01;2;46582;KLABIN S.A.;Ações Ordinárias;;;;;Bolsa;BM&FBOVESPA;BM&FBOVESPA S.A. - Bolsa de Valores, Mercadorias e Futuros;2014-01-09;;Bovespa Mais N2;1997-08-06;
89.723.993/0001-33;2015-01-01;4;52061;CONSTRUTORA SULTEPA S/A - EM RECUPERAÇÃO JUDICIAL;Ações Ordinárias;;;;;;;;;;;;
89.850.341/0001-60;2015-01-01;2;46555;GRENDENE SA;Ações Ordinárias;;;;;Bolsa;BM&FBOVESPA;BM&FBOVESPA S.A. - Bolsa de Valores, Mercadorias e Futuros;2004-10-28;;Nível 1 de Governança Corporativa;2004-10-28;
90.076.886/0001-40;2015-01-01;2;46047;MINUPAR PARTICIPACOES SA;Ações Ordinárias;;;;;;;;;;;;
90.400.888/0001-42;2015-01-01;2;46801;BANCO SANTANDER (BRASIL) S.A.;Ações Ordinárias;;;;;Bolsa;BM&FBOVESPA;BM&FBOVESPA S.A. - Bolsa de Valores, Mercadorias e Futuros;2014-10-31;;Nível 2 de Governança Corporativa;2009-10-07;
90.441.460/0001-48;2015-01-01;1;45100;UNICASA INDÚSTRIA DE MÓVEIS S.A.;Ações Ordinárias;;;;;Bolsa;BM&FBOVESPA;BM&FBOVESPA S.A. - Bolsa de Valores, Mercadorias e Futuros;2012-04-27;;Nível 1 de Governança Corporativa;2012-04-27;
91.333.666/0001-17;2015-01-01;3;50466;RECRUSUL SA;Ações Ordinárias;;;;;Bolsa;BM&FBOVESPA;BM&FBOVESPA S.A. - Bolsa de Valores, Mercadorias e Futuros;1985-12-20;;Nível 2 de Governança Corporativa;1985-12-20;
91.669.747/0001-92;2015-01-01;4;49634;FINANSINOS S/A-CRÉDITO, FINAN. E INVEST.;Ações Ordinárias;;;;;Balcão Não-Organizado;;;;;;2014-01-01;2014-12-31
91.820.068/0001-72;2015-01-01;2;51508;PETROPAR SA;Ações Ordinárias;;;;;Bolsa;BM&FBOVESPA;BM&FBOVESPA S.A. - Bolsa de Valores, Mercadorias e Futuros;1988-11-22;;Nível 2 de Governança Corporativa;1988-11-22;
91.983.056/0001-69;2015-01-01;1;43867;KEPLER WEBER SA;Ações Ordinárias;;;;;Bolsa;BM&FBOVESPA;BM&FBOVESPA S.A. - Bolsa de Valores, Mercadorias e Futuros;1980-12-15;;Nível 2 de Governança Corporativa;1980-12-15;
92.012.467/0001-70;2015-01-01;2;45959;GRAZZIOTIN SA;Ações Ordinárias;;;;;Bolsa;BM&FBOVESPA;BM&FBOVESPA S.A. - Bolsa de Valores, Mercadorias e Futuros;1979-01-31;;Nível 2 de Governança Corporativa;1979-01-31;
92.660.570/0001-26;2015-01-01;2;47859;TREVISA INVESTIMENTOS SA;Ações Ordinárias;;;;;Bolsa;BM&FBOVESPA;BM&FBOVESPA S.A. - Bolsa de Valores, Mercadorias e Futuros;1980-12-15;;Nível 2 de Governança Corporativa;1980-12-15;
92.665.611/0001-77;2015-01-01;1;45432;DIMED SA DISTRIBUIDORA DE MEDICAMENTOS;Ações Ordinárias;;;;;Bolsa;BM&FBOVESPA;BM&FBOVESPA S.A. - Bolsa de Valores, Mercadorias e Futuros;2015-01-01;2015-03-27;Nível 2 de Governança Corporativa;2015-01-01;2015-03-27
92.690.783/0001-09;2015-01-01;2;49104;METALURGICA GERDAU SA;Ações Ordinárias;;;;;Bolsa;BM&FBOVESPA;BM&FBOVESPA S.A. - Bolsa de Valores, Mercadorias e Futuros;2003-05-09;;Bovespa Mais;1968-05-17;
92.693.019/0001-89;2015-01-01;2;48069;PANATLANTICA SA;Ações Ordinárias;;;;;Bolsa;BM&FBOVESPA;BM&FBOVESPA S.A. - Bolsa de Valores, Mercadorias e Futuros;1971-12-29;;Nível 2 de Governança Corporativa;1971-12-29;
92.702.067/0001-96;2015-01-01;2;46874;BANCO DO ESTADO DO RIO GRANDE DO SUL SA;Ações Ordinárias;;;;;Bolsa;BM&FBOVESPA;BM&FBOVESPA S.A. - Bolsa de Valores, Mercadorias e Futuros;2007-07-31;;Bovespa Mais;1931-09-16;
92.715.812/0001-31;2015-01-01;3;46773;CIA ESTADUAL DE GERACAO E TRANSMISSAO DE ENERGIA ELETRICA;Ações Ordinárias;;;;;Bolsa;BM&FBOVESPA;BM&FBOVESPA S.A. - Bolsa de Valores, Mercadorias e Futuros;2010-12-23;;Bovespa Mais;2010-12-23;
92.721.232/0001-57;2015-01-01;6;50326;BANRISUL ARMAZENS GERAIS SA;Ações Ordinárias;;;;;Balcão Não-Organizado;;;;;;1998-04-07;
92.749.225/0001-63;2015-01-01;2;52324;HERCULES S/A - FABRICA DE TALHERES;Ações Ordinárias;;;;;Bolsa;BM&FBOVESPA;BM&FBOVESPA S.A. - Bolsa de Valores, Mercadorias e Futuros;1968-11-01;;Nível 2 de Governança Corporativa;1968-11-01;
92.754.738/0001-62;2015-01-01;2;45083;LOJAS RENNER SA;Ações Ordinárias;;;;;Bolsa;BM&FBOVESPA;BM&FBOVESPA S.A. - Bolsa de Valores, Mercadorias e Futuros;2005-07-01;;Nível 1 de Governança Corporativa;1988-04-07;
92.754.738/0001-62;2015-01-01;2;45083;LOJAS RENNER SA;Debêntures;;;;;Balcão Organizado;CETIP;CETIP;2011-08-01;;;2011-08-01;
92.754.738/0001-62;2015-01-01;2;45083;LOJAS RENNER SA;Debêntures;;;;;Bolsa;BM&FBOVESPA;BM&FBOVESPA S.A. - Bolsa de Valores, Mercadorias e Futuros;2011-08-01;;;2011-08-01;
92.781.335/0001-02;2015-01-01;6;52406;FORJAS TAURUS SA;Ações Ordinárias;;;;;Bolsa;BM&FBOVESPA;BM&FBOVESPA S.A. - Bolsa de Valores, Mercadorias e Futuros;2011-07-08;;Bovespa Mais N2;1982-03-02;
92.781.335/0001-02;2015-01-01;6;52406;FORJAS TAURUS SA;Debêntures;;;;;Balcão Organizado;CETIP;CETIP;2010-04-15;;;2010-04-15;
92.781.335/0001-02;2015-01-01;6;52406;FORJAS TAURUS SA;Bônus de Subscrição;;;;;Bolsa;BM&FBOVESPA;BM&FBOVESPA S.A. - Bolsa de Valores, Mercadorias e Futuros;2015-10-01;;;2015-10-01;
92.791.243/0001-03;2015-01-01;3;49128;CELULOSE IRANI SA;Ações Ordinárias;;;;;Bolsa;BM&FBOVESPA;BM&FBOVESPA S.A. - Bolsa de Valores, Mercadorias e Futuros;1977-07-20;;Nível 2 de Governança Corporativa;1977-07-20;
92.791.243/0001-03;2015-01-01;3;49128;CELULOSE IRANI SA;Debêntures;;;;;Balcão Organizado;CETIP;CETIP;2010-04-12;;;2010-03-19;
92.859.974/0001-43;2015-01-01;3;49700;Altus Sistemas de Automação S/A;Ações Ordinárias;;;;;Bolsa;BM&FBOVESPA;BM&FBOVESPA S.A. - Bolsa de Valores, Mercadorias e Futuros;2013-08-28;;;2013-08-28;
92.929.520/0001-00;2015-01-01;2;47721;SPRINGER SA;Ações Ordinárias;;;;;Bolsa;BM&FBOVESPA;BM&FBOVESPA S.A. - Bolsa de Valores, Mercadorias e Futuros;2001-05-29;;Nível 2 de Governança Corporativa;2001-05-29;
93.828.986/0001-73;2015-01-01;2;47819;CEMEPE INVESTIMENTOS SA;Ações Ordinárias;;;;;Bolsa;BM&FBOVESPA;BM&FBOVESPA S.A. - Bolsa de Valores, Mercadorias e Futuros;1991-06-28;;Bovespa Mais;1991-06-28;
95.426.862/0001-97;2015-01-01;2;47699;EXCELSIOR ALIMENTOS SA.;Ações Ordinárias;;;;;Bolsa;BM&FBOVESPA;BM&FBOVESPA S.A. - Bolsa de Valores, Mercadorias e Futuros;1995-08-01;;Nível 2 de Governança Corporativa;1995-08-01;
97.191.902/0001-94;2015-01-01;2;47615;CONSERVAS ODERICH SA;Ações Ordinárias;;;;;;;;;;;;
97.837.181/0001-47;2015-01-01;1;43704;DURATEX S.A.;Ações Ordinárias;;;;;Bolsa;BM&FBOVESPA;BM&FBOVESPA S.A. - Bolsa de Valores, Mercadorias e Futuros;2007-09-21;;Nível 1 de Governança Corporativa;2007-09-10;
97.837.181/0001-47;2015-01-01;1;43704;DURATEX S.A.;Debêntures Conversíveis;;;;;Bolsa;BM&FBOVESPA;BM&FBOVESPA S.A. - Bolsa de Valores, Mercadorias e Futuros;2012-05-07;;;2012-05-07;
