CNPJ_Companhia;Data_Referencia;Versao;ID_Documento;Nome_Empresarial;Data_Nome_Empresarial;Nome_Empresarial_Anterior;Data_Constituicao;Codigo_CVM;Data_Registro_CVM;Categoria_Registro_CVM;Data_Categoria_Registro_CVM;Situacao_Registro_CVM;Data_Situacao_Registro_CVM;Pais_Origem;Pais_Custodia_Valores_Mobiliarios;Setor_Atividade;Descricao_Atividade;Situacao_Emissor;Data_Situacao_Emissor;Especie_Controle_Acionario;Data_Especie_Controle_Acionario;Dia_Encerramento_Exercicio_Social;Mes_Encerramento_Exercicio_Social;Data_Alteracao_Exercicio_Social;Pagina_Web
00.000.000/0001-91;2010-01-01;5;3724;BANCO DO BRASIL S.A.;;;1808-10-12;001023;1977-07-20;Categoria A;2010-01-01;Ativo;1977-07-20;Brasil;Brasil;Bancos;Todos os serviços autorizados para banco comercial;Fase Operacional;1977-07-20;Estatal;;31;12;;www.bb.com.br
00.000.208/0001-00;2010-01-01;3;1264;BRB-BANCO DE BRASILIA SA;1986-01-16;BANCO REGIONAL DE BRASILIA S.A. - BRB;1964-12-10;014206;1993-09-24;Categoria A;2010-01-01;Ativo;1993-09-24;Brasil;Brasil;Bancos;O BRB é uma instituição financeira de economia mista, controlada pelo Governo do Distrito Federal, organizada sob a forma de banco múltiplo .;Fase Operacional;1993-09-24;Estatal;;31;12;2009-12-31;www.brb.com.br
00.001.180/0001-26;2010-01-01;1;590;CENTRAIS ELETRICAS BRASILEIRAS SA;;;1962-06-11;002437;1971-01-28;Categoria A;2010-01-01;Ativo;1971-01-28;Brasil;Brasil;Energia Elétrica;Empresa Holding de Geração, Transmissão e Distribuição de Energia;Fase Operacional;1971-01-28;Estatal Holding;1962-06-11;31;12;1962-06-11;www.eletrobras.com
00.027.742/0001-00;2010-01-01;1;1223;CBCC PARTICIPAÇÕES SA;2006-11-28;CBCC - CIA BRASILEIRA DE CONTACT CENTER;1994-06-13;017728;1998-08-24;Categoria A;2010-01-01;Ativo;1998-08-24;Brasil;Brasil;Emp. Adm. Part. - Sem Setor Principal;Participações em outras empresas e sociedades;Fase Operacional;1998-08-24;Privado;1998-08-24;31;12;2009-12-31;
00.070.698/0001-11;2010-01-01;2;1943;COMPANHIA ENERGÉTICA DE BRASÍLIA - CEB;1994-03-15;COMPANHIA DE ELETRICIDADE DE BRASILIA;1968-12-16;014451;1994-07-04;Categoria A;2010-01-01;Ativo;1994-07-04;Brasil;Brasil;Energia Elétrica;HOLDING - GERAÇÃO E DISTRIBUIÇÃO DE ENERGIA ELÉTRICA;Fase Operacional;1994-07-04;Estatal Holding;;31;12;2009-04-30;www.ceb.com.br
00.095.147/0001-02;2010-01-01;1;534;VBC ENERGIA SA;2002-02-25;SERRA DA MESA ENERGIA S.A.;1994-06-08;014540;1994-08-30;Categoria A;2010-01-01;Ativo;1994-08-30;Brasil;Brasil;Emp. Adm. Part. - Energia Elétrica;Participação em empresas do setor energético ou a ele vinculadas;Fase Operacional;1994-08-30;Privado;2009-02-20;31;12;;
00.108.786/0001-65;2010-01-01;2;1752;NET SERVIÇOS DE COMUNICAÇÃO S.A.;2002-05-07;GLOBO CABO S.A;1994-07-07;014621;1994-11-22;Categoria A;2010-01-01;Ativo;1994-11-22;Brasil;Brasil;Telecomunicações;Multi-operadora de Serviços Via Cabo de TV por Assinatura , Vídeo Digital , Video em Alta Definição, Banda Larga e Voz.;Fase Operacional;1994-11-22;Privado Holding;;31;12;;http://ri.netservicos.com.br/
00.115.890/0001-87;2010-01-01;1;971;SHOPPING CENTER TACARUNA SA;;;1994-07-15;015733;1996-09-11;Categoria B;2010-01-01;Ativo;1996-09-11;Brasil;Brasil;Emp. Adm. Part. - Sem Setor Principal;Securitização - Empreendimento Shopping Center Tacaruna;Fase Operacional;1998-10-08;Privado;;31;12;;
00.185.475/0001-08;2010-01-01;1;472;PARCOM PARTICIPACOES SA;;;1994-08-18;014680;1994-12-22;Categoria A;2010-01-01;Ativo;1994-12-22;Brasil;Brasil;Emp. Adm. Part. - Sem Setor Principal;PARTICIPAÇÃO EM OUTRAS SOCIEDADES.;Fase Operacional;1994-12-22;;2007-09-26;31;12;;
00.187.032/0001-48;2010-01-01;1;1997;KLABIN SEGALL S/A;1999-11-03;KLABIN SEGALL INCORPORAÇÕES E EMPREENDIMENTOS S.A.;1999-10-20;020249;2006-08-14;Categoria B;2010-05-21;Ativo;2006-08-14;Brasil;Brasil;Construção Civil, Mat. Constr. e Decoração;Promoção, construção e administração de empreendimentos imobiliários de qualquer natureza, próprios ou de terceiros. Compra, venda e negociação de imóveis em geral.;Fase Operacional;2006-08-14;Privado;2010-02-12;31;12;;www.grupoagre.com.br
00.249.786/0001-85;2010-01-01;1;474;FORPART SA;;;1994-08-23;014796;1995-02-21;Categoria A;2010-01-01;Ativo;1995-02-21;Brasil;;Emp. Adm. Part. - Sem Setor Principal;PARTICIPAÇÃO EM OUTRAS SOCIEDADES.;Fase Operacional;1995-02-21;;1996-12-23;31;12;;
00.257.846/0001-01;2010-01-01;2;3348;BOMBRIL HOLDING SA;;;1994-10-21;015334;1996-01-12;Categoria A;2010-01-01;Ativo;1996-01-12;Brasil;Brasil;Emp. Adm. Part. - Sem Setor Principal;ATIVIDADE DE HOLDING;Em Recuperação Judicial ou Equivalente;2005-11-16;Privado;;31;12;;
00.272.185/0001-93;2010-01-01;2;274;CIMS SA;;;1994-10-18;014818;1995-03-14;Categoria A;2010-01-01;Ativo;1995-03-14;Brasil;Brasil;Emp. Adm. Part. - Sem Setor Principal;Participação no Capital de Outras Empresas;Fase Operacional;1995-03-14;Privado;;31;12;;
00.336.701/0001-04;2010-01-01;3;3461;TELEC. BRASILEIRAS S.A. - TELEBRÁS;;;1972-11-09;011258;1981-01-21;Categoria A;2010-01-01;Ativo;1981-01-21;Brasil;Brasil;Telecomunicações;Consecução dos objetivos previstos no Programa Nacional de Banda Larga - (Dec. 7.175 de 12/05/2010);Fase Operacional;1981-01-21;Estatal;2009-02-19;31;12;;www.telebras.com.br
00.354.053/0001-00;2010-01-01;1;374;LOJAS ARAPUA S/A;1995-06-21;COMMERCE IMPORTAÇÃO E COMÉRCIO S/A.;1993-12-22;015083;1995-10-09;Categoria A;2010-01-01;Ativo;1995-10-09;Brasil;Brasil;Comércio (Atacado e Varejo);Comércio por atacado e varejo, desenvolvido em lojas e magazines compreendendo bens duráveis e de consumo.;Fase Operacional;2000-12-31;Privado;1993-12-22;31;12;2009-12-31;
00.359.742/0001-08;2010-01-01;2;1905;INEPAR TELECOMUNICAÇÕES SA;1999-12-22;IRIDIUM BRASIL S.A.;1994-12-20;015423;1996-02-28;Categoria A;2010-01-01;Ativo;1996-02-28;Brasil;Brasil;Telecomunicações;Participação em empresas do setor de telecomunicações.;Paralisada;2002-09-30;Privado;;31;12;;www.inepar.com.br
00.383.281/0001-09;2010-01-01;2;508;BNDES PARTICIPAÇÕES S.A. - BNDESPAR;1982-06-30;FIBASE;1974-09-04;016772;1998-01-13;Categoria B;2010-01-01;Ativo;1998-01-14;Brasil;Brasil;Emp. Adm. Part. - Sem Setor Principal;;Fase Operacional;1998-01-14;Estatal;;31;12;;http://www.bndes.gov.br
00.514.998/0001-42;2010-01-01;1;527;ELETRON SA;;;1995-01-25;016209;1997-04-15;Categoria A;2010-01-01;Ativo;1997-04-15;Brasil;Brasil;Emp. Adm. Part. - Sem Setor Principal;Participação em outras sociedades.;Fase Operacional;1997-04-15;Privado;2004-03-02;31;12;1995-01-25;
00.545.378/0001-70;2010-01-01;2;2874;SERRA AZUL WATER PARK SA;;;1995-03-09;014966;1995-07-26;Categoria A;2010-01-01;Ativo;1995-07-26;Brasil;Brasil;Emp. Adm. Part. - Brinquedos e Lazer;Administração e Exploração de Parque Aquático;Fase Operacional;2001-03-31;Privado;2009-10-02;31;12;2009-12-31;www.wetnwild.com.br
00.644.907/0001-93;2010-01-01;2;2248;INVESTCO S/A;;;1995-05-31;018589;2000-02-04;Categoria A;2010-01-01;Ativo;2000-02-04;Brasil;Brasil;Energia Elétrica;Geração de Energia Elétrica;Fase Operacional;2001-12-31;Privado;;31;12;;www.investco.com.br
00.649.881/0001-76;2010-01-01;3;1575;GTD PARTICIPACOES SA;1995-05-29;;1995-05-29;014915;1995-06-27;Categoria A;2010-01-01;Ativo;1995-06-27;Brasil;Brasil;Emp. Adm. Part. - Energia Elétrica;;Fase Operacional;2000-12-31;Privado Holding;1997-12-31;31;12;;
00.743.065/0001-27;2010-01-01;4;3658;LITEL PARTICIPACOES SA;1995-07-21;;1995-07-21;015091;1995-10-18;Categoria A;2010-01-01;Ativo;1995-10-18;Brasil;Brasil;Emp. Adm. Part. - Extração Mineral;;Fase Operacional;2000-12-31;Privado;1997-04-24;31;12;;
00.776.574/0001-56;2010-01-01;1;324;B2W - COMPANHIA GLOBAL DO VAREJO;2007-03-31;TV SKY SHOP S.A.;1995-08-22;020990;2007-07-26;Categoria A;2010-01-01;Ativo;2007-07-26;Brasil;Brasil;Comércio (Atacado e Varejo);Comércio varejista e atacadista em geral de quaisquer bens e serviços através de diversos meios, em especial da Internet, sem restrição a outros meios.;Fase Operacional;2007-07-26;Privado;2005-08-31;31;12;;http://www.b2winc.com
00.861.626/0001-92;2010-01-01;2;2849;CONCESSIONÁRIA RODOVIA PRESIDENTE DUTRA S/A;;;1995-10-02;019577;2004-08-16;Categoria B;2010-01-01;Ativo;2004-08-16;Brasil;Brasil;Emp. Adm. Part. - Serviços Transporte e Logística;Concessionárias de rodovias, pontes, túneis e serviços relacionados.;Fase Operacional;2004-08-16;Privado Holding;2001-06-22;31;12;2009-12-31;www.novadutra.com.br
00.864.214/0001-06;2010-01-01;1;444;ENERGISA SA;1998-02-25;SIDEPAR PARTICIPAÇÕES S.A.;1995-08-09;015253;1995-12-20;Categoria A;2010-01-01;Ativo;1995-12-20;Brasil;Brasil;Emp. Adm. Part. - Energia Elétrica;;Fase Operacional;2001-03-31;Privado Holding;1995-08-09;31;12;1995-08-09;www.energisa.com.br
00.866.577/0001-80;2010-01-01;1;1287;SAUIPE SA;;;1998-07-17;015261;1995-12-20;Categoria A;2010-01-01;Ativo;1995-12-20;Brasil;Brasil;Hospedagem e Turismo;DESENVOLVIMENTO DO COMPLEXO TURÍSTICO DE SAUÍPE.;Fase Operacional;1998-10-08;Privado;2008-12-31;31;12;2010-02-23;www.costadosauipe.com.br
00.897.864/0001-58;2010-01-01;2;1912;SANTA CATARINA PART INVEST SA;;;1995-11-13;015199;1995-12-13;Categoria B;2010-01-01;Ativo;1995-12-13;Brasil;Brasil;Emp. Adm. Part. - Intermediação Financeira;;Fase Operacional;1995-12-13;Estatal;;31;12;;
00.924.429/0001-75;2010-01-01;1;315;FERROVIA CENTRO ATLANTICA SA;1996-06-28;Vassouras Participações S.A.;1995-08-14;015369;1996-02-12;Categoria A;2010-01-01;Ativo;1996-02-12;Brasil;Brasil;Serviços Transporte e Logística;Serviço de Transporte Ferroviário;Fase Operacional;1996-02-12;Privado;;31;12;;www.fcasa.com.br
00.924.432/0001-99;2010-01-01;2;3989;HOPI HARI S/A;2002-04-30;PARQUE TEMÁTICO PLAYCENTER S/A;1995-08-14;015377;1996-02-13;Categoria A;2010-01-01;Ativo;1996-02-13;Brasil;Brasil;Hospedagem e Turismo;93.21-2-00 - Parques de diversão e parques temáticos;Fase Operacional;1999-11-27;Privado Holding;2009-06-18;31;12;;www.hopihari.com.br
00.938.574/0001-05;2010-01-01;2;3976;CONCESSIONARIA RIO-TERESOPOLIS SA;;;1995-11-07;019208;2001-12-26;Categoria A;2010-01-01;Ativo;2001-12-26;Brasil;Brasil;Serviços Transporte e Logística;Administração, Operação e Conservação de Rodovia;Fase Operacional;2001-12-26;Privado;1995-11-07;31;12;;www.crt.com.br
00.979.969/0001-56;2010-01-01;2;2275;CAIXA ADM DIV PUB ESTADUAL SA;1995-12-28;;1995-12-28;015717;1996-09-04;Categoria B;2010-01-01;Ativo;1996-09-04;Brasil;Brasil;Securitização de Recebíveis;Emitir e colocar no mercado obrigações, adquirir, alienar e dar em garantia ativos, créditos, títulos e valores mobiliários.;Fase Operacional;1996-09-04;Estatal;1995-12-28;31;12;;http//:www.cadip.com.br
00.994.533/0001-36;2010-01-01;2;1781;COMERCIAL QUINTELLA COM EXP SA;1996-01-22;COMERCIAL QUINTELLA COM EXP LTDA;1985-03-12;015652;1996-07-18;Categoria A;2010-01-01;Ativo;1996-07-18;Brasil;Brasil;Serviços Transporte e Logística;Transporte Multimodal de Cargas e Comércio;Fase Operacional;1996-07-18;Privado;1996-05-20;31;12;;
01.027.058/0001-91;2010-01-01;4;3550;Cielo S.A.;2009-12-14;Cia Brasileira de Meios de Pagamento;1995-11-23;021733;2009-06-25;Categoria A;2010-01-01;Ativo;2009-06-25;Brasil;Brasil;Intermediação Financeira;Empresa prestadora de serviços de adquirência e meios de pagamento.;Fase Operacional;2009-06-25;Privado;2009-06-29;31;12;;www.cielo.com.br
01.083.200/0001-18;2010-01-01;1;328;NEOENERGIA S.A;2004-10-13;GUARANIANA S.A.;1996-02-14;015539;1996-05-08;Categoria A;2010-01-01;Ativo;1996-05-08;Brasil;Brasil;Emp. Adm. Part. - Energia Elétrica;Participação em outras sociedades;Fase Operacional;2001-03-31;Privado;;31;12;;www.neoenergia.com
01.104.937/0001-70;2010-01-01;1;530;ELETROBRÁS PARTICIPAÇÕES S.A. - ELETROPAR;2008-09-02;LIGHT PARTICIPAÇÕES S.A - LIGHTPAR;1996-01-20;015784;1996-09-30;Categoria A;2010-01-01;Ativo;1996-09-30;Brasil;Brasil;Emp. Adm. Part. - Energia Elétrica;A ELETROPAR tem por objeto social principal a participação no capital social da ELETROPAULO - Eletricidade de São Paulo S.A., concessionária de serviços pub. de energia elét., e de outras sociedades.;Fase Operacional;1996-09-30;Estatal Holding;;31;12;;www.eletrobraspar.com
01.109.184/0001-95;2010-01-01;2;863;UNIVERSO ONLINE SA;2003-09-15;UNIVERSO ONLINE LTDA;1996-07-15;019887;2005-12-14;Categoria A;2010-01-01;Ativo;2005-12-14;Brasil;Brasil;Telecomunicações;PROVEDORES DE ACESSO AS REDES DE TELECOMUNICAÇÕES;Fase Operacional;2005-12-14;Privado;1996-07-15;31;12;2009-12-31;www.uol.com.br
01.258.943/0001-81;2010-01-01;1;240;ITAITINGA PARTICIPACOES SA;2004-04-30;Saquarema Participações S.A.;1996-04-30;015865;1996-11-07;Categoria A;2010-01-01;Ativo;1996-11-07;Brasil;Brasil;Emp. Adm. Part. - Sem Setor Principal;A Companhia tem por objeto social a participação em outras sociedades, comerciais e civis, como sócia, acionista ou quotista, no país ou no exterior.;Fase Operacional;1996-11-07;Privado Holding;2004-04-30;31;12;1996-04-30;
01.258.944/0001-26;2010-01-01;3;1924;ALL - AMÉRICA LATINA LOGÍSTICA MALHA SUL S.A.;2008-06-23;ALL - América Latina Logística do Brasil S.A.;1996-04-30;015709;1996-08-29;Categoria B;2010-01-01;Ativo;1996-08-29;Brasil;Brasil;Serviços Transporte e Logística;Prestar serviço de transporte ferroviário e armazenagens de cargas.;Fase Operacional;1996-08-29;Privado;1999-04-03;31;12;;www.all-logistica.com
01.258.945/0001-70;2010-01-01;1;239;GRUÇAI PARTICIPAÇÕES SA;1996-04-30;;1996-04-30;015695;1996-08-28;Categoria A;2010-01-01;Ativo;1996-08-28;Brasil;Brasil;Emp. Adm. Part. - Serviços Transporte e Logística;A Companhia tem por objeto social a participação em outras sociedades, comerciais e civis, como sócia, acionista ou quotista, no país ou no exterior.;Fase Operacional;1996-08-28;Privado Holding;2010-04-19;31;12;1996-04-30;
01.319.044/0001-41;2010-01-01;1;551;WTC AMAZONAS SUITE HOTEL S.A.;;;1996-06-01;015741;1996-09-18;Categoria A;2010-01-01;Ativo;1996-09-18;Brasil;Brasil;Emp. Adm. Part. - Sem Setor Principal;ALUGUEL DE IMÓVEIS;Fase Pré-Operacional;1996-09-18;Privado;2006-04-28;31;12;2009-12-31;www.servlease.com.br
01.355.994/0001-21;2010-01-01;1;490;ITA ENERGETICA S/A;;;1996-07-22;018910;2001-03-21;Categoria A;2010-01-01;Ativo;2001-03-21;Brasil;Brasil;Energia Elétrica;Geração de enérgia elétrica;Fase Operacional;2001-03-21;Privado;2000-12-26;31;12;;
01.386.256/0001-41;2010-01-01;2;1450;VOTORANTIM FINANÇAS SA;;;1996-12-20;018988;2001-07-13;Categoria B;2010-01-01;Ativo;2001-07-13;Brasil;Brasil;Comércio (Atacado e Varejo);PARTICIPAÇÃO EM OUTRAS SOCIEDADES;Fase Operacional;2001-07-13;Privado;;31;12;2009-12-31;www.bancovotorantim.com.br
01.417.222/0001-77;2010-01-01;2;1652;MRS LOGÍSTICA S/A;;;1996-06-30;017949;1998-11-13;Categoria A;2010-01-01;Ativo;1998-11-13;Brasil;Brasil;Serviços Transporte e Logística;Serviços de Transporte Ferroviário de Cargas;Fase Operacional;1998-11-13;Privado;2006-04-11;31;12;2010-12-31;www.mrs.com.br
01.425.787/0001-04;2010-01-01;3;3140;REDECARD S/A;;REDECARD S.A.;1996-09-02;020893;2007-07-11;Categoria A;2010-01-01;Ativo;2007-07-11;Brasil;Brasil;Emp. Adm. Part. - Sem Setor Principal;captura, transmissão, processamento dos dados e liquidação das transações decorrentes do uso de cartões de crédito e/ou de débito;Fase Operacional;2007-07-11;Privado;2009-03-30;31;12;;www.redecard.com.br
01.545.826/0001-07;2010-01-01;3;3563;GAFISA SA;1997-12-16;inhauma participações s.a;1996-11-12;016101;1997-02-21;Categoria A;2010-01-01;Ativo;1997-02-21;Brasil;Brasil;Construção Civil, Mat. Constr. e Decoração;;Fase Operacional;1997-02-21;Estrangeiro;;31;12;2009-12-31;www.gafisa.com.br
01.547.749/0001-16;2010-01-01;1;176;521 PARTICIPAÇOES SA;;;1996-07-30;016330;1997-07-11;Categoria A;2010-01-01;Ativo;1997-07-11;Brasil;Brasil;Emp. Adm. Part. - Energia Elétrica;Participação direta ou indireta em outras sociedades, empreendimentos e consórcios, como acionistas, sócia, quotista ou consorciada.;Fase Operacional;2000-12-31;Privado;1998-04-07;31;12;;
01.548.981/0001-79;2010-01-01;2;2581;INVESTIMENTOS BEMGE S.A.;2001-04-24;Financeira Bemge S.A. Crédito, Financiamento e Investimento;1964-03-05;006041;1977-07-20;Categoria A;2010-01-01;Ativo;1977-07-20;Brasil;Brasil;Emp. Adm. Part. - Sem Setor Principal;Investimentos;Fase Operacional;1966-09-27;Privado;;31;12;;
01.608.571/0001-76;2010-01-01;1;548;BELAPART SA;;;1997-04-23;016233;1997-04-23;Categoria A;2010-01-01;Ativo;1997-04-23;Brasil;Brasil;Emp. Adm. Part. - Sem Setor Principal;Participação em outras sociedades.;Fase Operacional;1997-04-23;Privado;2004-03-02;31;12;1997-04-23;
01.616.929/0001-02;2010-01-01;1;556;SANEAMENTO DE GOIAS SA;;;1967-09-13;019186;2001-12-11;Categoria B;2010-01-01;Ativo;2001-12-11;Brasil;Brasil;Saneamento, Serv. Água e Gás;;Fase Operacional;2001-12-11;Estatal;;31;12;;www.saneago.com.br
01.654.604/0001-14;2010-01-01;1;233;CONCES DA ROD OSÓRIO-POA S/A - CONCEPA;;;1998-08-11;017590;1998-08-11;Categoria A;2010-01-01;Ativo;1998-08-11;Brasil;Brasil;Construção Civil, Mat. Constr. e Decoração;Concessionária da Rodovia BR 290 com cobrança de pedágio;Fase Operacional;1998-08-11;Privado;;31;12;;www.concepa.com.br
01.685.903/0001-16;2010-01-01;3;1477;AMERICEL SA;;;1997-02-18;016195;1997-03-26;Categoria A;2010-01-01;Ativo;1997-03-26;Brasil;Brasil;Telecomunicações;;Fase Operacional;1997-03-26;Privado;;31;12;2009-12-31;página em construção
01.772.313/0001-20;2010-01-01;1;535;VALETRON SA;;;1997-04-14;016225;1997-04-23;Categoria A;2010-01-01;Ativo;1997-04-23;Brasil;Brasil;Emp. Adm. Part. - Sem Setor Principal;Participação em outras sociedades.;Fase Operacional;1997-04-23;Privado;2004-03-02;31;12;1997-04-14;
01.832.635/0001-18;2010-01-01;1;422;TAM S.A.;2002-09-17;TAM - Companhia de Investimentos em Transportes;1997-05-12;016390;1997-08-08;Categoria A;2010-01-01;Ativo;1997-08-08;Brasil;Brasil;Serviços Transporte e Logística;A TAM S.A. é uma sociedade holding com o objetivo específico de participar, administrar e concentrar suas participações em empresas de transporte aéreo, e atividades relacionadas.;Fase Operacional;2001-03-31;Privado Holding;;31;12;;www.tam.com.br/ri
01.838.723/0001-27;2010-01-01;1;378;BRF - BRASIL FOODS SA;2009-07-08;Perdigão S.A.;1934-08-18;016292;1997-06-24;Categoria A;2010-01-01;Ativo;1997-06-24;Brasil;Brasil;Alimentos;Holding Operacional;Fase Operacional;2001-03-31;Privado Holding;2010-04-27;31;12;2009-12-31;www.brasilfoods.com
01.851.771/0001-55;2010-01-01;1;483;524 PARTICIPAÇOES SA;;;1997-04-02;016284;1997-05-30;Categoria A;2010-01-01;Ativo;1997-05-30;Brasil;Brasil;Emp. Adm. Part. - Sem Setor Principal;Holding - participação em outras sociedades;Fase Operacional;1997-05-30;Privado;1997-07-18;31;12;1997-04-02;
01.858.774/0001-10;2010-01-01;1;494;BV LEASING - ARRENDAMENTO MERCANTIL S.A.;;;1996-10-23;020133;2006-06-23;Categoria B;2010-01-01;Ativo;2006-06-23;Brasil;Brasil;Arrendamento Mercantil;Arendamento Mercantil;Fase Operacional;2006-06-23;Privado;;31;12;2010-12-31;www.bancovotorantim.com.br
01.896.779/0001-38;2010-01-01;2;3966;CSU CARDSYSTEM S/A;1998-08-27;CARDSYSTEM UPSI S/A;1997-04-18;020044;2006-04-25;Categoria A;2010-01-01;Ativo;2006-04-25;Brasil;Brasil;Emp. Adm. Part. - Sem Setor Principal;Terceirização em administração e processamento de meios eletrônicos de pagamento, Infraestrutura e gestão em terceirização de contact center, Desenvolvimento e gestão operacional de programas de marke;Fase Operacional;2006-04-25;Privado;2006-04-25;31;12;;www.csu.com.br
01.917.705/0001-30;2010-01-01;2;3741;AES ELPA SA;2001-11-21;AES Elpa Ltda;1997-06-23;019313;2002-10-14;Categoria A;2010-01-01;Ativo;2002-10-14;Brasil;Brasil;Emp. Adm. Part. - Energia Elétrica;O objeto social da Companhia é a participação em outras sociedades como quotista, acionista ou membro de consórcio.;Fase Operacional;2002-10-14;Privado Holding;1997-06-23;31;12;;
01.938.783/0001-11;2010-01-01;1;1254;CIA DE PARTICIPAÇÕES ALIANÇA DA BAHIA;;;1997-05-14;018708;2000-07-26;Categoria A;2010-01-01;Ativo;2000-07-26;Brasil;Brasil;Emp. Adm. Part. - Sem Setor Principal;Participações em outras sociedades, na qualidade de sócia e/ou quotista e administração de bens próprios;Fase Operacional;2000-07-26;Privado;;31;12;;
01.957.772/0001-89;2010-01-01;2;4033;SUL 116 PARTICIPAÇÕES S.A.;2005-02-10;OPPORTUNITY SUL 116;1997-06-05;016438;1997-09-03;Categoria A;2010-01-01;Ativo;1997-09-03;Brasil;Brasil;Emp. Adm. Part. - Sem Setor Principal;participação em outras sociedades, comerciais ou civis, nacionais ou estrangeiras, como sócia. acionista ou quotista e a participação, como quotista, em fundos de investimento constuidos regularmente;Fase Operacional;1997-09-03;Privado;2009-07-30;31;12;;http://sul116participacoes.mzweb.com.br
01.971.614/0001-83;2010-01-01;1;546;EMP.NAC.C., RÉDITO E PART. S.A. ENCORPAR;;;1997-05-30;016497;1997-10-07;Categoria A;2010-01-01;Ativo;1997-10-07;Brasil;Brasil;Emp. Adm. Part. - Têxtil e Vestuário;Holding;Fase Operacional;1997-10-07;Privado Holding;;31;12;;www.encorpar.com.br
01.989.044/0001-59;2010-01-01;1;1242;WTC RIO EMPREEND. E PARTICIPAÇÕES S.A.;;;1997-06-16;016551;1997-10-30;Categoria A;2010-01-01;Ativo;1997-10-31;Brasil;Brasil;Emp. Adm. Part. - Sem Setor Principal;Participação em administração;Fase Pré-Operacional;1997-10-31;Privado;2002-07-29;31;12;2009-12-31;www.servlease.com.br
02.016.439/0001-38;2010-01-01;2;138;RIO GRANDE ENERGIA SA;;CIA NORTE NORDESTE DISTRIB.EN.ELÉTRICA;1997-07-28;016535;1997-10-13;Categoria B;2010-01-01;Ativo;1997-10-13;Brasil;Brasil;Energia Elétrica;PRESTAÇÃO DE SERVIÇO PÚBLICO DE DITRIBUIÇÃO DE ENERGIA ELÉTRICA;Fase Operacional;1997-10-13;Privado;2007-12-18;31;12;;www.cpfl.com.br
02.016.440/0001-62;2010-01-01;1;1012;AES SUL DISTRIB. GAÚCHA DE ENERGIA S.A.;1997-12-01;Companhia Centro-Oeste de Distribuição de Energia Elétrica;1997-07-28;016527;1997-10-13;Categoria B;2010-01-01;Ativo;1997-10-13;Brasil;Brasil;Energia Elétrica;Distribuição de Energia Elétrica;Fase Operacional;1997-10-13;Privado Holding;1997-10-21;31;12;;www.aessul.com.br
02.062.747/0001-08;2010-01-01;1;501;SUDESTE SA;2009-05-08;Opportunity Sudeste S.A.;1997-07-22;016586;1997-11-10;Categoria A;2010-01-01;Ativo;1997-11-10;Brasil;Brasil;Emp. Adm. Part. - Sem Setor Principal;Participação em outras sociedades.;Fase Operacional;2003-08-31;Privado;2009-05-07;31;12;2009-05-08;
02.084.220/0001-76;2010-01-01;1;533;SANTOS-BRASIL SA;;;1997-09-05;016446;1997-09-16;Categoria A;2010-01-01;Ativo;1997-09-16;Brasil;Brasil;Serviços Transporte e Logística;Exploração comercial de operações com contêineres ou afins, envolvendo a recuperação das instalações, atualização tecnológica e gerencial e expansão das instalações.;Fase Operacional;1997-09-16;Privado Holding;2007-10-24;31;12;;www.santosbrasil.com.br
02.105.040/0001-23;2010-01-01;1;2202;CIBRASEC CIA BRASILEIRA DE SECURITIZAÇÃO;;;1997-07-31;018287;1999-05-31;Categoria A;2010-01-01;Ativo;1999-05-31;Brasil;Brasil;Securitização de Recebíveis;;Fase Operacional;1999-05-31;Privado;;31;12;;www.cibrasec.com.br
02.107.946/0001-87;2010-01-01;4;2160;TELEMAR PARTICIPAÇÕES SA;1998-10-09;GUANACO PARTICIPAÇÕES S/A;1997-07-29;018678;2000-07-11;Categoria B;2010-01-01;Ativo;2000-07-11;Brasil;Brasil;Emp. Adm. Part. - Telecomunicações;Administração e Participação;Fase Operacional;2000-07-11;Privado;2009-07-03;31;12;2009-12-31;www.oi.com.br
02.117.801/0001-67;2010-01-01;4;3352;BONAIRE PARTICIPAÇOES SA;1997-08-29;;1997-08-29;016560;1997-11-03;Categoria A;2010-01-01;Ativo;1997-11-03;Brasil;Brasil;Emp. Adm. Part. - Energia Elétrica;;Fase Operacional;2000-12-31;Privado;1997-11-04;31;12;;
02.149.205/0001-69;2010-01-01;3;1677;PORTO SEGURO SA;;;1997-09-22;016659;1997-11-28;Categoria A;2010-01-01;Ativo;1997-11-28;Brasil;Brasil;Emp. Adm. Part. - Seguradoras e Corretoras;Gestão de Participações Societárias (holding);Fase Operacional;1997-11-28;Privado;2009-11-30;31;12;2009-12-31;www.portoseguro.com.br
02.162.616/0001-94;2010-01-01;3;1578;UPTICK PARTICIPACOES SA;1997-09-08;;1997-09-08;016624;1997-11-19;Categoria A;2010-01-01;Ativo;1997-11-19;Brasil;Brasil;Emp. Adm. Part. - Energia Elétrica;;Fase Operacional;2000-12-31;Privado;1997-11-25;31;12;;
02.183.757/0001-93;2010-01-01;2;3743;EDITORA ABRIL S/A;;;1950-01-01;019143;2001-11-06;Categoria B;2010-01-01;Ativo;2001-11-06;Brasil;Brasil;Comunicação e Informática;Publicação de revistas e periódicos;Fase Operacional;2001-11-06;Privado;;31;12;;www.abril.com.br
02.193.750/0001-52;2010-01-01;1;356;GPC PARTICIPACOES SA;;;1997-10-01;016632;1997-11-20;Categoria A;2010-01-01;Ativo;1997-11-21;Brasil;Brasil;Emp. Adm. Part. - Petroquímicos e Borracha;Participar em outras sociedades como sócia ou acionista;Fase Operacional;2000-12-31;Privado Holding;1997-10-27;31;12;2010-04-30;www.gpc.com.br
02.217.319/0001-07;2010-01-01;1;484;ALEF SA;2009-05-08;Opportunity Alef S.A.;1997-10-06;016705;1997-12-08;Categoria A;2010-01-01;Ativo;1997-12-08;Brasil;Brasil;Emp. Adm. Part. - Sem Setor Principal;Holding - participação em outras sociedades;Fase Operacional;2003-03-31;Privado;2008-03-28;31;12;1997-10-06;
02.217.325/0001-56;2010-01-01;1;2263;LIGAFUTEBOL SA;;;1997-10-02;016691;1997-12-08;Categoria A;2010-01-01;Ativo;1997-12-08;Brasil;Brasil;Emp. Adm. Part. - Sem Setor Principal;PARTICIPAÇÕES EM OUTRAS SOCIEDADES;Fase Operacional;1997-12-08;Privado;1998-02-09;31;12;;
02.221.531/0001-30;2010-01-01;1;346;RODONORTE - CONC. ROD. INTEGRADAS S.A.;;;1997-11-07;019151;2001-11-12;Categoria B;2010-01-01;Ativo;2001-11-12;Brasil;Brasil;Serviços Transporte e Logística;Concessão de rodovias PR, Anel de integração, lote 05.;Fase Operacional;2001-11-12;Privado;2000-04-27;31;12;2009-12-31;www.grupoccr.com.br/rodonorte
02.222.736/0001-30;2010-01-01;1;146;EMPR. CONCESS. DE RODOVIAS DO NORTE S.A.;;Não se aplica;1997-10-08;019011;2001-07-24;Categoria B;2010-01-01;Ativo;2001-07-24;Brasil;Brasil;Serviços Transporte e Logística;Concessionária de rodovias, pontes, túneis e serviços relacionados;Fase Operacional;2001-07-24;Privado;2007-11-21;31;12;;www.econorte.com.br
02.225.714/0001-23;2010-01-01;2;2212;INEPAR ENERGIA SA;;;1997-10-23;016730;1997-12-17;Categoria A;2010-01-01;Ativo;1997-12-17;Brasil;Brasil;Energia Elétrica;PRODUÇÃO E DISTRIBUIÇÃO DE ENERGIA ELÉTRICA;Fase Operacional;2000-12-31;Privado;;31;12;;www.inepar.com.br
02.258.422/0001-97;2010-01-01;1;574;INEPAR EQUIPAMENTOS E MONTAGENS S/A;;;1997-10-31;017868;1998-10-23;Categoria A;2010-01-01;Ativo;1998-10-23;Brasil;Brasil;;Equipamentos e Montagens Industriais;Fase Operacional;1998-10-23;Privado Holding;;31;12;;www.inepar.com.br
02.281.836/0001-37;2010-01-01;1;260;TRANSNORDESTINA LOGISTICA S.A.;2008-05-12;COMPANHIA FERROVIÁRIA DO NORDESTE - CFN;1997-11-27;020443;2007-01-11;Categoria B;2010-01-01;Ativo;2007-01-11;Brasil;Brasil;Serviços Transporte e Logística;Transporte ferroviário de cargas.;Fase Operacional;2007-01-11;Privado;2008-05-12;31;12;2009-12-31;www.tlsa.com.br
02.286.509/0001-78;2010-01-01;1;1238;SUBESTAÇÃO ELETROMETRÔ S/A;;;1997-11-05;017787;1998-09-25;Categoria B;2010-01-01;Ativo;1998-09-25;Brasil;Brasil;Emp. Adm. Part. - Energia Elétrica;A companhia tem por objeto exclusivo (a) emitir valores mobiliários, especialmente debêntures (b) aplicar ou utilizar os recursos provenientes da colocação de tais valores mobiliários no mercado.;Fase Operacional;2001-03-31;Privado;2007-03-15;31;12;;http://www.subestacaoeletrometro.com.br/
02.291.077/0001-93;2010-01-01;3;1790;PRODUTORES ENERGETICOS DE MANSO SA - PROMAN;;;1997-12-10;019232;2002-02-07;Categoria A;2010-01-01;Ativo;2002-02-07;Brasil;Brasil;Energia Elétrica;PRODUÇÃO DE ENERGIA ELÉTRICA PARA VENDA;Fase Operacional;2002-02-07;Privado;2005-09-26;31;12;;
02.302.100/0001-06;2010-01-01;3;1236;BANDEIRANTE ENERGIA S/A;1999-12-14;EBE - EMPRESA BANDEIRANTE DE ENERGIA S.A.;1997-12-22;016985;1998-03-27;Categoria B;2010-01-01;Ativo;1998-03-27;Brasil;Brasil;Energia Elétrica;Distribuição de energia elétrica;Fase Operacional;1998-03-27;Privado Holding;2005-04-29;31;12;1998-01-01;www.bandeirante.com.br
02.302.101/0001-42;2010-01-01;1;191;EMAE-EMP.METROPOLITANA ÁGUAS ENERGIA S.A;;;1997-12-22;016993;1998-03-27;Categoria A;2010-01-01;Ativo;1998-03-27;Brasil;Brasil;Energia Elétrica;Produção de Energia Elétrica;Fase Operacional;1998-03-27;Estatal;1999-04-26;31;12;2009-12-31;www.emae.com.br
02.312.604/0001-07;2010-01-01;2;4028;DALETH PARTICIPAÇÕES S.A.;2005-06-22;Opportunity Daleth S.A.;1998-03-06;016950;1998-03-06;Categoria A;2010-01-01;Ativo;1998-03-06;Brasil;Brasil;Emp. Adm. Part. - Telecomunicações;Participação em outras sociedades.;Fase Operacional;1998-03-06;Privado Holding;2008-04-25;31;12;;http://dalethparticipacoes.mzweb.com.br
02.312.666/0001-00;2010-01-01;1;1316;FG TRUST SA;;;1997-12-15;017043;1998-04-16;Categoria A;2010-01-01;Ativo;1998-04-16;Brasil;Brasil;Securitização de Recebíveis;Compra e Venda de Imóveis;Fase Operacional;2001-03-31;Privado;;31;12;2009-12-31;
02.312.699/0001-50;2010-01-01;1;1066;METALTRUST S/A (5212 PARTICIPAÇÕES S/A);;5212 PARTICIPAÇÕES S/A;1997-11-19;017370;1998-06-16;Categoria A;2010-01-01;Ativo;1998-06-18;Brasil;Brasil;Emp. Adm. Part. - Securitização de Recebíveis;Securitização de Recebíveis;Fase Operacional;1998-06-18;Privado;;31;12;;
02.318.346/0001-68;2010-01-01;1;482;OPPORTUNITY ENERGIA E PARTICIPAÇÕES S.A.;2007-11-26;TERMINAIS INVESTIMENTOS E PARTICIPAÇÕES S.A.;1997-11-06;016942;1998-03-06;Categoria A;2010-01-01;Ativo;1998-03-06;Brasil;Brasil;Emp. Adm. Part. - Sem Setor Principal;PARTICIPAÇÃO EM OUTRAS SOCIEDADES.;Fase Operacional;2002-12-31;;1999-12-10;31;12;;
02.328.280/0001-97;2010-01-01;1;381;ELEKTRO ELETRICIDADE E SERVIÇOS S.A.;;;1998-01-06;017485;1998-07-08;Categoria A;2010-01-01;Ativo;1998-07-08;Brasil;Brasil;Energia Elétrica;Distribuição de Energia Elétrica;Fase Operacional;1998-01-06;Privado Holding;2006-12-29;31;12;;www.elektro.com.br
02.335.514/0001-23;2010-01-01;1;173;FIAGO PARTICIPACOES SA;1998-01-23;;1998-01-23;016896;1998-02-20;Categoria A;2010-01-01;Ativo;1998-02-20;Brasil;Brasil;Emp. Adm. Part. - Telecomunicações;;Em liquidação judicial;2009-07-03;Privado;2009-06-09;31;12;;
02.338.534/0001-58;2010-01-01;1;448;LONGDIS S.A.;;;1997-11-06;017434;1998-06-30;Categoria A;2010-01-01;Ativo;1998-07-02;Brasil;Brasil;Emp. Adm. Part. - Telecomunicações;Participação em outras sociedades.;Fase Operacional;1998-07-02;Privado Holding;2007-04-19;31;12;;
02.351.144/0001-18;2010-01-01;1;180;TEGMA GESTÃO LOGÍSTICA SA;2007-03-26;TEGMA GESTÃO LOGÍSTICA LTDA;1998-01-05;020800;2007-06-28;Categoria A;2010-01-01;Ativo;2007-06-28;Brasil;Brasil;Serviços Transporte e Logística;;Fase Operacional;2007-06-28;Privado;;;;;www.tegma.com.br
02.363.917/0001-86;2010-01-01;2;4029;RET PARTICIPAÇÕES S.A.;2005-06-20;Opportunity Ret S.A.;1998-03-09;017337;1998-05-28;Categoria A;2010-01-01;Ativo;1998-05-28;Brasil;Brasil;Emp. Adm. Part. - Telecomunicações;Participação em outras sociedades.;Fase Operacional;1998-05-28;Privado Holding;2005-05-20;31;12;;http://retparticipacoes.mzweb.com.br
02.363.918/0001-20;2010-01-01;2;4026;ZAIN PARTICIPAÇÕES S.A.;2005-06-15;Opportunity Zain S.A.;1998-02-04;017361;1998-06-15;Categoria A;2010-01-01;Ativo;1998-06-15;Brasil;Brasil;Emp. Adm. Part. - Telecomunicações;Participação em outras sociedades.;Fase Operacional;1998-06-15;Privado Holding;2005-06-15;31;12;;http://zainparticipacoes.mzweb.com.br
02.365.069/0001-44;2010-01-01;4;3828;IDEIASNET SA;2000-04-11;Kikwitt Participações S.A.;1998-01-26;018414;1999-08-02;Categoria A;2010-01-01;Ativo;1999-08-02;Brasil;Brasil;Emp. Adm. Part. - Sem Setor Principal;Investimento em venture capital de tecnologia.;Fase Operacional;2000-12-31;Privado;;31;12;;www.ideiasnet.com.br
02.366.097/0001-86;2010-01-01;1;78;VIANORTE S/A;;;1998-02-16;021830;2009-11-27;Categoria B;2010-01-01;Ativo;2009-11-27;Brasil;Brasil;Serviços Transporte e Logística;Concessionárias de rodovias, pontes, túneis e serviços relacionados;Fase Operacional;2009-11-27;Privado Holding;2006-12-05;31;12;;www.vianorte.com.br
02.387.241/0001-60;2010-01-01;4;3112;ALL - AMÉRICA LATINA LOGISTICA S.A.;;PIÚMA PARTICIPAÇÕES S.A.;1997-09-30;017450;1998-07-02;Categoria A;2010-01-01;Ativo;2001-03-31;Brasil;Brasil;Serviços Transporte e Logística;prestar serviços de transporte de cargas através dos modais ferroviário e rodoviário, dentre outros, isoladamente ou combinados entre si de forma intermodal ou multimodal, entre outros.;Fase Operacional;2001-03-31;Privado Holding;2009-11-17;31;12;;www.all-logistica.com
02.390.206/0001-09;2010-01-01;1;505;LF TEL SA;1997-09-30;Pitimbu Participações S.A.;1997-09-30;017442;1998-07-02;Categoria A;2010-01-01;Ativo;2000-12-31;Brasil;Brasil;Emp. Adm. Part. - Telecomunicações;;Fase Operacional;2000-12-31;Privado Holding;;31;12;;www.lftel.com.br
02.397.080/0001-96;2010-01-01;1;335;ITAPEBI GERAÇÃO DE ENERGIA S/A;;;1999-01-21;019364;2003-02-05;Categoria B;2010-01-01;Ativo;2003-02-05;Brasil;Brasil;Energia Elétrica;Geração de Energia Elétrica;Fase Operacional;2003-03-31;Privado;;31;12;;http://www.itapebi.com.br
02.415.408/0001-50;2010-01-01;3;3621;CONCESSIONARIA DE RODOVIAS DO OESTE DE SP-VIA OESTE SA;;;1998-03-04;021024;2007-07-27;Categoria B;2010-01-01;Ativo;2007-07-27;Brasil;Brasil;Serviços Transporte e Logística;Concessão de Rodovias.;Fase Operacional;2007-07-27;Privado;2005-06-28;31;12;2009-12-31;www.viaoeste.com.br
02.429.144/0001-93;2010-01-01;2;987;CPFL ENERGIA SA;2002-08-06;DraftII Participações SA;1998-03-20;018660;2000-05-18;Categoria A;2010-01-01;Ativo;2000-05-18;Brasil;Brasil;Emp. Adm. Part. - Energia Elétrica;Gestão de Participações Societárias (Holdings);Fase Operacional;2000-05-18;Privado Holding;2009-11-30;31;12;;www.cpfl.com.br
02.451.848/0001-62;2010-01-01;1;345;CONCESSIONÁRIA SO SISTEMA ANHANGUERA BANDEIRANTES S/A;;;1998-03-05;020192;2006-07-19;Categoria B;2010-01-01;Ativo;2006-07-19;Brasil;Brasil;Serviços Transporte e Logística;Concessão Rodoviária;Fase Operacional;2006-07-19;Privado;2000-03-24;31;12;;www.autoban.com.br
02.465.783/0001-04;2010-01-01;2;4036;FUTURETEL SA;1998-05-19;Opportunity TET;1998-03-19;017388;1998-06-16;Categoria A;2010-01-01;Ativo;2000-12-31;Brasil;Brasil;Emp. Adm. Part. - Sem Setor Principal;a participação em: outras sociedades, comerciais ou civis, nacionais ou estrangeiras, como sócia, acionista ou quotista em empreendimentos imobiliários e como quotista, em fundos de investimento;Fase Operacional;2000-12-31;Privado;2009-07-01;31;12;;http://futuretel.mzweb.com.br
02.474.103/0001-19;2010-01-01;1;190;TRACTEBEL ENERGIA SA;2002-02-22;CENTRAIS GERADORAS DO SUL DO BRASIL S.A.;1998-01-29;017329;1998-05-28;Categoria A;2010-01-01;Ativo;1998-05-28;Brasil;Brasil;Energia Elétrica;GERAÇÃO E COMERCIALIZAÇÃO DE ENERGIA ELÉTRICA;Fase Operacional;1998-05-28;Privado;1998-09-15;31;12;1998-01-29;www.tractebelenergia.com.br
02.476.710/0001-18;2010-01-01;2;4030;TELINVEST S.A.;1998-05-19;Opportunity Lámede S.A.;1998-03-09;017418;1998-06-18;Categoria A;2010-01-01;Ativo;2001-03-31;Brasil;Brasil;Emp. Adm. Part. - Telecomunicações;Participação em outras sociedades.;Fase Operacional;2001-03-31;Privado Holding;2010-05-20;31;12;;http://telinvest.mzweb.com.br
02.502.844/0001-66;2010-01-01;3;1927;ALL - AMÉRICA LATINA LOGÍSTICA MALHA PAULISTA S.A.;2008-10-15;Ferroban - Ferrovias Bandeirantes S.A.;1998-04-02;017930;1998-11-12;Categoria B;2010-01-01;Ativo;1998-11-12;Brasil;Brasil;Serviços Transporte e Logística;Prestação de Seviços de transporte ferroviário de cargas e armazenagem.;Fase Operacional;2000-12-31;Privado;2009-12-30;31;12;;www.all-logistica.com
02.509.491/0001-26;2010-01-01;1;460;CONCESSIONARIA ECOVIAS DOS IMIGRANTES SA;;;1998-04-23;020397;2006-12-18;Categoria B;2010-01-01;Ativo;2006-12-18;Brasil;Brasil;Serviços Transporte e Logística;Concessão e exploração de rodovias;Fase Operacional;2006-12-18;Privado;2004-06-30;31;12;;www.ecovias.com.br
02.535.295/0001-26;2010-01-01;1;207;MAORI SA;;;1998-04-20;017779;1998-09-23;Categoria A;2010-01-01;Ativo;1998-09-23;Brasil;Brasil;Emp. Adm. Part. - Sem Setor Principal;Participação em Outras Sociedades;Fase Operacional;1998-09-23;Privado;1999-03-11;31;12;;
02.555.926/0001-79;2010-01-01;1;79;CENTROVIAS-SISTEMAS RODOVIARIOS S/A.;;;1998-05-27;021857;2009-11-27;Categoria B;2010-01-01;Ativo;2009-11-27;Brasil;Brasil;Serviços Transporte e Logística;Concessionária de Rodovias.;Fase Operacional;2009-11-27;Privado Holding;2006-06-30;31;12;;www.centrovias.com.br
02.558.074/0001-73;2010-01-01;1;1390;VIVO PARTICIPAÇÕES SA;2006-02-22;Telesp Celular Participações S.A.;1998-05-22;017710;1998-08-19;Categoria A;2010-01-01;Ativo;1998-09-10;Brasil;Brasil;Telecomunicações;exercer o controle de sociedades exploradoras do serviço móvel celular, serviço móvel pessoal e outras modalidades de serviços de telecomunicações em geral.;Fase Operacional;1998-09-10;Privado;2009-11-16;31;12;2009-12-31;www.vivo.com.br
02.558.115/0001-21;2010-01-01;1;653;TIM PARTICIPAÇÕES SA;2004-08-30;Tele Celular Sul Participações S.A.;1998-05-22;017639;1998-08-19;Categoria A;2010-01-01;Ativo;1998-09-10;Brasil;Brasil;Telecomunicações;;Fase Operacional;1998-09-10;Privado Holding;;31;12;;www.tim.com.br/ri
02.558.124/0001-12;2010-01-01;1;339;EMBRATEL PARTICIPAÇÕES SA;;;1998-05-22;017647;1998-08-19;Categoria A;2010-01-01;Ativo;1998-09-10;Brasil;Brasil;Telecomunicações;Exercer controle de empresas de Telecomunicações;Fase Operacional;1998-09-10;Privado Holding;2004-07-23;;;;www.embratel.com.br
02.558.134/0001-58;2010-01-01;1;230;TELE NORTE LESTE PARTICIPAÇÕES SA;;;1998-05-22;017655;1998-08-19;Categoria A;2010-01-01;Ativo;1998-09-10;Brasil;Brasil;Telecomunicações;;Fase Operacional;1998-09-10;Privado Holding;1998-05-22;31;12;2009-12-31;www.oi.com.br/ri
02.558.154/0001-29;2010-01-01;1;229;TELE NORTE CELULAR PARTICIPAÇÕES SA;;;1998-05-22;017604;1998-08-18;Categoria A;2010-01-01;Ativo;1998-09-10;Brasil;Brasil;Telecomunicações;;Fase Operacional;1998-09-10;Privado;2008-04-03;31;12;2009-12-31;www.oi.com.br/ri
02.558.157/0001-62;2010-01-01;1;175;TELECOMUNICAÇÕES DE SÃO PAULO S/A TELESP;1999-11-30;TELESP PARTICIPAÇÕES S/A;1998-05-22;017671;1998-08-19;Categoria A;2010-01-01;Ativo;1998-09-10;Brasil;Brasil;Telecomunicações;Prestação de serviços públicos de telecomunicações;Fase Operacional;1998-09-10;Privado;2008-11-11;31;12;;www.telefonica.com.br
02.591.787/0001-39;2010-01-01;2;4031;CAPITALPART PARTICIPAÇÕES S.A.;1998-06-10;Opportunity Sumer S.A.;1998-06-09;017493;1998-07-09;Categoria A;2010-01-01;Ativo;2001-03-31;Brasil;Brasil;Emp. Adm. Part. - Telecomunicações;Participação em outras sociedades.;Fase Operacional;2001-03-31;Privado Holding;2006-03-21;31;12;;http://capitalpartparticipacoes.mzweb.com.br
02.604.860/0001-60;2010-01-01;2;4032;SELECTPART PARTICIPACOES S.A.;;;1998-06-24;017558;1998-07-20;Categoria A;2010-01-01;Ativo;1998-07-20;Brasil;Brasil;Emp. Adm. Part. - Telecomunicações;Participação em outras sociedades.;Fase Operacional;2001-03-31;Privado Holding;2006-06-08;31;12;;http://selectpartparticipacoes.mzweb.com.br
02.604.997/0001-14;2010-01-01;2;4034;NEWTEL PARTICIPACOES SA;;;1998-06-24;017540;1998-07-20;Categoria A;2010-01-01;Ativo;1998-07-20;Brasil;Brasil;Emp. Adm. Part. - Sem Setor Principal;participação em outras sociedades, comerciais ou civis, nacionais ou estrangeiras, como sócia, acionista ou quotista (ii) a participação em empreendimentos imobiliários e como quotista, em fundos;Fase Operacional;2000-12-31;Privado Holding;2008-04-29;31;12;;http://newtelparticipacoes.mzweb.com.br
02.643.896/0001-52;2010-01-01;2;3876;WTORRE PIC SEC DE CRÉDITOS IMOBILIARIOS;;WT PIC COMPANHIA SECURITIZADORA DE CRÉDITOS IMOBILIÁRIOS S.A.;1998-06-17;018430;1999-09-14;Categoria B;2010-01-01;Ativo;1999-09-14;Brasil;Brasil;Securitização de Recebíveis;Securitização de Recebíveis Imobiliários.;Fase Operacional;2002-12-31;Privado;;31;12;;www.wtorre.com.br/securitizadoras
02.664.042/0001-52;2010-01-01;1;1346;TERMINAL GARAGEM MENEZES CORTES SA;;;1998-11-06;018538;2000-01-17;Categoria A;2010-01-01;Ativo;2000-01-17;Brasil;Brasil;Serviços Transporte e Logística;Estacionamento e Locação de lojas e espaços;Fase Operacional;2000-01-17;Estrangeiro;;31;12;2010-03-25;www.tgmc.com.br
02.679.185/0001-38;2010-01-01;2;3271;AUTOVIAS S/A;;;1998-07-23;021822;2009-11-27;Categoria B;2010-01-01;Ativo;2009-11-27;Brasil;Brasil;Serviços Transporte e Logística;;Fase Operacional;2009-11-27;Privado Holding;2006-12-05;31;12;;www.autovias.com.br
02.682.287/0001-02;2010-01-01;2;3708;PANAMERICANO ARRENDAMENTO MERCANTIL S/A;;;1998-06-18;018554;2000-01-25;Categoria B;2010-04-14;Ativo;2000-01-25;Brasil;Brasil;Arrendamento Mercantil;Leasing financeiro de bens móveis.;Fase Operacional;2000-01-25;Privado;;31;12;2009-12-31;www.panamericano.com.br
02.736.470/0001-43;2010-01-01;2;1366;PÁTRIA COMPANHIA SECURITIZADORA DE CRÉDITOS IMOBILIÁRIOS;2003-04-30;Patrimônio Companhia Securitizadora de Créditos Imobiliários;1998-05-26;018236;1999-05-04;Categoria B;2010-01-01;Ativo;1999-05-04;Brasil;Brasil;Securitização de Recebíveis;Aquisição e Securitização de Créditos Imobiliários;Fase Operacional;1999-05-04;Privado;2007-02-01;31;12;;http://www.patriacsci.com.br
02.762.113/0001-50;2010-01-01;6;2888;BRAZILIAN FINANCE & REAL ESTATE S.A.;2007-04-02;Opportunity Discovery Participações S.A.;1998-08-25;017922;1998-11-10;Categoria A;2010-01-01;Ativo;1998-11-11;Brasil;Brasil;Emp. Adm. Part. - Sem Setor Principal;Participação em outras sociedades;Fase Operacional;2001-04-01;Privado;;31;12;;www.bfre.com.br
02.762.115/0001-49;2010-01-01;4;1931;MMX MINERAÇÃO E METÁLICOS S.A.;2005-12-05;TRESSEM PARTICIPAÇÕES S/A;1998-08-26;017914;1998-11-10;Categoria A;2010-01-01;Ativo;2003-03-31;Brasil;Brasil;Extração Mineral;Mineração de Minério de Ferro;Fase Operacional;2006-07-20;Privado Holding;2005-10-09;31;12;2009-12-31;www.mmx.com.br
02.762.121/0001-04;2010-01-01;1;507;SANTOS BRASIL PARTICIPAÇÕES S.A.;2007-10-24;Alphapart Participações S.A.;1998-08-25;017892;1998-11-09;Categoria A;2010-01-01;Ativo;1998-11-12;Brasil;Brasil;Emp. Adm. Part. - Serviços Transporte e Logística;Particip. como sócia ou acionistas em outras sociedades brasileiras ou estrangeiras e em consórcios e exploração de instalações portuárias, retroportuárias e movimentação de conteineres ou afins.;Fase Pré-Operacional;2001-03-31;Privado;2007-10-24;31;12;;www.santosbrasil.com.br
02.762.122/0001-40;2010-01-01;2;3241;PEARSON SISTEMAS DO BRASIL S.A.;2010-09-17;SEB - SISTEMA EDUCACIONAL BRASILEIRO SA;1998-09-23;017906;1998-11-09;Categoria A;2010-01-01;Ativo;1998-11-09;Brasil;Brasil;Educação;PARTICIPAÇÃO EM OUTRAS SOCIEDADES;Fase Operacional;2003-03-31;Privado;1998-09-23;31;12;2009-12-31;www.sebsa.com.br
02.762.124/0001-30;2010-01-01;1;514;BETAPART PARTICIPAÇÕES SA;;;1998-08-27;017884;1998-11-06;Categoria A;2010-01-01;Ativo;1998-11-06;Brasil;Brasil;Emp. Adm. Part. - Sem Setor Principal;Participação em outras sociedades.;Fase Operacional;1998-11-06;Privado;2009-06-30;31;12;1998-08-27;
02.773.542/0001-22;2010-01-01;1;2214;RB CAPITAL SECURITIZADORA RESIDENCIAL S.A.;;Rio Bravo Securitizadora S.A.;1998-09-09;018406;1999-08-02;Categoria A;2010-01-01;Ativo;1999-08-02;Brasil;Brasil;Securitização de Recebíveis;Aquisição de créditos imobiliários e de títulos e valores mobiliários lastreados em créditos imobiliários Gestão e administração de carteiras de crédito imobiliário, próprias ou de terceiros etc.;Fase Operacional;1999-08-02;Privado;;31;12;;www.rbcapital.com.br
02.783.423/0001-50;2010-01-01;1;523;ALTERE SECURITIZADORA S.A.;1998-09-14;;1998-09-14;018066;1998-12-10;Categoria B;2010-01-01;Ativo;1998-12-10;Brasil;Brasil;Securitização de Recebíveis;aquisição e securitização de recebíveis imobiliários, a emissão e colocação no mercado financeiro, de Certificados de Recebíveis Imobiliários ou qualquer outro título de crédito.;Fase Operacional;2003-10-01;Privado;;31;12;1998-09-14;www.altere.com.br
02.783.425/0001-40;2010-01-01;4;2161;ALIUM PARTICIPAÇÕES SA;;;1998-09-14;018082;1998-12-10;Categoria A;2010-01-01;Ativo;1998-12-10;Brasil;Brasil;Emp. Adm. Part. - Sem Setor Principal;Administração e Participação;Fase Operacional;2000-12-31;Privado;2004-11-29;31;12;2009-12-31;
02.796.775/0001-40;2010-01-01;1;498;GAMA PARTICIPAÇÕES S.A.;2008-11-28;OPPORTUNITY GAMA PARTICIPAÇÕES S.A.;1998-08-25;017965;1998-12-01;Categoria A;2010-01-01;Ativo;2002-12-31;Brasil;Brasil;Emp. Adm. Part. - Sem Setor Principal;PARTICIPAÇÃO EM OUTRAS SOCIEDADES.;Fase Operacional;2002-12-31;;2007-09-26;31;12;;
02.800.026/0001-40;2010-01-01;7;3598;KROTON EDUCACIONAL S.A.;;OPPORTUNITY OFFICEPAR PARTICIPAÇÕES S.A.;1998-08-26;017973;1998-12-01;Categoria A;2010-01-01;Ativo;1998-12-01;Brasil;Brasil;Emp. Adm. Part. - Educação;A Companhia tem por objeto a participação, como sócia ou acionista, em sociedades que explorem a administração de atividades de educação.;Fase Operacional;2002-12-31;Privado Holding;2009-09-02;31;12;2009-12-31;www.kroton.com.br
02.808.481/0001-91;2010-01-01;1;513;AETATIS SECURITIZADORA S.A.;1998-09-14;;1998-09-14;018104;1998-12-17;Categoria B;2010-01-01;Ativo;1998-12-17;Brasil;Brasil;Securitização de Recebíveis;Aquisição e securitização de recebíveis imobiliários, emissão e colocação no mercado financeiro de Certificados de Recebíveis Imobiliários ou qualquer título de crédito que seja compatível.;Fase Operacional;2006-08-02;Privado;2006-08-02;31;12;1998-09-14;www.aetatis.com.br
02.808.708/0001-07;2010-01-01;2;2897;COMPANHIA DE BEBIDAS DAS AMÉRICAS - AMBEV;;;1998-09-14;018112;1998-12-17;Categoria A;2010-01-01;Ativo;1998-12-17;Brasil;Brasil;Bebidas e Fumo;Fabricação e distribuição de cervejas, refrigerantes e bebidas não carbonatadas e não alcoólicas.;Fase Operacional;2001-03-31;Estrangeiro;;31;12;2009-12-31;www.ambev.com.br
02.846.056/0001-97;2010-01-01;1;279;COMPANHIA DE CONCESSÕES RODOVIÁRIAS;;;1998-09-23;018821;2000-12-19;Categoria A;2010-01-01;Ativo;2000-12-19;Brasil;Brasil;Emp. Adm. Part. - Serviços Transporte e Logística;Prestadora de serviços públicos, via concessão, nas área de rodoviária, metroviária e de inspeção veicular.;Fase Operacional;2000-12-19;Privado;2009-07-30;31;12;;www.grupoccr.com.br
02.871.007/0001-04;2010-01-01;1;1082;VICUNHA SIDERURGIA SA;1999-12-31;Vicunha Siderurgia Ltda;1998-09-25;018902;2001-03-14;Categoria B;2010-01-01;Ativo;2001-03-14;Brasil;Brasil;Emp. Adm. Part. - Metalurgia e Siderurgia;Participação em outras sociedades (holding);Fase Operacional;1998-09-25;Privado Holding;;31;12;;a empresa não possui página na internet.
02.916.265/0001-60;2010-01-01;2;949;JBS SA;2006-03-02;Friboi Ltda;1998-12-16;020575;2007-03-27;Categoria A;2010-01-01;Ativo;2007-03-27;Brasil;Brasil;Alimentos;;Fase Operacional;2007-03-27;Privado;;31;12;2009-12-31;www.jbs.com.br
02.919.555/0001-67;2010-01-01;1;69;OBRASCON HUARTE LAIN BRASIL S/A;2005-04-29;OBRASCON HUARTE LAIN BRASIL LTDA.;1998-11-24;019771;2005-07-06;Categoria A;2010-01-01;Ativo;2005-07-06;Brasil;Brasil;Construção Civil, Mat. Constr. e Decoração;Gerenciamento de concessões públicas;Fase Operacional;2005-07-06;Estrangeiro Holding;2008-01-31;31;12;;www.ohlbrasil.com.br
02.932.074/0001-91;2010-01-01;5;3360;HYPERMARCAS S/A;2007-03-26;HYPERMARCAS INDUSTRIAL LTDA;1988-11-19;021431;2008-04-16;Categoria A;2010-01-01;Ativo;2008-04-16;Brasil;Brasil;Comércio (Atacado e Varejo);Produção e Venda de Bens de Consumo;Fase Operacional;2008-04-16;Privado;2009-12-06;31;12;2009-12-31;www.hypermarcas.com.br
02.950.811/0001-89;2010-01-01;1;385;PDG REALTY SA EMPREENDIMENTOS E PARTS;2006-08-30;VARSÓVIA PARTICIPAÇÕES S.A.;1998-11-17;020478;2007-01-23;Categoria A;2010-01-01;Ativo;2007-01-23;Brasil;Brasil;Emp. Adm. Part. - Const. Civil, Mat. Const. e Decoração;Participação em sociedades atuantes no setor imobiliário;Fase Operacional;2007-01-23;Privado;;31;12;;www.pdgrealty.com.br
02.983.428/0001-27;2010-01-01;1;2340;CEMIG TELECOMUNICAÇÕES S.A. - CEMIGTELECOM;2010-01-29;EMPRESA DE INFOVIAS S.A.;1999-01-13;018716;2000-07-31;Categoria A;2010-01-01;Ativo;2000-07-31;Brasil;Brasil;Telecomunicações;PROVIMENTO DE INFRAESTRUTURA DE REDES DE TELECOMUNICAÇÕES;Fase Operacional;2001-03-31;Estatal;;31;12;;www.cemigtelecom.com
02.992.449/0001-09;2010-01-01;1;478;PROMPT PARTICIPAÇÕES S.A.;2003-07-31;PETROPAR PARTICIPAÇÕES S.A.;1998-11-20;018333;1999-06-18;Categoria A;2010-01-01;Ativo;1999-06-21;Brasil;Brasil;Emp. Adm. Part. - Sem Setor Principal;PARTICIPAÇÃO EM OUTRAS SOCIEDADES.;Fase Operacional;1999-06-21;;2007-09-26;31;12;;
02.998.301/0001-81;2010-01-01;2;3474;DUKE ENERGY INT,GERAÇÃO PARANAPANEMA SA;2000-04-28;Companhia de Geração de Energia Elétrica Paranapanema;1999-02-22;018368;1999-07-14;Categoria A;2010-01-01;Ativo;1999-07-14;Brasil;Brasil;Energia Elétrica;Geração e Comercialização de energia elétrica;Fase Operacional;1999-07-14;Privado;1999-08-05;31;12;;http://www.duke-energy.com.br
02.998.609/0001-27;2010-01-01;2;968;AES TIETÊ SA;2001-04-27;CIA DE GERAÇÃO DE ENERGIA ELÉTRICA TIETÊ;1999-02-04;018350;1999-07-14;Categoria A;2010-01-01;Ativo;1999-07-14;Brasil;Brasil;Energia Elétrica;GERAÇÃO DE ENERGIA ELÉTRICA;Fase Operacional;1999-07-14;Privado;1999-10-27;31;12;;www.aestiete.com.br
02.998.611/0001-04;2010-01-01;1;189;CTEEP-CIA TRANSM ENERGIA ELÉTR. PAULISTA;1999-04-01;Companhia Energética de São Paulo - CESP;1999-04-01;018376;1999-07-14;Categoria A;2010-01-01;Ativo;1999-07-14;Brasil;Brasil;Energia Elétrica;Transmissão de Energia Elétrica;Fase Operacional;1999-07-14;Privado Holding;2006-06-28;31;12;2009-12-31;http://www.cteep.com.br
03.014.553/0001-91;2010-01-01;1;237;TPI - TRIUNFO PARTICIPACOES E INVESTIMENTOS S.A.;1999-01-11;TPI-Triunfo Participações e Investimentos S.A.;1999-01-11;019330;2002-12-05;Categoria A;2010-01-01;Ativo;2002-12-05;Brasil;Brasil;Serviços Transporte e Logística;PARTICIPAÇÃO EM EMPRESAS DE CONCESSÕES DE RODOVIAS, GERAÇÃO DE ENREGIA E LOGISTICA.;Fase Operacional;2002-12-05;Privado Holding;2007-05-10;31;12;2008-02-15;www.triunfo.com
03.076.274/0001-52;2010-01-01;2;1074;MACHADINHO ENERGÉTICA SA;;;1999-03-04;018929;2001-03-29;Categoria B;2010-01-01;Ativo;2001-03-29;Brasil;Brasil;Energia Elétrica;Geração de Energia Elétrica;Fase Operacional;2002-02-16;Privado;2007-09-06;31;12;;www.maesa.com.br
03.207.703/0001-83;2010-01-01;1;83;CONCESSIONARIA DE RODOVIAS DO INTERIOR PAULISTA S/A;;;1999-06-08;021849;2009-11-27;Categoria B;2010-01-01;Ativo;2009-11-27;Brasil;Brasil;Serviços Transporte e Logística;Concessionaria de Rodovias;Fase Operacional;2009-11-27;Privado Holding;2004-08-18;31;12;;www.intervias.com.br
03.220.438/0001-73;2010-01-01;1;149;EQUATORIAL ENERGIA S/A;2006-02-02;Brisk Participações S.A.;1999-06-16;020010;2006-03-30;Categoria A;2010-01-01;Ativo;2006-03-30;Brasil;Brasil;Energia Elétrica;Empresa holding com atuação no setor elétrico;Fase Operacional;2006-03-30;Privado Holding;2007-12-21;31;12;;www.equatorialenergia.com.br
03.303.999/0001-36;2010-01-01;1;557;DTCOM - DIRECT TO COMPANY S.A.;2000-09-14;DTC - DIRECT TO COMPANY SA;1999-01-31;018597;2000-02-04;Categoria A;2010-01-01;Ativo;2000-12-31;Brasil;Brasil;Telecomunicações;TREINAMENTO EMPRESARIAL VIA SATÉLITE;Fase Operacional;2000-12-31;Privado;;31;12;;www.dtcom.com.br
03.378.521/0001-75;2010-01-01;3;3005;LIGHT SA;2005-09-15;TRIAL Participações S.A.;1999-07-27;019879;2005-12-12;Categoria A;2010-01-01;Ativo;2005-12-12;Brasil;Brasil;Emp. Adm. Part. - Energia Elétrica;Participação em sociedades p/ exploração serviços de energia elétrica;Fase Operacional;2006-01-13;Privado;2006-08-10;31;12;;www.light.com.br
03.392.498/0001-73;2010-01-01;1;1245;RIOEST ESTACIONAMENTOS SA;;;1999-08-24;018872;2001-02-05;Categoria A;2010-01-01;Ativo;2001-02-05;Brasil;Brasil;Emp. Adm. Part. - Const. Civil, Mat. Const. e Decoração;EXPLORAÇÃO DA CONCESSÃO DE SERVIÇO PÚBLICO;Fase Pré-Operacional;2001-03-31;Privado;;31;12;;
03.410.855/0001-89;2010-01-01;1;186;CP CIMENTO E PARTICIPAÇÕES S/A;;;1999-08-20;019216;2002-01-22;Categoria B;2010-01-01;Ativo;2002-01-22;Brasil;Brasil;Emp. Adm. Part. - Extração Mineral;PARTICIP. EM EMPRESAS FABRIC. CIMENTO E MATS CONSTRUÇÃO;Fase Operacional;2002-01-22;Privado Holding;;31;12;;
03.467.321/0001-99;2010-01-01;2;2317;CENTRAIS ELETRICAS MATOGROSSENSES S.A. - CEMAT;;;1956-08-04;014605;1994-10-25;Categoria A;2010-01-01;Ativo;1994-10-25;Brasil;Brasil;Energia Elétrica;Distribuição de energia elétrica;Fase Operacional;1994-10-25;Privado;1997-11-17;31;12;2009-12-31;www.redenergia.com
03.468.802/0001-19;2010-01-01;1;492;BRZ INVESTIMENTOS S/A;2007-12-20;GP Participações S.A.;1998-10-18;021415;2008-03-27;Categoria A;2010-01-01;Ativo;2008-03-27;Brasil;Brasil;Emp. Adm. Part.-Bolsas de Valores/Mercadorias e Futuros;Holding;Fase Operacional;2008-03-27;Estrangeiro Holding;2007-11-16;31;12;;www.brzinvestimentos.com.br
03.538.833/0001-07;2010-01-01;1;510;XX DE NOVEMBRO SEC DE CREDITOS IMOB S.A;2005-08-08;XX DE NOVEMBRO EMPREENDIMENTOS E PARTICIPAÇÕES S.A.;1999-11-23;020001;2006-03-22;Categoria B;2010-01-01;Ativo;2006-03-22;Brasil;Brasil;Securitização de Recebíveis;AQUISIÇÃO E SECURITIZAÇÃO DE CREDITOS IMOBILIÁRIOS.;Fase Operacional;2006-03-22;Privado Holding;2005-02-01;31;12;;
03.559.006/0001-91;2010-01-01;1;2213;RB CAPITAL SECURITIZADORA S.A.;2008-05-23;Rio Bravo Crédito Cia. de Securitização;1999-11-17;019860;2005-10-31;Categoria B;2010-01-01;Ativo;2005-10-31;Brasil;Brasil;Securitização de Recebíveis;Aquisição de créditos imobiliários e de títulos e valores mobiliários lastreados em créditos imobiliários Gestão e administração de carteiras de crédito imobiliário, próprias ou de terceiros, etc.;Fase Operacional;2005-10-31;Privado;2008-12-26;31;12;;www.rbcapital.com.br
03.587.889/0001-43;2010-01-01;3;2159;PRIVATINVEST PARTICIPAÇÕES SA;;;1999-09-20;018635;2000-03-14;Categoria A;2010-01-01;Ativo;2000-03-14;Brasil;Brasil;Emp. Adm. Part. - Sem Setor Principal;Administração e participação;Fase Operacional;2001-03-31;Privado;2008-06-27;31;12;2009-12-31;
03.601.314/0001-38;2010-01-01;1;486;ANDRADE GUTIERREZ CONCESSOES SA;2000-11-27;ANDRADE GUTIERREZ CONCESSÕES LTDA;1999-12-13;019437;2003-09-01;Categoria A;2010-01-01;Ativo;2003-09-01;Brasil;Brasil;Emp. Adm. Part. - Sem Setor Principal;Gestão e participações societárias (HOLDING);Fase Operacional;2003-09-01;Privado Holding;;31;12;;www.agcsa.com.br
03.616.277/0001-31;2010-01-01;1;485;ARAUCÁRIA PARTICIPAÇÕES SA;2007-04-25;22 DE NOVEMBRO PARTICIPAÇÕES S.A.;1999-11-22;018651;2000-04-18;Categoria A;2010-01-01;Ativo;2000-04-18;Brasil;Brasil;Emp. Adm. Part. - Sem Setor Principal;A participação: - em outras sociedades, comerciais ou civis, nacionais ou estrangeiras, como sócia, acionista ou quotista - em empr. imobiliáriios e-como quotista em fundos de investimento;Fase Pré-Operacional;2000-04-18;Privado;2007-04-11;31;12;1999-11-22;
03.634.777/0001-04;2010-01-01;1;1364;VARIG PARTICIPAÇÕES EM TRANSP AÉREOS S/A;;não há;2000-01-28;018686;2000-07-20;Categoria A;2010-01-01;Em análise;2010-01-04;Brasil;Brasil;Emp. Adm. Part. - Serviços Transporte e Logística;Investimentos e participações societárias em empresas de transporte aéreo.;Fase Operacional;2000-07-20;Privado;;31;12;;www.vpta.com.br
03.634.795/0001-88;2010-01-01;1;1284;VARIG PARTIC. EM SERVIÇOS COMPLEMENTARES;;Não há;2000-01-01;018694;2000-07-20;Categoria A;2010-01-01;Em análise;2010-01-04;Brasil;Brasil;Emp. Adm. Part. - Serviços Transporte e Logística;Investimentos e participações societárias em empresas com atividades complementares às de transportes aéreos e secundariamente a participação em outras sociedades ou empreendimentos.;Fase Operacional;2000-07-20;Privado;;31;12;;www.vpsc.com.br
03.758.318/0001-24;2010-01-01;1;2277;INVESTIMENTOS E PARTICIPAÇÕES EM INFRA-ESTRUTURA .S.A. - INVEPAR;;;2000-03-20;018775;2000-09-29;Categoria A;2010-01-01;Ativo;2000-09-29;Brasil;Brasil;Emp. Adm. Part. - Serviços Transporte e Logística;Foi constituída sob a forma de sociedade anônima e tem como objeto social a participação em outras sociedades.;Fase Operacional;2010-03-20;Privado;2010-05-28;31;12;;www.invepar.com.br
03.767.538/0001-14;2010-01-01;3;2889;BRAZILIAN SECURITIES CIA SECURITIZAÇÃO;;;2000-04-10;018759;2000-09-04;Categoria B;2010-01-01;Ativo;2000-09-04;Brasil;Brasil;Securitização de Recebíveis;Securitização de recebíveis imobiliários;Fase Operacional;2001-03-31;Privado;;31;12;;www.braziliansecurities.com.br
03.795.050/0001-09;2010-01-01;1;332;TERMOPERNAMBUCO SA;;;2000-04-25;019852;2005-10-31;Categoria B;2010-01-01;Ativo;2005-10-31;Brasil;Brasil;Energia Elétrica;Geração de energia elétrica;Fase Operacional;2005-10-31;Privado;;31;12;;www.termope.com.br
03.847.461/0001-92;2010-01-01;1;351;BRADESPAR S/A;;;2000-03-30;018724;2000-08-07;Categoria A;2010-01-01;Ativo;2000-08-07;Brasil;Brasil;Emp. Adm. Part. - Extração Mineral;Participação como sócia ou acionista de outras Sociedades;Fase Operacional;2000-08-07;Privado Holding;;31;12;;www.bradespar.com
03.853.896/0001-40;2010-01-01;3;1532;MARFRIG ALIMENTOS SA;2009-04-28;MARFRIG FRIGORÍFICOS E COMÉRCIO DE ALIMENTOS S.A.;2000-06-06;020788;2007-06-18;Categoria A;2010-01-01;Ativo;2007-06-18;Brasil;Brasil;Alimentos;Exploração das atividades frigoríficas, com abate, industrialização, comercialização, importação e exportação;Fase Operacional;2007-06-18;Privado;2009-12-04;31;12;2009-12-31;www.marfrig.com.br
03.953.509/0001-47;2010-01-01;2;1011;CPFL GERAÇÃO DE ENERGIA S/A;2000-07-19;CPFL Paulista;2000-07-19;018953;2001-06-07;Categoria B;2001-06-07;Ativo;2001-06-07;Brasil;Brasil;Energia Elétrica;Geração de Energia Elétrica;Fase Operacional;2001-06-07;Privado;2005-06-20;31;12;;www.cpfl.com.br
03.983.431/0001-03;2010-01-01;1;336;EDP ENERGIAS DO BRASIL S/A;2005-03-16;EDP Brasil S.A.;2000-07-24;019763;2005-07-05;Categoria A;2010-01-01;Ativo;2005-07-05;Brasil;Brasil;Energia Elétrica;Área de Negócios: Geração, Distribuição e Comercialização de Energia Elétrica;Fase Operacional;2005-07-05;Estrangeiro Holding;;31;12;;www.edpbr.com.br
04.030.087/0001-09;2010-01-01;1;232;COARI PARTICIPAÇÕES SA;;;2000-07-31;019089;2001-10-29;Categoria A;2010-01-01;Ativo;2001-10-29;Brasil;Brasil;Telecomunicações;;Fase Pré-Operacional;2001-10-29;Privado Holding;2003-12-12;31;12;2009-12-31;www.oi.com.br/ri
04.030.182/0001-02;2010-01-01;1;243;CABINDA PARTICIPAÇÕES SA;2000-07-31;;2000-07-31;019119;2001-10-29;Categoria A;2010-01-01;Ativo;2001-10-29;Brasil;Brasil;Emp. Adm. Part. - Sem Setor Principal;A Companhia tem por objeto social a participação em outras sociedades, comerciais e civis, como sócia, acionista ou quotista, no país ou no exterior.;Fase Pré-Operacional;2001-10-29;Privado Holding;2010-04-19;31;12;2000-07-31;
04.031.213/0001-31;2010-01-01;1;244;CACONDE PARTICIPAÇÕES SA;2000-07-31;;2000-07-31;019135;2001-10-29;Categoria A;2010-01-01;Ativo;2001-10-29;Brasil;Brasil;Emp. Adm. Part. - Sem Setor Principal;A Companhia tem por objeto social a participação em outras sociedades comerciais e civis, como sócia, acionista ou quotista, no país ou no exterior.;Fase Pré-Operacional;2001-10-29;Privado Holding;2010-04-19;31;12;2000-07-31;
04.031.960/0001-70;2010-01-01;1;394;ANDRADE GUTIERREZ PARTICIPAÇÕES SA;2006-09-29;CANTAROS PARTICIPAÇÕES S.A.;2000-09-05;019062;2001-10-29;Categoria A;2010-01-01;Ativo;2001-10-29;Brasil;Brasil;Emp. Adm. Part. - Sem Setor Principal;Gestão de participações societárias (holding);Fase Operacional;2006-09-29;Privado Holding;;31;12;;www.agsa.com.br
04.032.433/0001-80;2010-01-01;1;1718;CONTAX PARTICIPAÇÕES S.A.;;CONTAX PATICIPAÇÕES S. A.;2000-07-31;019100;2001-10-29;Categoria A;2010-01-01;Ativo;2001-10-29;Brasil;Brasil;Emp. Adm. Part. - Telecomunicações;A Contax atua em múltiplos pontos da cadeia de relacionamento entre o cliente contratante e seus consumidores finais, desde a aquisição de clientes até recuperação de crédito.;Fase Pré-Operacional;2001-10-29;Privado Holding;2009-07-03;31;12;;www.contax.com.br
04.034.792/0001-76;2010-01-01;2;2836;CALAIS PARTICIPAÇÕES SA;;;2000-07-31;019070;2001-10-29;Categoria A;2010-01-01;Ativo;2001-10-29;Brasil;Brasil;Telecomunicações;;Fase Pré-Operacional;2001-10-29;Privado Holding;2004-12-29;31;12;2009-12-31;www.oi.com.br/ri
04.038.763/0001-82;2010-01-01;1;242;CAIANDA PARTICIPAÇÕES SA;2000-07-31;;2000-07-31;019097;2001-10-29;Categoria A;2010-01-01;Ativo;2001-10-29;Brasil;Brasil;Emp. Adm. Part. - Sem Setor Principal;A Companhia tem por objeto Social a participação em outras sociedades, comerciais e civis, como sócia, acionista ou quotista, no país ou no exterior.;Fase Operacional;2002-06-30;Privado Holding;2007-03-28;31;12;2000-07-31;
04.128.563/0001-10;2010-01-01;1;545;CIA BRASILIANA DE ENERGIA;2006-10-31;ENERGIA PAULISTA PARTICIPAÇÕES S.A.;2000-11-06;018970;2001-06-29;Categoria A;2010-01-01;Ativo;2001-06-29;Brasil;Brasil;Emp. Adm. Part. - Energia Elétrica;Atividade primordial focada na participação de empresas do setor de energia elétrica brasileiro;Fase Operacional;2002-10-01;Privado;2006-11-09;31;12;;www.companhiabrasiliana.com.br
04.149.454/0001-80;2010-01-01;1;1221;ECORODOVIAS INFRAESTRUTURA E LOGÍSTICA SA;2010-01-22;PRIMAV ECORODOVIAS SA;2000-11-07;019453;2003-09-24;Categoria A;2010-01-01;Ativo;2003-09-24;Brasil;Brasil;Serviços Transporte e Logística;Exploração direta ou indireta de negócios de concessão de obras e serviços públicos e organização logísitica do transporte de carga;Fase Operacional;2003-09-24;Privado Holding;2010-05-05;31;12;;www.ecorodovias.com.br
04.172.213/0001-51;2010-01-01;2;983;CIA PIRATININGA DE FORÇA E LUZ;;;2000-12-01;019275;2002-04-18;Categoria B;2010-01-01;Ativo;2002-04-18;Brasil;Brasil;Energia Elétrica;Prestação de serviços públicos de distribuição de energia elétrica.;Fase Operacional;2002-04-18;Privado;2005-12-31;31;12;;http://www.cpfl.com.br
04.200.649/0001-07;2010-01-01;2;2234;CIA PROVINCIA DE SECURITIZAÇÃO CRED IMOB;2002-09-30;CIA PROVINCIA DE SECURITIZAÇÃO DE CREDITOS FINANCEIROS;2000-10-18;019429;2003-08-21;Categoria B;2010-01-01;Ativo;2003-08-21;Brasil;Brasil;Securitização de Recebíveis;Securitização de Recebíveis Imobiliários;Fase Operacional;2003-08-22;Privado;2008-04-10;31;12;;www.ciaprovincia.com.br
04.310.392/0001-46;2010-01-01;1;439;ANHANGUERA EDUCACIONAL PARTICIPAÇÕES S.A.;2007-01-12;MEHIR HOLDINGS S.A.;2001-02-19;018961;2001-06-08;Categoria A;2010-01-01;Ativo;2001-06-08;Brasil;Brasil;Emp. Adm. Part. - Educação;A Companhia tem como atividade principal a participação em outras sociedades de ensino superior;Fase Operacional;2001-06-08;Privado Holding;2006-12-29;31;12;2009-12-31;www.unianhanguera.edu.br/ri
04.370.082/0001-17;2010-01-01;2;3879;WTORRE TC SEC DE CRÉDITOS IMOBILIÁRIOS. S.A.;2006-04-28;WT TC SECURITIZADORA DE CRÉDITOS IMOBILIÁRIOS S.A.;2001-03-10;019380;2003-05-08;Categoria B;2010-01-01;Ativo;2003-05-08;Brasil;Brasil;Securitização de Recebíveis;Securitizadora de Créditos Imobiliários;Fase Operacional;2003-09-30;Privado;;31;12;;www.wtorre.com.br/securitizadoras
04.370.450/0001-27;2010-01-01;2;3877;WTORRE NSBC SEC DE CRED IMOBILIARIOS SA;2006-04-28;WT NSBC SECURITIZADORA DE CRÉDITOS IMOBILIÁRIOS S.A.;2001-03-05;019356;2002-12-30;Categoria B;2010-01-01;Ativo;2002-12-30;Brasil;Brasil;Securitização de Recebíveis;Securitizadora de Créditos Imobiliários.;Fase Operacional;2003-03-31;Privado;;31;12;;www.wtorre.com.br/securitizadoras
04.423.567/0001-21;2010-01-01;2;1670;MPX ENERGIA SA;2007-11-05;MPX Mineração e Energia S.A.;2001-04-25;021237;2007-12-07;Categoria A;2010-01-01;Ativo;2007-12-07;Brasil;Brasil;Energia Elétrica;Empresa de Recursos Naturais e de geração de energia elétrica. Integração vertical na geração de energia elétrica;Fase Operacional;2007-12-07;Privado Holding;2009-12-31;31;12;2009-12-31;www.mpx.com.br
04.437.534/0001-30;2010-01-01;2;3556;UNIDAS S/A;2007-10-19;SAG do Brasil S.A.;2001-03-30;021555;2008-07-29;Categoria B;2010-01-01;Ativo;2008-07-29;Brasil;Brasil;Serviços Transporte e Logística;Locação e sublocação de veículos automotores, prestação de serviço de terceirização de frotas e de transportes em geral, concessão de licenças para uso de sua marca.;Fase Operacional;2008-07-29;Estrangeiro;;31;12;2009-12-31;www.unidas.com.br
04.634.250/0001-34;2010-01-01;2;1300;NOVA AÇÃO PARTICIPAÇÕES S.A.;2008-06-26;COMPANHIA NOVA SUL AMÉRICA;2001-06-22;019224;2002-01-31;Categoria B;2010-06-10;Ativo;2002-01-31;Brasil;Brasil;Emp. Adm. Part. - Sem Setor Principal;Administração de bens próprios e a participação em sociedes mercantis ou civis;Fase Operacional;2002-01-31;Privado;;31;12;;www.sulamerica.com.br
04.652.792/0001-30;2010-01-01;1;1541;CIA DE RECUPERAÇÃO SECUNDÁRIA;;;2001-12-10;019240;2002-02-07;Categoria A;2010-01-01;Ativo;2002-02-07;Brasil;Brasil;Petróleo e Gás;Locação de Bens a Petróleo Brasileiro S.A. - PETROBRAS;Fase Operacional;2002-03-31;Privado;2010-04-30;31;12;2009-12-31;
04.665.504/0001-81;2010-01-01;1;1540;NOVAMARLIM PARTICIPAÇÕES S/A;;;2001-11-14;019178;2001-12-05;Categoria A;2010-01-01;Ativo;2001-12-05;Brasil;Brasil;Emp. Adm. Part. - Petróleo e Gás;;Fase Operacional;2001-12-05;Privado Holding;2010-04-26;31;12;2009-12-31;
04.668.779/0001-79;2010-01-01;1;1538;NOVAMARLIM PETROLEO SA;;;2001-12-06;019194;2001-12-19;Categoria A;2010-01-01;Ativo;2001-12-19;Brasil;Brasil;Emp. Adm. Part. - Petróleo e Gás;;Fase Operacional;2001-12-31;Privado;2010-04-26;31;12;2009-12-31;
04.705.090/0001-77;2010-01-01;2;1121;QUATTOR PETROQUÍMICA S.A.;2008-06-30;SUZANO PETROQUIMICA S.A;2001-09-25;019267;2002-03-25;Categoria A;2010-01-01;Ativo;2002-03-25;Brasil;Brasil;Petroquímicos e Borracha;INDUSTRIA PETROQUIMICA- PETROQUIMICA, COMBUSTIVEIS E BORRACHA;Fase Operacional;2002-03-25;Privado;;31;12;;www.quattor.com.br
04.752.991/0001-10;2010-01-01;1;3023;BIOMM SA;2001-12-07;Savicevic Participações S/A;2001-09-19;019305;2002-08-19;Categoria A;2010-01-01;Ativo;2002-08-19;Brasil;Brasil;Farmacêutico e Higiene;Licenciamento de tecnologia para produção de proteínas terapêuticas recombinantes, especialmente insulina.;Fase Pré-Operacional;2002-09-30;Privado;;31;12;;www.biomm.com
04.781.143/0001-39;2010-01-01;2;1073;BAESA-ENERGETICA BARRA GRANDE SA;;;2001-09-17;019607;2004-09-29;Categoria B;2010-01-01;Ativo;2004-09-29;Brasil;Brasil;Energia Elétrica;Geração de energia elétrica;Fase Operacional;2005-11-01;Privado;2003-09-29;31;12;;www.baesa.com.br
04.800.265/0001-25;2010-01-01;2;3878;WTORRE SECURITIZADORA DE CRED. IMOB. SA;2006-04-28;WT SECURITIZADORA DE CRÉDITOS IMOBILIÁRIOS S.A.;2001-11-09;019372;2003-03-24;Categoria B;2010-01-01;Ativo;2003-03-24;Brasil;Brasil;Securitização de Recebíveis;Securitizadora de Créditos Imobiliários;Fase Operacional;2003-11-30;Privado;;31;12;;www.wtorre.com.br/securitizadora
04.821.041/0001-08;2010-01-01;1;406;METALFRIO SOLUTIONS S/A;2007-01-19;METALFRIO SOLUTIONS LTDA;2001-12-03;020613;2007-04-10;Categoria A;2010-01-01;Ativo;2007-04-10;Brasil;Brasil;Máquinas, Equipamentos, Veículos e Peças;FABRICAÇÃO E COMERCIALIAZAÇÃO DE GELADEIRAS E SIMILARES, DE MÁQUINAS DE VENDAS AUTOMÁTICAS, COMPONENTES E PEÇAS;Fase Operacional;2007-04-10;Privado;;31;12;2010-12-31;www.metalfrio.com.br
04.895.728/0001-80;2010-01-01;2;2354;CENTRAIS ELÉTRICAS DO PARÁ S.A - CELPA;;;1960-08-31;018309;1999-06-14;Categoria A;2010-01-01;Ativo;1999-06-14;Brasil;Brasil;Energia Elétrica;Distribuição de energia elétrica;Fase Operacional;1999-06-14;Privado;1998-07-09;31;12;2009-12-31;www.redenergia.com
04.902.979/0001-44;2010-01-01;1;218;BANCO DA AMAZÔNIA S.A.;1966-09-28;BANCO DE CRÉDITO DA AMAZÔNIA S.A;1942-07-09;000922;1977-07-20;Categoria A;2010-01-01;Ativo;1977-07-20;Brasil;Brasil;Intermediação Financeira;;Fase Operacional;1977-07-20;Estatal;2002-11-18;31;12;2009-12-31;www.bancoamazonia.com.br
04.912.242/0001-02;2010-01-01;2;1542;PORTUENSE FERRAGENS S/A;1947-10-23;PEREIRA & PEREIRA;1940-03-18;009717;1977-07-20;Categoria A;2010-01-01;Ativo;2001-03-31;Brasil;Brasil;Construção Civil, Mat. Constr. e Decoração;COMÉRCIO DE FERRAGENS, MATERIAIS ELÉTRICOS E ALUGUÉIS DE IMÓVEIS PRÓPRIOS;Fase Operacional;2001-03-31;Privado;2004-12-31;31;12;1947-10-23;portuenseferragens@yahoo.com.br
04.913.711/0001-08;2010-01-01;3;1239;BANCO DO ESTADO DO PARÁ S/A.;;;1960-07-01;001171;1977-07-20;Categoria A;2010-01-01;Ativo;1977-07-20;Brasil;Brasil;Bancos;Bancária;Fase Operacional;1961-10-26;Estatal;1960-07-01;31;12;;www.banparanet.com.br
04.987.555/0001-20;2010-01-01;1;144;BGPAR SA;2003-08-26;BGPAR LTDA;2003-08-26;019500;2004-01-06;Categoria B;2010-01-01;Ativo;2004-01-06;Brasil;Brasil;Emp. Adm. Part. - Sem Setor Principal;Participação em outras sociedades, na qualidade de quotista ou acionista.;Fase Operacional;2004-01-06;Privado Holding;2005-07-31;31;12;;
05.341.549/0001-63;2010-01-01;3;3253;TARPON INVESTIMENTOS S/A;;;2002-07-19;021717;2009-05-21;Categoria A;2010-01-01;Ativo;2009-05-21;Brasil;Brasil;Emp. Adm. Part. - Intermediação Financeira;Gestão de recursos de terceiros;Fase Operacional;2009-05-21;Privado Holding;2009-03-10;31;12;2009-12-31;www.tarponinvest.com.br
05.711.813/0001-03;2010-01-01;2;1660;SOLVAY INDUPA SAIC;;INDÚSTRIAS PATAGÓNICAS SOCIEDAD ANÔNIMA;1948-09-16;080101;2009-04-03;Categoria A;2010-01-01;Ativo;2009-04-03;Argentina;Argentina;Petroquímicos e Borracha;;Fase Operacional;2009-04-03;Privado;;31;12;;
05.721.582/0001-19;2010-01-01;2;1654;TELEFÓNICA, S.A.;1998-04-15;TELEFÓNICA DE ESPAÑA, S.A.;1924-04-19;080004;2000-05-24;Categoria A;2010-01-01;Ativo;2000-05-24;Espanha;Brasil;Telecomunicações;Prestação de serviços públicos de telecomunicações;Fase Operacional;2000-05-24;Estrangeiro;;31;12;;www.telefonica.com
05.721.735/0001-28;2010-01-01;2;1255;WILSON SONS LIMITED;;OCEAN WILSONS LIMITED;1990-12-06;080047;2007-04-25;Categoria A;2010-01-01;Ativo;2007-04-25;Bermudas;Luxemburgo;Serviços Transporte e Logística;Terminais Portuários, Rebocagem, Offshore, Logística, Agenciamento Marítimo e Estaleiros.;Fase Operacional;2007-04-25;Estrangeiro;;31;12;;www.wilsonsons.com
05.799.312/0001-20;2010-01-01;3;2923;BRASIL ECODIESEL IND. E COM. DE BIOCOMB. E ÓLEOS VEGETAIS S/A;2006-08-14;BRASIL BIODIESEL COM IND OLEOS VEG LTDA;2003-07-18;020354;2006-11-09;Categoria A;2010-01-01;Ativo;2006-11-09;Brasil;Brasil;Petroquímicos e Borracha;INDÚSTRIA E COMÉRCIO DE BIOCOMBUSTÍVEIS E ÓLEOS VEGETAIS;Fase Operacional;2006-11-09;Privado;2006-11-09;31;12;;www.brasilecodiesel.com.br
05.889.284/0001-32;2010-01-01;2;3576;CSA-COMPANHIA SECURITIZADORA DE ATIVOS;;;2003-04-23;019470;2003-12-16;Categoria B;2010-01-01;Ativo;2003-12-16;Brasil;Brasil;Securitização de Recebíveis;Securitização de Recebíveis Imobiliários;Fase Operacional;2004-01-05;Privado;;31;12;;www.csasecuritizadora.com.br
05.918.309/0001-89;2010-01-01;2;1386;IMIGRANTES CIA SECURITIZADORA DE CRÉDITOS IMOBILIÁRIOS;2003-12-23;Bregenz Participações S.A;2003-09-05;019518;2004-02-16;Categoria B;2010-01-01;Ativo;2004-02-16;Brasil;Brasil;Securitização de Recebíveis;Aquisição e Securitização de Créditos Imobiliários;Fase Operacional;2004-02-16;Privado;2004-09-30;31;12;;www.imigrigantescsci.com.br
06.018.000/0001-03;2010-01-01;2;2292;FIBRA CIA SECURITIZADORA CRED IMOB;;;2003-10-13;019542;2004-05-18;Categoria B;2010-01-01;Ativo;2004-05-18;Brasil;Brasil;Securitização de Recebíveis;possui como principal atividade a aquisição e securitização de créditos hipotecários e oriundos de operações e financiamentos imobiliários em geral;Fase Operacional;2004-07-02;Privado;;31;12;;
06.027.566/0001-93;2010-01-01;1;401;UNIVER CIDADE TRUST DE RECEBIVEIS SA;;;2003-10-22;019585;2004-09-02;Categoria B;2010-01-01;Ativo;2004-09-02;Brasil;Brasil;Securitização de Recebíveis;Aquisição de Direitos Creditórios;Fase Operacional;2004-09-03;Privado;;31;12;;www.univercidadetrust.com.br
06.033.448/0001-98;2010-01-01;1;372;FOCUS CIA SEC DE CREDITOS IMOBILIARIOS;;;2003-11-21;019526;2004-03-17;Categoria B;2010-01-01;Ativo;2004-03-17;Brasil;Brasil;Securitização de Recebíveis;Estruturação de Securitização de Créditos Imobiliários;Fase Operacional;2004-05-07;Privado;;31;12;;www.focussecuritizadora.com.br
06.082.980/0001-03;2010-01-01;2;1582;ALIANSCE SHOPPING CENTERS S/A;;;2003-12-22;021300;2008-01-18;Categoria A;2010-01-28;Ativo;2008-01-18;Brasil;Brasil;Emp. Adm. Part. - Const. Civil, Mat. Const. e Decoração;;Fase Operacional;2008-01-18;Privado;;31;12;;
06.137.677/0001-52;2010-01-01;2;3884;WTORRE VRJ SEC CREDITOS IMOBILIÁRIOS S/A;2006-04-28;WT VRJ SECURITIZADORA DE CRÉDITOS IMOBILIÁRIOS S.A.;2004-01-20;019984;2006-02-22;Categoria B;2010-01-01;Ativo;2006-02-22;Brasil;Brasil;Securitização de Recebíveis;Securitizadora de Créditos Imobiliários;Fase Operacional;2006-03-05;Privado Holding;;31;12;;www.wtorre.com.br/securitizadoras
06.164.253/0001-87;2010-01-01;1;396;GOL LINHAS AEREAS INTELIGENTES SA;2004-03-12;;2004-03-12;019569;2004-06-09;Categoria A;2010-01-01;Ativo;2004-06-09;Brasil;Brasil;Serviços Transporte e Logística;GESTÂO DE PARTICIPAÇÃO SOCIETÁRIA;Fase Operacional;2004-06-09;Privado;2004-06-09;31;12;2009-12-31;www.voegol.com.br
06.272.793/0001-84;2010-01-01;1;470;COMPANHIA ENERGÉTICA DO MARANHÃO CEMAR;;;1965-12-31;016608;1997-11-13;Categoria A;2010-01-01;Ativo;1997-11-13;Brasil;Brasil;Energia Elétrica;Emrpesa distribuidora de energia elétrica para todo o Estado do Maranhão.;Fase Operacional;1997-11-13;Privado Holding;2007-12-21;31;12;;www.cemar-ma.com.br
06.349.242/0001-71;2010-01-01;2;3880;WTORRE CRJ SEC CRED IMOBILIARIOS SA;2006-04-28;WT CRJ SECURITIZADORA DE CRÉDITOS IMOBILIÁRIOS S.A.;2004-03-11;019810;2005-10-10;Categoria B;2010-01-01;Ativo;2005-10-10;Brasil;Brasil;Securitização de Recebíveis;Securitizadora de Créditos Imobiliários;Fase Operacional;2005-10-10;Privado;;31;12;;www.wtorre.com.br/securitizadoras
06.977.739/0001-34;2010-01-01;1;593;TEMPO PARTICIPAÇOES S/A;2007-12-19;Igaratinga SA;2006-01-01;019917;2006-01-04;Categoria A;2010-01-01;Ativo;2006-01-04;Brasil;Brasil;Serviços médicos;Soluções médicas, planos médicos e odontologicos e assitencias 24 horas;Fase Operacional;2007-12-19;Privado;2007-12-19;31;12;2009-12-31;www.tempoassist.com.br
06.977.745/0001-91;2010-01-01;1;437;BR MALLS PARTICIPAÇOES S.A.;2006-10-24;ITATIRA PARTICIPAÇÕES S.A.;2004-05-26;019909;2006-01-04;Categoria A;2010-01-01;Ativo;2006-01-04;Brasil;Brasil;Emp. Adm. Part. - Comércio (Atacado e Varejo);Holding;Fase Operacional;2007-01-01;Privado;2010-01-20;31;12;;www.brmalls.com.br
06.977.751/0001-49;2010-01-01;3;1604;BR PROPERTIES S.A.;2006-12-22;Itarema Participações SA;2004-05-26;019925;2006-01-04;Categoria A;2010-01-01;Ativo;2006-01-04;Brasil;Brasil;Emp. Adm. Part. - Sem Setor Principal;Compra, venda e incorp. de imóveis comerciais prontos ou a construir admin de imóveis próprios ou de terceiros arrendamento, exploração com, locação sub-locação de imóveis comerciais própr. e outros;Fase Operacional;2006-12-22;Privado;2004-05-26;31;12;2010-12-01;www.brpr.com.br
06.981.176/0001-58;2010-01-01;1;1852;CEMIG GERAÇÃO E TRANSMISSÃO S/A;;;2004-09-08;020320;2006-10-10;Categoria B;2010-01-01;Ativo;2006-10-10;Brasil;Brasil;Energia Elétrica;Realiza atividades de geração, transmissão e comercialização de energia elétrica e serviços correlatos que lhe tenham sido ou venham a ser concedidos.;Fase Operacional;2006-10-10;Estatal;2010-04-29;31;12;;http://cemig.infoinvest.com.br
06.981.180/0001-16;2010-01-01;1;1850;CEMIG DISTRIBUIÇÃO S/A;;;2004-08-04;020303;2006-09-25;Categoria B;2010-01-01;Ativo;2006-09-25;Brasil;Brasil;Energia Elétrica;O objetivo da Companhia é estudar, planejar, projetar, construir, operar e explorar sistemas de distribuição e comercialização de energia elétrica e serviços correlatos.;Fase Operacional;2006-09-25;Estatal;2004-08-04;31;12;;http://cemig.infoinvest.com.br
07.021.459/0001-10;2010-01-01;1;1281;BETA SECURITIZADORA S/A;;;2004-09-15;019747;2005-05-11;Categoria B;2010-01-01;Ativo;2005-05-11;Brasil;Brasil;Securitização de Recebíveis;;Fase Operacional;2005-06-01;Privado;2006-12-26;31;12;;www.betasecuritizadora.com.br
07.033.882/0001-30;2010-01-01;2;3883;WTORRE TSSP SEC DE CRED IMOBILIÁRIOS S/A;2006-04-28;WT TSSP SECURITIZADORA DE CRÉDITOS IMOBILIÁRIOS S.A.;2004-09-21;019976;2006-02-17;Categoria B;2010-01-01;Ativo;2006-02-17;Brasil;Brasil;Securitização de Recebíveis;Securitizadora de Créditos Imobiliários;Fase Operacional;2006-02-18;Privado;;31;12;;www.wtorre.com.br/securitizadoras
07.040.108/0001-57;2010-01-01;1;1650;COMPANHIA DE ÁGUA E ESGOTO DO CEARÁ;1971-07-20;: SAAGEC-SERV.AUT.DE ÁGUA E ESGOTO DO CEARÁ;1971-07-20;018546;2000-01-19;Categoria A;2010-01-01;Ativo;2000-01-19;Brasil;Brasil;Saneamento, Serv. Água e Gás;;Fase Operacional;2000-01-19;Estatal;2009-04-30;31;12;;www.cagece.com.br
07.047.251/0001-70;2010-01-01;1;425;CIA ENERG CEARA - COELCE;;;1971-07-05;014869;1995-06-13;Categoria A;2010-01-01;Ativo;1995-06-13;Brasil;Brasil;Energia Elétrica;distribuição de energia elétrica.;Fase Operacional;1995-06-13;Privado Holding;1999-05-05;31;12;;www.coelce.com.br
07.073.027/0001-53;2010-01-01;1;417;TIVIT TERCEIRIZAÇÃO DE PROCESSOS, SERVIÇOS E TECNOLOGIA S/A;2008-12-15;Tivit Atendimentos Telefonicos S.A;2004-10-20;021768;2009-09-24;Categoria A;2010-01-01;Ativo;2009-09-24;Brasil;Brasil;Comunicação e Informática;Prestação de serviços de call center, transmissão de dados, hospedagem e suporte a internet.;Fase Operacional;2004-10-20;Privado;;31;12;2009-12-31;www.tivit.com.br
07.088.416/0001-52;2010-01-01;2;3881;WTORRE FIDES SECURITIZADORA DE CRÉDITOS IMOBILIÁRIOS S.A.;2006-10-20;FIDES SECURITIZADORA DE CRÉDITOS IMOBILIÁRIOS S.A.;2004-10-13;019895;2005-12-22;Categoria B;2010-01-01;Ativo;2005-12-22;Brasil;Brasil;Securitização de Recebíveis;Securitizadora de créditos imobiliários.;Fase Operacional;2006-04-11;Privado;;31;12;;www.wtorre.com.br/securitizadoras
07.110.438/0001-71;2010-01-01;1;380;BTG PACTUAL SECURITIZADORA S.A;2009-09-18;UBS PACTUAL SECURITIZADORA S.A;2004-11-29;019690;2005-04-14;Categoria B;2010-01-01;Ativo;2005-04-14;Brasil;Brasil;Securitização de Recebíveis;Securitização de Recebíveis Imobiliários;Fase Operacional;2006-12-01;Privado;;31;12;;
07.112.325/0001-05;2010-01-01;2;3363;BI CIA SECURITIZADORA DE CREDITOS IMOBILIARIOS;2005-02-10;BI INVEST PARTICIPAÇÕES LTDA;2004-11-22;019704;2005-04-18;Categoria B;2010-01-01;Ativo;2005-04-18;Brasil;Brasil;Securitização de Recebíveis;aquis/securitz creds imobs oriundos/relacion a qsqr modals imobs emissão/coloc merc financ de CRI/debênts/qsqr outros tits cred/val mobil lastr em creds imobs realiz neg e servs relac sec imob;Fase Operacional;2005-10-06;Privado;;31;12;;http://www.bi-invest.com.br
07.119.838/0001-48;2010-01-01;1;461;BRAZIL REALTY CIA SECURITIZADORA DE CREDITOS IMOBILIARIOS;2004-09-14;;2004-09-14;019720;2005-05-02;Categoria B;2010-01-01;Ativo;2005-05-02;Brasil;Brasil;Securitização de Recebíveis;;Fase Pré-Operacional;2005-05-02;Privado;2004-09-14;31;12;2009-12-31;www.cyrela.com.br
07.203.904/0001-63;2010-01-01;2;1359;UNITEXTIL - UNIAO INDUSTRIAL TEXTIL S/A;;;1966-05-02;011606;1982-09-22;Categoria A;2010-01-01;Ativo;1982-09-22;Brasil;Brasil;Têxtil e Vestuário;;Fase Operacional;1982-09-22;Privado;;31;12;;
07.206.816/0001-15;2010-01-01;3;1367;M DIAS BRANCO S.A. INDÚSTRIA E COMÉRCIO DE ALIMENTOS;2006-04-06;M.DIAS BRANCO INDÚSTRIA E COMÉRCIO DE ALIMENTOS LTDA.;1951-05-21;020338;2006-10-11;Categoria A;2010-01-01;Ativo;2006-10-11;Brasil;Brasil;Alimentos;PRODUÇÃO E COMERCIALIZAÇÃO DE BISCOITOS, MASSAS, FARINHA DE TRIGO E FARELO, MARGARINAS E GORDURAS.;Fase Operacional;2006-10-11;Privado;2006-08-28;31;12;;www.mdiasbranco.com.br
07.237.373/0001-20;2010-01-01;3;1266;BANCO DO NORDESTE DO BRASIL SA;;;1954-05-18;001228;1977-07-20;Categoria A;2010-01-01;Ativo;1977-07-20;Brasil;Brasil;Bancos;Banco Múltiplo com Carteira Comercial;Fase Operacional;1954-05-18;Estatal;1954-05-18;31;12;;www.bnb.gov.br
07.253.321/0001-47;2010-01-01;1;604;CARBOMIL SA MINER. E INDUSTRIA;;;1966-11-14;014168;1993-07-27;Categoria B;2010-01-01;Ativo;1993-07-27;Brasil;Brasil;Extração Mineral;Extração e beneficiamento de minerais não metálicos;Fase Operacional;1993-07-27;Privado;;31;12;;www.carbomil.com.br
07.256.507/0001-50;2010-01-01;2;2517;ITAUSEG PARTICIPAÇÕES SA;2005-07-01;;2004-11-03;019933;2006-01-05;Categoria B;2010-01-01;Ativo;2006-01-05;Brasil;Brasil;Emp. Adm. Part. - Seguradoras e Corretoras;Holding;Fase Operacional;2006-01-05;Privado;;31;12;;
07.275.159/0001-68;2010-01-01;1;524;PETROLEO LUB DO NORDESTE SA;;;1967-09-13;009520;1975-10-24;Categoria A;2010-01-01;Ativo;1975-10-24;Brasil;;;;Fase Operacional;1975-10-24;;;;;;
07.276.103/0001-28;2010-01-01;5;3885;FLORESTAL BRASIL S.A.;2009-11-16;FLORESTAL INVESTIMENTOS FLORESTAIS SA;2007-07-05;021423;2008-04-01;Categoria B;2010-01-01;Ativo;2008-04-01;Brasil;Brasil;Reflorestamento;Exploração agroflorestal, promovendo projetos de reflorestamento em terras próprias ou de terceiros, podendo para tanto fazer arrendamentos e ou parcerias.;Fase Operacional;2008-04-01;Privado;2009-10-08;31;12;;www.florestalbrasil.com.br
07.281.413/0001-30;2010-01-01;1;1220;FAE - FERRAGENS APARELHOS ELÉTRICOS S/A;;;1975-03-27;005878;1975-12-11;Categoria A;2010-01-01;Ativo;1975-12-11;Brasil;Brasil;Metalurgia e Siderurgia;Fabricação de aparelhos e equipamentos para distribuição e contorle de energia eletrica.;Fase Operacional;1975-12-11;Privado;2008-08-08;31;12;;
07.332.190/0001-93;2010-01-01;3;1062;VICUNHA TEXTIL SA;2001-06-29;Vicunha Nordeste S/A - Indústria Têxtil;1968-12-26;005991;1971-12-27;Categoria A;2010-01-01;Ativo;1971-12-27;Brasil;Brasil;Têxtil e Vestuário;Fabricação de índigo, brim, fios, linhas e malhas;Fase Operacional;1971-12-27;Privado;2009-12-08;31;12;2009-12-31;www.vicunha.com.br
07.334.600/0001-35;2010-01-01;1;684;MARINA DE IRACEMA PARK SA;;;1983-12-21;016268;1997-05-14;Categoria A;2010-01-01;Ativo;1997-05-14;Brasil;Brasil;Hospedagem e Turismo;RAMO TURISTICO, DE HOTELARIA EM GERAL, SERVICOS DE ANCORADOURO E ACOSTAMENTO DE EMBARCACOES DE RECREIO E SERVICO DE SUPRIMENTO AS TRIPUILACOES DAS EMBARCACOES;Fase Operacional;1997-05-14;Privado;1997-06-16;31;12;2009-12-31;www.marinapark.com.br
07.394.616/0001-33;2010-01-01;1;564;UNI CIDADE SPTRUST DE RECEBÍVEIS SA;;;2005-11-07;020079;2006-05-23;Categoria B;2010-01-01;Ativo;2006-05-23;Brasil;Brasil;Securitização de Recebíveis;Aquisição de direitos Creditorios;Fase Pré-Operacional;2006-05-23;Privado;;31;12;;
07.450.604/0001-89;2010-01-01;2;2356;BANCO INDUSTRIAL E COMERCIAL S/A;1981-07-27;BANCO INDUSTRIAL DO CEARÁ;1938-02-20;021113;2007-09-17;Categoria A;2010-01-01;Ativo;2007-09-17;Brasil;Brasil;Bancos;BANCO MÚLTIPLO;Fase Operacional;2007-09-17;Privado;2007-05-11;31;12;2009-12-31;www.bicbanco.com.br
07.587.384/0001-30;2010-01-01;3;3701;GAIA SECURITIZADORA S/A;;;2005-07-11;020222;2006-07-28;Categoria B;2010-01-01;Ativo;2006-07-28;Brasil;Brasil;Securitização de Recebíveis;Aquisição, securitização, emissão, negociação e prestação de serviços relacionados à créditos imobiliários passíveis de securitização.;Fase Operacional;2009-08-17;Privado;2010-08-30;31;12;;www.gaiasec.com.br
07.620.094/0001-40;2010-01-01;1;334;AFLUENTE G&T DE ENERGIA ELÉTRICA S/A;;;2005-08-31;020150;2006-07-12;Categoria A;2010-01-01;Ativo;2006-07-12;Brasil;Brasil;Energia Elétrica;Geração de energia elétrica.;Fase Operacional;2006-07-12;Privado;;31;12;;http://www.afluente.com.br
07.628.528/0001-59;2010-01-01;1;253;BRASILAGRO CIA BRAS DE PROP AGRICOLAS;;;2005-09-23;020036;2006-04-25;Categoria A;2010-01-01;Ativo;2006-04-25;Brasil;Brasil;Agricultura (Açúcar, Álcool e Cana);EMPRESA DE DESENVOLVIMENTO AGROPECUÁRIO;Fase Pré-Operacional;2006-04-25;Estrangeiro;2006-04-25;30;6;2005-09-23;www.brasil-agro.com
07.659.538/0001-51;2010-01-01;1;295;DINAMICA ENERGIA S/A;;;2005-10-14;020052;2006-05-03;Categoria B;2010-01-01;Ativo;2006-05-03;Brasil;Brasil;Emp. Adm. Part. - Energia Elétrica;Participação em empresas brasileiras do setor energético;Fase Operacional;2006-05-03;Privado;;31;12;;
07.689.002/0001-89;2010-01-01;2;3650;Embraer S.A.;2010-11-19;Embraer Empresa Brasileira de Aeronáutica S/A;2006-05-23;020087;2006-05-23;Categoria A;2010-01-01;Ativo;2006-05-23;Brasil;Brasil;Máquinas, Equipamentos, Veículos e Peças;Projetar, construir e comercializar aeronaves e materiais aeroespaciais e respectivos acessórios e equipamentos, materiais, sistemas, componentes para industria de defesa, de segurança e de energia.,;Fase Operacional;2006-05-23;Privado;2006-05-23;31;12;;www.embraer.com.br
07.700.557/0001-84;2010-01-01;2;3837;BROOKFIELD INCORPORAÇÕES S.A.;2009-06-22;BRASCAN RESIDENTIAL PROPERTIES S.A.;2005-11-14;020265;2006-09-11;Categoria A;2010-01-01;Ativo;2006-09-11;Brasil;Brasil;Emp. Adm. Part. - Const. Civil, Mat. Const. e Decoração;Gestão em participações societárias;Fase Operacional;2006-09-11;Privado Holding;;31;12;;www.br.brookfield.com
07.710.591/0001-30;2010-01-01;2;3882;WTORRE VPA SEC DE CRED IMOBILIARIOS S.A;2006-04-28;WT VPA SECURITIZADORA DE CRÉDITOS IMOBILIÁRIOS S.A.;2005-07-29;019941;2006-01-26;Categoria B;2010-01-01;Ativo;2006-01-26;Brasil;Brasil;Securitização de Recebíveis;Securitizadora de Créditos Imobiliários;Fase Operacional;2006-01-27;Privado;;31;12;;www.wtorre.com.br/securitizadoras
07.718.269/0001-57;2010-01-01;1;538;SPRINGS GLOBAL PARTICIPAÇÕES S/A;;;2005-11-24;020966;2007-07-25;Categoria A;2010-01-01;Ativo;2007-07-25;Brasil;Brasil;Emp. Adm. Part. - Têxtil e Vestuário;Holding;Fase Operacional;2007-07-25;Privado Holding;;31;12;;www.springs.com.br
07.809.905/0001-56;2010-01-01;1;432;AMPLA INVESTIMENTOS E SERVIÇOS S/A;;;2005-12-29;020214;2006-07-27;Categoria A;2010-01-01;Ativo;2006-07-27;Brasil;Brasil;Emp. Adm. Part. - Energia Elétrica;paricipar de outras empresas do setor elétrico;Fase Operacional;2006-07-27;Estrangeiro Holding;2008-05-28;31;12;;
07.816.890/0001-53;2010-01-01;1;416;MULTIPLAN EMP. IMOBILIARIOS S/A;;;2005-12-30;020982;2007-07-25;Categoria A;2010-01-01;Ativo;2007-07-25;Brasil;Brasil;Emp. Adm. Part. - Const. Civil, Mat. Const. e Decoração;;Fase Operacional;2007-07-25;Privado Holding;;31;12;2009-12-31;www.multiplan.com.br
07.820.907/0001-46;2010-01-01;2;3495;CR2 EMPREENDIMENTOS IMOBILIÁRIOS S/A;;;2006-01-10;020630;2007-04-16;Categoria A;2010-01-01;Ativo;2007-04-16;Brasil;Brasil;Construção Civil, Mat. Constr. e Decoração;Incorporação Imobiliária;Fase Operacional;2007-04-16;Privado;2009-05-27;31;12;;www.cr2.com.br
07.825.881/0001-29;2010-01-01;1;511;ACRUX SECURITIZADORA S/A;;;2006-01-02;020230;2006-08-09;Categoria B;2010-01-01;Ativo;2006-08-09;Brasil;Brasil;Securitização de Recebíveis;;Fase Operacional;2006-08-09;Privado;;31;12;;www.acruxcapital.com
07.857.850/0001-50;2010-01-01;3;3096;GP INVESTMENTS, LTD.;2006-03-09;GP Global, Inc.;2003-10-16;080020;2006-05-30;Categoria A;2010-01-01;Ativo;2006-05-30;Bermudas;Brasil;Emp. Adm. Part. - Sem Setor Principal;Private equity.;Fase Operacional;2003-10-29;Estrangeiro Holding;;31;12;;www.gp-investments.com
07.859.971/0001-30;2010-01-01;3;1080;TRANSMISSORA ALIANÇA DE ENERGIA ELÉTRICA S.A.;2009-11-04;Terna Participações;2006-01-23;020257;2006-09-06;Categoria A;2010-01-01;Ativo;2006-09-06;Brasil;Brasil;Energia Elétrica;Transmissão de Energia;Fase Operacional;2006-09-06;Privado;2009-11-03;31;12;;www.taesa.com.br
07.875.234/0001-21;2010-01-01;5;3861;WTORRE PROPERTIES S.A.;2010-03-26;WTORRE EMPREENDIMENTOS IMOBILIÁRIOS S.A.;2006-01-16;020419;2006-12-29;Categoria A;2010-05-25;Ativo;2006-12-29;Brasil;Brasil;Construção Civil, Mat. Constr. e Decoração;;Fase Operacional;2006-12-29;Privado;;31;12;;www.wtorre.com.br/propreties
07.949.970/0001-87;2010-01-01;1;480;CENTENNIAL ASSET PART. MINAS-RIO S/A;;;2006-04-10;020176;2006-07-19;Categoria A;2010-01-01;Ativo;2006-07-19;Brasil;Brasil;Emp. Adm. Part. - Sem Setor Principal;Participação em outras sociedades;Fase Operacional;2006-07-19;Privado Holding;2008-12-23;31;12;2006-04-10;
07.950.674/0001-04;2010-01-01;1;1337;CENTENNIAL ASSET PART. AMAPA S/A;;;2006-04-10;020184;2006-07-19;Categoria B;2010-01-01;Ativo;2006-07-19;Brasil;Brasil;Emp. Adm. Part. - Extração Mineral;Empresa holding com investimentos em empresas no setor de mineração;Fase Operacional;2006-07-19;Privado Holding;2007-07-12;31;12;;
07.957.093/0001-96;2010-01-01;1;363;OGX PETRÓLEO E GÁS PARTICIPAÇÕES S/A;2007-09-03;CENTENNIAL ASSET PART. CORUMBÁ S.A.;2006-07-19;020168;2006-07-19;Categoria A;2010-01-01;Ativo;2006-07-19;Brasil;Brasil;Emp. Adm. Part. - Petróleo e Gás;Explorar, produzir e comercializar petróleo e seus derivados, gás natural e outros hidrocarbonetos fluidos;Fase Operacional;2006-07-19;Privado;;31;12;2009-12-31;www.ogx.com.br
08.065.557/0001-12;2010-01-01;4;3957;TECNISA S/A;;;2006-05-22;020435;2007-01-09;Categoria A;2010-01-01;Ativo;2007-01-09;Brasil;Brasil;Construção Civil, Mat. Constr. e Decoração;Incorporação, compra e venda de imóveis prontos e a construir a locação e administração de bens imóveis, construção de imóveis e a prestação de serviço de consultoria imobiliaria.;Fase Operacional;2007-01-09;Privado;;31;12;;www.tecnisa.com.br/ri
08.078.847/0001-09;2010-01-01;1;283;LPS BRASIL CONSULTORIA DE IMOVEIS S/A;;;2006-05-22;020370;2006-12-12;Categoria A;2010-01-01;Ativo;2006-12-12;Brasil;Brasil;Emp. Adm. Part. - Const. Civil, Mat. Const. e Decoração;Intermediação na compra, venda, permuta e locação de imóveis ou de direitos e obrigações a eles relativos.;Fase Operacional;2006-12-12;Privado;2010-03-10;31;12;2009-12-31;www.lopes.com.br
08.140.464/0001-05;2010-01-01;1;383;SAFRA COMPANHIA SECURITIZADORA DE CREDITOS IMOBILIARIOS;2006-10-27;Safra Cia. Securitizadora de Créditos Financeiros;2006-06-01;020400;2006-12-20;Categoria B;2010-01-01;Ativo;2006-12-20;Brasil;Brasil;Securitização de Recebíveis;A Companhia tem por objeto social a aquisição e securitização de créditos imobiliários e a emissão e a colocação, no mercado financeiro e de capitais, de Certificado de Recebíveis Imobiliários.;Fase Pré-Operacional;2006-12-20;Privado;;31;12;;www.safrasecuritizadora.com.br
08.253.728/0001-37;2010-01-01;1;184;TFA SECURITIZADORA S/A;;;2006-06-16;020460;2007-01-19;Categoria B;2010-01-01;Ativo;2007-01-19;Brasil;Brasil;Securitização de Recebíveis;Acquisição e securitização de recebíveis imobiliários;Fase Operacional;2008-01-01;Privado;;31;12;;não há
08.262.343/0001-36;2010-01-01;1;390;Marisa Lojas S.A.;2009-11-23;Marisa Lojas Varejistas Ltda;1959-04-28;020761;2007-06-13;Categoria A;2010-01-01;Ativo;2007-06-13;Brasil;Brasil;Comércio (Atacado e Varejo);Comércio varejista de artigos do vestuário e acessórios;Fase Operacional;2007-06-13;Privado;2009-11-23;31;12;;www.marisa.com.br
08.294.224/0001-65;2010-01-01;1;203;JHSF PARTICIPAÇÕES SA;;;2006-06-29;020605;2007-04-04;Categoria A;2010-01-01;Ativo;2007-04-04;Brasil;Brasil;Emp. Adm. Part. - Const. Civil, Mat. Const. e Decoração;Empresa de participações em empresas de incorporação imobiliária, desenvolvimento e exploração de shopping centers e escritórios comerciais e atividade hoteleira;Fase Operacional;2006-06-29;Privado Holding;2006-06-29;31;12;;www.jhsf.com.br
08.312.229/0001-73;2010-01-01;1;1053;EZ TEC EMPREEND. E PARTICIPAÇÕES S/A;;;2006-07-31;020770;2007-06-15;Categoria A;2010-01-01;Ativo;2007-06-15;Brasil;Brasil;Cooperativas;;Fase Operacional;2007-06-15;Privado;;31;12;;www.eztec.com.br/ri
08.324.196/0001-81;2010-01-01;1;350;CIA ENERGÉTICA DO RIO GRANDE DO NORTE;2005-08-08;COMPANHIA DE SERVIÇOS ELÉTRICOS DO RN;1961-12-14;018139;1999-01-04;Categoria A;2010-01-01;Ativo;1999-01-04;Brasil;Brasil;Energia Elétrica;Serviço Público de Distribuição de Energia Elétrica;Fase Operacional;1999-01-04;Privado;2005-11-29;31;12;2009-12-31;www.cosern.com.br
08.343.492/0001-20;2010-01-01;1;255;MRV ENGENHARIA E PARTICIPAÇÕES S/A;;;2006-05-31;020915;2007-07-13;Categoria A;2010-01-01;Ativo;2007-07-13;Brasil;Brasil;Construção Civil, Mat. Constr. e Decoração;Atividades de Incorporação e ConstruçãoAtividades de Logística;Fase Operacional;2007-07-13;Privado;;31;12;;www.mrv.com.br
08.364.948/0001-38;2010-01-01;1;496;ALUPAR INVESTIMENTO S/A;2007-07-11;Alusa Participações S.A.;2006-09-27;021490;2008-06-18;Categoria B;2010-01-01;Ativo;2008-06-18;Brasil;Brasil;Emp. Adm. Part. - Energia Elétrica;a participação em outras sociedades atuantes nos setores de energia e infra-estrutura, no Brasil ou no exterior a geração, transformação, transporte, a distribuiçãoe o comércio de energia.;Fase Operacional;2008-06-18;Privado Holding;2006-09-27;31;12;2009-12-31;www.alupar.com.br
08.402.943/0001-52;2010-01-01;1;1215;GUARARAPES CONFECÇÕES SA;2001-10-30;CONFECÇÕES GUARARAPES S.A.;1956-10-06;004669;1958-10-16;Categoria A;2010-01-01;Ativo;1958-10-16;Brasil;Brasil;Têxtil e Vestuário;Confecções de roupas e tecidos em geral;Fase Operacional;1992-10-20;Privado;2006-10-30;31;12;;www.guararapes.com.br
08.424.178/0001-71;2010-01-01;1;164;TECBLU - TECELAGEM BLUMENAU S/A.;;;1969-06-02;011215;1971-04-28;Categoria A;2010-01-01;Ativo;1971-04-28;;;Têxtil e Vestuário;CONSTITUI OBJETO PRINCIPAL DA SOCIEDADE A INDUSTRIA E O COMERCIO DE PRODUTOS TEXTEIS;Fase Operacional;1971-04-28;Privado;;31;12;;
08.439.659/0001-50;2010-01-01;2;2918;Empresa de Investimento em Energias Renováveis S.A.;2006-10-02;;2006-10-02;020540;2007-03-08;Categoria B;2010-01-01;Ativo;2007-03-08;Brasil;Brasil;Emp. Adm. Part. - Energia Elétrica;Investimento no capital de outras sociedades nas áreas de energia, recursos naturais, infra-estrutura ou de serviços a estas relacionados.;Fase Operacional;2008-10-29;Privado;;31;12;2009-12-31;www.ersabrasil.com.br
08.467.115/0001-00;2010-01-01;3;3991;CIA ESTADUAL DE DISTRIBUIÇÃO DE ENERGIA ELETRICA;;;2006-11-28;020648;2007-04-17;Categoria A;2010-01-01;Ativo;2007-04-17;Brasil;Brasil;Energia Elétrica;Prestação de serviços de natureza pública ou privada, no setor de distribuição de energia elétrica.;Fase Operacional;2007-04-17;Estatal;;31;12;;www.ceee.com.br
08.493.364/0001-62;2010-01-01;2;1747;CIA MINEIRA DE AÇUCAR E ALCOOL PARTICIPAÇÕES;;;2006-11-01;021709;2009-03-04;Categoria B;2010-01-01;Ativo;2009-03-04;Brasil;Brasil;Agricultura (Açúcar, Álcool e Cana);Participação em outras sociedades e/ou companhias que tenham como objeto a produção e/ou a comercialização de açúcar, álcool e/ou outros produtos relacionados, como sócia ou acionista.;Fase Operacional;2010-04-12;Privado;;31;12;2009-02-04;www.cmaa.ind.br (site atualmente em construção)
08.534.605/0001-74;2010-01-01;2;1299;RENOVA ENERGIA S/A;2006-12-19;;2006-12-12;021636;2008-08-20;Categoria A;2010-03-19;Ativo;2008-08-20;Brasil;Brasil;Energia Elétrica;;Fase Operacional;2006-12-06;Privado Holding;;31;12;;www.renovaenergia.com.br
08.560.444/0001-93;2010-01-01;5;2929;COMPANHIA CELG DE PARTICIPAÇÕES;2008-04-30;COMPANHIA GOIÁS DE PARTICIPAÇÕES;2006-12-04;021393;2008-03-14;Categoria A;2010-01-01;Ativo;2008-03-14;Brasil;Brasil;Emp. Adm. Part. - Energia Elétrica;PARTICIPAÇÃO EM OUTRAS SOCIEDADES COMO ACIONISTA OU SÓCIA-COTISTA E, AINDA, A EXPLORAÇÃO DIRETA OU INDIRETA DE SERVIÇOS DE ENERGIA ELÉTRICA;Fase Operacional;2008-03-14;Estatal Holding;;31;12;;www.celg.com.br
08.572.741/0001-59;2010-01-01;1;1280;REP REAL ESTATE PARTNERS DESENV IMOB SA;2007-10-05;REP DI DESENVOLVIMENTO IMOBILIARIO S A;2006-01-01;021539;2008-07-11;Categoria B;2010-01-01;Ativo;2008-07-11;Brasil;Brasil;Emp. Adm. Part. - Arrendamento Mercantil;O desenvolvimento de empreendimentos imobiliarios, a intermediação, compra,venda, locação e soblocação de imóveis comerciais, prontos ou a construir;Fase Operacional;2008-07-11;Privado;2007-11-05;31;12;;www.rep.com.br
08.613.550/0001-98;2010-01-01;1;412;BRASIL BROKERS PARTICIPAÇÕES SA;2007-06-11;Seyhan Participações S.A.;2007-01-16;021180;2007-10-26;Categoria A;2010-01-01;Ativo;2007-10-26;Brasil;Brasil;Emp. Adm. Part. - Const. Civil, Mat. Const. e Decoração;Participação em Sociedades que atuem no setor imobiliário.;Fase Pré-Operacional;2007-10-26;Privado Holding;2007-06-30;31;12;2009-12-31;www.brbrokers.com.br
08.638.269/0001-00;2010-01-01;3;1547;SETIBA PARTICIPAÇÕES S/A;2006-12-11;;2006-12-11;020834;2007-07-02;Categoria A;2010-01-01;Ativo;2007-07-02;Brasil;Brasil;Emp. Adm. Part. - Sem Setor Principal;A Companhia tem por objeto social a participação em outras sociedades, como sócia ou acionista ou em consórcios, no país ou no exterior.;Fase Operacional;2007-07-02;Privado Holding;2008-12-29;31;12;2006-12-11;
08.648.295/0001-19;2010-01-01;2;2662;ALLIS PARTICIPAÇÕES S.A.;2007-07-02;SAGI PARTICIPAÇÕES S.A.;2006-12-26;020850;2007-07-02;Categoria A;2010-01-01;Ativo;2007-07-02;Brasil;Brasil;Emp. Adm. Part. - Sem Setor Principal;Holding Controladora de empresas de prestação de serviços de locação de mão de obra.;Fase Pré-Operacional;2007-07-02;Privado Holding;;31;12;2009-12-31;www.allis.com.br
08.653.753/0001-08;2010-01-01;1;392;BRC SECURITIZADORA SA;;;2007-01-02;020672;2007-04-20;Categoria B;2010-01-01;Ativo;2007-04-20;Brasil;Brasil;Securitização de Recebíveis;Aquisição e securitização de recebíveis imobiliários;Fase Operacional;2007-04-20;Privado;2007-02-01;31;12;;www.brcsecuritizadora.com.br
08.665.255/0001-85;2010-01-01;4;3192;TIG HOLDING LTD.;2009-04-24;Tarpon Investment Group, Ltd.;2007-02-15;080055;2007-05-23;Categoria A;2010-01-01;Ativo;2007-05-23;Bermudas;Brasil;Emp. Adm. Part.-Bolsas de Valores/Mercadorias e Futuros;Realização de investimentos proprietários;Fase Operacional;2007-05-23;Estrangeiro Holding;;31;12;;www.tig.bm
08.684.547/0001-65;2010-01-01;2;1218;MAGNESITA REFRATARIOS S.A.;2008-03-17;RPAR HOLDING S.A;2006-12-11;020842;2007-07-02;Categoria A;2010-01-01;Ativo;2007-07-02;Brasil;Brasil;Extração Mineral;Mineração, produção e comercialização de extensa linha de materiais refratários;Fase Operacional;2008-03-17;Privado;2009-10-30;31;12;2009-12-31;www.grupomagnesita.com.br
08.723.106/0001-25;2010-01-01;1;1561;BHG S.A. - BRAZIL HOSPITALITY GROUP;2010-01-12;INVEST TUR - Desenvolvimento Imobiliário Turístico S.A.;2007-03-14;020907;2007-07-12;Categoria A;2010-01-01;Ativo;2007-07-12;Brasil;Brasil;Emp. Adm. Part. - Hospedagem e Turismo;;Fase Operacional;2007-07-13;Privado;2009-02-18;31;12;;www.bhg.net
08.741.499/0001-08;2010-01-01;4;2872;LLX LOGISTICA SA;;;2007-03-01;021482;2008-06-12;Categoria A;2010-01-01;Ativo;2008-06-12;Brasil;Brasil;Serviços Transporte e Logística;Atuação no setor de Logísitica Portuária.;Fase Pré-Operacional;2008-06-12;Privado;2010-03-01;31;12;;www.llx.com.br
08.764.621/0001-53;2010-01-01;1;217;GENERAL SHOPPING BRASIL SA;2007-05-31;GENERAL SHOPPING S.A;2007-03-06;021008;2007-07-26;Categoria A;2010-01-01;Ativo;2007-07-26;Brasil;Brasil;Emp. Adm. Part. - Sem Setor Principal;Administração de Shopping Centers;Fase Operacional;2007-07-26;Privado Holding;2007-08-30;31;12;2007-03-06;www.generalshopping.com.br
08.769.451/0001-08;2010-01-01;1;1559;IMOWEL SECURITIZADORA;;;2007-03-05;020818;2007-07-02;Categoria B;2010-01-01;Ativo;2007-07-02;Brasil;Brasil;Securitização de Recebíveis;Securitização de recebíveis imobiliários;Fase Pré-Operacional;2007-07-02;Privado;;3;12;;
08.801.621/0001-86;2010-01-01;1;503;CYRELA COMMERCIAL PROPERTIES SA EMP PART;;;2007-04-11;021040;2007-08-01;Categoria A;2010-01-01;Ativo;2007-08-01;Brasil;Brasil;Emp. Adm. Part. - Const. Civil, Mat. Const. e Decoração;Incorporação de empreendimentos imobiliários;Fase Operacional;2007-08-01;Privado;;31;12;;www.ccpsa.com.br
08.807.432/0001-10;2010-01-01;5;3057;ESTACIO PARTICIPAÇÕES SA;;;2007-03-31;021016;2007-07-26;Categoria A;2010-01-01;Ativo;2007-07-26;Brasil;Brasil;Educação;A Estácio Participações S.A e as sociedades de propósito específico por elas controladas desenvolvem, principalmente, atividades de (i) ensino superior nas modalidades presencial e a distância.;Fase Operacional;2007-07-26;Privado;2010-08-31;31;12;;www.estacioparticipacoes.com.br
08.811.643/0001-27;2010-01-01;1;419;TRISUL S/A;;;2007-04-24;021130;2007-10-10;Categoria A;2010-01-01;Ativo;2007-10-10;Brasil;Brasil;Construção Civil, Mat. Constr. e Decoração;Incorporadora e Construtora;Fase Operacional;2007-10-10;Privado;2007-10-15;31;12;;www.trisul-sa.com.br
08.835.366/0001-92;2010-01-01;2;1826;Centennial Asset Participações Açu S.A.;2009-03-31;Centennial Asset Participações Logística S.A.;2007-05-07;021245;2007-12-11;Categoria B;2010-01-01;Ativo;2007-12-11;Brasil;Brasil;Emp. Adm. Part. - Serviços Transporte e Logística;;Fase Operacional;2007-12-11;Estrangeiro Holding;;31;12;;
08.873.873/0001-10;2010-01-01;1;1219;ECORODOVIAS CONCESSÕES E SERVIÇOS S/A;2009-02-03;Ecoporto Participações Ltda.;2008-01-31;021903;2009-12-22;Categoria B;2010-01-01;Ativo;2009-12-22;Brasil;Brasil;Emp. Adm. Part. - Serviços Transporte e Logística;Serviços de apoio administrativo e de engenharia, exploração direta ou indireta de negócios de concessão de obras e serviços públicos;Fase Operacional;2009-12-22;Privado Holding;2009-01-31;31;12;2008-01-31;www.ecorodovias.com.br
08.884.213/0001-35;2010-01-01;2;2832;BANCO PATAGONIA SA;2004-12-31;BANCO PATAGONIA SUDAMERIS SA;1928-09-18;080063;2007-07-09;Categoria A;2010-01-01;Ativo;2007-07-09;Argentina;Brasil;Bancos;Banco Comercial;Fase Operacional;2007-07-09;Estrangeiro;;31;12;;www.bancopatagonia.com.ar
08.887.330/0001-52;2010-01-01;2;1668;COSAN LIMITED;;;2007-04-30;080071;2007-08-15;Categoria A;2010-01-01;Ativo;2007-08-15;Bermudas;Estados Unidos;Agricultura (Açúcar, Álcool e Cana);Fabricação de Açúcar, Etanol e Energia Elétrica a partir da cana-de-açúcar Logística de Açúcar e Distribuição de Combustíveis;Fase Operacional;2007-08-15;Privado;;31;3;2008-07-17;www.cosanlimited.com
08.903.116/0001-42;2010-01-01;3;3434;NOVA SECURITIZAÇÃO S/A;;;2007-05-16;021105;2007-09-11;Categoria B;2010-01-01;Ativo;2007-09-11;Brasil;Brasil;Securitização de Recebíveis;Securitização de Créditos Imobiliários e direitos créditórios do Agragronegócio e emissão e colocação dos Recebíveis junto ao mercado financeiro e de capitais.;Fase Pré-Operacional;2007-09-11;Privado;2008-05-16;31;12;;www.novasec.com.br
08.904.090/0001-57;2010-01-01;3;3875;MATONE SECURITIZADORA S/A;2007-05-21;;2007-05-21;021059;2007-08-17;Categoria B;2010-01-01;Ativo;2007-08-17;Brasil;Brasil;Securitização de Recebíveis;Securitização de créditos imobiliários através da emissão de Certificados de Recebíveis Imobiliários.;Fase Operacional;2007-11-19;Privado;2010-12-10;31;12;2009-12-31;www.matonesecuritizadora.com.br
08.904.552/0001-36;2010-01-01;6;3642;LAEP INVESTMENTS LTD;;LAEP INVESTMENTS LTD;2007-06-20;080098;2007-10-29;Categoria A;2010-01-01;Ativo;2007-10-29;Bermudas;Brasil;Emp. Adm. Part. - Alimentos;Holding de Instituições não financeiras;Fase Operacional;2007-10-29;Estrangeiro Holding;;31;12;;www.laepinvestments.com.br
08.935.054/0001-50;2010-01-01;2;1499;MULTINER S/A;2007-10-31;2010 Geração de Energia e Participações S.A.;2007-05-21;021520;2008-07-10;Categoria B;2010-01-01;Ativo;2008-07-10;Brasil;Brasil;Energia Elétrica;Geração, transmissão e comercialização de energia elétrica e a participação em outras sociedades civis ou comerciais, no país e no exterior, principalmente no setor de energia.;Fase Operacional;2008-07-10;Privado Holding;;31;12;;www.multiner.com.br
08.937.002/0001-13;2010-01-01;1;1013;VISION SECURITIZADORA;;;2007-06-25;021075;2007-08-29;Categoria B;2010-01-01;Ativo;2007-08-29;Brasil;Brasil;Securitização de Recebíveis;Securitização de Créditos Imobiliários.;Fase Pré-Operacional;2007-08-29;Privado;;31;12;;
08.943.312/0001-40;2010-01-01;4;3136;AGRENCO LIMITED;2007-06-26;;2007-06-26;080080;2007-10-22;Categoria A;2010-01-01;Ativo;2007-10-22;Bermudas;Luxemburgo;Emp. Adm. Part. - Agricultura (Açúcar, Álcool e Cana);sob as leis de Bermudas nos é facultado ter um objeto social amplo, assim podemos realizar os atos diretamente ligados ou incidentais à condução de nossos negócios e busca de nossos objetivos.;Fase Operacional;2007-10-22;Estrangeiro Holding;2007-10-05;31;12;2007-06-26;www.agrenco.com.br
09.074.183/0001-64;2010-01-01;2;3529;Transbrasiliana Concessionária de Rodovias S.A.;2007-12-06;Garches Holdings S.A.;2007-07-20;022225;2010-11-05;Categoria B;2010-11-05;Ativo;2010-11-05;Brasil;Não aplicável;Serviços Transporte e Logística;Realização, sob o regime de concessão, mediante cobrança de pedágio, da exploração da infra-estrutura e da prestação de serviços públicos e obras.;Fase Operacional;2008-02-14;Privado;;31;12;;www.transbrasilianasa.com.br
09.095.183/0001-40;2010-01-01;1;453;ENERGISA PARAÍBA - DISTRIBUIDORA DE ENERGIA S/A;2008-04-29;SAELPA - SOCIEDADE ANÔNIMA DE ELETRIFICAÇÃO DA PARAÍBA;1964-02-14;021938;2010-01-29;Categoria B;2010-01-29;Ativo;2010-01-29;Brasil;Brasil;Energia Elétrica;Concessionária de serviço público de distribuição de energia elétrica.;Fase Pré-Operacional;2010-01-29;Privado Holding;2007-01-31;31;12;1964-02-14;www.energisa.com.br
09.112.685/0001-32;2010-01-01;1;313;OSX BRASIL S.A.;2009-10-06;EBX Brasil S.A.;2007-09-03;021342;2008-02-26;Categoria A;2010-03-19;Ativo;2008-02-26;Brasil;Brasil;Petróleo e Gás;Equipamentos e Serviços para a indústria offshore de petróleo e gás natural;Fase Operacional;2008-02-26;Privado Holding;;31;12;;www.osx.com.br
09.116.278/0001-01;2010-01-01;1;254;CONPEL - CIA. NORDESTINA DE PAPEL;;;1971-04-16;004685;1977-07-20;Categoria A;2010-01-01;Ativo;1977-07-20;Brasil;Brasil;Embalagens;Fabricação de embalagens de papel;Fase Operacional;1977-07-20;Privado;1999-05-31;31;12;;www.conpel.com.br
09.123.654/0001-87;2010-01-01;2;3511;CIA DE AGUA E ESGOTO DA PARAIBA;1966-12-31;CIA DE ÁGUA E ESGOTOS DA PARAÍBA;1966-12-31;019968;2006-02-17;Categoria B;2010-01-01;Ativo;2006-02-17;Brasil;Brasil;Saneamento, Serv. Água e Gás;Captação, Tratamento, e Distribuição de Àgua e Tratamento de Esgotos.;Fase Operacional;2006-02-17;Estatal;2009-02-05;31;12;2009-12-31;www.cagepa.pb.gov.br
09.140.181/0001-26;2010-01-01;3;1996;MOENA PARTICIPAÇÕES S/A;2007-06-11;;2007-06-11;021253;2007-12-24;Categoria A;2010-01-01;Ativo;2007-12-24;Brasil;Brasil;Emp. Adm. Part. - Educação;Objetivo é a participação em outras sociedades, como sócia ou acionista ou em consórcio, no país ou no exterior.;Fase Operacional;2007-12-24;Estrangeiro Holding;2008-05-29;31;12;2007-06-11;
09.149.503/0001-06;2010-01-01;2;3069;Omega Energia Renovável S.A.;2008-01-24;Green Metal Participações Ltda.;2007-09-26;022110;2010-07-29;Categoria B;2010-07-29;Ativo;2010-07-29;Brasil;A companhia não possui valores mobiliários sob custódia.;Emp. Adm. Part. - Energia Elétrica;Investimento no capital de outras sociedades nos setores de energia, recursos naturais, infra-estrutura, ou serviços a estas relacionados.;Fase Operacional;2010-07-29;Privado;;31;12;;www.omegaenergia.com.br
09.191.251/0001-75;2010-01-01;1;246;MONTICIANO PARTICIPAÇÕES S/A;;;2007-06-11;021261;2007-12-24;Categoria A;2010-01-01;Ativo;2007-12-24;Brasil;Brasil;Emp. Adm. Part. - Alimentos;A Companhia tem por objeto social a participação em outras sociedades, como sócia ou acionista ou em consórcios, no país ou no exterior .;Fase Operacional;2007-12-24;Estrangeiro Holding;2008-04-11;31;12;2007-06-11;
09.257.877/0001-37;2010-01-01;1;131;FERROVIA NORTE SUL S/A;;;2007-12-14;021814;2009-11-24;Categoria B;2010-01-01;Ativo;2009-11-24;Brasil;Brasil;Serviços Transporte e Logística;Empresa de logística e transporte ferroviário de carga, sob o regime de subconcessão.;Fase Operacional;2009-11-24;Privado;2009-06-04;31;12;;
09.304.427/0001-58;2010-01-01;1;3624;HABITASEC SECURITIZADORA SA;2007-12-19;;2007-12-19;021628;2008-08-19;Categoria B;2010-01-01;Ativo;2008-08-19;Brasil;Brasil;Securitização de Recebíveis;Aquisição e securitização de créditos imobiliários;Fase Pré-Operacional;2008-08-19;Privado;;31;12;;www.habitasec.com.br
09.313.969/0001-97;2010-01-01;1;140;Autopista Litoral Sul S.A.;;;2007-12-19;021997;2010-03-29;Categoria B;2010-03-29;Ativo;2010-03-29;Brasil;Brasil;Serviços Transporte e Logística;Concessionária de Rodovias;Fase Operacional;2010-03-29;Privado Holding;;31;12;;www.autopistalitoralsul.com.br
09.324.949/0001-11;2010-01-01;1;141;AUTOPISTA FLUMINENSE S.A.;;;2007-12-19;022004;2010-03-29;Categoria B;2010-03-29;Ativo;2010-03-29;Brasil;Brasil;Serviços Transporte e Logística;Concessão de Rodovias;Fase Operacional;2010-03-29;Privado Holding;2007-12-19;31;12;;www.autopistafluminense.com.br
09.325.109/0001-73;2010-01-01;1;139;AUTOPISTA PLANALTO SUL S/A;;;2007-12-19;021970;2010-03-29;Categoria B;2010-03-29;Ativo;2010-03-29;Brasil;Brasil;Serviços Transporte e Logística;Concessionária de Rodovia;Fase Operacional;2008-12-19;Privado Holding;;31;12;;www.autopistaplanaltosul.com.br
09.326.342/0001-70;2010-01-01;1;150;AUTOPISTA FERNAO DIAS S/A;;;2007-12-19;021989;2010-03-29;Categoria B;2010-03-29;Ativo;2010-03-29;Brasil;Brasil;Serviços Transporte e Logística;Concessionária de Rodovias, pontes, túneis e serviçios relacionados;Fase Operacional;2010-03-29;Privado Holding;;31;12;;www.autopistafernao.com.br
09.336.431/0001-06;2010-01-01;1;133;Autopista Régis BIttencourt S/A;;;2007-12-19;021962;2010-03-29;Categoria B;2010-03-29;Ativo;2010-03-29;Brasil;Brasil;Serviços Transporte e Logística;Concessionária de rodovias;Fase Operacional;2010-03-29;Privado Holding;;31;12;;www.autopistaregis.com.br
09.337.210/0001-44;2010-01-01;2;3548;FAE ADM. E PARTICIPAÇÕES SA;;;2007-11-23;021660;2008-10-15;Categoria A;2010-01-01;Ativo;2008-10-15;Brasil;Brasil;Construção Civil, Mat. Constr. e Decoração;;Fase Operacional;2008-10-15;Privado;;31;12;;
09.346.601/0001-25;2010-01-01;3;1585;BM&F BOVESPA S/A - BOLSA DE VALORES, MERCADORIAS E FUTUROS;2008-05-08;Nova Bolsa S.A.;2007-12-14;021610;2008-08-11;Categoria A;2010-01-01;Ativo;2008-08-11;Brasil;Brasil;Bolsas de Valores/Mercadorias e Futuros;A BM&FBOVESPA tem como principais objetivos administrar mercados organizados de títulos, valores mobiliários e contratos derivativos.;Fase Operacional;2008-08-11;Privado;;31;12;;http://www.bmfbovespa.com.br
09.347.916/0001-97;2010-01-01;1;3516;KAROON PETRÓLEO & GÁS S.A.;2010-08-31;KAROON PETRÓLEO & GÁS LTDA.;2008-01-28;022241;2010-11-09;Categoria A;2010-11-09;Ativo;2010-11-09;Brasil;Brasil;Petróleo e Gás;Exploração e produção de hidrocarbonetos mediante extração, venda ou qualquer outra forma de utilização e manuseio de hidrocarbonetos e a realização de quaisquer outras atividades incidentais.;Fase Pré-Operacional;;Estrangeiro;;31;12;;www.karoonbrasil.com.br
09.358.105/0001-91;2010-01-01;2;4013;CETIP S.A. - BALCÃO ORGANIZADO DE ATIVOS E DERIVATIVOS;2008-04-14;Forficata Participações S.A.;2008-01-29;021792;2009-10-26;Categoria A;2010-01-01;Ativo;2009-10-26;Brasil;Brasil;Intermediação Financeira;Sociedade administradora de mercados de balcão organizados.;Fase Operacional;2008-07-01;Privado;;31;12;;www.cetip.com.br
09.400.937/0001-29;2010-01-01;1;247;BERNA PARTICIPAÇÕES SA;2007-12-29;;2007-12-29;021563;2008-07-31;Categoria A;2010-01-01;Ativo;2008-07-31;Brasil;Brasil;Emp. Adm. Part. - Sem Setor Principal;A Companhia tem por objeto social a participação em outras sociedades, como sócia ou acionista ou em consórcios, no país ou no exterior.;Fase Pré-Operacional;2008-07-31;Privado Holding;2007-12-29;31;12;2007-12-29;
09.439.783/0001-89;2010-01-01;1;1709;ÁQUILLA SECURITIZADORA SA;;;2008-01-14;021512;2008-06-24;Categoria B;2010-01-01;Ativo;2008-06-24;Brasil;Brasil;Securitização de Recebíveis;Securitizadora de Recebíveis Imobiliários;Fase Pré-Operacional;2008-06-24;Privado;2008-01-14;31;12;2008-01-14;www.aquillacorp.com.br
09.462.140/0001-56;2010-01-01;1;251;BASEL PARTICIPAÇÕES S/A;2007-12-29;;2007-12-29;021601;2008-08-07;Categoria A;2010-01-01;Ativo;2008-08-07;Brasil;Brasil;Emp. Adm. Part. - Sem Setor Principal;A Companhia tem por objeto social a participação em outras sociedades, como sócia ou acionista ou em consórcios, no país ou no exterior.;Fase Pré-Operacional;2008-08-07;Privado Holding;2007-12-29;31;12;2007-12-29;
09.462.850/0001-86;2010-01-01;3;3829;Copacabana Prince Participações S.A.;2010-11-23;Banjul Participações S.A.;2007-12-29;021598;2008-08-07;Categoria A;2010-01-01;Ativo;2008-08-07;Brasil;Brasil;Emp. Adm. Part. - Sem Setor Principal;A Companhia tem por objeto social a participação em outras sociedades, como sócia ou acionista ou em consórcios, no país ou no exterior.;Fase Pré-Operacional;2008-08-07;Privado Holding;2010-11-23;31;12;2007-12-29;
09.462.852/0001-75;2010-01-01;1;90;BALADARE PARTICIPAÇÕES S/A;2007-12-29;;2007-12-29;021571;2008-07-31;Categoria A;2010-01-01;Ativo;2008-07-31;Brasil;Brasil;Emp. Adm. Part. - Sem Setor Principal;Tem por objetivo a participação em outras sociedades, como sócia ou acionista ou em consórcio, no país ou no exterior. A companhia possui participação societária na Imbra S.A.;Fase Pré-Operacional;2008-07-31;Estrangeiro Holding;2009-04-15;31;12;2009-12-31;
09.462.890/0001-28;2010-01-01;1;249;BELMONTE PARTICIPAÇÕES SA;2007-12-29;;2007-12-29;021580;2008-07-31;Categoria A;2010-01-01;Ativo;2008-07-31;Brasil;Brasil;Emp. Adm. Part. - Sem Setor Principal;A Companhia tem por objeto social a participação em outras sociedades, como sócia ou acionista ou em consórcios, no país ou no exterior.;Fase Pré-Operacional;2008-07-31;Privado Holding;2007-12-29;31;12;2007-12-29;
09.538.973/0001-53;2010-01-01;2;2876;PDG COMPANHIA SECURITIZADORA;2008-08-05;ZMF 25 INCORPORAÇÕES S/A;2008-03-10;021644;2008-10-03;Categoria B;2010-01-01;Ativo;2008-10-03;Brasil;Brasil;Securitização de Recebíveis;Securitização de Créditos Imobiliários;Fase Operacional;2009-07-10;Privado;;31;12;;www.pdgrealty.com.br
09.594.796/0001-22;2010-01-01;1;236;AGV HOLDING S/A;2008-10-23;Xylander Empreendimentos e Participações Ltda;2008-05-27;021806;2009-11-05;Categoria B;2010-01-01;Ativo;2009-11-05;Brasil;Brasil;Emp. Adm. Part. - Serviços Transporte e Logística;;Fase Operacional;2009-11-05;Privado Holding;2010-04-01;31;12;;
09.601.322/0001-60;2010-01-01;2;1296;CTX PARTICIPAÇÕES S/A;;;2008-04-25;021652;2008-10-09;Categoria B;2010-01-01;Ativo;2008-10-09;Brasil;Brasil;Emp. Adm. Part. - Sem Setor Principal;Administração e Participação;Fase Operacional;2008-10-09;Privado;2009-07-03;31;12;2009-12-31;
10.242.478/0001-81;2010-01-01;2;4027;INVITEL LEGACY S.A.;;;2008-07-23;021687;2008-11-11;Categoria B;2010-01-01;Ativo;2008-11-11;Brasil;Brasil;Emp. Adm. Part. - Sem Setor Principal;Gestão dos direitos e obrigações assumidos por Zain, Invitel e Techold no âmbito dos contratos firmados com sociedades do grupo Telecom Italia em 2007. Participação em outras sociedades.;Fase Operacional;2008-11-11;Privado Holding;2008-07-31;31;12;;http://invitellegacy.mzweb.com.br
10.302.690/0001-97;2010-01-01;1;1398;NEXFUEL BIOENERGIA S/A;2008-12-22;Haroue Participações Ltda.;2008-08-19;022063;2010-06-24;Categoria B;2010-06-24;Ativo;2010-06-24;Brasil;Brasil;Agricultura (Açúcar, Álcool e Cana);Desenvolvimento de projetos relacionados à produção de etanol e energia.;Fase Pré-Operacional;2010-06-24;Privado;2008-12-22;31;12;;www.nexfuel.com.br
10.324.624/0001-18;2010-01-01;1;3233;CONCESSÃO METROVIÁRIA DO RIO DE JANEIRO S.A.;2009-11-30;MEGAPAR PARTICIPAÇÕES S.A.;2008-08-20;022144;2010-09-20;Categoria B;2010-09-20;Ativo;2010-09-20;Brasil;Brasil;Serviços Transporte e Logística;Prestação de serviços de transporte metroviário no Rio de Janeiro/atividades correlatas/participação no capital de outras sociedades.;Fase Operacional;2009-11-30;Privado Holding;;31;12;;www.metrorio.com.br
10.337.440/0001-92;2010-01-01;3;3451;NSG CAPITAL SECURITIZADORA S/A;;;2008-08-20;021695;2008-12-22;Categoria B;2010-01-01;Ativo;2008-12-22;Brasil;Brasil;Intermediação Financeira;SECURITIZAÇÃO DE CRÉDITOS;Fase Pré-Operacional;2008-12-22;Privado;;31;12;2009-12-31;
10.338.320/0001-00;2010-01-01;2;3428;Afluente Transmissão de Energia Elétrica S.A.;2009-09-22;Imanisse Participações S.A.;2008-08-18;022179;2010-09-24;Categoria A;2010-09-24;Ativo;2010-09-24;Brasil;Brasil;Energia Elétrica;Transmissão de Energia Elétrica;Fase Operacional;2009-12-29;Privado Holding;;31;12;;www.neoenergia.com/ri
10.345.009/0001-98;2010-01-01;2;1959;STEEL DO BRASIL PARTICIPAÇÕES S/A;;;2008-08-18;021725;2009-06-24;Categoria A;2010-01-01;Ativo;2009-06-24;Brasil;Brasil;Emp. Adm. Part. - Extração Mineral;Administração de participações societárias e mineração;Fase Pré-Operacional;2009-06-24;Estrangeiro Holding;;31;12;;www.steeldobrasil.com.br
10.382.341/0001-22;2010-01-01;2;3948;Metropolis Empreendimentos Imobiliários S.A.;2010-02-02;Metropolis Capital Markets Brasil Participações Ltda.;2008-09-10;022047;2010-06-04;Categoria A;2010-06-04;Ativo;2010-06-04;Brasil;Brasil;Emp. Adm. Part. - Const. Civil, Mat. Const. e Decoração;Trata-se de companhia de participações que pretende investir no setor imobiliário;Fase Pré-Operacional;2008-09-10;Estrangeiro Holding;;31;12;;www.metropolisempreendimentos.com.br
10.488.244/0001-19;2010-01-01;1;3147;INFRASEC SECURITIZADORA S/A;;;2008-10-26;021750;2009-09-22;Categoria B;2010-01-01;Ativo;2009-09-22;Brasil;Brasil;Securitização de Recebíveis;Securitizacao de Creditos;Fase Pré-Operacional;2009-09-22;Privado;2008-10-27;31;12;2009-01-01;www.infrasec.com.br
10.531.501/0001-58;2010-01-01;1;3733;Concessionária Auto Raposo Tavares S.A.;;;2008-11-12;022268;2010-11-22;Categoria B;2010-11-22;Ativo;2010-11-22;Brasil;Brasil;Serviços Transporte e Logística;Concessionária de rodovias.;Fase Operacional;2010-11-22;Privado Holding;;31;12;;www.cart.invepar.com.br
10.608.405/0001-60;2010-01-01;1;519;ASTER SECURITIZADORA SA;2008-10-28;;2008-10-28;021920;2009-12-29;Categoria B;2010-01-01;Ativo;2009-12-29;Brasil;Brasil;Securitização de Recebíveis;Aquisição e securitização de recebíveis imobiliários, emissão e colocação no mercado financeiro de Certificados de Recebíveis Imobiliários ou qualquer título de crédito que seja compatível.;Fase Pré-Operacional;2009-12-29;Privado;2008-10-28;31;12;2008-10-28;www.aster.com.br
10.629.105/0001-68;2010-01-01;1;3338;HRT Participações em Petróleo S.A.;2009-07-17;BN 16 Participações Ltda.;2008-10-13;022187;2010-10-21;Categoria A;2010-10-21;Ativo;2010-10-21;Brasil;Brasil;Emp. Adm. Part. - Petróleo e Gás;Constitui objeto da Companhia a participação em outras sociedades como sócia, acionista ou quotista, independentemente de sua atividade.;Fase Pré-Operacional;2010-10-21;Privado Holding;;31;12;;www.hrt.com.br
10.647.979/0001-48;2010-01-01;2;2112;CONCESSIONÁRIA ROTA DAS BANDEIRAS S/A;;;2009-02-09;022071;2010-06-30;Categoria B;2010-06-30;Ativo;2010-06-30;Brasil;Brasil;Serviços Transporte e Logística;Exploração, sob o regime de concessão, do sistema rodoviário constituído pela malha rodoviária estadual do Corredor Dom Pedro I;Fase Operacional;2010-06-30;Privado Holding;;31;12;;www.rotadasbandeiras.com.br
10.661.519/0001-74;2010-01-01;1;1345;FRAME SECURITIZADORA S/A;;;2009-01-19;021873;2009-12-14;Categoria B;2010-01-01;Ativo;2009-12-14;Brasil;Brasil;Securitização de Recebíveis;Securitização de Recebíveis;Fase Pré-Operacional;2009-12-14;Privado;;31;12;;www.framecapital.com.br
10.753.164/0001-43;2010-01-01;1;1830;ECO. SEC. DTOS. CREDIT. AGRONEGÓCIOS S/A;;;2009-04-02;021741;2009-07-15;Categoria B;2010-01-01;Ativo;2009-07-15;Brasil;Brasil;Securitização de Recebíveis;Aquisição de quaisquer direitos creditorios do agronegocio com a consequente emissão de Certificados de Recebiveis do Agronegocio no mercado financeiro e de capitais;Fase Pré-Operacional;2009-07-15;Privado;;31;12;;www.ecoagro.agr.br
10.826.798/0001-89;2010-01-01;3;3378;CASUAL DINING PARTICIPAÇÕES S/A;2009-10-07;AVEIRO PARTICIPAÇÕES S/A;2009-05-12;021865;2009-12-11;Categoria B;2010-01-01;Ativo;2009-12-11;Brasil;Brasil;Emp. Adm. Part. - Comércio (Atacado e Varejo);PARTICIPAÇÕES EM OUTRAS EMPRESAS.;Fase Pré-Operacional;2009-12-11;Privado;2009-10-07;31;12;;
10.835.932/0001-08;2010-01-01;1;364;CIA ENERGÉTICA DE PERNAMBUCO - CELPE;2003-08-12;COMPANHIA ENERGÉTICA DE PERNAMBUCO;1965-02-10;014362;1994-04-29;Categoria A;2010-01-01;Ativo;1994-04-29;Brasil;Brasil;Energia Elétrica;estudar, projetar, construir e explorar os sistemas de distribuição e comercialização aos consumidores finais de energia elétrica, bem como a geraçãa de energia elétrica em sistema isolado.;Fase Operacional;1994-04-29;Privado Holding;1997-07-31;31;12;;www.celpe.com.br
10.846.981/0001-46;2010-01-01;6;3787;PortX Operações Portuárias S.A.;2010-10-21;CENTENNIAL ASSET PARTICIPAÇÕES SUDESTE S/A;2009-03-31;021776;2009-09-25;Categoria A;2010-05-05;Ativo;2009-09-25;Brasil;Brasil;Emp. Adm. Part. - Serviços Transporte e Logística;;Fase Operacional;2009-09-25;Privado;2010-10-21;31;12;2009-12-31;www.xportx.com.br
10.847.761/0001-37;2010-01-01;3;1828;EBX Brasil S.A.;2009-12-23;CENTENNIAL ASSET PARTICIPAÇÕES BRASIL SA;2009-03-31;021784;2009-10-08;Categoria B;2010-01-01;Ativo;2009-10-08;Brasil;Brasil;Emp. Adm. Part. - Serviços Transporte e Logística;;Fase Pré-Operacional;2009-10-08;Estatal Holding;;31;12;;www.ebxbrasil.com.br (em construção)
10.894.123/0001-77;2010-01-01;2;2392;BOLERO PARTICIPAÇÕES S/A;2010-04-07;BOLERO CONSULTORIA E PARTICIPAÇÕES S.A.;2009-04-23;022039;2010-05-27;Categoria B;2010-05-27;Ativo;2010-05-27;Brasil;não se aplica;Emp. Adm. Part. - Sem Setor Principal;A Companhia foi constituída em 2009 e tem por objeto exclusivo a participação, como sócia ou acionista, em outras empresas e sociedades (holding pura).;Fase Pré-Operacional;2010-05-27;Privado;;31;12;;www.boleropar.com.br
11.040.082/0001-14;2010-01-01;1;543;AGRE EMPREENDIMENTOS IMOBILIÁRIOS SA;2009-10-05;BREVILLE EMPREENDIMENTOS E PARTICIPAÇÕES S.A.;2009-08-05;021911;2009-12-22;Categoria A;2010-01-01;Ativo;2009-12-22;Brasil;Brasil;Construção Civil, Mat. Constr. e Decoração;Deter participação societária em sociedades cujo objeto esteja relacionado ao mercado imobiliário;Fase Operacional;2009-12-22;Privado;;31;5;;http://www.grupoagre.com.br/ri/
11.094.546/0001-75;2010-01-01;1;376;MULTIPLUS SA;2009-10-28;Q.X.A.S.P.E. Empreendimentos e Participações S.A.;2009-08-06;021946;2010-02-03;Categoria A;2010-02-03;Ativo;2010-02-03;Brasil;Brasil;Comércio (Atacado e Varejo);O Multiplus atua com o conceito de rede de empresas e programas de fidelização. Por meio desta rede, os consumidores podem acumular e resgatar pontos nos estabelecimentos parceiros.;Fase Operacional;2010-02-03;Privado;2010-01-15;31;12;;www.multiplusfidelidade.com.br
11.197.023/0001-54;2010-01-01;3;2937;AQUA-RIO S.A.;2010-04-28;Aqua-Rio SPE S.A.;2009-07-08;022101;2010-07-26;Categoria B;2010-07-26;Ativo;2010-07-26;Brasil;Brasil;Brinquedos e Lazer;A Companhia tem por objeto a viabilização, construção e gestão do Museu Aquário Marinho do Rio de Janeiro.;Fase Pré-Operacional;2010-07-26;Privado;2010-08-26;31;12;2009-07-08;www.aqua-rio.org.br
11.274.829/0001-07;2010-01-01;3;3487;Companhia Paulista de Securitização;;;2009-10-15;022080;2010-07-20;Categoria B;2010-07-20;Ativo;2010-07-20;Brasil;Brasil;Securitização de Recebíveis;Aquisição de direitos creditórios e estruturação e implementação de operações que envolvam a emissão de valores mobiliários, tais como debêntures, de emissão pública ou privada.;Fase Pré-Operacional;2009-10-15;Estatal;;31;12;;em construção
11.306.912/0001-02;2010-01-01;1;3181;POTHENCIA S/A - REFLORESTADORA;;;2009-11-05;022152;2010-09-21;Categoria B;2010-09-21;Ativo;2010-09-21;Brasil;Brasil;Reflorestamento;A atividade agroindustrial de florestamento e reflorestamento com a utilização de espécies nativas e exóticas.;Fase Pré-Operacional;2010-09-21;Privado;;31;12;;www.pothencia.com.br
11.396.633/0001-87;2010-01-01;1;736;3A COMPANHIA SECURITIZADORA;;;2009-11-03;021954;2010-03-08;Categoria B;2010-03-08;Ativo;2010-03-08;Brasil;Brasil;Securitização de Recebíveis;Securitização de recebíveis imobiliários;Fase Pré-Operacional;2009-11-03;Privado;2009-11-03;31;12;;
11.423.623/0001-93;2010-01-01;2;1091;Dufry AG;2005-11-17;Sintres Holding AG;2003-11-03;080110;2010-03-31;Categoria A;2010-03-31;Ativo;2010-03-31;Suíça;Suíça;Emp. Adm. Part. - Comércio (Atacado e Varejo);Adquirir, deter, administrar continuamente, vender e financiar participações em companhias de todos os tipos na Suíça e no exterior.;Fase Operacional;2003-11-03;Estrangeiro Holding;;31;12;;www.dufry.com
11.566.501/0001-56;2010-01-01;2;2084;Tereos Internacional S.A.;2010-03-29;Tereos Participações Ltda.;2010-02-02;022136;2010-08-11;Categoria A;2010-08-11;Ativo;2010-08-11;Brasil;Brasil;Alimentos;Gestão de participações societárias ou a exploração de atividades relacionadas ao plantio da cana-de-açúcar, e produção, comércio, distribuição, importação, exportação de seus derivados.;Fase Operacional;2010-08-11;Estrangeiro Holding;2010-03-29;31;3;2010-05-18;www.tereosinternacional.com
11.721.921/0001-60;2010-01-01;2;3755;Brasil Insurance Participações e Administração S.A.;2010-03-10;Não aplicável;2010-03-10;022217;2010-10-28;Categoria A;2010-10-28;Ativo;2010-10-28;Brasil;Brasil;Emp. Adm. Part. - Seguradoras e Corretoras;Participação em sociedades corretoras de seguros;Fase Pré-Operacional;2010-10-28;Privado;2010-03-27;31;12;2010-03-27;www.brasilinsurance.com.br
11.818.783/0001-31;2010-01-01;1;1880;CERVEJASONLINE PARTICIPAÇÕES S/A;2010-01-21;;2010-01-21;022098;2010-07-21;Categoria A;2010-07-21;Ativo;2010-07-21;Brasil;Brasil;Bebidas e Fumo;Participação no capital de outras sociedades, inclusive em sociedades distribuidoras e/ou atacadistas de vinhos, cervejas ou demais bebidas alcoólicas ou não-alcoólicas em geral.;Fase Pré-Operacional;2010-07-21;Privado Holding;2010-01-21;31;12;2010-01-21;www.cervejasonline.com.br
11.858.621/0001-27;2010-01-01;1;3908;MCM Cimentos S.A.;;;2010-02-18;022284;2010-12-16;Categoria A;2010-12-16;Ativo;2010-12-16;Brasil;Brasil;Construção Civil, Mat. Constr. e Decoração;Companhia de participações ("holding"), em fase pré-operacional, que pretende realizar investimentos em outras sociedades, especialmente as relacionadas com minas de calcário, cimento e derivados.;Fase Pré-Operacional;2010-12-16;Privado Holding;;31;12;2010-02-18;www.mcmcimentos.com.br
11.995.745/0001-54;2010-01-01;1;3506;Ropasc Participações S.A.;;;2010-03-02;022195;2010-10-22;Categoria B;2010-10-22;Ativo;2010-10-22;Brasil;Brasil;Emp. Adm. Part. - Sem Setor Principal;Participação em outras companhias;Fase Pré-Operacional;2010-03-02;Privado Holding;;31;12;;www.ropasc.com.br
11.995.753/0001-09;2010-01-01;1;3504;Pascro Participações S.A.;2010-03-02;;2010-03-02;022209;2010-10-22;Categoria B;2010-10-22;Ativo;2010-10-22;Brasil;Brasil;Emp. Adm. Part. - Sem Setor Principal;Participação em outras companhias;Fase Pré-Operacional;2010-03-02;Privado Holding;2010-03-02;31;12;2010-03-02;www.pascro.com.br
12.126.500/0001-53;2010-01-01;1;1865;Redentor Energia S.A.;;;2010-04-29;022128;2010-08-06;Categoria A;2010-08-06;Ativo;2010-08-06;Brasil;Brasil;Energia Elétrica;Companhia holding com atuação no setor elétrico;Fase Operacional;2010-08-06;Privado Holding;;31;12;;www.equatorialenergia.com.br
12.130.744/0001-00;2010-01-01;1;3646;Portfolio Securitizadora S.A.;;;2010-05-28;022276;2010-11-25;Categoria B;2010-11-25;Ativo;2010-11-25;Brasil;Brasil;Securitização de Recebíveis;(i) a aquisição e securitização de créditos imobiliários (ii) a emissão e colocação, no mercado financeiro, de Certificados de Recebíveis Imobiliários ("CRI's");Fase Pré-Operacional;2010-11-25;Privado;;31;12;2010-05-28;
12.261.588/0001-16;2010-01-01;1;3075;Polo Capital Securitizadora S.A.;2010-05-31;;2010-05-31;022160;2010-09-22;Categoria B;2010-09-22;Ativo;2010-09-22;Brasil;Brasil;Securitização de Recebíveis;Aquisição e securitização de créditos imobiliários e hipotecários Prestação de serviços referentes a operações nos mercados secundários Emissão de Certificados de Recebíveis Imobiliários;Fase Pré-Operacional;2010-05-31;Privado;2010-05-31;31;12;2010-05-31;www.polocapital.com
12.320.349/0001-90;2010-01-01;1;3528;BRASIL AGROSEC COMPANHIA SECURITIZADORA;2010-08-05;ARP PARTICIPAÇÕES LTDA.;2010-06-30;022250;2010-11-10;Categoria B;2010-11-10;Ativo;2010-11-10;Brasil;Brasil;Agricultura (Açúcar, Álcool e Cana);(i) a aquisição e securitização de direitos creditórios do agronegócio, com a consequente emissão e colocação dos CRAs nos mercados financeiros e de capitais.;Fase Operacional;2010-11-10;Privado;;31;12;2010-12-31;www.brasilagrosec.com.br
12.498.904/0001-78;2010-01-01;1;3999;CÁSPIO PARTICIPAÇÕES S.A.;2010-09-15;SDG5 Participações S.A.;2010-06-09;022314;2010-12-23;Categoria B;2010-12-23;Ativo;2010-12-23;Brasil;Brasil;Emp. Adm. Part. - Sem Setor Principal;A Companhia tem por objeto exclusivo a participação, como sócia ou acionista, em outras empresas e sociedades (holding pura).;Fase Operacional;2010-06-09;Privado Holding;;31;12;;
12.499.618/0001-27;2010-01-01;1;4001;VOSTOK PARTICIPAÇÕES S.A.;2010-09-15;SDG3 PARTICIPAÇÕES S.A.;2010-06-09;022322;2010-12-23;Categoria B;2010-12-23;Ativo;2010-12-23;Brasil;Brasil;Emp. Adm. Part. - Sem Setor Principal;A Companhia tem por objeto exclusivo a participação, como sócia ou acionista, em outras empresas e sociedades (holding pura).;Fase Operacional;2010-06-09;Privado Holding;;31;12;;
12.610.764/0001-88;2010-01-01;1;3499;Plural Capital Securitizadora S.A.;2010-08-18;;2010-08-18;022233;2010-11-09;Categoria B;2010-11-09;Ativo;2010-11-09;Brasil;Brasil;Securitização de Recebíveis;Aquisição e securitização de créditos imobiliários e hipotecários Prestação de serviços referentes a operações nos mercados secundários Emissão de Certificados de Recebíveis Imobiliários.;Fase Pré-Operacional;;Privado Holding;2010-08-18;31;12;2010-08-18;www.pluralcapital.com
13.009.717/0001-46;2010-01-01;2;216;BANCO ESTADO SERGIPE S/A;1967-06-12;Banco de Fomento Econômico do Estado de Sergipe S/A.;1963-06-18;001120;1977-07-20;Categoria A;2010-01-01;Ativo;1977-07-20;Brasil;Brasil;Bancos;;Fase Operacional;1964-01-02;Estatal;;31;12;;www.banese.com.br
13.017.462/0001-63;2010-01-01;2;1288;ENERGISA SERGIPE - DISTRIBUIDORA DE ENERGIA S/A;2008-04-29;EMPRESA ENERGÉTICA DE SERGIPE S/A - ENERGIPE;1959-06-03;018996;2001-07-17;Categoria A;2010-01-01;Ativo;2001-07-17;Brasil;Brasil;Energia Elétrica;Concessionária de serviço público de distribuição de energia elétrica.;Fase Operacional;2001-07-17;Privado Holding;2006-12-31;31;12;1959-06-03;www.energisa.com.br
13.552.070/0001-02;2010-01-01;1;272;PRONOR PETROQUÍMICA SA;1983-02-18;PRONOR PRODUTOS ORGÂNICOS S.A.;1973-02-19;009784;1976-12-23;Categoria A;2010-01-01;Ativo;1976-12-23;Brasil;Brasil;Emp. Adm. Part. - Embalagens;Produção e comercialização de embalagens plásticas através de empresas controladas.;Fase Operacional;1976-12-23;Privado Holding;2005-01-20;31;12;2010-01-01;
13.608.583/0001-80;2010-01-01;1;291;QGN PARTICIPAÇÕES SA;;;1971-08-12;009857;1982-07-29;Categoria A;2010-01-01;Ativo;1982-07-29;Brasil;Brasil;Emp. Adm. Part. - Extração Mineral;Fabricação, importação, comercialização e exportação de produtos químicos e minerais.;Fase Operacional;1982-07-29;Privado Holding;1997-06-03;31;12;2009-12-31;
13.788.120/0001-47;2010-01-01;2;1065;ELEKEIROZ S/A;2003-07-31;Ciquine Companhia Petroquímica;1969-07-10;004359;1971-08-18;Categoria A;2010-01-01;Ativo;1971-08-18;Brasil;Brasil;Petroquímicos e Borracha;Industrialização e comercialização de produtos químicos;Fase Operacional;1971-08-18;Privado;2002-05-08;31;12;;www.elekeiroz.com.br
14.308.514/0001-13;2010-01-01;2;4011;PARTICIPAÇÕES INDUSTRIAIS DO NORDESTE S.A.;2002-04-30;BBM PARTICIPAÇÕES S.A.;1976-10-26;001597;1983-12-12;Categoria A;2010-01-01;Ativo;1983-12-12;Brasil;Brasil;Emp. Adm. Part. - Sem Setor Principal;Participação no capital de outras sociedades e prestação de serviços.;Fase Operacional;1983-12-12;Privado Holding;;31;12;;www.pin.com.br
14.388.334/0001-99;2010-01-01;2;980;PARANA BANCO S.A.;1989-08-28;PARANA FINANCEIRA S.A - CFI.;1977-04-25;020729;2007-06-11;Categoria A;2010-01-01;Ativo;2007-06-11;Brasil;Brasil;Bancos;Banco multiplo com carteira de crédito, financiamento e investimentos.;Fase Operacional;2007-06-11;Privado Holding;;31;12;2009-12-31;www.paranabanco.com.br
14.807.945/0001-24;2010-01-01;1;1229;SANSUY SA INDÚSTRIA DE PLASTICOS;;;1979-10-03;012696;1986-05-06;Categoria A;2010-01-01;Ativo;1986-05-06;Brasil;Brasil;Petroquímicos e Borracha;INDÚSTRIA E COMÉRCIO DE ARTEFATOS PLÁSTICOS;Em Recuperação Judicial ou Equivalente;2006-03-16;Privado;;31;12;;www.sansuy.com.br
14.998.371/0001-19;2010-01-01;1;143;J.MACEDO S/A;;;1986-09-11;021156;2007-10-16;Categoria B;2010-01-01;Ativo;2007-10-16;Brasil;Brasil;Alimentos;Industrialização de massas alimentícias, farinhas e misturas para bolo domésticas e derivados de trigo.;Fase Operacional;2007-10-16;Privado;1986-09-11;31;12;2010-01-01;www.jmacedo.com.br
15.101.405/0001-93;2010-01-01;1;789;CORREA RIBEIRO SA COM IND;;;1966-08-01;004863;1977-07-20;Categoria A;2010-01-01;Ativo;1977-07-20;Brasil;Brasil;Construção Civil, Mat. Constr. e Decoração;;Fase Operacional;1977-07-20;Privado Holding;;31;12;;
15.115.504/0001-24;2010-01-01;1;1472;MILLENNIUM INORGANIC CHEMICALS DO BRASIL;1998-06-03;TIBRAS TITANIO DO BRASIL S.A.;1966-01-25;011398;1970-12-23;Categoria A;2010-01-01;Ativo;1970-12-23;Brasil;Brunei;Petroquímicos e Borracha;;Fase Operacional;1970-12-23;Privado;;31;12;2009-12-31;www.cristalglobal.com
15.126.626/0001-16;2010-01-01;1;1249;INDUSTRIA DE AZULEJOS DA BAHIA S/A;;;1962-03-27;006955;1971-12-30;Categoria A;2010-01-01;Ativo;1971-12-30;Brasil;Brasil;Construção Civil, Mat. Constr. e Decoração;Fabricação de Azulejso e Pisos;Paralisada;2000-12-31;Privado;;31;12;;
15.139.629/0001-94;2010-01-01;2;3046;COMPANHIA DE ELETRICIDADE DO ESTADO DA BAHIA - COELBA;;;1960-03-28;014524;1994-07-28;Categoria A;2010-01-01;Ativo;1994-07-28;Brasil;Brasil;Energia Elétrica;Distribuição de Energia Elétrica;Fase Operacional;1994-07-28;Privado Holding;1997-07-31;31;12;;www.coelba.com.br
15.141.799/0001-03;2010-01-01;2;1855;CIA FERRO LIGAS BAHIA FERBASA;;;1961-02-23;003069;1961-02-28;Categoria A;2010-01-01;Ativo;1961-02-28;Brasil;Brasil;Metalurgia e Siderurgia;Fabricação de ferroligas;Fase Operacional;1961-02-28;Privado;;31;12;2010-04-23;www.ferbasa.com.br
15.144.017/0001-90;2010-01-01;1;1232;COMPANHIIA SEGUROS ALIANCA DA BAHIA;1948-05-17;COMPANHIA ALIANÇA DA BAHIA;1870-01-15;003115;1977-07-20;Categoria A;2010-01-01;Ativo;1977-07-20;Brasil;Brasil;Seguradoras e Corretoras;Seguradora;Fase Operacional;1977-07-20;Privado;;31;12;2009-12-31;www.aliancabahia.com.br
15.413.826/0001-50;2010-01-01;2;2290;EMPRESA ENERGÉTICA DE MATO GROSSO DO SUL S.A. - ENERSUL;1993-05-13;EMPRESA DE ENERGIA ELÉTRICA DE MATO GROSSO DO SUL S.A. - ENERSUL;1979-01-01;005576;1981-08-28;Categoria B;2010-01-01;Ativo;1981-08-28;Brasil;Brasil;Energia Elétrica;Disttribuição de energia elétrica;Fase Operacional;1981-08-28;Privado;2008-09-11;31;12;2009-12-31;www.redenergia.com
16.234.171/0001-15;2010-01-01;1;677;METANOR SA METANOL DO NE;;;1969-05-15;008745;1974-12-26;Categoria A;2010-01-01;Ativo;1974-12-26;Brasil;Brasil;Petroquímicos e Borracha;Produção, Comercialização, Importação e Expotação de Metanol.;Fase Operacional;1974-12-26;Privado;2008-09-04;31;12;;http://www.metanor.com.br
16.404.287/0001-55;2010-01-01;3;1901;SUZANO PAPEL E CELULOSE S.A.;2006-07-06;SUZANO BAHIA SUL PAPELE CELULOSE S.A.;1987-12-08;013986;1992-04-15;Categoria A;2010-01-01;Ativo;1992-04-15;Brasil;Brasil;Papel e Celulose;Indústria e Comércio de Papel e Celulose;Fase Operacional;1992-04-15;;;31;12;2009-12-31;www.suzano.com.br
16.614.075/0001-00;2010-01-01;6;4021;DIRECIONAL ENGENHARIA SA;2007-09-27;Direcional Engenharia Ltda;1981-02-19;021350;2008-02-29;Categoria A;2010-01-01;Ativo;2008-02-29;Brasil;Brasil;Construção Civil, Mat. Constr. e Decoração;Incorporação, construção e comercialização de imóveis próprios ou de terceiros e prestação de serviços de engenharia.;Fase Operacional;2008-02-29;Privado Holding;;31;12;2009-12-31;www.direcional.com.br
16.670.085/0001-55;2010-01-01;1;462;LOCALIZA RENT A CAR SA;1995-10-02;LOCALIZA RENT A CAR LTDA;1973-09-28;019739;2005-05-06;Categoria A;2010-01-01;Ativo;2005-05-06;Brasil;Brasil;Serviços Transporte e Logística;Aluguel de carros e de frotas;Fase Operacional;1973-05-17;Privado;;;;;www.localiza.com
17.155.730/0001-64;2010-01-01;1;1789;COMPANHIA ENERGETICA DE MINAS GERAIS - CEMIG;1984-09-18;Centrais Elétricas de Minas Gerais;1952-05-22;002453;1971-06-30;Categoria A;2010-01-01;Ativo;1971-06-30;Brasil;Brasil;Energia Elétrica;Concessionária de serviço público de energia elétrica.;Fase Operacional;1971-06-30;Estatal;1952-05-22;31;12;2010-04-29;www.cemig.com.br
17.161.241/0001-15;2010-01-01;1;348;MINASMAQUINAS SA;;MINASMAQUINAS S/A;1961-09-08;008818;1977-07-20;Categoria A;2010-01-01;Ativo;1977-07-20;Brasil;Brasil;Máquinas, Equipamentos, Veículos e Peças;COMÉRCIO DE VEÍCULOS, PEÇAS E SERVIÇOS (CONCESSIONÁRIA MERCEDES-BENZ);Fase Operacional;2002-06-30;Privado Holding;1999-12-29;31;12;;www.minasmaquinas.com.br
17.162.082/0001-73;2010-01-01;2;3613;MENDES JUNIOR ENGENHARIA SA;1993-11-08;MENDES JÚNIOR S.A.;1953-12-31;004782;1977-07-20;Categoria A;2010-01-01;Ativo;1977-07-20;Brasil;Brasil;Construção Civil, Mat. Constr. e Decoração;Construção pesada;Fase Operacional;1977-07-20;Privado;;31;12;;
17.167.396/0001-69;2010-01-01;1;371;ALFA HOLDINGS SA;1999-04-08;REAL S.A. - PARTICIPAÇÕES E ADMINISTRAÇÃO;1959-12-19;009954;1977-07-20;Categoria A;2010-01-01;Ativo;1977-07-20;Brasil;Brasil;Emp. Adm. Part. - Intermediação Financeira;Participar como sócio ou acionista de outras sociedades, na qualidade de costista, acionista, ou de forma legalmente admissível.;Fase Operacional;1977-07-20;Privado Holding;;31;12;;www.alfanet.com.br
17.167.412/0001-13;2010-01-01;1;373;FINANCEIRA ALFA S.A.- C.F.I;1999-04-19;COMPANHIA REAL DE INVESTIMENTO - CRÉDITO, FINANCIAMENTO E INVESTIMENTOS;1954-02-11;003891;1977-07-20;Categoria A;2010-01-01;Ativo;1977-07-20;Brasil;Brasil;Intermediação Financeira;A prática de todas as operações de crédito, financiamento e investimentos permitidas pelas leis e regulamentos aplicáveis à espécie.;Fase Operacional;1977-07-20;Privado;;31;12;;www.alfanet.com.br
17.184.037/0001-10;2010-01-01;1;316;BANCO MERCANTIL DO BRASIL SA;1974-11-18;BANCO MERCANTIL DE MINAS GERAIS SA;1940-05-03;001325;1977-07-20;Categoria A;2010-01-01;Ativo;1977-07-20;Brasil;Brasil;Bancos;FINANÇAS, BANCO MÚLTIPLO;Fase Operacional;1977-07-20;Privado;;31;12;;http://www.mercantildobrasil.com.br
17.193.806/0001-46;2010-01-01;1;370;CONSORCIO ALFA DE ADMINISTRAÇÃO SA;1999-04-08;CONSÓRCIO REAL BRASILEIRO DE ADMINISTRAÇÃO S.A.;1952-02-09;004707;1977-07-20;Categoria A;2010-01-01;Ativo;1977-07-20;Brasil;Brasil;Emp. Adm. Part. - Intermediação Financeira;participar como sócia de outras sociedades na qualidade de cotista, acionista ou de outra forma legalmente admissível;Fase Operacional;1977-07-20;Privado Holding;;31;12;;www.alfanet.com.br
17.245.234/0001-00;2010-01-01;1;163;COMPANHIA DE FIACAO E TECIDOS CEDRO E CACHOEIRA;;;1900-04-02;003077;1969-08-11;Categoria A;2010-01-01;Ativo;1969-08-11;Brasil;Brasil;Têxtil e Vestuário;Indústria têxtil;Fase Operacional;1969-08-11;Privado;;31;12;;www.cedro.ind.br
17.281.106/0001-03;2010-01-01;4;3115;COMPANHIA DE SANEAMENTO DE MINAS GERAIS;1974-11-14;COMPANHIA MINEIRA DE ÁGUA E ESGOTO - COMAG;1963-07-05;019445;2003-09-17;Categoria A;2010-01-01;Ativo;2003-09-17;Brasil;Brasil;Saneamento, Serv. Água e Gás;Prestar Serviços de Saneamento.;Fase Operacional;2003-09-17;Estatal;1963-07-05;31;12;1963-07-05;www.copasa.com.br
19.443.985/0001-58;2010-01-01;5;3523;VALE FERTILIZANTES S.A.;2010-09-10;FERTILIZANTES FOSFATADOS S.A. FOSFERTIL;1977-02-14;014028;1992-08-11;Categoria A;2010-01-01;Ativo;1992-08-11;Brasil;Brasil;Petroquímicos e Borracha;Fabricação de fertilizantes e outros produtos para a agricultura por meio do aproveitamento de jazidas minerais próprias e, ainda, o comércio, o transporte, a exportação e a importação desses produtos;Fase Operacional;1992-08-11;Privado;2010-09-10;31;12;2009-12-31;www.valefertilizantes.com
19.526.748/0001-50;2010-01-01;1;1475;COMPANHIA INDUSTRIAL CATAGUASES;;;1936-10-17;003395;1973-12-19;Categoria A;2010-01-01;Ativo;1973-12-19;Brasil;Brasil;Têxtil e Vestuário;fabricação, comércio, importação e exportação de fios e tecidos, de matérias primas e produtos intermediários, têxteis, a fabricação, a comercialização, importação e a exportação de confeccionados;Fase Operacional;1973-12-19;Privado;;31;12;;www.cataguases.com.br
19.527.639/0001-58;2010-01-01;1;449;ENERGISA MINAS GERAIS - DISTRIBUIDORA DE ENERGIA S/A;2008-04-25;COMPANHIA FORÇA E LUZ CATAGUAZES-LEOPOLDINA;1905-02-26;003271;1969-12-17;Categoria A;2010-01-01;Ativo;1969-12-17;Brasil;Brasil;Energia Elétrica;Concessionária de serviço público de distribuição de energia.;Fase Operacional;1969-12-17;Privado Holding;2007-01-31;31;12;1905-02-26;www.energisa.com.br
21.255.567/0001-89;2010-01-01;1;542;CIA TECIDOS SANTANENSE;;;1891-10-23;004081;1984-12-20;Categoria A;2010-01-01;Ativo;1984-12-20;Brasil;Brasil;Têxtil e Vestuário;Indústria Têxtil;Fase Operacional;1984-12-20;Privado Holding;2005-04-29;31;12;;www.santanense.com.br
22.266.175/0001-88;2010-01-01;1;581;FERTILIZANTES HERINGER SA;2006-10-10;FERTILIZANTES HERINGER LTDA;2006-10-10;020621;2007-04-10;Categoria A;2010-01-01;Ativo;2007-04-10;Brasil;Brasil;Petroquímicos e Borracha;Produção, comercialização e distribuição de fertilizantes, com atuação nacional.;Fase Operacional;2007-04-10;Privado;;31;12;;www.heringer.com.br
22.677.520/0001-76;2010-01-01;1;536;CIA TECIDOS NORTE DE MINAS - COTEMINAS;;;1967-12-05;003158;1971-02-11;Categoria A;2010-01-01;Ativo;1971-02-11;Brasil;Brasil;Emp. Adm. Part. - Têxtil e Vestuário;Holding;Fase Operacional;1971-02-11;Privado Holding;;31;12;;
22.770.366/0001-82;2010-01-01;2;1235;TEC TOY S/A;;;1987-09-28;014133;1993-06-21;Categoria A;2010-01-01;Ativo;1993-06-21;Brasil;Brasil;Máquinas, Equipamentos, Veículos e Peças;Industr/Com.brinquedos,jogos eletron. e entretenimento;Fase Operacional;2000-09-21;Privado;;31;12;;htp://www.tectoy.com.br
24.956.666/0001-86;2010-01-01;1;1009;CLARION S/A AGROINDUSTRIAL;2005-12-31;ENCOMIND AGROINDUSTRIAL S/A;1988-10-27;018490;1999-11-26;Categoria A;2010-01-01;Ativo;1999-11-26;Brasil;Brasil;Alimentos;Fabricação de óleos vegetais em bruto, óleo de milho em bruto, óleo de milho refinado, óleos vegetais refinados, comércio atacadista de alimentos para animais entre outras atividades.;Fase Operacional;1999-11-26;Privado;;31;12;2009-12-31;www.clarionsa.com.br
24.962.466/0001-36;2010-01-01;3;1923;ALL - AMÉRICA LATINA LOGÍSTICA MALHA NORTE S.A.;2008-08-15;Ferronorte S.A. - Ferrovias Norte Brasil;1988-09-22;015300;1995-12-27;Categoria A;2010-01-01;Ativo;1995-12-27;Brasil;Brasil;Serviços Transporte e Logística;(i) construção e exploração de sistemas de transporte ferroviário de carga, rodovias e hidrovias (ii) prestação de serviços de transporte de carga em ferrovias, rodovias e hidrovias etc.;Fase Operacional;2001-03-31;Privado;2009-12-30;31;12;;www.all-logistica.com
25.329.319/0001-96;2010-01-01;1;544;WEMBLEY SOCIEDADE ANÔNIMA;;Wembley Roupas S.A.;1965-10-01;011800;1973-10-08;Categoria A;2010-01-01;Ativo;1973-10-08;Brasil;Brasil;Emp. Adm. Part. - Têxtil e Vestuário;Holding;Fase Operacional;1973-10-08;Privado Holding;;31;12;;www.wembleysa.com.br
25.869.736/0001-21;2010-01-01;1;1070;CAFE SOLUVEL BRASILIA SA;;;1972-09-15;002062;1977-07-20;Categoria A;2010-01-01;Ativo;1977-07-20;Brasil;Brasil;Alimentos;PRODUÇÃO E INDUSTRIALIZAÇÃO DE CAFE SOLUVEL E ALIMENTOS;Fase Operacional;1996-10-22;Privado Holding;1988-12-31;31;12;2009-12-31;www.bovespa.com.br
26.386.169/0001-15;2010-01-01;1;319;MERCANTIL DO BRASIL LEASING SA;;;1990-06-19;015890;1996-11-29;Categoria B;2010-01-01;Ativo;1996-11-29;Brasil;Brasil;Arrendamento Mercantil;Arrendamento Mercantil Financeiro;Fase Operacional;1996-11-29;Privado;1990-06-19;31;12;;
27.093.558/0001-15;2010-01-01;3;1617;MILLS ESTRUTURAS E SERVIÇOS DE ENGENHARIA S/A;2009-01-29;MILLS ESTRUTURAS E SERVIÇOS DE ENGENHARIA LTDA.;1980-12-01;022012;2010-04-14;Categoria A;2010-04-14;Ativo;2010-04-14;Brasil;Brasil;Construção Civil, Mat. Constr. e Decoração;SERVIÇOS ESPECIAIS DE ENGENHARIA;Fase Operacional;1980-12-01;Privado;1980-12-01;31;12;;www.mills.com.br
28.127.603/0001-78;2010-01-01;1;201;BANESTES SA BANCO DO ESTADO DO ESPIRITO SANTO;1989-06-29;BANCO DO ESTADO DO ESPIRITO SANTO S.A.;1937-10-15;001155;1977-07-20;Categoria A;2010-01-01;Ativo;1977-07-20;Brasil;Brasil;Bancos;Intermediação Financeira inerente aos Bancos Múltiplos, por meio das carteira autorizadas, inclusive Operações de Câmbio;Fase Operacional;1977-07-20;Estatal;1937-10-15;31;12;;www.banestes.com.br
28.152.650/0001-71;2010-01-01;1;411;ESPIRITO SANTO CENTRAIS ELETRICAS SA;;;1968-07-01;015342;1996-01-19;Categoria B;2010-01-01;Ativo;1996-01-19;Brasil;Brasil;Energia Elétrica;Distribuição de energia elétrica;Fase Operacional;1996-01-19;Privado Holding;2005-04-29;31;12;1996-01-19;www.escelsa.com.br
28.195.667/0001-06;2010-01-01;1;265;BANCO ABC BRASIL S/A;1997-10-28;Banco ABC Roma S.A.;1983-12-27;020958;2007-07-23;Categoria A;2010-01-01;Ativo;2007-07-23;Brasil;Brasil;Bancos;O Banco tem por objeto a prática de operações ativas, passivas e acessórias inerentes às respectivas carteiras autorizadas.;Fase Operacional;2007-07-23;Estrangeiro Holding;2007-07-23;31;12;2009-12-31;www.abcbrasil.com.br
28.500.320/0001-20;2010-01-01;2;1536;INDÚSTRIAS VEROLME-ISHIBRAS S.A. - IVI;1994-04-30;INDUSTRIAS VEROLME-ISHIBRAS S.A. IVI;1959-03-30;012866;1986-07-02;Categoria A;2010-01-01;Ativo;1986-07-02;Brasil;Brasil;Metalurgia e Siderurgia;CONSTRUÇÃO NAVAL;Fase Operacional;1986-07-02;Privado Holding;1994-09-30;21;12;;
29.388.352/0001-48;2010-01-01;1;2352;RIMET EMPREENDIMENTOS INDUSTRIAIS E COMERCIAIS S/A;;RHEEM EMPREENDIMENTOS;1985-05-22;012840;1986-06-12;Categoria A;2010-01-01;Ativo;1986-06-12;Brasil;Brasil;Metalurgia e Siderurgia;FABRICAÇÃO DE EMBALGENS METALICAS PARA ACONDICIONAMENTO DE ALIMENTOS, PRODUTOS QUIMICOS, ENTRE OUTROS.;Fase Operacional;1986-06-12;Privado;2004-06-22;31;12;;www.rimet.com.br
29.780.061/0001-09;2010-01-01;1;525;SÃO CARLOS EMPREENDS E PARTICIPAÇÕES S.A;1999-06-15;EMPREENDIMENTOS IMOBILIÁRIOS SÃO CARLOS S.A.;1985-01-22;013781;1991-03-25;Categoria A;2010-01-01;Ativo;1991-03-25;Brasil;Brasil;Emp. Adm. Part. - Sem Setor Principal;Compra e venda de imóveis prontos ou a construir locação de bens imóveis administração de empreendimentos imobiliários próprios ou de terceiros exercício de outras atividades correlatas e outros;Fase Operacional;1991-03-25;Privado;2010-02-25;31;12;;http://www.scsa.com.br
29.978.814/0001-87;2010-01-01;1;435;SUL AMERICA S/A;;;1978-03-13;021121;2007-10-03;Categoria A;2010-01-01;Ativo;2007-10-03;Brasil;;Emp. Adm. Part. - Seguradoras e Corretoras;A Sul América S.A. é uma sociedade de participação e suas controladas atuam nos setores de seguros, previdência complementar, administração de recursos e operações de assistência à saúde.;Fase Operacional;2007-10-03;Privado Holding;2002-05-10;31;12;2009-12-31;www.sulamerica.com.br/ri
30.540.991/0001-66;2010-01-01;1;552;HAGA S.A. INDÚSTRIA E COMÉRCIO;2005-04-29;FERRAGENS HAGA S.A.;1937-04-01;013366;1988-09-01;Categoria A;2010-01-01;Ativo;1988-09-01;Brasil;Brasil;Metalurgia e Siderurgia;INDUSTRIA METALÚRGICA - FAB. DE FECHADURAS P/CONSTRUÇÃO CIVIL;Em Recuperação Judicial ou Equivalente;1989-12-07;Privado;1993-09-28;31;12;;www.haga.com.br
31.895.683/0001-16;2010-01-01;1;170;BANCO INDUSTRIAL DO BRASIL;;;1988-03-30;021377;2008-03-07;Categoria B;2010-01-01;Ativo;2008-03-07;Brasil;;Bancos;Banco Múltiplo;Fase Operacional;2008-03-07;Privado;1994-01-31;31;12;;www.bancoindustrial.com.br
32.110.314/0001-33;2010-01-01;1;303;PREDILETO ALIMENTOS SA;1998-02-27;PENABRANCA ALIMENTOS SA;1988-08-15;014010;1992-08-03;Categoria A;2010-01-01;Ativo;1992-08-03;Brasil;Brasil;Alimentos;Moagem de Trigo;Fase Operacional;1992-08-03;Privado;;31;12;;www.predileto.ind.br
32.286.411/0001-81;2010-01-01;1;3599;SOLA SA INDS ALIMENTICIAS;;;1968-09-05;014710;1995-01-10;Categoria A;2010-01-01;Ativo;1995-01-10;Brasil;Brasil;Alimentos;;Fase Operacional;1995-01-10;Privado;;31;12;;www.solasa.com.br
32.681.371/0001-72;2010-01-01;3;3779;VIX LOGÍSTICA S/A;2007-07-31;VIX TRANSPORTES E LOGÍSTICA LTDA;1989-07-03;021202;2007-11-27;Categoria B;2010-01-01;Ativo;2007-11-27;Brasil;Brasil;Serviços Transporte e Logística;Transporte Rodoviário de cargas em geral, intermunicipal, interestadual e internacional transporte coletivo rodoviário, intermunicipal, interestadual e internacional de passageiros.;Fase Operacional;2007-11-27;Privado;2007-08-24;31;12;2009-12-28;www.vix.com.br
33.000.118/0001-79;2010-01-01;1;228;TELEMAR NORTE LESTE SA;2001-09-21;TELECOMUNICAÇÕES DO Rio de JANEIRO S.A. (TELERJ);1956-11-28;011320;1979-12-12;Categoria A;2010-01-01;Ativo;1979-12-12;Brasil;Brasil;Telecomunicações;;Fase Operacional;1979-12-12;Privado;1956-11-28;31;12;2009-12-31;www.oi.com.br/ri
33.000.167/0001-01;2010-01-01;2;1762;PETRÓLEO BRASILEIRO S.A. - PETROBRAS;;;1953-10-03;009512;1977-07-20;Categoria A;2010-01-01;Ativo;1977-07-20;Brasil;Brasil;Petróleo e Gás;Petróleo, gás e energia;Fase Operacional;1977-07-20;Estatal Holding;;31;12;;http://www.petrobras.com.br
33.009.911/0001-39;2010-01-01;3;3740;SOUZA CRUZ S.A.;1993-03-30;Companhia Souza Cruz Indústria e Comércio;1903-04-25;004057;1969-09-18;Categoria A;2010-01-01;Ativo;1969-09-18;Brasil;Brasil;Bebidas e Fumo;Fabricação de cigarros e exportação de fumo.;Fase Operacional;1969-09-18;Estrangeiro;2008-02-22;31;12;;www.souzacruz.com.br
33.014.556/0001-96;2010-01-01;1;325;LOJAS AMERICANAS SA;;;1929-05-02;008087;1977-07-20;Categoria A;2010-01-01;Ativo;1977-07-20;Brasil;Brasil;Comércio (Atacado e Varejo);Comércio em geral, inclusive supermercado e lanchonete, lojas de conveniência, no varejo e no atacado, através de Lojas e Depósitos, de quaisquer mercadorias, bem como a realização de serviços.;Fase Operacional;1977-07-20;Privado;1982-07-13;31;12;;http://ri.lasa.com.br
33.035.536/0001-00;2010-01-01;1;183;JOAO FORTES ENGENHARIA SA;1973-09-17;João Fortes & Cia Ltda.;1950-10-10;007811;1977-07-20;Categoria A;2010-01-01;Ativo;1977-07-20;Brasil;Brasil;Construção Civil, Mat. Constr. e Decoração;Incorporação e construção de imóveis execução por administração de obras de construção civil desenvolvimento, planejamento, comercialização e administração de de shopping centers.;Fase Operacional;1977-07-20;Privado;2007-07-31;31;12;;www.joaofortes.com.br/ri
33.040.601/0001-87;2010-01-01;1;318;MERCANTIL DO BR FINC SA CFI;1977-12-13;MERCAMINAS S.A. - CRÉDITO, FINANCIAMENTO E INVESTIMENTOS;1972-12-12;008540;1977-07-20;Categoria A;2010-01-01;Ativo;1977-07-20;Brasil;Brasil;Bancos;CRÉDITO, FINANCIAMENTO E INVESTIMENTOS.;Fase Operacional;1977-07-20;Privado;;31;12;;
33.041.260/0652-90;2010-01-01;1;2330;GLOBEX UTILIDADES SA;;;1946-07-12;006505;1981-11-24;Categoria A;2010-01-01;Ativo;1981-11-24;Brasil;Brasil;Comércio (Atacado e Varejo);Comercio Varejista;Fase Operacional;1981-11-24;Privado;2009-06-07;31;12;;http://www.globex.com.br/ri
33.042.730/0001-04;2010-01-01;1;282;CIA SIDERURGICA NACIONAL;;;1941-04-09;004030;1943-02-26;Categoria A;2010-01-01;Ativo;1943-02-26;Brasil;Brasil;Metalurgia e Siderurgia;A Companhia Siderúrgica Nacional atua nos setores de mineração, siderurgia, logística, cimento e energia.;Fase Operacional;1943-02-26;Privado;;31;12;;www.csn.com.br
33.050.071/0001-58;2010-01-01;1;433;AMPLA ENERGIA E SERVIÇOS S.A.;2005-04-27;CERJ - Companhia de Eletricidade do Rio de Janeiro;1909-06-03;003050;1969-08-15;Categoria A;2010-01-01;Ativo;1969-08-15;Brasil;Brasil;Energia Elétrica;distribuição de energia elétrica;Fase Operacional;1969-08-15;Privado Holding;2008-05-28;31;12;;www.ampla.com
33.050.196/0001-88;2010-01-01;3;1969;COMPANHIA PAULISTA DE FORCA LUZ - CPFL;;;1912-11-16;003824;1969-08-19;Categoria B;2010-01-01;Ativo;1969-08-19;Brasil;Brasil;Energia Elétrica;Prestação de Serviço Público de Distribuição de Energia Elétrica;Fase Operacional;1969-08-19;Privado;2005-11-22;31;12;;www.cpfl.com.br
33.102.476/0001-92;2010-01-01;1;1648;MONTEIRO ARANHA SA;;;1947-12-22;008893;1980-05-07;Categoria A;2010-01-01;Ativo;1980-05-07;Brasil;Brasil;Emp. Adm. Part. - Sem Setor Principal;HOLDING - PARTICIPAÇÃO SOCIETÁRIA;Fase Operacional;1980-05-07;Privado;;31;12;;www.monteiroaranha.com.br
33.111.246/0001-90;2010-01-01;1;1313;TECNOSOLO ENGENHARIA S/A;2008-04-28;TECNOSOLO ENGENHARIA E TECNOLOGIA DE SOLOS E MATERIAIS S/A;1957-12-06;011207;1977-07-20;Categoria A;2010-01-01;Ativo;1977-07-20;Brasil;Brasil;Construção Civil, Mat. Constr. e Decoração;;Fase Operacional;1977-07-20;Privado;;31;12;2009-12-31;www.tecnosolo.com.br
33.113.309/0001-47;2010-01-01;2;3540;VALID SOLUC. E SERV DE SEG. EM MEIO PGTO.E ID. S.A.;2010-10-08;AMERICAN BANKNOTE S.A.;1957-05-13;020028;2006-04-12;Categoria A;2010-01-01;Ativo;2006-04-12;Brasil;Brasil;Gráficas e Editoras;Uma fábrica de cartões e uma gráfica de segurança;Fase Operacional;2006-04-12;Privado;;31;12;2009-12-31;www.valid.com.br
33.161.340/0001-53;2010-01-01;2;3808;SERGEN SERVS GERAIS DE ENG SA;;;1966-08-16;010596;1977-07-20;Categoria A;2010-01-01;Ativo;1977-07-20;Brasil;Brasil;Construção Civil, Mat. Constr. e Decoração;Construções em Geral;Fase Operacional;1977-07-20;Privado;;31;12;;
33.200.049/0001-47;2010-01-01;1;2327;HOTEIS OTHON SA;;;1943-04-28;006700;1980-08-08;Categoria A;2010-01-01;Ativo;1980-08-08;Brasil;Brasil;Hospedagem e Turismo;Prestação de Serviços na Indústria Hoteleira;Fase Operacional;1980-08-08;Privado;;31;12;;
33.228.024/0001-51;2010-01-01;1;167;WLM INDÚSTRIA E COMÉRCIO S.A.;2005-06-30;Supergasbras Indústria e Comércio S.A.;1946-10-25;011070;1971-01-07;Categoria A;2010-01-01;Ativo;1971-01-07;Brasil;Brasil;Emp. Adm. Part. - Máqs., Equip., Veíc. e Peças;;Fase Operacional;1971-01-07;Privado Holding;1971-01-07;31;12;;www.wlm.com.br
33.256.439/0001-39;2010-01-01;2;2905;ULTRAPAR PARTICIPAÇÕES SA;1988-09-15;Companhia Brasileira de Participações S.A.;1953-12-20;018465;1999-09-27;Categoria A;2010-01-01;Ativo;1999-09-27;Brasil;Brasil;Emp. Adm. Part. - Comércio (Atacado e Varejo);Distribuição de combustíveis, químicos e armazenagem de granéis líquidos;Fase Operacional;1999-09-27;Privado Holding;1953-12-20;31;12;;www.ultra.com.br
33.352.394/0001-04;2010-01-01;2;3029;CIA ESTADUAL DE ÁGUAS E ESGOTOS - CEDAE;1975-08-14;Fusão da SANERJ, ESAG e CEDAG;1975-08-14;016373;1997-07-28;Categoria A;2010-01-01;Em análise;2010-01-04;Brasil;Brasil;Saneamento, Serv. Água e Gás;Exploração de serviços públicos e de sistemas privados de abastecimento de água, de coleta, remoção e destinação final de efluentes e seus subprodutos.;Fase Operacional;1997-07-28;Estatal;;31;12;;www.cedae.com.br
33.386.210/0001-19;2010-01-01;1;413;SONDOTECNICA ENGENHARIA DE SOLOS S/A.;1956-10-05;SONDOTECNICA COMERCIAL LTDA;1953-12-18;010880;1980-08-19;Categoria A;2010-01-01;Ativo;1980-08-19;Brasil;Brasil;Construção Civil, Mat. Constr. e Decoração;Consultoria técnica e econômica na área de engenharia e arquitetura;Fase Operacional;1980-08-19;Privado;;31;12;;www.sondotecnica.com.br
33.412.081/0001-96;2010-01-01;2;1558;REFINARIA PETRÓLEOS DE MANGUINHOS S.A.;;;1946-02-01;009989;1970-05-14;Categoria A;2010-01-01;Ativo;1970-05-14;Brasil;Brasil;Petróleo e Gás;Fabriação de produtos de refino de petróleo.;Fase Operacional;1970-05-14;Privado;2008-12-16;31;12;2009-12-31;www.manguinhosrefinaria.com.br
33.433.665/0001-48;2010-01-01;1;1028;DOCAS INVESTIMENTOS SA;1999-07-30;Docas S.A.;1892-11-03;003182;1977-07-20;Categoria A;2010-01-01;Ativo;1977-07-20;Brasil;Brasil;Emp. Adm. Part. - Telecomunicações;Impressão e Distribuição de Jornais e Revistas;Fase Operacional;1977-07-20;Privado;2007-08-15;31;12;1892-11-03;www.docas.com.br
33.467.572/0001-34;2010-01-01;1;222;TEKNO S.A. INDÚSTRIA E COMÉRCIO;2007-04-26;Tekno S.A. Construções, Indústria e Comércio;1939-06-21;011231;1977-07-20;Categoria A;2010-01-01;Ativo;1977-07-20;Brasil;Brasil;Emp. Adm. Part. - Metalurgia e Siderurgia;Pintura de Bobinas e Chapas Metálicas;Fase Operacional;1977-07-20;Privado;;31;12;;www.tekno.com.br
33.541.368/0001-16;2010-01-01;1;269;CIA HIDRO ELÉTRICA DO SÃO FRANCISCO;;;1948-03-15;003328;1969-12-19;Categoria A;2010-01-01;Ativo;1969-12-19;Brasil;Brasil;Energia Elétrica;Produção e Transmissão de Energia Elátrica;Fase Operacional;1969-12-19;Estatal Holding;1963-01-04;31;12;1948-03-15;www.chesf.gov.br
33.592.510/0001-54;2010-01-01;4;2190;VALE S.A.;2009-05-22;Companhia Vale do Rio Doce;1943-01-11;004170;1970-01-02;Categoria A;2010-01-01;Ativo;1970-01-02;Brasil;Brasil;Extração Mineral;Mineração;Fase Operacional;1970-01-02;Privado;1997-05-09;31;12;;www.vale.com
33.611.500/0001-19;2010-01-01;2;1628;GERDAU SA;1996-12-23;Companhia Siderurgica da Guanabara - Cosigua;1961-11-20;003980;1980-09-03;Categoria A;2010-01-01;Ativo;1980-09-03;Brasil;Brasil;Emp. Adm. Part. - Metalurgia e Siderurgia;Participação e Administração;Fase Operacional;1980-09-03;Privado Holding;2008-05-30;31;12;2009-12-31;www.gerdau.com
33.858.168/0001-91;2010-01-01;2;1859;HOTEIS E TURISMO GUANABARA SA;1968-07-17;;1968-07-17;006696;1968-07-17;Categoria A;2010-01-01;Ativo;2000-03-02;Brasil;Brasil;Hospedagem e Turismo;Hotelaria;Paralisada;2004-12-02;Privado;1968-07-17;31;12;2009-12-31;
33.938.119/0001-69;2010-01-01;2;1658;CIA. DISTRIB. DE GÁS DO RIO DE JANEIRO;1998-04-29;Companhia Estadual de Gás;1969-06-02;016616;1997-11-17;Categoria A;2010-01-01;Ativo;1997-11-17;Brasil;Brasil;Saneamento, Serv. Água e Gás;Distribuição de gás canalizado;Fase Operacional;1997-11-17;Privado;2004-07-16;31;12;2009-12-31;www.ceg.com.br
33.958.695/0001-78;2010-01-01;3;2921;UNIPAR PARTICIPAÇÕES S.A.;2010-06-29;UNIPAR - UNIÃO DE INDÚSTRIAS PETROQUÍMICAS S.A.;1969-05-28;011592;1971-12-08;Categoria A;2010-01-01;Ativo;1971-12-08;Brasil;Brasil;Emp. Adm. Part. - Petroquímicos e Borracha;Participação como sócia ou scionista de outras sociedades, direta ou indiretamente inclusive por meio de fundos de investimentos;Fase Operacional;1971-12-08;Privado Holding;;31;12;;www.unipar.ind.br
34.020.354/0001-10;2010-01-01;2;213;CAIXA SEGURADORA SA;2000-08-17;SASSE SEGUROS;1967-05-22;015687;1996-08-19;Categoria A;2010-01-01;Ativo;1996-08-19;Brasil;Brasil;Seguradoras e Corretoras;Comercialização de seguros;Fase Operacional;1996-08-19;Estrangeiro Holding;2001-12-21;31;12;2009-12-31;www.caixaseguros.com.br
34.169.557/0001-72;2010-01-01;1;312;BCO MERCANTIL INVS SA;1973-04-09;;1973-04-09;001309;1977-07-20;Categoria A;2010-01-01;Ativo;1977-07-20;Brasil;Brasil;Bancos;Investimentos / Financiamentos;Fase Operacional;1977-07-20;Privado;;31;12;;
34.265.561/0001-34;2010-01-01;1;1172;BMG LEASING S.A. - ARREND. MERCANTIL;1976-06-29;BMG Leasing de Equipamentos S.A;1971-05-17;001724;1980-12-05;Categoria A;2010-01-01;Ativo;1980-12-05;Brasil;Brasil;Arrendamento Mercantil;Arrendamento mercantil;Fase Operacional;1980-12-05;Privado;1993-08-04;31;12;2009-04-30;www.bancobmg.com.br
36.461.242/0001-20;2010-01-01;1;441;AMIL PARTICIPAÇÕES S/A;2007-03-30;AMIL PARTICIPAÇÕES LTDA.;1991-05-17;021172;2007-10-24;Categoria A;2010-01-01;Ativo;2007-10-24;Brasil;Brasil;Serviços médicos;Operadora de Medicina de Grupo.;Fase Operacional;2007-10-24;Privado Holding;2007-11-07;31;12;2007-03-30;www.amilpar.com.br
39.115.514/0001-28;2010-01-01;3;1926;ALL - AMÉRICA LATINA LOGÍSTICA MALHA OESTE S.A.;2008-09-25;Ferrovia Novoeste S.A.;1996-03-11;017850;1998-10-20;Categoria B;2010-01-01;Ativo;1998-10-20;Brasil;Brasil;Serviços Transporte e Logística;Prestar serviço de transporte ferroviário de cargas e armazenagens de cargas.;Fase Operacional;1998-10-20;Privado;2009-12-30;31;12;;www.all-logistica.com
42.150.391/0001-70;2010-01-01;3;132;BRASKEM S.A.;2002-08-16;COPENE PETROQUIMICA DO NORDESTE S.A;1972-01-12;004820;1978-12-18;Categoria A;2010-01-01;Ativo;1978-12-18;Brasil;Brasil;Petroquímicos e Borracha;Produção de petroquímicos básicos como eteno, propeno e benzeno, além de gasolina e GLP (gás de cozinha). No segmento de resinas termoplásticas, produzem polietileno, polipropileno e PVC.;Fase Operacional;1978-12-18;Privado;2009-12-31;31;12;2009-12-31;www.braskem.com.br
42.278.291/0001-24;2010-01-01;3;1606;LOG-IN LOGISTICA INTERMODAL SA;2007-02-07;DOCENAVE-NAVEGAÇÃO VALE DO RIO DOCE S/A;1973-09-04;020710;2007-06-04;Categoria A;2010-01-01;Ativo;2007-06-04;Brasil;Brasil;Serviços Transporte e Logística;Empresa na área de Logistica capaz de oferecer soluções integradas para movimentação portuária e transporte de contêineres porta-a-porta por meio marítimo, ferroviário e ponta rodoviária.;Fase Operacional;2007-06-04;Privado;2010-02-28;31;12;2009-12-31;www.loginlogistica.com.br
42.331.462/0001-31;2010-01-01;1;225;BATTISTELLA ADM E PARTICIPAÇÕES S A;2008-04-30;BATTISTELLA ADM E PARTICIPAÇÕES S A - APABA;1974-08-01;015458;1996-03-14;Categoria A;2010-01-01;Ativo;1996-03-14;Brasil;Brasil;Emp. Adm. Part. - Sem Setor Principal;Comércio caminhões e ônibus Scania, seus acessórios e prestação serviço ind.e com, florestamento e reflorest.de madeiras montagem e com.grupos geradores participação em outras sociedades.;Fase Operacional;1996-03-14;Privado Holding;2007-09-30;31;12;2009-04-30;www.battistella.com.br
43.185.362/0001-07;2010-01-01;1;3385;IGB ELETRONICA S/A;2010-02-10;GRADIENTE ELETRONICA S/A;1971-08-26;006815;1973-12-19;Categoria A;2010-01-01;Ativo;1973-12-19;Brasil;Brasil;Comunicação e Informática;Fabricação e Com. de Produtos Eletro-Eletrônicos;Fase Operacional;1973-12-19;Privado;2008-04-01;31;12;2009-12-31;www.gradiente.com
43.358.647/0001-00;2010-01-01;2;607;MEDIAL SAUDE S/A;1983-07-27;MEDIAL SAÚDE - MEDICINA À INDÚSTRIA E COMÉRCIO ALVORADA S/C LTDA;1972-05-17;020273;2006-09-19;Categoria A;2010-01-01;Ativo;2006-09-19;Brasil;Brasil;Serviços médicos;Operadora de Medicina de Grupo;Fase Operacional;2006-09-19;Privado;2010-04-29;31;12;2006-09-19;www.medialsaude.com.br
43.425.008/0001-02;2010-01-01;5;3189;BFB LEASING S.A. ARRENDAMENTO MERCANTIL;;;1972-07-28;014052;1992-12-01;Categoria B;2010-01-01;Ativo;1992-12-01;Brasil;Brasil;Arrendamento Mercantil;Arrendamento Mercantil;Fase Operacional;1976-07-26;Privado;;31;12;;
43.470.988/0001-65;2010-01-01;6;2368;EVEN CONSTRUTORA E INCORPORADORA S/A;2002-10-29;Terepins, Chusyd Engenharia e Construções Ltda.;1980-05-05;020524;2007-03-02;Categoria A;2010-01-01;Ativo;2007-03-02;Brasil;Brasil;Construção Civil, Mat. Constr. e Decoração;construção e incorporação;Fase Operacional;2007-03-02;Privado;;31;12;;http://www.even.com.br
43.776.517/0001-80;2010-01-01;3;2217;COMPANHIA DE SANEAMENTO BÁSICO DO ESTADO DE SÃO PAULO - SABESP;1973-09-06;;1973-09-06;014443;1994-06-27;Categoria A;2010-01-01;Ativo;1994-06-27;Brasil;Brasil;Saneamento, Serv. Água e Gás;Abastecimento de água, esgotamento sanitário, drenagem e manejo de águas pluviais urbanas, limpeza urbana, manejo de resíduos sólidos e energia.;Fase Operacional;1994-06-27;Estatal;1973-09-06;31;12;1973-09-06;www.sabesp.com.br
44.689.123/0001-57;2010-01-01;1;2460;USINA COSTA PINTO SA ACUC ALC;;;1980-10-07;012220;1985-01-16;Categoria A;2010-01-01;Ativo;1985-01-16;Brasil;Brasil;Agricultura (Açúcar, Álcool e Cana);Distribuição de combustíveis em geral, a importação, a exportação, a produção e a comercialização de açúcar, de álcool, de cana-de-açúcar e demais derivados destes a navegação exploração agrícola.;Fase Operacional;2002-04-30;Privado;;31;3;2008-09-03;www.usinacostapinto.com.br
45.453.214/0001-51;2010-01-01;1;188;PROFARMA DISTRIBUIDORA DE PRODUTOS FARMACEUTICOS S.A;1999-11-26;Profarma Distribuidora de Produtos Farmacêuticos Limitada;1961-05-23;020346;2006-10-24;Categoria A;2010-01-01;Ativo;2006-10-24;Brasil;Brasil;Comércio (Atacado e Varejo);Profarma atua na distribuição de produtos farmacêuticos, higiene pessoal e cosméticos, nos mais populosos estados brasileiros.;Fase Operacional;2006-10-24;Privado Holding;2006-10-25;31;12;;www.profarma.com.br
45.987.245/0001-92;2010-01-01;2;3592;BAHEMA SA;1980-12-18;Bahema Empreendimentos S/A;1960-11-19;000701;1974-01-02;Categoria A;2010-01-01;Ativo;1974-01-02;Brasil;Brasil;Emp. Adm. Part. - Sem Setor Principal;Participação em outras sociedades;Fase Operacional;1974-01-02;Privado Holding;2010-05-06;31;12;1986-04-18;http://www.bahepar.com.br
46.014.635/0001-49;2010-01-01;1;257;CONSTRUTORA LIX DA CUNHA SA;;CONSTRUTORA E PAVIMENTADORA LIX DA CUNHA S/A;1948-05-18;004774;1977-07-20;Categoria A;2010-01-01;Ativo;1977-07-20;Brasil;Brasil;Construção Civil, Mat. Constr. e Decoração;CONSTRUÇÃO CIVIL, TERRAPLANAGEM E PAVIMENTAÇÃO;Fase Operacional;1977-07-20;Privado;;31;12;;www.lix.com.br
46.119.855/0001-37;2010-01-01;4;3801;SOC.DE ABASTEC.DE ÁGUA E SANEAMENTO S.A.;;;1974-09-25;016241;1997-04-29;Categoria A;2010-01-01;Ativo;1997-04-29;Brasil;Brasil;Saneamento, Serv. Água e Gás;Saneamento Básico, Abastecimento de Água, Tratamento de Esgoto;Fase Operacional;1997-04-29;Estatal;1974-09-25;31;12;1974-09-25;www.sanasa.com.br
47.080.619/0001-17;2010-01-01;2;979;AÇUCAR GUARANI S/A;1984-01-28;USINA AÇÚCAREIRA GUARANI S/A;1960-09-20;020940;2007-07-20;Categoria A;2010-01-01;Ativo;2007-07-20;Brasil;Brasil;Agricultura (Açúcar, Álcool e Cana);Transformação de Cana-de-açúcar em Açúcar, Etanol e Energia;Fase Operacional;2007-07-20;Estrangeiro Holding;2008-09-18;31;3;2008-03-31;http://www.acucarguarani.com.br
47.193.149/0001-06;2010-01-01;1;210;SANTANDER LEASING S.A. ARRENDAMENTO MERCANTIL;2009-06-15;REAL LEASING S.A ARRENDAMENTO MERCANTIL;1975-10-01;020559;2007-03-19;Categoria B;2010-01-01;Ativo;2007-03-19;Brasil;Brasil;Arrendamento Mercantil;A Companhia tem por objetivo a prática de operações de arrendamento mercantil, permitidas às entidades da espécie nas disposições legais e regulamentares em vigor.;Fase Operacional;2007-03-19;Privado;2003-10-24;31;12;;www.santander.com.br
47.508.411/0001-56;2010-01-01;2;3146;COMPANHIA BRASILEIRA DE DISTRIBUIÇÃO;;;1981-11-10;014826;1995-04-04;Categoria A;2010-01-01;Ativo;1995-04-04;Brasil;Brasil;Comércio (Atacado e Varejo);Comércio varejista;Fase Operacional;1995-04-04;Privado;;31;12;;www.gpari.com.br
47.509.120/0001-82;2010-01-01;1;408;BRADESCO LEASING S.A. - ARRENDAMENTO MERCANTIL;2004-04-19;Potenza Leasing S.A. - Arrendamento Mercantil;1981-11-05;019640;2004-11-24;Categoria B;2010-01-01;Ativo;2004-11-24;Brasil;Brasil;Arrendamento Mercantil;Prática das operações de arrendamento mercantil, observadas as disposições da legislação em vigor.;Fase Operacional;2004-11-24;Privado;2002-06-28;31;12;;www.bradescoleasing.com.br
49.263.189/0001-02;2010-01-01;1;155;Helbor Empreendimentos S.A.;2007-03-02;Helbor Empreendimentos Imobiliários LTDA;1977-10-20;020877;2007-07-09;Categoria A;2010-01-01;Ativo;2007-07-09;Brasil;Brasil;Construção Civil, Mat. Constr. e Decoração;Incorporação Imobiliária;Fase Operacional;1977-10-20;Privado;2007-03-02;31;12;;http://www.helbor.com.br/
49.669.856/0001-43;2010-01-01;1;454;Restoque Comércio e Confecções de Roupas S.A;2009-07-13;Le Lis Blanc Deux Comércio e Confecções de Roupas S.A.;1982-04-19;021440;2008-04-18;Categoria A;2010-01-01;Ativo;2008-04-18;Brasil;Brasil;Têxtil e Vestuário;(a) confecção de produtos em geral, através de terceiros (b) importação e exportação (c) exploração de comércio e indústria de confecção de produtos em geral.;Fase Operacional;2008-04-18;Privado;1982-04-19;31;12;1982-04-19;www.lelis.com.br
50.564.053/0001-03;2010-01-01;3;3910;BOMBRIL SA;1998-12-31;Bombril Círio S/A;1948-01-14;012190;1984-09-26;Categoria A;2010-01-01;Ativo;1984-09-26;Brasil;Brasil;Farmacêutico e Higiene;1080;Fase Operacional;1984-09-26;Estrangeiro;2006-07-31;31;12;2009-12-31;www.bombril.com.br
50.746.577/0001-15;2010-01-01;2;1832;COSAN SA INDUSTRIA E COMERCIO;2000-02-29;IRMAOS FRANCESCHI AGRICOLA INDL E COML LTDA;1966-07-08;019836;2005-10-26;Categoria A;2010-01-01;Ativo;2005-10-26;Brasil;Brasil;Agricultura (Açúcar, Álcool e Cana);Fabricação de Açúcar, Etanol e Energia Elétrica a partir da cana Logística de Açúcar e Distribuição de Combustíveis;Fase Operacional;2005-10-26;Privado;;31;3;2008-08-29;www.cosan.com.br
50.926.955/0001-42;2010-01-01;4;3718;VULCABRAS AZALEIA SA;2010-11-11;VULCABRAS SA;1952-06-05;011762;1977-07-20;Categoria A;2010-01-01;Ativo;1977-07-20;Brasil;Brasil;Têxtil e Vestuário;Com. Impor. em geral notadamente de calçados e roupas;Fase Operacional;1977-07-20;Privado;;31;12;2010-09-30;www.vulcabras.com.br
51.128.999/0001-90;2010-01-01;1;1010;NUTRIPLANT INDUSTRIA E COMÉRCIO S/A;;;1979-10-16;021334;2008-02-11;Categoria A;2010-01-01;Ativo;2008-02-11;Brasil;Brasil;Petroquímicos e Borracha;Indústria e comércio de fertilizantes para agricultura.;Fase Operacional;2008-02-11;Privado;2008-02-11;31;12;2008-12-16;www.nutriplant.com.br
51.218.147/0001-93;2010-01-01;2;1069;IGUATEMI EMPRESA DE SHOPPING CENTERS S/A;1988-04-28;La Fonte Empresa de Shopping Centers S.A.;1979-05-23;020494;2007-02-02;Categoria A;2010-01-01;Ativo;2007-02-02;Brasil;Brasil;Comércio (Atacado e Varejo);Empresa full service no setor de shopping centers. Suas atividades englobam a concepção, o planejamento, o desenvolvimento e a administração de shopping centers regionais e complexos imobiliários.;Fase Operacional;2007-02-02;Privado;2009-11-25;31;12;2009-12-31;www.iguatemi.com.br
51.466.860/0001-56;2010-01-01;1;187;SÃO MARTINHO SA;2006-09-28;COMPANHIA INDUSTRIAL E AGRICOLA OMETTO;1943-07-13;020516;2007-02-07;Categoria A;2010-01-01;Ativo;2007-02-07;Brasil;Brasil;Agricultura (Açúcar, Álcool e Cana);Fabricação e comércio de açúcar, álcool e derivados.;Fase Operacional;2007-02-07;Privado;2007-02-09;31;3;2006-09-28;www.saomartinho.ind.br
51.468.056/0001-06;2010-01-01;1;650;MARAMBAIA ENERGIA RENOVÁVEL SA;2007-04-30;CTM Citrus S/A;1966-08-16;012181;1984-06-28;Categoria A;2010-01-01;Em análise;2010-01-04;Brasil;Brasil;Agricultura (Açúcar, Álcool e Cana);;Fase Operacional;1984-06-28;Privado;;30;6;;www.marambaiaenergiarenovavel.com.br
51.928.174/0001-50;2010-01-01;2;3775;PLASCAR PARTICIPAÇÕES INDUSTRIAIS S.A;1998-09-08;OSA S/A Organização, Sistemas e Aplicações;1983-08-23;013471;1989-04-19;Categoria A;2010-01-01;Ativo;1989-04-19;Brasil;Brasil;Emp. Adm. Part. - Máqs., Equip., Veíc. e Peças;Participação em outras empresas;Fase Operacional;1989-04-19;Privado Holding;1995-09-20;31;12;;www.plascar.com.br
52.548.435/0001-79;2010-01-01;3;4023;JSL S.A.;2010-12-30;JULIO SIMÕES LOGÍSTICA S.A.;1969-08-05;022020;2010-04-15;Categoria A;2010-04-15;Ativo;2010-04-15;Brasil;Brasil;Serviços Transporte e Logística;;Fase Operacional;1969-08-05;Privado Holding;;31;12;;www.jsl.com.br/ri
53.113.791/0001-22;2010-01-01;2;1227;TOTVS S.A.;2005-12-15;MICROSIGA SOFTWARE S.A.;1983-12-13;019992;2006-03-07;Categoria A;2010-01-01;Ativo;2006-03-07;Brasil;Brasil;Comunicação e Informática;Prestação de serviços de consultoria, assessoria e desenvolvimento de sistemas informatizados (software), atividades de pesquisa e inovação tecnológica, prestação de serviços relacionados à gestão.;Fase Operacional;2006-03-07;Privado;2006-03-07;31;12;;www.totvs.com
53.518.684/0001-84;2010-01-01;1;1928;HSBC LEASING ARRENDAMENTO MERCANTIL (BRASIL) S/A;2005-04-29;HSBC Leasing Arrendamento Mercantil S.A.;1984-02-29;019755;2005-06-06;Categoria B;2010-01-01;Ativo;2005-06-06;Brasil;Brasil;Arrendamento Mercantil;Prática de todas as operações de arrendamento mercantil, permitidas pela Lei nº 6099, de 12 de setembro de 1974 com as alterações introduzidas pela Lei nº 7132, de 26.10.83, de bens móveis e imóveis;Fase Operacional;2005-06-06;Privado;;31;12;2010-04-30;
53.790.218/0001-53;2010-01-01;1;499;LA FONTE TELECOM S/A;1998-10-02;La Fonte Investimentos SA;1984-09-11;012262;1985-01-04;Categoria A;2010-01-01;Ativo;1985-01-04;Brasil;Brasil;Emp. Adm. Part. - Telecomunicações;;Fase Operacional;1985-01-04;Privado Holding;;31;12;;
54.526.082/0001-31;2010-01-01;1;331;ITAUTEC S.A. - GRUPO ITAUTEC;2006-01-19;Itautec Philco S.A. - Grupo Itautec Philco;1985-06-01;012530;1985-11-14;Categoria A;2010-01-01;Ativo;1985-11-14;Brasil;Brasil;Comunicação e Informática;Fabricação de Equipamentos de Informática e Automações;Fase Operacional;1985-06-28;Privado Holding;1985-10-16;31;12;1985-10-16;www.itautec.com.br
56.444.250/0001-75;2010-01-01;1;553;HAUSCENTER SA;;;1986-09-16;014850;1995-05-02;Categoria B;2010-01-01;Ativo;1995-05-02;Brasil;Brasil;Emp. Adm. Part. - Sem Setor Principal;ALUGUEL DE IMÓVEIS;Fase Operacional;1995-05-02;Privado;2006-04-28;31;12;2009-12-31;www.servlease.com.br
56.643.018/0001-66;2010-01-01;3;3411;EUCATEX SA IND E COMERCIO;;;1951-11-23;005770;1969-08-20;Categoria A;2010-01-01;Ativo;1969-08-20;Brasil;Brasil;Construção Civil, Mat. Constr. e Decoração;Indústria e Comércio de chapas de fibra de madeira;Fase Operacional;2005-10-28;Privado;1996-12-20;31;12;2010-03-31;www.eucatex.com.br/ri
56.720.428/0001-63;2010-01-01;1;304;INDÚSTRIAS ROMI S.A.;1962-05-10;Máquinas Agrícolas Romi S.A.;1938-04-19;007510;1938-04-19;Categoria A;2010-01-01;Ativo;1938-04-19;Brasil;Brasil;Máquinas, Equipamentos, Veículos e Peças;Indústria e Comércio de Máquinas-Ferramenta;Fase Operacional;1938-04-19;Privado;2010-01-28;31;12;2009-12-31;www.romi.com.br
56.806.656/0001-50;2010-01-01;1;353;M&G POLIÉSTER SA;2005-04-29;Rhodia- Ster S.A.;1986-12-29;014559;1994-09-08;Categoria A;2010-01-01;Ativo;1994-09-08;Brasil;Brasil;Emp. Adm. Part. - Petroquímicos e Borracha;Participação e Administração;Fase Operacional;1994-09-08;Estrangeiro Holding;2007-07-25;31;12;;
56.992.423/0001-90;2010-01-01;1;205;BICICLETAS MONARK SA;;Monark Indústria e Comércio Ltda;1948-04-26;001694;1971-12-01;Categoria A;2010-01-01;Ativo;1971-12-01;Brasil;Brasil;Brinquedos e Lazer;Fabricação de Bicicletas;Fase Operacional;1971-12-01;Privado;;31;12;2009-12-31;www.monark.com.br
56.994.924/0001-05;2010-01-01;1;1745;PRÓ METALURGIA SA;2008-08-29;BICICLETAS CALOI S/A;1948-04-10;001686;1982-02-11;Categoria A;2010-01-01;Ativo;1982-02-11;Brasil;Brasil;Máquinas, Equipamentos, Veículos e Peças;INDUSTRIALIZAÇÃO DE BICICLETAS, PEÇAS E ACESSÓRIOS;Fase Operacional;1982-02-11;Privado;;31;12;;
58.119.199/0001-51;2010-01-01;3;2862;ODONTOPREV S/A;2006-06-13;Odontoprev Previdência Odontológica S/C;1987-08-28;020125;2006-06-13;Categoria A;2010-01-01;Ativo;2006-06-13;Brasil;Brasil;Serviços médicos;Operadora de planos odontológicos;Fase Operacional;2006-06-13;Privado;2009-12-23;31;12;2009-12-31;www.odontoprev.com.br/ri
58.128.174/0001-14;2010-01-01;3;3105;CIA BANDEIRANTES ARMS GERAIS;;;1935-03-01;002810;1977-07-20;Categoria A;2010-01-01;Ativo;1977-07-20;Brasil;Brasil;Serviços Transporte e Logística;A Companhia Bandeirantes de Armazéns Gerais tem como objetivo o mercado de carga em geral.;Fase Operacional;1977-09-25;Privado;1995-02-03;31;12;2010-04-30;www.ciaband.com.br
58.877.812/0001-08;2010-01-01;1;651;BROOKFIELD SÃO PAULO EMPREENDIMENTOS IMOBILIÁRIOS S.A.;2009-07-13;Comapny S.A;1988-05-25;019046;2001-09-03;Categoria B;2010-01-01;Ativo;2001-09-03;Brasil;Brasil;Emp. Adm. Part. - Const. Civil, Mat. Const. e Decoração;;Fase Operacional;2001-09-03;Privado;;31;12;;www.br.brookfield.com
59.105.999/0001-86;2010-01-01;1;958;WHIRLPOOL S.A;2006-04-28;Multibrás S.A. Eletrodomésticos;1957-06-12;014346;1994-04-22;Categoria A;2010-01-01;Ativo;1994-04-22;Brasil;Brasil;Máquinas, Equipamentos, Veículos e Peças;Fabricação e comercialização de eletrodomésticos e compressores;Fase Operacional;1994-04-22;Estrangeiro Holding;1997-08-11;31;12;2009-12-31;www.whirlpool.com.br
59.285.411/0001-13;2010-01-01;3;3513;BANCO PANAMERICANO SA;1989-07-31;Baú Financeira de Crédito Financiamento e Investimento;1966-08-23;021199;2007-11-12;Categoria A;2010-01-01;Ativo;2007-11-12;Brasil;Brasil;Bancos;Banco múltiplo com carteira comercial;Fase Operacional;2007-11-12;Privado;;31;12;2009-12-31;www.panamericano.com.br
59.789.545/0001-71;2010-01-01;2;3916;POLPAR S.A.;;;1988-11-29;013447;1989-03-03;Categoria A;2010-01-01;Ativo;1989-03-03;Brasil;Brasil;Emp. Adm. Part. - Sem Setor Principal;Participação em outras empresas;Fase Operacional;1989-03-03;Privado;;31;12;;www.polpar.com.br
60.394.723/0001-44;2010-01-01;1;147;DIXIE TOGA SA;1995-06-30;Indústria de Papéis de Arte José Tscherkassky S/A;1966-07-08;014931;1995-06-30;Categoria A;2010-01-01;Ativo;1995-06-30;Brasil;Brasil;Embalagens;Embalagens Rígidas e Flexíveis;Fase Operacional;1995-06-30;Estrangeiro;2009-04-20;31;12;;www.dixietoga.com.br
60.398.369/0001-26;2010-01-01;1;359;PARANAPANEMA S.A.;1997-07-28;PARANAPANEMA S.A., MINERAÇÃO, INDUSTRIA E CONSTRUÇÃO;1961-05-15;009393;1977-07-20;Categoria A;2010-01-01;Ativo;1977-07-20;Brasil;Brasil;Metalurgia e Siderurgia;Metalurgia do cobre e suas ligas.;Fase Operacional;2009-11-13;Privado;1998-04-07;31;12;2009-12-31;www.paranapanema.com.br
60.444.437/0001-46;2010-01-01;3;3006;LIGHT SERVIÇOS DE ELETRICIDADE SA;1967-08-23;Rio Light S.A Serviços de Eletricidade;1904-06-30;008036;1968-11-25;Categoria B;2010-01-01;Ativo;1968-11-25;Brasil;Brasil;Energia Elétrica;A LIGHT - Serviços de Eletricidade S.A. tem como atividade a distribuição de energia elétrica.;Fase Operacional;1968-11-25;Privado;2006-01-13;31;12;;www.light.com.br
60.476.884/0001-87;2010-01-01;2;3568;MAHLE METAL LEVE S.A.;1998-09-14;Metal Leve S.A. Indústria e Comércio;1950-03-03;008575;1977-07-20;Categoria A;2010-01-01;Ativo;1977-07-20;Brasil;Brasil;Máquinas, Equipamentos, Veículos e Peças;Industria e comércio de peças e componentes para motores a combustão;Fase Operacional;1950-03-03;Privado;1996-06-11;31;12;2009-12-31;www.mahle.com.br
60.500.139/0001-26;2010-01-01;2;2377;Saraiva SA Livreiros Editores;;;1914-12-13;010472;1977-07-20;Categoria A;2010-01-01;Ativo;1977-07-20;Brasil;Brasil;Gráficas e Editoras;Edição, indústria e comércio de livros e publicações em geral.;Fase Operacional;1977-07-20;Privado;;31;12;;http://www.saraivari.com.br
60.543.816/0001-93;2010-01-01;1;497;JEREISSATI PARTICIPAÇÕES S/A;2008-04-28;La Fonte Participações S.A.;1946-03-12;008672;1946-03-12;Categoria A;2010-01-01;Ativo;1946-03-12;Brasil;Brasil;Emp. Adm. Part. - Telecomunicações;;Fase Operacional;1946-03-12;Privado Holding;;31;12;;
60.605.664/0001-06;2010-01-01;1;3905;Raia S.A.;2007-08-21;Raia e Companhia Ltda.;1936-11-13;022306;2010-12-16;Categoria A;2010-12-16;Ativo;2010-12-16;Brasil;Brasil;Emp. Adm. Part. - Farmacêutico e Higiene;Comércio varejista de produtos farmacêutico, sem manipulaçã de fórmulas.;Fase Operacional;2010-12-16;Privado;;31;12;2009-12-31;www.drogaraia.com.br
60.637.238/0001-54;2010-01-01;1;77;INDS J B DUARTE SA;;;1936-04-17;012319;1985-03-14;Categoria A;2010-01-01;Ativo;1985-03-14;Brasil;Brasil;Alimentos;Participação em outras empresas;Fase Operacional;1985-03-14;Privado;;31;12;;www.jbd.com.br
60.643.228/0001-21;2010-01-01;3;1930;FIBRIA CELULOSE S.A.;2009-11-05;Votorantim Celulose e Papel S.A.;1941-07-25;012793;1986-06-02;Categoria A;2010-01-01;Ativo;1986-06-02;Brasil;Brasil;Papel e Celulose;;Fase Operacional;1986-06-02;Privado;1988-05-08;31;12;;www.fibria.com.br
60.651.809/0001-05;2010-01-01;2;3913;SUZANO HOLDING S.A. (EX-NEMOFEFFER S.A.);2003-05-30;NEMOFEFFER S.A.;1954-02-26;009067;1982-03-11;Categoria A;2010-01-01;Ativo;1982-03-11;Brasil;Brasil;Emp. Adm. Part. - Papel e Celulose;Sociedade Holding - Participação como acionista ou quotista no capital social de outras sociedades;Fase Operacional;1982-03-11;Privado;;31;12;;www.suzano.com.br
60.664.810/0001-74;2010-01-01;3;1909;AÇOS VILLARES SA;1944-08-18;;1944-08-18;000108;1969-05-16;Categoria A;2010-01-01;Ativo;1969-05-16;Brasil;Brasil;Metalurgia e Siderurgia;Fabricação e Comércio de Aços Especiais;Fase Operacional;1969-05-16;Privado;2008-08-28;31;12;2009-12-31;www.gerdau.com
60.730.348/0001-66;2010-01-01;1;1742;COMPANHIA MELHORAMENTOS DE SÃO PAULO;1994-08-12;Companhia Melhoramentos de São Paulo Ind de Papel;1890-09-12;003654;1977-07-20;Categoria A;2010-01-01;Ativo;1977-07-20;Brasil;Brasil;Emp. Adm. Part. - Papel e Celulose;Empresa com foco na administração de seu patrimônio imobiliário composto por três Fazendas e sua sede, bem como na participação em outras sociedades, abaixo identificadas.;Fase Operacional;1977-07-20;Privado;;31;12;2009-12-31;http://www2.melhoramentos.com.br/melhoramentos/pt/
60.746.948/0001-12;2010-01-01;2;1739;BANCO BRADESCO S.A.;1989-01-13;Banco Brasileiro de Descontos S.A.;1943-01-05;000906;1977-07-20;Categoria A;2010-01-01;Ativo;1977-07-20;Brasil;Brasil;Bancos;Prática de operações bancárias em geral, inclusive câmbio;Fase Operacional;1943-03-10;Privado;;31;12;;www.bradesco.com.br
60.770.336/0001-65;2010-01-01;1;367;BANCO ALFA DE INVESTIMENTO SA;1999-04-08;BANCO REAL DE INVESTIMENTO S.A.;1966-06-13;001384;1977-07-20;Categoria A;2010-01-01;Ativo;1977-07-20;Brasil;Brasil;Bancos;a prática de todas as operações permitidas à sociedade da espécie pelas disposições legais e regulamentares que então vigorarem, inclusive as de câmbio, mas excetuadas outras que dependam de autorizaç;Fase Operacional;1977-07-20;Privado;;31;12;;www.alfanet.com.br
60.840.055/0001-31;2010-01-01;1;185;FLEURY SA;2002-09-20;LABORATÓRIO DE ANÁLISES E PESQUISAS CLÍNICAS S/C LTDA.;1964-10-23;021881;2009-12-14;Categoria A;2010-01-01;Ativo;2009-12-14;Brasil;Brasil;Serviços médicos;(i) a prestação de serviços médicos e medicina diagnóstica, (ii) a consultoria, assessoria, cursos e palestras na área da saúde, bem como a prestação de serviços que visem a promoção de saúde;Fase Operacional;2009-12-14;Privado Holding;2002-09-20;31;12;;www.fleury.com.br
60.851.615/0001-53;2010-01-01;1;179;BARDELLA SA INDS MECANICAS;;;1911-02-11;001520;1969-11-26;Categoria A;2010-01-01;Ativo;1969-11-26;Brasil;Brasil;Máquinas, Equipamentos, Veículos e Peças;Bens de capital que fornece produtos e serviços para os segmentos de Metalurgia, Movimentação de Materiais, Óleo e Gás, Energia e Aços Laminados e Trefilados, para os mercados nacional e internacional;Fase Operacional;1969-11-26;Privado;;31;12;;www.bardella.com.br
60.872.504/0001-23;2010-01-01;2;1836;ITAÚ UNIBANCO HOLDING S.A.;2009-04-24;ITAÚ UNIBANCO BANCO MÚLTIPLO S.A.;1943-09-09;019348;2002-12-30;Categoria A;2010-01-01;Ativo;2002-12-30;Brasil;Brasil;Bancos;A sociedade tem por objeto a atividade bancária em todas as modalidades autorizadas, inclusive a de operações de câmbio.;Fase Operacional;1944-07-20;Privado;;31;12;;www.itau-unibanco.com.br/ri
60.882.628/0001-90;2010-01-01;1;154;Confab Industrial S.A.;;;1942-04-17;004650;1980-08-21;Categoria A;2010-01-01;Ativo;1980-08-21;Brasil;Brasil;Metalurgia e Siderurgia;Produção de bens de capital por encomenda;Fase Operacional;1980-08-21;Estrangeiro;2001-03-31;31;12;;www.tenarisconfab.com.br
60.884.319/0001-59;2010-01-01;2;1404;NORDON INDS METALURGICAS SA;;;1966-07-15;009083;1956-08-23;Categoria A;2010-01-01;Ativo;1956-08-23;Brasil;Brasil;Metalurgia e Siderurgia;;Paralisada;2003-09-30;;;31;12;;
60.889.128/0001-80;2010-01-01;1;391;BANCO SOFISA SA;1989-08-25;Sofisa S.A. C.F.I;1961-02-17;020680;2007-04-26;Categoria A;2010-01-01;Ativo;2007-04-26;Brasil;Brasil;Bancos;Banco Múltiplo com Carteiras Comercial, Crédito, Financiamento e Investimento, Câmbio e Arrendamento Mercantil.;Fase Operacional;2007-04-26;Privado;2007-04-04;31;12;2010-01-01;www.sofisa.com.br
60.894.730/0001-05;2010-01-01;1;256;USINAS SIDERURGICAS DE MINAS GERAIS SA;1999-01-29;COSIPA - COMPANHIA SIDERÚRGICA PAULISTA;1956-04-25;014320;1994-04-11;Categoria A;2010-01-01;Ativo;1994-04-11;Brasil;Brasil;Metalurgia e Siderurgia;Venda de produtos siderúrgicos, como Chapas Grossas, Laminados a quente, a frio, placas, galvanizados, entre outros.;Fase Operacional;1994-04-11;Privado;1991-10-24;31;12;;www.usiminas.com
60.933.603/0001-78;2010-01-01;2;181;CESP - Companhia Energética de São Paulo;1977-10-27;CESP - Centrais Elétricas São Paulo S. A.;1966-12-05;002577;1971-09-27;Categoria A;2010-01-01;Ativo;1971-09-27;Brasil;Brasil;Energia Elétrica;Geração e Comercialização de Energia Elétrica;Fase Operacional;1971-09-27;Estatal;1966-12-05;31;12;;www.cesp.com.br
61.022.042/0001-18;2010-01-01;2;1720;CONSTRUTORA ADOLPHO LINDENBERG S/A;;;1962-07-13;004723;1977-07-20;Categoria A;2010-01-01;Ativo;1977-07-20;Brasil;Brasil;Construção Civil, Mat. Constr. e Decoração;Construção de Edifícios;Fase Operacional;1977-07-20;Privado;;31;12;;www.lindenberg.com.br
61.024.352/0001-71;2010-01-01;2;1027;BANCO INDUSVAL SA;1991-04-25;INDUSVAL S.A. CORRETORA DE TÍTULOS E VALORES MOBILIÁRIOS;1967-03-28;020885;2007-07-10;Categoria A;2010-01-01;Ativo;2007-07-10;Brasil;Brasil;Bancos;;Fase Operacional;2007-07-10;Privado;1967-03-28;31;12;;www.indusval.com.br
61.065.298/0001-02;2010-01-01;2;3541;MANGELS INDUSTRIAL SA;;;1928-10-01;008397;1971-12-28;Categoria A;2010-01-01;Ativo;1971-12-28;Brasil;Brasil;Emp. Adm. Part. - Metalurgia e Siderurgia;Holding de instituição não financeira;Fase Operacional;1971-12-28;Privado;;31;12;;www.mangels.com.br
61.065.751/0001-80;2010-01-01;1;1275;ROSSI RESIDENCIAL S.A.;1985-06-27;;1985-06-27;016306;1997-07-01;Categoria A;2010-01-01;Ativo;1997-07-01;Brasil;Brasil;Construção Civil, Mat. Constr. e Decoração;O objeto social é a compra e venda de imóveis, desmembramento e loteamento de terrenos, incorporação imobiliária e construção de imóveis destinados à venda.;Fase Operacional;1997-07-01;Privado;;31;12;;www.rossiresidencial.com.br
61.067.161/0001-97;2010-01-01;1;1394;NADIR FIGUEIREDO IND E COM SA;;;1912-08-30;009040;1977-07-20;Categoria A;2010-01-01;Ativo;1977-07-20;Brasil;Brasil;Extração Mineral;Fabricação de artigos de vidro para uso doméstico e embalagem;Fase Operacional;1977-07-20;Privado;;31;12;;www.nadir.com.br
61.079.117/0001-05;2010-01-01;3;1908;SAO PAULO ALPARGATAS SA;;;1907-04-03;010456;1977-07-20;Categoria A;2010-01-01;Ativo;1977-07-20;Brasil;Brasil;Têxtil e Vestuário;Industria e comércio de calçados e artigos esportivos;Fase Operacional;1977-07-20;Privado;2002-02-10;31;12;;http://www.alpargatas.com.br/
61.080.313/0001-91;2010-01-01;1;1261;COBRASMA SA;;Cobrasma S/A;1944-09-01;004448;1979-12-12;Categoria A;2010-01-01;Ativo;1979-12-12;Brasil;Brasil;Máquinas, Equipamentos, Veículos e Peças;Construção e Reparação de Material Ferroviário;Fase Operacional;1979-12-12;Privado;1996-04-30;31;12;;
61.084.984/0001-20;2010-01-01;1;961;BRASMOTOR SA;;;1945-07-20;001970;1969-08-08;Categoria A;2010-01-01;Ativo;1969-08-08;Brasil;Brasil;Máquinas, Equipamentos, Veículos e Peças;Holding;Fase Operacional;1969-08-08;Estrangeiro Holding;1997-08-11;31;12;2009-12-31;www.whirlpool.com.br
61.088.894/0001-08;2010-01-01;1;309;CAMBUCI SA;1945-08-29;;1945-08-29;002100;1985-01-05;Categoria A;2010-01-01;Ativo;1985-01-05;Brasil;Brasil;Têxtil e Vestuário;;Fase Operacional;1985-01-05;Privado;2000-05-18;31;12;2009-12-31;www.penalty.com
61.092.037/0001-81;2010-01-01;1;326;ETERNIT SA;1977-12-01;INDÚSTRIAS ETERNIT S. A.;1940-01-30;005762;1970-11-17;Categoria A;2010-01-01;Ativo;1970-11-17;Brasil;Brasil;Construção Civil, Mat. Constr. e Decoração;INDÚSTRIA E COMÉRCIO DE PRODUTOS DE FIBROCIMENTO, CIMENTO, CONCRETO, GESSO E PRODUTOS DE MATÉRIA PLÁSTICA, BEM COMO OUTROS MATERIAIS DE CONSTRUÇÃO E RESPECTIVOS ACESSÓRIOS;Fase Operacional;1970-11-17;Privado;2003-10-10;31;12;2009-12-31;www.eternit.com.br/ri
61.101.895/0001-45;2010-01-01;3;3809;SANTHER FAB.DE PAPEL SANTA THEREZINHA SA;;;1938-09-23;014923;1995-06-29;Categoria A;2010-01-01;Ativo;1995-06-29;Brasil;Brasil;Papel e Celulose;Produção de papéis higiênico, guardanapos, absorventes, fraldas, protetores, produtos de higiene e produtos domissanitários em geral.;Fase Operacional;1995-06-29;Privado;;31;12;;
61.156.113/0001-75;2010-01-01;1;1385;IOCHPE-MAXION SA;;;1969-10-06;011932;1984-07-17;Categoria A;2010-01-01;Ativo;1984-07-17;Brasil;Brasil;Máquinas, Equipamentos, Veículos e Peças;Fabricação e comercialização de produtos do setor automotivo e equipamentos ferroviários.;Fase Operacional;1984-07-17;Privado;2010-06-14;31;12;;www.iochpe.com.br
61.156.931/0001-78;2010-01-01;2;1217;SIDERURGICA J L ALIPERTI SA;1944-09-26;J. L. Aliperti Irmãos & Cia Ltda;1924-01-02;012823;1986-06-06;Categoria A;2010-01-01;Ativo;1986-06-06;Brasil;Brasil;Metalurgia e Siderurgia;Fabricação de peças e acessórios para o sistema de direção e suspensão de veículos automotores;Fase Operacional;1986-06-06;Privado;2008-07-14;31;12;;www.alipertimolas.com.br
61.189.288/0001-89;2010-01-01;1;1250;Marisa Lojas S.A.;2009-11-23;Marisa Lojas Varejistas Ltda;1959-04-28;022055;2010-06-14;Categoria A;2010-06-14;Ativo;2010-06-14;Brasil;Brasil;Comércio (Atacado e Varejo);Comércio varejista de artigos do vestuário e acessórios;Fase Operacional;2010-06-14;Privado;2009-11-23;31;12;;www.marisa.com.br
61.351.532/0001-68;2010-01-01;1;924;AZEVEDO & TRAVASSOS SA;1984-06-26;AZEVEDO & TRAVASSOS S.A. ENGENHARIA CONSTRUÇÕES E COMÉRCIO;1922-06-25;011975;1984-08-20;Categoria A;2010-01-01;Ativo;1984-08-20;Brasil;Brasil;Construção Civil, Mat. Constr. e Decoração;;Fase Operacional;1984-08-20;Privado;;31;12;;www.azevedotravassos.com.br
61.374.161/0001-30;2010-01-01;1;1689;BAUMER SA;;;1952-05-07;001562;1970-05-20;Categoria A;2010-01-01;Ativo;1970-05-20;Brasil;Brasil;Metalurgia e Siderurgia;Fabricação aparelhos e instrumentos p/ uso medico hospitalar e ortopedia;Fase Operacional;1970-05-20;Privado;;31;12;;www.baumer.com.br
61.410.395/0001-95;2010-01-01;1;161;FIBAM CIA INDUSTRIAL;;;1951-10-17;006017;1972-08-03;Categoria A;2010-01-01;Ativo;1972-08-03;Brasil;;Metalurgia e Siderurgia;Fabricação de peças e acessórios para veículos automotores tais como parafusos, porcas, arruelas, roscas e similares.;Fase Operacional;1972-08-03;Privado;2007-11-06;31;12;;www.fibam.com.br
61.486.650/0001-83;2010-01-01;2;3030;DIAGNOSTICOS DA AMERICA S.A.;2000-08-17;Laboratório Clínico Delboni Auriemo S.A.;1966-07-07;019623;2004-11-05;Categoria A;2010-01-01;Ativo;2004-11-05;Brasil;Brasil;Serviços médicos;Análises Clínicas e Medicina Diagnóstica;Fase Operacional;2004-11-05;Privado;;31;12;;www.dasa3.com.br
61.532.644/0001-15;2010-01-01;2;2560;ITAÚSA - INVESTIMENTOS ITAÚ S.A.;1991-04-30;Investimentos Itaú S.A.;1966-05-06;007617;1977-07-20;Categoria A;2010-01-01;Ativo;1977-07-20;Brasil;Brasil;Emp. Adm. Part. - Sem Setor Principal;Gestão de Participações Societárias (Holding);Fase Operacional;1966-08-04;Privado Holding;;31;12;1985-12-30;www.itausa.com.br
61.565.222/0001-46;2010-01-01;2;1311;PARAMOUNT TEXTEIS INDUSTRIA E COMERCIO S/A;2004-12-31;KARIBÊ INDÚSTRA E COMÉRCIO S.A.;1966-03-15;019798;2005-09-16;Categoria B;2010-01-01;Ativo;2005-09-16;Brasil;Brasil;Têxtil e Vestuário;INDUSTRIA TÊXTIL;Fase Operacional;2005-09-16;Privado;;31;12;;www.paramount.com.br
61.584.140/0001-49;2010-01-01;4;3918;REDE ENERGIA S.A.;2008-04-07;REDE EMPRESAS DE ENERGIA ELÉTRICA S.A.;1929-01-02;003190;1969-10-16;Categoria A;2010-01-01;Ativo;1969-10-16;Brasil;Brasil;Energia Elétrica;Participação em outras empresas (holding);Fase Operacional;1969-10-16;Privado;1995-05-31;31;12;;www.redenergia.com
61.585.865/0001-51;2010-01-01;2;1485;DROGASIL S/A;;;1935-03-28;005258;1977-07-20;Categoria A;2010-01-01;Ativo;1977-07-20;Brasil;Brasil;Comércio (Atacado e Varejo);Comércio de Produtos Farmacêuticos, Perfumarias e Afins;Fase Operacional;1977-07-20;Privado;;31;12;;www.drogasil.com.br
61.695.227/0001-93;2010-01-01;3;3730;ELETROPAULO METROPOLITANA EL.S.PAULO S.A;1997-12-31;Eletropaulo - Eletricidade de São Paulo S.A.;1971-09-08;014176;1993-08-19;Categoria A;2010-01-01;Ativo;1993-08-19;Brasil;Brasil;Emp. Adm. Part. - Máqs., Equip., Veíc. e Peças;Distribuição de energia elétrica;Fase Operacional;1993-08-19;Privado;1997-12-31;31;12;;www.aeseletropaulo.com.br
61.856.571/0001-17;2010-01-01;2;2265;COMPANHIA DE GÁS DE SÃO PAULO - COMGÁS;1974-01-28;Companhia Paulista de Serviço de Gás.;1872-08-28;015636;1996-07-03;Categoria A;2010-01-01;Ativo;1996-07-03;Brasil;Brasil;Emp. Adm. Part. - Saneamento, Serv. Água e Gás;Setor de atividade: Utilidade Pública: Distribuição de gás natural canalizado.;Fase Operacional;1996-07-03;Privado;1999-05-21;31;12;2009-12-31;www.comgas.com.br
62.002.886/0001-60;2010-01-01;1;509;SÃO PAULO TURISMO S. A.;2005-04-29;ANHEMBI TURISMO E EVENTOS DA CIDADE DE SÃO PAULO S/A;1968-02-05;009415;1977-10-20;Categoria A;2010-01-01;Ativo;1977-10-20;Brasil;Brasil;Emp. Adm. Part. - Hospedagem e Turismo;CESSÃO DE ÁREAS PARA EVENTOS;Fase Operacional;1977-10-20;Estatal;;31;12;;www.anhembi.com.br e www.spturis.com
62.063.177/0001-94;2010-01-01;2;3907;SAFRA LEASING SA ARRENDAMENTO MERCANTIL;1977-04-28;Lease Bens S.A. Serviços, Planej. Comércio e Administração;1968-04-03;019844;2005-10-27;Categoria B;2010-01-01;Ativo;2005-10-27;Brasil;Brasil;Arrendamento Mercantil;O objeto social da Companhia é a prática das operações de arrendamento mercantil definidas na Lei nº. 6099/74.;Fase Operacional;2005-10-27;Privado;;31;12;;www.safraleasing.com.br
62.092.739/0001-28;2010-01-01;1;846;COSAN ALIMENTOS S.A.;2009-08-04;Nova America SA Agroenergia;1989-12-29;020923;2007-07-16;Categoria B;2010-01-01;Ativo;2007-07-16;Brasil;Brasil;Agricultura (Açúcar, Álcool e Cana);Fabricação de Açúcar, Etanol e Energia Elétrica;Fase Operacional;2007-07-16;Privado;;31;3;;www.cosan.com.br
62.136.254/0001-99;2010-01-01;1;342;BANCO CRUZEIRO DO SUL SA;;;1968-07-29;020753;2007-06-13;Categoria A;2010-01-01;Ativo;2007-06-13;Brasil;Brasil;Bancos;Banco Múltiplo;Fase Operacional;2007-06-13;Privado;2009-04-27;31;12;2009-12-31;www.bcsul.com.br
62.144.175/0001-20;2010-01-01;3;3969;BANCO PINE S/A.;1997-05-15;Banco Segmento S.A.;1997-05-15;020567;2007-03-27;Categoria A;2010-01-01;Ativo;2007-03-27;Brasil;Brasil;Bancos;Banco com diversos serviços para empresas, dentre outros, de crédito em moeda local e estrangeira, consultoria financeira e estratégica, câmbio, trade finance, tesouraria, investimentos e repasses.;Fase Operacional;2007-03-27;Privado;2005-08-02;31;12;2009-12-31;www.bancopine.com.br
62.232.889/0001-90;2010-01-01;1;360;Banco Daycoval S/A;1989-05-22;Daycoval Distribuidora de Títulos e Valores Mobiliários Ltda;1968-11-07;020796;2007-06-27;Categoria A;2010-01-01;Ativo;2007-06-27;Brasil;Brasil;Bancos;Banco Múltiplo com carteira comercial, de câmbio, de investimento e de crédito e financiamento.;Fase Operacional;2007-06-27;Privado Holding;2007-03-20;31;12;;www.daycoval.com.br
62.258.884/0001-36;2010-01-01;1;1015;CAMARGO CORREA CIMENTOS SA;1998-10-30;CAMARGO CORREA INDUSTRIAL SA;1968-09-20;019631;2004-11-12;Categoria B;2010-01-01;Ativo;2004-11-12;Brasil;Brasil;Extração Mineral;Cimento, Concreto, Agregados (brita e areia) e Energia Elétrica (autoprodutor);Fase Operacional;2004-11-12;Privado Holding;1996-03-12;31;12;;www.camargocorreacimentos.com.br
62.307.848/0001-15;2010-01-01;1;208;CIA DE ARREND MERCANTIL RCI BRASIL;2009-04-29;Companhia de Arrendamento Mercantil Renault do Brasil;1968-09-12;021466;2008-04-29;Categoria B;2010-01-01;Ativo;2008-04-29;Brasil;Brasil;Arrendamento Mercantil;A Companhia tem por objetivo principal a prática de operações de arrendamento mercantil e demais atividades permitidas às entidades da espécie de acordo com as disposições legais e regulares.;Fase Operacional;2008-04-29;Privado;2003-10-24;31;12;;www.santander.com.br
65.654.303/0001-73;2010-01-01;3;3462;DIBENS LEASING S.A.- ARREND. MERCANTIL;;;1990-09-27;014214;1993-09-28;Categoria B;2010-01-01;Ativo;1993-09-28;Brasil;Brasil;Arrendamento Mercantil;Arrendamento Mercantil;Fase Operacional;1991-04-01;Privado;;31;12;;
67.010.660/0001-24;2010-01-01;1;711;RODOBENS NEGOCIOS IMOBILIARIOS SA;2006-09-25;Rodobens Incoporação e Construção Ltda;1991-10-16;020451;2007-01-18;Categoria A;2010-01-01;Ativo;2007-01-18;Brasil;Brasil;Construção Civil, Mat. Constr. e Decoração;(i) a compra e venda de imóveis (ii) o desmembramento ou loteamento de terrenos (iii) a incorporação imobiliária ou construção de imóveis destinados à venda (iv) a prestação de serviços a terceiros;Fase Operacional;2007-01-18;Privado;;31;12;;www.rodobens.com/negociosimobiliarios
67.203.208/0001-89;2010-01-01;1;487;CAMARGO CORREA DESENVOLVIMENTO IMOBILIARIO SA;2003-01-08;Camargo Corrêa Desenvolvimento Imobiliário Ltda;1991-09-30;020486;2007-01-29;Categoria A;2010-01-01;Ativo;2007-01-29;Brasil;Brasil;Construção Civil, Mat. Constr. e Decoração;Incorporação e Construção Imobiliária;Fase Operacional;2007-01-29;Privado Holding;;31;12;;www.ccdi.com.br
67.437.434/0001-24;2010-01-01;1;1303;TC SECURITIES CIA DE SECURITIZAÇÃO;2006-08-29;TC CREDITO FOMENTO MERCANTIL LTDA;1992-01-10;020389;2006-12-15;Categoria B;2010-01-01;Ativo;2006-12-15;Brasil;Brasil;Securitização de Recebíveis;;Fase Operacional;2006-12-15;Privado;2006-08-29;31;12;;
67.571.414/0001-41;2010-01-01;1;329;INPAR S/A;2006-12-22;Inpar - Construções e Empreendimentos Imobiliários Ltda.;1992-02-06;020702;2007-05-23;Categoria A;2010-01-01;Ativo;2007-05-23;Brasil;Brasil;Construção Civil, Mat. Constr. e Decoração;Incorporadora e construtora, com atuação em todas as regiões do país nos segmentos residencial, comercial, turismo e de loteamentos.loteamentos. No segmento residencial, nosso principal mercado de a;Fase Operacional;2007-05-23;Estrangeiro Holding;2009-04-16;31;12;;http://www.inpar.com.br
67.620.377/0001-14;2010-01-01;1;1196;MINERVA S/A;2007-05-02;;2007-05-02;020931;2007-07-18;Categoria A;2010-01-01;Ativo;2007-07-18;Brasil;Brasil;Alimentos;Um dos líderes no Brasil na produção e comercialização de carne in natura, boi vivo e seus derivados e que atua também nos segmentos de processamento de carne bovina, suína e de aves.;Fase Operacional;2007-07-18;Privado Holding;;31;12;2009-12-31;www.minerva.ind.br
67.915.785/0001-01;2010-01-01;1;1283;REDFACTOR FACTORING E FOMENTO COML S/A;;;1992-05-11;019496;2003-12-22;Categoria B;2010-01-01;Ativo;2003-12-22;Brasil;Brasil;Factoring;Factoring e fomento comercial;Fase Operacional;2003-12-22;Privado Holding;;31;12;;www.redfactor.com.br
69.720.910/0001-45;2010-01-01;2;3536;BIC ARRENDAMENTO MERCANTIL S.A;1992-11-30;Não existe nome nome empresarial anterior;1992-11-30;015121;1995-11-16;Categoria B;2010-01-01;Ativo;1995-11-16;Brasil;Brasil;Emp. Adm. Part. - Arrendamento Mercantil;Arrendamento Mercantil;Fase Operacional;1995-11-16;Privado;2009-11-26;31;12;2009-12-31;
71.208.516/0001-74;2010-01-01;1;162;COMPANHIA TELECOMUNICAÇÕES DO BRASIL CENTRAL;1993-04-30;ALGAR TELECOM;1993-04-30;021032;2007-07-27;Categoria B;2010-01-01;Ativo;2007-07-27;Brasil;Brasil;Telecomunicações;Serviços de Telecomunicações em geral;Fase Operacional;2007-07-27;Privado;1993-04-30;31;12;;http://www.ctbc.com.br
71.476.527/0001-35;2010-01-01;2;3778;CONSTRUTORA TENDA S/A;;Construtora Tenda Ltda;1996-12-01;021148;2007-10-11;Categoria B;2010-06-09;Ativo;2007-10-11;Brasil;Brasil;Construção Civil, Mat. Constr. e Decoração;;Fase Operacional;2007-10-11;Privado Holding;2009-12-30;31;12;2009-12-31;www.tenda.com
71.673.990/0001-77;2010-01-01;2;1442;NATURA COSMETICOS SA;2004-05-21;;1969-08-28;019550;2004-05-21;Categoria A;2010-01-01;Ativo;2004-05-21;Brasil;Brasil;Farmacêutico e Higiene;Comércio Atacadista de Comércio e Produtos de Perfumaria;Fase Operacional;2004-05-21;Privado;2004-05-21;31;12;2009-12-31;www.natura.net
73.178.600/0001-18;2010-01-01;1;354;CYRELA BRAZIL REALTY S.A. EMPREENDIMENTOS E PARTICIPAÇÕES;;BRAZIL REALTY S.A. EMPREENDIMENTOS E PARTICIPAÇÕES;1993-12-01;014460;1994-07-07;Categoria A;2010-01-01;Ativo;1994-07-07;Brasil;Brasil;Construção Civil, Mat. Constr. e Decoração;Incorporação Imobiliária;Fase Operacional;2001-03-31;Privado;1993-12-01;31;12;2009-12-31;www.cyrela.com.br
74.409.467/0001-26;2010-01-01;1;388;FENICIAPAR S/A;1994-12-16;FENICIAPAR PARTICIPAÇÕES S/A;1994-01-03;015024;1995-09-15;Categoria A;2010-01-01;Ativo;1995-09-15;Brasil;Brasil;Securitização de Recebíveis;Aquisição de direitos creditórios originados pela Lojas Arapuã S/A direritos estes, que contam com a co-obrigação da vendedora dos produtos e serviços prestados e cessão de direitos.;Paralisada;1998-06-22;Privado;;31;12;2009-12-31;
76.255.926/0001-90;2010-01-01;1;158;CIA. IGUAÇU DE CAFÉ SOLÚVEL;;;1967-06-22;003336;1977-07-20;Categoria A;2010-01-01;Ativo;1977-07-20;Brasil;Brasil;Alimentos;Fabricação de café solúvel;Fase Operacional;1971-07-17;Privado;1972-08-07;31;12;;www.cafeiguacu.com.br
76.483.817/0001-20;2010-01-01;2;1362;Companhia Paranaense de Energia;1979-10-22;Companhia Paranaense de Energia Elétrica;1954-10-26;014311;1994-04-04;Categoria A;2010-01-01;Ativo;1994-04-04;Brasil;Brasil;Energia Elétrica;Geração, Transmissão, Comercialização e Distribuição de Energia Elétrica;Fase Operacional;1994-04-04;Estatal Holding;;31;12;2010-01-01;www.copel.com
76.484.013/0001-45;2010-01-01;2;3048;CIA. DE SANEAMENTO DO PARANÁ - SANEPAR;1964-06-19;COMPANHIA DE ÁGUA E ESGOTOS DO PARANÁ - AGEPAR;1964-01-09;018627;2000-03-10;Categoria A;2010-01-01;Ativo;2000-03-10;Brasil;Brasil;Saneamento, Serv. Água e Gás;CAPTAÇÃO, TRATAMENTO E DISTRIBUIÇÃO DE ÁGUA E COLETA E TRATAMENTO DE ESGOTO;Fase Operacional;2000-03-10;Estatal;1998-11-24;31;12;;www.sanepar.com.br
76.500.180/0001-32;2010-01-01;2;1605;COMPANHIA PROVIDENCIA IND E COMERCIO;;;1963-06-14;020974;2007-07-25;Categoria A;2010-01-01;Ativo;2007-07-25;Brasil;Brasil;Petroquímicos e Borracha;Fabricação e comercialização de tecido não-tecido, resultante da transformação de polipropielno;Fase Operacional;2007-07-25;Privado;2007-01-31;31;12;2009-12-31;www.proidencia.com.br
76.535.764/0001-43;2010-01-01;2;3169;BRASIL TELECOM S/A;2000-04-28;Telecomunicações do Paraná S.A. - TELEPAR;1963-11-27;011312;1980-03-27;Categoria A;2010-01-01;Ativo;1980-03-27;Brasil;Brasil;Telecomunicações;;Fase Operacional;1980-03-27;Privado;2009-01-08;31;12;2009-12-31;www.oi.com.br/ri
76.627.504/0001-06;2010-01-01;4;3852;INEPAR SA IND E CONSTRUCOES;1976-04-30;INEPAR - INDÚSTRIA ELETROMECÂNICAS DO PARANÁ S/A;1968-05-01;007595;1980-01-22;Categoria A;2010-01-01;Ativo;1980-01-22;Brasil;Brasil;Máquinas, Equipamentos, Veículos e Peças;Fabricação de equipamentos e sistemas elétricos , fabricação de torres e acessórios para transmissão de energia e telecomunicações, fabricação de bens de capital e sitemas industriais sob encomenda,;Fase Operacional;1980-01-22;Privado;;31;12;1968-05-01;www.inepar.com.br
78.588.415/0001-15;2010-01-01;2;2178;CIA CACIQUE CAFE SOLUVEL;;;1959-10-17;002909;1977-07-20;Categoria A;2010-01-01;Ativo;1977-07-20;Brasil;Brasil;Alimentos;A exploração de usinas de café solúvel e a industrialização e envasamento do café solúvel, do café torrado e/ou moído;Fase Operacional;1977-07-20;Privado Holding;;31;12;;www.cafepele.com.br
78.876.950/0001-71;2010-01-01;1;306;CIA HERING;1999-04-30;Hering Têxtil S/A;1985-09-19;014761;1995-01-26;Categoria A;2010-01-01;Ativo;1995-01-26;Brasil;Brasil;Têxtil e Vestuário;Confecção de artigos do vestuário e acessórios;Fase Operacional;1995-01-26;Privado;;31;12;;www.ciahering.com.br
79.655.916/0001-30;2010-01-01;2;1594;CECRISA REVESTIMENTOS CERAMICOS SA;;;1986-09-11;015610;1996-06-21;Categoria A;2010-01-01;Ativo;1996-06-21;Brasil;Brasil;Construção Civil, Mat. Constr. e Decoração;Indústria e Comércio de Revestimentos Cerâmicos S/A;Fase Operacional;1996-06-21;Privado;1999-06-22;31;12;;www.cecrisa.com.br
80.227.184/0001-66;2010-01-01;2;1482;METALGRAFICA IGUAÇU S.A.;1970-05-26;METALGRAFICA MERHY S.A.;1951-11-27;008605;1968-09-02;Categoria A;2010-01-01;Ativo;1968-09-02;Brasil;Brasil;Metalurgia e Siderurgia;FÁBRICA DE EMBALAGENS METÁLICAS PARA ALIMENTOS;Fase Operacional;1968-09-02;Privado;1992-03-24;31;12;;www.metaliguacu.com.br
81.243.735/0001-48;2010-01-01;2;959;POSITIVO INFORMÁTICA S.A.;2006-08-17;POSITIVO INFORMÁTICA LTDA.;1989-05-26;020362;2006-12-06;Categoria A;2010-01-01;Ativo;2006-12-06;Brasil;Brasil;Comunicação e Informática;Fabricação de computadores.;Fase Operacional;1989-05-26;Privado;;31;12;;www.positivoinformatica.com.br/ri
81.304.727/0001-64;2010-01-01;2;2991;IGUACU CELULOSE PAPEL SA;1981-12-10;INDUSTRIAL PAPELEIRA SANTA MÔNICA S/A;1965-11-04;015113;1995-11-09;Categoria A;2010-01-01;Ativo;1995-11-09;Brasil;Brasil;Papel e Celulose;FABRICAÇÃO DE PAPEL, CELULOSE E DERIVADOS;Fase Operacional;1995-11-09;Privado;;31;12;;www.iguacucelulose.com.br
82.373.077/0001-71;2010-01-01;2;3890;BEMATECH S.A.;2008-04-11;BEMATECH IND E COM E EQUIP ELET S.A.;1990-10-01;020656;2007-04-17;Categoria A;2010-01-01;Ativo;2007-04-17;Brasil;Brasil;Comunicação e Informática;Produção, industrialização e comercialização de hardware, software e serviços;Fase Operacional;2007-04-17;Privado;;31;12;;www.bematech.com.br/ri
82.508.433/0001-17;2010-01-01;3;1075;CIA CAT. DE ÁGUAS E SANEAMENTO - CASAN;;;1971-07-02;016861;1998-02-06;Categoria A;2010-01-01;Ativo;1998-02-06;Brasil;Brasil;Saneamento, Serv. Água e Gás;Atuar como instituição integrante do sistema de saneamento básico e de saúde do Estado de Santa Catarina através dos serviços de captação, tratamento e distribuição de água e tratamento de esgoto.;Fase Operacional;1998-02-06;Estatal;1998-02-06;31;12;2009-12-31;www.casan.com.br
82.636.986/0001-55;2010-01-01;1;500;TEKA TECELAGEM KUEHNRICH SA;1972-10-20;TECELAGEM KUEHNRICH S.A.;1935-04-06;011223;1969-12-04;Categoria A;2010-01-01;Ativo;1969-12-04;Brasil;Brasil;Têxtil e Vestuário;Fabricação de artigos de Cama, Mesa e Banho;Fase Operacional;1969-12-04;Privado;1935-04-06;31;12;2009-12-31;www.teka.com.br
82.640.558/0001-04;2010-01-01;5;3891;KARSTEN SA;2000-04-17;Companhia Têxtil Karsten;1933-12-12;004146;1971-12-29;Categoria A;2010-01-01;Ativo;1971-12-29;Brasil;Brasil;Têxtil e Vestuário;Fabricação e comércio de fios, tecidos e produtos têxteis em geral.;Fase Operacional;1971-12-29;Privado;1933-12-12;31;12;1933-12-12;www.karsten.com.br
82.640.632/0001-84;2010-01-01;2;1341;LOJAS HERING SA;;;1950-12-29;008117;1977-07-20;Categoria A;2010-01-01;Ativo;1977-07-20;Brasil;Brasil;Comércio (Atacado e Varejo);Comércio Varejista de Artigos Têxteis;Fase Operacional;2010-04-27;Privado;1997-07-15;31;12;;www.lojasheringsa.com.br
82.641.325/0001-18;2010-01-01;1;555;CREMER SA;1995-03-21;Cremer S.A. - Produtos Têxteis e Cirúrgicos;1935-03-30;020141;2006-06-30;Categoria A;2010-01-01;Ativo;2006-06-30;Brasil;Brasil;Têxtil e Vestuário;Indústria e comércio de produtos têxteis (tecidos e não tecidos), cirúrgicos, hospitalares, adesivos cirúrgicos e industriais, cosméticos, de perfumaria e higiene, comércio de medicamentos, saneantes;Fase Operacional;2006-06-30;Privado;;31;12;2009-12-31;www.cremer.com.br/ri
82.643.537/0001-34;2010-01-01;1;393;ELECTRO AÇO ALTONA S/A;1950-01-19;ELECTRO AÇO;1936-10-31;005380;1950-01-19;Categoria A;2010-01-01;Ativo;1950-01-19;Brasil;Brasil;Metalurgia e Siderurgia;Fundição de Ferro e Aço;Fase Operacional;1998-12-29;Privado;;31;12;2009-12-31;www.altona.com.br
82.981.671/0001-45;2010-01-01;2;3761;FAB TECIDOS CARLOS RENAUX SA;;;1892-03-11;005827;1969-11-13;Categoria A;2010-01-01;Ativo;1969-11-13;Brasil;Brasil;Têxtil e Vestuário;Produção de tecidos de Algodão;Fase Operacional;1969-11-13;Privado;;31;12;;www.renaux.com.br
82.981.812/0001-20;2010-01-01;1;972;BUETTNER SA IND E COMERCIO;;;1952-10-01;002038;1969-02-27;Categoria A;2010-01-01;Ativo;1969-02-27;Brasil;Brasil;Têxtil e Vestuário;Banho e Cama;Fase Operacional;1969-02-27;Privado;1999-04-09;31;12;;
82.981.929/0001-03;2010-01-01;2;1529;CIA INDL SCHLOSSER SA;1933-10-18;G. SCHLOSSER & FILHOS;1911-01-01;003549;1985-06-28;Categoria A;2010-01-01;Ativo;1985-06-28;Brasil;Brasil;Têxtil e Vestuário;Tecidos para Vestuário;Fase Operacional;1985-06-28;Privado;;31;12;;www.schlosser.com.br
82.982.075/0001-80;2010-01-01;1;1321;TÊXTIL RENAUXVIEW S/A;2007-04-29;INDÚSTRIAS TÊXTEIS RENAUX S/A;1925-04-27;007544;1969-08-11;Categoria A;2010-01-01;Ativo;1969-08-11;Brasil;Brasil;Têxtil e Vestuário;Fiação de algodão e tecelagem;Fase Operacional;1969-08-11;Privado;2009-03-30;31;12;1925-04-27;www.renauxview.com.br
83.475.913/0001-91;2010-01-01;1;211;PORTOBELLO S/A;1998-12-17;CERÂMICA PORTOBELLO S/A;1977-12-22;013773;1991-01-04;Categoria A;2010-01-01;Ativo;1991-01-04;Brasil;Brasil;Construção Civil, Mat. Constr. e Decoração;Industrialização e Comercialização de Revestimentos Cerâmicos;Fase Operacional;1991-01-04;Privado;1977-12-22;31;12;2009-12-31;www.portobello.com.br
83.878.892/0001-55;2010-01-01;1;219;CENTRAIS ELETRICAS DE SANTA CATARINA S.A;;;1955-12-09;002461;1973-03-26;Categoria A;2010-01-01;Ativo;1973-03-26;Brasil;Brasil;Emp. Adm. Part. - Energia Elétrica;Holding do Setor de Energia;Fase Operacional;1973-03-26;Estatal Holding;;31;12;;www.celesc.com.br
84.208.123/0001-02;2010-01-01;1;1214;CIA DOCAS DE IMBITUBA;;;1923-01-02;003174;1977-07-20;Categoria A;2010-01-01;Ativo;1977-07-20;Brasil;Brasil;Serviços Transporte e Logística;ADMINISTRAÇÃO PORTUÁRIA;Fase Operacional;1977-07-20;Privado;;31;12;2009-12-31;www.cdiport.com.br
84.429.695/0001-11;2010-01-01;2;512;WEG SA;1986-03-31;Eletromotores WEG S.A.;1961-06-30;005410;1982-02-09;Categoria A;2010-01-01;Ativo;1982-02-09;Brasil;Brasil;Emp. Adm. Part. - Máqs., Equip., Veíc. e Peças;A WEG SA é uma sociedade de participação não operacional (holding) etambém sociedade de comando do Grupo WEG, um dos maiores fabricantesmundiais de motores elétricos e correlatos.;Fase Operacional;1982-02-09;Privado Holding;1961-06-30;31;12;;http://www.weg.net/br
84.429.752/0001-62;2010-01-01;3;1838;MARISOL SA;2000-02-17;Marisol S.A. Indústria do Vestuário;1964-05-22;008486;1976-05-21;Categoria A;2010-01-01;Ativo;1976-05-21;Brasil;Brasil;Emp. Adm. Part. - Têxtil e Vestuário;Holding;Fase Operacional;1976-05-21;Privado;1996-09-12;31;12;2009-12-31;www.marisolsa.com.br
84.496.066/0001-04;2010-01-01;1;549;PST ELETRÔNICA SA;2007-10-19;PST INDÚSTRIA ELETRÔNICA DA AMAZÔNIA LTDA;1993-08-27;021679;2008-10-24;Categoria B;2010-01-01;Ativo;2008-10-24;Brasil;Brasil;Máquinas, Equipamentos, Veículos e Peças;Fabricação de equipamentos para sinalização e alarme para veículos;Fase Operacional;2008-10-24;Privado;;31;12;;www.pst.com.br
84.683.374/0001-49;2010-01-01;2;2026;TUPY SA;;;1938-03-09;006343;1966-07-01;Categoria A;2010-01-01;Ativo;1966-07-01;Brasil;Brasil;Metalurgia e Siderurgia;Produtos fundidos para a industria automobilística / conexões em ferro fundido para aplicações em redes hidráulicas e de gás / granalhas e perfis;Fase Operacional;1966-07-01;Privado;;31;12;;www.tupy.com.br
84.683.408/0001-03;2010-01-01;2;955;Döhler S.A.;1997-04-22;Döhler S.A. Comércio e Indústria;1966-08-08;005207;1973-12-26;Categoria A;2010-01-01;Ativo;1973-12-26;Brasil;Brasil;Têxtil e Vestuário;Fabricação de artefatos têxteis para uso doméstico;Fase Operacional;1973-12-26;Privado;1966-08-08;31;12;;www.dohler.com.br
84.683.671/0001-94;2010-01-01;1;290;WETZEL S.A.;1998-12-30;Metalúrgica Wetzel S/A;1932-04-11;011991;1984-10-09;Categoria A;2010-01-01;Ativo;1984-10-09;Brasil;Brasil;Metalurgia e Siderurgia;Fundição de metais não-ferrosos e suas ligas;Fase Operacional;1984-10-09;Privado;;31;12;;www.wetzel.com.br
84.683.762/0001-20;2010-01-01;1;238;METALURGICA DUQUE SA;;METALURGICA DUQUE LTDA.;1955-09-16;008648;1971-11-26;Categoria A;2010-01-01;Ativo;1971-11-26;Brasil;Brasil;Metalurgia e Siderurgia;Fabricação de peças p/bicicletas, peças p/eletrodomésticos e linha automotiva.;Fase Operacional;1971-11-26;Privado;;31;12;2009-12-31;www.duque.com.br
84.693.183/0001-68;2010-01-01;2;1379;SCHULZ SA;;;1963-07-04;014664;1994-12-19;Categoria A;2010-01-01;Ativo;1994-12-19;Brasil;Brasil;Metalurgia e Siderurgia;Indústria Metalúrgica;Fase Operacional;1994-12-19;Privado;;31;12;;www.schulz.com.br
85.041.333/0001-11;2010-01-01;1;423;TERMINAIS PORT. DA PONTA DO FÉLIX S/A;;;1996-02-27;015407;1996-02-27;Categoria A;2010-01-01;Ativo;1996-02-27;Brasil;Brasil;Serviços Transporte e Logística;Administração da infra-estrutura portuáriaDepósitos de mercadorias para terceiros, exceto armazéns gerais e guarda-móveisCarga e descarga;Fase Operacional;2002-09-30;Privado;;31;12;;
85.778.074/0001-06;2010-01-01;1;466;METALURGICA RIOSULENSE SA;;;1946-01-02;013439;1988-11-29;Categoria A;2010-01-01;Ativo;1988-11-29;Brasil;Brasil;Metalurgia e Siderurgia;Industria mecâno metalúrgica;Fase Operacional;1988-11-29;Privado;1988-11-29;31;12;2009-12-31;www.riosulense.com.br
86.047.198/0001-84;2010-01-01;2;1716;BUDDEMEYER S/A;;;1952-08-19;019801;2005-10-05;Categoria B;2010-01-01;Ativo;2005-10-05;Brasil;Brasil;Têxtil e Vestuário;Fabricação de artefatos têxteis para uso doméstico;Fase Operacional;2005-10-05;Privado Holding;;31;12;2009-12-31;www.buddemeyer.com.br
86.375.425/0001-09;2010-01-01;2;1526;METISA METALÚRGICA TIMBOENSE SA;;;1942-01-08;008753;1971-05-18;Categoria A;2010-01-01;Ativo;1971-05-18;Brasil;Brasil;Metalurgia e Siderurgia;Fabricação de máquinas e equipamentos para a agricultura e pecuária, peças e acessórios, exceto para irrigação.;Fase Operacional;1971-05-18;Privado;1990-01-29;31;12;1988-12-31;www.metisa.com.br
86.550.951/0001-50;2010-01-01;2;1721;RENAR MAÇAS S.A.;1986-12-31;REFLORESTAMENTO FRAIBURGO S.A.;1962-11-01;019658;2004-12-28;Categoria A;2010-01-01;Ativo;2004-12-28;Brasil;Brasil;Agricultura (Açúcar, Álcool e Cana);POMICULTURA PRODUÇÃO, COMERCIALIZAÇÃO E EXPORTAÇÃO;Fase Operacional;2004-12-28;Privado;;31;12;;www.renar.agr.br
87.043.832/0001-73;2010-01-01;2;1627;SEIVA S.A. - FLORESTAS E INDÚSTRIAS;1971-12-29;;1971-12-29;010561;1981-12-11;Categoria A;2010-01-01;Ativo;1981-12-11;Brasil;Brasil;Reflorestamento;Reflorestamento e Participações;Fase Operacional;1981-12-11;Privado;2004-12-31;31;12;2009-12-31;www.gerdau.com
87.762.563/0001-03;2010-01-01;1;215;COMPANHIIA HABITASUL DE PARTICIPAÇÕES;1981-12-02;HABITASUL ADMINISTRAÇÃO E PARTICIPAÇÕES LTDA;1981-09-28;003298;1982-04-19;Categoria A;2010-01-01;Ativo;1982-04-19;Brasil;Brasil;Emp. Adm. Part. - Sem Setor Principal;PARTICIPAÇÕES SOCIETÁRIAS;Fase Operacional;1982-04-19;Privado Holding;1981-12-02;31;12;;www.habitasul.com.br
88.610.126/0001-29;2010-01-01;1;268;FRAS-LE SA;1996-01-22;Francisco Stedile S.A;1954-02-22;006211;1977-07-20;Categoria A;2010-01-01;Ativo;1977-07-20;Brasil;Brasil;Máquinas, Equipamentos, Veículos e Peças;Indústria de Autopeças e Materiais de Fricção;Fase Operacional;1977-07-20;Privado;1996-01-22;31;12;;www.fras-le.com/ri
88.610.191/0001-54;2010-01-01;1;1599;MUNDIAL S.A - PRODUTOS DE CONSUMO;2004-01-01;EBERLE S/A;1896-04-02;005312;1979-12-12;Categoria A;2010-01-01;Ativo;1979-12-12;Brasil;Brasil;Têxtil e Vestuário;Componentes diversos para Indústria e confecções, couro e plásticos e confecções de artigos de cuidados pessoais e de cultelaria;Fase Operacional;1979-12-12;Privado;;31;12;;www.mundial-sa.com.br
88.611.835/0001-29;2010-01-01;3;2899;MARCOPOLO SA;1992-04-27;MARCOPOLO S.A. - CARROCERIAS E ÔNIBUS;1949-08-06;008451;1977-07-20;Categoria A;2010-01-01;Ativo;1977-07-20;Brasil;Brasil;Máquinas, Equipamentos, Veículos e Peças;Fabricação de ônibus e de carrocerias para ônibus, suas peças, partes e componentes;Fase Operacional;1977-07-20;Privado;2009-12-11;31;12;1982-12-29;www.marcopolo.com.br
88.613.658/0001-10;2010-01-01;1;467;PETTENATI SA IND TEXTIL;1992-10-30;PETTENATI S/A INDÚSTRIA DE MALHAS E CONFECÇÕES;1964-06-11;009539;1981-02-04;Categoria A;2010-01-01;Ativo;1981-02-04;Brasil;Brasil;Têxtil e Vestuário;Fabricação de Tecidos Acabados em Malha CircularFabricação de Confecções do Vestuário;Fase Operacional;1981-02-04;Privado Holding;;30;6;;www.pettenati.com.br
89.086.144/0001-16;2010-01-01;1;267;RANDON S.A. IMPLEMENTOS E PARTICIPAÇÕES;2003-11-28;RANDON PARTICIPAÇÕES S.A.;1992-09-16;014109;1993-02-05;Categoria A;2010-01-01;Ativo;1993-02-05;Brasil;Brasil;Máquinas, Equipamentos, Veículos e Peças;indústria e comércio de veíc. automotores e rebocados para a movimentação e o de transporte de materiais de implem para o transp rodoviário e ferroviário e de aparelhos mecânicos, peças;Fase Operacional;1993-02-05;Privado;1993-02-05;31;12;;wwww.randon.com.br
89.096.457/0001-55;2010-01-01;2;375;SLC AGRICOLA SA;2007-03-23;SLC AGRÍCOLA LTDA.;1977-06-03;020745;2007-06-12;Categoria A;2010-01-01;Ativo;2007-06-12;Brasil;Brasil;Agricultura (Açúcar, Álcool e Cana);Produção e comercialização de algodão, soja, milho, café, entre outros.;Fase Operacional;2007-06-12;Privado;2008-06-09;31;12;;www.slcagricola.com.br
89.463.822/0001-12;2010-01-01;2;1314;LUPATECH S/A;1993-03-30;Valmicro Indústria e Comércio de Válvulas S.A.;1980-08-08;020060;2006-05-08;Categoria A;2010-01-01;Ativo;2006-05-08;Brasil;Brasil;Petróleo e Gás;Fabricante de equipamentos e provedor de serviços para o setor de Petróleo e Gás.;Fase Operacional;2006-05-08;Privado;2006-05-15;31;12;1980-08-08;www.lupatech.com.br
89.547.269/0001-04;2010-01-01;3;1276;DIGITEL SA INDUSTRIA ELETRONICA;;;1978-11-27;012858;1986-06-20;Categoria A;2010-01-01;Ativo;1986-06-20;Brasil;Brasil;Comunicação e Informática;;Fase Operacional;1986-06-20;Privado;;31;12;2009-12-31;www.digitel.com.br
89.637.490/0001-45;2010-01-01;2;1252;KLABIN S.A.;2001-10-26;KLABIN RIOCELL S.A.;1978-11-08;012653;1997-08-06;Categoria A;2010-01-01;Ativo;1997-08-06;Brasil;Brasil;Papel e Celulose;Empresa brasileira de base florestal. Produtora de papéis e cartões para embalagens, embalagens de papelão ondulado e sacos industriais, além de ser recicladora e produtora de toras para serrarias.;Fase Operacional;1997-08-06;Privado;2001-12-28;31;12;2009-12-31;www.klabin.com.br
89.723.993/0001-33;2010-01-01;1;1334;CONSTRUTORA SULTEPA SA;;;1956-03-14;013030;1986-09-29;Categoria A;2010-01-01;Ativo;1986-09-29;Brasil;Brasil;Construção Civil, Mat. Constr. e Decoração;Construção de estradas, pontes, viadutos, barragens.;Fase Operacional;1986-09-29;Privado;;31;12;;
89.850.341/0001-60;2010-01-01;1;305;GRENDENE SA;1979-11-26;Plásticos Grendene Ltda;1971-02-25;019615;2004-10-26;Categoria A;2010-01-01;Ativo;2004-10-26;Brasil;Brasil;Têxtil e Vestuário;Fabricação de calçados em geral;Fase Operacional;2004-10-26;Privado Holding;;31;12;;http://www.grendene.com.br
90.076.886/0001-40;2010-01-01;1;2242;MINUPAR PARTICIPACOES SA;1990-09-14;Minuano - Exportação, Participação e Administração Ltda.;1984-08-01;013765;1990-12-21;Categoria A;2010-01-01;Ativo;1990-12-21;Brasil;Brasil;Emp. Adm. Part. - Alimentos;Criação, abate industrialização e comercialização de carnes e produtos derivados de aves e suinos importação e exportação prestação de serviços a terceiros e partipação em outras emp;Fase Operacional;1990-12-21;Privado;;31;12;;www.minuano.com.br
90.400.888/0001-42;2010-01-01;1;377;BANCO SANTANDER (BRASIL) S.A.;2009-04-14;Banco Santander S.A.;1985-08-09;020532;2007-03-02;Categoria A;2010-01-01;Ativo;2007-03-02;Brasil;Brasil;Bancos;Banco Múltiplo com Carteira Comercial;Fase Operacional;2007-03-02;Estrangeiro Holding;2009-08-29;31;12;;www.santander.com.br
91.333.666/0001-17;2010-01-01;1;563;RECRUSUL SA;1980-10-29;RECRUSUL S/A - VIATURAS E REFRIGERAÇÃO;1954-05-31;012572;1985-12-20;Categoria A;2010-01-01;Ativo;1985-12-20;Brasil;Brasil;Máquinas, Equipamentos, Veículos e Peças;Produção e comercialização de equipamentos para refrigeração industrial e unidades de transportes.;Fase Operacional;2008-12-23;Privado;2008-04-08;31;12;1982-06-30;www.recrusul.com.br
91.669.747/0001-92;2010-01-01;2;340;FINANSINOS S/A-CRÉDITO, FINAN. E INVEST.;2001-08-23;BANCO FINANSINOS S/A;1962-09-12;006076;1977-07-20;Categoria A;2010-01-01;Ativo;1977-07-20;Brasil;Brasil;Bancos;FINANCIAMENTO DE BENS E SERVIÇOS - INTERMEDIAÇÃO FINANCEIRA;Fase Operacional;1977-07-20;Privado;2010-03-31;31;12;1962-09-12;www.finansinos.com.br
91.820.068/0001-72;2010-01-01;1;127;PETROPAR SA;;;1988-01-21;013412;1988-11-22;Categoria A;2010-01-01;Ativo;1988-11-22;Brasil;Brasil;Emp. Adm. Part. - Embalagens;Empresa de administração e participação em negócios de embalagens metálicas e plásticas, nãotecidos de polipropileno e florestamento.;Fase Operacional;1988-11-22;Privado;1988-11-22;31;12;2009-12-31;
91.983.056/0001-69;2010-01-01;1;1414;KEPLER WEBER SA;1981-07-14;Kepler Weber S.A., Indústria, Comércio, Importação e Exportação;1936-04-30;007870;1980-12-15;Categoria A;2010-01-01;Ativo;1980-12-15;Brasil;Brasil;Emp. Adm. Part. - Metalurgia e Siderurgia;Indústria e comércio de produtos e matérias primas relacionadas a metalurgia, importação e exportação, prestação de serviços, comércio de produtos destinados a agroindústria.;Fase Operacional;1980-12-15;Privado;;31;12;;www.kepler.com.br
92.012.467/0001-70;2010-01-01;4;1564;GRAZZIOTIN SA;;;1950-05-24;004537;1979-01-31;Categoria A;2010-01-01;Ativo;1979-01-31;Brasil;Brasil;Comércio (Atacado e Varejo);Comércio Varejista de Vestuário e Bazar.;Fase Operacional;1979-01-31;Privado;;31;12;;www.grazziotin.com.br
92.660.570/0001-26;2010-01-01;1;271;Trevisa Investimentos S. A.;2000-06-27;Trevo Investimentos S.A.;1930-07-01;008192;1980-12-15;Categoria A;2010-01-01;Ativo;1980-12-15;Brasil;Brasil;Emp. Adm. Part. - Sem Setor Principal;Part. Capital outras empresas qualquer setor econômico.Locação de conjuntos comerciais.;Fase Operacional;1980-12-15;Privado;;31;12;;www.trevisa.com.br
92.660.604/0001-82;2010-01-01;1;1202;YARA BRASIL FERTILIZANTES;2005-11-21;ADUBOS TREVO S.A.;1965-12-01;000140;1981-09-10;Categoria A;2010-01-01;Ativo;1981-09-10;Brasil;Brasil;Petroquímicos e Borracha;INDUSTRIA DE FERTILIZANTES;Fase Operacional;2001-03-31;Estrangeiro;;31;12;;www.yarabrasil.com.br
92.665.611/0001-77;2010-01-01;2;2282;DIMED SA DISTRIBUIDORA DE MEDICAMENTOS;2000-04-23;PANVEL S.A. DROGARIAS E FARMACIAS;1920-01-23;009342;1977-07-20;Categoria A;2010-01-01;Ativo;1977-07-20;Brasil;Brasil;Comércio (Atacado e Varejo);Comercio atacadista e varejista de medicamentos e produtos de perfumaria e toucador;Fase Operacional;1977-07-20;Privado;;31;12;2009-12-29;www.panvel.com.br
92.690.783/0001-09;2010-01-01;2;1630;METALURGICA GERDAU SA;1965-06-03;METALÚRGICA HUGO GERDAU S.A.;1901-02-01;008656;1968-05-17;Categoria A;2010-01-01;Ativo;1968-05-17;Brasil;Brasil;Emp. Adm. Part. - Metalurgia e Siderurgia;Participação e Administração;Fase Operacional;1968-05-17;Privado Holding;2008-05-30;31;12;2009-12-31;www.gerdau.com
92.692.979/0001-24;2010-01-01;2;3089;BANRISUL S.A. ADMINISTRADORA DE CONSÓRCIOS;2003-09-19;BANRISUL SA ARRENDAMENTO MERCANTIL;1995-11-29;015130;1995-11-29;Categoria A;2010-01-01;Ativo;1995-11-29;Brasil;Brasil;Bancos;ADMINISTRAÇÃO DE GRUPOS DE CONSORCIOS;Fase Operacional;1995-11-29;Estatal;2005-09-05;31;12;2009-12-31;www.banrisulconsorcio.com.br
92.693.019/0001-89;2010-01-01;2;1292;PANATLANTICA SA;1987-04-28;AÇOS LAMINADOS PANATLANTICA SA;1967-07-20;000094;1971-12-29;Categoria A;2010-01-01;Ativo;1971-12-29;Brasil;Brasil;Metalurgia e Siderurgia;INDUSTRIALIZAÇÃO E COMERCIALIZAÇÃO DE AÇOS PLANOS;Fase Operacional;1971-12-29;Privado;1995-06-28;31;12;1967-07-20;www.panatlantica.com.br
92.702.067/0001-96;2010-01-01;1;465;BANCO DO ESTADO DO RIO GRANDE DO SUL S.A.;1960-08-25;BANCO DO RIO GRANDE DO SUL S.A.;1928-09-12;001210;1977-07-20;Categoria A;2010-01-01;Ativo;1977-07-20;Brasil;Brasil;Bancos;Banco Múltiplo atuante nas carteiras comercial, crédito, financiamento e investimento, crédito imobiliário, desenvolvimento e arrendamento mercantil e de investimentos.;Fase Operacional;1977-07-20;Estatal;1928-09-12;31;12;2009-12-31;www.banrisul.com.br
92.715.812/0001-31;2010-01-01;3;3990;CIA ESTADUAL DE GERACAO E TRANSMISSAO DE ENERGIA ELETRICA;2006-11-27;Companhia Estadual de Energia Elétrica;1966-09-13;003204;1970-01-07;Categoria A;2010-01-01;Ativo;1970-01-07;Brasil;Brasil;Energia Elétrica;Prestação de serviços de natureza pública ou privada, no setor de geração e transmissão de energia elétrica;Fase Operacional;1970-01-07;Estatal;;31;12;;www.ceee.com.br
92.721.232/0001-57;2010-01-01;1;169;BANRISUL ARMAZENS GERAIS SA;1998-04-07;CIA DE ARMAZENS GERAIS DO ESTADO DO RIO GRANDE DO SUL- CAGERGS;1953-11-12;015822;1996-10-18;Categoria A;2010-01-01;Ativo;1996-10-18;Brasil;Brasil;Serviços Transporte e Logística;Prestação de serviços públicos de movimentação e armazenagem de mercadorias e armazem geral;Fase Operacional;1996-10-18;Privado;1961-02-24;31;12;;www.bagergs.com.br
92.749.225/0001-63;2010-01-01;1;1597;HÉRCULES S/A - FÁBRICA DE TALHERES;1947-07-25;HÉRCULES LTDA;1936-10-13;006629;1968-11-01;Categoria A;2010-01-01;Ativo;1968-11-01;Brasil;Brasil;Metalurgia e Siderurgia;Fábrica de talheres;Fase Operacional;1968-11-01;Privado;2008-12-31;31;12;;www.mundial-sa.com.br
92.754.738/0001-62;2010-01-01;2;1301;LOJAS RENNER SA;;;1965-06-10;008133;1977-07-20;Categoria A;2010-01-01;Ativo;1977-07-20;Brasil;Brasil;Comércio (Atacado e Varejo);Loja de Departamentos (Comércio Varejista);Fase Operacional;1977-07-20;Privado;2005-07-01;31;12;;www.lojasrenner.com.br
92.781.335/0001-02;2010-01-01;1;308;FORJAS TAURUS SA;1949-12-10;FORJAS TAURUS LTDA;1939-11-17;006173;1982-03-02;Categoria A;2010-01-01;Ativo;1982-03-02;Brasil;Brasil;Metalurgia e Siderurgia;Indústria e comércio de armas;Fase Operacional;1982-03-02;Privado;1977-09-26;31;12;;www.taurus.com.br
92.791.243/0001-03;2010-01-01;1;234;CELULOSE IRANI SA;;;1941-06-06;002429;1977-07-20;Categoria A;2010-01-01;Ativo;1977-07-20;Brasil;Brasil;Papel e Celulose;Fabricação de papel para embalagem, embalagens de papelão ondulado, móveis de madeira e resinas;Fase Operacional;1977-07-20;Privado;;31;12;;www.irani.com.br
92.802.784/0001-90;2010-01-01;3;3729;Companhia Riograndense de Saneamento - CORSAN;;;1965-12-21;016748;1997-12-19;Categoria B;2010-01-01;Ativo;1997-12-19;Brasil;Brasil;Saneamento, Serv. Água e Gás;Abastecimento de água, coleta e tratamento de esgoto sanitário;Fase Operacional;1997-12-19;Estatal;2009-12-30;31;12;;www.corsan.com.br
92.825.900/0001-96;2010-01-01;2;2993;DHB IND E COMERCIO SA;;;1967-06-07;005150;1978-03-21;Categoria A;2010-01-01;Ativo;1978-03-21;Brasil;Brasil;Emp. Adm. Part. - Máqs., Equip., Veíc. e Peças;Participação em outras sociedas - holding;Fase Operacional;1978-03-21;Privado Holding;;31;12;;
92.929.520/0001-00;2010-01-01;1;477;SPRINGER SA;1985-07-16;Springer Refrigeração S.A.;1934-05-24;010960;1968-10-24;Categoria A;2010-01-01;Ativo;1968-10-24;Brasil;Brasil;Máquinas, Equipamentos, Veículos e Peças;Indústria e Comércio, Importação e Exportação de Eletrodomésticos;Fase Operacional;1968-10-24;Privado;1979-10-01;31;12;1984-10-31;
93.167.658/0001-73;2010-01-01;1;751;SDV ADM-DE SHOPPING CENTERS SA;;;1989-11-24;013790;1991-04-15;Categoria B;2010-01-01;Ativo;1991-04-15;Brasil;Brasil;Comércio (Atacado e Varejo);Administração de Shopping Centers;Fase Operacional;1991-04-15;Privado Holding;;31;12;;
93.828.986/0001-73;2010-01-01;1;1445;CEMEPE INVESTIMENTOS SA;1993-04-30;COMPANHIA MARCOPOLO DE PARTICIPAÇÕES;1991-03-01;013854;1991-06-28;Categoria A;2010-01-01;Ativo;1991-06-28;Brasil;Brasil;Emp. Adm. Part. - Sem Setor Principal;HOLDING;Fase Operacional;1991-06-28;Privado Holding;2005-12-28;31;12;2009-12-31;www.cvm.gov.br
94.789.468/0001-50;2010-01-01;3;3357;RASIP AGRO PASTORIL SA;1998-04-08;PI Participações S.A.;1992-09-14;018279;1999-05-27;Categoria A;2010-01-01;Ativo;1999-05-27;Brasil;Brasil;Agricultura (Açúcar, Álcool e Cana);Empresa do segmento Frutícola e Lácteo.;Fase Operacional;1999-05-27;Privado;;31;12;;www.rasip.com.br
95.426.862/0001-97;2010-01-01;2;1443;EXCELSIOR ALIMENTOS SA.;2003-04-29;Baumhardt Irmãos S.A.;1932-11-23;001570;1977-07-20;Categoria A;2010-01-01;Ativo;1977-07-20;Brasil;Brasil;Alimentos;Produtos de Salsicharia;Fase Operacional;1977-07-20;Privado;2008-06-28;31;12;;www.excelsior.ind.br
97.191.902/0001-94;2010-01-01;1;1358;CONSERVAS ODERICH SA;1956-10-20;CARLOS H. ODERICH & CIA;1908-08-12;004693;1977-07-20;Categoria A;2010-01-01;Ativo;1977-07-20;Brasil;Brasil;Alimentos;Indústria de alimentos com sede na cidade de São Sebastião do Caí (RS) e filiais nas cidades de Eldorado do Sul (RS), Pelotas (RS), Orizona (GO) e Salvador (BA).;Fase Operacional;1977-07-20;Privado Holding;2005-12-31;31;12;1956-10-26;www.oderich.com.br
97.837.181/0001-47;2010-01-01;1;402;DURATEX S.A.;2009-08-31;Satipel Industrial S.A.;1962-01-25;021091;2007-09-10;Categoria A;2010-01-01;Ativo;2007-09-10;Brasil;Brasil;Construção Civil, Mat. Constr. e Decoração;Fabricação, Comércio, Importação e Exportação de Produtos derivados de Madeira, de Produtos de Metais e Materiais Cerâmicos;Fase Operacional;2007-09-10;Privado Holding;2009-08-31;31;12;;www.duratex.com.br
