CNPJ_Companhia;Data_Referencia;Versao;ID_Documento;Nome_Empresarial;Valor_Mobiliario;Sigla_Classe_Acao_Preferencial;Classe_Acao_Preferencial;Codigo_Negociacao;Composicao_BDR_Unit;Mercado;Sigla_Entidade_Administradora;Entidade_Administradora;Data_Inicio_Negociacao;Data_Fim_Negociacao;Segmento;Data_Inicio_Listagem;Data_Fim_Listagem
00.000.000/0001-91;2026-01-01;3;160576;BCO BRASIL S.A.;Ações Ordinárias;;;BBAS3;;Bolsa;B3;B3 S.A. - Brasil, Bolsa, Balcão.;2006-05-31;;Novo Mercado;1977-07-20;
00.000.208/0001-00;2026-01-01;1;154896;BRB BANCO DE BRASILIA S.A.;Ações Ordinárias;;;BSLI3;;Bolsa;B3;B3 S.A. - Brasil, Bolsa, Balcão.;2010-01-01;;Básico;1993-09-24;
00.000.208/0001-00;2026-01-01;1;154896;BRB BANCO DE BRASILIA S.A.;Ações Preferenciais;;;BSLI4;;Bolsa;B3;B3 S.A. - Brasil, Bolsa, Balcão.;2010-01-01;;Básico;1993-09-24;
00.001.180/0001-26;2026-01-01;4;159987;AXIA Energia S.A.;Ações Ordinárias;;;AXIA3;;Bolsa;B3;B3 S.A. - Brasil, Bolsa, Balcão.;1971-09-07;;Novo Mercado;1971-09-07;
00.001.180/0001-26;2026-01-01;4;159987;AXIA Energia S.A.;Debêntures;;;;;Balcão Organizado;B3;B3 S.A. - Brasil, Bolsa, Balcão.;2024-10-17;;Básico;2024-09-15;
00.001.180/0001-26;2026-01-01;4;159987;AXIA Energia S.A.;Ações Preferenciais;PNC;Preferencial Classe C;AXIA7;;Bolsa;B3;B3 S.A. - Brasil, Bolsa, Balcão.;2025-12-22;;Novo Mercado;2025-12-22;
00.070.698/0001-11;2026-01-01;2;157038;COMPANHIA ENERGÉTICA DE BRASÍLIA - CEB;Ações Ordinárias;;;CEBR3;;Bolsa;B3;B3 S.A. - Brasil, Bolsa, Balcão.;1994-07-04;;Básico;1994-07-04;
00.070.698/0001-11;2026-01-01;2;157038;COMPANHIA ENERGÉTICA DE BRASÍLIA - CEB;Ações Preferenciais;PNB;Preferencial Classe B;CEBR6;;Bolsa;B3;B3 S.A. - Brasil, Bolsa, Balcão.;1994-07-04;;Básico;1994-07-04;
00.070.698/0001-11;2026-01-01;2;157038;COMPANHIA ENERGÉTICA DE BRASÍLIA - CEB;Ações Preferenciais;PNA;Preferencial Classe A;CEBR5;;Bolsa;B3;B3 S.A. - Brasil, Bolsa, Balcão.;1994-07-04;;Básico;1994-07-04;
00.080.671/0001-00;2026-01-01;1;158712;CARAMURU ALIMENTOS S.A.;Ações Ordinárias;;;;;;;;;;;;
00.185.475/0001-08;2026-01-01;1;154886;PARCOM PARTICIPACOES S.A. - EM LIQUIDAÇÃO;Ações Ordinárias;;;NÃO HÁ;;Balcão Organizado;B3;B3 S.A. - Brasil, Bolsa, Balcão.;1998-06-17;2012-12-27;Básico;1998-06-17;2012-12-27
00.194.724/0001-13;2026-01-01;1;157825;Auren Operações S.A.;Ações Ordinárias;;;AESO3;;Bolsa;B3;B3 S.A. - Brasil, Bolsa, Balcão.;2021-12-03;;Básico;2021-07-23;
00.242.184/0001-04;2026-01-01;1;157263;ARMAC LOCAÇÃO, LOGÍSTICA E SERVIÇOS S.A.;Ações Ordinárias;;;ARML3;;Bolsa;B3;B3 S.A. - Brasil, Bolsa, Balcão.;2021-07-28;;Novo Mercado;2021-07-27;
00.242.184/0001-04;2026-01-01;1;157263;ARMAC LOCAÇÃO, LOGÍSTICA E SERVIÇOS S.A.;Debêntures;;;;;Balcão Organizado;B3;B3 S.A. - Brasil, Bolsa, Balcão.;2021-05-06;;Básico;2021-04-28;
00.242.184/0001-04;2026-01-01;1;157263;ARMAC LOCAÇÃO, LOGÍSTICA E SERVIÇOS S.A.;Certificado de Recebíveis do Agronegócio;;;;;Balcão Organizado;B3;B3 S.A. - Brasil, Bolsa, Balcão.;2022-06-15;;Básico;2022-06-15;
00.249.786/0001-85;2026-01-01;1;154883;FORPART S.A. - EM LIQUIDAÇÃO;Ações Ordinárias;;;NÃO HÁ;;Balcão Não-Organizado;;;;;;1995-02-21;2012-12-27
00.336.701/0001-04;2026-01-01;2;159932;TELEC BRASILEIRAS S.A. TELEBRAS;Ações Ordinárias;;;TELB3;;Bolsa;B3;B3 S.A. - Brasil, Bolsa, Balcão.;1989-03-09;;Básico;1989-02-28;
00.336.701/0001-04;2026-01-01;2;159932;TELEC BRASILEIRAS S.A. TELEBRAS;Ações Preferenciais;PNA;Preferencial Classe A;TELB4;;Bolsa;B3;B3 S.A. - Brasil, Bolsa, Balcão.;1989-03-09;;Básico;1989-02-28;
00.357.038/0001-16;2026-01-01;3;159997;AXIA Energia Norte S.A.;Debêntures;;;;;Balcão Organizado;B3;B3 S.A. - Brasil, Bolsa, Balcão.;2024-10-07;;Básico;2024-09-15;
00.359.742/0001-08;2026-01-01;9;161200;FASA S.A. - EM RECUPERAÇÃO JUDICIAL;Ações Ordinárias;;;FASA3;;Bolsa;B3;B3 S.A. - Brasil, Bolsa, Balcão.;1996-02-28;;Básico;1996-02-28;
00.389.481/0001-79;2026-01-01;2;159119;LM TRANSPORTES INTERESTADUAIS SERVIÇOS E COMÉRCIO S.A.;Debêntures;;;;;Balcão Organizado;B3;B3 S.A. - Brasil, Bolsa, Balcão.;2023-12-15;;Básico;2023-12-15;
00.644.907/0001-93;2026-01-01;1;157795;INVESTCO S.A.;Ações Preferenciais;PNC;Preferencial Classe C;00;;Balcão Não-Organizado;;;;;;2000-02-04;
00.644.907/0001-93;2026-01-01;1;157795;INVESTCO S.A.;Ações Preferenciais;PNA;Preferencial Classe A;00;;Balcão Não-Organizado;;;;;;2000-02-04;
00.644.907/0001-93;2026-01-01;1;157795;INVESTCO S.A.;Ações Preferenciais;PNR;Preferencial Classe R;00;;Balcão Não-Organizado;;;;;;2000-02-04;
00.644.907/0001-93;2026-01-01;1;157795;INVESTCO S.A.;Ações Preferenciais;PNB;Preferencial Classe B;00;;Balcão Não-Organizado;;;;;;2000-02-04;
00.743.065/0001-27;2026-01-01;1;156687;LITEL PARTICIPACOES S.A.;Ações Ordinárias;;;LTEL3B;;Balcão Organizado;B3;B3 S.A. - Brasil, Bolsa, Balcão.;2000-10-18;;Básico;2000-10-18;
00.776.574/0001-56;2026-01-01;1;159035;AMERICANAS S.A. - em Recuperação Judicial;Ações Ordinárias;;;AMER3;;Bolsa;B3;B3 S.A. - Brasil, Bolsa, Balcão.;2007-08-08;;Novo Mercado;2007-08-08;
00.776.574/0001-56;2026-01-01;1;159035;AMERICANAS S.A. - em Recuperação Judicial;Debêntures;;;;;Balcão Organizado;B3;B3 S.A. - Brasil, Bolsa, Balcão.;2020-11-15;;Básico;2020-11-15;
00.864.214/0001-06;2026-01-01;1;158184;ENERGISA S.A.;Ações Ordinárias;;;ENGI3;;Bolsa;B3;B3 S.A. - Brasil, Bolsa, Balcão.;1995-12-20;;Nível 2 de Governança Corporativa;1995-12-20;
00.864.214/0001-06;2026-01-01;1;158184;ENERGISA S.A.;Debêntures;;;;;Bolsa;B3;B3 S.A. - Brasil, Bolsa, Balcão.;2016-02-19;;Nível 2 de Governança Corporativa;2016-02-19;
00.864.214/0001-06;2026-01-01;1;158184;ENERGISA S.A.;Nota Comercial;;;;;Bolsa;B3;B3 S.A. - Brasil, Bolsa, Balcão.;2019-06-14;2021-05-04;Nível 2 de Governança Corporativa;2019-06-14;2021-05-04
00.864.214/0001-06;2026-01-01;1;158184;ENERGISA S.A.;Ações Preferenciais;;;ENGI4;;Bolsa;B3;B3 S.A. - Brasil, Bolsa, Balcão.;1995-12-20;;Nível 2 de Governança Corporativa;1995-12-20;
00.864.214/0001-06;2026-01-01;1;158184;ENERGISA S.A.;Units;;;ENGI11;1 ação ordinária e 4 ações preferenciais;Bolsa;B3;B3 S.A. - Brasil, Bolsa, Balcão.;1995-12-20;;Nível 2 de Governança Corporativa;1995-12-20;
00.873.894/0001-24;2026-01-01;1;155025;Lets Rent a Car S/A;Debêntures;;;;;Balcão Organizado;B3;B3 S.A. - Brasil, Bolsa, Balcão.;2015-03-03;;Básico;2015-03-03;
00.897.864/0001-58;2026-01-01;1;157953;SANTA CATARINA PART INVEST SA;Debêntures;;;;;Balcão Organizado;B3;B3 S.A. - Brasil, Bolsa, Balcão.;1995-12-14;1995-12-14;Básico;1995-12-14;1995-12-14
00.924.429/0001-75;2026-01-01;2;161339;FERROVIA CENTRO-ATLANTICA S.A.;Ações Ordinárias;;;VSPT3;;Bolsa;B3;B3 S.A. - Brasil, Bolsa, Balcão.;1996-02-14;;Básico;1996-02-14;
00.924.429/0001-75;2026-01-01;2;161339;FERROVIA CENTRO-ATLANTICA S.A.;Ações Preferenciais;;;VSPT4;;Bolsa;B3;B3 S.A. - Brasil, Bolsa, Balcão.;1996-02-14;;Básico;1996-02-14;
00.938.574/0001-05;2026-01-01;1;158340;CONC RIO-TERESOPOLIS S.A.;Ações Ordinárias;;;CRTE3;;Bolsa;B3;B3 S.A. - Brasil, Bolsa, Balcão.;2023-10-11;;Básico;2001-12-26;
00.938.574/0001-05;2026-01-01;1;158340;CONC RIO-TERESOPOLIS S.A.;Debêntures Conversíveis;;;;;Bolsa;B3;B3 S.A. - Brasil, Bolsa, Balcão.;2023-10-11;;Básico;2001-12-26;
00.938.574/0001-05;2026-01-01;1;158340;CONC RIO-TERESOPOLIS S.A.;Ações Preferenciais;ONA;Ordinária Classe A;CRTE3;;Bolsa;B3;B3 S.A. - Brasil, Bolsa, Balcão.;2023-10-11;;Básico;2001-12-26;
00.974.211/0001-25;2026-01-01;4;157425;Linha Amarela S.A. - LAMSA;Debêntures;;;;;Balcão Organizado;B3;B3 S.A. - Brasil, Bolsa, Balcão.;2012-05-31;;Básico;2012-05-31;
01.027.058/0001-91;2026-01-01;1;159196;CIELO S.A. -  Instituição de Pagamento;Debêntures;;;;;Balcão Organizado;B3;B3 S.A. - Brasil, Bolsa, Balcão.;2022-09-20;;Básico;2022-09-20;
01.083.200/0001-18;2026-01-01;3;156958;NEOENERGIA S.A.;Ações Ordinárias;;;NEOE3;;Bolsa;B3;B3 S.A. - Brasil, Bolsa, Balcão.;2019-07-01;;Novo Mercado;2019-07-01;
01.083.200/0001-18;2026-01-01;3;156958;NEOENERGIA S.A.;Debêntures;;;;;Bolsa;B3;B3 S.A. - Brasil, Bolsa, Balcão.;2004-12-01;;Básico;2004-12-01;
01.107.327/0001-20;2026-01-01;1;154538;BBM Logística S.A.;Ações Ordinárias;;;BBML3;;Bolsa;B3;B3 S.A. - Brasil, Bolsa, Balcão.;2019-03-11;;Bovespa Mais;2019-02-27;
01.107.327/0001-20;2026-01-01;1;154538;BBM Logística S.A.;Debêntures;;;;;Balcão Organizado;B3;B3 S.A. - Brasil, Bolsa, Balcão.;2022-05-16;;Básico;2022-05-16;
01.319.044/0001-41;2026-01-01;1;157907;WTC AMAZONAS SUITE HOTEL S.A.;Debêntures;;;;;Balcão Não-Organizado;;;;;;1996-09-18;
01.417.222/0001-77;2026-01-01;1;155425;MRS LOGISTICA S.A.;Ações Ordinárias;;;MRSA3;;Balcão Organizado;B3;B3 S.A. - Brasil, Bolsa, Balcão.;1998-12-18;;Básico;1998-12-18;
01.417.222/0001-77;2026-01-01;1;155425;MRS LOGISTICA S.A.;Debêntures;;;;;Balcão Organizado;B3;B3 S.A. - Brasil, Bolsa, Balcão.;2000-10-11;;Básico;2000-10-11;
01.417.222/0001-77;2026-01-01;1;155425;MRS LOGISTICA S.A.;Ações Preferenciais;PNA;Preferencial Classe A;MRSA5;;Balcão Organizado;B3;B3 S.A. - Brasil, Bolsa, Balcão.;1998-12-18;;Básico;1998-12-18;
01.417.222/0001-77;2026-01-01;1;155425;MRS LOGISTICA S.A.;Ações Preferenciais;PNB;Preferencial Classe B;MRSA6;;Balcão Organizado;B3;B3 S.A. - Brasil, Bolsa, Balcão.;1998-12-18;;Básico;1998-12-18;
01.543.032/0001-04;2026-01-01;1;156241;EQUATORIAL GOIÁS DISTRIBUIDORA DE ENERGIA S.A.;Nota Comercial;;;;;Balcão Organizado;B3;B3 S.A. - Brasil, Bolsa, Balcão.;2019-11-08;;Básico;2019-11-08;
01.543.032/0001-04;2026-01-01;1;156241;EQUATORIAL GOIÁS DISTRIBUIDORA DE ENERGIA S.A.;Nota Comercial;;;;;Balcão Organizado;B3;B3 S.A. - Brasil, Bolsa, Balcão.;2019-11-08;;Básico;2019-11-08;
01.545.826/0001-07;2026-01-01;2;160464;GAFISA S.A.;Ações Ordinárias;;;GFSA3;;Bolsa;B3;B3 S.A. - Brasil, Bolsa, Balcão.;2006-02-16;;Novo Mercado;2006-02-16;
01.545.826/0001-07;2026-01-01;2;160464;GAFISA S.A.;Bônus de Subscrição;;;;1 ação;Bolsa;B3;B3 S.A. - Brasil, Bolsa, Balcão.;2023-04-26;;Novo Mercado;2023-04-26;
01.548.981/0001-79;2026-01-01;2;156925;INVESTIMENTOS BEMGE S.A.;Ações Ordinárias;;;FIGE3;;Bolsa;B3;B3 S.A. - Brasil, Bolsa, Balcão.;1977-07-20;;Básico;1977-07-20;
01.548.981/0001-79;2026-01-01;2;156925;INVESTIMENTOS BEMGE S.A.;Ações Preferenciais;;;FIGE4;;Bolsa;B3;B3 S.A. - Brasil, Bolsa, Balcão.;1977-07-20;;Básico;1977-07-20;
01.599.101/0001-93;2026-01-01;1;159055;SEQUOIA LOGÍSTICA E TRANSPORTES S.A.;Ações Ordinárias;;;SEQL3;;Bolsa;B3;B3 S.A. - Brasil, Bolsa, Balcão.;2020-10-05;;Novo Mercado;2020-10-05;
01.616.929/0001-02;2026-01-01;1;156940;SANEAMENTO DE GOIAS SA;Debêntures;;;;;Balcão Organizado;B3;B3 S.A. - Brasil, Bolsa, Balcão.;2001-12-11;;Básico;2001-12-11;
01.637.895/0001-32;2026-01-01;1;158341;Votorantim Cimentos S.A.;Debêntures;;;;;Balcão Organizado;B3;B3 S.A. - Brasil, Bolsa, Balcão.;2021-03-05;;Básico;2021-03-05;
01.838.723/0001-27;2026-01-01;2;159005;BRF S.A.;Ações Ordinárias;;;BRFS3;;Bolsa;B3;B3 S.A. - Brasil, Bolsa, Balcão.;2006-02-17;2025-09-22;Novo Mercado;2006-02-17;
01.851.771/0001-55;2026-01-01;2;156798;524 PARTICIPACOES S.A.;Ações Ordinárias;;;QVQP3;;Bolsa;B3;B3 S.A. - Brasil, Bolsa, Balcão.;2023-10-11;;Básico;1997-05-30;
01.896.779/0001-38;2026-01-01;2;159404;CSU DIGITAL S.A.;Ações Ordinárias;;;CSUD3;;Bolsa;B3;B3 S.A. - Brasil, Bolsa, Balcão.;2006-04-25;;Novo Mercado;2006-04-25;
01.917.818/0001-36;2026-01-01;2;159232;LIGHT ENERGIA S.A.;Debêntures;;;;;Balcão Não-Organizado;B3;B3 S.A. - Brasil, Bolsa, Balcão.;2021-08-05;;Básico;2021-08-05;
01.938.783/0001-11;2026-01-01;2;158763;CIA PARTICIPACOES ALIANCA DA BAHIA;Ações Ordinárias;;;PEAB3;;Bolsa;B3;B3 S.A. - Brasil, Bolsa, Balcão.;2000-07-26;;Básico;2000-07-26;
01.938.783/0001-11;2026-01-01;2;158763;CIA PARTICIPACOES ALIANCA DA BAHIA;Ações Preferenciais;;;PEAB4;;Bolsa;B3;B3 S.A. - Brasil, Bolsa, Balcão.;2000-07-26;;Básico;2000-07-26;
01.957.772/0001-89;2026-01-01;1;158830;SUL 116 PARTICIPAÇÕES S.A. - Em liquidação;Ações Ordinárias;;;OPTS3;;Bolsa;B3;B3 S.A. - Brasil, Bolsa, Balcão.;2023-10-11;;Básico;1997-09-03;
01.989.044/0001-59;2026-01-01;1;157883;WTC RIO EMPREEND. E PARTICIPAÇÕES S.A.;Debêntures;;;;;Balcão Não-Organizado;;;;;;1997-10-30;
02.016.440/0001-62;2026-01-01;1;157922;RGE SUL DISTRIBUIDORA DE ENERGIA S.A.;Debêntures;;;;;Balcão Organizado;B3;B3 S.A. - Brasil, Bolsa, Balcão.;2012-11-08;;Básico;2012-11-07;
02.016.507/0001-69;2026-01-01;3;159999;AXIA Energia Sul S.A.;Debêntures;;;;;Balcão Organizado;B3;B3 S.A. - Brasil, Bolsa, Balcão.;2023-09-13;;Básico;2023-08-31;
02.041.460/0001-93;2026-01-01;2;160740;V. Tal - Rede Neutra de Telecomunicações S.A.;Debêntures;;;;;Balcão Organizado;B3;B3 S.A. - Brasil, Bolsa, Balcão.;2022-06-21;;Básico;2022-06-21;
02.062.747/0001-08;2026-01-01;1;154885;SUDESTE S.A.;Ações Ordinárias;;;OPSE3;;Bolsa;B3;B3 S.A. - Brasil, Bolsa, Balcão.;2023-11-10;;Básico;1997-11-26;
02.117.801/0001-67;2026-01-01;1;156691;BONAIRE PARTICIPACOES S.A. - EM LIQUIDAÇÃO;Ações Ordinárias;;;BNPA3B;;Balcão Organizado;B3;B3 S.A. - Brasil, Bolsa, Balcão.;2000-10-18;;Básico;2000-10-18;
02.149.205/0001-69;2026-01-01;1;158299;PORTO SEGURO S.A.;Ações Ordinárias;;;PSSA3;;Bolsa;B3;B3 S.A. - Brasil, Bolsa, Balcão.;2004-11-22;;Novo Mercado;2004-11-22;
02.171.304/0001-47;2026-01-01;2;156953;FGR INCORPORAÇÕES S.A.;Valor Mobiliário Não Registrado;;;;;;;;;;;;
02.193.750/0001-52;2026-01-01;1;156007;DEXXOS PARTICIPAÇÕES S.A.;Ações Ordinárias;;;DEXP3;;Bolsa;B3;B3 S.A. - Brasil, Bolsa, Balcão.;1997-11-21;;Básico;1997-11-20;
02.193.750/0001-52;2026-01-01;1;156007;DEXXOS PARTICIPAÇÕES S.A.;Ações Preferenciais;PNA;Preferencial Classe A;DEXP4;;Bolsa;B3;B3 S.A. - Brasil, Bolsa, Balcão.;2016-11-18;;Básico;2016-11-18;
02.217.319/0001-07;2026-01-01;3;160861;YBYRÁ CAPITAL S.A.;Ações Ordinárias;;;YBRA3;;Balcão Não-Organizado;;;;;;1997-12-08;2025-01-24
02.217.319/0001-07;2026-01-01;3;160861;YBYRÁ CAPITAL S.A.;Ações Preferenciais;ONA;Ordinária Classe A;YBRA4;;Balcão Não-Organizado;;;;;;2023-06-28;2025-01-24
02.255.187/0001-08;2026-01-01;1;158433;Unifique Telecomunicações S.A.;Ações Ordinárias;;;FIQE3;;Bolsa;B3;B3 S.A. - Brasil, Bolsa, Balcão.;2021-07-27;;Novo Mercado;2021-07-27;
02.255.187/0001-08;2026-01-01;1;158433;Unifique Telecomunicações S.A.;Debêntures;;;;;Balcão Não-Organizado;B3;B3 S.A. - Brasil, Bolsa, Balcão.;2021-03-31;;Novo Mercado;2021-03-31;
02.258.422/0001-97;2026-01-01;3;157826;INEPAR EQUIPAMENTOS E MONTAGENS S/A - EM RECUPERACAO JUDICIA;Ações Ordinárias;;;;;;;;;;;1998-10-23;
02.258.422/0001-97;2026-01-01;3;157826;INEPAR EQUIPAMENTOS E MONTAGENS S/A - EM RECUPERACAO JUDICIA;Ações Preferenciais;;;;;;;;;;;1998-10-23;
02.286.479/0001-08;2026-01-01;1;158468;Localiza Fleet S.A.;Debêntures;;;;;Balcão Organizado;B3;B3 S.A. - Brasil, Bolsa, Balcão.;2009-09-30;;Básico;2009-09-30;
02.291.077/0001-93;2026-01-01;1;156541;PRODUTORES ENERGET.DE MANSO S.A.- PROMAN;Ações Ordinárias;;;PRMN3B;;Balcão Organizado;B3;B3 S.A. - Brasil, Bolsa, Balcão.;2004-01-28;;Básico;2004-01-28;
02.291.077/0001-93;2026-01-01;1;156541;PRODUTORES ENERGET.DE MANSO S.A.- PROMAN;Debêntures Conversíveis;;;;;Balcão Organizado;B3;B3 S.A. - Brasil, Bolsa, Balcão.;2002-02-07;;Básico;2002-02-07;
02.302.100/0001-06;2026-01-01;1;157793;EDP SÃO PAULO DISTRIBUIÇÃO DE ENERGIA S.A.;Debêntures;;;;;Balcão Organizado;B3;B3 S.A. - Brasil, Bolsa, Balcão.;2014-04-30;;Básico;2014-04-30;
02.302.101/0001-42;2026-01-01;3;156935;EMAE - EMPRESA METROP. DE AGUAS E ENERGIA S.A.;Ações Ordinárias;;;EMAE3;;Bolsa;B3;B3 S.A. - Brasil, Bolsa, Balcão.;1998-03-31;;Básico;1998-03-27;
02.302.101/0001-42;2026-01-01;3;156935;EMAE - EMPRESA METROP. DE AGUAS E ENERGIA S.A.;Ações Preferenciais;;;EMAE4;;Bolsa;B3;B3 S.A. - Brasil, Bolsa, Balcão.;1998-03-31;;Básico;1998-03-27;
02.328.280/0001-97;2026-01-01;2;161212;ELEKTRO REDES S.A.;Ações Ordinárias;;;EKTR3;;Bolsa;B3;B3 S.A. - Brasil, Bolsa, Balcão.;1998-07-08;;Nível 2 de Governança Corporativa;1998-07-08;
02.328.280/0001-97;2026-01-01;2;161212;ELEKTRO REDES S.A.;Debêntures;;;;;Bolsa;B3;B3 S.A. - Brasil, Bolsa, Balcão.;2005-09-01;;Básico;2005-09-01;
02.328.280/0001-97;2026-01-01;2;161212;ELEKTRO REDES S.A.;Ações Preferenciais;;;EKTR4;;Bolsa;B3;B3 S.A. - Brasil, Bolsa, Balcão.;1998-07-08;;Nível 2 de Governança Corporativa;1998-07-08;
02.338.534/0001-58;2026-01-01;1;158213;LONGDIS S.A.;Ações Ordinárias;;;SPRT3B;;Balcão Organizado;B3;B3 S.A. - Brasil, Bolsa, Balcão.;1998-06-30;2020-07-20;Básico;1998-06-30;2020-07-20
02.351.144/0001-18;2026-01-01;1;156431;TEGMA GESTAO LOGISTICA S.A.;Ações Ordinárias;;;tgma3;;Bolsa;B3;B3 S.A. - Brasil, Bolsa, Balcão.;2007-08-03;;Novo Mercado;2007-08-03;
02.351.877/0001-52;2026-01-01;1;158129;LWSA S/A;Ações Ordinárias;;;LWSA3;;Bolsa;B3;B3 S.A. - Brasil, Bolsa, Balcão.;2020-02-06;;Novo Mercado;2020-02-06;
02.357.251/0001-53;2026-01-01;3;157779;LIFEMED INDUSTRIAL DE EQUIP. E ART. MEDICOS E HOSP. S.A;Ações Ordinárias;;;LMED;;Bolsa;B3;B3 S.A. - Brasil, Bolsa, Balcão.;2020-01-06;;Básico;2020-01-06;
02.357.251/0001-53;2026-01-01;3;157779;LIFEMED INDUSTRIAL DE EQUIP. E ART. MEDICOS E HOSP. S.A;Nota Comercial;;;;;Balcão Organizado;B3;B3 S.A. - Brasil, Bolsa, Balcão.;2023-08-28;2023-09-01;Básico;2023-08-28;2023-09-01
02.365.069/0001-44;2026-01-01;1;155075;PADTEC HOLDING S.A.;Ações Ordinárias;;;PDTC3;;Bolsa;B3;B3 S.A. - Brasil, Bolsa, Balcão.;2018-01-08;2021-05-07;Básico;2000-06-08;
02.365.069/0001-44;2026-01-01;1;155075;PADTEC HOLDING S.A.;Ações Ordinárias;;;PDTC3;;Bolsa;B3;B3 S.A. - Brasil, Bolsa, Balcão.;2021-05-10;;Novo Mercado;2000-06-08;
02.382.073/0001-10;2026-01-01;3;161059;PROLAGOS S/A - CONC.DE SERVICOS PÚBLICOS DE ÁGUA E ESGOTO;Debêntures;;;;;Balcão Organizado;B3;B3 S.A. - Brasil, Bolsa, Balcão.;2018-01-08;;Básico;2017-10-10;
02.387.241/0001-60;2026-01-01;1;157181;RUMO S.A.;Ações Ordinárias;;;RAIL3;;Bolsa;B3;B3 S.A. - Brasil, Bolsa, Balcão.;2015-04-01;;Novo Mercado;2015-04-01;
02.387.241/0001-60;2026-01-01;1;157181;RUMO S.A.;Debêntures;;;;;Balcão Organizado;B3;B3 S.A. - Brasil, Bolsa, Balcão.;2019-03-20;;Básico;2019-03-20;
02.421.421/0001-11;2026-01-01;1;158518;TIM S.A.;Ações Ordinárias;;;TIMS3;;Bolsa;B3;B3 S.A. - Brasil, Bolsa, Balcão.;2020-10-13;;Novo Mercado;2020-10-13;
02.429.144/0001-93;2026-01-01;1;157771;CPFL ENERGIA S.A.;Ações Ordinárias;;;CPFE3;;Bolsa;B3;B3 S.A. - Brasil, Bolsa, Balcão.;2004-09-29;;Novo Mercado;2004-09-29;
02.429.144/0001-93;2026-01-01;1;157771;CPFL ENERGIA S.A.;Debêntures;;;;;Balcão Organizado;B3;B3 S.A. - Brasil, Bolsa, Balcão.;2000-05-19;;Básico;2000-05-18;
02.451.848/0001-62;2026-01-01;2;161276;CONC SIST ANHANG-BANDEIRANT S.A. AUTOBAN;Debêntures;;;;;Balcão Organizado;B3;B3 S.A. - Brasil, Bolsa, Balcão.;2006-08-01;;Básico;2006-08-01;
02.451.848/0001-62;2026-01-01;2;161276;CONC SIST ANHANG-BANDEIRANT S.A. AUTOBAN;Debêntures;;;;;Bolsa;B3;B3 S.A. - Brasil, Bolsa, Balcão.;2016-08-01;;Básico;2016-08-01;
02.451.848/0001-62;2026-01-01;2;161276;CONC SIST ANHANG-BANDEIRANT S.A. AUTOBAN;Nota Comercial;;;;;Balcão Organizado;B3;B3 S.A. - Brasil, Bolsa, Balcão.;2016-11-17;;Básico;2016-11-17;
02.474.103/0001-19;2026-01-01;2;155081;ENGIE BRASIL ENERGIA S.A.;Ações Ordinárias;;;EGIE3;;Bolsa;B3;B3 S.A. - Brasil, Bolsa, Balcão.;2005-11-16;;Novo Mercado;1998-05-28;
02.474.103/0001-19;2026-01-01;2;155081;ENGIE BRASIL ENERGIA S.A.;Debêntures;;;;;Balcão Não-Organizado;B3;B3 S.A. - Brasil, Bolsa, Balcão.;2018-07-15;;Básico;2018-07-15;
02.502.844/0001-66;2026-01-01;1;158642;RUMO MALHA PAULISTA S.A.;Debêntures;;;;;Balcão Organizado;B3;B3 S.A. - Brasil, Bolsa, Balcão.;2021-04-30;;Básico;2021-04-15;
02.509.491/0001-26;2026-01-01;1;158049;CONC ECOVIAS IMIGRANTES S.A.;Debêntures;;;;;Balcão Organizado;B3;B3 S.A. - Brasil, Bolsa, Balcão.;2024-02-15;;Básico;2024-02-15;
02.536.066/0001-26;2026-01-01;1;158877;Vital Engenharia Ambiental S.A.;Ações Ordinárias;;;;;;;;;;;;
02.536.066/0001-26;2026-01-01;1;158877;Vital Engenharia Ambiental S.A.;Ações Preferenciais;;;;;;;;;;;;
02.558.157/0001-62;2026-01-01;2;156170;TELEFÔNICA BRASIL S.A;Ações Ordinárias;;;VIVT3;;Bolsa;B3;B3 S.A. - Brasil, Bolsa, Balcão.;1998-08-19;;Básico;1998-08-19;
02.560.878/0001-07;2026-01-01;2;161235;HOSPITAL ANCHIETA S.A.;Valor Mobiliário Não Registrado;;;;;;;;;;;;
02.591.787/0001-39;2026-01-01;3;154781;CAPITALPART PARTICIPACOES S.A.;Ações Ordinárias;;;CPTP3B;;Bolsa;B3;B3 S.A. - Brasil, Bolsa, Balcão.;1998-07-20;2020-07-20;Básico;1998-07-09;2020-07-20
02.600.854/0001-34;2026-01-01;1;158523;Tim Brasil Serviços e Participações S.A.;Debêntures;;;;;Balcão Organizado;B3;B3 S.A. - Brasil, Bolsa, Balcão.;2025-07-23;;Básico;2025-07-23;
02.635.522/0001-95;2026-01-01;1;156767;Jalles Machado S.A.;Ações Ordinárias;;;JALL3;;Bolsa;B3;B3 S.A. - Brasil, Bolsa, Balcão.;2021-02-08;;Novo Mercado;2021-02-08;
02.762.115/0001-49;2026-01-01;1;155584;MASSA FALIDA DA MMX MINERACAO E METALICOS S.A.;Ações Ordinárias;;;MMXM3;;Bolsa;B3;B3 S.A. - Brasil, Bolsa, Balcão.;2006-07-24;2021-05-19;Novo Mercado;2006-07-24;2021-05-19
02.762.121/0001-04;2026-01-01;1;157987;SANTOS BRASIL PARTICIPACOES S.A.;Debêntures;;;;;Balcão Organizado;B3;B3 S.A. - Brasil, Bolsa, Balcão.;2024-09-04;;Básico;2024-08-15;
02.762.124/0001-30;2026-01-01;1;154882;BETAPART PARTICIPACOES S.A.;Ações Ordinárias;;;BETP3;;Bolsa;B3;B3 S.A. - Brasil, Bolsa, Balcão.;2023-10-11;;Básico;1998-11-06;
02.796.775/0001-40;2026-01-01;2;156802;GAMA PARTICIPACOES S.A.;Ações Ordinárias;;;OPGM3;;Bolsa;B3;B3 S.A. - Brasil, Bolsa, Balcão.;2023-10-11;;Básico;2002-12-31;
02.800.026/0001-40;2026-01-01;1;156605;COGNA EDUCAÇÃO S.A.;Ações Ordinárias;;;COGN3;;Bolsa;B3;B3 S.A. - Brasil, Bolsa, Balcão.;2012-11-30;;Novo Mercado;2007-07-23;
02.846.056/0001-97;2026-01-01;3;159767;MOTIVA INFRAESTRUTURA DE MOBILIDADE S.A.;Ações Ordinárias;;;MOTV3;;Bolsa;B3;B3 S.A. - Brasil, Bolsa, Balcão.;2002-01-31;;Novo Mercado;2002-01-31;
02.860.694/0001-62;2026-01-01;1;158659;T4F ENTRETENIMENTO S.A.;Ações Ordinárias;;;SHOW3;;Bolsa;B3;B3 S.A. - Brasil, Bolsa, Balcão.;2011-04-11;;Novo Mercado;2011-04-11;
02.916.265/0001-60;2026-01-01;1;157043;JBS S.A.;Ações Ordinárias;;;;;;;;;;;2007-03-29;
02.919.555/0001-67;2026-01-01;1;157787;ARTERIS S.A.;Debêntures;;;;;Balcão Organizado;B3;B3 S.A. - Brasil, Bolsa, Balcão.;2020-01-01;;Básico;2020-01-01;
02.932.074/0001-91;2026-01-01;2;160980;HYPERA S.A.;Ações Ordinárias;;;HYPE3;;Bolsa;B3;B3 S.A. - Brasil, Bolsa, Balcão.;2008-04-17;;Novo Mercado;2008-04-17;
02.950.811/0001-89;2026-01-01;2;159498;PDG REALTY S.A. EMPREEND E PARTICIPACOES;Ações Ordinárias;;;PDGR3;;Bolsa;B3;B3 S.A. - Brasil, Bolsa, Balcão.;2007-01-26;;Novo Mercado;2007-01-26;
02.992.449/0001-09;2026-01-01;2;156816;PROMPT PARTICIPACOES S.A.;Ações Ordinárias;;;PRPT3;;Bolsa;B3;B3 S.A. - Brasil, Bolsa, Balcão.;2023-10-11;;Básico;1999-06-18;
02.998.301/0001-81;2026-01-01;1;158710;RIO PARANAPANEMA ENERGIA S.A.;Ações Ordinárias;;;GEPA3;;Bolsa;B3;B3 S.A. - Brasil, Bolsa, Balcão.;1999-07-26;;Básico;1999-07-26;
02.998.301/0001-81;2026-01-01;1;158710;RIO PARANAPANEMA ENERGIA S.A.;Debêntures;;;;;Balcão Organizado;B3;B3 S.A. - Brasil, Bolsa, Balcão.;2008-09-15;;Básico;2008-09-15;
02.998.301/0001-81;2026-01-01;1;158710;RIO PARANAPANEMA ENERGIA S.A.;Ações Preferenciais;;;GEPA4;;Bolsa;B3;B3 S.A. - Brasil, Bolsa, Balcão.;1999-07-26;;Básico;1999-07-26;
02.998.611/0001-04;2026-01-01;1;156608;ISA ENERGIA BRASIL;Ações Ordinárias;;;ISAE3;;Bolsa;B3;B3 S.A. - Brasil, Bolsa, Balcão.;2002-09-18;;Nível 1 de Governança Corporativa;2002-09-18;
02.998.611/0001-04;2026-01-01;1;156608;ISA ENERGIA BRASIL;Debêntures;;;;;Balcão Organizado;B3;B3 S.A. - Brasil, Bolsa, Balcão.;2014-03-26;;Básico;2013-12-27;
02.998.611/0001-04;2026-01-01;1;156608;ISA ENERGIA BRASIL;Ações Preferenciais;PNA;Preferencial Classe A;ISAE4;;Bolsa;B3;B3 S.A. - Brasil, Bolsa, Balcão.;2002-09-18;;Nível 1 de Governança Corporativa;2002-09-18;
03.014.553/0001-91;2026-01-01;1;158359;TPI - TRIUNFO PARTICIP. E INVEST. S.A.;Ações Ordinárias;;;TPIS3;;Bolsa;B3;B3 S.A. - Brasil, Bolsa, Balcão.;2007-07-20;;Novo Mercado;2007-07-20;
03.025.305/0001-46;2026-01-01;1;158253;RODOVIAS DAS COLINAS S.A.;Debêntures;;;;;Balcão Organizado;B3;B3 S.A. - Brasil, Bolsa, Balcão.;2013-04-25;;Básico;2013-04-25;
03.207.703/0001-83;2026-01-01;1;157707;CONCESSIONARIA DE RODOVIAS DO INTERIOR PAULISTA S/A;Debêntures;;;;;Balcão Organizado;B3;B3 S.A. - Brasil, Bolsa, Balcão.;2024-05-20;2024-05-20;Básico;2024-05-15;
03.220.438/0001-73;2026-01-01;2;157743;EQUATORIAL S.A.;Ações Ordinárias;;;EQTL3;;Bolsa;B3;B3 S.A. - Brasil, Bolsa, Balcão.;2008-04-23;;Novo Mercado;2006-04-03;
03.279.285/0001-30;2026-01-01;1;157097;Orizon Meio Ambiente S.A.;Debêntures;;;;;Balcão Organizado;B3;B3 S.A. - Brasil, Bolsa, Balcão.;2021-11-15;;Básico;2021-11-15;
03.303.999/0001-36;2026-01-01;1;156542;DTCOM - DIRECT TO COMPANY S.A.;Ações Ordinárias;;;DTCY3;;Bolsa;B3;B3 S.A. - Brasil, Bolsa, Balcão.;2000-12-31;;Básico;2000-12-31;
03.303.999/0001-36;2026-01-01;1;156542;DTCOM - DIRECT TO COMPANY S.A.;Ações Preferenciais;PNA;Preferencial Classe A;DTCY;;Balcão Organizado;B3;B3 S.A. - Brasil, Bolsa, Balcão.;2000-12-31;;Básico;2000-12-31;
03.342.704/0001-30;2026-01-01;1;158366;PETRORECÔNCAVO S.A.;Ações Ordinárias;;;RECV3;;Bolsa;B3;B3 S.A. - Brasil, Bolsa, Balcão.;2021-05-05;;Novo Mercado;2021-05-05;
03.378.521/0001-75;2026-01-01;3;159237;LIGHT S.A. - Em Recuperação Judicial;Ações Ordinárias;;;LIGT3;;Bolsa;B3;B3 S.A. - Brasil, Bolsa, Balcão.;2005-12-12;;Novo Mercado;2005-12-12;
03.467.321/0001-99;2026-01-01;1;158180;ENERGISA MATO GROSSO-DISTRIBUIDORA DE ENERGIA S/A;Ações Ordinárias;;;ENMT3;;Bolsa;B3;B3 S.A. - Brasil, Bolsa, Balcão.;1994-10-25;;Básico;1994-10-25;
03.467.321/0001-99;2026-01-01;1;158180;ENERGISA MATO GROSSO-DISTRIBUIDORA DE ENERGIA S/A;Debêntures;;;;;Bolsa;B3;B3 S.A. - Brasil, Bolsa, Balcão.;2018-02-15;;Básico;2018-02-15;
03.467.321/0001-99;2026-01-01;1;158180;ENERGISA MATO GROSSO-DISTRIBUIDORA DE ENERGIA S/A;Nota Comercial;;;;;Bolsa;B3;B3 S.A. - Brasil, Bolsa, Balcão.;2019-04-03;;Básico;2019-04-03;
03.467.321/0001-99;2026-01-01;1;158180;ENERGISA MATO GROSSO-DISTRIBUIDORA DE ENERGIA S/A;Ações Preferenciais;;;ENMT4;;Bolsa;B3;B3 S.A. - Brasil, Bolsa, Balcão.;1994-10-25;;Básico;1994-10-25;
03.758.318/0001-24;2026-01-01;5;156599;INVESTIMENTOS E PARTICIP. EM INFRA S.A. - INVEPAR;Ações Ordinárias;;;IVPR3;;Balcão Organizado;B3;B3 S.A. - Brasil, Bolsa, Balcão.;2000-09-29;;Básico;2000-09-29;
03.758.318/0001-24;2026-01-01;5;156599;INVESTIMENTOS E PARTICIP. EM INFRA S.A. - INVEPAR;Debêntures;;;;;Balcão Organizado;B3;B3 S.A. - Brasil, Bolsa, Balcão.;2010-03-15;2015-11-12;Básico;2010-03-15;2015-11-12
03.758.318/0001-24;2026-01-01;5;156599;INVESTIMENTOS E PARTICIP. EM INFRA S.A. - INVEPAR;Debêntures Conversíveis;;;;;Balcão Organizado;B3;B3 S.A. - Brasil, Bolsa, Balcão.;2015-10-15;;Básico;2015-10-15;
03.758.318/0001-24;2026-01-01;5;156599;INVESTIMENTOS E PARTICIP. EM INFRA S.A. - INVEPAR;Ações Preferenciais;;;IVPR4;;Balcão Organizado;B3;B3 S.A. - Brasil, Bolsa, Balcão.;2000-09-29;;Básico;2000-09-29;
03.847.461/0001-92;2026-01-01;1;156684;BRADESPAR S.A.;Ações Ordinárias;;;BRAP3;;Bolsa;B3;B3 S.A. - Brasil, Bolsa, Balcão.;2001-06-26;;Nível 1 de Governança Corporativa;2000-08-10;
03.847.461/0001-92;2026-01-01;1;156684;BRADESPAR S.A.;Ações Preferenciais;;;BRAP4;;Bolsa;B3;B3 S.A. - Brasil, Bolsa, Balcão.;2001-06-26;;Nível 1 de Governança Corporativa;2000-08-10;
03.853.896/0001-40;2026-01-01;1;158008;MARFRIG GLOBAL FOODS S.A.;Ações Ordinárias;;;ADR;;Bolsa;B3;B3 S.A. - Brasil, Bolsa, Balcão.;2007-06-29;;Novo Mercado;2007-06-29;
03.983.431/0001-03;2026-01-01;1;157794;EDP - ENERGIAS DO BRASIL S.A.;Debêntures;;;;;Balcão Organizado;B3;B3 S.A. - Brasil, Bolsa, Balcão.;2015-09-15;;Básico;2015-09-15;
04.030.182/0001-02;2026-01-01;2;160761;CABINDA PARTICIPACOES S.A.;Ações Ordinárias;;;;;;;;;;;;
04.030.182/0001-02;2026-01-01;2;160761;CABINDA PARTICIPACOES S.A.;Ações Preferenciais;;;;;;;;;;;;
04.031.213/0001-31;2026-01-01;2;160765;CACONDE PARTICIPACOES S.A.;Ações Ordinárias;;;;;;;;;;;;
04.031.213/0001-31;2026-01-01;2;160765;CACONDE PARTICIPACOES S.A.;Ações Preferenciais;;;;;;;;;;;;
04.032.433/0001-80;2026-01-01;1;158829;CONTAX PARTICIPAÇÕES S.A. - EM RECUPERAÇÃO JUDICIAL;Ações Ordinárias;;;ATMP3;;Bolsa;B3;B3 S.A. - Brasil, Bolsa, Balcão.;2023-05-02;;Básico;2023-05-02;
04.038.763/0001-82;2026-01-01;2;160767;CAIANDA PARTICIPACOES S.A.;Ações Ordinárias;;;;;;;;;;;;
04.038.763/0001-82;2026-01-01;2;160767;CAIANDA PARTICIPACOES S.A.;Ações Preferenciais;;;;;;;;;;;;
04.065.053/0001-41;2026-01-01;1;157034;BRZ Empreendimentos e Construções S.A.;Ações Ordinárias;;;;;;;;;;;;
04.069.709/0001-02;2026-01-01;1;158770;Bionexo S.A.;Ações Ordinárias;;;;;;;;;;;;
04.089.570/0001-50;2026-01-01;4;161049;ÁGUAS GUARIROBA S.A;Debêntures;;;;;Balcão Organizado;B3;B3 S.A. - Brasil, Bolsa, Balcão.;2018-02-15;;Básico;2017-11-17;
04.149.454/0001-80;2026-01-01;1;158060;ECORODOVIAS INFRAESTRUTURA E LOGÍSTICA S.A.;Ações Ordinárias;;;ECOR3;;Bolsa;B3;B3 S.A. - Brasil, Bolsa, Balcão.;2010-04-01;;Novo Mercado;2010-04-01;
04.149.454/0001-80;2026-01-01;1;158060;ECORODOVIAS INFRAESTRUTURA E LOGÍSTICA S.A.;Debêntures;;;;;Balcão Organizado;B3;B3 S.A. - Brasil, Bolsa, Balcão.;2025-10-15;;Básico;2025-10-15;
04.172.213/0001-51;2026-01-01;2;159660;CIA PIRATININGA DE FORCA E LUZ;Debêntures;;;;;Balcão Organizado;B3;B3 S.A. - Brasil, Bolsa, Balcão.;2012-11-08;;Básico;2012-11-07;
04.212.396/0001-91;2026-01-01;3;157943;Voke S.A.;Debêntures;;;;;Balcão Organizado;B3;B3 S.A. - Brasil, Bolsa, Balcão.;2024-03-15;;Básico;2024-03-05;
04.212.396/0001-91;2026-01-01;3;157943;Voke S.A.;Nota Comercial;;;;;Balcão Organizado;B3;B3 S.A. - Brasil, Bolsa, Balcão.;2024-10-02;;Básico;2024-10-02;
04.368.865/0001-66;2026-01-01;1;158648;Ligga Telecomunicações S.A.;Debêntures;;;;;Balcão Organizado;B3;B3 S.A. - Brasil, Bolsa, Balcão.;2022-09-05;2022-09-05;Básico;2022-09-05;2022-10-10
04.368.898/0001-06;2026-01-01;1;157865;Copel Distribuição S.A.;Debêntures;;;;;Balcão Organizado;B3;B3 S.A. - Brasil, Bolsa, Balcão.;2017-10-20;;Básico;2017-10-20;
04.370.282/0001-70;2026-01-01;1;157930;COPEL GERAÇÃO E TRANSMISSÃO S.A.;Debêntures;;;;;Balcão Não-Organizado;B3;B3 S.A. - Brasil, Bolsa, Balcão.;2017-10-20;;Básico;2017-10-20;
04.423.567/0001-21;2026-01-01;1;158418;ENEVA S.A;Ações Ordinárias;;;ENEV3;;Bolsa;B3;B3 S.A. - Brasil, Bolsa, Balcão.;2007-12-14;;Novo Mercado;2007-12-14;
04.601.397/0001-28;2026-01-01;2;158004;BRISANET SERVIÇOS DE TELECOMUNICAÇÕES S.A.;Ações Ordinárias;;;BRST3;;Balcão Não-Organizado;B3;B3 S.A. - Brasil, Bolsa, Balcão.;2024-12-05;;Novo Mercado;2024-07-29;
04.739.720/0001-24;2026-01-01;1;159056;USINA TERMELÉTRICA PAMPA SUL S.A.;Debêntures;;;;;Balcão Organizado;B3;B3 S.A. - Brasil, Bolsa, Balcão.;2020-09-23;;Básico;2020-09-23;
04.752.991/0001-10;2026-01-01;2;156793;BIOMM S.A.;Ações Ordinárias;;;BIOM3;;Bolsa;B3;B3 S.A. - Brasil, Bolsa, Balcão.;2014-01-02;;Nível 2 de Governança Corporativa;2014-01-02;
04.821.041/0001-08;2026-01-01;1;154132;METALFRIO SOLUTIONS S.A.;Ações Ordinárias;;;FRIO3;;Bolsa;B3;B3 S.A. - Brasil, Bolsa, Balcão.;2007-04-13;;Novo Mercado;2007-04-13;
04.895.728/0001-80;2026-01-01;1;157911;EQUATORIAL PARÁ DISTRIBUIDORA DE ENERGIA S.A.;Ações Ordinárias;;;CELP3;;Bolsa;B3;B3 S.A. - Brasil, Bolsa, Balcão.;1999-08-05;;Básico;1999-08-05;
04.895.728/0001-80;2026-01-01;1;157911;EQUATORIAL PARÁ DISTRIBUIDORA DE ENERGIA S.A.;Ações Preferenciais;PNC;Preferencial Classe C;CELP7;;Bolsa;B3;B3 S.A. - Brasil, Bolsa, Balcão.;1999-08-05;;Básico;1999-08-05;
04.895.728/0001-80;2026-01-01;1;157911;EQUATORIAL PARÁ DISTRIBUIDORA DE ENERGIA S.A.;Ações Preferenciais;PNA;Preferencial Classe A;CELP5;;Bolsa;B3;B3 S.A. - Brasil, Bolsa, Balcão.;1999-08-05;;Básico;1999-08-05;
04.895.728/0001-80;2026-01-01;1;157911;EQUATORIAL PARÁ DISTRIBUIDORA DE ENERGIA S.A.;Ações Preferenciais;PNB;Preferencial Classe B;CELP6;;Bolsa;B3;B3 S.A. - Brasil, Bolsa, Balcão.;1999-08-05;;Básico;1999-08-05;
04.902.979/0001-44;2026-01-01;1;154117;BCO AMAZONIA S.A.;Ações Ordinárias;;;BAZA3;;Bolsa;B3;B3 S.A. - Brasil, Bolsa, Balcão.;1977-07-20;;Básico;1977-07-20;
04.913.711/0001-08;2026-01-01;2;159535;BCO ESTADO DO PARA S.A.;Ações Ordinárias;;;BPAR3;;Bolsa;B3;B3 S.A. - Brasil, Bolsa, Balcão.;1977-07-20;;Básico;1977-07-20;
04.972.092/0001-22;2026-01-01;1;157184;GRUPO FARTURA DE HORTIFRUT S.A.;Debêntures;;;;;Balcão Organizado;B3;B3 S.A. - Brasil, Bolsa, Balcão.;2018-09-10;;Básico;2018-09-10;
04.986.188/0001-40;2026-01-01;1;157773;AGROINDUSTRIAL VERA CRUZ S.A.;Ações Ordinárias;;;PNC;;Bolsa;B3;B3 S.A. - Brasil, Bolsa, Balcão.;1996-11-05;1996-11-05;Básico;1996-11-05;1996-11-05
04.986.320/0001-13;2026-01-01;1;154982;SER EDUCACIONAL S.A.;Ações Ordinárias;;;SEER3;;Bolsa;B3;B3 S.A. - Brasil, Bolsa, Balcão.;2013-10-29;;Novo Mercado;2013-10-29;
04.992.714/0001-84;2026-01-01;1;155462;Nova Transportadora do Sudeste S.A. - NTS;Debêntures;;;;;Balcão Organizado;B3;B3 S.A. - Brasil, Bolsa, Balcão.;2026-03-10;;Básico;2026-03-10;
05.197.443/0001-38;2026-01-01;1;157227;HAPVIDA PARTICIPAÇÕES E INVESTIMENTOS S.A.;Ações Ordinárias;;;HAPV3;;Bolsa;B3;B3 S.A. - Brasil, Bolsa, Balcão.;2018-04-25;;Novo Mercado;2018-04-25;
05.197.443/0001-38;2026-01-01;1;157227;HAPVIDA PARTICIPAÇÕES E INVESTIMENTOS S.A.;Debêntures;;;;;Balcão Organizado;B3;B3 S.A. - Brasil, Bolsa, Balcão.;2019-07-10;;Básico;2019-07-10;
05.336.882/0001-84;2026-01-01;1;158286;CACHOEIRA PAULISTA TRANSMISSORA ENERGIA S.A.;Debêntures;;;;;Balcão Organizado;B3;B3 S.A. - Brasil, Bolsa, Balcão.;2021-07-21;;Básico;2021-06-23;2021-07-22
05.495.546/0001-84;2026-01-01;1;156690;Litela Participações S.A. - Em Liquidação;Ações Ordinárias;;;LTLA;;Balcão Organizado;B3;B3 S.A. - Brasil, Bolsa, Balcão.;2019-09-05;;Básico;2019-09-05;
05.878.397/0001-32;2026-01-01;1;155836;ALLOS S.A.;Ações Ordinárias;;;ALOS3;;Bolsa;B3;B3 S.A. - Brasil, Bolsa, Balcão.;2011-02-02;;Novo Mercado;2011-02-02;
05.878.397/0001-32;2026-01-01;1;155836;ALLOS S.A.;Debêntures;;;;;Balcão Organizado;B3;B3 S.A. - Brasil, Bolsa, Balcão.;2012-02-15;;Básico;2012-02-15;
05.917.486/0001-40;2026-01-01;1;157900;LIVETECH DA BAHIA INDÚSTRIA E COMÉRCIO S.A.;Ações Ordinárias;;;N/A;;Bolsa;B3;B3 S.A. - Brasil, Bolsa, Balcão.;2021-07-23;;Novo Mercado;2021-07-23;
05.917.486/0001-40;2026-01-01;1;157900;LIVETECH DA BAHIA INDÚSTRIA E COMÉRCIO S.A.;Debêntures;;;;;Balcão Não-Organizado;;;;;;2019-12-26;
05.917.486/0001-40;2026-01-01;1;157900;LIVETECH DA BAHIA INDÚSTRIA E COMÉRCIO S.A.;Nota Comercial;;;;;Balcão Não-Organizado;;;;;;2025-05-30;
06.047.087/0001-39;2026-01-01;1;158834;Rede D'Or São Luiz S.A.;Ações Ordinárias;;;RDOR3;;Bolsa;B3;B3 S.A. - Brasil, Bolsa, Balcão.;2020-12-10;;Novo Mercado;2020-12-10;
06.047.087/0001-39;2026-01-01;1;158834;Rede D'Or São Luiz S.A.;Debêntures;;;;;Balcão Organizado;B3;B3 S.A. - Brasil, Bolsa, Balcão.;2011-12-10;2011-12-10;Básico;2011-12-10;
06.047.087/0001-39;2026-01-01;1;158834;Rede D'Or São Luiz S.A.;Nota Comercial;;;;;Balcão Organizado;B3;B3 S.A. - Brasil, Bolsa, Balcão.;2018-04-24;2018-04-24;Básico;2018-04-24;
06.057.223/0001-71;2026-01-01;2;160933;SENDAS DISTRIBUIDORA S.A.;Ações Ordinárias;;;ASAI3;;Bolsa;B3;B3 S.A. - Brasil, Bolsa, Balcão.;2021-03-01;;Novo Mercado;2021-02-10;
06.267.630/0001-03;2026-01-01;1;154842;Companhia Brasileira de Educação e Sistema de Ensino S.A.;Debêntures;;;;;Balcão Organizado;B3;B3 S.A. - Brasil, Bolsa, Balcão.;2021-08-20;;Básico;2021-08-20;
06.272.793/0001-84;2026-01-01;2;158240;EQUATORIAL MARANHÃO DISTRIBUIDORA DE ENERGIA S.A.;Ações Ordinárias;;;EQMA3B;;Balcão Organizado;B3;B3 S.A. - Brasil, Bolsa, Balcão.;1997-11-13;;Básico;1997-11-13;
06.272.793/0001-84;2026-01-01;2;158240;EQUATORIAL MARANHÃO DISTRIBUIDORA DE ENERGIA S.A.;Ações Preferenciais;ONA;Ordinária Classe A;EQMA5B;;Balcão Organizado;B3;B3 S.A. - Brasil, Bolsa, Balcão.;1997-11-13;;Básico;1997-11-13;
06.272.793/0001-84;2026-01-01;2;158240;EQUATORIAL MARANHÃO DISTRIBUIDORA DE ENERGIA S.A.;Ações Preferenciais;ONB;Ordinária Classe B;EQMA6B;;Balcão Organizado;B3;B3 S.A. - Brasil, Bolsa, Balcão.;1997-11-13;;Básico;1997-11-13;
06.347.409/0001-65;2026-01-01;2;160943;SBF Comércio de Produtos Esportivos S.A.;Debêntures;;;;;Balcão Organizado;B3;B3 S.A. - Brasil, Bolsa, Balcão.;2020-06-29;;Básico;2020-06-29;
06.626.253/0001-51;2026-01-01;1;158430;EMPREENDIMENTOS PAGUE MENOS S.A.;Ações Ordinárias;;;PGMN3;;Bolsa;B3;B3 S.A. - Brasil, Bolsa, Balcão.;2020-09-02;;Novo Mercado;2020-09-02;
06.626.253/0001-51;2026-01-01;1;158430;EMPREENDIMENTOS PAGUE MENOS S.A.;Debêntures;;;;;Balcão Organizado;B3;B3 S.A. - Brasil, Bolsa, Balcão.;2019-07-21;;Básico;2019-07-21;
06.977.745/0001-91;2026-01-01;1;159008;BR MALLS PARTICIPACOES S.A.;Ações Ordinárias;;;BRML3;;Bolsa;B3;B3 S.A. - Brasil, Bolsa, Balcão.;2006-01-04;;Novo Mercado;2006-01-04;
06.977.745/0001-91;2026-01-01;1;159008;BR MALLS PARTICIPACOES S.A.;Debêntures;;;;;Balcão Organizado;B3;B3 S.A. - Brasil, Bolsa, Balcão.;2006-01-04;;Básico;2006-01-04;
06.977.745/0001-91;2026-01-01;1;159008;BR MALLS PARTICIPACOES S.A.;Certificados de Recebíveis Imobiliários;;;;;Balcão Organizado;B3;B3 S.A. - Brasil, Bolsa, Balcão.;2006-01-04;;Básico;2006-01-04;
06.981.381/0001-13;2026-01-01;1;155378;CTC - CENTRO DE TECNOLOGIA CANAVIEIRA S.A.;Ações Ordinárias;;;CTCA3;;Bolsa;B3;B3 S.A. - Brasil, Bolsa, Balcão.;2016-08-30;;Básico;2016-08-30;
07.040.108/0001-57;2026-01-01;1;157812;CAGECE - CIA DE AGUA E ESGOTO DO CEARA;Debêntures;;;;;Balcão Organizado;B3;B3 S.A. - Brasil, Bolsa, Balcão.;2021-03-15;;Básico;2021-03-15;
07.043.628/0001-13;2026-01-01;1;157938;CLARO TELECOM PARTICIPAÇÕES S.A.;Ações Ordinárias;;;NÃO;;Balcão Não-Organizado;;;;;;2014-12-05;
07.047.251/0001-70;2026-01-01;1;157970;CIA ENERGETICA DO CEARA - COELCE;Ações Ordinárias;;;COCE3;;Bolsa;B3;B3 S.A. - Brasil, Bolsa, Balcão.;1995-10-09;;Básico;1995-10-09;
07.047.251/0001-70;2026-01-01;1;157970;CIA ENERGETICA DO CEARA - COELCE;Ações Preferenciais;PNA;Preferencial Classe A;COCE5;;Bolsa;B3;B3 S.A. - Brasil, Bolsa, Balcão.;1995-10-09;;Básico;1995-10-09;
07.047.251/0001-70;2026-01-01;1;157970;CIA ENERGETICA DO CEARA - COELCE;Ações Preferenciais;PNB;Preferencial Classe B;COCE6;;Bolsa;B3;B3 S.A. - Brasil, Bolsa, Balcão.;1995-10-09;;Básico;1995-10-09;
07.206.816/0001-15;2026-01-01;1;155093;M.DIAS BRANCO S.A. IND COM DE ALIMENTOS;Ações Ordinárias;;;MDIA3;;Bolsa;B3;B3 S.A. - Brasil, Bolsa, Balcão.;2006-10-18;;Novo Mercado;2006-10-18;
07.237.373/0001-20;2026-01-01;1;154369;BCO NORDESTE DO BRASIL S.A.;Ações Ordinárias;;;BNBR3;;Bolsa;B3;B3 S.A. - Brasil, Bolsa, Balcão.;1968-05-02;;Básico;1968-05-02;
07.237.373/0001-20;2026-01-01;1;154369;BCO NORDESTE DO BRASIL S.A.;Letras Financeiras;;;;;Balcão Organizado;B3;B3 S.A. - Brasil, Bolsa, Balcão.;2019-06-11;;Básico;2019-06-11;
07.253.321/0001-47;2026-01-01;1;158855;CARBOMIL SA MINER. E INDUSTRIA;Debêntures;;;;;Balcão Não-Organizado;;;;;;1992-11-01;1995-11-01
07.275.159/0001-68;2026-01-01;1;156933;PETROLEO LUB DO NORDESTE SA;Ações Ordinárias;;;;;;;;;;;;
07.282.377/0001-20;2026-01-01;1;158186;ENERGISA SUL-SUDESTE - DISTRIBUIDORA DE ENERGIA S/A;Debêntures;;;;;Balcão Não-Organizado;B3;B3 S.A. - Brasil, Bolsa, Balcão.;2018-09-15;;Básico;2018-09-15;
07.282.377/0001-20;2026-01-01;1;158186;ENERGISA SUL-SUDESTE - DISTRIBUIDORA DE ENERGIA S/A;Nota Comercial;;;;;Balcão Não-Organizado;;;;;;2022-07-06;
07.334.600/0001-35;2026-01-01;2;156951;MARINA DE IRACEMA PARK SA;Debêntures;;;;;;;;;;;;
07.415.333/0001-20;2026-01-01;1;157863;SIMPAR S.A.;Ações Ordinárias;;;SIMH3;;Bolsa;B3;B3 S.A. - Brasil, Bolsa, Balcão.;2020-09-18;;Novo Mercado;2020-09-11;
07.526.557/0001-00;2026-01-01;1;158398;AMBEV S.A.;Ações Ordinárias;;;ABEV3;;Bolsa;B3;B3 S.A. - Brasil, Bolsa, Balcão.;2013-11-11;;Básico;2013-10-31;
07.594.978/0001-78;2026-01-01;1;158448;SMARTFIT ESCOLA DE GINÁSTICA E DANÇA S.A.;Ações Ordinárias;;;SMFT3;;Bolsa;B3;B3 S.A. - Brasil, Bolsa, Balcão.;2021-07-14;;Novo Mercado;2018-02-15;
07.594.978/0001-78;2026-01-01;1;158448;SMARTFIT ESCOLA DE GINÁSTICA E DANÇA S.A.;Debêntures;;;;;Balcão Organizado;B3;B3 S.A. - Brasil, Bolsa, Balcão.;2021-12-21;;Básico;2021-12-21;
07.628.528/0001-59;2026-01-01;1;158785;BRASILAGRO - CIA BRAS DE PROP AGRICOLAS;Ações Ordinárias;;;AGRO3;;Bolsa;B3;B3 S.A. - Brasil, Bolsa, Balcão.;2006-05-02;;Novo Mercado;2006-05-02;
07.636.657/0001-99;2026-01-01;1;158339;Aço Verde do Brasil S.A;Debêntures;;;;;Balcão Organizado;B3;B3 S.A. - Brasil, Bolsa, Balcão.;2023-07-20;;Básico;2023-07-20;
07.682.638/0001-07;2026-01-01;1;158229;Concessionária da Linha 4 do Metrô de São Paulo S.A.;Debêntures;;;;;Bolsa;B3;B3 S.A. - Brasil, Bolsa, Balcão.;2024-06-15;;Básico;2024-06-15;
07.689.002/0001-89;2026-01-01;2;156228;EMBRAER S.A.;Ações Ordinárias;;;EMBJ3;;Bolsa;B3;B3 S.A. - Brasil, Bolsa, Balcão.;2006-05-23;;Novo Mercado;2006-05-23;
07.714.104/0001-07;2026-01-01;1;158730;Giga Mais Fibra Telecomunicações S.A.;Debêntures;;;;;Balcão Organizado;B3;B3 S.A. - Brasil, Bolsa, Balcão.;2021-05-28;;Básico;2021-05-28;
07.714.104/0001-07;2026-01-01;1;158730;Giga Mais Fibra Telecomunicações S.A.;Nota Comercial;;;;;Balcão Não-Organizado;B3;B3 S.A. - Brasil, Bolsa, Balcão.;2023-12-27;;Básico;2023-12-27;
07.802.794/0001-56;2026-01-01;1;158846;ESSENTIA PCHS S.A.;Debêntures;;;;;Balcão Não-Organizado;;;;;;2018-06-15;
07.816.890/0001-53;2026-01-01;1;156517;MULTIPLAN - EMPREEND IMOBILIARIOS S.A.;Ações Ordinárias;;;MULT3;;Bolsa;B3;B3 S.A. - Brasil, Bolsa, Balcão.;2007-07-27;;Nível 2 de Governança Corporativa;2007-07-27;
07.816.890/0001-53;2026-01-01;1;156517;MULTIPLAN - EMPREEND IMOBILIARIOS S.A.;Debêntures;;;;;Balcão Organizado;B3;B3 S.A. - Brasil, Bolsa, Balcão.;2014-10-15;;Básico;2014-10-15;
07.820.907/0001-46;2026-01-01;2;160100;FICA EMPREENDIMENTOS IMOBILIÁRIOS S.A.;Ações Ordinárias;;;CRDE3;;Bolsa;B3;B3 S.A. - Brasil, Bolsa, Balcão.;2020-03-04;;Básico;2007-04-23;
07.820.907/0001-46;2026-01-01;2;160100;FICA EMPREENDIMENTOS IMOBILIÁRIOS S.A.;Ações Ordinárias;;;FIEI3;;Bolsa;B3;B3 S.A. - Brasil, Bolsa, Balcão.;2007-04-23;2020-03-03;Novo Mercado;2007-04-23;
07.823.262/0001-03;2026-01-01;1;154486;Foz do Rio Claro Energia S.A.;Valor Mobiliário Não Registrado;;;;;;;;;;;;
07.857.093/0001-14;2026-01-01;1;158813;AURA MINERALS INC.;Certificados de depósito de valores mobiliários;;;;;Bolsa;B3;B3 S.A. - Brasil, Bolsa, Balcão.;2020-06-23;;Básico;2020-06-23;
07.859.971/0001-30;2026-01-01;1;158852;TRANSMISSORA ALIANÇA DE ENERGIA ELÉTRICA S.A.;Ações Ordinárias;;;TAEE3;;Bolsa;B3;B3 S.A. - Brasil, Bolsa, Balcão.;2006-10-27;;Nível 2 de Governança Corporativa;2006-10-26;
07.859.971/0001-30;2026-01-01;1;158852;TRANSMISSORA ALIANÇA DE ENERGIA ELÉTRICA S.A.;Debêntures;;;;;Balcão Organizado;B3;B3 S.A. - Brasil, Bolsa, Balcão.;2012-10-15;;Básico;2012-10-15;
07.859.971/0001-30;2026-01-01;1;158852;TRANSMISSORA ALIANÇA DE ENERGIA ELÉTRICA S.A.;Ações Preferenciais;;;TAEE4;;Bolsa;B3;B3 S.A. - Brasil, Bolsa, Balcão.;2006-10-27;;Nível 2 de Governança Corporativa;2006-10-26;
07.859.971/0001-30;2026-01-01;1;158852;TRANSMISSORA ALIANÇA DE ENERGIA ELÉTRICA S.A.;Units;;;TAEE11;1 ON / 2 PN;Bolsa;B3;B3 S.A. - Brasil, Bolsa, Balcão.;2006-10-27;;Nível 2 de Governança Corporativa;2006-10-26;
07.882.930/0001-65;2026-01-01;1;155636;Mitre Realty Empreendimentos e Participações S.A.;Ações Ordinárias;;;MTRE3;;Bolsa;B3;B3 S.A. - Brasil, Bolsa, Balcão.;2020-02-05;;Novo Mercado;2020-02-03;
08.065.557/0001-12;2026-01-01;1;156686;TECNISA S.A.;Ações Ordinárias;;;TCSA3;;Bolsa;B3;B3 S.A. - Brasil, Bolsa, Balcão.;2007-02-01;;Novo Mercado;2007-01-09;
08.065.557/0001-12;2026-01-01;1;156686;TECNISA S.A.;Debêntures;;;;;Balcão Organizado;B3;B3 S.A. - Brasil, Bolsa, Balcão.;2018-10-05;2021-04-16;Básico;2018-09-14;2021-04-16
08.070.508/0001-78;2026-01-01;2;160318;RAIZEN ENERGIA S.A.;Debêntures;;;;;Balcão Organizado;B3;B3 S.A. - Brasil, Bolsa, Balcão.;2022-04-13;;Básico;2022-04-13;
08.078.847/0001-09;2026-01-01;1;158314;LPS BRASIL - CONSULTORIA DE IMOVEIS S.A.;Ações Ordinárias;;;LPSB3;;Bolsa;B3;B3 S.A. - Brasil, Bolsa, Balcão.;2006-12-18;;Novo Mercado;2006-12-18;
08.100.057/0001-74;2026-01-01;1;158902;Tecnogera-Locação e Transformação de Energia S.A.;Debêntures;;;;;Balcão Organizado;B3;B3 S.A. - Brasil, Bolsa, Balcão.;2024-04-03;;Básico;2024-04-03;
08.159.965/0001-33;2026-01-01;1;158228;IGUA SANEAMENTO S.A.;Ações Ordinárias;;;023175;;Bolsa;B3;B3 S.A. - Brasil, Bolsa, Balcão.;2013-05-13;;Básico;2013-05-13;
08.170.849/0001-15;2026-01-01;1;158374;DESKTOP S.A.;Ações Ordinárias;;;DESK3;;Bolsa;B3;B3 S.A. - Brasil, Bolsa, Balcão.;2021-07-21;;Novo Mercado;2021-07-20;
08.170.849/0001-15;2026-01-01;1;158374;DESKTOP S.A.;Debêntures;;;;;Balcão Organizado;B3;B3 S.A. - Brasil, Bolsa, Balcão.;2021-03-30;;Básico;2021-03-30;
08.213.823/0001-07;2026-01-01;1;158791;AURA ALMAS MINERAÇÃO S.A.;Debêntures;;;;;Balcão Organizado;B3;B3 S.A. - Brasil, Bolsa, Balcão.;2021-07-13;;Básico;2021-07-13;
08.294.224/0001-65;2026-01-01;1;159009;JHSF PARTICIPACOES S.A.;Ações Ordinárias;;;JHSF3;;Bolsa;B3;B3 S.A. - Brasil, Bolsa, Balcão.;2007-04-11;;Novo Mercado;2007-04-11;
08.312.229/0001-73;2026-01-01;1;158144;EZ TEC EMPREEND. E PARTICIPACOES S.A.;Ações Ordinárias;;;EZTC3;;Bolsa;B3;B3 S.A. - Brasil, Bolsa, Balcão.;2007-06-20;;Novo Mercado;2007-06-20;
08.322.396/0001-03;2026-01-01;2;160948;CERRADINHO BIOENERGIA S.A.;Debêntures;;;;;Balcão Organizado;B3;B3 S.A. - Brasil, Bolsa, Balcão.;2018-09-05;;Básico;2018-09-05;
08.324.196/0001-81;2026-01-01;2;161217;CIA ENERGETICA DO RIO GDE NORTE - COSERN;Debêntures;;;;;Bolsa;B3;B3 S.A. - Brasil, Bolsa, Balcão.;2007-12-01;;Básico;2007-12-01;
08.343.492/0001-20;2026-01-01;1;156504;MRV ENGENHARIA E PARTICIPACOES S.A.;Ações Ordinárias;;;MRVE3;;Bolsa;B3;B3 S.A. - Brasil, Bolsa, Balcão.;2007-07-23;;Novo Mercado;2007-07-19;
08.343.492/0001-20;2026-01-01;1;156504;MRV ENGENHARIA E PARTICIPACOES S.A.;Debêntures;;;;;Balcão Não-Organizado;;;;;;2008-07-29;
08.364.948/0001-38;2026-01-01;1;154535;ALUPAR INVESTIMENTO S/A;Units;;;ALUP11;1 ON E 2 PN;Bolsa;B3;B3 S.A. - Brasil, Bolsa, Balcão.;2013-04-23;;Nível 2 de Governança Corporativa;2013-04-23;
08.397.078/0001-01;2026-01-01;2;157647;GSH CORP Participações S.A.;Debêntures;;;;;Balcão Organizado;B3;B3 S.A. - Brasil, Bolsa, Balcão.;2023-12-07;;Básico;2023-12-07;
08.402.943/0001-52;2026-01-01;1;158197;GUARARAPES CONFECCOES S.A.;Ações Ordinárias;;;RIAA3;;Bolsa;B3;B3 S.A. - Brasil, Bolsa, Balcão.;1973-05-14;;Básico;1972-01-03;
08.402.943/0001-52;2026-01-01;1;158197;GUARARAPES CONFECCOES S.A.;Ações Ordinárias;;;RIAA3;;Bolsa;B3;B3 S.A. - Brasil, Bolsa, Balcão.;2022-04-05;;Novo Mercado;1972-01-03;
08.402.943/0001-52;2026-01-01;1;158197;GUARARAPES CONFECCOES S.A.;Debêntures;;;;;Balcão Organizado;B3;B3 S.A. - Brasil, Bolsa, Balcão.;2018-05-14;;Básico;2018-05-14;
08.424.178/0001-71;2026-01-01;1;157957;TECBLU TECELAGEM BLUMENAU S.A.;Ações Preferenciais;PNA;Preferencial Classe A;11215;;Balcão Não-Organizado;;;;;;2017-03-02;
08.439.659/0001-50;2026-01-01;1;157682;CPFL ENERGIAS RENOVÁVEIS S.A.;Debêntures;;;;;Balcão Organizado;B3;B3 S.A. - Brasil, Bolsa, Balcão.;2012-12-08;;Básico;2012-11-07;
08.467.115/0001-00;2026-01-01;1;157910;CIA ESTADUAL DE DISTRIB ENER ELET-CEEE-D;Ações Ordinárias;;;CEED3;;Bolsa;B3;B3 S.A. - Brasil, Bolsa, Balcão.;2010-12-23;;Básico;2010-12-23;
08.467.115/0001-00;2026-01-01;1;157910;CIA ESTADUAL DE DISTRIB ENER ELET-CEEE-D;Ações Preferenciais;;;CEED4;;Bolsa;B3;B3 S.A. - Brasil, Bolsa, Balcão.;2010-12-23;;Básico;2010-12-23;
08.534.605/0001-74;2026-01-01;1;158416;RENOVA ENERGIA S.A.;Ações Ordinárias;;;RNEW3;;Bolsa;B3;B3 S.A. - Brasil, Bolsa, Balcão.;2010-07-13;;Nível 2 de Governança Corporativa;2010-07-13;
08.534.605/0001-74;2026-01-01;1;158416;RENOVA ENERGIA S.A.;Ações Preferenciais;PNA;Preferencial Classe A;RNEW4;;Bolsa;B3;B3 S.A. - Brasil, Bolsa, Balcão.;2010-07-13;;Nível 2 de Governança Corporativa;2010-07-13;
08.560.444/0001-93;2026-01-01;2;156120;CIA CELG DE PARTICIPACOES - CELGPAR;Ações Ordinárias;;;GPAR3;;Bolsa;B3;B3 S.A. - Brasil, Bolsa, Balcão.;2008-03-14;;Básico;2008-03-14;
08.574.411/0001-00;2026-01-01;1;157358;PRÁTICA PRODUTOS S.A.;Ações Ordinárias;;;PTCA3;;Bolsa;B3;B3 S.A. - Brasil, Bolsa, Balcão.;2018-10-04;;Básico;2018-09-27;
08.613.550/0001-98;2026-01-01;1;158868;Nexpe Participações S.A;Ações Ordinárias;;;NEXP3;;Bolsa;B3;B3 S.A. - Brasil, Bolsa, Balcão.;2007-10-29;2024-04-29;Novo Mercado;2007-10-29;2024-04-29
08.613.550/0001-98;2026-01-01;1;158868;Nexpe Participações S.A;Ações Ordinárias;;;NEXP3;;Bolsa;B3;B3 S.A. - Brasil, Bolsa, Balcão.;2024-04-30;;Básico;2024-04-30;
08.764.621/0001-53;2026-01-01;1;158072;GENERAL SHOPPING E OUTLETS DO BRASIL BRASIL S.A.;Ações Ordinárias;;;GSHP3;;Bolsa;B3;B3 S.A. - Brasil, Bolsa, Balcão.;2007-07-27;2021-07-15;Novo Mercado;2007-07-27;
08.764.621/0001-53;2026-01-01;1;158072;GENERAL SHOPPING E OUTLETS DO BRASIL BRASIL S.A.;Ações Ordinárias;;;GSHP3;;Bolsa;B3;B3 S.A. - Brasil, Bolsa, Balcão.;2021-07-16;;Básico;2007-07-27;
08.764.621/0001-53;2026-01-01;1;158072;GENERAL SHOPPING E OUTLETS DO BRASIL BRASIL S.A.;Debêntures;;;;;Balcão Organizado;B3;B3 S.A. - Brasil, Bolsa, Balcão.;2019-04-09;;Básico;2019-04-09;
08.773.135/0001-00;2026-01-01;3;159059;2W Ecobank S.A. - Em Recuperação Judicial;Ações Ordinárias;;;;;;;;;;;;
08.795.211/0001-70;2026-01-01;4;160117;MAESTRO LOCADORA DE VEICULOS S.A.;Ações Ordinárias;;;MSRO3;;Bolsa;B3;B3 S.A. - Brasil, Bolsa, Balcão.;2015-05-28;2024-09-26;Bovespa Mais;2015-05-28;
08.795.211/0001-70;2026-01-01;4;160117;MAESTRO LOCADORA DE VEICULOS S.A.;Debêntures;;;;;Balcão Organizado;B3;B3 S.A. - Brasil, Bolsa, Balcão.;2015-05-26;;Básico;2015-05-26;
08.797.760/0001-83;2026-01-01;1;154685;Cury Construtora e Incorporadora S.A.;Ações Ordinárias;;;CURY3;;Bolsa;B3;B3 S.A. - Brasil, Bolsa, Balcão.;2020-09-21;;Novo Mercado;2020-09-17;
08.797.760/0001-83;2026-01-01;1;154685;Cury Construtora e Incorporadora S.A.;Debêntures;;;;;Bolsa;B3;B3 S.A. - Brasil, Bolsa, Balcão.;2022-07-12;;Novo Mercado;2022-07-12;
08.801.621/0001-86;2026-01-01;1;157791;SYN PROP & TECH S.A.;Ações Ordinárias;;;SYNE3;;Bolsa;B3;B3 S.A. - Brasil, Bolsa, Balcão.;2007-08-09;;Novo Mercado;2007-08-09;
08.801.621/0001-86;2026-01-01;1;157791;SYN PROP & TECH S.A.;Debêntures;;;;;Balcão Organizado;B3;B3 S.A. - Brasil, Bolsa, Balcão.;2010-03-15;;Básico;2010-03-15;
08.807.432/0001-10;2026-01-01;2;161203;YDUQS PARTICIPACOES S.A.;Ações Ordinárias;;;YDUQ3;;Bolsa;B3;B3 S.A. - Brasil, Bolsa, Balcão.;2008-06-13;;Novo Mercado;2007-07-30;
08.807.432/0001-10;2026-01-01;2;161203;YDUQS PARTICIPACOES S.A.;Debêntures;;;;;Balcão Organizado;B3;B3 S.A. - Brasil, Bolsa, Balcão.;2026-08-25;;Básico;2026-08-25;
08.811.643/0001-27;2026-01-01;1;156559;TRISUL S.A.;Ações Ordinárias;;;TRIS3;;Bolsa;B3;B3 S.A. - Brasil, Bolsa, Balcão.;2007-10-15;;Novo Mercado;2007-10-15;
08.811.643/0001-27;2026-01-01;1;156559;TRISUL S.A.;Debêntures;;;;;Balcão Organizado;B3;B3 S.A. - Brasil, Bolsa, Balcão.;2008-07-25;;Básico;2008-07-25;
08.811.643/0001-27;2026-01-01;1;156559;TRISUL S.A.;Nota Comercial;;;;;Balcão Organizado;B3;B3 S.A. - Brasil, Bolsa, Balcão.;2013-05-22;;Básico;2013-05-22;
08.822.767/0001-08;2026-01-01;1;158258;CONCESSIONÁRIA DA RODOVIA MG-050 S.A.;Debêntures;;;;;Balcão Organizado;B3;B3 S.A. - Brasil, Bolsa, Balcão.;2017-03-06;;Básico;2017-03-06;
08.827.501/0001-58;2026-01-01;3;161040;AEGEA SANEAMENTO E PARTICIPAÇÕES S.A.;Debêntures;;;;;Balcão Organizado;B3;B3 S.A. - Brasil, Bolsa, Balcão.;2018-10-24;;Básico;2018-07-26;
08.845.676/0001-98;2026-01-01;3;160791;Corpóreos - Serviços Terapêuticos S.A.;Debêntures;;;;;Balcão Organizado;B3;B3 S.A. - Brasil, Bolsa, Balcão.;2024-02-16;;Básico;2024-02-16;
08.873.873/0001-10;2026-01-01;1;158058;ECORODOVIAS CONCESSÕES E SERVIÇOS S.A.;Debêntures;;;;;Balcão Organizado;B3;B3 S.A. - Brasil, Bolsa, Balcão.;2023-06-20;;Básico;2023-06-20;
08.902.291/0001-15;2026-01-01;1;158711;CSN MINERAÇÃO S.A.;Ações Ordinárias;;;25585;;Bolsa;B3;B3 S.A. - Brasil, Bolsa, Balcão.;2021-02-12;;Nível 2 de Governança Corporativa;2021-02-12;
08.926.302/0001-05;2026-01-01;1;158365;PRIO Forte S.A.;Debêntures;;;;;Balcão Organizado;B3;B3 S.A. - Brasil, Bolsa, Balcão.;2022-11-22;;Básico;2022-08-23;
09.041.168/0001-10;2026-01-01;1;158660;LOG COMMERCIAL PROPERTIES E PARTICIPAÇÕES;Ações Ordinárias;;;LOGG3;;Bolsa;B3;B3 S.A. - Brasil, Bolsa, Balcão.;2018-12-21;;Novo Mercado;2018-12-21;
09.042.817/0001-05;2026-01-01;1;156275;BEMOBI MOBILE TECH S.A.;Ações Ordinárias;;;BMOB3;;Bolsa;B3;B3 S.A. - Brasil, Bolsa, Balcão.;2021-02-10;;Novo Mercado;2021-02-10;
09.053.134/0001-45;2026-01-01;2;161182;Elfa Medicamentos S.A.;Ações Ordinárias;;;;;;;;;;;;
09.054.385/0001-44;2026-01-01;1;158142;INBRANDS S.A.;Debêntures;;;;;Balcão Organizado;B3;B3 S.A. - Brasil, Bolsa, Balcão.;2016-08-12;;Básico;2016-08-12;
09.095.183/0001-40;2026-01-01;1;158183;ENERGISA PARAÍBA - DISTRIBUIDORA DE ENERGIA S/A;Debêntures;;;;;Bolsa;B3;B3 S.A. - Brasil, Bolsa, Balcão.;2018-02-15;;Básico;2018-02-15;
09.112.685/0001-32;2026-01-01;1;158704;OSX BRASIL S.A. - Em Recuperação Judicial;Ações Ordinárias;;;OSXB3;;Bolsa;B3;B3 S.A. - Brasil, Bolsa, Balcão.;2010-03-19;;Novo Mercado;2010-03-19;
09.114.805/0001-30;2026-01-01;1;156325;Oceanpact Serviços Maritimos S.A.;Ações Ordinárias;;;OPCT3;;Bolsa;B3;B3 S.A. - Brasil, Bolsa, Balcão.;2021-02-12;;Novo Mercado;2021-02-12;
09.146.451/0001-06;2026-01-01;1;158067;KALLAS INCORPORAÇÕES E CONSTRUÇÕES S.A.;Ações Ordinárias;;;KLAS3;;Bolsa;B3;B3 S.A. - Brasil, Bolsa, Balcão.;2021-05-24;;Básico;2021-05-24;
09.146.451/0001-06;2026-01-01;1;158067;KALLAS INCORPORAÇÕES E CONSTRUÇÕES S.A.;Debêntures;;;;;Bolsa;B3;B3 S.A. - Brasil, Bolsa, Balcão.;2021-09-02;;Básico;2021-09-02;
09.229.201/0001-30;2026-01-01;1;158104;GPS PARTICIPAÇÕES E EMPREENDIMENTOS S.A.;Ações Ordinárias;;;GGPS3;;Bolsa;B3;B3 S.A. - Brasil, Bolsa, Balcão.;2021-04-26;;Novo Mercado;2021-04-26;
09.257.877/0001-37;2026-01-01;2;161340;FERROVIA NORTE SUL S/A;Debêntures;;;;;Balcão Organizado;B3;B3 S.A. - Brasil, Bolsa, Balcão.;2024-03-22;;Básico;2024-03-22;
09.288.252/0001-32;2026-01-01;1;155428;ANIMA HOLDING S.A.;Ações Ordinárias;;;ANIM3;;Bolsa;B3;B3 S.A. - Brasil, Bolsa, Balcão.;2013-10-28;;Novo Mercado;2013-10-28;
09.288.252/0001-32;2026-01-01;1;155428;ANIMA HOLDING S.A.;Debêntures;;;;;Balcão Não-Organizado;B3;B3 S.A. - Brasil, Bolsa, Balcão.;2018-05-29;;Básico;2018-05-29;
09.295.063/0001-97;2026-01-01;1;154473;TECHNOS S.A.;Ações Ordinárias;;;TECN3;;Bolsa;B3;B3 S.A. - Brasil, Bolsa, Balcão.;2011-07-01;;Novo Mercado;2011-07-01;
09.305.994/0001-29;2026-01-01;2;156535;AZUL S.A.;Ações Ordinárias;;;AZUL3;;Bolsa;B3;B3 S.A. - Brasil, Bolsa, Balcão.;2017-04-11;;Nível 2 de Governança Corporativa;2017-04-11;
09.324.949/0001-11;2026-01-01;1;157871;AUTOPISTA FLUMINENSE SA;Nota Comercial;;;;;Balcão Organizado;B3;B3 S.A. - Brasil, Bolsa, Balcão.;2025-01-01;;Básico;2025-01-01;
09.346.601/0001-25;2026-01-01;2;158175;B3 S.A. - BRASIL, BOLSA, BALCÃO;Ações Ordinárias;;;B3SA3;;Bolsa;B3;B3 S.A. - Brasil, Bolsa, Balcão.;2008-08-20;;Novo Mercado;2008-08-11;
09.346.601/0001-25;2026-01-01;2;158175;B3 S.A. - BRASIL, BOLSA, BALCÃO;Debêntures;;;;;Balcão Organizado;B3;B3 S.A. - Brasil, Bolsa, Balcão.;2019-05-03;;Básico;2019-05-03;
09.359.927/0001-97;2026-01-01;1;158844;ASA BRANCA HOLDING S.A.;Debêntures;;;;;Balcão Não-Organizado;;;;;;2018-06-15;
09.391.823/0001-60;2026-01-01;3;160002;AXIA Energia UHE Santo Antônio S.A.;Debêntures;;;;;Balcão Não-Organizado;B3;B3 S.A. - Brasil, Bolsa, Balcão.;2014-04-29;2023-04-15;Básico;2014-04-29;
09.527.023/0001-23;2026-01-01;1;154503;ENVIRONMENTAL ESG PARTICIPAÇÕES S.A.;Ações Ordinárias;;;;;;;;;;;;
09.527.023/0001-23;2026-01-01;1;154503;ENVIRONMENTAL ESG PARTICIPAÇÕES S.A.;Debêntures;;;;;Balcão Organizado;B3;B3 S.A. - Brasil, Bolsa, Balcão.;2021-06-25;;Básico;2021-06-25;
09.538.973/0001-53;2026-01-01;2;160155;PDG COMPANHIA SECURITIZADORA;Certificados de Recebíveis Imobiliários;;;;;Balcão Organizado;B3;B3 S.A. - Brasil, Bolsa, Balcão.;2009-07-13;;Básico;2009-07-13;
09.584.854/0001-37;2026-01-01;1;159023;MANAUS TRANSMISSORA DE ENERGIA S.A;Debêntures;;;;;Balcão Organizado;B3;B3 S.A. - Brasil, Bolsa, Balcão.;2024-10-21;;Básico;2024-10-21;
09.611.768/0001-76;2026-01-01;1;159043;INC EMPREENDIMENTOS IMOBILIÁRIOS S.A.;Ações Ordinárias;;;INNC3;;Bolsa;B3;B3 S.A. - Brasil, Bolsa, Balcão.;2018-03-02;;Bovespa Mais;2018-02-26;
09.625.321/0001-56;2026-01-01;1;159021;Norte Brasil Transmissora de Energia S.A.;Debêntures;;;;;Balcão Organizado;B3;B3 S.A. - Brasil, Bolsa, Balcão.;2013-09-15;;Básico;2013-09-15;
09.625.321/0001-56;2026-01-01;1;159021;Norte Brasil Transmissora de Energia S.A.;Nota Comercial;;;;;Balcão Organizado;B3;B3 S.A. - Brasil, Bolsa, Balcão.;2020-11-15;;Básico;2020-11-15;
09.813.204/0001-16;2026-01-01;2;158729;W2W E-COMMERCE DE VINHOS S.A.;Ações Ordinárias;;;;;;;;;;;;
09.813.204/0001-16;2026-01-01;2;158729;W2W E-COMMERCE DE VINHOS S.A.;Debêntures;;;;;;;;;;;;
09.813.204/0001-16;2026-01-01;2;158729;W2W E-COMMERCE DE VINHOS S.A.;Nota Comercial;;;;;;;;;;;;
10.139.870/0001-08;2026-01-01;1;158424;NEOGRID PARTICIPAÇÕES S.A.;Ações Ordinárias;;;NGRD3;;Bolsa;B3;B3 S.A. - Brasil, Bolsa, Balcão.;2020-12-17;2026-05-28;Novo Mercado;2020-12-15;2026-05-28
10.139.870/0001-08;2026-01-01;1;158424;NEOGRID PARTICIPAÇÕES S.A.;Ações Ordinárias;;;NGRD3;;Bolsa;B3;B3 S.A. - Brasil, Bolsa, Balcão.;2026-05-28;;Básico;2026-05-28;
10.158.356/0001-01;2026-01-01;1;154428;CPX Distribuidora S.A.;Debêntures;;;;;Balcão Organizado;B3;B3 S.A. - Brasil, Bolsa, Balcão.;2023-03-15;;Básico;2023-03-15;
10.234.027/0001-00;2026-01-01;1;158188;LINHAS DE MACAPÁ TRANSMISSORA DE ENERGIA S/A;Debêntures;;;;;Balcão Não-Organizado;;;;;;2012-01-24;
10.240.186/0001-00;2026-01-01;1;158189;LINHAS DE XINGU TRANSMISSORA DE ENERGIA S/A;Debêntures;;;;;Balcão Não-Organizado;B3;B3 S.A. - Brasil, Bolsa, Balcão.;2021-03-31;;Básico;2021-03-15;
10.319.900/0001-50;2026-01-01;3;161055;REGENERA RIO S.A.;Debêntures;;;;;Balcão Não-Organizado;B3;B3 S.A. - Brasil, Bolsa, Balcão.;2021-12-27;;Básico;2021-12-27;
10.319.900/0001-50;2026-01-01;3;161055;REGENERA RIO S.A.;Nota Comercial;;;;;Balcão Não-Organizado;B3;B3 S.A. - Brasil, Bolsa, Balcão.;2019-06-28;;Básico;2019-06-28;
10.324.624/0001-18;2026-01-01;2;157162;CONCESSÃO METROVIÁRIA DO RIO DE JANEIRO S.A.;Debêntures;;;;;Balcão Organizado;B3;B3 S.A. - Brasil, Bolsa, Balcão.;2012-03-14;;Básico;2012-03-14;
10.338.320/0001-00;2026-01-01;2;161211;AFLUENTE TRANSMISSÃO DE ENERGIA ELÉTRICA S/A;Ações Ordinárias;;;AFLT3;;Bolsa;B3;B3 S.A. - Brasil, Bolsa, Balcão.;2010-10-25;;Básico;2010-10-25;
10.502.676/0001-37;2026-01-01;2;160303;TERMELÉTRICA PERNAMBUCO III S.A.;Debêntures;;;;;Bolsa;B3;B3 S.A. - Brasil, Bolsa, Balcão.;2013-12-20;;Básico;2013-12-20;
10.531.501/0001-58;2026-01-01;2;157543;CONC AUTO RAPOSO TAVARES S.A.;Debêntures;;;;;Balcão Organizado;B3;B3 S.A. - Brasil, Bolsa, Balcão.;2021-10-15;;Básico;2021-10-15;
10.571.175/0001-02;2026-01-01;1;158500;URBA DESENVOLVIMENTO URBANO S.A.;Valor Mobiliário Não Registrado;;;;;;;;;;;;
10.629.105/0001-68;2026-01-01;1;158353;PRIO S.A.;Ações Ordinárias;;;PRIO3;;Bolsa;B3;B3 S.A. - Brasil, Bolsa, Balcão.;2010-10-25;;Novo Mercado;2010-10-25;
10.647.979/0001-48;2026-01-01;1;156630;CONC ROTA DAS BANDEIRAS S.A.;Debêntures;;;;;Balcão Organizado;B3;B3 S.A. - Brasil, Bolsa, Balcão.;2013-10-15;;Básico;2010-06-30;
10.678.505/0001-63;2026-01-01;1;158404;CONC RODOVIAS DO TIETÊ S.A.;Debêntures;;;;;Balcão Organizado;B3;B3 S.A. - Brasil, Bolsa, Balcão.;2021-12-03;;Básico;2021-12-03;
10.739.356/0001-03;2026-01-01;1;157515;BRBI BR Partners S.A;Units;;;BRBI11;2 ações preferenciais e 1 ação ordinária;Bolsa;B3;B3 S.A. - Brasil, Bolsa, Balcão.;2021-06-21;;Nível 2 de Governança Corporativa;2021-05-13;
10.760.260/0001-19;2026-01-01;1;157984;CVC BRASIL OPERADORA E AGÊNCIA DE VIAGENS S.A.;Ações Ordinárias;;;CVCB3;;Bolsa;B3;B3 S.A. - Brasil, Bolsa, Balcão.;2013-12-09;;Novo Mercado;2013-12-09;
10.760.260/0001-19;2026-01-01;1;157984;CVC BRASIL OPERADORA E AGÊNCIA DE VIAGENS S.A.;Debêntures;;;;;Balcão Organizado;B3;B3 S.A. - Brasil, Bolsa, Balcão.;2019-04-18;;Básico;2019-04-18;
10.807.374/0001-77;2026-01-01;1;156395;BOA SAFRA SEMENTES S.A.;Ações Ordinárias;;;SOJA3;;Bolsa;B3;B3 S.A. - Brasil, Bolsa, Balcão.;2021-04-29;;Novo Mercado;2021-04-29;
10.835.932/0001-08;2026-01-01;2;161214;CIA ENERGETICA DE PERNAMBUCO - CELPE;Debêntures;;;;;Bolsa;B3;B3 S.A. - Brasil, Bolsa, Balcão.;1998-05-27;;Básico;1998-05-27;
10.841.050/0001-55;2026-01-01;1;158050;CONC ROD AYRTON SENNA E CARV PINTO S.A.-ECOPISTAS;Debêntures;;;;;Balcão Organizado;B3;B3 S.A. - Brasil, Bolsa, Balcão.;2023-03-15;;Básico;2023-03-15;
11.284.204/0001-18;2026-01-01;1;158872;YOU INC INCORPORADORA E PARTICIPAÇÕES S.A;Ações Ordinárias;;;;;;;;;;;;
11.284.204/0001-18;2026-01-01;1;158872;YOU INC INCORPORADORA E PARTICIPAÇÕES S.A;Ações Ordinárias;;;;;;;;;;;;
11.284.204/0001-18;2026-01-01;1;158872;YOU INC INCORPORADORA E PARTICIPAÇÕES S.A;Debêntures;;;;;;;;;;;;
11.421.994/0001-36;2026-01-01;1;157093;Orizon Valorização de Resíduos S.A.;Ações Ordinárias;;;ORVR3;;Bolsa;B3;B3 S.A. - Brasil, Bolsa, Balcão.;2021-02-17;;Novo Mercado;2021-02-17;
11.421.994/0001-36;2026-01-01;1;157093;Orizon Valorização de Resíduos S.A.;Debêntures;;;;;Balcão Organizado;B3;B3 S.A. - Brasil, Bolsa, Balcão.;2013-02-18;;Básico;2013-02-18;2013-02-18
11.992.680/0001-93;2026-01-01;1;154902;QUALICORP CONSULTORIA E CORRETORA DE SEGUROS S.A.;Ações Ordinárias;;;QUAL3;;Bolsa;B3;B3 S.A. - Brasil, Bolsa, Balcão.;2011-06-28;;Novo Mercado;2011-06-28;
11.992.680/0001-93;2026-01-01;1;154902;QUALICORP CONSULTORIA E CORRETORA DE SEGUROS S.A.;Debêntures;;;;;Balcão Organizado;B3;B3 S.A. - Brasil, Bolsa, Balcão.;2022-06-09;;Básico;2022-06-09;
12.049.631/0001-84;2026-01-01;1;156117;MOURA DUBEUX ENGENHARIA S/A;Ações Ordinárias;;;MDNE3;;Bolsa;B3;B3 S.A. - Brasil, Bolsa, Balcão.;2020-02-13;;Novo Mercado;2020-02-10;
12.091.809/0001-55;2026-01-01;2;161113;Brava Energia S.A.;Ações Ordinárias;;;BRAV3;;Bolsa;B3;B3 S.A. - Brasil, Bolsa, Balcão.;2020-11-12;;Novo Mercado;2020-11-12;
12.091.809/0001-55;2026-01-01;2;161113;Brava Energia S.A.;Debêntures;;;;;Balcão Organizado;B3;B3 S.A. - Brasil, Bolsa, Balcão.;2022-09-16;;Básico;2022-09-16;
12.104.241/0004-02;2026-01-01;5;161322;ONCOCLÍNICAS DO BRASIL SERVIÇOS MÉDICOS S.A.;Ações Ordinárias;;;ONCO3;;Bolsa;B3;B3 S.A. - Brasil, Bolsa, Balcão.;2021-08-06;;Novo Mercado;2021-08-06;
12.104.241/0004-02;2026-01-01;5;161322;ONCOCLÍNICAS DO BRASIL SERVIÇOS MÉDICOS S.A.;Debêntures;;;;;Balcão Organizado;B3;B3 S.A. - Brasil, Bolsa, Balcão.;2022-11-25;;Básico;2022-11-25;
12.108.897/0001-50;2026-01-01;1;158017;D1000 VAREJO FARMA PARTICIPAÇÕES S.A.;Ações Ordinárias;;;DMVF3;;Bolsa;B3;B3 S.A. - Brasil, Bolsa, Balcão.;2020-08-10;;Novo Mercado;2020-08-10;
12.181.987/0001-77;2026-01-01;1;154127;Melnick Desenvolvimento Imobiliário S.A.;Ações Ordinárias;;;MELK3;;Bolsa;B3;B3 S.A. - Brasil, Bolsa, Balcão.;2020-09-28;;Novo Mercado;2020-09-28;
12.300.288/0001-07;2026-01-01;2;159578;NORTE ENERGIA S.A.;Debêntures;;;;;Balcão Organizado;B3;B3 S.A. - Brasil, Bolsa, Balcão.;2020-06-29;;Básico;2020-06-29;
12.420.164/0001-57;2026-01-01;1;158432;CM Hospitalar S.A;Ações Ordinárias;;;VVEO3;;Bolsa;B3;B3 S.A. - Brasil, Bolsa, Balcão.;2021-08-06;;Novo Mercado;2021-08-06;
12.420.164/0001-57;2026-01-01;1;158432;CM Hospitalar S.A;Debêntures;;;;;Balcão Organizado;B3;B3 S.A. - Brasil, Bolsa, Balcão.;2020-05-27;;Básico;2020-05-27;
12.528.708/0001-07;2026-01-01;2;155883;AERIS IND. E COM. DE EQUIP. PARA GER. DE ENG. S.A.;Ações Ordinárias;;;AERI3;;Bolsa;B3;B3 S.A. - Brasil, Bolsa, Balcão.;2020-11-11;;Novo Mercado;2020-11-11;
12.528.708/0001-07;2026-01-01;2;155883;AERIS IND. E COM. DE EQUIP. PARA GER. DE ENG. S.A.;Debêntures;;;;;Balcão Organizado;B3;B3 S.A. - Brasil, Bolsa, Balcão.;2021-08-16;;Básico;2021-08-16;
12.648.266/0001-24;2026-01-01;2;155543;AMBIPAR PARTICIPAÇÕES E EMPREENDIMENTOS S.A.;Ações Ordinárias;;;AMBP3;;Bolsa;B3;B3 S.A. - Brasil, Bolsa, Balcão.;2020-07-13;;Novo Mercado;2020-07-13;
12.648.266/0001-24;2026-01-01;2;155543;AMBIPAR PARTICIPAÇÕES E EMPREENDIMENTOS S.A.;Debêntures;;;;;Balcão Organizado;B3;B3 S.A. - Brasil, Bolsa, Balcão.;2021-07-15;;Básico;2021-07-15;
12.648.327/0001-53;2026-01-01;1;158495;HIDROVIAS DO BRASIL S.A.;Ações Ordinárias;;;HBSA3;;Bolsa;B3;B3 S.A. - Brasil, Bolsa, Balcão.;2020-09-24;;Novo Mercado;2020-09-24;
13.009.717/0001-46;2026-01-01;2;157049;BCO ESTADO DE SERGIPE S.A. - BANESE;Ações Ordinárias;;;BGIP3;;Bolsa;B3;B3 S.A. - Brasil, Bolsa, Balcão.;1977-07-20;;Básico;1977-07-20;
13.009.717/0001-46;2026-01-01;2;157049;BCO ESTADO DE SERGIPE S.A. - BANESE;Ações Preferenciais;;;BGIP4;;Bolsa;B3;B3 S.A. - Brasil, Bolsa, Balcão.;1977-07-20;;Básico;1977-07-20;
13.017.462/0001-63;2026-01-01;1;158225;ENERGISA SERGIPE - DISTRIBUIDORA DE ENERGIA S/A;Debêntures;;;;;Bolsa;B3;B3 S.A. - Brasil, Bolsa, Balcão.;2018-09-15;;Básico;2018-09-15;
13.017.462/0001-63;2026-01-01;1;158225;ENERGISA SERGIPE - DISTRIBUIDORA DE ENERGIA S/A;Nota Comercial;;;;;Bolsa;B3;B3 S.A. - Brasil, Bolsa, Balcão.;2017-04-13;2024-12-26;Básico;2017-04-13;2024-12-26
13.217.485/0001-11;2026-01-01;2;160941;Grupo SBF S.A.;Ações Ordinárias;;;SBFG3;;Bolsa;B3;B3 S.A. - Brasil, Bolsa, Balcão.;2019-04-17;;Novo Mercado;2019-04-17;
13.270.520/0001-66;2026-01-01;2;161236;Kora Saúde Participações S.A.;Debêntures;;;;;Balcão Organizado;B3;B3 S.A. - Brasil, Bolsa, Balcão.;2022-08-02;;Básico;2022-05-04;
13.270.520/0001-66;2026-01-01;2;161236;Kora Saúde Participações S.A.;Debêntures;;;;;Balcão Organizado;B3;B3 S.A. - Brasil, Bolsa, Balcão.;2025-01-28;;Básico;2024-10-30;
13.444.994/0001-87;2026-01-01;3;160331;MLOG S.A.;Ações Ordinárias;;;000000;;Bolsa;B3;B3 S.A. - Brasil, Bolsa, Balcão.;2011-09-12;2017-01-05;Nível 2 de Governança Corporativa;2011-09-12;2017-01-05
13.783.221/0004-78;2026-01-01;1;158637;MADERO INDÚSTRIA E COMÉRCIO S.A.;Debêntures;;;;;Balcão Organizado;B3;B3 S.A. - Brasil, Bolsa, Balcão.;2025-02-25;;Básico;2025-02-25;
13.783.221/0004-78;2026-01-01;1;158637;MADERO INDÚSTRIA E COMÉRCIO S.A.;Nota Comercial;;;;;Balcão Organizado;B3;B3 S.A. - Brasil, Bolsa, Balcão.;2024-07-12;;Básico;2024-07-12;
14.110.585/0001-07;2026-01-01;1;156718;MÉLIUZ S.A.;Ações Ordinárias;;;CASH3;;Bolsa;B3;B3 S.A. - Brasil, Bolsa, Balcão.;2020-11-05;;Novo Mercado;2020-11-04;
14.127.813/0001-51;2026-01-01;1;160960;Arandu Investimentos S.A.;Ações Ordinárias;;;ARND3;;Bolsa;B3;B3 S.A. - Brasil, Bolsa, Balcão.;2021-05-17;;Novo Mercado;2021-05-17;
14.292.540/0001-09;2026-01-01;2;159519;Brazil Tower, Cessão de Infra-Estruturas S.A;Debêntures;;;;;Balcão Organizado;B3;B3 S.A. - Brasil, Bolsa, Balcão.;2022-12-28;;Básico;2022-12-28;
14.388.334/0001-99;2026-01-01;1;158352;PARANA BCO S.A.;Letras Financeiras;;;;;Balcão Organizado;B3;B3 S.A. - Brasil, Bolsa, Balcão.;2019-11-08;;Básico;2019-11-08;
14.388.334/0001-99;2026-01-01;1;158352;PARANA BCO S.A.;Ações Preferenciais;;;PRBC4;;Bolsa;B3;B3 S.A. - Brasil, Bolsa, Balcão.;2007-06-12;2017-10-17;Nível 1 de Governança Corporativa;2007-06-12;2017-10-17
14.776.142/0001-50;2026-01-01;2;159104;WESTWING COMÉRCIO VAREJISTA S.A.;Ações Ordinárias;;;WEST3;;Bolsa;B3;B3 S.A. - Brasil, Bolsa, Balcão.;2021-02-11;;Novo Mercado;2021-02-11;
14.785.152/0001-51;2026-01-01;1;154395;HBR Realty Empreendimentos Imobiliários S.A.;Ações Ordinárias;;;HBRE3;;Bolsa;B3;B3 S.A. - Brasil, Bolsa, Balcão.;2021-01-26;;Novo Mercado;2021-01-26;
14.807.945/0001-24;2026-01-01;1;158771;SANSUY S.A. INDUSTRIA DE PLASTICOS;Ações Ordinárias;;;SNSY3;;Bolsa;B3;B3 S.A. - Brasil, Bolsa, Balcão.;1986-05-06;;Básico;1986-05-06;
14.807.945/0001-24;2026-01-01;1;158771;SANSUY S.A. INDUSTRIA DE PLASTICOS;Ações Preferenciais;PNA;Preferencial Classe A;SNSY5;;Bolsa;B3;B3 S.A. - Brasil, Bolsa, Balcão.;1986-05-06;;Básico;1986-05-06;
14.807.945/0001-24;2026-01-01;1;158771;SANSUY S.A. INDUSTRIA DE PLASTICOS;Ações Preferenciais;PNB;Preferencial Classe B;SNSY6;;Bolsa;B3;B3 S.A. - Brasil, Bolsa, Balcão.;1986-05-06;;Básico;1986-05-06;
14.882.295/0001-81;2026-01-01;2;159107;CBO HOLDING S.A.;Ações Ordinárias;;;;;;;;;;;;
14.998.371/0001-19;2026-01-01;1;158368;J. MACEDO S.A.;Debêntures;;;;;Balcão Não-Organizado;;;;;;2021-10-15;
14.998.371/0001-19;2026-01-01;1;158368;J. MACEDO S.A.;Debêntures;;;;;Balcão Não-Organizado;;;;;;2023-03-31;
14.998.371/0001-19;2026-01-01;1;158368;J. MACEDO S.A.;Debêntures;;;;;Balcão Organizado;B3;B3 S.A. - Brasil, Bolsa, Balcão.;2025-11-26;2025-12-01;Básico;2025-11-18;
15.073.274/0001-88;2026-01-01;1;156943;PPLA PARTICIPATIONS LTD.;Certificados de depósito de valores mobiliários;;;;;Bolsa;B3;B3 S.A. - Brasil, Bolsa, Balcão.;2012-04-26;;Básico;2012-04-26;
15.090.690/0001-94;2026-01-01;1;158052;CONCESSIONARIA ECOVIAS DO ARAGUAIA S.A.;Debêntures;;;;;Balcão Organizado;B3;B3 S.A. - Brasil, Bolsa, Balcão.;2022-10-15;;Básico;2022-10-15;
15.114.494/0001-02;2026-01-01;1;157506;Corredor Logística e Infraestrutura S.A.;Debêntures;;;;;Balcão Não-Organizado;;;;;;2022-11-14;
15.115.504/0001-24;2026-01-01;1;156160;TRONOX PIGMENTOS DO BRASIL S.A.;Ações Ordinárias;;;CRPG3;;Bolsa;B3;B3 S.A. - Brasil, Bolsa, Balcão.;1970-12-23;;Básico;1970-12-23;
15.115.504/0001-24;2026-01-01;1;156160;TRONOX PIGMENTOS DO BRASIL S.A.;Ações Preferenciais;PNB;Preferencial Classe B;CRPG6;;Bolsa;B3;B3 S.A. - Brasil, Bolsa, Balcão.;1970-12-23;;Básico;1970-12-23;
15.115.504/0001-24;2026-01-01;1;156160;TRONOX PIGMENTOS DO BRASIL S.A.;Ações Preferenciais;PNA;Preferencial Classe A;CRPG5;;Bolsa;B3;B3 S.A. - Brasil, Bolsa, Balcão.;1970-12-23;;Básico;1970-12-23;
15.139.629/0001-94;2026-01-01;2;161207;CIA ELETRICIDADE EST. DA BAHIA - COELBA;Ações Ordinárias;;;CEEB3;;Bolsa;B3;B3 S.A. - Brasil, Bolsa, Balcão.;1995-05-23;;Básico;1994-07-28;
15.139.629/0001-94;2026-01-01;2;161207;CIA ELETRICIDADE EST. DA BAHIA - COELBA;Debêntures;;;;;Bolsa;B3;B3 S.A. - Brasil, Bolsa, Balcão.;2005-06-01;;Básico;2005-06-01;
15.139.629/0001-94;2026-01-01;2;161207;CIA ELETRICIDADE EST. DA BAHIA - COELBA;Ações Preferenciais;PNA;Preferencial Classe A;CEEB5;;Bolsa;B3;B3 S.A. - Brasil, Bolsa, Balcão.;1995-05-23;;Básico;1994-07-28;
15.139.629/0001-94;2026-01-01;2;161207;CIA ELETRICIDADE EST. DA BAHIA - COELBA;Ações Preferenciais;PNB;Preferencial Classe B;CEEB6;;Bolsa;B3;B3 S.A. - Brasil, Bolsa, Balcão.;1995-05-23;;Básico;1994-07-28;
15.141.799/0001-03;2026-01-01;1;156424;CIA FERRO LIGAS DA BAHIA - FERBASA;Ações Ordinárias;;;FESA3;;Bolsa;B3;B3 S.A. - Brasil, Bolsa, Balcão.;2011-01-05;;Nível 1 de Governança Corporativa;1977-01-01;
15.141.799/0001-03;2026-01-01;1;156424;CIA FERRO LIGAS DA BAHIA - FERBASA;Ações Preferenciais;;;FESA4;;Bolsa;B3;B3 S.A. - Brasil, Bolsa, Balcão.;2011-01-05;;Nível 1 de Governança Corporativa;1977-01-01;
15.385.166/0001-40;2026-01-01;2;160462;Equipav Saneamento S.A.;Debêntures;;;;;Balcão Organizado;B3;B3 S.A. - Brasil, Bolsa, Balcão.;2024-03-20;;Básico;2024-03-20;
15.413.826/0001-50;2026-01-01;1;158179;ENERGISA MATO GROSSO DO SUL - DIST DE ENERGIA S.A.;Debêntures;;;;;Bolsa;B3;B3 S.A. - Brasil, Bolsa, Balcão.;2017-09-15;;Básico;2017-09-15;
15.413.826/0001-50;2026-01-01;1;158179;ENERGISA MATO GROSSO DO SUL - DIST DE ENERGIA S.A.;Nota Comercial;;;;;Balcão Não-Organizado;;;;;;2020-03-16;
15.440.708/0001-30;2026-01-01;2;158754;Concessionária ViaRio S.A.;Debêntures;;;;;Bolsa;B3;B3 S.A. - Brasil, Bolsa, Balcão.;2023-02-02;;Básico;2023-02-02;
15.484.093/0001-44;2026-01-01;1;158056;ECO101 CONCESSIONÁRIA DE RODOVIAS S.A.;Debêntures;;;;;Balcão Organizado;B3;B3 S.A. - Brasil, Bolsa, Balcão.;2025-09-15;;Básico;2025-09-15;
15.578.569/0001-06;2026-01-01;2;157139;CONC DO AEROPORTO INTERNACIONAL DE GUARULHOS S.A.;Debêntures;;;;;Balcão Organizado;B3;B3 S.A. - Brasil, Bolsa, Balcão.;2014-10-24;;Básico;2014-10-24;
16.233.389/0001-55;2026-01-01;1;159289;CVLB Brasil S.A em Recuperação Judical;Debêntures;;;;;Balcão Não-Organizado;;;;;;2013-11-14;
16.233.389/0001-55;2026-01-01;1;159289;CVLB Brasil S.A em Recuperação Judical;Nota Comercial;;;;;Balcão Não-Organizado;;;;;;2024-03-22;
16.234.171/0001-15;2026-01-01;1;158016;METANOR SA METANOL DO NE;Ações Ordinárias;;;NÃO;;Balcão Não-Organizado;;;;;;1974-12-26;
16.404.287/0001-55;2026-01-01;1;158196;SUZANO S.A.;Ações Ordinárias;;;SUZB3;;Bolsa;B3;B3 S.A. - Brasil, Bolsa, Balcão.;2017-11-10;;Novo Mercado;2004-07-26;
16.590.234/0001-76;2026-01-01;2;156640;AZZAS 2154 S.A.;Ações Ordinárias;;;AZZA3;;Bolsa;B3;B3 S.A. - Brasil, Bolsa, Balcão.;2011-02-02;;Novo Mercado;2011-02-02;
16.590.234/0001-76;2026-01-01;2;156640;AZZAS 2154 S.A.;Debêntures;;;;;Balcão Não-Organizado;B3;B3 S.A. - Brasil, Bolsa, Balcão.;2026-01-12;;Novo Mercado;2026-01-12;
16.614.075/0001-00;2026-01-01;1;158806;DIRECIONAL ENGENHARIA S.A.;Ações Ordinárias;;;DIRR3;;Bolsa;B3;B3 S.A. - Brasil, Bolsa, Balcão.;2009-11-19;;Novo Mercado;2009-11-19;
16.670.085/0001-55;2026-01-01;1;154190;Localiza Rent a Car S.A.;Ações Ordinárias;;;RENT3;;Bolsa;B3;B3 S.A. - Brasil, Bolsa, Balcão.;2005-05-23;;Novo Mercado;2005-05-06;
16.670.085/0001-55;2026-01-01;1;154190;Localiza Rent a Car S.A.;Debêntures;;;;;Balcão Organizado;B3;B3 S.A. - Brasil, Bolsa, Balcão.;2005-05-19;;Básico;2005-05-19;
16.670.085/0001-55;2026-01-01;1;154190;Localiza Rent a Car S.A.;Ações Preferenciais;;;RENT4;;Bolsa;B3;B3 S.A. - Brasil, Bolsa, Balcão.;2025-12-30;;Novo Mercado;2025-12-29;
16.676.520/0001-59;2026-01-01;1;158071;HOSPITAL MATER DEI S.A.;Ações Ordinárias;;;MATD3;;Bolsa;B3;B3 S.A. - Brasil, Bolsa, Balcão.;2021-04-14;;Novo Mercado;2021-04-14;
16.676.520/0001-59;2026-01-01;1;158071;HOSPITAL MATER DEI S.A.;Debêntures;;;;;Balcão Organizado;B3;B3 S.A. - Brasil, Bolsa, Balcão.;2021-11-04;;Básico;2021-11-04;
16.811.931/0001-00;2026-01-01;1;158037;ALPHAVILLE S.A.;Ações Ordinárias;;;AVLL3;;Bolsa;B3;B3 S.A. - Brasil, Bolsa, Balcão.;2020-12-11;;Novo Mercado;2020-12-05;
16.922.038/0001-51;2026-01-01;3;159034;ENJOEI S.A.;Ações Ordinárias;;;ENJU3;;Bolsa;B3;B3 S.A. - Brasil, Bolsa, Balcão.;2020-11-09;;Novo Mercado;2020-11-09;
17.155.730/0001-64;2026-01-01;2;159067;CIA ENERGETICA DE MINAS GERAIS - CEMIG;Ações Ordinárias;;;CMIG3;;Bolsa;B3;B3 S.A. - Brasil, Bolsa, Balcão.;2001-10-01;;Nível 1 de Governança Corporativa;1972-01-14;
17.155.730/0001-64;2026-01-01;2;159067;CIA ENERGETICA DE MINAS GERAIS - CEMIG;Ações Preferenciais;PNA;Preferencial Classe A;CMIG4;;Bolsa;B3;B3 S.A. - Brasil, Bolsa, Balcão.;2001-10-01;;Nível 1 de Governança Corporativa;1972-01-14;
17.159.005/0001-64;2026-01-01;1;157660;FIACAO E TECELAGEM SAO JOSE SA EM RECUPERACAO JUDICIAL;Ações Ordinárias;;;SJOS;;Bolsa;B3;B3 S.A. - Brasil, Bolsa, Balcão.;1972-01-18;2017-03-06;Básico;1972-01-18;2017-03-06
17.159.005/0001-64;2026-01-01;1;157660;FIACAO E TECELAGEM SAO JOSE SA EM RECUPERACAO JUDICIAL;Ações Preferenciais;PNA;Preferencial Classe A;SJOS;;Bolsa;B3;B3 S.A. - Brasil, Bolsa, Balcão.;1972-01-18;2017-03-06;Básico;1972-01-18;2017-03-06
17.159.229/0001-76;2026-01-01;1;158157;LABORATÓRIO TEUTO BRASILEIRO S.A.;Debêntures;;;;;Balcão Não-Organizado;B3;B3 S.A. - Brasil, Bolsa, Balcão.;2025-05-15;;Básico;2025-05-15;
17.161.241/0001-15;2026-01-01;1;154892;MINASMAQUINAS S.A.;Ações Ordinárias;;;MMAQ3;;Bolsa;B3;B3 S.A. - Brasil, Bolsa, Balcão.;1972-01-13;;Básico;1972-01-13;
17.161.241/0001-15;2026-01-01;1;154892;MINASMAQUINAS S.A.;Ações Preferenciais;;;MMAQ4;;Bolsa;B3;B3 S.A. - Brasil, Bolsa, Balcão.;1972-01-13;;Básico;1972-01-13;
17.162.082/0001-73;2026-01-01;2;157037;MENDES JUNIOR ENGENHARIA S.A.;Ações Ordinárias;;;MEND3;;Bolsa;B3;B3 S.A. - Brasil, Bolsa, Balcão.;1977-07-20;2020-01-11;Básico;1977-07-20;2020-01-11
17.162.082/0001-73;2026-01-01;2;157037;MENDES JUNIOR ENGENHARIA S.A.;Ações Ordinárias;;;MEND3;;Balcão Não-Organizado;;;;;;1977-07-20;
17.162.082/0001-73;2026-01-01;2;157037;MENDES JUNIOR ENGENHARIA S.A.;Ações Preferenciais;PNB;Preferencial Classe B;MEND6;;Bolsa;B3;B3 S.A. - Brasil, Bolsa, Balcão.;1977-07-20;2020-01-11;Básico;1977-07-20;2020-01-11
17.162.082/0001-73;2026-01-01;2;157037;MENDES JUNIOR ENGENHARIA S.A.;Ações Preferenciais;PNA;Preferencial Classe A;MEND5;;Bolsa;B3;B3 S.A. - Brasil, Bolsa, Balcão.;1977-07-20;2020-01-11;Básico;1977-07-20;2020-01-11
17.162.082/0001-73;2026-01-01;2;157037;MENDES JUNIOR ENGENHARIA S.A.;Ações Preferenciais;PNB;Preferencial Classe B;MEND6;;Balcão Não-Organizado;;;;;;1977-07-20;
17.162.082/0001-73;2026-01-01;2;157037;MENDES JUNIOR ENGENHARIA S.A.;Ações Preferenciais;PNA;Preferencial Classe A;MEND5;;Balcão Não-Organizado;;;;;;1977-07-20;
17.167.396/0001-69;2026-01-01;1;157391;ALFA HOLDINGS S.A.;Ações Ordinárias;;;RPAD3;;Bolsa;B3;B3 S.A. - Brasil, Bolsa, Balcão.;1977-07-20;;Básico;1977-07-20;
17.167.396/0001-69;2026-01-01;1;157391;ALFA HOLDINGS S.A.;Ações Preferenciais;PNB;Preferencial Classe B;RPAD6;;Bolsa;B3;B3 S.A. - Brasil, Bolsa, Balcão.;1977-07-20;;Básico;1977-07-20;
17.167.396/0001-69;2026-01-01;1;157391;ALFA HOLDINGS S.A.;Ações Preferenciais;PNA;Preferencial Classe A;RPAD5;;Bolsa;B3;B3 S.A. - Brasil, Bolsa, Balcão.;1977-07-20;;Básico;1977-07-20;
17.184.037/0001-10;2026-01-01;1;154142;BCO MERCANTIL DO BRASIL S.A.;Ações Ordinárias;;;BMEB3;;Bolsa;B3;B3 S.A. - Brasil, Bolsa, Balcão.;1977-07-20;;Básico;1977-07-20;
17.184.037/0001-10;2026-01-01;1;154142;BCO MERCANTIL DO BRASIL S.A.;Ações Ordinárias;;;BMEB3;;Bolsa;B3;B3 S.A. - Brasil, Bolsa, Balcão.;2021-01-04;;Nível 1 de Governança Corporativa;2021-01-04;
17.184.037/0001-10;2026-01-01;1;154142;BCO MERCANTIL DO BRASIL S.A.;Ações Preferenciais;;;BMEB4;;Bolsa;B3;B3 S.A. - Brasil, Bolsa, Balcão.;1977-07-20;;Básico;1977-07-20;
17.184.037/0001-10;2026-01-01;1;154142;BCO MERCANTIL DO BRASIL S.A.;Ações Preferenciais;;;BMEB4;;Bolsa;B3;B3 S.A. - Brasil, Bolsa, Balcão.;2021-01-04;;Nível 1 de Governança Corporativa;2021-01-04;
17.245.234/0001-00;2026-01-01;1;157252;CIA FIACAO TECIDOS CEDRO CACHOEIRA;Ações Ordinárias;;;CEDO3;;Bolsa;B3;B3 S.A. - Brasil, Bolsa, Balcão.;2003-09-01;;Nível 1 de Governança Corporativa;2003-09-01;
17.245.234/0001-00;2026-01-01;1;157252;CIA FIACAO TECIDOS CEDRO CACHOEIRA;Ações Preferenciais;;;CEDO4;;Bolsa;B3;B3 S.A. - Brasil, Bolsa, Balcão.;2003-09-01;;Nível 1 de Governança Corporativa;2003-09-01;
17.281.106/0001-03;2026-01-01;1;156513;CIA SANEAMENTO DE MINAS GERAIS-COPASA MG;Ações Ordinárias;;;CSMG3;;Bolsa;B3;B3 S.A. - Brasil, Bolsa, Balcão.;2006-02-08;;Novo Mercado;2006-02-08;
17.281.106/0001-03;2026-01-01;1;156513;CIA SANEAMENTO DE MINAS GERAIS-COPASA MG;Debêntures;;;;;Balcão Organizado;B3;B3 S.A. - Brasil, Bolsa, Balcão.;2014-04-15;;Básico;2014-04-15;
17.314.329/0001-20;2026-01-01;1;158033;INTERNATIONAL MEAL COMPANY ALIMENTACAO S.A.;Ações Ordinárias;;;MEAL3;;Bolsa;B3;B3 S.A. - Brasil, Bolsa, Balcão.;2015-03-23;;Novo Mercado;2015-03-23;
17.344.597/0001-94;2026-01-01;1;158326;BB SEGURIDADE PARTICIPAÇÕES S.A.;Ações Ordinárias;;;BBSE3;;Bolsa;B3;B3 S.A. - Brasil, Bolsa, Balcão.;2013-04-29;;Novo Mercado;2013-04-29;
17.359.233/0001-88;2026-01-01;2;157026;TECIDOS E ARMARINHOS MIGUEL BARTOLOMEU S.A.;Valor Mobiliário Não Registrado;;;;;;;;;;;;
17.745.307/0001-14;2026-01-01;2;158751;Plamev Administradora de Benefícios de Atenção à Saúde de An;Ações Preferenciais;PNR;Preferencial Classe R;PLMVA;;Balcão Não-Organizado;;;;;;2026-05-27;
17.765.891/0001-70;2026-01-01;1;158484;Grupo Salta Educação S.A.;Ações Ordinárias;;;SALT3;;Bolsa;B3;B3 S.A. - Brasil, Bolsa, Balcão.;2025-10-10;;Nível 2 de Governança Corporativa;2025-09-29;
17.765.891/0001-70;2026-01-01;1;158484;Grupo Salta Educação S.A.;Debêntures;;;;;Bolsa;B3;B3 S.A. - Brasil, Bolsa, Balcão.;2021-06-16;;Básico;2021-06-16;
17.765.891/0001-70;2026-01-01;1;158484;Grupo Salta Educação S.A.;Ações Preferenciais;;;SALT4;;Bolsa;B3;B3 S.A. - Brasil, Bolsa, Balcão.;2025-10-10;;Nível 2 de Governança Corporativa;2025-09-29;
18.080.368/0001-72;2026-01-01;1;158252;OZN Health SPE S.A.;Debêntures;;;;;Balcão Organizado;B3;B3 S.A. - Brasil, Bolsa, Balcão.;2024-11-26;;Básico;2024-11-26;
18.174.270/0001-84;2026-01-01;1;156136;Dotz S.A.;Ações Ordinárias;;;DOTZ3;;Bolsa;B3;B3 S.A. - Brasil, Bolsa, Balcão.;2021-05-31;;Novo Mercado;2021-05-31;
18.328.118/0001-09;2026-01-01;2;154795;Pet Center Comércio e Participações S.A.;Ações Ordinárias;;;PETZ3;;Bolsa;B3;B3 S.A. - Brasil, Bolsa, Balcão.;2020-09-11;2026-01-02;Novo Mercado;2020-09-11;2026-01-02
18.328.118/0001-09;2026-01-01;2;154795;Pet Center Comércio e Participações S.A.;Debêntures;;;;;Balcão Organizado;B3;B3 S.A. - Brasil, Bolsa, Balcão.;2019-06-28;;Básico;2018-07-10;
18.494.485/0001-82;2026-01-01;1;159062;PORTO SUDESTE V.M. S.A.;Título de Investimento Coletivo;;;;;Bolsa;B3;B3 S.A. - Brasil, Bolsa, Balcão.;2015-05-26;;Básico;2015-02-26;
18.593.815/0001-97;2026-01-01;1;154327;PRINER SERVIÇOS INDUSTRIAIS S.A.;Ações Ordinárias;;;PRNR3;;Bolsa;B3;B3 S.A. - Brasil, Bolsa, Balcão.;2017-11-24;2020-02-17;Bovespa Mais;2017-11-24;2020-02-17
18.593.815/0001-97;2026-01-01;1;154327;PRINER SERVIÇOS INDUSTRIAIS S.A.;Ações Ordinárias;;;PRNR3;;Bolsa;B3;B3 S.A. - Brasil, Bolsa, Balcão.;2020-02-17;;Novo Mercado;2020-02-17;
18.593.815/0001-97;2026-01-01;1;154327;PRINER SERVIÇOS INDUSTRIAIS S.A.;Debêntures;;;;;Balcão Organizado;B3;B3 S.A. - Brasil, Bolsa, Balcão.;2025-03-28;;Básico;2025-03-15;
18.903.785/0001-78;2026-01-01;1;158059;HOLDING DO ARAGUAIA S.A.;Debêntures;;;;;Balcão Organizado;B3;B3 S.A. - Brasil, Bolsa, Balcão.;2021-10-15;;Básico;2021-10-15;
19.014.221/0001-47;2026-01-01;1;158707;China Three Gorges Brasil Energia S.A.;Debêntures;;;;;Balcão Organizado;B3;B3 S.A. - Brasil, Bolsa, Balcão.;2024-12-17;;Básico;2024-12-17;
19.208.022/0001-70;2026-01-01;1;158055;ECO050 CONCESSIONÁRIA DE RODOVIAS S.A.;Debêntures;;;;;Balcão Organizado;B3;B3 S.A. - Brasil, Bolsa, Balcão.;2017-12-15;;Básico;2017-12-15;
19.403.252/0001-90;2026-01-01;1;158412;EMCCAMP RESIDENCIAL S.A.;Debêntures;;;;;Balcão Não-Organizado;B3;B3 S.A. - Brasil, Bolsa, Balcão.;2021-09-15;;Básico;2021-09-15;
19.403.252/0001-90;2026-01-01;1;158412;EMCCAMP RESIDENCIAL S.A.;Nota Comercial;;;;;Balcão Organizado;B3;B3 S.A. - Brasil, Bolsa, Balcão.;2024-09-12;;Básico;2024-09-12;
19.521.322/0001-04;2026-01-01;1;158603;CONCESSIONÁRIA ROTA DO OESTE S.A.;Debêntures;;;;;Balcão Organizado;B3;B3 S.A. - Brasil, Bolsa, Balcão.;2024-12-17;;Básico;2024-12-06;
19.526.748/0001-50;2026-01-01;4;158918;COMPANHIA INDUSTRIAL CATAGUASES;Ações Ordinárias;;;CATA3;;Balcão Não-Organizado;;;;;;1973-12-17;
19.527.586/0001-75;2026-01-01;1;156349;COMPANHIA ENERGÉTICA SINOP S/A;Debêntures;;;;;Balcão Organizado;B3;B3 S.A. - Brasil, Bolsa, Balcão.;2018-10-03;;Básico;2018-06-29;
19.527.639/0001-58;2026-01-01;1;158181;ENERGISA MINAS RIO - DISTRIBUIDORA DE ENERGIA S/A;Debêntures;;;;;Bolsa;B3;B3 S.A. - Brasil, Bolsa, Balcão.;2018-09-15;;Básico;2018-09-15;
19.527.639/0001-58;2026-01-01;1;158181;ENERGISA MINAS RIO - DISTRIBUIDORA DE ENERGIA S/A;Nota Comercial;;;;;Balcão Não-Organizado;;;;;;2022-07-06;
20.247.322/0001-47;2026-01-01;1;158629;ALLIED TECNOLOGIA S.A.;Ações Ordinárias;;;ALLD3;;Bolsa;B3;B3 S.A. - Brasil, Bolsa, Balcão.;2021-04-14;;Novo Mercado;2021-04-14;
20.247.322/0001-47;2026-01-01;1;158629;ALLIED TECNOLOGIA S.A.;Debêntures;;;;;Balcão Organizado;B3;B3 S.A. - Brasil, Bolsa, Balcão.;2019-12-25;;Básico;2019-12-25;
20.247.322/0001-47;2026-01-01;1;158629;ALLIED TECNOLOGIA S.A.;Debêntures;;;;;Balcão Não-Organizado;B3;B3 S.A. - Brasil, Bolsa, Balcão.;2023-12-15;;Novo Mercado;2023-12-15;
20.258.278/0001-70;2026-01-01;1;157945;OUROFINO S.A.;Ações Ordinárias;;;OFSA3;;Bolsa;B3;B3 S.A. - Brasil, Bolsa, Balcão.;2014-10-21;;Novo Mercado;2014-10-21;
20.512.706/0001-40;2026-01-01;1;157923;VITRU EDUCAÇÃO S.A.;Ações Ordinárias;;;VTRU3;;Bolsa;B3;B3 S.A. - Brasil, Bolsa, Balcão.;2024-06-10;;Novo Mercado;2024-06-10;
20.512.706/0001-40;2026-01-01;1;157923;VITRU EDUCAÇÃO S.A.;Debêntures;;;;;Balcão Não-Organizado;B3;B3 S.A. - Brasil, Bolsa, Balcão.;2022-08-17;;Básico;2022-08-17;
20.514.555/0001-69;2026-01-01;2;158743;Argo VI Transmissão de Energia S.A.;Debêntures;;;;;Balcão Organizado;B3;B3 S.A. - Brasil, Bolsa, Balcão.;2017-11-15;;Básico;2017-11-15;
20.514.590/0001-88;2026-01-01;2;158737;Argo V Transmissão de Energia S.A.;Debêntures;;;;;Balcão Organizado;B3;B3 S.A. - Brasil, Bolsa, Balcão.;2017-11-15;;Básico;2017-11-15;
21.110.778/0001-23;2026-01-01;1;154632;OLIVEIRA TRUST S.A.;Ações Ordinárias;;;;;;;;;;;;
21.110.778/0001-23;2026-01-01;1;154632;OLIVEIRA TRUST S.A.;Ações Preferenciais;;;;;;;;;;;;
21.110.778/0001-23;2026-01-01;1;154632;OLIVEIRA TRUST S.A.;Units;;;;;;;;;;;;
21.240.146/0001-84;2026-01-01;2;154659;Agrogalaxy Participações S.A. - Em Recuperação Judicial;Ações Ordinárias;;;AGXY3;;Bolsa;B3;B3 S.A. - Brasil, Bolsa, Balcão.;2021-07-26;;Novo Mercado;2021-07-26;
21.240.146/0001-84;2026-01-01;2;154659;Agrogalaxy Participações S.A. - Em Recuperação Judicial;Debêntures;;;;;Balcão Não-Organizado;;;;;;2022-09-15;
21.240.146/0001-84;2026-01-01;2;154659;Agrogalaxy Participações S.A. - Em Recuperação Judicial;Debêntures;;;;;Balcão Não-Organizado;;;;;;2025-12-23;
21.240.146/0001-84;2026-01-01;2;154659;Agrogalaxy Participações S.A. - Em Recuperação Judicial;Debêntures Conversíveis;;;;;Balcão Não-Organizado;;;;;;2025-11-03;
21.254.073/0001-80;2026-01-01;1;157969;Companhia Itaunense Energia e Participações;Ações Ordinárias;;;0;;;;;2013-03-01;;;1911-05-01;
21.314.559/0001-66;2026-01-01;1;158531;MOVIDA PARTICIPACOES SA;Ações Ordinárias;;;MOVI3;;Bolsa;B3;B3 S.A. - Brasil, Bolsa, Balcão.;2017-02-08;;Novo Mercado;2017-02-08;
21.389.501/0001-81;2026-01-01;1;158321;Compass Gás e Energia S.A.;Ações Ordinárias;;;PASS3;;Bolsa;B3;B3 S.A. - Brasil, Bolsa, Balcão.;2020-09-11;;Básico;2020-09-11;
21.389.501/0001-81;2026-01-01;1;158321;Compass Gás e Energia S.A.;Debêntures;;;;;Balcão Organizado;B3;B3 S.A. - Brasil, Bolsa, Balcão.;2021-12-23;;Básico;2021-12-23;
21.389.501/0001-81;2026-01-01;1;158321;Compass Gás e Energia S.A.;Ações Preferenciais;PNA;Preferencial Classe A;PASS5;;Bolsa;B3;B3 S.A. - Brasil, Bolsa, Balcão.;2021-08-20;2026-03-25;Básico;2021-08-20;2026-03-25
21.389.501/0001-81;2026-01-01;1;158321;Compass Gás e Energia S.A.;Ações Preferenciais;ONB;Ordinária Classe B;PASS6;;Bolsa;B3;B3 S.A. - Brasil, Bolsa, Balcão.;2021-08-20;2026-03-25;Básico;2021-08-20;2026-03-25
21.526.148/0001-34;2026-01-01;2;159444;MAIS MU COMÉRCIO DE ALIMENTOS E BEBIDAS S.A.;Nota Comercial;;;;;Balcão Não-Organizado;;;;;;2026-04-06;
21.526.148/0001-34;2026-01-01;2;159444;MAIS MU COMÉRCIO DE ALIMENTOS E BEBIDAS S.A.;Ações Preferenciais;PNA;Preferencial Classe A;muuu4;;Balcão Não-Organizado;;;;;;2026-05-28;
21.728.083/0001-00;2026-01-01;2;158746;Transmissora José Maria de Macedo de Eletricidade S.A.;Debêntures;;;;;Balcão Organizado;B3;B3 S.A. - Brasil, Bolsa, Balcão.;2018-06-15;;Básico;2018-06-15;
21.748.188/0001-20;2026-01-01;4;161146;TERP GLBL BRASIL I PARTICIPAÇÕES S.A.;Debêntures;;;;;Balcão Organizado;B3;B3 S.A. - Brasil, Bolsa, Balcão.;2024-12-05;;Básico;2024-12-05;
22.163.297/0001-49;2026-01-01;1;158054;CONCESSIONÁRIA PONTE RIO-NITERÓI S.A. - ECOPONTE;Debêntures;;;;;Balcão Organizado;B3;B3 S.A. - Brasil, Bolsa, Balcão.;2019-10-15;;Básico;2019-10-15;
22.261.473/0001-85;2026-01-01;1;158786;COMPANHIA DE GÁS DE MINAS GERAIS - GASMIG;Debêntures;;;;;Balcão Organizado;B3;B3 S.A. - Brasil, Bolsa, Balcão.;2020-10-06;;Básico;2020-10-06;
22.266.175/0001-88;2026-01-01;3;157269;FERTILIZANTES HERINGER S.A.;Ações Ordinárias;;;FHER3;;Bolsa;B3;B3 S.A. - Brasil, Bolsa, Balcão.;2007-04-10;;Novo Mercado;2007-04-10;
22.543.331/0001-00;2026-01-01;2;161183;CAIXA SEGURIDADE PARTICIPAÇÕES S.A.;Ações Ordinárias;;;CXSE3;;Bolsa;B3;B3 S.A. - Brasil, Bolsa, Balcão.;2021-04-29;;Novo Mercado;2021-04-29;
23.096.269/0001-19;2026-01-01;1;158709;Rio Parana Energia S.A.;Debêntures;;;;;Balcão Organizado;B3;B3 S.A. - Brasil, Bolsa, Balcão.;2018-06-14;;Básico;2018-06-14;
23.236.821/0001-27;2026-01-01;1;158574;PATRIMAR ENGENHARIA S.A.;Ações Ordinárias;;;;;;;;;;;;
23.373.000/0001-32;2026-01-01;2;161139;VAMOS LOCAÇÃO DE CAMINHÕES, MÁQUINAS E EQUIPAMENTOS S.A.;Ações Ordinárias;;;VAMO3;;Bolsa;B3;B3 S.A. - Brasil, Bolsa, Balcão.;2021-01-29;;Novo Mercado;2021-01-28;
23.373.000/0001-32;2026-01-01;2;161139;VAMOS LOCAÇÃO DE CAMINHÕES, MÁQUINAS E EQUIPAMENTOS S.A.;Debêntures;;;;;Bolsa;B3;B3 S.A. - Brasil, Bolsa, Balcão.;2019-08-20;;Novo Mercado;2019-08-20;
23.438.929/0001-00;2026-01-01;1;158160;Alares Internet Participações S/A;Ações Ordinárias;;;;;;;;;;;;
23.438.929/0001-00;2026-01-01;1;158160;Alares Internet Participações S/A;Debêntures;;;;;Balcão Não-Organizado;B3;B3 S.A. - Brasil, Bolsa, Balcão.;2025-10-15;;Básico;2025-10-15;
23.994.857/0001-70;2026-01-01;1;158138;Atom Educação e Editora S.A.;Ações Ordinárias;;;ATED3;;Bolsa;B3;B3 S.A. - Brasil, Bolsa, Balcão.;2024-07-26;;Básico;2024-07-26;
24.230.275/0001-80;2026-01-01;1;157701;Plano & Plano Desenvolvimento Imobiliário S.A.;Ações Ordinárias;;;PLPL3;;Bolsa;B3;B3 S.A. - Brasil, Bolsa, Balcão.;2020-09-17;;Novo Mercado;2020-09-17;
24.396.489/0001-20;2026-01-01;1;157785;BRK AMBIENTAL PARTICIPAÇÕES S.A.;Debêntures;;;;;Balcão Organizado;B3;B3 S.A. - Brasil, Bolsa, Balcão.;2020-10-02;;Básico;2020-10-02;
24.624.490/0001-65;2026-01-01;2;158735;ARGO TRANSMISSÃO DE ENERGIA S/A;Debêntures;;;;;Balcão Organizado;B3;B3 S.A. - Brasil, Bolsa, Balcão.;2018-11-23;;Básico;2018-08-24;
24.624.551/0001-94;2026-01-01;2;158733;ARGO ENERGIA EMPREENDIMENTOS E PARTICIPAÇÕES S/A;Nota Comercial;;;;;Balcão Organizado;B3;B3 S.A. - Brasil, Bolsa, Balcão.;2022-01-27;2022-01-27;Básico;2022-01-27;2022-01-27
24.921.465/0001-43;2026-01-01;1;158281;BLUEFIT ACADEMIAS DE GINÁSTICA E PARTICIPAÇÕES S.A.;Debêntures;;;;;Balcão Organizado;B3;B3 S.A. - Brasil, Bolsa, Balcão.;2024-10-16;2024-10-28;Básico;2024-10-16;
24.921.465/0001-43;2026-01-01;1;158281;BLUEFIT ACADEMIAS DE GINÁSTICA E PARTICIPAÇÕES S.A.;Nota Comercial;;;;;Balcão Organizado;B3;B3 S.A. - Brasil, Bolsa, Balcão.;2023-10-02;2024-11-30;Básico;2023-09-25;2024-11-30
24.962.466/0001-36;2026-01-01;1;158640;RUMO MALHA NORTE S.A.;Ações Ordinárias;;;FRRN3B;;Balcão Organizado;B3;B3 S.A. - Brasil, Bolsa, Balcão.;2005-06-01;;Básico;1996-12-27;
24.962.466/0001-36;2026-01-01;1;158640;RUMO MALHA NORTE S.A.;Debêntures;;;;;Balcão Organizado;B3;B3 S.A. - Brasil, Bolsa, Balcão.;2019-02-22;;Básico;2019-02-15;
24.962.466/0001-36;2026-01-01;1;158640;RUMO MALHA NORTE S.A.;Ações Preferenciais;;;FRRN5B;;Balcão Organizado;B3;B3 S.A. - Brasil, Bolsa, Balcão.;2005-06-01;;Básico;1996-12-27;
24.990.777/0001-09;2026-01-01;1;158141;GRUPO MATEUS S.A.;Ações Ordinárias;;;GMAT3;;Bolsa;B3;B3 S.A. - Brasil, Bolsa, Balcão.;2020-10-13;;Novo Mercado;2020-10-13;
24.990.777/0001-09;2026-01-01;1;158141;GRUPO MATEUS S.A.;Debêntures;;;;;Balcão Organizado;B3;B3 S.A. - Brasil, Bolsa, Balcão.;2018-11-14;;Básico;2017-01-10;
25.249.439/0001-83;2026-01-01;1;157960;Hospital Care Caledonia S.A.;Ações Ordinárias;;;;;;;;;;;;
25.369.840/0001-57;2026-01-01;1;155414;COMERC ENERGIA S.A.;Ações Ordinárias;;;;;;;;;;;;
26.345.998/0001-50;2026-01-01;3;159426;ECONOMATICA S.A.;Ações Ordinárias;;;ECOM3;;Bolsa;B3;B3 S.A. - Brasil, Bolsa, Balcão.;2021-07-26;;Novo Mercado;2021-07-26;
26.462.693/0001-28;2026-01-01;1;158718;Lavvi Empreendimentos Imobiliários S.A.;Ações Ordinárias;;;LAVV3;;Bolsa;B3;B3 S.A. - Brasil, Bolsa, Balcão.;2020-09-02;;Novo Mercado;2020-08-31;
26.462.693/0001-28;2026-01-01;1;158718;Lavvi Empreendimentos Imobiliários S.A.;Nota Comercial;;;;;Balcão Não-Organizado;;;;;;2024-01-22;
26.462.693/0001-28;2026-01-01;1;158718;Lavvi Empreendimentos Imobiliários S.A.;Nota Comercial;;;;;Balcão Não-Organizado;;;;;;2024-11-12;
26.462.693/0001-28;2026-01-01;1;158718;Lavvi Empreendimentos Imobiliários S.A.;Nota Comercial;;;;;Balcão Não-Organizado;;;;;;2025-10-15;
26.609.050/0001-64;2026-01-01;1;158013;Travessia Securitizadora S.A.;Debêntures;;;;;Balcão Organizado;B3;B3 S.A. - Brasil, Bolsa, Balcão.;2023-03-20;;Básico;2023-03-20;
26.609.050/0001-64;2026-01-01;1;158013;Travessia Securitizadora S.A.;Certificados de Recebíveis Imobiliários;;;;;Balcão Organizado;B3;B3 S.A. - Brasil, Bolsa, Balcão.;2017-09-27;;Básico;2017-09-27;
26.609.050/0001-64;2026-01-01;1;158013;Travessia Securitizadora S.A.;Certificado de Recebíveis do Agronegócio;;;;;Balcão Organizado;B3;B3 S.A. - Brasil, Bolsa, Balcão.;2020-01-29;;Básico;2020-01-29;
26.659.061/0001-59;2026-01-01;3;160792;MPM Corpóreos S.A.;Ações Ordinárias;;;ESPA3;;Bolsa;B3;B3 S.A. - Brasil, Bolsa, Balcão.;2021-02-01;;Novo Mercado;2021-02-01;
26.659.061/0001-59;2026-01-01;3;160792;MPM Corpóreos S.A.;Debêntures;;;;;Balcão Organizado;B3;B3 S.A. - Brasil, Bolsa, Balcão.;2024-02-16;;Básico;2024-02-16;
26.664.057/0001-89;2026-01-01;3;160598;ENTREVIAS CONCESSIONÁRIA DE RODOVIAS S.A.;Debêntures;;;;;Balcão Organizado;B3;B3 S.A. - Brasil, Bolsa, Balcão.;2018-03-13;;Básico;2018-03-13;
26.845.702/0001-60;2026-01-01;1;154323;Belém Transmissora de Energia S.A;Debêntures;;;;;Balcão Não-Organizado;;;;;;2018-06-14;
26.845.702/0001-60;2026-01-01;1;154323;Belém Transmissora de Energia S.A;Nota Comercial;;;;;Balcão Não-Organizado;;;;;;2018-06-14;
26.982.634/0001-80;2026-01-01;1;158719;Turbi Compartilhamento de Veículos S.A.;Debêntures;;;;;Balcão Não-Organizado;B3;B3 S.A. - Brasil, Bolsa, Balcão.;2022-10-03;;Básico;2022-10-03;
26.982.634/0001-80;2026-01-01;1;158719;Turbi Compartilhamento de Veículos S.A.;Nota Comercial;;;;;Balcão Não-Organizado;B3;B3 S.A. - Brasil, Bolsa, Balcão.;2025-05-19;;Básico;2025-05-19;
27.093.558/0001-15;2026-01-01;1;154415;MILLS LOCAÇÃO, SERVIÇOS E LOGÍSTICA S.A.;Ações Ordinárias;;;MILS3;;Bolsa;B3;B3 S.A. - Brasil, Bolsa, Balcão.;2010-04-14;;Novo Mercado;2010-04-14;
27.093.558/0001-15;2026-01-01;1;154415;MILLS LOCAÇÃO, SERVIÇOS E LOGÍSTICA S.A.;Debêntures;;;;;Balcão Organizado;B3;B3 S.A. - Brasil, Bolsa, Balcão.;2020-03-03;;Básico;2020-03-03;
27.137.879/0001-74;2026-01-01;1;159010;CIA SEC DE CRÉDITOS FINANCEIROS CARTÕES CONSIGNADOS I;Debêntures;;;;;Balcão Organizado;B3;B3 S.A. - Brasil, Bolsa, Balcão.;2017-06-15;;Básico;2017-06-15;
27.157.474/0001-06;2026-01-01;2;161058;ÁGUAS DE TERESINA SANEAMENTO SPE S.A.;Debêntures;;;;;Balcão Organizado;B3;B3 S.A. - Brasil, Bolsa, Balcão.;2018-02-27;;Básico;2018-02-27;
27.743.642/0001-37;2026-01-01;2;158261;Construtora Metrocasa S.A.;Ações Ordinárias;;;;;;;;;;;;
27.743.642/0001-37;2026-01-01;2;158261;Construtora Metrocasa S.A.;Ações Preferenciais;ONA;Ordinária Classe A;;;;;;;;;;
28.019.100/0001-89;2026-01-01;1;157705;VIAPAULISTA S.A.;Debêntures;;;;;Balcão Organizado;B3;B3 S.A. - Brasil, Bolsa, Balcão.;2019-06-20;2019-06-20;Básico;2019-06-17;
28.127.603/0001-78;2026-01-01;2;157138;BANESTES S.A. - BCO EST ESPIRITO SANTO;Ações Ordinárias;;;BEES3;;Bolsa;B3;B3 S.A. - Brasil, Bolsa, Balcão.;1977-07-20;;Básico;1977-07-20;
28.127.603/0001-78;2026-01-01;2;157138;BANESTES S.A. - BCO EST ESPIRITO SANTO;Ações Preferenciais;;;BEES4;;Bolsa;B3;B3 S.A. - Brasil, Bolsa, Balcão.;2008-05-26;;Básico;2008-05-26;
28.152.650/0001-71;2026-01-01;1;157792;EDP ESPIRITO SANTO DISTRIBUIÇÃO DE ENERGIA S.A.;Debêntures;;;;;Balcão Organizado;B3;B3 S.A. - Brasil, Bolsa, Balcão.;2014-08-27;;Básico;2014-08-27;
28.195.667/0001-06;2026-01-01;2;159557;BCO ABC BRASIL S.A.;Ações Preferenciais;PNA;Preferencial Classe A;ABCB4;;Bolsa;B3;B3 S.A. - Brasil, Bolsa, Balcão.;2007-07-23;;Nível 2 de Governança Corporativa;2007-07-23;
28.201.130/0001-01;2026-01-01;1;158187;Energisa Transmissão de Energia S/A;Debêntures;;;;;Bolsa;B3;B3 S.A. - Brasil, Bolsa, Balcão.;2018-12-15;;Básico;2018-12-15;
28.367.479/0001-18;2026-01-01;1;154416;Quantum Participações S.A;Debêntures;;;;;Balcão Organizado;B3;B3 S.A. - Brasil, Bolsa, Balcão.;2024-12-19;;Básico;2024-12-19;
28.594.234/0001-23;2026-01-01;1;157784;Auren Energia S.A.;Ações Ordinárias;;;AURE3;;Bolsa;B3;B3 S.A. - Brasil, Bolsa, Balcão.;2022-03-28;;Novo Mercado;2021-12-10;
28.594.234/0001-23;2026-01-01;1;157784;Auren Energia S.A.;Debêntures;;;;;Balcão Organizado;B3;B3 S.A. - Brasil, Bolsa, Balcão.;2024-10-10;;Básico;2024-10-10;
28.925.264/0001-75;2026-01-01;2;155080;COMPANHIA ENERGÉTICA JAGUARA;Debêntures;;;;;Balcão Organizado;B3;B3 S.A. - Brasil, Bolsa, Balcão.;2018-06-28;;Básico;2018-06-28;
28.942.127/0001-49;2026-01-01;2;155247;COMPANHIA ENERGÉTICA MIRANDA;Debêntures;;;;;Balcão Organizado;B3;B3 S.A. - Brasil, Bolsa, Balcão.;2018-06-28;;Básico;2018-06-28;
29.780.061/0001-09;2026-01-01;1;158458;SAO CARLOS EMPREEND E PARTICIPACOES S.A.;Ações Ordinárias;;;SCAR3;;Bolsa;B3;B3 S.A. - Brasil, Bolsa, Balcão.;2006-12-13;;Novo Mercado;1999-09-20;
29.780.061/0001-09;2026-01-01;1;158458;SAO CARLOS EMPREEND E PARTICIPACOES S.A.;Debêntures;;;;;Balcão Não-Organizado;B3;B3 S.A. - Brasil, Bolsa, Balcão.;2019-11-05;;Básico;2019-11-05;
29.884.545/0001-90;2026-01-01;1;158057;EcoRioMinas Concessionária de Rodovias S.A.;Debêntures;;;;;Balcão Organizado;B3;B3 S.A. - Brasil, Bolsa, Balcão.;2025-01-15;;Básico;2025-01-15;
29.980.141/0001-08;2026-01-01;2;158982;Oceânica Engenharia e Consultoria S.A.;Debêntures;;;;;Balcão Organizado;B3;B3 S.A. - Brasil, Bolsa, Balcão.;2021-09-28;;Básico;2021-09-28;
30.213.493/0001-09;2026-01-01;3;157022;TEGRA INCORPORADORA S.A.;Ações Ordinárias;;;TEGA;;Bolsa;B3;B3 S.A. - Brasil, Bolsa, Balcão.;2021-05-24;;Básico;2021-05-18;2025-12-26
30.306.294/0001-45;2026-01-01;1;158545;BCO BTG PACTUAL S.A.;Units;;;000000;1 ON E 2 PNA;Bolsa;B3;B3 S.A. - Brasil, Bolsa, Balcão.;2012-04-26;;Nível 2 de Governança Corporativa;2012-04-26;
30.540.991/0001-66;2026-01-01;1;155622;HAGA S.A. INDUSTRIA E COMERCIO;Ações Preferenciais;PNA;Preferencial Classe A;2;;Bolsa;B3;B3 S.A. - Brasil, Bolsa, Balcão.;1988-09-01;;Básico;1988-09-01;
31.001.230/0001-07;2026-01-01;2;159628;CELEO REDES TRANSMISSÃO DE ENERGIA S.A.;Debêntures;;;;;Balcão Organizado;B3;B3 S.A. - Brasil, Bolsa, Balcão.;2023-10-25;;Básico;2023-03-01;
31.553.627/0001-01;2026-01-01;3;159255;GRUPO TOKY S.A. - EM RECUPERAÇÃO JUDICIAL;Ações Ordinárias;;;TOKY3;;Bolsa;B3;B3 S.A. - Brasil, Bolsa, Balcão.;2021-02-05;;Novo Mercado;2021-02-05;
31.553.627/0001-01;2026-01-01;3;159255;GRUPO TOKY S.A. - EM RECUPERAÇÃO JUDICIAL;Bônus de Subscrição;;;TOKY12;0,555556;Bolsa;B3;B3 S.A. - Brasil, Bolsa, Balcão.;2024-12-12;;Novo Mercado;2024-12-12;
31.748.174/0001-60;2026-01-01;2;155372;Vero S.A.;Debêntures;;;;;Balcão Não-Organizado;B3;B3 S.A. - Brasil, Bolsa, Balcão.;2021-12-12;;Básico;2021-11-30;
32.021.201/0001-61;2026-01-01;1;158741;ORIGEM ENERGIA S.A.;Debêntures;;;;;Balcão Organizado;B3;B3 S.A. - Brasil, Bolsa, Balcão.;2023-12-28;;Básico;2023-12-28;
32.431.519/0001-10;2026-01-01;1;157796;HÉLIO VALGAS SOLAR PARTICIPAÇÕES S.A.;Debêntures;;;;;Balcão Organizado;B3;B3 S.A. - Brasil, Bolsa, Balcão.;2022-04-15;;Básico;2022-04-15;
32.681.371/0001-72;2026-01-01;2;155259;VIX LOGÍSTICA S.A.;Debêntures;;;;;Balcão Não-Organizado;B3;B3 S.A. - Brasil, Bolsa, Balcão.;2018-12-06;;Básico;2018-12-06;
33.000.167/0001-01;2026-01-01;1;156276;PETROLEO BRASILEIRO S.A. PETROBRAS;Ações Ordinárias;;;PETR3;;Bolsa;B3;B3 S.A. - Brasil, Bolsa, Balcão.;2018-05-14;;Nível 2 de Governança Corporativa;1977-07-20;
33.000.167/0001-01;2026-01-01;1;156276;PETROLEO BRASILEIRO S.A. PETROBRAS;Debêntures;;;;;Balcão Não-Organizado;B3;B3 S.A. - Brasil, Bolsa, Balcão.;2019-02-12;;Básico;2019-02-12;
33.000.167/0001-01;2026-01-01;1;156276;PETROLEO BRASILEIRO S.A. PETROBRAS;Nota Comercial;;;;;Balcão Organizado;B3;B3 S.A. - Brasil, Bolsa, Balcão.;2022-12-14;;Básico;2022-09-12;
33.000.167/0001-01;2026-01-01;1;156276;PETROLEO BRASILEIRO S.A. PETROBRAS;Ações Preferenciais;;;PETR4;;Bolsa;B3;B3 S.A. - Brasil, Bolsa, Balcão.;2018-05-14;;Nível 2 de Governança Corporativa;1977-07-20;
33.035.536/0001-00;2026-01-01;1;154990;JOAO FORTES ENGENHARIA S.A. - Em Recuperação Judicial;Ações Ordinárias;;;JFEN3;;Bolsa;B3;B3 S.A. - Brasil, Bolsa, Balcão.;1973-09-17;;Básico;1973-09-17;
33.040.601/0001-87;2026-01-01;1;154144;Mercantil Financeira S.A. - Soc. Crédito, Financ e Investime;Ações Ordinárias;;;MERC3;;Bolsa;B3;B3 S.A. - Brasil, Bolsa, Balcão.;1977-07-20;;Básico;1977-07-20;
33.040.601/0001-87;2026-01-01;1;154144;Mercantil Financeira S.A. - Soc. Crédito, Financ e Investime;Ações Preferenciais;;;MERC4;;Bolsa;B3;B3 S.A. - Brasil, Bolsa, Balcão.;1977-07-20;;Básico;1977-07-20;
33.041.260/0652-90;2026-01-01;1;157955;Grupo Casas Bahia S.A.;Ações Ordinárias;;;BHIA3;;Bolsa;B3;B3 S.A. - Brasil, Bolsa, Balcão.;2018-11-26;;Novo Mercado;2018-11-26;
33.041.260/0652-90;2026-01-01;1;157955;Grupo Casas Bahia S.A.;Debêntures;;;;;Balcão Organizado;B3;B3 S.A. - Brasil, Bolsa, Balcão.;2024-04-28;;Básico;2024-04-28;
33.041.260/0652-90;2026-01-01;1;157955;Grupo Casas Bahia S.A.;Debêntures Conversíveis;;;;;Balcão Organizado;B3;B3 S.A. - Brasil, Bolsa, Balcão.;2025-12-22;;Básico;2025-12-22;
33.042.730/0001-04;2026-01-01;1;158706;CIA SIDERURGICA NACIONAL;Ações Ordinárias;;;4030;;Bolsa;B3;B3 S.A. - Brasil, Bolsa, Balcão.;1973-07-09;;Básico;1973-07-09;
33.042.730/0001-04;2026-01-01;1;158706;CIA SIDERURGICA NACIONAL;Debêntures;;;;;Balcão Organizado;B3;B3 S.A. - Brasil, Bolsa, Balcão.;2011-07-20;;Básico;2011-07-20;
33.050.071/0001-58;2026-01-01;1;157968;AMPLA ENERGIA E SERVICOS S.A.;Ações Ordinárias;;;CBEE3;;Bolsa;B3;B3 S.A. - Brasil, Bolsa, Balcão.;1973-11-30;;Básico;1969-08-15;
33.050.196/0001-88;2026-01-01;2;159662;CIA PAULISTA DE FORCA E LUZ;Debêntures;;;;;Balcão Organizado;B3;B3 S.A. - Brasil, Bolsa, Balcão.;2012-11-08;;Básico;2012-11-07;
33.113.309/0001-47;2026-01-01;2;159362;VALID SOLUÇÕES S.A.;Ações Ordinárias;;;VLID3;;Bolsa;B3;B3 S.A. - Brasil, Bolsa, Balcão.;2006-04-27;;Novo Mercado;2006-04-26;
33.200.049/0001-47;2026-01-01;1;154875;HOTEIS OTHON S.A. - EM RECUPERAÇÃO JUDICIAL;Ações Preferenciais;PNA;Preferencial Classe A;HOOT4;;Bolsa;B3;B3 S.A. - Brasil, Bolsa, Balcão.;1980-08-08;;Básico;1980-08-08;
33.228.024/0001-51;2026-01-01;1;158140;WLM PART. E COMÉRCIO DE MÁQUINAS E VEÍCULOS S.A.;Ações Ordinárias;;;WLMM3;;Bolsa;B3;B3 S.A. - Brasil, Bolsa, Balcão.;1971-01-07;;Básico;1971-01-07;
33.228.024/0001-51;2026-01-01;1;158140;WLM PART. E COMÉRCIO DE MÁQUINAS E VEÍCULOS S.A.;Ações Preferenciais;PNA;Preferencial Classe A;WLMM4;;Bolsa;B3;B3 S.A. - Brasil, Bolsa, Balcão.;1971-01-07;;Básico;1971-01-07;
33.256.439/0001-39;2026-01-01;1;157754;ULTRAPAR PARTICIPACOES S.A.;Ações Ordinárias;;;UGPA3;;Bolsa;B3;B3 S.A. - Brasil, Bolsa, Balcão.;2011-08-17;;Novo Mercado;1999-10-06;
33.352.394/0001-04;2026-01-01;5;157730;CIA ESTADUAL DE ÁGUAS E ESGOTOS - CEDAE;Debêntures;;;;;Balcão Organizado;B3;B3 S.A. - Brasil, Bolsa, Balcão.;2015-12-29;2020-12-29;Básico;2015-12-29;2020-12-29
33.376.989/0001-91;2026-01-01;1;158534;IRB - BRASIL RESSEGUROS S.A.;Ações Ordinárias;;;IRBR3;;Bolsa;B3;B3 S.A. - Brasil, Bolsa, Balcão.;2017-07-31;;Novo Mercado;2017-07-31;
33.376.989/0001-91;2026-01-01;1;158534;IRB - BRASIL RESSEGUROS S.A.;Debêntures;;;;;Balcão Organizado;B3;B3 S.A. - Brasil, Bolsa, Balcão.;2020-10-28;;Básico;2020-10-28;
33.386.210/0001-19;2026-01-01;3;160998;SONDOTECNICA ENGENHARIA SOLOS S.A.;Ações Ordinárias;;;SOND3;;Bolsa;B3;B3 S.A. - Brasil, Bolsa, Balcão.;1980-08-19;;Básico;1980-08-19;
33.386.210/0001-19;2026-01-01;3;160998;SONDOTECNICA ENGENHARIA SOLOS S.A.;Ações Preferenciais;PNB;Preferencial Classe B;SOND6;;Bolsa;B3;B3 S.A. - Brasil, Bolsa, Balcão.;1980-08-19;;Básico;1980-08-19;
33.386.210/0001-19;2026-01-01;3;160998;SONDOTECNICA ENGENHARIA SOLOS S.A.;Ações Preferenciais;PNA;Preferencial Classe A;SOND5;;Bolsa;B3;B3 S.A. - Brasil, Bolsa, Balcão.;1980-08-19;;Básico;1980-08-19;
33.412.081/0001-96;2026-01-01;1;156297;REFINARIA DE PETROLEOS MANGUINHOS S.A.;Ações Ordinárias;;;RPMG3;;Bolsa;B3;B3 S.A. - Brasil, Bolsa, Balcão.;1973-09-28;;Básico;1972-06-23;
33.453.598/0001-23;2026-01-01;2;160320;RAÍZEN S.A.;Debêntures;;;;;Balcão Organizado;B3;B3 S.A. - Brasil, Bolsa, Balcão.;2024-10-08;;Básico;2024-10-08;
33.453.598/0001-23;2026-01-01;2;160320;RAÍZEN S.A.;Ações Preferenciais;;;RAIZ4;;Bolsa;B3;B3 S.A. - Brasil, Bolsa, Balcão.;2021-08-05;2021-09-10;Nível 2 de Governança Corporativa;2021-08-05;
33.467.572/0001-34;2026-01-01;1;155169;TEKNO S.A. - INDUSTRIA E COMERCIO;Ações Ordinárias;;;TKNO3;;Bolsa;B3;B3 S.A. - Brasil, Bolsa, Balcão.;1977-07-20;;Básico;1977-07-20;
33.467.572/0001-34;2026-01-01;1;155169;TEKNO S.A. - INDUSTRIA E COMERCIO;Ações Preferenciais;;;TKNO4;;Bolsa;B3;B3 S.A. - Brasil, Bolsa, Balcão.;1977-07-20;;Básico;1977-07-20;
33.541.368/0001-16;2026-01-01;2;155223;AXIA Energia Nordeste S.A.;Ações Ordinárias;;;;;;;;;;;;
33.541.368/0001-16;2026-01-01;2;155223;AXIA Energia Nordeste S.A.;Debêntures;;;;;Balcão Organizado;B3;B3 S.A. - Brasil, Bolsa, Balcão.;2024-10-07;;Básico;2024-09-15;
33.541.368/0001-16;2026-01-01;2;155223;AXIA Energia Nordeste S.A.;Ações Preferenciais;;;;;;;;;;;;
33.592.510/0001-54;2026-01-01;1;156281;VALE S.A.;Ações Ordinárias;;;VALE3;;Bolsa;B3;B3 S.A. - Brasil, Bolsa, Balcão.;2017-12-22;;Novo Mercado;1968-04-01;
33.592.510/0001-54;2026-01-01;1;156281;VALE S.A.;Debêntures;;;;;Balcão Organizado;B3;B3 S.A. - Brasil, Bolsa, Balcão.;1997-07-08;;Básico;1997-07-08;
33.611.500/0001-19;2026-01-01;1;159016;GERDAU S.A.;Ações Ordinárias;;;GGBR3;;Bolsa;B3;B3 S.A. - Brasil, Bolsa, Balcão.;1980-09-03;;Nível 1 de Governança Corporativa;1980-09-03;
33.611.500/0001-19;2026-01-01;1;159016;GERDAU S.A.;Ações Preferenciais;;;GGBR4;;Bolsa;B3;B3 S.A. - Brasil, Bolsa, Balcão.;1980-09-03;;Nível 1 de Governança Corporativa;1980-09-03;
33.839.910/0001-11;2026-01-01;1;158847;Vivara Participações S.A.;Ações Ordinárias;;;VIVA3;;Bolsa;B3;B3 S.A. - Brasil, Bolsa, Balcão.;2019-10-10;;Novo Mercado;2019-10-08;
33.938.119/0001-69;2026-01-01;1;154202;CIA DISTRIB DE GAS DO RIO DE JANEIRO-CEG;Ações Ordinárias;;;CEGR3;;Bolsa;B3;B3 S.A. - Brasil, Bolsa, Balcão.;1997-11-17;;Básico;1997-11-17;
33.958.695/0001-78;2026-01-01;1;158355;UNIPAR CARBOCLORO S.A.;Ações Ordinárias;;;UNIP3;;Bolsa;B3;B3 S.A. - Brasil, Bolsa, Balcão.;1980-06-04;;Básico;1980-06-04;
33.958.695/0001-78;2026-01-01;1;158355;UNIPAR CARBOCLORO S.A.;Debêntures;;;;;Balcão Organizado;B3;B3 S.A. - Brasil, Bolsa, Balcão.;2018-03-28;;Básico;2018-03-28;
33.958.695/0001-78;2026-01-01;1;158355;UNIPAR CARBOCLORO S.A.;Ações Preferenciais;PNB;Preferencial Classe B;UNIP6;;Bolsa;B3;B3 S.A. - Brasil, Bolsa, Balcão.;1980-06-04;;Básico;1980-06-04;
33.958.695/0001-78;2026-01-01;1;158355;UNIPAR CARBOCLORO S.A.;Ações Preferenciais;PNA;Preferencial Classe A;UNIP5;;Bolsa;B3;B3 S.A. - Brasil, Bolsa, Balcão.;1980-06-04;;Básico;1980-06-04;
34.169.557/0001-72;2026-01-01;1;154143;BCO MERCANTIL DE INVESTIMENTOS S.A.;Ações Ordinárias;;;BMIN3;;Bolsa;B3;B3 S.A. - Brasil, Bolsa, Balcão.;1977-07-20;;Básico;1977-07-20;
34.169.557/0001-72;2026-01-01;1;154143;BCO MERCANTIL DE INVESTIMENTOS S.A.;Ações Preferenciais;;;BMIN4;;Bolsa;B3;B3 S.A. - Brasil, Bolsa, Balcão.;1977-07-20;;Básico;1977-07-20;
34.274.233/0001-02;2026-01-01;1;154826;VIBRA ENERGIA S/A;Ações Ordinárias;;;VBBR3;;Bolsa;B3;B3 S.A. - Brasil, Bolsa, Balcão.;2017-12-15;;Novo Mercado;2017-12-15;
34.274.233/0001-02;2026-01-01;1;154826;VIBRA ENERGIA S/A;Debêntures;;;;;Balcão Organizado;B3;B3 S.A. - Brasil, Bolsa, Balcão.;2017-12-15;;Básico;2017-12-15;
35.522.178/0001-87;2026-01-01;1;159014;CIA SECURITIZADORA DE CRED. FIN. CARTÕES CONSIGNADOS II;Debêntures;;;;;Balcão Organizado;B3;B3 S.A. - Brasil, Bolsa, Balcão.;2020-12-17;;Básico;2020-12-17;
35.593.905/0001-05;2026-01-01;1;158053;CONCESSIONÁRIA ECOVIAS DO CERRADO S.A.;Debêntures;;;;;Balcão Organizado;B3;B3 S.A. - Brasil, Bolsa, Balcão.;2023-08-15;;Básico;2023-08-15;
35.654.688/0001-08;2026-01-01;2;161022;Automob Participações S.A.;Ações Ordinárias;;;AMOB3;;Bolsa;B3;B3 S.A. - Brasil, Bolsa, Balcão.;2024-12-16;;Novo Mercado;2024-12-16;
35.727.157/0001-06;2026-01-01;1;158146;EZ INC Incorporações S.A.;Ações Ordinárias;;;;;;;;;;;;
35.764.708/0001-01;2026-01-01;2;158610;Brasil Tecnologia e Participações S.A.;Debêntures;;;;;Balcão Organizado;B3;B3 S.A. - Brasil, Bolsa, Balcão.;2023-03-15;;Básico;2023-03-15;
35.764.708/0001-01;2026-01-01;2;158610;Brasil Tecnologia e Participações S.A.;Nota Comercial;;;;;Balcão Organizado;B3;B3 S.A. - Brasil, Bolsa, Balcão.;2023-12-20;;Básico;2023-12-20;
35.791.391/0001-94;2026-01-01;1;158320;QUALITY SOFTWARE S.A.;Ações Ordinárias;;;QUSW3;;Bolsa;B3;B3 S.A. - Brasil, Bolsa, Balcão.;2013-12-03;;Bovespa Mais;2013-12-03;
35.822.503/0001-27;2026-01-01;2;155403;Inspirali Educação S.A.;Debêntures;;;;;Balcão Não-Organizado;;;;;;2022-03-31;2024-07-05
35.822.503/0001-27;2026-01-01;2;155403;Inspirali Educação S.A.;Debêntures;;;;;Balcão Organizado;B3;B3 S.A. - Brasil, Bolsa, Balcão.;2024-05-27;;Básico;2024-05-15;
36.146.575/0001-64;2026-01-01;1;154962;Eixo SP Concessionária de Rodovias S.A.;Debêntures;;;;;Balcão Organizado;B3;B3 S.A. - Brasil, Bolsa, Balcão.;2021-01-15;;Básico;2021-01-15;
36.542.025/0001-64;2026-01-01;2;155572;BRQ SOLUCOES EM INFORMATICA S.A.;Ações Ordinárias;;;BRQB;;Bolsa;B3;B3 S.A. - Brasil, Bolsa, Balcão.;2016-01-13;;Básico;2016-01-13;
36.542.025/0001-64;2026-01-01;2;155572;BRQ SOLUCOES EM INFORMATICA S.A.;Ações Preferenciais;;;BRQB;;Bolsa;B3;B3 S.A. - Brasil, Bolsa, Balcão.;2016-01-13;;Básico;2016-01-13;
37.702.340/0001-74;2026-01-01;1;158283;Austravias S.A.;Ações Ordinárias;;;N/A;;Balcão Não-Organizado;;;;;;2020-07-13;
38.042.694/0001-00;2026-01-01;1;158019;TRAVESSIA SECURITIZADORA DE CRÉDITOS FINANCEIROS S.A.;Debêntures;;;;;Balcão Organizado;B3;B3 S.A. - Brasil, Bolsa, Balcão.;2021-03-04;;Básico;2021-03-04;
38.199.406/0001-18;2026-01-01;1;158798;RIO ALTO ENERGIAS RENOVÁVEIS S.A.;Ações Ordinárias;;;RIOS3;;Balcão Organizado;B3;B3 S.A. - Brasil, Bolsa, Balcão.;2025-11-04;;Básico;2025-11-04;
38.199.406/0001-18;2026-01-01;1;158798;RIO ALTO ENERGIAS RENOVÁVEIS S.A.;Debêntures;;;;;Balcão Não-Organizado;B3;B3 S.A. - Brasil, Bolsa, Balcão.;2021-04-26;;Básico;2021-04-26;
38.286.323/0001-66;2026-01-01;1;158639;Assuruá 4 e 5 Holding Energia S.A.;Debêntures;;;;;Balcão Organizado;B3;B3 S.A. - Brasil, Bolsa, Balcão.;2024-03-22;;Básico;2024-03-22;
38.307.135/0001-77;2026-01-01;1;157903;G2D Investments, Ltd.;Certificados de depósito de valores mobiliários;;;;;Bolsa;B3;B3 S.A. - Brasil, Bolsa, Balcão.;2021-05-17;;Básico;2021-05-17;
38.456.921/0001-36;2026-01-01;2;161164;INFRACOMMERCE CXAAS S.A.;Ações Ordinárias;;;IFCM3;;Bolsa;B3;B3 S.A. - Brasil, Bolsa, Balcão.;2021-05-04;;Novo Mercado;2021-05-04;
38.456.921/0001-36;2026-01-01;2;161164;INFRACOMMERCE CXAAS S.A.;Debêntures;;;;;Balcão Organizado;B3;B3 S.A. - Brasil, Bolsa, Balcão.;2021-11-11;;Básico;2021-11-11;
38.456.921/0001-36;2026-01-01;2;161164;INFRACOMMERCE CXAAS S.A.;Bônus de Subscrição;;;IFCM11;1 (um)  Bônus de Subscrição para cada 3 (três) novas Ações subscritas, totalizando a emissão de até  83.333.333;Bolsa;B3;B3 S.A. - Brasil, Bolsa, Balcão.;2023-12-18;;Novo Mercado;2023-12-18;
38.456.921/0001-36;2026-01-01;2;161164;INFRACOMMERCE CXAAS S.A.;Nota Comercial;;;;;Balcão Organizado;B3;B3 S.A. - Brasil, Bolsa, Balcão.;2022-06-21;;Básico;2022-06-21;
39.580.673/0001-01;2026-01-01;1;157982;BRK Ambiental - Região Metropolitana de Maceió S.A.;Debêntures;;;;;Balcão Organizado;B3;B3 S.A. - Brasil, Bolsa, Balcão.;2022-10-15;;Básico;2022-10-15;
40.159.947/0001-64;2026-01-01;2;157163;HMOBI Participações S.A.;Ações Ordinárias;;;HMOB3;;Bolsa;B3;B3 S.A. - Brasil, Bolsa, Balcão.;2021-12-30;;Básico;2021-12-23;
40.263.170/0001-83;2026-01-01;1;158025;Solvi Essencis Ambiental S.A.;Debêntures;;;;;Balcão Organizado;B3;B3 S.A. - Brasil, Bolsa, Balcão.;2023-06-28;;Básico;2023-06-28;
40.337.136/0001-06;2026-01-01;1;156407;Terra Santa Propriedades Agrícolas S.A.;Ações Ordinárias;;;LAND3;;Bolsa;B3;B3 S.A. - Brasil, Bolsa, Balcão.;2021-08-02;;Novo Mercado;2021-07-15;
40.593.395/0001-06;2026-01-01;2;159105;IFIN PARTICIPAÇÕES S.A.;Debêntures;;;;;Balcão Organizado;B3;B3 S.A. - Brasil, Bolsa, Balcão.;2021-06-21;2021-07-16;Básico;2021-06-21;2021-07-16
40.997.635/0001-20;2026-01-01;1;158012;TRV XLIII SECURITIZADORA DE CREDITOS MERCANTIS S.A.;Debêntures;;;;;Balcão Não-Organizado;B3;B3 S.A. - Brasil, Bolsa, Balcão.;2022-08-16;;Básico;2022-08-16;
41.052.420/0001-07;2026-01-01;2;161013;Solar Bebidas S.A.;Valor Mobiliário Não Registrado;;;;;;;;;;;;
41.096.674/0001-19;2026-01-01;1;154343;CANTU STORE S.A.;Valor Mobiliário Não Registrado;;;;;;;;;;;;
41.508.382/0001-46;2026-01-01;1;156631;RODOVIAS DO BRASIL HOLDING S.A.;Debêntures;;;;;Balcão Organizado;B3;B3 S.A. - Brasil, Bolsa, Balcão.;2021-05-18;;Básico;2021-05-18;
41.570.356/0001-48;2026-01-01;1;156544;VRENTAL LOCAÇÃO DE MÁQUINAS E EQUIPAMENTOS S.A.;Debêntures;;;;;Balcão Organizado;B3;B3 S.A. - Brasil, Bolsa, Balcão.;2023-02-22;;Básico;2022-11-21;
41.886.692/0001-02;2026-01-01;1;158105;Concessionaria Rota de Santa Maria S.A;Debêntures;;;;;Balcão Não-Organizado;B3;B3 S.A. - Brasil, Bolsa, Balcão.;2023-06-07;;Básico;2023-06-07;
42.150.391/0001-70;2026-01-01;3;160988;BRASKEM S.A.;Ações Ordinárias;;;BRKM3;;Bolsa;B3;B3 S.A. - Brasil, Bolsa, Balcão.;2003-02-13;;Nível 1 de Governança Corporativa;1978-12-18;
42.150.391/0001-70;2026-01-01;3;160988;BRASKEM S.A.;Ações Preferenciais;PNB;Preferencial Classe B;BRKM6;;Bolsa;B3;B3 S.A. - Brasil, Bolsa, Balcão.;2003-02-13;;Nível 1 de Governança Corporativa;1978-12-18;
42.150.391/0001-70;2026-01-01;3;160988;BRASKEM S.A.;Ações Preferenciais;PNA;Preferencial Classe A;BRKM5;;Bolsa;B3;B3 S.A. - Brasil, Bolsa, Balcão.;2003-02-13;;Nível 1 de Governança Corporativa;1978-12-18;
42.233.757/0001-75;2026-01-01;2;157979;ALVAREZ & MARSAL INVESTIMENTOS I S.A.;Ações Ordinárias;;;;;;;;;;;;
42.276.907/0001-28;2026-01-01;3;161341;VLI Multimodal S.A;Debêntures;;;;;Bolsa;B3;B3 S.A. - Brasil, Bolsa, Balcão.;2025-11-06;;Básico;2025-11-06;
42.278.291/0001-24;2026-01-01;1;158125;LOG-IN LOGISTICA INTERMODAL S.A.;Ações Ordinárias;;;LOGN3;;Bolsa;B3;B3 S.A. - Brasil, Bolsa, Balcão.;2007-06-21;;Novo Mercado;2007-06-21;
42.278.291/0001-24;2026-01-01;1;158125;LOG-IN LOGISTICA INTERMODAL S.A.;Bônus de Subscrição;;;;;Bolsa;B3;B3 S.A. - Brasil, Bolsa, Balcão.;2016-09-29;2019-09-30;Novo Mercado;2016-09-29;2019-09-30
42.278.473/0001-03;2026-01-01;1;157983;WIZ CO PARTICIPAÇÕES E CORRETAGEM DE SEGUROS S.A.;Ações Ordinárias;;;WIZC3;;Bolsa;B3;B3 S.A. - Brasil, Bolsa, Balcão.;2015-06-05;;Novo Mercado;2015-06-05;
42.278.473/0001-03;2026-01-01;1;157983;WIZ CO PARTICIPAÇÕES E CORRETAGEM DE SEGUROS S.A.;Debêntures;;;;;Balcão Organizado;B3;B3 S.A. - Brasil, Bolsa, Balcão.;2025-01-20;;Básico;2025-01-20;
42.292.007/0001-74;2026-01-01;1;158377;RIO+ SANEAMENTO BL 3 S.A.;Debêntures;;;;;Balcão Organizado;B3;B3 S.A. - Brasil, Bolsa, Balcão.;2023-11-15;;Básico;2023-11-15;
42.310.775/0001-03;2026-01-01;2;156199;Águas do Rio 1 SPE S.A.;Debêntures;;;;;Balcão Organizado;B3;B3 S.A. - Brasil, Bolsa, Balcão.;2021-07-30;;Básico;2021-07-30;
42.331.462/0001-31;2026-01-01;1;156332;EMBPAR PARTICIPAÇÕES S/A;Ações Ordinárias;;;1545-8;;Bolsa;B3;B3 S.A. - Brasil, Bolsa, Balcão.;1996-03-14;;Básico;1996-03-14;
42.353.180/0001-35;2026-01-01;1;158231;IGUÁ RIO DE JANEIRO S.A.;Debêntures;;;;;Balcão Organizado;B3;B3 S.A. - Brasil, Bolsa, Balcão.;2021-07-31;;Básico;2021-07-31;
42.500.384/0001-51;2026-01-01;1;158635;SERENA ENERGIA S.A.;Ações Ordinárias;;;SRNA3;;Bolsa;B3;B3 S.A. - Brasil, Bolsa, Balcão.;2021-12-27;2025-11-04;Novo Mercado;2021-12-27;2025-11-04
42.644.220/0001-06;2026-01-01;2;156208;ÁGUAS DO RIO 4 SPE S.A.;Debêntures;;;;;Balcão Organizado;B3;B3 S.A. - Brasil, Bolsa, Balcão.;2021-07-30;;Básico;2021-07-22;
42.737.954/0001-21;2026-01-01;1;158080;Inter & Co, Inc.;BDRs;;;INBR32;Class A Shares;Bolsa;B3;B3 S.A. - Brasil, Bolsa, Balcão.;2022-06-20;;Básico;2021-07-16;
42.771.949/0001-35;2026-01-01;3;161137;ALLIANÇA SAÚDE E PARTICIPAÇÕES S.A.;Ações Ordinárias;;;AALR3;;Bolsa;B3;B3 S.A. - Brasil, Bolsa, Balcão.;2016-10-28;;Novo Mercado;2016-10-28;
43.283.811/0001-50;2026-01-01;1;158938;Kalunga S.A;Ações Ordinárias;;;;;;;;;;;;
43.335.774/0001-86;2026-01-01;1;158010;Travessia Securitizadora de Créditos Mercantis VI S.A.;Debêntures;;;;;Balcão Organizado;B3;B3 S.A. - Brasil, Bolsa, Balcão.;2021-12-14;;Básico;2021-12-14;
43.470.988/0001-65;2026-01-01;1;158222;EVEN CONSTRUTORA E INCORPORADORA S.A.;Ações Ordinárias;;;EVEN3;;Bolsa;B3;B3 S.A. - Brasil, Bolsa, Balcão.;2019-04-02;;Novo Mercado;2019-04-02;
43.514.079/0001-81;2026-01-01;1;157505;CLI Sul S.A.;Debêntures;;;;;Balcão Não-Organizado;;;;;;2022-11-14;
43.776.517/0001-80;2026-01-01;2;157967;CIA SANEAMENTO BASICO EST SAO PAULO;Ações Ordinárias;;;SBSP3;;Bolsa;B3;B3 S.A. - Brasil, Bolsa, Balcão.;2002-02-24;;Novo Mercado;1997-06-04;
43.776.517/0001-80;2026-01-01;2;157967;CIA SANEAMENTO BASICO EST SAO PAULO;Debêntures;;;;;Balcão Organizado;B3;B3 S.A. - Brasil, Bolsa, Balcão.;1994-06-27;;Básico;1994-06-27;
43.948.405/0001-69;2026-01-01;1;158399;LUPO S.A.;Valor Mobiliário Não Registrado;;;;;;;;;;;;
44.067.725/0001-72;2026-01-01;1;158652;Via Brasil BR 163 Concessionária de Rodovias S.A.;Valor Mobiliário Não Registrado;;;;;Balcão Não-Organizado;;;;;;2022-03-29;
44.319.688/0001-42;2026-01-01;2;160560;Concessionária do Sistema Rodoviário Rio-São Paulo S.A;Debêntures;;;;;Bolsa;B3;B3 S.A. - Brasil, Bolsa, Balcão.;2021-12-15;;Básico;2021-12-15;
44.854.238/0001-50;2026-01-01;3;161053;Parsan S.A.;Debêntures;;;;;Balcão Organizado;B3;B3 S.A. - Brasil, Bolsa, Balcão.;2023-05-19;;Básico;2023-03-23;
45.242.914/0001-05;2026-01-01;1;156253;C&A Modas S.A.;Ações Ordinárias;;;CEAB3;;Bolsa;B3;B3 S.A. - Brasil, Bolsa, Balcão.;2019-10-28;2019-10-28;Novo Mercado;2019-10-24;
45.365.558/0001-09;2026-01-01;1;158598;VITTIA S.A.;Ações Ordinárias;;;VITT3;;Bolsa;B3;B3 S.A. - Brasil, Bolsa, Balcão.;2021-09-02;;Novo Mercado;2021-09-01;
45.453.214/0001-51;2026-01-01;1;156505;PROFARMA DISTRIB PROD FARMACEUTICOS S.A.;Ações Ordinárias;;;PFRM3;;Bolsa;B3;B3 S.A. - Brasil, Bolsa, Balcão.;2006-10-26;;Novo Mercado;2006-10-26;
45.456.117/0001-12;2026-01-01;1;158650;Águas do Sertão S.A.;Debêntures;;;;;Balcão Organizado;B3;B3 S.A. - Brasil, Bolsa, Balcão.;2022-08-24;;Básico;2022-08-24;
45.736.131/0001-70;2026-01-01;1;158515;Unidas Locadora S.A.;Debêntures;;;;;Balcão Organizado;B3;B3 S.A. - Brasil, Bolsa, Balcão.;2022-09-27;;Básico;2022-09-27;
45.987.245/0001-92;2026-01-01;1;155919;BIOMA EDUCAÇÃO S.A.;Ações Ordinárias;;;BIED3;;Bolsa;B3;B3 S.A. - Brasil, Bolsa, Balcão.;2018-01-26;;Básico;1974-01-02;
46.119.855/0001-37;2026-01-01;1;155175;SOCIEDADE ABASTECIMENTO DE ÁGUA E SANEAMENTO S.A - SANASA;Debêntures;;;;;;;;;;;;
46.568.486/0001-60;2026-01-01;1;155722;MANTIQUEIRA HOLDING S.A.;Debêntures;;;;;Balcão Organizado;B3;B3 S.A. - Brasil, Bolsa, Balcão.;2025-04-15;;Básico;2025-04-15;
46.573.272/0001-81;2026-01-01;1;158295;Porto Saúde Participações S.A.;Ações Ordinárias;;;;;;;;;;;;
47.508.411/0001-56;2026-01-01;4;159396;CIA BRASILEIRA DE DISTRIBUICAO;Ações Ordinárias;;;PCAR3;;Bolsa;B3;B3 S.A. - Brasil, Bolsa, Balcão.;1995-09-22;;Novo Mercado;1995-09-22;
47.508.411/0001-56;2026-01-01;4;159396;CIA BRASILEIRA DE DISTRIBUICAO;Debêntures;;;;;Balcão Organizado;B3;B3 S.A. - Brasil, Bolsa, Balcão.;2018-09-10;;Básico;2018-09-10;
47.509.120/0001-82;2026-01-01;2;158992;BRADESCO LEASING S.A. ARREND MERCANTIL;Debêntures;;;;;Balcão Organizado;B3;B3 S.A. - Brasil, Bolsa, Balcão.;2005-02-01;;Básico;2005-02-01;
47.960.950/0001-21;2026-01-01;1;158557;MAGAZINE LUIZA S.A.;Ações Preferenciais;PNA;Preferencial Classe A;MGLU3;;Bolsa;B3;B3 S.A. - Brasil, Bolsa, Balcão.;2011-05-02;;Novo Mercado;2011-05-02;
48.127.008/0001-40;2026-01-01;1;158699;Concessionária Rodovias do Sul de Minas SPE S.A.;Debêntures;;;;;Balcão Organizado;B3;B3 S.A. - Brasil, Bolsa, Balcão.;2023-02-15;;Básico;2023-02-15;
48.127.012/0001-08;2026-01-01;1;158700;Concessionária Rodovias do Triângulo SPE S.A.;Debêntures;;;;;Balcão Organizado;B3;B3 S.A. - Brasil, Bolsa, Balcão.;2023-02-13;;Básico;2023-02-13;
48.710.127/0001-20;2026-01-01;1;158757;SPE Novo Norte Aeroportos S.A;Debêntures;;;;;Bolsa;B3;B3 S.A. - Brasil, Bolsa, Balcão.;2023-12-29;;Básico;2023-12-29;
48.710.127/0001-20;2026-01-01;1;158757;SPE Novo Norte Aeroportos S.A;Nota Comercial;;;;;Balcão Não-Organizado;B3;B3 S.A. - Brasil, Bolsa, Balcão.;2025-12-05;;Básico;2025-12-05;
48.851.242/0001-15;2026-01-01;1;158497;CONCESSIONARIA DAS RODOVIAS DO LESTE MS S/A;Debêntures;;;;;Balcão Organizado;B3;B3 S.A. - Brasil, Bolsa, Balcão.;2025-07-15;2025-07-17;Básico;2025-07-15;2025-07-17
49.115.815/0001-05;2026-01-01;1;157046;JBS N.V.;Certificados de depósito de valores mobiliários;;;;;Bolsa;B3;B3 S.A. - Brasil, Bolsa, Balcão.;2025-06-09;;Nível 2 de Governança Corporativa;2025-06-09;
49.263.189/0001-02;2026-01-01;1;157735;HELBOR EMPREENDIMENTOS S.A.;Ações Ordinárias;;;HBOR3;;Bolsa;B3;B3 S.A. - Brasil, Bolsa, Balcão.;2007-10-29;;Novo Mercado;2007-10-29;
49.314.049/0001-08;2026-01-01;1;158051;Concessionária de Rodovias Noroeste Paulista S.A;Debêntures;;;;;Balcão Organizado;B3;B3 S.A. - Brasil, Bolsa, Balcão.;2023-08-15;;Básico;2023-08-15;
49.669.856/0001-43;2026-01-01;1;158150;VESTE S.A. ESTILO;Ações Ordinárias;;;VSTE3;;Bolsa;B3;B3 S.A. - Brasil, Bolsa, Balcão.;2008-04-29;;Novo Mercado;2008-04-28;
49.703.913/0001-63;2026-01-01;1;154495;Platão Capital S.A.;Debêntures;;;;;Balcão Organizado;B3;B3 S.A. - Brasil, Bolsa, Balcão.;2023-03-08;;Básico;2023-03-08;
50.399.553/0001-37;2026-01-01;1;158259;Concessionária Rodoanel Norte SPE S.A.;Debêntures;;;;;Balcão Organizado;B3;B3 S.A. - Brasil, Bolsa, Balcão.;2025-05-15;;Básico;2025-05-15;
50.564.053/0001-03;2026-01-01;1;154389;BOMBRIL S.A. - Em recuperação Judicial;Ações Ordinárias;;;BOBR3;;Bolsa;B3;B3 S.A. - Brasil, Bolsa, Balcão.;1984-09-26;;Básico;1984-09-26;
50.564.053/0001-03;2026-01-01;1;154389;BOMBRIL S.A. - Em recuperação Judicial;Ações Preferenciais;;;BOBR4;;Bolsa;B3;B3 S.A. - Brasil, Bolsa, Balcão.;1984-09-26;;Básico;1984-09-26;
50.746.577/0001-15;2026-01-01;2;161172;COSAN S.A.;Ações Ordinárias;;;CSAN3;;Bolsa;B3;B3 S.A. - Brasil, Bolsa, Balcão.;2005-11-17;;Novo Mercado;2005-11-17;
50.746.577/0001-15;2026-01-01;2;161172;COSAN S.A.;Debêntures;;;;;Balcão Organizado;B3;B3 S.A. - Brasil, Bolsa, Balcão.;2021-07-15;;Básico;2021-07-15;
50.746.577/0001-15;2026-01-01;2;161172;COSAN S.A.;Nota Comercial;;;;;Balcão Organizado;B3;B3 S.A. - Brasil, Bolsa, Balcão.;2023-12-27;;Básico;2023-12-27;
50.926.955/0001-42;2026-01-01;1;155006;VULCABRAS S.A.;Ações Ordinárias;;;VULC3;;Bolsa;B3;B3 S.A. - Brasil, Bolsa, Balcão.;2017-10-26;;Novo Mercado;1977-07-20;
51.128.999/0001-90;2026-01-01;4;160927;NUTRIPLANT INDUSTRIA E COMERCIO S.A.;Ações Ordinárias;;;NUTR3;;Bolsa;B3;B3 S.A. - Brasil, Bolsa, Balcão.;2026-03-16;;Básico;2008-02-13;
51.136.974/0001-38;2026-01-01;1;158702;EPR Infraestrutura PR S.A.;Debêntures;;;;;Balcão Organizado;B3;B3 S.A. - Brasil, Bolsa, Balcão.;2023-12-04;;Básico;2023-12-04;
51.218.147/0001-93;2026-01-01;1;158565;IGUATEMI EMPRESA DE SHOPPING CENTERS S.A;Ações Ordinárias;;;IGTA3;;Bolsa;B3;B3 S.A. - Brasil, Bolsa, Balcão.;2007-02-07;;Nível 1 de Governança Corporativa;2007-02-07;
51.430.503/0001-38;2026-01-01;1;158447;Porto Serviço S.A;Ações Ordinárias;;;;;;;;;;;;
51.430.503/0001-38;2026-01-01;1;158447;Porto Serviço S.A;Nota Comercial;;;;;Balcão Não-Organizado;;;;;;2025-04-14;
51.466.860/0001-56;2026-01-01;1;158133;SAO MARTINHO S.A.;Ações Ordinárias;;;SMTO3;;Bolsa;B3;B3 S.A. - Brasil, Bolsa, Balcão.;2007-02-09;;Novo Mercado;2007-02-09;
51.466.860/0001-56;2026-01-01;1;158133;SAO MARTINHO S.A.;Debêntures;;;;;Balcão Organizado;B3;B3 S.A. - Brasil, Bolsa, Balcão.;2026-05-06;;Básico;2026-05-06;
51.742.485/0001-20;2026-01-01;1;158698;Concessionária Rodovias do Café SPE S.A.;Debêntures;;;;;Balcão Organizado;B3;B3 S.A. - Brasil, Bolsa, Balcão.;2023-10-09;;Básico;2023-10-09;
51.928.174/0001-50;2026-01-01;1;156010;PLASCAR PARTICIPACOES INDUSTRIAIS S.A.;Ações Ordinárias;;;B3;;Bolsa;B3;B3 S.A. - Brasil, Bolsa, Balcão.;1989-04-19;;Básico;1989-04-19;
52.017.473/0001-03;2026-01-01;1;158804;Azevedo & Travassos Energia S.A.;Ações Ordinárias;;;AZTE3;;Bolsa;B3;B3 S.A. - Brasil, Bolsa, Balcão.;2025-02-17;;Básico;2025-02-14;
52.270.350/0001-71;2026-01-01;6;157788;B100 S.A.;Ações Ordinárias;;;B1003;;Bolsa;B3;B3 S.A. - Brasil, Bolsa, Balcão.;2025-02-28;;Novo Mercado;2025-02-28;
52.475.549/0001-36;2026-01-01;5;155671;R/HOLDINGS S.A.;Ações Ordinárias;;;0000;;Balcão Não-Organizado;;;;;;2025-10-09;
52.548.435/0001-79;2026-01-01;1;158653;JSL S.A.;Ações Ordinárias;;;JSLG3;;Bolsa;B3;B3 S.A. - Brasil, Bolsa, Balcão.;2010-04-20;;Novo Mercado;2010-04-20;
52.548.435/0001-79;2026-01-01;1;158653;JSL S.A.;Debêntures;;;;;Balcão Organizado;B3;B3 S.A. - Brasil, Bolsa, Balcão.;2010-12-20;;Básico;2010-12-20;
52.805.925/0001-03;2026-01-01;3;159677;Belora RDVC City Desenvolvimento Imobiliário S.A.;Ações Ordinárias;;;CCTY3;;Bolsa;B3;B3 S.A. - Brasil, Bolsa, Balcão.;2025-04-29;;Novo Mercado;2025-04-29;
52.810.883/0001-07;2026-01-01;4;155668;REVEE MCO S.A.;Ações Ordinárias;;;0000;;Balcão Não-Organizado;;;;;;2025-02-06;
52.841.191/0001-18;2026-01-01;4;156215;REVEE S.A.;Ações Ordinárias;;;RVEE3;;Bolsa;B3;B3 S.A. - Brasil, Bolsa, Balcão.;2025-04-22;;Novo Mercado;2025-04-17;2026-04-01
52.841.191/0001-18;2026-01-01;4;156215;REVEE S.A.;Ações Ordinárias;;;RVEE3;;Bolsa;B3;B3 S.A. - Brasil, Bolsa, Balcão.;2026-04-02;;Básico;2026-04-02;
53.113.791/0001-22;2026-01-01;2;161277;TOTVS S.A.;Ações Ordinárias;;;TOTS3;;Bolsa;B3;B3 S.A. - Brasil, Bolsa, Balcão.;2006-03-07;;Novo Mercado;2006-03-07;
53.113.791/0001-22;2026-01-01;2;161277;TOTVS S.A.;Debêntures;;;;;Bolsa;B3;B3 S.A. - Brasil, Bolsa, Balcão.;2026-01-29;;Novo Mercado;2026-01-06;
53.153.938/0001-08;2026-01-01;4;154793;União Pet Participações S.A.;Ações Ordinárias;;;AUAU3;;Bolsa;B3;B3 S.A. - Brasil, Bolsa, Balcão.;2026-01-05;;Novo Mercado;2026-01-05;
56.444.250/0001-75;2026-01-01;1;157908;HAUSCENTER SA;Debêntures;;;;;Balcão Não-Organizado;;;;;;1995-05-02;
56.643.018/0001-66;2026-01-01;1;154116;EUCATEX S.A. INDUSTRIA E COMERCIO;Ações Ordinárias;;;EUCA3;;Bolsa;B3;B3 S.A. - Brasil, Bolsa, Balcão.;2012-07-01;;Nível 1 de Governança Corporativa;1969-08-20;
56.643.018/0001-66;2026-01-01;1;154116;EUCATEX S.A. INDUSTRIA E COMERCIO;Ações Preferenciais;PNA;Preferencial Classe A;EUCA4;;Bolsa;B3;B3 S.A. - Brasil, Bolsa, Balcão.;2012-07-01;;Nível 1 de Governança Corporativa;1969-08-20;
56.720.428/0001-63;2026-01-01;1;154385;ROMI S.A.;Ações Ordinárias;;;ROMI3;;Bolsa;B3;B3 S.A. - Brasil, Bolsa, Balcão.;2007-03-23;;Novo Mercado;2007-03-23;
56.992.423/0001-90;2026-01-01;2;159537;BICICLETAS MONARK S.A.;Ações Ordinárias;;;BMKS3;;Bolsa;B3;B3 S.A. - Brasil, Bolsa, Balcão.;1973-11-28;;Básico;1973-11-28;
58.056.046/0001-02;2026-01-01;1;158701;EPR Iguaçu S.A.;Debêntures;;;;;Balcão Organizado;B3;B3 S.A. - Brasil, Bolsa, Balcão.;2025-04-17;;Básico;2025-02-28;
58.070.452/0001-20;2026-01-01;1;158233;Iguá Sergipe S.A.;Debêntures;;;;;Balcão Organizado;B3;B3 S.A. - Brasil, Bolsa, Balcão.;2024-12-01;;Básico;2024-12-01;
58.119.199/0001-51;2026-01-01;2;156733;BRADSAÚDE S.A.;Ações Ordinárias;;;SAUD3;;Bolsa;B3;B3 S.A. - Brasil, Bolsa, Balcão.;2006-11-30;;Novo Mercado;2006-11-30;
58.430.828/0001-60;2026-01-01;1;158413;Blau Farmacêutica S.A.;Ações Ordinárias;;;BLAU3;;Bolsa;B3;B3 S.A. - Brasil, Bolsa, Balcão.;2021-04-19;;Novo Mercado;2021-04-19;
58.430.828/0001-60;2026-01-01;1;158413;Blau Farmacêutica S.A.;Debêntures;;;;;Balcão Organizado;B3;B3 S.A. - Brasil, Bolsa, Balcão.;2018-06-20;;Básico;2018-06-20;
59.105.999/0001-86;2026-01-01;1;158021;WHIRLPOOL S.A.;Ações Ordinárias;;;WHRL3;;Bolsa;B3;B3 S.A. - Brasil, Bolsa, Balcão.;1994-04-26;;Básico;1994-04-26;
59.105.999/0001-86;2026-01-01;1;158021;WHIRLPOOL S.A.;Ações Preferenciais;;;WHRL4;;Bolsa;B3;B3 S.A. - Brasil, Bolsa, Balcão.;1994-04-26;;Básico;1994-04-26;
59.115.685/0001-64;2026-01-01;1;158502;Tupi Energias Renováveis S.A.;Debêntures;;;;;Balcão Organizado;B3;B3 S.A. - Brasil, Bolsa, Balcão.;2025-04-16;;Básico;2025-04-16;
59.196.897/0001-13;2026-01-01;2;160541;Concessionária de Rodovias PRVias S.A.;Debêntures;;;;;Bolsa;B3;B3 S.A. - Brasil, Bolsa, Balcão.;2025-02-27;;Básico;2025-02-27;
59.418.806/0001-47;2026-01-01;1;158119;TRACK & FIELD CO S.A.;Ações Preferenciais;;;TFCO4;;Bolsa;B3;B3 S.A. - Brasil, Bolsa, Balcão.;2020-10-26;;Nível 2 de Governança Corporativa;2020-10-26;
59.546.515/0001-34;2026-01-01;2;160942;Fisia Comércio de Produtos Esportivos S.A.;Debêntures;;;;;Balcão Organizado;B3;B3 S.A. - Brasil, Bolsa, Balcão.;2025-07-18;;Básico;2025-07-18;
59.693.110/0001-29;2026-01-01;1;155682;ORANJEBTC S.A. - EDUCAÇÃO E INVESTIMENTO;Ações Ordinárias;;;OBTC;;Bolsa;B3;B3 S.A. - Brasil, Bolsa, Balcão.;2025-09-05;;Básico;2025-09-05;
59.717.553/0001-02;2026-01-01;3;157192;GRUPO MULTILASER S.A.;Ações Ordinárias;;;MLAS3;;;B3;B3 S.A. - Brasil, Bolsa, Balcão.;2021-07-21;;Novo Mercado;2021-07-21;
59.789.545/0001-71;2026-01-01;1;158247;POLPAR S.A.;Ações Ordinárias;;;PPAR3;;Bolsa;B3;B3 S.A. - Brasil, Bolsa, Balcão.;1989-05-31;;Básico;1989-05-31;
59.981.829/0001-65;2026-01-01;2;159311;Rodobens SA;Debêntures;;;;;Bolsa;B3;B3 S.A. - Brasil, Bolsa, Balcão.;2021-12-24;;Básico;2021-12-23;
59.981.829/0001-65;2026-01-01;2;159311;Rodobens SA;Units;;;RBNS;1 ON e 2PNs;Bolsa;B3;B3 S.A. - Brasil, Bolsa, Balcão.;2021-07-26;;Básico;2021-07-15;
60.398.369/0004-79;2026-01-01;1;157691;PARANAPANEMA S.A. - EM RECUPERAÇÃO JUDICIAL;Ações Ordinárias;;;PMAM3;;Bolsa;B3;B3 S.A. - Brasil, Bolsa, Balcão.;2012-02-15;;Novo Mercado;1971-03-15;
60.398.369/0004-79;2026-01-01;1;157691;PARANAPANEMA S.A. - EM RECUPERAÇÃO JUDICIAL;Debêntures Conversíveis;;;;;Balcão Organizado;B3;B3 S.A. - Brasil, Bolsa, Balcão.;2017-12-22;;Básico;2017-09-01;
60.444.437/0001-46;2026-01-01;3;159238;LIGHT SERVICOS DE ELETRICIDADE S.A.;Debêntures;;;;;Balcão Não-Organizado;B3;B3 S.A. - Brasil, Bolsa, Balcão.;2013-06-15;;Básico;2013-06-15;
60.444.437/0001-46;2026-01-01;3;159238;LIGHT SERVICOS DE ELETRICIDADE S.A.;Nota Comercial;;;;;Balcão Não-Organizado;B3;B3 S.A. - Brasil, Bolsa, Balcão.;2017-12-21;;Básico;2017-12-21;
60.476.884/0001-87;2026-01-01;1;155342;MAHLE METAL LEVE S.A.;Ações Ordinárias;;;LEVE3;;Bolsa;B3;B3 S.A. - Brasil, Bolsa, Balcão.;2011-07-05;;Novo Mercado;1977-07-20;
60.537.263/0001-66;2026-01-01;1;158440;ALLPARK EMPREENDIMENTOS, PARTICIPAÇÕES E SERVIÇOS S.A.;Ações Ordinárias;;;ALPK3;;Bolsa;B3;B3 S.A. - Brasil, Bolsa, Balcão.;2020-05-15;;Novo Mercado;2020-05-14;
60.537.263/0001-66;2026-01-01;1;158440;ALLPARK EMPREENDIMENTOS, PARTICIPAÇÕES E SERVIÇOS S.A.;Debêntures;;;;;Balcão Organizado;B3;B3 S.A. - Brasil, Bolsa, Balcão.;2019-08-07;;Básico;2019-05-09;
60.543.816/0001-93;2026-01-01;1;158558;IGUATEMI S.A.;Ações Ordinárias;;;IGTI3;;Bolsa;B3;B3 S.A. - Brasil, Bolsa, Balcão.;2021-11-22;;Nível 1 de Governança Corporativa;2021-11-22;
60.543.816/0001-93;2026-01-01;1;158558;IGUATEMI S.A.;Ações Preferenciais;;;IGTI4;;Bolsa;B3;B3 S.A. - Brasil, Bolsa, Balcão.;2022-09-22;;Nível 1 de Governança Corporativa;2022-09-22;
60.543.816/0001-93;2026-01-01;1;158558;IGUATEMI S.A.;Units;;;IGTI11;1 ON e 2 PN;Bolsa;B3;B3 S.A. - Brasil, Bolsa, Balcão.;2021-11-22;;Nível 1 de Governança Corporativa;2021-11-22;
60.651.809/0001-05;2026-01-01;1;158335;SUZANO HOLDING S.A.;Ações Ordinárias;;;NEMO3;;Bolsa;B3;B3 S.A. - Brasil, Bolsa, Balcão.;1982-12-22;;Básico;1982-12-21;
60.651.809/0001-05;2026-01-01;1;158335;SUZANO HOLDING S.A.;Ações Preferenciais;PNA;Preferencial Classe A;NEMO5;;Bolsa;B3;B3 S.A. - Brasil, Bolsa, Balcão.;2010-04-09;;Básico;1982-12-21;
60.651.809/0001-05;2026-01-01;1;158335;SUZANO HOLDING S.A.;Ações Preferenciais;PNB;Preferencial Classe B;NEMO6;;Bolsa;B3;B3 S.A. - Brasil, Bolsa, Balcão.;2011-05-18;;Básico;1982-12-21;
60.665.981/0001-18;2026-01-01;1;158766;União Química Farmacêutica Nacional S.A.;Valor Mobiliário Não Registrado;;;;;Balcão Organizado;B3;B3 S.A. - Brasil, Bolsa, Balcão.;2022-01-16;;Básico;2021-10-08;
60.730.348/0001-66;2026-01-01;6;160480;CIA MELHORAMENTOS DE SAO PAULO;Ações Ordinárias;;;MSPA3;;Bolsa;B3;B3 S.A. - Brasil, Bolsa, Balcão.;1977-07-20;;Básico;1977-07-20;
60.730.348/0001-66;2026-01-01;6;160480;CIA MELHORAMENTOS DE SAO PAULO;Ações Preferenciais;ONA;Ordinária Classe A;MSPA4;;Bolsa;B3;B3 S.A. - Brasil, Bolsa, Balcão.;1977-07-20;;Básico;1977-07-20;
60.746.948/0001-12;2026-01-01;2;158989;BCO BRADESCO S.A.;Ações Ordinárias;;;BBDC3;;Bolsa;B3;B3 S.A. - Brasil, Bolsa, Balcão.;2001-06-26;;Nível 1 de Governança Corporativa;1946-11-26;
60.746.948/0001-12;2026-01-01;2;158989;BCO BRADESCO S.A.;Ações Preferenciais;;;BBDC4;;Bolsa;B3;B3 S.A. - Brasil, Bolsa, Balcão.;2001-06-26;;Nível 1 de Governança Corporativa;1946-11-26;
60.840.055/0001-31;2026-01-01;1;154175;FLEURY S.A.;Ações Ordinárias;;;FLRY3;;Bolsa;B3;B3 S.A. - Brasil, Bolsa, Balcão.;2009-12-16;;Novo Mercado;2009-12-16;
60.851.615/0001-53;2026-01-01;1;158740;BARDELLA S.A. INDUSTRIAS MECANICAS EM RECUPERAÇÃO JUDICIAL;Ações Ordinárias;;;BDLL3;;Bolsa;B3;B3 S.A. - Brasil, Bolsa, Balcão.;1969-11-26;;Básico;1969-11-26;
60.851.615/0001-53;2026-01-01;1;158740;BARDELLA S.A. INDUSTRIAS MECANICAS EM RECUPERAÇÃO JUDICIAL;Ações Preferenciais;PNA;Preferencial Classe A;BDLL4;;Bolsa;B3;B3 S.A. - Brasil, Bolsa, Balcão.;1969-11-26;;Básico;1969-11-26;
60.872.504/0001-23;2026-01-01;2;156921;ITAU UNIBANCO HOLDING S.A.;Ações Ordinárias;;;ITUB3;;Bolsa;B3;B3 S.A. - Brasil, Bolsa, Balcão.;2002-12-30;;Nível 1 de Governança Corporativa;2002-12-30;
60.872.504/0001-23;2026-01-01;2;156921;ITAU UNIBANCO HOLDING S.A.;Ações Preferenciais;;;ITUB4;;Bolsa;B3;B3 S.A. - Brasil, Bolsa, Balcão.;2002-12-30;;Nível 1 de Governança Corporativa;2002-12-30;
60.884.319/0001-59;2026-01-01;3;161108;NORDON INDUSTRIAS METALURGICAS S.A.;Ações Ordinárias;;;1;;Bolsa;B3;B3 S.A. - Brasil, Bolsa, Balcão.;1988-04-28;;Básico;1988-04-28;
60.894.730/0001-05;2026-01-01;1;154567;USINAS SID DE MINAS GERAIS S.A.-USIMINAS;Ações Ordinárias;;;USIM3;;Bolsa;B3;B3 S.A. - Brasil, Bolsa, Balcão.;2007-10-11;;Nível 1 de Governança Corporativa;1994-04-11;
60.894.730/0001-05;2026-01-01;1;154567;USINAS SID DE MINAS GERAIS S.A.-USIMINAS;Debêntures;;;;;Balcão Organizado;B3;B3 S.A. - Brasil, Bolsa, Balcão.;2022-05-23;;Básico;2022-05-23;
60.894.730/0001-05;2026-01-01;1;154567;USINAS SID DE MINAS GERAIS S.A.-USIMINAS;Ações Preferenciais;PNB;Preferencial Classe B;USIM6;;Bolsa;B3;B3 S.A. - Brasil, Bolsa, Balcão.;2007-10-11;;Nível 1 de Governança Corporativa;1994-04-11;
60.894.730/0001-05;2026-01-01;1;154567;USINAS SID DE MINAS GERAIS S.A.-USIMINAS;Ações Preferenciais;PNA;Preferencial Classe A;USIM5;;Bolsa;B3;B3 S.A. - Brasil, Bolsa, Balcão.;2007-10-11;;Nível 1 de Governança Corporativa;1994-04-11;
60.933.603/0001-78;2026-01-01;2;159096;CESP - CIA ENERGETICA DE SAO PAULO;Debêntures;;;;;Balcão Organizado;B3;B3 S.A. - Brasil, Bolsa, Balcão.;2019-04-09;;Básico;2019-04-09;
60.978.495/0001-50;2026-01-01;2;159589;EPR Parana S.A.;Debêntures;;;;;Balcão Organizado;B3;B3 S.A. - Brasil, Bolsa, Balcão.;2026-01-19;;Básico;2026-01-16;
61.022.042/0001-18;2026-01-01;1;158880;CONSTRUTORA ADOLPHO LINDENBERG S.A.;Ações Ordinárias;;;CALI3;;Bolsa;B3;B3 S.A. - Brasil, Bolsa, Balcão.;1977-07-20;;Básico;1977-07-20;
61.022.042/0001-18;2026-01-01;1;158880;CONSTRUTORA ADOLPHO LINDENBERG S.A.;Bônus de Subscrição;;;CALI11;383.768;Bolsa;B3;B3 S.A. - Brasil, Bolsa, Balcão.;2025-01-31;;Básico;2022-04-28;
61.065.298/0001-02;2026-01-01;1;156094;MANGELS INDUSTRIAL S.A.;Ações Ordinárias;;;MGEL3;;Bolsa;B3;B3 S.A. - Brasil, Bolsa, Balcão.;1971-12-28;;Básico;1971-12-28;
61.065.298/0001-02;2026-01-01;1;156094;MANGELS INDUSTRIAL S.A.;Ações Preferenciais;;;MGEL4;;Bolsa;B3;B3 S.A. - Brasil, Bolsa, Balcão.;1971-12-28;;Básico;1971-12-28;
61.065.751/0001-80;2026-01-01;2;158914;ROSSI RESIDENCIAL S.A. - EM RECUPERAÇÃO JUDICIAL;Ações Ordinárias;;;RSID3;;Bolsa;B3;B3 S.A. - Brasil, Bolsa, Balcão.;2006-01-27;;Novo Mercado;1997-07-22;
61.067.901/0001-95;2026-01-01;3;161043;ÁGUAS DO PARÁ A SPE S.A;Debêntures;;;;;Balcão Organizado;B3;B3 S.A. - Brasil, Bolsa, Balcão.;2025-06-24;;Básico;2025-06-20;
61.067.902/0001-30;2026-01-01;3;161045;ÁGUAS DO PARÁ B SPE S.A.;Debêntures;;;;;Balcão Organizado;B3;B3 S.A. - Brasil, Bolsa, Balcão.;2025-06-25;;Básico;2025-06-20;
61.067.904/0001-29;2026-01-01;4;161047;ÁGUAS DO PARÁ D SPE S.A.;Debêntures;;;;;Balcão Organizado;B3;B3 S.A. - Brasil, Bolsa, Balcão.;2025-06-24;;Básico;2025-06-20;
61.079.117/0001-05;2026-01-01;1;155583;ALPARGATAS S.A.;Ações Ordinárias;;;ALPA3;;Bolsa;B3;B3 S.A. - Brasil, Bolsa, Balcão.;2003-07-15;;Nível 1 de Governança Corporativa;1977-07-20;
61.079.117/0001-05;2026-01-01;1;155583;ALPARGATAS S.A.;Debêntures;;;;;Balcão Organizado;B3;B3 S.A. - Brasil, Bolsa, Balcão.;2017-12-15;;Básico;2017-12-15;
61.079.117/0001-05;2026-01-01;1;155583;ALPARGATAS S.A.;Ações Preferenciais;;;ALPA4;;Bolsa;B3;B3 S.A. - Brasil, Bolsa, Balcão.;2003-07-15;;Nível 1 de Governança Corporativa;1977-07-20;
61.080.313/0001-91;2026-01-01;2;159759;COBRASMA S.A.;Ações Ordinárias;;;;;;;;;;;;
61.082.004/0001-50;2026-01-01;3;160951;MANUFATURA DE BRINQUEDOS ESTRELA S.A.;Ações Preferenciais;PNA;Preferencial Classe A;ESTR4;;Bolsa;B3;B3 S.A. - Brasil, Bolsa, Balcão.;1968-06-28;;Básico;1968-06-28;
61.088.894/0001-08;2026-01-01;1;156551;CAMBUCI S.A.;Ações Ordinárias;;;CAMB3;;Bolsa;B3;B3 S.A. - Brasil, Bolsa, Balcão.;1985-01-05;;Básico;1985-01-05;
61.092.037/0001-81;2026-01-01;1;158819;ETERNIT S.A.;Ações Ordinárias;;;ETER3;;Bolsa;B3;B3 S.A. - Brasil, Bolsa, Balcão.;2006-08-17;;Novo Mercado;1948-11-25;
61.156.113/0001-75;2026-01-01;2;160109;IOCHPE MAXION S.A.;Ações Ordinárias;;;MYPK3;;Bolsa;B3;B3 S.A. - Brasil, Bolsa, Balcão.;2008-03-24;;Novo Mercado;1984-07-17;
61.156.113/0001-75;2026-01-01;2;160109;IOCHPE MAXION S.A.;Debêntures;;;;;Balcão Não-Organizado;B3;B3 S.A. - Brasil, Bolsa, Balcão.;2026-07-07;;Básico;2026-07-07;
61.156.931/0001-78;2026-01-01;2;159252;ALIPERTI S.A.;Ações Ordinárias;;;APTI3;;Bolsa;B3;B3 S.A. - Brasil, Bolsa, Balcão.;1986-06-06;;Básico;1986-06-06;
61.156.931/0001-78;2026-01-01;2;159252;ALIPERTI S.A.;Ações Preferenciais;;;APTI4;;Bolsa;B3;B3 S.A. - Brasil, Bolsa, Balcão.;1986-06-06;;Básico;1986-06-06;
61.186.680/0001-74;2026-01-01;1;158209;BANCO BMG S/A;Ações Preferenciais;;;BMGB4;;Bolsa;B3;B3 S.A. - Brasil, Bolsa, Balcão.;2019-11-29;;Nível 1 de Governança Corporativa;2019-10-28;
61.186.680/0001-74;2026-01-01;1;158209;BANCO BMG S/A;Units;;;BMGB11;1 PN + 3 Recibos de Subscrição;Bolsa;B3;B3 S.A. - Brasil, Bolsa, Balcão.;2019-10-28;2019-11-28;Nível 1 de Governança Corporativa;2019-10-28;2019-11-28
61.189.288/0001-89;2026-01-01;1;154380;MARISA LOJAS S.A.;Ações Ordinárias;;;022055;;Bolsa;B3;B3 S.A. - Brasil, Bolsa, Balcão.;2010-06-14;;Novo Mercado;2010-06-14;
61.190.096/0001-92;2026-01-01;2;157199;EUROFARMA LABORATÓRIOS S.A.;Ações Ordinárias;;;EUFA;;Bolsa;B3;B3 S.A. - Brasil, Bolsa, Balcão.;2022-04-28;;Básico;2022-04-28;
61.190.096/0001-92;2026-01-01;2;157199;EUROFARMA LABORATÓRIOS S.A.;Debêntures;;;;;Balcão Organizado;B3;B3 S.A. - Brasil, Bolsa, Balcão.;2020-12-10;;Básico;2020-12-10;
61.351.532/0001-68;2026-01-01;1;159012;AZEVEDO E TRAVASSOS S.A.;Ações Ordinárias;;;AZEV3;;Bolsa;B3;B3 S.A. - Brasil, Bolsa, Balcão.;1991-11-01;;Básico;1991-11-01;
61.351.532/0001-68;2026-01-01;1;159012;AZEVEDO E TRAVASSOS S.A.;Ações Preferenciais;;;AZEV4;;Bolsa;B3;B3 S.A. - Brasil, Bolsa, Balcão.;1991-11-01;;Básico;1991-11-01;
61.374.161/0001-30;2026-01-01;1;157828;BAUMER S.A.;Ações Ordinárias;;;BALM3;;Bolsa;B3;B3 S.A. - Brasil, Bolsa, Balcão.;1970-05-20;;Básico;1970-05-20;
61.374.161/0001-30;2026-01-01;1;157828;BAUMER S.A.;Ações Preferenciais;;;BALM4;;Bolsa;B3;B3 S.A. - Brasil, Bolsa, Balcão.;1970-05-20;;Básico;1970-05-20;
61.409.892/0001-73;2026-01-01;1;157985;COMPANHIA BRASILEIRA DE ALUMÍNIO;Ações Ordinárias;;;CBAV3;;Bolsa;B3;B3 S.A. - Brasil, Bolsa, Balcão.;2021-07-15;;Novo Mercado;2021-07-15;
61.486.650/0001-83;2026-01-01;2;160621;DIAGNOSTICOS DA AMERICA S.A.;Ações Ordinárias;;;DASA3;;Bolsa;B3;B3 S.A. - Brasil, Bolsa, Balcão.;2021-06-23;;Novo Mercado;2021-06-16;
61.486.650/0001-83;2026-01-01;2;160621;DIAGNOSTICOS DA AMERICA S.A.;Debêntures;;;;;Balcão Organizado;B3;B3 S.A. - Brasil, Bolsa, Balcão.;2006-04-01;;Básico;2006-04-01;
61.486.650/0001-83;2026-01-01;2;160621;DIAGNOSTICOS DA AMERICA S.A.;Nota Comercial;;;;;Balcão Organizado;B3;B3 S.A. - Brasil, Bolsa, Balcão.;2017-06-21;;Básico;2017-06-21;
61.532.644/0001-15;2026-01-01;1;158571;ITAÚSA S.A.;Ações Ordinárias;;;ITSA3;;Bolsa;B3;B3 S.A. - Brasil, Bolsa, Balcão.;2001-06-26;;Nível 1 de Governança Corporativa;1966-06-30;
61.532.644/0001-15;2026-01-01;1;158571;ITAÚSA S.A.;Debêntures;;;;;Balcão Organizado;B3;B3 S.A. - Brasil, Bolsa, Balcão.;2017-05-24;;Básico;2017-05-24;
61.532.644/0001-15;2026-01-01;1;158571;ITAÚSA S.A.;Ações Preferenciais;;;ITSA4;;Bolsa;B3;B3 S.A. - Brasil, Bolsa, Balcão.;2001-06-26;;Nível 1 de Governança Corporativa;1966-06-30;
61.584.140/0001-49;2026-01-01;1;158191;REDE ENERGIA PARTICIPAÇÕES S.A.;Ações Ordinárias;;;REDE3;;Bolsa;B3;B3 S.A. - Brasil, Bolsa, Balcão.;1969-10-16;;Básico;1969-10-16;
61.584.140/0001-49;2026-01-01;1;158191;REDE ENERGIA PARTICIPAÇÕES S.A.;Debêntures;;;;;Bolsa;B3;B3 S.A. - Brasil, Bolsa, Balcão.;2009-12-23;;Básico;2009-12-23;
61.585.865/0001-51;2026-01-01;1;158356;Raia Drogasil S.A.;Ações Ordinárias;;;RADL3;;Bolsa;B3;B3 S.A. - Brasil, Bolsa, Balcão.;2007-07-03;;Novo Mercado;2007-07-03;
61.585.865/0001-51;2026-01-01;1;158356;Raia Drogasil S.A.;Debêntures;;;;;Balcão Organizado;B3;B3 S.A. - Brasil, Bolsa, Balcão.;2017-04-19;;Básico;2017-04-19;
61.856.571/0001-17;2026-01-01;2;158439;CIA GAS DE SAO PAULO - COMGAS;Ações Ordinárias;;;CGAS3;;Bolsa;B3;B3 S.A. - Brasil, Bolsa, Balcão.;1997-09-11;;Básico;1997-09-11;
61.856.571/0001-17;2026-01-01;2;158439;CIA GAS DE SAO PAULO - COMGAS;Debêntures;;;;;Balcão Não-Organizado;B3;B3 S.A. - Brasil, Bolsa, Balcão.;2008-08-05;;Básico;2008-08-05;
61.856.571/0001-17;2026-01-01;2;158439;CIA GAS DE SAO PAULO - COMGAS;Ações Preferenciais;;;CGAS5;;Bolsa;B3;B3 S.A. - Brasil, Bolsa, Balcão.;1997-09-11;;Básico;1997-09-11;
62.002.886/0001-60;2026-01-01;1;157980;SAO PAULO TURISMO S.A.;Ações Ordinárias;;;AHEB3;;Bolsa;B3;B3 S.A. - Brasil, Bolsa, Balcão.;2014-04-30;;Básico;2014-04-30;
62.002.886/0001-60;2026-01-01;1;157980;SAO PAULO TURISMO S.A.;Ações Preferenciais;PNA;Preferencial Classe A;AHEB5;;Bolsa;B3;B3 S.A. - Brasil, Bolsa, Balcão.;2014-04-30;;Básico;2014-04-30;
62.002.886/0001-60;2026-01-01;1;157980;SAO PAULO TURISMO S.A.;Ações Preferenciais;PNB;Preferencial Classe B;AHEB6;;Bolsa;B3;B3 S.A. - Brasil, Bolsa, Balcão.;2014-04-30;;Básico;2014-04-30;
62.070.362/0001-06;2026-01-01;1;155486;COMPANHIA DO METROPOLITANO DE SÃO PAULO - METRÔ;Debêntures;;;;;Balcão Organizado;B3;B3 S.A. - Brasil, Bolsa, Balcão.;2022-05-03;;Básico;2022-01-31;
62.144.175/0001-20;2026-01-01;2;157361;BCO PINE S.A;Ações Ordinárias;;;PINE3;;Bolsa;B3;B3 S.A. - Brasil, Bolsa, Balcão.;2012-03-30;;Nível 2 de Governança Corporativa;2007-02-02;
62.144.175/0001-20;2026-01-01;2;157361;BCO PINE S.A;Ações Preferenciais;;;PINE4;;Bolsa;B3;B3 S.A. - Brasil, Bolsa, Balcão.;2012-03-30;;Nível 2 de Governança Corporativa;2007-02-02;
62.258.884/0001-36;2026-01-01;1;155010;INTERCEMENT BRASIL S.A. - EM RECUPERAÇÃO JUDICIAL;Debêntures;;;;;Balcão Não-Organizado;B3;B3 S.A. - Brasil, Bolsa, Balcão.;2020-06-08;;Básico;2020-06-08;
62.307.848/0001-15;2026-01-01;1;156986;BANCO RCI BRASIL S.A.;Letras Financeiras;;;;;Balcão Não-Organizado;;;;;;;
62.984.091/0001-02;2026-01-01;1;154515;CRUZEIRO DO SUL EDUCACIONAL S.A.;Ações Ordinárias;;;CSED3;;Bolsa;B3;B3 S.A. - Brasil, Bolsa, Balcão.;2021-02-10;;Novo Mercado;2021-02-10;
62.984.091/0001-02;2026-01-01;1;154515;CRUZEIRO DO SUL EDUCACIONAL S.A.;Debêntures;;;;;Balcão Não-Organizado;B3;B3 S.A. - Brasil, Bolsa, Balcão.;2025-11-15;;Básico;2025-11-15;
64.904.295/0001-03;2026-01-01;1;157988;CAMIL ALIMENTOS S.A.;Ações Ordinárias;;;CAML3;;Bolsa;B3;B3 S.A. - Brasil, Bolsa, Balcão.;2017-09-28;;Novo Mercado;2017-09-26;
65.654.303/0001-73;2026-01-01;2;156927;DIBENS LEASING S.A. - ARREND.MERCANTIL;Debêntures;;;;;Bolsa;B3;B3 S.A. - Brasil, Bolsa, Balcão.;1993-09-28;;Básico;1993-09-28;
67.571.414/0001-41;2026-01-01;2;158143;VIVER INCORPORADORA E CONSTRUTORA S.A.;Ações Ordinárias;;;VIVR3;;Bolsa;B3;B3 S.A. - Brasil, Bolsa, Balcão.;2007-06-06;;Novo Mercado;2007-06-06;
67.571.414/0001-41;2026-01-01;2;158143;VIVER INCORPORADORA E CONSTRUTORA S.A.;Bônus de Subscrição;;;VIVR11;04 Ações Ordinárias;Bolsa;B3;B3 S.A. - Brasil, Bolsa, Balcão.;2024-04-10;;Novo Mercado;2024-04-08;
67.620.377/0001-14;2026-01-01;1;158318;MINERVA S.A.;Ações Ordinárias;;;BEEF3;;Bolsa;B3;B3 S.A. - Brasil, Bolsa, Balcão.;2007-07-20;;Novo Mercado;2007-07-20;
67.620.377/0001-14;2026-01-01;1;158318;MINERVA S.A.;Bônus de Subscrição;;;BEEF11;N/A;Balcão Organizado;B3;B3 S.A. - Brasil, Bolsa, Balcão.;2025-06-23;;Básico;2025-06-20;
71.476.527/0001-35;2026-01-01;1;156038;CONSTRUTORA TENDA S.A.;Ações Ordinárias;;;TEND3;;Bolsa;B3;B3 S.A. - Brasil, Bolsa, Balcão.;2017-06-26;;Novo Mercado;2017-05-04;
71.673.990/0001-77;2026-01-01;1;158216;NATURA COSMÉTICOS S.A.;Ações Ordinárias;;;NATU3;;Bolsa;B3;B3 S.A. - Brasil, Bolsa, Balcão.;2025-07-02;;Básico;2025-07-01;
73.178.600/0001-18;2026-01-01;1;154270;CYRELA BRAZIL REALTY S.A.EMPREEND E PART;Ações Ordinárias;;;CYRE3;;Bolsa;B3;B3 S.A. - Brasil, Bolsa, Balcão.;2005-09-22;;Novo Mercado;2005-09-22;
73.178.600/0001-18;2026-01-01;1;154270;CYRELA BRAZIL REALTY S.A.EMPREEND E PART;Certificados de Recebíveis Imobiliários;;;;;Balcão Não-Organizado;;;;;;2011-06-01;
73.178.600/0001-18;2026-01-01;1;154270;CYRELA BRAZIL REALTY S.A.EMPREEND E PART;Ações Preferenciais;;;CYRE4;;Bolsa;B3;B3 S.A. - Brasil, Bolsa, Balcão.;2026-01-02;;Novo Mercado;2026-01-02;
75.609.123/0001-23;2026-01-01;1;158508;Unidas Locações e Serviços S.A.;Debêntures;;;;;Balcão Organizado;B3;B3 S.A. - Brasil, Bolsa, Balcão.;2014-03-15;;Básico;2014-03-15;
75.609.123/0001-23;2026-01-01;1;158508;Unidas Locações e Serviços S.A.;Nota Comercial;;;;;Balcão Organizado;B3;B3 S.A. - Brasil, Bolsa, Balcão.;2022-01-19;;Básico;2022-01-13;
76.483.817/0001-20;2026-01-01;1;157848;CIA PARANAENSE DE ENERGIA - COPEL;Ações Ordinárias;;;CPLE3;;Bolsa;B3;B3 S.A. - Brasil, Bolsa, Balcão.;2021-12-01;;Novo Mercado;1994-04-12;
76.483.817/0001-20;2026-01-01;1;157848;CIA PARANAENSE DE ENERGIA - COPEL;Debêntures;;;;;Balcão Não-Organizado;B3;B3 S.A. - Brasil, Bolsa, Balcão.;2019-06-14;;Básico;2019-06-14;
76.483.817/0001-20;2026-01-01;1;157848;CIA PARANAENSE DE ENERGIA - COPEL;Certificados de Depósito de Valores Mobiliários;;;;;Bolsa;B3;B3 S.A. - Brasil, Bolsa, Balcão.;2021-12-01;2023-12-26;Nível 2 de Governança Corporativa;2021-04-26;2023-12-26
76.483.817/0001-20;2026-01-01;1;157848;CIA PARANAENSE DE ENERGIA - COPEL;Ações Preferenciais;PNB;Preferencial Classe B;CPLE6;;Bolsa;B3;B3 S.A. - Brasil, Bolsa, Balcão.;2021-12-01;2025-11-10;Nível 2 de Governança Corporativa;1996-02-15;2025-11-10
76.483.817/0001-20;2026-01-01;1;157848;CIA PARANAENSE DE ENERGIA - COPEL;Ações Preferenciais;PNA;Preferencial Classe A;CPLE5;;Bolsa;B3;B3 S.A. - Brasil, Bolsa, Balcão.;2021-12-01;2025-12-19;Nível 2 de Governança Corporativa;1996-02-15;2025-12-19
76.484.013/0001-45;2026-01-01;2;159163;CIA SANEAMENTO DO PARANA - SANEPAR;Ações Ordinárias;;;SAPR3;;Bolsa;B3;B3 S.A. - Brasil, Bolsa, Balcão.;2016-12-21;;Nível 2 de Governança Corporativa;2000-03-10;
76.484.013/0001-45;2026-01-01;2;159163;CIA SANEAMENTO DO PARANA - SANEPAR;Ações Preferenciais;;;SAPR4;;Bolsa;B3;B3 S.A. - Brasil, Bolsa, Balcão.;2016-12-21;;Nível 2 de Governança Corporativa;2000-03-10;
76.484.013/0001-45;2026-01-01;2;159163;CIA SANEAMENTO DO PARANA - SANEPAR;Units;;;SAPR11;1 ON e 4 PN;Bolsa;B3;B3 S.A. - Brasil, Bolsa, Balcão.;2017-11-22;;Nível 2 de Governança Corporativa;2017-11-22;
76.535.764/0001-43;2026-01-01;1;159271;OI S.A. - EM RECUPERAÇÃO JUDICIAL;Ações Ordinárias;;;OIBR3;;Bolsa;B3;B3 S.A. - Brasil, Bolsa, Balcão.;2012-04-09;;Nível 1 de Governança Corporativa;2012-04-09;
76.535.764/0001-43;2026-01-01;1;159271;OI S.A. - EM RECUPERAÇÃO JUDICIAL;Ações Preferenciais;;;OIBR4;;Bolsa;B3;B3 S.A. - Brasil, Bolsa, Balcão.;2012-04-09;;Nível 1 de Governança Corporativa;2012-04-09;
76.627.504/0001-06;2026-01-01;4;157860;INEPAR S.A. INDUSTRIA E CONSTRUCOES EM RECUPERACAO JUDICIAL;Ações Ordinárias;;;INEP3;;Bolsa;B3;B3 S.A. - Brasil, Bolsa, Balcão.;2016-08-24;;Básico;2000-01-01;
79.430.682/0001-22;2026-01-01;1;158623;FARMÁCIA E DROGARIA NISSEI S.A.;Debêntures;;;;;Balcão Não-Organizado;B3;B3 S.A. - Brasil, Bolsa, Balcão.;2022-07-18;;Básico;2022-07-15;
80.680.093/0001-81;2026-01-01;2;155640;Senior Sistemas S.A.;Valor Mobiliário Não Registrado;;;;;;;;;;;;
81.243.735/0001-48;2026-01-01;1;154850;POSITIVO TECNOLOGIA S.A.;Ações Ordinárias;;;POSI3;;Bolsa;B3;B3 S.A. - Brasil, Bolsa, Balcão.;2006-12-11;;Novo Mercado;2006-12-11;
81.616.807/0001-55;2026-01-01;1;158777;Granja Faria S.A.;Debêntures;;;;;Balcão Organizado;B3;B3 S.A. - Brasil, Bolsa, Balcão.;2020-12-04;;Básico;2020-12-04;
82.120.676/0001-83;2026-01-01;1;157131;ALMEIDA JUNIOR SHOPPING CENTERS S.A.;Ações Preferenciais;;;;;;;;;;;;
82.508.433/0001-17;2026-01-01;1;154604;CIA CATARINENSE DE AGUAS E SANEAM.-CASAN;Ações Ordinárias;;;CASN3;;Bolsa;B3;B3 S.A. - Brasil, Bolsa, Balcão.;1998-02-06;;Básico;1998-02-06;
82.508.433/0001-17;2026-01-01;1;154604;CIA CATARINENSE DE AGUAS E SANEAM.-CASAN;Ações Preferenciais;;;CASN4;;Bolsa;B3;B3 S.A. - Brasil, Bolsa, Balcão.;1998-02-06;;Básico;1998-02-06;
82.636.986/0001-55;2026-01-01;1;158689;TEKA-TECELAGEM KUEHNRICH S.A. - Em Recuperação Judicial;Ações Ordinárias;;;TEKA3;;Bolsa;B3;B3 S.A. - Brasil, Bolsa, Balcão.;1988-04-21;2025-03-24;Básico;1988-04-21;2025-03-21
82.636.986/0001-55;2026-01-01;1;158689;TEKA-TECELAGEM KUEHNRICH S.A. - Em Recuperação Judicial;Ações Preferenciais;;;TEKA4;;Bolsa;B3;B3 S.A. - Brasil, Bolsa, Balcão.;1988-04-21;2025-03-24;Básico;1988-04-21;2025-03-21
82.640.558/0001-04;2026-01-01;1;158024;KARSTEN S.A.;Ações Ordinárias;;;CTKA3;;Bolsa;B3;B3 S.A. - Brasil, Bolsa, Balcão.;1971-12-29;;Básico;1971-12-29;
82.640.558/0001-04;2026-01-01;1;158024;KARSTEN S.A.;Ações Preferenciais;;;CTKA4;;Bolsa;B3;B3 S.A. - Brasil, Bolsa, Balcão.;1971-12-29;;Básico;1971-12-29;
82.643.537/0001-34;2026-01-01;1;156498;ELECTRO ACO ALTONA S.A.;Ações Ordinárias;;;EALT3;;Bolsa;B3;B3 S.A. - Brasil, Bolsa, Balcão.;1974-04-20;;Nível 2 de Governança Corporativa;1974-04-20;
82.643.537/0001-34;2026-01-01;1;156498;ELECTRO ACO ALTONA S.A.;Ações Preferenciais;PNA;Preferencial Classe A;EALT4;;Bolsa;B3;B3 S.A. - Brasil, Bolsa, Balcão.;1974-04-20;;Nível 2 de Governança Corporativa;1974-04-20;
82.901.000/0001-27;2026-01-01;1;158313;Intelbras S.A. Ind. de Telecomunicação Eletrônica Brasileira;Ações Ordinárias;;;INTB3;;Bolsa;B3;B3 S.A. - Brasil, Bolsa, Balcão.;2021-02-04;;Novo Mercado;2021-02-04;
82.901.000/0001-27;2026-01-01;1;158313;Intelbras S.A. Ind. de Telecomunicação Eletrônica Brasileira;Debêntures;;;;;Balcão Organizado;B3;B3 S.A. - Brasil, Bolsa, Balcão.;2022-10-27;;Básico;2022-10-27;
82.981.929/0001-03;2026-01-01;1;154620;CIA INDUSTRIAL SCHLOSSER S.A.;Ações Ordinárias;;;SC303;;;;;;;;;
82.981.929/0001-03;2026-01-01;1;154620;CIA INDUSTRIAL SCHLOSSER S.A.;Ações Preferenciais;;;SCL04;;;;;;;;;
82.982.075/0001-80;2026-01-01;1;156818;TEXTIL RENAUXVIEW S.A.;Ações Ordinárias;;;TRXR3;;Bolsa;B3;B3 S.A. - Brasil, Bolsa, Balcão.;1969-08-11;;Básico;1969-08-11;
82.982.075/0001-80;2026-01-01;1;156818;TEXTIL RENAUXVIEW S.A.;Ações Preferenciais;;;TXRX4;;Bolsa;B3;B3 S.A. - Brasil, Bolsa, Balcão.;1969-08-11;;Básico;1969-08-11;
83.475.913/0001-91;2026-01-01;1;156708;PBG S/A;Ações Ordinárias;;;PTBL3;;Bolsa;B3;B3 S.A. - Brasil, Bolsa, Balcão.;2008-04-30;;Novo Mercado;2008-04-30;
83.878.892/0001-55;2026-01-01;1;158509;CENTRAIS ELET DE SANTA CATARINA S.A.;Ações Ordinárias;;;CLSC3;;Bolsa;B3;B3 S.A. - Brasil, Bolsa, Balcão.;2002-06-26;;Nível 2 de Governança Corporativa;1973-03-26;
83.878.892/0001-55;2026-01-01;1;158509;CENTRAIS ELET DE SANTA CATARINA S.A.;Ações Preferenciais;;;CLSC4;;Bolsa;B3;B3 S.A. - Brasil, Bolsa, Balcão.;2002-06-26;;Nível 2 de Governança Corporativa;1973-03-26;
84.429.695/0001-11;2026-01-01;1;158276;WEG S.A.;Ações Ordinárias;;;WEGE3;;Bolsa;B3;B3 S.A. - Brasil, Bolsa, Balcão.;2007-06-22;;Novo Mercado;2007-06-22;
84.683.374/0001-49;2026-01-01;2;160338;TUPY S.A.;Ações Ordinárias;;;TUPY3;;Bolsa;B3;B3 S.A. - Brasil, Bolsa, Balcão.;2013-10-30;;Novo Mercado;1966-07-01;
84.683.408/0001-03;2026-01-01;1;158237;DOHLER S.A.;Ações Ordinárias;;;DOHL3;;Bolsa;B3;B3 S.A. - Brasil, Bolsa, Balcão.;1973-12-26;;Básico;1973-12-26;
84.683.408/0001-03;2026-01-01;1;158237;DOHLER S.A.;Ações Preferenciais;;;DOHL4;;Bolsa;B3;B3 S.A. - Brasil, Bolsa, Balcão.;1973-12-26;;Básico;1973-12-26;
84.683.671/0001-94;2026-01-01;2;156819;WETZEL S.A.;Ações Ordinárias;;;MWET3;;Bolsa;B3;B3 S.A. - Brasil, Bolsa, Balcão.;1984-10-09;;Básico;1984-10-09;
84.683.671/0001-94;2026-01-01;2;156819;WETZEL S.A.;Ações Preferenciais;;;MWET4;;Bolsa;B3;B3 S.A. - Brasil, Bolsa, Balcão.;1984-10-09;;Básico;1984-10-09;
84.684.455/0001-63;2026-01-01;1;158450;Tigre S.A. Participações;Debêntures;;;;;Balcão Organizado;B3;B3 S.A. - Brasil, Bolsa, Balcão.;2021-11-05;2021-11-10;Básico;2021-11-05;2021-11-10
84.684.455/0001-63;2026-01-01;1;158450;Tigre S.A. Participações;Debêntures;;;;;Balcão Organizado;B3;B3 S.A. - Brasil, Bolsa, Balcão.;2024-11-01;2024-11-05;Básico;2024-11-01;2024-11-05
84.693.183/0001-68;2026-01-01;2;156308;SCHULZ S.A.;Ações Ordinárias;;;SHUL3;;Bolsa;B3;B3 S.A. - Brasil, Bolsa, Balcão.;1994-12-19;;Básico;1994-12-19;
84.693.183/0001-68;2026-01-01;2;156308;SCHULZ S.A.;Ações Preferenciais;PNU;Preferencial Classe U;SHUL4;;Bolsa;B3;B3 S.A. - Brasil, Bolsa, Balcão.;1994-12-19;;Básico;1994-12-19;
85.041.333/0001-11;2026-01-01;1;157875;PORTO PONTA DO FELIX S/A;Ações Ordinárias;;;0000;;Balcão Não-Organizado;;;;;;2025-01-01;
85.041.333/0001-11;2026-01-01;1;157875;PORTO PONTA DO FELIX S/A;Ações Preferenciais;;;00000;;Balcão Não-Organizado;;;;;;2025-01-01;
85.778.074/0001-06;2026-01-01;1;158367;METALURGICA RIOSULENSE S.A.;Ações Ordinárias;;;RSUL3;;Bolsa;B3;B3 S.A. - Brasil, Bolsa, Balcão.;1988-11-29;;Básico;1988-11-29;
85.778.074/0001-06;2026-01-01;1;158367;METALURGICA RIOSULENSE S.A.;Ações Preferenciais;PNA;Preferencial Classe A;RSUL4;;Bolsa;B3;B3 S.A. - Brasil, Bolsa, Balcão.;1988-11-29;;Básico;1988-11-29;
86.375.425/0001-09;2026-01-01;1;155518;METISA METALURGICA TIMBOENSE S.A.;Ações Ordinárias;;;MTSA3;;Bolsa;B3;B3 S.A. - Brasil, Bolsa, Balcão.;1971-05-18;;Básico;1971-05-18;
86.375.425/0001-09;2026-01-01;1;155518;METISA METALURGICA TIMBOENSE S.A.;Ações Preferenciais;;;MTSA4;;Bolsa;B3;B3 S.A. - Brasil, Bolsa, Balcão.;1971-05-18;;Básico;1971-05-18;
87.043.832/0001-73;2026-01-01;1;159019;SEIVA S.A. - FLORESTAS E INDÚSTRIAS;Ações Ordinárias;;;SEIVA;;Balcão Não-Organizado;;;;;;1981-12-11;
87.043.832/0001-73;2026-01-01;1;159019;SEIVA S.A. - FLORESTAS E INDÚSTRIAS;Ações Preferenciais;;;SEIVA;;Balcão Não-Organizado;;;;;;1981-12-11;
87.456.562/0001-22;2026-01-01;2;160602;JOSAPAR-JOAQUIM OLIVEIRA S.A. - PARTICIP;Ações Ordinárias;;;JOPA3;;Bolsa;B3;B3 S.A. - Brasil, Bolsa, Balcão.;1989-01-02;;Básico;1988-12-21;
87.456.562/0001-22;2026-01-01;2;160602;JOSAPAR-JOAQUIM OLIVEIRA S.A. - PARTICIP;Ações Preferenciais;;;JOPA4;;Bolsa;B3;B3 S.A. - Brasil, Bolsa, Balcão.;1989-01-02;;Básico;1988-12-21;
87.762.563/0001-03;2026-01-01;1;157889;CIA HABITASUL DE PARTICIPACOES;Ações Preferenciais;PNA;Preferencial Classe A;HBTS5;;Bolsa;B3;B3 S.A. - Brasil, Bolsa, Balcão.;1982-04-19;;Básico;1982-04-19;
87.870.952/0001-44;2026-01-01;1;158407;Borrachas Vipal S.A.;Ações Ordinárias;;;;;;;;;;;;
87.870.952/0001-44;2026-01-01;1;158407;Borrachas Vipal S.A.;Debêntures;;;;;Balcão Organizado;B3;B3 S.A. - Brasil, Bolsa, Balcão.;2025-09-22;;Básico;2025-09-22;
88.610.126/0001-29;2026-01-01;1;158178;FRASLE MOBILITY S.A.;Ações Ordinárias;;;FRAS3;;Bolsa;B3;B3 S.A. - Brasil, Bolsa, Balcão.;2010-01-01;;Nível 1 de Governança Corporativa;1977-07-20;
88.610.126/0001-29;2026-01-01;1;158178;FRASLE MOBILITY S.A.;Debêntures;;;;;Balcão Não-Organizado;B3;B3 S.A. - Brasil, Bolsa, Balcão.;2020-06-15;;Nível 1 de Governança Corporativa;2020-06-15;
88.610.191/0001-54;2026-01-01;1;155216;MUNDIAL S.A. - PRODUTOS DE CONSUMO;Ações Ordinárias;;;MNDL3;;Bolsa;B3;B3 S.A. - Brasil, Bolsa, Balcão.;1979-12-12;;Básico;1979-12-12;
88.611.835/0001-29;2026-01-01;1;154526;MARCOPOLO S.A.;Ações Ordinárias;;;POMO3;;Bolsa;B3;B3 S.A. - Brasil, Bolsa, Balcão.;2002-09-03;;Nível 2 de Governança Corporativa;1978-04-24;
88.611.835/0001-29;2026-01-01;1;154526;MARCOPOLO S.A.;Ações Preferenciais;;;POMO4;;Bolsa;B3;B3 S.A. - Brasil, Bolsa, Balcão.;2002-09-03;;Nível 2 de Governança Corporativa;1978-04-24;
89.086.144/0001-16;2026-01-01;1;158094;RANDONCORP S.A.;Ações Ordinárias;;;RAPT3;;Bolsa;B3;B3 S.A. - Brasil, Bolsa, Balcão.;2001-06-21;;Nível 1 de Governança Corporativa;1993-02-05;
89.086.144/0001-16;2026-01-01;1;158094;RANDONCORP S.A.;Debêntures;;;;;Balcão Não-Organizado;B3;B3 S.A. - Brasil, Bolsa, Balcão.;2022-11-09;;Nível 1 de Governança Corporativa;2022-11-09;
89.086.144/0001-16;2026-01-01;1;158094;RANDONCORP S.A.;Ações Preferenciais;PNA;Preferencial Classe A;RAPT4;;Bolsa;B3;B3 S.A. - Brasil, Bolsa, Balcão.;2001-06-21;;Nível 1 de Governança Corporativa;1993-02-05;
89.096.457/0001-55;2026-01-01;1;158294;SLC AGRICOLA S.A.;Ações Ordinárias;;;SLCE3;;Bolsa;B3;B3 S.A. - Brasil, Bolsa, Balcão.;2007-06-12;;Novo Mercado;2007-06-12;
89.463.822/0001-12;2026-01-01;1;155143;LUPATECH S.A;Ações Ordinárias;;;LUPA3;;Bolsa;B3;B3 S.A. - Brasil, Bolsa, Balcão.;2006-05-15;;Novo Mercado;2006-05-15;
89.637.490/0001-45;2026-01-01;1;155729;KLABIN S.A.;Units;;;KLBN11;1 KLBN3 + 4 KLBN4;Bolsa;B3;B3 S.A. - Brasil, Bolsa, Balcão.;2014-01-07;;Nível 2 de Governança Corporativa;2013-11-28;
89.723.993/0001-33;2026-01-01;1;158750;CONSTRUTORA SULTEPA S.A. - EM RECUPERAÇÃO JUDICIAL;Ações Ordinárias;;;;;;;;;;;;
89.850.341/0001-60;2026-01-01;2;157032;GRENDENE S.A.;Ações Ordinárias;;;GRND3;;Bolsa;B3;B3 S.A. - Brasil, Bolsa, Balcão.;2004-10-28;;Novo Mercado;2004-10-28;
90.076.886/0001-40;2026-01-01;1;158727;MINUPAR PARTICIPACOES S.A.;Ações Ordinárias;;;MNPR3;;Bolsa;B3;B3 S.A. - Brasil, Bolsa, Balcão.;1990-12-21;;Básico;1990-12-21;
90.400.888/0001-42;2026-01-01;1;156191;BCO SANTANDER (BRASIL) S.A.;Units;;;SANB11;1 ON + 1 PN;Bolsa;B3;B3 S.A. - Brasil, Bolsa, Balcão.;2014-10-31;;Básico;2009-10-07;
90.400.888/0001-42;2026-01-01;1;156191;BCO SANTANDER (BRASIL) S.A.;Ações Ordinárias;;;SANB3;;Bolsa;B3;B3 S.A. - Brasil, Bolsa, Balcão.;2009-10-07;;Básico;2009-10-07;
90.400.888/0001-42;2026-01-01;1;156191;BCO SANTANDER (BRASIL) S.A.;Ações Preferenciais;;;SANB4;;Bolsa;B3;B3 S.A. - Brasil, Bolsa, Balcão.;2009-10-07;;Básico;2009-10-07;
90.441.460/0001-48;2026-01-01;1;158199;UNICASA INDÚSTRIA DE MÓVEIS S.A.;Ações Ordinárias;;;UCAS3;;Bolsa;B3;B3 S.A. - Brasil, Bolsa, Balcão.;2012-04-27;;Novo Mercado;2012-04-27;
91.333.666/0001-17;2026-01-01;1;157782;RECRUSUL S.A.;Ações Ordinárias;;;RCSL3;;Bolsa;B3;B3 S.A. - Brasil, Bolsa, Balcão.;1985-12-20;;Básico;1985-12-20;
91.333.666/0001-17;2026-01-01;1;157782;RECRUSUL S.A.;Ações Preferenciais;;;RCSL4;;Bolsa;B3;B3 S.A. - Brasil, Bolsa, Balcão.;1985-12-20;;Básico;1985-12-20;
91.983.056/0001-69;2026-01-01;1;158248;KEPLER WEBER S.A.;Ações Ordinárias;;;KEPL3;;Bolsa;B3;B3 S.A. - Brasil, Bolsa, Balcão.;2023-07-26;;Novo Mercado;1980-12-15;
91.983.056/0001-69;2026-01-01;1;158248;KEPLER WEBER S.A.;Bônus de Subscrição;;;KEPL11;Bônus conversíveis em ações KEPL3;Bolsa;B3;B3 S.A. - Brasil, Bolsa, Balcão.;2014-10-10;2021-06-15;Básico;2014-10-10;2021-06-15
92.012.467/0001-70;2026-01-01;2;156878;GRAZZIOTIN S.A.;Ações Ordinárias;;;CGRA3;;Bolsa;B3;B3 S.A. - Brasil, Bolsa, Balcão.;1979-01-31;;Básico;1979-01-31;
92.012.467/0001-70;2026-01-01;2;156878;GRAZZIOTIN S.A.;Ações Preferenciais;;;CGRA4;;Bolsa;B3;B3 S.A. - Brasil, Bolsa, Balcão.;1979-01-31;;Básico;1979-01-31;
92.660.570/0001-26;2026-01-01;2;157832;TREVISA INVESTIMENTOS S.A.;Ações Ordinárias;;;8192;;Bolsa;B3;B3 S.A. - Brasil, Bolsa, Balcão.;1980-12-15;;Básico;1980-12-15;
92.660.570/0001-26;2026-01-01;2;157832;TREVISA INVESTIMENTOS S.A.;Ações Preferenciais;;;8192;;Bolsa;B3;B3 S.A. - Brasil, Bolsa, Balcão.;1980-12-15;;Básico;1980-12-15;
92.665.611/0001-77;2026-01-01;1;158873;DIMED S.A. DISTRIBUIDORA DE MEDICAMENTOS;Ações Ordinárias;;;PNVL3;;Bolsa;B3;B3 S.A. - Brasil, Bolsa, Balcão.;2021-09-24;;Novo Mercado;1977-07-20;
92.665.611/0001-77;2026-01-01;1;158873;DIMED S.A. DISTRIBUIDORA DE MEDICAMENTOS;Debêntures;;;;;Balcão Organizado;B3;B3 S.A. - Brasil, Bolsa, Balcão.;2017-10-06;;Básico;2017-10-06;
92.690.783/0001-09;2026-01-01;1;159017;METALURGICA GERDAU S.A.;Ações Ordinárias;;;GOAU3;;Bolsa;B3;B3 S.A. - Brasil, Bolsa, Balcão.;1968-05-17;;Nível 1 de Governança Corporativa;1968-05-17;
92.690.783/0001-09;2026-01-01;1;159017;METALURGICA GERDAU S.A.;Ações Preferenciais;;;GOAU4;;Bolsa;B3;B3 S.A. - Brasil, Bolsa, Balcão.;1968-05-17;;Nível 1 de Governança Corporativa;1968-05-17;
92.693.019/0001-89;2026-01-01;1;157257;PANATLANTICA S.A.;Ações Ordinárias;;;PATI3;;Bolsa;B3;B3 S.A. - Brasil, Bolsa, Balcão.;1971-12-29;;Básico;1971-12-29;
92.693.019/0001-89;2026-01-01;1;157257;PANATLANTICA S.A.;Ações Preferenciais;;;PATI4;;Bolsa;B3;B3 S.A. - Brasil, Bolsa, Balcão.;1971-12-29;;Básico;1971-12-29;
92.702.067/0001-96;2026-01-01;2;156166;BANCO DO ESTADO DO RIO GRANDE DO SUL SA;Ações Ordinárias;;;BRSR3;;Bolsa;B3;B3 S.A. - Brasil, Bolsa, Balcão.;2007-07-31;;Nível 1 de Governança Corporativa;1931-09-16;
92.702.067/0001-96;2026-01-01;2;156166;BANCO DO ESTADO DO RIO GRANDE DO SUL SA;Ações Preferenciais;PNB;Preferencial Classe B;BRSR6;;Bolsa;B3;B3 S.A. - Brasil, Bolsa, Balcão.;2007-07-31;;Nível 1 de Governança Corporativa;2007-07-31;
92.702.067/0001-96;2026-01-01;2;156166;BANCO DO ESTADO DO RIO GRANDE DO SUL SA;Ações Preferenciais;PNA;Preferencial Classe A;BRSR5;;Bolsa;B3;B3 S.A. - Brasil, Bolsa, Balcão.;2007-07-31;;Nível 1 de Governança Corporativa;2007-07-31;
92.715.812/0001-31;2026-01-01;1;157740;CPFL Transmissão S.A.;Debêntures;;;;;Balcão Organizado;B3;B3 S.A. - Brasil, Bolsa, Balcão.;2010-09-06;;Básico;1998-10-14;
92.749.225/0001-63;2026-01-01;1;155295;HERCULES S.A. FABRICA DE TALHERES;Ações Ordinárias;;;HETA3;;Bolsa;B3;B3 S.A. - Brasil, Bolsa, Balcão.;1968-11-01;;Básico;1968-11-01;
92.749.225/0001-63;2026-01-01;1;155295;HERCULES S.A. FABRICA DE TALHERES;Ações Preferenciais;PNA;Preferencial Classe A;HETA4;;Bolsa;B3;B3 S.A. - Brasil, Bolsa, Balcão.;1968-11-01;;Básico;1968-11-01;
92.754.738/0001-62;2026-01-01;1;156945;LOJAS RENNER S.A.;Ações Ordinárias;;;LREN3;;Bolsa;B3;B3 S.A. - Brasil, Bolsa, Balcão.;2005-07-01;;Novo Mercado;1988-04-07;
92.781.335/0001-02;2026-01-01;1;157357;TAURUS ARMAS S.A.;Ações Ordinárias;;;TASA3;;Bolsa;B3;B3 S.A. - Brasil, Bolsa, Balcão.;2011-07-08;;Nível 2 de Governança Corporativa;1982-03-02;
92.781.335/0001-02;2026-01-01;1;157357;TAURUS ARMAS S.A.;Ações Preferenciais;PNA;Preferencial Classe A;TASA4;;Bolsa;B3;B3 S.A. - Brasil, Bolsa, Balcão.;2011-07-08;;Nível 2 de Governança Corporativa;1982-03-02;
92.791.243/0001-03;2026-01-01;2;156623;IRANI PAPEL E EMBALAGEM S.A.;Ações Ordinárias;;;RANI3;;Bolsa;B3;B3 S.A. - Brasil, Bolsa, Balcão.;1977-07-20;;Novo Mercado;1977-07-20;
92.791.243/0001-03;2026-01-01;2;156623;IRANI PAPEL E EMBALAGEM S.A.;Debêntures;;;;;Balcão Organizado;B3;B3 S.A. - Brasil, Bolsa, Balcão.;2019-08-02;;Básico;2019-08-02;
92.802.784/0001-90;2026-01-01;2;156194;CIA RIOGRANDENSE DE SANEAMENTO;Debêntures;;;;;Balcão Organizado;B3;B3 S.A. - Brasil, Bolsa, Balcão.;2021-03-18;;Básico;2021-02-15;
93.828.986/0001-73;2026-01-01;2;159116;CEMEPE INVESTIMENTOS S.A.;Ações Ordinárias;;;713854;;Bolsa;B3;B3 S.A. - Brasil, Bolsa, Balcão.;1991-06-28;;Nível 1 de Governança Corporativa;1991-06-28;
93.828.986/0001-73;2026-01-01;2;159116;CEMEPE INVESTIMENTOS S.A.;Ações Preferenciais;PNA;Preferencial Classe A;713854;;Bolsa;B3;B3 S.A. - Brasil, Bolsa, Balcão.;1991-06-28;;Nível 1 de Governança Corporativa;1991-06-28;
94.813.102/0001-70;2026-01-01;1;158304;Três Tentos Agroindustrial S/A;Ações Ordinárias;;;TTEN3;;Bolsa;B3;B3 S.A. - Brasil, Bolsa, Balcão.;2021-07-12;;Novo Mercado;2021-07-12;
95.426.862/0001-97;2026-01-01;1;156547;EXCELSIOR ALIMENTOS S.A.;Ações Ordinárias;;;BAUH3;;Bolsa;B3;B3 S.A. - Brasil, Bolsa, Balcão.;1995-08-01;;Básico;1995-08-01;
95.426.862/0001-97;2026-01-01;1;156547;EXCELSIOR ALIMENTOS S.A.;Ações Preferenciais;PNA;Preferencial Classe A;BAUH4;;Bolsa;B3;B3 S.A. - Brasil, Bolsa, Balcão.;1995-08-01;;Básico;1995-08-01;
96.298.013/0001-68;2026-01-01;1;157780;PACAEMBU CONSTRUTORA S.A.;Ações Ordinárias;;;;;;;;;;;;
96.298.013/0001-68;2026-01-01;1;157780;PACAEMBU CONSTRUTORA S.A.;Nota Comercial;;;;;Balcão Organizado;B3;B3 S.A. - Brasil, Bolsa, Balcão.;2024-07-24;;Básico;2024-07-19;
96.298.013/0001-68;2026-01-01;1;157780;PACAEMBU CONSTRUTORA S.A.;Ações Preferenciais;;;;;;;;;;;;
96.418.264/0218-02;2026-01-01;1;158764;Lojas Quero Quero S.A.;Ações Ordinárias;;;LJQQ3;;Bolsa;B3;B3 S.A. - Brasil, Bolsa, Balcão.;2020-08-10;;Novo Mercado;2020-08-10;
96.418.264/0218-02;2026-01-01;1;158764;Lojas Quero Quero S.A.;Debêntures;;;;;Balcão Organizado;B3;B3 S.A. - Brasil, Bolsa, Balcão.;2019-12-16;;Básico;2019-12-16;
97.191.902/0001-94;2026-01-01;1;158001;CONSERVAS ODERICH S.A.;Ações Ordinárias;;;ODER3;;Bolsa;B3;B3 S.A. - Brasil, Bolsa, Balcão.;2000-04-19;;Básico;1971-09-08;
97.191.902/0001-94;2026-01-01;1;158001;CONSERVAS ODERICH S.A.;Ações Preferenciais;;;ODER4;;Bolsa;B3;B3 S.A. - Brasil, Bolsa, Balcão.;2000-04-19;;Básico;1971-09-08;
97.837.181/0001-47;2026-01-01;2;156619;DEXCO S.A.;Ações Ordinárias;;;DXCO3;;Bolsa;B3;B3 S.A. - Brasil, Bolsa, Balcão.;2007-09-21;;Novo Mercado;2007-09-21;
97.837.181/0001-47;2026-01-01;2;156619;DEXCO S.A.;Debêntures;;;;;Balcão Organizado;B3;B3 S.A. - Brasil, Bolsa, Balcão.;2019-08-16;;Básico;2019-05-17;
97.837.181/0001-47;2026-01-01;2;156619;DEXCO S.A.;Nota Comercial;;;;;Balcão Organizado;B3;B3 S.A. - Brasil, Bolsa, Balcão.;2022-06-30;;Básico;2022-03-31;
