CNPJ_CIA;DT_REFER;VERSAO;DENOM_CIA;CD_CVM;CATEG_DOC;ID_DOC;DT_RECEB;LINK_DOC
00.000.000/0001-91;2022-01-01;1;BCO BRASIL S.A.;001023;FCA;111417;2022-01-28;http://www.rad.cvm.gov.br/ENETCONSULTA/frmDownloadDocumento.aspx?CodigoInstituicao=1&NumeroSequencialDocumento=111417
00.000.000/0001-91;2022-01-01;2;BCO BRASIL S.A.;001023;FCA;112642;2022-03-17;http://www.rad.cvm.gov.br/ENETCONSULTA/frmDownloadDocumento.aspx?CodigoInstituicao=1&NumeroSequencialDocumento=112642
00.000.000/0001-91;2022-01-01;3;BCO BRASIL S.A.;001023;FCA;115295;2022-05-16;http://www.rad.cvm.gov.br/ENETCONSULTA/frmDownloadDocumento.aspx?CodigoInstituicao=1&NumeroSequencialDocumento=115295
00.000.000/0001-91;2022-01-01;4;BCO BRASIL S.A.;001023;FCA;122576;2022-12-13;http://www.rad.cvm.gov.br/ENETCONSULTA/frmDownloadDocumento.aspx?CodigoInstituicao=1&NumeroSequencialDocumento=122576
00.000.208/0001-00;2022-01-01;1;BRB BANCO DE BRASILIA S.A.;014206;FCA;113874;2022-04-20;http://www.rad.cvm.gov.br/ENETCONSULTA/frmDownloadDocumento.aspx?CodigoInstituicao=1&NumeroSequencialDocumento=113874
00.000.208/0001-00;2022-01-01;2;BRB BANCO DE BRASILIA S.A.;014206;FCA;121062;2022-10-19;http://www.rad.cvm.gov.br/ENETCONSULTA/frmDownloadDocumento.aspx?CodigoInstituicao=1&NumeroSequencialDocumento=121062
00.001.180/0001-26;2022-01-01;1;AXIA ENERGIA S.A.;002437;FCA;113748;2022-04-13;http://www.rad.cvm.gov.br/ENETCONSULTA/frmDownloadDocumento.aspx?CodigoInstituicao=1&NumeroSequencialDocumento=113748
00.001.180/0001-26;2022-01-01;2;AXIA ENERGIA S.A.;002437;FCA;113838;2022-04-19;http://www.rad.cvm.gov.br/ENETCONSULTA/frmDownloadDocumento.aspx?CodigoInstituicao=1&NumeroSequencialDocumento=113838
00.001.180/0001-26;2022-01-01;3;AXIA ENERGIA S.A.;002437;FCA;115531;2022-05-18;http://www.rad.cvm.gov.br/ENETCONSULTA/frmDownloadDocumento.aspx?CodigoInstituicao=1&NumeroSequencialDocumento=115531
00.001.180/0001-26;2022-01-01;4;AXIA ENERGIA S.A.;002437;FCA;118162;2022-06-28;http://www.rad.cvm.gov.br/ENETCONSULTA/frmDownloadDocumento.aspx?CodigoInstituicao=1&NumeroSequencialDocumento=118162
00.001.180/0001-26;2022-01-01;5;AXIA ENERGIA S.A.;002437;FCA;120739;2022-09-26;http://www.rad.cvm.gov.br/ENETCONSULTA/frmDownloadDocumento.aspx?CodigoInstituicao=1&NumeroSequencialDocumento=120739
00.001.180/0001-26;2022-01-01;6;AXIA ENERGIA S.A.;002437;FCA;121023;2022-10-17;http://www.rad.cvm.gov.br/ENETCONSULTA/frmDownloadDocumento.aspx?CodigoInstituicao=1&NumeroSequencialDocumento=121023
00.001.180/0001-26;2022-01-01;7;AXIA ENERGIA S.A.;002437;FCA;121860;2022-11-11;http://www.rad.cvm.gov.br/ENETCONSULTA/frmDownloadDocumento.aspx?CodigoInstituicao=1&NumeroSequencialDocumento=121860
00.001.180/0001-26;2022-01-01;8;AXIA ENERGIA S.A.;002437;FCA;122655;2022-12-20;http://www.rad.cvm.gov.br/ENETCONSULTA/frmDownloadDocumento.aspx?CodigoInstituicao=1&NumeroSequencialDocumento=122655
00.070.698/0001-11;2022-01-01;1;COMPANHIA ENERGÉTICA DE BRASÍLIA - CEB;014451;FCA;111358;2022-01-25;http://www.rad.cvm.gov.br/ENETCONSULTA/frmDownloadDocumento.aspx?CodigoInstituicao=1&NumeroSequencialDocumento=111358
00.070.698/0001-11;2022-01-01;2;COMPANHIA ENERGÉTICA DE BRASÍLIA - CEB;014451;FCA;111545;2022-02-04;http://www.rad.cvm.gov.br/ENETCONSULTA/frmDownloadDocumento.aspx?CodigoInstituicao=1&NumeroSequencialDocumento=111545
00.070.698/0001-11;2022-01-01;3;COMPANHIA ENERGÉTICA DE BRASÍLIA - CEB;014451;FCA;112253;2022-03-07;http://www.rad.cvm.gov.br/ENETCONSULTA/frmDownloadDocumento.aspx?CodigoInstituicao=1&NumeroSequencialDocumento=112253
00.070.698/0001-11;2022-01-01;4;COMPANHIA ENERGÉTICA DE BRASÍLIA - CEB;014451;FCA;112983;2022-03-25;http://www.rad.cvm.gov.br/ENETCONSULTA/frmDownloadDocumento.aspx?CodigoInstituicao=1&NumeroSequencialDocumento=112983
00.070.698/0001-11;2022-01-01;5;COMPANHIA ENERGÉTICA DE BRASÍLIA - CEB;014451;FCA;120544;2022-09-12;http://www.rad.cvm.gov.br/ENETCONSULTA/frmDownloadDocumento.aspx?CodigoInstituicao=1&NumeroSequencialDocumento=120544
00.070.698/0001-11;2022-01-01;6;COMPANHIA ENERGÉTICA DE BRASÍLIA - CEB;014451;FCA;120830;2022-10-03;http://www.rad.cvm.gov.br/ENETCONSULTA/frmDownloadDocumento.aspx?CodigoInstituicao=1&NumeroSequencialDocumento=120830
00.080.671/0001-00;2022-01-01;1;CARAMURU ALIMENTOS S.A.;026190;FCA;116615;2022-05-31;http://www.rad.cvm.gov.br/ENETCONSULTA/frmDownloadDocumento.aspx?CodigoInstituicao=1&NumeroSequencialDocumento=116615
00.185.475/0001-08;2022-01-01;1;PARCOM PARTICIPACOES S.A. - EM LIQUIDAÇÃO;014680;FCA;111829;2022-02-17;http://www.rad.cvm.gov.br/ENETCONSULTA/frmDownloadDocumento.aspx?CodigoInstituicao=1&NumeroSequencialDocumento=111829
00.192.769/0001-59;2022-01-01;1;NEUMARKT TRADE AND FINANCIAL CENTER S/A;014613;FCA;111365;2022-01-25;http://www.rad.cvm.gov.br/ENETCONSULTA/frmDownloadDocumento.aspx?CodigoInstituicao=1&NumeroSequencialDocumento=111365
00.192.769/0001-59;2022-01-01;2;NEUMARKT TRADE AND FINANCIAL CENTER S/A;014613;FCA;115549;2022-05-19;http://www.rad.cvm.gov.br/ENETCONSULTA/frmDownloadDocumento.aspx?CodigoInstituicao=1&NumeroSequencialDocumento=115549
00.194.724/0001-13;2022-01-01;1;AUREN OPERAÇÕES S.A.;026174;FCA;116190;2022-05-31;http://www.rad.cvm.gov.br/ENETCONSULTA/frmDownloadDocumento.aspx?CodigoInstituicao=1&NumeroSequencialDocumento=116190
00.242.184/0001-04;2022-01-01;1;ARMAC LOCAÇÃO, LOGÍSTICA E SERVIÇOS S.A.;026069;FCA;114772;2022-05-11;http://www.rad.cvm.gov.br/ENETCONSULTA/frmDownloadDocumento.aspx?CodigoInstituicao=1&NumeroSequencialDocumento=114772
00.242.184/0001-04;2022-01-01;2;ARMAC LOCAÇÃO, LOGÍSTICA E SERVIÇOS S.A.;026069;FCA;116200;2022-05-31;http://www.rad.cvm.gov.br/ENETCONSULTA/frmDownloadDocumento.aspx?CodigoInstituicao=1&NumeroSequencialDocumento=116200
00.249.786/0001-85;2022-01-01;1;FORPART S.A. - EM LIQUIDAÇÃO;014796;FCA;111826;2022-02-17;http://www.rad.cvm.gov.br/ENETCONSULTA/frmDownloadDocumento.aspx?CodigoInstituicao=1&NumeroSequencialDocumento=111826
00.272.185/0001-93;2022-01-01;1;CIMS S.A.;014818;FCA;116275;2022-05-31;http://www.rad.cvm.gov.br/ENETCONSULTA/frmDownloadDocumento.aspx?CodigoInstituicao=1&NumeroSequencialDocumento=116275
00.336.701/0001-04;2022-01-01;1;TELEC BRASILEIRAS S.A. TELEBRAS;011258;FCA;114019;2022-04-28;http://www.rad.cvm.gov.br/ENETCONSULTA/frmDownloadDocumento.aspx?CodigoInstituicao=1&NumeroSequencialDocumento=114019
00.359.742/0001-08;2022-01-01;1;FASA S.A. - EM RECUPERAÇÃO JUDICIAL;015423;FCA;112338;2022-03-09;http://www.rad.cvm.gov.br/ENETCONSULTA/frmDownloadDocumento.aspx?CodigoInstituicao=1&NumeroSequencialDocumento=112338
00.359.742/0001-08;2022-01-01;2;FASA S.A. - EM RECUPERAÇÃO JUDICIAL;015423;FCA;113890;2022-04-22;http://www.rad.cvm.gov.br/ENETCONSULTA/frmDownloadDocumento.aspx?CodigoInstituicao=1&NumeroSequencialDocumento=113890
00.383.281/0001-09;2022-01-01;1;BNDES PARTICIPACOES S.A. - BNDESPAR;016772;FCA;111687;2022-02-10;http://www.rad.cvm.gov.br/ENETCONSULTA/frmDownloadDocumento.aspx?CodigoInstituicao=1&NumeroSequencialDocumento=111687
00.389.481/0001-79;2022-01-01;1;LM TRANSPORTES INTERESTADUAIS SERVIÇOS E COMÉRCIO S.A.;024880;FCA;113002;2022-03-25;http://www.rad.cvm.gov.br/ENETCONSULTA/frmDownloadDocumento.aspx?CodigoInstituicao=1&NumeroSequencialDocumento=113002
00.389.481/0001-79;2022-01-01;2;LM TRANSPORTES INTERESTADUAIS SERVIÇOS E COMÉRCIO S.A.;024880;FCA;120551;2022-09-13;http://www.rad.cvm.gov.br/ENETCONSULTA/frmDownloadDocumento.aspx?CodigoInstituicao=1&NumeroSequencialDocumento=120551
00.416.968/0001-01;2022-01-01;1;BANCO INTER S.A.;024406;FCA;112152;2022-03-02;http://www.rad.cvm.gov.br/ENETCONSULTA/frmDownloadDocumento.aspx?CodigoInstituicao=1&NumeroSequencialDocumento=112152
00.545.378/0001-70;2022-01-01;1;SERRA AZUL WATER PARK SA;014966;FCA;114063;2022-04-29;http://www.rad.cvm.gov.br/ENETCONSULTA/frmDownloadDocumento.aspx?CodigoInstituicao=1&NumeroSequencialDocumento=114063
00.545.378/0001-70;2022-01-01;2;SERRA AZUL WATER PARK SA;014966;FCA;128996;2023-07-14;http://www.rad.cvm.gov.br/ENETCONSULTA/frmDownloadDocumento.aspx?CodigoInstituicao=1&NumeroSequencialDocumento=128996
00.622.416/0001-41;2022-01-01;1;STATKRAFT ENERGIAS RENOVAVEIS S.A.;022594;FCA;114731;2022-05-11;http://www.rad.cvm.gov.br/ENETCONSULTA/frmDownloadDocumento.aspx?CodigoInstituicao=1&NumeroSequencialDocumento=114731
00.644.907/0001-93;2022-01-01;1;INVESTCO S.A.;018589;FCA;112919;2022-03-24;http://www.rad.cvm.gov.br/ENETCONSULTA/frmDownloadDocumento.aspx?CodigoInstituicao=1&NumeroSequencialDocumento=112919
00.743.065/0001-27;2022-01-01;1;LITEL PARTICIPACOES S.A.;015091;FCA;112794;2022-03-22;http://www.rad.cvm.gov.br/ENETCONSULTA/frmDownloadDocumento.aspx?CodigoInstituicao=1&NumeroSequencialDocumento=112794
00.743.065/0001-27;2022-01-01;2;LITEL PARTICIPACOES S.A.;015091;FCA;114168;2022-05-03;http://www.rad.cvm.gov.br/ENETCONSULTA/frmDownloadDocumento.aspx?CodigoInstituicao=1&NumeroSequencialDocumento=114168
00.776.574/0001-56;2022-01-01;1;AMERICANAS S.A. - EM RECUPERAÇÃO JUDICIAL;020990;FCA;116503;2022-05-31;http://www.rad.cvm.gov.br/ENETCONSULTA/frmDownloadDocumento.aspx?CodigoInstituicao=1&NumeroSequencialDocumento=116503
00.776.574/0001-56;2022-01-01;2;AMERICANAS S.A. - EM RECUPERAÇÃO JUDICIAL;020990;FCA;118812;2022-07-28;http://www.rad.cvm.gov.br/ENETCONSULTA/frmDownloadDocumento.aspx?CodigoInstituicao=1&NumeroSequencialDocumento=118812
00.864.214/0001-06;2022-01-01;1;ENERGISA S.A.;015253;FCA;116320;2022-05-31;http://www.rad.cvm.gov.br/ENETCONSULTA/frmDownloadDocumento.aspx?CodigoInstituicao=1&NumeroSequencialDocumento=116320
00.864.214/0001-06;2022-01-01;2;ENERGISA S.A.;015253;FCA;120245;2022-08-25;http://www.rad.cvm.gov.br/ENETCONSULTA/frmDownloadDocumento.aspx?CodigoInstituicao=1&NumeroSequencialDocumento=120245
00.864.214/0001-06;2022-01-01;3;ENERGISA S.A.;015253;FCA;120455;2022-09-05;http://www.rad.cvm.gov.br/ENETCONSULTA/frmDownloadDocumento.aspx?CodigoInstituicao=1&NumeroSequencialDocumento=120455
00.897.864/0001-58;2022-01-01;1;SANTA CATARINA PART INVEST SA;015199;FCA;112990;2022-03-25;http://www.rad.cvm.gov.br/ENETCONSULTA/frmDownloadDocumento.aspx?CodigoInstituicao=1&NumeroSequencialDocumento=112990
00.924.429/0001-75;2022-01-01;1;FERROVIA CENTRO-ATLANTICA S.A.;015369;FCA;112214;2022-03-04;http://www.rad.cvm.gov.br/ENETCONSULTA/frmDownloadDocumento.aspx?CodigoInstituicao=1&NumeroSequencialDocumento=112214
00.924.429/0001-75;2022-01-01;2;FERROVIA CENTRO-ATLANTICA S.A.;015369;FCA;117041;2022-06-15;http://www.rad.cvm.gov.br/ENETCONSULTA/frmDownloadDocumento.aspx?CodigoInstituicao=1&NumeroSequencialDocumento=117041
00.938.574/0001-05;2022-01-01;1;CONC RIO-TERESOPOLIS S.A.;019208;FCA;116109;2022-05-31;http://www.rad.cvm.gov.br/ENETCONSULTA/frmDownloadDocumento.aspx?CodigoInstituicao=1&NumeroSequencialDocumento=116109
00.938.574/0001-05;2022-01-01;2;CONC RIO-TERESOPOLIS S.A.;019208;FCA;120769;2022-09-27;http://www.rad.cvm.gov.br/ENETCONSULTA/frmDownloadDocumento.aspx?CodigoInstituicao=1&NumeroSequencialDocumento=120769
00.938.574/0001-05;2022-01-01;3;CONC RIO-TERESOPOLIS S.A.;019208;FCA;120777;2022-09-28;http://www.rad.cvm.gov.br/ENETCONSULTA/frmDownloadDocumento.aspx?CodigoInstituicao=1&NumeroSequencialDocumento=120777
00.974.211/0001-25;2022-01-01;1;LINHA AMARELA S.A. - LAMSA;024937;FCA;112113;2022-02-25;http://www.rad.cvm.gov.br/ENETCONSULTA/frmDownloadDocumento.aspx?CodigoInstituicao=1&NumeroSequencialDocumento=112113
00.974.211/0001-25;2022-01-01;2;LINHA AMARELA S.A. - LAMSA;024937;FCA;114059;2022-04-29;http://www.rad.cvm.gov.br/ENETCONSULTA/frmDownloadDocumento.aspx?CodigoInstituicao=1&NumeroSequencialDocumento=114059
00.979.969/0001-56;2022-01-01;1;CAIXA ADM DIV PUB ESTADUAL SA;015717;FCA;113660;2022-04-11;http://www.rad.cvm.gov.br/ENETCONSULTA/frmDownloadDocumento.aspx?CodigoInstituicao=1&NumeroSequencialDocumento=113660
01.027.058/0001-91;2022-01-01;1;CIELO S.A. -  INSTITUIÇÃO DE PAGAMENTO;021733;FCA;111174;2022-01-10;http://www.rad.cvm.gov.br/ENETCONSULTA/frmDownloadDocumento.aspx?CodigoInstituicao=1&NumeroSequencialDocumento=111174
01.027.058/0001-91;2022-01-01;2;CIELO S.A. -  INSTITUIÇÃO DE PAGAMENTO;021733;FCA;115665;2022-05-23;http://www.rad.cvm.gov.br/ENETCONSULTA/frmDownloadDocumento.aspx?CodigoInstituicao=1&NumeroSequencialDocumento=115665
01.027.058/0001-91;2022-01-01;3;CIELO S.A. -  INSTITUIÇÃO DE PAGAMENTO;021733;FCA;120706;2022-09-22;http://www.rad.cvm.gov.br/ENETCONSULTA/frmDownloadDocumento.aspx?CodigoInstituicao=1&NumeroSequencialDocumento=120706
01.083.200/0001-18;2022-01-01;1;NEOENERGIA S.A.;015539;FCA;112386;2022-03-09;http://www.rad.cvm.gov.br/ENETCONSULTA/frmDownloadDocumento.aspx?CodigoInstituicao=1&NumeroSequencialDocumento=112386
01.104.937/0001-70;2022-01-01;1;ELETROBRÁS PARTICIPAÇÕES S.A. - ELETROPAR;015784;FCA;113735;2022-04-13;http://www.rad.cvm.gov.br/ENETCONSULTA/frmDownloadDocumento.aspx?CodigoInstituicao=1&NumeroSequencialDocumento=113735
01.104.937/0001-70;2022-01-01;2;ELETROBRÁS PARTICIPAÇÕES S.A. - ELETROPAR;015784;FCA;119706;2022-08-12;http://www.rad.cvm.gov.br/ENETCONSULTA/frmDownloadDocumento.aspx?CodigoInstituicao=1&NumeroSequencialDocumento=119706
01.107.327/0001-20;2022-01-01;1;BBM LOGÍSTICA S.A.;024660;FCA;116387;2022-05-31;http://www.rad.cvm.gov.br/ENETCONSULTA/frmDownloadDocumento.aspx?CodigoInstituicao=1&NumeroSequencialDocumento=116387
01.107.327/0001-20;2022-01-01;2;BBM LOGÍSTICA S.A.;024660;FCA;120152;2022-08-19;http://www.rad.cvm.gov.br/ENETCONSULTA/frmDownloadDocumento.aspx?CodigoInstituicao=1&NumeroSequencialDocumento=120152
01.107.327/0001-20;2022-01-01;3;BBM LOGÍSTICA S.A.;024660;FCA;120182;2022-08-22;http://www.rad.cvm.gov.br/ENETCONSULTA/frmDownloadDocumento.aspx?CodigoInstituicao=1&NumeroSequencialDocumento=120182
01.258.944/0001-26;2022-01-01;1;RUMO MALHA SUL S.A.;015709;FCA;111069;2022-01-03;http://www.rad.cvm.gov.br/ENETCONSULTA/frmDownloadDocumento.aspx?CodigoInstituicao=1&NumeroSequencialDocumento=111069
01.258.944/0001-26;2022-01-01;2;RUMO MALHA SUL S.A.;015709;FCA;112768;2022-03-21;http://www.rad.cvm.gov.br/ENETCONSULTA/frmDownloadDocumento.aspx?CodigoInstituicao=1&NumeroSequencialDocumento=112768
01.258.944/0001-26;2022-01-01;3;RUMO MALHA SUL S.A.;015709;FCA;116610;2022-05-31;http://www.rad.cvm.gov.br/ENETCONSULTA/frmDownloadDocumento.aspx?CodigoInstituicao=1&NumeroSequencialDocumento=116610
01.258.944/0001-26;2022-01-01;4;RUMO MALHA SUL S.A.;015709;FCA;119237;2022-08-04;http://www.rad.cvm.gov.br/ENETCONSULTA/frmDownloadDocumento.aspx?CodigoInstituicao=1&NumeroSequencialDocumento=119237
01.319.044/0001-41;2022-01-01;1;WTC AMAZONAS SUITE HOTEL S.A.;015741;FCA;113256;2022-03-30;http://www.rad.cvm.gov.br/ENETCONSULTA/frmDownloadDocumento.aspx?CodigoInstituicao=1&NumeroSequencialDocumento=113256
01.319.044/0001-41;2022-01-01;2;WTC AMAZONAS SUITE HOTEL S.A.;015741;FCA;114458;2022-05-06;http://www.rad.cvm.gov.br/ENETCONSULTA/frmDownloadDocumento.aspx?CodigoInstituicao=1&NumeroSequencialDocumento=114458
01.417.222/0001-77;2022-01-01;1;MRS LOGISTICA S.A.;017949;FCA;111622;2022-02-08;http://www.rad.cvm.gov.br/ENETCONSULTA/frmDownloadDocumento.aspx?CodigoInstituicao=1&NumeroSequencialDocumento=111622
01.417.222/0001-77;2022-01-01;2;MRS LOGISTICA S.A.;017949;FCA;112846;2022-03-23;http://www.rad.cvm.gov.br/ENETCONSULTA/frmDownloadDocumento.aspx?CodigoInstituicao=1&NumeroSequencialDocumento=112846
01.468.594/0001-22;2022-01-01;1;LG INFORMÁTICA S.A.;025666;FCA;111683;2022-02-10;http://www.rad.cvm.gov.br/ENETCONSULTA/frmDownloadDocumento.aspx?CodigoInstituicao=1&NumeroSequencialDocumento=111683
01.543.032/0001-04;2022-01-01;1;EQUATORIAL GOIÁS DISTRIBUIDORA DE ENERGIA S.A.;025577;FCA;113811;2022-04-18;http://www.rad.cvm.gov.br/ENETCONSULTA/frmDownloadDocumento.aspx?CodigoInstituicao=1&NumeroSequencialDocumento=113811
01.545.826/0001-07;2022-01-01;1;GAFISA S.A.;016101;FCA;116679;2022-05-31;http://www.rad.cvm.gov.br/ENETCONSULTA/frmDownloadDocumento.aspx?CodigoInstituicao=1&NumeroSequencialDocumento=116679
01.545.826/0001-07;2022-01-01;2;GAFISA S.A.;016101;FCA;120242;2022-08-25;http://www.rad.cvm.gov.br/ENETCONSULTA/frmDownloadDocumento.aspx?CodigoInstituicao=1&NumeroSequencialDocumento=120242
01.545.826/0001-07;2022-01-01;3;GAFISA S.A.;016101;FCA;120683;2022-09-21;http://www.rad.cvm.gov.br/ENETCONSULTA/frmDownloadDocumento.aspx?CodigoInstituicao=1&NumeroSequencialDocumento=120683
01.547.749/0001-16;2022-01-01;1;521 PARTICIPACOES S.A. - EM LIQUIDAÇÃO EXTRAJUDICIAL;016330;FCA;114185;2022-05-03;http://www.rad.cvm.gov.br/ENETCONSULTA/frmDownloadDocumento.aspx?CodigoInstituicao=1&NumeroSequencialDocumento=114185
01.548.981/0001-79;2022-01-01;1;INVESTIMENTOS BEMGE S.A.;006041;FCA;111204;2022-01-12;http://www.rad.cvm.gov.br/ENETCONSULTA/frmDownloadDocumento.aspx?CodigoInstituicao=1&NumeroSequencialDocumento=111204
01.548.981/0001-79;2022-01-01;2;INVESTIMENTOS BEMGE S.A.;006041;FCA;111536;2022-02-04;http://www.rad.cvm.gov.br/ENETCONSULTA/frmDownloadDocumento.aspx?CodigoInstituicao=1&NumeroSequencialDocumento=111536
01.548.981/0001-79;2022-01-01;3;INVESTIMENTOS BEMGE S.A.;006041;FCA;118606;2022-07-21;http://www.rad.cvm.gov.br/ENETCONSULTA/frmDownloadDocumento.aspx?CodigoInstituicao=1&NumeroSequencialDocumento=118606
01.599.101/0001-93;2022-01-01;1;SEQUOIA LOGÍSTICA E TRANSPORTES S.A.;025160;FCA;116252;2022-05-31;http://www.rad.cvm.gov.br/ENETCONSULTA/frmDownloadDocumento.aspx?CodigoInstituicao=1&NumeroSequencialDocumento=116252
01.616.929/0001-02;2022-01-01;1;SANEAMENTO DE GOIAS SA;019186;FCA;111328;2022-01-21;http://www.rad.cvm.gov.br/ENETCONSULTA/frmDownloadDocumento.aspx?CodigoInstituicao=1&NumeroSequencialDocumento=111328
01.838.723/0001-27;2022-01-01;1;BRF S.A.;016292;FCA;113816;2022-04-18;http://www.rad.cvm.gov.br/ENETCONSULTA/frmDownloadDocumento.aspx?CodigoInstituicao=1&NumeroSequencialDocumento=113816
01.851.771/0001-55;2022-01-01;1;524 PARTICIPACOES S.A.;016284;FCA;111824;2022-02-17;http://www.rad.cvm.gov.br/ENETCONSULTA/frmDownloadDocumento.aspx?CodigoInstituicao=1&NumeroSequencialDocumento=111824
01.851.771/0001-55;2022-01-01;2;524 PARTICIPACOES S.A.;016284;FCA;114435;2022-05-06;http://www.rad.cvm.gov.br/ENETCONSULTA/frmDownloadDocumento.aspx?CodigoInstituicao=1&NumeroSequencialDocumento=114435
01.896.779/0001-38;2022-01-01;1;CSU DIGITAL S.A.;020044;FCA;111332;2022-01-21;http://www.rad.cvm.gov.br/ENETCONSULTA/frmDownloadDocumento.aspx?CodigoInstituicao=1&NumeroSequencialDocumento=111332
01.896.779/0001-38;2022-01-01;2;CSU DIGITAL S.A.;020044;FCA;112269;2022-03-07;http://www.rad.cvm.gov.br/ENETCONSULTA/frmDownloadDocumento.aspx?CodigoInstituicao=1&NumeroSequencialDocumento=112269
01.896.779/0001-38;2022-01-01;3;CSU DIGITAL S.A.;020044;FCA;117109;2022-06-23;http://www.rad.cvm.gov.br/ENETCONSULTA/frmDownloadDocumento.aspx?CodigoInstituicao=1&NumeroSequencialDocumento=117109
01.896.779/0001-38;2022-01-01;4;CSU DIGITAL S.A.;020044;FCA;120488;2022-09-08;http://www.rad.cvm.gov.br/ENETCONSULTA/frmDownloadDocumento.aspx?CodigoInstituicao=1&NumeroSequencialDocumento=120488
01.896.779/0001-38;2022-01-01;5;CSU DIGITAL S.A.;020044;FCA;120619;2022-09-16;http://www.rad.cvm.gov.br/ENETCONSULTA/frmDownloadDocumento.aspx?CodigoInstituicao=1&NumeroSequencialDocumento=120619
01.917.818/0001-36;2022-01-01;1;LIGHT ENERGIA S.A.;023000;FCA;116662;2022-05-31;http://www.rad.cvm.gov.br/ENETCONSULTA/frmDownloadDocumento.aspx?CodigoInstituicao=1&NumeroSequencialDocumento=116662
01.917.818/0001-36;2022-01-01;2;LIGHT ENERGIA S.A.;023000;FCA;121264;2022-10-31;http://www.rad.cvm.gov.br/ENETCONSULTA/frmDownloadDocumento.aspx?CodigoInstituicao=1&NumeroSequencialDocumento=121264
01.938.783/0001-11;2022-01-01;1;CIA PARTICIPACOES ALIANCA DA BAHIA;018708;FCA;118248;2022-07-04;http://www.rad.cvm.gov.br/ENETCONSULTA/frmDownloadDocumento.aspx?CodigoInstituicao=1&NumeroSequencialDocumento=118248
01.938.783/0001-11;2022-01-01;2;CIA PARTICIPACOES ALIANCA DA BAHIA;018708;FCA;121121;2022-10-25;http://www.rad.cvm.gov.br/ENETCONSULTA/frmDownloadDocumento.aspx?CodigoInstituicao=1&NumeroSequencialDocumento=121121
01.957.772/0001-89;2022-01-01;1;SUL 116 PARTICIPAÇÕES S.A. - EM LIQUIDAÇÃO;016438;FCA;115771;2022-05-26;http://www.rad.cvm.gov.br/ENETCONSULTA/frmDownloadDocumento.aspx?CodigoInstituicao=1&NumeroSequencialDocumento=115771
01.968.293/0001-68;2022-01-01;1;ELETRORIVER S.A.;026891;FCA;113958;2022-04-26;http://www.rad.cvm.gov.br/ENETCONSULTA/frmDownloadDocumento.aspx?CodigoInstituicao=1&NumeroSequencialDocumento=113958
01.968.293/0001-68;2022-01-01;2;ELETRORIVER S.A.;026891;FCA;118523;2022-07-18;http://www.rad.cvm.gov.br/ENETCONSULTA/frmDownloadDocumento.aspx?CodigoInstituicao=1&NumeroSequencialDocumento=118523
01.989.044/0001-59;2022-01-01;1;WTC RIO EMPREEND. E PARTICIPAÇÕES S.A.;016551;FCA;113258;2022-03-30;http://www.rad.cvm.gov.br/ENETCONSULTA/frmDownloadDocumento.aspx?CodigoInstituicao=1&NumeroSequencialDocumento=113258
01.989.044/0001-59;2022-01-01;2;WTC RIO EMPREEND. E PARTICIPAÇÕES S.A.;016551;FCA;115081;2022-05-13;http://www.rad.cvm.gov.br/ENETCONSULTA/frmDownloadDocumento.aspx?CodigoInstituicao=1&NumeroSequencialDocumento=115081
02.016.440/0001-62;2022-01-01;1;RGE SUL DISTRIBUIDORA DE ENERGIA S.A.;016527;FCA;112258;2022-03-07;http://www.rad.cvm.gov.br/ENETCONSULTA/frmDownloadDocumento.aspx?CodigoInstituicao=1&NumeroSequencialDocumento=112258
02.016.440/0001-62;2022-01-01;2;RGE SUL DISTRIBUIDORA DE ENERGIA S.A.;016527;FCA;113771;2022-04-14;http://www.rad.cvm.gov.br/ENETCONSULTA/frmDownloadDocumento.aspx?CodigoInstituicao=1&NumeroSequencialDocumento=113771
02.016.440/0001-62;2022-01-01;3;RGE SUL DISTRIBUIDORA DE ENERGIA S.A.;016527;FCA;114061;2022-04-29;http://www.rad.cvm.gov.br/ENETCONSULTA/frmDownloadDocumento.aspx?CodigoInstituicao=1&NumeroSequencialDocumento=114061
02.016.440/0001-62;2022-01-01;4;RGE SUL DISTRIBUIDORA DE ENERGIA S.A.;016527;FCA;122818;2022-12-29;http://www.rad.cvm.gov.br/ENETCONSULTA/frmDownloadDocumento.aspx?CodigoInstituicao=1&NumeroSequencialDocumento=122818
02.041.460/0001-93;2022-01-01;1;V. TAL - REDE NEUTRA DE TELECOMUNICAÇÕES S.A.;027022;FCA;120313;2022-08-29;http://www.rad.cvm.gov.br/ENETCONSULTA/frmDownloadDocumento.aspx?CodigoInstituicao=1&NumeroSequencialDocumento=120313
02.041.460/0001-93;2022-01-01;2;V. TAL - REDE NEUTRA DE TELECOMUNICAÇÕES S.A.;027022;FCA;122183;2022-11-16;http://www.rad.cvm.gov.br/ENETCONSULTA/frmDownloadDocumento.aspx?CodigoInstituicao=1&NumeroSequencialDocumento=122183
02.062.747/0001-08;2022-01-01;1;SUDESTE S.A.;016586;FCA;111828;2022-02-17;http://www.rad.cvm.gov.br/ENETCONSULTA/frmDownloadDocumento.aspx?CodigoInstituicao=1&NumeroSequencialDocumento=111828
02.062.747/0001-08;2022-01-01;2;SUDESTE S.A.;016586;FCA;114443;2022-05-06;http://www.rad.cvm.gov.br/ENETCONSULTA/frmDownloadDocumento.aspx?CodigoInstituicao=1&NumeroSequencialDocumento=114443
02.105.040/0001-23;2022-01-01;1;VIRGO II COMPANHIA DE SECURITIZACAO;018287;FCA;114702;2022-05-10;http://www.rad.cvm.gov.br/ENETCONSULTA/frmDownloadDocumento.aspx?CodigoInstituicao=1&NumeroSequencialDocumento=114702
02.117.801/0001-67;2022-01-01;1;BONAIRE PARTICIPACOES S.A. - EM LIQUIDAÇÃO;016560;FCA;116823;2022-06-03;http://www.rad.cvm.gov.br/ENETCONSULTA/frmDownloadDocumento.aspx?CodigoInstituicao=1&NumeroSequencialDocumento=116823
02.117.801/0001-67;2022-01-01;2;BONAIRE PARTICIPACOES S.A. - EM LIQUIDAÇÃO;016560;FCA;122684;2022-12-21;http://www.rad.cvm.gov.br/ENETCONSULTA/frmDownloadDocumento.aspx?CodigoInstituicao=1&NumeroSequencialDocumento=122684
02.149.205/0001-69;2022-01-01;1;PORTO SEGURO S.A.;016659;FCA;111266;2022-01-17;http://www.rad.cvm.gov.br/ENETCONSULTA/frmDownloadDocumento.aspx?CodigoInstituicao=1&NumeroSequencialDocumento=111266
02.149.205/0001-69;2022-01-01;2;PORTO SEGURO S.A.;016659;FCA;112089;2022-02-25;http://www.rad.cvm.gov.br/ENETCONSULTA/frmDownloadDocumento.aspx?CodigoInstituicao=1&NumeroSequencialDocumento=112089
02.162.616/0001-94;2022-01-01;1;UPTICK PARTICIPACOES S.A. - EM LIQUIDAÇÃO;016624;FCA;112795;2022-03-22;http://www.rad.cvm.gov.br/ENETCONSULTA/frmDownloadDocumento.aspx?CodigoInstituicao=1&NumeroSequencialDocumento=112795
02.162.616/0001-94;2022-01-01;2;UPTICK PARTICIPACOES S.A. - EM LIQUIDAÇÃO;016624;FCA;114181;2022-05-03;http://www.rad.cvm.gov.br/ENETCONSULTA/frmDownloadDocumento.aspx?CodigoInstituicao=1&NumeroSequencialDocumento=114181
02.162.616/0001-94;2022-01-01;3;UPTICK PARTICIPACOES S.A. - EM LIQUIDAÇÃO;016624;FCA;118308;2022-07-06;http://www.rad.cvm.gov.br/ENETCONSULTA/frmDownloadDocumento.aspx?CodigoInstituicao=1&NumeroSequencialDocumento=118308
02.193.750/0001-52;2022-01-01;1;DEXXOS PARTICIPAÇÕES S.A.;016632;FCA;116400;2022-05-31;http://www.rad.cvm.gov.br/ENETCONSULTA/frmDownloadDocumento.aspx?CodigoInstituicao=1&NumeroSequencialDocumento=116400
02.201.787/0001-85;2022-01-01;1;CEL PARTICIPAÇÕES S.A. - CELPAR;016675;FCA;115846;2022-05-27;http://www.rad.cvm.gov.br/ENETCONSULTA/frmDownloadDocumento.aspx?CodigoInstituicao=1&NumeroSequencialDocumento=115846
02.217.319/0001-07;2022-01-01;1;YBYRÁ CAPITAL S.A.;016705;FCA;118363;2022-07-08;http://www.rad.cvm.gov.br/ENETCONSULTA/frmDownloadDocumento.aspx?CodigoInstituicao=1&NumeroSequencialDocumento=118363
02.255.187/0001-08;2022-01-01;1;UNIFIQUE TELECOMUNICAÇÕES S.A.;026050;FCA;115935;2022-05-30;http://www.rad.cvm.gov.br/ENETCONSULTA/frmDownloadDocumento.aspx?CodigoInstituicao=1&NumeroSequencialDocumento=115935
02.255.187/0001-08;2022-01-01;2;UNIFIQUE TELECOMUNICAÇÕES S.A.;026050;FCA;120820;2022-10-03;http://www.rad.cvm.gov.br/ENETCONSULTA/frmDownloadDocumento.aspx?CodigoInstituicao=1&NumeroSequencialDocumento=120820
02.258.422/0001-97;2022-01-01;1;INEPAR EQUIPAMENTOS E MONTAGENS S/A - EM RECUPERACAO JUDICIA;017868;FCA;115586;2022-05-20;http://www.rad.cvm.gov.br/ENETCONSULTA/frmDownloadDocumento.aspx?CodigoInstituicao=1&NumeroSequencialDocumento=115586
02.258.422/0001-97;2022-01-01;2;INEPAR EQUIPAMENTOS E MONTAGENS S/A - EM RECUPERACAO JUDICIA;017868;FCA;116103;2022-05-31;http://www.rad.cvm.gov.br/ENETCONSULTA/frmDownloadDocumento.aspx?CodigoInstituicao=1&NumeroSequencialDocumento=116103
02.281.836/0001-37;2022-01-01;1;TRANSNORDESTINA LOGISTICA SA;020443;FCA;116151;2022-05-31;http://www.rad.cvm.gov.br/ENETCONSULTA/frmDownloadDocumento.aspx?CodigoInstituicao=1&NumeroSequencialDocumento=116151
02.281.836/0001-37;2022-01-01;2;TRANSNORDESTINA LOGISTICA SA;020443;FCA;118773;2022-07-28;http://www.rad.cvm.gov.br/ENETCONSULTA/frmDownloadDocumento.aspx?CodigoInstituicao=1&NumeroSequencialDocumento=118773
02.286.479/0001-08;2022-01-01;1;LOCALIZA FLEET S.A.;024813;FCA;114782;2022-05-11;http://www.rad.cvm.gov.br/ENETCONSULTA/frmDownloadDocumento.aspx?CodigoInstituicao=1&NumeroSequencialDocumento=114782
02.291.077/0001-93;2022-01-01;1;PRODUTORES ENERGET.DE MANSO S.A.- PROMAN;019232;FCA;112257;2022-03-07;http://www.rad.cvm.gov.br/ENETCONSULTA/frmDownloadDocumento.aspx?CodigoInstituicao=1&NumeroSequencialDocumento=112257
02.291.077/0001-93;2022-01-01;2;PRODUTORES ENERGET.DE MANSO S.A.- PROMAN;019232;FCA;114111;2022-05-02;http://www.rad.cvm.gov.br/ENETCONSULTA/frmDownloadDocumento.aspx?CodigoInstituicao=1&NumeroSequencialDocumento=114111
02.302.100/0001-06;2022-01-01;1;EDP SÃO PAULO DISTRIBUIÇÃO DE ENERGIA S.A.;016985;FCA;112916;2022-03-24;http://www.rad.cvm.gov.br/ENETCONSULTA/frmDownloadDocumento.aspx?CodigoInstituicao=1&NumeroSequencialDocumento=112916
02.302.100/0001-06;2022-01-01;2;EDP SÃO PAULO DISTRIBUIÇÃO DE ENERGIA S.A.;016985;FCA;120343;2022-08-31;http://www.rad.cvm.gov.br/ENETCONSULTA/frmDownloadDocumento.aspx?CodigoInstituicao=1&NumeroSequencialDocumento=120343
02.302.101/0001-42;2022-01-01;1;EMAE - EMPRESA METROP. DE AGUAS E ENERGIA S.A.;016993;FCA;114112;2022-05-02;http://www.rad.cvm.gov.br/ENETCONSULTA/frmDownloadDocumento.aspx?CodigoInstituicao=1&NumeroSequencialDocumento=114112
02.302.101/0001-42;2022-01-01;2;EMAE - EMPRESA METROP. DE AGUAS E ENERGIA S.A.;016993;FCA;118640;2022-07-25;http://www.rad.cvm.gov.br/ENETCONSULTA/frmDownloadDocumento.aspx?CodigoInstituicao=1&NumeroSequencialDocumento=118640
02.328.280/0001-97;2022-01-01;1;ELEKTRO REDES S.A.;017485;FCA;112385;2022-03-09;http://www.rad.cvm.gov.br/ENETCONSULTA/frmDownloadDocumento.aspx?CodigoInstituicao=1&NumeroSequencialDocumento=112385
02.338.534/0001-58;2022-01-01;1;LONGDIS S.A.;017434;FCA;114355;2022-05-05;http://www.rad.cvm.gov.br/ENETCONSULTA/frmDownloadDocumento.aspx?CodigoInstituicao=1&NumeroSequencialDocumento=114355
02.338.534/0001-58;2022-01-01;2;LONGDIS S.A.;017434;FCA;116439;2022-05-31;http://www.rad.cvm.gov.br/ENETCONSULTA/frmDownloadDocumento.aspx?CodigoInstituicao=1&NumeroSequencialDocumento=116439
02.338.534/0001-58;2022-01-01;3;LONGDIS S.A.;017434;FCA;122839;2022-12-29;http://www.rad.cvm.gov.br/ENETCONSULTA/frmDownloadDocumento.aspx?CodigoInstituicao=1&NumeroSequencialDocumento=122839
02.351.144/0001-18;2022-01-01;1;TEGMA GESTAO LOGISTICA S.A.;020800;FCA;112246;2022-03-06;http://www.rad.cvm.gov.br/ENETCONSULTA/frmDownloadDocumento.aspx?CodigoInstituicao=1&NumeroSequencialDocumento=112246
02.351.144/0001-18;2022-01-01;2;TEGMA GESTAO LOGISTICA S.A.;020800;FCA;120468;2022-09-06;http://www.rad.cvm.gov.br/ENETCONSULTA/frmDownloadDocumento.aspx?CodigoInstituicao=1&NumeroSequencialDocumento=120468
02.351.877/0001-52;2022-01-01;1;LWSA S/A;024910;FCA;111216;2022-01-12;http://www.rad.cvm.gov.br/ENETCONSULTA/frmDownloadDocumento.aspx?CodigoInstituicao=1&NumeroSequencialDocumento=111216
02.351.877/0001-52;2022-01-01;2;LWSA S/A;024910;FCA;112093;2022-02-25;http://www.rad.cvm.gov.br/ENETCONSULTA/frmDownloadDocumento.aspx?CodigoInstituicao=1&NumeroSequencialDocumento=112093
02.357.251/0001-53;2022-01-01;1;LIFEMED INDUSTRIAL DE EQUIP. E ART. MEDICOS E HOSP. S.A;024872;FCA;114799;2022-05-11;http://www.rad.cvm.gov.br/ENETCONSULTA/frmDownloadDocumento.aspx?CodigoInstituicao=1&NumeroSequencialDocumento=114799
02.365.069/0001-44;2022-01-01;1;PADTEC HOLDING S.A.;018414;FCA;112427;2022-03-10;http://www.rad.cvm.gov.br/ENETCONSULTA/frmDownloadDocumento.aspx?CodigoInstituicao=1&NumeroSequencialDocumento=112427
02.365.069/0001-44;2022-01-01;2;PADTEC HOLDING S.A.;018414;FCA;120571;2022-09-14;http://www.rad.cvm.gov.br/ENETCONSULTA/frmDownloadDocumento.aspx?CodigoInstituicao=1&NumeroSequencialDocumento=120571
02.365.069/0001-44;2022-01-01;3;PADTEC HOLDING S.A.;018414;FCA;120833;2022-10-03;http://www.rad.cvm.gov.br/ENETCONSULTA/frmDownloadDocumento.aspx?CodigoInstituicao=1&NumeroSequencialDocumento=120833
02.382.073/0001-10;2022-01-01;1;PROLAGOS S/A - CONC.DE SERVICOS PÚBLICOS DE ÁGUA E ESGOTO;023469;FCA;112087;2022-02-25;http://www.rad.cvm.gov.br/ENETCONSULTA/frmDownloadDocumento.aspx?CodigoInstituicao=1&NumeroSequencialDocumento=112087
02.387.241/0001-60;2022-01-01;1;RUMO S.A.;017450;FCA;111065;2022-01-03;http://www.rad.cvm.gov.br/ENETCONSULTA/frmDownloadDocumento.aspx?CodigoInstituicao=1&NumeroSequencialDocumento=111065
02.387.241/0001-60;2022-01-01;2;RUMO S.A.;017450;FCA;112730;2022-03-18;http://www.rad.cvm.gov.br/ENETCONSULTA/frmDownloadDocumento.aspx?CodigoInstituicao=1&NumeroSequencialDocumento=112730
02.387.241/0001-60;2022-01-01;3;RUMO S.A.;017450;FCA;116602;2022-05-31;http://www.rad.cvm.gov.br/ENETCONSULTA/frmDownloadDocumento.aspx?CodigoInstituicao=1&NumeroSequencialDocumento=116602
02.397.080/0001-96;2022-01-01;1;ITAPEBI GERACAO DE ENERGIA S.A.;019364;FCA;112382;2022-03-09;http://www.rad.cvm.gov.br/ENETCONSULTA/frmDownloadDocumento.aspx?CodigoInstituicao=1&NumeroSequencialDocumento=112382
02.397.080/0001-96;2022-01-01;2;ITAPEBI GERACAO DE ENERGIA S.A.;019364;FCA;113937;2022-04-26;http://www.rad.cvm.gov.br/ENETCONSULTA/frmDownloadDocumento.aspx?CodigoInstituicao=1&NumeroSequencialDocumento=113937
02.415.408/0001-50;2022-01-01;1;CONC ROD.OESTE SP VIAOESTE S.A;021024;FCA;113499;2022-04-04;http://www.rad.cvm.gov.br/ENETCONSULTA/frmDownloadDocumento.aspx?CodigoInstituicao=1&NumeroSequencialDocumento=113499
02.415.408/0001-50;2022-01-01;2;CONC ROD.OESTE SP VIAOESTE S.A;021024;FCA;114557;2022-05-09;http://www.rad.cvm.gov.br/ENETCONSULTA/frmDownloadDocumento.aspx?CodigoInstituicao=1&NumeroSequencialDocumento=114557
02.415.408/0001-50;2022-01-01;3;CONC ROD.OESTE SP VIAOESTE S.A;021024;FCA;120490;2022-09-08;http://www.rad.cvm.gov.br/ENETCONSULTA/frmDownloadDocumento.aspx?CodigoInstituicao=1&NumeroSequencialDocumento=120490
02.421.421/0001-11;2022-01-01;1;TIM S.A.;024929;FCA;116483;2022-05-31;http://www.rad.cvm.gov.br/ENETCONSULTA/frmDownloadDocumento.aspx?CodigoInstituicao=1&NumeroSequencialDocumento=116483
02.421.421/0001-11;2022-01-01;2;TIM S.A.;024929;FCA;118999;2022-07-29;http://www.rad.cvm.gov.br/ENETCONSULTA/frmDownloadDocumento.aspx?CodigoInstituicao=1&NumeroSequencialDocumento=118999
02.429.144/0001-93;2022-01-01;1;CPFL ENERGIA S.A.;018660;FCA;113772;2022-04-14;http://www.rad.cvm.gov.br/ENETCONSULTA/frmDownloadDocumento.aspx?CodigoInstituicao=1&NumeroSequencialDocumento=113772
02.429.144/0001-93;2022-01-01;2;CPFL ENERGIA S.A.;018660;FCA;113906;2022-04-25;http://www.rad.cvm.gov.br/ENETCONSULTA/frmDownloadDocumento.aspx?CodigoInstituicao=1&NumeroSequencialDocumento=113906
02.429.144/0001-93;2022-01-01;3;CPFL ENERGIA S.A.;018660;FCA;122814;2022-12-29;http://www.rad.cvm.gov.br/ENETCONSULTA/frmDownloadDocumento.aspx?CodigoInstituicao=1&NumeroSequencialDocumento=122814
02.451.848/0001-62;2022-01-01;1;CONC SIST ANHANG-BANDEIRANT S.A. AUTOBAN;020192;FCA;115557;2022-05-19;http://www.rad.cvm.gov.br/ENETCONSULTA/frmDownloadDocumento.aspx?CodigoInstituicao=1&NumeroSequencialDocumento=115557
02.451.848/0001-62;2022-01-01;2;CONC SIST ANHANG-BANDEIRANT S.A. AUTOBAN;020192;FCA;120126;2022-08-19;http://www.rad.cvm.gov.br/ENETCONSULTA/frmDownloadDocumento.aspx?CodigoInstituicao=1&NumeroSequencialDocumento=120126
02.451.848/0001-62;2022-01-01;3;CONC SIST ANHANG-BANDEIRANT S.A. AUTOBAN;020192;FCA;120131;2022-08-19;http://www.rad.cvm.gov.br/ENETCONSULTA/frmDownloadDocumento.aspx?CodigoInstituicao=1&NumeroSequencialDocumento=120131
02.465.783/0001-04;2022-01-01;1;FUTURETEL S.A. - EM LIQUIDAÇÃO;017388;FCA;113567;2022-04-06;http://www.rad.cvm.gov.br/ENETCONSULTA/frmDownloadDocumento.aspx?CodigoInstituicao=1&NumeroSequencialDocumento=113567
02.465.783/0001-04;2022-01-01;2;FUTURETEL S.A. - EM LIQUIDAÇÃO;017388;FCA;114021;2022-04-28;http://www.rad.cvm.gov.br/ENETCONSULTA/frmDownloadDocumento.aspx?CodigoInstituicao=1&NumeroSequencialDocumento=114021
02.474.103/0001-19;2022-01-01;1;ENGIE BRASIL ENERGIA S.A.;017329;FCA;111460;2022-02-01;http://www.rad.cvm.gov.br/ENETCONSULTA/frmDownloadDocumento.aspx?CodigoInstituicao=1&NumeroSequencialDocumento=111460
02.474.103/0001-19;2022-01-01;2;ENGIE BRASIL ENERGIA S.A.;017329;FCA;112097;2022-02-25;http://www.rad.cvm.gov.br/ENETCONSULTA/frmDownloadDocumento.aspx?CodigoInstituicao=1&NumeroSequencialDocumento=112097
02.474.103/0001-19;2022-01-01;3;ENGIE BRASIL ENERGIA S.A.;017329;FCA;114235;2022-05-04;http://www.rad.cvm.gov.br/ENETCONSULTA/frmDownloadDocumento.aspx?CodigoInstituicao=1&NumeroSequencialDocumento=114235
02.502.844/0001-66;2022-01-01;1;RUMO MALHA PAULISTA S.A.;017930;FCA;111068;2022-01-03;http://www.rad.cvm.gov.br/ENETCONSULTA/frmDownloadDocumento.aspx?CodigoInstituicao=1&NumeroSequencialDocumento=111068
02.502.844/0001-66;2022-01-01;2;RUMO MALHA PAULISTA S.A.;017930;FCA;112732;2022-03-18;http://www.rad.cvm.gov.br/ENETCONSULTA/frmDownloadDocumento.aspx?CodigoInstituicao=1&NumeroSequencialDocumento=112732
02.502.844/0001-66;2022-01-01;3;RUMO MALHA PAULISTA S.A.;017930;FCA;116609;2022-05-31;http://www.rad.cvm.gov.br/ENETCONSULTA/frmDownloadDocumento.aspx?CodigoInstituicao=1&NumeroSequencialDocumento=116609
02.509.186/0001-34;2022-01-01;1;TRIÂNGULO DO SOL AUTO-ESTRADAS S.A.;023060;FCA;115769;2022-05-26;http://www.rad.cvm.gov.br/ENETCONSULTA/frmDownloadDocumento.aspx?CodigoInstituicao=1&NumeroSequencialDocumento=115769
02.509.491/0001-26;2022-01-01;1;CONC ECOVIAS IMIGRANTES S.A.;020397;FCA;115984;2022-05-30;http://www.rad.cvm.gov.br/ENETCONSULTA/frmDownloadDocumento.aspx?CodigoInstituicao=1&NumeroSequencialDocumento=115984
02.558.157/0001-62;2022-01-01;1;TELEFÔNICA BRASIL S.A;017671;FCA;118227;2022-07-01;http://www.rad.cvm.gov.br/ENETCONSULTA/frmDownloadDocumento.aspx?CodigoInstituicao=1&NumeroSequencialDocumento=118227
02.591.787/0001-39;2022-01-01;1;CAPITALPART PARTICIPACOES S.A.;017493;FCA;114357;2022-05-05;http://www.rad.cvm.gov.br/ENETCONSULTA/frmDownloadDocumento.aspx?CodigoInstituicao=1&NumeroSequencialDocumento=114357
02.591.787/0001-39;2022-01-01;2;CAPITALPART PARTICIPACOES S.A.;017493;FCA;116412;2022-05-31;http://www.rad.cvm.gov.br/ENETCONSULTA/frmDownloadDocumento.aspx?CodigoInstituicao=1&NumeroSequencialDocumento=116412
02.600.854/0001-34;2022-01-01;1;TIM BRASIL SERVIÇOS E PARTICIPAÇÕES S.A.;027090;FCA;122391;2022-11-29;http://www.rad.cvm.gov.br/ENETCONSULTA/frmDownloadDocumento.aspx?CodigoInstituicao=1&NumeroSequencialDocumento=122391
02.635.522/0001-95;2022-01-01;1;JALLES MACHADO S.A.;025496;FCA;108424;2021-09-02;http://www.rad.cvm.gov.br/ENETCONSULTA/frmDownloadDocumento.aspx?CodigoInstituicao=1&NumeroSequencialDocumento=108424
02.635.522/0001-95;2022-01-01;2;JALLES MACHADO S.A.;025496;FCA;113607;2022-04-08;http://www.rad.cvm.gov.br/ENETCONSULTA/frmDownloadDocumento.aspx?CodigoInstituicao=1&NumeroSequencialDocumento=113607
02.635.522/0001-95;2022-01-01;3;JALLES MACHADO S.A.;025496;FCA;119172;2022-08-02;http://www.rad.cvm.gov.br/ENETCONSULTA/frmDownloadDocumento.aspx?CodigoInstituicao=1&NumeroSequencialDocumento=119172
02.643.896/0001-52;2022-01-01;1;REAL AI PIC SEC DE CREDITOS IMOBILIARIO S.A.;018430;FCA;113786;2022-04-14;http://www.rad.cvm.gov.br/ENETCONSULTA/frmDownloadDocumento.aspx?CodigoInstituicao=1&NumeroSequencialDocumento=113786
02.643.896/0001-52;2022-01-01;2;REAL AI PIC SEC DE CREDITOS IMOBILIARIO S.A.;018430;FCA;116211;2022-05-31;http://www.rad.cvm.gov.br/ENETCONSULTA/frmDownloadDocumento.aspx?CodigoInstituicao=1&NumeroSequencialDocumento=116211
02.643.896/0001-52;2022-01-01;3;REAL AI PIC SEC DE CREDITOS IMOBILIARIO S.A.;018430;FCA;118317;2022-07-06;http://www.rad.cvm.gov.br/ENETCONSULTA/frmDownloadDocumento.aspx?CodigoInstituicao=1&NumeroSequencialDocumento=118317
02.664.042/0001-52;2022-01-01;1;TERMINAL GARAGEM MENEZES CORTES S.A.;018538;FCA;112145;2022-03-01;http://www.rad.cvm.gov.br/ENETCONSULTA/frmDownloadDocumento.aspx?CodigoInstituicao=1&NumeroSequencialDocumento=112145
02.664.042/0001-52;2022-01-01;2;TERMINAL GARAGEM MENEZES CORTES S.A.;018538;FCA;114875;2022-05-12;http://www.rad.cvm.gov.br/ENETCONSULTA/frmDownloadDocumento.aspx?CodigoInstituicao=1&NumeroSequencialDocumento=114875
02.682.287/0001-02;2022-01-01;1;PAN FINANCEIRA S.A. - CRÉDITO, FINANCIAMENTO E INVESTIMENTO;018554;FCA;116290;2022-05-31;http://www.rad.cvm.gov.br/ENETCONSULTA/frmDownloadDocumento.aspx?CodigoInstituicao=1&NumeroSequencialDocumento=116290
02.724.983/0001-34;2022-01-01;1;SANESALTO SANEAMENTO S.A.;019593;FCA;111302;2022-01-19;http://www.rad.cvm.gov.br/ENETCONSULTA/frmDownloadDocumento.aspx?CodigoInstituicao=1&NumeroSequencialDocumento=111302
02.736.470/0001-43;2022-01-01;1;CONFIANZA SECURITIZADORA SA;018236;FCA;116219;2022-05-31;http://www.rad.cvm.gov.br/ENETCONSULTA/frmDownloadDocumento.aspx?CodigoInstituicao=1&NumeroSequencialDocumento=116219
02.762.113/0001-50;2022-01-01;1;BRAZILIAN FINANCE E REAL ESTATE S.A.;017922;FCA;116286;2022-05-31;http://www.rad.cvm.gov.br/ENETCONSULTA/frmDownloadDocumento.aspx?CodigoInstituicao=1&NumeroSequencialDocumento=116286
02.762.113/0001-50;2022-01-01;2;BRAZILIAN FINANCE E REAL ESTATE S.A.;017922;FCA;120451;2022-09-05;http://www.rad.cvm.gov.br/ENETCONSULTA/frmDownloadDocumento.aspx?CodigoInstituicao=1&NumeroSequencialDocumento=120451
02.762.121/0001-04;2022-01-01;1;SANTOS BRASIL PARTICIPACOES S.A.;017892;FCA;112383;2022-03-09;http://www.rad.cvm.gov.br/ENETCONSULTA/frmDownloadDocumento.aspx?CodigoInstituicao=1&NumeroSequencialDocumento=112383
02.762.121/0001-04;2022-01-01;2;SANTOS BRASIL PARTICIPACOES S.A.;017892;FCA;120922;2022-10-10;http://www.rad.cvm.gov.br/ENETCONSULTA/frmDownloadDocumento.aspx?CodigoInstituicao=1&NumeroSequencialDocumento=120922
02.762.124/0001-30;2022-01-01;1;BETAPART PARTICIPACOES S.A.;017884;FCA;111825;2022-02-17;http://www.rad.cvm.gov.br/ENETCONSULTA/frmDownloadDocumento.aspx?CodigoInstituicao=1&NumeroSequencialDocumento=111825
02.773.542/0001-22;2022-01-01;1;OPEA SECURITIZADORA S.A.;018406;FCA;116616;2022-05-31;http://www.rad.cvm.gov.br/ENETCONSULTA/frmDownloadDocumento.aspx?CodigoInstituicao=1&NumeroSequencialDocumento=116616
02.783.423/0001-50;2022-01-01;1;ALTERE SECURITIZADORA S.A.;018066;FCA;116555;2022-05-31;http://www.rad.cvm.gov.br/ENETCONSULTA/frmDownloadDocumento.aspx?CodigoInstituicao=1&NumeroSequencialDocumento=116555
02.796.775/0001-40;2022-01-01;1;GAMA PARTICIPACOES S.A.;017965;FCA;111827;2022-02-17;http://www.rad.cvm.gov.br/ENETCONSULTA/frmDownloadDocumento.aspx?CodigoInstituicao=1&NumeroSequencialDocumento=111827
02.796.775/0001-40;2022-01-01;2;GAMA PARTICIPACOES S.A.;017965;FCA;114438;2022-05-06;http://www.rad.cvm.gov.br/ENETCONSULTA/frmDownloadDocumento.aspx?CodigoInstituicao=1&NumeroSequencialDocumento=114438
02.800.026/0001-40;2022-01-01;1;COGNA EDUCAÇÃO S.A.;017973;FCA;115843;2022-05-27;http://www.rad.cvm.gov.br/ENETCONSULTA/frmDownloadDocumento.aspx?CodigoInstituicao=1&NumeroSequencialDocumento=115843
02.846.056/0001-97;2022-01-01;1;MOTIVA INFRAESTRUTURA DE MOBILIDADE S.A.;018821;FCA;116551;2022-05-31;http://www.rad.cvm.gov.br/ENETCONSULTA/frmDownloadDocumento.aspx?CodigoInstituicao=1&NumeroSequencialDocumento=116551
02.860.694/0001-62;2022-01-01;1;T4F ENTRETENIMENTO S.A.;022454;FCA;116585;2022-05-31;http://www.rad.cvm.gov.br/ENETCONSULTA/frmDownloadDocumento.aspx?CodigoInstituicao=1&NumeroSequencialDocumento=116585
02.916.265/0001-60;2022-01-01;1;JBS S.A.;020575;FCA;112117;2022-02-25;http://www.rad.cvm.gov.br/ENETCONSULTA/frmDownloadDocumento.aspx?CodigoInstituicao=1&NumeroSequencialDocumento=112117
02.919.555/0001-67;2022-01-01;1;ARTERIS S.A.;019771;FCA;111224;2022-01-13;http://www.rad.cvm.gov.br/ENETCONSULTA/frmDownloadDocumento.aspx?CodigoInstituicao=1&NumeroSequencialDocumento=111224
02.919.555/0001-67;2022-01-01;2;ARTERIS S.A.;019771;FCA;112107;2022-02-25;http://www.rad.cvm.gov.br/ENETCONSULTA/frmDownloadDocumento.aspx?CodigoInstituicao=1&NumeroSequencialDocumento=112107
02.932.074/0001-91;2022-01-01;1;HYPERA S.A.;021431;FCA;111330;2022-01-21;http://www.rad.cvm.gov.br/ENETCONSULTA/frmDownloadDocumento.aspx?CodigoInstituicao=1&NumeroSequencialDocumento=111330
02.950.811/0001-89;2022-01-01;1;PDG REALTY S.A. EMPREEND E PARTICIPACOES;020478;FCA;115655;2022-05-23;http://www.rad.cvm.gov.br/ENETCONSULTA/frmDownloadDocumento.aspx?CodigoInstituicao=1&NumeroSequencialDocumento=115655
02.950.811/0001-89;2022-01-01;2;PDG REALTY S.A. EMPREEND E PARTICIPACOES;020478;FCA;118460;2022-07-13;http://www.rad.cvm.gov.br/ENETCONSULTA/frmDownloadDocumento.aspx?CodigoInstituicao=1&NumeroSequencialDocumento=118460
02.992.449/0001-09;2022-01-01;1;PROMPT PARTICIPACOES S.A.;018333;FCA;111830;2022-02-17;http://www.rad.cvm.gov.br/ENETCONSULTA/frmDownloadDocumento.aspx?CodigoInstituicao=1&NumeroSequencialDocumento=111830
02.992.449/0001-09;2022-01-01;2;PROMPT PARTICIPACOES S.A.;018333;FCA;114441;2022-05-06;http://www.rad.cvm.gov.br/ENETCONSULTA/frmDownloadDocumento.aspx?CodigoInstituicao=1&NumeroSequencialDocumento=114441
02.998.301/0001-81;2022-01-01;1;RIO PARANAPANEMA ENERGIA S.A.;018368;FCA;114273;2022-05-04;http://www.rad.cvm.gov.br/ENETCONSULTA/frmDownloadDocumento.aspx?CodigoInstituicao=1&NumeroSequencialDocumento=114273
02.998.301/0001-81;2022-01-01;2;RIO PARANAPANEMA ENERGIA S.A.;018368;FCA;114538;2022-05-09;http://www.rad.cvm.gov.br/ENETCONSULTA/frmDownloadDocumento.aspx?CodigoInstituicao=1&NumeroSequencialDocumento=114538
02.998.301/0001-81;2022-01-01;3;RIO PARANAPANEMA ENERGIA S.A.;018368;FCA;120047;2022-08-16;http://www.rad.cvm.gov.br/ENETCONSULTA/frmDownloadDocumento.aspx?CodigoInstituicao=1&NumeroSequencialDocumento=120047
02.998.611/0001-04;2022-01-01;1;ISA ENERGIA BRASIL;018376;FCA;111796;2022-02-16;http://www.rad.cvm.gov.br/ENETCONSULTA/frmDownloadDocumento.aspx?CodigoInstituicao=1&NumeroSequencialDocumento=111796
03.014.553/0001-91;2022-01-01;1;TPI - TRIUNFO PARTICIP. E INVEST. S.A.;019330;FCA;116288;2022-05-31;http://www.rad.cvm.gov.br/ENETCONSULTA/frmDownloadDocumento.aspx?CodigoInstituicao=1&NumeroSequencialDocumento=116288
03.025.305/0001-46;2022-01-01;1;RODOVIAS DAS COLINAS S.A.;023167;FCA;115767;2022-05-26;http://www.rad.cvm.gov.br/ENETCONSULTA/frmDownloadDocumento.aspx?CodigoInstituicao=1&NumeroSequencialDocumento=115767
03.207.703/0001-83;2022-01-01;1;CONCESSIONARIA DE RODOVIAS DO INTERIOR PAULISTA S/A;021849;FCA;111261;2022-01-17;http://www.rad.cvm.gov.br/ENETCONSULTA/frmDownloadDocumento.aspx?CodigoInstituicao=1&NumeroSequencialDocumento=111261
03.207.703/0001-83;2022-01-01;2;CONCESSIONARIA DE RODOVIAS DO INTERIOR PAULISTA S/A;021849;FCA;111999;2022-02-23;http://www.rad.cvm.gov.br/ENETCONSULTA/frmDownloadDocumento.aspx?CodigoInstituicao=1&NumeroSequencialDocumento=111999
03.207.703/0001-83;2022-01-01;3;CONCESSIONARIA DE RODOVIAS DO INTERIOR PAULISTA S/A;021849;FCA;112201;2022-03-03;http://www.rad.cvm.gov.br/ENETCONSULTA/frmDownloadDocumento.aspx?CodigoInstituicao=1&NumeroSequencialDocumento=112201
03.220.438/0001-73;2022-01-01;1;EQUATORIAL S.A.;020010;FCA;116374;2022-05-31;http://www.rad.cvm.gov.br/ENETCONSULTA/frmDownloadDocumento.aspx?CodigoInstituicao=1&NumeroSequencialDocumento=116374
03.279.285/0001-30;2022-01-01;1;ORIZON MEIO AMBIENTE S.A.;027049;FCA;120868;2022-10-05;http://www.rad.cvm.gov.br/ENETCONSULTA/frmDownloadDocumento.aspx?CodigoInstituicao=1&NumeroSequencialDocumento=120868
03.279.285/0001-30;2022-01-01;2;ORIZON MEIO AMBIENTE S.A.;027049;FCA;122700;2022-12-21;http://www.rad.cvm.gov.br/ENETCONSULTA/frmDownloadDocumento.aspx?CodigoInstituicao=1&NumeroSequencialDocumento=122700
03.303.999/0001-36;2022-01-01;1;DTCOM - DIRECT TO COMPANY S.A.;018597;FCA;111969;2022-02-23;http://www.rad.cvm.gov.br/ENETCONSULTA/frmDownloadDocumento.aspx?CodigoInstituicao=1&NumeroSequencialDocumento=111969
03.342.704/0001-30;2022-01-01;1;PETRORECÔNCAVO S.A.;025780;FCA;116263;2022-05-31;http://www.rad.cvm.gov.br/ENETCONSULTA/frmDownloadDocumento.aspx?CodigoInstituicao=1&NumeroSequencialDocumento=116263
03.378.521/0001-75;2022-01-01;1;LIGHT S.A. - EM RECUPERAÇÃO JUDICIAL;019879;FCA;116658;2022-05-31;http://www.rad.cvm.gov.br/ENETCONSULTA/frmDownloadDocumento.aspx?CodigoInstituicao=1&NumeroSequencialDocumento=116658
03.378.521/0001-75;2022-01-01;2;LIGHT S.A. - EM RECUPERAÇÃO JUDICIAL;019879;FCA;121265;2022-10-31;http://www.rad.cvm.gov.br/ENETCONSULTA/frmDownloadDocumento.aspx?CodigoInstituicao=1&NumeroSequencialDocumento=121265
03.467.321/0001-99;2022-01-01;1;ENERGISA MATO GROSSO-DISTRIBUIDORA DE ENERGIA S/A;014605;FCA;116327;2022-05-31;http://www.rad.cvm.gov.br/ENETCONSULTA/frmDownloadDocumento.aspx?CodigoInstituicao=1&NumeroSequencialDocumento=116327
03.467.321/0001-99;2022-01-01;2;ENERGISA MATO GROSSO-DISTRIBUIDORA DE ENERGIA S/A;014605;FCA;120248;2022-08-25;http://www.rad.cvm.gov.br/ENETCONSULTA/frmDownloadDocumento.aspx?CodigoInstituicao=1&NumeroSequencialDocumento=120248
03.467.321/0001-99;2022-01-01;3;ENERGISA MATO GROSSO-DISTRIBUIDORA DE ENERGIA S/A;014605;FCA;120458;2022-09-05;http://www.rad.cvm.gov.br/ENETCONSULTA/frmDownloadDocumento.aspx?CodigoInstituicao=1&NumeroSequencialDocumento=120458
03.494.776/0001-01;2022-01-01;1;AMMO VAREJO S.A.;026476;FCA;111795;2022-02-16;http://www.rad.cvm.gov.br/ENETCONSULTA/frmDownloadDocumento.aspx?CodigoInstituicao=1&NumeroSequencialDocumento=111795
03.538.833/0001-07;2022-01-01;1;XX DE NOVEMBRO INVESTIMENTOS E PARTICIPAÇÕES S.A.;020001;FCA;111831;2022-02-17;http://www.rad.cvm.gov.br/ENETCONSULTA/frmDownloadDocumento.aspx?CodigoInstituicao=1&NumeroSequencialDocumento=111831
03.538.833/0001-07;2022-01-01;2;XX DE NOVEMBRO INVESTIMENTOS E PARTICIPAÇÕES S.A.;020001;FCA;114445;2022-05-06;http://www.rad.cvm.gov.br/ENETCONSULTA/frmDownloadDocumento.aspx?CodigoInstituicao=1&NumeroSequencialDocumento=114445
03.758.318/0001-24;2022-01-01;1;INVESTIMENTOS E PARTICIP. EM INFRA S.A. - INVEPAR;018775;FCA;112110;2022-02-25;http://www.rad.cvm.gov.br/ENETCONSULTA/frmDownloadDocumento.aspx?CodigoInstituicao=1&NumeroSequencialDocumento=112110
03.758.318/0001-24;2022-01-01;2;INVESTIMENTOS E PARTICIP. EM INFRA S.A. - INVEPAR;018775;FCA;114091;2022-04-29;http://www.rad.cvm.gov.br/ENETCONSULTA/frmDownloadDocumento.aspx?CodigoInstituicao=1&NumeroSequencialDocumento=114091
03.767.538/0001-14;2022-01-01;1;BRAZILIAN SECURITIES CIA SECURITIZACAO;018759;FCA;116289;2022-05-31;http://www.rad.cvm.gov.br/ENETCONSULTA/frmDownloadDocumento.aspx?CodigoInstituicao=1&NumeroSequencialDocumento=116289
03.767.538/0001-14;2022-01-01;2;BRAZILIAN SECURITIES CIA SECURITIZACAO;018759;FCA;120452;2022-09-05;http://www.rad.cvm.gov.br/ENETCONSULTA/frmDownloadDocumento.aspx?CodigoInstituicao=1&NumeroSequencialDocumento=120452
03.767.538/0001-14;2022-01-01;3;BRAZILIAN SECURITIES CIA SECURITIZACAO;018759;FCA;121122;2022-10-25;http://www.rad.cvm.gov.br/ENETCONSULTA/frmDownloadDocumento.aspx?CodigoInstituicao=1&NumeroSequencialDocumento=121122
03.795.050/0001-09;2022-01-01;1;TERMOPERNAMBUCO S.A.;019852;FCA;112384;2022-03-09;http://www.rad.cvm.gov.br/ENETCONSULTA/frmDownloadDocumento.aspx?CodigoInstituicao=1&NumeroSequencialDocumento=112384
03.795.050/0001-09;2022-01-01;2;TERMOPERNAMBUCO S.A.;019852;FCA;113938;2022-04-26;http://www.rad.cvm.gov.br/ENETCONSULTA/frmDownloadDocumento.aspx?CodigoInstituicao=1&NumeroSequencialDocumento=113938
03.795.050/0001-09;2022-01-01;3;TERMOPERNAMBUCO S.A.;019852;FCA;114047;2022-04-28;http://www.rad.cvm.gov.br/ENETCONSULTA/frmDownloadDocumento.aspx?CodigoInstituicao=1&NumeroSequencialDocumento=114047
03.802.115/0001-98;2022-01-01;1;CLEAR SALE S.A.;026093;FCA;111323;2022-01-20;http://www.rad.cvm.gov.br/ENETCONSULTA/frmDownloadDocumento.aspx?CodigoInstituicao=1&NumeroSequencialDocumento=111323
03.802.115/0001-98;2022-01-01;2;CLEAR SALE S.A.;026093;FCA;120105;2022-08-18;http://www.rad.cvm.gov.br/ENETCONSULTA/frmDownloadDocumento.aspx?CodigoInstituicao=1&NumeroSequencialDocumento=120105
03.818.379/0001-30;2022-01-01;1;SABER SERVIÇOS EDUCACIONAIS S.A.;024490;FCA;116489;2022-05-31;http://www.rad.cvm.gov.br/ENETCONSULTA/frmDownloadDocumento.aspx?CodigoInstituicao=1&NumeroSequencialDocumento=116489
03.820.456/0001-96;2022-01-01;1;BSB ENERGÉTICA S.A.;026883;FCA;113953;2022-04-26;http://www.rad.cvm.gov.br/ENETCONSULTA/frmDownloadDocumento.aspx?CodigoInstituicao=1&NumeroSequencialDocumento=113953
03.820.456/0001-96;2022-01-01;2;BSB ENERGÉTICA S.A.;026883;FCA;118489;2022-07-15;http://www.rad.cvm.gov.br/ENETCONSULTA/frmDownloadDocumento.aspx?CodigoInstituicao=1&NumeroSequencialDocumento=118489
03.847.461/0001-92;2022-01-01;1;BRADESPAR S.A.;018724;FCA;111668;2022-02-09;http://www.rad.cvm.gov.br/ENETCONSULTA/frmDownloadDocumento.aspx?CodigoInstituicao=1&NumeroSequencialDocumento=111668
03.847.461/0001-92;2022-01-01;2;BRADESPAR S.A.;018724;FCA;114739;2022-05-11;http://www.rad.cvm.gov.br/ENETCONSULTA/frmDownloadDocumento.aspx?CodigoInstituicao=1&NumeroSequencialDocumento=114739
03.853.896/0001-40;2022-01-01;1;MARFRIG GLOBAL FOODS S.A.;020788;FCA;112185;2022-03-03;http://www.rad.cvm.gov.br/ENETCONSULTA/frmDownloadDocumento.aspx?CodigoInstituicao=1&NumeroSequencialDocumento=112185
03.853.896/0001-40;2022-01-01;2;MARFRIG GLOBAL FOODS S.A.;020788;FCA;113661;2022-04-11;http://www.rad.cvm.gov.br/ENETCONSULTA/frmDownloadDocumento.aspx?CodigoInstituicao=1&NumeroSequencialDocumento=113661
03.953.509/0001-47;2022-01-01;1;CPFL GERACAO DE ENERGIA S.A.;018953;FCA;113773;2022-04-14;http://www.rad.cvm.gov.br/ENETCONSULTA/frmDownloadDocumento.aspx?CodigoInstituicao=1&NumeroSequencialDocumento=113773
03.953.509/0001-47;2022-01-01;2;CPFL GERACAO DE ENERGIA S.A.;018953;FCA;114014;2022-04-28;http://www.rad.cvm.gov.br/ENETCONSULTA/frmDownloadDocumento.aspx?CodigoInstituicao=1&NumeroSequencialDocumento=114014
03.953.509/0001-47;2022-01-01;3;CPFL GERACAO DE ENERGIA S.A.;018953;FCA;122815;2022-12-29;http://www.rad.cvm.gov.br/ENETCONSULTA/frmDownloadDocumento.aspx?CodigoInstituicao=1&NumeroSequencialDocumento=122815
03.983.431/0001-03;2022-01-01;1;EDP - ENERGIAS DO BRASIL S.A.;019763;FCA;112915;2022-03-24;http://www.rad.cvm.gov.br/ENETCONSULTA/frmDownloadDocumento.aspx?CodigoInstituicao=1&NumeroSequencialDocumento=112915
04.030.182/0001-02;2022-01-01;1;CABINDA PARTICIPACOES S.A.;019119;FCA;116525;2022-05-31;http://www.rad.cvm.gov.br/ENETCONSULTA/frmDownloadDocumento.aspx?CodigoInstituicao=1&NumeroSequencialDocumento=116525
04.031.213/0001-31;2022-01-01;1;CACONDE PARTICIPACOES S.A.;019135;FCA;116539;2022-05-31;http://www.rad.cvm.gov.br/ENETCONSULTA/frmDownloadDocumento.aspx?CodigoInstituicao=1&NumeroSequencialDocumento=116539
04.032.433/0001-80;2022-01-01;1;CONTAX PARTICIPAÇÕES S.A. - EM RECUPERAÇÃO JUDICIAL;019100;FCA;112950;2022-03-24;http://www.rad.cvm.gov.br/ENETCONSULTA/frmDownloadDocumento.aspx?CodigoInstituicao=1&NumeroSequencialDocumento=112950
04.032.433/0001-80;2022-01-01;2;CONTAX PARTICIPAÇÕES S.A. - EM RECUPERAÇÃO JUDICIAL;019100;FCA;116071;2022-05-30;http://www.rad.cvm.gov.br/ENETCONSULTA/frmDownloadDocumento.aspx?CodigoInstituicao=1&NumeroSequencialDocumento=116071
04.032.433/0001-80;2022-01-01;3;CONTAX PARTICIPAÇÕES S.A. - EM RECUPERAÇÃO JUDICIAL;019100;FCA;117100;2022-06-22;http://www.rad.cvm.gov.br/ENETCONSULTA/frmDownloadDocumento.aspx?CodigoInstituicao=1&NumeroSequencialDocumento=117100
04.032.433/0001-80;2022-01-01;4;CONTAX PARTICIPAÇÕES S.A. - EM RECUPERAÇÃO JUDICIAL;019100;FCA;121068;2022-10-19;http://www.rad.cvm.gov.br/ENETCONSULTA/frmDownloadDocumento.aspx?CodigoInstituicao=1&NumeroSequencialDocumento=121068
04.038.763/0001-82;2022-01-01;1;CAIANDA PARTICIPACOES S.A.;019097;FCA;116534;2022-05-31;http://www.rad.cvm.gov.br/ENETCONSULTA/frmDownloadDocumento.aspx?CodigoInstituicao=1&NumeroSequencialDocumento=116534
04.065.791/0001-99;2022-01-01;1;SINQIA S.A.;022799;FCA;112260;2022-03-07;http://www.rad.cvm.gov.br/ENETCONSULTA/frmDownloadDocumento.aspx?CodigoInstituicao=1&NumeroSequencialDocumento=112260
04.065.791/0001-99;2022-01-01;2;SINQIA S.A.;022799;FCA;112271;2022-03-07;http://www.rad.cvm.gov.br/ENETCONSULTA/frmDownloadDocumento.aspx?CodigoInstituicao=1&NumeroSequencialDocumento=112271
04.065.791/0001-99;2022-01-01;3;SINQIA S.A.;022799;FCA;115850;2022-05-27;http://www.rad.cvm.gov.br/ENETCONSULTA/frmDownloadDocumento.aspx?CodigoInstituicao=1&NumeroSequencialDocumento=115850
04.069.709/0001-02;2022-01-01;1;BIONEXO S.A.;025925;FCA;115957;2022-05-30;http://www.rad.cvm.gov.br/ENETCONSULTA/frmDownloadDocumento.aspx?CodigoInstituicao=1&NumeroSequencialDocumento=115957
04.089.570/0001-50;2022-01-01;1;ÁGUAS GUARIROBA S.A;023442;FCA;112085;2022-02-25;http://www.rad.cvm.gov.br/ENETCONSULTA/frmDownloadDocumento.aspx?CodigoInstituicao=1&NumeroSequencialDocumento=112085
04.149.454/0001-80;2022-01-01;1;ECORODOVIAS INFRAESTRUTURA E LOGÍSTICA S.A.;019453;FCA;115986;2022-05-30;http://www.rad.cvm.gov.br/ENETCONSULTA/frmDownloadDocumento.aspx?CodigoInstituicao=1&NumeroSequencialDocumento=115986
04.172.213/0001-51;2022-01-01;1;CIA PIRATININGA DE FORCA E LUZ;019275;FCA;112251;2022-03-07;http://www.rad.cvm.gov.br/ENETCONSULTA/frmDownloadDocumento.aspx?CodigoInstituicao=1&NumeroSequencialDocumento=112251
04.172.213/0001-51;2022-01-01;2;CIA PIRATININGA DE FORCA E LUZ;019275;FCA;113768;2022-04-14;http://www.rad.cvm.gov.br/ENETCONSULTA/frmDownloadDocumento.aspx?CodigoInstituicao=1&NumeroSequencialDocumento=113768
04.172.213/0001-51;2022-01-01;3;CIA PIRATININGA DE FORCA E LUZ;019275;FCA;114058;2022-04-29;http://www.rad.cvm.gov.br/ENETCONSULTA/frmDownloadDocumento.aspx?CodigoInstituicao=1&NumeroSequencialDocumento=114058
04.172.213/0001-51;2022-01-01;4;CIA PIRATININGA DE FORCA E LUZ;019275;FCA;122817;2022-12-29;http://www.rad.cvm.gov.br/ENETCONSULTA/frmDownloadDocumento.aspx?CodigoInstituicao=1&NumeroSequencialDocumento=122817
04.200.649/0001-07;2022-01-01;1;COMPANHIA PROVINCIA DE SECURITIZACAO;019429;FCA;113268;2022-03-30;http://www.rad.cvm.gov.br/ENETCONSULTA/frmDownloadDocumento.aspx?CodigoInstituicao=1&NumeroSequencialDocumento=113268
04.200.649/0001-07;2022-01-01;2;COMPANHIA PROVINCIA DE SECURITIZACAO;019429;FCA;122686;2022-12-21;http://www.rad.cvm.gov.br/ENETCONSULTA/frmDownloadDocumento.aspx?CodigoInstituicao=1&NumeroSequencialDocumento=122686
04.233.319/0001-18;2022-01-01;1;NCF PARTICIPAÇÕES S/A;024015;FCA;111666;2022-02-09;http://www.rad.cvm.gov.br/ENETCONSULTA/frmDownloadDocumento.aspx?CodigoInstituicao=1&NumeroSequencialDocumento=111666
04.233.319/0001-18;2022-01-01;2;NCF PARTICIPAÇÕES S/A;024015;FCA;112920;2022-03-24;http://www.rad.cvm.gov.br/ENETCONSULTA/frmDownloadDocumento.aspx?CodigoInstituicao=1&NumeroSequencialDocumento=112920
04.233.319/0001-18;2022-01-01;3;NCF PARTICIPAÇÕES S/A;024015;FCA;114639;2022-05-10;http://www.rad.cvm.gov.br/ENETCONSULTA/frmDownloadDocumento.aspx?CodigoInstituicao=1&NumeroSequencialDocumento=114639
04.368.865/0001-66;2022-01-01;1;LIGGA TELECOMUNICAÇÕES S.A.;027367;FCA;121201;2022-10-27;http://www.rad.cvm.gov.br/ENETCONSULTA/frmDownloadDocumento.aspx?CodigoInstituicao=1&NumeroSequencialDocumento=121201
04.368.898/0001-06;2022-01-01;1;COPEL DISTRIBUIÇÃO S.A.;026808;FCA;112842;2022-03-23;http://www.rad.cvm.gov.br/ENETCONSULTA/frmDownloadDocumento.aspx?CodigoInstituicao=1&NumeroSequencialDocumento=112842
04.368.898/0001-06;2022-01-01;2;COPEL DISTRIBUIÇÃO S.A.;026808;FCA;115605;2022-05-20;http://www.rad.cvm.gov.br/ENETCONSULTA/frmDownloadDocumento.aspx?CodigoInstituicao=1&NumeroSequencialDocumento=115605
04.368.898/0001-06;2022-01-01;3;COPEL DISTRIBUIÇÃO S.A.;026808;FCA;119222;2022-08-04;http://www.rad.cvm.gov.br/ENETCONSULTA/frmDownloadDocumento.aspx?CodigoInstituicao=1&NumeroSequencialDocumento=119222
04.368.898/0001-06;2022-01-01;4;COPEL DISTRIBUIÇÃO S.A.;026808;FCA;121065;2022-10-19;http://www.rad.cvm.gov.br/ENETCONSULTA/frmDownloadDocumento.aspx?CodigoInstituicao=1&NumeroSequencialDocumento=121065
04.370.282/0001-70;2022-01-01;1;COPEL GERAÇÃO E TRANSMISSÃO S.A.;024740;FCA;115088;2022-05-13;http://www.rad.cvm.gov.br/ENETCONSULTA/frmDownloadDocumento.aspx?CodigoInstituicao=1&NumeroSequencialDocumento=115088
04.370.282/0001-70;2022-01-01;2;COPEL GERAÇÃO E TRANSMISSÃO S.A.;024740;FCA;119221;2022-08-04;http://www.rad.cvm.gov.br/ENETCONSULTA/frmDownloadDocumento.aspx?CodigoInstituicao=1&NumeroSequencialDocumento=119221
04.370.282/0001-70;2022-01-01;3;COPEL GERAÇÃO E TRANSMISSÃO S.A.;024740;FCA;121066;2022-10-19;http://www.rad.cvm.gov.br/ENETCONSULTA/frmDownloadDocumento.aspx?CodigoInstituicao=1&NumeroSequencialDocumento=121066
04.423.567/0001-21;2022-01-01;1;ENEVA S.A;021237;FCA;113785;2022-04-14;http://www.rad.cvm.gov.br/ENETCONSULTA/frmDownloadDocumento.aspx?CodigoInstituicao=1&NumeroSequencialDocumento=113785
04.437.534/0001-30;2022-01-01;1;LOCAMÉRICA RENT-A-CAR S.A.;021555;FCA;120348;2022-08-31;http://www.rad.cvm.gov.br/ENETCONSULTA/frmDownloadDocumento.aspx?CodigoInstituicao=1&NumeroSequencialDocumento=120348
04.437.534/0001-30;2022-01-01;2;LOCAMÉRICA RENT-A-CAR S.A.;021555;FCA;122061;2022-11-14;http://www.rad.cvm.gov.br/ENETCONSULTA/frmDownloadDocumento.aspx?CodigoInstituicao=1&NumeroSequencialDocumento=122061
04.437.534/0001-30;2022-01-01;3;LOCAMÉRICA RENT-A-CAR S.A.;021555;FCA;122249;2022-11-18;http://www.rad.cvm.gov.br/ENETCONSULTA/frmDownloadDocumento.aspx?CodigoInstituicao=1&NumeroSequencialDocumento=122249
04.739.720/0001-24;2022-01-01;1;USINA TERMELÉTRICA PAMPA SUL S.A.;024945;FCA;111463;2022-02-01;http://www.rad.cvm.gov.br/ENETCONSULTA/frmDownloadDocumento.aspx?CodigoInstituicao=1&NumeroSequencialDocumento=111463
04.739.720/0001-24;2022-01-01;2;USINA TERMELÉTRICA PAMPA SUL S.A.;024945;FCA;112104;2022-02-25;http://www.rad.cvm.gov.br/ENETCONSULTA/frmDownloadDocumento.aspx?CodigoInstituicao=1&NumeroSequencialDocumento=112104
04.752.991/0001-10;2022-01-01;1;BIOMM S.A.;019305;FCA;112762;2022-03-21;http://www.rad.cvm.gov.br/ENETCONSULTA/frmDownloadDocumento.aspx?CodigoInstituicao=1&NumeroSequencialDocumento=112762
04.821.041/0001-08;2022-01-01;1;METALFRIO SOLUTIONS S.A.;020613;FCA;116852;2022-06-06;http://www.rad.cvm.gov.br/ENETCONSULTA/frmDownloadDocumento.aspx?CodigoInstituicao=1&NumeroSequencialDocumento=116852
04.895.728/0001-80;2022-01-01;1;EQUATORIAL PARÁ DISTRIBUIDORA DE ENERGIA S.A.;018309;FCA;116623;2022-05-31;http://www.rad.cvm.gov.br/ENETCONSULTA/frmDownloadDocumento.aspx?CodigoInstituicao=1&NumeroSequencialDocumento=116623
04.902.979/0001-44;2022-01-01;1;BCO AMAZONIA S.A.;000922;FCA;111078;2022-01-04;http://www.rad.cvm.gov.br/ENETCONSULTA/frmDownloadDocumento.aspx?CodigoInstituicao=1&NumeroSequencialDocumento=111078
04.912.242/0001-02;2022-01-01;1;PORTUENSE FERRAGENS S/A;009717;FCA;113549;2022-04-06;http://www.rad.cvm.gov.br/ENETCONSULTA/frmDownloadDocumento.aspx?CodigoInstituicao=1&NumeroSequencialDocumento=113549
04.913.711/0001-08;2022-01-01;1;BCO ESTADO DO PARA S.A.;001171;FCA;111242;2022-01-14;http://www.rad.cvm.gov.br/ENETCONSULTA/frmDownloadDocumento.aspx?CodigoInstituicao=1&NumeroSequencialDocumento=111242
04.913.711/0001-08;2022-01-01;2;BCO ESTADO DO PARA S.A.;001171;FCA;120485;2022-09-08;http://www.rad.cvm.gov.br/ENETCONSULTA/frmDownloadDocumento.aspx?CodigoInstituicao=1&NumeroSequencialDocumento=120485
04.972.092/0001-22;2022-01-01;1;GRUPO FARTURA DE HORTIFRUT S.A.;026166;FCA;116226;2022-05-31;http://www.rad.cvm.gov.br/ENETCONSULTA/frmDownloadDocumento.aspx?CodigoInstituicao=1&NumeroSequencialDocumento=116226
04.986.320/0001-13;2022-01-01;1;SER EDUCACIONAL S.A.;023221;FCA;111685;2022-02-10;http://www.rad.cvm.gov.br/ENETCONSULTA/frmDownloadDocumento.aspx?CodigoInstituicao=1&NumeroSequencialDocumento=111685
04.986.320/0001-13;2022-01-01;2;SER EDUCACIONAL S.A.;023221;FCA;112198;2022-03-03;http://www.rad.cvm.gov.br/ENETCONSULTA/frmDownloadDocumento.aspx?CodigoInstituicao=1&NumeroSequencialDocumento=112198
04.992.714/0001-84;2022-01-01;1;NOVA TRANSPORTADORA DO SUDESTE S.A. - NTS;024708;FCA;112977;2022-03-25;http://www.rad.cvm.gov.br/ENETCONSULTA/frmDownloadDocumento.aspx?CodigoInstituicao=1&NumeroSequencialDocumento=112977
05.197.443/0001-38;2022-01-01;1;HAPVIDA PARTICIPAÇÕES E INVESTIMENTOS S.A.;024392;FCA;111808;2022-02-16;http://www.rad.cvm.gov.br/ENETCONSULTA/frmDownloadDocumento.aspx?CodigoInstituicao=1&NumeroSequencialDocumento=111808
05.197.443/0001-38;2022-01-01;2;HAPVIDA PARTICIPAÇÕES E INVESTIMENTOS S.A.;024392;FCA;112447;2022-03-11;http://www.rad.cvm.gov.br/ENETCONSULTA/frmDownloadDocumento.aspx?CodigoInstituicao=1&NumeroSequencialDocumento=112447
05.197.443/0001-38;2022-01-01;3;HAPVIDA PARTICIPAÇÕES E INVESTIMENTOS S.A.;024392;FCA;113778;2022-04-14;http://www.rad.cvm.gov.br/ENETCONSULTA/frmDownloadDocumento.aspx?CodigoInstituicao=1&NumeroSequencialDocumento=113778
05.303.439/0001-07;2022-01-01;1;UNIGEL PARTICIPAÇÕES S.A.;026301;FCA;115907;2022-05-30;http://www.rad.cvm.gov.br/ENETCONSULTA/frmDownloadDocumento.aspx?CodigoInstituicao=1&NumeroSequencialDocumento=115907
05.336.882/0001-84;2022-01-01;1;CACHOEIRA PAULISTA TRANSMISSORA ENERGIA S.A.;022683;FCA;116156;2022-05-31;http://www.rad.cvm.gov.br/ENETCONSULTA/frmDownloadDocumento.aspx?CodigoInstituicao=1&NumeroSequencialDocumento=116156
05.347.060/0001-07;2022-01-01;1;INTERPLAYERS SOLUÇÕES INTEGRADAS S.A.;026387;FCA;116510;2022-05-31;http://www.rad.cvm.gov.br/ENETCONSULTA/frmDownloadDocumento.aspx?CodigoInstituicao=1&NumeroSequencialDocumento=116510
05.495.546/0001-84;2022-01-01;1;LITELA PARTICIPAÇÕES S.A. - EM LIQUIDAÇÃO;024759;FCA;114176;2022-05-03;http://www.rad.cvm.gov.br/ENETCONSULTA/frmDownloadDocumento.aspx?CodigoInstituicao=1&NumeroSequencialDocumento=114176
05.878.397/0001-32;2022-01-01;1;ALLOS S.A.;022357;FCA;114604;2022-05-10;http://www.rad.cvm.gov.br/ENETCONSULTA/frmDownloadDocumento.aspx?CodigoInstituicao=1&NumeroSequencialDocumento=114604
05.889.284/0001-32;2022-01-01;1;CSA-COMPANHIA SECURITIZADORA DE ATIVOS;019470;FCA;113062;2022-03-28;http://www.rad.cvm.gov.br/ENETCONSULTA/frmDownloadDocumento.aspx?CodigoInstituicao=1&NumeroSequencialDocumento=113062
05.889.284/0001-32;2022-01-01;2;CSA-COMPANHIA SECURITIZADORA DE ATIVOS;019470;FCA;113831;2022-04-19;http://www.rad.cvm.gov.br/ENETCONSULTA/frmDownloadDocumento.aspx?CodigoInstituicao=1&NumeroSequencialDocumento=113831
05.917.486/0001-40;2022-01-01;1;LIVETECH DA BAHIA INDÚSTRIA E COMÉRCIO S.A.;025895;FCA;113076;2022-03-28;http://www.rad.cvm.gov.br/ENETCONSULTA/frmDownloadDocumento.aspx?CodigoInstituicao=1&NumeroSequencialDocumento=113076
05.917.486/0001-40;2022-01-01;2;LIVETECH DA BAHIA INDÚSTRIA E COMÉRCIO S.A.;025895;FCA;116787;2022-06-01;http://www.rad.cvm.gov.br/ENETCONSULTA/frmDownloadDocumento.aspx?CodigoInstituicao=1&NumeroSequencialDocumento=116787
05.917.486/0001-40;2022-01-01;3;LIVETECH DA BAHIA INDÚSTRIA E COMÉRCIO S.A.;025895;FCA;116796;2022-06-02;http://www.rad.cvm.gov.br/ENETCONSULTA/frmDownloadDocumento.aspx?CodigoInstituicao=1&NumeroSequencialDocumento=116796
06.016.348/0001-53;2022-01-01;1;VENTOS DO SUL ENERGIA S.A.;024767;FCA;115962;2022-05-30;http://www.rad.cvm.gov.br/ENETCONSULTA/frmDownloadDocumento.aspx?CodigoInstituicao=1&NumeroSequencialDocumento=115962
06.047.087/0001-39;2022-01-01;1;REDE D'OR SÃO LUIZ S.A.;024821;FCA;112351;2022-03-09;http://www.rad.cvm.gov.br/ENETCONSULTA/frmDownloadDocumento.aspx?CodigoInstituicao=1&NumeroSequencialDocumento=112351
06.057.223/0001-71;2022-01-01;1;SENDAS DISTRIBUIDORA S.A.;025372;FCA;116375;2022-05-31;http://www.rad.cvm.gov.br/ENETCONSULTA/frmDownloadDocumento.aspx?CodigoInstituicao=1&NumeroSequencialDocumento=116375
06.057.223/0001-71;2022-01-01;2;SENDAS DISTRIBUIDORA S.A.;025372;FCA;122404;2022-11-29;http://www.rad.cvm.gov.br/ENETCONSULTA/frmDownloadDocumento.aspx?CodigoInstituicao=1&NumeroSequencialDocumento=122404
06.164.253/0001-87;2022-01-01;1;GOL LINHAS AEREAS INTELIGENTES S.A.;019569;FCA;113524;2022-04-05;http://www.rad.cvm.gov.br/ENETCONSULTA/frmDownloadDocumento.aspx?CodigoInstituicao=1&NumeroSequencialDocumento=113524
06.164.253/0001-87;2022-01-01;2;GOL LINHAS AEREAS INTELIGENTES S.A.;019569;FCA;118596;2022-07-21;http://www.rad.cvm.gov.br/ENETCONSULTA/frmDownloadDocumento.aspx?CodigoInstituicao=1&NumeroSequencialDocumento=118596
06.272.793/0001-84;2022-01-01;1;EQUATORIAL MARANHÃO DISTRIBUIDORA DE ENERGIA S.A.;016608;FCA;114522;2022-05-09;http://www.rad.cvm.gov.br/ENETCONSULTA/frmDownloadDocumento.aspx?CodigoInstituicao=1&NumeroSequencialDocumento=114522
06.272.793/0001-84;2022-01-01;2;EQUATORIAL MARANHÃO DISTRIBUIDORA DE ENERGIA S.A.;016608;FCA;116622;2022-05-31;http://www.rad.cvm.gov.br/ENETCONSULTA/frmDownloadDocumento.aspx?CodigoInstituicao=1&NumeroSequencialDocumento=116622
06.347.409/0001-65;2022-01-01;1;SBF COMÉRCIO DE PRODUTOS ESPORTIVOS S.A.;025410;FCA;113041;2022-03-25;http://www.rad.cvm.gov.br/ENETCONSULTA/frmDownloadDocumento.aspx?CodigoInstituicao=1&NumeroSequencialDocumento=113041
06.347.409/0001-65;2022-01-01;2;SBF COMÉRCIO DE PRODUTOS ESPORTIVOS S.A.;025410;FCA;113802;2022-04-14;http://www.rad.cvm.gov.br/ENETCONSULTA/frmDownloadDocumento.aspx?CodigoInstituicao=1&NumeroSequencialDocumento=113802
06.626.253/0001-51;2022-01-01;1;EMPREENDIMENTOS PAGUE MENOS S.A.;022608;FCA;112371;2022-03-09;http://www.rad.cvm.gov.br/ENETCONSULTA/frmDownloadDocumento.aspx?CodigoInstituicao=1&NumeroSequencialDocumento=112371
06.977.745/0001-91;2022-01-01;1;BR MALLS PARTICIPACOES S.A.;019909;FCA;112518;2022-03-14;http://www.rad.cvm.gov.br/ENETCONSULTA/frmDownloadDocumento.aspx?CodigoInstituicao=1&NumeroSequencialDocumento=112518
06.977.751/0001-49;2022-01-01;1;BR PROPERTIES S.A.;019925;FCA;116627;2022-05-31;http://www.rad.cvm.gov.br/ENETCONSULTA/frmDownloadDocumento.aspx?CodigoInstituicao=1&NumeroSequencialDocumento=116627
06.981.176/0001-58;2022-01-01;1;CEMIG GERACAO E TRANSMISSAO S.A.;020320;FCA;113241;2022-03-30;http://www.rad.cvm.gov.br/ENETCONSULTA/frmDownloadDocumento.aspx?CodigoInstituicao=1&NumeroSequencialDocumento=113241
06.981.176/0001-58;2022-01-01;2;CEMIG GERACAO E TRANSMISSAO S.A.;020320;FCA;115512;2022-05-18;http://www.rad.cvm.gov.br/ENETCONSULTA/frmDownloadDocumento.aspx?CodigoInstituicao=1&NumeroSequencialDocumento=115512
06.981.180/0001-16;2022-01-01;1;CEMIG DISTRIBUICAO S.A.;020303;FCA;113242;2022-03-30;http://www.rad.cvm.gov.br/ENETCONSULTA/frmDownloadDocumento.aspx?CodigoInstituicao=1&NumeroSequencialDocumento=113242
06.981.180/0001-16;2022-01-01;2;CEMIG DISTRIBUICAO S.A.;020303;FCA;115511;2022-05-18;http://www.rad.cvm.gov.br/ENETCONSULTA/frmDownloadDocumento.aspx?CodigoInstituicao=1&NumeroSequencialDocumento=115511
06.981.381/0001-13;2022-01-01;1;CTC - CENTRO DE TECNOLOGIA CANAVIEIRA S.A.;023981;FCA;116334;2022-05-31;http://www.rad.cvm.gov.br/ENETCONSULTA/frmDownloadDocumento.aspx?CodigoInstituicao=1&NumeroSequencialDocumento=116334
06.981.381/0001-13;2022-01-01;2;CTC - CENTRO DE TECNOLOGIA CANAVIEIRA S.A.;023981;FCA;122305;2022-11-22;http://www.rad.cvm.gov.br/ENETCONSULTA/frmDownloadDocumento.aspx?CodigoInstituicao=1&NumeroSequencialDocumento=122305
07.040.108/0001-57;2022-01-01;1;CAGECE - CIA DE AGUA E ESGOTO DO CEARA;018546;FCA;111048;2022-01-03;http://www.rad.cvm.gov.br/ENETCONSULTA/frmDownloadDocumento.aspx?CodigoInstituicao=1&NumeroSequencialDocumento=111048
07.040.108/0001-57;2022-01-01;2;CAGECE - CIA DE AGUA E ESGOTO DO CEARA;018546;FCA;121335;2022-11-04;http://www.rad.cvm.gov.br/ENETCONSULTA/frmDownloadDocumento.aspx?CodigoInstituicao=1&NumeroSequencialDocumento=121335
07.040.108/0001-57;2022-01-01;3;CAGECE - CIA DE AGUA E ESGOTO DO CEARA;018546;FCA;121517;2022-11-09;http://www.rad.cvm.gov.br/ENETCONSULTA/frmDownloadDocumento.aspx?CodigoInstituicao=1&NumeroSequencialDocumento=121517
07.043.628/0001-13;2022-01-01;1;CLARO TELECOM PARTICIPAÇÕES S.A.;023531;FCA;111789;2022-02-15;http://www.rad.cvm.gov.br/ENETCONSULTA/frmDownloadDocumento.aspx?CodigoInstituicao=1&NumeroSequencialDocumento=111789
07.043.628/0001-13;2022-01-01;2;CLARO TELECOM PARTICIPAÇÕES S.A.;023531;FCA;114400;2022-05-05;http://www.rad.cvm.gov.br/ENETCONSULTA/frmDownloadDocumento.aspx?CodigoInstituicao=1&NumeroSequencialDocumento=114400
07.043.628/0001-13;2022-01-01;3;CLARO TELECOM PARTICIPAÇÕES S.A.;023531;FCA;116056;2022-05-30;http://www.rad.cvm.gov.br/ENETCONSULTA/frmDownloadDocumento.aspx?CodigoInstituicao=1&NumeroSequencialDocumento=116056
07.047.251/0001-70;2022-01-01;1;CIA ENERGETICA DO CEARA - COELCE;014869;FCA;113809;2022-04-18;http://www.rad.cvm.gov.br/ENETCONSULTA/frmDownloadDocumento.aspx?CodigoInstituicao=1&NumeroSequencialDocumento=113809
07.119.838/0001-48;2022-01-01;1;SECME - COMPANHIA SECURITIZADORA DE CRÉDITOS IMOBILIÁRIOS;019720;FCA;111116;2022-01-05;http://www.rad.cvm.gov.br/ENETCONSULTA/frmDownloadDocumento.aspx?CodigoInstituicao=1&NumeroSequencialDocumento=111116
07.119.838/0001-48;2022-01-01;2;SECME - COMPANHIA SECURITIZADORA DE CRÉDITOS IMOBILIÁRIOS;019720;FCA;116836;2022-06-03;http://www.rad.cvm.gov.br/ENETCONSULTA/frmDownloadDocumento.aspx?CodigoInstituicao=1&NumeroSequencialDocumento=116836
07.119.838/0001-48;2022-01-01;3;SECME - COMPANHIA SECURITIZADORA DE CRÉDITOS IMOBILIÁRIOS;019720;FCA;122685;2022-12-21;http://www.rad.cvm.gov.br/ENETCONSULTA/frmDownloadDocumento.aspx?CodigoInstituicao=1&NumeroSequencialDocumento=122685
07.206.816/0001-15;2022-01-01;1;M.DIAS BRANCO S.A. IND COM DE ALIMENTOS;020338;FCA;119246;2022-08-04;http://www.rad.cvm.gov.br/ENETCONSULTA/frmDownloadDocumento.aspx?CodigoInstituicao=1&NumeroSequencialDocumento=119246
07.237.373/0001-20;2022-01-01;1;BCO NORDESTE DO BRASIL S.A.;001228;FCA;111307;2022-01-19;http://www.rad.cvm.gov.br/ENETCONSULTA/frmDownloadDocumento.aspx?CodigoInstituicao=1&NumeroSequencialDocumento=111307
07.237.373/0001-20;2022-01-01;2;BCO NORDESTE DO BRASIL S.A.;001228;FCA;112282;2022-03-07;http://www.rad.cvm.gov.br/ENETCONSULTA/frmDownloadDocumento.aspx?CodigoInstituicao=1&NumeroSequencialDocumento=112282
07.237.373/0001-20;2022-01-01;3;BCO NORDESTE DO BRASIL S.A.;001228;FCA;113913;2022-04-25;http://www.rad.cvm.gov.br/ENETCONSULTA/frmDownloadDocumento.aspx?CodigoInstituicao=1&NumeroSequencialDocumento=113913
07.237.373/0001-20;2022-01-01;4;BCO NORDESTE DO BRASIL S.A.;001228;FCA;119312;2022-08-08;http://www.rad.cvm.gov.br/ENETCONSULTA/frmDownloadDocumento.aspx?CodigoInstituicao=1&NumeroSequencialDocumento=119312
07.253.321/0001-47;2022-01-01;1;CARBOMIL SA MINER. E INDUSTRIA;014168;FCA;114597;2022-05-10;http://www.rad.cvm.gov.br/ENETCONSULTA/frmDownloadDocumento.aspx?CodigoInstituicao=1&NumeroSequencialDocumento=114597
07.253.321/0001-47;2022-01-01;2;CARBOMIL SA MINER. E INDUSTRIA;014168;FCA;121046;2022-10-18;http://www.rad.cvm.gov.br/ENETCONSULTA/frmDownloadDocumento.aspx?CodigoInstituicao=1&NumeroSequencialDocumento=121046
07.275.159/0001-68;2022-01-01;1;PETROLEO LUB DO NORDESTE SA;009520;FCA;114733;2022-05-11;http://www.rad.cvm.gov.br/ENETCONSULTA/frmDownloadDocumento.aspx?CodigoInstituicao=1&NumeroSequencialDocumento=114733
07.282.377/0001-20;2022-01-01;1;ENERGISA SUL-SUDESTE - DISTRIBUIDORA DE ENERGIA S/A;024864;FCA;116559;2022-05-31;http://www.rad.cvm.gov.br/ENETCONSULTA/frmDownloadDocumento.aspx?CodigoInstituicao=1&NumeroSequencialDocumento=116559
07.282.377/0001-20;2022-01-01;2;ENERGISA SUL-SUDESTE - DISTRIBUIDORA DE ENERGIA S/A;024864;FCA;120465;2022-09-05;http://www.rad.cvm.gov.br/ENETCONSULTA/frmDownloadDocumento.aspx?CodigoInstituicao=1&NumeroSequencialDocumento=120465
07.334.600/0001-35;2022-01-01;1;MARINA DE IRACEMA PARK SA;016268;FCA;112844;2022-03-23;http://www.rad.cvm.gov.br/ENETCONSULTA/frmDownloadDocumento.aspx?CodigoInstituicao=1&NumeroSequencialDocumento=112844
07.334.600/0001-35;2022-01-01;2;MARINA DE IRACEMA PARK SA;016268;FCA;114457;2022-05-06;http://www.rad.cvm.gov.br/ENETCONSULTA/frmDownloadDocumento.aspx?CodigoInstituicao=1&NumeroSequencialDocumento=114457
07.401.436/0001-31;2022-01-01;1;ELDORADO BRASIL CELULOSE S.A.;022810;FCA;115453;2022-05-17;http://www.rad.cvm.gov.br/ENETCONSULTA/frmDownloadDocumento.aspx?CodigoInstituicao=1&NumeroSequencialDocumento=115453
07.401.436/0001-31;2022-01-01;2;ELDORADO BRASIL CELULOSE S.A.;022810;FCA;115652;2022-05-23;http://www.rad.cvm.gov.br/ENETCONSULTA/frmDownloadDocumento.aspx?CodigoInstituicao=1&NumeroSequencialDocumento=115652
07.401.436/0001-31;2022-01-01;3;ELDORADO BRASIL CELULOSE S.A.;022810;FCA;116931;2022-06-10;http://www.rad.cvm.gov.br/ENETCONSULTA/frmDownloadDocumento.aspx?CodigoInstituicao=1&NumeroSequencialDocumento=116931
07.415.333/0001-20;2022-01-01;1;SIMPAR S.A.;025003;FCA;116584;2022-05-31;http://www.rad.cvm.gov.br/ENETCONSULTA/frmDownloadDocumento.aspx?CodigoInstituicao=1&NumeroSequencialDocumento=116584
07.437.016/0001-05;2022-01-01;1;CINESYSTEM S.A.;023965;FCA;112699;2022-03-18;http://www.rad.cvm.gov.br/ENETCONSULTA/frmDownloadDocumento.aspx?CodigoInstituicao=1&NumeroSequencialDocumento=112699
07.526.557/0001-00;2022-01-01;1;AMBEV S.A.;023264;FCA;115153;2022-05-13;http://www.rad.cvm.gov.br/ENETCONSULTA/frmDownloadDocumento.aspx?CodigoInstituicao=1&NumeroSequencialDocumento=115153
07.526.557/0001-00;2022-01-01;2;AMBEV S.A.;023264;FCA;115878;2022-05-27;http://www.rad.cvm.gov.br/ENETCONSULTA/frmDownloadDocumento.aspx?CodigoInstituicao=1&NumeroSequencialDocumento=115878
07.587.384/0001-30;2022-01-01;1;PLANETA SECURITIZADORA S.A.;020222;FCA;113264;2022-03-30;http://www.rad.cvm.gov.br/ENETCONSULTA/frmDownloadDocumento.aspx?CodigoInstituicao=1&NumeroSequencialDocumento=113264
07.587.384/0001-30;2022-01-01;2;PLANETA SECURITIZADORA S.A.;020222;FCA;119214;2022-08-04;http://www.rad.cvm.gov.br/ENETCONSULTA/frmDownloadDocumento.aspx?CodigoInstituicao=1&NumeroSequencialDocumento=119214
07.594.978/0001-78;2022-01-01;1;SMARTFIT ESCOLA DE GINÁSTICA E DANÇA S.A.;024260;FCA;113710;2022-04-12;http://www.rad.cvm.gov.br/ENETCONSULTA/frmDownloadDocumento.aspx?CodigoInstituicao=1&NumeroSequencialDocumento=113710
07.628.528/0001-59;2022-01-01;1;BRASILAGRO - CIA BRAS DE PROP AGRICOLAS;020036;FCA;113375;2022-03-31;http://www.rad.cvm.gov.br/ENETCONSULTA/frmDownloadDocumento.aspx?CodigoInstituicao=1&NumeroSequencialDocumento=113375
07.636.657/0001-99;2022-01-01;1;AÇO VERDE DO BRASIL S.A;026425;FCA;111684;2022-02-10;http://www.rad.cvm.gov.br/ENETCONSULTA/frmDownloadDocumento.aspx?CodigoInstituicao=1&NumeroSequencialDocumento=111684
07.659.538/0001-51;2022-01-01;1;DINAMICA ENERGIA S.A.;020052;FCA;112339;2022-03-09;http://www.rad.cvm.gov.br/ENETCONSULTA/frmDownloadDocumento.aspx?CodigoInstituicao=1&NumeroSequencialDocumento=112339
07.659.538/0001-51;2022-01-01;2;DINAMICA ENERGIA S.A.;020052;FCA;115738;2022-05-25;http://www.rad.cvm.gov.br/ENETCONSULTA/frmDownloadDocumento.aspx?CodigoInstituicao=1&NumeroSequencialDocumento=115738
07.689.002/0001-89;2022-01-01;1;EMBRAER S.A.;020087;FCA;111281;2022-01-18;http://www.rad.cvm.gov.br/ENETCONSULTA/frmDownloadDocumento.aspx?CodigoInstituicao=1&NumeroSequencialDocumento=111281
07.689.002/0001-89;2022-01-01;2;EMBRAER S.A.;020087;FCA;112255;2022-03-07;http://www.rad.cvm.gov.br/ENETCONSULTA/frmDownloadDocumento.aspx?CodigoInstituicao=1&NumeroSequencialDocumento=112255
07.704.246/0001-93;2022-01-01;1;DATORA PARTICIPAÇÕES E SERVIÇOS S.A.;026557;FCA;112814;2022-03-22;http://www.rad.cvm.gov.br/ENETCONSULTA/frmDownloadDocumento.aspx?CodigoInstituicao=1&NumeroSequencialDocumento=112814
07.718.269/0001-57;2022-01-01;1;SPRINGS GLOBAL PARTICIPACOES S.A.;020966;FCA;111797;2022-02-16;http://www.rad.cvm.gov.br/ENETCONSULTA/frmDownloadDocumento.aspx?CodigoInstituicao=1&NumeroSequencialDocumento=111797
07.802.794/0001-56;2022-01-01;1;ESSENTIA PCHS S.A.;026158;FCA;118239;2022-07-01;http://www.rad.cvm.gov.br/ENETCONSULTA/frmDownloadDocumento.aspx?CodigoInstituicao=1&NumeroSequencialDocumento=118239
07.802.794/0001-56;2022-01-01;2;ESSENTIA PCHS S.A.;026158;FCA;118414;2022-07-11;http://www.rad.cvm.gov.br/ENETCONSULTA/frmDownloadDocumento.aspx?CodigoInstituicao=1&NumeroSequencialDocumento=118414
07.802.794/0001-56;2022-01-01;3;ESSENTIA PCHS S.A.;026158;FCA;118714;2022-07-27;http://www.rad.cvm.gov.br/ENETCONSULTA/frmDownloadDocumento.aspx?CodigoInstituicao=1&NumeroSequencialDocumento=118714
07.816.890/0001-53;2022-01-01;1;MULTIPLAN - EMPREEND IMOBILIARIOS S.A.;020982;FCA;111399;2022-01-27;http://www.rad.cvm.gov.br/ENETCONSULTA/frmDownloadDocumento.aspx?CodigoInstituicao=1&NumeroSequencialDocumento=111399
07.816.890/0001-53;2022-01-01;2;MULTIPLAN - EMPREEND IMOBILIARIOS S.A.;020982;FCA;122830;2022-12-29;http://www.rad.cvm.gov.br/ENETCONSULTA/frmDownloadDocumento.aspx?CodigoInstituicao=1&NumeroSequencialDocumento=122830
07.820.907/0001-46;2022-01-01;1;FICA EMPREENDIMENTOS IMOBILIÁRIOS S.A.;020630;FCA;114319;2022-05-05;http://www.rad.cvm.gov.br/ENETCONSULTA/frmDownloadDocumento.aspx?CodigoInstituicao=1&NumeroSequencialDocumento=114319
07.823.262/0001-03;2022-01-01;1;FOZ DO RIO CLARO ENERGIA S.A.;026697;FCA;115716;2022-05-24;http://www.rad.cvm.gov.br/ENETCONSULTA/frmDownloadDocumento.aspx?CodigoInstituicao=1&NumeroSequencialDocumento=115716
07.857.093/0001-14;2022-01-01;1;AURA MINERALS INC.;080187;FCA;116177;2022-05-31;http://www.rad.cvm.gov.br/ENETCONSULTA/frmDownloadDocumento.aspx?CodigoInstituicao=1&NumeroSequencialDocumento=116177
07.857.093/0001-14;2022-01-01;2;AURA MINERALS INC.;080187;FCA;122822;2022-12-29;http://www.rad.cvm.gov.br/ENETCONSULTA/frmDownloadDocumento.aspx?CodigoInstituicao=1&NumeroSequencialDocumento=122822
07.857.850/0001-50;2022-01-01;1;GP INVESTMENTS, LTD.;080020;FCA;116513;2022-05-31;http://www.rad.cvm.gov.br/ENETCONSULTA/frmDownloadDocumento.aspx?CodigoInstituicao=1&NumeroSequencialDocumento=116513
07.859.510/0001-68;2022-01-01;1;JHSF MALLS S.A.;024473;FCA;112537;2022-03-15;http://www.rad.cvm.gov.br/ENETCONSULTA/frmDownloadDocumento.aspx?CodigoInstituicao=1&NumeroSequencialDocumento=112537
07.859.971/0001-30;2022-01-01;1;TRANSMISSORA ALIANÇA DE ENERGIA ELÉTRICA S.A.;020257;FCA;114545;2022-05-09;http://www.rad.cvm.gov.br/ENETCONSULTA/frmDownloadDocumento.aspx?CodigoInstituicao=1&NumeroSequencialDocumento=114545
07.882.930/0001-65;2022-01-01;1;MITRE REALTY EMPREENDIMENTOS E PARTICIPAÇÕES S.A.;024902;FCA;116349;2022-05-31;http://www.rad.cvm.gov.br/ENETCONSULTA/frmDownloadDocumento.aspx?CodigoInstituicao=1&NumeroSequencialDocumento=116349
07.976.147/0001-60;2022-01-01;1;MOVIDA LOCAÇÃO DE VEÍCULOS S.A.;025828;FCA;116406;2022-05-31;http://www.rad.cvm.gov.br/ENETCONSULTA/frmDownloadDocumento.aspx?CodigoInstituicao=1&NumeroSequencialDocumento=116406
08.065.557/0001-12;2022-01-01;1;TECNISA S.A.;020435;FCA;111412;2022-01-28;http://www.rad.cvm.gov.br/ENETCONSULTA/frmDownloadDocumento.aspx?CodigoInstituicao=1&NumeroSequencialDocumento=111412
08.065.557/0001-12;2022-01-01;2;TECNISA S.A.;020435;FCA;111413;2022-01-28;http://www.rad.cvm.gov.br/ENETCONSULTA/frmDownloadDocumento.aspx?CodigoInstituicao=1&NumeroSequencialDocumento=111413
08.065.557/0001-12;2022-01-01;3;TECNISA S.A.;020435;FCA;111619;2022-02-08;http://www.rad.cvm.gov.br/ENETCONSULTA/frmDownloadDocumento.aspx?CodigoInstituicao=1&NumeroSequencialDocumento=111619
08.065.557/0001-12;2022-01-01;4;TECNISA S.A.;020435;FCA;120403;2022-09-01;http://www.rad.cvm.gov.br/ENETCONSULTA/frmDownloadDocumento.aspx?CodigoInstituicao=1&NumeroSequencialDocumento=120403
08.070.508/0001-78;2022-01-01;1;RAIZEN ENERGIA S.A.;023230;FCA;116507;2022-05-31;http://www.rad.cvm.gov.br/ENETCONSULTA/frmDownloadDocumento.aspx?CodigoInstituicao=1&NumeroSequencialDocumento=116507
08.070.508/0001-78;2022-01-01;2;RAIZEN ENERGIA S.A.;023230;FCA;116964;2022-06-10;http://www.rad.cvm.gov.br/ENETCONSULTA/frmDownloadDocumento.aspx?CodigoInstituicao=1&NumeroSequencialDocumento=116964
08.078.847/0001-09;2022-01-01;1;LPS BRASIL - CONSULTORIA DE IMOVEIS S.A.;020370;FCA;113841;2022-04-19;http://www.rad.cvm.gov.br/ENETCONSULTA/frmDownloadDocumento.aspx?CodigoInstituicao=1&NumeroSequencialDocumento=113841
08.078.847/0001-09;2022-01-01;2;LPS BRASIL - CONSULTORIA DE IMOVEIS S.A.;020370;FCA;114626;2022-05-10;http://www.rad.cvm.gov.br/ENETCONSULTA/frmDownloadDocumento.aspx?CodigoInstituicao=1&NumeroSequencialDocumento=114626
08.159.965/0001-33;2022-01-01;1;IGUA SANEAMENTO S.A.;023175;FCA;111898;2022-02-21;http://www.rad.cvm.gov.br/ENETCONSULTA/frmDownloadDocumento.aspx?CodigoInstituicao=1&NumeroSequencialDocumento=111898
08.159.965/0001-33;2022-01-01;2;IGUA SANEAMENTO S.A.;023175;FCA;121428;2022-11-08;http://www.rad.cvm.gov.br/ENETCONSULTA/frmDownloadDocumento.aspx?CodigoInstituicao=1&NumeroSequencialDocumento=121428
08.170.849/0001-15;2022-01-01;1;DESKTOP S.A.;026026;FCA;116038;2022-05-30;http://www.rad.cvm.gov.br/ENETCONSULTA/frmDownloadDocumento.aspx?CodigoInstituicao=1&NumeroSequencialDocumento=116038
08.170.849/0001-15;2022-01-01;2;DESKTOP S.A.;026026;FCA;120148;2022-08-19;http://www.rad.cvm.gov.br/ENETCONSULTA/frmDownloadDocumento.aspx?CodigoInstituicao=1&NumeroSequencialDocumento=120148
08.213.823/0001-07;2022-01-01;1;AURA ALMAS MINERAÇÃO S.A.;026590;FCA;113957;2022-04-26;http://www.rad.cvm.gov.br/ENETCONSULTA/frmDownloadDocumento.aspx?CodigoInstituicao=1&NumeroSequencialDocumento=113957
08.213.823/0001-07;2022-01-01;2;AURA ALMAS MINERAÇÃO S.A.;026590;FCA;122820;2022-12-29;http://www.rad.cvm.gov.br/ENETCONSULTA/frmDownloadDocumento.aspx?CodigoInstituicao=1&NumeroSequencialDocumento=122820
08.294.224/0001-65;2022-01-01;1;JHSF PARTICIPACOES S.A.;020605;FCA;112192;2022-03-03;http://www.rad.cvm.gov.br/ENETCONSULTA/frmDownloadDocumento.aspx?CodigoInstituicao=1&NumeroSequencialDocumento=112192
08.312.229/0001-73;2022-01-01;1;EZ TEC EMPREEND. E PARTICIPACOES S.A.;020770;FCA;112566;2022-03-16;http://www.rad.cvm.gov.br/ENETCONSULTA/frmDownloadDocumento.aspx?CodigoInstituicao=1&NumeroSequencialDocumento=112566
08.322.396/0001-03;2022-01-01;1;CERRADINHO BIOENERGIA S.A.;026522;FCA;115695;2022-05-24;http://www.rad.cvm.gov.br/ENETCONSULTA/frmDownloadDocumento.aspx?CodigoInstituicao=1&NumeroSequencialDocumento=115695
08.322.396/0001-03;2022-01-01;2;CERRADINHO BIOENERGIA S.A.;026522;FCA;117044;2022-06-17;http://www.rad.cvm.gov.br/ENETCONSULTA/frmDownloadDocumento.aspx?CodigoInstituicao=1&NumeroSequencialDocumento=117044
08.322.396/0001-03;2022-01-01;3;CERRADINHO BIOENERGIA S.A.;026522;FCA;122649;2022-12-20;http://www.rad.cvm.gov.br/ENETCONSULTA/frmDownloadDocumento.aspx?CodigoInstituicao=1&NumeroSequencialDocumento=122649
08.324.196/0001-81;2022-01-01;1;CIA ENERGETICA DO RIO GDE NORTE - COSERN;018139;FCA;112378;2022-03-09;http://www.rad.cvm.gov.br/ENETCONSULTA/frmDownloadDocumento.aspx?CodigoInstituicao=1&NumeroSequencialDocumento=112378
08.343.492/0001-20;2022-01-01;1;MRV ENGENHARIA E PARTICIPACOES S.A.;020915;FCA;112722;2022-03-18;http://www.rad.cvm.gov.br/ENETCONSULTA/frmDownloadDocumento.aspx?CodigoInstituicao=1&NumeroSequencialDocumento=112722
08.343.492/0001-20;2022-01-01;2;MRV ENGENHARIA E PARTICIPACOES S.A.;020915;FCA;114462;2022-05-06;http://www.rad.cvm.gov.br/ENETCONSULTA/frmDownloadDocumento.aspx?CodigoInstituicao=1&NumeroSequencialDocumento=114462
08.343.492/0001-20;2022-01-01;3;MRV ENGENHARIA E PARTICIPACOES S.A.;020915;FCA;122435;2022-12-01;http://www.rad.cvm.gov.br/ENETCONSULTA/frmDownloadDocumento.aspx?CodigoInstituicao=1&NumeroSequencialDocumento=122435
08.364.948/0001-38;2022-01-01;1;ALUPAR INVESTIMENTO S/A;021490;FCA;111089;2022-01-04;http://www.rad.cvm.gov.br/ENETCONSULTA/frmDownloadDocumento.aspx?CodigoInstituicao=1&NumeroSequencialDocumento=111089
08.364.948/0001-38;2022-01-01;2;ALUPAR INVESTIMENTO S/A;021490;FCA;112325;2022-03-08;http://www.rad.cvm.gov.br/ENETCONSULTA/frmDownloadDocumento.aspx?CodigoInstituicao=1&NumeroSequencialDocumento=112325
08.397.078/0001-01;2022-01-01;1;GSH CORP PARTICIPAÇÕES S.A.;026603;FCA;121033;2022-10-17;http://www.rad.cvm.gov.br/ENETCONSULTA/frmDownloadDocumento.aspx?CodigoInstituicao=1&NumeroSequencialDocumento=121033
08.402.943/0001-52;2022-01-01;1;GUARARAPES CONFECCOES S.A.;004669;FCA;112134;2022-02-25;http://www.rad.cvm.gov.br/ENETCONSULTA/frmDownloadDocumento.aspx?CodigoInstituicao=1&NumeroSequencialDocumento=112134
08.402.943/0001-52;2022-01-01;2;GUARARAPES CONFECCOES S.A.;004669;FCA;114499;2022-05-06;http://www.rad.cvm.gov.br/ENETCONSULTA/frmDownloadDocumento.aspx?CodigoInstituicao=1&NumeroSequencialDocumento=114499
08.402.943/0001-52;2022-01-01;3;GUARARAPES CONFECCOES S.A.;004669;FCA;117081;2022-06-21;http://www.rad.cvm.gov.br/ENETCONSULTA/frmDownloadDocumento.aspx?CodigoInstituicao=1&NumeroSequencialDocumento=117081
08.402.943/0001-52;2022-01-01;4;GUARARAPES CONFECCOES S.A.;004669;FCA;120075;2022-08-16;http://www.rad.cvm.gov.br/ENETCONSULTA/frmDownloadDocumento.aspx?CodigoInstituicao=1&NumeroSequencialDocumento=120075
08.402.943/0001-52;2022-01-01;5;GUARARAPES CONFECCOES S.A.;004669;FCA;121117;2022-10-24;http://www.rad.cvm.gov.br/ENETCONSULTA/frmDownloadDocumento.aspx?CodigoInstituicao=1&NumeroSequencialDocumento=121117
08.424.178/0001-71;2022-01-01;1;TECBLU TECELAGEM BLUMENAU S.A.;011215;FCA;115811;2022-05-27;http://www.rad.cvm.gov.br/ENETCONSULTA/frmDownloadDocumento.aspx?CodigoInstituicao=1&NumeroSequencialDocumento=115811
08.439.659/0001-50;2022-01-01;1;CPFL ENERGIAS RENOVÁVEIS S.A.;020540;FCA;113774;2022-04-14;http://www.rad.cvm.gov.br/ENETCONSULTA/frmDownloadDocumento.aspx?CodigoInstituicao=1&NumeroSequencialDocumento=113774
08.439.659/0001-50;2022-01-01;2;CPFL ENERGIAS RENOVÁVEIS S.A.;020540;FCA;114015;2022-04-28;http://www.rad.cvm.gov.br/ENETCONSULTA/frmDownloadDocumento.aspx?CodigoInstituicao=1&NumeroSequencialDocumento=114015
08.439.659/0001-50;2022-01-01;3;CPFL ENERGIAS RENOVÁVEIS S.A.;020540;FCA;122819;2022-12-29;http://www.rad.cvm.gov.br/ENETCONSULTA/frmDownloadDocumento.aspx?CodigoInstituicao=1&NumeroSequencialDocumento=122819
08.467.115/0001-00;2022-01-01;1;CIA ESTADUAL DE DISTRIB ENER ELET-CEEE-D;020648;FCA;116624;2022-05-31;http://www.rad.cvm.gov.br/ENETCONSULTA/frmDownloadDocumento.aspx?CodigoInstituicao=1&NumeroSequencialDocumento=116624
08.467.115/0001-00;2022-01-01;2;CIA ESTADUAL DE DISTRIB ENER ELET-CEEE-D;020648;FCA;117077;2022-06-21;http://www.rad.cvm.gov.br/ENETCONSULTA/frmDownloadDocumento.aspx?CodigoInstituicao=1&NumeroSequencialDocumento=117077
08.467.115/0001-00;2022-01-01;3;CIA ESTADUAL DE DISTRIB ENER ELET-CEEE-D;020648;FCA;117092;2022-06-22;http://www.rad.cvm.gov.br/ENETCONSULTA/frmDownloadDocumento.aspx?CodigoInstituicao=1&NumeroSequencialDocumento=117092
08.493.364/0001-62;2022-01-01;1;CIA MINEIRA DE AÇUCAR E ALCOOL PARTICIPAÇÕES;021709;FCA;114189;2022-05-03;http://www.rad.cvm.gov.br/ENETCONSULTA/frmDownloadDocumento.aspx?CodigoInstituicao=1&NumeroSequencialDocumento=114189
08.493.364/0001-62;2022-01-01;2;CIA MINEIRA DE AÇUCAR E ALCOOL PARTICIPAÇÕES;021709;FCA;116945;2022-06-10;http://www.rad.cvm.gov.br/ENETCONSULTA/frmDownloadDocumento.aspx?CodigoInstituicao=1&NumeroSequencialDocumento=116945
08.493.364/0001-62;2022-01-01;3;CIA MINEIRA DE AÇUCAR E ALCOOL PARTICIPAÇÕES;021709;FCA;122657;2022-12-20;http://www.rad.cvm.gov.br/ENETCONSULTA/frmDownloadDocumento.aspx?CodigoInstituicao=1&NumeroSequencialDocumento=122657
08.534.605/0001-74;2022-01-01;1;RENOVA ENERGIA S.A.;021636;FCA;116140;2022-05-31;http://www.rad.cvm.gov.br/ENETCONSULTA/frmDownloadDocumento.aspx?CodigoInstituicao=1&NumeroSequencialDocumento=116140
08.534.605/0001-74;2022-01-01;2;RENOVA ENERGIA S.A.;021636;FCA;116801;2022-06-02;http://www.rad.cvm.gov.br/ENETCONSULTA/frmDownloadDocumento.aspx?CodigoInstituicao=1&NumeroSequencialDocumento=116801
08.534.605/0001-74;2022-01-01;3;RENOVA ENERGIA S.A.;021636;FCA;119754;2022-08-12;http://www.rad.cvm.gov.br/ENETCONSULTA/frmDownloadDocumento.aspx?CodigoInstituicao=1&NumeroSequencialDocumento=119754
08.534.605/0001-74;2022-01-01;4;RENOVA ENERGIA S.A.;021636;FCA;122579;2022-12-13;http://www.rad.cvm.gov.br/ENETCONSULTA/frmDownloadDocumento.aspx?CodigoInstituicao=1&NumeroSequencialDocumento=122579
08.560.444/0001-93;2022-01-01;1;CIA CELG DE PARTICIPACOES - CELGPAR;021393;FCA;116135;2022-05-31;http://www.rad.cvm.gov.br/ENETCONSULTA/frmDownloadDocumento.aspx?CodigoInstituicao=1&NumeroSequencialDocumento=116135
08.560.444/0001-93;2022-01-01;2;CIA CELG DE PARTICIPACOES - CELGPAR;021393;FCA;118219;2022-07-01;http://www.rad.cvm.gov.br/ENETCONSULTA/frmDownloadDocumento.aspx?CodigoInstituicao=1&NumeroSequencialDocumento=118219
08.574.411/0001-00;2022-01-01;1;PRÁTICA PRODUTOS S.A.;024546;FCA;116282;2022-05-31;http://www.rad.cvm.gov.br/ENETCONSULTA/frmDownloadDocumento.aspx?CodigoInstituicao=1&NumeroSequencialDocumento=116282
08.613.550/0001-98;2022-01-01;1;NEXPE PARTICIPAÇÕES S.A;021180;FCA;115534;2022-05-18;http://www.rad.cvm.gov.br/ENETCONSULTA/frmDownloadDocumento.aspx?CodigoInstituicao=1&NumeroSequencialDocumento=115534
08.613.550/0001-98;2022-01-01;2;NEXPE PARTICIPAÇÕES S.A;021180;FCA;121067;2022-10-19;http://www.rad.cvm.gov.br/ENETCONSULTA/frmDownloadDocumento.aspx?CodigoInstituicao=1&NumeroSequencialDocumento=121067
08.613.550/0001-98;2022-01-01;3;NEXPE PARTICIPAÇÕES S.A;021180;FCA;122201;2022-11-16;http://www.rad.cvm.gov.br/ENETCONSULTA/frmDownloadDocumento.aspx?CodigoInstituicao=1&NumeroSequencialDocumento=122201
08.764.621/0001-53;2022-01-01;1;GENERAL SHOPPING E OUTLETS DO BRASIL BRASIL S.A.;021008;FCA;113064;2022-03-28;http://www.rad.cvm.gov.br/ENETCONSULTA/frmDownloadDocumento.aspx?CodigoInstituicao=1&NumeroSequencialDocumento=113064
08.764.621/0001-53;2022-01-01;2;GENERAL SHOPPING E OUTLETS DO BRASIL BRASIL S.A.;021008;FCA;114449;2022-05-06;http://www.rad.cvm.gov.br/ENETCONSULTA/frmDownloadDocumento.aspx?CodigoInstituicao=1&NumeroSequencialDocumento=114449
08.769.451/0001-08;2022-01-01;1;VIRGO COMPANHIA DE SECURITIZAÇÃO;020818;FCA;114583;2022-05-09;http://www.rad.cvm.gov.br/ENETCONSULTA/frmDownloadDocumento.aspx?CodigoInstituicao=1&NumeroSequencialDocumento=114583
08.773.135/0001-00;2022-01-01;1;2W ECOBANK S.A. - EM RECUPERAÇÃO JUDICIAL;025224;FCA;116101;2022-05-31;http://www.rad.cvm.gov.br/ENETCONSULTA/frmDownloadDocumento.aspx?CodigoInstituicao=1&NumeroSequencialDocumento=116101
08.773.191/0001-36;2022-01-01;1;BRASILIANA PARTICIPAÇÕES S/A;023930;FCA;115688;2022-05-24;http://www.rad.cvm.gov.br/ENETCONSULTA/frmDownloadDocumento.aspx?CodigoInstituicao=1&NumeroSequencialDocumento=115688
08.795.211/0001-70;2022-01-01;1;MAESTRO LOCADORA DE VEICULOS S.A.;023612;FCA;114646;2022-05-10;http://www.rad.cvm.gov.br/ENETCONSULTA/frmDownloadDocumento.aspx?CodigoInstituicao=1&NumeroSequencialDocumento=114646
08.797.760/0001-83;2022-01-01;1;CURY CONSTRUTORA E INCORPORADORA S.A.;025100;FCA;111736;2022-02-14;http://www.rad.cvm.gov.br/ENETCONSULTA/frmDownloadDocumento.aspx?CodigoInstituicao=1&NumeroSequencialDocumento=111736
08.797.760/0001-83;2022-01-01;2;CURY CONSTRUTORA E INCORPORADORA S.A.;025100;FCA;120946;2022-10-11;http://www.rad.cvm.gov.br/ENETCONSULTA/frmDownloadDocumento.aspx?CodigoInstituicao=1&NumeroSequencialDocumento=120946
08.801.621/0001-86;2022-01-01;1;SYN PROP & TECH S.A.;021040;FCA;113747;2022-04-13;http://www.rad.cvm.gov.br/ENETCONSULTA/frmDownloadDocumento.aspx?CodigoInstituicao=1&NumeroSequencialDocumento=113747
08.807.432/0001-10;2022-01-01;1;YDUQS PARTICIPACOES S.A.;021016;FCA;116462;2022-05-31;http://www.rad.cvm.gov.br/ENETCONSULTA/frmDownloadDocumento.aspx?CodigoInstituicao=1&NumeroSequencialDocumento=116462
08.810.422/0001-34;2022-01-01;1;GUARARAPES PAINÉIS S.A.;026115;FCA;113823;2022-04-19;http://www.rad.cvm.gov.br/ENETCONSULTA/frmDownloadDocumento.aspx?CodigoInstituicao=1&NumeroSequencialDocumento=113823
08.810.422/0001-34;2022-01-01;2;GUARARAPES PAINÉIS S.A.;026115;FCA;120915;2022-10-10;http://www.rad.cvm.gov.br/ENETCONSULTA/frmDownloadDocumento.aspx?CodigoInstituicao=1&NumeroSequencialDocumento=120915
08.811.643/0001-27;2022-01-01;1;TRISUL S.A.;021130;FCA;111149;2022-01-07;http://www.rad.cvm.gov.br/ENETCONSULTA/frmDownloadDocumento.aspx?CodigoInstituicao=1&NumeroSequencialDocumento=111149
08.811.643/0001-27;2022-01-01;2;TRISUL S.A.;021130;FCA;112809;2022-03-22;http://www.rad.cvm.gov.br/ENETCONSULTA/frmDownloadDocumento.aspx?CodigoInstituicao=1&NumeroSequencialDocumento=112809
08.811.643/0001-27;2022-01-01;3;TRISUL S.A.;021130;FCA;115865;2022-05-27;http://www.rad.cvm.gov.br/ENETCONSULTA/frmDownloadDocumento.aspx?CodigoInstituicao=1&NumeroSequencialDocumento=115865
08.811.643/0001-27;2022-01-01;4;TRISUL S.A.;021130;FCA;116745;2022-06-01;http://www.rad.cvm.gov.br/ENETCONSULTA/frmDownloadDocumento.aspx?CodigoInstituicao=1&NumeroSequencialDocumento=116745
08.811.643/0001-27;2022-01-01;5;TRISUL S.A.;021130;FCA;120207;2022-08-23;http://www.rad.cvm.gov.br/ENETCONSULTA/frmDownloadDocumento.aspx?CodigoInstituicao=1&NumeroSequencialDocumento=120207
08.822.767/0001-08;2022-01-01;1;CONCESSIONÁRIA DA RODOVIA MG-050 S.A.;024104;FCA;115768;2022-05-26;http://www.rad.cvm.gov.br/ENETCONSULTA/frmDownloadDocumento.aspx?CodigoInstituicao=1&NumeroSequencialDocumento=115768
08.827.501/0001-58;2022-01-01;1;AEGEA SANEAMENTO E PARTICIPAÇÕES S.A.;023396;FCA;112084;2022-02-25;http://www.rad.cvm.gov.br/ENETCONSULTA/frmDownloadDocumento.aspx?CodigoInstituicao=1&NumeroSequencialDocumento=112084
08.873.873/0001-10;2022-01-01;1;ECORODOVIAS CONCESSÕES E SERVIÇOS S.A.;021903;FCA;115981;2022-05-30;http://www.rad.cvm.gov.br/ENETCONSULTA/frmDownloadDocumento.aspx?CodigoInstituicao=1&NumeroSequencialDocumento=115981
08.873.873/0001-10;2022-01-01;2;ECORODOVIAS CONCESSÕES E SERVIÇOS S.A.;021903;FCA;119264;2022-08-05;http://www.rad.cvm.gov.br/ENETCONSULTA/frmDownloadDocumento.aspx?CodigoInstituicao=1&NumeroSequencialDocumento=119264
08.902.291/0001-15;2022-01-01;1;CSN MINERAÇÃO S.A.;025585;FCA;112749;2022-03-21;http://www.rad.cvm.gov.br/ENETCONSULTA/frmDownloadDocumento.aspx?CodigoInstituicao=1&NumeroSequencialDocumento=112749
08.902.291/0001-15;2022-01-01;2;CSN MINERAÇÃO S.A.;025585;FCA;119190;2022-08-03;http://www.rad.cvm.gov.br/ENETCONSULTA/frmDownloadDocumento.aspx?CodigoInstituicao=1&NumeroSequencialDocumento=119190
08.926.302/0001-05;2022-01-01;1;DOMMO ENERGIA S.A.;023493;FCA;114675;2022-05-10;http://www.rad.cvm.gov.br/ENETCONSULTA/frmDownloadDocumento.aspx?CodigoInstituicao=1&NumeroSequencialDocumento=114675
08.926.302/0001-05;2022-01-01;2;DOMMO ENERGIA S.A.;023493;FCA;114830;2022-05-11;http://www.rad.cvm.gov.br/ENETCONSULTA/frmDownloadDocumento.aspx?CodigoInstituicao=1&NumeroSequencialDocumento=114830
08.935.054/0001-50;2022-01-01;1;MULTINER S/A;021520;FCA;116498;2022-05-31;http://www.rad.cvm.gov.br/ENETCONSULTA/frmDownloadDocumento.aspx?CodigoInstituicao=1&NumeroSequencialDocumento=116498
08.935.054/0001-50;2022-01-01;2;MULTINER S/A;021520;FCA;122688;2022-12-21;http://www.rad.cvm.gov.br/ENETCONSULTA/frmDownloadDocumento.aspx?CodigoInstituicao=1&NumeroSequencialDocumento=122688
08.937.002/0001-13;2022-01-01;1;VISION SECURITIZADORA S.A.;021075;FCA;115724;2022-05-25;http://www.rad.cvm.gov.br/ENETCONSULTA/frmDownloadDocumento.aspx?CodigoInstituicao=1&NumeroSequencialDocumento=115724
09.041.168/0001-10;2022-01-01;1;LOG COMMERCIAL PROPERTIES E PARTICIPAÇÕES;023272;FCA;111398;2022-01-27;http://www.rad.cvm.gov.br/ENETCONSULTA/frmDownloadDocumento.aspx?CodigoInstituicao=1&NumeroSequencialDocumento=111398
09.041.168/0001-10;2022-01-01;2;LOG COMMERCIAL PROPERTIES E PARTICIPAÇÕES;023272;FCA;121272;2022-11-01;http://www.rad.cvm.gov.br/ENETCONSULTA/frmDownloadDocumento.aspx?CodigoInstituicao=1&NumeroSequencialDocumento=121272
09.042.817/0001-05;2022-01-01;1;BEMOBI MOBILE TECH S.A.;025500;FCA;112424;2022-03-10;http://www.rad.cvm.gov.br/ENETCONSULTA/frmDownloadDocumento.aspx?CodigoInstituicao=1&NumeroSequencialDocumento=112424
09.042.817/0001-05;2022-01-01;2;BEMOBI MOBILE TECH S.A.;025500;FCA;122341;2022-11-23;http://www.rad.cvm.gov.br/ENETCONSULTA/frmDownloadDocumento.aspx?CodigoInstituicao=1&NumeroSequencialDocumento=122341
09.053.134/0001-45;2022-01-01;1;ELFA MEDICAMENTOS S.A.;025348;FCA;114283;2022-05-04;http://www.rad.cvm.gov.br/ENETCONSULTA/frmDownloadDocumento.aspx?CodigoInstituicao=1&NumeroSequencialDocumento=114283
09.053.134/0001-45;2022-01-01;2;ELFA MEDICAMENTOS S.A.;025348;FCA;122238;2022-11-17;http://www.rad.cvm.gov.br/ENETCONSULTA/frmDownloadDocumento.aspx?CodigoInstituicao=1&NumeroSequencialDocumento=122238
09.054.385/0001-44;2022-01-01;1;INBRANDS S.A.;022560;FCA;112346;2022-03-09;http://www.rad.cvm.gov.br/ENETCONSULTA/frmDownloadDocumento.aspx?CodigoInstituicao=1&NumeroSequencialDocumento=112346
09.054.385/0001-44;2022-01-01;2;INBRANDS S.A.;022560;FCA;116742;2022-06-01;http://www.rad.cvm.gov.br/ENETCONSULTA/frmDownloadDocumento.aspx?CodigoInstituicao=1&NumeroSequencialDocumento=116742
09.074.183/0001-64;2022-01-01;1;TRANSBRASILIANA CONCESSIONÁRIA DE RODOVIA S.A;022225;FCA;112821;2022-03-22;http://www.rad.cvm.gov.br/ENETCONSULTA/frmDownloadDocumento.aspx?CodigoInstituicao=1&NumeroSequencialDocumento=112821
09.074.183/0001-64;2022-01-01;2;TRANSBRASILIANA CONCESSIONÁRIA DE RODOVIA S.A;022225;FCA;115516;2022-05-18;http://www.rad.cvm.gov.br/ENETCONSULTA/frmDownloadDocumento.aspx?CodigoInstituicao=1&NumeroSequencialDocumento=115516
09.083.175/0001-84;2022-01-01;1;MOSAICO TECNOLOGIA AO CONSUMIDOR S.A.;025470;FCA;111418;2022-01-28;http://www.rad.cvm.gov.br/ENETCONSULTA/frmDownloadDocumento.aspx?CodigoInstituicao=1&NumeroSequencialDocumento=111418
09.095.183/0001-40;2022-01-01;1;ENERGISA PARAÍBA - DISTRIBUIDORA DE ENERGIA S/A;021938;FCA;116547;2022-05-31;http://www.rad.cvm.gov.br/ENETCONSULTA/frmDownloadDocumento.aspx?CodigoInstituicao=1&NumeroSequencialDocumento=116547
09.095.183/0001-40;2022-01-01;2;ENERGISA PARAÍBA - DISTRIBUIDORA DE ENERGIA S/A;021938;FCA;116933;2022-06-10;http://www.rad.cvm.gov.br/ENETCONSULTA/frmDownloadDocumento.aspx?CodigoInstituicao=1&NumeroSequencialDocumento=116933
09.095.183/0001-40;2022-01-01;3;ENERGISA PARAÍBA - DISTRIBUIDORA DE ENERGIA S/A;021938;FCA;120463;2022-09-05;http://www.rad.cvm.gov.br/ENETCONSULTA/frmDownloadDocumento.aspx?CodigoInstituicao=1&NumeroSequencialDocumento=120463
09.112.685/0001-32;2022-01-01;1;OSX BRASIL S.A. - EM RECUPERAÇÃO JUDICIAL;021342;FCA;114251;2022-05-04;http://www.rad.cvm.gov.br/ENETCONSULTA/frmDownloadDocumento.aspx?CodigoInstituicao=1&NumeroSequencialDocumento=114251
09.114.805/0001-30;2022-01-01;1;OCEANPACT SERVIÇOS MARITIMOS S.A.;025534;FCA;111128;2022-01-06;http://www.rad.cvm.gov.br/ENETCONSULTA/frmDownloadDocumento.aspx?CodigoInstituicao=1&NumeroSequencialDocumento=111128
09.116.278/0001-01;2022-01-01;1;CONPEL CIA NORDESTINA PAPEL - EM RECUPERAÇÃO JUDICIAL;004685;FCA;115645;2022-05-23;http://www.rad.cvm.gov.br/ENETCONSULTA/frmDownloadDocumento.aspx?CodigoInstituicao=1&NumeroSequencialDocumento=115645
09.146.451/0001-06;2022-01-01;1;KALLAS INCORPORAÇÕES E CONSTRUÇÕES S.A.;025798;FCA;118314;2022-07-06;http://www.rad.cvm.gov.br/ENETCONSULTA/frmDownloadDocumento.aspx?CodigoInstituicao=1&NumeroSequencialDocumento=118314
09.149.503/0001-06;2022-01-01;1;SERENA GERAÇÃO S.A.;023426;FCA;116154;2022-05-31;http://www.rad.cvm.gov.br/ENETCONSULTA/frmDownloadDocumento.aspx?CodigoInstituicao=1&NumeroSequencialDocumento=116154
09.149.503/0001-06;2022-01-01;2;SERENA GERAÇÃO S.A.;023426;FCA;118366;2022-07-08;http://www.rad.cvm.gov.br/ENETCONSULTA/frmDownloadDocumento.aspx?CodigoInstituicao=1&NumeroSequencialDocumento=118366
09.149.503/0001-06;2022-01-01;3;SERENA GERAÇÃO S.A.;023426;FCA;118399;2022-07-11;http://www.rad.cvm.gov.br/ENETCONSULTA/frmDownloadDocumento.aspx?CodigoInstituicao=1&NumeroSequencialDocumento=118399
09.229.201/0001-30;2022-01-01;1;GPS PARTICIPAÇÕES E EMPREENDIMENTOS S.A.;025712;FCA;116701;2022-05-31;http://www.rad.cvm.gov.br/ENETCONSULTA/frmDownloadDocumento.aspx?CodigoInstituicao=1&NumeroSequencialDocumento=116701
09.229.201/0001-30;2022-01-01;2;GPS PARTICIPAÇÕES E EMPREENDIMENTOS S.A.;025712;FCA;117037;2022-06-15;http://www.rad.cvm.gov.br/ENETCONSULTA/frmDownloadDocumento.aspx?CodigoInstituicao=1&NumeroSequencialDocumento=117037
09.229.201/0001-30;2022-01-01;3;GPS PARTICIPAÇÕES E EMPREENDIMENTOS S.A.;025712;FCA;121341;2022-11-04;http://www.rad.cvm.gov.br/ENETCONSULTA/frmDownloadDocumento.aspx?CodigoInstituicao=1&NumeroSequencialDocumento=121341
09.257.877/0001-37;2022-01-01;1;FERROVIA NORTE SUL S/A;021814;FCA;112217;2022-03-04;http://www.rad.cvm.gov.br/ENETCONSULTA/frmDownloadDocumento.aspx?CodigoInstituicao=1&NumeroSequencialDocumento=112217
09.267.996/0001-70;2022-01-01;1;YUNY INCORPORADORA HOLDING S.A.;025976;FCA;116403;2022-05-31;http://www.rad.cvm.gov.br/ENETCONSULTA/frmDownloadDocumento.aspx?CodigoInstituicao=1&NumeroSequencialDocumento=116403
09.288.252/0001-32;2022-01-01;1;ANIMA HOLDING S.A.;023248;FCA;112333;2022-03-09;http://www.rad.cvm.gov.br/ENETCONSULTA/frmDownloadDocumento.aspx?CodigoInstituicao=1&NumeroSequencialDocumento=112333
09.288.252/0001-32;2022-01-01;2;ANIMA HOLDING S.A.;023248;FCA;120286;2022-08-26;http://www.rad.cvm.gov.br/ENETCONSULTA/frmDownloadDocumento.aspx?CodigoInstituicao=1&NumeroSequencialDocumento=120286
09.288.252/0001-32;2022-01-01;3;ANIMA HOLDING S.A.;023248;FCA;122523;2022-12-08;http://www.rad.cvm.gov.br/ENETCONSULTA/frmDownloadDocumento.aspx?CodigoInstituicao=1&NumeroSequencialDocumento=122523
09.295.063/0001-97;2022-01-01;1;TECHNOS S.A.;022519;FCA;111468;2022-02-01;http://www.rad.cvm.gov.br/ENETCONSULTA/frmDownloadDocumento.aspx?CodigoInstituicao=1&NumeroSequencialDocumento=111468
09.295.063/0001-97;2022-01-01;2;TECHNOS S.A.;022519;FCA;111887;2022-02-18;http://www.rad.cvm.gov.br/ENETCONSULTA/frmDownloadDocumento.aspx?CodigoInstituicao=1&NumeroSequencialDocumento=111887
09.295.063/0001-97;2022-01-01;3;TECHNOS S.A.;022519;FCA;112759;2022-03-21;http://www.rad.cvm.gov.br/ENETCONSULTA/frmDownloadDocumento.aspx?CodigoInstituicao=1&NumeroSequencialDocumento=112759
09.304.427/0001-58;2022-01-01;1;HABITASEC SECURITIZADORA SA;021628;FCA;113290;2022-03-30;http://www.rad.cvm.gov.br/ENETCONSULTA/frmDownloadDocumento.aspx?CodigoInstituicao=1&NumeroSequencialDocumento=113290
09.304.427/0001-58;2022-01-01;2;HABITASEC SECURITIZADORA SA;021628;FCA;116360;2022-05-31;http://www.rad.cvm.gov.br/ENETCONSULTA/frmDownloadDocumento.aspx?CodigoInstituicao=1&NumeroSequencialDocumento=116360
09.305.994/0001-29;2022-01-01;1;AZUL S.A.;024112;FCA;115875;2022-05-27;http://www.rad.cvm.gov.br/ENETCONSULTA/frmDownloadDocumento.aspx?CodigoInstituicao=1&NumeroSequencialDocumento=115875
09.313.969/0001-97;2022-01-01;1;AUTOPISTA LITORAL SUL;021997;FCA;111298;2022-01-19;http://www.rad.cvm.gov.br/ENETCONSULTA/frmDownloadDocumento.aspx?CodigoInstituicao=1&NumeroSequencialDocumento=111298
09.313.969/0001-97;2022-01-01;2;AUTOPISTA LITORAL SUL;021997;FCA;111973;2022-02-23;http://www.rad.cvm.gov.br/ENETCONSULTA/frmDownloadDocumento.aspx?CodigoInstituicao=1&NumeroSequencialDocumento=111973
09.313.969/0001-97;2022-01-01;3;AUTOPISTA LITORAL SUL;021997;FCA;118538;2022-07-19;http://www.rad.cvm.gov.br/ENETCONSULTA/frmDownloadDocumento.aspx?CodigoInstituicao=1&NumeroSequencialDocumento=118538
09.324.949/0001-11;2022-01-01;1;AUTOPISTA FLUMINENSE SA;022004;FCA;111232;2022-01-13;http://www.rad.cvm.gov.br/ENETCONSULTA/frmDownloadDocumento.aspx?CodigoInstituicao=1&NumeroSequencialDocumento=111232
09.324.949/0001-11;2022-01-01;2;AUTOPISTA FLUMINENSE SA;022004;FCA;111941;2022-02-22;http://www.rad.cvm.gov.br/ENETCONSULTA/frmDownloadDocumento.aspx?CodigoInstituicao=1&NumeroSequencialDocumento=111941
09.324.949/0001-11;2022-01-01;3;AUTOPISTA FLUMINENSE SA;022004;FCA;111943;2022-02-22;http://www.rad.cvm.gov.br/ENETCONSULTA/frmDownloadDocumento.aspx?CodigoInstituicao=1&NumeroSequencialDocumento=111943
09.324.949/0001-11;2022-01-01;4;AUTOPISTA FLUMINENSE SA;022004;FCA;112155;2022-03-02;http://www.rad.cvm.gov.br/ENETCONSULTA/frmDownloadDocumento.aspx?CodigoInstituicao=1&NumeroSequencialDocumento=112155
09.325.109/0001-73;2022-01-01;1;AUTOPISTA PLANALTO SUL SA;021970;FCA;111277;2022-01-18;http://www.rad.cvm.gov.br/ENETCONSULTA/frmDownloadDocumento.aspx?CodigoInstituicao=1&NumeroSequencialDocumento=111277
09.325.109/0001-73;2022-01-01;2;AUTOPISTA PLANALTO SUL SA;021970;FCA;111972;2022-02-23;http://www.rad.cvm.gov.br/ENETCONSULTA/frmDownloadDocumento.aspx?CodigoInstituicao=1&NumeroSequencialDocumento=111972
09.325.109/0001-73;2022-01-01;3;AUTOPISTA PLANALTO SUL SA;021970;FCA;112191;2022-03-03;http://www.rad.cvm.gov.br/ENETCONSULTA/frmDownloadDocumento.aspx?CodigoInstituicao=1&NumeroSequencialDocumento=112191
09.325.109/0001-73;2022-01-01;4;AUTOPISTA PLANALTO SUL SA;021970;FCA;118537;2022-07-19;http://www.rad.cvm.gov.br/ENETCONSULTA/frmDownloadDocumento.aspx?CodigoInstituicao=1&NumeroSequencialDocumento=118537
09.326.342/0001-70;2022-01-01;1;AUTOPISTA FERNÃO DIAS SA;021989;FCA;111800;2022-02-16;http://www.rad.cvm.gov.br/ENETCONSULTA/frmDownloadDocumento.aspx?CodigoInstituicao=1&NumeroSequencialDocumento=111800
09.326.342/0001-70;2022-01-01;2;AUTOPISTA FERNÃO DIAS SA;021989;FCA;111981;2022-02-23;http://www.rad.cvm.gov.br/ENETCONSULTA/frmDownloadDocumento.aspx?CodigoInstituicao=1&NumeroSequencialDocumento=111981
09.326.342/0001-70;2022-01-01;3;AUTOPISTA FERNÃO DIAS SA;021989;FCA;112151;2022-03-02;http://www.rad.cvm.gov.br/ENETCONSULTA/frmDownloadDocumento.aspx?CodigoInstituicao=1&NumeroSequencialDocumento=112151
09.326.342/0001-70;2022-01-01;4;AUTOPISTA FERNÃO DIAS SA;021989;FCA;118310;2022-07-06;http://www.rad.cvm.gov.br/ENETCONSULTA/frmDownloadDocumento.aspx?CodigoInstituicao=1&NumeroSequencialDocumento=118310
09.326.342/0001-70;2022-01-01;5;AUTOPISTA FERNÃO DIAS SA;021989;FCA;118311;2022-07-06;http://www.rad.cvm.gov.br/ENETCONSULTA/frmDownloadDocumento.aspx?CodigoInstituicao=1&NumeroSequencialDocumento=118311
09.336.431/0001-06;2022-01-01;1;AUTOPISTA REGIS BITTENCOURT SA;021962;FCA;111278;2022-01-18;http://www.rad.cvm.gov.br/ENETCONSULTA/frmDownloadDocumento.aspx?CodigoInstituicao=1&NumeroSequencialDocumento=111278
09.336.431/0001-06;2022-01-01;2;AUTOPISTA REGIS BITTENCOURT SA;021962;FCA;111971;2022-02-23;http://www.rad.cvm.gov.br/ENETCONSULTA/frmDownloadDocumento.aspx?CodigoInstituicao=1&NumeroSequencialDocumento=111971
09.336.431/0001-06;2022-01-01;3;AUTOPISTA REGIS BITTENCOURT SA;021962;FCA;112187;2022-03-03;http://www.rad.cvm.gov.br/ENETCONSULTA/frmDownloadDocumento.aspx?CodigoInstituicao=1&NumeroSequencialDocumento=112187
09.336.431/0001-06;2022-01-01;4;AUTOPISTA REGIS BITTENCOURT SA;021962;FCA;118539;2022-07-19;http://www.rad.cvm.gov.br/ENETCONSULTA/frmDownloadDocumento.aspx?CodigoInstituicao=1&NumeroSequencialDocumento=118539
09.346.601/0001-25;2022-01-01;1;B3 S.A. - BRASIL, BOLSA, BALCÃO;021610;FCA;114271;2022-05-04;http://www.rad.cvm.gov.br/ENETCONSULTA/frmDownloadDocumento.aspx?CodigoInstituicao=1&NumeroSequencialDocumento=114271
09.346.601/0001-25;2022-01-01;2;B3 S.A. - BRASIL, BOLSA, BALCÃO;021610;FCA;122236;2022-11-17;http://www.rad.cvm.gov.br/ENETCONSULTA/frmDownloadDocumento.aspx?CodigoInstituicao=1&NumeroSequencialDocumento=122236
09.347.516/0001-81;2022-01-01;1;ELETROMIDIA S.A.;025569;FCA;116057;2022-05-30;http://www.rad.cvm.gov.br/ENETCONSULTA/frmDownloadDocumento.aspx?CodigoInstituicao=1&NumeroSequencialDocumento=116057
09.391.823/0001-60;2022-01-01;1;AXIA ENERGIA UHE SANTO ANTÔNIO S.A.;023388;FCA;112126;2022-02-25;http://www.rad.cvm.gov.br/ENETCONSULTA/frmDownloadDocumento.aspx?CodigoInstituicao=1&NumeroSequencialDocumento=112126
09.391.823/0001-60;2022-01-01;2;AXIA ENERGIA UHE SANTO ANTÔNIO S.A.;023388;FCA;117020;2022-06-15;http://www.rad.cvm.gov.br/ENETCONSULTA/frmDownloadDocumento.aspx?CodigoInstituicao=1&NumeroSequencialDocumento=117020
09.391.823/0001-60;2022-01-01;3;AXIA ENERGIA UHE SANTO ANTÔNIO S.A.;023388;FCA;120299;2022-08-29;http://www.rad.cvm.gov.br/ENETCONSULTA/frmDownloadDocumento.aspx?CodigoInstituicao=1&NumeroSequencialDocumento=120299
09.414.761/0001-64;2022-01-01;1;K-INFRA RODOVIA DO AÇO S.A.;022446;FCA;115643;2022-05-23;http://www.rad.cvm.gov.br/ENETCONSULTA/frmDownloadDocumento.aspx?CodigoInstituicao=1&NumeroSequencialDocumento=115643
09.527.023/0001-23;2022-01-01;1;ENVIRONMENTAL ESG PARTICIPAÇÕES S.A.;026271;FCA;116363;2022-05-31;http://www.rad.cvm.gov.br/ENETCONSULTA/frmDownloadDocumento.aspx?CodigoInstituicao=1&NumeroSequencialDocumento=116363
09.538.973/0001-53;2022-01-01;1;PDG COMPANHIA SECURITIZADORA;021644;FCA;115911;2022-05-30;http://www.rad.cvm.gov.br/ENETCONSULTA/frmDownloadDocumento.aspx?CodigoInstituicao=1&NumeroSequencialDocumento=115911
09.584.854/0001-37;2022-01-01;1;MANAUS TRANSMISSORA DE ENERGIA S.A;026719;FCA;120697;2022-09-22;http://www.rad.cvm.gov.br/ENETCONSULTA/frmDownloadDocumento.aspx?CodigoInstituicao=1&NumeroSequencialDocumento=120697
09.611.768/0001-76;2022-01-01;1;INC EMPREENDIMENTOS IMOBILIÁRIOS S.A.;024279;FCA;116107;2022-05-31;http://www.rad.cvm.gov.br/ENETCONSULTA/frmDownloadDocumento.aspx?CodigoInstituicao=1&NumeroSequencialDocumento=116107
09.625.321/0001-56;2022-01-01;1;NORTE BRASIL TRANSMISSORA DE ENERGIA S.A.;024988;FCA;120696;2022-09-22;http://www.rad.cvm.gov.br/ENETCONSULTA/frmDownloadDocumento.aspx?CodigoInstituicao=1&NumeroSequencialDocumento=120696
09.813.204/0001-16;2022-01-01;1;W2W E-COMMERCE DE VINHOS S.A.;025852;FCA;115346;2022-05-16;http://www.rad.cvm.gov.br/ENETCONSULTA/frmDownloadDocumento.aspx?CodigoInstituicao=1&NumeroSequencialDocumento=115346
09.813.204/0001-16;2022-01-01;2;W2W E-COMMERCE DE VINHOS S.A.;025852;FCA;116755;2022-06-01;http://www.rad.cvm.gov.br/ENETCONSULTA/frmDownloadDocumento.aspx?CodigoInstituicao=1&NumeroSequencialDocumento=116755
10.139.870/0001-08;2022-01-01;1;NEOGRID PARTICIPAÇÕES S.A.;025399;FCA;112412;2022-03-10;http://www.rad.cvm.gov.br/ENETCONSULTA/frmDownloadDocumento.aspx?CodigoInstituicao=1&NumeroSequencialDocumento=112412
10.139.870/0001-08;2022-01-01;2;NEOGRID PARTICIPAÇÕES S.A.;025399;FCA;115919;2022-05-30;http://www.rad.cvm.gov.br/ENETCONSULTA/frmDownloadDocumento.aspx?CodigoInstituicao=1&NumeroSequencialDocumento=115919
10.215.988/0001-60;2022-01-01;1;COMPANHIA DE LOCAÇÃO DAS AMÉRICAS;022691;FCA;118482;2022-07-14;http://www.rad.cvm.gov.br/ENETCONSULTA/frmDownloadDocumento.aspx?CodigoInstituicao=1&NumeroSequencialDocumento=118482
10.215.988/0001-60;2022-01-01;2;COMPANHIA DE LOCAÇÃO DAS AMÉRICAS;022691;FCA;119568;2022-08-11;http://www.rad.cvm.gov.br/ENETCONSULTA/frmDownloadDocumento.aspx?CodigoInstituicao=1&NumeroSequencialDocumento=119568
10.215.988/0001-60;2022-01-01;3;COMPANHIA DE LOCAÇÃO DAS AMÉRICAS;022691;FCA;122057;2022-11-14;http://www.rad.cvm.gov.br/ENETCONSULTA/frmDownloadDocumento.aspx?CodigoInstituicao=1&NumeroSequencialDocumento=122057
10.215.988/0001-60;2022-01-01;4;COMPANHIA DE LOCAÇÃO DAS AMÉRICAS;022691;FCA;122248;2022-11-18;http://www.rad.cvm.gov.br/ENETCONSULTA/frmDownloadDocumento.aspx?CodigoInstituicao=1&NumeroSequencialDocumento=122248
10.234.027/0001-00;2022-01-01;1;LINHAS DE MACAPÁ TRANSMISSORA DE ENERGIA S/A;023680;FCA;113069;2022-03-28;http://www.rad.cvm.gov.br/ENETCONSULTA/frmDownloadDocumento.aspx?CodigoInstituicao=1&NumeroSequencialDocumento=113069
10.234.027/0001-00;2022-01-01;2;LINHAS DE MACAPÁ TRANSMISSORA DE ENERGIA S/A;023680;FCA;117036;2022-06-15;http://www.rad.cvm.gov.br/ENETCONSULTA/frmDownloadDocumento.aspx?CodigoInstituicao=1&NumeroSequencialDocumento=117036
10.234.027/0001-00;2022-01-01;3;LINHAS DE MACAPÁ TRANSMISSORA DE ENERGIA S/A;023680;FCA;120674;2022-09-21;http://www.rad.cvm.gov.br/ENETCONSULTA/frmDownloadDocumento.aspx?CodigoInstituicao=1&NumeroSequencialDocumento=120674
10.240.186/0001-00;2022-01-01;1;LINHAS DE XINGU TRANSMISSORA DE ENERGIA S/A;023671;FCA;113070;2022-03-28;http://www.rad.cvm.gov.br/ENETCONSULTA/frmDownloadDocumento.aspx?CodigoInstituicao=1&NumeroSequencialDocumento=113070
10.240.186/0001-00;2022-01-01;2;LINHAS DE XINGU TRANSMISSORA DE ENERGIA S/A;023671;FCA;117034;2022-06-15;http://www.rad.cvm.gov.br/ENETCONSULTA/frmDownloadDocumento.aspx?CodigoInstituicao=1&NumeroSequencialDocumento=117034
10.240.186/0001-00;2022-01-01;3;LINHAS DE XINGU TRANSMISSORA DE ENERGIA S/A;023671;FCA;120660;2022-09-20;http://www.rad.cvm.gov.br/ENETCONSULTA/frmDownloadDocumento.aspx?CodigoInstituicao=1&NumeroSequencialDocumento=120660
10.285.590/0001-08;2022-01-01;1;GRUPO DE MODA SOMA S.A.;025011;FCA;116188;2022-05-31;http://www.rad.cvm.gov.br/ENETCONSULTA/frmDownloadDocumento.aspx?CodigoInstituicao=1&NumeroSequencialDocumento=116188
10.285.590/0001-08;2022-01-01;2;GRUPO DE MODA SOMA S.A.;025011;FCA;116307;2022-05-31;http://www.rad.cvm.gov.br/ENETCONSULTA/frmDownloadDocumento.aspx?CodigoInstituicao=1&NumeroSequencialDocumento=116307
10.319.900/0001-50;2022-01-01;1;REGENERA RIO S.A.;026921;FCA;114227;2022-05-04;http://www.rad.cvm.gov.br/ENETCONSULTA/frmDownloadDocumento.aspx?CodigoInstituicao=1&NumeroSequencialDocumento=114227
10.319.900/0001-50;2022-01-01;2;REGENERA RIO S.A.;026921;FCA;120306;2022-08-29;http://www.rad.cvm.gov.br/ENETCONSULTA/frmDownloadDocumento.aspx?CodigoInstituicao=1&NumeroSequencialDocumento=120306
10.324.624/0001-18;2022-01-01;1;CONCESSÃO METROVIÁRIA DO RIO DE JANEIRO S.A.;022144;FCA;110407;2021-11-23;http://www.rad.cvm.gov.br/ENETCONSULTA/frmDownloadDocumento.aspx?CodigoInstituicao=1&NumeroSequencialDocumento=110407
10.324.624/0001-18;2022-01-01;2;CONCESSÃO METROVIÁRIA DO RIO DE JANEIRO S.A.;022144;FCA;110439;2021-11-24;http://www.rad.cvm.gov.br/ENETCONSULTA/frmDownloadDocumento.aspx?CodigoInstituicao=1&NumeroSequencialDocumento=110439
10.324.624/0001-18;2022-01-01;3;CONCESSÃO METROVIÁRIA DO RIO DE JANEIRO S.A.;022144;FCA;111571;2022-02-07;http://www.rad.cvm.gov.br/ENETCONSULTA/frmDownloadDocumento.aspx?CodigoInstituicao=1&NumeroSequencialDocumento=111571
10.324.624/0001-18;2022-01-01;4;CONCESSÃO METROVIÁRIA DO RIO DE JANEIRO S.A.;022144;FCA;112532;2022-03-15;http://www.rad.cvm.gov.br/ENETCONSULTA/frmDownloadDocumento.aspx?CodigoInstituicao=1&NumeroSequencialDocumento=112532
10.324.624/0001-18;2022-01-01;5;CONCESSÃO METROVIÁRIA DO RIO DE JANEIRO S.A.;022144;FCA;116245;2022-05-31;http://www.rad.cvm.gov.br/ENETCONSULTA/frmDownloadDocumento.aspx?CodigoInstituicao=1&NumeroSequencialDocumento=116245
10.338.320/0001-00;2022-01-01;1;AFLUENTE TRANSMISSÃO DE ENERGIA ELÉTRICA S/A;022179;FCA;112375;2022-03-09;http://www.rad.cvm.gov.br/ENETCONSULTA/frmDownloadDocumento.aspx?CodigoInstituicao=1&NumeroSequencialDocumento=112375
10.338.320/0001-00;2022-01-01;2;AFLUENTE TRANSMISSÃO DE ENERGIA ELÉTRICA S/A;022179;FCA;114374;2022-05-05;http://www.rad.cvm.gov.br/ENETCONSULTA/frmDownloadDocumento.aspx?CodigoInstituicao=1&NumeroSequencialDocumento=114374
10.440.482/0001-54;2022-01-01;1;GETNET ADQ E SERV PARA MEIOS DE PAGTO S.A. - INST PAGTO;026140;FCA;115452;2022-05-17;http://www.rad.cvm.gov.br/ENETCONSULTA/frmDownloadDocumento.aspx?CodigoInstituicao=1&NumeroSequencialDocumento=115452
10.440.482/0001-54;2022-01-01;2;GETNET ADQ E SERV PARA MEIOS DE PAGTO S.A. - INST PAGTO;026140;FCA;120722;2022-09-23;http://www.rad.cvm.gov.br/ENETCONSULTA/frmDownloadDocumento.aspx?CodigoInstituicao=1&NumeroSequencialDocumento=120722
10.452.416/0001-02;2022-01-01;1;REAG CAPITAL HOLDING S.A.;026964;FCA;114118;2022-05-02;http://www.rad.cvm.gov.br/ENETCONSULTA/frmDownloadDocumento.aspx?CodigoInstituicao=1&NumeroSequencialDocumento=114118
10.452.416/0001-02;2022-01-01;2;REAG CAPITAL HOLDING S.A.;026964;FCA;120775;2022-09-28;http://www.rad.cvm.gov.br/ENETCONSULTA/frmDownloadDocumento.aspx?CodigoInstituicao=1&NumeroSequencialDocumento=120775
10.464.223/0001-63;2022-01-01;1;PRIVALIA BRASIL S.A.;025941;FCA;118653;2022-07-25;http://www.rad.cvm.gov.br/ENETCONSULTA/frmDownloadDocumento.aspx?CodigoInstituicao=1&NumeroSequencialDocumento=118653
10.488.244/0001-19;2022-01-01;1;INFRASEC SECURITIZADORA S.A.;021750;FCA;115760;2022-05-26;http://www.rad.cvm.gov.br/ENETCONSULTA/frmDownloadDocumento.aspx?CodigoInstituicao=1&NumeroSequencialDocumento=115760
10.488.244/0001-19;2022-01-01;2;INFRASEC SECURITIZADORA S.A.;021750;FCA;117001;2022-06-14;http://www.rad.cvm.gov.br/ENETCONSULTA/frmDownloadDocumento.aspx?CodigoInstituicao=1&NumeroSequencialDocumento=117001
10.502.676/0001-37;2022-01-01;1;TERMELÉTRICA PERNAMBUCO III S.A.;023329;FCA;113333;2022-03-31;http://www.rad.cvm.gov.br/ENETCONSULTA/frmDownloadDocumento.aspx?CodigoInstituicao=1&NumeroSequencialDocumento=113333
10.502.676/0001-37;2022-01-01;2;TERMELÉTRICA PERNAMBUCO III S.A.;023329;FCA;118591;2022-07-21;http://www.rad.cvm.gov.br/ENETCONSULTA/frmDownloadDocumento.aspx?CodigoInstituicao=1&NumeroSequencialDocumento=118591
10.531.501/0001-58;2022-01-01;1;CONC AUTO RAPOSO TAVARES S.A.;022268;FCA;114571;2022-05-09;http://www.rad.cvm.gov.br/ENETCONSULTA/frmDownloadDocumento.aspx?CodigoInstituicao=1&NumeroSequencialDocumento=114571
10.571.175/0001-02;2022-01-01;1;URBA DESENVOLVIMENTO URBANO S.A.;025437;FCA;115258;2022-05-16;http://www.rad.cvm.gov.br/ENETCONSULTA/frmDownloadDocumento.aspx?CodigoInstituicao=1&NumeroSequencialDocumento=115258
10.571.175/0001-02;2022-01-01;2;URBA DESENVOLVIMENTO URBANO S.A.;025437;FCA;116221;2022-05-31;http://www.rad.cvm.gov.br/ENETCONSULTA/frmDownloadDocumento.aspx?CodigoInstituicao=1&NumeroSequencialDocumento=116221
10.608.405/0001-60;2022-01-01;1;BARI SECURITIZADORA S.A.;021920;FCA;111730;2022-02-13;http://www.rad.cvm.gov.br/ENETCONSULTA/frmDownloadDocumento.aspx?CodigoInstituicao=1&NumeroSequencialDocumento=111730
10.608.405/0001-60;2022-01-01;2;BARI SECURITIZADORA S.A.;021920;FCA;112471;2022-03-14;http://www.rad.cvm.gov.br/ENETCONSULTA/frmDownloadDocumento.aspx?CodigoInstituicao=1&NumeroSequencialDocumento=112471
10.608.405/0001-60;2022-01-01;3;BARI SECURITIZADORA S.A.;021920;FCA;112913;2022-03-24;http://www.rad.cvm.gov.br/ENETCONSULTA/frmDownloadDocumento.aspx?CodigoInstituicao=1&NumeroSequencialDocumento=112913
10.608.405/0001-60;2022-01-01;4;BARI SECURITIZADORA S.A.;021920;FCA;115644;2022-05-23;http://www.rad.cvm.gov.br/ENETCONSULTA/frmDownloadDocumento.aspx?CodigoInstituicao=1&NumeroSequencialDocumento=115644
10.629.105/0001-68;2022-01-01;1;PRIO S.A.;022187;FCA;116885;2022-06-07;http://www.rad.cvm.gov.br/ENETCONSULTA/frmDownloadDocumento.aspx?CodigoInstituicao=1&NumeroSequencialDocumento=116885
10.635.691/0001-53;2022-01-01;1;VIARONDON CONCESSIONÁRIA DE RODOVIA S.A.;022543;FCA;112268;2022-03-07;http://www.rad.cvm.gov.br/ENETCONSULTA/frmDownloadDocumento.aspx?CodigoInstituicao=1&NumeroSequencialDocumento=112268
10.647.979/0001-48;2022-01-01;1;CONC ROTA DAS BANDEIRAS S.A.;022071;FCA;115966;2022-05-30;http://www.rad.cvm.gov.br/ENETCONSULTA/frmDownloadDocumento.aspx?CodigoInstituicao=1&NumeroSequencialDocumento=115966
10.670.314/0001-55;2022-01-01;1;VIABAHIA CONCESSIONÁRIA DE RODOVIAS SA;022926;FCA;113134;2022-03-29;http://www.rad.cvm.gov.br/ENETCONSULTA/frmDownloadDocumento.aspx?CodigoInstituicao=1&NumeroSequencialDocumento=113134
10.670.314/0001-55;2022-01-01;2;VIABAHIA CONCESSIONÁRIA DE RODOVIAS SA;022926;FCA;115076;2022-05-13;http://www.rad.cvm.gov.br/ENETCONSULTA/frmDownloadDocumento.aspx?CodigoInstituicao=1&NumeroSequencialDocumento=115076
10.678.505/0001-63;2022-01-01;1;CONC RODOVIAS DO TIETÊ S.A.;022721;FCA;113799;2022-04-14;http://www.rad.cvm.gov.br/ENETCONSULTA/frmDownloadDocumento.aspx?CodigoInstituicao=1&NumeroSequencialDocumento=113799
10.739.356/0001-03;2022-01-01;1;BRBI BR PARTNERS S.A;025860;FCA;112091;2022-02-25;http://www.rad.cvm.gov.br/ENETCONSULTA/frmDownloadDocumento.aspx?CodigoInstituicao=1&NumeroSequencialDocumento=112091
10.739.356/0001-03;2022-01-01;2;BRBI BR PARTNERS S.A;025860;FCA;115279;2022-05-16;http://www.rad.cvm.gov.br/ENETCONSULTA/frmDownloadDocumento.aspx?CodigoInstituicao=1&NumeroSequencialDocumento=115279
10.753.164/0001-43;2022-01-01;1;ECO SECURITIZADORA DIREITOS CRED AGRONEGÓCIO S.A.;021741;FCA;113912;2022-04-25;http://www.rad.cvm.gov.br/ENETCONSULTA/frmDownloadDocumento.aspx?CodigoInstituicao=1&NumeroSequencialDocumento=113912
10.760.260/0001-19;2022-01-01;1;CVC BRASIL OPERADORA E AGÊNCIA DE VIAGENS S.A.;023310;FCA;112459;2022-03-11;http://www.rad.cvm.gov.br/ENETCONSULTA/frmDownloadDocumento.aspx?CodigoInstituicao=1&NumeroSequencialDocumento=112459
10.807.374/0001-77;2022-01-01;1;BOA SAFRA SEMENTES S.A.;025704;FCA;116348;2022-05-31;http://www.rad.cvm.gov.br/ENETCONSULTA/frmDownloadDocumento.aspx?CodigoInstituicao=1&NumeroSequencialDocumento=116348
10.835.932/0001-08;2022-01-01;1;CIA ENERGETICA DE PERNAMBUCO - CELPE;014362;FCA;112376;2022-03-09;http://www.rad.cvm.gov.br/ENETCONSULTA/frmDownloadDocumento.aspx?CodigoInstituicao=1&NumeroSequencialDocumento=112376
10.835.932/0001-08;2022-01-01;2;CIA ENERGETICA DE PERNAMBUCO - CELPE;014362;FCA;121470;2022-11-08;http://www.rad.cvm.gov.br/ENETCONSULTA/frmDownloadDocumento.aspx?CodigoInstituicao=1&NumeroSequencialDocumento=121470
10.841.050/0001-55;2022-01-01;1;CONC ROD AYRTON SENNA E CARV PINTO S.A.-ECOPISTAS;022411;FCA;115985;2022-05-30;http://www.rad.cvm.gov.br/ENETCONSULTA/frmDownloadDocumento.aspx?CodigoInstituicao=1&NumeroSequencialDocumento=115985
10.851.805/0001-00;2022-01-01;1;FLEX GESTÃO DE RELACIONAMENTOS S.A.-EM RECUPERAÇÃO JUDICIAL;024350;FCA;118221;2022-07-01;http://www.rad.cvm.gov.br/ENETCONSULTA/frmDownloadDocumento.aspx?CodigoInstituicao=1&NumeroSequencialDocumento=118221
10.851.805/0001-00;2022-01-01;2;FLEX GESTÃO DE RELACIONAMENTOS S.A.-EM RECUPERAÇÃO JUDICIAL;024350;FCA;119336;2022-08-09;http://www.rad.cvm.gov.br/ENETCONSULTA/frmDownloadDocumento.aspx?CodigoInstituicao=1&NumeroSequencialDocumento=119336
10.851.805/0001-00;2022-01-01;3;FLEX GESTÃO DE RELACIONAMENTOS S.A.-EM RECUPERAÇÃO JUDICIAL;024350;FCA;122634;2022-12-19;http://www.rad.cvm.gov.br/ENETCONSULTA/frmDownloadDocumento.aspx?CodigoInstituicao=1&NumeroSequencialDocumento=122634
10.851.805/0001-00;2022-01-01;4;FLEX GESTÃO DE RELACIONAMENTOS S.A.-EM RECUPERAÇÃO JUDICIAL;024350;FCA;122637;2022-12-19;http://www.rad.cvm.gov.br/ENETCONSULTA/frmDownloadDocumento.aspx?CodigoInstituicao=1&NumeroSequencialDocumento=122637
11.257.352/0001-43;2022-01-01;1;BSI CAPITAL SECURITIZADORA S.A.;023132;FCA;115814;2022-05-27;http://www.rad.cvm.gov.br/ENETCONSULTA/frmDownloadDocumento.aspx?CodigoInstituicao=1&NumeroSequencialDocumento=115814
11.257.352/0001-43;2022-01-01;2;BSI CAPITAL SECURITIZADORA S.A.;023132;FCA;120136;2022-08-19;http://www.rad.cvm.gov.br/ENETCONSULTA/frmDownloadDocumento.aspx?CodigoInstituicao=1&NumeroSequencialDocumento=120136
11.274.829/0001-07;2022-01-01;1;COMPANHIA PAULISTA DE SECURITIZAÇÃO;022080;FCA;115687;2022-05-24;http://www.rad.cvm.gov.br/ENETCONSULTA/frmDownloadDocumento.aspx?CodigoInstituicao=1&NumeroSequencialDocumento=115687
11.284.204/0001-18;2022-01-01;1;YOU INC INCORPORADORA E PARTICIPAÇÕES S.A;023604;FCA;112528;2022-03-15;http://www.rad.cvm.gov.br/ENETCONSULTA/frmDownloadDocumento.aspx?CodigoInstituicao=1&NumeroSequencialDocumento=112528
11.284.204/0001-18;2022-01-01;2;YOU INC INCORPORADORA E PARTICIPAÇÕES S.A;023604;FCA;112533;2022-03-15;http://www.rad.cvm.gov.br/ENETCONSULTA/frmDownloadDocumento.aspx?CodigoInstituicao=1&NumeroSequencialDocumento=112533
11.284.204/0001-18;2022-01-01;3;YOU INC INCORPORADORA E PARTICIPAÇÕES S.A;023604;FCA;115773;2022-05-26;http://www.rad.cvm.gov.br/ENETCONSULTA/frmDownloadDocumento.aspx?CodigoInstituicao=1&NumeroSequencialDocumento=115773
11.395.624/0001-71;2022-01-01;1;MASSA FALIDA DA BRASIL PHARMA S.A.;022500;FCA;119187;2022-08-03;http://www.rad.cvm.gov.br/ENETCONSULTA/frmDownloadDocumento.aspx?CodigoInstituicao=1&NumeroSequencialDocumento=119187
11.421.994/0001-36;2022-01-01;1;ORIZON VALORIZAÇÃO DE RESÍDUOS S.A.;025550;FCA;113025;2022-03-25;http://www.rad.cvm.gov.br/ENETCONSULTA/frmDownloadDocumento.aspx?CodigoInstituicao=1&NumeroSequencialDocumento=113025
11.421.994/0001-36;2022-01-01;2;ORIZON VALORIZAÇÃO DE RESÍDUOS S.A.;025550;FCA;113719;2022-04-12;http://www.rad.cvm.gov.br/ENETCONSULTA/frmDownloadDocumento.aspx?CodigoInstituicao=1&NumeroSequencialDocumento=113719
11.669.021/0001-10;2022-01-01;1;ENAUTA PARTICIPAÇÕES S.A.;022365;FCA;115913;2022-05-30;http://www.rad.cvm.gov.br/ENETCONSULTA/frmDownloadDocumento.aspx?CodigoInstituicao=1&NumeroSequencialDocumento=115913
11.669.021/0001-10;2022-01-01;2;ENAUTA PARTICIPAÇÕES S.A.;022365;FCA;116758;2022-06-01;http://www.rad.cvm.gov.br/ENETCONSULTA/frmDownloadDocumento.aspx?CodigoInstituicao=1&NumeroSequencialDocumento=116758
11.669.021/0001-10;2022-01-01;3;ENAUTA PARTICIPAÇÕES S.A.;022365;FCA;117024;2022-06-15;http://www.rad.cvm.gov.br/ENETCONSULTA/frmDownloadDocumento.aspx?CodigoInstituicao=1&NumeroSequencialDocumento=117024
11.669.021/0001-10;2022-01-01;4;ENAUTA PARTICIPAÇÕES S.A.;022365;FCA;122313;2022-11-22;http://www.rad.cvm.gov.br/ENETCONSULTA/frmDownloadDocumento.aspx?CodigoInstituicao=1&NumeroSequencialDocumento=122313
11.669.021/0001-10;2022-01-01;5;ENAUTA PARTICIPAÇÕES S.A.;022365;FCA;122840;2022-12-30;http://www.rad.cvm.gov.br/ENETCONSULTA/frmDownloadDocumento.aspx?CodigoInstituicao=1&NumeroSequencialDocumento=122840
11.716.471/0001-17;2022-01-01;1;TRX SECURITIZADORA S.A.;022420;FCA;113371;2022-03-31;http://www.rad.cvm.gov.br/ENETCONSULTA/frmDownloadDocumento.aspx?CodigoInstituicao=1&NumeroSequencialDocumento=113371
11.721.921/0001-60;2022-01-01;1;ALPER CONSULTORIA E CORRETORA DE SEGUROS S.A.;022217;FCA;116138;2022-05-31;http://www.rad.cvm.gov.br/ENETCONSULTA/frmDownloadDocumento.aspx?CodigoInstituicao=1&NumeroSequencialDocumento=116138
11.721.921/0001-60;2022-01-01;2;ALPER CONSULTORIA E CORRETORA DE SEGUROS S.A.;022217;FCA;122420;2022-11-30;http://www.rad.cvm.gov.br/ENETCONSULTA/frmDownloadDocumento.aspx?CodigoInstituicao=1&NumeroSequencialDocumento=122420
11.725.176/0001-27;2022-01-01;1;BOA VISTA SERVIÇOS S.A.;025135;FCA;118243;2022-07-04;http://www.rad.cvm.gov.br/ENETCONSULTA/frmDownloadDocumento.aspx?CodigoInstituicao=1&NumeroSequencialDocumento=118243
11.725.176/0001-27;2022-01-01;2;BOA VISTA SERVIÇOS S.A.;025135;FCA;121271;2022-10-31;http://www.rad.cvm.gov.br/ENETCONSULTA/frmDownloadDocumento.aspx?CodigoInstituicao=1&NumeroSequencialDocumento=121271
11.992.680/0001-93;2022-01-01;1;QUALICORP CONSULTORIA E CORRETORA DE SEGUROS S.A.;022497;FCA;113009;2022-03-25;http://www.rad.cvm.gov.br/ENETCONSULTA/frmDownloadDocumento.aspx?CodigoInstituicao=1&NumeroSequencialDocumento=113009
11.992.680/0001-93;2022-01-01;2;QUALICORP CONSULTORIA E CORRETORA DE SEGUROS S.A.;022497;FCA;114701;2022-05-10;http://www.rad.cvm.gov.br/ENETCONSULTA/frmDownloadDocumento.aspx?CodigoInstituicao=1&NumeroSequencialDocumento=114701
11.992.680/0001-93;2022-01-01;3;QUALICORP CONSULTORIA E CORRETORA DE SEGUROS S.A.;022497;FCA;117004;2022-06-14;http://www.rad.cvm.gov.br/ENETCONSULTA/frmDownloadDocumento.aspx?CodigoInstituicao=1&NumeroSequencialDocumento=117004
11.992.680/0001-93;2022-01-01;4;QUALICORP CONSULTORIA E CORRETORA DE SEGUROS S.A.;022497;FCA;117089;2022-06-22;http://www.rad.cvm.gov.br/ENETCONSULTA/frmDownloadDocumento.aspx?CodigoInstituicao=1&NumeroSequencialDocumento=117089
11.992.680/0001-93;2022-01-01;5;QUALICORP CONSULTORIA E CORRETORA DE SEGUROS S.A.;022497;FCA;121091;2022-10-21;http://www.rad.cvm.gov.br/ENETCONSULTA/frmDownloadDocumento.aspx?CodigoInstituicao=1&NumeroSequencialDocumento=121091
11.992.680/0001-93;2022-01-01;6;QUALICORP CONSULTORIA E CORRETORA DE SEGUROS S.A.;022497;FCA;122332;2022-11-23;http://www.rad.cvm.gov.br/ENETCONSULTA/frmDownloadDocumento.aspx?CodigoInstituicao=1&NumeroSequencialDocumento=122332
12.049.631/0001-84;2022-01-01;1;MOURA DUBEUX ENGENHARIA S/A;021067;FCA;112322;2022-03-08;http://www.rad.cvm.gov.br/ENETCONSULTA/frmDownloadDocumento.aspx?CodigoInstituicao=1&NumeroSequencialDocumento=112322
12.091.809/0001-55;2022-01-01;1;BRAVA ENERGIA S.A.;025291;FCA;111557;2022-02-04;http://www.rad.cvm.gov.br/ENETCONSULTA/frmDownloadDocumento.aspx?CodigoInstituicao=1&NumeroSequencialDocumento=111557
12.091.809/0001-55;2022-01-01;2;BRAVA ENERGIA S.A.;025291;FCA;113226;2022-03-30;http://www.rad.cvm.gov.br/ENETCONSULTA/frmDownloadDocumento.aspx?CodigoInstituicao=1&NumeroSequencialDocumento=113226
12.091.809/0001-55;2022-01-01;3;BRAVA ENERGIA S.A.;025291;FCA;120784;2022-09-28;http://www.rad.cvm.gov.br/ENETCONSULTA/frmDownloadDocumento.aspx?CodigoInstituicao=1&NumeroSequencialDocumento=120784
12.104.241/0004-02;2022-01-01;1;ONCOCLÍNICAS DO BRASIL SERVIÇOS MÉDICOS S.A.;026123;FCA;116907;2022-06-09;http://www.rad.cvm.gov.br/ENETCONSULTA/frmDownloadDocumento.aspx?CodigoInstituicao=1&NumeroSequencialDocumento=116907
12.108.897/0001-50;2022-01-01;1;D1000 VAREJO FARMA PARTICIPAÇÕES S.A.;025046;FCA;111166;2022-01-10;http://www.rad.cvm.gov.br/ENETCONSULTA/frmDownloadDocumento.aspx?CodigoInstituicao=1&NumeroSequencialDocumento=111166
12.108.897/0001-50;2022-01-01;2;D1000 VAREJO FARMA PARTICIPAÇÕES S.A.;025046;FCA;112924;2022-03-24;http://www.rad.cvm.gov.br/ENETCONSULTA/frmDownloadDocumento.aspx?CodigoInstituicao=1&NumeroSequencialDocumento=112924
12.130.744/0001-00;2022-01-01;1;TRUE SECURITIZADORA S.A.;022276;FCA;114527;2022-05-09;http://www.rad.cvm.gov.br/ENETCONSULTA/frmDownloadDocumento.aspx?CodigoInstituicao=1&NumeroSequencialDocumento=114527
12.139.922/0001-63;2022-01-01;1;OCTANTE SECURITIZADORA S.A.;022390;FCA;116466;2022-05-31;http://www.rad.cvm.gov.br/ENETCONSULTA/frmDownloadDocumento.aspx?CodigoInstituicao=1&NumeroSequencialDocumento=116466
12.181.987/0001-77;2022-01-01;1;MELNICK DESENVOLVIMENTO IMOBILIÁRIO S.A.;025119;FCA;114124;2022-05-02;http://www.rad.cvm.gov.br/ENETCONSULTA/frmDownloadDocumento.aspx?CodigoInstituicao=1&NumeroSequencialDocumento=114124
12.181.987/0001-77;2022-01-01;2;MELNICK DESENVOLVIMENTO IMOBILIÁRIO S.A.;025119;FCA;116339;2022-05-31;http://www.rad.cvm.gov.br/ENETCONSULTA/frmDownloadDocumento.aspx?CodigoInstituicao=1&NumeroSequencialDocumento=116339
12.261.588/0001-16;2022-01-01;1;POLO CAPITAL SECURITIZADORA S.A;022160;FCA;115741;2022-05-25;http://www.rad.cvm.gov.br/ENETCONSULTA/frmDownloadDocumento.aspx?CodigoInstituicao=1&NumeroSequencialDocumento=115741
12.320.349/0001-90;2022-01-01;1;ORE  SECURITIZADORA SA;022250;FCA;115759;2022-05-26;http://www.rad.cvm.gov.br/ENETCONSULTA/frmDownloadDocumento.aspx?CodigoInstituicao=1&NumeroSequencialDocumento=115759
12.320.349/0001-90;2022-01-01;2;ORE  SECURITIZADORA SA;022250;FCA;117000;2022-06-14;http://www.rad.cvm.gov.br/ENETCONSULTA/frmDownloadDocumento.aspx?CodigoInstituicao=1&NumeroSequencialDocumento=117000
12.420.164/0001-57;2022-01-01;1;CM HOSPITALAR S.A;025682;FCA;111718;2022-02-11;http://www.rad.cvm.gov.br/ENETCONSULTA/frmDownloadDocumento.aspx?CodigoInstituicao=1&NumeroSequencialDocumento=111718
12.420.164/0001-57;2022-01-01;2;CM HOSPITALAR S.A;025682;FCA;112356;2022-03-09;http://www.rad.cvm.gov.br/ENETCONSULTA/frmDownloadDocumento.aspx?CodigoInstituicao=1&NumeroSequencialDocumento=112356
12.420.164/0001-57;2022-01-01;3;CM HOSPITALAR S.A;025682;FCA;119368;2022-08-09;http://www.rad.cvm.gov.br/ENETCONSULTA/frmDownloadDocumento.aspx?CodigoInstituicao=1&NumeroSequencialDocumento=119368
12.420.164/0001-57;2022-01-01;4;CM HOSPITALAR S.A;025682;FCA;121405;2022-11-07;http://www.rad.cvm.gov.br/ENETCONSULTA/frmDownloadDocumento.aspx?CodigoInstituicao=1&NumeroSequencialDocumento=121405
12.489.315/0001-23;2022-01-01;1;FERREIRA GOMES ENERGIA S.A.;022977;FCA;111092;2022-01-04;http://www.rad.cvm.gov.br/ENETCONSULTA/frmDownloadDocumento.aspx?CodigoInstituicao=1&NumeroSequencialDocumento=111092
12.489.315/0001-23;2022-01-01;2;FERREIRA GOMES ENERGIA S.A.;022977;FCA;112310;2022-03-08;http://www.rad.cvm.gov.br/ENETCONSULTA/frmDownloadDocumento.aspx?CodigoInstituicao=1&NumeroSequencialDocumento=112310
12.528.708/0001-07;2022-01-01;1;AERIS IND. E COM. DE EQUIP. PARA GER. DE ENG. S.A.;025283;FCA;116189;2022-05-31;http://www.rad.cvm.gov.br/ENETCONSULTA/frmDownloadDocumento.aspx?CodigoInstituicao=1&NumeroSequencialDocumento=116189
12.592.831/0001-89;2022-01-01;1;MNLT S.A.;026611;FCA;116711;2022-05-31;http://www.rad.cvm.gov.br/ENETCONSULTA/frmDownloadDocumento.aspx?CodigoInstituicao=1&NumeroSequencialDocumento=116711
12.648.266/0001-24;2022-01-01;1;AMBIPAR PARTICIPAÇÕES E EMPREENDIMENTOS S.A.;024961;FCA;116440;2022-05-31;http://www.rad.cvm.gov.br/ENETCONSULTA/frmDownloadDocumento.aspx?CodigoInstituicao=1&NumeroSequencialDocumento=116440
12.648.327/0001-53;2022-01-01;1;HIDROVIAS DO BRASIL S.A.;022675;FCA;111369;2022-01-25;http://www.rad.cvm.gov.br/ENETCONSULTA/frmDownloadDocumento.aspx?CodigoInstituicao=1&NumeroSequencialDocumento=111369
12.648.327/0001-53;2022-01-01;2;HIDROVIAS DO BRASIL S.A.;022675;FCA;113711;2022-04-12;http://www.rad.cvm.gov.br/ENETCONSULTA/frmDownloadDocumento.aspx?CodigoInstituicao=1&NumeroSequencialDocumento=113711
12.648.327/0001-53;2022-01-01;3;HIDROVIAS DO BRASIL S.A.;022675;FCA;113713;2022-04-12;http://www.rad.cvm.gov.br/ENETCONSULTA/frmDownloadDocumento.aspx?CodigoInstituicao=1&NumeroSequencialDocumento=113713
12.648.327/0001-53;2022-01-01;4;HIDROVIAS DO BRASIL S.A.;022675;FCA;121220;2022-10-28;http://www.rad.cvm.gov.br/ENETCONSULTA/frmDownloadDocumento.aspx?CodigoInstituicao=1&NumeroSequencialDocumento=121220
12.648.327/0001-53;2022-01-01;5;HIDROVIAS DO BRASIL S.A.;022675;FCA;122724;2022-12-23;http://www.rad.cvm.gov.br/ENETCONSULTA/frmDownloadDocumento.aspx?CodigoInstituicao=1&NumeroSequencialDocumento=122724
12.919.786/0001-24;2022-01-01;1;TCP TERMINAL DE CONTEINERES DE PARANAGUA SA;024066;FCA;115925;2022-05-30;http://www.rad.cvm.gov.br/ENETCONSULTA/frmDownloadDocumento.aspx?CodigoInstituicao=1&NumeroSequencialDocumento=115925
13.009.717/0001-46;2022-01-01;1;BCO ESTADO DE SERGIPE S.A. - BANESE;001120;FCA;111356;2022-01-25;http://www.rad.cvm.gov.br/ENETCONSULTA/frmDownloadDocumento.aspx?CodigoInstituicao=1&NumeroSequencialDocumento=111356
13.009.717/0001-46;2022-01-01;2;BCO ESTADO DE SERGIPE S.A. - BANESE;001120;FCA;120794;2022-09-29;http://www.rad.cvm.gov.br/ENETCONSULTA/frmDownloadDocumento.aspx?CodigoInstituicao=1&NumeroSequencialDocumento=120794
13.017.462/0001-63;2022-01-01;1;ENERGISA SERGIPE - DISTRIBUIDORA DE ENERGIA S/A;018996;FCA;116528;2022-05-31;http://www.rad.cvm.gov.br/ENETCONSULTA/frmDownloadDocumento.aspx?CodigoInstituicao=1&NumeroSequencialDocumento=116528
13.017.462/0001-63;2022-01-01;2;ENERGISA SERGIPE - DISTRIBUIDORA DE ENERGIA S/A;018996;FCA;120464;2022-09-05;http://www.rad.cvm.gov.br/ENETCONSULTA/frmDownloadDocumento.aspx?CodigoInstituicao=1&NumeroSequencialDocumento=120464
13.217.485/0001-11;2022-01-01;1;GRUPO SBF S.A.;024694;FCA;113039;2022-03-25;http://www.rad.cvm.gov.br/ENETCONSULTA/frmDownloadDocumento.aspx?CodigoInstituicao=1&NumeroSequencialDocumento=113039
13.217.485/0001-11;2022-01-01;2;GRUPO SBF S.A.;024694;FCA;113800;2022-04-14;http://www.rad.cvm.gov.br/ENETCONSULTA/frmDownloadDocumento.aspx?CodigoInstituicao=1&NumeroSequencialDocumento=113800
13.270.520/0001-66;2022-01-01;1;KORA SAÚDE PARTICIPAÇÕES S.A.;025879;FCA;112917;2022-03-24;http://www.rad.cvm.gov.br/ENETCONSULTA/frmDownloadDocumento.aspx?CodigoInstituicao=1&NumeroSequencialDocumento=112917
13.270.520/0001-66;2022-01-01;2;KORA SAÚDE PARTICIPAÇÕES S.A.;025879;FCA;120630;2022-09-19;http://www.rad.cvm.gov.br/ENETCONSULTA/frmDownloadDocumento.aspx?CodigoInstituicao=1&NumeroSequencialDocumento=120630
13.349.677/0001-81;2022-01-01;1;REIT SECURITIZADORA S/A;022802;FCA;111382;2022-01-26;http://www.rad.cvm.gov.br/ENETCONSULTA/frmDownloadDocumento.aspx?CodigoInstituicao=1&NumeroSequencialDocumento=111382
13.349.677/0001-81;2022-01-01;2;REIT SECURITIZADORA S/A;022802;FCA;115725;2022-05-25;http://www.rad.cvm.gov.br/ENETCONSULTA/frmDownloadDocumento.aspx?CodigoInstituicao=1&NumeroSequencialDocumento=115725
13.349.677/0001-81;2022-01-01;3;REIT SECURITIZADORA S/A;022802;FCA;120430;2022-09-02;http://www.rad.cvm.gov.br/ENETCONSULTA/frmDownloadDocumento.aspx?CodigoInstituicao=1&NumeroSequencialDocumento=120430
13.444.994/0001-87;2022-01-01;1;MLOG S.A.;022586;FCA;116332;2022-05-31;http://www.rad.cvm.gov.br/ENETCONSULTA/frmDownloadDocumento.aspx?CodigoInstituicao=1&NumeroSequencialDocumento=116332
13.444.994/0001-87;2022-01-01;2;MLOG S.A.;022586;FCA;119843;2022-08-12;http://www.rad.cvm.gov.br/ENETCONSULTA/frmDownloadDocumento.aspx?CodigoInstituicao=1&NumeroSequencialDocumento=119843
13.457.942/0001-45;2022-01-01;1;RIVA INCORPORADORA S.A;024996;FCA;112638;2022-03-17;http://www.rad.cvm.gov.br/ENETCONSULTA/frmDownloadDocumento.aspx?CodigoInstituicao=1&NumeroSequencialDocumento=112638
13.522.948/0001-59;2022-01-01;1;SAFIRA HOLDING S.A.;027138;FCA;121921;2022-11-11;http://www.rad.cvm.gov.br/ENETCONSULTA/frmDownloadDocumento.aspx?CodigoInstituicao=1&NumeroSequencialDocumento=121921
13.574.594/0001-96;2022-01-01;1;ZAMP SA;024317;FCA;116006;2022-05-30;http://www.rad.cvm.gov.br/ENETCONSULTA/frmDownloadDocumento.aspx?CodigoInstituicao=1&NumeroSequencialDocumento=116006
13.584.310/0001-42;2022-01-01;1;SUGOI S.A.;023957;FCA;115946;2022-05-30;http://www.rad.cvm.gov.br/ENETCONSULTA/frmDownloadDocumento.aspx?CodigoInstituicao=1&NumeroSequencialDocumento=115946
13.783.221/0004-78;2022-01-01;1;MADERO INDÚSTRIA E COMÉRCIO S.A.;026379;FCA;112296;2022-03-08;http://www.rad.cvm.gov.br/ENETCONSULTA/frmDownloadDocumento.aspx?CodigoInstituicao=1&NumeroSequencialDocumento=112296
13.783.221/0004-78;2022-01-01;2;MADERO INDÚSTRIA E COMÉRCIO S.A.;026379;FCA;113862;2022-04-20;http://www.rad.cvm.gov.br/ENETCONSULTA/frmDownloadDocumento.aspx?CodigoInstituicao=1&NumeroSequencialDocumento=113862
13.783.221/0004-78;2022-01-01;3;MADERO INDÚSTRIA E COMÉRCIO S.A.;026379;FCA;120394;2022-09-01;http://www.rad.cvm.gov.br/ENETCONSULTA/frmDownloadDocumento.aspx?CodigoInstituicao=1&NumeroSequencialDocumento=120394
14.110.585/0001-07;2022-01-01;1;MÉLIUZ S.A.;025232;FCA;116460;2022-05-31;http://www.rad.cvm.gov.br/ENETCONSULTA/frmDownloadDocumento.aspx?CodigoInstituicao=1&NumeroSequencialDocumento=116460
14.127.813/0001-51;2022-01-01;1;ARANDU INVESTIMENTOS S.A.;025887;FCA;115938;2022-05-30;http://www.rad.cvm.gov.br/ENETCONSULTA/frmDownloadDocumento.aspx?CodigoInstituicao=1&NumeroSequencialDocumento=115938
14.127.813/0001-51;2022-01-01;2;ARANDU INVESTIMENTOS S.A.;025887;FCA;120304;2022-08-29;http://www.rad.cvm.gov.br/ENETCONSULTA/frmDownloadDocumento.aspx?CodigoInstituicao=1&NumeroSequencialDocumento=120304
14.127.813/0001-51;2022-01-01;3;ARANDU INVESTIMENTOS S.A.;025887;FCA;121090;2022-10-21;http://www.rad.cvm.gov.br/ENETCONSULTA/frmDownloadDocumento.aspx?CodigoInstituicao=1&NumeroSequencialDocumento=121090
14.191.427/0001-29;2022-01-01;1;GRANBIO INVESTIMENTOS S.A.;025321;FCA;115953;2022-05-30;http://www.rad.cvm.gov.br/ENETCONSULTA/frmDownloadDocumento.aspx?CodigoInstituicao=1&NumeroSequencialDocumento=115953
14.388.334/0001-99;2022-01-01;1;PARANA BCO S.A.;020729;FCA;112212;2022-03-04;http://www.rad.cvm.gov.br/ENETCONSULTA/frmDownloadDocumento.aspx?CodigoInstituicao=1&NumeroSequencialDocumento=112212
14.776.142/0001-50;2022-01-01;1;WESTWING COMÉRCIO VAREJISTA S.A.;025518;FCA;115930;2022-05-30;http://www.rad.cvm.gov.br/ENETCONSULTA/frmDownloadDocumento.aspx?CodigoInstituicao=1&NumeroSequencialDocumento=115930
14.776.142/0001-50;2022-01-01;2;WESTWING COMÉRCIO VAREJISTA S.A.;025518;FCA;117088;2022-06-22;http://www.rad.cvm.gov.br/ENETCONSULTA/frmDownloadDocumento.aspx?CodigoInstituicao=1&NumeroSequencialDocumento=117088
14.776.142/0001-50;2022-01-01;3;WESTWING COMÉRCIO VAREJISTA S.A.;025518;FCA;122599;2022-12-15;http://www.rad.cvm.gov.br/ENETCONSULTA/frmDownloadDocumento.aspx?CodigoInstituicao=1&NumeroSequencialDocumento=122599
14.785.152/0001-51;2022-01-01;1;HBR REALTY EMPREENDIMENTOS IMOBILIÁRIOS S.A.;025402;FCA;116738;2022-06-01;http://www.rad.cvm.gov.br/ENETCONSULTA/frmDownloadDocumento.aspx?CodigoInstituicao=1&NumeroSequencialDocumento=116738
14.807.945/0001-24;2022-01-01;1;SANSUY S.A. INDUSTRIA DE PLASTICOS;012696;FCA;116367;2022-05-31;http://www.rad.cvm.gov.br/ENETCONSULTA/frmDownloadDocumento.aspx?CodigoInstituicao=1&NumeroSequencialDocumento=116367
14.807.945/0001-24;2022-01-01;2;SANSUY S.A. INDUSTRIA DE PLASTICOS;012696;FCA;119864;2022-08-15;http://www.rad.cvm.gov.br/ENETCONSULTA/frmDownloadDocumento.aspx?CodigoInstituicao=1&NumeroSequencialDocumento=119864
14.807.945/0001-24;2022-01-01;3;SANSUY S.A. INDUSTRIA DE PLASTICOS;012696;FCA;119866;2022-08-15;http://www.rad.cvm.gov.br/ENETCONSULTA/frmDownloadDocumento.aspx?CodigoInstituicao=1&NumeroSequencialDocumento=119866
14.876.090/0001-93;2022-01-01;1;GAIA IMPACTO SECURITIZADORA S.A.;022764;FCA;113350;2022-03-31;http://www.rad.cvm.gov.br/ENETCONSULTA/frmDownloadDocumento.aspx?CodigoInstituicao=1&NumeroSequencialDocumento=113350
14.882.295/0001-81;2022-01-01;1;CBO HOLDING S.A.;023620;FCA;113003;2022-03-25;http://www.rad.cvm.gov.br/ENETCONSULTA/frmDownloadDocumento.aspx?CodigoInstituicao=1&NumeroSequencialDocumento=113003
14.882.295/0001-81;2022-01-01;2;CBO HOLDING S.A.;023620;FCA;120056;2022-08-16;http://www.rad.cvm.gov.br/ENETCONSULTA/frmDownloadDocumento.aspx?CodigoInstituicao=1&NumeroSequencialDocumento=120056
14.998.371/0001-19;2022-01-01;1;J. MACEDO S.A.;021156;FCA;115653;2022-05-23;http://www.rad.cvm.gov.br/ENETCONSULTA/frmDownloadDocumento.aspx?CodigoInstituicao=1&NumeroSequencialDocumento=115653
15.073.274/0001-88;2022-01-01;1;PPLA PARTICIPATIONS LTD.;080152;FCA;116441;2022-05-31;http://www.rad.cvm.gov.br/ENETCONSULTA/frmDownloadDocumento.aspx?CodigoInstituicao=1&NumeroSequencialDocumento=116441
15.090.690/0001-94;2022-01-01;1;CONCESSIONARIA ECOVIAS DO ARAGUAIA S.A.;026638;FCA;115992;2022-05-30;http://www.rad.cvm.gov.br/ENETCONSULTA/frmDownloadDocumento.aspx?CodigoInstituicao=1&NumeroSequencialDocumento=115992
15.090.690/0001-94;2022-01-01;2;CONCESSIONARIA ECOVIAS DO ARAGUAIA S.A.;026638;FCA;121093;2022-10-21;http://www.rad.cvm.gov.br/ENETCONSULTA/frmDownloadDocumento.aspx?CodigoInstituicao=1&NumeroSequencialDocumento=121093
15.101.405/0001-93;2022-01-01;1;CORREA RIBEIRO S.A. COMERCIO E INDUSTRIA;004863;FCA;111437;2022-01-31;http://www.rad.cvm.gov.br/ENETCONSULTA/frmDownloadDocumento.aspx?CodigoInstituicao=1&NumeroSequencialDocumento=111437
15.115.504/0001-24;2022-01-01;1;TRONOX PIGMENTOS DO BRASIL S.A.;011398;FCA;116099;2022-05-31;http://www.rad.cvm.gov.br/ENETCONSULTA/frmDownloadDocumento.aspx?CodigoInstituicao=1&NumeroSequencialDocumento=116099
15.124.464/0001-87;2022-01-01;1;BANCO BESA S.A.;001244;FCA;121015;2022-10-14;http://www.rad.cvm.gov.br/ENETCONSULTA/frmDownloadDocumento.aspx?CodigoInstituicao=1&NumeroSequencialDocumento=121015
15.139.629/0001-94;2022-01-01;1;CIA ELETRICIDADE EST. DA BAHIA - COELBA;014524;FCA;112379;2022-03-09;http://www.rad.cvm.gov.br/ENETCONSULTA/frmDownloadDocumento.aspx?CodigoInstituicao=1&NumeroSequencialDocumento=112379
15.141.799/0001-03;2022-01-01;1;CIA FERRO LIGAS DA BAHIA - FERBASA;003069;FCA;112873;2022-03-23;http://www.rad.cvm.gov.br/ENETCONSULTA/frmDownloadDocumento.aspx?CodigoInstituicao=1&NumeroSequencialDocumento=112873
15.141.799/0001-03;2022-01-01;2;CIA FERRO LIGAS DA BAHIA - FERBASA;003069;FCA;114027;2022-04-28;http://www.rad.cvm.gov.br/ENETCONSULTA/frmDownloadDocumento.aspx?CodigoInstituicao=1&NumeroSequencialDocumento=114027
15.141.799/0001-03;2022-01-01;3;CIA FERRO LIGAS DA BAHIA - FERBASA;003069;FCA;120877;2022-10-06;http://www.rad.cvm.gov.br/ENETCONSULTA/frmDownloadDocumento.aspx?CodigoInstituicao=1&NumeroSequencialDocumento=120877
15.144.017/0001-90;2022-01-01;1;CIA SEGUROS ALIANCA DA BAHIA;003115;FCA;113518;2022-04-05;http://www.rad.cvm.gov.br/ENETCONSULTA/frmDownloadDocumento.aspx?CodigoInstituicao=1&NumeroSequencialDocumento=113518
15.144.017/0001-90;2022-01-01;2;CIA SEGUROS ALIANCA DA BAHIA;003115;FCA;121857;2022-11-11;http://www.rad.cvm.gov.br/ENETCONSULTA/frmDownloadDocumento.aspx?CodigoInstituicao=1&NumeroSequencialDocumento=121857
15.229.110/0001-05;2022-01-01;1;CAPITALE SECURITIZADORA DE CRÉDITO S/A;023353;FCA;111247;2022-01-14;http://www.rad.cvm.gov.br/ENETCONSULTA/frmDownloadDocumento.aspx?CodigoInstituicao=1&NumeroSequencialDocumento=111247
15.229.110/0001-05;2022-01-01;2;CAPITALE SECURITIZADORA DE CRÉDITO S/A;023353;FCA;115815;2022-05-27;http://www.rad.cvm.gov.br/ENETCONSULTA/frmDownloadDocumento.aspx?CodigoInstituicao=1&NumeroSequencialDocumento=115815
15.229.110/0001-05;2022-01-01;3;CAPITALE SECURITIZADORA DE CRÉDITO S/A;023353;FCA;121369;2022-11-07;http://www.rad.cvm.gov.br/ENETCONSULTA/frmDownloadDocumento.aspx?CodigoInstituicao=1&NumeroSequencialDocumento=121369
15.377.572/0001-61;2022-01-01;1;NASA SECURITIZADORA S.A.;023906;FCA;115824;2022-05-27;http://www.rad.cvm.gov.br/ENETCONSULTA/frmDownloadDocumento.aspx?CodigoInstituicao=1&NumeroSequencialDocumento=115824
15.413.826/0001-50;2022-01-01;1;ENERGISA MATO GROSSO DO SUL - DIST DE ENERGIA S.A.;005576;FCA;116522;2022-05-31;http://www.rad.cvm.gov.br/ENETCONSULTA/frmDownloadDocumento.aspx?CodigoInstituicao=1&NumeroSequencialDocumento=116522
15.413.826/0001-50;2022-01-01;2;ENERGISA MATO GROSSO DO SUL - DIST DE ENERGIA S.A.;005576;FCA;120462;2022-09-05;http://www.rad.cvm.gov.br/ENETCONSULTA/frmDownloadDocumento.aspx?CodigoInstituicao=1&NumeroSequencialDocumento=120462
15.484.093/0001-44;2022-01-01;1;ECO101 CONCESSIONÁRIA DE RODOVIAS S.A.;023582;FCA;115987;2022-05-30;http://www.rad.cvm.gov.br/ENETCONSULTA/frmDownloadDocumento.aspx?CodigoInstituicao=1&NumeroSequencialDocumento=115987
15.494.541/0001-90;2022-01-01;1;SALUS INFRAESTRUTURA PORTUARIA SA;023540;FCA;116689;2022-05-31;http://www.rad.cvm.gov.br/ENETCONSULTA/frmDownloadDocumento.aspx?CodigoInstituicao=1&NumeroSequencialDocumento=116689
15.578.569/0001-06;2022-01-01;1;CONC DO AEROPORTO INTERNACIONAL DE GUARULHOS S.A.;023515;FCA;115648;2022-05-23;http://www.rad.cvm.gov.br/ENETCONSULTA/frmDownloadDocumento.aspx?CodigoInstituicao=1&NumeroSequencialDocumento=115648
15.675.715/0001-11;2022-01-01;1;HOUSI S.A.;025313;FCA;121048;2022-10-18;http://www.rad.cvm.gov.br/ENETCONSULTA/frmDownloadDocumento.aspx?CodigoInstituicao=1&NumeroSequencialDocumento=121048
15.688.041/0001-90;2022-01-01;1;MBK SECURITIZADORA SA;022861;FCA;113590;2022-04-07;http://www.rad.cvm.gov.br/ENETCONSULTA/frmDownloadDocumento.aspx?CodigoInstituicao=1&NumeroSequencialDocumento=113590
16.233.389/0001-55;2022-01-01;1;CVLB BRASIL S.A EM RECUPERAÇÃO JUDICAL;025542;FCA;116655;2022-05-31;http://www.rad.cvm.gov.br/ENETCONSULTA/frmDownloadDocumento.aspx?CodigoInstituicao=1&NumeroSequencialDocumento=116655
16.233.389/0001-55;2022-01-01;2;CVLB BRASIL S.A EM RECUPERAÇÃO JUDICAL;025542;FCA;127927;2023-05-31;http://www.rad.cvm.gov.br/ENETCONSULTA/frmDownloadDocumento.aspx?CodigoInstituicao=1&NumeroSequencialDocumento=127927
16.234.171/0001-15;2022-01-01;1;METANOR SA METANOL DO NE;008745;FCA;115927;2022-05-30;http://www.rad.cvm.gov.br/ENETCONSULTA/frmDownloadDocumento.aspx?CodigoInstituicao=1&NumeroSequencialDocumento=115927
16.404.287/0001-55;2022-01-01;1;SUZANO S.A.;013986;FCA;116023;2022-05-30;http://www.rad.cvm.gov.br/ENETCONSULTA/frmDownloadDocumento.aspx?CodigoInstituicao=1&NumeroSequencialDocumento=116023
16.590.234/0001-76;2022-01-01;1;AZZAS 2154 S.A.;022349;FCA;116195;2022-05-31;http://www.rad.cvm.gov.br/ENETCONSULTA/frmDownloadDocumento.aspx?CodigoInstituicao=1&NumeroSequencialDocumento=116195
16.614.075/0001-00;2022-01-01;1;DIRECIONAL ENGENHARIA S.A.;021350;FCA;112462;2022-03-11;http://www.rad.cvm.gov.br/ENETCONSULTA/frmDownloadDocumento.aspx?CodigoInstituicao=1&NumeroSequencialDocumento=112462
16.614.075/0001-00;2022-01-01;2;DIRECIONAL ENGENHARIA S.A.;021350;FCA;118197;2022-06-30;http://www.rad.cvm.gov.br/ENETCONSULTA/frmDownloadDocumento.aspx?CodigoInstituicao=1&NumeroSequencialDocumento=118197
16.614.075/0001-00;2022-01-01;3;DIRECIONAL ENGENHARIA S.A.;021350;FCA;122679;2022-12-21;http://www.rad.cvm.gov.br/ENETCONSULTA/frmDownloadDocumento.aspx?CodigoInstituicao=1&NumeroSequencialDocumento=122679
16.670.085/0001-55;2022-01-01;1;LOCALIZA RENT A CAR S.A.;019739;FCA;114360;2022-05-05;http://www.rad.cvm.gov.br/ENETCONSULTA/frmDownloadDocumento.aspx?CodigoInstituicao=1&NumeroSequencialDocumento=114360
16.670.085/0001-55;2022-01-01;2;LOCALIZA RENT A CAR S.A.;019739;FCA;118191;2022-06-29;http://www.rad.cvm.gov.br/ENETCONSULTA/frmDownloadDocumento.aspx?CodigoInstituicao=1&NumeroSequencialDocumento=118191
16.676.520/0001-59;2022-01-01;1;HOSPITAL MATER DEI S.A.;025690;FCA;113017;2022-03-25;http://www.rad.cvm.gov.br/ENETCONSULTA/frmDownloadDocumento.aspx?CodigoInstituicao=1&NumeroSequencialDocumento=113017
16.811.931/0001-00;2022-01-01;1;ALPHAVILLE S.A.;025275;FCA;112645;2022-03-17;http://www.rad.cvm.gov.br/ENETCONSULTA/frmDownloadDocumento.aspx?CodigoInstituicao=1&NumeroSequencialDocumento=112645
16.811.931/0001-00;2022-01-01;2;ALPHAVILLE S.A.;025275;FCA;122540;2022-12-09;http://www.rad.cvm.gov.br/ENETCONSULTA/frmDownloadDocumento.aspx?CodigoInstituicao=1&NumeroSequencialDocumento=122540
16.838.421/0001-26;2022-01-01;1;XP INVESTIMENTOS S.A.;027111;FCA;122412;2022-11-30;http://www.rad.cvm.gov.br/ENETCONSULTA/frmDownloadDocumento.aspx?CodigoInstituicao=1&NumeroSequencialDocumento=122412
16.922.038/0001-51;2022-01-01;1;ENJOEI S.A.;025259;FCA;116494;2022-05-31;http://www.rad.cvm.gov.br/ENETCONSULTA/frmDownloadDocumento.aspx?CodigoInstituicao=1&NumeroSequencialDocumento=116494
17.155.730/0001-64;2022-01-01;1;CIA ENERGETICA DE MINAS GERAIS - CEMIG;002453;FCA;113139;2022-03-29;http://www.rad.cvm.gov.br/ENETCONSULTA/frmDownloadDocumento.aspx?CodigoInstituicao=1&NumeroSequencialDocumento=113139
17.155.730/0001-64;2022-01-01;2;CIA ENERGETICA DE MINAS GERAIS - CEMIG;002453;FCA;113158;2022-03-29;http://www.rad.cvm.gov.br/ENETCONSULTA/frmDownloadDocumento.aspx?CodigoInstituicao=1&NumeroSequencialDocumento=113158
17.155.730/0001-64;2022-01-01;3;CIA ENERGETICA DE MINAS GERAIS - CEMIG;002453;FCA;115509;2022-05-18;http://www.rad.cvm.gov.br/ENETCONSULTA/frmDownloadDocumento.aspx?CodigoInstituicao=1&NumeroSequencialDocumento=115509
17.157.777/0001-67;2022-01-01;1;BANCO NACIONAL S.A.;001350;FCA;113247;2022-03-30;http://www.rad.cvm.gov.br/ENETCONSULTA/frmDownloadDocumento.aspx?CodigoInstituicao=1&NumeroSequencialDocumento=113247
17.159.005/0001-64;2022-01-01;1;FIACAO E TECELAGEM SAO JOSE SA EM RECUPERACAO JUDICIAL;005983;FCA;116084;2022-05-31;http://www.rad.cvm.gov.br/ENETCONSULTA/frmDownloadDocumento.aspx?CodigoInstituicao=1&NumeroSequencialDocumento=116084
17.159.005/0001-64;2022-01-01;2;FIACAO E TECELAGEM SAO JOSE SA EM RECUPERACAO JUDICIAL;005983;FCA;119098;2022-08-01;http://www.rad.cvm.gov.br/ENETCONSULTA/frmDownloadDocumento.aspx?CodigoInstituicao=1&NumeroSequencialDocumento=119098
17.159.229/0001-76;2022-01-01;1;LABORATÓRIO TEUTO BRASILEIRO S.A.;026182;FCA;116122;2022-05-31;http://www.rad.cvm.gov.br/ENETCONSULTA/frmDownloadDocumento.aspx?CodigoInstituicao=1&NumeroSequencialDocumento=116122
17.161.241/0001-15;2022-01-01;1;MINASMAQUINAS S.A.;008818;FCA;112581;2022-03-16;http://www.rad.cvm.gov.br/ENETCONSULTA/frmDownloadDocumento.aspx?CodigoInstituicao=1&NumeroSequencialDocumento=112581
17.162.082/0001-73;2022-01-01;1;MENDES JUNIOR ENGENHARIA S.A.;004782;FCA;111738;2022-02-14;http://www.rad.cvm.gov.br/ENETCONSULTA/frmDownloadDocumento.aspx?CodigoInstituicao=1&NumeroSequencialDocumento=111738
17.162.082/0001-73;2022-01-01;2;MENDES JUNIOR ENGENHARIA S.A.;004782;FCA;111740;2022-02-14;http://www.rad.cvm.gov.br/ENETCONSULTA/frmDownloadDocumento.aspx?CodigoInstituicao=1&NumeroSequencialDocumento=111740
17.162.082/0001-73;2022-01-01;3;MENDES JUNIOR ENGENHARIA S.A.;004782;FCA;111770;2022-02-15;http://www.rad.cvm.gov.br/ENETCONSULTA/frmDownloadDocumento.aspx?CodigoInstituicao=1&NumeroSequencialDocumento=111770
17.162.082/0001-73;2022-01-01;4;MENDES JUNIOR ENGENHARIA S.A.;004782;FCA;113695;2022-04-12;http://www.rad.cvm.gov.br/ENETCONSULTA/frmDownloadDocumento.aspx?CodigoInstituicao=1&NumeroSequencialDocumento=113695
17.162.280/0001-37;2022-01-01;1;EMPRESA BRASILEIRA DE ENGENHARIA E COMÉRCIO S.A. EBEC;027120;FCA;121229;2022-10-28;http://www.rad.cvm.gov.br/ENETCONSULTA/frmDownloadDocumento.aspx?CodigoInstituicao=1&NumeroSequencialDocumento=121229
17.167.396/0001-69;2022-01-01;1;ALFA HOLDINGS S.A.;009954;FCA;118279;2022-07-05;http://www.rad.cvm.gov.br/ENETCONSULTA/frmDownloadDocumento.aspx?CodigoInstituicao=1&NumeroSequencialDocumento=118279
17.167.412/0001-13;2022-01-01;1;FINANCEIRA ALFA S.A.- CRED FINANC E INVS;003891;FCA;118278;2022-07-05;http://www.rad.cvm.gov.br/ENETCONSULTA/frmDownloadDocumento.aspx?CodigoInstituicao=1&NumeroSequencialDocumento=118278
17.184.037/0001-10;2022-01-01;1;BCO MERCANTIL DO BRASIL S.A.;001325;FCA;114199;2022-05-03;http://www.rad.cvm.gov.br/ENETCONSULTA/frmDownloadDocumento.aspx?CodigoInstituicao=1&NumeroSequencialDocumento=114199
17.184.037/0001-10;2022-01-01;2;BCO MERCANTIL DO BRASIL S.A.;001325;FCA;115899;2022-05-29;http://www.rad.cvm.gov.br/ENETCONSULTA/frmDownloadDocumento.aspx?CodigoInstituicao=1&NumeroSequencialDocumento=115899
17.193.806/0001-46;2022-01-01;1;CONSORCIO ALFA DE ADMINISTRACAO S.A.;004707;FCA;118277;2022-07-05;http://www.rad.cvm.gov.br/ENETCONSULTA/frmDownloadDocumento.aspx?CodigoInstituicao=1&NumeroSequencialDocumento=118277
17.234.244/0001-31;2022-01-01;1;FTL - FERROVIA TRANSNORDESTINA LOGÍSTICA S.A.;023370;FCA;116155;2022-05-31;http://www.rad.cvm.gov.br/ENETCONSULTA/frmDownloadDocumento.aspx?CodigoInstituicao=1&NumeroSequencialDocumento=116155
17.245.234/0001-00;2022-01-01;1;CIA FIACAO TECIDOS CEDRO CACHOEIRA;003077;FCA;115248;2022-05-16;http://www.rad.cvm.gov.br/ENETCONSULTA/frmDownloadDocumento.aspx?CodigoInstituicao=1&NumeroSequencialDocumento=115248
17.281.106/0001-03;2022-01-01;1;CIA SANEAMENTO DE MINAS GERAIS-COPASA MG;019445;FCA;115660;2022-05-23;http://www.rad.cvm.gov.br/ENETCONSULTA/frmDownloadDocumento.aspx?CodigoInstituicao=1&NumeroSequencialDocumento=115660
17.281.106/0001-03;2022-01-01;2;CIA SANEAMENTO DE MINAS GERAIS-COPASA MG;019445;FCA;115663;2022-05-23;http://www.rad.cvm.gov.br/ENETCONSULTA/frmDownloadDocumento.aspx?CodigoInstituicao=1&NumeroSequencialDocumento=115663
17.314.329/0001-20;2022-01-01;1;INTERNATIONAL MEAL COMPANY ALIMENTACAO S.A.;023574;FCA;116000;2022-05-30;http://www.rad.cvm.gov.br/ENETCONSULTA/frmDownloadDocumento.aspx?CodigoInstituicao=1&NumeroSequencialDocumento=116000
17.344.597/0001-94;2022-01-01;1;BB SEGURIDADE PARTICIPAÇÕES S.A.;023159;FCA;116234;2022-05-31;http://www.rad.cvm.gov.br/ENETCONSULTA/frmDownloadDocumento.aspx?CodigoInstituicao=1&NumeroSequencialDocumento=116234
17.359.233/0001-88;2022-01-01;1;TECIDOS E ARMARINHOS MIGUEL BARTOLOMEU S.A.;026760;FCA;114051;2022-04-28;http://www.rad.cvm.gov.br/ENETCONSULTA/frmDownloadDocumento.aspx?CodigoInstituicao=1&NumeroSequencialDocumento=114051
17.943.792/0001-30;2022-01-01;1;FULWOOD S.A.;026336;FCA;116478;2022-05-31;http://www.rad.cvm.gov.br/ENETCONSULTA/frmDownloadDocumento.aspx?CodigoInstituicao=1&NumeroSequencialDocumento=116478
18.174.270/0001-84;2022-01-01;1;DOTZ S.A.;025836;FCA;116043;2022-05-30;http://www.rad.cvm.gov.br/ENETCONSULTA/frmDownloadDocumento.aspx?CodigoInstituicao=1&NumeroSequencialDocumento=116043
18.328.118/0001-09;2022-01-01;1;PET CENTER COMÉRCIO E PARTICIPAÇÕES S.A.;025089;FCA;114658;2022-05-10;http://www.rad.cvm.gov.br/ENETCONSULTA/frmDownloadDocumento.aspx?CodigoInstituicao=1&NumeroSequencialDocumento=114658
18.328.118/0001-09;2022-01-01;2;PET CENTER COMÉRCIO E PARTICIPAÇÕES S.A.;025089;FCA;118356;2022-07-07;http://www.rad.cvm.gov.br/ENETCONSULTA/frmDownloadDocumento.aspx?CodigoInstituicao=1&NumeroSequencialDocumento=118356
18.483.666/0001-03;2022-01-01;1;HUMBERG AGRIBRASIL COMÉRCIO E EXPORTAÇÃO DE GRÃOS S.A.;025933;FCA;114171;2022-05-03;http://www.rad.cvm.gov.br/ENETCONSULTA/frmDownloadDocumento.aspx?CodigoInstituicao=1&NumeroSequencialDocumento=114171
18.483.666/0001-03;2022-01-01;2;HUMBERG AGRIBRASIL COMÉRCIO E EXPORTAÇÃO DE GRÃOS S.A.;025933;FCA;122501;2022-12-07;http://www.rad.cvm.gov.br/ENETCONSULTA/frmDownloadDocumento.aspx?CodigoInstituicao=1&NumeroSequencialDocumento=122501
18.494.485/0001-82;2022-01-01;1;PORTO SUDESTE V.M. S.A.;023523;FCA;116385;2022-05-31;http://www.rad.cvm.gov.br/ENETCONSULTA/frmDownloadDocumento.aspx?CodigoInstituicao=1&NumeroSequencialDocumento=116385
18.572.225/0001-88;2022-01-01;1;CONCEBRA - CONCESSIONARIA DAS RODOVIAS CENTRAIS DO BRASIL;023868;FCA;111263;2022-01-17;http://www.rad.cvm.gov.br/ENETCONSULTA/frmDownloadDocumento.aspx?CodigoInstituicao=1&NumeroSequencialDocumento=111263
18.593.815/0001-97;2022-01-01;1;PRINER SERVIÇOS INDUSTRIAIS S.A.;024236;FCA;113625;2022-04-08;http://www.rad.cvm.gov.br/ENETCONSULTA/frmDownloadDocumento.aspx?CodigoInstituicao=1&NumeroSequencialDocumento=113625
18.593.815/0001-97;2022-01-01;2;PRINER SERVIÇOS INDUSTRIAIS S.A.;024236;FCA;116999;2022-06-14;http://www.rad.cvm.gov.br/ENETCONSULTA/frmDownloadDocumento.aspx?CodigoInstituicao=1&NumeroSequencialDocumento=116999
18.903.785/0001-78;2022-01-01;1;HOLDING DO ARAGUAIA S.A.;026565;FCA;115988;2022-05-30;http://www.rad.cvm.gov.br/ENETCONSULTA/frmDownloadDocumento.aspx?CodigoInstituicao=1&NumeroSequencialDocumento=115988
19.014.221/0001-47;2022-01-01;1;CHINA THREE GORGES BRASIL ENERGIA S.A.;027103;FCA;122361;2022-11-25;http://www.rad.cvm.gov.br/ENETCONSULTA/frmDownloadDocumento.aspx?CodigoInstituicao=1&NumeroSequencialDocumento=122361
19.208.022/0001-70;2022-01-01;1;ECO050 CONCESSIONÁRIA DE RODOVIAS S.A.;023884;FCA;115993;2022-05-30;http://www.rad.cvm.gov.br/ENETCONSULTA/frmDownloadDocumento.aspx?CodigoInstituicao=1&NumeroSequencialDocumento=115993
19.208.022/0001-70;2022-01-01;2;ECO050 CONCESSIONÁRIA DE RODOVIAS S.A.;023884;FCA;118342;2022-07-07;http://www.rad.cvm.gov.br/ENETCONSULTA/frmDownloadDocumento.aspx?CodigoInstituicao=1&NumeroSequencialDocumento=118342
19.276.528/0001-16;2022-01-01;1;BCBF PARTICIPAÇÕES S.A.;024775;FCA;113782;2022-04-14;http://www.rad.cvm.gov.br/ENETCONSULTA/frmDownloadDocumento.aspx?CodigoInstituicao=1&NumeroSequencialDocumento=113782
19.276.528/0001-16;2022-01-01;2;BCBF PARTICIPAÇÕES S.A.;024775;FCA;116761;2022-06-01;http://www.rad.cvm.gov.br/ENETCONSULTA/frmDownloadDocumento.aspx?CodigoInstituicao=1&NumeroSequencialDocumento=116761
19.378.769/0001-76;2022-01-01;1;INSTITUTO HERMES PARDINI S.A.;024090;FCA;112161;2022-03-02;http://www.rad.cvm.gov.br/ENETCONSULTA/frmDownloadDocumento.aspx?CodigoInstituicao=1&NumeroSequencialDocumento=112161
19.403.252/0001-90;2022-01-01;1;EMCCAMP RESIDENCIAL S.A.;025909;FCA;116762;2022-06-01;http://www.rad.cvm.gov.br/ENETCONSULTA/frmDownloadDocumento.aspx?CodigoInstituicao=1&NumeroSequencialDocumento=116762
19.521.322/0001-04;2022-01-01;1;CONCESSIONÁRIA ROTA DO OESTE S.A.;023922;FCA;116708;2022-05-31;http://www.rad.cvm.gov.br/ENETCONSULTA/frmDownloadDocumento.aspx?CodigoInstituicao=1&NumeroSequencialDocumento=116708
19.526.748/0001-50;2022-01-01;1;COMPANHIA INDUSTRIAL CATAGUASES;003395;FCA;111478;2022-02-01;http://www.rad.cvm.gov.br/ENETCONSULTA/frmDownloadDocumento.aspx?CodigoInstituicao=1&NumeroSequencialDocumento=111478
19.526.748/0001-50;2022-01-01;2;COMPANHIA INDUSTRIAL CATAGUASES;003395;FCA;115543;2022-05-19;http://www.rad.cvm.gov.br/ENETCONSULTA/frmDownloadDocumento.aspx?CodigoInstituicao=1&NumeroSequencialDocumento=115543
19.526.748/0001-50;2022-01-01;3;COMPANHIA INDUSTRIAL CATAGUASES;003395;FCA;122180;2022-11-16;http://www.rad.cvm.gov.br/ENETCONSULTA/frmDownloadDocumento.aspx?CodigoInstituicao=1&NumeroSequencialDocumento=122180
19.527.586/0001-75;2022-01-01;1;COMPANHIA ENERGÉTICA SINOP S/A;024155;FCA;116704;2022-05-31;http://www.rad.cvm.gov.br/ENETCONSULTA/frmDownloadDocumento.aspx?CodigoInstituicao=1&NumeroSequencialDocumento=116704
19.527.586/0001-75;2022-01-01;2;COMPANHIA ENERGÉTICA SINOP S/A;024155;FCA;116926;2022-06-09;http://www.rad.cvm.gov.br/ENETCONSULTA/frmDownloadDocumento.aspx?CodigoInstituicao=1&NumeroSequencialDocumento=116926
19.527.639/0001-58;2022-01-01;1;ENERGISA MINAS RIO - DISTRIBUIDORA DE ENERGIA S/A;003271;FCA;116517;2022-05-31;http://www.rad.cvm.gov.br/ENETCONSULTA/frmDownloadDocumento.aspx?CodigoInstituicao=1&NumeroSequencialDocumento=116517
19.527.639/0001-58;2022-01-01;2;ENERGISA MINAS RIO - DISTRIBUIDORA DE ENERGIA S/A;003271;FCA;120461;2022-09-05;http://www.rad.cvm.gov.br/ENETCONSULTA/frmDownloadDocumento.aspx?CodigoInstituicao=1&NumeroSequencialDocumento=120461
19.527.639/0001-58;2022-01-01;3;ENERGISA MINAS RIO - DISTRIBUIDORA DE ENERGIA S/A;003271;FCA;122538;2022-12-09;http://www.rad.cvm.gov.br/ENETCONSULTA/frmDownloadDocumento.aspx?CodigoInstituicao=1&NumeroSequencialDocumento=122538
19.642.306/0001-70;2022-01-01;1;CONCESSIONÁRIA DE RODOVIA SUL-MATOGROSSENSE S.A.;023833;FCA;115933;2022-05-30;http://www.rad.cvm.gov.br/ENETCONSULTA/frmDownloadDocumento.aspx?CodigoInstituicao=1&NumeroSequencialDocumento=115933
19.642.306/0001-70;2022-01-01;2;CONCESSIONÁRIA DE RODOVIA SUL-MATOGROSSENSE S.A.;023833;FCA;117086;2022-06-22;http://www.rad.cvm.gov.br/ENETCONSULTA/frmDownloadDocumento.aspx?CodigoInstituicao=1&NumeroSequencialDocumento=117086
19.642.306/0001-70;2022-01-01;3;CONCESSIONÁRIA DE RODOVIA SUL-MATOGROSSENSE S.A.;023833;FCA;120145;2022-08-19;http://www.rad.cvm.gov.br/ENETCONSULTA/frmDownloadDocumento.aspx?CodigoInstituicao=1&NumeroSequencialDocumento=120145
19.726.048/0001-00;2022-01-01;1;CONCESSIONÁRIA BR-040 S.A.;023892;FCA;112112;2022-02-25;http://www.rad.cvm.gov.br/ENETCONSULTA/frmDownloadDocumento.aspx?CodigoInstituicao=1&NumeroSequencialDocumento=112112
19.726.048/0001-00;2022-01-01;2;CONCESSIONÁRIA BR-040 S.A.;023892;FCA;114057;2022-04-29;http://www.rad.cvm.gov.br/ENETCONSULTA/frmDownloadDocumento.aspx?CodigoInstituicao=1&NumeroSequencialDocumento=114057
19.796.586/0001-70;2022-01-01;1;BRISANET PARTICIPAÇÕES S.A.;026085;FCA;118237;2022-07-01;http://www.rad.cvm.gov.br/ENETCONSULTA/frmDownloadDocumento.aspx?CodigoInstituicao=1&NumeroSequencialDocumento=118237
19.796.586/0001-70;2022-01-01;2;BRISANET PARTICIPAÇÕES S.A.;026085;FCA;118238;2022-07-01;http://www.rad.cvm.gov.br/ENETCONSULTA/frmDownloadDocumento.aspx?CodigoInstituicao=1&NumeroSequencialDocumento=118238
19.851.496/0001-35;2022-01-01;1;LOGOS COMPANHIA SECURITIZADORA S/A;023477;FCA;115727;2022-05-25;http://www.rad.cvm.gov.br/ENETCONSULTA/frmDownloadDocumento.aspx?CodigoInstituicao=1&NumeroSequencialDocumento=115727
20.247.322/0001-47;2022-01-01;1;ALLIED TECNOLOGIA S.A.;025330;FCA;113777;2022-04-14;http://www.rad.cvm.gov.br/ENETCONSULTA/frmDownloadDocumento.aspx?CodigoInstituicao=1&NumeroSequencialDocumento=113777
20.247.322/0001-47;2022-01-01;2;ALLIED TECNOLOGIA S.A.;025330;FCA;116364;2022-05-31;http://www.rad.cvm.gov.br/ENETCONSULTA/frmDownloadDocumento.aspx?CodigoInstituicao=1&NumeroSequencialDocumento=116364
20.258.278/0001-70;2022-01-01;1;OUROFINO S.A.;023507;FCA;111987;2022-02-23;http://www.rad.cvm.gov.br/ENETCONSULTA/frmDownloadDocumento.aspx?CodigoInstituicao=1&NumeroSequencialDocumento=111987
20.258.278/0001-70;2022-01-01;2;OUROFINO S.A.;023507;FCA;120773;2022-09-28;http://www.rad.cvm.gov.br/ENETCONSULTA/frmDownloadDocumento.aspx?CodigoInstituicao=1&NumeroSequencialDocumento=120773
20.451.953/0001-83;2022-01-01;1;BLUM COMPANHIA DE SECURITIZAÇÃO DE CRÉDITOS S.A;023760;FCA;111244;2022-01-14;http://www.rad.cvm.gov.br/ENETCONSULTA/frmDownloadDocumento.aspx?CodigoInstituicao=1&NumeroSequencialDocumento=111244
20.451.953/0001-83;2022-01-01;2;BLUM COMPANHIA DE SECURITIZAÇÃO DE CRÉDITOS S.A;023760;FCA;113703;2022-04-12;http://www.rad.cvm.gov.br/ENETCONSULTA/frmDownloadDocumento.aspx?CodigoInstituicao=1&NumeroSequencialDocumento=113703
20.451.953/0001-83;2022-01-01;3;BLUM COMPANHIA DE SECURITIZAÇÃO DE CRÉDITOS S.A;023760;FCA;114062;2022-04-29;http://www.rad.cvm.gov.br/ENETCONSULTA/frmDownloadDocumento.aspx?CodigoInstituicao=1&NumeroSequencialDocumento=114062
20.451.953/0001-83;2022-01-01;4;BLUM COMPANHIA DE SECURITIZAÇÃO DE CRÉDITOS S.A;023760;FCA;115464;2022-05-17;http://www.rad.cvm.gov.br/ENETCONSULTA/frmDownloadDocumento.aspx?CodigoInstituicao=1&NumeroSequencialDocumento=115464
20.451.953/0001-83;2022-01-01;5;BLUM COMPANHIA DE SECURITIZAÇÃO DE CRÉDITOS S.A;023760;FCA;116934;2022-06-10;http://www.rad.cvm.gov.br/ENETCONSULTA/frmDownloadDocumento.aspx?CodigoInstituicao=1&NumeroSequencialDocumento=116934
20.451.953/0001-83;2022-01-01;6;BLUM COMPANHIA DE SECURITIZAÇÃO DE CRÉDITOS S.A;023760;FCA;117074;2022-06-21;http://www.rad.cvm.gov.br/ENETCONSULTA/frmDownloadDocumento.aspx?CodigoInstituicao=1&NumeroSequencialDocumento=117074
20.512.706/0001-40;2022-01-01;1;VITRU EDUCAÇÃO S.A.;027057;FCA;120495;2022-09-08;http://www.rad.cvm.gov.br/ENETCONSULTA/frmDownloadDocumento.aspx?CodigoInstituicao=1&NumeroSequencialDocumento=120495
20.514.555/0001-69;2022-01-01;1;ARGO VI TRANSMISSÃO DE ENERGIA S.A.;026670;FCA;112867;2022-03-23;http://www.rad.cvm.gov.br/ENETCONSULTA/frmDownloadDocumento.aspx?CodigoInstituicao=1&NumeroSequencialDocumento=112867
20.514.555/0001-69;2022-01-01;2;ARGO VI TRANSMISSÃO DE ENERGIA S.A.;026670;FCA;114012;2022-04-28;http://www.rad.cvm.gov.br/ENETCONSULTA/frmDownloadDocumento.aspx?CodigoInstituicao=1&NumeroSequencialDocumento=114012
20.514.555/0001-69;2022-01-01;3;ARGO VI TRANSMISSÃO DE ENERGIA S.A.;026670;FCA;116013;2022-05-30;http://www.rad.cvm.gov.br/ENETCONSULTA/frmDownloadDocumento.aspx?CodigoInstituicao=1&NumeroSequencialDocumento=116013
20.514.590/0001-88;2022-01-01;1;ARGO V TRANSMISSÃO DE ENERGIA S.A.;026662;FCA;112284;2022-03-07;http://www.rad.cvm.gov.br/ENETCONSULTA/frmDownloadDocumento.aspx?CodigoInstituicao=1&NumeroSequencialDocumento=112284
20.514.590/0001-88;2022-01-01;2;ARGO V TRANSMISSÃO DE ENERGIA S.A.;026662;FCA;112856;2022-03-23;http://www.rad.cvm.gov.br/ENETCONSULTA/frmDownloadDocumento.aspx?CodigoInstituicao=1&NumeroSequencialDocumento=112856
20.514.590/0001-88;2022-01-01;3;ARGO V TRANSMISSÃO DE ENERGIA S.A.;026662;FCA;114030;2022-04-28;http://www.rad.cvm.gov.br/ENETCONSULTA/frmDownloadDocumento.aspx?CodigoInstituicao=1&NumeroSequencialDocumento=114030
20.514.590/0001-88;2022-01-01;4;ARGO V TRANSMISSÃO DE ENERGIA S.A.;026662;FCA;116015;2022-05-30;http://www.rad.cvm.gov.br/ENETCONSULTA/frmDownloadDocumento.aspx?CodigoInstituicao=1&NumeroSequencialDocumento=116015
21.110.778/0001-23;2022-01-01;1;OLIVEIRA TRUST S.A.;026417;FCA;115658;2022-05-23;http://www.rad.cvm.gov.br/ENETCONSULTA/frmDownloadDocumento.aspx?CodigoInstituicao=1&NumeroSequencialDocumento=115658
21.240.146/0001-84;2022-01-01;1;AGROGALAXY PARTICIPAÇÕES S.A. - EM RECUPERAÇÃO JUDICIAL;025658;FCA;118225;2022-07-01;http://www.rad.cvm.gov.br/ENETCONSULTA/frmDownloadDocumento.aspx?CodigoInstituicao=1&NumeroSequencialDocumento=118225
21.240.146/0001-84;2022-01-01;2;AGROGALAXY PARTICIPAÇÕES S.A. - EM RECUPERAÇÃO JUDICIAL;025658;FCA;120891;2022-10-07;http://www.rad.cvm.gov.br/ENETCONSULTA/frmDownloadDocumento.aspx?CodigoInstituicao=1&NumeroSequencialDocumento=120891
21.254.073/0001-80;2022-01-01;1;COMPANHIA ITAUNENSE ENERGIA E PARTICIPAÇÕES;003450;FCA;114231;2022-05-04;http://www.rad.cvm.gov.br/ENETCONSULTA/frmDownloadDocumento.aspx?CodigoInstituicao=1&NumeroSequencialDocumento=114231
21.255.567/0001-89;2022-01-01;1;CIA TECIDOS SANTANENSE EM RECUPERAÇÃO JUDICIAL;004081;FCA;111799;2022-02-16;http://www.rad.cvm.gov.br/ENETCONSULTA/frmDownloadDocumento.aspx?CodigoInstituicao=1&NumeroSequencialDocumento=111799
21.255.567/0001-89;2022-01-01;2;CIA TECIDOS SANTANENSE EM RECUPERAÇÃO JUDICIAL;004081;FCA;114735;2022-05-11;http://www.rad.cvm.gov.br/ENETCONSULTA/frmDownloadDocumento.aspx?CodigoInstituicao=1&NumeroSequencialDocumento=114735
21.262.638/0001-70;2022-01-01;1;ENCALSO PARTICIPAÇÕES EM CONCESSÕES S/A;023701;FCA;114162;2022-05-03;http://www.rad.cvm.gov.br/ENETCONSULTA/frmDownloadDocumento.aspx?CodigoInstituicao=1&NumeroSequencialDocumento=114162
21.314.559/0001-66;2022-01-01;1;MOVIDA PARTICIPACOES SA;023825;FCA;117026;2022-06-15;http://www.rad.cvm.gov.br/ENETCONSULTA/frmDownloadDocumento.aspx?CodigoInstituicao=1&NumeroSequencialDocumento=117026
21.331.849/0001-18;2022-01-01;1;CREDGRID SERVIÇOS FINANCEIROS S.A.;026972;FCA;119733;2022-08-12;http://www.rad.cvm.gov.br/ENETCONSULTA/frmDownloadDocumento.aspx?CodigoInstituicao=1&NumeroSequencialDocumento=119733
21.331.849/0001-18;2022-01-01;2;CREDGRID SERVIÇOS FINANCEIROS S.A.;026972;FCA;121002;2022-10-14;http://www.rad.cvm.gov.br/ENETCONSULTA/frmDownloadDocumento.aspx?CodigoInstituicao=1&NumeroSequencialDocumento=121002
21.389.501/0001-81;2022-01-01;1;COMPASS GÁS E ENERGIA S.A.;025127;FCA;111055;2022-01-03;http://www.rad.cvm.gov.br/ENETCONSULTA/frmDownloadDocumento.aspx?CodigoInstituicao=1&NumeroSequencialDocumento=111055
21.389.501/0001-81;2022-01-01;2;COMPASS GÁS E ENERGIA S.A.;025127;FCA;121144;2022-10-25;http://www.rad.cvm.gov.br/ENETCONSULTA/frmDownloadDocumento.aspx?CodigoInstituicao=1&NumeroSequencialDocumento=121144
21.414.457/0001-12;2022-01-01;1;LEADS CIA. SECURITIZADORA;023558;FCA;115721;2022-05-25;http://www.rad.cvm.gov.br/ENETCONSULTA/frmDownloadDocumento.aspx?CodigoInstituicao=1&NumeroSequencialDocumento=115721
21.610.416/0001-00;2022-01-01;1;FORTUNATO SECURITIZADORA S/A;023566;FCA;115816;2022-05-27;http://www.rad.cvm.gov.br/ENETCONSULTA/frmDownloadDocumento.aspx?CodigoInstituicao=1&NumeroSequencialDocumento=115816
21.728.083/0001-00;2022-01-01;1;TRANSMISSORA JOSÉ MARIA DE MACEDO DE ELETRICIDADE S.A.;026654;FCA;112870;2022-03-23;http://www.rad.cvm.gov.br/ENETCONSULTA/frmDownloadDocumento.aspx?CodigoInstituicao=1&NumeroSequencialDocumento=112870
21.728.083/0001-00;2022-01-01;2;TRANSMISSORA JOSÉ MARIA DE MACEDO DE ELETRICIDADE S.A.;026654;FCA;114013;2022-04-28;http://www.rad.cvm.gov.br/ENETCONSULTA/frmDownloadDocumento.aspx?CodigoInstituicao=1&NumeroSequencialDocumento=114013
21.728.083/0001-00;2022-01-01;3;TRANSMISSORA JOSÉ MARIA DE MACEDO DE ELETRICIDADE S.A.;026654;FCA;116014;2022-05-30;http://www.rad.cvm.gov.br/ENETCONSULTA/frmDownloadDocumento.aspx?CodigoInstituicao=1&NumeroSequencialDocumento=116014
21.976.484/0001-89;2022-01-01;1;RUGE SECURITIZADORA DE CRÉDITOS FINANCEIROS S.A.;024538;FCA;116724;2022-05-31;http://www.rad.cvm.gov.br/ENETCONSULTA/frmDownloadDocumento.aspx?CodigoInstituicao=1&NumeroSequencialDocumento=116724
22.163.297/0001-49;2022-01-01;1;CONCESSIONÁRIA PONTE RIO-NITERÓI S.A. - ECOPONTE;024139;FCA;115991;2022-05-30;http://www.rad.cvm.gov.br/ENETCONSULTA/frmDownloadDocumento.aspx?CodigoInstituicao=1&NumeroSequencialDocumento=115991
22.163.297/0001-49;2022-01-01;2;CONCESSIONÁRIA PONTE RIO-NITERÓI S.A. - ECOPONTE;024139;FCA;118340;2022-07-07;http://www.rad.cvm.gov.br/ENETCONSULTA/frmDownloadDocumento.aspx?CodigoInstituicao=1&NumeroSequencialDocumento=118340
22.261.473/0001-85;2022-01-01;1;COMPANHIA DE GÁS DE MINAS GERAIS - GASMIG;025178;FCA;113883;2022-04-20;http://www.rad.cvm.gov.br/ENETCONSULTA/frmDownloadDocumento.aspx?CodigoInstituicao=1&NumeroSequencialDocumento=113883
22.261.473/0001-85;2022-01-01;2;COMPANHIA DE GÁS DE MINAS GERAIS - GASMIG;025178;FCA;118174;2022-06-29;http://www.rad.cvm.gov.br/ENETCONSULTA/frmDownloadDocumento.aspx?CodigoInstituicao=1&NumeroSequencialDocumento=118174
22.261.473/0001-85;2022-01-01;3;COMPANHIA DE GÁS DE MINAS GERAIS - GASMIG;025178;FCA;118455;2022-07-13;http://www.rad.cvm.gov.br/ENETCONSULTA/frmDownloadDocumento.aspx?CodigoInstituicao=1&NumeroSequencialDocumento=118455
22.261.473/0001-85;2022-01-01;4;COMPANHIA DE GÁS DE MINAS GERAIS - GASMIG;025178;FCA;120221;2022-08-24;http://www.rad.cvm.gov.br/ENETCONSULTA/frmDownloadDocumento.aspx?CodigoInstituicao=1&NumeroSequencialDocumento=120221
22.261.473/0001-85;2022-01-01;5;COMPANHIA DE GÁS DE MINAS GERAIS - GASMIG;025178;FCA;120409;2022-09-01;http://www.rad.cvm.gov.br/ENETCONSULTA/frmDownloadDocumento.aspx?CodigoInstituicao=1&NumeroSequencialDocumento=120409
22.266.175/0001-88;2022-01-01;1;FERTILIZANTES HERINGER S.A.;020621;FCA;113918;2022-04-25;http://www.rad.cvm.gov.br/ENETCONSULTA/frmDownloadDocumento.aspx?CodigoInstituicao=1&NumeroSequencialDocumento=113918
22.266.175/0001-88;2022-01-01;2;FERTILIZANTES HERINGER S.A.;020621;FCA;116744;2022-06-01;http://www.rad.cvm.gov.br/ENETCONSULTA/frmDownloadDocumento.aspx?CodigoInstituicao=1&NumeroSequencialDocumento=116744
22.266.175/0001-88;2022-01-01;3;FERTILIZANTES HERINGER S.A.;020621;FCA;119254;2022-08-05;http://www.rad.cvm.gov.br/ENETCONSULTA/frmDownloadDocumento.aspx?CodigoInstituicao=1&NumeroSequencialDocumento=119254
22.266.175/0001-88;2022-01-01;4;FERTILIZANTES HERINGER S.A.;020621;FCA;119951;2022-08-15;http://www.rad.cvm.gov.br/ENETCONSULTA/frmDownloadDocumento.aspx?CodigoInstituicao=1&NumeroSequencialDocumento=119951
22.266.175/0001-88;2022-01-01;5;FERTILIZANTES HERINGER S.A.;020621;FCA;120087;2022-08-17;http://www.rad.cvm.gov.br/ENETCONSULTA/frmDownloadDocumento.aspx?CodigoInstituicao=1&NumeroSequencialDocumento=120087
22.495.265/0001-40;2022-01-01;1;SENECA COMPANHIA SECURITIZADORA;023698;FCA;115830;2022-05-27;http://www.rad.cvm.gov.br/ENETCONSULTA/frmDownloadDocumento.aspx?CodigoInstituicao=1&NumeroSequencialDocumento=115830
22.543.331/0001-00;2022-01-01;1;CAIXA SEGURIDADE PARTICIPAÇÕES S.A.;023795;FCA;112203;2022-03-03;http://www.rad.cvm.gov.br/ENETCONSULTA/frmDownloadDocumento.aspx?CodigoInstituicao=1&NumeroSequencialDocumento=112203
22.543.331/0001-00;2022-01-01;2;CAIXA SEGURIDADE PARTICIPAÇÕES S.A.;023795;FCA;116859;2022-06-06;http://www.rad.cvm.gov.br/ENETCONSULTA/frmDownloadDocumento.aspx?CodigoInstituicao=1&NumeroSequencialDocumento=116859
22.677.520/0001-76;2022-01-01;1;CIA TECIDOS NORTE DE MINAS COTEMINAS;003158;FCA;111798;2022-02-16;http://www.rad.cvm.gov.br/ENETCONSULTA/frmDownloadDocumento.aspx?CodigoInstituicao=1&NumeroSequencialDocumento=111798
22.902.694/0001-95;2022-01-01;1;SELF IT ACADEMIAS HOLDING S.A.;026794;FCA;114050;2022-04-28;http://www.rad.cvm.gov.br/ENETCONSULTA/frmDownloadDocumento.aspx?CodigoInstituicao=1&NumeroSequencialDocumento=114050
22.902.694/0001-95;2022-01-01;2;SELF IT ACADEMIAS HOLDING S.A.;026794;FCA;115481;2022-05-17;http://www.rad.cvm.gov.br/ENETCONSULTA/frmDownloadDocumento.aspx?CodigoInstituicao=1&NumeroSequencialDocumento=115481
23.041.875/0001-37;2022-01-01;1;ALMACENES ÉXITO S.A.;080225;FCA;122835;2022-12-29;http://www.rad.cvm.gov.br/ENETCONSULTA/frmDownloadDocumento.aspx?CodigoInstituicao=1&NumeroSequencialDocumento=122835
23.096.269/0001-19;2022-01-01;1;RIO PARANA ENERGIA S.A.;025623;FCA;115998;2022-05-30;http://www.rad.cvm.gov.br/ENETCONSULTA/frmDownloadDocumento.aspx?CodigoInstituicao=1&NumeroSequencialDocumento=115998
23.096.269/0001-19;2022-01-01;2;RIO PARANA ENERGIA S.A.;025623;FCA;120048;2022-08-16;http://www.rad.cvm.gov.br/ENETCONSULTA/frmDownloadDocumento.aspx?CodigoInstituicao=1&NumeroSequencialDocumento=120048
23.236.821/0001-27;2022-01-01;1;PATRIMAR ENGENHARIA S.A.;025305;FCA;116749;2022-06-01;http://www.rad.cvm.gov.br/ENETCONSULTA/frmDownloadDocumento.aspx?CodigoInstituicao=1&NumeroSequencialDocumento=116749
23.373.000/0001-32;2022-01-01;1;VAMOS LOCAÇÃO DE CAMINHÕES, MÁQUINAS E EQUIPAMENTOS S.A.;024716;FCA;116238;2022-05-31;http://www.rad.cvm.gov.br/ENETCONSULTA/frmDownloadDocumento.aspx?CodigoInstituicao=1&NumeroSequencialDocumento=116238
23.864.409/0001-51;2022-01-01;1;HOLDING VERZANI E SANDRINI S.A.;026689;FCA;113568;2022-04-06;http://www.rad.cvm.gov.br/ENETCONSULTA/frmDownloadDocumento.aspx?CodigoInstituicao=1&NumeroSequencialDocumento=113568
23.864.409/0001-51;2022-01-01;2;HOLDING VERZANI E SANDRINI S.A.;026689;FCA;116501;2022-05-31;http://www.rad.cvm.gov.br/ENETCONSULTA/frmDownloadDocumento.aspx?CodigoInstituicao=1&NumeroSequencialDocumento=116501
24.230.275/0001-80;2022-01-01;1;PLANO & PLANO DESENVOLVIMENTO IMOBILIÁRIO S.A.;025070;FCA;116485;2022-05-31;http://www.rad.cvm.gov.br/ENETCONSULTA/frmDownloadDocumento.aspx?CodigoInstituicao=1&NumeroSequencialDocumento=116485
24.396.489/0001-20;2022-01-01;1;BRK AMBIENTAL PARTICIPAÇÕES S.A.;024830;FCA;113479;2022-04-01;http://www.rad.cvm.gov.br/ENETCONSULTA/frmDownloadDocumento.aspx?CodigoInstituicao=1&NumeroSequencialDocumento=113479
24.396.489/0001-20;2022-01-01;2;BRK AMBIENTAL PARTICIPAÇÕES S.A.;024830;FCA;116046;2022-05-30;http://www.rad.cvm.gov.br/ENETCONSULTA/frmDownloadDocumento.aspx?CodigoInstituicao=1&NumeroSequencialDocumento=116046
24.396.489/0001-20;2022-01-01;3;BRK AMBIENTAL PARTICIPAÇÕES S.A.;024830;FCA;120450;2022-09-05;http://www.rad.cvm.gov.br/ENETCONSULTA/frmDownloadDocumento.aspx?CodigoInstituicao=1&NumeroSequencialDocumento=120450
24.396.489/0001-20;2022-01-01;4;BRK AMBIENTAL PARTICIPAÇÕES S.A.;024830;FCA;121548;2022-11-09;http://www.rad.cvm.gov.br/ENETCONSULTA/frmDownloadDocumento.aspx?CodigoInstituicao=1&NumeroSequencialDocumento=121548
24.410.913/0001-44;2022-01-01;1;NU HOLDINGS LTD.;080209;FCA;116477;2022-05-31;http://www.rad.cvm.gov.br/ENETCONSULTA/frmDownloadDocumento.aspx?CodigoInstituicao=1&NumeroSequencialDocumento=116477
24.410.913/0001-44;2022-01-01;2;NU HOLDINGS LTD.;080209;FCA;120817;2022-09-30;http://www.rad.cvm.gov.br/ENETCONSULTA/frmDownloadDocumento.aspx?CodigoInstituicao=1&NumeroSequencialDocumento=120817
24.624.490/0001-65;2022-01-01;1;ARGO TRANSMISSÃO DE ENERGIA S/A;024210;FCA;116736;2022-06-01;http://www.rad.cvm.gov.br/ENETCONSULTA/frmDownloadDocumento.aspx?CodigoInstituicao=1&NumeroSequencialDocumento=116736
24.624.551/0001-94;2022-01-01;1;ARGO ENERGIA EMPREENDIMENTOS E PARTICIPAÇÕES S/A;024120;FCA;116735;2022-06-01;http://www.rad.cvm.gov.br/ENETCONSULTA/frmDownloadDocumento.aspx?CodigoInstituicao=1&NumeroSequencialDocumento=116735
24.921.465/0001-43;2022-01-01;1;BLUEFIT ACADEMIAS DE GINÁSTICA E PARTICIPAÇÕES S.A.;026204;FCA;116272;2022-05-31;http://www.rad.cvm.gov.br/ENETCONSULTA/frmDownloadDocumento.aspx?CodigoInstituicao=1&NumeroSequencialDocumento=116272
24.962.466/0001-36;2022-01-01;1;RUMO MALHA NORTE S.A.;015300;FCA;111066;2022-01-03;http://www.rad.cvm.gov.br/ENETCONSULTA/frmDownloadDocumento.aspx?CodigoInstituicao=1&NumeroSequencialDocumento=111066
24.962.466/0001-36;2022-01-01;2;RUMO MALHA NORTE S.A.;015300;FCA;112731;2022-03-18;http://www.rad.cvm.gov.br/ENETCONSULTA/frmDownloadDocumento.aspx?CodigoInstituicao=1&NumeroSequencialDocumento=112731
24.962.466/0001-36;2022-01-01;3;RUMO MALHA NORTE S.A.;015300;FCA;116604;2022-05-31;http://www.rad.cvm.gov.br/ENETCONSULTA/frmDownloadDocumento.aspx?CodigoInstituicao=1&NumeroSequencialDocumento=116604
24.962.466/0001-36;2022-01-01;4;RUMO MALHA NORTE S.A.;015300;FCA;120926;2022-10-10;http://www.rad.cvm.gov.br/ENETCONSULTA/frmDownloadDocumento.aspx?CodigoInstituicao=1&NumeroSequencialDocumento=120926
24.990.777/0001-09;2022-01-01;1;GRUPO MATEUS S.A.;025186;FCA;118229;2022-07-01;http://www.rad.cvm.gov.br/ENETCONSULTA/frmDownloadDocumento.aspx?CodigoInstituicao=1&NumeroSequencialDocumento=118229
24.990.777/0001-09;2022-01-01;2;GRUPO MATEUS S.A.;025186;FCA;120174;2022-08-22;http://www.rad.cvm.gov.br/ENETCONSULTA/frmDownloadDocumento.aspx?CodigoInstituicao=1&NumeroSequencialDocumento=120174
25.089.509/0001-83;2022-01-01;1;COMPANHIA DE SANEAMENTO DO TOCANTINS - SANEATINS;023809;FCA;113898;2022-04-22;http://www.rad.cvm.gov.br/ENETCONSULTA/frmDownloadDocumento.aspx?CodigoInstituicao=1&NumeroSequencialDocumento=113898
25.369.840/0001-57;2022-01-01;1;COMERC ENERGIA S.A.;026280;FCA;113548;2022-04-06;http://www.rad.cvm.gov.br/ENETCONSULTA/frmDownloadDocumento.aspx?CodigoInstituicao=1&NumeroSequencialDocumento=113548
26.072.786/0001-46;2022-01-01;1;QESTRA TECNOLOGIA ADMINISTRAÇÃO E PARTICIPAÇÕES S.A.;026816;FCA;112146;2022-03-01;http://www.rad.cvm.gov.br/ENETCONSULTA/frmDownloadDocumento.aspx?CodigoInstituicao=1&NumeroSequencialDocumento=112146
26.072.786/0001-46;2022-01-01;2;QESTRA TECNOLOGIA ADMINISTRAÇÃO E PARTICIPAÇÕES S.A.;026816;FCA;116777;2022-06-01;http://www.rad.cvm.gov.br/ENETCONSULTA/frmDownloadDocumento.aspx?CodigoInstituicao=1&NumeroSequencialDocumento=116777
26.345.998/0001-50;2022-01-01;1;ECONOMATICA S.A.;026077;FCA;116376;2022-05-31;http://www.rad.cvm.gov.br/ENETCONSULTA/frmDownloadDocumento.aspx?CodigoInstituicao=1&NumeroSequencialDocumento=116376
26.345.998/0001-50;2022-01-01;2;ECONOMATICA S.A.;026077;FCA;122745;2022-12-23;http://www.rad.cvm.gov.br/ENETCONSULTA/frmDownloadDocumento.aspx?CodigoInstituicao=1&NumeroSequencialDocumento=122745
26.462.693/0001-28;2022-01-01;1;LAVVI EMPREENDIMENTOS IMOBILIÁRIOS S.A.;025062;FCA;111688;2022-02-10;http://www.rad.cvm.gov.br/ENETCONSULTA/frmDownloadDocumento.aspx?CodigoInstituicao=1&NumeroSequencialDocumento=111688
26.462.693/0001-28;2022-01-01;2;LAVVI EMPREENDIMENTOS IMOBILIÁRIOS S.A.;025062;FCA;112321;2022-03-08;http://www.rad.cvm.gov.br/ENETCONSULTA/frmDownloadDocumento.aspx?CodigoInstituicao=1&NumeroSequencialDocumento=112321
26.609.050/0001-64;2022-01-01;1;TRAVESSIA SECURITIZADORA S.A.;024082;FCA;116629;2022-05-31;http://www.rad.cvm.gov.br/ENETCONSULTA/frmDownloadDocumento.aspx?CodigoInstituicao=1&NumeroSequencialDocumento=116629
26.659.061/0001-59;2022-01-01;1;MPM CORPÓREOS S.A.;025445;FCA;116105;2022-05-31;http://www.rad.cvm.gov.br/ENETCONSULTA/frmDownloadDocumento.aspx?CodigoInstituicao=1&NumeroSequencialDocumento=116105
26.659.061/0001-59;2022-01-01;2;MPM CORPÓREOS S.A.;025445;FCA;116896;2022-06-08;http://www.rad.cvm.gov.br/ENETCONSULTA/frmDownloadDocumento.aspx?CodigoInstituicao=1&NumeroSequencialDocumento=116896
26.659.061/0001-59;2022-01-01;3;MPM CORPÓREOS S.A.;025445;FCA;119292;2022-08-08;http://www.rad.cvm.gov.br/ENETCONSULTA/frmDownloadDocumento.aspx?CodigoInstituicao=1&NumeroSequencialDocumento=119292
26.659.061/0001-59;2022-01-01;4;MPM CORPÓREOS S.A.;025445;FCA;120910;2022-10-09;http://www.rad.cvm.gov.br/ENETCONSULTA/frmDownloadDocumento.aspx?CodigoInstituicao=1&NumeroSequencialDocumento=120910
26.664.057/0001-89;2022-01-01;1;ENTREVIAS CONCESSIONÁRIA DE RODOVIAS S.A.;024341;FCA;114568;2022-05-09;http://www.rad.cvm.gov.br/ENETCONSULTA/frmDownloadDocumento.aspx?CodigoInstituicao=1&NumeroSequencialDocumento=114568
26.735.020/0001-02;2022-01-01;1;FOCUS ENERGIA HOLDING PARTICIPAÇÕES S.A.;025488;FCA;112406;2022-03-10;http://www.rad.cvm.gov.br/ENETCONSULTA/frmDownloadDocumento.aspx?CodigoInstituicao=1&NumeroSequencialDocumento=112406
26.845.702/0001-60;2022-01-01;1;BELÉM TRANSMISSORA DE ENERGIA S.A;024457;FCA;116325;2022-05-31;http://www.rad.cvm.gov.br/ENETCONSULTA/frmDownloadDocumento.aspx?CodigoInstituicao=1&NumeroSequencialDocumento=116325
26.982.634/0001-80;2022-01-01;1;TURBI COMPARTILHAMENTO DE VEÍCULOS S.A.;027197;FCA;122758;2022-12-26;http://www.rad.cvm.gov.br/ENETCONSULTA/frmDownloadDocumento.aspx?CodigoInstituicao=1&NumeroSequencialDocumento=122758
27.093.558/0001-15;2022-01-01;1;MILLS LOCAÇÃO, SERVIÇOS E LOGÍSTICA S.A.;022012;FCA;115285;2022-05-16;http://www.rad.cvm.gov.br/ENETCONSULTA/frmDownloadDocumento.aspx?CodigoInstituicao=1&NumeroSequencialDocumento=115285
27.093.558/0001-15;2022-01-01;2;MILLS LOCAÇÃO, SERVIÇOS E LOGÍSTICA S.A.;022012;FCA;118818;2022-07-28;http://www.rad.cvm.gov.br/ENETCONSULTA/frmDownloadDocumento.aspx?CodigoInstituicao=1&NumeroSequencialDocumento=118818
27.137.879/0001-74;2022-01-01;1;CIA SEC DE CRÉDITOS FINANCEIROS CARTÕES CONSIGNADOS I;024147;FCA;116714;2022-05-31;http://www.rad.cvm.gov.br/ENETCONSULTA/frmDownloadDocumento.aspx?CodigoInstituicao=1&NumeroSequencialDocumento=116714
27.157.474/0001-06;2022-01-01;1;ÁGUAS DE TERESINA SANEAMENTO SPE S.A.;025615;FCA;112086;2022-02-25;http://www.rad.cvm.gov.br/ENETCONSULTA/frmDownloadDocumento.aspx?CodigoInstituicao=1&NumeroSequencialDocumento=112086
27.956.690/0001-03;2022-01-01;1;AUZZA SECURITIZADORA S. A.;024333;FCA;116650;2022-05-31;http://www.rad.cvm.gov.br/ENETCONSULTA/frmDownloadDocumento.aspx?CodigoInstituicao=1&NumeroSequencialDocumento=116650
27.967.244/0001-02;2022-01-01;1;TAPAJÓS TRANSMISSORA DE ENERGIA S.A.;024481;FCA;116330;2022-05-31;http://www.rad.cvm.gov.br/ENETCONSULTA/frmDownloadDocumento.aspx?CodigoInstituicao=1&NumeroSequencialDocumento=116330
28.019.100/0001-89;2022-01-01;1;VIAPAULISTA S.A.;025607;FCA;111546;2022-02-04;http://www.rad.cvm.gov.br/ENETCONSULTA/frmDownloadDocumento.aspx?CodigoInstituicao=1&NumeroSequencialDocumento=111546
28.019.100/0001-89;2022-01-01;2;VIAPAULISTA S.A.;025607;FCA;111970;2022-02-23;http://www.rad.cvm.gov.br/ENETCONSULTA/frmDownloadDocumento.aspx?CodigoInstituicao=1&NumeroSequencialDocumento=111970
28.019.100/0001-89;2022-01-01;3;VIAPAULISTA S.A.;025607;FCA;112180;2022-03-03;http://www.rad.cvm.gov.br/ENETCONSULTA/frmDownloadDocumento.aspx?CodigoInstituicao=1&NumeroSequencialDocumento=112180
28.127.603/0001-78;2022-01-01;1;BANESTES S.A. - BCO EST ESPIRITO SANTO;001155;FCA;111121;2022-01-05;http://www.rad.cvm.gov.br/ENETCONSULTA/frmDownloadDocumento.aspx?CodigoInstituicao=1&NumeroSequencialDocumento=111121
28.127.603/0001-78;2022-01-01;2;BANESTES S.A. - BCO EST ESPIRITO SANTO;001155;FCA;113517;2022-04-05;http://www.rad.cvm.gov.br/ENETCONSULTA/frmDownloadDocumento.aspx?CodigoInstituicao=1&NumeroSequencialDocumento=113517
28.127.603/0001-78;2022-01-01;3;BANESTES S.A. - BCO EST ESPIRITO SANTO;001155;FCA;114064;2022-04-29;http://www.rad.cvm.gov.br/ENETCONSULTA/frmDownloadDocumento.aspx?CodigoInstituicao=1&NumeroSequencialDocumento=114064
28.127.603/0001-78;2022-01-01;4;BANESTES S.A. - BCO EST ESPIRITO SANTO;001155;FCA;118433;2022-07-12;http://www.rad.cvm.gov.br/ENETCONSULTA/frmDownloadDocumento.aspx?CodigoInstituicao=1&NumeroSequencialDocumento=118433
28.152.650/0001-71;2022-01-01;1;EDP ESPIRITO SANTO DISTRIBUIÇÃO DE ENERGIA S.A.;015342;FCA;112918;2022-03-24;http://www.rad.cvm.gov.br/ENETCONSULTA/frmDownloadDocumento.aspx?CodigoInstituicao=1&NumeroSequencialDocumento=112918
28.152.650/0001-71;2022-01-01;2;EDP ESPIRITO SANTO DISTRIBUIÇÃO DE ENERGIA S.A.;015342;FCA;120342;2022-08-31;http://www.rad.cvm.gov.br/ENETCONSULTA/frmDownloadDocumento.aspx?CodigoInstituicao=1&NumeroSequencialDocumento=120342
28.195.667/0001-06;2022-01-01;1;BCO ABC BRASIL S.A.;020958;FCA;111441;2022-01-31;http://www.rad.cvm.gov.br/ENETCONSULTA/frmDownloadDocumento.aspx?CodigoInstituicao=1&NumeroSequencialDocumento=111441
28.195.667/0001-06;2022-01-01;2;BCO ABC BRASIL S.A.;020958;FCA;112304;2022-03-08;http://www.rad.cvm.gov.br/ENETCONSULTA/frmDownloadDocumento.aspx?CodigoInstituicao=1&NumeroSequencialDocumento=112304
28.195.667/0001-06;2022-01-01;3;BCO ABC BRASIL S.A.;020958;FCA;122476;2022-12-05;http://www.rad.cvm.gov.br/ENETCONSULTA/frmDownloadDocumento.aspx?CodigoInstituicao=1&NumeroSequencialDocumento=122476
28.201.130/0001-01;2022-01-01;1;ENERGISA TRANSMISSÃO DE ENERGIA S/A;024589;FCA;116546;2022-05-31;http://www.rad.cvm.gov.br/ENETCONSULTA/frmDownloadDocumento.aspx?CodigoInstituicao=1&NumeroSequencialDocumento=116546
28.201.130/0001-01;2022-01-01;2;ENERGISA TRANSMISSÃO DE ENERGIA S/A;024589;FCA;118213;2022-07-01;http://www.rad.cvm.gov.br/ENETCONSULTA/frmDownloadDocumento.aspx?CodigoInstituicao=1&NumeroSequencialDocumento=118213
28.201.130/0001-01;2022-01-01;3;ENERGISA TRANSMISSÃO DE ENERGIA S/A;024589;FCA;120466;2022-09-05;http://www.rad.cvm.gov.br/ENETCONSULTA/frmDownloadDocumento.aspx?CodigoInstituicao=1&NumeroSequencialDocumento=120466
28.442.718/0001-57;2022-01-01;1;RIOLOAN 2 COMPANHIA SECURITIZADORA DE CRÉDITOS FINANCEIROS;024368;FCA;118177;2022-06-29;http://www.rad.cvm.gov.br/ENETCONSULTA/frmDownloadDocumento.aspx?CodigoInstituicao=1&NumeroSequencialDocumento=118177
28.442.718/0001-57;2022-01-01;2;RIOLOAN 2 COMPANHIA SECURITIZADORA DE CRÉDITOS FINANCEIROS;024368;FCA;118178;2022-06-29;http://www.rad.cvm.gov.br/ENETCONSULTA/frmDownloadDocumento.aspx?CodigoInstituicao=1&NumeroSequencialDocumento=118178
28.594.234/0001-23;2022-01-01;1;AUREN ENERGIA S.A.;026620;FCA;117124;2022-06-24;http://www.rad.cvm.gov.br/ENETCONSULTA/frmDownloadDocumento.aspx?CodigoInstituicao=1&NumeroSequencialDocumento=117124
28.594.234/0001-23;2022-01-01;2;AUREN ENERGIA S.A.;026620;FCA;121352;2022-11-04;http://www.rad.cvm.gov.br/ENETCONSULTA/frmDownloadDocumento.aspx?CodigoInstituicao=1&NumeroSequencialDocumento=121352
28.925.264/0001-75;2022-01-01;1;COMPANHIA ENERGÉTICA JAGUARA;024422;FCA;111461;2022-02-01;http://www.rad.cvm.gov.br/ENETCONSULTA/frmDownloadDocumento.aspx?CodigoInstituicao=1&NumeroSequencialDocumento=111461
28.925.264/0001-75;2022-01-01;2;COMPANHIA ENERGÉTICA JAGUARA;024422;FCA;112101;2022-02-25;http://www.rad.cvm.gov.br/ENETCONSULTA/frmDownloadDocumento.aspx?CodigoInstituicao=1&NumeroSequencialDocumento=112101
28.942.127/0001-49;2022-01-01;1;COMPANHIA ENERGÉTICA MIRANDA;024430;FCA;111462;2022-02-01;http://www.rad.cvm.gov.br/ENETCONSULTA/frmDownloadDocumento.aspx?CodigoInstituicao=1&NumeroSequencialDocumento=111462
28.942.127/0001-49;2022-01-01;2;COMPANHIA ENERGÉTICA MIRANDA;024430;FCA;112102;2022-02-25;http://www.rad.cvm.gov.br/ENETCONSULTA/frmDownloadDocumento.aspx?CodigoInstituicao=1&NumeroSequencialDocumento=112102
29.088.092/0001-95;2022-01-01;1;ROMAXIS SECURITIZADORA S.A.;024686;FCA;115829;2022-05-27;http://www.rad.cvm.gov.br/ENETCONSULTA/frmDownloadDocumento.aspx?CodigoInstituicao=1&NumeroSequencialDocumento=115829
29.780.061/0001-09;2022-01-01;1;SAO CARLOS EMPREEND E PARTICIPACOES S.A.;013781;FCA;115468;2022-05-17;http://www.rad.cvm.gov.br/ENETCONSULTA/frmDownloadDocumento.aspx?CodigoInstituicao=1&NumeroSequencialDocumento=115468
29.894.663/0001-89;2022-01-01;1;CONSIGNADOS I COMPANHIA SECURITIZADORA CRÉDITOS FINANCEIROS;024899;FCA;115470;2022-05-17;http://www.rad.cvm.gov.br/ENETCONSULTA/frmDownloadDocumento.aspx?CodigoInstituicao=1&NumeroSequencialDocumento=115470
29.950.060/0001-57;2022-01-01;1;NORTEC QUÍMICA S.A.;022985;FCA;116740;2022-06-01;http://www.rad.cvm.gov.br/ENETCONSULTA/frmDownloadDocumento.aspx?CodigoInstituicao=1&NumeroSequencialDocumento=116740
29.978.814/0001-87;2022-01-01;1;SUL AMERICA S.A.;021121;FCA;111880;2022-02-18;http://www.rad.cvm.gov.br/ENETCONSULTA/frmDownloadDocumento.aspx?CodigoInstituicao=1&NumeroSequencialDocumento=111880
29.978.814/0001-87;2022-01-01;2;SUL AMERICA S.A.;021121;FCA;112483;2022-03-14;http://www.rad.cvm.gov.br/ENETCONSULTA/frmDownloadDocumento.aspx?CodigoInstituicao=1&NumeroSequencialDocumento=112483
29.978.814/0001-87;2022-01-01;3;SUL AMERICA S.A.;021121;FCA;120622;2022-09-16;http://www.rad.cvm.gov.br/ENETCONSULTA/frmDownloadDocumento.aspx?CodigoInstituicao=1&NumeroSequencialDocumento=120622
29.980.141/0001-08;2022-01-01;1;OCEÂNICA ENGENHARIA E CONSULTORIA S.A.;026956;FCA;117012;2022-06-14;http://www.rad.cvm.gov.br/ENETCONSULTA/frmDownloadDocumento.aspx?CodigoInstituicao=1&NumeroSequencialDocumento=117012
29.980.141/0001-08;2022-01-01;2;OCEÂNICA ENGENHARIA E CONSULTORIA S.A.;026956;FCA;120717;2022-09-23;http://www.rad.cvm.gov.br/ENETCONSULTA/frmDownloadDocumento.aspx?CodigoInstituicao=1&NumeroSequencialDocumento=120717
29.980.141/0001-08;2022-01-01;3;OCEÂNICA ENGENHARIA E CONSULTORIA S.A.;026956;FCA;120881;2022-10-06;http://www.rad.cvm.gov.br/ENETCONSULTA/frmDownloadDocumento.aspx?CodigoInstituicao=1&NumeroSequencialDocumento=120881
29.980.141/0001-08;2022-01-01;4;OCEÂNICA ENGENHARIA E CONSULTORIA S.A.;026956;FCA;120901;2022-10-07;http://www.rad.cvm.gov.br/ENETCONSULTA/frmDownloadDocumento.aspx?CodigoInstituicao=1&NumeroSequencialDocumento=120901
29.980.141/0001-08;2022-01-01;5;OCEÂNICA ENGENHARIA E CONSULTORIA S.A.;026956;FCA;122357;2022-11-24;http://www.rad.cvm.gov.br/ENETCONSULTA/frmDownloadDocumento.aspx?CodigoInstituicao=1&NumeroSequencialDocumento=122357
29.980.141/0001-08;2022-01-01;6;OCEÂNICA ENGENHARIA E CONSULTORIA S.A.;026956;FCA;122358;2022-11-24;http://www.rad.cvm.gov.br/ENETCONSULTA/frmDownloadDocumento.aspx?CodigoInstituicao=1&NumeroSequencialDocumento=122358
29.980.141/0001-08;2022-01-01;7;OCEÂNICA ENGENHARIA E CONSULTORIA S.A.;026956;FCA;122359;2022-11-24;http://www.rad.cvm.gov.br/ENETCONSULTA/frmDownloadDocumento.aspx?CodigoInstituicao=1&NumeroSequencialDocumento=122359
30.213.493/0001-09;2022-01-01;1;TEGRA INCORPORADORA S.A.;025844;FCA;114672;2022-05-10;http://www.rad.cvm.gov.br/ENETCONSULTA/frmDownloadDocumento.aspx?CodigoInstituicao=1&NumeroSequencialDocumento=114672
30.213.493/0001-09;2022-01-01;2;TEGRA INCORPORADORA S.A.;025844;FCA;118186;2022-06-29;http://www.rad.cvm.gov.br/ENETCONSULTA/frmDownloadDocumento.aspx?CodigoInstituicao=1&NumeroSequencialDocumento=118186
30.219.233/0001-40;2022-01-01;1;COMPANHIA SECURITIZADORA DE CRÉDITOS FINANCEIROS VERT-REBEL;024511;FCA;116681;2022-05-31;http://www.rad.cvm.gov.br/ENETCONSULTA/frmDownloadDocumento.aspx?CodigoInstituicao=1&NumeroSequencialDocumento=116681
30.306.294/0001-45;2022-01-01;1;BCO BTG PACTUAL S.A.;022616;FCA;116455;2022-05-31;http://www.rad.cvm.gov.br/ENETCONSULTA/frmDownloadDocumento.aspx?CodigoInstituicao=1&NumeroSequencialDocumento=116455
30.306.294/0001-45;2022-01-01;2;BCO BTG PACTUAL S.A.;022616;FCA;118534;2022-07-19;http://www.rad.cvm.gov.br/ENETCONSULTA/frmDownloadDocumento.aspx?CodigoInstituicao=1&NumeroSequencialDocumento=118534
30.418.658/0001-89;2022-01-01;1;COMPANHIA SECURITIZADORA DE CRÉD. FINANCEIROS VERT-NEXOOS;024520;FCA;116691;2022-05-31;http://www.rad.cvm.gov.br/ENETCONSULTA/frmDownloadDocumento.aspx?CodigoInstituicao=1&NumeroSequencialDocumento=116691
30.540.991/0001-66;2022-01-01;1;HAGA S.A. INDUSTRIA E COMERCIO;013366;FCA;112578;2022-03-16;http://www.rad.cvm.gov.br/ENETCONSULTA/frmDownloadDocumento.aspx?CodigoInstituicao=1&NumeroSequencialDocumento=112578
30.540.991/0001-66;2022-01-01;2;HAGA S.A. INDUSTRIA E COMERCIO;013366;FCA;113176;2022-03-29;http://www.rad.cvm.gov.br/ENETCONSULTA/frmDownloadDocumento.aspx?CodigoInstituicao=1&NumeroSequencialDocumento=113176
30.545.324/0001-76;2022-01-01;1;COMPANHIA SECURITIZADORA DE CRÉDITOS FINANCEIROS VERT-RECARG;025216;FCA;116596;2022-05-31;http://www.rad.cvm.gov.br/ENETCONSULTA/frmDownloadDocumento.aspx?CodigoInstituicao=1&NumeroSequencialDocumento=116596
30.723.886/0001-62;2022-01-01;1;BANCO MODAL S.A.;025755;FCA;116207;2022-05-31;http://www.rad.cvm.gov.br/ENETCONSULTA/frmDownloadDocumento.aspx?CodigoInstituicao=1&NumeroSequencialDocumento=116207
30.723.886/0001-62;2022-01-01;2;BANCO MODAL S.A.;025755;FCA;120656;2022-09-20;http://www.rad.cvm.gov.br/ENETCONSULTA/frmDownloadDocumento.aspx?CodigoInstituicao=1&NumeroSequencialDocumento=120656
30.788.149/0001-48;2022-01-01;1;GUARDIAN COMPANHIA SECURITIZADORA;024562;FCA;115690;2022-05-24;http://www.rad.cvm.gov.br/ENETCONSULTA/frmDownloadDocumento.aspx?CodigoInstituicao=1&NumeroSequencialDocumento=115690
30.788.149/0001-48;2022-01-01;2;GUARDIAN COMPANHIA SECURITIZADORA;024562;FCA;115691;2022-05-24;http://www.rad.cvm.gov.br/ENETCONSULTA/frmDownloadDocumento.aspx?CodigoInstituicao=1&NumeroSequencialDocumento=115691
31.001.230/0001-07;2022-01-01;1;CELEO REDES TRANSMISSÃO DE ENERGIA S.A.;024597;FCA;116160;2022-05-31;http://www.rad.cvm.gov.br/ENETCONSULTA/frmDownloadDocumento.aspx?CodigoInstituicao=1&NumeroSequencialDocumento=116160
31.468.139/0001-98;2022-01-01;1;CASA DE PEDRA SECURITIZADORA DE CREDITO S/A;024643;FCA;116144;2022-05-31;http://www.rad.cvm.gov.br/ENETCONSULTA/frmDownloadDocumento.aspx?CodigoInstituicao=1&NumeroSequencialDocumento=116144
31.468.139/0001-98;2022-01-01;2;CASA DE PEDRA SECURITIZADORA DE CREDITO S/A;024643;FCA;120520;2022-09-09;http://www.rad.cvm.gov.br/ENETCONSULTA/frmDownloadDocumento.aspx?CodigoInstituicao=1&NumeroSequencialDocumento=120520
31.553.627/0001-01;2022-01-01;1;GRUPO TOKY S.A. - EM RECUPERAÇÃO JUDICIAL;025461;FCA;113227;2022-03-30;http://www.rad.cvm.gov.br/ENETCONSULTA/frmDownloadDocumento.aspx?CodigoInstituicao=1&NumeroSequencialDocumento=113227
31.553.627/0001-01;2022-01-01;2;GRUPO TOKY S.A. - EM RECUPERAÇÃO JUDICIAL;025461;FCA;122216;2022-11-17;http://www.rad.cvm.gov.br/ENETCONSULTA/frmDownloadDocumento.aspx?CodigoInstituicao=1&NumeroSequencialDocumento=122216
31.701.408/0001-14;2022-01-01;1;ATHENA SAÚDE BRASIL SA;025810;FCA;116578;2022-05-31;http://www.rad.cvm.gov.br/ENETCONSULTA/frmDownloadDocumento.aspx?CodigoInstituicao=1&NumeroSequencialDocumento=116578
31.701.408/0001-14;2022-01-01;2;ATHENA SAÚDE BRASIL SA;025810;FCA;116925;2022-06-09;http://www.rad.cvm.gov.br/ENETCONSULTA/frmDownloadDocumento.aspx?CodigoInstituicao=1&NumeroSequencialDocumento=116925
31.701.408/0001-14;2022-01-01;3;ATHENA SAÚDE BRASIL SA;025810;FCA;118558;2022-07-19;http://www.rad.cvm.gov.br/ENETCONSULTA/frmDownloadDocumento.aspx?CodigoInstituicao=1&NumeroSequencialDocumento=118558
31.701.408/0001-14;2022-01-01;4;ATHENA SAÚDE BRASIL SA;025810;FCA;119396;2022-08-10;http://www.rad.cvm.gov.br/ENETCONSULTA/frmDownloadDocumento.aspx?CodigoInstituicao=1&NumeroSequencialDocumento=119396
31.701.408/0001-14;2022-01-01;5;ATHENA SAÚDE BRASIL SA;025810;FCA;120164;2022-08-22;http://www.rad.cvm.gov.br/ENETCONSULTA/frmDownloadDocumento.aspx?CodigoInstituicao=1&NumeroSequencialDocumento=120164
31.748.174/0001-60;2022-01-01;1;VERO S.A.;026409;FCA;112589;2022-03-16;http://www.rad.cvm.gov.br/ENETCONSULTA/frmDownloadDocumento.aspx?CodigoInstituicao=1&NumeroSequencialDocumento=112589
31.748.174/0001-60;2022-01-01;2;VERO S.A.;026409;FCA;113520;2022-04-05;http://www.rad.cvm.gov.br/ENETCONSULTA/frmDownloadDocumento.aspx?CodigoInstituicao=1&NumeroSequencialDocumento=113520
31.907.982/0001-23;2022-01-01;1;FILADÉLFIA SECURITIZADORA S/A;024732;FCA;110309;2021-11-18;http://www.rad.cvm.gov.br/ENETCONSULTA/frmDownloadDocumento.aspx?CodigoInstituicao=1&NumeroSequencialDocumento=110309
31.907.982/0001-23;2022-01-01;2;FILADÉLFIA SECURITIZADORA S/A;024732;FCA;115954;2022-05-30;http://www.rad.cvm.gov.br/ENETCONSULTA/frmDownloadDocumento.aspx?CodigoInstituicao=1&NumeroSequencialDocumento=115954
32.161.500/0001-00;2022-01-01;1;CONCESSIONÁRIA DAS RODOVIAS INTEGRADAS DO SUL S.A.;025356;FCA;114789;2022-05-11;http://www.rad.cvm.gov.br/ENETCONSULTA/frmDownloadDocumento.aspx?CodigoInstituicao=1&NumeroSequencialDocumento=114789
32.161.500/0001-00;2022-01-01;2;CONCESSIONÁRIA DAS RODOVIAS INTEGRADAS DO SUL S.A.;025356;FCA;116100;2022-05-31;http://www.rad.cvm.gov.br/ENETCONSULTA/frmDownloadDocumento.aspx?CodigoInstituicao=1&NumeroSequencialDocumento=116100
32.161.500/0001-00;2022-01-01;3;CONCESSIONÁRIA DAS RODOVIAS INTEGRADAS DO SUL S.A.;025356;FCA;116971;2022-06-13;http://www.rad.cvm.gov.br/ENETCONSULTA/frmDownloadDocumento.aspx?CodigoInstituicao=1&NumeroSequencialDocumento=116971
32.372.085/0001-25;2022-01-01;1;COBUCCIO SECURITIZADORA DE CRÉDITOS S.A.;024724;FCA;115952;2022-05-30;http://www.rad.cvm.gov.br/ENETCONSULTA/frmDownloadDocumento.aspx?CodigoInstituicao=1&NumeroSequencialDocumento=115952
32.681.371/0001-72;2022-01-01;1;VIX LOGÍSTICA S.A.;021202;FCA;116371;2022-05-31;http://www.rad.cvm.gov.br/ENETCONSULTA/frmDownloadDocumento.aspx?CodigoInstituicao=1&NumeroSequencialDocumento=116371
32.770.457/0001-71;2022-01-01;1;CIA. SECURITIZADORA DE CREDITOS FINANCEIROS VERT-GYRA;025020;FCA;116699;2022-05-31;http://www.rad.cvm.gov.br/ENETCONSULTA/frmDownloadDocumento.aspx?CodigoInstituicao=1&NumeroSequencialDocumento=116699
32.785.497/0001-97;2022-01-01;1;NATURA &CO HOLDING S.A.;024783;FCA;111580;2022-02-07;http://www.rad.cvm.gov.br/ENETCONSULTA/frmDownloadDocumento.aspx?CodigoInstituicao=1&NumeroSequencialDocumento=111580
32.785.497/0001-97;2022-01-01;2;NATURA &CO HOLDING S.A.;024783;FCA;116921;2022-06-09;http://www.rad.cvm.gov.br/ENETCONSULTA/frmDownloadDocumento.aspx?CodigoInstituicao=1&NumeroSequencialDocumento=116921
33.000.167/0001-01;2022-01-01;1;PETROLEO BRASILEIRO S.A. PETROBRAS;009512;FCA;113469;2022-04-01;http://www.rad.cvm.gov.br/ENETCONSULTA/frmDownloadDocumento.aspx?CodigoInstituicao=1&NumeroSequencialDocumento=113469
33.035.536/0001-00;2022-01-01;1;JOAO FORTES ENGENHARIA S.A. - EM RECUPERAÇÃO JUDICIAL;007811;FCA;112701;2022-03-18;http://www.rad.cvm.gov.br/ENETCONSULTA/frmDownloadDocumento.aspx?CodigoInstituicao=1&NumeroSequencialDocumento=112701
33.040.601/0001-87;2022-01-01;1;MERCANTIL FINANCEIRA S.A. - SOC. CRÉDITO, FINANC E INVESTIME;008540;FCA;115901;2022-05-30;http://www.rad.cvm.gov.br/ENETCONSULTA/frmDownloadDocumento.aspx?CodigoInstituicao=1&NumeroSequencialDocumento=115901
33.040.601/0001-87;2022-01-01;2;MERCANTIL FINANCEIRA S.A. - SOC. CRÉDITO, FINANC E INVESTIME;008540;FCA;120907;2022-10-07;http://www.rad.cvm.gov.br/ENETCONSULTA/frmDownloadDocumento.aspx?CodigoInstituicao=1&NumeroSequencialDocumento=120907
33.041.260/0652-90;2022-01-01;1;GRUPO CASAS BAHIA S.A.;006505;FCA;115848;2022-05-27;http://www.rad.cvm.gov.br/ENETCONSULTA/frmDownloadDocumento.aspx?CodigoInstituicao=1&NumeroSequencialDocumento=115848
33.041.260/0652-90;2022-01-01;2;GRUPO CASAS BAHIA S.A.;006505;FCA;120210;2022-08-23;http://www.rad.cvm.gov.br/ENETCONSULTA/frmDownloadDocumento.aspx?CodigoInstituicao=1&NumeroSequencialDocumento=120210
33.041.260/0652-90;2022-01-01;3;GRUPO CASAS BAHIA S.A.;006505;FCA;120341;2022-08-31;http://www.rad.cvm.gov.br/ENETCONSULTA/frmDownloadDocumento.aspx?CodigoInstituicao=1&NumeroSequencialDocumento=120341
33.041.260/0652-90;2022-01-01;4;GRUPO CASAS BAHIA S.A.;006505;FCA;120402;2022-09-01;http://www.rad.cvm.gov.br/ENETCONSULTA/frmDownloadDocumento.aspx?CodigoInstituicao=1&NumeroSequencialDocumento=120402
33.042.730/0001-04;2022-01-01;1;CIA SIDERURGICA NACIONAL;004030;FCA;112747;2022-03-21;http://www.rad.cvm.gov.br/ENETCONSULTA/frmDownloadDocumento.aspx?CodigoInstituicao=1&NumeroSequencialDocumento=112747
33.042.730/0001-04;2022-01-01;2;CIA SIDERURGICA NACIONAL;004030;FCA;119189;2022-08-03;http://www.rad.cvm.gov.br/ENETCONSULTA/frmDownloadDocumento.aspx?CodigoInstituicao=1&NumeroSequencialDocumento=119189
33.050.071/0001-58;2022-01-01;1;AMPLA ENERGIA E SERVICOS S.A.;003050;FCA;114725;2022-05-11;http://www.rad.cvm.gov.br/ENETCONSULTA/frmDownloadDocumento.aspx?CodigoInstituicao=1&NumeroSequencialDocumento=114725
33.050.196/0001-88;2022-01-01;1;CIA PAULISTA DE FORCA E LUZ;003824;FCA;112252;2022-03-07;http://www.rad.cvm.gov.br/ENETCONSULTA/frmDownloadDocumento.aspx?CodigoInstituicao=1&NumeroSequencialDocumento=112252
33.050.196/0001-88;2022-01-01;2;CIA PAULISTA DE FORCA E LUZ;003824;FCA;113770;2022-04-14;http://www.rad.cvm.gov.br/ENETCONSULTA/frmDownloadDocumento.aspx?CodigoInstituicao=1&NumeroSequencialDocumento=113770
33.050.196/0001-88;2022-01-01;3;CIA PAULISTA DE FORCA E LUZ;003824;FCA;114060;2022-04-29;http://www.rad.cvm.gov.br/ENETCONSULTA/frmDownloadDocumento.aspx?CodigoInstituicao=1&NumeroSequencialDocumento=114060
33.050.196/0001-88;2022-01-01;4;CIA PAULISTA DE FORCA E LUZ;003824;FCA;122816;2022-12-29;http://www.rad.cvm.gov.br/ENETCONSULTA/frmDownloadDocumento.aspx?CodigoInstituicao=1&NumeroSequencialDocumento=122816
33.102.476/0001-92;2022-01-01;1;MONTEIRO ARANHA S.A.;008893;FCA;111156;2022-01-07;http://www.rad.cvm.gov.br/ENETCONSULTA/frmDownloadDocumento.aspx?CodigoInstituicao=1&NumeroSequencialDocumento=111156
33.102.476/0001-92;2022-01-01;2;MONTEIRO ARANHA S.A.;008893;FCA;112123;2022-02-25;http://www.rad.cvm.gov.br/ENETCONSULTA/frmDownloadDocumento.aspx?CodigoInstituicao=1&NumeroSequencialDocumento=112123
33.102.476/0001-92;2022-01-01;3;MONTEIRO ARANHA S.A.;008893;FCA;116858;2022-06-06;http://www.rad.cvm.gov.br/ENETCONSULTA/frmDownloadDocumento.aspx?CodigoInstituicao=1&NumeroSequencialDocumento=116858
33.111.246/0001-90;2022-01-01;1;TECNOSOLO ENGENHARIA S.A. - EMPRESA FALIDA;011207;FCA;116794;2022-06-02;http://www.rad.cvm.gov.br/ENETCONSULTA/frmDownloadDocumento.aspx?CodigoInstituicao=1&NumeroSequencialDocumento=116794
33.113.309/0001-47;2022-01-01;1;VALID SOLUÇÕES S.A.;020028;FCA;116895;2022-06-08;http://www.rad.cvm.gov.br/ENETCONSULTA/frmDownloadDocumento.aspx?CodigoInstituicao=1&NumeroSequencialDocumento=116895
33.113.309/0001-47;2022-01-01;2;VALID SOLUÇÕES S.A.;020028;FCA;121119;2022-10-25;http://www.rad.cvm.gov.br/ENETCONSULTA/frmDownloadDocumento.aspx?CodigoInstituicao=1&NumeroSequencialDocumento=121119
33.130.691/0001-05;2022-01-01;1;WILSON SONS S.A.;026247;FCA;112536;2022-03-15;http://www.rad.cvm.gov.br/ENETCONSULTA/frmDownloadDocumento.aspx?CodigoInstituicao=1&NumeroSequencialDocumento=112536
33.130.691/0001-05;2022-01-01;2;WILSON SONS S.A.;026247;FCA;115042;2022-05-13;http://www.rad.cvm.gov.br/ENETCONSULTA/frmDownloadDocumento.aspx?CodigoInstituicao=1&NumeroSequencialDocumento=115042
33.130.691/0001-05;2022-01-01;3;WILSON SONS S.A.;026247;FCA;121392;2022-11-07;http://www.rad.cvm.gov.br/ENETCONSULTA/frmDownloadDocumento.aspx?CodigoInstituicao=1&NumeroSequencialDocumento=121392
33.200.049/0001-47;2022-01-01;1;HOTEIS OTHON S.A. - EM RECUPERAÇÃO JUDICIAL;006700;FCA;115720;2022-05-25;http://www.rad.cvm.gov.br/ENETCONSULTA/frmDownloadDocumento.aspx?CodigoInstituicao=1&NumeroSequencialDocumento=115720
33.228.024/0001-51;2022-01-01;1;WLM PART. E COMÉRCIO DE MÁQUINAS E VEÍCULOS S.A.;011070;FCA;112939;2022-03-24;http://www.rad.cvm.gov.br/ENETCONSULTA/frmDownloadDocumento.aspx?CodigoInstituicao=1&NumeroSequencialDocumento=112939
33.228.024/0001-51;2022-01-01;2;WLM PART. E COMÉRCIO DE MÁQUINAS E VEÍCULOS S.A.;011070;FCA;113463;2022-04-01;http://www.rad.cvm.gov.br/ENETCONSULTA/frmDownloadDocumento.aspx?CodigoInstituicao=1&NumeroSequencialDocumento=113463
33.228.024/0001-51;2022-01-01;3;WLM PART. E COMÉRCIO DE MÁQUINAS E VEÍCULOS S.A.;011070;FCA;120142;2022-08-19;http://www.rad.cvm.gov.br/ENETCONSULTA/frmDownloadDocumento.aspx?CodigoInstituicao=1&NumeroSequencialDocumento=120142
33.256.439/0001-39;2022-01-01;1;ULTRAPAR PARTICIPACOES S.A.;018465;FCA;111869;2022-02-18;http://www.rad.cvm.gov.br/ENETCONSULTA/frmDownloadDocumento.aspx?CodigoInstituicao=1&NumeroSequencialDocumento=111869
33.352.394/0001-04;2022-01-01;1;CIA ESTADUAL DE ÁGUAS E ESGOTOS - CEDAE;016373;FCA;115460;2022-05-17;http://www.rad.cvm.gov.br/ENETCONSULTA/frmDownloadDocumento.aspx?CodigoInstituicao=1&NumeroSequencialDocumento=115460
33.352.394/0001-04;2022-01-01;2;CIA ESTADUAL DE ÁGUAS E ESGOTOS - CEDAE;016373;FCA;121515;2022-11-09;http://www.rad.cvm.gov.br/ENETCONSULTA/frmDownloadDocumento.aspx?CodigoInstituicao=1&NumeroSequencialDocumento=121515
33.376.989/0001-91;2022-01-01;1;IRB - BRASIL RESSEGUROS S.A.;024180;FCA;112872;2022-03-23;http://www.rad.cvm.gov.br/ENETCONSULTA/frmDownloadDocumento.aspx?CodigoInstituicao=1&NumeroSequencialDocumento=112872
33.376.989/0001-91;2022-01-01;2;IRB - BRASIL RESSEGUROS S.A.;024180;FCA;113787;2022-04-14;http://www.rad.cvm.gov.br/ENETCONSULTA/frmDownloadDocumento.aspx?CodigoInstituicao=1&NumeroSequencialDocumento=113787
33.376.989/0001-91;2022-01-01;3;IRB - BRASIL RESSEGUROS S.A.;024180;FCA;115886;2022-05-27;http://www.rad.cvm.gov.br/ENETCONSULTA/frmDownloadDocumento.aspx?CodigoInstituicao=1&NumeroSequencialDocumento=115886
33.376.989/0001-91;2022-01-01;4;IRB - BRASIL RESSEGUROS S.A.;024180;FCA;116886;2022-06-07;http://www.rad.cvm.gov.br/ENETCONSULTA/frmDownloadDocumento.aspx?CodigoInstituicao=1&NumeroSequencialDocumento=116886
33.376.989/0001-91;2022-01-01;5;IRB - BRASIL RESSEGUROS S.A.;024180;FCA;121112;2022-10-24;http://www.rad.cvm.gov.br/ENETCONSULTA/frmDownloadDocumento.aspx?CodigoInstituicao=1&NumeroSequencialDocumento=121112
33.386.210/0001-19;2022-01-01;1;SONDOTECNICA ENGENHARIA SOLOS S.A.;010880;FCA;113511;2022-04-04;http://www.rad.cvm.gov.br/ENETCONSULTA/frmDownloadDocumento.aspx?CodigoInstituicao=1&NumeroSequencialDocumento=113511
33.412.081/0001-96;2022-01-01;1;REFINARIA DE PETROLEOS MANGUINHOS S.A.;009989;FCA;112083;2022-02-25;http://www.rad.cvm.gov.br/ENETCONSULTA/frmDownloadDocumento.aspx?CodigoInstituicao=1&NumeroSequencialDocumento=112083
33.412.081/0001-96;2022-01-01;2;REFINARIA DE PETROLEOS MANGUINHOS S.A.;009989;FCA;113979;2022-04-27;http://www.rad.cvm.gov.br/ENETCONSULTA/frmDownloadDocumento.aspx?CodigoInstituicao=1&NumeroSequencialDocumento=113979
33.453.598/0001-23;2022-01-01;1;RAÍZEN S.A.;025917;FCA;116504;2022-05-31;http://www.rad.cvm.gov.br/ENETCONSULTA/frmDownloadDocumento.aspx?CodigoInstituicao=1&NumeroSequencialDocumento=116504
33.453.598/0001-23;2022-01-01;2;RAÍZEN S.A.;025917;FCA;116966;2022-06-10;http://www.rad.cvm.gov.br/ENETCONSULTA/frmDownloadDocumento.aspx?CodigoInstituicao=1&NumeroSequencialDocumento=116966
33.467.572/0001-34;2022-01-01;1;TEKNO S.A. - INDUSTRIA E COMERCIO;011231;FCA;112910;2022-03-24;http://www.rad.cvm.gov.br/ENETCONSULTA/frmDownloadDocumento.aspx?CodigoInstituicao=1&NumeroSequencialDocumento=112910
33.541.368/0001-16;2022-01-01;1;AXIA ENERGIA NORDESTE S.A.;003328;FCA;112688;2022-03-18;http://www.rad.cvm.gov.br/ENETCONSULTA/frmDownloadDocumento.aspx?CodigoInstituicao=1&NumeroSequencialDocumento=112688
33.541.368/0001-16;2022-01-01;2;AXIA ENERGIA NORDESTE S.A.;003328;FCA;115641;2022-05-23;http://www.rad.cvm.gov.br/ENETCONSULTA/frmDownloadDocumento.aspx?CodigoInstituicao=1&NumeroSequencialDocumento=115641
33.541.368/0001-16;2022-01-01;3;AXIA ENERGIA NORDESTE S.A.;003328;FCA;120128;2022-08-19;http://www.rad.cvm.gov.br/ENETCONSULTA/frmDownloadDocumento.aspx?CodigoInstituicao=1&NumeroSequencialDocumento=120128
33.541.368/0001-16;2022-01-01;4;AXIA ENERGIA NORDESTE S.A.;003328;FCA;120972;2022-10-13;http://www.rad.cvm.gov.br/ENETCONSULTA/frmDownloadDocumento.aspx?CodigoInstituicao=1&NumeroSequencialDocumento=120972
33.541.368/0001-16;2022-01-01;5;AXIA ENERGIA NORDESTE S.A.;003328;FCA;120973;2022-10-13;http://www.rad.cvm.gov.br/ENETCONSULTA/frmDownloadDocumento.aspx?CodigoInstituicao=1&NumeroSequencialDocumento=120973
33.572.408/0001-97;2022-01-01;1;RUMO MALHA CENTRAL S.A.;026484;FCA;111080;2022-01-04;http://www.rad.cvm.gov.br/ENETCONSULTA/frmDownloadDocumento.aspx?CodigoInstituicao=1&NumeroSequencialDocumento=111080
33.572.408/0001-97;2022-01-01;2;RUMO MALHA CENTRAL S.A.;026484;FCA;112770;2022-03-21;http://www.rad.cvm.gov.br/ENETCONSULTA/frmDownloadDocumento.aspx?CodigoInstituicao=1&NumeroSequencialDocumento=112770
33.572.408/0001-97;2022-01-01;3;RUMO MALHA CENTRAL S.A.;026484;FCA;116621;2022-05-31;http://www.rad.cvm.gov.br/ENETCONSULTA/frmDownloadDocumento.aspx?CodigoInstituicao=1&NumeroSequencialDocumento=116621
33.592.510/0001-54;2022-01-01;1;VALE S.A.;004170;FCA;116009;2022-05-30;http://www.rad.cvm.gov.br/ENETCONSULTA/frmDownloadDocumento.aspx?CodigoInstituicao=1&NumeroSequencialDocumento=116009
33.611.500/0001-19;2022-01-01;1;GERDAU S.A.;003980;FCA;116318;2022-05-31;http://www.rad.cvm.gov.br/ENETCONSULTA/frmDownloadDocumento.aspx?CodigoInstituicao=1&NumeroSequencialDocumento=116318
33.611.500/0001-19;2022-01-01;2;GERDAU S.A.;003980;FCA;116952;2022-06-10;http://www.rad.cvm.gov.br/ENETCONSULTA/frmDownloadDocumento.aspx?CodigoInstituicao=1&NumeroSequencialDocumento=116952
33.679.797/0001-54;2022-01-01;1;PJBANK SECURITIZADORA S.A.;024791;FCA;115825;2022-05-27;http://www.rad.cvm.gov.br/ENETCONSULTA/frmDownloadDocumento.aspx?CodigoInstituicao=1&NumeroSequencialDocumento=115825
33.839.910/0001-11;2022-01-01;1;VIVARA PARTICIPAÇÕES S.A.;024805;FCA;112805;2022-03-22;http://www.rad.cvm.gov.br/ENETCONSULTA/frmDownloadDocumento.aspx?CodigoInstituicao=1&NumeroSequencialDocumento=112805
33.839.910/0001-11;2022-01-01;2;VIVARA PARTICIPAÇÕES S.A.;024805;FCA;119257;2022-08-05;http://www.rad.cvm.gov.br/ENETCONSULTA/frmDownloadDocumento.aspx?CodigoInstituicao=1&NumeroSequencialDocumento=119257
33.938.119/0001-69;2022-01-01;1;CIA DISTRIB DE GAS DO RIO DE JANEIRO-CEG;016616;FCA;115906;2022-05-30;http://www.rad.cvm.gov.br/ENETCONSULTA/frmDownloadDocumento.aspx?CodigoInstituicao=1&NumeroSequencialDocumento=115906
33.938.119/0001-69;2022-01-01;2;CIA DISTRIB DE GAS DO RIO DE JANEIRO-CEG;016616;FCA;122759;2022-12-26;http://www.rad.cvm.gov.br/ENETCONSULTA/frmDownloadDocumento.aspx?CodigoInstituicao=1&NumeroSequencialDocumento=122759
33.958.695/0001-78;2022-01-01;1;UNIPAR CARBOCLORO S.A.;011592;FCA;116264;2022-05-31;http://www.rad.cvm.gov.br/ENETCONSULTA/frmDownloadDocumento.aspx?CodigoInstituicao=1&NumeroSequencialDocumento=116264
33.958.695/0001-78;2022-01-01;2;UNIPAR CARBOCLORO S.A.;011592;FCA;122434;2022-12-01;http://www.rad.cvm.gov.br/ENETCONSULTA/frmDownloadDocumento.aspx?CodigoInstituicao=1&NumeroSequencialDocumento=122434
33.958.695/0001-78;2022-01-01;3;UNIPAR CARBOCLORO S.A.;011592;FCA;122436;2022-12-01;http://www.rad.cvm.gov.br/ENETCONSULTA/frmDownloadDocumento.aspx?CodigoInstituicao=1&NumeroSequencialDocumento=122436
33.958.695/0001-78;2022-01-01;4;UNIPAR CARBOCLORO S.A.;011592;FCA;122478;2022-12-05;http://www.rad.cvm.gov.br/ENETCONSULTA/frmDownloadDocumento.aspx?CodigoInstituicao=1&NumeroSequencialDocumento=122478
34.169.557/0001-72;2022-01-01;1;BCO MERCANTIL DE INVESTIMENTOS S.A.;001309;FCA;114202;2022-05-03;http://www.rad.cvm.gov.br/ENETCONSULTA/frmDownloadDocumento.aspx?CodigoInstituicao=1&NumeroSequencialDocumento=114202
34.169.557/0001-72;2022-01-01;2;BCO MERCANTIL DE INVESTIMENTOS S.A.;001309;FCA;115900;2022-05-29;http://www.rad.cvm.gov.br/ENETCONSULTA/frmDownloadDocumento.aspx?CodigoInstituicao=1&NumeroSequencialDocumento=115900
34.169.557/0001-72;2022-01-01;3;BCO MERCANTIL DE INVESTIMENTOS S.A.;001309;FCA;116776;2022-06-01;http://www.rad.cvm.gov.br/ENETCONSULTA/frmDownloadDocumento.aspx?CodigoInstituicao=1&NumeroSequencialDocumento=116776
34.274.233/0001-02;2022-01-01;1;VIBRA ENERGIA S/A;024295;FCA;113090;2022-03-28;http://www.rad.cvm.gov.br/ENETCONSULTA/frmDownloadDocumento.aspx?CodigoInstituicao=1&NumeroSequencialDocumento=113090
34.274.233/0001-02;2022-01-01;2;VIBRA ENERGIA S/A;024295;FCA;114233;2022-05-04;http://www.rad.cvm.gov.br/ENETCONSULTA/frmDownloadDocumento.aspx?CodigoInstituicao=1&NumeroSequencialDocumento=114233
34.469.625/0001-19;2022-01-01;1;COMPANHIA SECURITIZADORA DE CRÉDITOS FINANCEIROS VERT-PROVI;025267;FCA;116079;2022-05-31;http://www.rad.cvm.gov.br/ENETCONSULTA/frmDownloadDocumento.aspx?CodigoInstituicao=1&NumeroSequencialDocumento=116079
35.082.277/0001-95;2022-01-01;1;BASE SECURITIZADORA DE CRÉDITOS IMOBILIÁRIOS S.A;024970;FCA;115723;2022-05-25;http://www.rad.cvm.gov.br/ENETCONSULTA/frmDownloadDocumento.aspx?CodigoInstituicao=1&NumeroSequencialDocumento=115723
35.522.178/0001-87;2022-01-01;1;CIA SECURITIZADORA DE CRED. FIN. CARTÕES CONSIGNADOS II;026107;FCA;116062;2022-05-30;http://www.rad.cvm.gov.br/ENETCONSULTA/frmDownloadDocumento.aspx?CodigoInstituicao=1&NumeroSequencialDocumento=116062
35.522.281/0001-27;2022-01-01;1;COMPANHIA SECURITIZADORA DE CRÉDITOS FINANCEIROS VERT-VIRTUS;026263;FCA;116067;2022-05-30;http://www.rad.cvm.gov.br/ENETCONSULTA/frmDownloadDocumento.aspx?CodigoInstituicao=1&NumeroSequencialDocumento=116067
35.593.905/0001-05;2022-01-01;1;CONCESSIONÁRIA ECOVIAS DO CERRADO S.A.;026581;FCA;115996;2022-05-30;http://www.rad.cvm.gov.br/ENETCONSULTA/frmDownloadDocumento.aspx?CodigoInstituicao=1&NumeroSequencialDocumento=115996
35.593.905/0001-05;2022-01-01;2;CONCESSIONÁRIA ECOVIAS DO CERRADO S.A.;026581;FCA;118345;2022-07-07;http://www.rad.cvm.gov.br/ENETCONSULTA/frmDownloadDocumento.aspx?CodigoInstituicao=1&NumeroSequencialDocumento=118345
35.727.157/0001-06;2022-01-01;1;EZ INC INCORPORAÇÕES S.A.;025380;FCA;116635;2022-05-31;http://www.rad.cvm.gov.br/ENETCONSULTA/frmDownloadDocumento.aspx?CodigoInstituicao=1&NumeroSequencialDocumento=116635
35.791.391/0001-94;2022-01-01;1;QUALITY SOFTWARE S.A.;023302;FCA;116661;2022-05-31;http://www.rad.cvm.gov.br/ENETCONSULTA/frmDownloadDocumento.aspx?CodigoInstituicao=1&NumeroSequencialDocumento=116661
35.980.592/0001-30;2022-01-01;1;ELEA DIGITAL INFRAESTRUTURA E REDES DE TELECOMUNICAÇÕES S.A.;026948;FCA;118326;2022-07-06;http://www.rad.cvm.gov.br/ENETCONSULTA/frmDownloadDocumento.aspx?CodigoInstituicao=1&NumeroSequencialDocumento=118326
35.980.592/0001-30;2022-01-01;2;ELEA DIGITAL INFRAESTRUTURA E REDES DE TELECOMUNICAÇÕES S.A.;026948;FCA;120653;2022-09-20;http://www.rad.cvm.gov.br/ENETCONSULTA/frmDownloadDocumento.aspx?CodigoInstituicao=1&NumeroSequencialDocumento=120653
36.146.575/0001-64;2022-01-01;1;EIXO SP CONCESSIONÁRIA DE RODOVIAS S.A.;026875;FCA;112647;2022-03-17;http://www.rad.cvm.gov.br/ENETCONSULTA/frmDownloadDocumento.aspx?CodigoInstituicao=1&NumeroSequencialDocumento=112647
36.146.575/0001-64;2022-01-01;2;EIXO SP CONCESSIONÁRIA DE RODOVIAS S.A.;026875;FCA;118412;2022-07-11;http://www.rad.cvm.gov.br/ENETCONSULTA/frmDownloadDocumento.aspx?CodigoInstituicao=1&NumeroSequencialDocumento=118412
36.243.187/0001-00;2022-01-01;1;TRUE COMPANHIA SECURITIZADORA DE CRÉDITOS FINANCEIROS II;025054;FCA;115455;2022-05-17;http://www.rad.cvm.gov.br/ENETCONSULTA/frmDownloadDocumento.aspx?CodigoInstituicao=1&NumeroSequencialDocumento=115455
36.542.025/0001-64;2022-01-01;1;BRQ SOLUCOES EM INFORMATICA S.A.;023817;FCA;115596;2022-05-20;http://www.rad.cvm.gov.br/ENETCONSULTA/frmDownloadDocumento.aspx?CodigoInstituicao=1&NumeroSequencialDocumento=115596
36.729.398/0001-49;2022-01-01;1;CIA. SEC. DE CRÉDITOS FINANCEIROS VERT-PROVI II;026018;FCA;116059;2022-05-30;http://www.rad.cvm.gov.br/ENETCONSULTA/frmDownloadDocumento.aspx?CodigoInstituicao=1&NumeroSequencialDocumento=116059
36.763.716/0001-98;2022-01-01;1;CONCESSIONÁRIA CATARINENSE DE RODOVIAS S.A.;026859;FCA;113205;2022-03-29;http://www.rad.cvm.gov.br/ENETCONSULTA/frmDownloadDocumento.aspx?CodigoInstituicao=1&NumeroSequencialDocumento=113205
36.763.716/0001-98;2022-01-01;2;CONCESSIONÁRIA CATARINENSE DE RODOVIAS S.A.;026859;FCA;117112;2022-06-23;http://www.rad.cvm.gov.br/ENETCONSULTA/frmDownloadDocumento.aspx?CodigoInstituicao=1&NumeroSequencialDocumento=117112
37.368.315/0001-04;2022-01-01;1;COMPANHIA SECURITIZADORA DE CRÉDITOS FINANCEIROS - VERT 5;025593;FCA;116639;2022-05-31;http://www.rad.cvm.gov.br/ENETCONSULTA/frmDownloadDocumento.aspx?CodigoInstituicao=1&NumeroSequencialDocumento=116639
37.592.100/0001-64;2022-01-01;1;MISSISSIPI SECURITIZADORA S/A;025151;FCA;115820;2022-05-27;http://www.rad.cvm.gov.br/ENETCONSULTA/frmDownloadDocumento.aspx?CodigoInstituicao=1&NumeroSequencialDocumento=115820
37.663.076/0001-07;2022-01-01;1;AUREN PARTICIPAÇÕES S.A.;025640;FCA;115914;2022-05-30;http://www.rad.cvm.gov.br/ENETCONSULTA/frmDownloadDocumento.aspx?CodigoInstituicao=1&NumeroSequencialDocumento=115914
37.702.340/0001-74;2022-01-01;1;AUSTRAVIAS S.A.;026328;FCA;116861;2022-06-06;http://www.rad.cvm.gov.br/ENETCONSULTA/frmDownloadDocumento.aspx?CodigoInstituicao=1&NumeroSequencialDocumento=116861
38.042.694/0001-00;2022-01-01;1;TRAVESSIA SECURITIZADORA DE CRÉDITOS FINANCEIROS S.A.;025240;FCA;115307;2022-05-16;http://www.rad.cvm.gov.br/ENETCONSULTA/frmDownloadDocumento.aspx?CodigoInstituicao=1&NumeroSequencialDocumento=115307
38.042.694/0001-00;2022-01-01;2;TRAVESSIA SECURITIZADORA DE CRÉDITOS FINANCEIROS S.A.;025240;FCA;122421;2022-11-30;http://www.rad.cvm.gov.br/ENETCONSULTA/frmDownloadDocumento.aspx?CodigoInstituicao=1&NumeroSequencialDocumento=122421
38.307.135/0001-77;2022-01-01;1;G2D INVESTMENTS, LTD.;080195;FCA;116509;2022-05-31;http://www.rad.cvm.gov.br/ENETCONSULTA/frmDownloadDocumento.aspx?CodigoInstituicao=1&NumeroSequencialDocumento=116509
38.456.921/0001-36;2022-01-01;1;INFRACOMMERCE CXAAS S.A.;025747;FCA;116552;2022-05-31;http://www.rad.cvm.gov.br/ENETCONSULTA/frmDownloadDocumento.aspx?CodigoInstituicao=1&NumeroSequencialDocumento=116552
38.456.921/0001-36;2022-01-01;2;INFRACOMMERCE CXAAS S.A.;025747;FCA;118328;2022-07-06;http://www.rad.cvm.gov.br/ENETCONSULTA/frmDownloadDocumento.aspx?CodigoInstituicao=1&NumeroSequencialDocumento=118328
38.482.780/0001-26;2022-01-01;1;ANEMUS WIND HOLDING S.A.;026832;FCA;113363;2022-03-31;http://www.rad.cvm.gov.br/ENETCONSULTA/frmDownloadDocumento.aspx?CodigoInstituicao=1&NumeroSequencialDocumento=113363
38.482.780/0001-26;2022-01-01;2;ANEMUS WIND HOLDING S.A.;026832;FCA;116946;2022-06-10;http://www.rad.cvm.gov.br/ENETCONSULTA/frmDownloadDocumento.aspx?CodigoInstituicao=1&NumeroSequencialDocumento=116946
38.543.489/0001-10;2022-01-01;1;AMAZONE FUN PARKS S.A.;026930;FCA;120238;2022-08-24;http://www.rad.cvm.gov.br/ENETCONSULTA/frmDownloadDocumento.aspx?CodigoInstituicao=1&NumeroSequencialDocumento=120238
38.543.489/0001-10;2022-01-01;2;AMAZONE FUN PARKS S.A.;026930;FCA;120296;2022-08-29;http://www.rad.cvm.gov.br/ENETCONSULTA/frmDownloadDocumento.aspx?CodigoInstituicao=1&NumeroSequencialDocumento=120296
39.115.514/0001-28;2022-01-01;1;RUMO MALHA OESTE S.A.;017850;FCA;111067;2022-01-03;http://www.rad.cvm.gov.br/ENETCONSULTA/frmDownloadDocumento.aspx?CodigoInstituicao=1&NumeroSequencialDocumento=111067
39.115.514/0001-28;2022-01-01;2;RUMO MALHA OESTE S.A.;017850;FCA;112733;2022-03-18;http://www.rad.cvm.gov.br/ENETCONSULTA/frmDownloadDocumento.aspx?CodigoInstituicao=1&NumeroSequencialDocumento=112733
39.115.514/0001-28;2022-01-01;3;RUMO MALHA OESTE S.A.;017850;FCA;116607;2022-05-31;http://www.rad.cvm.gov.br/ENETCONSULTA/frmDownloadDocumento.aspx?CodigoInstituicao=1&NumeroSequencialDocumento=116607
39.346.861/0350-38;2022-01-01;1;CENCOSUD BRASIL COMERCIAL S.A.;026530;FCA;116027;2022-05-30;http://www.rad.cvm.gov.br/ENETCONSULTA/frmDownloadDocumento.aspx?CodigoInstituicao=1&NumeroSequencialDocumento=116027
39.580.673/0001-01;2022-01-01;1;BRK AMBIENTAL - REGIÃO METROPOLITANA DE MACEIÓ S.A.;026999;FCA;118620;2022-07-22;http://www.rad.cvm.gov.br/ENETCONSULTA/frmDownloadDocumento.aspx?CodigoInstituicao=1&NumeroSequencialDocumento=118620
39.580.673/0001-01;2022-01-01;2;BRK AMBIENTAL - REGIÃO METROPOLITANA DE MACEIÓ S.A.;026999;FCA;121480;2022-11-08;http://www.rad.cvm.gov.br/ENETCONSULTA/frmDownloadDocumento.aspx?CodigoInstituicao=1&NumeroSequencialDocumento=121480
39.881.421/0001-04;2022-01-01;1;COMPANHIA ESTADUAL DE GERAÇÃO DE ENERGIA ELÉTRICA - CEEE-G;027154;FCA;122374;2022-11-25;http://www.rad.cvm.gov.br/ENETCONSULTA/frmDownloadDocumento.aspx?CodigoInstituicao=1&NumeroSequencialDocumento=122374
40.159.947/0001-64;2022-01-01;1;HMOBI PARTICIPAÇÕES S.A.;025674;FCA;111366;2022-01-25;http://www.rad.cvm.gov.br/ENETCONSULTA/frmDownloadDocumento.aspx?CodigoInstituicao=1&NumeroSequencialDocumento=111366
40.159.947/0001-64;2022-01-01;2;HMOBI PARTICIPAÇÕES S.A.;025674;FCA;111572;2022-02-07;http://www.rad.cvm.gov.br/ENETCONSULTA/frmDownloadDocumento.aspx?CodigoInstituicao=1&NumeroSequencialDocumento=111572
40.159.947/0001-64;2022-01-01;3;HMOBI PARTICIPAÇÕES S.A.;025674;FCA;112530;2022-03-15;http://www.rad.cvm.gov.br/ENETCONSULTA/frmDownloadDocumento.aspx?CodigoInstituicao=1&NumeroSequencialDocumento=112530
40.159.947/0001-64;2022-01-01;4;HMOBI PARTICIPAÇÕES S.A.;025674;FCA;116251;2022-05-31;http://www.rad.cvm.gov.br/ENETCONSULTA/frmDownloadDocumento.aspx?CodigoInstituicao=1&NumeroSequencialDocumento=116251
40.263.170/0001-83;2022-01-01;1;SOLVI ESSENCIS AMBIENTAL S.A.;027073;FCA;121036;2022-10-17;http://www.rad.cvm.gov.br/ENETCONSULTA/frmDownloadDocumento.aspx?CodigoInstituicao=1&NumeroSequencialDocumento=121036
40.337.136/0001-06;2022-01-01;1;TERRA SANTA PROPRIEDADES AGRÍCOLAS S.A.;026000;FCA;118220;2022-07-01;http://www.rad.cvm.gov.br/ENETCONSULTA/frmDownloadDocumento.aspx?CodigoInstituicao=1&NumeroSequencialDocumento=118220
40.480.481/0001-02;2022-01-01;1;RIO ALTO STL HOLDING I S.A.;027006;FCA;119253;2022-08-05;http://www.rad.cvm.gov.br/ENETCONSULTA/frmDownloadDocumento.aspx?CodigoInstituicao=1&NumeroSequencialDocumento=119253
40.480.481/0001-02;2022-01-01;2;RIO ALTO STL HOLDING I S.A.;027006;FCA;121560;2022-11-09;http://www.rad.cvm.gov.br/ENETCONSULTA/frmDownloadDocumento.aspx?CodigoInstituicao=1&NumeroSequencialDocumento=121560
40.593.395/0001-06;2022-01-01;1;IFIN PARTICIPAÇÕES S.A.;026905;FCA;113594;2022-04-07;http://www.rad.cvm.gov.br/ENETCONSULTA/frmDownloadDocumento.aspx?CodigoInstituicao=1&NumeroSequencialDocumento=113594
40.593.395/0001-06;2022-01-01;2;IFIN PARTICIPAÇÕES S.A.;026905;FCA;119067;2022-08-01;http://www.rad.cvm.gov.br/ENETCONSULTA/frmDownloadDocumento.aspx?CodigoInstituicao=1&NumeroSequencialDocumento=119067
40.760.921/0001-77;2022-01-01;1;HUMAITA SECURITIZADORA S/A;025968;FCA;115817;2022-05-27;http://www.rad.cvm.gov.br/ENETCONSULTA/frmDownloadDocumento.aspx?CodigoInstituicao=1&NumeroSequencialDocumento=115817
40.885.785/0001-41;2022-01-01;1;CIA. SECURITIZADORA DE CRED. FIN. VERT-UME;026310;FCA;116072;2022-05-30;http://www.rad.cvm.gov.br/ENETCONSULTA/frmDownloadDocumento.aspx?CodigoInstituicao=1&NumeroSequencialDocumento=116072
40.997.635/0001-20;2022-01-01;1;TRV XLIII SECURITIZADORA DE CREDITOS MERCANTIS S.A.;026239;FCA;116418;2022-05-31;http://www.rad.cvm.gov.br/ENETCONSULTA/frmDownloadDocumento.aspx?CodigoInstituicao=1&NumeroSequencialDocumento=116418
40.997.635/0001-20;2022-01-01;2;TRV XLIII SECURITIZADORA DE CREDITOS MERCANTIS S.A.;026239;FCA;122190;2022-11-16;http://www.rad.cvm.gov.br/ENETCONSULTA/frmDownloadDocumento.aspx?CodigoInstituicao=1&NumeroSequencialDocumento=122190
41.052.420/0001-07;2022-01-01;1;SOLAR BEBIDAS S.A.;027014;FCA;118457;2022-07-13;http://www.rad.cvm.gov.br/ENETCONSULTA/frmDownloadDocumento.aspx?CodigoInstituicao=1&NumeroSequencialDocumento=118457
41.052.420/0001-07;2022-01-01;2;SOLAR BEBIDAS S.A.;027014;FCA;122241;2022-11-17;http://www.rad.cvm.gov.br/ENETCONSULTA/frmDownloadDocumento.aspx?CodigoInstituicao=1&NumeroSequencialDocumento=122241
41.096.674/0001-19;2022-01-01;1;CANTU STORE S.A.;026646;FCA;112751;2022-03-21;http://www.rad.cvm.gov.br/ENETCONSULTA/frmDownloadDocumento.aspx?CodigoInstituicao=1&NumeroSequencialDocumento=112751
41.335.131/0001-07;2022-01-01;1;MOTTU I S.A;026344;FCA;116074;2022-05-30;http://www.rad.cvm.gov.br/ENETCONSULTA/frmDownloadDocumento.aspx?CodigoInstituicao=1&NumeroSequencialDocumento=116074
41.335.131/0001-07;2022-01-01;2;MOTTU I S.A;026344;FCA;120247;2022-08-25;http://www.rad.cvm.gov.br/ENETCONSULTA/frmDownloadDocumento.aspx?CodigoInstituicao=1&NumeroSequencialDocumento=120247
41.508.382/0001-46;2022-01-01;1;RODOVIAS DO BRASIL HOLDING S.A.;026352;FCA;113091;2022-03-28;http://www.rad.cvm.gov.br/ENETCONSULTA/frmDownloadDocumento.aspx?CodigoInstituicao=1&NumeroSequencialDocumento=113091
41.508.382/0001-46;2022-01-01;2;RODOVIAS DO BRASIL HOLDING S.A.;026352;FCA;113877;2022-04-20;http://www.rad.cvm.gov.br/ENETCONSULTA/frmDownloadDocumento.aspx?CodigoInstituicao=1&NumeroSequencialDocumento=113877
41.508.382/0001-46;2022-01-01;3;RODOVIAS DO BRASIL HOLDING S.A.;026352;FCA;118759;2022-07-28;http://www.rad.cvm.gov.br/ENETCONSULTA/frmDownloadDocumento.aspx?CodigoInstituicao=1&NumeroSequencialDocumento=118759
41.534.746/0001-62;2022-01-01;1;CERES SECURITIZADORA S/A;026220;FCA;116150;2022-05-31;http://www.rad.cvm.gov.br/ENETCONSULTA/frmDownloadDocumento.aspx?CodigoInstituicao=1&NumeroSequencialDocumento=116150
41.811.375/0001-19;2022-01-01;1;CANAL COMPANHIA DE SECURITIZAÇÃO;026212;FCA;111411;2022-01-28;http://www.rad.cvm.gov.br/ENETCONSULTA/frmDownloadDocumento.aspx?CodigoInstituicao=1&NumeroSequencialDocumento=111411
42.150.391/0001-70;2022-01-01;1;BRASKEM S.A.;004820;FCA;115567;2022-05-19;http://www.rad.cvm.gov.br/ENETCONSULTA/frmDownloadDocumento.aspx?CodigoInstituicao=1&NumeroSequencialDocumento=115567
42.233.757/0001-75;2022-01-01;1;ALVAREZ & MARSAL INVESTIMENTOS I S.A.;026433;FCA;116657;2022-05-31;http://www.rad.cvm.gov.br/ENETCONSULTA/frmDownloadDocumento.aspx?CodigoInstituicao=1&NumeroSequencialDocumento=116657
42.233.757/0001-75;2022-01-01;2;ALVAREZ & MARSAL INVESTIMENTOS I S.A.;026433;FCA;119212;2022-08-04;http://www.rad.cvm.gov.br/ENETCONSULTA/frmDownloadDocumento.aspx?CodigoInstituicao=1&NumeroSequencialDocumento=119212
42.233.757/0001-75;2022-01-01;3;ALVAREZ & MARSAL INVESTIMENTOS I S.A.;026433;FCA;119240;2022-08-04;http://www.rad.cvm.gov.br/ENETCONSULTA/frmDownloadDocumento.aspx?CodigoInstituicao=1&NumeroSequencialDocumento=119240
42.278.291/0001-24;2022-01-01;1;LOG-IN LOGISTICA INTERMODAL S.A.;020710;FCA;115879;2022-05-27;http://www.rad.cvm.gov.br/ENETCONSULTA/frmDownloadDocumento.aspx?CodigoInstituicao=1&NumeroSequencialDocumento=115879
42.278.473/0001-03;2022-01-01;1;WIZ CO PARTICIPAÇÕES E CORRETAGEM DE SEGUROS S.A.;023590;FCA;112676;2022-03-17;http://www.rad.cvm.gov.br/ENETCONSULTA/frmDownloadDocumento.aspx?CodigoInstituicao=1&NumeroSequencialDocumento=112676
42.278.473/0001-03;2022-01-01;2;WIZ CO PARTICIPAÇÕES E CORRETAGEM DE SEGUROS S.A.;023590;FCA;122406;2022-11-29;http://www.rad.cvm.gov.br/ENETCONSULTA/frmDownloadDocumento.aspx?CodigoInstituicao=1&NumeroSequencialDocumento=122406
42.292.007/0001-74;2022-01-01;1;RIO+ SANEAMENTO BL 3 S.A.;027146;FCA;122725;2022-12-23;http://www.rad.cvm.gov.br/ENETCONSULTA/frmDownloadDocumento.aspx?CodigoInstituicao=1&NumeroSequencialDocumento=122725
42.310.775/0001-03;2022-01-01;1;ÁGUAS DO RIO 1 SPE S.A.;026735;FCA;113340;2022-03-31;http://www.rad.cvm.gov.br/ENETCONSULTA/frmDownloadDocumento.aspx?CodigoInstituicao=1&NumeroSequencialDocumento=113340
42.310.775/0001-03;2022-01-01;2;ÁGUAS DO RIO 1 SPE S.A.;026735;FCA;122788;2022-12-27;http://www.rad.cvm.gov.br/ENETCONSULTA/frmDownloadDocumento.aspx?CodigoInstituicao=1&NumeroSequencialDocumento=122788
42.331.462/0001-31;2022-01-01;1;EMBPAR PARTICIPAÇÕES S/A;015458;FCA;115651;2022-05-23;http://www.rad.cvm.gov.br/ENETCONSULTA/frmDownloadDocumento.aspx?CodigoInstituicao=1&NumeroSequencialDocumento=115651
42.353.180/0001-35;2022-01-01;1;IGUÁ RIO DE JANEIRO S.A.;026727;FCA;113470;2022-04-01;http://www.rad.cvm.gov.br/ENETCONSULTA/frmDownloadDocumento.aspx?CodigoInstituicao=1&NumeroSequencialDocumento=113470
42.500.384/0001-51;2022-01-01;1;SERENA ENERGIA S.A.;026441;FCA;116167;2022-05-31;http://www.rad.cvm.gov.br/ENETCONSULTA/frmDownloadDocumento.aspx?CodigoInstituicao=1&NumeroSequencialDocumento=116167
42.603.513/0001-37;2022-01-01;1;TRUE SECURITIZADORA DE CREDITOS FINANCEIROS IV S.A.;026492;FCA;115456;2022-05-17;http://www.rad.cvm.gov.br/ENETCONSULTA/frmDownloadDocumento.aspx?CodigoInstituicao=1&NumeroSequencialDocumento=115456
42.644.220/0001-06;2022-01-01;1;ÁGUAS DO RIO 4 SPE S.A.;026743;FCA;113342;2022-03-31;http://www.rad.cvm.gov.br/ENETCONSULTA/frmDownloadDocumento.aspx?CodigoInstituicao=1&NumeroSequencialDocumento=113342
42.644.220/0001-06;2022-01-01;2;ÁGUAS DO RIO 4 SPE S.A.;026743;FCA;122789;2022-12-27;http://www.rad.cvm.gov.br/ENETCONSULTA/frmDownloadDocumento.aspx?CodigoInstituicao=1&NumeroSequencialDocumento=122789
42.737.954/0001-21;2022-01-01;1;INTER & CO, INC.;057886;FCA;113856;2022-04-20;http://www.rad.cvm.gov.br/ENETCONSULTA/frmDownloadDocumento.aspx?CodigoInstituicao=1&NumeroSequencialDocumento=113856
42.737.954/0001-21;2022-01-01;1;INTER & CO, INC.;080217;FCA;113939;2022-04-26;http://www.rad.cvm.gov.br/ENETCONSULTA/frmDownloadDocumento.aspx?CodigoInstituicao=1&NumeroSequencialDocumento=113939
42.737.954/0001-21;2022-01-01;2;INTER & CO, INC.;080217;FCA;119429;2022-08-10;http://www.rad.cvm.gov.br/ENETCONSULTA/frmDownloadDocumento.aspx?CodigoInstituicao=1&NumeroSequencialDocumento=119429
42.771.949/0001-35;2022-01-01;1;ALLIANÇA SAÚDE E PARTICIPAÇÕES S.A.;024058;FCA;115414;2022-05-16;http://www.rad.cvm.gov.br/ENETCONSULTA/frmDownloadDocumento.aspx?CodigoInstituicao=1&NumeroSequencialDocumento=115414
42.771.949/0001-35;2022-01-01;2;ALLIANÇA SAÚDE E PARTICIPAÇÕES S.A.;024058;FCA;120850;2022-10-04;http://www.rad.cvm.gov.br/ENETCONSULTA/frmDownloadDocumento.aspx?CodigoInstituicao=1&NumeroSequencialDocumento=120850
42.771.949/0001-35;2022-01-01;3;ALLIANÇA SAÚDE E PARTICIPAÇÕES S.A.;024058;FCA;121251;2022-10-31;http://www.rad.cvm.gov.br/ENETCONSULTA/frmDownloadDocumento.aspx?CodigoInstituicao=1&NumeroSequencialDocumento=121251
42.937.550/0001-81;2022-01-01;1;VERT-11 COMPANHIA SECURITIZADORA DE CRÉDITOS FINANCEIROS;026778;FCA;112050;2022-02-24;http://www.rad.cvm.gov.br/ENETCONSULTA/frmDownloadDocumento.aspx?CodigoInstituicao=1&NumeroSequencialDocumento=112050
42.937.550/0001-81;2022-01-01;2;VERT-11 COMPANHIA SECURITIZADORA DE CRÉDITOS FINANCEIROS;026778;FCA;114828;2022-05-11;http://www.rad.cvm.gov.br/ENETCONSULTA/frmDownloadDocumento.aspx?CodigoInstituicao=1&NumeroSequencialDocumento=114828
42.937.550/0001-81;2022-01-01;3;VERT-11 COMPANHIA SECURITIZADORA DE CRÉDITOS FINANCEIROS;026778;FCA;117031;2022-06-15;http://www.rad.cvm.gov.br/ENETCONSULTA/frmDownloadDocumento.aspx?CodigoInstituicao=1&NumeroSequencialDocumento=117031
42.938.083/0001-04;2022-01-01;1;VERT-9 COMPANHIA SECURITIZADORA DE CRÉDITOS FINANCEIROS;026450;FCA;116076;2022-05-30;http://www.rad.cvm.gov.br/ENETCONSULTA/frmDownloadDocumento.aspx?CodigoInstituicao=1&NumeroSequencialDocumento=116076
42.945.876/0001-50;2022-01-01;1;VERT-10 COMPANHIA SECURITIZADORA DE CRÉDITOS FINANCEIROS;026751;FCA;111643;2022-02-08;http://www.rad.cvm.gov.br/ENETCONSULTA/frmDownloadDocumento.aspx?CodigoInstituicao=1&NumeroSequencialDocumento=111643
42.945.876/0001-50;2022-01-01;2;VERT-10 COMPANHIA SECURITIZADORA DE CRÉDITOS FINANCEIROS;026751;FCA;114049;2022-04-28;http://www.rad.cvm.gov.br/ENETCONSULTA/frmDownloadDocumento.aspx?CodigoInstituicao=1&NumeroSequencialDocumento=114049
43.185.362/0001-07;2022-01-01;1;IGB ELETRONICA S.A - EM RECUPERACAO JUDICIAL;006815;FCA;116294;2022-05-31;http://www.rad.cvm.gov.br/ENETCONSULTA/frmDownloadDocumento.aspx?CodigoInstituicao=1&NumeroSequencialDocumento=116294
43.283.811/0001-50;2022-01-01;1;KALUNGA S.A;025631;FCA;113402;2022-03-31;http://www.rad.cvm.gov.br/ENETCONSULTA/frmDownloadDocumento.aspx?CodigoInstituicao=1&NumeroSequencialDocumento=113402
43.335.774/0001-86;2022-01-01;1;TRAVESSIA SECURITIZADORA DE CRÉDITOS MERCANTIS VI S.A.;026824;FCA;112221;2022-03-04;http://www.rad.cvm.gov.br/ENETCONSULTA/frmDownloadDocumento.aspx?CodigoInstituicao=1&NumeroSequencialDocumento=112221
43.335.774/0001-86;2022-01-01;2;TRAVESSIA SECURITIZADORA DE CRÉDITOS MERCANTIS VI S.A.;026824;FCA;116914;2022-06-09;http://www.rad.cvm.gov.br/ENETCONSULTA/frmDownloadDocumento.aspx?CodigoInstituicao=1&NumeroSequencialDocumento=116914
43.470.988/0001-65;2022-01-01;1;EVEN CONSTRUTORA E INCORPORADORA S.A.;020524;FCA;114609;2022-05-10;http://www.rad.cvm.gov.br/ENETCONSULTA/frmDownloadDocumento.aspx?CodigoInstituicao=1&NumeroSequencialDocumento=114609
43.776.517/0001-80;2022-01-01;1;CIA SANEAMENTO BASICO EST SAO PAULO;014443;FCA;112955;2022-03-24;http://www.rad.cvm.gov.br/ENETCONSULTA/frmDownloadDocumento.aspx?CodigoInstituicao=1&NumeroSequencialDocumento=112955
43.776.517/0001-80;2022-01-01;2;CIA SANEAMENTO BASICO EST SAO PAULO;014443;FCA;114507;2022-05-08;http://www.rad.cvm.gov.br/ENETCONSULTA/frmDownloadDocumento.aspx?CodigoInstituicao=1&NumeroSequencialDocumento=114507
43.776.517/0001-80;2022-01-01;3;CIA SANEAMENTO BASICO EST SAO PAULO;014443;FCA;118261;2022-07-04;http://www.rad.cvm.gov.br/ENETCONSULTA/frmDownloadDocumento.aspx?CodigoInstituicao=1&NumeroSequencialDocumento=118261
43.948.405/0001-69;2022-01-01;1;LUPO S.A.;026506;FCA;115857;2022-05-27;http://www.rad.cvm.gov.br/ENETCONSULTA/frmDownloadDocumento.aspx?CodigoInstituicao=1&NumeroSequencialDocumento=115857
44.067.725/0001-72;2022-01-01;1;VIA BRASIL BR 163 CONCESSIONÁRIA DE RODOVIAS S.A.;026913;FCA;113141;2022-03-29;http://www.rad.cvm.gov.br/ENETCONSULTA/frmDownloadDocumento.aspx?CodigoInstituicao=1&NumeroSequencialDocumento=113141
44.067.725/0001-72;2022-01-01;2;VIA BRASIL BR 163 CONCESSIONÁRIA DE RODOVIAS S.A.;026913;FCA;119570;2022-08-11;http://www.rad.cvm.gov.br/ENETCONSULTA/frmDownloadDocumento.aspx?CodigoInstituicao=1&NumeroSequencialDocumento=119570
44.067.725/0001-72;2022-01-01;3;VIA BRASIL BR 163 CONCESSIONÁRIA DE RODOVIAS S.A.;026913;FCA;122676;2022-12-21;http://www.rad.cvm.gov.br/ENETCONSULTA/frmDownloadDocumento.aspx?CodigoInstituicao=1&NumeroSequencialDocumento=122676
44.841.035/0001-29;2022-01-01;1;SAP SECURITIZADORA DE CRÉDITOS FINANCEIROS S.A.;026840;FCA;111347;2022-01-24;http://www.rad.cvm.gov.br/ENETCONSULTA/frmDownloadDocumento.aspx?CodigoInstituicao=1&NumeroSequencialDocumento=111347
44.841.035/0001-29;2022-01-01;2;SAP SECURITIZADORA DE CRÉDITOS FINANCEIROS S.A.;026840;FCA;117087;2022-06-22;http://www.rad.cvm.gov.br/ENETCONSULTA/frmDownloadDocumento.aspx?CodigoInstituicao=1&NumeroSequencialDocumento=117087
45.242.914/0001-05;2022-01-01;1;C&A MODAS S.A.;024848;FCA;115975;2022-05-30;http://www.rad.cvm.gov.br/ENETCONSULTA/frmDownloadDocumento.aspx?CodigoInstituicao=1&NumeroSequencialDocumento=115975
45.365.558/0001-09;2022-01-01;1;VITTIA S.A.;025763;FCA;112705;2022-03-18;http://www.rad.cvm.gov.br/ENETCONSULTA/frmDownloadDocumento.aspx?CodigoInstituicao=1&NumeroSequencialDocumento=112705
45.453.214/0001-51;2022-01-01;1;PROFARMA DISTRIB PROD FARMACEUTICOS S.A.;020346;FCA;111165;2022-01-10;http://www.rad.cvm.gov.br/ENETCONSULTA/frmDownloadDocumento.aspx?CodigoInstituicao=1&NumeroSequencialDocumento=111165
45.453.214/0001-51;2022-01-01;2;PROFARMA DISTRIB PROD FARMACEUTICOS S.A.;020346;FCA;112936;2022-03-24;http://www.rad.cvm.gov.br/ENETCONSULTA/frmDownloadDocumento.aspx?CodigoInstituicao=1&NumeroSequencialDocumento=112936
45.987.245/0001-92;2022-01-01;1;BIOMA EDUCAÇÃO S.A.;000701;FCA;112162;2022-03-02;http://www.rad.cvm.gov.br/ENETCONSULTA/frmDownloadDocumento.aspx?CodigoInstituicao=1&NumeroSequencialDocumento=112162
46.119.855/0001-37;2022-01-01;1;SOCIEDADE ABASTECIMENTO DE ÁGUA E SANEAMENTO S.A - SANASA;016241;FCA;112746;2022-03-21;http://www.rad.cvm.gov.br/ENETCONSULTA/frmDownloadDocumento.aspx?CodigoInstituicao=1&NumeroSequencialDocumento=112746
47.508.411/0001-56;2022-01-01;1;CIA BRASILEIRA DE DISTRIBUICAO;014826;FCA;116366;2022-05-31;http://www.rad.cvm.gov.br/ENETCONSULTA/frmDownloadDocumento.aspx?CodigoInstituicao=1&NumeroSequencialDocumento=116366
47.509.120/0001-82;2022-01-01;1;BRADESCO LEASING S.A. ARREND MERCANTIL;019640;FCA;111665;2022-02-09;http://www.rad.cvm.gov.br/ENETCONSULTA/frmDownloadDocumento.aspx?CodigoInstituicao=1&NumeroSequencialDocumento=111665
47.509.120/0001-82;2022-01-01;2;BRADESCO LEASING S.A. ARREND MERCANTIL;019640;FCA;114642;2022-05-10;http://www.rad.cvm.gov.br/ENETCONSULTA/frmDownloadDocumento.aspx?CodigoInstituicao=1&NumeroSequencialDocumento=114642
47.586.663/0001-01;2022-01-01;1;NOVA SOCIEDADE DE NAVEGAÇÃO S.A.;027081;FCA;121038;2022-10-18;http://www.rad.cvm.gov.br/ENETCONSULTA/frmDownloadDocumento.aspx?CodigoInstituicao=1&NumeroSequencialDocumento=121038
47.960.950/0001-21;2022-01-01;1;MAGAZINE LUIZA S.A.;022470;FCA;116102;2022-05-31;http://www.rad.cvm.gov.br/ENETCONSULTA/frmDownloadDocumento.aspx?CodigoInstituicao=1&NumeroSequencialDocumento=116102
49.263.189/0001-02;2022-01-01;1;HELBOR EMPREENDIMENTOS S.A.;020877;FCA;113842;2022-04-19;http://www.rad.cvm.gov.br/ENETCONSULTA/frmDownloadDocumento.aspx?CodigoInstituicao=1&NumeroSequencialDocumento=113842
49.263.189/0001-02;2022-01-01;2;HELBOR EMPREENDIMENTOS S.A.;020877;FCA;114170;2022-05-03;http://www.rad.cvm.gov.br/ENETCONSULTA/frmDownloadDocumento.aspx?CodigoInstituicao=1&NumeroSequencialDocumento=114170
49.669.856/0001-43;2022-01-01;1;VESTE S.A. ESTILO;021440;FCA;112223;2022-03-04;http://www.rad.cvm.gov.br/ENETCONSULTA/frmDownloadDocumento.aspx?CodigoInstituicao=1&NumeroSequencialDocumento=112223
50.564.053/0001-03;2022-01-01;1;BOMBRIL S.A. - EM RECUPERAÇÃO JUDICIAL;012190;FCA;112995;2022-03-25;http://www.rad.cvm.gov.br/ENETCONSULTA/frmDownloadDocumento.aspx?CodigoInstituicao=1&NumeroSequencialDocumento=112995
50.746.577/0001-15;2022-01-01;1;COSAN S.A.;019836;FCA;112307;2022-03-08;http://www.rad.cvm.gov.br/ENETCONSULTA/frmDownloadDocumento.aspx?CodigoInstituicao=1&NumeroSequencialDocumento=112307
50.746.577/0001-15;2022-01-01;2;COSAN S.A.;019836;FCA;116793;2022-06-02;http://www.rad.cvm.gov.br/ENETCONSULTA/frmDownloadDocumento.aspx?CodigoInstituicao=1&NumeroSequencialDocumento=116793
50.926.955/0001-42;2022-01-01;1;VULCABRAS S.A.;011762;FCA;112308;2022-03-08;http://www.rad.cvm.gov.br/ENETCONSULTA/frmDownloadDocumento.aspx?CodigoInstituicao=1&NumeroSequencialDocumento=112308
50.926.955/0001-42;2022-01-01;2;VULCABRAS S.A.;011762;FCA;122597;2022-12-15;http://www.rad.cvm.gov.br/ENETCONSULTA/frmDownloadDocumento.aspx?CodigoInstituicao=1&NumeroSequencialDocumento=122597
51.128.999/0001-90;2022-01-01;1;NUTRIPLANT INDUSTRIA E COMERCIO S.A.;021334;FCA;114103;2022-05-02;http://www.rad.cvm.gov.br/ENETCONSULTA/frmDownloadDocumento.aspx?CodigoInstituicao=1&NumeroSequencialDocumento=114103
51.218.147/0001-93;2022-01-01;1;IGUATEMI EMPRESA DE SHOPPING CENTERS S.A;020494;FCA;111635;2022-02-08;http://www.rad.cvm.gov.br/ENETCONSULTA/frmDownloadDocumento.aspx?CodigoInstituicao=1&NumeroSequencialDocumento=111635
51.218.147/0001-93;2022-01-01;2;IGUATEMI EMPRESA DE SHOPPING CENTERS S.A;020494;FCA;116653;2022-05-31;http://www.rad.cvm.gov.br/ENETCONSULTA/frmDownloadDocumento.aspx?CodigoInstituicao=1&NumeroSequencialDocumento=116653
51.466.860/0001-56;2022-01-01;1;SAO MARTINHO S.A.;020516;FCA;116010;2022-05-30;http://www.rad.cvm.gov.br/ENETCONSULTA/frmDownloadDocumento.aspx?CodigoInstituicao=1&NumeroSequencialDocumento=116010
51.466.860/0001-56;2022-01-01;2;SAO MARTINHO S.A.;020516;FCA;120067;2022-08-16;http://www.rad.cvm.gov.br/ENETCONSULTA/frmDownloadDocumento.aspx?CodigoInstituicao=1&NumeroSequencialDocumento=120067
51.928.174/0001-50;2022-01-01;1;PLASCAR PARTICIPACOES INDUSTRIAIS S.A.;013471;FCA;111868;2022-02-18;http://www.rad.cvm.gov.br/ENETCONSULTA/frmDownloadDocumento.aspx?CodigoInstituicao=1&NumeroSequencialDocumento=111868
52.123.916/0001-32;2022-01-01;1;DORI ALIMENTOS S.A.;026360;FCA;116464;2022-05-31;http://www.rad.cvm.gov.br/ENETCONSULTA/frmDownloadDocumento.aspx?CodigoInstituicao=1&NumeroSequencialDocumento=116464
52.548.435/0001-79;2022-01-01;1;JSL S.A.;022020;FCA;116568;2022-05-31;http://www.rad.cvm.gov.br/ENETCONSULTA/frmDownloadDocumento.aspx?CodigoInstituicao=1&NumeroSequencialDocumento=116568
53.113.791/0001-22;2022-01-01;1;TOTVS S.A.;019992;FCA;116667;2022-05-31;http://www.rad.cvm.gov.br/ENETCONSULTA/frmDownloadDocumento.aspx?CodigoInstituicao=1&NumeroSequencialDocumento=116667
56.444.250/0001-75;2022-01-01;1;HAUSCENTER SA;014850;FCA;113254;2022-03-30;http://www.rad.cvm.gov.br/ENETCONSULTA/frmDownloadDocumento.aspx?CodigoInstituicao=1&NumeroSequencialDocumento=113254
56.444.250/0001-75;2022-01-01;2;HAUSCENTER SA;014850;FCA;115083;2022-05-13;http://www.rad.cvm.gov.br/ENETCONSULTA/frmDownloadDocumento.aspx?CodigoInstituicao=1&NumeroSequencialDocumento=115083
56.643.018/0001-66;2022-01-01;1;EUCATEX S.A. INDUSTRIA E COMERCIO;005770;FCA;112247;2022-03-07;http://www.rad.cvm.gov.br/ENETCONSULTA/frmDownloadDocumento.aspx?CodigoInstituicao=1&NumeroSequencialDocumento=112247
56.643.018/0001-66;2022-01-01;2;EUCATEX S.A. INDUSTRIA E COMERCIO;005770;FCA;114184;2022-05-03;http://www.rad.cvm.gov.br/ENETCONSULTA/frmDownloadDocumento.aspx?CodigoInstituicao=1&NumeroSequencialDocumento=114184
56.720.428/0001-63;2022-01-01;1;ROMI S.A.;007510;FCA;111436;2022-01-31;http://www.rad.cvm.gov.br/ENETCONSULTA/frmDownloadDocumento.aspx?CodigoInstituicao=1&NumeroSequencialDocumento=111436
56.720.428/0001-63;2022-01-01;2;ROMI S.A.;007510;FCA;113250;2022-03-30;http://www.rad.cvm.gov.br/ENETCONSULTA/frmDownloadDocumento.aspx?CodigoInstituicao=1&NumeroSequencialDocumento=113250
56.992.423/0001-90;2022-01-01;1;BICICLETAS MONARK S.A.;001694;FCA;112261;2022-03-07;http://www.rad.cvm.gov.br/ENETCONSULTA/frmDownloadDocumento.aspx?CodigoInstituicao=1&NumeroSequencialDocumento=112261
58.119.199/0001-51;2022-01-01;1;BRADSAÚDE S.A.;020125;FCA;111680;2022-02-09;http://www.rad.cvm.gov.br/ENETCONSULTA/frmDownloadDocumento.aspx?CodigoInstituicao=1&NumeroSequencialDocumento=111680
58.119.199/0001-51;2022-01-01;2;BRADSAÚDE S.A.;020125;FCA;112174;2022-03-02;http://www.rad.cvm.gov.br/ENETCONSULTA/frmDownloadDocumento.aspx?CodigoInstituicao=1&NumeroSequencialDocumento=112174
58.119.199/0001-51;2022-01-01;3;BRADSAÚDE S.A.;020125;FCA;113515;2022-04-04;http://www.rad.cvm.gov.br/ENETCONSULTA/frmDownloadDocumento.aspx?CodigoInstituicao=1&NumeroSequencialDocumento=113515
58.119.199/0001-51;2022-01-01;4;BRADSAÚDE S.A.;020125;FCA;116047;2022-05-30;http://www.rad.cvm.gov.br/ENETCONSULTA/frmDownloadDocumento.aspx?CodigoInstituicao=1&NumeroSequencialDocumento=116047
58.430.828/0001-60;2022-01-01;1;BLAU FARMACÊUTICA S.A.;024627;FCA;111075;2022-01-04;http://www.rad.cvm.gov.br/ENETCONSULTA/frmDownloadDocumento.aspx?CodigoInstituicao=1&NumeroSequencialDocumento=111075
58.430.828/0001-60;2022-01-01;2;BLAU FARMACÊUTICA S.A.;024627;FCA;111446;2022-01-31;http://www.rad.cvm.gov.br/ENETCONSULTA/frmDownloadDocumento.aspx?CodigoInstituicao=1&NumeroSequencialDocumento=111446
58.430.828/0001-60;2022-01-01;3;BLAU FARMACÊUTICA S.A.;024627;FCA;112402;2022-03-10;http://www.rad.cvm.gov.br/ENETCONSULTA/frmDownloadDocumento.aspx?CodigoInstituicao=1&NumeroSequencialDocumento=112402
58.430.828/0001-60;2022-01-01;4;BLAU FARMACÊUTICA S.A.;024627;FCA;118657;2022-07-25;http://www.rad.cvm.gov.br/ENETCONSULTA/frmDownloadDocumento.aspx?CodigoInstituicao=1&NumeroSequencialDocumento=118657
58.430.828/0001-60;2022-01-01;5;BLAU FARMACÊUTICA S.A.;024627;FCA;120073;2022-08-16;http://www.rad.cvm.gov.br/ENETCONSULTA/frmDownloadDocumento.aspx?CodigoInstituicao=1&NumeroSequencialDocumento=120073
59.105.999/0001-86;2022-01-01;1;WHIRLPOOL S.A.;014346;FCA;115765;2022-05-26;http://www.rad.cvm.gov.br/ENETCONSULTA/frmDownloadDocumento.aspx?CodigoInstituicao=1&NumeroSequencialDocumento=115765
59.285.411/0001-13;2022-01-01;1;BCO PAN S.A.;021199;FCA;116284;2022-05-31;http://www.rad.cvm.gov.br/ENETCONSULTA/frmDownloadDocumento.aspx?CodigoInstituicao=1&NumeroSequencialDocumento=116284
59.285.411/0001-13;2022-01-01;2;BCO PAN S.A.;021199;FCA;120292;2022-08-29;http://www.rad.cvm.gov.br/ENETCONSULTA/frmDownloadDocumento.aspx?CodigoInstituicao=1&NumeroSequencialDocumento=120292
59.285.411/0001-13;2022-01-01;3;BCO PAN S.A.;021199;FCA;120526;2022-09-09;http://www.rad.cvm.gov.br/ENETCONSULTA/frmDownloadDocumento.aspx?CodigoInstituicao=1&NumeroSequencialDocumento=120526
59.418.806/0001-47;2022-01-01;1;TRACK & FIELD CO S.A.;025208;FCA;111044;2022-01-03;http://www.rad.cvm.gov.br/ENETCONSULTA/frmDownloadDocumento.aspx?CodigoInstituicao=1&NumeroSequencialDocumento=111044
59.418.806/0001-47;2022-01-01;2;TRACK & FIELD CO S.A.;025208;FCA;112852;2022-03-23;http://www.rad.cvm.gov.br/ENETCONSULTA/frmDownloadDocumento.aspx?CodigoInstituicao=1&NumeroSequencialDocumento=112852
59.418.806/0001-47;2022-01-01;3;TRACK & FIELD CO S.A.;025208;FCA;120751;2022-09-26;http://www.rad.cvm.gov.br/ENETCONSULTA/frmDownloadDocumento.aspx?CodigoInstituicao=1&NumeroSequencialDocumento=120751
59.717.553/0001-02;2022-01-01;1;GRUPO MULTILASER S.A.;026034;FCA;116389;2022-05-31;http://www.rad.cvm.gov.br/ENETCONSULTA/frmDownloadDocumento.aspx?CodigoInstituicao=1&NumeroSequencialDocumento=116389
59.789.545/0001-71;2022-01-01;1;POLPAR S.A.;013447;FCA;120352;2022-08-31;http://www.rad.cvm.gov.br/ENETCONSULTA/frmDownloadDocumento.aspx?CodigoInstituicao=1&NumeroSequencialDocumento=120352
59.789.545/0001-71;2022-01-01;2;POLPAR S.A.;013447;FCA;121211;2022-10-28;http://www.rad.cvm.gov.br/ENETCONSULTA/frmDownloadDocumento.aspx?CodigoInstituicao=1&NumeroSequencialDocumento=121211
59.789.545/0001-71;2022-01-01;3;POLPAR S.A.;013447;FCA;122331;2022-11-23;http://www.rad.cvm.gov.br/ENETCONSULTA/frmDownloadDocumento.aspx?CodigoInstituicao=1&NumeroSequencialDocumento=122331
59.981.829/0001-65;2022-01-01;1;RODOBENS SA;025801;FCA;114451;2022-05-06;http://www.rad.cvm.gov.br/ENETCONSULTA/frmDownloadDocumento.aspx?CodigoInstituicao=1&NumeroSequencialDocumento=114451
59.981.829/0001-65;2022-01-01;2;RODOBENS SA;025801;FCA;116831;2022-06-03;http://www.rad.cvm.gov.br/ENETCONSULTA/frmDownloadDocumento.aspx?CodigoInstituicao=1&NumeroSequencialDocumento=116831
60.398.369/0004-79;2022-01-01;1;PARANAPANEMA S.A. - EM RECUPERAÇÃO JUDICIAL;009393;FCA;111443;2022-01-31;http://www.rad.cvm.gov.br/ENETCONSULTA/frmDownloadDocumento.aspx?CodigoInstituicao=1&NumeroSequencialDocumento=111443
60.398.369/0004-79;2022-01-01;2;PARANAPANEMA S.A. - EM RECUPERAÇÃO JUDICIAL;009393;FCA;112450;2022-03-11;http://www.rad.cvm.gov.br/ENETCONSULTA/frmDownloadDocumento.aspx?CodigoInstituicao=1&NumeroSequencialDocumento=112450
60.398.369/0004-79;2022-01-01;3;PARANAPANEMA S.A. - EM RECUPERAÇÃO JUDICIAL;009393;FCA;116040;2022-05-30;http://www.rad.cvm.gov.br/ENETCONSULTA/frmDownloadDocumento.aspx?CodigoInstituicao=1&NumeroSequencialDocumento=116040
60.398.369/0004-79;2022-01-01;4;PARANAPANEMA S.A. - EM RECUPERAÇÃO JUDICIAL;009393;FCA;122321;2022-11-22;http://www.rad.cvm.gov.br/ENETCONSULTA/frmDownloadDocumento.aspx?CodigoInstituicao=1&NumeroSequencialDocumento=122321
60.398.369/0004-79;2022-01-01;5;PARANAPANEMA S.A. - EM RECUPERAÇÃO JUDICIAL;009393;FCA;122604;2022-12-15;http://www.rad.cvm.gov.br/ENETCONSULTA/frmDownloadDocumento.aspx?CodigoInstituicao=1&NumeroSequencialDocumento=122604
60.444.437/0001-46;2022-01-01;1;LIGHT SERVICOS DE ELETRICIDADE S.A.;008036;FCA;116648;2022-05-31;http://www.rad.cvm.gov.br/ENETCONSULTA/frmDownloadDocumento.aspx?CodigoInstituicao=1&NumeroSequencialDocumento=116648
60.444.437/0001-46;2022-01-01;2;LIGHT SERVICOS DE ELETRICIDADE S.A.;008036;FCA;121263;2022-10-31;http://www.rad.cvm.gov.br/ENETCONSULTA/frmDownloadDocumento.aspx?CodigoInstituicao=1&NumeroSequencialDocumento=121263
60.476.884/0001-87;2022-01-01;1;MAHLE METAL LEVE S.A.;008575;FCA;112142;2022-02-28;http://www.rad.cvm.gov.br/ENETCONSULTA/frmDownloadDocumento.aspx?CodigoInstituicao=1&NumeroSequencialDocumento=112142
60.476.884/0001-87;2022-01-01;2;MAHLE METAL LEVE S.A.;008575;FCA;122460;2022-12-02;http://www.rad.cvm.gov.br/ENETCONSULTA/frmDownloadDocumento.aspx?CodigoInstituicao=1&NumeroSequencialDocumento=122460
60.500.139/0001-26;2022-01-01;1;SARAIVA LIVREIROS S.A. - EM RECUPERAÇÃO JUDICIAL;010472;FCA;116343;2022-05-31;http://www.rad.cvm.gov.br/ENETCONSULTA/frmDownloadDocumento.aspx?CodigoInstituicao=1&NumeroSequencialDocumento=116343
60.537.263/0001-66;2022-01-01;1;ALLPARK EMPREENDIMENTOS, PARTICIPAÇÕES E SERVIÇOS S.A.;024953;FCA;118231;2022-07-01;http://www.rad.cvm.gov.br/ENETCONSULTA/frmDownloadDocumento.aspx?CodigoInstituicao=1&NumeroSequencialDocumento=118231
60.537.263/0001-66;2022-01-01;2;ALLPARK EMPREENDIMENTOS, PARTICIPAÇÕES E SERVIÇOS S.A.;024953;FCA;122641;2022-12-19;http://www.rad.cvm.gov.br/ENETCONSULTA/frmDownloadDocumento.aspx?CodigoInstituicao=1&NumeroSequencialDocumento=122641
60.543.816/0001-93;2022-01-01;1;IGUATEMI S.A.;008672;FCA;116644;2022-05-31;http://www.rad.cvm.gov.br/ENETCONSULTA/frmDownloadDocumento.aspx?CodigoInstituicao=1&NumeroSequencialDocumento=116644
60.637.238/0001-54;2022-01-01;1;BLUE TECH SOLUTIONS EQI S.A.;012319;FCA;111200;2022-01-12;http://www.rad.cvm.gov.br/ENETCONSULTA/frmDownloadDocumento.aspx?CodigoInstituicao=1&NumeroSequencialDocumento=111200
60.637.238/0001-54;2022-01-01;2;BLUE TECH SOLUTIONS EQI S.A.;012319;FCA;112553;2022-03-15;http://www.rad.cvm.gov.br/ENETCONSULTA/frmDownloadDocumento.aspx?CodigoInstituicao=1&NumeroSequencialDocumento=112553
60.637.238/0001-54;2022-01-01;3;BLUE TECH SOLUTIONS EQI S.A.;012319;FCA;119211;2022-08-04;http://www.rad.cvm.gov.br/ENETCONSULTA/frmDownloadDocumento.aspx?CodigoInstituicao=1&NumeroSequencialDocumento=119211
60.637.238/0001-54;2022-01-01;4;BLUE TECH SOLUTIONS EQI S.A.;012319;FCA;119223;2022-08-04;http://www.rad.cvm.gov.br/ENETCONSULTA/frmDownloadDocumento.aspx?CodigoInstituicao=1&NumeroSequencialDocumento=119223
60.637.238/0001-54;2022-01-01;5;BLUE TECH SOLUTIONS EQI S.A.;012319;FCA;120184;2022-08-22;http://www.rad.cvm.gov.br/ENETCONSULTA/frmDownloadDocumento.aspx?CodigoInstituicao=1&NumeroSequencialDocumento=120184
60.637.238/0001-54;2022-01-01;6;BLUE TECH SOLUTIONS EQI S.A.;012319;FCA;120780;2022-09-28;http://www.rad.cvm.gov.br/ENETCONSULTA/frmDownloadDocumento.aspx?CodigoInstituicao=1&NumeroSequencialDocumento=120780
60.651.809/0001-05;2022-01-01;1;SUZANO HOLDING S.A.;009067;FCA;120353;2022-08-31;http://www.rad.cvm.gov.br/ENETCONSULTA/frmDownloadDocumento.aspx?CodigoInstituicao=1&NumeroSequencialDocumento=120353
60.651.809/0001-05;2022-01-01;2;SUZANO HOLDING S.A.;009067;FCA;122330;2022-11-23;http://www.rad.cvm.gov.br/ENETCONSULTA/frmDownloadDocumento.aspx?CodigoInstituicao=1&NumeroSequencialDocumento=122330
60.665.981/0001-18;2022-01-01;1;UNIÃO QUÍMICA FARMACÊUTICA NACIONAL S.A.;026867;FCA;113844;2022-04-19;http://www.rad.cvm.gov.br/ENETCONSULTA/frmDownloadDocumento.aspx?CodigoInstituicao=1&NumeroSequencialDocumento=113844
60.665.981/0001-18;2022-01-01;2;UNIÃO QUÍMICA FARMACÊUTICA NACIONAL S.A.;026867;FCA;118395;2022-07-11;http://www.rad.cvm.gov.br/ENETCONSULTA/frmDownloadDocumento.aspx?CodigoInstituicao=1&NumeroSequencialDocumento=118395
60.730.348/0001-66;2022-01-01;1;CIA MELHORAMENTOS DE SAO PAULO;003654;FCA;112229;2022-03-04;http://www.rad.cvm.gov.br/ENETCONSULTA/frmDownloadDocumento.aspx?CodigoInstituicao=1&NumeroSequencialDocumento=112229
60.730.348/0001-66;2022-01-01;2;CIA MELHORAMENTOS DE SAO PAULO;003654;FCA;113743;2022-04-13;http://www.rad.cvm.gov.br/ENETCONSULTA/frmDownloadDocumento.aspx?CodigoInstituicao=1&NumeroSequencialDocumento=113743
60.746.948/0001-12;2022-01-01;1;BCO BRADESCO S.A.;000906;FCA;111669;2022-02-09;http://www.rad.cvm.gov.br/ENETCONSULTA/frmDownloadDocumento.aspx?CodigoInstituicao=1&NumeroSequencialDocumento=111669
60.746.948/0001-12;2022-01-01;2;BCO BRADESCO S.A.;000906;FCA;112994;2022-03-25;http://www.rad.cvm.gov.br/ENETCONSULTA/frmDownloadDocumento.aspx?CodigoInstituicao=1&NumeroSequencialDocumento=112994
60.770.336/0001-65;2022-01-01;1;BCO ALFA DE INVESTIMENTO S.A.;001384;FCA;118280;2022-07-05;http://www.rad.cvm.gov.br/ENETCONSULTA/frmDownloadDocumento.aspx?CodigoInstituicao=1&NumeroSequencialDocumento=118280
60.840.055/0001-31;2022-01-01;1;FLEURY S.A.;021881;FCA;116309;2022-05-31;http://www.rad.cvm.gov.br/ENETCONSULTA/frmDownloadDocumento.aspx?CodigoInstituicao=1&NumeroSequencialDocumento=116309
60.851.615/0001-53;2022-01-01;1;BARDELLA S.A. INDUSTRIAS MECANICAS EM RECUPERAÇÃO JUDICIAL;001520;FCA;113400;2022-03-31;http://www.rad.cvm.gov.br/ENETCONSULTA/frmDownloadDocumento.aspx?CodigoInstituicao=1&NumeroSequencialDocumento=113400
60.872.504/0001-23;2022-01-01;1;ITAU UNIBANCO HOLDING S.A.;019348;FCA;111207;2022-01-12;http://www.rad.cvm.gov.br/ENETCONSULTA/frmDownloadDocumento.aspx?CodigoInstituicao=1&NumeroSequencialDocumento=111207
60.872.504/0001-23;2022-01-01;2;ITAU UNIBANCO HOLDING S.A.;019348;FCA;111535;2022-02-04;http://www.rad.cvm.gov.br/ENETCONSULTA/frmDownloadDocumento.aspx?CodigoInstituicao=1&NumeroSequencialDocumento=111535
60.872.504/0001-23;2022-01-01;3;ITAU UNIBANCO HOLDING S.A.;019348;FCA;118604;2022-07-21;http://www.rad.cvm.gov.br/ENETCONSULTA/frmDownloadDocumento.aspx?CodigoInstituicao=1&NumeroSequencialDocumento=118604
60.884.319/0001-59;2022-01-01;1;NORDON INDUSTRIAS METALURGICAS S.A.;009083;FCA;115337;2022-05-16;http://www.rad.cvm.gov.br/ENETCONSULTA/frmDownloadDocumento.aspx?CodigoInstituicao=1&NumeroSequencialDocumento=115337
60.894.730/0001-05;2022-01-01;1;USINAS SID DE MINAS GERAIS S.A.-USIMINAS;014320;FCA;111734;2022-02-14;http://www.rad.cvm.gov.br/ENETCONSULTA/frmDownloadDocumento.aspx?CodigoInstituicao=1&NumeroSequencialDocumento=111734
60.894.730/0001-05;2022-01-01;2;USINAS SID DE MINAS GERAIS S.A.-USIMINAS;014320;FCA;112620;2022-03-17;http://www.rad.cvm.gov.br/ENETCONSULTA/frmDownloadDocumento.aspx?CodigoInstituicao=1&NumeroSequencialDocumento=112620
60.894.730/0001-05;2022-01-01;3;USINAS SID DE MINAS GERAIS S.A.-USIMINAS;014320;FCA;116821;2022-06-02;http://www.rad.cvm.gov.br/ENETCONSULTA/frmDownloadDocumento.aspx?CodigoInstituicao=1&NumeroSequencialDocumento=116821
60.933.603/0001-78;2022-01-01;1;CESP - CIA ENERGETICA DE SAO PAULO;002577;FCA;111274;2022-01-18;http://www.rad.cvm.gov.br/ENETCONSULTA/frmDownloadDocumento.aspx?CodigoInstituicao=1&NumeroSequencialDocumento=111274
60.933.603/0001-78;2022-01-01;2;CESP - CIA ENERGETICA DE SAO PAULO;002577;FCA;112159;2022-03-02;http://www.rad.cvm.gov.br/ENETCONSULTA/frmDownloadDocumento.aspx?CodigoInstituicao=1&NumeroSequencialDocumento=112159
60.933.603/0001-78;2022-01-01;3;CESP - CIA ENERGETICA DE SAO PAULO;002577;FCA;113234;2022-03-30;http://www.rad.cvm.gov.br/ENETCONSULTA/frmDownloadDocumento.aspx?CodigoInstituicao=1&NumeroSequencialDocumento=113234
60.933.603/0001-78;2022-01-01;4;CESP - CIA ENERGETICA DE SAO PAULO;002577;FCA;113930;2022-04-26;http://www.rad.cvm.gov.br/ENETCONSULTA/frmDownloadDocumento.aspx?CodigoInstituicao=1&NumeroSequencialDocumento=113930
60.933.603/0001-78;2022-01-01;5;CESP - CIA ENERGETICA DE SAO PAULO;002577;FCA;114722;2022-05-11;http://www.rad.cvm.gov.br/ENETCONSULTA/frmDownloadDocumento.aspx?CodigoInstituicao=1&NumeroSequencialDocumento=114722
61.022.042/0001-18;2022-01-01;1;CONSTRUTORA ADOLPHO LINDENBERG S.A.;004723;FCA;116593;2022-05-31;http://www.rad.cvm.gov.br/ENETCONSULTA/frmDownloadDocumento.aspx?CodigoInstituicao=1&NumeroSequencialDocumento=116593
61.065.298/0001-02;2022-01-01;1;MANGELS INDUSTRIAL S.A.;008397;FCA;111133;2022-01-06;http://www.rad.cvm.gov.br/ENETCONSULTA/frmDownloadDocumento.aspx?CodigoInstituicao=1&NumeroSequencialDocumento=111133
61.065.298/0001-02;2022-01-01;2;MANGELS INDUSTRIAL S.A.;008397;FCA;112744;2022-03-21;http://www.rad.cvm.gov.br/ENETCONSULTA/frmDownloadDocumento.aspx?CodigoInstituicao=1&NumeroSequencialDocumento=112744
61.065.298/0001-02;2022-01-01;3;MANGELS INDUSTRIAL S.A.;008397;FCA;116196;2022-05-31;http://www.rad.cvm.gov.br/ENETCONSULTA/frmDownloadDocumento.aspx?CodigoInstituicao=1&NumeroSequencialDocumento=116196
61.065.751/0001-80;2022-01-01;1;ROSSI RESIDENCIAL S.A. - EM RECUPERAÇÃO JUDICIAL;016306;FCA;116347;2022-05-31;http://www.rad.cvm.gov.br/ENETCONSULTA/frmDownloadDocumento.aspx?CodigoInstituicao=1&NumeroSequencialDocumento=116347
61.065.751/0001-80;2022-01-01;2;ROSSI RESIDENCIAL S.A. - EM RECUPERAÇÃO JUDICIAL;016306;FCA;120962;2022-10-11;http://www.rad.cvm.gov.br/ENETCONSULTA/frmDownloadDocumento.aspx?CodigoInstituicao=1&NumeroSequencialDocumento=120962
61.079.117/0001-05;2022-01-01;1;ALPARGATAS S.A.;010456;FCA;111710;2022-02-10;http://www.rad.cvm.gov.br/ENETCONSULTA/frmDownloadDocumento.aspx?CodigoInstituicao=1&NumeroSequencialDocumento=111710
61.080.313/0001-91;2022-01-01;1;COBRASMA S.A.;004448;FCA;113346;2022-03-31;http://www.rad.cvm.gov.br/ENETCONSULTA/frmDownloadDocumento.aspx?CodigoInstituicao=1&NumeroSequencialDocumento=113346
61.082.004/0001-50;2022-01-01;1;MANUFATURA DE BRINQUEDOS ESTRELA S.A.;008427;FCA;113810;2022-04-18;http://www.rad.cvm.gov.br/ENETCONSULTA/frmDownloadDocumento.aspx?CodigoInstituicao=1&NumeroSequencialDocumento=113810
61.088.894/0001-08;2022-01-01;1;CAMBUCI S.A.;002100;FCA;114004;2022-04-28;http://www.rad.cvm.gov.br/ENETCONSULTA/frmDownloadDocumento.aspx?CodigoInstituicao=1&NumeroSequencialDocumento=114004
61.092.037/0001-81;2022-01-01;1;ETERNIT S.A.;005762;FCA;116751;2022-06-01;http://www.rad.cvm.gov.br/ENETCONSULTA/frmDownloadDocumento.aspx?CodigoInstituicao=1&NumeroSequencialDocumento=116751
61.156.113/0001-75;2022-01-01;1;IOCHPE MAXION S.A.;011932;FCA;112118;2022-02-25;http://www.rad.cvm.gov.br/ENETCONSULTA/frmDownloadDocumento.aspx?CodigoInstituicao=1&NumeroSequencialDocumento=112118
61.156.931/0001-78;2022-01-01;1;ALIPERTI S.A.;012823;FCA;114596;2022-05-10;http://www.rad.cvm.gov.br/ENETCONSULTA/frmDownloadDocumento.aspx?CodigoInstituicao=1&NumeroSequencialDocumento=114596
61.186.680/0001-74;2022-01-01;1;BANCO BMG S/A;024600;FCA;112178;2022-03-03;http://www.rad.cvm.gov.br/ENETCONSULTA/frmDownloadDocumento.aspx?CodigoInstituicao=1&NumeroSequencialDocumento=112178
61.186.680/0001-74;2022-01-01;2;BANCO BMG S/A;024600;FCA;115870;2022-05-27;http://www.rad.cvm.gov.br/ENETCONSULTA/frmDownloadDocumento.aspx?CodigoInstituicao=1&NumeroSequencialDocumento=115870
61.189.288/0001-89;2022-01-01;1;MARISA LOJAS S.A.;022055;FCA;112885;2022-03-23;http://www.rad.cvm.gov.br/ENETCONSULTA/frmDownloadDocumento.aspx?CodigoInstituicao=1&NumeroSequencialDocumento=112885
61.189.288/0001-89;2022-01-01;2;MARISA LOJAS S.A.;022055;FCA;120406;2022-09-01;http://www.rad.cvm.gov.br/ENETCONSULTA/frmDownloadDocumento.aspx?CodigoInstituicao=1&NumeroSequencialDocumento=120406
61.190.096/0001-92;2022-01-01;1;EUROFARMA LABORATÓRIOS S.A.;026700;FCA;113148;2022-03-29;http://www.rad.cvm.gov.br/ENETCONSULTA/frmDownloadDocumento.aspx?CodigoInstituicao=1&NumeroSequencialDocumento=113148
61.190.096/0001-92;2022-01-01;2;EUROFARMA LABORATÓRIOS S.A.;026700;FCA;114495;2022-05-06;http://www.rad.cvm.gov.br/ENETCONSULTA/frmDownloadDocumento.aspx?CodigoInstituicao=1&NumeroSequencialDocumento=114495
61.351.532/0001-68;2022-01-01;1;AZEVEDO E TRAVASSOS S.A.;011975;FCA;116730;2022-05-31;http://www.rad.cvm.gov.br/ENETCONSULTA/frmDownloadDocumento.aspx?CodigoInstituicao=1&NumeroSequencialDocumento=116730
61.351.532/0001-68;2022-01-01;2;AZEVEDO E TRAVASSOS S.A.;011975;FCA;120600;2022-09-15;http://www.rad.cvm.gov.br/ENETCONSULTA/frmDownloadDocumento.aspx?CodigoInstituicao=1&NumeroSequencialDocumento=120600
61.351.532/0001-68;2022-01-01;3;AZEVEDO E TRAVASSOS S.A.;011975;FCA;120848;2022-10-04;http://www.rad.cvm.gov.br/ENETCONSULTA/frmDownloadDocumento.aspx?CodigoInstituicao=1&NumeroSequencialDocumento=120848
61.374.161/0001-30;2022-01-01;1;BAUMER S.A.;001562;FCA;113636;2022-04-08;http://www.rad.cvm.gov.br/ENETCONSULTA/frmDownloadDocumento.aspx?CodigoInstituicao=1&NumeroSequencialDocumento=113636
61.409.892/0001-73;2022-01-01;1;COMPANHIA BRASILEIRA DE ALUMÍNIO;025984;FCA;115782;2022-05-26;http://www.rad.cvm.gov.br/ENETCONSULTA/frmDownloadDocumento.aspx?CodigoInstituicao=1&NumeroSequencialDocumento=115782
61.486.650/0001-83;2022-01-01;1;DIAGNOSTICOS DA AMERICA S.A.;019623;FCA;114532;2022-05-09;http://www.rad.cvm.gov.br/ENETCONSULTA/frmDownloadDocumento.aspx?CodigoInstituicao=1&NumeroSequencialDocumento=114532
61.486.650/0001-83;2022-01-01;2;DIAGNOSTICOS DA AMERICA S.A.;019623;FCA;116899;2022-06-08;http://www.rad.cvm.gov.br/ENETCONSULTA/frmDownloadDocumento.aspx?CodigoInstituicao=1&NumeroSequencialDocumento=116899
61.486.650/0001-83;2022-01-01;3;DIAGNOSTICOS DA AMERICA S.A.;019623;FCA;118454;2022-07-13;http://www.rad.cvm.gov.br/ENETCONSULTA/frmDownloadDocumento.aspx?CodigoInstituicao=1&NumeroSequencialDocumento=118454
61.532.644/0001-15;2022-01-01;1;ITAÚSA S.A.;007617;FCA;111696;2022-02-10;http://www.rad.cvm.gov.br/ENETCONSULTA/frmDownloadDocumento.aspx?CodigoInstituicao=1&NumeroSequencialDocumento=111696
61.532.644/0001-15;2022-01-01;2;ITAÚSA S.A.;007617;FCA;122477;2022-12-05;http://www.rad.cvm.gov.br/ENETCONSULTA/frmDownloadDocumento.aspx?CodigoInstituicao=1&NumeroSequencialDocumento=122477
61.584.140/0001-49;2022-01-01;1;REDE ENERGIA PARTICIPAÇÕES S.A.;003190;FCA;116469;2022-05-31;http://www.rad.cvm.gov.br/ENETCONSULTA/frmDownloadDocumento.aspx?CodigoInstituicao=1&NumeroSequencialDocumento=116469
61.584.140/0001-49;2022-01-01;2;REDE ENERGIA PARTICIPAÇÕES S.A.;003190;FCA;120246;2022-08-25;http://www.rad.cvm.gov.br/ENETCONSULTA/frmDownloadDocumento.aspx?CodigoInstituicao=1&NumeroSequencialDocumento=120246
61.584.140/0001-49;2022-01-01;3;REDE ENERGIA PARTICIPAÇÕES S.A.;003190;FCA;120460;2022-09-05;http://www.rad.cvm.gov.br/ENETCONSULTA/frmDownloadDocumento.aspx?CodigoInstituicao=1&NumeroSequencialDocumento=120460
61.585.865/0001-51;2022-01-01;1;RAIA DROGASIL S.A.;005258;FCA;111394;2022-01-27;http://www.rad.cvm.gov.br/ENETCONSULTA/frmDownloadDocumento.aspx?CodigoInstituicao=1&NumeroSequencialDocumento=111394
61.695.227/0001-93;2022-01-01;1;ELETROPAULO METROP. ELET. SAO PAULO S.A.;014176;FCA;114726;2022-05-11;http://www.rad.cvm.gov.br/ENETCONSULTA/frmDownloadDocumento.aspx?CodigoInstituicao=1&NumeroSequencialDocumento=114726
61.856.571/0001-17;2022-01-01;1;CIA GAS DE SAO PAULO - COMGAS;015636;FCA;118200;2022-06-30;http://www.rad.cvm.gov.br/ENETCONSULTA/frmDownloadDocumento.aspx?CodigoInstituicao=1&NumeroSequencialDocumento=118200
62.002.886/0001-60;2022-01-01;1;SAO PAULO TURISMO S.A.;009415;FCA;111959;2022-02-23;http://www.rad.cvm.gov.br/ENETCONSULTA/frmDownloadDocumento.aspx?CodigoInstituicao=1&NumeroSequencialDocumento=111959
62.002.886/0001-60;2022-01-01;2;SAO PAULO TURISMO S.A.;009415;FCA;113637;2022-04-08;http://www.rad.cvm.gov.br/ENETCONSULTA/frmDownloadDocumento.aspx?CodigoInstituicao=1&NumeroSequencialDocumento=113637
62.002.886/0001-60;2022-01-01;3;SAO PAULO TURISMO S.A.;009415;FCA;116168;2022-05-31;http://www.rad.cvm.gov.br/ENETCONSULTA/frmDownloadDocumento.aspx?CodigoInstituicao=1&NumeroSequencialDocumento=116168
62.070.362/0001-06;2022-01-01;1;COMPANHIA DO METROPOLITANO DE SÃO PAULO - METRÔ;027065;FCA;115057;2022-05-13;http://www.rad.cvm.gov.br/ENETCONSULTA/frmDownloadDocumento.aspx?CodigoInstituicao=1&NumeroSequencialDocumento=115057
62.144.175/0001-20;2022-01-01;1;BCO PINE S.A;020567;FCA;116459;2022-05-31;http://www.rad.cvm.gov.br/ENETCONSULTA/frmDownloadDocumento.aspx?CodigoInstituicao=1&NumeroSequencialDocumento=116459
62.144.175/0001-20;2022-01-01;2;BCO PINE S.A;020567;FCA;120636;2022-09-19;http://www.rad.cvm.gov.br/ENETCONSULTA/frmDownloadDocumento.aspx?CodigoInstituicao=1&NumeroSequencialDocumento=120636
62.232.889/0001-90;2022-01-01;1;BCO DAYCOVAL S.A.;020796;FCA;112572;2022-03-16;http://www.rad.cvm.gov.br/ENETCONSULTA/frmDownloadDocumento.aspx?CodigoInstituicao=1&NumeroSequencialDocumento=112572
62.258.884/0001-36;2022-01-01;1;INTERCEMENT BRASIL S.A. - EM RECUPERAÇÃO JUDICIAL;025992;FCA;116133;2022-05-31;http://www.rad.cvm.gov.br/ENETCONSULTA/frmDownloadDocumento.aspx?CodigoInstituicao=1&NumeroSequencialDocumento=116133
62.258.884/0001-36;2022-01-01;2;INTERCEMENT BRASIL S.A. - EM RECUPERAÇÃO JUDICIAL;025992;FCA;116136;2022-05-31;http://www.rad.cvm.gov.br/ENETCONSULTA/frmDownloadDocumento.aspx?CodigoInstituicao=1&NumeroSequencialDocumento=116136
62.307.848/0001-15;2022-01-01;1;BANCO RCI BRASIL S.A.;021466;FCA;116235;2022-05-31;http://www.rad.cvm.gov.br/ENETCONSULTA/frmDownloadDocumento.aspx?CodigoInstituicao=1&NumeroSequencialDocumento=116235
62.307.848/0001-15;2022-01-01;2;BANCO RCI BRASIL S.A.;021466;FCA;116935;2022-06-10;http://www.rad.cvm.gov.br/ENETCONSULTA/frmDownloadDocumento.aspx?CodigoInstituicao=1&NumeroSequencialDocumento=116935
62.984.091/0001-02;2022-01-01;1;CRUZEIRO DO SUL EDUCACIONAL S.A.;025526;FCA;112171;2022-03-02;http://www.rad.cvm.gov.br/ENETCONSULTA/frmDownloadDocumento.aspx?CodigoInstituicao=1&NumeroSequencialDocumento=112171
64.904.295/0001-03;2022-01-01;1;CAMIL ALIMENTOS S.A.;024228;FCA;115498;2022-05-17;http://www.rad.cvm.gov.br/ENETCONSULTA/frmDownloadDocumento.aspx?CodigoInstituicao=1&NumeroSequencialDocumento=115498
64.904.295/0001-03;2022-01-01;2;CAMIL ALIMENTOS S.A.;024228;FCA;118262;2022-07-04;http://www.rad.cvm.gov.br/ENETCONSULTA/frmDownloadDocumento.aspx?CodigoInstituicao=1&NumeroSequencialDocumento=118262
65.654.303/0001-73;2022-01-01;1;DIBENS LEASING S.A. - ARREND.MERCANTIL;014214;FCA;111202;2022-01-12;http://www.rad.cvm.gov.br/ENETCONSULTA/frmDownloadDocumento.aspx?CodigoInstituicao=1&NumeroSequencialDocumento=111202
65.654.303/0001-73;2022-01-01;2;DIBENS LEASING S.A. - ARREND.MERCANTIL;014214;FCA;111537;2022-02-04;http://www.rad.cvm.gov.br/ENETCONSULTA/frmDownloadDocumento.aspx?CodigoInstituicao=1&NumeroSequencialDocumento=111537
65.654.303/0001-73;2022-01-01;3;DIBENS LEASING S.A. - ARREND.MERCANTIL;014214;FCA;118605;2022-07-21;http://www.rad.cvm.gov.br/ENETCONSULTA/frmDownloadDocumento.aspx?CodigoInstituicao=1&NumeroSequencialDocumento=118605
67.010.660/0001-24;2022-01-01;1;RNI NEGÓCIOS IMOBILIÁRIOS S.A.;020451;FCA;116212;2022-05-31;http://www.rad.cvm.gov.br/ENETCONSULTA/frmDownloadDocumento.aspx?CodigoInstituicao=1&NumeroSequencialDocumento=116212
67.571.414/0001-41;2022-01-01;1;VIVER INCORPORADORA E CONSTRUTORA S.A.;020702;FCA;115489;2022-05-17;http://www.rad.cvm.gov.br/ENETCONSULTA/frmDownloadDocumento.aspx?CodigoInstituicao=1&NumeroSequencialDocumento=115489
67.620.377/0001-14;2022-01-01;1;MINERVA S.A.;020931;FCA;116365;2022-05-31;http://www.rad.cvm.gov.br/ENETCONSULTA/frmDownloadDocumento.aspx?CodigoInstituicao=1&NumeroSequencialDocumento=116365
68.400.225/0001-79;2022-01-01;1;CLARANET TECHNOLOGY S.A.;026549;FCA;116279;2022-05-31;http://www.rad.cvm.gov.br/ENETCONSULTA/frmDownloadDocumento.aspx?CodigoInstituicao=1&NumeroSequencialDocumento=116279
71.208.516/0001-74;2022-01-01;1;ALGAR TELECOM S/A;021032;FCA;111934;2022-02-22;http://www.rad.cvm.gov.br/ENETCONSULTA/frmDownloadDocumento.aspx?CodigoInstituicao=1&NumeroSequencialDocumento=111934
71.476.527/0001-35;2022-01-01;1;CONSTRUTORA TENDA S.A.;021148;FCA;111376;2022-01-26;http://www.rad.cvm.gov.br/ENETCONSULTA/frmDownloadDocumento.aspx?CodigoInstituicao=1&NumeroSequencialDocumento=111376
71.476.527/0001-35;2022-01-01;2;CONSTRUTORA TENDA S.A.;021148;FCA;116710;2022-05-31;http://www.rad.cvm.gov.br/ENETCONSULTA/frmDownloadDocumento.aspx?CodigoInstituicao=1&NumeroSequencialDocumento=116710
71.476.527/0001-35;2022-01-01;3;CONSTRUTORA TENDA S.A.;021148;FCA;122228;2022-11-17;http://www.rad.cvm.gov.br/ENETCONSULTA/frmDownloadDocumento.aspx?CodigoInstituicao=1&NumeroSequencialDocumento=122228
71.673.990/0001-77;2022-01-01;1;NATURA COSMÉTICOS S.A.;019550;FCA;111581;2022-02-07;http://www.rad.cvm.gov.br/ENETCONSULTA/frmDownloadDocumento.aspx?CodigoInstituicao=1&NumeroSequencialDocumento=111581
73.178.600/0001-18;2022-01-01;1;CYRELA BRAZIL REALTY S.A.EMPREEND E PART;014460;FCA;111115;2022-01-05;http://www.rad.cvm.gov.br/ENETCONSULTA/frmDownloadDocumento.aspx?CodigoInstituicao=1&NumeroSequencialDocumento=111115
73.903.718/0001-61;2022-01-01;1;SNB PARTICIPACOES SA;014303;FCA;111364;2022-01-25;http://www.rad.cvm.gov.br/ENETCONSULTA/frmDownloadDocumento.aspx?CodigoInstituicao=1&NumeroSequencialDocumento=111364
73.903.718/0001-61;2022-01-01;2;SNB PARTICIPACOES SA;014303;FCA;115545;2022-05-19;http://www.rad.cvm.gov.br/ENETCONSULTA/frmDownloadDocumento.aspx?CodigoInstituicao=1&NumeroSequencialDocumento=115545
75.315.333/0001-09;2022-01-01;1;ATACADÃO S.A.;024171;FCA;116456;2022-05-31;http://www.rad.cvm.gov.br/ENETCONSULTA/frmDownloadDocumento.aspx?CodigoInstituicao=1&NumeroSequencialDocumento=116456
75.609.123/0001-23;2022-01-01;1;UNIDAS LOCAÇÕES E SERVIÇOS S.A.;023280;FCA;110520;2021-11-30;http://www.rad.cvm.gov.br/ENETCONSULTA/frmDownloadDocumento.aspx?CodigoInstituicao=1&NumeroSequencialDocumento=110520
75.609.123/0001-23;2022-01-01;2;UNIDAS LOCAÇÕES E SERVIÇOS S.A.;023280;FCA;112496;2022-03-14;http://www.rad.cvm.gov.br/ENETCONSULTA/frmDownloadDocumento.aspx?CodigoInstituicao=1&NumeroSequencialDocumento=112496
75.609.123/0001-23;2022-01-01;3;UNIDAS LOCAÇÕES E SERVIÇOS S.A.;023280;FCA;121188;2022-10-27;http://www.rad.cvm.gov.br/ENETCONSULTA/frmDownloadDocumento.aspx?CodigoInstituicao=1&NumeroSequencialDocumento=121188
76.483.817/0001-20;2022-01-01;1;CIA PARANAENSE DE ENERGIA - COPEL;014311;FCA;115089;2022-05-13;http://www.rad.cvm.gov.br/ENETCONSULTA/frmDownloadDocumento.aspx?CodigoInstituicao=1&NumeroSequencialDocumento=115089
76.483.817/0001-20;2022-01-01;2;CIA PARANAENSE DE ENERGIA - COPEL;014311;FCA;119220;2022-08-04;http://www.rad.cvm.gov.br/ENETCONSULTA/frmDownloadDocumento.aspx?CodigoInstituicao=1&NumeroSequencialDocumento=119220
76.483.817/0001-20;2022-01-01;3;CIA PARANAENSE DE ENERGIA - COPEL;014311;FCA;121064;2022-10-19;http://www.rad.cvm.gov.br/ENETCONSULTA/frmDownloadDocumento.aspx?CodigoInstituicao=1&NumeroSequencialDocumento=121064
76.484.013/0001-45;2022-01-01;1;CIA SANEAMENTO DO PARANA - SANEPAR;018627;FCA;114032;2022-04-28;http://www.rad.cvm.gov.br/ENETCONSULTA/frmDownloadDocumento.aspx?CodigoInstituicao=1&NumeroSequencialDocumento=114032
76.484.013/0001-45;2022-01-01;2;CIA SANEAMENTO DO PARANA - SANEPAR;018627;FCA;116768;2022-06-01;http://www.rad.cvm.gov.br/ENETCONSULTA/frmDownloadDocumento.aspx?CodigoInstituicao=1&NumeroSequencialDocumento=116768
76.484.013/0001-45;2022-01-01;3;CIA SANEAMENTO DO PARANA - SANEPAR;018627;FCA;118347;2022-07-07;http://www.rad.cvm.gov.br/ENETCONSULTA/frmDownloadDocumento.aspx?CodigoInstituicao=1&NumeroSequencialDocumento=118347
76.535.764/0001-43;2022-01-01;1;OI S.A. - EM RECUPERAÇÃO JUDICIAL;011312;FCA;111637;2022-02-08;http://www.rad.cvm.gov.br/ENETCONSULTA/frmDownloadDocumento.aspx?CodigoInstituicao=1&NumeroSequencialDocumento=111637
76.535.764/0001-43;2022-01-01;2;OI S.A. - EM RECUPERAÇÃO JUDICIAL;011312;FCA;122722;2022-12-23;http://www.rad.cvm.gov.br/ENETCONSULTA/frmDownloadDocumento.aspx?CodigoInstituicao=1&NumeroSequencialDocumento=122722
76.535.764/0001-43;2022-01-01;3;OI S.A. - EM RECUPERAÇÃO JUDICIAL;011312;FCA;122723;2022-12-23;http://www.rad.cvm.gov.br/ENETCONSULTA/frmDownloadDocumento.aspx?CodigoInstituicao=1&NumeroSequencialDocumento=122723
76.627.504/0001-06;2022-01-01;1;INEPAR S.A. INDUSTRIA E CONSTRUCOES EM RECUPERACAO JUDICIAL;007595;FCA;115582;2022-05-20;http://www.rad.cvm.gov.br/ENETCONSULTA/frmDownloadDocumento.aspx?CodigoInstituicao=1&NumeroSequencialDocumento=115582
78.876.950/0001-71;2022-01-01;1;CIA HERING;014761;FCA;111375;2022-01-26;http://www.rad.cvm.gov.br/ENETCONSULTA/frmDownloadDocumento.aspx?CodigoInstituicao=1&NumeroSequencialDocumento=111375
79.430.682/0001-22;2022-01-01;1;FARMÁCIA E DROGARIA NISSEI S.A.;025429;FCA;115949;2022-05-30;http://www.rad.cvm.gov.br/ENETCONSULTA/frmDownloadDocumento.aspx?CodigoInstituicao=1&NumeroSequencialDocumento=115949
80.227.184/0001-66;2022-01-01;1;METALGRAFICA IGUACU S.A.;008605;FCA;115028;2022-05-13;http://www.rad.cvm.gov.br/ENETCONSULTA/frmDownloadDocumento.aspx?CodigoInstituicao=1&NumeroSequencialDocumento=115028
80.227.184/0001-66;2022-01-01;2;METALGRAFICA IGUACU S.A.;008605;FCA;120616;2022-09-16;http://www.rad.cvm.gov.br/ENETCONSULTA/frmDownloadDocumento.aspx?CodigoInstituicao=1&NumeroSequencialDocumento=120616
80.227.184/0001-66;2022-01-01;3;METALGRAFICA IGUACU S.A.;008605;FCA;120995;2022-10-14;http://www.rad.cvm.gov.br/ENETCONSULTA/frmDownloadDocumento.aspx?CodigoInstituicao=1&NumeroSequencialDocumento=120995
80.227.184/0001-66;2022-01-01;4;METALGRAFICA IGUACU S.A.;008605;FCA;121008;2022-10-14;http://www.rad.cvm.gov.br/ENETCONSULTA/frmDownloadDocumento.aspx?CodigoInstituicao=1&NumeroSequencialDocumento=121008
80.227.184/0001-66;2022-01-01;5;METALGRAFICA IGUACU S.A.;008605;FCA;121129;2022-10-25;http://www.rad.cvm.gov.br/ENETCONSULTA/frmDownloadDocumento.aspx?CodigoInstituicao=1&NumeroSequencialDocumento=121129
80.680.093/0001-81;2022-01-01;1;SENIOR SISTEMAS S.A.;026786;FCA;111486;2022-02-01;http://www.rad.cvm.gov.br/ENETCONSULTA/frmDownloadDocumento.aspx?CodigoInstituicao=1&NumeroSequencialDocumento=111486
80.680.093/0001-81;2022-01-01;2;SENIOR SISTEMAS S.A.;026786;FCA;115036;2022-05-13;http://www.rad.cvm.gov.br/ENETCONSULTA/frmDownloadDocumento.aspx?CodigoInstituicao=1&NumeroSequencialDocumento=115036
81.243.735/0001-48;2022-01-01;1;POSITIVO TECNOLOGIA S.A.;020362;FCA;112854;2022-03-23;http://www.rad.cvm.gov.br/ENETCONSULTA/frmDownloadDocumento.aspx?CodigoInstituicao=1&NumeroSequencialDocumento=112854
81.243.735/0001-48;2022-01-01;2;POSITIVO TECNOLOGIA S.A.;020362;FCA;113096;2022-03-28;http://www.rad.cvm.gov.br/ENETCONSULTA/frmDownloadDocumento.aspx?CodigoInstituicao=1&NumeroSequencialDocumento=113096
81.243.735/0001-48;2022-01-01;3;POSITIVO TECNOLOGIA S.A.;020362;FCA;114747;2022-05-11;http://www.rad.cvm.gov.br/ENETCONSULTA/frmDownloadDocumento.aspx?CodigoInstituicao=1&NumeroSequencialDocumento=114747
81.243.735/0001-48;2022-01-01;4;POSITIVO TECNOLOGIA S.A.;020362;FCA;116848;2022-06-06;http://www.rad.cvm.gov.br/ENETCONSULTA/frmDownloadDocumento.aspx?CodigoInstituicao=1&NumeroSequencialDocumento=116848
82.508.433/0001-17;2022-01-01;1;CIA CATARINENSE DE AGUAS E SANEAM.-CASAN;016861;FCA;111440;2022-01-31;http://www.rad.cvm.gov.br/ENETCONSULTA/frmDownloadDocumento.aspx?CodigoInstituicao=1&NumeroSequencialDocumento=111440
82.636.986/0001-55;2022-01-01;1;TEKA-TECELAGEM KUEHNRICH S.A. - EM RECUPERAÇÃO JUDICIAL;011223;FCA;115682;2022-05-24;http://www.rad.cvm.gov.br/ENETCONSULTA/frmDownloadDocumento.aspx?CodigoInstituicao=1&NumeroSequencialDocumento=115682
82.640.558/0001-04;2022-01-01;1;KARSTEN S.A.;004146;FCA;111924;2022-02-22;http://www.rad.cvm.gov.br/ENETCONSULTA/frmDownloadDocumento.aspx?CodigoInstituicao=1&NumeroSequencialDocumento=111924
82.640.558/0001-04;2022-01-01;2;KARSTEN S.A.;004146;FCA;113124;2022-03-29;http://www.rad.cvm.gov.br/ENETCONSULTA/frmDownloadDocumento.aspx?CodigoInstituicao=1&NumeroSequencialDocumento=113124
82.640.558/0001-04;2022-01-01;3;KARSTEN S.A.;004146;FCA;116239;2022-05-31;http://www.rad.cvm.gov.br/ENETCONSULTA/frmDownloadDocumento.aspx?CodigoInstituicao=1&NumeroSequencialDocumento=116239
82.640.558/0001-04;2022-01-01;4;KARSTEN S.A.;004146;FCA;118182;2022-06-29;http://www.rad.cvm.gov.br/ENETCONSULTA/frmDownloadDocumento.aspx?CodigoInstituicao=1&NumeroSequencialDocumento=118182
82.640.558/0001-04;2022-01-01;5;KARSTEN S.A.;004146;FCA;118272;2022-07-05;http://www.rad.cvm.gov.br/ENETCONSULTA/frmDownloadDocumento.aspx?CodigoInstituicao=1&NumeroSequencialDocumento=118272
82.643.537/0001-34;2022-01-01;1;ELECTRO ACO ALTONA S.A.;005380;FCA;112962;2022-03-24;http://www.rad.cvm.gov.br/ENETCONSULTA/frmDownloadDocumento.aspx?CodigoInstituicao=1&NumeroSequencialDocumento=112962
82.643.537/0001-34;2022-01-01;2;ELECTRO ACO ALTONA S.A.;005380;FCA;114011;2022-04-28;http://www.rad.cvm.gov.br/ENETCONSULTA/frmDownloadDocumento.aspx?CodigoInstituicao=1&NumeroSequencialDocumento=114011
82.901.000/0001-27;2022-01-01;1;INTELBRAS S.A. IND. DE TELECOMUNICAÇÃO ELETRÔNICA BRASILEIRA;025453;FCA;118234;2022-07-01;http://www.rad.cvm.gov.br/ENETCONSULTA/frmDownloadDocumento.aspx?CodigoInstituicao=1&NumeroSequencialDocumento=118234
82.981.929/0001-03;2022-01-01;1;CIA INDUSTRIAL SCHLOSSER S.A.;003549;FCA;121186;2022-10-27;http://www.rad.cvm.gov.br/ENETCONSULTA/frmDownloadDocumento.aspx?CodigoInstituicao=1&NumeroSequencialDocumento=121186
82.982.075/0001-80;2022-01-01;1;TEXTIL RENAUXVIEW S.A.;007544;FCA;112975;2022-03-25;http://www.rad.cvm.gov.br/ENETCONSULTA/frmDownloadDocumento.aspx?CodigoInstituicao=1&NumeroSequencialDocumento=112975
82.982.075/0001-80;2022-01-01;2;TEXTIL RENAUXVIEW S.A.;007544;FCA;113757;2022-04-14;http://www.rad.cvm.gov.br/ENETCONSULTA/frmDownloadDocumento.aspx?CodigoInstituicao=1&NumeroSequencialDocumento=113757
82.982.075/0001-80;2022-01-01;3;TEXTIL RENAUXVIEW S.A.;007544;FCA;114613;2022-05-10;http://www.rad.cvm.gov.br/ENETCONSULTA/frmDownloadDocumento.aspx?CodigoInstituicao=1&NumeroSequencialDocumento=114613
83.296.889/0001-23;2022-01-01;1;MASSA FALIDA DA SA IND E COMERCIO CHAPECO;010243;FCA;113617;2022-04-08;http://www.rad.cvm.gov.br/ENETCONSULTA/frmDownloadDocumento.aspx?CodigoInstituicao=1&NumeroSequencialDocumento=113617
83.475.913/0001-91;2022-01-01;1;PBG S/A;013773;FCA;116703;2022-05-31;http://www.rad.cvm.gov.br/ENETCONSULTA/frmDownloadDocumento.aspx?CodigoInstituicao=1&NumeroSequencialDocumento=116703
83.475.913/0001-91;2022-01-01;2;PBG S/A;013773;FCA;118511;2022-07-15;http://www.rad.cvm.gov.br/ENETCONSULTA/frmDownloadDocumento.aspx?CodigoInstituicao=1&NumeroSequencialDocumento=118511
83.878.892/0001-55;2022-01-01;1;CENTRAIS ELET DE SANTA CATARINA S.A.;002461;FCA;115859;2022-05-27;http://www.rad.cvm.gov.br/ENETCONSULTA/frmDownloadDocumento.aspx?CodigoInstituicao=1&NumeroSequencialDocumento=115859
83.878.892/0001-55;2022-01-01;2;CENTRAIS ELET DE SANTA CATARINA S.A.;002461;FCA;116756;2022-06-01;http://www.rad.cvm.gov.br/ENETCONSULTA/frmDownloadDocumento.aspx?CodigoInstituicao=1&NumeroSequencialDocumento=116756
83.878.892/0001-55;2022-01-01;3;CENTRAIS ELET DE SANTA CATARINA S.A.;002461;FCA;118421;2022-07-12;http://www.rad.cvm.gov.br/ENETCONSULTA/frmDownloadDocumento.aspx?CodigoInstituicao=1&NumeroSequencialDocumento=118421
84.429.695/0001-11;2022-01-01;1;WEG S.A.;005410;FCA;118246;2022-07-04;http://www.rad.cvm.gov.br/ENETCONSULTA/frmDownloadDocumento.aspx?CodigoInstituicao=1&NumeroSequencialDocumento=118246
84.683.374/0001-49;2022-01-01;1;TUPY S.A.;006343;FCA;115819;2022-05-27;http://www.rad.cvm.gov.br/ENETCONSULTA/frmDownloadDocumento.aspx?CodigoInstituicao=1&NumeroSequencialDocumento=115819
84.683.374/0001-49;2022-01-01;2;TUPY S.A.;006343;FCA;115821;2022-05-27;http://www.rad.cvm.gov.br/ENETCONSULTA/frmDownloadDocumento.aspx?CodigoInstituicao=1&NumeroSequencialDocumento=115821
84.683.408/0001-03;2022-01-01;1;DOHLER S.A.;005207;FCA;114617;2022-05-10;http://www.rad.cvm.gov.br/ENETCONSULTA/frmDownloadDocumento.aspx?CodigoInstituicao=1&NumeroSequencialDocumento=114617
84.683.671/0001-94;2022-01-01;1;WETZEL S.A.;011991;FCA;115770;2022-05-26;http://www.rad.cvm.gov.br/ENETCONSULTA/frmDownloadDocumento.aspx?CodigoInstituicao=1&NumeroSequencialDocumento=115770
84.683.671/0001-94;2022-01-01;2;WETZEL S.A.;011991;FCA;120857;2022-10-05;http://www.rad.cvm.gov.br/ENETCONSULTA/frmDownloadDocumento.aspx?CodigoInstituicao=1&NumeroSequencialDocumento=120857
84.683.671/0001-94;2022-01-01;3;WETZEL S.A.;011991;FCA;120983;2022-10-13;http://www.rad.cvm.gov.br/ENETCONSULTA/frmDownloadDocumento.aspx?CodigoInstituicao=1&NumeroSequencialDocumento=120983
84.683.671/0001-94;2022-01-01;4;WETZEL S.A.;011991;FCA;121076;2022-10-20;http://www.rad.cvm.gov.br/ENETCONSULTA/frmDownloadDocumento.aspx?CodigoInstituicao=1&NumeroSequencialDocumento=121076
84.683.671/0001-94;2022-01-01;5;WETZEL S.A.;011991;FCA;121098;2022-10-21;http://www.rad.cvm.gov.br/ENETCONSULTA/frmDownloadDocumento.aspx?CodigoInstituicao=1&NumeroSequencialDocumento=121098
84.684.455/0001-63;2022-01-01;1;TIGRE S.A. PARTICIPAÇÕES;026255;FCA;115563;2022-05-19;http://www.rad.cvm.gov.br/ENETCONSULTA/frmDownloadDocumento.aspx?CodigoInstituicao=1&NumeroSequencialDocumento=115563
84.693.183/0001-68;2022-01-01;1;SCHULZ S.A.;014664;FCA;111052;2022-01-03;http://www.rad.cvm.gov.br/ENETCONSULTA/frmDownloadDocumento.aspx?CodigoInstituicao=1&NumeroSequencialDocumento=111052
85.041.333/0001-11;2022-01-01;1;PORTO PONTA DO FELIX S/A;015407;FCA;115518;2022-05-18;http://www.rad.cvm.gov.br/ENETCONSULTA/frmDownloadDocumento.aspx?CodigoInstituicao=1&NumeroSequencialDocumento=115518
85.778.074/0001-06;2022-01-01;1;METALURGICA RIOSULENSE S.A.;013439;FCA;113122;2022-03-29;http://www.rad.cvm.gov.br/ENETCONSULTA/frmDownloadDocumento.aspx?CodigoInstituicao=1&NumeroSequencialDocumento=113122
86.375.425/0001-09;2022-01-01;1;METISA METALURGICA TIMBOENSE S.A.;008753;FCA;112922;2022-03-24;http://www.rad.cvm.gov.br/ENETCONSULTA/frmDownloadDocumento.aspx?CodigoInstituicao=1&NumeroSequencialDocumento=112922
86.375.425/0001-09;2022-01-01;2;METISA METALURGICA TIMBOENSE S.A.;008753;FCA;120445;2022-09-05;http://www.rad.cvm.gov.br/ENETCONSULTA/frmDownloadDocumento.aspx?CodigoInstituicao=1&NumeroSequencialDocumento=120445
86.550.951/0001-50;2022-01-01;1;POMIFRUTAS S/A EM RECUPERACAO JUDICIAL;019658;FCA;116141;2022-05-31;http://www.rad.cvm.gov.br/ENETCONSULTA/frmDownloadDocumento.aspx?CodigoInstituicao=1&NumeroSequencialDocumento=116141
87.043.832/0001-73;2022-01-01;1;SEIVA S.A. - FLORESTAS E INDÚSTRIAS;010561;FCA;116323;2022-05-31;http://www.rad.cvm.gov.br/ENETCONSULTA/frmDownloadDocumento.aspx?CodigoInstituicao=1&NumeroSequencialDocumento=116323
87.043.832/0001-73;2022-01-01;2;SEIVA S.A. - FLORESTAS E INDÚSTRIAS;010561;FCA;116955;2022-06-10;http://www.rad.cvm.gov.br/ENETCONSULTA/frmDownloadDocumento.aspx?CodigoInstituicao=1&NumeroSequencialDocumento=116955
87.456.562/0001-22;2022-01-01;1;JOSAPAR-JOAQUIM OLIVEIRA S.A. - PARTICIP;013285;FCA;116216;2022-05-31;http://www.rad.cvm.gov.br/ENETCONSULTA/frmDownloadDocumento.aspx?CodigoInstituicao=1&NumeroSequencialDocumento=116216
87.762.563/0001-03;2022-01-01;1;CIA HABITASUL DE PARTICIPACOES;003298;FCA;113510;2022-04-04;http://www.rad.cvm.gov.br/ENETCONSULTA/frmDownloadDocumento.aspx?CodigoInstituicao=1&NumeroSequencialDocumento=113510
87.762.563/0001-03;2022-01-01;2;CIA HABITASUL DE PARTICIPACOES;003298;FCA;114340;2022-05-05;http://www.rad.cvm.gov.br/ENETCONSULTA/frmDownloadDocumento.aspx?CodigoInstituicao=1&NumeroSequencialDocumento=114340
87.870.952/0001-44;2022-01-01;1;BORRACHAS VIPAL S.A.;026980;FCA;112959;2022-03-24;http://www.rad.cvm.gov.br/ENETCONSULTA/frmDownloadDocumento.aspx?CodigoInstituicao=1&NumeroSequencialDocumento=112959
87.870.952/0001-44;2022-01-01;2;BORRACHAS VIPAL S.A.;026980;FCA;121114;2022-10-24;http://www.rad.cvm.gov.br/ENETCONSULTA/frmDownloadDocumento.aspx?CodigoInstituicao=1&NumeroSequencialDocumento=121114
88.610.126/0001-29;2022-01-01;1;FRASLE MOBILITY S.A.;006211;FCA;116527;2022-05-31;http://www.rad.cvm.gov.br/ENETCONSULTA/frmDownloadDocumento.aspx?CodigoInstituicao=1&NumeroSequencialDocumento=116527
88.610.191/0001-54;2022-01-01;1;MUNDIAL S.A. - PRODUTOS DE CONSUMO;005312;FCA;111647;2022-02-09;http://www.rad.cvm.gov.br/ENETCONSULTA/frmDownloadDocumento.aspx?CodigoInstituicao=1&NumeroSequencialDocumento=111647
88.610.191/0001-54;2022-01-01;2;MUNDIAL S.A. - PRODUTOS DE CONSUMO;005312;FCA;112837;2022-03-23;http://www.rad.cvm.gov.br/ENETCONSULTA/frmDownloadDocumento.aspx?CodigoInstituicao=1&NumeroSequencialDocumento=112837
88.610.191/0001-54;2022-01-01;3;MUNDIAL S.A. - PRODUTOS DE CONSUMO;005312;FCA;114005;2022-04-28;http://www.rad.cvm.gov.br/ENETCONSULTA/frmDownloadDocumento.aspx?CodigoInstituicao=1&NumeroSequencialDocumento=114005
88.611.835/0001-29;2022-01-01;1;MARCOPOLO S.A.;008451;FCA;111317;2022-01-20;http://www.rad.cvm.gov.br/ENETCONSULTA/frmDownloadDocumento.aspx?CodigoInstituicao=1&NumeroSequencialDocumento=111317
88.611.835/0001-29;2022-01-01;2;MARCOPOLO S.A.;008451;FCA;112030;2022-02-24;http://www.rad.cvm.gov.br/ENETCONSULTA/frmDownloadDocumento.aspx?CodigoInstituicao=1&NumeroSequencialDocumento=112030
88.611.835/0001-29;2022-01-01;3;MARCOPOLO S.A.;008451;FCA;112291;2022-03-08;http://www.rad.cvm.gov.br/ENETCONSULTA/frmDownloadDocumento.aspx?CodigoInstituicao=1&NumeroSequencialDocumento=112291
88.611.835/0001-29;2022-01-01;4;MARCOPOLO S.A.;008451;FCA;116746;2022-06-01;http://www.rad.cvm.gov.br/ENETCONSULTA/frmDownloadDocumento.aspx?CodigoInstituicao=1&NumeroSequencialDocumento=116746
88.613.658/0001-10;2022-01-01;1;PETTENATI S.A. INDUSTRIA TEXTIL;009539;FCA;115937;2022-05-30;http://www.rad.cvm.gov.br/ENETCONSULTA/frmDownloadDocumento.aspx?CodigoInstituicao=1&NumeroSequencialDocumento=115937
89.086.144/0001-16;2022-01-01;1;RANDONCORP S.A.;014109;FCA;111614;2022-02-08;http://www.rad.cvm.gov.br/ENETCONSULTA/frmDownloadDocumento.aspx?CodigoInstituicao=1&NumeroSequencialDocumento=111614
89.096.457/0001-55;2022-01-01;1;SLC AGRICOLA S.A.;020745;FCA;116149;2022-05-31;http://www.rad.cvm.gov.br/ENETCONSULTA/frmDownloadDocumento.aspx?CodigoInstituicao=1&NumeroSequencialDocumento=116149
89.463.822/0001-12;2022-01-01;1;LUPATECH S.A;020060;FCA;112535;2022-03-15;http://www.rad.cvm.gov.br/ENETCONSULTA/frmDownloadDocumento.aspx?CodigoInstituicao=1&NumeroSequencialDocumento=112535
89.463.822/0001-12;2022-01-01;2;LUPATECH S.A;020060;FCA;113345;2022-03-31;http://www.rad.cvm.gov.br/ENETCONSULTA/frmDownloadDocumento.aspx?CodigoInstituicao=1&NumeroSequencialDocumento=113345
89.637.490/0001-45;2022-01-01;1;KLABIN S.A.;012653;FCA;111479;2022-02-01;http://www.rad.cvm.gov.br/ENETCONSULTA/frmDownloadDocumento.aspx?CodigoInstituicao=1&NumeroSequencialDocumento=111479
89.637.490/0001-45;2022-01-01;2;KLABIN S.A.;012653;FCA;112092;2022-02-25;http://www.rad.cvm.gov.br/ENETCONSULTA/frmDownloadDocumento.aspx?CodigoInstituicao=1&NumeroSequencialDocumento=112092
89.637.490/0001-45;2022-01-01;3;KLABIN S.A.;012653;FCA;112213;2022-03-04;http://www.rad.cvm.gov.br/ENETCONSULTA/frmDownloadDocumento.aspx?CodigoInstituicao=1&NumeroSequencialDocumento=112213
89.637.490/0001-45;2022-01-01;4;KLABIN S.A.;012653;FCA;112256;2022-03-07;http://www.rad.cvm.gov.br/ENETCONSULTA/frmDownloadDocumento.aspx?CodigoInstituicao=1&NumeroSequencialDocumento=112256
89.637.490/0001-45;2022-01-01;5;KLABIN S.A.;012653;FCA;120107;2022-08-18;http://www.rad.cvm.gov.br/ENETCONSULTA/frmDownloadDocumento.aspx?CodigoInstituicao=1&NumeroSequencialDocumento=120107
89.723.993/0001-33;2022-01-01;1;CONSTRUTORA SULTEPA S.A. - EM RECUPERAÇÃO JUDICIAL;013030;FCA;113138;2022-03-29;http://www.rad.cvm.gov.br/ENETCONSULTA/frmDownloadDocumento.aspx?CodigoInstituicao=1&NumeroSequencialDocumento=113138
89.850.341/0001-60;2022-01-01;1;GRENDENE S.A.;019615;FCA;111138;2022-01-07;http://www.rad.cvm.gov.br/ENETCONSULTA/frmDownloadDocumento.aspx?CodigoInstituicao=1&NumeroSequencialDocumento=111138
89.850.341/0001-60;2022-01-01;2;GRENDENE S.A.;019615;FCA;111140;2022-01-07;http://www.rad.cvm.gov.br/ENETCONSULTA/frmDownloadDocumento.aspx?CodigoInstituicao=1&NumeroSequencialDocumento=111140
89.850.341/0001-60;2022-01-01;3;GRENDENE S.A.;019615;FCA;112042;2022-02-24;http://www.rad.cvm.gov.br/ENETCONSULTA/frmDownloadDocumento.aspx?CodigoInstituicao=1&NumeroSequencialDocumento=112042
89.850.341/0001-60;2022-01-01;4;GRENDENE S.A.;019615;FCA;114101;2022-05-02;http://www.rad.cvm.gov.br/ENETCONSULTA/frmDownloadDocumento.aspx?CodigoInstituicao=1&NumeroSequencialDocumento=114101
90.076.886/0001-40;2022-01-01;1;MINUPAR PARTICIPACOES S.A.;013765;FCA;110347;2021-11-19;http://www.rad.cvm.gov.br/ENETCONSULTA/frmDownloadDocumento.aspx?CodigoInstituicao=1&NumeroSequencialDocumento=110347
90.076.886/0001-40;2022-01-01;2;MINUPAR PARTICIPACOES S.A.;013765;FCA;112691;2022-03-18;http://www.rad.cvm.gov.br/ENETCONSULTA/frmDownloadDocumento.aspx?CodigoInstituicao=1&NumeroSequencialDocumento=112691
90.400.888/0001-42;2022-01-01;1;BCO SANTANDER (BRASIL) S.A.;020532;FCA;112552;2022-03-15;http://www.rad.cvm.gov.br/ENETCONSULTA/frmDownloadDocumento.aspx?CodigoInstituicao=1&NumeroSequencialDocumento=112552
90.441.460/0001-48;2022-01-01;1;UNICASA INDÚSTRIA DE MÓVEIS S.A.;022780;FCA;111435;2022-01-31;http://www.rad.cvm.gov.br/ENETCONSULTA/frmDownloadDocumento.aspx?CodigoInstituicao=1&NumeroSequencialDocumento=111435
90.441.460/0001-48;2022-01-01;2;UNICASA INDÚSTRIA DE MÓVEIS S.A.;022780;FCA;112469;2022-03-14;http://www.rad.cvm.gov.br/ENETCONSULTA/frmDownloadDocumento.aspx?CodigoInstituicao=1&NumeroSequencialDocumento=112469
90.441.460/0001-48;2022-01-01;3;UNICASA INDÚSTRIA DE MÓVEIS S.A.;022780;FCA;114615;2022-05-10;http://www.rad.cvm.gov.br/ENETCONSULTA/frmDownloadDocumento.aspx?CodigoInstituicao=1&NumeroSequencialDocumento=114615
90.441.460/0001-48;2022-01-01;4;UNICASA INDÚSTRIA DE MÓVEIS S.A.;022780;FCA;116906;2022-06-09;http://www.rad.cvm.gov.br/ENETCONSULTA/frmDownloadDocumento.aspx?CodigoInstituicao=1&NumeroSequencialDocumento=116906
91.333.666/0001-17;2022-01-01;1;RECRUSUL S.A.;012572;FCA;114859;2022-05-12;http://www.rad.cvm.gov.br/ENETCONSULTA/frmDownloadDocumento.aspx?CodigoInstituicao=1&NumeroSequencialDocumento=114859
91.669.747/0001-92;2022-01-01;1;DM FINANCEIRA S.A. - CRÉDITO, FINANCIAMENTO E INVESTIMENTO;006076;FCA;111616;2022-02-08;http://www.rad.cvm.gov.br/ENETCONSULTA/frmDownloadDocumento.aspx?CodigoInstituicao=1&NumeroSequencialDocumento=111616
91.669.747/0001-92;2022-01-01;2;DM FINANCEIRA S.A. - CRÉDITO, FINANCIAMENTO E INVESTIMENTO;006076;FCA;112841;2022-03-23;http://www.rad.cvm.gov.br/ENETCONSULTA/frmDownloadDocumento.aspx?CodigoInstituicao=1&NumeroSequencialDocumento=112841
91.669.747/0001-92;2022-01-01;3;DM FINANCEIRA S.A. - CRÉDITO, FINANCIAMENTO E INVESTIMENTO;006076;FCA;114102;2022-05-02;http://www.rad.cvm.gov.br/ENETCONSULTA/frmDownloadDocumento.aspx?CodigoInstituicao=1&NumeroSequencialDocumento=114102
91.669.747/0001-92;2022-01-01;4;DM FINANCEIRA S.A. - CRÉDITO, FINANCIAMENTO E INVESTIMENTO;006076;FCA;120170;2022-08-22;http://www.rad.cvm.gov.br/ENETCONSULTA/frmDownloadDocumento.aspx?CodigoInstituicao=1&NumeroSequencialDocumento=120170
91.669.747/0001-92;2022-01-01;5;DM FINANCEIRA S.A. - CRÉDITO, FINANCIAMENTO E INVESTIMENTO;006076;FCA;120175;2022-08-22;http://www.rad.cvm.gov.br/ENETCONSULTA/frmDownloadDocumento.aspx?CodigoInstituicao=1&NumeroSequencialDocumento=120175
91.669.747/0001-92;2022-01-01;6;DM FINANCEIRA S.A. - CRÉDITO, FINANCIAMENTO E INVESTIMENTO;006076;FCA;122274;2022-11-21;http://www.rad.cvm.gov.br/ENETCONSULTA/frmDownloadDocumento.aspx?CodigoInstituicao=1&NumeroSequencialDocumento=122274
91.983.056/0001-69;2022-01-01;1;KEPLER WEBER S.A.;007870;FCA;112468;2022-03-14;http://www.rad.cvm.gov.br/ENETCONSULTA/frmDownloadDocumento.aspx?CodigoInstituicao=1&NumeroSequencialDocumento=112468
92.012.467/0001-70;2022-01-01;1;GRAZZIOTIN S.A.;004537;FCA;112622;2022-03-17;http://www.rad.cvm.gov.br/ENETCONSULTA/frmDownloadDocumento.aspx?CodigoInstituicao=1&NumeroSequencialDocumento=112622
92.660.570/0001-26;2022-01-01;1;TREVISA INVESTIMENTOS S.A.;008192;FCA;112465;2022-03-12;http://www.rad.cvm.gov.br/ENETCONSULTA/frmDownloadDocumento.aspx?CodigoInstituicao=1&NumeroSequencialDocumento=112465
92.660.570/0001-26;2022-01-01;2;TREVISA INVESTIMENTOS S.A.;008192;FCA;115657;2022-05-23;http://www.rad.cvm.gov.br/ENETCONSULTA/frmDownloadDocumento.aspx?CodigoInstituicao=1&NumeroSequencialDocumento=115657
92.660.570/0001-26;2022-01-01;3;TREVISA INVESTIMENTOS S.A.;008192;FCA;121368;2022-11-07;http://www.rad.cvm.gov.br/ENETCONSULTA/frmDownloadDocumento.aspx?CodigoInstituicao=1&NumeroSequencialDocumento=121368
92.665.611/0001-77;2022-01-01;1;DIMED S.A. DISTRIBUIDORA DE MEDICAMENTOS;009342;FCA;116470;2022-05-31;http://www.rad.cvm.gov.br/ENETCONSULTA/frmDownloadDocumento.aspx?CodigoInstituicao=1&NumeroSequencialDocumento=116470
92.690.783/0001-09;2022-01-01;1;METALURGICA GERDAU S.A.;008656;FCA;116312;2022-05-31;http://www.rad.cvm.gov.br/ENETCONSULTA/frmDownloadDocumento.aspx?CodigoInstituicao=1&NumeroSequencialDocumento=116312
92.690.783/0001-09;2022-01-01;2;METALURGICA GERDAU S.A.;008656;FCA;116954;2022-06-10;http://www.rad.cvm.gov.br/ENETCONSULTA/frmDownloadDocumento.aspx?CodigoInstituicao=1&NumeroSequencialDocumento=116954
92.693.019/0001-89;2022-01-01;1;PANATLANTICA S.A.;000094;FCA;116222;2022-05-31;http://www.rad.cvm.gov.br/ENETCONSULTA/frmDownloadDocumento.aspx?CodigoInstituicao=1&NumeroSequencialDocumento=116222
92.702.067/0001-96;2022-01-01;1;BANCO DO ESTADO DO RIO GRANDE DO SUL SA;001210;FCA;113933;2022-04-26;http://www.rad.cvm.gov.br/ENETCONSULTA/frmDownloadDocumento.aspx?CodigoInstituicao=1&NumeroSequencialDocumento=113933
92.715.812/0001-31;2022-01-01;1;CPFL TRANSMISSÃO S.A.;003204;FCA;111131;2022-01-06;http://www.rad.cvm.gov.br/ENETCONSULTA/frmDownloadDocumento.aspx?CodigoInstituicao=1&NumeroSequencialDocumento=111131
92.715.812/0001-31;2022-01-01;2;CPFL TRANSMISSÃO S.A.;003204;FCA;112907;2022-03-24;http://www.rad.cvm.gov.br/ENETCONSULTA/frmDownloadDocumento.aspx?CodigoInstituicao=1&NumeroSequencialDocumento=112907
92.715.812/0001-31;2022-01-01;3;CPFL TRANSMISSÃO S.A.;003204;FCA;113776;2022-04-14;http://www.rad.cvm.gov.br/ENETCONSULTA/frmDownloadDocumento.aspx?CodigoInstituicao=1&NumeroSequencialDocumento=113776
92.715.812/0001-31;2022-01-01;4;CPFL TRANSMISSÃO S.A.;003204;FCA;114016;2022-04-28;http://www.rad.cvm.gov.br/ENETCONSULTA/frmDownloadDocumento.aspx?CodigoInstituicao=1&NumeroSequencialDocumento=114016
92.715.812/0001-31;2022-01-01;5;CPFL TRANSMISSÃO S.A.;003204;FCA;118770;2022-07-28;http://www.rad.cvm.gov.br/ENETCONSULTA/frmDownloadDocumento.aspx?CodigoInstituicao=1&NumeroSequencialDocumento=118770
92.715.812/0001-31;2022-01-01;6;CPFL TRANSMISSÃO S.A.;003204;FCA;120298;2022-08-29;http://www.rad.cvm.gov.br/ENETCONSULTA/frmDownloadDocumento.aspx?CodigoInstituicao=1&NumeroSequencialDocumento=120298
92.715.812/0001-31;2022-01-01;7;CPFL TRANSMISSÃO S.A.;003204;FCA;120323;2022-08-30;http://www.rad.cvm.gov.br/ENETCONSULTA/frmDownloadDocumento.aspx?CodigoInstituicao=1&NumeroSequencialDocumento=120323
92.715.812/0001-31;2022-01-01;8;CPFL TRANSMISSÃO S.A.;003204;FCA;120680;2022-09-21;http://www.rad.cvm.gov.br/ENETCONSULTA/frmDownloadDocumento.aspx?CodigoInstituicao=1&NumeroSequencialDocumento=120680
92.715.812/0001-31;2022-01-01;9;CPFL TRANSMISSÃO S.A.;003204;FCA;122532;2022-12-09;http://www.rad.cvm.gov.br/ENETCONSULTA/frmDownloadDocumento.aspx?CodigoInstituicao=1&NumeroSequencialDocumento=122532
92.721.232/0001-57;2022-01-01;1;BANRISUL ARMAZENS GERAIS SA;015822;FCA;112154;2022-03-02;http://www.rad.cvm.gov.br/ENETCONSULTA/frmDownloadDocumento.aspx?CodigoInstituicao=1&NumeroSequencialDocumento=112154
92.721.232/0001-57;2022-01-01;2;BANRISUL ARMAZENS GERAIS SA;015822;FCA;114525;2022-05-09;http://www.rad.cvm.gov.br/ENETCONSULTA/frmDownloadDocumento.aspx?CodigoInstituicao=1&NumeroSequencialDocumento=114525
92.749.225/0001-63;2022-01-01;1;HERCULES S.A. FABRICA DE TALHERES;006629;FCA;111652;2022-02-09;http://www.rad.cvm.gov.br/ENETCONSULTA/frmDownloadDocumento.aspx?CodigoInstituicao=1&NumeroSequencialDocumento=111652
92.749.225/0001-63;2022-01-01;2;HERCULES S.A. FABRICA DE TALHERES;006629;FCA;112834;2022-03-23;http://www.rad.cvm.gov.br/ENETCONSULTA/frmDownloadDocumento.aspx?CodigoInstituicao=1&NumeroSequencialDocumento=112834
92.749.225/0001-63;2022-01-01;3;HERCULES S.A. FABRICA DE TALHERES;006629;FCA;114006;2022-04-28;http://www.rad.cvm.gov.br/ENETCONSULTA/frmDownloadDocumento.aspx?CodigoInstituicao=1&NumeroSequencialDocumento=114006
92.754.738/0001-62;2022-01-01;1;LOJAS RENNER S.A.;008133;FCA;111361;2022-01-25;http://www.rad.cvm.gov.br/ENETCONSULTA/frmDownloadDocumento.aspx?CodigoInstituicao=1&NumeroSequencialDocumento=111361
92.754.738/0001-62;2022-01-01;2;LOJAS RENNER S.A.;008133;FCA;112625;2022-03-17;http://www.rad.cvm.gov.br/ENETCONSULTA/frmDownloadDocumento.aspx?CodigoInstituicao=1&NumeroSequencialDocumento=112625
92.781.335/0001-02;2022-01-01;1;TAURUS ARMAS S.A.;006173;FCA;111542;2022-02-04;http://www.rad.cvm.gov.br/ENETCONSULTA/frmDownloadDocumento.aspx?CodigoInstituicao=1&NumeroSequencialDocumento=111542
92.791.243/0001-03;2022-01-01;1;IRANI PAPEL E EMBALAGEM S.A.;002429;FCA;112051;2022-02-24;http://www.rad.cvm.gov.br/ENETCONSULTA/frmDownloadDocumento.aspx?CodigoInstituicao=1&NumeroSequencialDocumento=112051
92.791.243/0001-03;2022-01-01;2;IRANI PAPEL E EMBALAGEM S.A.;002429;FCA;121679;2022-11-10;http://www.rad.cvm.gov.br/ENETCONSULTA/frmDownloadDocumento.aspx?CodigoInstituicao=1&NumeroSequencialDocumento=121679
92.791.243/0001-03;2022-01-01;3;IRANI PAPEL E EMBALAGEM S.A.;002429;FCA;122668;2022-12-20;http://www.rad.cvm.gov.br/ENETCONSULTA/frmDownloadDocumento.aspx?CodigoInstituicao=1&NumeroSequencialDocumento=122668
92.802.784/0001-90;2022-01-01;1;CIA RIOGRANDENSE DE SANEAMENTO;016748;FCA;116278;2022-05-31;http://www.rad.cvm.gov.br/ENETCONSULTA/frmDownloadDocumento.aspx?CodigoInstituicao=1&NumeroSequencialDocumento=116278
92.934.215/0001-06;2022-01-01;1;BANRISUL SOLUÇÕES EM PAGAMENTOS S.A. - INSTITUIÇÃO DE PAGAME;024554;FCA;115822;2022-05-27;http://www.rad.cvm.gov.br/ENETCONSULTA/frmDownloadDocumento.aspx?CodigoInstituicao=1&NumeroSequencialDocumento=115822
92.934.215/0001-06;2022-01-01;2;BANRISUL SOLUÇÕES EM PAGAMENTOS S.A. - INSTITUIÇÃO DE PAGAME;024554;FCA;119110;2022-08-01;http://www.rad.cvm.gov.br/ENETCONSULTA/frmDownloadDocumento.aspx?CodigoInstituicao=1&NumeroSequencialDocumento=119110
93.828.986/0001-73;2022-01-01;1;CEMEPE INVESTIMENTOS S.A.;013854;FCA;115506;2022-05-18;http://www.rad.cvm.gov.br/ENETCONSULTA/frmDownloadDocumento.aspx?CodigoInstituicao=1&NumeroSequencialDocumento=115506
94.813.102/0001-70;2022-01-01;1;TRÊS TENTOS AGROINDUSTRIAL S/A;025950;FCA;112773;2022-03-21;http://www.rad.cvm.gov.br/ENETCONSULTA/frmDownloadDocumento.aspx?CodigoInstituicao=1&NumeroSequencialDocumento=112773
94.813.102/0001-70;2022-01-01;2;TRÊS TENTOS AGROINDUSTRIAL S/A;025950;FCA;116329;2022-05-31;http://www.rad.cvm.gov.br/ENETCONSULTA/frmDownloadDocumento.aspx?CodigoInstituicao=1&NumeroSequencialDocumento=116329
94.813.102/0001-70;2022-01-01;3;TRÊS TENTOS AGROINDUSTRIAL S/A;025950;FCA;122670;2022-12-21;http://www.rad.cvm.gov.br/ENETCONSULTA/frmDownloadDocumento.aspx?CodigoInstituicao=1&NumeroSequencialDocumento=122670
95.426.862/0001-97;2022-01-01;1;EXCELSIOR ALIMENTOS S.A.;001570;FCA;112167;2022-03-02;http://www.rad.cvm.gov.br/ENETCONSULTA/frmDownloadDocumento.aspx?CodigoInstituicao=1&NumeroSequencialDocumento=112167
95.426.862/0001-97;2022-01-01;2;EXCELSIOR ALIMENTOS S.A.;001570;FCA;115524;2022-05-18;http://www.rad.cvm.gov.br/ENETCONSULTA/frmDownloadDocumento.aspx?CodigoInstituicao=1&NumeroSequencialDocumento=115524
96.298.013/0001-68;2022-01-01;1;PACAEMBU CONSTRUTORA S.A.;025143;FCA;113154;2022-03-29;http://www.rad.cvm.gov.br/ENETCONSULTA/frmDownloadDocumento.aspx?CodigoInstituicao=1&NumeroSequencialDocumento=113154
96.298.013/0001-68;2022-01-01;2;PACAEMBU CONSTRUTORA S.A.;025143;FCA;115783;2022-05-26;http://www.rad.cvm.gov.br/ENETCONSULTA/frmDownloadDocumento.aspx?CodigoInstituicao=1&NumeroSequencialDocumento=115783
96.418.264/0218-02;2022-01-01;1;LOJAS QUERO QUERO S.A.;025038;FCA;112742;2022-03-21;http://www.rad.cvm.gov.br/ENETCONSULTA/frmDownloadDocumento.aspx?CodigoInstituicao=1&NumeroSequencialDocumento=112742
97.191.902/0001-94;2022-01-01;1;CONSERVAS ODERICH S.A.;004693;FCA;115908;2022-05-30;http://www.rad.cvm.gov.br/ENETCONSULTA/frmDownloadDocumento.aspx?CodigoInstituicao=1&NumeroSequencialDocumento=115908
97.837.181/0001-47;2022-01-01;1;DEXCO S.A.;021091;FCA;116008;2022-05-30;http://www.rad.cvm.gov.br/ENETCONSULTA/frmDownloadDocumento.aspx?CodigoInstituicao=1&NumeroSequencialDocumento=116008
97.837.181/0001-47;2022-01-01;2;DEXCO S.A.;021091;FCA;118216;2022-07-01;http://www.rad.cvm.gov.br/ENETCONSULTA/frmDownloadDocumento.aspx?CodigoInstituicao=1&NumeroSequencialDocumento=118216
