CNPJ_CIA;DT_REFER;VERSAO;DENOM_CIA;CD_CVM;CATEG_DOC;ID_DOC;DT_RECEB;LINK_DOC
00.000.000/0001-91;2018-01-01;1;BCO BRASIL S.A.;001023;FCA;70823;2018-01-04;http://www.rad.cvm.gov.br/ENETCONSULTA/frmDownloadDocumento.aspx?CodigoInstituicao=1&NumeroSequencialDocumento=70823
00.000.000/0001-91;2018-01-01;2;BCO BRASIL S.A.;001023;FCA;70915;2018-01-09;http://www.rad.cvm.gov.br/ENETCONSULTA/frmDownloadDocumento.aspx?CodigoInstituicao=1&NumeroSequencialDocumento=70915
00.000.208/0001-00;2018-01-01;1;BRB BANCO DE BRASILIA S.A.;014206;FCA;71351;2018-02-06;http://www.rad.cvm.gov.br/ENETCONSULTA/frmDownloadDocumento.aspx?CodigoInstituicao=1&NumeroSequencialDocumento=71351
00.001.180/0001-26;2018-01-01;1;CENTRAIS ELET BRAS S.A. - ELETROBRAS;002437;FCA;70936;2018-01-09;http://www.rad.cvm.gov.br/ENETCONSULTA/frmDownloadDocumento.aspx?CodigoInstituicao=1&NumeroSequencialDocumento=70936
00.001.180/0001-26;2018-01-01;2;CENTRAIS ELET BRAS S.A. - ELETROBRAS;002437;FCA;71040;2018-01-15;http://www.rad.cvm.gov.br/ENETCONSULTA/frmDownloadDocumento.aspx?CodigoInstituicao=1&NumeroSequencialDocumento=71040
00.070.698/0001-11;2018-01-01;1;COMPANHIA ENERGÉTICA DE BRASÍLIA - CEB;014451;FCA;71220;2018-01-27;http://www.rad.cvm.gov.br/ENETCONSULTA/frmDownloadDocumento.aspx?CodigoInstituicao=1&NumeroSequencialDocumento=71220
00.070.698/0001-11;2018-01-01;2;COMPANHIA ENERGÉTICA DE BRASÍLIA - CEB;014451;FCA;72125;2018-03-09;http://www.rad.cvm.gov.br/ENETCONSULTA/frmDownloadDocumento.aspx?CodigoInstituicao=1&NumeroSequencialDocumento=72125
00.070.698/0001-11;2018-01-01;3;COMPANHIA ENERGÉTICA DE BRASÍLIA - CEB;014451;FCA;77981;2018-10-01;http://www.rad.cvm.gov.br/ENETCONSULTA/frmDownloadDocumento.aspx?CodigoInstituicao=1&NumeroSequencialDocumento=77981
00.115.890/0001-87;2018-01-01;1;SHOPPING CENTER TACARUNA SA;015733;FCA;72911;2018-03-29;http://www.rad.cvm.gov.br/ENETCONSULTA/frmDownloadDocumento.aspx?CodigoInstituicao=1&NumeroSequencialDocumento=72911
00.185.475/0001-08;2018-01-01;1;PARCOM PARTICIPACOES S.A. - EM LIQUIDAÇÃO;014680;FCA;81751;2019-03-29;http://www.rad.cvm.gov.br/ENETCONSULTA/frmDownloadDocumento.aspx?CodigoInstituicao=1&NumeroSequencialDocumento=81751
00.192.769/0001-59;2018-01-01;1;NEUMARKT TRADE AND FINANCIAL CENTER S/A;014613;FCA;72729;2018-03-27;http://www.rad.cvm.gov.br/ENETCONSULTA/frmDownloadDocumento.aspx?CodigoInstituicao=1&NumeroSequencialDocumento=72729
00.249.786/0001-85;2018-01-01;1;FORPART S.A. - EM LIQUIDAÇÃO;014796;FCA;81754;2019-03-29;http://www.rad.cvm.gov.br/ENETCONSULTA/frmDownloadDocumento.aspx?CodigoInstituicao=1&NumeroSequencialDocumento=81754
00.272.185/0001-93;2018-01-01;1;CIMS S.A.;014818;FCA;74257;2018-05-10;http://www.rad.cvm.gov.br/ENETCONSULTA/frmDownloadDocumento.aspx?CodigoInstituicao=1&NumeroSequencialDocumento=74257
00.336.701/0001-04;2018-01-01;1;TELEC BRASILEIRAS S.A. TELEBRAS;011258;FCA;71131;2018-01-22;http://www.rad.cvm.gov.br/ENETCONSULTA/frmDownloadDocumento.aspx?CodigoInstituicao=1&NumeroSequencialDocumento=71131
00.336.701/0001-04;2018-01-01;2;TELEC BRASILEIRAS S.A. TELEBRAS;011258;FCA;71139;2018-01-22;http://www.rad.cvm.gov.br/ENETCONSULTA/frmDownloadDocumento.aspx?CodigoInstituicao=1&NumeroSequencialDocumento=71139
00.336.701/0001-04;2018-01-01;3;TELEC BRASILEIRAS S.A. TELEBRAS;011258;FCA;73460;2018-04-24;http://www.rad.cvm.gov.br/ENETCONSULTA/frmDownloadDocumento.aspx?CodigoInstituicao=1&NumeroSequencialDocumento=73460
00.336.701/0001-04;2018-01-01;4;TELEC BRASILEIRAS S.A. TELEBRAS;011258;FCA;79956;2019-01-02;http://www.rad.cvm.gov.br/ENETCONSULTA/frmDownloadDocumento.aspx?CodigoInstituicao=1&NumeroSequencialDocumento=79956
00.354.053/0001-00;2018-01-01;1;KOSMOS COMÉRCIO DE VESTUÁRIO S/A - EM RECUPERAÇÃO JUDICIAL;015083;FCA;72649;2018-03-26;http://www.rad.cvm.gov.br/ENETCONSULTA/frmDownloadDocumento.aspx?CodigoInstituicao=1&NumeroSequencialDocumento=72649
00.354.053/0001-00;2018-01-01;2;KOSMOS COMÉRCIO DE VESTUÁRIO S/A - EM RECUPERAÇÃO JUDICIAL;015083;FCA;74022;2018-05-09;http://www.rad.cvm.gov.br/ENETCONSULTA/frmDownloadDocumento.aspx?CodigoInstituicao=1&NumeroSequencialDocumento=74022
00.354.053/0001-00;2018-01-01;3;KOSMOS COMÉRCIO DE VESTUÁRIO S/A - EM RECUPERAÇÃO JUDICIAL;015083;FCA;74590;2018-05-15;http://www.rad.cvm.gov.br/ENETCONSULTA/frmDownloadDocumento.aspx?CodigoInstituicao=1&NumeroSequencialDocumento=74590
00.359.742/0001-08;2018-01-01;1;ATOM EMPREENDIMENTOS E PARTICIPAÇÕES S.A.;015423;FCA;71212;2018-01-26;http://www.rad.cvm.gov.br/ENETCONSULTA/frmDownloadDocumento.aspx?CodigoInstituicao=1&NumeroSequencialDocumento=71212
00.359.742/0001-08;2018-01-01;2;ATOM EMPREENDIMENTOS E PARTICIPAÇÕES S.A.;015423;FCA;77710;2018-09-05;http://www.rad.cvm.gov.br/ENETCONSULTA/frmDownloadDocumento.aspx?CodigoInstituicao=1&NumeroSequencialDocumento=77710
00.383.281/0001-09;2018-01-01;1;BNDES PARTICIPACOES S.A. - BNDESPAR;016772;FCA;71674;2018-02-22;http://www.rad.cvm.gov.br/ENETCONSULTA/frmDownloadDocumento.aspx?CodigoInstituicao=1&NumeroSequencialDocumento=71674
00.383.281/0001-09;2018-01-01;2;BNDES PARTICIPACOES S.A. - BNDESPAR;016772;FCA;73145;2018-04-05;http://www.rad.cvm.gov.br/ENETCONSULTA/frmDownloadDocumento.aspx?CodigoInstituicao=1&NumeroSequencialDocumento=73145
00.383.281/0001-09;2018-01-01;3;BNDES PARTICIPACOES S.A. - BNDESPAR;016772;FCA;79532;2018-11-27;http://www.rad.cvm.gov.br/ENETCONSULTA/frmDownloadDocumento.aspx?CodigoInstituicao=1&NumeroSequencialDocumento=79532
00.416.968/0001-01;2018-01-01;1;BANCO INTER S.A.;024406;FCA;73618;2018-04-30;http://www.rad.cvm.gov.br/ENETCONSULTA/frmDownloadDocumento.aspx?CodigoInstituicao=1&NumeroSequencialDocumento=73618
00.416.968/0001-01;2018-01-01;2;BANCO INTER S.A.;024406;FCA;73621;2018-05-01;http://www.rad.cvm.gov.br/ENETCONSULTA/frmDownloadDocumento.aspx?CodigoInstituicao=1&NumeroSequencialDocumento=73621
00.416.968/0001-01;2018-01-01;3;BANCO INTER S.A.;024406;FCA;75730;2018-06-01;http://www.rad.cvm.gov.br/ENETCONSULTA/frmDownloadDocumento.aspx?CodigoInstituicao=1&NumeroSequencialDocumento=75730
00.416.968/0001-01;2018-01-01;4;BANCO INTER S.A.;024406;FCA;81313;2019-03-19;http://www.rad.cvm.gov.br/ENETCONSULTA/frmDownloadDocumento.aspx?CodigoInstituicao=1&NumeroSequencialDocumento=81313
00.416.968/0001-01;2018-01-01;5;BANCO INTER S.A.;024406;FCA;82846;2019-05-07;http://www.rad.cvm.gov.br/ENETCONSULTA/frmDownloadDocumento.aspx?CodigoInstituicao=1&NumeroSequencialDocumento=82846
00.514.998/0001-42;2018-01-01;1;ELETRON S.A.;016209;FCA;72017;2018-03-06;http://www.rad.cvm.gov.br/ENETCONSULTA/frmDownloadDocumento.aspx?CodigoInstituicao=1&NumeroSequencialDocumento=72017
00.545.378/0001-70;2018-01-01;1;SERRA AZUL WATER PARK SA;014966;FCA;72917;2018-03-29;http://www.rad.cvm.gov.br/ENETCONSULTA/frmDownloadDocumento.aspx?CodigoInstituicao=1&NumeroSequencialDocumento=72917
00.545.378/0001-70;2018-01-01;2;SERRA AZUL WATER PARK SA;014966;FCA;74487;2018-05-14;http://www.rad.cvm.gov.br/ENETCONSULTA/frmDownloadDocumento.aspx?CodigoInstituicao=1&NumeroSequencialDocumento=74487
00.592.603/0001-20;2018-01-01;1;MAGNESITA MINERAÇÃO S.A.;024244;FCA;72459;2018-03-20;http://www.rad.cvm.gov.br/ENETCONSULTA/frmDownloadDocumento.aspx?CodigoInstituicao=1&NumeroSequencialDocumento=72459
00.592.603/0001-20;2018-01-01;2;MAGNESITA MINERAÇÃO S.A.;024244;FCA;73352;2018-04-18;http://www.rad.cvm.gov.br/ENETCONSULTA/frmDownloadDocumento.aspx?CodigoInstituicao=1&NumeroSequencialDocumento=73352
00.622.416/0001-41;2018-01-01;1;STATKRAFT ENERGIAS RENOVAVEIS S.A.;022594;FCA;72258;2018-03-14;http://www.rad.cvm.gov.br/ENETCONSULTA/frmDownloadDocumento.aspx?CodigoInstituicao=1&NumeroSequencialDocumento=72258
00.622.416/0001-41;2018-01-01;2;STATKRAFT ENERGIAS RENOVAVEIS S.A.;022594;FCA;73146;2018-04-05;http://www.rad.cvm.gov.br/ENETCONSULTA/frmDownloadDocumento.aspx?CodigoInstituicao=1&NumeroSequencialDocumento=73146
00.644.907/0001-93;2018-01-01;1;INVESTCO S.A.;018589;FCA;71826;2018-02-27;http://www.rad.cvm.gov.br/ENETCONSULTA/frmDownloadDocumento.aspx?CodigoInstituicao=1&NumeroSequencialDocumento=71826
00.644.907/0001-93;2018-01-01;2;INVESTCO S.A.;018589;FCA;75459;2018-05-30;http://www.rad.cvm.gov.br/ENETCONSULTA/frmDownloadDocumento.aspx?CodigoInstituicao=1&NumeroSequencialDocumento=75459
00.743.065/0001-27;2018-01-01;1;LITEL PARTICIPACOES S.A.;015091;FCA;71641;2018-02-21;http://www.rad.cvm.gov.br/ENETCONSULTA/frmDownloadDocumento.aspx?CodigoInstituicao=1&NumeroSequencialDocumento=71641
00.743.065/0001-27;2018-01-01;2;LITEL PARTICIPACOES S.A.;015091;FCA;75509;2018-05-30;http://www.rad.cvm.gov.br/ENETCONSULTA/frmDownloadDocumento.aspx?CodigoInstituicao=1&NumeroSequencialDocumento=75509
00.743.065/0001-27;2018-01-01;3;LITEL PARTICIPACOES S.A.;015091;FCA;76388;2018-07-18;http://www.rad.cvm.gov.br/ENETCONSULTA/frmDownloadDocumento.aspx?CodigoInstituicao=1&NumeroSequencialDocumento=76388
00.776.574/0001-56;2018-01-01;1;AMERICANAS S.A. - EM RECUPERAÇÃO JUDICIAL;020990;FCA;70831;2018-01-04;http://www.rad.cvm.gov.br/ENETCONSULTA/frmDownloadDocumento.aspx?CodigoInstituicao=1&NumeroSequencialDocumento=70831
00.861.626/0001-92;2018-01-01;1;CONC RODOVIA PRES. DUTRA S.A.;019577;FCA;71297;2018-02-01;http://www.rad.cvm.gov.br/ENETCONSULTA/frmDownloadDocumento.aspx?CodigoInstituicao=1&NumeroSequencialDocumento=71297
00.861.626/0001-92;2018-01-01;2;CONC RODOVIA PRES. DUTRA S.A.;019577;FCA;73313;2018-04-16;http://www.rad.cvm.gov.br/ENETCONSULTA/frmDownloadDocumento.aspx?CodigoInstituicao=1&NumeroSequencialDocumento=73313
00.861.626/0001-92;2018-01-01;3;CONC RODOVIA PRES. DUTRA S.A.;019577;FCA;75497;2018-05-30;http://www.rad.cvm.gov.br/ENETCONSULTA/frmDownloadDocumento.aspx?CodigoInstituicao=1&NumeroSequencialDocumento=75497
00.864.214/0001-06;2018-01-01;1;ENERGISA S.A.;015253;FCA;70783;2018-01-03;http://www.rad.cvm.gov.br/ENETCONSULTA/frmDownloadDocumento.aspx?CodigoInstituicao=1&NumeroSequencialDocumento=70783
00.864.214/0001-06;2018-01-01;2;ENERGISA S.A.;015253;FCA;70875;2018-01-08;http://www.rad.cvm.gov.br/ENETCONSULTA/frmDownloadDocumento.aspx?CodigoInstituicao=1&NumeroSequencialDocumento=70875
00.864.214/0001-06;2018-01-01;3;ENERGISA S.A.;015253;FCA;74404;2018-05-14;http://www.rad.cvm.gov.br/ENETCONSULTA/frmDownloadDocumento.aspx?CodigoInstituicao=1&NumeroSequencialDocumento=74404
00.866.577/0001-80;2018-01-01;1;SAUIPE SA;015261;FCA;70761;2018-01-02;http://www.rad.cvm.gov.br/ENETCONSULTA/frmDownloadDocumento.aspx?CodigoInstituicao=1&NumeroSequencialDocumento=70761
00.897.864/0001-58;2018-01-01;1;SANTA CATARINA PART INVEST SA;015199;FCA;74213;2018-05-10;http://www.rad.cvm.gov.br/ENETCONSULTA/frmDownloadDocumento.aspx?CodigoInstituicao=1&NumeroSequencialDocumento=74213
00.897.864/0001-58;2018-01-01;2;SANTA CATARINA PART INVEST SA;015199;FCA;75137;2018-05-28;http://www.rad.cvm.gov.br/ENETCONSULTA/frmDownloadDocumento.aspx?CodigoInstituicao=1&NumeroSequencialDocumento=75137
00.897.864/0001-58;2018-01-01;3;SANTA CATARINA PART INVEST SA;015199;FCA;99796;2021-01-29;http://www.rad.cvm.gov.br/ENETCONSULTA/frmDownloadDocumento.aspx?CodigoInstituicao=1&NumeroSequencialDocumento=99796
00.924.429/0001-75;2018-01-01;1;FERROVIA CENTRO-ATLANTICA S.A.;015369;FCA;74942;2018-05-21;http://www.rad.cvm.gov.br/ENETCONSULTA/frmDownloadDocumento.aspx?CodigoInstituicao=1&NumeroSequencialDocumento=74942
00.938.574/0001-05;2018-01-01;1;CONC RIO-TERESOPOLIS S.A.;019208;FCA;71123;2018-01-22;http://www.rad.cvm.gov.br/ENETCONSULTA/frmDownloadDocumento.aspx?CodigoInstituicao=1&NumeroSequencialDocumento=71123
00.938.574/0001-05;2018-01-01;2;CONC RIO-TERESOPOLIS S.A.;019208;FCA;73781;2018-05-04;http://www.rad.cvm.gov.br/ENETCONSULTA/frmDownloadDocumento.aspx?CodigoInstituicao=1&NumeroSequencialDocumento=73781
00.938.574/0001-05;2018-01-01;3;CONC RIO-TERESOPOLIS S.A.;019208;FCA;81289;2019-03-19;http://www.rad.cvm.gov.br/ENETCONSULTA/frmDownloadDocumento.aspx?CodigoInstituicao=1&NumeroSequencialDocumento=81289
00.979.969/0001-56;2018-01-01;1;CAIXA ADM DIV PUB ESTADUAL SA;015717;FCA;73288;2018-04-13;http://www.rad.cvm.gov.br/ENETCONSULTA/frmDownloadDocumento.aspx?CodigoInstituicao=1&NumeroSequencialDocumento=73288
01.027.058/0001-91;2018-01-01;1;CIELO S.A. -  INSTITUIÇÃO DE PAGAMENTO;021733;FCA;71056;2018-01-16;http://www.rad.cvm.gov.br/ENETCONSULTA/frmDownloadDocumento.aspx?CodigoInstituicao=1&NumeroSequencialDocumento=71056
01.027.058/0001-91;2018-01-01;2;CIELO S.A. -  INSTITUIÇÃO DE PAGAMENTO;021733;FCA;71254;2018-01-30;http://www.rad.cvm.gov.br/ENETCONSULTA/frmDownloadDocumento.aspx?CodigoInstituicao=1&NumeroSequencialDocumento=71254
01.083.200/0001-18;2018-01-01;1;NEOENERGIA S.A.;015539;FCA;70787;2018-01-03;http://www.rad.cvm.gov.br/ENETCONSULTA/frmDownloadDocumento.aspx?CodigoInstituicao=1&NumeroSequencialDocumento=70787
01.083.200/0001-18;2018-01-01;2;NEOENERGIA S.A.;015539;FCA;71226;2018-01-29;http://www.rad.cvm.gov.br/ENETCONSULTA/frmDownloadDocumento.aspx?CodigoInstituicao=1&NumeroSequencialDocumento=71226
01.083.200/0001-18;2018-01-01;3;NEOENERGIA S.A.;015539;FCA;76568;2018-07-30;http://www.rad.cvm.gov.br/ENETCONSULTA/frmDownloadDocumento.aspx?CodigoInstituicao=1&NumeroSequencialDocumento=76568
01.104.937/0001-70;2018-01-01;1;ELETROBRÁS PARTICIPAÇÕES S.A. - ELETROPAR;015784;FCA;72690;2018-03-26;http://www.rad.cvm.gov.br/ENETCONSULTA/frmDownloadDocumento.aspx?CodigoInstituicao=1&NumeroSequencialDocumento=72690
01.107.327/0001-20;2018-01-01;1;BBM LOGÍSTICA S.A.;024660;FCA;78983;2019-01-18;http://www.rad.cvm.gov.br/ENETCONSULTA/frmDownloadDocumento.aspx?CodigoInstituicao=1&NumeroSequencialDocumento=78983
01.107.327/0001-20;2018-01-01;2;BBM LOGÍSTICA S.A.;024660;FCA;81038;2019-03-01;http://www.rad.cvm.gov.br/ENETCONSULTA/frmDownloadDocumento.aspx?CodigoInstituicao=1&NumeroSequencialDocumento=81038
01.107.327/0001-20;2018-01-01;3;BBM LOGÍSTICA S.A.;024660;FCA;81157;2019-03-13;http://www.rad.cvm.gov.br/ENETCONSULTA/frmDownloadDocumento.aspx?CodigoInstituicao=1&NumeroSequencialDocumento=81157
01.258.943/0001-81;2018-01-01;1;ITAITINGA PARTICIPACOES S.A.;015865;FCA;72550;2018-03-22;http://www.rad.cvm.gov.br/ENETCONSULTA/frmDownloadDocumento.aspx?CodigoInstituicao=1&NumeroSequencialDocumento=72550
01.258.944/0001-26;2018-01-01;1;RUMO MALHA SUL S.A.;015709;FCA;71255;2018-01-30;http://www.rad.cvm.gov.br/ENETCONSULTA/frmDownloadDocumento.aspx?CodigoInstituicao=1&NumeroSequencialDocumento=71255
01.258.944/0001-26;2018-01-01;2;RUMO MALHA SUL S.A.;015709;FCA;74373;2018-05-11;http://www.rad.cvm.gov.br/ENETCONSULTA/frmDownloadDocumento.aspx?CodigoInstituicao=1&NumeroSequencialDocumento=74373
01.258.945/0001-70;2018-01-01;1;GRUCAI PARTICIPACOES S.A.;015695;FCA;72547;2018-03-22;http://www.rad.cvm.gov.br/ENETCONSULTA/frmDownloadDocumento.aspx?CodigoInstituicao=1&NumeroSequencialDocumento=72547
01.287.588/0001-79;2018-01-01;1;DASS NORDESTE CALÇADOS E ARTIGOS ESPORTIVOS S.A;024414;FCA;73560;2018-04-27;http://www.rad.cvm.gov.br/ENETCONSULTA/frmDownloadDocumento.aspx?CodigoInstituicao=1&NumeroSequencialDocumento=73560
01.319.044/0001-41;2018-01-01;1;WTC AMAZONAS SUITE HOTEL S.A.;015741;FCA;72658;2018-03-26;http://www.rad.cvm.gov.br/ENETCONSULTA/frmDownloadDocumento.aspx?CodigoInstituicao=1&NumeroSequencialDocumento=72658
01.319.044/0001-41;2018-01-01;2;WTC AMAZONAS SUITE HOTEL S.A.;015741;FCA;74221;2018-05-10;http://www.rad.cvm.gov.br/ENETCONSULTA/frmDownloadDocumento.aspx?CodigoInstituicao=1&NumeroSequencialDocumento=74221
01.417.222/0001-77;2018-01-01;1;MRS LOGISTICA S.A.;017949;FCA;70748;2018-01-02;http://www.rad.cvm.gov.br/ENETCONSULTA/frmDownloadDocumento.aspx?CodigoInstituicao=1&NumeroSequencialDocumento=70748
01.417.222/0001-77;2018-01-01;2;MRS LOGISTICA S.A.;017949;FCA;71120;2018-01-22;http://www.rad.cvm.gov.br/ENETCONSULTA/frmDownloadDocumento.aspx?CodigoInstituicao=1&NumeroSequencialDocumento=71120
01.417.222/0001-77;2018-01-01;3;MRS LOGISTICA S.A.;017949;FCA;77866;2018-09-20;http://www.rad.cvm.gov.br/ENETCONSULTA/frmDownloadDocumento.aspx?CodigoInstituicao=1&NumeroSequencialDocumento=77866
01.545.826/0001-07;2018-01-01;1;GAFISA S.A.;016101;FCA;70881;2018-01-08;http://www.rad.cvm.gov.br/ENETCONSULTA/frmDownloadDocumento.aspx?CodigoInstituicao=1&NumeroSequencialDocumento=70881
01.545.826/0001-07;2018-01-01;2;GAFISA S.A.;016101;FCA;74117;2018-05-09;http://www.rad.cvm.gov.br/ENETCONSULTA/frmDownloadDocumento.aspx?CodigoInstituicao=1&NumeroSequencialDocumento=74117
01.545.826/0001-07;2018-01-01;3;GAFISA S.A.;016101;FCA;76878;2018-08-09;http://www.rad.cvm.gov.br/ENETCONSULTA/frmDownloadDocumento.aspx?CodigoInstituicao=1&NumeroSequencialDocumento=76878
01.545.826/0001-07;2018-01-01;4;GAFISA S.A.;016101;FCA;77999;2018-10-02;http://www.rad.cvm.gov.br/ENETCONSULTA/frmDownloadDocumento.aspx?CodigoInstituicao=1&NumeroSequencialDocumento=77999
01.545.826/0001-07;2018-01-01;5;GAFISA S.A.;016101;FCA;79712;2018-12-13;http://www.rad.cvm.gov.br/ENETCONSULTA/frmDownloadDocumento.aspx?CodigoInstituicao=1&NumeroSequencialDocumento=79712
01.547.749/0001-16;2018-01-01;1;521 PARTICIPACOES S.A. - EM LIQUIDAÇÃO EXTRAJUDICIAL;016330;FCA;72419;2018-03-19;http://www.rad.cvm.gov.br/ENETCONSULTA/frmDownloadDocumento.aspx?CodigoInstituicao=1&NumeroSequencialDocumento=72419
01.547.749/0001-16;2018-01-01;2;521 PARTICIPACOES S.A. - EM LIQUIDAÇÃO EXTRAJUDICIAL;016330;FCA;73673;2018-05-02;http://www.rad.cvm.gov.br/ENETCONSULTA/frmDownloadDocumento.aspx?CodigoInstituicao=1&NumeroSequencialDocumento=73673
01.548.981/0001-79;2018-01-01;1;INVESTIMENTOS BEMGE S.A.;006041;FCA;71009;2018-01-12;http://www.rad.cvm.gov.br/ENETCONSULTA/frmDownloadDocumento.aspx?CodigoInstituicao=1&NumeroSequencialDocumento=71009
01.548.981/0001-79;2018-01-01;2;INVESTIMENTOS BEMGE S.A.;006041;FCA;71788;2018-02-26;http://www.rad.cvm.gov.br/ENETCONSULTA/frmDownloadDocumento.aspx?CodigoInstituicao=1&NumeroSequencialDocumento=71788
01.548.981/0001-79;2018-01-01;3;INVESTIMENTOS BEMGE S.A.;006041;FCA;71821;2018-02-27;http://www.rad.cvm.gov.br/ENETCONSULTA/frmDownloadDocumento.aspx?CodigoInstituicao=1&NumeroSequencialDocumento=71821
01.548.981/0001-79;2018-01-01;4;INVESTIMENTOS BEMGE S.A.;006041;FCA;72066;2018-03-07;http://www.rad.cvm.gov.br/ENETCONSULTA/frmDownloadDocumento.aspx?CodigoInstituicao=1&NumeroSequencialDocumento=72066
01.616.929/0001-02;2018-01-01;1;SANEAMENTO DE GOIAS SA;019186;FCA;71109;2018-01-19;http://www.rad.cvm.gov.br/ENETCONSULTA/frmDownloadDocumento.aspx?CodigoInstituicao=1&NumeroSequencialDocumento=71109
01.838.723/0001-27;2018-01-01;1;BRF S.A.;016292;FCA;70829;2018-01-04;http://www.rad.cvm.gov.br/ENETCONSULTA/frmDownloadDocumento.aspx?CodigoInstituicao=1&NumeroSequencialDocumento=70829
01.838.723/0001-27;2018-01-01;2;BRF S.A.;016292;FCA;77750;2018-09-11;http://www.rad.cvm.gov.br/ENETCONSULTA/frmDownloadDocumento.aspx?CodigoInstituicao=1&NumeroSequencialDocumento=77750
01.851.771/0001-55;2018-01-01;1;524 PARTICIPACOES S.A.;016284;FCA;72006;2018-03-06;http://www.rad.cvm.gov.br/ENETCONSULTA/frmDownloadDocumento.aspx?CodigoInstituicao=1&NumeroSequencialDocumento=72006
01.858.774/0001-10;2018-01-01;1;BV LEASING - ARRENDAMENTO MERCANTIL S.A.;020133;FCA;72109;2018-03-08;http://www.rad.cvm.gov.br/ENETCONSULTA/frmDownloadDocumento.aspx?CodigoInstituicao=1&NumeroSequencialDocumento=72109
01.858.774/0001-10;2018-01-01;2;BV LEASING - ARRENDAMENTO MERCANTIL S.A.;020133;FCA;73962;2018-05-08;http://www.rad.cvm.gov.br/ENETCONSULTA/frmDownloadDocumento.aspx?CodigoInstituicao=1&NumeroSequencialDocumento=73962
01.896.779/0001-38;2018-01-01;1;CSU DIGITAL S.A.;020044;FCA;71327;2018-02-05;http://www.rad.cvm.gov.br/ENETCONSULTA/frmDownloadDocumento.aspx?CodigoInstituicao=1&NumeroSequencialDocumento=71327
01.917.705/0001-30;2018-01-01;1;AES ELPA S.A.;019313;FCA;71272;2018-01-31;http://www.rad.cvm.gov.br/ENETCONSULTA/frmDownloadDocumento.aspx?CodigoInstituicao=1&NumeroSequencialDocumento=71272
01.917.705/0001-30;2018-01-01;2;AES ELPA S.A.;019313;FCA;77601;2018-08-27;http://www.rad.cvm.gov.br/ENETCONSULTA/frmDownloadDocumento.aspx?CodigoInstituicao=1&NumeroSequencialDocumento=77601
01.917.705/0001-30;2018-01-01;3;AES ELPA S.A.;019313;FCA;77654;2018-08-30;http://www.rad.cvm.gov.br/ENETCONSULTA/frmDownloadDocumento.aspx?CodigoInstituicao=1&NumeroSequencialDocumento=77654
01.917.818/0001-36;2018-01-01;1;LIGHT ENERGIA S.A.;023000;FCA;71174;2018-01-23;http://www.rad.cvm.gov.br/ENETCONSULTA/frmDownloadDocumento.aspx?CodigoInstituicao=1&NumeroSequencialDocumento=71174
01.917.818/0001-36;2018-01-01;2;LIGHT ENERGIA S.A.;023000;FCA;75591;2018-05-30;http://www.rad.cvm.gov.br/ENETCONSULTA/frmDownloadDocumento.aspx?CodigoInstituicao=1&NumeroSequencialDocumento=75591
01.938.783/0001-11;2018-01-01;1;CIA PARTICIPACOES ALIANCA DA BAHIA;018708;FCA;72388;2018-03-19;http://www.rad.cvm.gov.br/ENETCONSULTA/frmDownloadDocumento.aspx?CodigoInstituicao=1&NumeroSequencialDocumento=72388
01.938.783/0001-11;2018-01-01;2;CIA PARTICIPACOES ALIANCA DA BAHIA;018708;FCA;82107;2019-04-09;http://www.rad.cvm.gov.br/ENETCONSULTA/frmDownloadDocumento.aspx?CodigoInstituicao=1&NumeroSequencialDocumento=82107
01.957.772/0001-89;2018-01-01;1;SUL 116 PARTICIPACOES S.A.;016438;FCA;70961;2018-01-10;http://www.rad.cvm.gov.br/ENETCONSULTA/frmDownloadDocumento.aspx?CodigoInstituicao=1&NumeroSequencialDocumento=70961
01.971.614/0001-83;2018-01-01;1;EMPRESA NAC COM REDITO PART S.A.ENCORPAR;016497;FCA;71039;2018-01-15;http://www.rad.cvm.gov.br/ENETCONSULTA/frmDownloadDocumento.aspx?CodigoInstituicao=1&NumeroSequencialDocumento=71039
01.989.044/0001-59;2018-01-01;1;WTC RIO EMPREEND. E PARTICIPAÇÕES S.A.;016551;FCA;72659;2018-03-26;http://www.rad.cvm.gov.br/ENETCONSULTA/frmDownloadDocumento.aspx?CodigoInstituicao=1&NumeroSequencialDocumento=72659
01.989.044/0001-59;2018-01-01;2;WTC RIO EMPREEND. E PARTICIPAÇÕES S.A.;016551;FCA;74224;2018-05-10;http://www.rad.cvm.gov.br/ENETCONSULTA/frmDownloadDocumento.aspx?CodigoInstituicao=1&NumeroSequencialDocumento=74224
02.016.439/0001-38;2018-01-01;1;RIO GRANDE ENERGIA SA;016535;FCA;70855;2018-01-05;http://www.rad.cvm.gov.br/ENETCONSULTA/frmDownloadDocumento.aspx?CodigoInstituicao=1&NumeroSequencialDocumento=70855
02.016.439/0001-38;2018-01-01;2;RIO GRANDE ENERGIA SA;016535;FCA;71382;2018-02-07;http://www.rad.cvm.gov.br/ENETCONSULTA/frmDownloadDocumento.aspx?CodigoInstituicao=1&NumeroSequencialDocumento=71382
02.016.440/0001-62;2018-01-01;1;RGE SUL DISTRIBUIDORA DE ENERGIA S.A.;016527;FCA;70741;2018-01-02;http://www.rad.cvm.gov.br/ENETCONSULTA/frmDownloadDocumento.aspx?CodigoInstituicao=1&NumeroSequencialDocumento=70741
02.016.440/0001-62;2018-01-01;2;RGE SUL DISTRIBUIDORA DE ENERGIA S.A.;016527;FCA;74557;2018-05-15;http://www.rad.cvm.gov.br/ENETCONSULTA/frmDownloadDocumento.aspx?CodigoInstituicao=1&NumeroSequencialDocumento=74557
02.062.747/0001-08;2018-01-01;1;SUDESTE S.A.;016586;FCA;72012;2018-03-06;http://www.rad.cvm.gov.br/ENETCONSULTA/frmDownloadDocumento.aspx?CodigoInstituicao=1&NumeroSequencialDocumento=72012
02.062.747/0001-08;2018-01-01;2;SUDESTE S.A.;016586;FCA;74006;2018-05-09;http://www.rad.cvm.gov.br/ENETCONSULTA/frmDownloadDocumento.aspx?CodigoInstituicao=1&NumeroSequencialDocumento=74006
02.084.220/0001-76;2018-01-01;1;NUMERAL 80 PARTICIPAÇÕES S.A.;016446;FCA;71969;2018-03-05;http://www.rad.cvm.gov.br/ENETCONSULTA/frmDownloadDocumento.aspx?CodigoInstituicao=1&NumeroSequencialDocumento=71969
02.105.040/0001-23;2018-01-01;1;VIRGO II COMPANHIA DE SECURITIZACAO;018287;FCA;71043;2018-01-16;http://www.rad.cvm.gov.br/ENETCONSULTA/frmDownloadDocumento.aspx?CodigoInstituicao=1&NumeroSequencialDocumento=71043
02.105.040/0001-23;2018-01-01;2;VIRGO II COMPANHIA DE SECURITIZACAO;018287;FCA;73813;2018-05-07;http://www.rad.cvm.gov.br/ENETCONSULTA/frmDownloadDocumento.aspx?CodigoInstituicao=1&NumeroSequencialDocumento=73813
02.117.801/0001-67;2018-01-01;1;BONAIRE PARTICIPACOES S.A. - EM LIQUIDAÇÃO;016560;FCA;72504;2018-03-22;http://www.rad.cvm.gov.br/ENETCONSULTA/frmDownloadDocumento.aspx?CodigoInstituicao=1&NumeroSequencialDocumento=72504
02.117.801/0001-67;2018-01-01;2;BONAIRE PARTICIPACOES S.A. - EM LIQUIDAÇÃO;016560;FCA;73097;2018-04-04;http://www.rad.cvm.gov.br/ENETCONSULTA/frmDownloadDocumento.aspx?CodigoInstituicao=1&NumeroSequencialDocumento=73097
02.117.801/0001-67;2018-01-01;3;BONAIRE PARTICIPACOES S.A. - EM LIQUIDAÇÃO;016560;FCA;75528;2018-05-30;http://www.rad.cvm.gov.br/ENETCONSULTA/frmDownloadDocumento.aspx?CodigoInstituicao=1&NumeroSequencialDocumento=75528
02.117.801/0001-67;2018-01-01;4;BONAIRE PARTICIPACOES S.A. - EM LIQUIDAÇÃO;016560;FCA;79983;2019-01-03;http://www.rad.cvm.gov.br/ENETCONSULTA/frmDownloadDocumento.aspx?CodigoInstituicao=1&NumeroSequencialDocumento=79983
02.149.205/0001-69;2018-01-01;1;PORTO SEGURO S.A.;016659;FCA;71322;2018-02-05;http://www.rad.cvm.gov.br/ENETCONSULTA/frmDownloadDocumento.aspx?CodigoInstituicao=1&NumeroSequencialDocumento=71322
02.162.616/0001-94;2018-01-01;1;UPTICK PARTICIPACOES S.A.;016624;FCA;72391;2018-03-19;http://www.rad.cvm.gov.br/ENETCONSULTA/frmDownloadDocumento.aspx?CodigoInstituicao=1&NumeroSequencialDocumento=72391
02.162.616/0001-94;2018-01-01;2;UPTICK PARTICIPACOES S.A.;016624;FCA;75522;2018-05-30;http://www.rad.cvm.gov.br/ENETCONSULTA/frmDownloadDocumento.aspx?CodigoInstituicao=1&NumeroSequencialDocumento=75522
02.193.750/0001-52;2018-01-01;1;DEXXOS PARTICIPAÇÕES S.A.;016632;FCA;71332;2018-02-05;http://www.rad.cvm.gov.br/ENETCONSULTA/frmDownloadDocumento.aspx?CodigoInstituicao=1&NumeroSequencialDocumento=71332
02.193.750/0001-52;2018-01-01;2;DEXXOS PARTICIPAÇÕES S.A.;016632;FCA;76305;2018-07-10;http://www.rad.cvm.gov.br/ENETCONSULTA/frmDownloadDocumento.aspx?CodigoInstituicao=1&NumeroSequencialDocumento=76305
02.201.787/0001-85;2018-01-01;1;CEL PARTICIPAÇÕES S.A. - CELPAR;016675;FCA;72640;2018-03-26;http://www.rad.cvm.gov.br/ENETCONSULTA/frmDownloadDocumento.aspx?CodigoInstituicao=1&NumeroSequencialDocumento=72640
02.217.319/0001-07;2018-01-01;1;YBYRÁ CAPITAL S.A.;016705;FCA;72009;2018-03-06;http://www.rad.cvm.gov.br/ENETCONSULTA/frmDownloadDocumento.aspx?CodigoInstituicao=1&NumeroSequencialDocumento=72009
02.217.319/0001-07;2018-01-01;2;YBYRÁ CAPITAL S.A.;016705;FCA;74009;2018-05-09;http://www.rad.cvm.gov.br/ENETCONSULTA/frmDownloadDocumento.aspx?CodigoInstituicao=1&NumeroSequencialDocumento=74009
02.221.531/0001-30;2018-01-01;1;RDN CONCESSÕES E PARTICIPAÇÕES S.A.;019151;FCA;71679;2018-02-22;http://www.rad.cvm.gov.br/ENETCONSULTA/frmDownloadDocumento.aspx?CodigoInstituicao=1&NumeroSequencialDocumento=71679
02.221.531/0001-30;2018-01-01;2;RDN CONCESSÕES E PARTICIPAÇÕES S.A.;019151;FCA;74285;2018-05-11;http://www.rad.cvm.gov.br/ENETCONSULTA/frmDownloadDocumento.aspx?CodigoInstituicao=1&NumeroSequencialDocumento=74285
02.222.736/0001-30;2018-01-01;1;EMPRESA CONC RODOV DO NORTE S.A.ECONORTE;019011;FCA;71464;2018-02-09;http://www.rad.cvm.gov.br/ENETCONSULTA/frmDownloadDocumento.aspx?CodigoInstituicao=1&NumeroSequencialDocumento=71464
02.258.422/0001-97;2018-01-01;1;INEPAR EQUIPAMENTOS E MONTAGENS S/A - EM RECUPERACAO JUDICIA;017868;FCA;71526;2018-02-15;http://www.rad.cvm.gov.br/ENETCONSULTA/frmDownloadDocumento.aspx?CodigoInstituicao=1&NumeroSequencialDocumento=71526
02.281.836/0001-37;2018-01-01;1;TRANSNORDESTINA LOGISTICA SA;020443;FCA;70986;2018-01-11;http://www.rad.cvm.gov.br/ENETCONSULTA/frmDownloadDocumento.aspx?CodigoInstituicao=1&NumeroSequencialDocumento=70986
02.281.836/0001-37;2018-01-01;2;TRANSNORDESTINA LOGISTICA SA;020443;FCA;72246;2018-03-14;http://www.rad.cvm.gov.br/ENETCONSULTA/frmDownloadDocumento.aspx?CodigoInstituicao=1&NumeroSequencialDocumento=72246
02.281.836/0001-37;2018-01-01;3;TRANSNORDESTINA LOGISTICA SA;020443;FCA;75614;2018-05-30;http://www.rad.cvm.gov.br/ENETCONSULTA/frmDownloadDocumento.aspx?CodigoInstituicao=1&NumeroSequencialDocumento=75614
02.281.836/0001-37;2018-01-01;4;TRANSNORDESTINA LOGISTICA SA;020443;FCA;76455;2018-07-24;http://www.rad.cvm.gov.br/ENETCONSULTA/frmDownloadDocumento.aspx?CodigoInstituicao=1&NumeroSequencialDocumento=76455
02.291.077/0001-93;2018-01-01;1;PRODUTORES ENERGET.DE MANSO S.A.- PROMAN;019232;FCA;72858;2018-03-28;http://www.rad.cvm.gov.br/ENETCONSULTA/frmDownloadDocumento.aspx?CodigoInstituicao=1&NumeroSequencialDocumento=72858
02.291.077/0001-93;2018-01-01;2;PRODUTORES ENERGET.DE MANSO S.A.- PROMAN;019232;FCA;73619;2018-05-01;http://www.rad.cvm.gov.br/ENETCONSULTA/frmDownloadDocumento.aspx?CodigoInstituicao=1&NumeroSequencialDocumento=73619
02.302.100/0001-06;2018-01-01;1;EDP SÃO PAULO DISTRIBUIÇÃO DE ENERGIA S.A.;016985;FCA;71817;2018-02-27;http://www.rad.cvm.gov.br/ENETCONSULTA/frmDownloadDocumento.aspx?CodigoInstituicao=1&NumeroSequencialDocumento=71817
02.302.101/0001-42;2018-01-01;1;EMAE - EMPRESA METROP.AGUAS ENERGIA S.A.;016993;FCA;72525;2018-03-22;http://www.rad.cvm.gov.br/ENETCONSULTA/frmDownloadDocumento.aspx?CodigoInstituicao=1&NumeroSequencialDocumento=72525
02.302.101/0001-42;2018-01-01;2;EMAE - EMPRESA METROP.AGUAS ENERGIA S.A.;016993;FCA;75189;2018-05-29;http://www.rad.cvm.gov.br/ENETCONSULTA/frmDownloadDocumento.aspx?CodigoInstituicao=1&NumeroSequencialDocumento=75189
02.318.346/0001-68;2018-01-01;1;OPPORTUNITY ENERGIA E PARTICIPACOES S.A. - EM LIQUIDAÇÃO;016942;FCA;72018;2018-03-06;http://www.rad.cvm.gov.br/ENETCONSULTA/frmDownloadDocumento.aspx?CodigoInstituicao=1&NumeroSequencialDocumento=72018
02.328.280/0001-97;2018-01-01;1;ELEKTRO REDES S.A.;017485;FCA;70952;2018-01-10;http://www.rad.cvm.gov.br/ENETCONSULTA/frmDownloadDocumento.aspx?CodigoInstituicao=1&NumeroSequencialDocumento=70952
02.338.534/0001-58;2018-01-01;1;LONGDIS S.A.;017434;FCA;70891;2018-01-08;http://www.rad.cvm.gov.br/ENETCONSULTA/frmDownloadDocumento.aspx?CodigoInstituicao=1&NumeroSequencialDocumento=70891
02.338.534/0001-58;2018-01-01;2;LONGDIS S.A.;017434;FCA;75173;2018-05-29;http://www.rad.cvm.gov.br/ENETCONSULTA/frmDownloadDocumento.aspx?CodigoInstituicao=1&NumeroSequencialDocumento=75173
02.351.144/0001-18;2018-01-01;1;TEGMA GESTAO LOGISTICA S.A.;020800;FCA;71141;2018-01-22;http://www.rad.cvm.gov.br/ENETCONSULTA/frmDownloadDocumento.aspx?CodigoInstituicao=1&NumeroSequencialDocumento=71141
02.357.251/0001-53;2018-01-01;1;LIFEMED INDUSTRIAL DE EQUIP. E ART. MEDICOS E HOSP. S.A;024872;FCA;85649;2019-07-29;http://www.rad.cvm.gov.br/ENETCONSULTA/frmDownloadDocumento.aspx?CodigoInstituicao=1&NumeroSequencialDocumento=85649
02.363.917/0001-86;2018-01-01;1;RET PARTICIPACOES S.A.;017337;FCA;74377;2018-05-11;http://www.rad.cvm.gov.br/ENETCONSULTA/frmDownloadDocumento.aspx?CodigoInstituicao=1&NumeroSequencialDocumento=74377
02.365.069/0001-44;2018-01-01;1;PADTEC HOLDING S.A.;018414;FCA;70950;2018-01-10;http://www.rad.cvm.gov.br/ENETCONSULTA/frmDownloadDocumento.aspx?CodigoInstituicao=1&NumeroSequencialDocumento=70950
02.365.069/0001-44;2018-01-01;2;PADTEC HOLDING S.A.;018414;FCA;76140;2018-06-29;http://www.rad.cvm.gov.br/ENETCONSULTA/frmDownloadDocumento.aspx?CodigoInstituicao=1&NumeroSequencialDocumento=76140
02.365.069/0001-44;2018-01-01;3;PADTEC HOLDING S.A.;018414;FCA;76178;2018-07-02;http://www.rad.cvm.gov.br/ENETCONSULTA/frmDownloadDocumento.aspx?CodigoInstituicao=1&NumeroSequencialDocumento=76178
02.365.069/0001-44;2018-01-01;4;PADTEC HOLDING S.A.;018414;FCA;76218;2018-07-04;http://www.rad.cvm.gov.br/ENETCONSULTA/frmDownloadDocumento.aspx?CodigoInstituicao=1&NumeroSequencialDocumento=76218
02.365.069/0001-44;2018-01-01;5;PADTEC HOLDING S.A.;018414;FCA;78074;2018-10-09;http://www.rad.cvm.gov.br/ENETCONSULTA/frmDownloadDocumento.aspx?CodigoInstituicao=1&NumeroSequencialDocumento=78074
02.365.069/0001-44;2018-01-01;6;PADTEC HOLDING S.A.;018414;FCA;78087;2018-10-10;http://www.rad.cvm.gov.br/ENETCONSULTA/frmDownloadDocumento.aspx?CodigoInstituicao=1&NumeroSequencialDocumento=78087
02.366.097/0001-86;2018-01-01;1;VIANORTE S/A;021830;FCA;70815;2018-01-04;http://www.rad.cvm.gov.br/ENETCONSULTA/frmDownloadDocumento.aspx?CodigoInstituicao=1&NumeroSequencialDocumento=70815
02.366.097/0001-86;2018-01-01;2;VIANORTE S/A;021830;FCA;72191;2018-03-13;http://www.rad.cvm.gov.br/ENETCONSULTA/frmDownloadDocumento.aspx?CodigoInstituicao=1&NumeroSequencialDocumento=72191
02.366.097/0001-86;2018-01-01;3;VIANORTE S/A;021830;FCA;74992;2018-05-22;http://www.rad.cvm.gov.br/ENETCONSULTA/frmDownloadDocumento.aspx?CodigoInstituicao=1&NumeroSequencialDocumento=74992
02.373.517/0001-51;2018-01-01;1;LIBRA TERMINAL RIO S.A. - EM RECUPERAÇÃO JUDICIAL;023434;FCA;72449;2018-03-20;http://www.rad.cvm.gov.br/ENETCONSULTA/frmDownloadDocumento.aspx?CodigoInstituicao=1&NumeroSequencialDocumento=72449
02.373.517/0001-51;2018-01-01;2;LIBRA TERMINAL RIO S.A. - EM RECUPERAÇÃO JUDICIAL;023434;FCA;76759;2018-08-07;http://www.rad.cvm.gov.br/ENETCONSULTA/frmDownloadDocumento.aspx?CodigoInstituicao=1&NumeroSequencialDocumento=76759
02.373.517/0001-51;2018-01-01;3;LIBRA TERMINAL RIO S.A. - EM RECUPERAÇÃO JUDICIAL;023434;FCA;78242;2018-10-23;http://www.rad.cvm.gov.br/ENETCONSULTA/frmDownloadDocumento.aspx?CodigoInstituicao=1&NumeroSequencialDocumento=78242
02.382.073/0001-10;2018-01-01;1;PROLAGOS S/A - CONC.DE SERVICOS PÚBLICOS DE ÁGUA E ESGOTO;023469;FCA;71866;2018-02-28;http://www.rad.cvm.gov.br/ENETCONSULTA/frmDownloadDocumento.aspx?CodigoInstituicao=1&NumeroSequencialDocumento=71866
02.382.073/0001-10;2018-01-01;2;PROLAGOS S/A - CONC.DE SERVICOS PÚBLICOS DE ÁGUA E ESGOTO;023469;FCA;80370;2019-01-30;http://www.rad.cvm.gov.br/ENETCONSULTA/frmDownloadDocumento.aspx?CodigoInstituicao=1&NumeroSequencialDocumento=80370
02.387.241/0001-60;2018-01-01;1;RUMO S.A.;017450;FCA;71045;2018-01-16;http://www.rad.cvm.gov.br/ENETCONSULTA/frmDownloadDocumento.aspx?CodigoInstituicao=1&NumeroSequencialDocumento=71045
02.387.241/0001-60;2018-01-01;2;RUMO S.A.;017450;FCA;73679;2018-05-02;http://www.rad.cvm.gov.br/ENETCONSULTA/frmDownloadDocumento.aspx?CodigoInstituicao=1&NumeroSequencialDocumento=73679
02.397.080/0001-96;2018-01-01;1;ITAPEBI GERACAO DE ENERGIA S.A.;019364;FCA;70795;2018-01-03;http://www.rad.cvm.gov.br/ENETCONSULTA/frmDownloadDocumento.aspx?CodigoInstituicao=1&NumeroSequencialDocumento=70795
02.397.080/0001-96;2018-01-01;2;ITAPEBI GERACAO DE ENERGIA S.A.;019364;FCA;76726;2018-08-07;http://www.rad.cvm.gov.br/ENETCONSULTA/frmDownloadDocumento.aspx?CodigoInstituicao=1&NumeroSequencialDocumento=76726
02.415.408/0001-50;2018-01-01;1;CONC ROD.OESTE SP VIAOESTE S.A;021024;FCA;71689;2018-02-22;http://www.rad.cvm.gov.br/ENETCONSULTA/frmDownloadDocumento.aspx?CodigoInstituicao=1&NumeroSequencialDocumento=71689
02.415.408/0001-50;2018-01-01;2;CONC ROD.OESTE SP VIAOESTE S.A;021024;FCA;75571;2018-05-30;http://www.rad.cvm.gov.br/ENETCONSULTA/frmDownloadDocumento.aspx?CodigoInstituicao=1&NumeroSequencialDocumento=75571
02.415.408/0001-50;2018-01-01;3;CONC ROD.OESTE SP VIAOESTE S.A;021024;FCA;76948;2018-08-10;http://www.rad.cvm.gov.br/ENETCONSULTA/frmDownloadDocumento.aspx?CodigoInstituicao=1&NumeroSequencialDocumento=76948
02.415.408/0001-50;2018-01-01;4;CONC ROD.OESTE SP VIAOESTE S.A;021024;FCA;78758;2018-11-07;http://www.rad.cvm.gov.br/ENETCONSULTA/frmDownloadDocumento.aspx?CodigoInstituicao=1&NumeroSequencialDocumento=78758
02.429.144/0001-93;2018-01-01;1;CPFL ENERGIA S.A.;018660;FCA;71178;2018-01-24;http://www.rad.cvm.gov.br/ENETCONSULTA/frmDownloadDocumento.aspx?CodigoInstituicao=1&NumeroSequencialDocumento=71178
02.451.848/0001-62;2018-01-01;1;CONC SIST ANHANG-BANDEIRANT S.A. AUTOBAN;020192;FCA;71676;2018-02-22;http://www.rad.cvm.gov.br/ENETCONSULTA/frmDownloadDocumento.aspx?CodigoInstituicao=1&NumeroSequencialDocumento=71676
02.451.848/0001-62;2018-01-01;2;CONC SIST ANHANG-BANDEIRANT S.A. AUTOBAN;020192;FCA;75003;2018-05-23;http://www.rad.cvm.gov.br/ENETCONSULTA/frmDownloadDocumento.aspx?CodigoInstituicao=1&NumeroSequencialDocumento=75003
02.451.848/0001-62;2018-01-01;3;CONC SIST ANHANG-BANDEIRANT S.A. AUTOBAN;020192;FCA;77681;2018-09-03;http://www.rad.cvm.gov.br/ENETCONSULTA/frmDownloadDocumento.aspx?CodigoInstituicao=1&NumeroSequencialDocumento=77681
02.451.848/0001-62;2018-01-01;4;CONC SIST ANHANG-BANDEIRANT S.A. AUTOBAN;020192;FCA;78772;2018-11-07;http://www.rad.cvm.gov.br/ENETCONSULTA/frmDownloadDocumento.aspx?CodigoInstituicao=1&NumeroSequencialDocumento=78772
02.465.783/0001-04;2018-01-01;1;FUTURETEL S.A. - EM LIQUIDAÇÃO;017388;FCA;70963;2018-01-10;http://www.rad.cvm.gov.br/ENETCONSULTA/frmDownloadDocumento.aspx?CodigoInstituicao=1&NumeroSequencialDocumento=70963
02.465.783/0001-04;2018-01-01;2;FUTURETEL S.A. - EM LIQUIDAÇÃO;017388;FCA;71055;2018-01-16;http://www.rad.cvm.gov.br/ENETCONSULTA/frmDownloadDocumento.aspx?CodigoInstituicao=1&NumeroSequencialDocumento=71055
02.465.783/0001-04;2018-01-01;3;FUTURETEL S.A. - EM LIQUIDAÇÃO;017388;FCA;75772;2018-06-06;http://www.rad.cvm.gov.br/ENETCONSULTA/frmDownloadDocumento.aspx?CodigoInstituicao=1&NumeroSequencialDocumento=75772
02.474.103/0001-19;2018-01-01;1;ENGIE BRASIL ENERGIA S.A.;017329;FCA;71709;2018-02-22;http://www.rad.cvm.gov.br/ENETCONSULTA/frmDownloadDocumento.aspx?CodigoInstituicao=1&NumeroSequencialDocumento=71709
02.474.103/0001-19;2018-01-01;2;ENGIE BRASIL ENERGIA S.A.;017329;FCA;79713;2018-12-13;http://www.rad.cvm.gov.br/ENETCONSULTA/frmDownloadDocumento.aspx?CodigoInstituicao=1&NumeroSequencialDocumento=79713
02.476.710/0001-18;2018-01-01;1;TELINVEST S.A.;017418;FCA;74378;2018-05-11;http://www.rad.cvm.gov.br/ENETCONSULTA/frmDownloadDocumento.aspx?CodigoInstituicao=1&NumeroSequencialDocumento=74378
02.502.844/0001-66;2018-01-01;1;RUMO MALHA PAULISTA S.A.;017930;FCA;71256;2018-01-30;http://www.rad.cvm.gov.br/ENETCONSULTA/frmDownloadDocumento.aspx?CodigoInstituicao=1&NumeroSequencialDocumento=71256
02.502.844/0001-66;2018-01-01;2;RUMO MALHA PAULISTA S.A.;017930;FCA;74374;2018-05-11;http://www.rad.cvm.gov.br/ENETCONSULTA/frmDownloadDocumento.aspx?CodigoInstituicao=1&NumeroSequencialDocumento=74374
02.509.186/0001-34;2018-01-01;1;TRIÂNGULO DO SOL AUTO-ESTRADAS S.A.;023060;FCA;73138;2018-04-05;http://www.rad.cvm.gov.br/ENETCONSULTA/frmDownloadDocumento.aspx?CodigoInstituicao=1&NumeroSequencialDocumento=73138
02.509.491/0001-26;2018-01-01;1;CONC ECOVIAS IMIGRANTES S.A.;020397;FCA;70894;2018-01-08;http://www.rad.cvm.gov.br/ENETCONSULTA/frmDownloadDocumento.aspx?CodigoInstituicao=1&NumeroSequencialDocumento=70894
02.509.491/0001-26;2018-01-01;2;CONC ECOVIAS IMIGRANTES S.A.;020397;FCA;73162;2018-04-06;http://www.rad.cvm.gov.br/ENETCONSULTA/frmDownloadDocumento.aspx?CodigoInstituicao=1&NumeroSequencialDocumento=73162
02.541.982/0001-54;2018-01-01;1;SOMOS EDUCAÇÃO S.A.;022551;FCA;71633;2018-02-20;http://www.rad.cvm.gov.br/ENETCONSULTA/frmDownloadDocumento.aspx?CodigoInstituicao=1&NumeroSequencialDocumento=71633
02.541.982/0001-54;2018-01-01;2;SOMOS EDUCAÇÃO S.A.;022551;FCA;75079;2018-05-25;http://www.rad.cvm.gov.br/ENETCONSULTA/frmDownloadDocumento.aspx?CodigoInstituicao=1&NumeroSequencialDocumento=75079
02.541.982/0001-54;2018-01-01;3;SOMOS EDUCAÇÃO S.A.;022551;FCA;78216;2018-10-22;http://www.rad.cvm.gov.br/ENETCONSULTA/frmDownloadDocumento.aspx?CodigoInstituicao=1&NumeroSequencialDocumento=78216
02.555.926/0001-79;2018-01-01;1;CENTROVIAS-SISTEMAS RODOVIARIOS S/A;021857;FCA;70817;2018-01-04;http://www.rad.cvm.gov.br/ENETCONSULTA/frmDownloadDocumento.aspx?CodigoInstituicao=1&NumeroSequencialDocumento=70817
02.558.115/0001-21;2018-01-01;1;TIM PARTICIPACOES S.A.;017639;FCA;71346;2018-02-05;http://www.rad.cvm.gov.br/ENETCONSULTA/frmDownloadDocumento.aspx?CodigoInstituicao=1&NumeroSequencialDocumento=71346
02.558.115/0001-21;2018-01-01;2;TIM PARTICIPACOES S.A.;017639;FCA;73220;2018-04-09;http://www.rad.cvm.gov.br/ENETCONSULTA/frmDownloadDocumento.aspx?CodigoInstituicao=1&NumeroSequencialDocumento=73220
02.558.157/0001-62;2018-01-01;1;TELEFÔNICA BRASIL S.A;017671;FCA;71074;2018-01-18;http://www.rad.cvm.gov.br/ENETCONSULTA/frmDownloadDocumento.aspx?CodigoInstituicao=1&NumeroSequencialDocumento=71074
02.591.787/0001-39;2018-01-01;1;CAPITALPART PARTICIPACOES S.A.;017493;FCA;70897;2018-01-08;http://www.rad.cvm.gov.br/ENETCONSULTA/frmDownloadDocumento.aspx?CodigoInstituicao=1&NumeroSequencialDocumento=70897
02.604.860/0001-60;2018-01-01;1;INNCORP S.A.;017558;FCA;70899;2018-01-08;http://www.rad.cvm.gov.br/ENETCONSULTA/frmDownloadDocumento.aspx?CodigoInstituicao=1&NumeroSequencialDocumento=70899
02.604.860/0001-60;2018-01-01;2;INNCORP S.A.;017558;FCA;73191;2018-04-06;http://www.rad.cvm.gov.br/ENETCONSULTA/frmDownloadDocumento.aspx?CodigoInstituicao=1&NumeroSequencialDocumento=73191
02.604.860/0001-60;2018-01-01;3;INNCORP S.A.;017558;FCA;73194;2018-04-06;http://www.rad.cvm.gov.br/ENETCONSULTA/frmDownloadDocumento.aspx?CodigoInstituicao=1&NumeroSequencialDocumento=73194
02.604.860/0001-60;2018-01-01;4;INNCORP S.A.;017558;FCA;73242;2018-04-10;http://www.rad.cvm.gov.br/ENETCONSULTA/frmDownloadDocumento.aspx?CodigoInstituicao=1&NumeroSequencialDocumento=73242
02.604.860/0001-60;2018-01-01;5;INNCORP S.A.;017558;FCA;76536;2018-07-27;http://www.rad.cvm.gov.br/ENETCONSULTA/frmDownloadDocumento.aspx?CodigoInstituicao=1&NumeroSequencialDocumento=76536
02.604.997/0001-14;2018-01-01;1;NEWTEL PARTICIPACOES S.A.;017540;FCA;70965;2018-01-10;http://www.rad.cvm.gov.br/ENETCONSULTA/frmDownloadDocumento.aspx?CodigoInstituicao=1&NumeroSequencialDocumento=70965
02.604.997/0001-14;2018-01-01;2;NEWTEL PARTICIPACOES S.A.;017540;FCA;78351;2018-10-29;http://www.rad.cvm.gov.br/ENETCONSULTA/frmDownloadDocumento.aspx?CodigoInstituicao=1&NumeroSequencialDocumento=78351
02.643.896/0001-52;2018-01-01;1;REAL AI PIC SEC DE CREDITOS IMOBILIARIO S.A.;018430;FCA;75182;2018-05-29;http://www.rad.cvm.gov.br/ENETCONSULTA/frmDownloadDocumento.aspx?CodigoInstituicao=1&NumeroSequencialDocumento=75182
02.643.896/0001-52;2018-01-01;2;REAL AI PIC SEC DE CREDITOS IMOBILIARIO S.A.;018430;FCA;75185;2018-05-29;http://www.rad.cvm.gov.br/ENETCONSULTA/frmDownloadDocumento.aspx?CodigoInstituicao=1&NumeroSequencialDocumento=75185
02.664.042/0001-52;2018-01-01;1;TERMINAL GARAGEM MENEZES CORTES S.A.;018538;FCA;71619;2018-02-20;http://www.rad.cvm.gov.br/ENETCONSULTA/frmDownloadDocumento.aspx?CodigoInstituicao=1&NumeroSequencialDocumento=71619
02.679.185/0001-38;2018-01-01;1;AUTOVIAS S/A;021822;FCA;70816;2018-01-04;http://www.rad.cvm.gov.br/ENETCONSULTA/frmDownloadDocumento.aspx?CodigoInstituicao=1&NumeroSequencialDocumento=70816
02.682.287/0001-02;2018-01-01;1;PAN FINANCEIRA S.A. - CRÉDITO, FINANCIAMENTO E INVESTIMENTO;018554;FCA;71064;2018-01-17;http://www.rad.cvm.gov.br/ENETCONSULTA/frmDownloadDocumento.aspx?CodigoInstituicao=1&NumeroSequencialDocumento=71064
02.682.287/0001-02;2018-01-01;2;PAN FINANCEIRA S.A. - CRÉDITO, FINANCIAMENTO E INVESTIMENTO;018554;FCA;78713;2018-11-07;http://www.rad.cvm.gov.br/ENETCONSULTA/frmDownloadDocumento.aspx?CodigoInstituicao=1&NumeroSequencialDocumento=78713
02.724.983/0001-34;2018-01-01;1;SANESALTO SANEAMENTO S.A.;019593;FCA;71156;2018-01-23;http://www.rad.cvm.gov.br/ENETCONSULTA/frmDownloadDocumento.aspx?CodigoInstituicao=1&NumeroSequencialDocumento=71156
02.724.983/0001-34;2018-01-01;2;SANESALTO SANEAMENTO S.A.;019593;FCA;72893;2018-03-29;http://www.rad.cvm.gov.br/ENETCONSULTA/frmDownloadDocumento.aspx?CodigoInstituicao=1&NumeroSequencialDocumento=72893
02.724.983/0001-34;2018-01-01;3;SANESALTO SANEAMENTO S.A.;019593;FCA;74740;2018-05-15;http://www.rad.cvm.gov.br/ENETCONSULTA/frmDownloadDocumento.aspx?CodigoInstituicao=1&NumeroSequencialDocumento=74740
02.736.470/0001-43;2018-01-01;1;CONFIANZA SECURITIZADORA SA;018236;FCA;71004;2018-01-12;http://www.rad.cvm.gov.br/ENETCONSULTA/frmDownloadDocumento.aspx?CodigoInstituicao=1&NumeroSequencialDocumento=71004
02.762.113/0001-50;2018-01-01;1;BRAZILIAN FINANCE E REAL ESTATE S.A.;017922;FCA;71473;2018-02-09;http://www.rad.cvm.gov.br/ENETCONSULTA/frmDownloadDocumento.aspx?CodigoInstituicao=1&NumeroSequencialDocumento=71473
02.762.115/0001-49;2018-01-01;1;MMX MINERACAO E METALICOS S.A. - EM RECUPERAÇÃO JUDICIAL;017914;FCA;71250;2018-01-30;http://www.rad.cvm.gov.br/ENETCONSULTA/frmDownloadDocumento.aspx?CodigoInstituicao=1&NumeroSequencialDocumento=71250
02.762.121/0001-04;2018-01-01;1;SANTOS BRASIL PARTICIPACOES S.A.;017892;FCA;71961;2018-03-05;http://www.rad.cvm.gov.br/ENETCONSULTA/frmDownloadDocumento.aspx?CodigoInstituicao=1&NumeroSequencialDocumento=71961
02.762.124/0001-30;2018-01-01;1;BETAPART PARTICIPACOES S.A.;017884;FCA;72044;2018-03-07;http://www.rad.cvm.gov.br/ENETCONSULTA/frmDownloadDocumento.aspx?CodigoInstituicao=1&NumeroSequencialDocumento=72044
02.773.542/0001-22;2018-01-01;1;OPEA SECURITIZADORA S.A.;018406;FCA;71016;2018-01-12;http://www.rad.cvm.gov.br/ENETCONSULTA/frmDownloadDocumento.aspx?CodigoInstituicao=1&NumeroSequencialDocumento=71016
02.773.542/0001-22;2018-01-01;2;OPEA SECURITIZADORA S.A.;018406;FCA;75449;2018-05-30;http://www.rad.cvm.gov.br/ENETCONSULTA/frmDownloadDocumento.aspx?CodigoInstituicao=1&NumeroSequencialDocumento=75449
02.783.423/0001-50;2018-01-01;1;ALTERE SECURITIZADORA S.A.;018066;FCA;71900;2018-03-01;http://www.rad.cvm.gov.br/ENETCONSULTA/frmDownloadDocumento.aspx?CodigoInstituicao=1&NumeroSequencialDocumento=71900
02.783.423/0001-50;2018-01-01;2;ALTERE SECURITIZADORA S.A.;018066;FCA;72932;2018-03-29;http://www.rad.cvm.gov.br/ENETCONSULTA/frmDownloadDocumento.aspx?CodigoInstituicao=1&NumeroSequencialDocumento=72932
02.783.423/0001-50;2018-01-01;3;ALTERE SECURITIZADORA S.A.;018066;FCA;73221;2018-04-09;http://www.rad.cvm.gov.br/ENETCONSULTA/frmDownloadDocumento.aspx?CodigoInstituicao=1&NumeroSequencialDocumento=73221
02.783.423/0001-50;2018-01-01;4;ALTERE SECURITIZADORA S.A.;018066;FCA;76666;2018-08-03;http://www.rad.cvm.gov.br/ENETCONSULTA/frmDownloadDocumento.aspx?CodigoInstituicao=1&NumeroSequencialDocumento=76666
02.796.775/0001-40;2018-01-01;1;GAMA PARTICIPACOES S.A.;017965;FCA;72045;2018-03-07;http://www.rad.cvm.gov.br/ENETCONSULTA/frmDownloadDocumento.aspx?CodigoInstituicao=1&NumeroSequencialDocumento=72045
02.800.026/0001-40;2018-01-01;1;COGNA EDUCAÇÃO S.A.;017973;FCA;70738;2018-01-02;http://www.rad.cvm.gov.br/ENETCONSULTA/frmDownloadDocumento.aspx?CodigoInstituicao=1&NumeroSequencialDocumento=70738
02.846.056/0001-97;2018-01-01;1;CCR S.A.;018821;FCA;71675;2018-02-22;http://www.rad.cvm.gov.br/ENETCONSULTA/frmDownloadDocumento.aspx?CodigoInstituicao=1&NumeroSequencialDocumento=71675
02.860.694/0001-62;2018-01-01;1;T4F ENTRETENIMENTO S.A.;022454;FCA;71475;2018-02-09;http://www.rad.cvm.gov.br/ENETCONSULTA/frmDownloadDocumento.aspx?CodigoInstituicao=1&NumeroSequencialDocumento=71475
02.916.265/0001-60;2018-01-01;1;JBS S.A.;020575;FCA;71405;2018-02-08;http://www.rad.cvm.gov.br/ENETCONSULTA/frmDownloadDocumento.aspx?CodigoInstituicao=1&NumeroSequencialDocumento=71405
02.916.265/0001-60;2018-01-01;2;JBS S.A.;020575;FCA;73758;2018-05-04;http://www.rad.cvm.gov.br/ENETCONSULTA/frmDownloadDocumento.aspx?CodigoInstituicao=1&NumeroSequencialDocumento=73758
02.916.265/0001-60;2018-01-01;3;JBS S.A.;020575;FCA;76543;2018-07-30;http://www.rad.cvm.gov.br/ENETCONSULTA/frmDownloadDocumento.aspx?CodigoInstituicao=1&NumeroSequencialDocumento=76543
02.919.555/0001-67;2018-01-01;1;ARTERIS S.A.;019771;FCA;70811;2018-01-04;http://www.rad.cvm.gov.br/ENETCONSULTA/frmDownloadDocumento.aspx?CodigoInstituicao=1&NumeroSequencialDocumento=70811
02.919.555/0001-67;2018-01-01;2;ARTERIS S.A.;019771;FCA;71720;2018-02-23;http://www.rad.cvm.gov.br/ENETCONSULTA/frmDownloadDocumento.aspx?CodigoInstituicao=1&NumeroSequencialDocumento=71720
02.932.074/0001-91;2018-01-01;1;HYPERA S.A.;021431;FCA;70975;2018-01-10;http://www.rad.cvm.gov.br/ENETCONSULTA/frmDownloadDocumento.aspx?CodigoInstituicao=1&NumeroSequencialDocumento=70975
02.932.074/0001-91;2018-01-01;2;HYPERA S.A.;021431;FCA;71397;2018-02-07;http://www.rad.cvm.gov.br/ENETCONSULTA/frmDownloadDocumento.aspx?CodigoInstituicao=1&NumeroSequencialDocumento=71397
02.932.074/0001-91;2018-01-01;3;HYPERA S.A.;021431;FCA;72027;2018-03-06;http://www.rad.cvm.gov.br/ENETCONSULTA/frmDownloadDocumento.aspx?CodigoInstituicao=1&NumeroSequencialDocumento=72027
02.932.074/0001-91;2018-01-01;4;HYPERA S.A.;021431;FCA;73901;2018-05-08;http://www.rad.cvm.gov.br/ENETCONSULTA/frmDownloadDocumento.aspx?CodigoInstituicao=1&NumeroSequencialDocumento=73901
02.932.074/0001-91;2018-01-01;5;HYPERA S.A.;021431;FCA;75975;2018-06-20;http://www.rad.cvm.gov.br/ENETCONSULTA/frmDownloadDocumento.aspx?CodigoInstituicao=1&NumeroSequencialDocumento=75975
02.950.811/0001-89;2018-01-01;1;PDG REALTY S.A. EMPREEND E PARTICIPACOES;020478;FCA;73085;2018-04-03;http://www.rad.cvm.gov.br/ENETCONSULTA/frmDownloadDocumento.aspx?CodigoInstituicao=1&NumeroSequencialDocumento=73085
02.950.811/0001-89;2018-01-01;2;PDG REALTY S.A. EMPREEND E PARTICIPACOES;020478;FCA;76080;2018-06-26;http://www.rad.cvm.gov.br/ENETCONSULTA/frmDownloadDocumento.aspx?CodigoInstituicao=1&NumeroSequencialDocumento=76080
02.950.811/0001-89;2018-01-01;3;PDG REALTY S.A. EMPREEND E PARTICIPACOES;020478;FCA;82182;2019-04-12;http://www.rad.cvm.gov.br/ENETCONSULTA/frmDownloadDocumento.aspx?CodigoInstituicao=1&NumeroSequencialDocumento=82182
02.950.811/0001-89;2018-01-01;4;PDG REALTY S.A. EMPREEND E PARTICIPACOES;020478;FCA;82183;2019-04-12;http://www.rad.cvm.gov.br/ENETCONSULTA/frmDownloadDocumento.aspx?CodigoInstituicao=1&NumeroSequencialDocumento=82183
02.983.428/0001-27;2018-01-01;1;CEMIG TELECOMUNICAÇÕES S.A.;018716;FCA;70956;2018-01-10;http://www.rad.cvm.gov.br/ENETCONSULTA/frmDownloadDocumento.aspx?CodigoInstituicao=1&NumeroSequencialDocumento=70956
02.992.449/0001-09;2018-01-01;1;PROMPT PARTICIPACOES S.A.;018333;FCA;72015;2018-03-06;http://www.rad.cvm.gov.br/ENETCONSULTA/frmDownloadDocumento.aspx?CodigoInstituicao=1&NumeroSequencialDocumento=72015
02.998.301/0001-81;2018-01-01;1;RIO PARANAPANEMA ENERGIA S.A.;018368;FCA;72327;2018-03-15;http://www.rad.cvm.gov.br/ENETCONSULTA/frmDownloadDocumento.aspx?CodigoInstituicao=1&NumeroSequencialDocumento=72327
02.998.611/0001-04;2018-01-01;1;CTEEP - CIA TRANSMISSÃO ENERGIA ELÉTRICA PAULISTA;018376;FCA;70883;2018-01-08;http://www.rad.cvm.gov.br/ENETCONSULTA/frmDownloadDocumento.aspx?CodigoInstituicao=1&NumeroSequencialDocumento=70883
02.998.611/0001-04;2018-01-01;2;CTEEP - CIA TRANSMISSÃO ENERGIA ELÉTRICA PAULISTA;018376;FCA;71731;2018-02-23;http://www.rad.cvm.gov.br/ENETCONSULTA/frmDownloadDocumento.aspx?CodigoInstituicao=1&NumeroSequencialDocumento=71731
02.998.611/0001-04;2018-01-01;3;CTEEP - CIA TRANSMISSÃO ENERGIA ELÉTRICA PAULISTA;018376;FCA;72445;2018-03-20;http://www.rad.cvm.gov.br/ENETCONSULTA/frmDownloadDocumento.aspx?CodigoInstituicao=1&NumeroSequencialDocumento=72445
02.998.611/0001-04;2018-01-01;4;CTEEP - CIA TRANSMISSÃO ENERGIA ELÉTRICA PAULISTA;018376;FCA;73301;2018-04-15;http://www.rad.cvm.gov.br/ENETCONSULTA/frmDownloadDocumento.aspx?CodigoInstituicao=1&NumeroSequencialDocumento=73301
03.014.553/0001-91;2018-01-01;1;TPI - TRIUNFO PARTICIP. E INVEST. S.A.;019330;FCA;71654;2018-02-21;http://www.rad.cvm.gov.br/ENETCONSULTA/frmDownloadDocumento.aspx?CodigoInstituicao=1&NumeroSequencialDocumento=71654
03.014.553/0001-91;2018-01-01;2;TPI - TRIUNFO PARTICIP. E INVEST. S.A.;019330;FCA;71970;2018-03-05;http://www.rad.cvm.gov.br/ENETCONSULTA/frmDownloadDocumento.aspx?CodigoInstituicao=1&NumeroSequencialDocumento=71970
03.014.553/0001-91;2018-01-01;3;TPI - TRIUNFO PARTICIP. E INVEST. S.A.;019330;FCA;72094;2018-03-08;http://www.rad.cvm.gov.br/ENETCONSULTA/frmDownloadDocumento.aspx?CodigoInstituicao=1&NumeroSequencialDocumento=72094
03.014.553/0001-91;2018-01-01;4;TPI - TRIUNFO PARTICIP. E INVEST. S.A.;019330;FCA;73866;2018-05-07;http://www.rad.cvm.gov.br/ENETCONSULTA/frmDownloadDocumento.aspx?CodigoInstituicao=1&NumeroSequencialDocumento=73866
03.014.553/0001-91;2018-01-01;5;TPI - TRIUNFO PARTICIP. E INVEST. S.A.;019330;FCA;75451;2018-05-30;http://www.rad.cvm.gov.br/ENETCONSULTA/frmDownloadDocumento.aspx?CodigoInstituicao=1&NumeroSequencialDocumento=75451
03.025.305/0001-46;2018-01-01;1;RODOVIAS DAS COLINAS S.A.;023167;FCA;73127;2018-04-05;http://www.rad.cvm.gov.br/ENETCONSULTA/frmDownloadDocumento.aspx?CodigoInstituicao=1&NumeroSequencialDocumento=73127
03.207.703/0001-83;2018-01-01;1;CONCESSIONARIA DE RODOVIAS DO INTERIOR PAULISTA S/A;021849;FCA;70819;2018-01-04;http://www.rad.cvm.gov.br/ENETCONSULTA/frmDownloadDocumento.aspx?CodigoInstituicao=1&NumeroSequencialDocumento=70819
03.220.438/0001-73;2018-01-01;1;EQUATORIAL ENERGIA S.A.;020010;FCA;71645;2018-02-21;http://www.rad.cvm.gov.br/ENETCONSULTA/frmDownloadDocumento.aspx?CodigoInstituicao=1&NumeroSequencialDocumento=71645
03.303.999/0001-36;2018-01-01;1;DTCOM - DIRECT TO COMPANY S.A.;018597;FCA;71412;2018-02-08;http://www.rad.cvm.gov.br/ENETCONSULTA/frmDownloadDocumento.aspx?CodigoInstituicao=1&NumeroSequencialDocumento=71412
03.303.999/0001-36;2018-01-01;2;DTCOM - DIRECT TO COMPANY S.A.;018597;FCA;74709;2018-05-15;http://www.rad.cvm.gov.br/ENETCONSULTA/frmDownloadDocumento.aspx?CodigoInstituicao=1&NumeroSequencialDocumento=74709
03.303.999/0001-36;2018-01-01;3;DTCOM - DIRECT TO COMPANY S.A.;018597;FCA;77669;2018-08-31;http://www.rad.cvm.gov.br/ENETCONSULTA/frmDownloadDocumento.aspx?CodigoInstituicao=1&NumeroSequencialDocumento=77669
03.378.521/0001-75;2018-01-01;1;LIGHT S.A. - EM RECUPERAÇÃO JUDICIAL;019879;FCA;71166;2018-01-23;http://www.rad.cvm.gov.br/ENETCONSULTA/frmDownloadDocumento.aspx?CodigoInstituicao=1&NumeroSequencialDocumento=71166
03.378.521/0001-75;2018-01-01;2;LIGHT S.A. - EM RECUPERAÇÃO JUDICIAL;019879;FCA;71301;2018-02-02;http://www.rad.cvm.gov.br/ENETCONSULTA/frmDownloadDocumento.aspx?CodigoInstituicao=1&NumeroSequencialDocumento=71301
03.378.521/0001-75;2018-01-01;3;LIGHT S.A. - EM RECUPERAÇÃO JUDICIAL;019879;FCA;75074;2018-05-25;http://www.rad.cvm.gov.br/ENETCONSULTA/frmDownloadDocumento.aspx?CodigoInstituicao=1&NumeroSequencialDocumento=75074
03.378.521/0001-75;2018-01-01;4;LIGHT S.A. - EM RECUPERAÇÃO JUDICIAL;019879;FCA;75589;2018-05-30;http://www.rad.cvm.gov.br/ENETCONSULTA/frmDownloadDocumento.aspx?CodigoInstituicao=1&NumeroSequencialDocumento=75589
03.467.321/0001-99;2018-01-01;1;ENERGISA MATO GROSSO-DISTRIBUIDORA DE ENERGIA S/A;014605;FCA;70781;2018-01-03;http://www.rad.cvm.gov.br/ENETCONSULTA/frmDownloadDocumento.aspx?CodigoInstituicao=1&NumeroSequencialDocumento=70781
03.467.321/0001-99;2018-01-01;2;ENERGISA MATO GROSSO-DISTRIBUIDORA DE ENERGIA S/A;014605;FCA;74406;2018-05-14;http://www.rad.cvm.gov.br/ENETCONSULTA/frmDownloadDocumento.aspx?CodigoInstituicao=1&NumeroSequencialDocumento=74406
03.538.833/0001-07;2018-01-01;1;XX DE NOVEMBRO INVESTIMENTOS E PARTICIPAÇÕES S.A.;020001;FCA;72046;2018-03-07;http://www.rad.cvm.gov.br/ENETCONSULTA/frmDownloadDocumento.aspx?CodigoInstituicao=1&NumeroSequencialDocumento=72046
03.559.006/0001-91;2018-01-01;1;RB CAPITAL SECURITIZADORA S.A.;019860;FCA;75452;2018-05-30;http://www.rad.cvm.gov.br/ENETCONSULTA/frmDownloadDocumento.aspx?CodigoInstituicao=1&NumeroSequencialDocumento=75452
03.601.314/0001-38;2018-01-01;1;ANDRADE GUTIERREZ CONCESSOES S.A.;019437;FCA;71749;2018-02-23;http://www.rad.cvm.gov.br/ENETCONSULTA/frmDownloadDocumento.aspx?CodigoInstituicao=1&NumeroSequencialDocumento=71749
03.601.314/0001-38;2018-01-01;2;ANDRADE GUTIERREZ CONCESSOES S.A.;019437;FCA;79432;2018-11-19;http://www.rad.cvm.gov.br/ENETCONSULTA/frmDownloadDocumento.aspx?CodigoInstituicao=1&NumeroSequencialDocumento=79432
03.601.314/0001-38;2018-01-01;3;ANDRADE GUTIERREZ CONCESSOES S.A.;019437;FCA;79510;2018-11-26;http://www.rad.cvm.gov.br/ENETCONSULTA/frmDownloadDocumento.aspx?CodigoInstituicao=1&NumeroSequencialDocumento=79510
03.758.318/0001-24;2018-01-01;1;INVESTIMENTOS E PARTICIP. EM INFRA S.A. - INVEPAR;018775;FCA;71872;2018-02-28;http://www.rad.cvm.gov.br/ENETCONSULTA/frmDownloadDocumento.aspx?CodigoInstituicao=1&NumeroSequencialDocumento=71872
03.758.318/0001-24;2018-01-01;2;INVESTIMENTOS E PARTICIP. EM INFRA S.A. - INVEPAR;018775;FCA;73557;2018-04-27;http://www.rad.cvm.gov.br/ENETCONSULTA/frmDownloadDocumento.aspx?CodigoInstituicao=1&NumeroSequencialDocumento=73557
03.767.538/0001-14;2018-01-01;1;BRAZILIAN SECURITIES CIA SECURITIZACAO;018759;FCA;70789;2018-01-03;http://www.rad.cvm.gov.br/ENETCONSULTA/frmDownloadDocumento.aspx?CodigoInstituicao=1&NumeroSequencialDocumento=70789
03.795.050/0001-09;2018-01-01;1;TERMOPERNAMBUCO S.A.;019852;FCA;70802;2018-01-03;http://www.rad.cvm.gov.br/ENETCONSULTA/frmDownloadDocumento.aspx?CodigoInstituicao=1&NumeroSequencialDocumento=70802
03.795.050/0001-09;2018-01-01;2;TERMOPERNAMBUCO S.A.;019852;FCA;70982;2018-01-11;http://www.rad.cvm.gov.br/ENETCONSULTA/frmDownloadDocumento.aspx?CodigoInstituicao=1&NumeroSequencialDocumento=70982
03.795.050/0001-09;2018-01-01;3;TERMOPERNAMBUCO S.A.;019852;FCA;76727;2018-08-07;http://www.rad.cvm.gov.br/ENETCONSULTA/frmDownloadDocumento.aspx?CodigoInstituicao=1&NumeroSequencialDocumento=76727
03.818.379/0001-30;2018-01-01;1;SABER SERVIÇOS EDUCACIONAIS S.A.;024490;FCA;76193;2018-07-13;http://www.rad.cvm.gov.br/ENETCONSULTA/frmDownloadDocumento.aspx?CodigoInstituicao=1&NumeroSequencialDocumento=76193
03.818.379/0001-30;2018-01-01;2;SABER SERVIÇOS EDUCACIONAIS S.A.;024490;FCA;77174;2018-08-14;http://www.rad.cvm.gov.br/ENETCONSULTA/frmDownloadDocumento.aspx?CodigoInstituicao=1&NumeroSequencialDocumento=77174
03.847.461/0001-92;2018-01-01;1;BRADESPAR S.A.;018724;FCA;70746;2018-01-02;http://www.rad.cvm.gov.br/ENETCONSULTA/frmDownloadDocumento.aspx?CodigoInstituicao=1&NumeroSequencialDocumento=70746
03.847.461/0001-92;2018-01-01;2;BRADESPAR S.A.;018724;FCA;73633;2018-05-02;http://www.rad.cvm.gov.br/ENETCONSULTA/frmDownloadDocumento.aspx?CodigoInstituicao=1&NumeroSequencialDocumento=73633
03.847.461/0001-92;2018-01-01;3;BRADESPAR S.A.;018724;FCA;74304;2018-05-11;http://www.rad.cvm.gov.br/ENETCONSULTA/frmDownloadDocumento.aspx?CodigoInstituicao=1&NumeroSequencialDocumento=74304
03.853.896/0001-40;2018-01-01;1;MARFRIG GLOBAL FOODS S.A.;020788;FCA;71516;2018-02-15;http://www.rad.cvm.gov.br/ENETCONSULTA/frmDownloadDocumento.aspx?CodigoInstituicao=1&NumeroSequencialDocumento=71516
03.853.896/0001-40;2018-01-01;2;MARFRIG GLOBAL FOODS S.A.;020788;FCA;77791;2018-09-12;http://www.rad.cvm.gov.br/ENETCONSULTA/frmDownloadDocumento.aspx?CodigoInstituicao=1&NumeroSequencialDocumento=77791
03.953.509/0001-47;2018-01-01;1;CPFL GERACAO DE ENERGIA S.A.;018953;FCA;70785;2018-01-03;http://www.rad.cvm.gov.br/ENETCONSULTA/frmDownloadDocumento.aspx?CodigoInstituicao=1&NumeroSequencialDocumento=70785
03.983.431/0001-03;2018-01-01;1;EDP - ENERGIAS DO BRASIL S.A.;019763;FCA;71820;2018-02-27;http://www.rad.cvm.gov.br/ENETCONSULTA/frmDownloadDocumento.aspx?CodigoInstituicao=1&NumeroSequencialDocumento=71820
03.983.431/0001-03;2018-01-01;2;EDP - ENERGIAS DO BRASIL S.A.;019763;FCA;75470;2018-05-30;http://www.rad.cvm.gov.br/ENETCONSULTA/frmDownloadDocumento.aspx?CodigoInstituicao=1&NumeroSequencialDocumento=75470
03.983.431/0001-03;2018-01-01;3;EDP - ENERGIAS DO BRASIL S.A.;019763;FCA;77778;2018-09-12;http://www.rad.cvm.gov.br/ENETCONSULTA/frmDownloadDocumento.aspx?CodigoInstituicao=1&NumeroSequencialDocumento=77778
04.030.182/0001-02;2018-01-01;1;CABINDA PARTICIPACOES S.A.;019119;FCA;72552;2018-03-22;http://www.rad.cvm.gov.br/ENETCONSULTA/frmDownloadDocumento.aspx?CodigoInstituicao=1&NumeroSequencialDocumento=72552
04.031.213/0001-31;2018-01-01;1;CACONDE PARTICIPACOES S.A.;019135;FCA;72553;2018-03-22;http://www.rad.cvm.gov.br/ENETCONSULTA/frmDownloadDocumento.aspx?CodigoInstituicao=1&NumeroSequencialDocumento=72553
04.031.960/0001-70;2018-01-01;1;ANDRADE GUTIERREZ PARTICIPACOES S.A.;019062;FCA;72260;2018-03-14;http://www.rad.cvm.gov.br/ENETCONSULTA/frmDownloadDocumento.aspx?CodigoInstituicao=1&NumeroSequencialDocumento=72260
04.031.960/0001-70;2018-01-01;2;ANDRADE GUTIERREZ PARTICIPACOES S.A.;019062;FCA;79434;2018-11-19;http://www.rad.cvm.gov.br/ENETCONSULTA/frmDownloadDocumento.aspx?CodigoInstituicao=1&NumeroSequencialDocumento=79434
04.031.960/0001-70;2018-01-01;3;ANDRADE GUTIERREZ PARTICIPACOES S.A.;019062;FCA;79508;2018-11-26;http://www.rad.cvm.gov.br/ENETCONSULTA/frmDownloadDocumento.aspx?CodigoInstituicao=1&NumeroSequencialDocumento=79508
04.032.433/0001-80;2018-01-01;1;ATMA PARTICIPAÇÕES S.A. - EM RECUPERAÇÃO JUDICIAL;019100;FCA;70914;2018-01-09;http://www.rad.cvm.gov.br/ENETCONSULTA/frmDownloadDocumento.aspx?CodigoInstituicao=1&NumeroSequencialDocumento=70914
04.032.433/0001-80;2018-01-01;2;ATMA PARTICIPAÇÕES S.A. - EM RECUPERAÇÃO JUDICIAL;019100;FCA;71471;2018-02-09;http://www.rad.cvm.gov.br/ENETCONSULTA/frmDownloadDocumento.aspx?CodigoInstituicao=1&NumeroSequencialDocumento=71471
04.032.433/0001-80;2018-01-01;3;ATMA PARTICIPAÇÕES S.A. - EM RECUPERAÇÃO JUDICIAL;019100;FCA;78003;2018-10-03;http://www.rad.cvm.gov.br/ENETCONSULTA/frmDownloadDocumento.aspx?CodigoInstituicao=1&NumeroSequencialDocumento=78003
04.038.763/0001-82;2018-01-01;1;CAIANDA PARTICIPACOES S.A.;019097;FCA;72549;2018-03-22;http://www.rad.cvm.gov.br/ENETCONSULTA/frmDownloadDocumento.aspx?CodigoInstituicao=1&NumeroSequencialDocumento=72549
04.065.791/0001-99;2018-01-01;1;SINQIA S.A.;022799;FCA;71889;2018-02-28;http://www.rad.cvm.gov.br/ENETCONSULTA/frmDownloadDocumento.aspx?CodigoInstituicao=1&NumeroSequencialDocumento=71889
04.065.791/0001-99;2018-01-01;2;SINQIA S.A.;022799;FCA;79760;2018-12-17;http://www.rad.cvm.gov.br/ENETCONSULTA/frmDownloadDocumento.aspx?CodigoInstituicao=1&NumeroSequencialDocumento=79760
04.089.570/0001-50;2018-01-01;1;ÁGUAS GUARIROBA S.A;023442;FCA;71865;2018-02-28;http://www.rad.cvm.gov.br/ENETCONSULTA/frmDownloadDocumento.aspx?CodigoInstituicao=1&NumeroSequencialDocumento=71865
04.089.570/0001-50;2018-01-01;2;ÁGUAS GUARIROBA S.A;023442;FCA;80372;2019-01-30;http://www.rad.cvm.gov.br/ENETCONSULTA/frmDownloadDocumento.aspx?CodigoInstituicao=1&NumeroSequencialDocumento=80372
04.128.563/0001-10;2018-01-01;1;AES TIETE ENERGIA SA;018970;FCA;71000;2018-01-11;http://www.rad.cvm.gov.br/ENETCONSULTA/frmDownloadDocumento.aspx?CodigoInstituicao=1&NumeroSequencialDocumento=71000
04.128.563/0001-10;2018-01-01;2;AES TIETE ENERGIA SA;018970;FCA;77653;2018-08-30;http://www.rad.cvm.gov.br/ENETCONSULTA/frmDownloadDocumento.aspx?CodigoInstituicao=1&NumeroSequencialDocumento=77653
04.128.563/0001-10;2018-01-01;3;AES TIETE ENERGIA SA;018970;FCA;77824;2018-09-17;http://www.rad.cvm.gov.br/ENETCONSULTA/frmDownloadDocumento.aspx?CodigoInstituicao=1&NumeroSequencialDocumento=77824
04.149.454/0001-80;2018-01-01;1;ECORODOVIAS INFRAESTRUTURA E LOGÍSTICA S.A.;019453;FCA;70892;2018-01-08;http://www.rad.cvm.gov.br/ENETCONSULTA/frmDownloadDocumento.aspx?CodigoInstituicao=1&NumeroSequencialDocumento=70892
04.149.454/0001-80;2018-01-01;2;ECORODOVIAS INFRAESTRUTURA E LOGÍSTICA S.A.;019453;FCA;73161;2018-04-06;http://www.rad.cvm.gov.br/ENETCONSULTA/frmDownloadDocumento.aspx?CodigoInstituicao=1&NumeroSequencialDocumento=73161
04.172.213/0001-51;2018-01-01;1;CIA PIRATININGA DE FORCA E LUZ;019275;FCA;70852;2018-01-05;http://www.rad.cvm.gov.br/ENETCONSULTA/frmDownloadDocumento.aspx?CodigoInstituicao=1&NumeroSequencialDocumento=70852
04.200.572/0001-75;2018-01-01;1;CENTENOR EMPREENDIMENTOS S.A.;519987;FCA;75495;2018-05-30;http://www.rad.cvm.gov.br/ENETCONSULTA/frmDownloadDocumento.aspx?CodigoInstituicao=1&NumeroSequencialDocumento=75495
04.200.649/0001-07;2018-01-01;1;COMPANHIA PROVINCIA DE SECURITIZACAO;019429;FCA;70862;2018-01-05;http://www.rad.cvm.gov.br/ENETCONSULTA/frmDownloadDocumento.aspx?CodigoInstituicao=1&NumeroSequencialDocumento=70862
04.200.649/0001-07;2018-01-01;2;COMPANHIA PROVINCIA DE SECURITIZACAO;019429;FCA;74451;2018-05-14;http://www.rad.cvm.gov.br/ENETCONSULTA/frmDownloadDocumento.aspx?CodigoInstituicao=1&NumeroSequencialDocumento=74451
04.200.649/0001-07;2018-01-01;3;COMPANHIA PROVINCIA DE SECURITIZACAO;019429;FCA;77670;2018-08-31;http://www.rad.cvm.gov.br/ENETCONSULTA/frmDownloadDocumento.aspx?CodigoInstituicao=1&NumeroSequencialDocumento=77670
04.200.649/0001-07;2018-01-01;4;COMPANHIA PROVINCIA DE SECURITIZACAO;019429;FCA;77671;2018-08-31;http://www.rad.cvm.gov.br/ENETCONSULTA/frmDownloadDocumento.aspx?CodigoInstituicao=1&NumeroSequencialDocumento=77671
04.200.649/0001-07;2018-01-01;5;COMPANHIA PROVINCIA DE SECURITIZACAO;019429;FCA;77801;2018-09-13;http://www.rad.cvm.gov.br/ENETCONSULTA/frmDownloadDocumento.aspx?CodigoInstituicao=1&NumeroSequencialDocumento=77801
04.233.319/0001-18;2018-01-01;1;NCF PARTICIPAÇÕES S/A;024015;FCA;71005;2018-01-12;http://www.rad.cvm.gov.br/ENETCONSULTA/frmDownloadDocumento.aspx?CodigoInstituicao=1&NumeroSequencialDocumento=71005
04.233.319/0001-18;2018-01-01;2;NCF PARTICIPAÇÕES S/A;024015;FCA;73749;2018-05-04;http://www.rad.cvm.gov.br/ENETCONSULTA/frmDownloadDocumento.aspx?CodigoInstituicao=1&NumeroSequencialDocumento=73749
04.233.319/0001-18;2018-01-01;3;NCF PARTICIPAÇÕES S/A;024015;FCA;74291;2018-05-11;http://www.rad.cvm.gov.br/ENETCONSULTA/frmDownloadDocumento.aspx?CodigoInstituicao=1&NumeroSequencialDocumento=74291
04.423.567/0001-21;2018-01-01;1;ENEVA S.A;021237;FCA;70812;2018-01-04;http://www.rad.cvm.gov.br/ENETCONSULTA/frmDownloadDocumento.aspx?CodigoInstituicao=1&NumeroSequencialDocumento=70812
04.437.534/0001-30;2018-01-01;1;LOCAMÉRICA RENT-A-CAR S.A.;021555;FCA;72448;2018-03-20;http://www.rad.cvm.gov.br/ENETCONSULTA/frmDownloadDocumento.aspx?CodigoInstituicao=1&NumeroSequencialDocumento=72448
04.437.534/0001-30;2018-01-01;2;LOCAMÉRICA RENT-A-CAR S.A.;021555;FCA;73208;2018-04-09;http://www.rad.cvm.gov.br/ENETCONSULTA/frmDownloadDocumento.aspx?CodigoInstituicao=1&NumeroSequencialDocumento=73208
04.437.534/0001-30;2018-01-01;3;LOCAMÉRICA RENT-A-CAR S.A.;021555;FCA;73355;2018-04-18;http://www.rad.cvm.gov.br/ENETCONSULTA/frmDownloadDocumento.aspx?CodigoInstituicao=1&NumeroSequencialDocumento=73355
04.634.250/0001-34;2018-01-01;1;NOVA ACAO PARTICIPACOES S.A.;019224;FCA;72433;2018-03-20;http://www.rad.cvm.gov.br/ENETCONSULTA/frmDownloadDocumento.aspx?CodigoInstituicao=1&NumeroSequencialDocumento=72433
04.752.991/0001-10;2018-01-01;1;BIOMM S.A.;019305;FCA;71533;2018-02-16;http://www.rad.cvm.gov.br/ENETCONSULTA/frmDownloadDocumento.aspx?CodigoInstituicao=1&NumeroSequencialDocumento=71533
04.752.991/0001-10;2018-01-01;2;BIOMM S.A.;019305;FCA;76097;2018-06-26;http://www.rad.cvm.gov.br/ENETCONSULTA/frmDownloadDocumento.aspx?CodigoInstituicao=1&NumeroSequencialDocumento=76097
04.821.041/0001-08;2018-01-01;1;METALFRIO SOLUTIONS S.A.;020613;FCA;71655;2018-02-21;http://www.rad.cvm.gov.br/ENETCONSULTA/frmDownloadDocumento.aspx?CodigoInstituicao=1&NumeroSequencialDocumento=71655
04.821.041/0001-08;2018-01-01;2;METALFRIO SOLUTIONS S.A.;020613;FCA;73895;2018-05-08;http://www.rad.cvm.gov.br/ENETCONSULTA/frmDownloadDocumento.aspx?CodigoInstituicao=1&NumeroSequencialDocumento=73895
04.821.041/0001-08;2018-01-01;3;METALFRIO SOLUTIONS S.A.;020613;FCA;76840;2018-08-09;http://www.rad.cvm.gov.br/ENETCONSULTA/frmDownloadDocumento.aspx?CodigoInstituicao=1&NumeroSequencialDocumento=76840
04.895.728/0001-80;2018-01-01;1;EQUATORIAL PARÁ DISTRIBUIDORA DE ENERGIA S.A.;018309;FCA;72121;2018-03-09;http://www.rad.cvm.gov.br/ENETCONSULTA/frmDownloadDocumento.aspx?CodigoInstituicao=1&NumeroSequencialDocumento=72121
04.895.728/0001-80;2018-01-01;2;EQUATORIAL PARÁ DISTRIBUIDORA DE ENERGIA S.A.;018309;FCA;72633;2018-03-26;http://www.rad.cvm.gov.br/ENETCONSULTA/frmDownloadDocumento.aspx?CodigoInstituicao=1&NumeroSequencialDocumento=72633
04.895.728/0001-80;2018-01-01;3;EQUATORIAL PARÁ DISTRIBUIDORA DE ENERGIA S.A.;018309;FCA;76107;2018-06-27;http://www.rad.cvm.gov.br/ENETCONSULTA/frmDownloadDocumento.aspx?CodigoInstituicao=1&NumeroSequencialDocumento=76107
04.902.979/0001-44;2018-01-01;1;BCO AMAZONIA S.A.;000922;FCA;72156;2018-03-09;http://www.rad.cvm.gov.br/ENETCONSULTA/frmDownloadDocumento.aspx?CodigoInstituicao=1&NumeroSequencialDocumento=72156
04.902.979/0001-44;2018-01-01;2;BCO AMAZONIA S.A.;000922;FCA;76927;2018-08-10;http://www.rad.cvm.gov.br/ENETCONSULTA/frmDownloadDocumento.aspx?CodigoInstituicao=1&NumeroSequencialDocumento=76927
04.912.242/0001-02;2018-01-01;1;PORTUENSE FERRAGENS S/A;009717;FCA;72912;2018-03-29;http://www.rad.cvm.gov.br/ENETCONSULTA/frmDownloadDocumento.aspx?CodigoInstituicao=1&NumeroSequencialDocumento=72912
04.913.711/0001-08;2018-01-01;1;BCO ESTADO DO PARA S.A.;001171;FCA;71743;2018-02-23;http://www.rad.cvm.gov.br/ENETCONSULTA/frmDownloadDocumento.aspx?CodigoInstituicao=1&NumeroSequencialDocumento=71743
04.986.188/0001-40;2018-01-01;1;AGROINDUSTRIAL VERA CRUZ S.A.;511404;FCA;75757;2018-06-05;http://www.rad.cvm.gov.br/ENETCONSULTA/frmDownloadDocumento.aspx?CodigoInstituicao=1&NumeroSequencialDocumento=75757
04.986.320/0001-13;2018-01-01;1;SER EDUCACIONAL S.A.;023221;FCA;71524;2018-02-15;http://www.rad.cvm.gov.br/ENETCONSULTA/frmDownloadDocumento.aspx?CodigoInstituicao=1&NumeroSequencialDocumento=71524
04.986.320/0001-13;2018-01-01;2;SER EDUCACIONAL S.A.;023221;FCA;75868;2018-06-12;http://www.rad.cvm.gov.br/ENETCONSULTA/frmDownloadDocumento.aspx?CodigoInstituicao=1&NumeroSequencialDocumento=75868
04.992.714/0001-84;2018-01-01;1;NOVA TRANSPORTADORA DO SUDESTE S.A. - NTS;024708;FCA;79891;2019-03-22;http://www.rad.cvm.gov.br/ENETCONSULTA/frmDownloadDocumento.aspx?CodigoInstituicao=1&NumeroSequencialDocumento=79891
05.197.443/0001-38;2018-01-01;1;HAPVIDA PARTICIPAÇÕES E INVESTIMENTOS S.A.;024392;FCA;73466;2018-04-24;http://www.rad.cvm.gov.br/ENETCONSULTA/frmDownloadDocumento.aspx?CodigoInstituicao=1&NumeroSequencialDocumento=73466
05.336.882/0001-84;2018-01-01;1;CACHOEIRA PAULISTA TRANSMISSORA ENERGIA S.A.;022683;FCA;71824;2018-02-27;http://www.rad.cvm.gov.br/ENETCONSULTA/frmDownloadDocumento.aspx?CodigoInstituicao=1&NumeroSequencialDocumento=71824
05.336.882/0001-84;2018-01-01;2;CACHOEIRA PAULISTA TRANSMISSORA ENERGIA S.A.;022683;FCA;74426;2018-05-14;http://www.rad.cvm.gov.br/ENETCONSULTA/frmDownloadDocumento.aspx?CodigoInstituicao=1&NumeroSequencialDocumento=74426
05.341.549/0001-63;2018-01-01;1;TARPON INVESTIMENTOS S.A.;021717;FCA;71491;2018-02-09;http://www.rad.cvm.gov.br/ENETCONSULTA/frmDownloadDocumento.aspx?CodigoInstituicao=1&NumeroSequencialDocumento=71491
05.341.549/0001-63;2018-01-01;2;TARPON INVESTIMENTOS S.A.;021717;FCA;75196;2018-05-29;http://www.rad.cvm.gov.br/ENETCONSULTA/frmDownloadDocumento.aspx?CodigoInstituicao=1&NumeroSequencialDocumento=75196
05.341.549/0001-63;2018-01-01;3;TARPON INVESTIMENTOS S.A.;021717;FCA;76599;2018-07-31;http://www.rad.cvm.gov.br/ENETCONSULTA/frmDownloadDocumento.aspx?CodigoInstituicao=1&NumeroSequencialDocumento=76599
05.441.787/0001-40;2018-01-01;1;NORTE HOTELARIA S.A.;512729;FCA;76404;2018-07-20;http://www.rad.cvm.gov.br/ENETCONSULTA/frmDownloadDocumento.aspx?CodigoInstituicao=1&NumeroSequencialDocumento=76404
05.441.787/0001-40;2018-01-01;2;NORTE HOTELARIA S.A.;512729;FCA;76406;2018-07-20;http://www.rad.cvm.gov.br/ENETCONSULTA/frmDownloadDocumento.aspx?CodigoInstituicao=1&NumeroSequencialDocumento=76406
05.441.787/0001-40;2018-01-01;3;NORTE HOTELARIA S.A.;512729;FCA;76407;2018-07-20;http://www.rad.cvm.gov.br/ENETCONSULTA/frmDownloadDocumento.aspx?CodigoInstituicao=1&NumeroSequencialDocumento=76407
05.707.616/0001-10;2018-01-01;1;BANCO SANTANDER S.A.;080160;FCA;71278;2018-01-31;http://www.rad.cvm.gov.br/ENETCONSULTA/frmDownloadDocumento.aspx?CodigoInstituicao=1&NumeroSequencialDocumento=71278
05.721.735/0001-28;2018-01-01;1;WILSON SONS LTD.;080047;FCA;72294;2018-03-15;http://www.rad.cvm.gov.br/ENETCONSULTA/frmDownloadDocumento.aspx?CodigoInstituicao=1&NumeroSequencialDocumento=72294
05.721.735/0001-28;2018-01-01;2;WILSON SONS LTD.;080047;FCA;76526;2018-07-27;http://www.rad.cvm.gov.br/ENETCONSULTA/frmDownloadDocumento.aspx?CodigoInstituicao=1&NumeroSequencialDocumento=76526
05.721.735/0001-28;2018-01-01;3;WILSON SONS LTD.;080047;FCA;76527;2018-07-27;http://www.rad.cvm.gov.br/ENETCONSULTA/frmDownloadDocumento.aspx?CodigoInstituicao=1&NumeroSequencialDocumento=76527
05.730.375/0001-20;2018-01-01;1;SMILES FIDELIDADE S.A.;024252;FCA;71530;2018-02-15;http://www.rad.cvm.gov.br/ENETCONSULTA/frmDownloadDocumento.aspx?CodigoInstituicao=1&NumeroSequencialDocumento=71530
05.799.312/0001-20;2018-01-01;1;TERRA SANTA AGRO S.A.;020354;FCA;71149;2018-01-23;http://www.rad.cvm.gov.br/ENETCONSULTA/frmDownloadDocumento.aspx?CodigoInstituicao=1&NumeroSequencialDocumento=71149
05.799.312/0001-20;2018-01-01;2;TERRA SANTA AGRO S.A.;020354;FCA;73634;2018-05-02;http://www.rad.cvm.gov.br/ENETCONSULTA/frmDownloadDocumento.aspx?CodigoInstituicao=1&NumeroSequencialDocumento=73634
05.878.397/0001-32;2018-01-01;1;ALLOS S.A.;022357;FCA;72214;2018-03-13;http://www.rad.cvm.gov.br/ENETCONSULTA/frmDownloadDocumento.aspx?CodigoInstituicao=1&NumeroSequencialDocumento=72214
05.889.284/0001-32;2018-01-01;1;CSA-COMPANHIA SECURITIZADORA DE ATIVOS;019470;FCA;72901;2018-03-29;http://www.rad.cvm.gov.br/ENETCONSULTA/frmDownloadDocumento.aspx?CodigoInstituicao=1&NumeroSequencialDocumento=72901
06.082.980/0001-03;2018-01-01;1;ALIANSCE SHOPPING CENTERS S.A.;021300;FCA;71195;2018-01-25;http://www.rad.cvm.gov.br/ENETCONSULTA/frmDownloadDocumento.aspx?CodigoInstituicao=1&NumeroSequencialDocumento=71195
06.082.980/0001-03;2018-01-01;2;ALIANSCE SHOPPING CENTERS S.A.;021300;FCA;72440;2018-03-20;http://www.rad.cvm.gov.br/ENETCONSULTA/frmDownloadDocumento.aspx?CodigoInstituicao=1&NumeroSequencialDocumento=72440
06.137.677/0001-52;2018-01-01;1;BRPR 56 SECURITIZADORA CRED IMOB S.A.;019984;FCA;71311;2018-02-02;http://www.rad.cvm.gov.br/ENETCONSULTA/frmDownloadDocumento.aspx?CodigoInstituicao=1&NumeroSequencialDocumento=71311
06.137.677/0001-52;2018-01-01;2;BRPR 56 SECURITIZADORA CRED IMOB S.A.;019984;FCA;75195;2018-05-29;http://www.rad.cvm.gov.br/ENETCONSULTA/frmDownloadDocumento.aspx?CodigoInstituicao=1&NumeroSequencialDocumento=75195
06.164.253/0001-87;2018-01-01;1;GOL LINHAS AEREAS INTELIGENTES S.A.;019569;FCA;70745;2018-01-02;http://www.rad.cvm.gov.br/ENETCONSULTA/frmDownloadDocumento.aspx?CodigoInstituicao=1&NumeroSequencialDocumento=70745
06.272.793/0001-84;2018-01-01;1;EQUATORIAL MARANHÃO DISTRIBUIDORA DE ENERGIA S.A.;016608;FCA;72123;2018-03-09;http://www.rad.cvm.gov.br/ENETCONSULTA/frmDownloadDocumento.aspx?CodigoInstituicao=1&NumeroSequencialDocumento=72123
06.272.793/0001-84;2018-01-01;2;EQUATORIAL MARANHÃO DISTRIBUIDORA DE ENERGIA S.A.;016608;FCA;72631;2018-03-26;http://www.rad.cvm.gov.br/ENETCONSULTA/frmDownloadDocumento.aspx?CodigoInstituicao=1&NumeroSequencialDocumento=72631
06.272.793/0001-84;2018-01-01;3;EQUATORIAL MARANHÃO DISTRIBUIDORA DE ENERGIA S.A.;016608;FCA;76106;2018-06-27;http://www.rad.cvm.gov.br/ENETCONSULTA/frmDownloadDocumento.aspx?CodigoInstituicao=1&NumeroSequencialDocumento=76106
06.626.253/0001-51;2018-01-01;1;EMPREENDIMENTOS PAGUE MENOS S.A.;022608;FCA;70977;2018-01-10;http://www.rad.cvm.gov.br/ENETCONSULTA/frmDownloadDocumento.aspx?CodigoInstituicao=1&NumeroSequencialDocumento=70977
06.626.253/0001-51;2018-01-01;2;EMPREENDIMENTOS PAGUE MENOS S.A.;022608;FCA;75159;2018-05-29;http://www.rad.cvm.gov.br/ENETCONSULTA/frmDownloadDocumento.aspx?CodigoInstituicao=1&NumeroSequencialDocumento=75159
06.948.969/0001-75;2018-01-01;1;LINX S.A.;023035;FCA;71490;2018-02-09;http://www.rad.cvm.gov.br/ENETCONSULTA/frmDownloadDocumento.aspx?CodigoInstituicao=1&NumeroSequencialDocumento=71490
06.948.969/0001-75;2018-01-01;2;LINX S.A.;023035;FCA;73420;2018-04-23;http://www.rad.cvm.gov.br/ENETCONSULTA/frmDownloadDocumento.aspx?CodigoInstituicao=1&NumeroSequencialDocumento=73420
06.948.969/0001-75;2018-01-01;3;LINX S.A.;023035;FCA;73636;2018-05-02;http://www.rad.cvm.gov.br/ENETCONSULTA/frmDownloadDocumento.aspx?CodigoInstituicao=1&NumeroSequencialDocumento=73636
06.948.969/0001-75;2018-01-01;4;LINX S.A.;023035;FCA;76396;2018-07-19;http://www.rad.cvm.gov.br/ENETCONSULTA/frmDownloadDocumento.aspx?CodigoInstituicao=1&NumeroSequencialDocumento=76396
06.977.745/0001-91;2018-01-01;1;BR MALLS PARTICIPACOES S.A.;019909;FCA;72273;2018-03-14;http://www.rad.cvm.gov.br/ENETCONSULTA/frmDownloadDocumento.aspx?CodigoInstituicao=1&NumeroSequencialDocumento=72273
06.977.751/0001-49;2018-01-01;1;BR PROPERTIES S.A.;019925;FCA;71309;2018-02-02;http://www.rad.cvm.gov.br/ENETCONSULTA/frmDownloadDocumento.aspx?CodigoInstituicao=1&NumeroSequencialDocumento=71309
06.977.751/0001-49;2018-01-01;2;BR PROPERTIES S.A.;019925;FCA;71933;2018-03-02;http://www.rad.cvm.gov.br/ENETCONSULTA/frmDownloadDocumento.aspx?CodigoInstituicao=1&NumeroSequencialDocumento=71933
06.977.751/0001-49;2018-01-01;3;BR PROPERTIES S.A.;019925;FCA;75334;2018-05-30;http://www.rad.cvm.gov.br/ENETCONSULTA/frmDownloadDocumento.aspx?CodigoInstituicao=1&NumeroSequencialDocumento=75334
06.981.176/0001-58;2018-01-01;1;CEMIG GERACAO E TRANSMISSAO S.A.;020320;FCA;72247;2018-03-14;http://www.rad.cvm.gov.br/ENETCONSULTA/frmDownloadDocumento.aspx?CodigoInstituicao=1&NumeroSequencialDocumento=72247
06.981.176/0001-58;2018-01-01;2;CEMIG GERACAO E TRANSMISSAO S.A.;020320;FCA;72376;2018-03-16;http://www.rad.cvm.gov.br/ENETCONSULTA/frmDownloadDocumento.aspx?CodigoInstituicao=1&NumeroSequencialDocumento=72376
06.981.176/0001-58;2018-01-01;3;CEMIG GERACAO E TRANSMISSAO S.A.;020320;FCA;74450;2018-05-14;http://www.rad.cvm.gov.br/ENETCONSULTA/frmDownloadDocumento.aspx?CodigoInstituicao=1&NumeroSequencialDocumento=74450
06.981.180/0001-16;2018-01-01;1;CEMIG DISTRIBUICAO S.A.;020303;FCA;71130;2018-01-22;http://www.rad.cvm.gov.br/ENETCONSULTA/frmDownloadDocumento.aspx?CodigoInstituicao=1&NumeroSequencialDocumento=71130
06.981.180/0001-16;2018-01-01;2;CEMIG DISTRIBUICAO S.A.;020303;FCA;72375;2018-03-16;http://www.rad.cvm.gov.br/ENETCONSULTA/frmDownloadDocumento.aspx?CodigoInstituicao=1&NumeroSequencialDocumento=72375
06.981.180/0001-16;2018-01-01;3;CEMIG DISTRIBUICAO S.A.;020303;FCA;74467;2018-05-14;http://www.rad.cvm.gov.br/ENETCONSULTA/frmDownloadDocumento.aspx?CodigoInstituicao=1&NumeroSequencialDocumento=74467
06.981.381/0001-13;2018-01-01;1;CTC - CENTRO DE TECNOLOGIA CANAVIEIRA S.A.;023981;FCA;71441;2018-02-09;http://www.rad.cvm.gov.br/ENETCONSULTA/frmDownloadDocumento.aspx?CodigoInstituicao=1&NumeroSequencialDocumento=71441
07.021.459/0001-10;2018-01-01;1;BETA SECURITIZADORA S.A.;019747;FCA;72820;2018-03-28;http://www.rad.cvm.gov.br/ENETCONSULTA/frmDownloadDocumento.aspx?CodigoInstituicao=1&NumeroSequencialDocumento=72820
07.021.459/0001-10;2018-01-01;2;BETA SECURITIZADORA S.A.;019747;FCA;74624;2018-05-15;http://www.rad.cvm.gov.br/ENETCONSULTA/frmDownloadDocumento.aspx?CodigoInstituicao=1&NumeroSequencialDocumento=74624
07.021.459/0001-10;2018-01-01;3;BETA SECURITIZADORA S.A.;019747;FCA;75330;2018-05-30;http://www.rad.cvm.gov.br/ENETCONSULTA/frmDownloadDocumento.aspx?CodigoInstituicao=1&NumeroSequencialDocumento=75330
07.040.108/0001-57;2018-01-01;1;CAGECE - CIA DE AGUA E ESGOTO DO CEARA;018546;FCA;73811;2018-05-07;http://www.rad.cvm.gov.br/ENETCONSULTA/frmDownloadDocumento.aspx?CodigoInstituicao=1&NumeroSequencialDocumento=73811
07.043.628/0001-13;2018-01-01;1;CLARO TELECOM PARTICIPAÇÕES S.A.;023531;FCA;71442;2018-02-09;http://www.rad.cvm.gov.br/ENETCONSULTA/frmDownloadDocumento.aspx?CodigoInstituicao=1&NumeroSequencialDocumento=71442
07.043.628/0001-13;2018-01-01;2;CLARO TELECOM PARTICIPAÇÕES S.A.;023531;FCA;75035;2018-05-23;http://www.rad.cvm.gov.br/ENETCONSULTA/frmDownloadDocumento.aspx?CodigoInstituicao=1&NumeroSequencialDocumento=75035
07.043.628/0001-13;2018-01-01;3;CLARO TELECOM PARTICIPAÇÕES S.A.;023531;FCA;78253;2018-10-24;http://www.rad.cvm.gov.br/ENETCONSULTA/frmDownloadDocumento.aspx?CodigoInstituicao=1&NumeroSequencialDocumento=78253
07.047.251/0001-70;2018-01-01;1;CIA ENERGETICA DO CEARA - COELCE;014869;FCA;71842;2018-02-27;http://www.rad.cvm.gov.br/ENETCONSULTA/frmDownloadDocumento.aspx?CodigoInstituicao=1&NumeroSequencialDocumento=71842
07.047.251/0001-70;2018-01-01;2;CIA ENERGETICA DO CEARA - COELCE;014869;FCA;78606;2018-11-01;http://www.rad.cvm.gov.br/ENETCONSULTA/frmDownloadDocumento.aspx?CodigoInstituicao=1&NumeroSequencialDocumento=78606
07.047.251/0001-70;2018-01-01;3;CIA ENERGETICA DO CEARA - COELCE;014869;FCA;79708;2018-12-12;http://www.rad.cvm.gov.br/ENETCONSULTA/frmDownloadDocumento.aspx?CodigoInstituicao=1&NumeroSequencialDocumento=79708
07.119.838/0001-48;2018-01-01;1;SECME - COMPANHIA SECURITIZADORA DE CRÉDITOS IMOBILIÁRIOS;019720;FCA;71503;2018-02-14;http://www.rad.cvm.gov.br/ENETCONSULTA/frmDownloadDocumento.aspx?CodigoInstituicao=1&NumeroSequencialDocumento=71503
07.206.816/0001-15;2018-01-01;1;M.DIAS BRANCO S.A. IND COM DE ALIMENTOS;020338;FCA;71992;2018-03-05;http://www.rad.cvm.gov.br/ENETCONSULTA/frmDownloadDocumento.aspx?CodigoInstituicao=1&NumeroSequencialDocumento=71992
07.206.816/0001-15;2018-01-01;2;M.DIAS BRANCO S.A. IND COM DE ALIMENTOS;020338;FCA;72629;2018-03-26;http://www.rad.cvm.gov.br/ENETCONSULTA/frmDownloadDocumento.aspx?CodigoInstituicao=1&NumeroSequencialDocumento=72629
07.206.816/0001-15;2018-01-01;3;M.DIAS BRANCO S.A. IND COM DE ALIMENTOS;020338;FCA;75535;2018-05-30;http://www.rad.cvm.gov.br/ENETCONSULTA/frmDownloadDocumento.aspx?CodigoInstituicao=1&NumeroSequencialDocumento=75535
07.237.373/0001-20;2018-01-01;1;BCO NORDESTE DO BRASIL S.A.;001228;FCA;70820;2018-01-04;http://www.rad.cvm.gov.br/ENETCONSULTA/frmDownloadDocumento.aspx?CodigoInstituicao=1&NumeroSequencialDocumento=70820
07.237.373/0001-20;2018-01-01;2;BCO NORDESTE DO BRASIL S.A.;001228;FCA;73424;2018-04-23;http://www.rad.cvm.gov.br/ENETCONSULTA/frmDownloadDocumento.aspx?CodigoInstituicao=1&NumeroSequencialDocumento=73424
07.237.373/0001-20;2018-01-01;3;BCO NORDESTE DO BRASIL S.A.;001228;FCA;75884;2018-06-13;http://www.rad.cvm.gov.br/ENETCONSULTA/frmDownloadDocumento.aspx?CodigoInstituicao=1&NumeroSequencialDocumento=75884
07.237.373/0001-20;2018-01-01;4;BCO NORDESTE DO BRASIL S.A.;001228;FCA;76638;2018-08-02;http://www.rad.cvm.gov.br/ENETCONSULTA/frmDownloadDocumento.aspx?CodigoInstituicao=1&NumeroSequencialDocumento=76638
07.253.321/0001-47;2018-01-01;1;CARBOMIL SA MINER. E INDUSTRIA;014168;FCA;72848;2018-03-28;http://www.rad.cvm.gov.br/ENETCONSULTA/frmDownloadDocumento.aspx?CodigoInstituicao=1&NumeroSequencialDocumento=72848
07.253.321/0001-47;2018-01-01;2;CARBOMIL SA MINER. E INDUSTRIA;014168;FCA;74195;2018-05-10;http://www.rad.cvm.gov.br/ENETCONSULTA/frmDownloadDocumento.aspx?CodigoInstituicao=1&NumeroSequencialDocumento=74195
07.275.159/0001-68;2018-01-01;1;PETROLEO LUB DO NORDESTE SA;009520;FCA;71324;2018-02-05;http://www.rad.cvm.gov.br/ENETCONSULTA/frmDownloadDocumento.aspx?CodigoInstituicao=1&NumeroSequencialDocumento=71324
07.275.159/0001-68;2018-01-01;2;PETROLEO LUB DO NORDESTE SA;009520;FCA;72255;2018-03-14;http://www.rad.cvm.gov.br/ENETCONSULTA/frmDownloadDocumento.aspx?CodigoInstituicao=1&NumeroSequencialDocumento=72255
07.275.159/0001-68;2018-01-01;3;PETROLEO LUB DO NORDESTE SA;009520;FCA;73809;2018-05-07;http://www.rad.cvm.gov.br/ENETCONSULTA/frmDownloadDocumento.aspx?CodigoInstituicao=1&NumeroSequencialDocumento=73809
07.334.600/0001-35;2018-01-01;1;MARINA DE IRACEMA PARK SA;016268;FCA;72241;2018-03-14;http://www.rad.cvm.gov.br/ENETCONSULTA/frmDownloadDocumento.aspx?CodigoInstituicao=1&NumeroSequencialDocumento=72241
07.334.600/0001-35;2018-01-01;2;MARINA DE IRACEMA PARK SA;016268;FCA;73641;2018-05-02;http://www.rad.cvm.gov.br/ENETCONSULTA/frmDownloadDocumento.aspx?CodigoInstituicao=1&NumeroSequencialDocumento=73641
07.334.600/0001-35;2018-01-01;3;MARINA DE IRACEMA PARK SA;016268;FCA;73821;2018-05-07;http://www.rad.cvm.gov.br/ENETCONSULTA/frmDownloadDocumento.aspx?CodigoInstituicao=1&NumeroSequencialDocumento=73821
07.401.436/0001-31;2018-01-01;1;ELDORADO BRASIL CELULOSE S.A.;022810;FCA;70955;2018-01-10;http://www.rad.cvm.gov.br/ENETCONSULTA/frmDownloadDocumento.aspx?CodigoInstituicao=1&NumeroSequencialDocumento=70955
07.437.016/0001-05;2018-01-01;1;CINESYSTEM S.A.;023965;FCA;70927;2018-01-09;http://www.rad.cvm.gov.br/ENETCONSULTA/frmDownloadDocumento.aspx?CodigoInstituicao=1&NumeroSequencialDocumento=70927
07.526.557/0001-00;2018-01-01;1;AMBEV S.A.;023264;FCA;70968;2018-01-10;http://www.rad.cvm.gov.br/ENETCONSULTA/frmDownloadDocumento.aspx?CodigoInstituicao=1&NumeroSequencialDocumento=70968
07.526.557/0001-00;2018-01-01;2;AMBEV S.A.;023264;FCA;75516;2018-05-30;http://www.rad.cvm.gov.br/ENETCONSULTA/frmDownloadDocumento.aspx?CodigoInstituicao=1&NumeroSequencialDocumento=75516
07.526.557/0001-00;2018-01-01;3;AMBEV S.A.;023264;FCA;76304;2018-07-10;http://www.rad.cvm.gov.br/ENETCONSULTA/frmDownloadDocumento.aspx?CodigoInstituicao=1&NumeroSequencialDocumento=76304
07.587.384/0001-30;2018-01-01;1;PLANETA SECURITIZADORA S.A.;020222;FCA;72365;2018-03-16;http://www.rad.cvm.gov.br/ENETCONSULTA/frmDownloadDocumento.aspx?CodigoInstituicao=1&NumeroSequencialDocumento=72365
07.587.384/0001-30;2018-01-01;2;PLANETA SECURITIZADORA S.A.;020222;FCA;75125;2018-05-28;http://www.rad.cvm.gov.br/ENETCONSULTA/frmDownloadDocumento.aspx?CodigoInstituicao=1&NumeroSequencialDocumento=75125
07.594.978/0001-78;2018-01-01;1;SMARTFIT ESCOLA DE GINÁSTICA E DANÇA S.A.;024260;FCA;71112;2018-01-19;http://www.rad.cvm.gov.br/ENETCONSULTA/frmDownloadDocumento.aspx?CodigoInstituicao=1&NumeroSequencialDocumento=71112
07.594.978/0001-78;2018-01-01;2;SMARTFIT ESCOLA DE GINÁSTICA E DANÇA S.A.;024260;FCA;71575;2018-02-19;http://www.rad.cvm.gov.br/ENETCONSULTA/frmDownloadDocumento.aspx?CodigoInstituicao=1&NumeroSequencialDocumento=71575
07.594.978/0001-78;2018-01-01;3;SMARTFIT ESCOLA DE GINÁSTICA E DANÇA S.A.;024260;FCA;71769;2018-02-26;http://www.rad.cvm.gov.br/ENETCONSULTA/frmDownloadDocumento.aspx?CodigoInstituicao=1&NumeroSequencialDocumento=71769
07.594.978/0001-78;2018-01-01;4;SMARTFIT ESCOLA DE GINÁSTICA E DANÇA S.A.;024260;FCA;79430;2018-11-19;http://www.rad.cvm.gov.br/ENETCONSULTA/frmDownloadDocumento.aspx?CodigoInstituicao=1&NumeroSequencialDocumento=79430
07.594.978/0001-78;2018-01-01;5;SMARTFIT ESCOLA DE GINÁSTICA E DANÇA S.A.;024260;FCA;83678;2019-05-15;http://www.rad.cvm.gov.br/ENETCONSULTA/frmDownloadDocumento.aspx?CodigoInstituicao=1&NumeroSequencialDocumento=83678
07.628.528/0001-59;2018-01-01;1;BRASILAGRO - CIA BRAS DE PROP AGRICOLAS;020036;FCA;70294;2017-11-30;http://www.rad.cvm.gov.br/ENETCONSULTA/frmDownloadDocumento.aspx?CodigoInstituicao=1&NumeroSequencialDocumento=70294
07.659.538/0001-51;2018-01-01;1;DINAMICA ENERGIA S.A.;020052;FCA;72643;2018-03-26;http://www.rad.cvm.gov.br/ENETCONSULTA/frmDownloadDocumento.aspx?CodigoInstituicao=1&NumeroSequencialDocumento=72643
07.689.002/0001-89;2018-01-01;1;EMBRAER S.A.;020087;FCA;70778;2018-01-03;http://www.rad.cvm.gov.br/ENETCONSULTA/frmDownloadDocumento.aspx?CodigoInstituicao=1&NumeroSequencialDocumento=70778
07.689.002/0001-89;2018-01-01;2;EMBRAER S.A.;020087;FCA;73407;2018-04-20;http://www.rad.cvm.gov.br/ENETCONSULTA/frmDownloadDocumento.aspx?CodigoInstituicao=1&NumeroSequencialDocumento=73407
07.710.591/0001-30;2018-01-01;1;BRPR 55 SECURITIZADORA CRED IMOB S.A.;019941;FCA;71310;2018-02-02;http://www.rad.cvm.gov.br/ENETCONSULTA/frmDownloadDocumento.aspx?CodigoInstituicao=1&NumeroSequencialDocumento=71310
07.710.591/0001-30;2018-01-01;2;BRPR 55 SECURITIZADORA CRED IMOB S.A.;019941;FCA;75194;2018-05-29;http://www.rad.cvm.gov.br/ENETCONSULTA/frmDownloadDocumento.aspx?CodigoInstituicao=1&NumeroSequencialDocumento=75194
07.718.269/0001-57;2018-01-01;1;SPRINGS GLOBAL PARTICIPACOES S.A.;020966;FCA;71002;2018-01-12;http://www.rad.cvm.gov.br/ENETCONSULTA/frmDownloadDocumento.aspx?CodigoInstituicao=1&NumeroSequencialDocumento=71002
07.816.890/0001-53;2018-01-01;1;MULTIPLAN - EMPREEND IMOBILIARIOS S.A.;020982;FCA;71881;2018-02-28;http://www.rad.cvm.gov.br/ENETCONSULTA/frmDownloadDocumento.aspx?CodigoInstituicao=1&NumeroSequencialDocumento=71881
07.816.890/0001-53;2018-01-01;2;MULTIPLAN - EMPREEND IMOBILIARIOS S.A.;020982;FCA;73115;2018-04-04;http://www.rad.cvm.gov.br/ENETCONSULTA/frmDownloadDocumento.aspx?CodigoInstituicao=1&NumeroSequencialDocumento=73115
07.820.907/0001-46;2018-01-01;1;FICA EMPREENDIMENTOS IMOBILIÁRIOS S.A.;020630;FCA;72612;2018-03-23;http://www.rad.cvm.gov.br/ENETCONSULTA/frmDownloadDocumento.aspx?CodigoInstituicao=1&NumeroSequencialDocumento=72612
07.820.907/0001-46;2018-01-01;2;FICA EMPREENDIMENTOS IMOBILIÁRIOS S.A.;020630;FCA;76421;2018-07-20;http://www.rad.cvm.gov.br/ENETCONSULTA/frmDownloadDocumento.aspx?CodigoInstituicao=1&NumeroSequencialDocumento=76421
07.820.907/0001-46;2018-01-01;3;FICA EMPREENDIMENTOS IMOBILIÁRIOS S.A.;020630;FCA;76780;2018-08-08;http://www.rad.cvm.gov.br/ENETCONSULTA/frmDownloadDocumento.aspx?CodigoInstituicao=1&NumeroSequencialDocumento=76780
07.820.907/0001-46;2018-01-01;4;FICA EMPREENDIMENTOS IMOBILIÁRIOS S.A.;020630;FCA;77480;2018-08-17;http://www.rad.cvm.gov.br/ENETCONSULTA/frmDownloadDocumento.aspx?CodigoInstituicao=1&NumeroSequencialDocumento=77480
07.857.850/0001-50;2018-01-01;1;GP INVESTMENTS, LTD.;080020;FCA;72234;2018-03-13;http://www.rad.cvm.gov.br/ENETCONSULTA/frmDownloadDocumento.aspx?CodigoInstituicao=1&NumeroSequencialDocumento=72234
07.857.850/0001-50;2018-01-01;2;GP INVESTMENTS, LTD.;080020;FCA;73124;2018-04-04;http://www.rad.cvm.gov.br/ENETCONSULTA/frmDownloadDocumento.aspx?CodigoInstituicao=1&NumeroSequencialDocumento=73124
07.857.850/0001-50;2018-01-01;3;GP INVESTMENTS, LTD.;080020;FCA;76720;2018-08-06;http://www.rad.cvm.gov.br/ENETCONSULTA/frmDownloadDocumento.aspx?CodigoInstituicao=1&NumeroSequencialDocumento=76720
07.857.850/0001-50;2018-01-01;4;GP INVESTMENTS, LTD.;080020;FCA;81963;2019-04-01;http://www.rad.cvm.gov.br/ENETCONSULTA/frmDownloadDocumento.aspx?CodigoInstituicao=1&NumeroSequencialDocumento=81963
07.859.510/0001-68;2018-01-01;1;JHSF MALLS S.A.;024473;FCA;76088;2018-06-26;http://www.rad.cvm.gov.br/ENETCONSULTA/frmDownloadDocumento.aspx?CodigoInstituicao=1&NumeroSequencialDocumento=76088
07.859.510/0001-68;2018-01-01;2;JHSF MALLS S.A.;024473;FCA;76431;2018-07-23;http://www.rad.cvm.gov.br/ENETCONSULTA/frmDownloadDocumento.aspx?CodigoInstituicao=1&NumeroSequencialDocumento=76431
07.859.971/0001-30;2018-01-01;1;TRANSMISSORA ALIANÇA DE ENERGIA ELÉTRICA S.A.;020257;FCA;70832;2018-01-04;http://www.rad.cvm.gov.br/ENETCONSULTA/frmDownloadDocumento.aspx?CodigoInstituicao=1&NumeroSequencialDocumento=70832
07.859.971/0001-30;2018-01-01;2;TRANSMISSORA ALIANÇA DE ENERGIA ELÉTRICA S.A.;020257;FCA;76034;2018-06-25;http://www.rad.cvm.gov.br/ENETCONSULTA/frmDownloadDocumento.aspx?CodigoInstituicao=1&NumeroSequencialDocumento=76034
07.950.674/0001-04;2018-01-01;1;CCX CARVÃO DA COLÔMBIA S.A. - EM LIQUIDAÇÃO;020184;FCA;71891;2018-02-28;http://www.rad.cvm.gov.br/ENETCONSULTA/frmDownloadDocumento.aspx?CodigoInstituicao=1&NumeroSequencialDocumento=71891
07.950.674/0001-04;2018-01-01;2;CCX CARVÃO DA COLÔMBIA S.A. - EM LIQUIDAÇÃO;020184;FCA;72223;2018-03-13;http://www.rad.cvm.gov.br/ENETCONSULTA/frmDownloadDocumento.aspx?CodigoInstituicao=1&NumeroSequencialDocumento=72223
07.950.674/0001-04;2018-01-01;3;CCX CARVÃO DA COLÔMBIA S.A. - EM LIQUIDAÇÃO;020184;FCA;74106;2018-05-09;http://www.rad.cvm.gov.br/ENETCONSULTA/frmDownloadDocumento.aspx?CodigoInstituicao=1&NumeroSequencialDocumento=74106
07.950.674/0001-04;2018-01-01;4;CCX CARVÃO DA COLÔMBIA S.A. - EM LIQUIDAÇÃO;020184;FCA;78295;2018-10-25;http://www.rad.cvm.gov.br/ENETCONSULTA/frmDownloadDocumento.aspx?CodigoInstituicao=1&NumeroSequencialDocumento=78295
07.957.093/0001-96;2018-01-01;1;ÓLEO E GÁS PARTICIPAÇÕES S.A.;020168;FCA;72054;2018-03-07;http://www.rad.cvm.gov.br/ENETCONSULTA/frmDownloadDocumento.aspx?CodigoInstituicao=1&NumeroSequencialDocumento=72054
07.957.093/0001-96;2018-01-01;2;ÓLEO E GÁS PARTICIPAÇÕES S.A.;020168;FCA;75692;2018-05-31;http://www.rad.cvm.gov.br/ENETCONSULTA/frmDownloadDocumento.aspx?CodigoInstituicao=1&NumeroSequencialDocumento=75692
08.065.557/0001-12;2018-01-01;1;TECNISA S.A.;020435;FCA;71158;2018-01-23;http://www.rad.cvm.gov.br/ENETCONSULTA/frmDownloadDocumento.aspx?CodigoInstituicao=1&NumeroSequencialDocumento=71158
08.065.557/0001-12;2018-01-01;2;TECNISA S.A.;020435;FCA;71176;2018-01-24;http://www.rad.cvm.gov.br/ENETCONSULTA/frmDownloadDocumento.aspx?CodigoInstituicao=1&NumeroSequencialDocumento=71176
08.065.557/0001-12;2018-01-01;3;TECNISA S.A.;020435;FCA;77788;2018-09-12;http://www.rad.cvm.gov.br/ENETCONSULTA/frmDownloadDocumento.aspx?CodigoInstituicao=1&NumeroSequencialDocumento=77788
08.070.508/0001-78;2018-01-01;1;RAIZEN ENERGIA S.A.;023230;FCA;71329;2018-02-05;http://www.rad.cvm.gov.br/ENETCONSULTA/frmDownloadDocumento.aspx?CodigoInstituicao=1&NumeroSequencialDocumento=71329
08.078.847/0001-09;2018-01-01;1;LPS BRASIL - CONSULTORIA DE IMOVEIS S.A.;020370;FCA;70850;2018-01-05;http://www.rad.cvm.gov.br/ENETCONSULTA/frmDownloadDocumento.aspx?CodigoInstituicao=1&NumeroSequencialDocumento=70850
08.078.847/0001-09;2018-01-01;2;LPS BRASIL - CONSULTORIA DE IMOVEIS S.A.;020370;FCA;77680;2018-09-03;http://www.rad.cvm.gov.br/ENETCONSULTA/frmDownloadDocumento.aspx?CodigoInstituicao=1&NumeroSequencialDocumento=77680
08.159.965/0001-33;2018-01-01;1;IGUA SANEAMENTO S.A.;023175;FCA;72171;2018-03-12;http://www.rad.cvm.gov.br/ENETCONSULTA/frmDownloadDocumento.aspx?CodigoInstituicao=1&NumeroSequencialDocumento=72171
08.159.965/0001-33;2018-01-01;2;IGUA SANEAMENTO S.A.;023175;FCA;75059;2018-05-24;http://www.rad.cvm.gov.br/ENETCONSULTA/frmDownloadDocumento.aspx?CodigoInstituicao=1&NumeroSequencialDocumento=75059
08.159.965/0001-33;2018-01-01;3;IGUA SANEAMENTO S.A.;023175;FCA;75927;2018-06-15;http://www.rad.cvm.gov.br/ENETCONSULTA/frmDownloadDocumento.aspx?CodigoInstituicao=1&NumeroSequencialDocumento=75927
08.294.224/0001-65;2018-01-01;1;JHSF PARTICIPACOES S.A.;020605;FCA;70888;2018-01-08;http://www.rad.cvm.gov.br/ENETCONSULTA/frmDownloadDocumento.aspx?CodigoInstituicao=1&NumeroSequencialDocumento=70888
08.294.224/0001-65;2018-01-01;2;JHSF PARTICIPACOES S.A.;020605;FCA;71283;2018-02-01;http://www.rad.cvm.gov.br/ENETCONSULTA/frmDownloadDocumento.aspx?CodigoInstituicao=1&NumeroSequencialDocumento=71283
08.294.224/0001-65;2018-01-01;3;JHSF PARTICIPACOES S.A.;020605;FCA;76430;2018-07-23;http://www.rad.cvm.gov.br/ENETCONSULTA/frmDownloadDocumento.aspx?CodigoInstituicao=1&NumeroSequencialDocumento=76430
08.312.229/0001-73;2018-01-01;1;EZ TEC EMPREEND. E PARTICIPACOES S.A.;020770;FCA;71717;2018-02-22;http://www.rad.cvm.gov.br/ENETCONSULTA/frmDownloadDocumento.aspx?CodigoInstituicao=1&NumeroSequencialDocumento=71717
08.312.229/0001-73;2018-01-01;2;EZ TEC EMPREEND. E PARTICIPACOES S.A.;020770;FCA;71724;2018-02-23;http://www.rad.cvm.gov.br/ENETCONSULTA/frmDownloadDocumento.aspx?CodigoInstituicao=1&NumeroSequencialDocumento=71724
08.312.229/0001-73;2018-01-01;3;EZ TEC EMPREEND. E PARTICIPACOES S.A.;020770;FCA;71831;2018-02-27;http://www.rad.cvm.gov.br/ENETCONSULTA/frmDownloadDocumento.aspx?CodigoInstituicao=1&NumeroSequencialDocumento=71831
08.312.229/0001-73;2018-01-01;4;EZ TEC EMPREEND. E PARTICIPACOES S.A.;020770;FCA;77075;2018-08-13;http://www.rad.cvm.gov.br/ENETCONSULTA/frmDownloadDocumento.aspx?CodigoInstituicao=1&NumeroSequencialDocumento=77075
08.324.196/0001-81;2018-01-01;1;CIA ENERGETICA DO RIO GDE NORTE - COSERN;018139;FCA;71608;2018-02-19;http://www.rad.cvm.gov.br/ENETCONSULTA/frmDownloadDocumento.aspx?CodigoInstituicao=1&NumeroSequencialDocumento=71608
08.324.196/0001-81;2018-01-01;2;CIA ENERGETICA DO RIO GDE NORTE - COSERN;018139;FCA;76725;2018-08-07;http://www.rad.cvm.gov.br/ENETCONSULTA/frmDownloadDocumento.aspx?CodigoInstituicao=1&NumeroSequencialDocumento=76725
08.343.492/0001-20;2018-01-01;1;MRV ENGENHARIA E PARTICIPACOES S.A.;020915;FCA;70774;2018-01-03;http://www.rad.cvm.gov.br/ENETCONSULTA/frmDownloadDocumento.aspx?CodigoInstituicao=1&NumeroSequencialDocumento=70774
08.364.948/0001-38;2018-01-01;1;ALUPAR INVESTIMENTO S/A;021490;FCA;71089;2018-01-18;http://www.rad.cvm.gov.br/ENETCONSULTA/frmDownloadDocumento.aspx?CodigoInstituicao=1&NumeroSequencialDocumento=71089
08.402.943/0001-52;2018-01-01;1;GUARARAPES CONFECCOES S.A.;004669;FCA;71794;2018-02-26;http://www.rad.cvm.gov.br/ENETCONSULTA/frmDownloadDocumento.aspx?CodigoInstituicao=1&NumeroSequencialDocumento=71794
08.402.943/0001-52;2018-01-01;2;GUARARAPES CONFECCOES S.A.;004669;FCA;73669;2018-05-02;http://www.rad.cvm.gov.br/ENETCONSULTA/frmDownloadDocumento.aspx?CodigoInstituicao=1&NumeroSequencialDocumento=73669
08.439.659/0001-50;2018-01-01;1;CPFL ENERGIAS RENOVÁVEIS S.A.;020540;FCA;70869;2018-01-05;http://www.rad.cvm.gov.br/ENETCONSULTA/frmDownloadDocumento.aspx?CodigoInstituicao=1&NumeroSequencialDocumento=70869
08.439.659/0001-50;2018-01-01;2;CPFL ENERGIAS RENOVÁVEIS S.A.;020540;FCA;72201;2018-03-13;http://www.rad.cvm.gov.br/ENETCONSULTA/frmDownloadDocumento.aspx?CodigoInstituicao=1&NumeroSequencialDocumento=72201
08.467.115/0001-00;2018-01-01;1;CIA ESTADUAL DE DISTRIB ENER ELET-CEEE-D;020648;FCA;70880;2018-01-08;http://www.rad.cvm.gov.br/ENETCONSULTA/frmDownloadDocumento.aspx?CodigoInstituicao=1&NumeroSequencialDocumento=70880
08.467.115/0001-00;2018-01-01;2;CIA ESTADUAL DE DISTRIB ENER ELET-CEEE-D;020648;FCA;71070;2018-01-18;http://www.rad.cvm.gov.br/ENETCONSULTA/frmDownloadDocumento.aspx?CodigoInstituicao=1&NumeroSequencialDocumento=71070
08.467.115/0001-00;2018-01-01;3;CIA ESTADUAL DE DISTRIB ENER ELET-CEEE-D;020648;FCA;73477;2018-04-24;http://www.rad.cvm.gov.br/ENETCONSULTA/frmDownloadDocumento.aspx?CodigoInstituicao=1&NumeroSequencialDocumento=73477
08.467.115/0001-00;2018-01-01;4;CIA ESTADUAL DE DISTRIB ENER ELET-CEEE-D;020648;FCA;73512;2018-04-26;http://www.rad.cvm.gov.br/ENETCONSULTA/frmDownloadDocumento.aspx?CodigoInstituicao=1&NumeroSequencialDocumento=73512
08.467.115/0001-00;2018-01-01;5;CIA ESTADUAL DE DISTRIB ENER ELET-CEEE-D;020648;FCA;80299;2019-01-24;http://www.rad.cvm.gov.br/ENETCONSULTA/frmDownloadDocumento.aspx?CodigoInstituicao=1&NumeroSequencialDocumento=80299
08.493.364/0001-62;2018-01-01;1;CIA MINEIRA DE AÇUCAR E ALCOOL PARTICIPAÇÕES;021709;FCA;71422;2018-02-08;http://www.rad.cvm.gov.br/ENETCONSULTA/frmDownloadDocumento.aspx?CodigoInstituicao=1&NumeroSequencialDocumento=71422
08.493.364/0001-62;2018-01-01;2;CIA MINEIRA DE AÇUCAR E ALCOOL PARTICIPAÇÕES;021709;FCA;75901;2018-06-14;http://www.rad.cvm.gov.br/ENETCONSULTA/frmDownloadDocumento.aspx?CodigoInstituicao=1&NumeroSequencialDocumento=75901
08.493.364/0001-62;2018-01-01;3;CIA MINEIRA DE AÇUCAR E ALCOOL PARTICIPAÇÕES;021709;FCA;76981;2018-08-13;http://www.rad.cvm.gov.br/ENETCONSULTA/frmDownloadDocumento.aspx?CodigoInstituicao=1&NumeroSequencialDocumento=76981
08.534.605/0001-74;2018-01-01;1;RENOVA ENERGIA S.A. - EM RECUPERAÇÃO JUDICIAL;021636;FCA;71876;2018-02-28;http://www.rad.cvm.gov.br/ENETCONSULTA/frmDownloadDocumento.aspx?CodigoInstituicao=1&NumeroSequencialDocumento=71876
08.534.605/0001-74;2018-01-01;2;RENOVA ENERGIA S.A. - EM RECUPERAÇÃO JUDICIAL;021636;FCA;77907;2018-09-24;http://www.rad.cvm.gov.br/ENETCONSULTA/frmDownloadDocumento.aspx?CodigoInstituicao=1&NumeroSequencialDocumento=77907
08.560.444/0001-93;2018-01-01;1;CIA CELG DE PARTICIPACOES - CELGPAR;021393;FCA;75024;2018-05-23;http://www.rad.cvm.gov.br/ENETCONSULTA/frmDownloadDocumento.aspx?CodigoInstituicao=1&NumeroSequencialDocumento=75024
08.560.444/0001-93;2018-01-01;2;CIA CELG DE PARTICIPACOES - CELGPAR;021393;FCA;76166;2018-07-02;http://www.rad.cvm.gov.br/ENETCONSULTA/frmDownloadDocumento.aspx?CodigoInstituicao=1&NumeroSequencialDocumento=76166
08.574.411/0001-00;2018-01-01;1;PRÁTICA PRODUTOS S.A.;024546;FCA;73657;2018-09-17;http://www.rad.cvm.gov.br/ENETCONSULTA/frmDownloadDocumento.aspx?CodigoInstituicao=1&NumeroSequencialDocumento=73657
08.574.411/0001-00;2018-01-01;2;PRÁTICA PRODUTOS S.A.;024546;FCA;77979;2018-10-01;http://www.rad.cvm.gov.br/ENETCONSULTA/frmDownloadDocumento.aspx?CodigoInstituicao=1&NumeroSequencialDocumento=77979
08.574.411/0001-00;2018-01-01;3;PRÁTICA PRODUTOS S.A.;024546;FCA;78016;2018-10-04;http://www.rad.cvm.gov.br/ENETCONSULTA/frmDownloadDocumento.aspx?CodigoInstituicao=1&NumeroSequencialDocumento=78016
08.613.550/0001-98;2018-01-01;1;NEXPE PARTICIPAÇÕES S.A;021180;FCA;71169;2018-01-23;http://www.rad.cvm.gov.br/ENETCONSULTA/frmDownloadDocumento.aspx?CodigoInstituicao=1&NumeroSequencialDocumento=71169
08.613.550/0001-98;2018-01-01;2;NEXPE PARTICIPAÇÕES S.A;021180;FCA;74905;2018-05-17;http://www.rad.cvm.gov.br/ENETCONSULTA/frmDownloadDocumento.aspx?CodigoInstituicao=1&NumeroSequencialDocumento=74905
08.613.550/0001-98;2018-01-01;3;NEXPE PARTICIPAÇÕES S.A;021180;FCA;77800;2018-09-13;http://www.rad.cvm.gov.br/ENETCONSULTA/frmDownloadDocumento.aspx?CodigoInstituicao=1&NumeroSequencialDocumento=77800
08.653.753/0001-08;2018-01-01;1;BRC SECURITIZADORA S.A.;020672;FCA;72087;2018-03-08;http://www.rad.cvm.gov.br/ENETCONSULTA/frmDownloadDocumento.aspx?CodigoInstituicao=1&NumeroSequencialDocumento=72087
08.653.753/0001-08;2018-01-01;2;BRC SECURITIZADORA S.A.;020672;FCA;73529;2018-04-26;http://www.rad.cvm.gov.br/ENETCONSULTA/frmDownloadDocumento.aspx?CodigoInstituicao=1&NumeroSequencialDocumento=73529
08.684.547/0001-65;2018-01-01;1;MAGNESITA REFRATARIOS S.A.;020842;FCA;70743;2018-01-02;http://www.rad.cvm.gov.br/ENETCONSULTA/frmDownloadDocumento.aspx?CodigoInstituicao=1&NumeroSequencialDocumento=70743
08.684.547/0001-65;2018-01-01;2;MAGNESITA REFRATARIOS S.A.;020842;FCA;73077;2018-04-03;http://www.rad.cvm.gov.br/ENETCONSULTA/frmDownloadDocumento.aspx?CodigoInstituicao=1&NumeroSequencialDocumento=73077
08.684.547/0001-65;2018-01-01;3;MAGNESITA REFRATARIOS S.A.;020842;FCA;76458;2018-07-24;http://www.rad.cvm.gov.br/ENETCONSULTA/frmDownloadDocumento.aspx?CodigoInstituicao=1&NumeroSequencialDocumento=76458
08.684.547/0001-65;2018-01-01;4;MAGNESITA REFRATARIOS S.A.;020842;FCA;77583;2018-08-24;http://www.rad.cvm.gov.br/ENETCONSULTA/frmDownloadDocumento.aspx?CodigoInstituicao=1&NumeroSequencialDocumento=77583
08.684.547/0001-65;2018-01-01;5;MAGNESITA REFRATARIOS S.A.;020842;FCA;79908;2018-12-27;http://www.rad.cvm.gov.br/ENETCONSULTA/frmDownloadDocumento.aspx?CodigoInstituicao=1&NumeroSequencialDocumento=79908
08.741.499/0001-08;2018-01-01;1;PRUMO LOGISTICA SA;021482;FCA;71087;2018-01-18;http://www.rad.cvm.gov.br/ENETCONSULTA/frmDownloadDocumento.aspx?CodigoInstituicao=1&NumeroSequencialDocumento=71087
08.741.499/0001-08;2018-01-01;2;PRUMO LOGISTICA SA;021482;FCA;72441;2018-03-20;http://www.rad.cvm.gov.br/ENETCONSULTA/frmDownloadDocumento.aspx?CodigoInstituicao=1&NumeroSequencialDocumento=72441
08.764.621/0001-53;2018-01-01;1;GENERAL SHOPPING E OUTLETS DO BRASIL BRASIL S.A.;021008;FCA;71592;2018-02-19;http://www.rad.cvm.gov.br/ENETCONSULTA/frmDownloadDocumento.aspx?CodigoInstituicao=1&NumeroSequencialDocumento=71592
08.764.621/0001-53;2018-01-01;2;GENERAL SHOPPING E OUTLETS DO BRASIL BRASIL S.A.;021008;FCA;73140;2018-04-05;http://www.rad.cvm.gov.br/ENETCONSULTA/frmDownloadDocumento.aspx?CodigoInstituicao=1&NumeroSequencialDocumento=73140
08.764.621/0001-53;2018-01-01;3;GENERAL SHOPPING E OUTLETS DO BRASIL BRASIL S.A.;021008;FCA;73152;2018-04-05;http://www.rad.cvm.gov.br/ENETCONSULTA/frmDownloadDocumento.aspx?CodigoInstituicao=1&NumeroSequencialDocumento=73152
08.769.451/0001-08;2018-01-01;1;VIRGO COMPANHIA DE SECURITIZAÇÃO;020818;FCA;72524;2018-03-22;http://www.rad.cvm.gov.br/ENETCONSULTA/frmDownloadDocumento.aspx?CodigoInstituicao=1&NumeroSequencialDocumento=72524
08.769.451/0001-08;2018-01-01;2;VIRGO COMPANHIA DE SECURITIZAÇÃO;020818;FCA;77597;2018-08-27;http://www.rad.cvm.gov.br/ENETCONSULTA/frmDownloadDocumento.aspx?CodigoInstituicao=1&NumeroSequencialDocumento=77597
08.773.191/0001-36;2018-01-01;1;BRASILIANA PARTICIPAÇÕES S/A;023930;FCA;70948;2018-01-10;http://www.rad.cvm.gov.br/ENETCONSULTA/frmDownloadDocumento.aspx?CodigoInstituicao=1&NumeroSequencialDocumento=70948
08.773.191/0001-36;2018-01-01;2;BRASILIANA PARTICIPAÇÕES S/A;023930;FCA;77610;2018-08-27;http://www.rad.cvm.gov.br/ENETCONSULTA/frmDownloadDocumento.aspx?CodigoInstituicao=1&NumeroSequencialDocumento=77610
08.773.191/0001-36;2018-01-01;3;BRASILIANA PARTICIPAÇÕES S/A;023930;FCA;79474;2018-11-21;http://www.rad.cvm.gov.br/ENETCONSULTA/frmDownloadDocumento.aspx?CodigoInstituicao=1&NumeroSequencialDocumento=79474
08.795.211/0001-70;2018-01-01;1;MAESTRO LOCADORA DE VEICULOS S.A.;023612;FCA;70876;2018-01-08;http://www.rad.cvm.gov.br/ENETCONSULTA/frmDownloadDocumento.aspx?CodigoInstituicao=1&NumeroSequencialDocumento=70876
08.795.211/0001-70;2018-01-01;2;MAESTRO LOCADORA DE VEICULOS S.A.;023612;FCA;72651;2018-03-26;http://www.rad.cvm.gov.br/ENETCONSULTA/frmDownloadDocumento.aspx?CodigoInstituicao=1&NumeroSequencialDocumento=72651
08.795.211/0001-70;2018-01-01;3;MAESTRO LOCADORA DE VEICULOS S.A.;023612;FCA;77136;2018-08-14;http://www.rad.cvm.gov.br/ENETCONSULTA/frmDownloadDocumento.aspx?CodigoInstituicao=1&NumeroSequencialDocumento=77136
08.801.621/0001-86;2018-01-01;1;SYN PROP & TECH S.A.;021040;FCA;71029;2018-01-15;http://www.rad.cvm.gov.br/ENETCONSULTA/frmDownloadDocumento.aspx?CodigoInstituicao=1&NumeroSequencialDocumento=71029
08.807.432/0001-10;2018-01-01;1;YDUQS PARTICIPACOES S.A.;021016;FCA;71396;2018-02-07;http://www.rad.cvm.gov.br/ENETCONSULTA/frmDownloadDocumento.aspx?CodigoInstituicao=1&NumeroSequencialDocumento=71396
08.807.432/0001-10;2018-01-01;2;YDUQS PARTICIPACOES S.A.;021016;FCA;72469;2018-03-21;http://www.rad.cvm.gov.br/ENETCONSULTA/frmDownloadDocumento.aspx?CodigoInstituicao=1&NumeroSequencialDocumento=72469
08.807.432/0001-10;2018-01-01;3;YDUQS PARTICIPACOES S.A.;021016;FCA;75001;2018-05-22;http://www.rad.cvm.gov.br/ENETCONSULTA/frmDownloadDocumento.aspx?CodigoInstituicao=1&NumeroSequencialDocumento=75001
08.811.643/0001-27;2018-01-01;1;TRISUL S.A.;021130;FCA;70959;2018-01-10;http://www.rad.cvm.gov.br/ENETCONSULTA/frmDownloadDocumento.aspx?CodigoInstituicao=1&NumeroSequencialDocumento=70959
08.822.767/0001-08;2018-01-01;1;CONCESSIONÁRIA DA RODOVIA MG-050 S.A.;024104;FCA;73143;2018-04-05;http://www.rad.cvm.gov.br/ENETCONSULTA/frmDownloadDocumento.aspx?CodigoInstituicao=1&NumeroSequencialDocumento=73143
08.827.501/0001-58;2018-01-01;1;AEGEA SANEAMENTO E PARTICIPAÇÕES S.A.;023396;FCA;71507;2018-02-14;http://www.rad.cvm.gov.br/ENETCONSULTA/frmDownloadDocumento.aspx?CodigoInstituicao=1&NumeroSequencialDocumento=71507
08.827.501/0001-58;2018-01-01;2;AEGEA SANEAMENTO E PARTICIPAÇÕES S.A.;023396;FCA;71785;2018-02-26;http://www.rad.cvm.gov.br/ENETCONSULTA/frmDownloadDocumento.aspx?CodigoInstituicao=1&NumeroSequencialDocumento=71785
08.827.501/0001-58;2018-01-01;3;AEGEA SANEAMENTO E PARTICIPAÇÕES S.A.;023396;FCA;76646;2018-08-02;http://www.rad.cvm.gov.br/ENETCONSULTA/frmDownloadDocumento.aspx?CodigoInstituicao=1&NumeroSequencialDocumento=76646
08.827.501/0001-58;2018-01-01;4;AEGEA SANEAMENTO E PARTICIPAÇÕES S.A.;023396;FCA;79909;2018-12-27;http://www.rad.cvm.gov.br/ENETCONSULTA/frmDownloadDocumento.aspx?CodigoInstituicao=1&NumeroSequencialDocumento=79909
08.827.501/0001-58;2018-01-01;5;AEGEA SANEAMENTO E PARTICIPAÇÕES S.A.;023396;FCA;80368;2019-01-30;http://www.rad.cvm.gov.br/ENETCONSULTA/frmDownloadDocumento.aspx?CodigoInstituicao=1&NumeroSequencialDocumento=80368
08.873.873/0001-10;2018-01-01;1;ECORODOVIAS CONCESSÕES E SERVIÇOS S.A.;021903;FCA;70896;2018-01-08;http://www.rad.cvm.gov.br/ENETCONSULTA/frmDownloadDocumento.aspx?CodigoInstituicao=1&NumeroSequencialDocumento=70896
08.873.873/0001-10;2018-01-01;2;ECORODOVIAS CONCESSÕES E SERVIÇOS S.A.;021903;FCA;73163;2018-04-06;http://www.rad.cvm.gov.br/ENETCONSULTA/frmDownloadDocumento.aspx?CodigoInstituicao=1&NumeroSequencialDocumento=73163
08.884.213/0001-35;2018-01-01;1;BCO PATAGONIA S.A.;080063;FCA;72845;2018-03-28;http://www.rad.cvm.gov.br/ENETCONSULTA/frmDownloadDocumento.aspx?CodigoInstituicao=1&NumeroSequencialDocumento=72845
08.884.213/0001-35;2018-01-01;2;BCO PATAGONIA S.A.;080063;FCA;75029;2018-05-23;http://www.rad.cvm.gov.br/ENETCONSULTA/frmDownloadDocumento.aspx?CodigoInstituicao=1&NumeroSequencialDocumento=75029
08.887.330/0001-52;2018-01-01;1;COSAN LIMITED;080071;FCA;71920;2018-03-01;http://www.rad.cvm.gov.br/ENETCONSULTA/frmDownloadDocumento.aspx?CodigoInstituicao=1&NumeroSequencialDocumento=71920
08.903.116/0001-42;2018-01-01;1;NOVA SECURITIZACAO S.A.;021105;FCA;72587;2018-03-23;http://www.rad.cvm.gov.br/ENETCONSULTA/frmDownloadDocumento.aspx?CodigoInstituicao=1&NumeroSequencialDocumento=72587
08.926.302/0001-05;2018-01-01;1;DOMMO ENERGIA S.A.;023493;FCA;70801;2018-01-03;http://www.rad.cvm.gov.br/ENETCONSULTA/frmDownloadDocumento.aspx?CodigoInstituicao=1&NumeroSequencialDocumento=70801
08.926.302/0001-05;2018-01-01;2;DOMMO ENERGIA S.A.;023493;FCA;71013;2018-01-12;http://www.rad.cvm.gov.br/ENETCONSULTA/frmDownloadDocumento.aspx?CodigoInstituicao=1&NumeroSequencialDocumento=71013
08.926.302/0001-05;2018-01-01;3;DOMMO ENERGIA S.A.;023493;FCA;76351;2018-07-13;http://www.rad.cvm.gov.br/ENETCONSULTA/frmDownloadDocumento.aspx?CodigoInstituicao=1&NumeroSequencialDocumento=76351
08.935.054/0001-50;2018-01-01;1;MULTINER S/A;021520;FCA;71538;2018-02-16;http://www.rad.cvm.gov.br/ENETCONSULTA/frmDownloadDocumento.aspx?CodigoInstituicao=1&NumeroSequencialDocumento=71538
08.935.054/0001-50;2018-01-01;2;MULTINER S/A;021520;FCA;72019;2018-03-06;http://www.rad.cvm.gov.br/ENETCONSULTA/frmDownloadDocumento.aspx?CodigoInstituicao=1&NumeroSequencialDocumento=72019
08.937.002/0001-13;2018-01-01;1;VISION SECURITIZADORA S.A.;021075;FCA;72474;2018-03-21;http://www.rad.cvm.gov.br/ENETCONSULTA/frmDownloadDocumento.aspx?CodigoInstituicao=1&NumeroSequencialDocumento=72474
09.041.168/0001-10;2018-01-01;1;LOG COMMERCIAL PROPERTIES E PARTICIPAÇÕES;023272;FCA;70790;2018-01-03;http://www.rad.cvm.gov.br/ENETCONSULTA/frmDownloadDocumento.aspx?CodigoInstituicao=1&NumeroSequencialDocumento=70790
09.041.168/0001-10;2018-01-01;2;LOG COMMERCIAL PROPERTIES E PARTICIPAÇÕES;023272;FCA;79421;2018-11-16;http://www.rad.cvm.gov.br/ENETCONSULTA/frmDownloadDocumento.aspx?CodigoInstituicao=1&NumeroSequencialDocumento=79421
09.041.168/0001-10;2018-01-01;3;LOG COMMERCIAL PROPERTIES E PARTICIPAÇÕES;023272;FCA;79847;2018-12-21;http://www.rad.cvm.gov.br/ENETCONSULTA/frmDownloadDocumento.aspx?CodigoInstituicao=1&NumeroSequencialDocumento=79847
09.054.385/0001-44;2018-01-01;1;INBRANDS S.A.;022560;FCA;73454;2018-04-23;http://www.rad.cvm.gov.br/ENETCONSULTA/frmDownloadDocumento.aspx?CodigoInstituicao=1&NumeroSequencialDocumento=73454
09.054.385/0001-44;2018-01-01;2;INBRANDS S.A.;022560;FCA;73668;2018-05-02;http://www.rad.cvm.gov.br/ENETCONSULTA/frmDownloadDocumento.aspx?CodigoInstituicao=1&NumeroSequencialDocumento=73668
09.074.183/0001-64;2018-01-01;1;TRANSBRASILIANA CONCESSIONÁRIA DE RODOVIA S.A;022225;FCA;72328;2018-03-15;http://www.rad.cvm.gov.br/ENETCONSULTA/frmDownloadDocumento.aspx?CodigoInstituicao=1&NumeroSequencialDocumento=72328
09.095.183/0001-40;2018-01-01;1;ENERGISA PARAÍBA - DISTRIBUIDORA DE ENERGIA S/A;021938;FCA;70782;2018-01-03;http://www.rad.cvm.gov.br/ENETCONSULTA/frmDownloadDocumento.aspx?CodigoInstituicao=1&NumeroSequencialDocumento=70782
09.095.183/0001-40;2018-01-01;2;ENERGISA PARAÍBA - DISTRIBUIDORA DE ENERGIA S/A;021938;FCA;74420;2018-05-14;http://www.rad.cvm.gov.br/ENETCONSULTA/frmDownloadDocumento.aspx?CodigoInstituicao=1&NumeroSequencialDocumento=74420
09.112.685/0001-32;2018-01-01;1;OSX BRASIL S.A. - EM RECUPERAÇÃO JUDICIAL;021342;FCA;71317;2018-02-02;http://www.rad.cvm.gov.br/ENETCONSULTA/frmDownloadDocumento.aspx?CodigoInstituicao=1&NumeroSequencialDocumento=71317
09.112.685/0001-32;2018-01-01;2;OSX BRASIL S.A. - EM RECUPERAÇÃO JUDICIAL;021342;FCA;71318;2018-02-02;http://www.rad.cvm.gov.br/ENETCONSULTA/frmDownloadDocumento.aspx?CodigoInstituicao=1&NumeroSequencialDocumento=71318
09.112.685/0001-32;2018-01-01;3;OSX BRASIL S.A. - EM RECUPERAÇÃO JUDICIAL;021342;FCA;71319;2018-02-02;http://www.rad.cvm.gov.br/ENETCONSULTA/frmDownloadDocumento.aspx?CodigoInstituicao=1&NumeroSequencialDocumento=71319
09.112.685/0001-32;2018-01-01;4;OSX BRASIL S.A. - EM RECUPERAÇÃO JUDICIAL;021342;FCA;72154;2018-03-09;http://www.rad.cvm.gov.br/ENETCONSULTA/frmDownloadDocumento.aspx?CodigoInstituicao=1&NumeroSequencialDocumento=72154
09.112.685/0001-32;2018-01-01;5;OSX BRASIL S.A. - EM RECUPERAÇÃO JUDICIAL;021342;FCA;74524;2018-05-14;http://www.rad.cvm.gov.br/ENETCONSULTA/frmDownloadDocumento.aspx?CodigoInstituicao=1&NumeroSequencialDocumento=74524
09.112.685/0001-32;2018-01-01;6;OSX BRASIL S.A. - EM RECUPERAÇÃO JUDICIAL;021342;FCA;74775;2018-05-15;http://www.rad.cvm.gov.br/ENETCONSULTA/frmDownloadDocumento.aspx?CodigoInstituicao=1&NumeroSequencialDocumento=74775
09.116.278/0001-01;2018-01-01;1;CONPEL CIA NORDESTINA PAPEL - EM RECUPERAÇÃO JUDICIAL;004685;FCA;79486;2018-11-22;http://www.rad.cvm.gov.br/ENETCONSULTA/frmDownloadDocumento.aspx?CodigoInstituicao=1&NumeroSequencialDocumento=79486
09.116.278/0001-01;2018-01-01;2;CONPEL CIA NORDESTINA PAPEL - EM RECUPERAÇÃO JUDICIAL;004685;FCA;79734;2018-12-14;http://www.rad.cvm.gov.br/ENETCONSULTA/frmDownloadDocumento.aspx?CodigoInstituicao=1&NumeroSequencialDocumento=79734
09.149.503/0001-06;2018-01-01;1;SERENA GERAÇÃO S.A.;023426;FCA;70800;2018-01-03;http://www.rad.cvm.gov.br/ENETCONSULTA/frmDownloadDocumento.aspx?CodigoInstituicao=1&NumeroSequencialDocumento=70800
09.149.503/0001-06;2018-01-01;2;SERENA GERAÇÃO S.A.;023426;FCA;73761;2018-05-04;http://www.rad.cvm.gov.br/ENETCONSULTA/frmDownloadDocumento.aspx?CodigoInstituicao=1&NumeroSequencialDocumento=73761
09.257.877/0001-37;2018-01-01;1;FERROVIA NORTE SUL S/A;021814;FCA;74945;2018-05-21;http://www.rad.cvm.gov.br/ENETCONSULTA/frmDownloadDocumento.aspx?CodigoInstituicao=1&NumeroSequencialDocumento=74945
09.288.252/0001-32;2018-01-01;1;ANIMA HOLDING S.A.;023248;FCA;71012;2018-01-12;http://www.rad.cvm.gov.br/ENETCONSULTA/frmDownloadDocumento.aspx?CodigoInstituicao=1&NumeroSequencialDocumento=71012
09.288.252/0001-32;2018-01-01;2;ANIMA HOLDING S.A.;023248;FCA;71774;2018-02-26;http://www.rad.cvm.gov.br/ENETCONSULTA/frmDownloadDocumento.aspx?CodigoInstituicao=1&NumeroSequencialDocumento=71774
09.288.252/0001-32;2018-01-01;3;ANIMA HOLDING S.A.;023248;FCA;73815;2018-05-07;http://www.rad.cvm.gov.br/ENETCONSULTA/frmDownloadDocumento.aspx?CodigoInstituicao=1&NumeroSequencialDocumento=73815
09.288.252/0001-32;2018-01-01;4;ANIMA HOLDING S.A.;023248;FCA;75823;2018-06-08;http://www.rad.cvm.gov.br/ENETCONSULTA/frmDownloadDocumento.aspx?CodigoInstituicao=1&NumeroSequencialDocumento=75823
09.288.252/0001-32;2018-01-01;5;ANIMA HOLDING S.A.;023248;FCA;78317;2018-10-26;http://www.rad.cvm.gov.br/ENETCONSULTA/frmDownloadDocumento.aspx?CodigoInstituicao=1&NumeroSequencialDocumento=78317
09.288.252/0001-32;2018-01-01;6;ANIMA HOLDING S.A.;023248;FCA;83548;2019-05-15;http://www.rad.cvm.gov.br/ENETCONSULTA/frmDownloadDocumento.aspx?CodigoInstituicao=1&NumeroSequencialDocumento=83548
09.295.063/0001-97;2018-01-01;1;TECHNOS S.A.;022519;FCA;71164;2018-01-23;http://www.rad.cvm.gov.br/ENETCONSULTA/frmDownloadDocumento.aspx?CodigoInstituicao=1&NumeroSequencialDocumento=71164
09.295.063/0001-97;2018-01-01;2;TECHNOS S.A.;022519;FCA;73357;2018-04-18;http://www.rad.cvm.gov.br/ENETCONSULTA/frmDownloadDocumento.aspx?CodigoInstituicao=1&NumeroSequencialDocumento=73357
09.295.063/0001-97;2018-01-01;3;TECHNOS S.A.;022519;FCA;77051;2018-08-13;http://www.rad.cvm.gov.br/ENETCONSULTA/frmDownloadDocumento.aspx?CodigoInstituicao=1&NumeroSequencialDocumento=77051
09.304.427/0001-58;2018-01-01;1;HABITASEC SECURITIZADORA SA;021628;FCA;73603;2018-04-30;http://www.rad.cvm.gov.br/ENETCONSULTA/frmDownloadDocumento.aspx?CodigoInstituicao=1&NumeroSequencialDocumento=73603
09.305.994/0001-29;2018-01-01;1;AZUL S.A.;024112;FCA;71551;2018-02-16;http://www.rad.cvm.gov.br/ENETCONSULTA/frmDownloadDocumento.aspx?CodigoInstituicao=1&NumeroSequencialDocumento=71551
09.313.969/0001-97;2018-01-01;1;AUTOPISTA LITORAL SUL;021997;FCA;70768;2018-01-03;http://www.rad.cvm.gov.br/ENETCONSULTA/frmDownloadDocumento.aspx?CodigoInstituicao=1&NumeroSequencialDocumento=70768
09.324.949/0001-11;2018-01-01;1;AUTOPISTA FLUMINENSE SA;022004;FCA;71028;2018-01-15;http://www.rad.cvm.gov.br/ENETCONSULTA/frmDownloadDocumento.aspx?CodigoInstituicao=1&NumeroSequencialDocumento=71028
09.325.109/0001-73;2018-01-01;1;AUTOPISTA PLANALTO SUL SA;021970;FCA;70822;2018-01-04;http://www.rad.cvm.gov.br/ENETCONSULTA/frmDownloadDocumento.aspx?CodigoInstituicao=1&NumeroSequencialDocumento=70822
09.325.109/0001-73;2018-01-01;2;AUTOPISTA PLANALTO SUL SA;021970;FCA;71618;2018-02-20;http://www.rad.cvm.gov.br/ENETCONSULTA/frmDownloadDocumento.aspx?CodigoInstituicao=1&NumeroSequencialDocumento=71618
09.325.109/0001-73;2018-01-01;3;AUTOPISTA PLANALTO SUL SA;021970;FCA;71677;2018-02-22;http://www.rad.cvm.gov.br/ENETCONSULTA/frmDownloadDocumento.aspx?CodigoInstituicao=1&NumeroSequencialDocumento=71677
09.325.109/0001-73;2018-01-01;4;AUTOPISTA PLANALTO SUL SA;021970;FCA;77454;2018-08-16;http://www.rad.cvm.gov.br/ENETCONSULTA/frmDownloadDocumento.aspx?CodigoInstituicao=1&NumeroSequencialDocumento=77454
09.326.342/0001-70;2018-01-01;1;AUTOPISTA FERNÃO DIAS SA;021989;FCA;70846;2018-01-05;http://www.rad.cvm.gov.br/ENETCONSULTA/frmDownloadDocumento.aspx?CodigoInstituicao=1&NumeroSequencialDocumento=70846
09.326.342/0001-70;2018-01-01;2;AUTOPISTA FERNÃO DIAS SA;021989;FCA;74033;2018-05-09;http://www.rad.cvm.gov.br/ENETCONSULTA/frmDownloadDocumento.aspx?CodigoInstituicao=1&NumeroSequencialDocumento=74033
09.336.431/0001-06;2018-01-01;1;AUTOPISTA REGIS BITTENCOURT SA;021962;FCA;70775;2018-01-03;http://www.rad.cvm.gov.br/ENETCONSULTA/frmDownloadDocumento.aspx?CodigoInstituicao=1&NumeroSequencialDocumento=70775
09.346.601/0001-25;2018-01-01;1;B3 S.A. - BRASIL, BOLSA, BALCÃO;021610;FCA;71312;2018-02-02;http://www.rad.cvm.gov.br/ENETCONSULTA/frmDownloadDocumento.aspx?CodigoInstituicao=1&NumeroSequencialDocumento=71312
09.391.823/0001-60;2018-01-01;1;SANTO ANTONIO ENERGIA S.A.;023388;FCA;71392;2018-02-07;http://www.rad.cvm.gov.br/ENETCONSULTA/frmDownloadDocumento.aspx?CodigoInstituicao=1&NumeroSequencialDocumento=71392
09.391.823/0001-60;2018-01-01;2;SANTO ANTONIO ENERGIA S.A.;023388;FCA;71899;2018-03-01;http://www.rad.cvm.gov.br/ENETCONSULTA/frmDownloadDocumento.aspx?CodigoInstituicao=1&NumeroSequencialDocumento=71899
09.391.823/0001-60;2018-01-01;3;SANTO ANTONIO ENERGIA S.A.;023388;FCA;72983;2018-03-29;http://www.rad.cvm.gov.br/ENETCONSULTA/frmDownloadDocumento.aspx?CodigoInstituicao=1&NumeroSequencialDocumento=72983
09.391.823/0001-60;2018-01-01;4;SANTO ANTONIO ENERGIA S.A.;023388;FCA;73930;2018-05-08;http://www.rad.cvm.gov.br/ENETCONSULTA/frmDownloadDocumento.aspx?CodigoInstituicao=1&NumeroSequencialDocumento=73930
09.391.823/0001-60;2018-01-01;5;SANTO ANTONIO ENERGIA S.A.;023388;FCA;74043;2018-05-09;http://www.rad.cvm.gov.br/ENETCONSULTA/frmDownloadDocumento.aspx?CodigoInstituicao=1&NumeroSequencialDocumento=74043
09.391.823/0001-60;2018-01-01;6;SANTO ANTONIO ENERGIA S.A.;023388;FCA;75599;2018-05-30;http://www.rad.cvm.gov.br/ENETCONSULTA/frmDownloadDocumento.aspx?CodigoInstituicao=1&NumeroSequencialDocumento=75599
09.391.823/0001-60;2018-01-01;7;SANTO ANTONIO ENERGIA S.A.;023388;FCA;77606;2018-08-27;http://www.rad.cvm.gov.br/ENETCONSULTA/frmDownloadDocumento.aspx?CodigoInstituicao=1&NumeroSequencialDocumento=77606
09.391.823/0001-60;2018-01-01;8;SANTO ANTONIO ENERGIA S.A.;023388;FCA;78130;2018-10-16;http://www.rad.cvm.gov.br/ENETCONSULTA/frmDownloadDocumento.aspx?CodigoInstituicao=1&NumeroSequencialDocumento=78130
09.391.823/0001-60;2018-01-01;9;SANTO ANTONIO ENERGIA S.A.;023388;FCA;79438;2018-11-19;http://www.rad.cvm.gov.br/ENETCONSULTA/frmDownloadDocumento.aspx?CodigoInstituicao=1&NumeroSequencialDocumento=79438
09.391.823/0001-60;2018-01-01;10;SANTO ANTONIO ENERGIA S.A.;023388;FCA;79656;2018-12-07;http://www.rad.cvm.gov.br/ENETCONSULTA/frmDownloadDocumento.aspx?CodigoInstituicao=1&NumeroSequencialDocumento=79656
09.391.823/0001-60;2018-01-01;11;SANTO ANTONIO ENERGIA S.A.;023388;FCA;80537;2019-02-08;http://www.rad.cvm.gov.br/ENETCONSULTA/frmDownloadDocumento.aspx?CodigoInstituicao=1&NumeroSequencialDocumento=80537
09.391.823/0001-60;2018-01-01;12;SANTO ANTONIO ENERGIA S.A.;023388;FCA;82578;2019-05-02;http://www.rad.cvm.gov.br/ENETCONSULTA/frmDownloadDocumento.aspx?CodigoInstituicao=1&NumeroSequencialDocumento=82578
09.414.761/0001-64;2018-01-01;1;K-INFRA RODOVIA DO AÇO S.A.;022446;FCA;72808;2018-03-28;http://www.rad.cvm.gov.br/ENETCONSULTA/frmDownloadDocumento.aspx?CodigoInstituicao=1&NumeroSequencialDocumento=72808
09.414.761/0001-64;2018-01-01;2;K-INFRA RODOVIA DO AÇO S.A.;022446;FCA;79625;2018-12-05;http://www.rad.cvm.gov.br/ENETCONSULTA/frmDownloadDocumento.aspx?CodigoInstituicao=1&NumeroSequencialDocumento=79625
09.414.761/0001-64;2018-01-01;3;K-INFRA RODOVIA DO AÇO S.A.;022446;FCA;79648;2018-12-07;http://www.rad.cvm.gov.br/ENETCONSULTA/frmDownloadDocumento.aspx?CodigoInstituicao=1&NumeroSequencialDocumento=79648
09.439.783/0001-89;2018-01-01;1;ÁQUILLA SECURITIZADORA S.A.;021512;FCA;72707;2018-03-27;http://www.rad.cvm.gov.br/ENETCONSULTA/frmDownloadDocumento.aspx?CodigoInstituicao=1&NumeroSequencialDocumento=72707
09.538.973/0001-53;2018-01-01;1;PDG COMPANHIA SECURITIZADORA;021644;FCA;73088;2018-04-03;http://www.rad.cvm.gov.br/ENETCONSULTA/frmDownloadDocumento.aspx?CodigoInstituicao=1&NumeroSequencialDocumento=73088
09.538.973/0001-53;2018-01-01;2;PDG COMPANHIA SECURITIZADORA;021644;FCA;76081;2018-06-26;http://www.rad.cvm.gov.br/ENETCONSULTA/frmDownloadDocumento.aspx?CodigoInstituicao=1&NumeroSequencialDocumento=76081
09.611.768/0001-76;2018-01-01;1;INC EMPREENDIMENTOS IMOBILIÁRIOS S.A.;024279;FCA;71245;2018-01-29;http://www.rad.cvm.gov.br/ENETCONSULTA/frmDownloadDocumento.aspx?CodigoInstituicao=1&NumeroSequencialDocumento=71245
09.611.768/0001-76;2018-01-01;2;INC EMPREENDIMENTOS IMOBILIÁRIOS S.A.;024279;FCA;73323;2018-04-16;http://www.rad.cvm.gov.br/ENETCONSULTA/frmDownloadDocumento.aspx?CodigoInstituicao=1&NumeroSequencialDocumento=73323
09.611.768/0001-76;2018-01-01;3;INC EMPREENDIMENTOS IMOBILIÁRIOS S.A.;024279;FCA;75842;2018-06-11;http://www.rad.cvm.gov.br/ENETCONSULTA/frmDownloadDocumento.aspx?CodigoInstituicao=1&NumeroSequencialDocumento=75842
09.611.768/0001-76;2018-01-01;4;INC EMPREENDIMENTOS IMOBILIÁRIOS S.A.;024279;FCA;79570;2018-11-29;http://www.rad.cvm.gov.br/ENETCONSULTA/frmDownloadDocumento.aspx?CodigoInstituicao=1&NumeroSequencialDocumento=79570
10.215.988/0001-60;2018-01-01;1;COMPANHIA DE LOCAÇÃO DAS AMÉRICAS;022691;FCA;70942;2018-01-10;http://www.rad.cvm.gov.br/ENETCONSULTA/frmDownloadDocumento.aspx?CodigoInstituicao=1&NumeroSequencialDocumento=70942
10.215.988/0001-60;2018-01-01;2;COMPANHIA DE LOCAÇÃO DAS AMÉRICAS;022691;FCA;77620;2018-08-28;http://www.rad.cvm.gov.br/ENETCONSULTA/frmDownloadDocumento.aspx?CodigoInstituicao=1&NumeroSequencialDocumento=77620
10.234.027/0001-00;2018-01-01;1;LINHAS DE MACAPÁ TRANSMISSORA DE ENERGIA S/A;023680;FCA;71829;2018-02-27;http://www.rad.cvm.gov.br/ENETCONSULTA/frmDownloadDocumento.aspx?CodigoInstituicao=1&NumeroSequencialDocumento=71829
10.234.027/0001-00;2018-01-01;2;LINHAS DE MACAPÁ TRANSMISSORA DE ENERGIA S/A;023680;FCA;74432;2018-05-14;http://www.rad.cvm.gov.br/ENETCONSULTA/frmDownloadDocumento.aspx?CodigoInstituicao=1&NumeroSequencialDocumento=74432
10.240.186/0001-00;2018-01-01;1;LINHAS DE XINGU TRANSMISSORA DE ENERGIA S/A;023671;FCA;71830;2018-02-27;http://www.rad.cvm.gov.br/ENETCONSULTA/frmDownloadDocumento.aspx?CodigoInstituicao=1&NumeroSequencialDocumento=71830
10.240.186/0001-00;2018-01-01;2;LINHAS DE XINGU TRANSMISSORA DE ENERGIA S/A;023671;FCA;74427;2018-05-14;http://www.rad.cvm.gov.br/ENETCONSULTA/frmDownloadDocumento.aspx?CodigoInstituicao=1&NumeroSequencialDocumento=74427
10.324.624/0001-18;2018-01-01;1;CONCESSÃO METROVIÁRIA DO RIO DE JANEIRO S.A.;022144;FCA;72220;2018-03-13;http://www.rad.cvm.gov.br/ENETCONSULTA/frmDownloadDocumento.aspx?CodigoInstituicao=1&NumeroSequencialDocumento=72220
10.338.320/0001-00;2018-01-01;1;AFLUENTE TRANSMISSÃO DE ENERGIA ELÉTRICA S/A;022179;FCA;71610;2018-02-19;http://www.rad.cvm.gov.br/ENETCONSULTA/frmDownloadDocumento.aspx?CodigoInstituicao=1&NumeroSequencialDocumento=71610
10.338.320/0001-00;2018-01-01;2;AFLUENTE TRANSMISSÃO DE ENERGIA ELÉTRICA S/A;022179;FCA;73434;2018-04-23;http://www.rad.cvm.gov.br/ENETCONSULTA/frmDownloadDocumento.aspx?CodigoInstituicao=1&NumeroSequencialDocumento=73434
10.338.320/0001-00;2018-01-01;3;AFLUENTE TRANSMISSÃO DE ENERGIA ELÉTRICA S/A;022179;FCA;73438;2018-04-23;http://www.rad.cvm.gov.br/ENETCONSULTA/frmDownloadDocumento.aspx?CodigoInstituicao=1&NumeroSequencialDocumento=73438
10.338.320/0001-00;2018-01-01;4;AFLUENTE TRANSMISSÃO DE ENERGIA ELÉTRICA S/A;022179;FCA;76729;2018-08-07;http://www.rad.cvm.gov.br/ENETCONSULTA/frmDownloadDocumento.aspx?CodigoInstituicao=1&NumeroSequencialDocumento=76729
10.345.009/0001-98;2018-01-01;1;ADVANCED DIGITAL HEALTH MEDICINA PREVENTIVA S.A.;021725;FCA;71502;2018-02-14;http://www.rad.cvm.gov.br/ENETCONSULTA/frmDownloadDocumento.aspx?CodigoInstituicao=1&NumeroSequencialDocumento=71502
10.345.009/0001-98;2018-01-01;2;ADVANCED DIGITAL HEALTH MEDICINA PREVENTIVA S.A.;021725;FCA;71659;2018-02-21;http://www.rad.cvm.gov.br/ENETCONSULTA/frmDownloadDocumento.aspx?CodigoInstituicao=1&NumeroSequencialDocumento=71659
10.345.009/0001-98;2018-01-01;3;ADVANCED DIGITAL HEALTH MEDICINA PREVENTIVA S.A.;021725;FCA;75222;2018-05-29;http://www.rad.cvm.gov.br/ENETCONSULTA/frmDownloadDocumento.aspx?CodigoInstituicao=1&NumeroSequencialDocumento=75222
10.345.009/0001-98;2018-01-01;4;ADVANCED DIGITAL HEALTH MEDICINA PREVENTIVA S.A.;021725;FCA;78044;2018-10-05;http://www.rad.cvm.gov.br/ENETCONSULTA/frmDownloadDocumento.aspx?CodigoInstituicao=1&NumeroSequencialDocumento=78044
10.345.009/0001-98;2018-01-01;5;ADVANCED DIGITAL HEALTH MEDICINA PREVENTIVA S.A.;021725;FCA;79804;2018-12-19;http://www.rad.cvm.gov.br/ENETCONSULTA/frmDownloadDocumento.aspx?CodigoInstituicao=1&NumeroSequencialDocumento=79804
10.488.244/0001-19;2018-01-01;1;INFRASEC SECURITIZADORA S.A.;021750;FCA;71356;2018-02-06;http://www.rad.cvm.gov.br/ENETCONSULTA/frmDownloadDocumento.aspx?CodigoInstituicao=1&NumeroSequencialDocumento=71356
10.488.244/0001-19;2018-01-01;2;INFRASEC SECURITIZADORA S.A.;021750;FCA;72828;2018-03-28;http://www.rad.cvm.gov.br/ENETCONSULTA/frmDownloadDocumento.aspx?CodigoInstituicao=1&NumeroSequencialDocumento=72828
10.502.676/0001-37;2018-01-01;1;TERMELÉTRICA PERNAMBUCO III S.A.;023329;FCA;71067;2018-01-17;http://www.rad.cvm.gov.br/ENETCONSULTA/frmDownloadDocumento.aspx?CodigoInstituicao=1&NumeroSequencialDocumento=71067
10.502.676/0001-37;2018-01-01;2;TERMELÉTRICA PERNAMBUCO III S.A.;023329;FCA;73363;2018-04-18;http://www.rad.cvm.gov.br/ENETCONSULTA/frmDownloadDocumento.aspx?CodigoInstituicao=1&NumeroSequencialDocumento=73363
10.502.676/0001-37;2018-01-01;3;TERMELÉTRICA PERNAMBUCO III S.A.;023329;FCA;75474;2018-05-30;http://www.rad.cvm.gov.br/ENETCONSULTA/frmDownloadDocumento.aspx?CodigoInstituicao=1&NumeroSequencialDocumento=75474
10.531.501/0001-58;2018-01-01;1;CONC AUTO RAPOSO TAVARES S.A.;022268;FCA;72219;2018-03-13;http://www.rad.cvm.gov.br/ENETCONSULTA/frmDownloadDocumento.aspx?CodigoInstituicao=1&NumeroSequencialDocumento=72219
10.608.405/0001-60;2018-01-01;1;BARI SECURITIZADORA S.A.;021920;FCA;75574;2018-05-30;http://www.rad.cvm.gov.br/ENETCONSULTA/frmDownloadDocumento.aspx?CodigoInstituicao=1&NumeroSequencialDocumento=75574
10.629.105/0001-68;2018-01-01;1;PRIO S.A.;022187;FCA;70925;2018-01-09;http://www.rad.cvm.gov.br/ENETCONSULTA/frmDownloadDocumento.aspx?CodigoInstituicao=1&NumeroSequencialDocumento=70925
10.635.691/0001-53;2018-01-01;1;VIARONDON CONCESSIONÁRIA DE RODOVIA S.A.;022543;FCA;72890;2018-03-29;http://www.rad.cvm.gov.br/ENETCONSULTA/frmDownloadDocumento.aspx?CodigoInstituicao=1&NumeroSequencialDocumento=72890
10.635.691/0001-53;2018-01-01;2;VIARONDON CONCESSIONÁRIA DE RODOVIA S.A.;022543;FCA;74544;2018-05-15;http://www.rad.cvm.gov.br/ENETCONSULTA/frmDownloadDocumento.aspx?CodigoInstituicao=1&NumeroSequencialDocumento=74544
10.647.979/0001-48;2018-01-01;1;CONC ROTA DAS BANDEIRAS S.A.;022071;FCA;70736;2018-01-02;http://www.rad.cvm.gov.br/ENETCONSULTA/frmDownloadDocumento.aspx?CodigoInstituicao=1&NumeroSequencialDocumento=70736
10.664.513/0001-50;2018-01-01;1;BANCO AGIBANK S.A.;024465;FCA;73584;2018-06-01;http://www.rad.cvm.gov.br/ENETCONSULTA/frmDownloadDocumento.aspx?CodigoInstituicao=1&NumeroSequencialDocumento=73584
10.664.513/0001-50;2018-01-01;2;BANCO AGIBANK S.A.;024465;FCA;76008;2018-06-25;http://www.rad.cvm.gov.br/ENETCONSULTA/frmDownloadDocumento.aspx?CodigoInstituicao=1&NumeroSequencialDocumento=76008
10.664.513/0001-50;2018-01-01;3;BANCO AGIBANK S.A.;024465;FCA;79938;2019-01-02;http://www.rad.cvm.gov.br/ENETCONSULTA/frmDownloadDocumento.aspx?CodigoInstituicao=1&NumeroSequencialDocumento=79938
10.670.314/0001-55;2018-01-01;1;VIABAHIA CONCESSIONÁRIA DE RODOVIAS SA;022926;FCA;71764;2018-02-26;http://www.rad.cvm.gov.br/ENETCONSULTA/frmDownloadDocumento.aspx?CodigoInstituicao=1&NumeroSequencialDocumento=71764
10.670.314/0001-55;2018-01-01;2;VIABAHIA CONCESSIONÁRIA DE RODOVIAS SA;022926;FCA;74124;2018-05-10;http://www.rad.cvm.gov.br/ENETCONSULTA/frmDownloadDocumento.aspx?CodigoInstituicao=1&NumeroSequencialDocumento=74124
10.678.505/0001-63;2018-01-01;1;CONC RODOVIAS DO TIETÊ S.A.- EM RECUPERAÇÃO JUDICIAL;022721;FCA;75230;2018-05-29;http://www.rad.cvm.gov.br/ENETCONSULTA/frmDownloadDocumento.aspx?CodigoInstituicao=1&NumeroSequencialDocumento=75230
10.678.505/0001-63;2018-01-01;2;CONC RODOVIAS DO TIETÊ S.A.- EM RECUPERAÇÃO JUDICIAL;022721;FCA;79104;2018-11-13;http://www.rad.cvm.gov.br/ENETCONSULTA/frmDownloadDocumento.aspx?CodigoInstituicao=1&NumeroSequencialDocumento=79104
10.753.164/0001-43;2018-01-01;1;ECO SECURITIZADORA DIREITOS CRED AGRONEGÓCIO S.A.;021741;FCA;71271;2018-01-31;http://www.rad.cvm.gov.br/ENETCONSULTA/frmDownloadDocumento.aspx?CodigoInstituicao=1&NumeroSequencialDocumento=71271
10.753.164/0001-43;2018-01-01;2;ECO SECURITIZADORA DIREITOS CRED AGRONEGÓCIO S.A.;021741;FCA;73425;2018-04-23;http://www.rad.cvm.gov.br/ENETCONSULTA/frmDownloadDocumento.aspx?CodigoInstituicao=1&NumeroSequencialDocumento=73425
10.760.260/0001-19;2018-01-01;1;CVC BRASIL OPERADORA E AGÊNCIA DE VIAGENS S.A.;023310;FCA;71090;2018-01-18;http://www.rad.cvm.gov.br/ENETCONSULTA/frmDownloadDocumento.aspx?CodigoInstituicao=1&NumeroSequencialDocumento=71090
10.760.260/0001-19;2018-01-01;2;CVC BRASIL OPERADORA E AGÊNCIA DE VIAGENS S.A.;023310;FCA;78154;2018-10-17;http://www.rad.cvm.gov.br/ENETCONSULTA/frmDownloadDocumento.aspx?CodigoInstituicao=1&NumeroSequencialDocumento=78154
10.835.932/0001-08;2018-01-01;1;CIA ENERGETICA DE PERNAMBUCO - CELPE;014362;FCA;71403;2018-02-07;http://www.rad.cvm.gov.br/ENETCONSULTA/frmDownloadDocumento.aspx?CodigoInstituicao=1&NumeroSequencialDocumento=71403
10.835.932/0001-08;2018-01-01;2;CIA ENERGETICA DE PERNAMBUCO - CELPE;014362;FCA;76723;2018-08-07;http://www.rad.cvm.gov.br/ENETCONSULTA/frmDownloadDocumento.aspx?CodigoInstituicao=1&NumeroSequencialDocumento=76723
10.841.050/0001-55;2018-01-01;1;CONC ROD AYRTON SENNA E CARV PINTO S.A.-ECOPISTAS;022411;FCA;70900;2018-01-08;http://www.rad.cvm.gov.br/ENETCONSULTA/frmDownloadDocumento.aspx?CodigoInstituicao=1&NumeroSequencialDocumento=70900
10.841.050/0001-55;2018-01-01;2;CONC ROD AYRTON SENNA E CARV PINTO S.A.-ECOPISTAS;022411;FCA;73164;2018-04-06;http://www.rad.cvm.gov.br/ENETCONSULTA/frmDownloadDocumento.aspx?CodigoInstituicao=1&NumeroSequencialDocumento=73164
10.841.050/0001-55;2018-01-01;3;CONC ROD AYRTON SENNA E CARV PINTO S.A.-ECOPISTAS;022411;FCA;79704;2018-12-12;http://www.rad.cvm.gov.br/ENETCONSULTA/frmDownloadDocumento.aspx?CodigoInstituicao=1&NumeroSequencialDocumento=79704
10.851.805/0001-00;2018-01-01;1;FLEX GESTÃO DE RELACIONAMENTOS S.A.-EM RECUPERAÇÃO JUDICIAL;024350;FCA;71965;2018-03-05;http://www.rad.cvm.gov.br/ENETCONSULTA/frmDownloadDocumento.aspx?CodigoInstituicao=1&NumeroSequencialDocumento=71965
10.851.805/0001-00;2018-01-01;2;FLEX GESTÃO DE RELACIONAMENTOS S.A.-EM RECUPERAÇÃO JUDICIAL;024350;FCA;75075;2018-05-25;http://www.rad.cvm.gov.br/ENETCONSULTA/frmDownloadDocumento.aspx?CodigoInstituicao=1&NumeroSequencialDocumento=75075
10.851.805/0001-00;2018-01-01;3;FLEX GESTÃO DE RELACIONAMENTOS S.A.-EM RECUPERAÇÃO JUDICIAL;024350;FCA;79563;2018-11-29;http://www.rad.cvm.gov.br/ENETCONSULTA/frmDownloadDocumento.aspx?CodigoInstituicao=1&NumeroSequencialDocumento=79563
11.094.546/0001-75;2018-01-01;1;MULTIPLUS S.A.;021946;FCA;71372;2018-02-06;http://www.rad.cvm.gov.br/ENETCONSULTA/frmDownloadDocumento.aspx?CodigoInstituicao=1&NumeroSequencialDocumento=71372
11.102.250/0001-59;2018-01-01;1;BR HOME CENTERS S.A.;023710;FCA;72029;2018-03-06;http://www.rad.cvm.gov.br/ENETCONSULTA/frmDownloadDocumento.aspx?CodigoInstituicao=1&NumeroSequencialDocumento=72029
11.102.250/0001-59;2018-01-01;2;BR HOME CENTERS S.A.;023710;FCA;76382;2018-07-18;http://www.rad.cvm.gov.br/ENETCONSULTA/frmDownloadDocumento.aspx?CodigoInstituicao=1&NumeroSequencialDocumento=76382
11.102.250/0001-59;2018-01-01;3;BR HOME CENTERS S.A.;023710;FCA;79431;2018-11-19;http://www.rad.cvm.gov.br/ENETCONSULTA/frmDownloadDocumento.aspx?CodigoInstituicao=1&NumeroSequencialDocumento=79431
11.193.684/0001-01;2018-01-01;1;GAVEA SECURITIZADORA S/A;023418;FCA;72195;2018-03-13;http://www.rad.cvm.gov.br/ENETCONSULTA/frmDownloadDocumento.aspx?CodigoInstituicao=1&NumeroSequencialDocumento=72195
11.257.352/0001-43;2018-01-01;1;BSI CAPITAL SECURITIZADORA S.A.;023132;FCA;72508;2018-03-22;http://www.rad.cvm.gov.br/ENETCONSULTA/frmDownloadDocumento.aspx?CodigoInstituicao=1&NumeroSequencialDocumento=72508
11.257.352/0001-43;2018-01-01;2;BSI CAPITAL SECURITIZADORA S.A.;023132;FCA;74313;2018-05-11;http://www.rad.cvm.gov.br/ENETCONSULTA/frmDownloadDocumento.aspx?CodigoInstituicao=1&NumeroSequencialDocumento=74313
11.274.829/0001-07;2018-01-01;1;COMPANHIA PAULISTA DE SECURITIZAÇÃO;022080;FCA;71470;2018-02-09;http://www.rad.cvm.gov.br/ENETCONSULTA/frmDownloadDocumento.aspx?CodigoInstituicao=1&NumeroSequencialDocumento=71470
11.274.829/0001-07;2018-01-01;2;COMPANHIA PAULISTA DE SECURITIZAÇÃO;022080;FCA;72644;2018-03-26;http://www.rad.cvm.gov.br/ENETCONSULTA/frmDownloadDocumento.aspx?CodigoInstituicao=1&NumeroSequencialDocumento=72644
11.284.204/0001-18;2018-01-01;1;YOU INC INCORPORADORA E PARTICIPAÇÃO S.A;023604;FCA;72975;2018-03-29;http://www.rad.cvm.gov.br/ENETCONSULTA/frmDownloadDocumento.aspx?CodigoInstituicao=1&NumeroSequencialDocumento=72975
11.395.624/0001-71;2018-01-01;1;MASSA FALIDA DA BRASIL PHARMA S.A.;022500;FCA;70934;2018-01-09;http://www.rad.cvm.gov.br/ENETCONSULTA/frmDownloadDocumento.aspx?CodigoInstituicao=1&NumeroSequencialDocumento=70934
11.395.624/0001-71;2018-01-01;2;MASSA FALIDA DA BRASIL PHARMA S.A.;022500;FCA;71546;2018-02-16;http://www.rad.cvm.gov.br/ENETCONSULTA/frmDownloadDocumento.aspx?CodigoInstituicao=1&NumeroSequencialDocumento=71546
11.395.624/0001-71;2018-01-01;3;MASSA FALIDA DA BRASIL PHARMA S.A.;022500;FCA;73918;2018-05-08;http://www.rad.cvm.gov.br/ENETCONSULTA/frmDownloadDocumento.aspx?CodigoInstituicao=1&NumeroSequencialDocumento=73918
11.395.624/0001-71;2018-01-01;4;MASSA FALIDA DA BRASIL PHARMA S.A.;022500;FCA;77699;2018-09-04;http://www.rad.cvm.gov.br/ENETCONSULTA/frmDownloadDocumento.aspx?CodigoInstituicao=1&NumeroSequencialDocumento=77699
11.395.624/0001-71;2018-01-01;5;MASSA FALIDA DA BRASIL PHARMA S.A.;022500;FCA;79695;2018-12-12;http://www.rad.cvm.gov.br/ENETCONSULTA/frmDownloadDocumento.aspx?CodigoInstituicao=1&NumeroSequencialDocumento=79695
11.395.624/0001-71;2018-01-01;6;MASSA FALIDA DA BRASIL PHARMA S.A.;022500;FCA;82735;2019-05-06;http://www.rad.cvm.gov.br/ENETCONSULTA/frmDownloadDocumento.aspx?CodigoInstituicao=1&NumeroSequencialDocumento=82735
11.395.624/0001-71;2018-01-01;7;MASSA FALIDA DA BRASIL PHARMA S.A.;022500;FCA;83554;2019-05-15;http://www.rad.cvm.gov.br/ENETCONSULTA/frmDownloadDocumento.aspx?CodigoInstituicao=1&NumeroSequencialDocumento=83554
11.423.623/0001-93;2018-01-01;1;DUFRY A.G.;080110;FCA;71143;2018-01-22;http://www.rad.cvm.gov.br/ENETCONSULTA/frmDownloadDocumento.aspx?CodigoInstituicao=1&NumeroSequencialDocumento=71143
11.423.623/0001-93;2018-01-01;2;DUFRY A.G.;080110;FCA;73655;2018-05-02;http://www.rad.cvm.gov.br/ENETCONSULTA/frmDownloadDocumento.aspx?CodigoInstituicao=1&NumeroSequencialDocumento=73655
11.669.021/0001-10;2018-01-01;1;ENAUTA PARTICIPAÇÕES S.A.;022365;FCA;72076;2018-03-07;http://www.rad.cvm.gov.br/ENETCONSULTA/frmDownloadDocumento.aspx?CodigoInstituicao=1&NumeroSequencialDocumento=72076
11.716.471/0001-17;2018-01-01;1;TRX SECURITIZADORA S.A.;022420;FCA;75737;2018-06-04;http://www.rad.cvm.gov.br/ENETCONSULTA/frmDownloadDocumento.aspx?CodigoInstituicao=1&NumeroSequencialDocumento=75737
11.716.471/0001-17;2018-01-01;2;TRX SECURITIZADORA S.A.;022420;FCA;76270;2018-07-06;http://www.rad.cvm.gov.br/ENETCONSULTA/frmDownloadDocumento.aspx?CodigoInstituicao=1&NumeroSequencialDocumento=76270
11.721.921/0001-60;2018-01-01;1;ALPER CONSULTORIA E CORRETORA DE SEGUROS S.A.;022217;FCA;70992;2018-01-11;http://www.rad.cvm.gov.br/ENETCONSULTA/frmDownloadDocumento.aspx?CodigoInstituicao=1&NumeroSequencialDocumento=70992
11.721.921/0001-60;2018-01-01;2;ALPER CONSULTORIA E CORRETORA DE SEGUROS S.A.;022217;FCA;73109;2018-04-04;http://www.rad.cvm.gov.br/ENETCONSULTA/frmDownloadDocumento.aspx?CodigoInstituicao=1&NumeroSequencialDocumento=73109
11.721.921/0001-60;2018-01-01;3;ALPER CONSULTORIA E CORRETORA DE SEGUROS S.A.;022217;FCA;79827;2018-12-20;http://www.rad.cvm.gov.br/ENETCONSULTA/frmDownloadDocumento.aspx?CodigoInstituicao=1&NumeroSequencialDocumento=79827
11.721.921/0001-60;2018-01-01;4;ALPER CONSULTORIA E CORRETORA DE SEGUROS S.A.;022217;FCA;79881;2018-12-26;http://www.rad.cvm.gov.br/ENETCONSULTA/frmDownloadDocumento.aspx?CodigoInstituicao=1&NumeroSequencialDocumento=79881
11.992.680/0001-93;2018-01-01;1;QUALICORP CONSULTORIA E CORRETORA DE SEGUROS S.A.;022497;FCA;71284;2018-02-01;http://www.rad.cvm.gov.br/ENETCONSULTA/frmDownloadDocumento.aspx?CodigoInstituicao=1&NumeroSequencialDocumento=71284
11.992.680/0001-93;2018-01-01;2;QUALICORP CONSULTORIA E CORRETORA DE SEGUROS S.A.;022497;FCA;75109;2018-05-28;http://www.rad.cvm.gov.br/ENETCONSULTA/frmDownloadDocumento.aspx?CodigoInstituicao=1&NumeroSequencialDocumento=75109
11.992.680/0001-93;2018-01-01;3;QUALICORP CONSULTORIA E CORRETORA DE SEGUROS S.A.;022497;FCA;75874;2018-06-13;http://www.rad.cvm.gov.br/ENETCONSULTA/frmDownloadDocumento.aspx?CodigoInstituicao=1&NumeroSequencialDocumento=75874
12.049.631/0001-84;2018-01-01;1;MOURA DUBEUX ENGENHARIA S/A;021067;FCA;75735;2018-06-04;http://www.rad.cvm.gov.br/ENETCONSULTA/frmDownloadDocumento.aspx?CodigoInstituicao=1&NumeroSequencialDocumento=75735
12.130.744/0001-00;2018-01-01;1;TRUE SECURITIZADORA S.A.;022276;FCA;71295;2018-02-01;http://www.rad.cvm.gov.br/ENETCONSULTA/frmDownloadDocumento.aspx?CodigoInstituicao=1&NumeroSequencialDocumento=71295
12.130.744/0001-00;2018-01-01;2;TRUE SECURITIZADORA S.A.;022276;FCA;77859;2018-09-19;http://www.rad.cvm.gov.br/ENETCONSULTA/frmDownloadDocumento.aspx?CodigoInstituicao=1&NumeroSequencialDocumento=77859
12.130.744/0001-00;2018-01-01;3;TRUE SECURITIZADORA S.A.;022276;FCA;80210;2019-01-18;http://www.rad.cvm.gov.br/ENETCONSULTA/frmDownloadDocumento.aspx?CodigoInstituicao=1&NumeroSequencialDocumento=80210
12.139.922/0001-63;2018-01-01;1;OCTANTE SECURITIZADORA S.A.;022390;FCA;75744;2018-06-04;http://www.rad.cvm.gov.br/ENETCONSULTA/frmDownloadDocumento.aspx?CodigoInstituicao=1&NumeroSequencialDocumento=75744
12.261.588/0001-16;2018-01-01;1;POLO CAPITAL SECURITIZADORA S.A;022160;FCA;74027;2018-05-09;http://www.rad.cvm.gov.br/ENETCONSULTA/frmDownloadDocumento.aspx?CodigoInstituicao=1&NumeroSequencialDocumento=74027
12.320.349/0001-90;2018-01-01;1;ORE  SECURITIZADORA SA;022250;FCA;71474;2018-02-09;http://www.rad.cvm.gov.br/ENETCONSULTA/frmDownloadDocumento.aspx?CodigoInstituicao=1&NumeroSequencialDocumento=71474
12.320.349/0001-90;2018-01-01;2;ORE  SECURITIZADORA SA;022250;FCA;72898;2018-03-29;http://www.rad.cvm.gov.br/ENETCONSULTA/frmDownloadDocumento.aspx?CodigoInstituicao=1&NumeroSequencialDocumento=72898
12.320.349/0001-90;2018-01-01;3;ORE  SECURITIZADORA SA;022250;FCA;73076;2018-04-03;http://www.rad.cvm.gov.br/ENETCONSULTA/frmDownloadDocumento.aspx?CodigoInstituicao=1&NumeroSequencialDocumento=73076
12.320.349/0001-90;2018-01-01;4;ORE  SECURITIZADORA SA;022250;FCA;79574;2018-11-30;http://www.rad.cvm.gov.br/ENETCONSULTA/frmDownloadDocumento.aspx?CodigoInstituicao=1&NumeroSequencialDocumento=79574
12.489.315/0001-23;2018-01-01;1;FERREIRA GOMES ENERGIA S.A.;022977;FCA;71103;2018-01-19;http://www.rad.cvm.gov.br/ENETCONSULTA/frmDownloadDocumento.aspx?CodigoInstituicao=1&NumeroSequencialDocumento=71103
12.610.764/0001-88;2018-01-01;1;BRASIL PLURAL SECURITIZADORA S.A.;022233;FCA;70864;2018-01-05;http://www.rad.cvm.gov.br/ENETCONSULTA/frmDownloadDocumento.aspx?CodigoInstituicao=1&NumeroSequencialDocumento=70864
12.610.764/0001-88;2018-01-01;2;BRASIL PLURAL SECURITIZADORA S.A.;022233;FCA;70890;2018-01-08;http://www.rad.cvm.gov.br/ENETCONSULTA/frmDownloadDocumento.aspx?CodigoInstituicao=1&NumeroSequencialDocumento=70890
12.610.764/0001-88;2018-01-01;3;BRASIL PLURAL SECURITIZADORA S.A.;022233;FCA;72902;2018-03-29;http://www.rad.cvm.gov.br/ENETCONSULTA/frmDownloadDocumento.aspx?CodigoInstituicao=1&NumeroSequencialDocumento=72902
12.648.327/0001-53;2018-01-01;1;HIDROVIAS DO BRASIL S.A.;022675;FCA;75701;2018-05-31;http://www.rad.cvm.gov.br/ENETCONSULTA/frmDownloadDocumento.aspx?CodigoInstituicao=1&NumeroSequencialDocumento=75701
12.827.269/0001-25;2018-01-01;1;HRH ILHA DO SOL EMPREENDIMENTOS IMOBILIÁRIOS SPE S/A;024376;FCA;73306;2018-04-16;http://www.rad.cvm.gov.br/ENETCONSULTA/frmDownloadDocumento.aspx?CodigoInstituicao=1&NumeroSequencialDocumento=73306
12.827.269/0001-25;2018-01-01;2;HRH ILHA DO SOL EMPREENDIMENTOS IMOBILIÁRIOS SPE S/A;024376;FCA;77599;2018-08-27;http://www.rad.cvm.gov.br/ENETCONSULTA/frmDownloadDocumento.aspx?CodigoInstituicao=1&NumeroSequencialDocumento=77599
12.827.269/0001-25;2018-01-01;3;HRH ILHA DO SOL EMPREENDIMENTOS IMOBILIÁRIOS SPE S/A;024376;FCA;79049;2018-11-13;http://www.rad.cvm.gov.br/ENETCONSULTA/frmDownloadDocumento.aspx?CodigoInstituicao=1&NumeroSequencialDocumento=79049
12.919.786/0001-24;2018-01-01;1;TCP TERMINAL DE CONTEINERES DE PARANAGUA SA;024066;FCA;71628;2018-02-20;http://www.rad.cvm.gov.br/ENETCONSULTA/frmDownloadDocumento.aspx?CodigoInstituicao=1&NumeroSequencialDocumento=71628
12.919.786/0001-24;2018-01-01;2;TCP TERMINAL DE CONTEINERES DE PARANAGUA SA;024066;FCA;71763;2018-02-26;http://www.rad.cvm.gov.br/ENETCONSULTA/frmDownloadDocumento.aspx?CodigoInstituicao=1&NumeroSequencialDocumento=71763
12.919.786/0001-24;2018-01-01;3;TCP TERMINAL DE CONTEINERES DE PARANAGUA SA;024066;FCA;72035;2018-03-07;http://www.rad.cvm.gov.br/ENETCONSULTA/frmDownloadDocumento.aspx?CodigoInstituicao=1&NumeroSequencialDocumento=72035
12.919.786/0001-24;2018-01-01;4;TCP TERMINAL DE CONTEINERES DE PARANAGUA SA;024066;FCA;74232;2018-05-10;http://www.rad.cvm.gov.br/ENETCONSULTA/frmDownloadDocumento.aspx?CodigoInstituicao=1&NumeroSequencialDocumento=74232
12.919.786/0001-24;2018-01-01;5;TCP TERMINAL DE CONTEINERES DE PARANAGUA SA;024066;FCA;75397;2018-05-30;http://www.rad.cvm.gov.br/ENETCONSULTA/frmDownloadDocumento.aspx?CodigoInstituicao=1&NumeroSequencialDocumento=75397
12.979.898/0001-70;2018-01-01;1;FORTE SECURITIZADORA S.A.;022489;FCA;75586;2018-05-30;http://www.rad.cvm.gov.br/ENETCONSULTA/frmDownloadDocumento.aspx?CodigoInstituicao=1&NumeroSequencialDocumento=75586
13.009.717/0001-46;2018-01-01;1;BCO ESTADO DE SERGIPE S.A. - BANESE;001120;FCA;71291;2018-02-01;http://www.rad.cvm.gov.br/ENETCONSULTA/frmDownloadDocumento.aspx?CodigoInstituicao=1&NumeroSequencialDocumento=71291
13.009.717/0001-46;2018-01-01;2;BCO ESTADO DE SERGIPE S.A. - BANESE;001120;FCA;73173;2018-04-06;http://www.rad.cvm.gov.br/ENETCONSULTA/frmDownloadDocumento.aspx?CodigoInstituicao=1&NumeroSequencialDocumento=73173
13.009.717/0001-46;2018-01-01;3;BCO ESTADO DE SERGIPE S.A. - BANESE;001120;FCA;76618;2018-08-01;http://www.rad.cvm.gov.br/ENETCONSULTA/frmDownloadDocumento.aspx?CodigoInstituicao=1&NumeroSequencialDocumento=76618
13.017.462/0001-63;2018-01-01;1;ENERGISA SERGIPE - DISTRIBUIDORA DE ENERGIA S/A;018996;FCA;70784;2018-01-03;http://www.rad.cvm.gov.br/ENETCONSULTA/frmDownloadDocumento.aspx?CodigoInstituicao=1&NumeroSequencialDocumento=70784
13.017.462/0001-63;2018-01-01;2;ENERGISA SERGIPE - DISTRIBUIDORA DE ENERGIA S/A;018996;FCA;74422;2018-05-14;http://www.rad.cvm.gov.br/ENETCONSULTA/frmDownloadDocumento.aspx?CodigoInstituicao=1&NumeroSequencialDocumento=74422
13.349.677/0001-81;2018-01-01;1;REIT SECURITIZADORA S/A;022802;FCA;71385;2018-02-07;http://www.rad.cvm.gov.br/ENETCONSULTA/frmDownloadDocumento.aspx?CodigoInstituicao=1&NumeroSequencialDocumento=71385
13.349.677/0001-81;2018-01-01;2;REIT SECURITIZADORA S/A;022802;FCA;74134;2018-05-10;http://www.rad.cvm.gov.br/ENETCONSULTA/frmDownloadDocumento.aspx?CodigoInstituicao=1&NumeroSequencialDocumento=74134
13.444.994/0001-87;2018-01-01;1;MLOG S.A.;022586;FCA;72723;2018-03-27;http://www.rad.cvm.gov.br/ENETCONSULTA/frmDownloadDocumento.aspx?CodigoInstituicao=1&NumeroSequencialDocumento=72723
13.483.537/0001-00;2018-01-01;1;BRASIL SECURITIZADORA S/A;024287;FCA;72974;2018-03-29;http://www.rad.cvm.gov.br/ENETCONSULTA/frmDownloadDocumento.aspx?CodigoInstituicao=1&NumeroSequencialDocumento=72974
13.483.537/0001-00;2018-01-01;2;BRASIL SECURITIZADORA S/A;024287;FCA;73597;2018-04-30;http://www.rad.cvm.gov.br/ENETCONSULTA/frmDownloadDocumento.aspx?CodigoInstituicao=1&NumeroSequencialDocumento=73597
13.574.594/0001-96;2018-01-01;1;ZAMP SA;024317;FCA;71243;2018-01-29;http://www.rad.cvm.gov.br/ENETCONSULTA/frmDownloadDocumento.aspx?CodigoInstituicao=1&NumeroSequencialDocumento=71243
13.574.594/0001-96;2018-01-01;2;ZAMP SA;024317;FCA;79012;2018-11-12;http://www.rad.cvm.gov.br/ENETCONSULTA/frmDownloadDocumento.aspx?CodigoInstituicao=1&NumeroSequencialDocumento=79012
13.574.594/0001-96;2018-01-01;3;ZAMP SA;024317;FCA;79498;2018-11-23;http://www.rad.cvm.gov.br/ENETCONSULTA/frmDownloadDocumento.aspx?CodigoInstituicao=1&NumeroSequencialDocumento=79498
13.584.310/0001-42;2018-01-01;1;SUGOI S.A.;023957;FCA;74447;2018-05-14;http://www.rad.cvm.gov.br/ENETCONSULTA/frmDownloadDocumento.aspx?CodigoInstituicao=1&NumeroSequencialDocumento=74447
13.788.120/0001-47;2018-01-01;1;ELEKEIROZ S.A.;004359;FCA;71368;2018-02-06;http://www.rad.cvm.gov.br/ENETCONSULTA/frmDownloadDocumento.aspx?CodigoInstituicao=1&NumeroSequencialDocumento=71368
13.788.120/0001-47;2018-01-01;2;ELEKEIROZ S.A.;004359;FCA;76205;2018-07-03;http://www.rad.cvm.gov.br/ENETCONSULTA/frmDownloadDocumento.aspx?CodigoInstituicao=1&NumeroSequencialDocumento=76205
13.788.120/0001-47;2018-01-01;3;ELEKEIROZ S.A.;004359;FCA;77502;2018-08-20;http://www.rad.cvm.gov.br/ENETCONSULTA/frmDownloadDocumento.aspx?CodigoInstituicao=1&NumeroSequencialDocumento=77502
13.878.847/0001-15;2018-01-01;1;PERDIZES - SECURITIZADORA DE RECEBÍVEIS COMERCIAIS S/A;024074;FCA;73733;2018-05-03;http://www.rad.cvm.gov.br/ENETCONSULTA/frmDownloadDocumento.aspx?CodigoInstituicao=1&NumeroSequencialDocumento=73733
13.878.847/0001-15;2018-01-01;2;PERDIZES - SECURITIZADORA DE RECEBÍVEIS COMERCIAIS S/A;024074;FCA;76377;2018-07-17;http://www.rad.cvm.gov.br/ENETCONSULTA/frmDownloadDocumento.aspx?CodigoInstituicao=1&NumeroSequencialDocumento=76377
14.200.586/0001-42;2018-01-01;1;NAOMI PARTICIPAÇÕES S.A.;022667;FCA;75267;2018-05-29;http://www.rad.cvm.gov.br/ENETCONSULTA/frmDownloadDocumento.aspx?CodigoInstituicao=1&NumeroSequencialDocumento=75267
14.200.586/0001-42;2018-01-01;2;NAOMI PARTICIPAÇÕES S.A.;022667;FCA;75765;2018-06-05;http://www.rad.cvm.gov.br/ENETCONSULTA/frmDownloadDocumento.aspx?CodigoInstituicao=1&NumeroSequencialDocumento=75765
14.200.586/0001-42;2018-01-01;3;NAOMI PARTICIPAÇÕES S.A.;022667;FCA;77172;2018-08-14;http://www.rad.cvm.gov.br/ENETCONSULTA/frmDownloadDocumento.aspx?CodigoInstituicao=1&NumeroSequencialDocumento=77172
14.200.618/0001-00;2018-01-01;1;BELEZA PARTICIPAÇÕES S.A.;022632;FCA;75728;2018-06-01;http://www.rad.cvm.gov.br/ENETCONSULTA/frmDownloadDocumento.aspx?CodigoInstituicao=1&NumeroSequencialDocumento=75728
14.200.618/0001-00;2018-01-01;2;BELEZA PARTICIPAÇÕES S.A.;022632;FCA;77117;2018-08-14;http://www.rad.cvm.gov.br/ENETCONSULTA/frmDownloadDocumento.aspx?CodigoInstituicao=1&NumeroSequencialDocumento=77117
14.200.699/0001-48;2018-01-01;1;NOAH PARTICIPAÇÕES S.A.;022659;FCA;72555;2018-03-22;http://www.rad.cvm.gov.br/ENETCONSULTA/frmDownloadDocumento.aspx?CodigoInstituicao=1&NumeroSequencialDocumento=72555
14.206.371/0001-39;2018-01-01;1;BR TOWERS SPE1 S.A;023205;FCA;75304;2018-05-30;http://www.rad.cvm.gov.br/ENETCONSULTA/frmDownloadDocumento.aspx?CodigoInstituicao=1&NumeroSequencialDocumento=75304
14.308.514/0001-13;2018-01-01;1;PARTICIPAÇÕES INDUST. DO NORDESTE S.A.;001597;FCA;75729;2018-06-01;http://www.rad.cvm.gov.br/ENETCONSULTA/frmDownloadDocumento.aspx?CodigoInstituicao=1&NumeroSequencialDocumento=75729
14.333.683/0001-03;2018-01-01;1;FONTAINE VILLE PARTICIPAÇÕES S/A;023019;FCA;72227;2018-03-13;http://www.rad.cvm.gov.br/ENETCONSULTA/frmDownloadDocumento.aspx?CodigoInstituicao=1&NumeroSequencialDocumento=72227
14.333.683/0001-03;2018-01-01;2;FONTAINE VILLE PARTICIPAÇÕES S/A;023019;FCA;76827;2018-08-08;http://www.rad.cvm.gov.br/ENETCONSULTA/frmDownloadDocumento.aspx?CodigoInstituicao=1&NumeroSequencialDocumento=76827
14.333.683/0001-03;2018-01-01;3;FONTAINE VILLE PARTICIPAÇÕES S/A;023019;FCA;80111;2019-01-11;http://www.rad.cvm.gov.br/ENETCONSULTA/frmDownloadDocumento.aspx?CodigoInstituicao=1&NumeroSequencialDocumento=80111
14.388.334/0001-99;2018-01-01;1;PARANA BCO S.A.;020729;FCA;71031;2018-01-15;http://www.rad.cvm.gov.br/ENETCONSULTA/frmDownloadDocumento.aspx?CodigoInstituicao=1&NumeroSequencialDocumento=71031
14.807.945/0001-24;2018-01-01;1;SANSUY S.A. INDUSTRIA DE PLASTICOS;012696;FCA;71722;2018-02-23;http://www.rad.cvm.gov.br/ENETCONSULTA/frmDownloadDocumento.aspx?CodigoInstituicao=1&NumeroSequencialDocumento=71722
14.807.945/0001-24;2018-01-01;2;SANSUY S.A. INDUSTRIA DE PLASTICOS;012696;FCA;71946;2018-03-05;http://www.rad.cvm.gov.br/ENETCONSULTA/frmDownloadDocumento.aspx?CodigoInstituicao=1&NumeroSequencialDocumento=71946
14.807.945/0001-24;2018-01-01;3;SANSUY S.A. INDUSTRIA DE PLASTICOS;012696;FCA;75460;2018-05-30;http://www.rad.cvm.gov.br/ENETCONSULTA/frmDownloadDocumento.aspx?CodigoInstituicao=1&NumeroSequencialDocumento=75460
14.807.945/0001-24;2018-01-01;4;SANSUY S.A. INDUSTRIA DE PLASTICOS;012696;FCA;75775;2018-06-06;http://www.rad.cvm.gov.br/ENETCONSULTA/frmDownloadDocumento.aspx?CodigoInstituicao=1&NumeroSequencialDocumento=75775
14.807.945/0001-24;2018-01-01;5;SANSUY S.A. INDUSTRIA DE PLASTICOS;012696;FCA;79546;2018-11-28;http://www.rad.cvm.gov.br/ENETCONSULTA/frmDownloadDocumento.aspx?CodigoInstituicao=1&NumeroSequencialDocumento=79546
14.876.090/0001-93;2018-01-01;1;GAIA IMPACTO SECURITIZADORA S.A.;022764;FCA;70861;2018-01-05;http://www.rad.cvm.gov.br/ENETCONSULTA/frmDownloadDocumento.aspx?CodigoInstituicao=1&NumeroSequencialDocumento=70861
14.882.295/0001-81;2018-01-01;1;CBO HOLDING S.A.;023620;FCA;71369;2018-02-06;http://www.rad.cvm.gov.br/ENETCONSULTA/frmDownloadDocumento.aspx?CodigoInstituicao=1&NumeroSequencialDocumento=71369
14.882.295/0001-81;2018-01-01;2;CBO HOLDING S.A.;023620;FCA;71379;2018-02-07;http://www.rad.cvm.gov.br/ENETCONSULTA/frmDownloadDocumento.aspx?CodigoInstituicao=1&NumeroSequencialDocumento=71379
14.882.295/0001-81;2018-01-01;3;CBO HOLDING S.A.;023620;FCA;77799;2018-09-13;http://www.rad.cvm.gov.br/ENETCONSULTA/frmDownloadDocumento.aspx?CodigoInstituicao=1&NumeroSequencialDocumento=77799
14.882.295/0001-81;2018-01-01;4;CBO HOLDING S.A.;023620;FCA;79921;2018-12-28;http://www.rad.cvm.gov.br/ENETCONSULTA/frmDownloadDocumento.aspx?CodigoInstituicao=1&NumeroSequencialDocumento=79921
14.962.356/0001-10;2018-01-01;1;FRIGOL FOODS PARTICIPAÇÕES S.A.;022853;FCA;72301;2018-03-15;http://www.rad.cvm.gov.br/ENETCONSULTA/frmDownloadDocumento.aspx?CodigoInstituicao=1&NumeroSequencialDocumento=72301
14.998.371/0001-19;2018-01-01;1;J. MACEDO S.A.;021156;FCA;72298;2018-03-15;http://www.rad.cvm.gov.br/ENETCONSULTA/frmDownloadDocumento.aspx?CodigoInstituicao=1&NumeroSequencialDocumento=72298
15.073.274/0001-88;2018-01-01;1;PPLA PARTICIPATIONS LTD.;080152;FCA;72039;2018-03-07;http://www.rad.cvm.gov.br/ENETCONSULTA/frmDownloadDocumento.aspx?CodigoInstituicao=1&NumeroSequencialDocumento=72039
15.073.274/0001-88;2018-01-01;2;PPLA PARTICIPATIONS LTD.;080152;FCA;74139;2018-05-10;http://www.rad.cvm.gov.br/ENETCONSULTA/frmDownloadDocumento.aspx?CodigoInstituicao=1&NumeroSequencialDocumento=74139
15.101.405/0001-93;2018-01-01;1;CORREA RIBEIRO S.A. COMERCIO E INDUSTRIA;004863;FCA;70940;2018-01-10;http://www.rad.cvm.gov.br/ENETCONSULTA/frmDownloadDocumento.aspx?CodigoInstituicao=1&NumeroSequencialDocumento=70940
15.101.405/0001-93;2018-01-01;2;CORREA RIBEIRO S.A. COMERCIO E INDUSTRIA;004863;FCA;78124;2018-10-16;http://www.rad.cvm.gov.br/ENETCONSULTA/frmDownloadDocumento.aspx?CodigoInstituicao=1&NumeroSequencialDocumento=78124
15.115.504/0001-24;2018-01-01;1;TRONOX PIGMENTOS DO BRASIL S.A.;011398;FCA;71022;2018-01-15;http://www.rad.cvm.gov.br/ENETCONSULTA/frmDownloadDocumento.aspx?CodigoInstituicao=1&NumeroSequencialDocumento=71022
15.115.504/0001-24;2018-01-01;2;TRONOX PIGMENTOS DO BRASIL S.A.;011398;FCA;71532;2018-02-16;http://www.rad.cvm.gov.br/ENETCONSULTA/frmDownloadDocumento.aspx?CodigoInstituicao=1&NumeroSequencialDocumento=71532
15.115.504/0001-24;2018-01-01;3;TRONOX PIGMENTOS DO BRASIL S.A.;011398;FCA;76235;2018-07-05;http://www.rad.cvm.gov.br/ENETCONSULTA/frmDownloadDocumento.aspx?CodigoInstituicao=1&NumeroSequencialDocumento=76235
15.115.504/0001-24;2018-01-01;4;TRONOX PIGMENTOS DO BRASIL S.A.;011398;FCA;76239;2018-07-05;http://www.rad.cvm.gov.br/ENETCONSULTA/frmDownloadDocumento.aspx?CodigoInstituicao=1&NumeroSequencialDocumento=76239
15.124.464/0001-87;2018-01-01;1;BANCO BESA S.A.;001244;FCA;75017;2018-05-23;http://www.rad.cvm.gov.br/ENETCONSULTA/frmDownloadDocumento.aspx?CodigoInstituicao=1&NumeroSequencialDocumento=75017
15.139.629/0001-94;2018-01-01;1;CIA ELETRICIDADE EST. DA BAHIA - COELBA;014524;FCA;71605;2018-02-19;http://www.rad.cvm.gov.br/ENETCONSULTA/frmDownloadDocumento.aspx?CodigoInstituicao=1&NumeroSequencialDocumento=71605
15.139.629/0001-94;2018-01-01;2;CIA ELETRICIDADE EST. DA BAHIA - COELBA;014524;FCA;73282;2018-04-12;http://www.rad.cvm.gov.br/ENETCONSULTA/frmDownloadDocumento.aspx?CodigoInstituicao=1&NumeroSequencialDocumento=73282
15.139.629/0001-94;2018-01-01;3;CIA ELETRICIDADE EST. DA BAHIA - COELBA;014524;FCA;73293;2018-04-13;http://www.rad.cvm.gov.br/ENETCONSULTA/frmDownloadDocumento.aspx?CodigoInstituicao=1&NumeroSequencialDocumento=73293
15.139.629/0001-94;2018-01-01;4;CIA ELETRICIDADE EST. DA BAHIA - COELBA;014524;FCA;76724;2018-08-07;http://www.rad.cvm.gov.br/ENETCONSULTA/frmDownloadDocumento.aspx?CodigoInstituicao=1&NumeroSequencialDocumento=76724
15.141.799/0001-03;2018-01-01;1;CIA FERRO LIGAS DA BAHIA - FERBASA;003069;FCA;71019;2018-01-15;http://www.rad.cvm.gov.br/ENETCONSULTA/frmDownloadDocumento.aspx?CodigoInstituicao=1&NumeroSequencialDocumento=71019
15.141.799/0001-03;2018-01-01;2;CIA FERRO LIGAS DA BAHIA - FERBASA;003069;FCA;73366;2018-04-19;http://www.rad.cvm.gov.br/ENETCONSULTA/frmDownloadDocumento.aspx?CodigoInstituicao=1&NumeroSequencialDocumento=73366
15.144.017/0001-90;2018-01-01;1;CIA SEGUROS ALIANCA DA BAHIA;003115;FCA;71808;2018-02-27;http://www.rad.cvm.gov.br/ENETCONSULTA/frmDownloadDocumento.aspx?CodigoInstituicao=1&NumeroSequencialDocumento=71808
15.144.017/0001-90;2018-01-01;2;CIA SEGUROS ALIANCA DA BAHIA;003115;FCA;81145;2019-03-13;http://www.rad.cvm.gov.br/ENETCONSULTA/frmDownloadDocumento.aspx?CodigoInstituicao=1&NumeroSequencialDocumento=81145
15.229.110/0001-05;2018-01-01;1;CAPITALE SECURITIZADORA DE CRÉDITO S/A;023353;FCA;72509;2018-03-22;http://www.rad.cvm.gov.br/ENETCONSULTA/frmDownloadDocumento.aspx?CodigoInstituicao=1&NumeroSequencialDocumento=72509
15.377.572/0001-61;2018-01-01;1;NASA SECURITIZADORA S.A.;023906;FCA;72526;2018-03-22;http://www.rad.cvm.gov.br/ENETCONSULTA/frmDownloadDocumento.aspx?CodigoInstituicao=1&NumeroSequencialDocumento=72526
15.413.826/0001-50;2018-01-01;1;ENERGISA MATO GROSSO DO SUL - DIST DE ENERGIA S.A.;005576;FCA;70776;2018-01-03;http://www.rad.cvm.gov.br/ENETCONSULTA/frmDownloadDocumento.aspx?CodigoInstituicao=1&NumeroSequencialDocumento=70776
15.413.826/0001-50;2018-01-01;2;ENERGISA MATO GROSSO DO SUL - DIST DE ENERGIA S.A.;005576;FCA;74407;2018-05-14;http://www.rad.cvm.gov.br/ENETCONSULTA/frmDownloadDocumento.aspx?CodigoInstituicao=1&NumeroSequencialDocumento=74407
15.484.093/0001-44;2018-01-01;1;ECO101 CONCESSIONÁRIA DE RODOVIAS S.A.;023582;FCA;70902;2018-01-08;http://www.rad.cvm.gov.br/ENETCONSULTA/frmDownloadDocumento.aspx?CodigoInstituicao=1&NumeroSequencialDocumento=70902
15.484.093/0001-44;2018-01-01;2;ECO101 CONCESSIONÁRIA DE RODOVIAS S.A.;023582;FCA;73166;2018-04-06;http://www.rad.cvm.gov.br/ENETCONSULTA/frmDownloadDocumento.aspx?CodigoInstituicao=1&NumeroSequencialDocumento=73166
15.484.093/0001-44;2018-01-01;3;ECO101 CONCESSIONÁRIA DE RODOVIAS S.A.;023582;FCA;79703;2018-12-12;http://www.rad.cvm.gov.br/ENETCONSULTA/frmDownloadDocumento.aspx?CodigoInstituicao=1&NumeroSequencialDocumento=79703
15.494.541/0001-90;2018-01-01;1;SALUS INFRAESTRUTURA PORTUARIA SA;023540;FCA;75462;2018-05-30;http://www.rad.cvm.gov.br/ENETCONSULTA/frmDownloadDocumento.aspx?CodigoInstituicao=1&NumeroSequencialDocumento=75462
15.527.906/0001-36;2018-01-01;1;BIOSEV S.A.;022845;FCA;71425;2018-02-08;http://www.rad.cvm.gov.br/ENETCONSULTA/frmDownloadDocumento.aspx?CodigoInstituicao=1&NumeroSequencialDocumento=71425
15.527.906/0001-36;2018-01-01;2;BIOSEV S.A.;022845;FCA;73440;2018-04-23;http://www.rad.cvm.gov.br/ENETCONSULTA/frmDownloadDocumento.aspx?CodigoInstituicao=1&NumeroSequencialDocumento=73440
15.527.906/0001-36;2018-01-01;3;BIOSEV S.A.;022845;FCA;75739;2018-06-04;http://www.rad.cvm.gov.br/ENETCONSULTA/frmDownloadDocumento.aspx?CodigoInstituicao=1&NumeroSequencialDocumento=75739
15.578.569/0001-06;2018-01-01;1;CONC DO AEROPORTO INTERNACIONAL DE GUARULHOS S.A.;023515;FCA;72411;2018-03-19;http://www.rad.cvm.gov.br/ENETCONSULTA/frmDownloadDocumento.aspx?CodigoInstituicao=1&NumeroSequencialDocumento=72411
15.688.041/0001-90;2018-01-01;1;MBK SECURITIZADORA SA;022861;FCA;75738;2018-06-04;http://www.rad.cvm.gov.br/ENETCONSULTA/frmDownloadDocumento.aspx?CodigoInstituicao=1&NumeroSequencialDocumento=75738
16.234.171/0001-15;2018-01-01;1;METANOR SA METANOL DO NE;008745;FCA;72467;2018-03-21;http://www.rad.cvm.gov.br/ENETCONSULTA/frmDownloadDocumento.aspx?CodigoInstituicao=1&NumeroSequencialDocumento=72467
16.234.171/0001-15;2018-01-01;2;METANOR SA METANOL DO NE;008745;FCA;74403;2018-05-14;http://www.rad.cvm.gov.br/ENETCONSULTA/frmDownloadDocumento.aspx?CodigoInstituicao=1&NumeroSequencialDocumento=74403
16.234.627/0001-47;2018-01-01;1;COMPANHIA PETROQUÍMICA DO NORDESTE;500160;FCA;73228;2018-04-10;http://www.rad.cvm.gov.br/ENETCONSULTA/frmDownloadDocumento.aspx?CodigoInstituicao=1&NumeroSequencialDocumento=73228
16.404.287/0001-55;2018-01-01;1;SUZANO S.A.;013986;FCA;70765;2018-01-03;http://www.rad.cvm.gov.br/ENETCONSULTA/frmDownloadDocumento.aspx?CodigoInstituicao=1&NumeroSequencialDocumento=70765
16.404.287/0001-55;2018-01-01;2;SUZANO S.A.;013986;FCA;75090;2018-05-25;http://www.rad.cvm.gov.br/ENETCONSULTA/frmDownloadDocumento.aspx?CodigoInstituicao=1&NumeroSequencialDocumento=75090
16.404.287/0001-55;2018-01-01;3;SUZANO S.A.;013986;FCA;76271;2018-07-06;http://www.rad.cvm.gov.br/ENETCONSULTA/frmDownloadDocumento.aspx?CodigoInstituicao=1&NumeroSequencialDocumento=76271
16.590.234/0001-76;2018-01-01;1;AREZZO INDÚSTRIA E COMÉRCIO S.A.;022349;FCA;70867;2018-01-05;http://www.rad.cvm.gov.br/ENETCONSULTA/frmDownloadDocumento.aspx?CodigoInstituicao=1&NumeroSequencialDocumento=70867
16.590.234/0001-76;2018-01-01;2;AREZZO INDÚSTRIA E COMÉRCIO S.A.;022349;FCA;75351;2018-05-30;http://www.rad.cvm.gov.br/ENETCONSULTA/frmDownloadDocumento.aspx?CodigoInstituicao=1&NumeroSequencialDocumento=75351
16.590.234/0001-76;2018-01-01;3;AREZZO INDÚSTRIA E COMÉRCIO S.A.;022349;FCA;76214;2018-07-04;http://www.rad.cvm.gov.br/ENETCONSULTA/frmDownloadDocumento.aspx?CodigoInstituicao=1&NumeroSequencialDocumento=76214
16.590.234/0001-76;2018-01-01;4;AREZZO INDÚSTRIA E COMÉRCIO S.A.;022349;FCA;91072;2020-02-19;http://www.rad.cvm.gov.br/ENETCONSULTA/frmDownloadDocumento.aspx?CodigoInstituicao=1&NumeroSequencialDocumento=91072
16.614.075/0001-00;2018-01-01;1;DIRECIONAL ENGENHARIA S.A.;021350;FCA;70930;2018-01-09;http://www.rad.cvm.gov.br/ENETCONSULTA/frmDownloadDocumento.aspx?CodigoInstituicao=1&NumeroSequencialDocumento=70930
16.614.075/0001-00;2018-01-01;2;DIRECIONAL ENGENHARIA S.A.;021350;FCA;74425;2018-05-14;http://www.rad.cvm.gov.br/ENETCONSULTA/frmDownloadDocumento.aspx?CodigoInstituicao=1&NumeroSequencialDocumento=74425
16.670.085/0001-55;2018-01-01;1;LOCALIZA RENT A CAR S.A.;019739;FCA;72069;2018-03-07;http://www.rad.cvm.gov.br/ENETCONSULTA/frmDownloadDocumento.aspx?CodigoInstituicao=1&NumeroSequencialDocumento=72069
16.670.085/0001-55;2018-01-01;2;LOCALIZA RENT A CAR S.A.;019739;FCA;73545;2018-04-26;http://www.rad.cvm.gov.br/ENETCONSULTA/frmDownloadDocumento.aspx?CodigoInstituicao=1&NumeroSequencialDocumento=73545
16.670.085/0001-55;2018-01-01;3;LOCALIZA RENT A CAR S.A.;019739;FCA;76357;2018-07-16;http://www.rad.cvm.gov.br/ENETCONSULTA/frmDownloadDocumento.aspx?CodigoInstituicao=1&NumeroSequencialDocumento=76357
16.670.085/0001-55;2018-01-01;4;LOCALIZA RENT A CAR S.A.;019739;FCA;80214;2019-01-18;http://www.rad.cvm.gov.br/ENETCONSULTA/frmDownloadDocumento.aspx?CodigoInstituicao=1&NumeroSequencialDocumento=80214
17.155.730/0001-64;2018-01-01;1;CIA ENERGETICA DE MINAS GERAIS - CEMIG;002453;FCA;72132;2018-03-09;http://www.rad.cvm.gov.br/ENETCONSULTA/frmDownloadDocumento.aspx?CodigoInstituicao=1&NumeroSequencialDocumento=72132
17.155.730/0001-64;2018-01-01;2;CIA ENERGETICA DE MINAS GERAIS - CEMIG;002453;FCA;72373;2018-03-16;http://www.rad.cvm.gov.br/ENETCONSULTA/frmDownloadDocumento.aspx?CodigoInstituicao=1&NumeroSequencialDocumento=72373
17.155.730/0001-64;2018-01-01;3;CIA ENERGETICA DE MINAS GERAIS - CEMIG;002453;FCA;74449;2018-05-14;http://www.rad.cvm.gov.br/ENETCONSULTA/frmDownloadDocumento.aspx?CodigoInstituicao=1&NumeroSequencialDocumento=74449
17.159.005/0001-64;2018-01-01;1;FIACAO E TECELAGEM SAO JOSE SA EM RECUPERACAO JUDICIAL;005983;FCA;72908;2018-03-29;http://www.rad.cvm.gov.br/ENETCONSULTA/frmDownloadDocumento.aspx?CodigoInstituicao=1&NumeroSequencialDocumento=72908
17.159.005/0001-64;2018-01-01;2;FIACAO E TECELAGEM SAO JOSE SA EM RECUPERACAO JUDICIAL;005983;FCA;75652;2018-05-30;http://www.rad.cvm.gov.br/ENETCONSULTA/frmDownloadDocumento.aspx?CodigoInstituicao=1&NumeroSequencialDocumento=75652
17.161.241/0001-15;2018-01-01;1;MINASMAQUINAS S.A.;008818;FCA;71033;2018-01-15;http://www.rad.cvm.gov.br/ENETCONSULTA/frmDownloadDocumento.aspx?CodigoInstituicao=1&NumeroSequencialDocumento=71033
17.161.241/0001-15;2018-01-01;2;MINASMAQUINAS S.A.;008818;FCA;72361;2018-03-16;http://www.rad.cvm.gov.br/ENETCONSULTA/frmDownloadDocumento.aspx?CodigoInstituicao=1&NumeroSequencialDocumento=72361
17.162.082/0001-73;2018-01-01;1;MENDES JUNIOR ENGENHARIA S.A.;004782;FCA;72475;2018-03-21;http://www.rad.cvm.gov.br/ENETCONSULTA/frmDownloadDocumento.aspx?CodigoInstituicao=1&NumeroSequencialDocumento=72475
17.167.396/0001-69;2018-01-01;1;ALFA HOLDINGS S.A.;009954;FCA;71229;2018-01-29;http://www.rad.cvm.gov.br/ENETCONSULTA/frmDownloadDocumento.aspx?CodigoInstituicao=1&NumeroSequencialDocumento=71229
17.167.396/0001-69;2018-01-01;2;ALFA HOLDINGS S.A.;009954;FCA;71305;2018-02-02;http://www.rad.cvm.gov.br/ENETCONSULTA/frmDownloadDocumento.aspx?CodigoInstituicao=1&NumeroSequencialDocumento=71305
17.167.396/0001-69;2018-01-01;3;ALFA HOLDINGS S.A.;009954;FCA;74323;2018-05-11;http://www.rad.cvm.gov.br/ENETCONSULTA/frmDownloadDocumento.aspx?CodigoInstituicao=1&NumeroSequencialDocumento=74323
17.167.412/0001-13;2018-01-01;1;FINANCEIRA ALFA S.A.- CRED FINANC E INVS;003891;FCA;71228;2018-01-29;http://www.rad.cvm.gov.br/ENETCONSULTA/frmDownloadDocumento.aspx?CodigoInstituicao=1&NumeroSequencialDocumento=71228
17.167.412/0001-13;2018-01-01;2;FINANCEIRA ALFA S.A.- CRED FINANC E INVS;003891;FCA;71304;2018-02-02;http://www.rad.cvm.gov.br/ENETCONSULTA/frmDownloadDocumento.aspx?CodigoInstituicao=1&NumeroSequencialDocumento=71304
17.167.412/0001-13;2018-01-01;3;FINANCEIRA ALFA S.A.- CRED FINANC E INVS;003891;FCA;74322;2018-05-11;http://www.rad.cvm.gov.br/ENETCONSULTA/frmDownloadDocumento.aspx?CodigoInstituicao=1&NumeroSequencialDocumento=74322
17.184.037/0001-10;2018-01-01;1;BCO MERCANTIL DO BRASIL S.A.;001325;FCA;71204;2018-01-26;http://www.rad.cvm.gov.br/ENETCONSULTA/frmDownloadDocumento.aspx?CodigoInstituicao=1&NumeroSequencialDocumento=71204
17.184.037/0001-10;2018-01-01;2;BCO MERCANTIL DO BRASIL S.A.;001325;FCA;74916;2018-05-18;http://www.rad.cvm.gov.br/ENETCONSULTA/frmDownloadDocumento.aspx?CodigoInstituicao=1&NumeroSequencialDocumento=74916
17.184.037/0001-10;2018-01-01;3;BCO MERCANTIL DO BRASIL S.A.;001325;FCA;76700;2018-08-06;http://www.rad.cvm.gov.br/ENETCONSULTA/frmDownloadDocumento.aspx?CodigoInstituicao=1&NumeroSequencialDocumento=76700
17.184.037/0001-10;2018-01-01;4;BCO MERCANTIL DO BRASIL S.A.;001325;FCA;76771;2018-08-08;http://www.rad.cvm.gov.br/ENETCONSULTA/frmDownloadDocumento.aspx?CodigoInstituicao=1&NumeroSequencialDocumento=76771
17.184.037/0001-10;2018-01-01;5;BCO MERCANTIL DO BRASIL S.A.;001325;FCA;76773;2018-08-08;http://www.rad.cvm.gov.br/ENETCONSULTA/frmDownloadDocumento.aspx?CodigoInstituicao=1&NumeroSequencialDocumento=76773
17.184.037/0001-10;2018-01-01;6;BCO MERCANTIL DO BRASIL S.A.;001325;FCA;76846;2018-08-09;http://www.rad.cvm.gov.br/ENETCONSULTA/frmDownloadDocumento.aspx?CodigoInstituicao=1&NumeroSequencialDocumento=76846
17.193.806/0001-46;2018-01-01;1;CONSORCIO ALFA DE ADMINISTRACAO S.A.;004707;FCA;71230;2018-01-29;http://www.rad.cvm.gov.br/ENETCONSULTA/frmDownloadDocumento.aspx?CodigoInstituicao=1&NumeroSequencialDocumento=71230
17.193.806/0001-46;2018-01-01;2;CONSORCIO ALFA DE ADMINISTRACAO S.A.;004707;FCA;71306;2018-02-02;http://www.rad.cvm.gov.br/ENETCONSULTA/frmDownloadDocumento.aspx?CodigoInstituicao=1&NumeroSequencialDocumento=71306
17.193.806/0001-46;2018-01-01;3;CONSORCIO ALFA DE ADMINISTRACAO S.A.;004707;FCA;74325;2018-05-11;http://www.rad.cvm.gov.br/ENETCONSULTA/frmDownloadDocumento.aspx?CodigoInstituicao=1&NumeroSequencialDocumento=74325
17.234.244/0001-31;2018-01-01;1;FTL - FERROVIA TRANSNORDESTINA LOGÍSTICA S.A.;023370;FCA;70990;2018-01-11;http://www.rad.cvm.gov.br/ENETCONSULTA/frmDownloadDocumento.aspx?CodigoInstituicao=1&NumeroSequencialDocumento=70990
17.234.244/0001-31;2018-01-01;2;FTL - FERROVIA TRANSNORDESTINA LOGÍSTICA S.A.;023370;FCA;72143;2018-03-09;http://www.rad.cvm.gov.br/ENETCONSULTA/frmDownloadDocumento.aspx?CodigoInstituicao=1&NumeroSequencialDocumento=72143
17.234.244/0001-31;2018-01-01;3;FTL - FERROVIA TRANSNORDESTINA LOGÍSTICA S.A.;023370;FCA;75612;2018-05-30;http://www.rad.cvm.gov.br/ENETCONSULTA/frmDownloadDocumento.aspx?CodigoInstituicao=1&NumeroSequencialDocumento=75612
17.234.244/0001-31;2018-01-01;4;FTL - FERROVIA TRANSNORDESTINA LOGÍSTICA S.A.;023370;FCA;76408;2018-07-20;http://www.rad.cvm.gov.br/ENETCONSULTA/frmDownloadDocumento.aspx?CodigoInstituicao=1&NumeroSequencialDocumento=76408
17.245.234/0001-00;2018-01-01;1;CIA FIACAO TECIDOS CEDRO CACHOEIRA;003077;FCA;70735;2018-01-02;http://www.rad.cvm.gov.br/ENETCONSULTA/frmDownloadDocumento.aspx?CodigoInstituicao=1&NumeroSequencialDocumento=70735
17.245.234/0001-00;2018-01-01;2;CIA FIACAO TECIDOS CEDRO CACHOEIRA;003077;FCA;71336;2018-02-05;http://www.rad.cvm.gov.br/ENETCONSULTA/frmDownloadDocumento.aspx?CodigoInstituicao=1&NumeroSequencialDocumento=71336
17.245.234/0001-00;2018-01-01;3;CIA FIACAO TECIDOS CEDRO CACHOEIRA;003077;FCA;73704;2018-05-03;http://www.rad.cvm.gov.br/ENETCONSULTA/frmDownloadDocumento.aspx?CodigoInstituicao=1&NumeroSequencialDocumento=73704
17.245.234/0001-00;2018-01-01;4;CIA FIACAO TECIDOS CEDRO CACHOEIRA;003077;FCA;73706;2018-05-03;http://www.rad.cvm.gov.br/ENETCONSULTA/frmDownloadDocumento.aspx?CodigoInstituicao=1&NumeroSequencialDocumento=73706
17.281.106/0001-03;2018-01-01;1;CIA SANEAMENTO DE MINAS GERAIS-COPASA MG;019445;FCA;70938;2018-01-10;http://www.rad.cvm.gov.br/ENETCONSULTA/frmDownloadDocumento.aspx?CodigoInstituicao=1&NumeroSequencialDocumento=70938
17.281.106/0001-03;2018-01-01;2;CIA SANEAMENTO DE MINAS GERAIS-COPASA MG;019445;FCA;71444;2018-02-09;http://www.rad.cvm.gov.br/ENETCONSULTA/frmDownloadDocumento.aspx?CodigoInstituicao=1&NumeroSequencialDocumento=71444
17.281.106/0001-03;2018-01-01;3;CIA SANEAMENTO DE MINAS GERAIS-COPASA MG;019445;FCA;73217;2018-04-09;http://www.rad.cvm.gov.br/ENETCONSULTA/frmDownloadDocumento.aspx?CodigoInstituicao=1&NumeroSequencialDocumento=73217
17.281.106/0001-03;2018-01-01;4;CIA SANEAMENTO DE MINAS GERAIS-COPASA MG;019445;FCA;73348;2018-04-18;http://www.rad.cvm.gov.br/ENETCONSULTA/frmDownloadDocumento.aspx?CodigoInstituicao=1&NumeroSequencialDocumento=73348
17.281.106/0001-03;2018-01-01;5;CIA SANEAMENTO DE MINAS GERAIS-COPASA MG;019445;FCA;75657;2018-05-30;http://www.rad.cvm.gov.br/ENETCONSULTA/frmDownloadDocumento.aspx?CodigoInstituicao=1&NumeroSequencialDocumento=75657
17.314.329/0001-20;2018-01-01;1;INTERNATIONAL MEAL COMPANY ALIMENTACAO S.A.;023574;FCA;70848;2018-01-05;http://www.rad.cvm.gov.br/ENETCONSULTA/frmDownloadDocumento.aspx?CodigoInstituicao=1&NumeroSequencialDocumento=70848
17.344.597/0001-94;2018-01-01;1;BB SEGURIDADE PARTICIPAÇÕES S.A.;023159;FCA;71521;2018-02-15;http://www.rad.cvm.gov.br/ENETCONSULTA/frmDownloadDocumento.aspx?CodigoInstituicao=1&NumeroSequencialDocumento=71521
17.344.597/0001-94;2018-01-01;2;BB SEGURIDADE PARTICIPAÇÕES S.A.;023159;FCA;73601;2018-04-30;http://www.rad.cvm.gov.br/ENETCONSULTA/frmDownloadDocumento.aspx?CodigoInstituicao=1&NumeroSequencialDocumento=73601
17.346.997/0001-39;2018-01-01;1;COSAN LOGISTICA S.A.;023485;FCA;71698;2018-02-22;http://www.rad.cvm.gov.br/ENETCONSULTA/frmDownloadDocumento.aspx?CodigoInstituicao=1&NumeroSequencialDocumento=71698
17.346.997/0001-39;2018-01-01;2;COSAN LOGISTICA S.A.;023485;FCA;73738;2018-05-03;http://www.rad.cvm.gov.br/ENETCONSULTA/frmDownloadDocumento.aspx?CodigoInstituicao=1&NumeroSequencialDocumento=73738
17.346.997/0001-39;2018-01-01;3;COSAN LOGISTICA S.A.;023485;FCA;77622;2018-08-28;http://www.rad.cvm.gov.br/ENETCONSULTA/frmDownloadDocumento.aspx?CodigoInstituicao=1&NumeroSequencialDocumento=77622
17.346.997/0001-39;2018-01-01;4;COSAN LOGISTICA S.A.;023485;FCA;82155;2019-04-11;http://www.rad.cvm.gov.br/ENETCONSULTA/frmDownloadDocumento.aspx?CodigoInstituicao=1&NumeroSequencialDocumento=82155
17.346.997/0001-39;2018-01-01;5;COSAN LOGISTICA S.A.;023485;FCA;82912;2019-05-08;http://www.rad.cvm.gov.br/ENETCONSULTA/frmDownloadDocumento.aspx?CodigoInstituicao=1&NumeroSequencialDocumento=82912
18.494.485/0001-82;2018-01-01;1;PORTO SUDESTE V.M. S.A.;023523;FCA;71835;2018-02-27;http://www.rad.cvm.gov.br/ENETCONSULTA/frmDownloadDocumento.aspx?CodigoInstituicao=1&NumeroSequencialDocumento=71835
18.572.225/0001-88;2018-01-01;1;CONCEBRA - CONCESSIONARIA DAS RODOVIAS CENTRAIS DO BRASIL;023868;FCA;71536;2018-02-16;http://www.rad.cvm.gov.br/ENETCONSULTA/frmDownloadDocumento.aspx?CodigoInstituicao=1&NumeroSequencialDocumento=71536
18.593.815/0001-97;2018-01-01;1;PRINER SERVIÇOS INDUSTRIAIS S.A.;024236;FCA;72392;2018-03-19;http://www.rad.cvm.gov.br/ENETCONSULTA/frmDownloadDocumento.aspx?CodigoInstituicao=1&NumeroSequencialDocumento=72392
18.593.815/0001-97;2018-01-01;2;PRINER SERVIÇOS INDUSTRIAIS S.A.;024236;FCA;73481;2018-04-25;http://www.rad.cvm.gov.br/ENETCONSULTA/frmDownloadDocumento.aspx?CodigoInstituicao=1&NumeroSequencialDocumento=73481
18.593.815/0001-97;2018-01-01;3;PRINER SERVIÇOS INDUSTRIAIS S.A.;024236;FCA;73716;2018-05-03;http://www.rad.cvm.gov.br/ENETCONSULTA/frmDownloadDocumento.aspx?CodigoInstituicao=1&NumeroSequencialDocumento=73716
19.133.012/0001-12;2018-01-01;1;RENOVA COMPANHIA SECURITIZADORA DE CRÉDITOS FINANCEIROS S.A.;023744;FCA;71376;2018-02-07;http://www.rad.cvm.gov.br/ENETCONSULTA/frmDownloadDocumento.aspx?CodigoInstituicao=1&NumeroSequencialDocumento=71376
19.133.012/0001-12;2018-01-01;2;RENOVA COMPANHIA SECURITIZADORA DE CRÉDITOS FINANCEIROS S.A.;023744;FCA;75188;2018-05-29;http://www.rad.cvm.gov.br/ENETCONSULTA/frmDownloadDocumento.aspx?CodigoInstituicao=1&NumeroSequencialDocumento=75188
19.208.022/0001-70;2018-01-01;1;ECO050 CONCESSIONÁRIA DE RODOVIAS S.A.;023884;FCA;71903;2018-03-01;http://www.rad.cvm.gov.br/ENETCONSULTA/frmDownloadDocumento.aspx?CodigoInstituicao=1&NumeroSequencialDocumento=71903
19.296.342/0001-29;2018-01-01;1;MGI - MINAS GERAIS PARTICIPAÇÕES S.A.;022942;FCA;72043;2018-03-07;http://www.rad.cvm.gov.br/ENETCONSULTA/frmDownloadDocumento.aspx?CodigoInstituicao=1&NumeroSequencialDocumento=72043
19.378.769/0001-76;2018-01-01;1;INSTITUTO HERMES PARDINI S.A.;024090;FCA;71094;2018-01-18;http://www.rad.cvm.gov.br/ENETCONSULTA/frmDownloadDocumento.aspx?CodigoInstituicao=1&NumeroSequencialDocumento=71094
19.378.769/0001-76;2018-01-01;2;INSTITUTO HERMES PARDINI S.A.;024090;FCA;73794;2018-05-04;http://www.rad.cvm.gov.br/ENETCONSULTA/frmDownloadDocumento.aspx?CodigoInstituicao=1&NumeroSequencialDocumento=73794
19.521.322/0001-04;2018-01-01;1;CONCESSIONÁRIA ROTA DO OESTE S.A.;023922;FCA;70953;2018-01-10;http://www.rad.cvm.gov.br/ENETCONSULTA/frmDownloadDocumento.aspx?CodigoInstituicao=1&NumeroSequencialDocumento=70953
19.526.748/0001-50;2018-01-01;1;CIA INDUSTRIAL CATAGUASES;003395;FCA;71186;2018-01-24;http://www.rad.cvm.gov.br/ENETCONSULTA/frmDownloadDocumento.aspx?CodigoInstituicao=1&NumeroSequencialDocumento=71186
19.526.748/0001-50;2018-01-01;2;CIA INDUSTRIAL CATAGUASES;003395;FCA;73206;2018-04-09;http://www.rad.cvm.gov.br/ENETCONSULTA/frmDownloadDocumento.aspx?CodigoInstituicao=1&NumeroSequencialDocumento=73206
19.527.586/0001-75;2018-01-01;1;COMPANHIA ENERGÉTICA SINOP S/A;024155;FCA;75734;2018-06-04;http://www.rad.cvm.gov.br/ENETCONSULTA/frmDownloadDocumento.aspx?CodigoInstituicao=1&NumeroSequencialDocumento=75734
19.527.586/0001-75;2018-01-01;2;COMPANHIA ENERGÉTICA SINOP S/A;024155;FCA;77390;2018-08-15;http://www.rad.cvm.gov.br/ENETCONSULTA/frmDownloadDocumento.aspx?CodigoInstituicao=1&NumeroSequencialDocumento=77390
19.527.639/0001-58;2018-01-01;1;ENERGISA MINAS RIO - DISTRIBUIDORA DE ENERGIA S/A;003271;FCA;70779;2018-01-03;http://www.rad.cvm.gov.br/ENETCONSULTA/frmDownloadDocumento.aspx?CodigoInstituicao=1&NumeroSequencialDocumento=70779
19.527.639/0001-58;2018-01-01;2;ENERGISA MINAS RIO - DISTRIBUIDORA DE ENERGIA S/A;003271;FCA;74397;2018-05-14;http://www.rad.cvm.gov.br/ENETCONSULTA/frmDownloadDocumento.aspx?CodigoInstituicao=1&NumeroSequencialDocumento=74397
19.642.306/0001-70;2018-01-01;1;CONCESSIONÁRIA DE RODOVIA SUL-MATOGROSSENSE S.A.;023833;FCA;71049;2018-01-16;http://www.rad.cvm.gov.br/ENETCONSULTA/frmDownloadDocumento.aspx?CodigoInstituicao=1&NumeroSequencialDocumento=71049
19.642.306/0001-70;2018-01-01;2;CONCESSIONÁRIA DE RODOVIA SUL-MATOGROSSENSE S.A.;023833;FCA;73319;2018-04-16;http://www.rad.cvm.gov.br/ENETCONSULTA/frmDownloadDocumento.aspx?CodigoInstituicao=1&NumeroSequencialDocumento=73319
19.642.306/0001-70;2018-01-01;3;CONCESSIONÁRIA DE RODOVIA SUL-MATOGROSSENSE S.A.;023833;FCA;75416;2018-05-30;http://www.rad.cvm.gov.br/ENETCONSULTA/frmDownloadDocumento.aspx?CodigoInstituicao=1&NumeroSequencialDocumento=75416
19.642.306/0001-70;2018-01-01;4;CONCESSIONÁRIA DE RODOVIA SUL-MATOGROSSENSE S.A.;023833;FCA;79789;2018-12-18;http://www.rad.cvm.gov.br/ENETCONSULTA/frmDownloadDocumento.aspx?CodigoInstituicao=1&NumeroSequencialDocumento=79789
19.688.956/0001-56;2018-01-01;1;BIOTOSCANA INVESTMENTS S.A.;080179;FCA;71467;2018-02-09;http://www.rad.cvm.gov.br/ENETCONSULTA/frmDownloadDocumento.aspx?CodigoInstituicao=1&NumeroSequencialDocumento=71467
19.726.048/0001-00;2018-01-01;1;CONCESSIONÁRIA BR-040 S.A.;023892;FCA;72217;2018-03-13;http://www.rad.cvm.gov.br/ENETCONSULTA/frmDownloadDocumento.aspx?CodigoInstituicao=1&NumeroSequencialDocumento=72217
19.851.496/0001-35;2018-01-01;1;LOGOS COMPANHIA SECURITIZADORA S/A;023477;FCA;74915;2018-05-18;http://www.rad.cvm.gov.br/ENETCONSULTA/frmDownloadDocumento.aspx?CodigoInstituicao=1&NumeroSequencialDocumento=74915
19.851.496/0001-35;2018-01-01;2;LOGOS COMPANHIA SECURITIZADORA S/A;023477;FCA;82759;2019-05-07;http://www.rad.cvm.gov.br/ENETCONSULTA/frmDownloadDocumento.aspx?CodigoInstituicao=1&NumeroSequencialDocumento=82759
19.853.511/0001-84;2018-01-01;1;NOTRE DAME INTERMÉDICA PARTICIPAÇÕES S.A.;024384;FCA;73429;2018-04-23;http://www.rad.cvm.gov.br/ENETCONSULTA/frmDownloadDocumento.aspx?CodigoInstituicao=1&NumeroSequencialDocumento=73429
20.258.278/0001-70;2018-01-01;1;OURO FINO SAUDE ANIMAL PARTICIPACOES S.A.;023507;FCA;71947;2018-03-05;http://www.rad.cvm.gov.br/ENETCONSULTA/frmDownloadDocumento.aspx?CodigoInstituicao=1&NumeroSequencialDocumento=71947
20.451.953/0001-83;2018-01-01;1;BLUM COMPANHIA DE SECURITIZAÇÃO DE CRÉDITOS S.A;023760;FCA;71188;2018-01-24;http://www.rad.cvm.gov.br/ENETCONSULTA/frmDownloadDocumento.aspx?CodigoInstituicao=1&NumeroSequencialDocumento=71188
20.451.953/0001-83;2018-01-01;2;BLUM COMPANHIA DE SECURITIZAÇÃO DE CRÉDITOS S.A;023760;FCA;75409;2018-05-30;http://www.rad.cvm.gov.br/ENETCONSULTA/frmDownloadDocumento.aspx?CodigoInstituicao=1&NumeroSequencialDocumento=75409
20.451.953/0001-83;2018-01-01;3;BLUM COMPANHIA DE SECURITIZAÇÃO DE CRÉDITOS S.A;023760;FCA;76384;2018-07-18;http://www.rad.cvm.gov.br/ENETCONSULTA/frmDownloadDocumento.aspx?CodigoInstituicao=1&NumeroSequencialDocumento=76384
20.646.442/0001-17;2018-01-01;1;GAIA CRED SECURITIZADORA DE CRÉDITOS FINANCEIROS S/A.;024040;FCA;72636;2018-03-26;http://www.rad.cvm.gov.br/ENETCONSULTA/frmDownloadDocumento.aspx?CodigoInstituicao=1&NumeroSequencialDocumento=72636
20.646.442/0001-17;2018-01-01;2;GAIA CRED SECURITIZADORA DE CRÉDITOS FINANCEIROS S/A.;024040;FCA;75193;2018-05-29;http://www.rad.cvm.gov.br/ENETCONSULTA/frmDownloadDocumento.aspx?CodigoInstituicao=1&NumeroSequencialDocumento=75193
21.254.073/0001-80;2018-01-01;1;COMPANHIA ITAUNENSE ENERGIA E PARTICIPAÇÕES;003450;FCA;76731;2018-08-07;http://www.rad.cvm.gov.br/ENETCONSULTA/frmDownloadDocumento.aspx?CodigoInstituicao=1&NumeroSequencialDocumento=76731
21.255.567/0001-89;2018-01-01;1;CIA TECIDOS SANTANENSE;004081;FCA;71038;2018-01-15;http://www.rad.cvm.gov.br/ENETCONSULTA/frmDownloadDocumento.aspx?CodigoInstituicao=1&NumeroSequencialDocumento=71038
21.262.638/0001-70;2018-01-01;1;ENCALSO PARTICIPAÇÕES EM CONCESSÕES S/A;023701;FCA;71062;2018-01-17;http://www.rad.cvm.gov.br/ENETCONSULTA/frmDownloadDocumento.aspx?CodigoInstituicao=1&NumeroSequencialDocumento=71062
21.262.638/0001-70;2018-01-01;2;ENCALSO PARTICIPAÇÕES EM CONCESSÕES S/A;023701;FCA;73033;2018-03-29;http://www.rad.cvm.gov.br/ENETCONSULTA/frmDownloadDocumento.aspx?CodigoInstituicao=1&NumeroSequencialDocumento=73033
21.314.559/0001-66;2018-01-01;1;MOVIDA PARTICIPACOES SA;023825;FCA;70755;2018-01-02;http://www.rad.cvm.gov.br/ENETCONSULTA/frmDownloadDocumento.aspx?CodigoInstituicao=1&NumeroSequencialDocumento=70755
21.414.457/0001-12;2018-01-01;1;LEADS CIA. SECURITIZADORA;023558;FCA;72577;2018-03-23;http://www.rad.cvm.gov.br/ENETCONSULTA/frmDownloadDocumento.aspx?CodigoInstituicao=1&NumeroSequencialDocumento=72577
21.414.457/0001-12;2018-01-01;2;LEADS CIA. SECURITIZADORA;023558;FCA;79564;2018-11-29;http://www.rad.cvm.gov.br/ENETCONSULTA/frmDownloadDocumento.aspx?CodigoInstituicao=1&NumeroSequencialDocumento=79564
21.610.416/0001-00;2018-01-01;1;FORTUNATO SECURITIZADORA S/A;023566;FCA;72510;2018-03-22;http://www.rad.cvm.gov.br/ENETCONSULTA/frmDownloadDocumento.aspx?CodigoInstituicao=1&NumeroSequencialDocumento=72510
21.728.500/0001-14;2018-01-01;1;PACIFIC RDSL PARTICIPAÇÕES S.A.;024163;FCA;71509;2018-02-14;http://www.rad.cvm.gov.br/ENETCONSULTA/frmDownloadDocumento.aspx?CodigoInstituicao=1&NumeroSequencialDocumento=71509
21.728.500/0001-14;2018-01-01;2;PACIFIC RDSL PARTICIPAÇÕES S.A.;024163;FCA;74911;2018-05-17;http://www.rad.cvm.gov.br/ENETCONSULTA/frmDownloadDocumento.aspx?CodigoInstituicao=1&NumeroSequencialDocumento=74911
21.903.297/0001-75;2018-01-01;1;GPR - PINHEIRO & RINALDO CAPITAL S/A;023876;FCA;72493;2018-03-22;http://www.rad.cvm.gov.br/ENETCONSULTA/frmDownloadDocumento.aspx?CodigoInstituicao=1&NumeroSequencialDocumento=72493
21.903.297/0001-75;2018-01-01;2;GPR - PINHEIRO & RINALDO CAPITAL S/A;023876;FCA;75164;2018-05-29;http://www.rad.cvm.gov.br/ENETCONSULTA/frmDownloadDocumento.aspx?CodigoInstituicao=1&NumeroSequencialDocumento=75164
21.948.105/0001-47;2018-01-01;1;BTGI QUARTZO PARTICIPAÇÕES S/A;023850;FCA;72883;2018-03-29;http://www.rad.cvm.gov.br/ENETCONSULTA/frmDownloadDocumento.aspx?CodigoInstituicao=1&NumeroSequencialDocumento=72883
21.976.484/0001-89;2018-01-01;1;RUGE SECURITIZADORA DE CRÉDITOS FINANCEIROS S.A.;024538;FCA;76476;2018-08-24;http://www.rad.cvm.gov.br/ENETCONSULTA/frmDownloadDocumento.aspx?CodigoInstituicao=1&NumeroSequencialDocumento=76476
21.976.484/0001-89;2018-01-01;2;RUGE SECURITIZADORA DE CRÉDITOS FINANCEIROS S.A.;024538;FCA;77842;2018-09-18;http://www.rad.cvm.gov.br/ENETCONSULTA/frmDownloadDocumento.aspx?CodigoInstituicao=1&NumeroSequencialDocumento=77842
21.976.510/0001-79;2018-01-01;1;BTGI SAFIRA PARTICIPAÇÕES S/A;023841;FCA;72884;2018-03-29;http://www.rad.cvm.gov.br/ENETCONSULTA/frmDownloadDocumento.aspx?CodigoInstituicao=1&NumeroSequencialDocumento=72884
21.987.030/0001-03;2018-01-01;1;FINSBURY PARTICIPAÇÕES S.A.;023639;FCA;72661;2018-03-26;http://www.rad.cvm.gov.br/ENETCONSULTA/frmDownloadDocumento.aspx?CodigoInstituicao=1&NumeroSequencialDocumento=72661
22.163.297/0001-49;2018-01-01;1;CONCESSIONÁRIA PONTE RIO-NITERÓI S.A. - ECOPONTE;024139;FCA;70904;2018-01-08;http://www.rad.cvm.gov.br/ENETCONSULTA/frmDownloadDocumento.aspx?CodigoInstituicao=1&NumeroSequencialDocumento=70904
22.163.297/0001-49;2018-01-01;2;CONCESSIONÁRIA PONTE RIO-NITERÓI S.A. - ECOPONTE;024139;FCA;73165;2018-04-06;http://www.rad.cvm.gov.br/ENETCONSULTA/frmDownloadDocumento.aspx?CodigoInstituicao=1&NumeroSequencialDocumento=73165
22.163.297/0001-49;2018-01-01;3;CONCESSIONÁRIA PONTE RIO-NITERÓI S.A. - ECOPONTE;024139;FCA;79705;2018-12-12;http://www.rad.cvm.gov.br/ENETCONSULTA/frmDownloadDocumento.aspx?CodigoInstituicao=1&NumeroSequencialDocumento=79705
22.266.175/0001-88;2018-01-01;1;FERTILIZANTES HERINGER S.A.;020621;FCA;71669;2018-02-22;http://www.rad.cvm.gov.br/ENETCONSULTA/frmDownloadDocumento.aspx?CodigoInstituicao=1&NumeroSequencialDocumento=71669
22.495.265/0001-40;2018-01-01;1;SENECA COMPANHIA SECURITIZADORA;023698;FCA;72601;2018-03-23;http://www.rad.cvm.gov.br/ENETCONSULTA/frmDownloadDocumento.aspx?CodigoInstituicao=1&NumeroSequencialDocumento=72601
22.495.265/0001-40;2018-01-01;2;SENECA COMPANHIA SECURITIZADORA;023698;FCA;75166;2018-05-29;http://www.rad.cvm.gov.br/ENETCONSULTA/frmDownloadDocumento.aspx?CodigoInstituicao=1&NumeroSequencialDocumento=75166
22.543.331/0001-00;2018-01-01;1;CAIXA SEGURIDADE PARTICIPAÇÕES S.A.;023795;FCA;71966;2018-03-05;http://www.rad.cvm.gov.br/ENETCONSULTA/frmDownloadDocumento.aspx?CodigoInstituicao=1&NumeroSequencialDocumento=71966
22.677.520/0001-76;2018-01-01;1;CIA TECIDOS NORTE DE MINAS COTEMINAS;003158;FCA;70807;2018-01-04;http://www.rad.cvm.gov.br/ENETCONSULTA/frmDownloadDocumento.aspx?CodigoInstituicao=1&NumeroSequencialDocumento=70807
22.770.366/0001-82;2018-01-01;1;TEC TOY S.A.;014133;FCA;70791;2018-01-03;http://www.rad.cvm.gov.br/ENETCONSULTA/frmDownloadDocumento.aspx?CodigoInstituicao=1&NumeroSequencialDocumento=70791
22.983.283/0001-71;2018-01-01;1;COMPANHIA CARIOCA DE SECURITIZAÇÃO S.A. - RIO SECURITIZAÇÃO;023949;FCA;72871;2018-03-28;http://www.rad.cvm.gov.br/ENETCONSULTA/frmDownloadDocumento.aspx?CodigoInstituicao=1&NumeroSequencialDocumento=72871
23.043.212/0001-51;2018-01-01;1;COMPANHIA PARANAENSE DE SECURITIZAÇÃO - PRSEC;023914;FCA;74334;2018-05-11;http://www.rad.cvm.gov.br/ENETCONSULTA/frmDownloadDocumento.aspx?CodigoInstituicao=1&NumeroSequencialDocumento=74334
24.170.211/0001-30;2018-01-01;1;AMALFI EMPREENDIMENTOS E PARTICIPAÇÕES S.A.;024503;FCA;75947;2018-08-09;http://www.rad.cvm.gov.br/ENETCONSULTA/frmDownloadDocumento.aspx?CodigoInstituicao=1&NumeroSequencialDocumento=75947
24.170.211/0001-30;2018-01-01;2;AMALFI EMPREENDIMENTOS E PARTICIPAÇÕES S.A.;024503;FCA;77442;2018-08-15;http://www.rad.cvm.gov.br/ENETCONSULTA/frmDownloadDocumento.aspx?CodigoInstituicao=1&NumeroSequencialDocumento=77442
24.241.659/0001-06;2018-01-01;1;VENTURE CAPITAL PARTICIPAÇÕES E INVESTIMENTOS S/A;024309;FCA;73038;2018-03-31;http://www.rad.cvm.gov.br/ENETCONSULTA/frmDownloadDocumento.aspx?CodigoInstituicao=1&NumeroSequencialDocumento=73038
24.241.659/0001-06;2018-01-01;2;VENTURE CAPITAL PARTICIPAÇÕES E INVESTIMENTOS S/A;024309;FCA;74985;2018-05-22;http://www.rad.cvm.gov.br/ENETCONSULTA/frmDownloadDocumento.aspx?CodigoInstituicao=1&NumeroSequencialDocumento=74985
24.624.490/0001-65;2018-01-01;1;ARGO TRANSMISSÃO DE ENERGIA S/A;024210;FCA;72165;2018-03-09;http://www.rad.cvm.gov.br/ENETCONSULTA/frmDownloadDocumento.aspx?CodigoInstituicao=1&NumeroSequencialDocumento=72165
24.624.490/0001-65;2018-01-01;2;ARGO TRANSMISSÃO DE ENERGIA S/A;024210;FCA;72806;2018-03-28;http://www.rad.cvm.gov.br/ENETCONSULTA/frmDownloadDocumento.aspx?CodigoInstituicao=1&NumeroSequencialDocumento=72806
24.624.551/0001-94;2018-01-01;1;ARGO ENERGIA EMPREENDIMENTOS E PARTICIPAÇÕES S/A;024120;FCA;72162;2018-03-09;http://www.rad.cvm.gov.br/ENETCONSULTA/frmDownloadDocumento.aspx?CodigoInstituicao=1&NumeroSequencialDocumento=72162
24.624.551/0001-94;2018-01-01;2;ARGO ENERGIA EMPREENDIMENTOS E PARTICIPAÇÕES S/A;024120;FCA;72805;2018-03-28;http://www.rad.cvm.gov.br/ENETCONSULTA/frmDownloadDocumento.aspx?CodigoInstituicao=1&NumeroSequencialDocumento=72805
24.962.466/0001-36;2018-01-01;1;RUMO MALHA NORTE S.A.;015300;FCA;71155;2018-01-23;http://www.rad.cvm.gov.br/ENETCONSULTA/frmDownloadDocumento.aspx?CodigoInstituicao=1&NumeroSequencialDocumento=71155
24.962.466/0001-36;2018-01-01;2;RUMO MALHA NORTE S.A.;015300;FCA;74365;2018-05-11;http://www.rad.cvm.gov.br/ENETCONSULTA/frmDownloadDocumento.aspx?CodigoInstituicao=1&NumeroSequencialDocumento=74365
25.005.683/0001-09;2018-01-01;1;VERT COMPANHIA SECURITIZADORA;023990;FCA;70766;2018-01-03;http://www.rad.cvm.gov.br/ENETCONSULTA/frmDownloadDocumento.aspx?CodigoInstituicao=1&NumeroSequencialDocumento=70766
25.005.683/0001-09;2018-01-01;2;VERT COMPANHIA SECURITIZADORA;023990;FCA;70767;2018-01-03;http://www.rad.cvm.gov.br/ENETCONSULTA/frmDownloadDocumento.aspx?CodigoInstituicao=1&NumeroSequencialDocumento=70767
25.089.509/0001-83;2018-01-01;1;COMPANHIA DE SANEAMENTO DO TOCANTINS - SANEATINS;023809;FCA;70840;2018-01-04;http://www.rad.cvm.gov.br/ENETCONSULTA/frmDownloadDocumento.aspx?CodigoInstituicao=1&NumeroSequencialDocumento=70840
26.173.550/0001-04;2018-01-01;1;LGT HUB PARTICIPAÇÕES S.A.;024198;FCA;71862;2018-02-28;http://www.rad.cvm.gov.br/ENETCONSULTA/frmDownloadDocumento.aspx?CodigoInstituicao=1&NumeroSequencialDocumento=71862
26.173.550/0001-04;2018-01-01;2;LGT HUB PARTICIPAÇÕES S.A.;024198;FCA;71942;2018-03-02;http://www.rad.cvm.gov.br/ENETCONSULTA/frmDownloadDocumento.aspx?CodigoInstituicao=1&NumeroSequencialDocumento=71942
26.609.050/0001-64;2018-01-01;1;TRAVESSIA SECURITIZADORA S.A.;024082;FCA;73687;2018-05-03;http://www.rad.cvm.gov.br/ENETCONSULTA/frmDownloadDocumento.aspx?CodigoInstituicao=1&NumeroSequencialDocumento=73687
26.643.756/0001-42;2018-01-01;1;USINAGEM EDLYN PARTICIPAÇÕES S.A.;024449;FCA;75802;2018-06-08;http://www.rad.cvm.gov.br/ENETCONSULTA/frmDownloadDocumento.aspx?CodigoInstituicao=1&NumeroSequencialDocumento=75802
26.664.057/0001-89;2018-01-01;1;ENTREVIAS CONCESSIONÁRIA DE RODOVIAS S.A.;024341;FCA;71949;2018-03-05;http://www.rad.cvm.gov.br/ENETCONSULTA/frmDownloadDocumento.aspx?CodigoInstituicao=1&NumeroSequencialDocumento=71949
26.664.057/0001-89;2018-01-01;2;ENTREVIAS CONCESSIONÁRIA DE RODOVIAS S.A.;024341;FCA;74860;2018-05-16;http://www.rad.cvm.gov.br/ENETCONSULTA/frmDownloadDocumento.aspx?CodigoInstituicao=1&NumeroSequencialDocumento=74860
26.664.057/0001-89;2018-01-01;3;ENTREVIAS CONCESSIONÁRIA DE RODOVIAS S.A.;024341;FCA;80837;2019-02-22;http://www.rad.cvm.gov.br/ENETCONSULTA/frmDownloadDocumento.aspx?CodigoInstituicao=1&NumeroSequencialDocumento=80837
26.845.702/0001-60;2018-01-01;1;EQUATORIAL TRANSMISSORA 7 SPE S.A.;024457;FCA;73402;2018-06-04;http://www.rad.cvm.gov.br/ENETCONSULTA/frmDownloadDocumento.aspx?CodigoInstituicao=1&NumeroSequencialDocumento=73402
26.845.702/0001-60;2018-01-01;2;EQUATORIAL TRANSMISSORA 7 SPE S.A.;024457;FCA;75964;2018-06-19;http://www.rad.cvm.gov.br/ENETCONSULTA/frmDownloadDocumento.aspx?CodigoInstituicao=1&NumeroSequencialDocumento=75964
27.092.587/0001-62;2018-01-01;1;EDAFO SECURITIZADORA S/A;024325;FCA;71083;2018-01-18;http://www.rad.cvm.gov.br/ENETCONSULTA/frmDownloadDocumento.aspx?CodigoInstituicao=1&NumeroSequencialDocumento=71083
27.092.587/0001-62;2018-01-01;2;EDAFO SECURITIZADORA S/A;024325;FCA;75685;2018-05-31;http://www.rad.cvm.gov.br/ENETCONSULTA/frmDownloadDocumento.aspx?CodigoInstituicao=1&NumeroSequencialDocumento=75685
27.093.558/0001-15;2018-01-01;1;MILLS LOCAÇÃO, SERVIÇOS E LOGÍSTICA S.A.;022012;FCA;72230;2018-03-13;http://www.rad.cvm.gov.br/ENETCONSULTA/frmDownloadDocumento.aspx?CodigoInstituicao=1&NumeroSequencialDocumento=72230
27.093.558/0001-15;2018-01-01;2;MILLS LOCAÇÃO, SERVIÇOS E LOGÍSTICA S.A.;022012;FCA;72352;2018-03-16;http://www.rad.cvm.gov.br/ENETCONSULTA/frmDownloadDocumento.aspx?CodigoInstituicao=1&NumeroSequencialDocumento=72352
27.093.558/0001-15;2018-01-01;3;MILLS LOCAÇÃO, SERVIÇOS E LOGÍSTICA S.A.;022012;FCA;76215;2018-07-04;http://www.rad.cvm.gov.br/ENETCONSULTA/frmDownloadDocumento.aspx?CodigoInstituicao=1&NumeroSequencialDocumento=76215
27.137.879/0001-74;2018-01-01;1;CIA SEC CRED FIN CARTÕES CONSIG BMG;024147;FCA;73066;2018-04-02;http://www.rad.cvm.gov.br/ENETCONSULTA/frmDownloadDocumento.aspx?CodigoInstituicao=1&NumeroSequencialDocumento=73066
27.956.690/0001-03;2018-01-01;1;AUZZA SECURITIZADORA S. A.;024333;FCA;71121;2018-01-22;http://www.rad.cvm.gov.br/ENETCONSULTA/frmDownloadDocumento.aspx?CodigoInstituicao=1&NumeroSequencialDocumento=71121
27.967.244/0001-02;2018-01-01;1;EQUATORIAL TRANSMISSORA 8 SPE S.A.;024481;FCA;73396;2018-06-04;http://www.rad.cvm.gov.br/ENETCONSULTA/frmDownloadDocumento.aspx?CodigoInstituicao=1&NumeroSequencialDocumento=73396
27.967.244/0001-02;2018-01-01;2;EQUATORIAL TRANSMISSORA 8 SPE S.A.;024481;FCA;76131;2018-06-28;http://www.rad.cvm.gov.br/ENETCONSULTA/frmDownloadDocumento.aspx?CodigoInstituicao=1&NumeroSequencialDocumento=76131
28.127.603/0001-78;2018-01-01;1;BANESTES S.A. - BCO EST ESPIRITO SANTO;001155;FCA;70919;2018-01-09;http://www.rad.cvm.gov.br/ENETCONSULTA/frmDownloadDocumento.aspx?CodigoInstituicao=1&NumeroSequencialDocumento=70919
28.127.603/0001-78;2018-01-01;2;BANESTES S.A. - BCO EST ESPIRITO SANTO;001155;FCA;73180;2018-04-06;http://www.rad.cvm.gov.br/ENETCONSULTA/frmDownloadDocumento.aspx?CodigoInstituicao=1&NumeroSequencialDocumento=73180
28.127.603/0001-78;2018-01-01;3;BANESTES S.A. - BCO EST ESPIRITO SANTO;001155;FCA;74955;2018-05-21;http://www.rad.cvm.gov.br/ENETCONSULTA/frmDownloadDocumento.aspx?CodigoInstituicao=1&NumeroSequencialDocumento=74955
28.127.603/0001-78;2018-01-01;4;BANESTES S.A. - BCO EST ESPIRITO SANTO;001155;FCA;76338;2018-07-13;http://www.rad.cvm.gov.br/ENETCONSULTA/frmDownloadDocumento.aspx?CodigoInstituicao=1&NumeroSequencialDocumento=76338
28.152.650/0001-71;2018-01-01;1;EDP ESPIRITO SANTO DISTRIBUIÇÃO DE ENERGIA S.A.;015342;FCA;71812;2018-02-27;http://www.rad.cvm.gov.br/ENETCONSULTA/frmDownloadDocumento.aspx?CodigoInstituicao=1&NumeroSequencialDocumento=71812
28.152.650/0001-71;2018-01-01;2;EDP ESPIRITO SANTO DISTRIBUIÇÃO DE ENERGIA S.A.;015342;FCA;74041;2018-05-09;http://www.rad.cvm.gov.br/ENETCONSULTA/frmDownloadDocumento.aspx?CodigoInstituicao=1&NumeroSequencialDocumento=74041
28.195.667/0001-06;2018-01-01;1;BCO ABC BRASIL S.A.;020958;FCA;71032;2018-01-15;http://www.rad.cvm.gov.br/ENETCONSULTA/frmDownloadDocumento.aspx?CodigoInstituicao=1&NumeroSequencialDocumento=71032
28.195.667/0001-06;2018-01-01;2;BCO ABC BRASIL S.A.;020958;FCA;74903;2018-05-17;http://www.rad.cvm.gov.br/ENETCONSULTA/frmDownloadDocumento.aspx?CodigoInstituicao=1&NumeroSequencialDocumento=74903
28.201.130/0001-01;2018-01-01;1;ENERGISA TRANSMISSÃO DE ENERGIA S/A;024589;FCA;77753;2018-10-17;http://www.rad.cvm.gov.br/ENETCONSULTA/frmDownloadDocumento.aspx?CodigoInstituicao=1&NumeroSequencialDocumento=77753
28.201.130/0001-01;2018-01-01;2;ENERGISA TRANSMISSÃO DE ENERGIA S/A;024589;FCA;78909;2018-11-09;http://www.rad.cvm.gov.br/ENETCONSULTA/frmDownloadDocumento.aspx?CodigoInstituicao=1&NumeroSequencialDocumento=78909
28.442.718/0001-57;2018-01-01;1;RIOLOAN 2 COMPANHIA SECURITIZADORA DE CRÉDITOS FINANCEIROS;024368;FCA;73235;2018-04-10;http://www.rad.cvm.gov.br/ENETCONSULTA/frmDownloadDocumento.aspx?CodigoInstituicao=1&NumeroSequencialDocumento=73235
28.442.718/0001-57;2018-01-01;2;RIOLOAN 2 COMPANHIA SECURITIZADORA DE CRÉDITOS FINANCEIROS;024368;FCA;74317;2018-05-11;http://www.rad.cvm.gov.br/ENETCONSULTA/frmDownloadDocumento.aspx?CodigoInstituicao=1&NumeroSequencialDocumento=74317
28.925.264/0001-75;2018-01-01;1;COMPANHIA ENERGÉTICA JAGUARA;024422;FCA;73661;2018-05-02;http://www.rad.cvm.gov.br/ENETCONSULTA/frmDownloadDocumento.aspx?CodigoInstituicao=1&NumeroSequencialDocumento=73661
28.925.264/0001-75;2018-01-01;2;COMPANHIA ENERGÉTICA JAGUARA;024422;FCA;76273;2018-07-06;http://www.rad.cvm.gov.br/ENETCONSULTA/frmDownloadDocumento.aspx?CodigoInstituicao=1&NumeroSequencialDocumento=76273
28.925.264/0001-75;2018-01-01;3;COMPANHIA ENERGÉTICA JAGUARA;024422;FCA;76278;2018-07-06;http://www.rad.cvm.gov.br/ENETCONSULTA/frmDownloadDocumento.aspx?CodigoInstituicao=1&NumeroSequencialDocumento=76278
28.925.264/0001-75;2018-01-01;4;COMPANHIA ENERGÉTICA JAGUARA;024422;FCA;79714;2018-12-13;http://www.rad.cvm.gov.br/ENETCONSULTA/frmDownloadDocumento.aspx?CodigoInstituicao=1&NumeroSequencialDocumento=79714
28.942.127/0001-49;2018-01-01;1;COMPANHIA ENERGÉTICA MIRANDA;024430;FCA;73664;2018-05-02;http://www.rad.cvm.gov.br/ENETCONSULTA/frmDownloadDocumento.aspx?CodigoInstituicao=1&NumeroSequencialDocumento=73664
28.942.127/0001-49;2018-01-01;2;COMPANHIA ENERGÉTICA MIRANDA;024430;FCA;76275;2018-07-06;http://www.rad.cvm.gov.br/ENETCONSULTA/frmDownloadDocumento.aspx?CodigoInstituicao=1&NumeroSequencialDocumento=76275
28.942.127/0001-49;2018-01-01;3;COMPANHIA ENERGÉTICA MIRANDA;024430;FCA;79715;2018-12-13;http://www.rad.cvm.gov.br/ENETCONSULTA/frmDownloadDocumento.aspx?CodigoInstituicao=1&NumeroSequencialDocumento=79715
29.088.092/0001-95;2018-01-01;1;ROMAXIS SECURITIZADORA S.A.;024686;FCA;79754;2019-01-24;http://www.rad.cvm.gov.br/ENETCONSULTA/frmDownloadDocumento.aspx?CodigoInstituicao=1&NumeroSequencialDocumento=79754
29.780.061/0001-09;2018-01-01;1;SAO CARLOS EMPREEND E PARTICIPACOES S.A.;013781;FCA;70966;2018-01-10;http://www.rad.cvm.gov.br/ENETCONSULTA/frmDownloadDocumento.aspx?CodigoInstituicao=1&NumeroSequencialDocumento=70966
29.845.329/0001-35;2018-01-01;1;COPISEC SECURITIZADORA DE CRÉDITOS FINANCEIROS S.A.;024570;FCA;75953;2018-10-24;http://www.rad.cvm.gov.br/ENETCONSULTA/frmDownloadDocumento.aspx?CodigoInstituicao=1&NumeroSequencialDocumento=75953
29.845.329/0001-35;2018-01-01;2;COPISEC SECURITIZADORA DE CRÉDITOS FINANCEIROS S.A.;024570;FCA;78429;2018-10-30;http://www.rad.cvm.gov.br/ENETCONSULTA/frmDownloadDocumento.aspx?CodigoInstituicao=1&NumeroSequencialDocumento=78429
29.845.329/0001-35;2018-01-01;3;COPISEC SECURITIZADORA DE CRÉDITOS FINANCEIROS S.A.;024570;FCA;80137;2019-01-14;http://www.rad.cvm.gov.br/ENETCONSULTA/frmDownloadDocumento.aspx?CodigoInstituicao=1&NumeroSequencialDocumento=80137
29.845.329/0001-35;2018-01-01;4;COPISEC SECURITIZADORA DE CRÉDITOS FINANCEIROS S.A.;024570;FCA;80856;2019-02-25;http://www.rad.cvm.gov.br/ENETCONSULTA/frmDownloadDocumento.aspx?CodigoInstituicao=1&NumeroSequencialDocumento=80856
29.845.329/0001-35;2018-01-01;5;COPISEC SECURITIZADORA DE CRÉDITOS FINANCEIROS S.A.;024570;FCA;80921;2019-02-27;http://www.rad.cvm.gov.br/ENETCONSULTA/frmDownloadDocumento.aspx?CodigoInstituicao=1&NumeroSequencialDocumento=80921
29.950.060/0001-57;2018-01-01;1;NORTEC QUÍMICA S.A.;022985;FCA;75743;2018-06-04;http://www.rad.cvm.gov.br/ENETCONSULTA/frmDownloadDocumento.aspx?CodigoInstituicao=1&NumeroSequencialDocumento=75743
29.978.814/0001-87;2018-01-01;1;SUL AMERICA S.A.;021121;FCA;71700;2018-02-22;http://www.rad.cvm.gov.br/ENETCONSULTA/frmDownloadDocumento.aspx?CodigoInstituicao=1&NumeroSequencialDocumento=71700
30.219.233/0001-40;2018-01-01;1;COMPANHIA SECURITIZADORA DE CRÉDITOS FINANCEIROS VERT-REBEL;024511;FCA;76157;2018-06-29;http://www.rad.cvm.gov.br/ENETCONSULTA/frmDownloadDocumento.aspx?CodigoInstituicao=1&NumeroSequencialDocumento=76157
30.219.233/0001-40;2018-01-01;2;COMPANHIA SECURITIZADORA DE CRÉDITOS FINANCEIROS VERT-REBEL;024511;FCA;77644;2018-08-29;http://www.rad.cvm.gov.br/ENETCONSULTA/frmDownloadDocumento.aspx?CodigoInstituicao=1&NumeroSequencialDocumento=77644
30.219.233/0001-40;2018-01-01;3;COMPANHIA SECURITIZADORA DE CRÉDITOS FINANCEIROS VERT-REBEL;024511;FCA;78725;2018-11-07;http://www.rad.cvm.gov.br/ENETCONSULTA/frmDownloadDocumento.aspx?CodigoInstituicao=1&NumeroSequencialDocumento=78725
30.306.294/0001-45;2018-01-01;1;BCO BTG PACTUAL S.A.;022616;FCA;71753;2018-02-23;http://www.rad.cvm.gov.br/ENETCONSULTA/frmDownloadDocumento.aspx?CodigoInstituicao=1&NumeroSequencialDocumento=71753
30.306.294/0001-45;2018-01-01;2;BCO BTG PACTUAL S.A.;022616;FCA;77836;2018-09-17;http://www.rad.cvm.gov.br/ENETCONSULTA/frmDownloadDocumento.aspx?CodigoInstituicao=1&NumeroSequencialDocumento=77836
30.311.067/0001-08;2018-01-01;1;ESTTEIO COMPANHIA SECURITIZADORA DE CRÉDITOS;024619;FCA;78035;2018-12-17;http://www.rad.cvm.gov.br/ENETCONSULTA/frmDownloadDocumento.aspx?CodigoInstituicao=1&NumeroSequencialDocumento=78035
30.311.067/0001-08;2018-01-01;2;ESTTEIO COMPANHIA SECURITIZADORA DE CRÉDITOS;024619;FCA;79818;2018-12-20;http://www.rad.cvm.gov.br/ENETCONSULTA/frmDownloadDocumento.aspx?CodigoInstituicao=1&NumeroSequencialDocumento=79818
30.418.658/0001-89;2018-01-01;1;COMPANHIA SECURITIZADORA DE CRÉD. FINANCEIROS VERT-NEXOOS;024520;FCA;76679;2018-08-20;http://www.rad.cvm.gov.br/ENETCONSULTA/frmDownloadDocumento.aspx?CodigoInstituicao=1&NumeroSequencialDocumento=76679
30.418.658/0001-89;2018-01-01;2;COMPANHIA SECURITIZADORA DE CRÉD. FINANCEIROS VERT-NEXOOS;024520;FCA;77643;2018-08-29;http://www.rad.cvm.gov.br/ENETCONSULTA/frmDownloadDocumento.aspx?CodigoInstituicao=1&NumeroSequencialDocumento=77643
30.418.658/0001-89;2018-01-01;3;COMPANHIA SECURITIZADORA DE CRÉD. FINANCEIROS VERT-NEXOOS;024520;FCA;78730;2018-11-07;http://www.rad.cvm.gov.br/ENETCONSULTA/frmDownloadDocumento.aspx?CodigoInstituicao=1&NumeroSequencialDocumento=78730
30.540.991/0001-66;2018-01-01;1;HAGA S.A. INDUSTRIA E COMERCIO;013366;FCA;71279;2018-01-31;http://www.rad.cvm.gov.br/ENETCONSULTA/frmDownloadDocumento.aspx?CodigoInstituicao=1&NumeroSequencialDocumento=71279
30.702.767/0001-23;2018-01-01;1;RHC SECURITIZADORA DE CRÉDITOS S/A;024635;FCA;78108;2018-12-18;http://www.rad.cvm.gov.br/ENETCONSULTA/frmDownloadDocumento.aspx?CodigoInstituicao=1&NumeroSequencialDocumento=78108
30.788.149/0001-48;2018-01-01;1;GUARDIAN COMPANHIA SECURITIZADORA;024562;FCA;76549;2018-10-03;http://www.rad.cvm.gov.br/ENETCONSULTA/frmDownloadDocumento.aspx?CodigoInstituicao=1&NumeroSequencialDocumento=76549
30.788.149/0001-48;2018-01-01;2;GUARDIAN COMPANHIA SECURITIZADORA;024562;FCA;78104;2018-10-11;http://www.rad.cvm.gov.br/ENETCONSULTA/frmDownloadDocumento.aspx?CodigoInstituicao=1&NumeroSequencialDocumento=78104
31.001.230/0001-07;2018-01-01;1;CELEO REDES TRANSMISSÃO DE ENERGIA S.A.;024597;FCA;77867;2018-09-20;http://www.rad.cvm.gov.br/ENETCONSULTA/frmDownloadDocumento.aspx?CodigoInstituicao=1&NumeroSequencialDocumento=77867
31.001.230/0001-07;2018-01-01;2;CELEO REDES TRANSMISSÃO DE ENERGIA S.A.;024597;FCA;79737;2018-12-14;http://www.rad.cvm.gov.br/ENETCONSULTA/frmDownloadDocumento.aspx?CodigoInstituicao=1&NumeroSequencialDocumento=79737
31.468.139/0001-98;2018-01-01;1;CASA DE PEDRA SECURITIZADORA DE CREDITO S/A;024643;FCA;79475;2018-11-21;http://www.rad.cvm.gov.br/ENETCONSULTA/frmDownloadDocumento.aspx?CodigoInstituicao=1&NumeroSequencialDocumento=79475
31.594.055/0001-09;2018-01-01;1;CONTAGEM SECURITIZADORA DE CRÉDITOS S.A.;024651;FCA;79522;2019-02-06;http://www.rad.cvm.gov.br/ENETCONSULTA/frmDownloadDocumento.aspx?CodigoInstituicao=1&NumeroSequencialDocumento=79522
31.594.055/0001-09;2018-01-01;2;CONTAGEM SECURITIZADORA DE CRÉDITOS S.A.;024651;FCA;81356;2019-03-20;http://www.rad.cvm.gov.br/ENETCONSULTA/frmDownloadDocumento.aspx?CodigoInstituicao=1&NumeroSequencialDocumento=81356
31.895.683/0001-16;2018-01-01;1;BANCO INDUSTRIAL DO BRASIL;021377;FCA;71181;2018-01-24;http://www.rad.cvm.gov.br/ENETCONSULTA/frmDownloadDocumento.aspx?CodigoInstituicao=1&NumeroSequencialDocumento=71181
31.907.982/0001-23;2018-01-01;1;FILADÉLFIA SECURITIZADORA S/A;024732;FCA;81161;2019-03-13;http://www.rad.cvm.gov.br/ENETCONSULTA/frmDownloadDocumento.aspx?CodigoInstituicao=1&NumeroSequencialDocumento=81161
31.910.308/0001-06;2018-01-01;1;SLOT URBANISMO S/A;024678;FCA;79645;2019-02-07;http://www.rad.cvm.gov.br/ENETCONSULTA/frmDownloadDocumento.aspx?CodigoInstituicao=1&NumeroSequencialDocumento=79645
31.910.308/0001-06;2018-01-01;2;SLOT URBANISMO S/A;024678;FCA;81500;2019-03-26;http://www.rad.cvm.gov.br/ENETCONSULTA/frmDownloadDocumento.aspx?CodigoInstituicao=1&NumeroSequencialDocumento=81500
32.681.371/0001-72;2018-01-01;1;VIX LOGÍSTICA S.A.;021202;FCA;71901;2018-03-01;http://www.rad.cvm.gov.br/ENETCONSULTA/frmDownloadDocumento.aspx?CodigoInstituicao=1&NumeroSequencialDocumento=71901
32.681.371/0001-72;2018-01-01;2;VIX LOGÍSTICA S.A.;021202;FCA;74120;2018-05-10;http://www.rad.cvm.gov.br/ENETCONSULTA/frmDownloadDocumento.aspx?CodigoInstituicao=1&NumeroSequencialDocumento=74120
32.681.371/0001-72;2018-01-01;3;VIX LOGÍSTICA S.A.;021202;FCA;78673;2018-11-06;http://www.rad.cvm.gov.br/ENETCONSULTA/frmDownloadDocumento.aspx?CodigoInstituicao=1&NumeroSequencialDocumento=78673
33.000.167/0001-01;2018-01-01;1;PETROLEO BRASILEIRO S.A. PETROBRAS;009512;FCA;71386;2018-02-07;http://www.rad.cvm.gov.br/ENETCONSULTA/frmDownloadDocumento.aspx?CodigoInstituicao=1&NumeroSequencialDocumento=71386
33.000.167/0001-01;2018-01-01;2;PETROLEO BRASILEIRO S.A. PETROBRAS;009512;FCA;76250;2018-07-05;http://www.rad.cvm.gov.br/ENETCONSULTA/frmDownloadDocumento.aspx?CodigoInstituicao=1&NumeroSequencialDocumento=76250
33.000.167/0001-01;2018-01-01;3;PETROLEO BRASILEIRO S.A. PETROBRAS;009512;FCA;77730;2018-09-06;http://www.rad.cvm.gov.br/ENETCONSULTA/frmDownloadDocumento.aspx?CodigoInstituicao=1&NumeroSequencialDocumento=77730
33.014.556/0001-96;2018-01-01;1;LOJAS AMERICANAS S.A.;008087;FCA;70836;2018-01-04;http://www.rad.cvm.gov.br/ENETCONSULTA/frmDownloadDocumento.aspx?CodigoInstituicao=1&NumeroSequencialDocumento=70836
33.035.536/0001-00;2018-01-01;1;JOAO FORTES ENGENHARIA S.A. - EM RECUPERAÇÃO JUDICIAL;007811;FCA;72344;2018-03-16;http://www.rad.cvm.gov.br/ENETCONSULTA/frmDownloadDocumento.aspx?CodigoInstituicao=1&NumeroSequencialDocumento=72344
33.035.536/0001-00;2018-01-01;2;JOAO FORTES ENGENHARIA S.A. - EM RECUPERAÇÃO JUDICIAL;007811;FCA;75328;2018-05-30;http://www.rad.cvm.gov.br/ENETCONSULTA/frmDownloadDocumento.aspx?CodigoInstituicao=1&NumeroSequencialDocumento=75328
33.040.601/0001-87;2018-01-01;1;CREDITAQUI FINANCEIRA S.A. - C.F.I.;008540;FCA;71206;2018-01-26;http://www.rad.cvm.gov.br/ENETCONSULTA/frmDownloadDocumento.aspx?CodigoInstituicao=1&NumeroSequencialDocumento=71206
33.041.260/0652-90;2018-01-01;1;GRUPO CASAS BAHIA S.A.;006505;FCA;71051;2018-01-16;http://www.rad.cvm.gov.br/ENETCONSULTA/frmDownloadDocumento.aspx?CodigoInstituicao=1&NumeroSequencialDocumento=71051
33.041.260/0652-90;2018-01-01;2;GRUPO CASAS BAHIA S.A.;006505;FCA;73186;2018-04-06;http://www.rad.cvm.gov.br/ENETCONSULTA/frmDownloadDocumento.aspx?CodigoInstituicao=1&NumeroSequencialDocumento=73186
33.041.260/0652-90;2018-01-01;3;GRUPO CASAS BAHIA S.A.;006505;FCA;74957;2018-05-21;http://www.rad.cvm.gov.br/ENETCONSULTA/frmDownloadDocumento.aspx?CodigoInstituicao=1&NumeroSequencialDocumento=74957
33.041.260/0652-90;2018-01-01;4;GRUPO CASAS BAHIA S.A.;006505;FCA;78321;2018-10-26;http://www.rad.cvm.gov.br/ENETCONSULTA/frmDownloadDocumento.aspx?CodigoInstituicao=1&NumeroSequencialDocumento=78321
33.041.260/0652-90;2018-01-01;5;GRUPO CASAS BAHIA S.A.;006505;FCA;80983;2019-02-28;http://www.rad.cvm.gov.br/ENETCONSULTA/frmDownloadDocumento.aspx?CodigoInstituicao=1&NumeroSequencialDocumento=80983
33.042.730/0001-04;2018-01-01;1;CIA SIDERURGICA NACIONAL;004030;FCA;70842;2018-01-05;http://www.rad.cvm.gov.br/ENETCONSULTA/frmDownloadDocumento.aspx?CodigoInstituicao=1&NumeroSequencialDocumento=70842
33.042.730/0001-04;2018-01-01;2;CIA SIDERURGICA NACIONAL;004030;FCA;71815;2018-02-27;http://www.rad.cvm.gov.br/ENETCONSULTA/frmDownloadDocumento.aspx?CodigoInstituicao=1&NumeroSequencialDocumento=71815
33.042.730/0001-04;2018-01-01;3;CIA SIDERURGICA NACIONAL;004030;FCA;72677;2018-03-26;http://www.rad.cvm.gov.br/ENETCONSULTA/frmDownloadDocumento.aspx?CodigoInstituicao=1&NumeroSequencialDocumento=72677
33.042.730/0001-04;2018-01-01;4;CIA SIDERURGICA NACIONAL;004030;FCA;77422;2018-08-15;http://www.rad.cvm.gov.br/ENETCONSULTA/frmDownloadDocumento.aspx?CodigoInstituicao=1&NumeroSequencialDocumento=77422
33.042.730/0001-04;2018-01-01;5;CIA SIDERURGICA NACIONAL;004030;FCA;77461;2018-08-16;http://www.rad.cvm.gov.br/ENETCONSULTA/frmDownloadDocumento.aspx?CodigoInstituicao=1&NumeroSequencialDocumento=77461
33.042.730/0001-04;2018-01-01;6;CIA SIDERURGICA NACIONAL;004030;FCA;79765;2018-12-17;http://www.rad.cvm.gov.br/ENETCONSULTA/frmDownloadDocumento.aspx?CodigoInstituicao=1&NumeroSequencialDocumento=79765
33.050.071/0001-58;2018-01-01;1;AMPLA ENERGIA E SERVICOS S.A.;003050;FCA;71626;2018-02-20;http://www.rad.cvm.gov.br/ENETCONSULTA/frmDownloadDocumento.aspx?CodigoInstituicao=1&NumeroSequencialDocumento=71626
33.050.071/0001-58;2018-01-01;2;AMPLA ENERGIA E SERVICOS S.A.;003050;FCA;78604;2018-11-01;http://www.rad.cvm.gov.br/ENETCONSULTA/frmDownloadDocumento.aspx?CodigoInstituicao=1&NumeroSequencialDocumento=78604
33.050.196/0001-88;2018-01-01;1;CIA PAULISTA DE FORCA E LUZ;003824;FCA;70857;2018-01-05;http://www.rad.cvm.gov.br/ENETCONSULTA/frmDownloadDocumento.aspx?CodigoInstituicao=1&NumeroSequencialDocumento=70857
33.050.196/0001-88;2018-01-01;2;CIA PAULISTA DE FORCA E LUZ;003824;FCA;71380;2018-02-07;http://www.rad.cvm.gov.br/ENETCONSULTA/frmDownloadDocumento.aspx?CodigoInstituicao=1&NumeroSequencialDocumento=71380
33.066.408/0001-15;2018-01-01;1;EMPRESA FINANCEIRA;000003;FCA;70713;2017-12-28;http://www.rad.cvm.gov.br/ENETCONSULTA/frmDownloadDocumento.aspx?CodigoInstituicao=1&NumeroSequencialDocumento=70713
33.102.476/0001-92;2018-01-01;1;MONTEIRO ARANHA S.A.;008893;FCA;75597;2018-05-30;http://www.rad.cvm.gov.br/ENETCONSULTA/frmDownloadDocumento.aspx?CodigoInstituicao=1&NumeroSequencialDocumento=75597
33.111.246/0001-90;2018-01-01;1;TECNOSOLO ENGENHARIA S.A. - EMPRESA FALIDA;011207;FCA;76992;2018-08-13;http://www.rad.cvm.gov.br/ENETCONSULTA/frmDownloadDocumento.aspx?CodigoInstituicao=1&NumeroSequencialDocumento=76992
33.113.309/0001-47;2018-01-01;1;VALID SOLUÇÕES S.A.;020028;FCA;71196;2018-01-25;http://www.rad.cvm.gov.br/ENETCONSULTA/frmDownloadDocumento.aspx?CodigoInstituicao=1&NumeroSequencialDocumento=71196
33.113.309/0001-47;2018-01-01;2;VALID SOLUÇÕES S.A.;020028;FCA;75913;2018-06-15;http://www.rad.cvm.gov.br/ENETCONSULTA/frmDownloadDocumento.aspx?CodigoInstituicao=1&NumeroSequencialDocumento=75913
33.200.049/0001-47;2018-01-01;1;HOTEIS OTHON S.A. - EM RECUPERAÇÃO JUDICIAL;006700;FCA;73464;2018-04-24;http://www.rad.cvm.gov.br/ENETCONSULTA/frmDownloadDocumento.aspx?CodigoInstituicao=1&NumeroSequencialDocumento=73464
33.200.049/0001-47;2018-01-01;2;HOTEIS OTHON S.A. - EM RECUPERAÇÃO JUDICIAL;006700;FCA;74863;2018-05-16;http://www.rad.cvm.gov.br/ENETCONSULTA/frmDownloadDocumento.aspx?CodigoInstituicao=1&NumeroSequencialDocumento=74863
33.200.049/0001-47;2018-01-01;3;HOTEIS OTHON S.A. - EM RECUPERAÇÃO JUDICIAL;006700;FCA;77722;2018-09-06;http://www.rad.cvm.gov.br/ENETCONSULTA/frmDownloadDocumento.aspx?CodigoInstituicao=1&NumeroSequencialDocumento=77722
33.228.024/0001-51;2018-01-01;1;WLM PART. E COMÉRCIO DE MÁQUINAS E VEÍCULOS S.A.;011070;FCA;70757;2018-01-02;http://www.rad.cvm.gov.br/ENETCONSULTA/frmDownloadDocumento.aspx?CodigoInstituicao=1&NumeroSequencialDocumento=70757
33.228.024/0001-51;2018-01-01;2;WLM PART. E COMÉRCIO DE MÁQUINAS E VEÍCULOS S.A.;011070;FCA;75613;2018-05-30;http://www.rad.cvm.gov.br/ENETCONSULTA/frmDownloadDocumento.aspx?CodigoInstituicao=1&NumeroSequencialDocumento=75613
33.256.439/0001-39;2018-01-01;1;ULTRAPAR PARTICIPACOES S.A.;018465;FCA;71342;2018-02-05;http://www.rad.cvm.gov.br/ENETCONSULTA/frmDownloadDocumento.aspx?CodigoInstituicao=1&NumeroSequencialDocumento=71342
33.256.439/0001-39;2018-01-01;2;ULTRAPAR PARTICIPACOES S.A.;018465;FCA;73262;2018-04-11;http://www.rad.cvm.gov.br/ENETCONSULTA/frmDownloadDocumento.aspx?CodigoInstituicao=1&NumeroSequencialDocumento=73262
33.352.394/0001-04;2018-01-01;1;CIA ESTADUAL DE ÁGUAS E ESGOTOS - CEDAE;016373;FCA;72138;2018-03-09;http://www.rad.cvm.gov.br/ENETCONSULTA/frmDownloadDocumento.aspx?CodigoInstituicao=1&NumeroSequencialDocumento=72138
33.352.394/0001-04;2018-01-01;2;CIA ESTADUAL DE ÁGUAS E ESGOTOS - CEDAE;016373;FCA;74900;2018-05-17;http://www.rad.cvm.gov.br/ENETCONSULTA/frmDownloadDocumento.aspx?CodigoInstituicao=1&NumeroSequencialDocumento=74900
33.376.989/0001-91;2018-01-01;1;IRB - BRASIL RESSEGUROS S.A.;024180;FCA;71065;2018-01-17;http://www.rad.cvm.gov.br/ENETCONSULTA/frmDownloadDocumento.aspx?CodigoInstituicao=1&NumeroSequencialDocumento=71065
33.386.210/0001-19;2018-01-01;1;SONDOTECNICA ENGENHARIA SOLOS S.A.;010880;FCA;72599;2018-03-23;http://www.rad.cvm.gov.br/ENETCONSULTA/frmDownloadDocumento.aspx?CodigoInstituicao=1&NumeroSequencialDocumento=72599
33.386.210/0001-19;2018-01-01;2;SONDOTECNICA ENGENHARIA SOLOS S.A.;010880;FCA;75530;2018-05-30;http://www.rad.cvm.gov.br/ENETCONSULTA/frmDownloadDocumento.aspx?CodigoInstituicao=1&NumeroSequencialDocumento=75530
33.412.081/0001-96;2018-01-01;1;REFINARIA DE PETROLEOS MANGUINHOS S.A.;009989;FCA;71142;2018-01-22;http://www.rad.cvm.gov.br/ENETCONSULTA/frmDownloadDocumento.aspx?CodigoInstituicao=1&NumeroSequencialDocumento=71142
33.412.081/0001-96;2018-01-01;2;REFINARIA DE PETROLEOS MANGUINHOS S.A.;009989;FCA;73201;2018-04-06;http://www.rad.cvm.gov.br/ENETCONSULTA/frmDownloadDocumento.aspx?CodigoInstituicao=1&NumeroSequencialDocumento=73201
33.412.081/0001-96;2018-01-01;3;REFINARIA DE PETROLEOS MANGUINHOS S.A.;009989;FCA;77553;2018-08-22;http://www.rad.cvm.gov.br/ENETCONSULTA/frmDownloadDocumento.aspx?CodigoInstituicao=1&NumeroSequencialDocumento=77553
33.467.572/0001-34;2018-01-01;1;TEKNO S.A. - INDUSTRIA E COMERCIO;011231;FCA;72514;2018-03-22;http://www.rad.cvm.gov.br/ENETCONSULTA/frmDownloadDocumento.aspx?CodigoInstituicao=1&NumeroSequencialDocumento=72514
33.541.368/0001-16;2018-01-01;1;CIA HIDRO ELÉTRICA DO SÃO FRANCISCO;003328;FCA;73923;2018-05-08;http://www.rad.cvm.gov.br/ENETCONSULTA/frmDownloadDocumento.aspx?CodigoInstituicao=1&NumeroSequencialDocumento=73923
33.592.510/0001-54;2018-01-01;1;VALE S.A.;004170;FCA;70793;2018-01-03;http://www.rad.cvm.gov.br/ENETCONSULTA/frmDownloadDocumento.aspx?CodigoInstituicao=1&NumeroSequencialDocumento=70793
33.592.510/0001-54;2018-01-01;2;VALE S.A.;004170;FCA;70931;2018-01-09;http://www.rad.cvm.gov.br/ENETCONSULTA/frmDownloadDocumento.aspx?CodigoInstituicao=1&NumeroSequencialDocumento=70931
33.592.510/0001-54;2018-01-01;3;VALE S.A.;004170;FCA;75283;2018-05-29;http://www.rad.cvm.gov.br/ENETCONSULTA/frmDownloadDocumento.aspx?CodigoInstituicao=1&NumeroSequencialDocumento=75283
33.592.510/0001-54;2018-01-01;4;VALE S.A.;004170;FCA;78241;2018-10-23;http://www.rad.cvm.gov.br/ENETCONSULTA/frmDownloadDocumento.aspx?CodigoInstituicao=1&NumeroSequencialDocumento=78241
33.592.510/0001-54;2018-01-01;5;VALE S.A.;004170;FCA;83236;2019-05-10;http://www.rad.cvm.gov.br/ENETCONSULTA/frmDownloadDocumento.aspx?CodigoInstituicao=1&NumeroSequencialDocumento=83236
33.611.500/0001-19;2018-01-01;1;GERDAU S.A.;003980;FCA;70750;2018-01-02;http://www.rad.cvm.gov.br/ENETCONSULTA/frmDownloadDocumento.aspx?CodigoInstituicao=1&NumeroSequencialDocumento=70750
33.611.500/0001-19;2018-01-01;2;GERDAU S.A.;003980;FCA;70983;2018-01-11;http://www.rad.cvm.gov.br/ENETCONSULTA/frmDownloadDocumento.aspx?CodigoInstituicao=1&NumeroSequencialDocumento=70983
33.611.500/0001-19;2018-01-01;3;GERDAU S.A.;003980;FCA;73742;2018-05-03;http://www.rad.cvm.gov.br/ENETCONSULTA/frmDownloadDocumento.aspx?CodigoInstituicao=1&NumeroSequencialDocumento=73742
33.611.500/0001-19;2018-01-01;4;GERDAU S.A.;003980;FCA;73855;2018-05-07;http://www.rad.cvm.gov.br/ENETCONSULTA/frmDownloadDocumento.aspx?CodigoInstituicao=1&NumeroSequencialDocumento=73855
33.938.119/0001-69;2018-01-01;1;CIA DISTRIB DE GAS DO RIO DE JANEIRO-CEG;016616;FCA;75165;2018-05-29;http://www.rad.cvm.gov.br/ENETCONSULTA/frmDownloadDocumento.aspx?CodigoInstituicao=1&NumeroSequencialDocumento=75165
33.958.695/0001-78;2018-01-01;1;UNIPAR CARBOCLORO S.A.;011592;FCA;70835;2018-01-04;http://www.rad.cvm.gov.br/ENETCONSULTA/frmDownloadDocumento.aspx?CodigoInstituicao=1&NumeroSequencialDocumento=70835
33.958.695/0001-78;2018-01-01;2;UNIPAR CARBOCLORO S.A.;011592;FCA;72985;2018-03-29;http://www.rad.cvm.gov.br/ENETCONSULTA/frmDownloadDocumento.aspx?CodigoInstituicao=1&NumeroSequencialDocumento=72985
33.958.695/0001-78;2018-01-01;3;UNIPAR CARBOCLORO S.A.;011592;FCA;73179;2018-04-06;http://www.rad.cvm.gov.br/ENETCONSULTA/frmDownloadDocumento.aspx?CodigoInstituicao=1&NumeroSequencialDocumento=73179
33.958.695/0001-78;2018-01-01;4;UNIPAR CARBOCLORO S.A.;011592;FCA;75225;2018-05-29;http://www.rad.cvm.gov.br/ENETCONSULTA/frmDownloadDocumento.aspx?CodigoInstituicao=1&NumeroSequencialDocumento=75225
33.958.695/0001-78;2018-01-01;5;UNIPAR CARBOCLORO S.A.;011592;FCA;77020;2018-08-13;http://www.rad.cvm.gov.br/ENETCONSULTA/frmDownloadDocumento.aspx?CodigoInstituicao=1&NumeroSequencialDocumento=77020
33.958.695/0001-78;2018-01-01;6;UNIPAR CARBOCLORO S.A.;011592;FCA;78368;2018-10-30;http://www.rad.cvm.gov.br/ENETCONSULTA/frmDownloadDocumento.aspx?CodigoInstituicao=1&NumeroSequencialDocumento=78368
34.169.557/0001-72;2018-01-01;1;BCO MERCANTIL DE INVESTIMENTOS S.A.;001309;FCA;71203;2018-01-26;http://www.rad.cvm.gov.br/ENETCONSULTA/frmDownloadDocumento.aspx?CodigoInstituicao=1&NumeroSequencialDocumento=71203
34.265.561/0001-34;2018-01-01;1;BMG LEASING S.A. - ARREND. MERCANTIL;001724;FCA;71730;2018-02-23;http://www.rad.cvm.gov.br/ENETCONSULTA/frmDownloadDocumento.aspx?CodigoInstituicao=1&NumeroSequencialDocumento=71730
34.274.233/0001-02;2018-01-01;1;VIBRA ENERGIA S/A;024295;FCA;70826;2018-01-04;http://www.rad.cvm.gov.br/ENETCONSULTA/frmDownloadDocumento.aspx?CodigoInstituicao=1&NumeroSequencialDocumento=70826
34.274.233/0001-02;2018-01-01;2;VIBRA ENERGIA S/A;024295;FCA;76227;2018-07-04;http://www.rad.cvm.gov.br/ENETCONSULTA/frmDownloadDocumento.aspx?CodigoInstituicao=1&NumeroSequencialDocumento=76227
34.274.233/0001-02;2018-01-01;3;VIBRA ENERGIA S/A;024295;FCA;76253;2018-07-05;http://www.rad.cvm.gov.br/ENETCONSULTA/frmDownloadDocumento.aspx?CodigoInstituicao=1&NumeroSequencialDocumento=76253
34.274.233/0001-02;2018-01-01;4;VIBRA ENERGIA S/A;024295;FCA;77889;2018-09-21;http://www.rad.cvm.gov.br/ENETCONSULTA/frmDownloadDocumento.aspx?CodigoInstituicao=1&NumeroSequencialDocumento=77889
35.791.391/0001-94;2018-01-01;1;QUALITY SOFTWARE S.A.;023302;FCA;71247;2018-01-30;http://www.rad.cvm.gov.br/ENETCONSULTA/frmDownloadDocumento.aspx?CodigoInstituicao=1&NumeroSequencialDocumento=71247
35.791.391/0001-94;2018-01-01;2;QUALITY SOFTWARE S.A.;023302;FCA;74908;2018-05-17;http://www.rad.cvm.gov.br/ENETCONSULTA/frmDownloadDocumento.aspx?CodigoInstituicao=1&NumeroSequencialDocumento=74908
35.791.391/0001-94;2018-01-01;3;QUALITY SOFTWARE S.A.;023302;FCA;78714;2018-11-07;http://www.rad.cvm.gov.br/ENETCONSULTA/frmDownloadDocumento.aspx?CodigoInstituicao=1&NumeroSequencialDocumento=78714
36.542.025/0001-64;2018-01-01;1;BRQ SOLUCOES EM INFORMATICA S.A.;023817;FCA;71642;2018-02-21;http://www.rad.cvm.gov.br/ENETCONSULTA/frmDownloadDocumento.aspx?CodigoInstituicao=1&NumeroSequencialDocumento=71642
36.542.025/0001-64;2018-01-01;2;BRQ SOLUCOES EM INFORMATICA S.A.;023817;FCA;71651;2018-02-21;http://www.rad.cvm.gov.br/ENETCONSULTA/frmDownloadDocumento.aspx?CodigoInstituicao=1&NumeroSequencialDocumento=71651
36.542.025/0001-64;2018-01-01;3;BRQ SOLUCOES EM INFORMATICA S.A.;023817;FCA;75714;2018-06-01;http://www.rad.cvm.gov.br/ENETCONSULTA/frmDownloadDocumento.aspx?CodigoInstituicao=1&NumeroSequencialDocumento=75714
36.542.025/0001-64;2018-01-01;4;BRQ SOLUCOES EM INFORMATICA S.A.;023817;FCA;76991;2018-08-13;http://www.rad.cvm.gov.br/ENETCONSULTA/frmDownloadDocumento.aspx?CodigoInstituicao=1&NumeroSequencialDocumento=76991
39.115.514/0001-28;2018-01-01;1;RUMO MALHA OESTE S.A.;017850;FCA;72341;2018-03-16;http://www.rad.cvm.gov.br/ENETCONSULTA/frmDownloadDocumento.aspx?CodigoInstituicao=1&NumeroSequencialDocumento=72341
39.115.514/0001-28;2018-01-01;2;RUMO MALHA OESTE S.A.;017850;FCA;74369;2018-05-11;http://www.rad.cvm.gov.br/ENETCONSULTA/frmDownloadDocumento.aspx?CodigoInstituicao=1&NumeroSequencialDocumento=74369
42.150.391/0001-70;2018-01-01;1;BRASKEM S.A.;004820;FCA;72860;2018-03-28;http://www.rad.cvm.gov.br/ENETCONSULTA/frmDownloadDocumento.aspx?CodigoInstituicao=1&NumeroSequencialDocumento=72860
42.278.291/0001-24;2018-01-01;1;LOG-IN LOGISTICA INTERMODAL S.A.;020710;FCA;71077;2018-01-18;http://www.rad.cvm.gov.br/ENETCONSULTA/frmDownloadDocumento.aspx?CodigoInstituicao=1&NumeroSequencialDocumento=71077
42.278.291/0001-24;2018-01-01;2;LOG-IN LOGISTICA INTERMODAL S.A.;020710;FCA;74974;2018-05-21;http://www.rad.cvm.gov.br/ENETCONSULTA/frmDownloadDocumento.aspx?CodigoInstituicao=1&NumeroSequencialDocumento=74974
42.278.291/0001-24;2018-01-01;3;LOG-IN LOGISTICA INTERMODAL S.A.;020710;FCA;76721;2018-08-06;http://www.rad.cvm.gov.br/ENETCONSULTA/frmDownloadDocumento.aspx?CodigoInstituicao=1&NumeroSequencialDocumento=76721
42.278.291/0001-24;2018-01-01;4;LOG-IN LOGISTICA INTERMODAL S.A.;020710;FCA;77637;2018-08-29;http://www.rad.cvm.gov.br/ENETCONSULTA/frmDownloadDocumento.aspx?CodigoInstituicao=1&NumeroSequencialDocumento=77637
42.278.473/0001-03;2018-01-01;1;WIZ CO PARTICIPAÇÕES E CORRETAGEM DE SEGUROS S.A.;023590;FCA;71214;2018-01-26;http://www.rad.cvm.gov.br/ENETCONSULTA/frmDownloadDocumento.aspx?CodigoInstituicao=1&NumeroSequencialDocumento=71214
42.278.473/0001-03;2018-01-01;2;WIZ CO PARTICIPAÇÕES E CORRETAGEM DE SEGUROS S.A.;023590;FCA;72480;2018-03-21;http://www.rad.cvm.gov.br/ENETCONSULTA/frmDownloadDocumento.aspx?CodigoInstituicao=1&NumeroSequencialDocumento=72480
42.331.462/0001-31;2018-01-01;1;EMBPAR PARTICIPAÇÕES S/A;015458;FCA;72516;2018-03-22;http://www.rad.cvm.gov.br/ENETCONSULTA/frmDownloadDocumento.aspx?CodigoInstituicao=1&NumeroSequencialDocumento=72516
42.771.949/0001-35;2018-01-01;1;ALLIANÇA SAÚDE E PARTICIPAÇÕES S.A.;024058;FCA;71167;2018-01-23;http://www.rad.cvm.gov.br/ENETCONSULTA/frmDownloadDocumento.aspx?CodigoInstituicao=1&NumeroSequencialDocumento=71167
42.771.949/0001-35;2018-01-01;2;ALLIANÇA SAÚDE E PARTICIPAÇÕES S.A.;024058;FCA;72184;2018-03-12;http://www.rad.cvm.gov.br/ENETCONSULTA/frmDownloadDocumento.aspx?CodigoInstituicao=1&NumeroSequencialDocumento=72184
42.771.949/0001-35;2018-01-01;3;ALLIANÇA SAÚDE E PARTICIPAÇÕES S.A.;024058;FCA;72782;2018-03-27;http://www.rad.cvm.gov.br/ENETCONSULTA/frmDownloadDocumento.aspx?CodigoInstituicao=1&NumeroSequencialDocumento=72782
43.185.362/0001-07;2018-01-01;1;IGB ELETRONICA S.A - EM RECUPERACAO JUDICIAL;006815;FCA;75012;2018-05-23;http://www.rad.cvm.gov.br/ENETCONSULTA/frmDownloadDocumento.aspx?CodigoInstituicao=1&NumeroSequencialDocumento=75012
43.185.362/0001-07;2018-01-01;2;IGB ELETRONICA S.A - EM RECUPERACAO JUDICIAL;006815;FCA;75015;2018-05-23;http://www.rad.cvm.gov.br/ENETCONSULTA/frmDownloadDocumento.aspx?CodigoInstituicao=1&NumeroSequencialDocumento=75015
43.185.362/0001-07;2018-01-01;3;IGB ELETRONICA S.A - EM RECUPERACAO JUDICIAL;006815;FCA;84094;2019-05-28;http://www.rad.cvm.gov.br/ENETCONSULTA/frmDownloadDocumento.aspx?CodigoInstituicao=1&NumeroSequencialDocumento=84094
43.470.988/0001-65;2018-01-01;1;EVEN CONSTRUTORA E INCORPORADORA S.A.;020524;FCA;71025;2018-01-15;http://www.rad.cvm.gov.br/ENETCONSULTA/frmDownloadDocumento.aspx?CodigoInstituicao=1&NumeroSequencialDocumento=71025
43.776.517/0001-80;2018-01-01;1;CIA SANEAMENTO BASICO EST SAO PAULO;014443;FCA;71744;2018-02-23;http://www.rad.cvm.gov.br/ENETCONSULTA/frmDownloadDocumento.aspx?CodigoInstituicao=1&NumeroSequencialDocumento=71744
43.776.517/0001-80;2018-01-01;2;CIA SANEAMENTO BASICO EST SAO PAULO;014443;FCA;75643;2018-05-30;http://www.rad.cvm.gov.br/ENETCONSULTA/frmDownloadDocumento.aspx?CodigoInstituicao=1&NumeroSequencialDocumento=75643
45.453.214/0001-51;2018-01-01;1;PROFARMA DISTRIB PROD FARMACEUTICOS S.A.;020346;FCA;71199;2018-01-26;http://www.rad.cvm.gov.br/ENETCONSULTA/frmDownloadDocumento.aspx?CodigoInstituicao=1&NumeroSequencialDocumento=71199
45.987.245/0001-92;2018-01-01;1;BAHEMA EDUCAÇÃO S.A.;000701;FCA;70909;2018-01-09;http://www.rad.cvm.gov.br/ENETCONSULTA/frmDownloadDocumento.aspx?CodigoInstituicao=1&NumeroSequencialDocumento=70909
45.987.245/0001-92;2018-01-01;2;BAHEMA EDUCAÇÃO S.A.;000701;FCA;71198;2018-01-26;http://www.rad.cvm.gov.br/ENETCONSULTA/frmDownloadDocumento.aspx?CodigoInstituicao=1&NumeroSequencialDocumento=71198
45.987.245/0001-92;2018-01-01;3;BAHEMA EDUCAÇÃO S.A.;000701;FCA;71292;2018-02-01;http://www.rad.cvm.gov.br/ENETCONSULTA/frmDownloadDocumento.aspx?CodigoInstituicao=1&NumeroSequencialDocumento=71292
46.014.635/0001-49;2018-01-01;1;CONSTRUTORA LIX DA CUNHA S.A.;004774;FCA;71932;2018-03-02;http://www.rad.cvm.gov.br/ENETCONSULTA/frmDownloadDocumento.aspx?CodigoInstituicao=1&NumeroSequencialDocumento=71932
46.014.635/0001-49;2018-01-01;2;CONSTRUTORA LIX DA CUNHA S.A.;004774;FCA;72936;2018-03-29;http://www.rad.cvm.gov.br/ENETCONSULTA/frmDownloadDocumento.aspx?CodigoInstituicao=1&NumeroSequencialDocumento=72936
46.014.635/0001-49;2018-01-01;3;CONSTRUTORA LIX DA CUNHA S.A.;004774;FCA;79964;2019-01-03;http://www.rad.cvm.gov.br/ENETCONSULTA/frmDownloadDocumento.aspx?CodigoInstituicao=1&NumeroSequencialDocumento=79964
46.119.855/0001-37;2018-01-01;1;SOCIEDADE ABASTECIMENTO DE ÁGUA E SANEAMENTO S.A - SANASA;016241;FCA;72647;2018-03-26;http://www.rad.cvm.gov.br/ENETCONSULTA/frmDownloadDocumento.aspx?CodigoInstituicao=1&NumeroSequencialDocumento=72647
46.119.855/0001-37;2018-01-01;2;SOCIEDADE ABASTECIMENTO DE ÁGUA E SANEAMENTO S.A - SANASA;016241;FCA;73908;2018-05-08;http://www.rad.cvm.gov.br/ENETCONSULTA/frmDownloadDocumento.aspx?CodigoInstituicao=1&NumeroSequencialDocumento=73908
47.193.149/0001-06;2018-01-01;1;SANTANDER LEASING S.A. ARRENDAMENTO MERCANTIL;020559;FCA;70770;2018-01-03;http://www.rad.cvm.gov.br/ENETCONSULTA/frmDownloadDocumento.aspx?CodigoInstituicao=1&NumeroSequencialDocumento=70770
47.193.149/0001-06;2018-01-01;2;SANTANDER LEASING S.A. ARRENDAMENTO MERCANTIL;020559;FCA;70825;2018-01-04;http://www.rad.cvm.gov.br/ENETCONSULTA/frmDownloadDocumento.aspx?CodigoInstituicao=1&NumeroSequencialDocumento=70825
47.193.149/0001-06;2018-01-01;3;SANTANDER LEASING S.A. ARRENDAMENTO MERCANTIL;020559;FCA;71737;2018-02-23;http://www.rad.cvm.gov.br/ENETCONSULTA/frmDownloadDocumento.aspx?CodigoInstituicao=1&NumeroSequencialDocumento=71737
47.508.411/0001-56;2018-01-01;1;CIA BRASILEIRA DE DISTRIBUICAO;014826;FCA;71190;2018-01-24;http://www.rad.cvm.gov.br/ENETCONSULTA/frmDownloadDocumento.aspx?CodigoInstituicao=1&NumeroSequencialDocumento=71190
47.508.411/0001-56;2018-01-01;2;CIA BRASILEIRA DE DISTRIBUICAO;014826;FCA;71241;2018-01-29;http://www.rad.cvm.gov.br/ENETCONSULTA/frmDownloadDocumento.aspx?CodigoInstituicao=1&NumeroSequencialDocumento=71241
47.508.411/0001-56;2018-01-01;3;CIA BRASILEIRA DE DISTRIBUICAO;014826;FCA;77905;2018-09-24;http://www.rad.cvm.gov.br/ENETCONSULTA/frmDownloadDocumento.aspx?CodigoInstituicao=1&NumeroSequencialDocumento=77905
47.509.120/0001-82;2018-01-01;1;BRADESCO LEASING S.A. ARREND MERCANTIL;019640;FCA;71006;2018-01-12;http://www.rad.cvm.gov.br/ENETCONSULTA/frmDownloadDocumento.aspx?CodigoInstituicao=1&NumeroSequencialDocumento=71006
47.509.120/0001-82;2018-01-01;2;BRADESCO LEASING S.A. ARREND MERCANTIL;019640;FCA;71926;2018-03-02;http://www.rad.cvm.gov.br/ENETCONSULTA/frmDownloadDocumento.aspx?CodigoInstituicao=1&NumeroSequencialDocumento=71926
47.509.120/0001-82;2018-01-01;3;BRADESCO LEASING S.A. ARREND MERCANTIL;019640;FCA;74288;2018-05-11;http://www.rad.cvm.gov.br/ENETCONSULTA/frmDownloadDocumento.aspx?CodigoInstituicao=1&NumeroSequencialDocumento=74288
47.509.120/0001-82;2018-01-01;4;BRADESCO LEASING S.A. ARREND MERCANTIL;019640;FCA;76392;2018-07-19;http://www.rad.cvm.gov.br/ENETCONSULTA/frmDownloadDocumento.aspx?CodigoInstituicao=1&NumeroSequencialDocumento=76392
47.509.120/0001-82;2018-01-01;5;BRADESCO LEASING S.A. ARREND MERCANTIL;019640;FCA;76921;2018-08-10;http://www.rad.cvm.gov.br/ENETCONSULTA/frmDownloadDocumento.aspx?CodigoInstituicao=1&NumeroSequencialDocumento=76921
47.960.950/0001-21;2018-01-01;1;MAGAZINE LUIZA S.A.;022470;FCA;71236;2018-01-29;http://www.rad.cvm.gov.br/ENETCONSULTA/frmDownloadDocumento.aspx?CodigoInstituicao=1&NumeroSequencialDocumento=71236
47.960.950/0001-21;2018-01-01;2;MAGAZINE LUIZA S.A.;022470;FCA;77943;2018-09-26;http://www.rad.cvm.gov.br/ENETCONSULTA/frmDownloadDocumento.aspx?CodigoInstituicao=1&NumeroSequencialDocumento=77943
49.263.189/0001-02;2018-01-01;1;HELBOR EMPREENDIMENTOS S.A.;020877;FCA;71161;2018-01-23;http://www.rad.cvm.gov.br/ENETCONSULTA/frmDownloadDocumento.aspx?CodigoInstituicao=1&NumeroSequencialDocumento=71161
49.669.856/0001-43;2018-01-01;1;VESTE S.A. ESTILO;021440;FCA;71914;2018-03-01;http://www.rad.cvm.gov.br/ENETCONSULTA/frmDownloadDocumento.aspx?CodigoInstituicao=1&NumeroSequencialDocumento=71914
49.669.856/0001-43;2018-01-01;2;VESTE S.A. ESTILO;021440;FCA;73378;2018-04-19;http://www.rad.cvm.gov.br/ENETCONSULTA/frmDownloadDocumento.aspx?CodigoInstituicao=1&NumeroSequencialDocumento=73378
49.669.856/0001-43;2018-01-01;3;VESTE S.A. ESTILO;021440;FCA;78804;2018-11-08;http://www.rad.cvm.gov.br/ENETCONSULTA/frmDownloadDocumento.aspx?CodigoInstituicao=1&NumeroSequencialDocumento=78804
50.564.053/0001-03;2018-01-01;1;BOMBRIL S.A.;012190;FCA;70759;2018-01-02;http://www.rad.cvm.gov.br/ENETCONSULTA/frmDownloadDocumento.aspx?CodigoInstituicao=1&NumeroSequencialDocumento=70759
50.746.577/0001-15;2018-01-01;1;COSAN S.A.;019836;FCA;71705;2018-02-22;http://www.rad.cvm.gov.br/ENETCONSULTA/frmDownloadDocumento.aspx?CodigoInstituicao=1&NumeroSequencialDocumento=71705
50.746.577/0001-15;2018-01-01;2;COSAN S.A.;019836;FCA;73654;2018-05-02;http://www.rad.cvm.gov.br/ENETCONSULTA/frmDownloadDocumento.aspx?CodigoInstituicao=1&NumeroSequencialDocumento=73654
50.746.577/0001-15;2018-01-01;3;COSAN S.A.;019836;FCA;76299;2018-07-10;http://www.rad.cvm.gov.br/ENETCONSULTA/frmDownloadDocumento.aspx?CodigoInstituicao=1&NumeroSequencialDocumento=76299
50.746.577/0001-15;2018-01-01;4;COSAN S.A.;019836;FCA;80239;2019-01-21;http://www.rad.cvm.gov.br/ENETCONSULTA/frmDownloadDocumento.aspx?CodigoInstituicao=1&NumeroSequencialDocumento=80239
50.926.955/0001-42;2018-01-01;1;VULCABRAS S.A.;011762;FCA;72033;2018-03-06;http://www.rad.cvm.gov.br/ENETCONSULTA/frmDownloadDocumento.aspx?CodigoInstituicao=1&NumeroSequencialDocumento=72033
50.926.955/0001-42;2018-01-01;2;VULCABRAS S.A.;011762;FCA;72262;2018-03-14;http://www.rad.cvm.gov.br/ENETCONSULTA/frmDownloadDocumento.aspx?CodigoInstituicao=1&NumeroSequencialDocumento=72262
50.926.955/0001-42;2018-01-01;3;VULCABRAS S.A.;011762;FCA;72311;2018-03-15;http://www.rad.cvm.gov.br/ENETCONSULTA/frmDownloadDocumento.aspx?CodigoInstituicao=1&NumeroSequencialDocumento=72311
50.926.955/0001-42;2018-01-01;4;VULCABRAS S.A.;011762;FCA;79039;2018-11-13;http://www.rad.cvm.gov.br/ENETCONSULTA/frmDownloadDocumento.aspx?CodigoInstituicao=1&NumeroSequencialDocumento=79039
51.128.999/0001-90;2018-01-01;1;NUTRIPLANT INDUSTRIA E COMERCIO S.A.;021334;FCA;71549;2018-02-16;http://www.rad.cvm.gov.br/ENETCONSULTA/frmDownloadDocumento.aspx?CodigoInstituicao=1&NumeroSequencialDocumento=71549
51.128.999/0001-90;2018-01-01;2;NUTRIPLANT INDUSTRIA E COMERCIO S.A.;021334;FCA;73640;2018-05-02;http://www.rad.cvm.gov.br/ENETCONSULTA/frmDownloadDocumento.aspx?CodigoInstituicao=1&NumeroSequencialDocumento=73640
51.128.999/0001-90;2018-01-01;3;NUTRIPLANT INDUSTRIA E COMERCIO S.A.;021334;FCA;78727;2018-11-07;http://www.rad.cvm.gov.br/ENETCONSULTA/frmDownloadDocumento.aspx?CodigoInstituicao=1&NumeroSequencialDocumento=78727
51.218.147/0001-93;2018-01-01;1;IGUATEMI EMPRESA DE SHOPPING CENTERS S.A;020494;FCA;71140;2018-01-22;http://www.rad.cvm.gov.br/ENETCONSULTA/frmDownloadDocumento.aspx?CodigoInstituicao=1&NumeroSequencialDocumento=71140
51.218.147/0001-93;2018-01-01;2;IGUATEMI EMPRESA DE SHOPPING CENTERS S.A;020494;FCA;72093;2018-03-08;http://www.rad.cvm.gov.br/ENETCONSULTA/frmDownloadDocumento.aspx?CodigoInstituicao=1&NumeroSequencialDocumento=72093
51.218.147/0001-93;2018-01-01;3;IGUATEMI EMPRESA DE SHOPPING CENTERS S.A;020494;FCA;73894;2018-05-08;http://www.rad.cvm.gov.br/ENETCONSULTA/frmDownloadDocumento.aspx?CodigoInstituicao=1&NumeroSequencialDocumento=73894
51.466.860/0001-56;2018-01-01;1;SAO MARTINHO S.A.;020516;FCA;71276;2018-01-31;http://www.rad.cvm.gov.br/ENETCONSULTA/frmDownloadDocumento.aspx?CodigoInstituicao=1&NumeroSequencialDocumento=71276
51.928.174/0001-50;2018-01-01;1;PLASCAR PARTICIPACOES INDUSTRIAIS S.A.;013471;FCA;71225;2018-01-29;http://www.rad.cvm.gov.br/ENETCONSULTA/frmDownloadDocumento.aspx?CodigoInstituicao=1&NumeroSequencialDocumento=71225
51.928.174/0001-50;2018-01-01;2;PLASCAR PARTICIPACOES INDUSTRIAIS S.A.;013471;FCA;79483;2018-11-22;http://www.rad.cvm.gov.br/ENETCONSULTA/frmDownloadDocumento.aspx?CodigoInstituicao=1&NumeroSequencialDocumento=79483
51.928.174/0001-50;2018-01-01;3;PLASCAR PARTICIPACOES INDUSTRIAIS S.A.;013471;FCA;79699;2018-12-12;http://www.rad.cvm.gov.br/ENETCONSULTA/frmDownloadDocumento.aspx?CodigoInstituicao=1&NumeroSequencialDocumento=79699
52.548.435/0001-79;2018-01-01;1;JSL S.A.;022020;FCA;71153;2018-01-23;http://www.rad.cvm.gov.br/ENETCONSULTA/frmDownloadDocumento.aspx?CodigoInstituicao=1&NumeroSequencialDocumento=71153
53.113.791/0001-22;2018-01-01;1;TOTVS S.A.;019992;FCA;71192;2018-01-24;http://www.rad.cvm.gov.br/ENETCONSULTA/frmDownloadDocumento.aspx?CodigoInstituicao=1&NumeroSequencialDocumento=71192
54.526.082/0001-31;2018-01-01;1;ITAUTEC S.A. - GRUPO ITAUTEC;012530;FCA;71361;2018-02-06;http://www.rad.cvm.gov.br/ENETCONSULTA/frmDownloadDocumento.aspx?CodigoInstituicao=1&NumeroSequencialDocumento=71361
54.526.082/0001-31;2018-01-01;2;ITAUTEC S.A. - GRUPO ITAUTEC;012530;FCA;73932;2018-05-08;http://www.rad.cvm.gov.br/ENETCONSULTA/frmDownloadDocumento.aspx?CodigoInstituicao=1&NumeroSequencialDocumento=73932
56.444.250/0001-75;2018-01-01;1;HAUSCENTER SA;014850;FCA;72656;2018-03-26;http://www.rad.cvm.gov.br/ENETCONSULTA/frmDownloadDocumento.aspx?CodigoInstituicao=1&NumeroSequencialDocumento=72656
56.444.250/0001-75;2018-01-01;2;HAUSCENTER SA;014850;FCA;74217;2018-05-10;http://www.rad.cvm.gov.br/ENETCONSULTA/frmDownloadDocumento.aspx?CodigoInstituicao=1&NumeroSequencialDocumento=74217
56.643.018/0001-66;2018-01-01;1;EUCATEX S.A. INDUSTRIA E COMERCIO;005770;FCA;72004;2018-03-06;http://www.rad.cvm.gov.br/ENETCONSULTA/frmDownloadDocumento.aspx?CodigoInstituicao=1&NumeroSequencialDocumento=72004
56.643.018/0001-66;2018-01-01;2;EUCATEX S.A. INDUSTRIA E COMERCIO;005770;FCA;73651;2018-05-02;http://www.rad.cvm.gov.br/ENETCONSULTA/frmDownloadDocumento.aspx?CodigoInstituicao=1&NumeroSequencialDocumento=73651
56.720.428/0001-63;2018-01-01;1;ROMI S.A.;007510;FCA;71251;2018-01-30;http://www.rad.cvm.gov.br/ENETCONSULTA/frmDownloadDocumento.aspx?CodigoInstituicao=1&NumeroSequencialDocumento=71251
56.720.428/0001-63;2018-01-01;2;ROMI S.A.;007510;FCA;71413;2018-02-08;http://www.rad.cvm.gov.br/ENETCONSULTA/frmDownloadDocumento.aspx?CodigoInstituicao=1&NumeroSequencialDocumento=71413
56.720.428/0001-63;2018-01-01;3;ROMI S.A.;007510;FCA;78232;2018-10-23;http://www.rad.cvm.gov.br/ENETCONSULTA/frmDownloadDocumento.aspx?CodigoInstituicao=1&NumeroSequencialDocumento=78232
56.992.423/0001-90;2018-01-01;1;BICICLETAS MONARK S.A.;001694;FCA;72297;2018-03-15;http://www.rad.cvm.gov.br/ENETCONSULTA/frmDownloadDocumento.aspx?CodigoInstituicao=1&NumeroSequencialDocumento=72297
56.992.423/0001-90;2018-01-01;2;BICICLETAS MONARK S.A.;001694;FCA;72300;2018-03-15;http://www.rad.cvm.gov.br/ENETCONSULTA/frmDownloadDocumento.aspx?CodigoInstituicao=1&NumeroSequencialDocumento=72300
58.119.199/0001-51;2018-01-01;1;ODONTOPREV S.A.;020125;FCA;70912;2018-01-09;http://www.rad.cvm.gov.br/ENETCONSULTA/frmDownloadDocumento.aspx?CodigoInstituicao=1&NumeroSequencialDocumento=70912
58.119.199/0001-51;2018-01-01;2;ODONTOPREV S.A.;020125;FCA;72137;2018-03-09;http://www.rad.cvm.gov.br/ENETCONSULTA/frmDownloadDocumento.aspx?CodigoInstituicao=1&NumeroSequencialDocumento=72137
58.430.828/0001-60;2018-01-01;1;BLAU FARMACÊUTICA S.A.;024627;FCA;76182;2018-11-26;http://www.rad.cvm.gov.br/ENETCONSULTA/frmDownloadDocumento.aspx?CodigoInstituicao=1&NumeroSequencialDocumento=76182
59.105.999/0001-86;2018-01-01;1;WHIRLPOOL S.A.;014346;FCA;71856;2018-02-28;http://www.rad.cvm.gov.br/ENETCONSULTA/frmDownloadDocumento.aspx?CodigoInstituicao=1&NumeroSequencialDocumento=71856
59.285.411/0001-13;2018-01-01;1;BCO PAN S.A.;021199;FCA;70772;2018-01-03;http://www.rad.cvm.gov.br/ENETCONSULTA/frmDownloadDocumento.aspx?CodigoInstituicao=1&NumeroSequencialDocumento=70772
59.717.553/0001-02;2018-01-01;1;MULTILASER INDUSTRIAL S.A.;902123;FCA;75011;2018-05-23;http://www.rad.cvm.gov.br/ENETCONSULTA/frmDownloadDocumento.aspx?CodigoInstituicao=1&NumeroSequencialDocumento=75011
59.789.545/0001-71;2018-01-01;1;POLPAR S.A.;013447;FCA;72025;2018-03-06;http://www.rad.cvm.gov.br/ENETCONSULTA/frmDownloadDocumento.aspx?CodigoInstituicao=1&NumeroSequencialDocumento=72025
59.789.545/0001-71;2018-01-01;2;POLPAR S.A.;013447;FCA;75081;2018-05-25;http://www.rad.cvm.gov.br/ENETCONSULTA/frmDownloadDocumento.aspx?CodigoInstituicao=1&NumeroSequencialDocumento=75081
59.789.545/0001-71;2018-01-01;3;POLPAR S.A.;013447;FCA;79610;2018-12-04;http://www.rad.cvm.gov.br/ENETCONSULTA/frmDownloadDocumento.aspx?CodigoInstituicao=1&NumeroSequencialDocumento=79610
60.398.369/0004-79;2018-01-01;1;PARANAPANEMA S.A. - EM RECUPERAÇÃO JUDICIAL;009393;FCA;71085;2018-01-18;http://www.rad.cvm.gov.br/ENETCONSULTA/frmDownloadDocumento.aspx?CodigoInstituicao=1&NumeroSequencialDocumento=71085
60.398.369/0004-79;2018-01-01;2;PARANAPANEMA S.A. - EM RECUPERAÇÃO JUDICIAL;009393;FCA;76956;2018-08-10;http://www.rad.cvm.gov.br/ENETCONSULTA/frmDownloadDocumento.aspx?CodigoInstituicao=1&NumeroSequencialDocumento=76956
60.398.369/0004-79;2018-01-01;3;PARANAPANEMA S.A. - EM RECUPERAÇÃO JUDICIAL;009393;FCA;77719;2018-09-06;http://www.rad.cvm.gov.br/ENETCONSULTA/frmDownloadDocumento.aspx?CodigoInstituicao=1&NumeroSequencialDocumento=77719
60.444.437/0001-46;2018-01-01;1;LIGHT SERVICOS DE ELETRICIDADE S.A.;008036;FCA;71172;2018-01-23;http://www.rad.cvm.gov.br/ENETCONSULTA/frmDownloadDocumento.aspx?CodigoInstituicao=1&NumeroSequencialDocumento=71172
60.444.437/0001-46;2018-01-01;2;LIGHT SERVICOS DE ELETRICIDADE S.A.;008036;FCA;75584;2018-05-30;http://www.rad.cvm.gov.br/ENETCONSULTA/frmDownloadDocumento.aspx?CodigoInstituicao=1&NumeroSequencialDocumento=75584
60.444.437/0001-46;2018-01-01;3;LIGHT SERVICOS DE ELETRICIDADE S.A.;008036;FCA;77676;2018-09-02;http://www.rad.cvm.gov.br/ENETCONSULTA/frmDownloadDocumento.aspx?CodigoInstituicao=1&NumeroSequencialDocumento=77676
60.476.884/0001-87;2018-01-01;1;MAHLE-METAL LEVE S.A.;008575;FCA;72408;2018-03-19;http://www.rad.cvm.gov.br/ENETCONSULTA/frmDownloadDocumento.aspx?CodigoInstituicao=1&NumeroSequencialDocumento=72408
60.476.884/0001-87;2018-01-01;2;MAHLE-METAL LEVE S.A.;008575;FCA;77021;2018-08-13;http://www.rad.cvm.gov.br/ENETCONSULTA/frmDownloadDocumento.aspx?CodigoInstituicao=1&NumeroSequencialDocumento=77021
60.500.139/0001-26;2018-01-01;1;SARAIVA LIVREIROS S.A. - EM RECUPERAÇÃO JUDICIAL;010472;FCA;71778;2018-02-26;http://www.rad.cvm.gov.br/ENETCONSULTA/frmDownloadDocumento.aspx?CodigoInstituicao=1&NumeroSequencialDocumento=71778
60.500.139/0001-26;2018-01-01;2;SARAIVA LIVREIROS S.A. - EM RECUPERAÇÃO JUDICIAL;010472;FCA;72064;2018-03-07;http://www.rad.cvm.gov.br/ENETCONSULTA/frmDownloadDocumento.aspx?CodigoInstituicao=1&NumeroSequencialDocumento=72064
60.500.139/0001-26;2018-01-01;3;SARAIVA LIVREIROS S.A. - EM RECUPERAÇÃO JUDICIAL;010472;FCA;75580;2018-05-30;http://www.rad.cvm.gov.br/ENETCONSULTA/frmDownloadDocumento.aspx?CodigoInstituicao=1&NumeroSequencialDocumento=75580
60.543.816/0001-93;2018-01-01;1;IGUATEMI S.A.;008672;FCA;70809;2018-01-04;http://www.rad.cvm.gov.br/ENETCONSULTA/frmDownloadDocumento.aspx?CodigoInstituicao=1&NumeroSequencialDocumento=70809
60.543.816/0001-93;2018-01-01;2;IGUATEMI S.A.;008672;FCA;74176;2018-05-10;http://www.rad.cvm.gov.br/ENETCONSULTA/frmDownloadDocumento.aspx?CodigoInstituicao=1&NumeroSequencialDocumento=74176
60.543.816/0001-93;2018-01-01;3;IGUATEMI S.A.;008672;FCA;76788;2018-08-08;http://www.rad.cvm.gov.br/ENETCONSULTA/frmDownloadDocumento.aspx?CodigoInstituicao=1&NumeroSequencialDocumento=76788
60.637.238/0001-54;2018-01-01;1;BLUE TECH SOLUTIONS EQI S.A.;012319;FCA;71635;2018-02-21;http://www.rad.cvm.gov.br/ENETCONSULTA/frmDownloadDocumento.aspx?CodigoInstituicao=1&NumeroSequencialDocumento=71635
60.637.238/0001-54;2018-01-01;2;BLUE TECH SOLUTIONS EQI S.A.;012319;FCA;76238;2018-07-05;http://www.rad.cvm.gov.br/ENETCONSULTA/frmDownloadDocumento.aspx?CodigoInstituicao=1&NumeroSequencialDocumento=76238
60.643.228/0001-21;2018-01-01;1;FIBRIA CELULOSE S.A.;012793;FCA;71018;2018-01-12;http://www.rad.cvm.gov.br/ENETCONSULTA/frmDownloadDocumento.aspx?CodigoInstituicao=1&NumeroSequencialDocumento=71018
60.643.228/0001-21;2018-01-01;2;FIBRIA CELULOSE S.A.;012793;FCA;73954;2018-05-08;http://www.rad.cvm.gov.br/ENETCONSULTA/frmDownloadDocumento.aspx?CodigoInstituicao=1&NumeroSequencialDocumento=73954
60.643.228/0001-21;2018-01-01;3;FIBRIA CELULOSE S.A.;012793;FCA;76447;2018-07-24;http://www.rad.cvm.gov.br/ENETCONSULTA/frmDownloadDocumento.aspx?CodigoInstituicao=1&NumeroSequencialDocumento=76447
60.651.809/0001-05;2018-01-01;1;SUZANO HOLDING S.A.;009067;FCA;72022;2018-03-06;http://www.rad.cvm.gov.br/ENETCONSULTA/frmDownloadDocumento.aspx?CodigoInstituicao=1&NumeroSequencialDocumento=72022
60.651.809/0001-05;2018-01-01;2;SUZANO HOLDING S.A.;009067;FCA;75077;2018-05-25;http://www.rad.cvm.gov.br/ENETCONSULTA/frmDownloadDocumento.aspx?CodigoInstituicao=1&NumeroSequencialDocumento=75077
60.651.809/0001-05;2018-01-01;3;SUZANO HOLDING S.A.;009067;FCA;79609;2018-12-04;http://www.rad.cvm.gov.br/ENETCONSULTA/frmDownloadDocumento.aspx?CodigoInstituicao=1&NumeroSequencialDocumento=79609
60.730.348/0001-66;2018-01-01;1;CIA MELHORAMENTOS DE SAO PAULO;003654;FCA;70958;2018-01-10;http://www.rad.cvm.gov.br/ENETCONSULTA/frmDownloadDocumento.aspx?CodigoInstituicao=1&NumeroSequencialDocumento=70958
60.730.348/0001-66;2018-01-01;2;CIA MELHORAMENTOS DE SAO PAULO;003654;FCA;72639;2018-03-26;http://www.rad.cvm.gov.br/ENETCONSULTA/frmDownloadDocumento.aspx?CodigoInstituicao=1&NumeroSequencialDocumento=72639
60.730.348/0001-66;2018-01-01;3;CIA MELHORAMENTOS DE SAO PAULO;003654;FCA;73652;2018-05-02;http://www.rad.cvm.gov.br/ENETCONSULTA/frmDownloadDocumento.aspx?CodigoInstituicao=1&NumeroSequencialDocumento=73652
60.730.348/0001-66;2018-01-01;4;CIA MELHORAMENTOS DE SAO PAULO;003654;FCA;74194;2018-05-10;http://www.rad.cvm.gov.br/ENETCONSULTA/frmDownloadDocumento.aspx?CodigoInstituicao=1&NumeroSequencialDocumento=74194
60.746.948/0001-12;2018-01-01;1;BCO BRADESCO S.A.;000906;FCA;70945;2018-01-10;http://www.rad.cvm.gov.br/ENETCONSULTA/frmDownloadDocumento.aspx?CodigoInstituicao=1&NumeroSequencialDocumento=70945
60.746.948/0001-12;2018-01-01;2;BCO BRADESCO S.A.;000906;FCA;72424;2018-03-20;http://www.rad.cvm.gov.br/ENETCONSULTA/frmDownloadDocumento.aspx?CodigoInstituicao=1&NumeroSequencialDocumento=72424
60.746.948/0001-12;2018-01-01;3;BCO BRADESCO S.A.;000906;FCA;74290;2018-05-11;http://www.rad.cvm.gov.br/ENETCONSULTA/frmDownloadDocumento.aspx?CodigoInstituicao=1&NumeroSequencialDocumento=74290
60.746.948/0001-12;2018-01-01;4;BCO BRADESCO S.A.;000906;FCA;76923;2018-08-10;http://www.rad.cvm.gov.br/ENETCONSULTA/frmDownloadDocumento.aspx?CodigoInstituicao=1&NumeroSequencialDocumento=76923
60.770.336/0001-65;2018-01-01;1;BCO ALFA DE INVESTIMENTO S.A.;001384;FCA;71227;2018-01-29;http://www.rad.cvm.gov.br/ENETCONSULTA/frmDownloadDocumento.aspx?CodigoInstituicao=1&NumeroSequencialDocumento=71227
60.770.336/0001-65;2018-01-01;2;BCO ALFA DE INVESTIMENTO S.A.;001384;FCA;71303;2018-02-02;http://www.rad.cvm.gov.br/ENETCONSULTA/frmDownloadDocumento.aspx?CodigoInstituicao=1&NumeroSequencialDocumento=71303
60.770.336/0001-65;2018-01-01;3;BCO ALFA DE INVESTIMENTO S.A.;001384;FCA;74321;2018-05-11;http://www.rad.cvm.gov.br/ENETCONSULTA/frmDownloadDocumento.aspx?CodigoInstituicao=1&NumeroSequencialDocumento=74321
60.840.055/0001-31;2018-01-01;1;FLEURY S.A.;021881;FCA;70872;2018-01-05;http://www.rad.cvm.gov.br/ENETCONSULTA/frmDownloadDocumento.aspx?CodigoInstituicao=1&NumeroSequencialDocumento=70872
60.840.055/0001-31;2018-01-01;2;FLEURY S.A.;021881;FCA;76678;2018-08-03;http://www.rad.cvm.gov.br/ENETCONSULTA/frmDownloadDocumento.aspx?CodigoInstituicao=1&NumeroSequencialDocumento=76678
60.851.615/0001-53;2018-01-01;1;BARDELLA S.A. INDUSTRIAS MECANICAS EM RECUPERAÇÃO JUDICIAL;001520;FCA;75355;2018-05-30;http://www.rad.cvm.gov.br/ENETCONSULTA/frmDownloadDocumento.aspx?CodigoInstituicao=1&NumeroSequencialDocumento=75355
60.872.504/0001-23;2018-01-01;1;ITAU UNIBANCO HOLDING S.A.;019348;FCA;71008;2018-01-12;http://www.rad.cvm.gov.br/ENETCONSULTA/frmDownloadDocumento.aspx?CodigoInstituicao=1&NumeroSequencialDocumento=71008
60.872.504/0001-23;2018-01-01;2;ITAU UNIBANCO HOLDING S.A.;019348;FCA;72020;2018-03-06;http://www.rad.cvm.gov.br/ENETCONSULTA/frmDownloadDocumento.aspx?CodigoInstituicao=1&NumeroSequencialDocumento=72020
60.884.319/0001-59;2018-01-01;1;NORDON INDUSTRIAS METALURGICAS S.A.;009083;FCA;75778;2018-06-06;http://www.rad.cvm.gov.br/ENETCONSULTA/frmDownloadDocumento.aspx?CodigoInstituicao=1&NumeroSequencialDocumento=75778
60.894.730/0001-05;2018-01-01;1;USINAS SID DE MINAS GERAIS S.A.-USIMINAS;014320;FCA;71437;2018-02-09;http://www.rad.cvm.gov.br/ENETCONSULTA/frmDownloadDocumento.aspx?CodigoInstituicao=1&NumeroSequencialDocumento=71437
60.894.730/0001-05;2018-01-01;2;USINAS SID DE MINAS GERAIS S.A.-USIMINAS;014320;FCA;75093;2018-05-25;http://www.rad.cvm.gov.br/ENETCONSULTA/frmDownloadDocumento.aspx?CodigoInstituicao=1&NumeroSequencialDocumento=75093
60.933.603/0001-78;2018-01-01;1;CESP - CIA ENERGETICA DE SAO PAULO;002577;FCA;71073;2018-01-18;http://www.rad.cvm.gov.br/ENETCONSULTA/frmDownloadDocumento.aspx?CodigoInstituicao=1&NumeroSequencialDocumento=71073
60.933.603/0001-78;2018-01-01;2;CESP - CIA ENERGETICA DE SAO PAULO;002577;FCA;72049;2018-03-07;http://www.rad.cvm.gov.br/ENETCONSULTA/frmDownloadDocumento.aspx?CodigoInstituicao=1&NumeroSequencialDocumento=72049
60.933.603/0001-78;2018-01-01;3;CESP - CIA ENERGETICA DE SAO PAULO;002577;FCA;74561;2018-05-15;http://www.rad.cvm.gov.br/ENETCONSULTA/frmDownloadDocumento.aspx?CodigoInstituicao=1&NumeroSequencialDocumento=74561
60.933.603/0001-78;2018-01-01;4;CESP - CIA ENERGETICA DE SAO PAULO;002577;FCA;79771;2018-12-17;http://www.rad.cvm.gov.br/ENETCONSULTA/frmDownloadDocumento.aspx?CodigoInstituicao=1&NumeroSequencialDocumento=79771
60.933.603/0001-78;2018-01-01;5;CESP - CIA ENERGETICA DE SAO PAULO;002577;FCA;80454;2019-02-05;http://www.rad.cvm.gov.br/ENETCONSULTA/frmDownloadDocumento.aspx?CodigoInstituicao=1&NumeroSequencialDocumento=80454
61.022.042/0001-18;2018-01-01;1;CONSTRUTORA ADOLPHO LINDENBERG S.A.;004723;FCA;72323;2018-03-15;http://www.rad.cvm.gov.br/ENETCONSULTA/frmDownloadDocumento.aspx?CodigoInstituicao=1&NumeroSequencialDocumento=72323
61.022.042/0001-18;2018-01-01;2;CONSTRUTORA ADOLPHO LINDENBERG S.A.;004723;FCA;73917;2018-05-08;http://www.rad.cvm.gov.br/ENETCONSULTA/frmDownloadDocumento.aspx?CodigoInstituicao=1&NumeroSequencialDocumento=73917
61.024.352/0001-71;2018-01-01;1;BCO INDUSVAL S.A.;020885;FCA;73692;2018-05-03;http://www.rad.cvm.gov.br/ENETCONSULTA/frmDownloadDocumento.aspx?CodigoInstituicao=1&NumeroSequencialDocumento=73692
61.065.298/0001-02;2018-01-01;1;MANGELS INDUSTRIAL S.A.;008397;FCA;71334;2018-02-05;http://www.rad.cvm.gov.br/ENETCONSULTA/frmDownloadDocumento.aspx?CodigoInstituicao=1&NumeroSequencialDocumento=71334
61.065.751/0001-80;2018-01-01;1;ROSSI RESIDENCIAL S.A. - EM RECUPERAÇÃO JUDICIAL;016306;FCA;71489;2018-02-09;http://www.rad.cvm.gov.br/ENETCONSULTA/frmDownloadDocumento.aspx?CodigoInstituicao=1&NumeroSequencialDocumento=71489
61.065.751/0001-80;2018-01-01;2;ROSSI RESIDENCIAL S.A. - EM RECUPERAÇÃO JUDICIAL;016306;FCA;75524;2018-05-30;http://www.rad.cvm.gov.br/ENETCONSULTA/frmDownloadDocumento.aspx?CodigoInstituicao=1&NumeroSequencialDocumento=75524
61.067.161/0001-97;2018-01-01;1;NADIR FIGUEIREDO IND E COM S.A.;009040;FCA;72308;2018-03-15;http://www.rad.cvm.gov.br/ENETCONSULTA/frmDownloadDocumento.aspx?CodigoInstituicao=1&NumeroSequencialDocumento=72308
61.079.117/0001-05;2018-01-01;1;ALPARGATAS S.A.;010456;FCA;70764;2018-01-03;http://www.rad.cvm.gov.br/ENETCONSULTA/frmDownloadDocumento.aspx?CodigoInstituicao=1&NumeroSequencialDocumento=70764
61.079.117/0001-05;2018-01-01;2;ALPARGATAS S.A.;010456;FCA;72250;2018-03-14;http://www.rad.cvm.gov.br/ENETCONSULTA/frmDownloadDocumento.aspx?CodigoInstituicao=1&NumeroSequencialDocumento=72250
61.079.117/0001-05;2018-01-01;3;ALPARGATAS S.A.;010456;FCA;77596;2018-08-27;http://www.rad.cvm.gov.br/ENETCONSULTA/frmDownloadDocumento.aspx?CodigoInstituicao=1&NumeroSequencialDocumento=77596
61.080.313/0001-91;2018-01-01;1;COBRASMA S.A.;004448;FCA;72822;2018-03-28;http://www.rad.cvm.gov.br/ENETCONSULTA/frmDownloadDocumento.aspx?CodigoInstituicao=1&NumeroSequencialDocumento=72822
61.082.004/0001-50;2018-01-01;1;MANUFATURA DE BRINQUEDOS ESTRELA S.A.;008427;FCA;72086;2018-03-08;http://www.rad.cvm.gov.br/ENETCONSULTA/frmDownloadDocumento.aspx?CodigoInstituicao=1&NumeroSequencialDocumento=72086
61.082.004/0001-50;2018-01-01;2;MANUFATURA DE BRINQUEDOS ESTRELA S.A.;008427;FCA;75809;2018-06-08;http://www.rad.cvm.gov.br/ENETCONSULTA/frmDownloadDocumento.aspx?CodigoInstituicao=1&NumeroSequencialDocumento=75809
61.088.894/0001-08;2018-01-01;1;CAMBUCI S.A.;002100;FCA;72202;2018-03-13;http://www.rad.cvm.gov.br/ENETCONSULTA/frmDownloadDocumento.aspx?CodigoInstituicao=1&NumeroSequencialDocumento=72202
61.092.037/0001-81;2018-01-01;1;ETERNIT S.A. - EM RECUPERAÇÃO JUDICIAL;005762;FCA;71930;2018-03-02;http://www.rad.cvm.gov.br/ENETCONSULTA/frmDownloadDocumento.aspx?CodigoInstituicao=1&NumeroSequencialDocumento=71930
61.092.037/0001-81;2018-01-01;2;ETERNIT S.A. - EM RECUPERAÇÃO JUDICIAL;005762;FCA;73418;2018-04-23;http://www.rad.cvm.gov.br/ENETCONSULTA/frmDownloadDocumento.aspx?CodigoInstituicao=1&NumeroSequencialDocumento=73418
61.092.037/0001-81;2018-01-01;3;ETERNIT S.A. - EM RECUPERAÇÃO JUDICIAL;005762;FCA;76478;2018-07-25;http://www.rad.cvm.gov.br/ENETCONSULTA/frmDownloadDocumento.aspx?CodigoInstituicao=1&NumeroSequencialDocumento=76478
61.092.037/0001-81;2018-01-01;4;ETERNIT S.A. - EM RECUPERAÇÃO JUDICIAL;005762;FCA;79270;2018-11-14;http://www.rad.cvm.gov.br/ENETCONSULTA/frmDownloadDocumento.aspx?CodigoInstituicao=1&NumeroSequencialDocumento=79270
61.101.895/0001-45;2018-01-01;1;SANTHER FAB DE PAPEL STA THEREZINHA S.A.;014923;FCA;71583;2018-02-19;http://www.rad.cvm.gov.br/ENETCONSULTA/frmDownloadDocumento.aspx?CodigoInstituicao=1&NumeroSequencialDocumento=71583
61.101.895/0001-45;2018-01-01;2;SANTHER FAB DE PAPEL STA THEREZINHA S.A.;014923;FCA;75370;2018-05-30;http://www.rad.cvm.gov.br/ENETCONSULTA/frmDownloadDocumento.aspx?CodigoInstituicao=1&NumeroSequencialDocumento=75370
61.101.895/0001-45;2018-01-01;3;SANTHER FAB DE PAPEL STA THEREZINHA S.A.;014923;FCA;77458;2018-08-16;http://www.rad.cvm.gov.br/ENETCONSULTA/frmDownloadDocumento.aspx?CodigoInstituicao=1&NumeroSequencialDocumento=77458
61.156.113/0001-75;2018-01-01;1;IOCHPE MAXION S.A.;011932;FCA;70818;2018-01-04;http://www.rad.cvm.gov.br/ENETCONSULTA/frmDownloadDocumento.aspx?CodigoInstituicao=1&NumeroSequencialDocumento=70818
61.156.113/0001-75;2018-01-01;2;IOCHPE MAXION S.A.;011932;FCA;72398;2018-03-19;http://www.rad.cvm.gov.br/ENETCONSULTA/frmDownloadDocumento.aspx?CodigoInstituicao=1&NumeroSequencialDocumento=72398
61.156.113/0001-75;2018-01-01;3;IOCHPE MAXION S.A.;011932;FCA;73110;2018-04-04;http://www.rad.cvm.gov.br/ENETCONSULTA/frmDownloadDocumento.aspx?CodigoInstituicao=1&NumeroSequencialDocumento=73110
61.156.113/0001-75;2018-01-01;4;IOCHPE MAXION S.A.;011932;FCA;78543;2018-10-31;http://www.rad.cvm.gov.br/ENETCONSULTA/frmDownloadDocumento.aspx?CodigoInstituicao=1&NumeroSequencialDocumento=78543
61.156.113/0001-75;2018-01-01;5;IOCHPE MAXION S.A.;011932;FCA;78787;2018-11-08;http://www.rad.cvm.gov.br/ENETCONSULTA/frmDownloadDocumento.aspx?CodigoInstituicao=1&NumeroSequencialDocumento=78787
61.156.931/0001-78;2018-01-01;1;SIDERURGICA J. L. ALIPERTI S.A.;012823;FCA;72575;2018-03-23;http://www.rad.cvm.gov.br/ENETCONSULTA/frmDownloadDocumento.aspx?CodigoInstituicao=1&NumeroSequencialDocumento=72575
61.156.931/0001-78;2018-01-01;2;SIDERURGICA J. L. ALIPERTI S.A.;012823;FCA;73709;2018-05-03;http://www.rad.cvm.gov.br/ENETCONSULTA/frmDownloadDocumento.aspx?CodigoInstituicao=1&NumeroSequencialDocumento=73709
61.186.680/0001-74;2018-01-01;1;BANCO BMG S/A;024600;FCA;78180;2018-11-27;http://www.rad.cvm.gov.br/ENETCONSULTA/frmDownloadDocumento.aspx?CodigoInstituicao=1&NumeroSequencialDocumento=78180
61.186.680/0001-74;2018-01-01;2;BANCO BMG S/A;024600;FCA;79864;2018-12-21;http://www.rad.cvm.gov.br/ENETCONSULTA/frmDownloadDocumento.aspx?CodigoInstituicao=1&NumeroSequencialDocumento=79864
61.189.288/0001-89;2018-01-01;1;MARISA LOJAS S.A.;022055;FCA;72102;2018-03-08;http://www.rad.cvm.gov.br/ENETCONSULTA/frmDownloadDocumento.aspx?CodigoInstituicao=1&NumeroSequencialDocumento=72102
61.351.532/0001-68;2018-01-01;1;AZEVEDO E TRAVASSOS S.A.;011975;FCA;72295;2018-03-15;http://www.rad.cvm.gov.br/ENETCONSULTA/frmDownloadDocumento.aspx?CodigoInstituicao=1&NumeroSequencialDocumento=72295
61.351.532/0001-68;2018-01-01;2;AZEVEDO E TRAVASSOS S.A.;011975;FCA;74601;2018-05-15;http://www.rad.cvm.gov.br/ENETCONSULTA/frmDownloadDocumento.aspx?CodigoInstituicao=1&NumeroSequencialDocumento=74601
61.374.161/0001-30;2018-01-01;1;BAUMER S.A.;001562;FCA;75694;2018-05-31;http://www.rad.cvm.gov.br/ENETCONSULTA/frmDownloadDocumento.aspx?CodigoInstituicao=1&NumeroSequencialDocumento=75694
61.410.395/0001-95;2018-01-01;1;FIBAM COMPANHIA INDUSTRIAL;006017;FCA;71224;2018-01-29;http://www.rad.cvm.gov.br/ENETCONSULTA/frmDownloadDocumento.aspx?CodigoInstituicao=1&NumeroSequencialDocumento=71224
61.410.395/0001-95;2018-01-01;2;FIBAM COMPANHIA INDUSTRIAL;006017;FCA;73093;2018-04-04;http://www.rad.cvm.gov.br/ENETCONSULTA/frmDownloadDocumento.aspx?CodigoInstituicao=1&NumeroSequencialDocumento=73093
61.410.395/0001-95;2018-01-01;3;FIBAM COMPANHIA INDUSTRIAL;006017;FCA;73095;2018-04-04;http://www.rad.cvm.gov.br/ENETCONSULTA/frmDownloadDocumento.aspx?CodigoInstituicao=1&NumeroSequencialDocumento=73095
61.410.395/0001-95;2018-01-01;4;FIBAM COMPANHIA INDUSTRIAL;006017;FCA;73098;2018-04-04;http://www.rad.cvm.gov.br/ENETCONSULTA/frmDownloadDocumento.aspx?CodigoInstituicao=1&NumeroSequencialDocumento=73098
61.410.395/0001-95;2018-01-01;5;FIBAM COMPANHIA INDUSTRIAL;006017;FCA;73691;2018-05-03;http://www.rad.cvm.gov.br/ENETCONSULTA/frmDownloadDocumento.aspx?CodigoInstituicao=1&NumeroSequencialDocumento=73691
61.410.395/0001-95;2018-01-01;6;FIBAM COMPANHIA INDUSTRIAL;006017;FCA;74409;2018-05-14;http://www.rad.cvm.gov.br/ENETCONSULTA/frmDownloadDocumento.aspx?CodigoInstituicao=1&NumeroSequencialDocumento=74409
61.486.650/0001-83;2018-01-01;1;DIAGNOSTICOS DA AMERICA S.A.;019623;FCA;71315;2018-02-02;http://www.rad.cvm.gov.br/ENETCONSULTA/frmDownloadDocumento.aspx?CodigoInstituicao=1&NumeroSequencialDocumento=71315
61.532.644/0001-15;2018-01-01;1;ITAÚSA S.A.;007617;FCA;71258;2018-01-30;http://www.rad.cvm.gov.br/ENETCONSULTA/frmDownloadDocumento.aspx?CodigoInstituicao=1&NumeroSequencialDocumento=71258
61.532.644/0001-15;2018-01-01;2;ITAÚSA S.A.;007617;FCA;71294;2018-02-01;http://www.rad.cvm.gov.br/ENETCONSULTA/frmDownloadDocumento.aspx?CodigoInstituicao=1&NumeroSequencialDocumento=71294
61.532.644/0001-15;2018-01-01;3;ITAÚSA S.A.;007617;FCA;71877;2018-02-28;http://www.rad.cvm.gov.br/ENETCONSULTA/frmDownloadDocumento.aspx?CodigoInstituicao=1&NumeroSequencialDocumento=71877
61.532.644/0001-15;2018-01-01;4;ITAÚSA S.A.;007617;FCA;73437;2018-04-23;http://www.rad.cvm.gov.br/ENETCONSULTA/frmDownloadDocumento.aspx?CodigoInstituicao=1&NumeroSequencialDocumento=73437
61.584.140/0001-49;2018-01-01;1;REDE ENERGIA PARTICIPAÇÕES S.A.;003190;FCA;70786;2018-01-03;http://www.rad.cvm.gov.br/ENETCONSULTA/frmDownloadDocumento.aspx?CodigoInstituicao=1&NumeroSequencialDocumento=70786
61.584.140/0001-49;2018-01-01;2;REDE ENERGIA PARTICIPAÇÕES S.A.;003190;FCA;74424;2018-05-14;http://www.rad.cvm.gov.br/ENETCONSULTA/frmDownloadDocumento.aspx?CodigoInstituicao=1&NumeroSequencialDocumento=74424
61.585.865/0001-51;2018-01-01;1;RAIA DROGASIL S.A.;005258;FCA;71020;2018-01-15;http://www.rad.cvm.gov.br/ENETCONSULTA/frmDownloadDocumento.aspx?CodigoInstituicao=1&NumeroSequencialDocumento=71020
61.695.227/0001-93;2018-01-01;1;ELETROPAULO METROP. ELET. SAO PAULO S.A.;014176;FCA;70847;2018-01-05;http://www.rad.cvm.gov.br/ENETCONSULTA/frmDownloadDocumento.aspx?CodigoInstituicao=1&NumeroSequencialDocumento=70847
61.695.227/0001-93;2018-01-01;2;ELETROPAULO METROP. ELET. SAO PAULO S.A.;014176;FCA;72164;2018-03-09;http://www.rad.cvm.gov.br/ENETCONSULTA/frmDownloadDocumento.aspx?CodigoInstituicao=1&NumeroSequencialDocumento=72164
61.695.227/0001-93;2018-01-01;3;ELETROPAULO METROP. ELET. SAO PAULO S.A.;014176;FCA;76565;2018-07-30;http://www.rad.cvm.gov.br/ENETCONSULTA/frmDownloadDocumento.aspx?CodigoInstituicao=1&NumeroSequencialDocumento=76565
61.695.227/0001-93;2018-01-01;4;ELETROPAULO METROP. ELET. SAO PAULO S.A.;014176;FCA;77212;2018-08-14;http://www.rad.cvm.gov.br/ENETCONSULTA/frmDownloadDocumento.aspx?CodigoInstituicao=1&NumeroSequencialDocumento=77212
61.695.227/0001-93;2018-01-01;5;ELETROPAULO METROP. ELET. SAO PAULO S.A.;014176;FCA;78737;2018-11-07;http://www.rad.cvm.gov.br/ENETCONSULTA/frmDownloadDocumento.aspx?CodigoInstituicao=1&NumeroSequencialDocumento=78737
61.695.227/0001-93;2018-01-01;6;ELETROPAULO METROP. ELET. SAO PAULO S.A.;014176;FCA;79639;2018-12-07;http://www.rad.cvm.gov.br/ENETCONSULTA/frmDownloadDocumento.aspx?CodigoInstituicao=1&NumeroSequencialDocumento=79639
61.856.571/0001-17;2018-01-01;1;CIA GAS DE SAO PAULO - COMGAS;015636;FCA;71554;2018-02-16;http://www.rad.cvm.gov.br/ENETCONSULTA/frmDownloadDocumento.aspx?CodigoInstituicao=1&NumeroSequencialDocumento=71554
61.856.571/0001-17;2018-01-01;2;CIA GAS DE SAO PAULO - COMGAS;015636;FCA;73665;2018-05-02;http://www.rad.cvm.gov.br/ENETCONSULTA/frmDownloadDocumento.aspx?CodigoInstituicao=1&NumeroSequencialDocumento=73665
62.002.886/0001-60;2018-01-01;1;SAO PAULO TURISMO S.A.;009415;FCA;71152;2018-01-23;http://www.rad.cvm.gov.br/ENETCONSULTA/frmDownloadDocumento.aspx?CodigoInstituicao=1&NumeroSequencialDocumento=71152
62.002.886/0001-60;2018-01-01;2;SAO PAULO TURISMO S.A.;009415;FCA;71964;2018-03-05;http://www.rad.cvm.gov.br/ENETCONSULTA/frmDownloadDocumento.aspx?CodigoInstituicao=1&NumeroSequencialDocumento=71964
62.002.886/0001-60;2018-01-01;3;SAO PAULO TURISMO S.A.;009415;FCA;79583;2018-11-30;http://www.rad.cvm.gov.br/ENETCONSULTA/frmDownloadDocumento.aspx?CodigoInstituicao=1&NumeroSequencialDocumento=79583
62.063.177/0001-94;2018-01-01;1;SAFRA LEASING SA ARRENDAMENTO MERCANTIL;019844;FCA;71736;2018-02-23;http://www.rad.cvm.gov.br/ENETCONSULTA/frmDownloadDocumento.aspx?CodigoInstituicao=1&NumeroSequencialDocumento=71736
62.063.177/0001-94;2018-01-01;2;SAFRA LEASING SA ARRENDAMENTO MERCANTIL;019844;FCA;73518;2018-04-26;http://www.rad.cvm.gov.br/ENETCONSULTA/frmDownloadDocumento.aspx?CodigoInstituicao=1&NumeroSequencialDocumento=73518
62.144.175/0001-20;2018-01-01;1;BCO PINE S.A;020567;FCA;70971;2018-01-10;http://www.rad.cvm.gov.br/ENETCONSULTA/frmDownloadDocumento.aspx?CodigoInstituicao=1&NumeroSequencialDocumento=70971
62.144.175/0001-20;2018-01-01;2;BCO PINE S.A;020567;FCA;71434;2018-02-08;http://www.rad.cvm.gov.br/ENETCONSULTA/frmDownloadDocumento.aspx?CodigoInstituicao=1&NumeroSequencialDocumento=71434
62.144.175/0001-20;2018-01-01;3;BCO PINE S.A;020567;FCA;77673;2018-08-31;http://www.rad.cvm.gov.br/ENETCONSULTA/frmDownloadDocumento.aspx?CodigoInstituicao=1&NumeroSequencialDocumento=77673
62.144.175/0001-20;2018-01-01;4;BCO PINE S.A;020567;FCA;77708;2018-09-05;http://www.rad.cvm.gov.br/ENETCONSULTA/frmDownloadDocumento.aspx?CodigoInstituicao=1&NumeroSequencialDocumento=77708
62.232.889/0001-90;2018-01-01;1;BCO DAYCOVAL S.A.;020796;FCA;71063;2018-01-17;http://www.rad.cvm.gov.br/ENETCONSULTA/frmDownloadDocumento.aspx?CodigoInstituicao=1&NumeroSequencialDocumento=71063
62.307.848/0001-15;2018-01-01;1;BANCO RCI BRASIL S.A.;021466;FCA;70874;2018-01-08;http://www.rad.cvm.gov.br/ENETCONSULTA/frmDownloadDocumento.aspx?CodigoInstituicao=1&NumeroSequencialDocumento=70874
62.307.848/0001-15;2018-01-01;2;BANCO RCI BRASIL S.A.;021466;FCA;80440;2019-02-04;http://www.rad.cvm.gov.br/ENETCONSULTA/frmDownloadDocumento.aspx?CodigoInstituicao=1&NumeroSequencialDocumento=80440
64.904.295/0001-03;2018-01-01;1;CAMIL ALIMENTOS S.A.;024228;FCA;70998;2018-01-11;http://www.rad.cvm.gov.br/ENETCONSULTA/frmDownloadDocumento.aspx?CodigoInstituicao=1&NumeroSequencialDocumento=70998
65.654.303/0001-73;2018-01-01;1;DIBENS LEASING S.A. - ARREND.MERCANTIL;014214;FCA;71010;2018-01-12;http://www.rad.cvm.gov.br/ENETCONSULTA/frmDownloadDocumento.aspx?CodigoInstituicao=1&NumeroSequencialDocumento=71010
65.654.303/0001-73;2018-01-01;2;DIBENS LEASING S.A. - ARREND.MERCANTIL;014214;FCA;75134;2018-05-28;http://www.rad.cvm.gov.br/ENETCONSULTA/frmDownloadDocumento.aspx?CodigoInstituicao=1&NumeroSequencialDocumento=75134
67.010.660/0001-24;2018-01-01;1;RNI NEGÓCIOS IMOBILIÁRIOS S.A.;020451;FCA;72307;2018-03-15;http://www.rad.cvm.gov.br/ENETCONSULTA/frmDownloadDocumento.aspx?CodigoInstituicao=1&NumeroSequencialDocumento=72307
67.010.660/0001-24;2018-01-01;2;RNI NEGÓCIOS IMOBILIÁRIOS S.A.;020451;FCA;77978;2018-10-01;http://www.rad.cvm.gov.br/ENETCONSULTA/frmDownloadDocumento.aspx?CodigoInstituicao=1&NumeroSequencialDocumento=77978
67.010.660/0001-24;2018-01-01;3;RNI NEGÓCIOS IMOBILIÁRIOS S.A.;020451;FCA;78069;2018-10-09;http://www.rad.cvm.gov.br/ENETCONSULTA/frmDownloadDocumento.aspx?CodigoInstituicao=1&NumeroSequencialDocumento=78069
67.437.434/0001-24;2018-01-01;1;TC SECURITIES CIA DE SECURITIZAÇÃO;020389;FCA;72197;2018-03-13;http://www.rad.cvm.gov.br/ENETCONSULTA/frmDownloadDocumento.aspx?CodigoInstituicao=1&NumeroSequencialDocumento=72197
67.571.414/0001-41;2018-01-01;1;VIVER INCORPORADORA E CONSTRUTORA S.A.;020702;FCA;71996;2018-03-06;http://www.rad.cvm.gov.br/ENETCONSULTA/frmDownloadDocumento.aspx?CodigoInstituicao=1&NumeroSequencialDocumento=71996
67.620.377/0001-14;2018-01-01;1;MINERVA S.A.;020931;FCA;71036;2018-01-15;http://www.rad.cvm.gov.br/ENETCONSULTA/frmDownloadDocumento.aspx?CodigoInstituicao=1&NumeroSequencialDocumento=71036
67.620.377/0001-14;2018-01-01;2;MINERVA S.A.;020931;FCA;73982;2018-05-08;http://www.rad.cvm.gov.br/ENETCONSULTA/frmDownloadDocumento.aspx?CodigoInstituicao=1&NumeroSequencialDocumento=73982
67.620.377/0001-14;2018-01-01;3;MINERVA S.A.;020931;FCA;79955;2019-01-02;http://www.rad.cvm.gov.br/ENETCONSULTA/frmDownloadDocumento.aspx?CodigoInstituicao=1&NumeroSequencialDocumento=79955
69.720.910/0001-45;2018-01-01;1;CCB BRASIL ARRENDAMENTO MERCANTIL S.A.;015121;FCA;72503;2018-03-22;http://www.rad.cvm.gov.br/ENETCONSULTA/frmDownloadDocumento.aspx?CodigoInstituicao=1&NumeroSequencialDocumento=72503
71.208.516/0001-74;2018-01-01;1;ALGAR TELECOM S/A;021032;FCA;70737;2018-01-02;http://www.rad.cvm.gov.br/ENETCONSULTA/frmDownloadDocumento.aspx?CodigoInstituicao=1&NumeroSequencialDocumento=70737
71.208.516/0001-74;2018-01-01;2;ALGAR TELECOM S/A;021032;FCA;72676;2018-03-26;http://www.rad.cvm.gov.br/ENETCONSULTA/frmDownloadDocumento.aspx?CodigoInstituicao=1&NumeroSequencialDocumento=72676
71.208.516/0001-74;2018-01-01;3;ALGAR TELECOM S/A;021032;FCA;76942;2018-08-10;http://www.rad.cvm.gov.br/ENETCONSULTA/frmDownloadDocumento.aspx?CodigoInstituicao=1&NumeroSequencialDocumento=76942
71.476.527/0001-35;2018-01-01;1;CONSTRUTORA TENDA S.A.;021148;FCA;71079;2018-01-18;http://www.rad.cvm.gov.br/ENETCONSULTA/frmDownloadDocumento.aspx?CodigoInstituicao=1&NumeroSequencialDocumento=71079
71.476.527/0001-35;2018-01-01;2;CONSTRUTORA TENDA S.A.;021148;FCA;71614;2018-02-20;http://www.rad.cvm.gov.br/ENETCONSULTA/frmDownloadDocumento.aspx?CodigoInstituicao=1&NumeroSequencialDocumento=71614
71.476.527/0001-35;2018-01-01;3;CONSTRUTORA TENDA S.A.;021148;FCA;74128;2018-05-10;http://www.rad.cvm.gov.br/ENETCONSULTA/frmDownloadDocumento.aspx?CodigoInstituicao=1&NumeroSequencialDocumento=74128
71.673.990/0001-77;2018-01-01;1;NATURA COSMETICOS S.A.;019550;FCA;70797;2018-01-03;http://www.rad.cvm.gov.br/ENETCONSULTA/frmDownloadDocumento.aspx?CodigoInstituicao=1&NumeroSequencialDocumento=70797
71.673.990/0001-77;2018-01-01;2;NATURA COSMETICOS S.A.;019550;FCA;71615;2018-02-20;http://www.rad.cvm.gov.br/ENETCONSULTA/frmDownloadDocumento.aspx?CodigoInstituicao=1&NumeroSequencialDocumento=71615
71.673.990/0001-77;2018-01-01;3;NATURA COSMETICOS S.A.;019550;FCA;75887;2018-06-14;http://www.rad.cvm.gov.br/ENETCONSULTA/frmDownloadDocumento.aspx?CodigoInstituicao=1&NumeroSequencialDocumento=75887
71.673.990/0001-77;2018-01-01;4;NATURA COSMETICOS S.A.;019550;FCA;78171;2018-10-18;http://www.rad.cvm.gov.br/ENETCONSULTA/frmDownloadDocumento.aspx?CodigoInstituicao=1&NumeroSequencialDocumento=78171
73.178.600/0001-18;2018-01-01;1;CYRELA BRAZIL REALTY S.A.EMPREEND E PART;014460;FCA;71003;2018-01-12;http://www.rad.cvm.gov.br/ENETCONSULTA/frmDownloadDocumento.aspx?CodigoInstituicao=1&NumeroSequencialDocumento=71003
73.903.718/0001-61;2018-01-01;1;SNB PARTICIPACOES SA;014303;FCA;72765;2018-03-27;http://www.rad.cvm.gov.br/ENETCONSULTA/frmDownloadDocumento.aspx?CodigoInstituicao=1&NumeroSequencialDocumento=72765
74.409.467/0001-26;2018-01-01;1;FENICIAPAR S/A;015024;FCA;72471;2018-03-21;http://www.rad.cvm.gov.br/ENETCONSULTA/frmDownloadDocumento.aspx?CodigoInstituicao=1&NumeroSequencialDocumento=72471
74.409.467/0001-26;2018-01-01;2;FENICIAPAR S/A;015024;FCA;74018;2018-05-09;http://www.rad.cvm.gov.br/ENETCONSULTA/frmDownloadDocumento.aspx?CodigoInstituicao=1&NumeroSequencialDocumento=74018
74.409.467/0001-26;2018-01-01;3;FENICIAPAR S/A;015024;FCA;74575;2018-05-15;http://www.rad.cvm.gov.br/ENETCONSULTA/frmDownloadDocumento.aspx?CodigoInstituicao=1&NumeroSequencialDocumento=74575
75.315.333/0001-09;2018-01-01;1;ATACADÃO S.A.;024171;FCA;71498;2018-02-10;http://www.rad.cvm.gov.br/ENETCONSULTA/frmDownloadDocumento.aspx?CodigoInstituicao=1&NumeroSequencialDocumento=71498
75.609.123/0001-23;2018-01-01;1;UNIDAS LOCAÇÕES E SERVIÇOS S.A.;023280;FCA;72169;2018-03-12;http://www.rad.cvm.gov.br/ENETCONSULTA/frmDownloadDocumento.aspx?CodigoInstituicao=1&NumeroSequencialDocumento=72169
75.609.123/0001-23;2018-01-01;2;UNIDAS LOCAÇÕES E SERVIÇOS S.A.;023280;FCA;82283;2019-04-22;http://www.rad.cvm.gov.br/ENETCONSULTA/frmDownloadDocumento.aspx?CodigoInstituicao=1&NumeroSequencialDocumento=82283
76.483.817/0001-20;2018-01-01;1;CIA PARANAENSE DE ENERGIA - COPEL;014311;FCA;70749;2018-01-02;http://www.rad.cvm.gov.br/ENETCONSULTA/frmDownloadDocumento.aspx?CodigoInstituicao=1&NumeroSequencialDocumento=70749
76.483.817/0001-20;2018-01-01;2;CIA PARANAENSE DE ENERGIA - COPEL;014311;FCA;74676;2018-05-15;http://www.rad.cvm.gov.br/ENETCONSULTA/frmDownloadDocumento.aspx?CodigoInstituicao=1&NumeroSequencialDocumento=74676
76.483.817/0001-20;2018-01-01;3;CIA PARANAENSE DE ENERGIA - COPEL;014311;FCA;83000;2019-05-09;http://www.rad.cvm.gov.br/ENETCONSULTA/frmDownloadDocumento.aspx?CodigoInstituicao=1&NumeroSequencialDocumento=83000
76.484.013/0001-45;2018-01-01;1;CIA SANEAMENTO DO PARANA - SANEPAR;018627;FCA;71060;2018-01-17;http://www.rad.cvm.gov.br/ENETCONSULTA/frmDownloadDocumento.aspx?CodigoInstituicao=1&NumeroSequencialDocumento=71060
76.484.013/0001-45;2018-01-01;2;CIA SANEAMENTO DO PARANA - SANEPAR;018627;FCA;77777;2018-09-12;http://www.rad.cvm.gov.br/ENETCONSULTA/frmDownloadDocumento.aspx?CodigoInstituicao=1&NumeroSequencialDocumento=77777
76.484.013/0001-45;2018-01-01;3;CIA SANEAMENTO DO PARANA - SANEPAR;018627;FCA;77780;2018-09-12;http://www.rad.cvm.gov.br/ENETCONSULTA/frmDownloadDocumento.aspx?CodigoInstituicao=1&NumeroSequencialDocumento=77780
76.535.764/0001-43;2018-01-01;1;OI S.A. - EM RECUPERAÇÃO JUDICIAL;011312;FCA;70995;2018-01-11;http://www.rad.cvm.gov.br/ENETCONSULTA/frmDownloadDocumento.aspx?CodigoInstituicao=1&NumeroSequencialDocumento=70995
76.627.504/0001-06;2018-01-01;1;INEPAR S.A. INDUSTRIA E CONSTRUCOES EM RECUPERACAO JUDICIAL;007595;FCA;71218;2018-01-26;http://www.rad.cvm.gov.br/ENETCONSULTA/frmDownloadDocumento.aspx?CodigoInstituicao=1&NumeroSequencialDocumento=71218
76.627.504/0001-06;2018-01-01;2;INEPAR S.A. INDUSTRIA E CONSTRUCOES EM RECUPERACAO JUDICIAL;007595;FCA;71446;2018-02-09;http://www.rad.cvm.gov.br/ENETCONSULTA/frmDownloadDocumento.aspx?CodigoInstituicao=1&NumeroSequencialDocumento=71446
76.627.504/0001-06;2018-01-01;3;INEPAR S.A. INDUSTRIA E CONSTRUCOES EM RECUPERACAO JUDICIAL;007595;FCA;71953;2018-03-05;http://www.rad.cvm.gov.br/ENETCONSULTA/frmDownloadDocumento.aspx?CodigoInstituicao=1&NumeroSequencialDocumento=71953
78.876.950/0001-71;2018-01-01;1;CIA HERING;014761;FCA;71463;2018-02-09;http://www.rad.cvm.gov.br/ENETCONSULTA/frmDownloadDocumento.aspx?CodigoInstituicao=1&NumeroSequencialDocumento=71463
80.227.184/0001-66;2018-01-01;1;METALGRAFICA IGUACU S.A.;008605;FCA;71617;2018-02-20;http://www.rad.cvm.gov.br/ENETCONSULTA/frmDownloadDocumento.aspx?CodigoInstituicao=1&NumeroSequencialDocumento=71617
80.227.184/0001-66;2018-01-01;2;METALGRAFICA IGUACU S.A.;008605;FCA;75316;2018-05-30;http://www.rad.cvm.gov.br/ENETCONSULTA/frmDownloadDocumento.aspx?CodigoInstituicao=1&NumeroSequencialDocumento=75316
81.243.735/0001-48;2018-01-01;1;POSITIVO TECNOLOGIA S.A.;020362;FCA;72279;2018-03-14;http://www.rad.cvm.gov.br/ENETCONSULTA/frmDownloadDocumento.aspx?CodigoInstituicao=1&NumeroSequencialDocumento=72279
82.508.433/0001-17;2018-01-01;1;CIA CATARINENSE DE AGUAS E SANEAM.-CASAN;016861;FCA;70393;2017-12-08;http://www.rad.cvm.gov.br/ENETCONSULTA/frmDownloadDocumento.aspx?CodigoInstituicao=1&NumeroSequencialDocumento=70393
82.508.433/0001-17;2018-01-01;2;CIA CATARINENSE DE AGUAS E SANEAM.-CASAN;016861;FCA;75388;2018-05-30;http://www.rad.cvm.gov.br/ENETCONSULTA/frmDownloadDocumento.aspx?CodigoInstituicao=1&NumeroSequencialDocumento=75388
82.636.986/0001-55;2018-01-01;1;TEKA-TECELAGEM KUEHNRICH S.A. - EM RECUPERAÇÃO JUDICIAL;011223;FCA;71201;2018-01-26;http://www.rad.cvm.gov.br/ENETCONSULTA/frmDownloadDocumento.aspx?CodigoInstituicao=1&NumeroSequencialDocumento=71201
82.636.986/0001-55;2018-01-01;2;TEKA-TECELAGEM KUEHNRICH S.A. - EM RECUPERAÇÃO JUDICIAL;011223;FCA;75354;2018-05-30;http://www.rad.cvm.gov.br/ENETCONSULTA/frmDownloadDocumento.aspx?CodigoInstituicao=1&NumeroSequencialDocumento=75354
82.636.986/0001-55;2018-01-01;3;TEKA-TECELAGEM KUEHNRICH S.A. - EM RECUPERAÇÃO JUDICIAL;011223;FCA;77886;2018-09-21;http://www.rad.cvm.gov.br/ENETCONSULTA/frmDownloadDocumento.aspx?CodigoInstituicao=1&NumeroSequencialDocumento=77886
82.640.558/0001-04;2018-01-01;1;KARSTEN S.A.;004146;FCA;72889;2018-03-29;http://www.rad.cvm.gov.br/ENETCONSULTA/frmDownloadDocumento.aspx?CodigoInstituicao=1&NumeroSequencialDocumento=72889
82.640.632/0001-84;2018-01-01;1;LOJAS HERING S.A.;008117;FCA;72129;2018-03-09;http://www.rad.cvm.gov.br/ENETCONSULTA/frmDownloadDocumento.aspx?CodigoInstituicao=1&NumeroSequencialDocumento=72129
82.640.632/0001-84;2018-01-01;2;LOJAS HERING S.A.;008117;FCA;76983;2018-08-13;http://www.rad.cvm.gov.br/ENETCONSULTA/frmDownloadDocumento.aspx?CodigoInstituicao=1&NumeroSequencialDocumento=76983
82.641.325/0001-18;2018-01-01;1;CREMER SA;020141;FCA;71421;2018-02-08;http://www.rad.cvm.gov.br/ENETCONSULTA/frmDownloadDocumento.aspx?CodigoInstituicao=1&NumeroSequencialDocumento=71421
82.643.537/0001-34;2018-01-01;1;ELECTRO ACO ALTONA S.A.;005380;FCA;72393;2018-03-19;http://www.rad.cvm.gov.br/ENETCONSULTA/frmDownloadDocumento.aspx?CodigoInstituicao=1&NumeroSequencialDocumento=72393
82.643.537/0001-34;2018-01-01;2;ELECTRO ACO ALTONA S.A.;005380;FCA;73900;2018-05-08;http://www.rad.cvm.gov.br/ENETCONSULTA/frmDownloadDocumento.aspx?CodigoInstituicao=1&NumeroSequencialDocumento=73900
82.981.929/0001-03;2018-01-01;1;CIA INDUSTRIAL SCHLOSSER S.A.;003549;FCA;72903;2018-03-29;http://www.rad.cvm.gov.br/ENETCONSULTA/frmDownloadDocumento.aspx?CodigoInstituicao=1&NumeroSequencialDocumento=72903
82.982.075/0001-80;2018-01-01;1;TEXTIL RENAUXVIEW S.A.;007544;FCA;72347;2018-03-16;http://www.rad.cvm.gov.br/ENETCONSULTA/frmDownloadDocumento.aspx?CodigoInstituicao=1&NumeroSequencialDocumento=72347
82.982.075/0001-80;2018-01-01;2;TEXTIL RENAUXVIEW S.A.;007544;FCA;75871;2018-06-13;http://www.rad.cvm.gov.br/ENETCONSULTA/frmDownloadDocumento.aspx?CodigoInstituicao=1&NumeroSequencialDocumento=75871
83.475.913/0001-91;2018-01-01;1;PBG S/A;013773;FCA;71750;2018-02-23;http://www.rad.cvm.gov.br/ENETCONSULTA/frmDownloadDocumento.aspx?CodigoInstituicao=1&NumeroSequencialDocumento=71750
83.475.913/0001-91;2018-01-01;2;PBG S/A;013773;FCA;71805;2018-02-27;http://www.rad.cvm.gov.br/ENETCONSULTA/frmDownloadDocumento.aspx?CodigoInstituicao=1&NumeroSequencialDocumento=71805
83.475.913/0001-91;2018-01-01;3;PBG S/A;013773;FCA;73253;2018-04-11;http://www.rad.cvm.gov.br/ENETCONSULTA/frmDownloadDocumento.aspx?CodigoInstituicao=1&NumeroSequencialDocumento=73253
83.878.892/0001-55;2018-01-01;1;CENTRAIS ELET DE SANTA CATARINA S.A.;002461;FCA;71041;2018-01-16;http://www.rad.cvm.gov.br/ENETCONSULTA/frmDownloadDocumento.aspx?CodigoInstituicao=1&NumeroSequencialDocumento=71041
83.878.892/0001-55;2018-01-01;2;CENTRAIS ELET DE SANTA CATARINA S.A.;002461;FCA;73042;2018-04-02;http://www.rad.cvm.gov.br/ENETCONSULTA/frmDownloadDocumento.aspx?CodigoInstituicao=1&NumeroSequencialDocumento=73042
83.878.892/0001-55;2018-01-01;3;CENTRAIS ELET DE SANTA CATARINA S.A.;002461;FCA;76553;2018-07-30;http://www.rad.cvm.gov.br/ENETCONSULTA/frmDownloadDocumento.aspx?CodigoInstituicao=1&NumeroSequencialDocumento=76553
83.878.892/0001-55;2018-01-01;4;CENTRAIS ELET DE SANTA CATARINA S.A.;002461;FCA;77125;2018-08-14;http://www.rad.cvm.gov.br/ENETCONSULTA/frmDownloadDocumento.aspx?CodigoInstituicao=1&NumeroSequencialDocumento=77125
84.429.695/0001-11;2018-01-01;1;WEG S.A.;005410;FCA;71852;2018-02-28;http://www.rad.cvm.gov.br/ENETCONSULTA/frmDownloadDocumento.aspx?CodigoInstituicao=1&NumeroSequencialDocumento=71852
84.683.374/0001-49;2018-01-01;1;TUPY S.A.;006343;FCA;71622;2018-02-20;http://www.rad.cvm.gov.br/ENETCONSULTA/frmDownloadDocumento.aspx?CodigoInstituicao=1&NumeroSequencialDocumento=71622
84.683.408/0001-03;2018-01-01;1;DOHLER S.A.;005207;FCA;75393;2018-05-30;http://www.rad.cvm.gov.br/ENETCONSULTA/frmDownloadDocumento.aspx?CodigoInstituicao=1&NumeroSequencialDocumento=75393
84.683.408/0001-03;2018-01-01;2;DOHLER S.A.;005207;FCA;82620;2019-05-03;http://www.rad.cvm.gov.br/ENETCONSULTA/frmDownloadDocumento.aspx?CodigoInstituicao=1&NumeroSequencialDocumento=82620
84.683.671/0001-94;2018-01-01;1;WETZEL S.A.;011991;FCA;71469;2018-02-09;http://www.rad.cvm.gov.br/ENETCONSULTA/frmDownloadDocumento.aspx?CodigoInstituicao=1&NumeroSequencialDocumento=71469
84.683.671/0001-94;2018-01-01;2;WETZEL S.A.;011991;FCA;75073;2018-05-25;http://www.rad.cvm.gov.br/ENETCONSULTA/frmDownloadDocumento.aspx?CodigoInstituicao=1&NumeroSequencialDocumento=75073
84.683.671/0001-94;2018-01-01;3;WETZEL S.A.;011991;FCA;75779;2018-06-06;http://www.rad.cvm.gov.br/ENETCONSULTA/frmDownloadDocumento.aspx?CodigoInstituicao=1&NumeroSequencialDocumento=75779
84.693.183/0001-68;2018-01-01;1;SCHULZ S.A.;014664;FCA;71353;2018-02-06;http://www.rad.cvm.gov.br/ENETCONSULTA/frmDownloadDocumento.aspx?CodigoInstituicao=1&NumeroSequencialDocumento=71353
84.693.183/0001-68;2018-01-01;2;SCHULZ S.A.;014664;FCA;73715;2018-05-03;http://www.rad.cvm.gov.br/ENETCONSULTA/frmDownloadDocumento.aspx?CodigoInstituicao=1&NumeroSequencialDocumento=73715
85.041.333/0001-11;2018-01-01;1;PORTO PONTA DO FELIX S/A;015407;FCA;71599;2018-02-19;http://www.rad.cvm.gov.br/ENETCONSULTA/frmDownloadDocumento.aspx?CodigoInstituicao=1&NumeroSequencialDocumento=71599
85.041.333/0001-11;2018-01-01;2;PORTO PONTA DO FELIX S/A;015407;FCA;75187;2018-05-29;http://www.rad.cvm.gov.br/ENETCONSULTA/frmDownloadDocumento.aspx?CodigoInstituicao=1&NumeroSequencialDocumento=75187
85.778.074/0001-06;2018-01-01;1;METALURGICA RIOSULENSE S.A.;013439;FCA;72511;2018-03-22;http://www.rad.cvm.gov.br/ENETCONSULTA/frmDownloadDocumento.aspx?CodigoInstituicao=1&NumeroSequencialDocumento=72511
85.778.074/0001-06;2018-01-01;2;METALURGICA RIOSULENSE S.A.;013439;FCA;75834;2018-06-11;http://www.rad.cvm.gov.br/ENETCONSULTA/frmDownloadDocumento.aspx?CodigoInstituicao=1&NumeroSequencialDocumento=75834
86.375.425/0001-09;2018-01-01;1;METISA METALURGICA TIMBOENSE S.A.;008753;FCA;72473;2018-03-21;http://www.rad.cvm.gov.br/ENETCONSULTA/frmDownloadDocumento.aspx?CodigoInstituicao=1&NumeroSequencialDocumento=72473
86.550.951/0001-50;2018-01-01;1;POMIFRUTAS S/A EM RECUPERACAO JUDICIAL;019658;FCA;71333;2018-02-05;http://www.rad.cvm.gov.br/ENETCONSULTA/frmDownloadDocumento.aspx?CodigoInstituicao=1&NumeroSequencialDocumento=71333
86.550.951/0001-50;2018-01-01;2;POMIFRUTAS S/A EM RECUPERACAO JUDICIAL;019658;FCA;71416;2018-02-08;http://www.rad.cvm.gov.br/ENETCONSULTA/frmDownloadDocumento.aspx?CodigoInstituicao=1&NumeroSequencialDocumento=71416
86.550.951/0001-50;2018-01-01;3;POMIFRUTAS S/A EM RECUPERACAO JUDICIAL;019658;FCA;75829;2018-06-11;http://www.rad.cvm.gov.br/ENETCONSULTA/frmDownloadDocumento.aspx?CodigoInstituicao=1&NumeroSequencialDocumento=75829
86.550.951/0001-50;2018-01-01;4;POMIFRUTAS S/A EM RECUPERACAO JUDICIAL;019658;FCA;77781;2018-09-12;http://www.rad.cvm.gov.br/ENETCONSULTA/frmDownloadDocumento.aspx?CodigoInstituicao=1&NumeroSequencialDocumento=77781
87.043.832/0001-73;2018-01-01;1;SEIVA S.A. - FLORESTAS E INDÚSTRIAS;010561;FCA;71264;2018-01-31;http://www.rad.cvm.gov.br/ENETCONSULTA/frmDownloadDocumento.aspx?CodigoInstituicao=1&NumeroSequencialDocumento=71264
87.043.832/0001-73;2018-01-01;2;SEIVA S.A. - FLORESTAS E INDÚSTRIAS;010561;FCA;73925;2018-05-08;http://www.rad.cvm.gov.br/ENETCONSULTA/frmDownloadDocumento.aspx?CodigoInstituicao=1&NumeroSequencialDocumento=73925
87.456.562/0001-22;2018-01-01;1;JOSAPAR-JOAQUIM OLIVEIRA S.A. - PARTICIP;013285;FCA;72588;2018-03-23;http://www.rad.cvm.gov.br/ENETCONSULTA/frmDownloadDocumento.aspx?CodigoInstituicao=1&NumeroSequencialDocumento=72588
87.456.562/0001-22;2018-01-01;2;JOSAPAR-JOAQUIM OLIVEIRA S.A. - PARTICIP;013285;FCA;74864;2018-05-16;http://www.rad.cvm.gov.br/ENETCONSULTA/frmDownloadDocumento.aspx?CodigoInstituicao=1&NumeroSequencialDocumento=74864
87.762.563/0001-03;2018-01-01;1;CIA HABITASUL DE PARTICIPACOES;003298;FCA;71419;2018-02-08;http://www.rad.cvm.gov.br/ENETCONSULTA/frmDownloadDocumento.aspx?CodigoInstituicao=1&NumeroSequencialDocumento=71419
87.762.563/0001-03;2018-01-01;2;CIA HABITASUL DE PARTICIPACOES;003298;FCA;72001;2018-03-06;http://www.rad.cvm.gov.br/ENETCONSULTA/frmDownloadDocumento.aspx?CodigoInstituicao=1&NumeroSequencialDocumento=72001
87.762.563/0001-03;2018-01-01;3;CIA HABITASUL DE PARTICIPACOES;003298;FCA;72005;2018-03-06;http://www.rad.cvm.gov.br/ENETCONSULTA/frmDownloadDocumento.aspx?CodigoInstituicao=1&NumeroSequencialDocumento=72005
88.610.126/0001-29;2018-01-01;1;FRAS-LE S.A.;006211;FCA;71512;2018-02-15;http://www.rad.cvm.gov.br/ENETCONSULTA/frmDownloadDocumento.aspx?CodigoInstituicao=1&NumeroSequencialDocumento=71512
88.610.126/0001-29;2018-01-01;2;FRAS-LE S.A.;006211;FCA;74894;2018-05-17;http://www.rad.cvm.gov.br/ENETCONSULTA/frmDownloadDocumento.aspx?CodigoInstituicao=1&NumeroSequencialDocumento=74894
88.610.126/0001-29;2018-01-01;3;FRAS-LE S.A.;006211;FCA;78898;2018-11-09;http://www.rad.cvm.gov.br/ENETCONSULTA/frmDownloadDocumento.aspx?CodigoInstituicao=1&NumeroSequencialDocumento=78898
88.610.191/0001-54;2018-01-01;1;MUNDIAL S.A. - PRODUTOS DE CONSUMO;005312;FCA;72205;2018-03-13;http://www.rad.cvm.gov.br/ENETCONSULTA/frmDownloadDocumento.aspx?CodigoInstituicao=1&NumeroSequencialDocumento=72205
88.611.835/0001-29;2018-01-01;1;MARCOPOLO S.A.;008451;FCA;71665;2018-02-22;http://www.rad.cvm.gov.br/ENETCONSULTA/frmDownloadDocumento.aspx?CodigoInstituicao=1&NumeroSequencialDocumento=71665
88.613.658/0001-10;2018-01-01;1;PETTENATI S.A. INDUSTRIA TEXTIL;009539;FCA;71505;2018-02-14;http://www.rad.cvm.gov.br/ENETCONSULTA/frmDownloadDocumento.aspx?CodigoInstituicao=1&NumeroSequencialDocumento=71505
89.086.144/0001-16;2018-01-01;1;RANDON S.A. IMPLEMENTOS E PARTICIPACOES;014109;FCA;71513;2018-02-15;http://www.rad.cvm.gov.br/ENETCONSULTA/frmDownloadDocumento.aspx?CodigoInstituicao=1&NumeroSequencialDocumento=71513
89.086.144/0001-16;2018-01-01;2;RANDON S.A. IMPLEMENTOS E PARTICIPACOES;014109;FCA;74897;2018-05-17;http://www.rad.cvm.gov.br/ENETCONSULTA/frmDownloadDocumento.aspx?CodigoInstituicao=1&NumeroSequencialDocumento=74897
89.086.144/0001-16;2018-01-01;3;RANDON S.A. IMPLEMENTOS E PARTICIPACOES;014109;FCA;78959;2018-11-12;http://www.rad.cvm.gov.br/ENETCONSULTA/frmDownloadDocumento.aspx?CodigoInstituicao=1&NumeroSequencialDocumento=78959
89.096.457/0001-55;2018-01-01;1;SLC AGRICOLA S.A.;020745;FCA;71021;2018-01-15;http://www.rad.cvm.gov.br/ENETCONSULTA/frmDownloadDocumento.aspx?CodigoInstituicao=1&NumeroSequencialDocumento=71021
89.096.457/0001-55;2018-01-01;2;SLC AGRICOLA S.A.;020745;FCA;77041;2018-08-13;http://www.rad.cvm.gov.br/ENETCONSULTA/frmDownloadDocumento.aspx?CodigoInstituicao=1&NumeroSequencialDocumento=77041
89.463.822/0001-12;2018-01-01;1;LUPATECH S.A;020060;FCA;71320;2018-02-02;http://www.rad.cvm.gov.br/ENETCONSULTA/frmDownloadDocumento.aspx?CodigoInstituicao=1&NumeroSequencialDocumento=71320
89.463.822/0001-12;2018-01-01;2;LUPATECH S.A;020060;FCA;71910;2018-03-01;http://www.rad.cvm.gov.br/ENETCONSULTA/frmDownloadDocumento.aspx?CodigoInstituicao=1&NumeroSequencialDocumento=71910
89.463.822/0001-12;2018-01-01;3;LUPATECH S.A;020060;FCA;75023;2018-05-23;http://www.rad.cvm.gov.br/ENETCONSULTA/frmDownloadDocumento.aspx?CodigoInstituicao=1&NumeroSequencialDocumento=75023
89.547.269/0001-04;2018-01-01;1;DIGITEL SA INDUSTRIA ELETRONICA;012858;FCA;70734;2018-01-02;http://www.rad.cvm.gov.br/ENETCONSULTA/frmDownloadDocumento.aspx?CodigoInstituicao=1&NumeroSequencialDocumento=70734
89.637.490/0001-45;2018-01-01;1;KLABIN S.A.;012653;FCA;71023;2018-01-15;http://www.rad.cvm.gov.br/ENETCONSULTA/frmDownloadDocumento.aspx?CodigoInstituicao=1&NumeroSequencialDocumento=71023
89.637.490/0001-45;2018-01-01;2;KLABIN S.A.;012653;FCA;71537;2018-02-16;http://www.rad.cvm.gov.br/ENETCONSULTA/frmDownloadDocumento.aspx?CodigoInstituicao=1&NumeroSequencialDocumento=71537
89.637.490/0001-45;2018-01-01;3;KLABIN S.A.;012653;FCA;71955;2018-03-05;http://www.rad.cvm.gov.br/ENETCONSULTA/frmDownloadDocumento.aspx?CodigoInstituicao=1&NumeroSequencialDocumento=71955
89.637.490/0001-45;2018-01-01;4;KLABIN S.A.;012653;FCA;76222;2018-07-04;http://www.rad.cvm.gov.br/ENETCONSULTA/frmDownloadDocumento.aspx?CodigoInstituicao=1&NumeroSequencialDocumento=76222
89.637.490/0001-45;2018-01-01;5;KLABIN S.A.;012653;FCA;76590;2018-07-31;http://www.rad.cvm.gov.br/ENETCONSULTA/frmDownloadDocumento.aspx?CodigoInstituicao=1&NumeroSequencialDocumento=76590
89.723.993/0001-33;2018-01-01;1;CONSTRUTORA SULTEPA S.A. - EM RECUPERAÇÃO JUDICIAL;013030;FCA;70991;2018-01-11;http://www.rad.cvm.gov.br/ENETCONSULTA/frmDownloadDocumento.aspx?CodigoInstituicao=1&NumeroSequencialDocumento=70991
89.850.341/0001-60;2018-01-01;1;GRENDENE S.A.;019615;FCA;70806;2018-01-04;http://www.rad.cvm.gov.br/ENETCONSULTA/frmDownloadDocumento.aspx?CodigoInstituicao=1&NumeroSequencialDocumento=70806
89.850.341/0001-60;2018-01-01;2;GRENDENE S.A.;019615;FCA;74936;2018-05-21;http://www.rad.cvm.gov.br/ENETCONSULTA/frmDownloadDocumento.aspx?CodigoInstituicao=1&NumeroSequencialDocumento=74936
89.850.341/0001-60;2018-01-01;3;GRENDENE S.A.;019615;FCA;76429;2018-07-23;http://www.rad.cvm.gov.br/ENETCONSULTA/frmDownloadDocumento.aspx?CodigoInstituicao=1&NumeroSequencialDocumento=76429
90.076.886/0001-40;2018-01-01;1;MINUPAR PARTICIPACOES S.A.;013765;FCA;72529;2018-03-22;http://www.rad.cvm.gov.br/ENETCONSULTA/frmDownloadDocumento.aspx?CodigoInstituicao=1&NumeroSequencialDocumento=72529
90.076.886/0001-40;2018-01-01;2;MINUPAR PARTICIPACOES S.A.;013765;FCA;75790;2018-06-06;http://www.rad.cvm.gov.br/ENETCONSULTA/frmDownloadDocumento.aspx?CodigoInstituicao=1&NumeroSequencialDocumento=75790
90.400.888/0001-42;2018-01-01;1;BCO SANTANDER (BRASIL) S.A.;020532;FCA;70813;2018-01-04;http://www.rad.cvm.gov.br/ENETCONSULTA/frmDownloadDocumento.aspx?CodigoInstituicao=1&NumeroSequencialDocumento=70813
90.441.460/0001-48;2018-01-01;1;UNICASA INDÚSTRIA DE MÓVEIS S.A.;022780;FCA;70771;2018-01-03;http://www.rad.cvm.gov.br/ENETCONSULTA/frmDownloadDocumento.aspx?CodigoInstituicao=1&NumeroSequencialDocumento=70771
91.333.666/0001-17;2018-01-01;1;RECRUSUL S.A.;012572;FCA;71494;2018-02-09;http://www.rad.cvm.gov.br/ENETCONSULTA/frmDownloadDocumento.aspx?CodigoInstituicao=1&NumeroSequencialDocumento=71494
91.333.666/0001-17;2018-01-01;2;RECRUSUL S.A.;012572;FCA;72542;2018-03-22;http://www.rad.cvm.gov.br/ENETCONSULTA/frmDownloadDocumento.aspx?CodigoInstituicao=1&NumeroSequencialDocumento=72542
91.333.666/0001-17;2018-01-01;3;RECRUSUL S.A.;012572;FCA;74459;2018-05-14;http://www.rad.cvm.gov.br/ENETCONSULTA/frmDownloadDocumento.aspx?CodigoInstituicao=1&NumeroSequencialDocumento=74459
91.333.666/0001-17;2018-01-01;4;RECRUSUL S.A.;012572;FCA;78891;2018-11-09;http://www.rad.cvm.gov.br/ENETCONSULTA/frmDownloadDocumento.aspx?CodigoInstituicao=1&NumeroSequencialDocumento=78891
91.333.666/0001-17;2018-01-01;5;RECRUSUL S.A.;012572;FCA;78893;2018-11-09;http://www.rad.cvm.gov.br/ENETCONSULTA/frmDownloadDocumento.aspx?CodigoInstituicao=1&NumeroSequencialDocumento=78893
91.333.666/0001-17;2018-01-01;6;RECRUSUL S.A.;012572;FCA;78894;2018-11-09;http://www.rad.cvm.gov.br/ENETCONSULTA/frmDownloadDocumento.aspx?CodigoInstituicao=1&NumeroSequencialDocumento=78894
91.333.666/0001-17;2018-01-01;7;RECRUSUL S.A.;012572;FCA;78902;2018-11-09;http://www.rad.cvm.gov.br/ENETCONSULTA/frmDownloadDocumento.aspx?CodigoInstituicao=1&NumeroSequencialDocumento=78902
91.495.499/0001-00;2018-01-01;1;STARA S.A. - INDÚSTRIA DE IMPLEMENTOS AGRÍCOLAS;024201;FCA;75323;2018-05-30;http://www.rad.cvm.gov.br/ENETCONSULTA/frmDownloadDocumento.aspx?CodigoInstituicao=1&NumeroSequencialDocumento=75323
91.669.747/0001-92;2018-01-01;1;DM FINANCEIRA S.A. - CRÉDITO, FINANCIAMENTO E INVESTIMENTO;006076;FCA;70879;2018-01-08;http://www.rad.cvm.gov.br/ENETCONSULTA/frmDownloadDocumento.aspx?CodigoInstituicao=1&NumeroSequencialDocumento=70879
91.669.747/0001-92;2018-01-01;2;DM FINANCEIRA S.A. - CRÉDITO, FINANCIAMENTO E INVESTIMENTO;006076;FCA;73635;2018-05-02;http://www.rad.cvm.gov.br/ENETCONSULTA/frmDownloadDocumento.aspx?CodigoInstituicao=1&NumeroSequencialDocumento=73635
91.983.056/0001-69;2018-01-01;1;KEPLER WEBER S.A.;007870;FCA;71288;2018-02-01;http://www.rad.cvm.gov.br/ENETCONSULTA/frmDownloadDocumento.aspx?CodigoInstituicao=1&NumeroSequencialDocumento=71288
91.983.056/0001-69;2018-01-01;2;KEPLER WEBER S.A.;007870;FCA;77147;2018-08-14;http://www.rad.cvm.gov.br/ENETCONSULTA/frmDownloadDocumento.aspx?CodigoInstituicao=1&NumeroSequencialDocumento=77147
92.012.467/0001-70;2018-01-01;1;GRAZZIOTIN S.A.;004537;FCA;71545;2018-02-16;http://www.rad.cvm.gov.br/ENETCONSULTA/frmDownloadDocumento.aspx?CodigoInstituicao=1&NumeroSequencialDocumento=71545
92.660.570/0001-26;2018-01-01;1;TREVISA INVESTIMENTOS S.A.;008192;FCA;72494;2018-03-22;http://www.rad.cvm.gov.br/ENETCONSULTA/frmDownloadDocumento.aspx?CodigoInstituicao=1&NumeroSequencialDocumento=72494
92.660.570/0001-26;2018-01-01;2;TREVISA INVESTIMENTOS S.A.;008192;FCA;72925;2018-03-29;http://www.rad.cvm.gov.br/ENETCONSULTA/frmDownloadDocumento.aspx?CodigoInstituicao=1&NumeroSequencialDocumento=72925
92.660.570/0001-26;2018-01-01;3;TREVISA INVESTIMENTOS S.A.;008192;FCA;75398;2018-05-30;http://www.rad.cvm.gov.br/ENETCONSULTA/frmDownloadDocumento.aspx?CodigoInstituicao=1&NumeroSequencialDocumento=75398
92.665.611/0001-77;2018-01-01;1;DIMED S.A. DISTRIBUIDORA DE MEDICAMENTOS;009342;FCA;70932;2018-01-09;http://www.rad.cvm.gov.br/ENETCONSULTA/frmDownloadDocumento.aspx?CodigoInstituicao=1&NumeroSequencialDocumento=70932
92.690.783/0001-09;2018-01-01;1;METALURGICA GERDAU S.A.;008656;FCA;70753;2018-01-02;http://www.rad.cvm.gov.br/ENETCONSULTA/frmDownloadDocumento.aspx?CodigoInstituicao=1&NumeroSequencialDocumento=70753
92.690.783/0001-09;2018-01-01;2;METALURGICA GERDAU S.A.;008656;FCA;70984;2018-01-11;http://www.rad.cvm.gov.br/ENETCONSULTA/frmDownloadDocumento.aspx?CodigoInstituicao=1&NumeroSequencialDocumento=70984
92.690.783/0001-09;2018-01-01;3;METALURGICA GERDAU S.A.;008656;FCA;73751;2018-05-04;http://www.rad.cvm.gov.br/ENETCONSULTA/frmDownloadDocumento.aspx?CodigoInstituicao=1&NumeroSequencialDocumento=73751
92.690.783/0001-09;2018-01-01;4;METALURGICA GERDAU S.A.;008656;FCA;73856;2018-05-07;http://www.rad.cvm.gov.br/ENETCONSULTA/frmDownloadDocumento.aspx?CodigoInstituicao=1&NumeroSequencialDocumento=73856
92.693.019/0001-89;2018-01-01;1;PANATLANTICA S.A.;000094;FCA;71726;2018-02-23;http://www.rad.cvm.gov.br/ENETCONSULTA/frmDownloadDocumento.aspx?CodigoInstituicao=1&NumeroSequencialDocumento=71726
92.702.067/0001-96;2018-01-01;1;BCO ESTADO DO RIO GRANDE DO SUL S.A.;001210;FCA;71044;2018-01-16;http://www.rad.cvm.gov.br/ENETCONSULTA/frmDownloadDocumento.aspx?CodigoInstituicao=1&NumeroSequencialDocumento=71044
92.702.067/0001-96;2018-01-01;2;BCO ESTADO DO RIO GRANDE DO SUL S.A.;001210;FCA;73310;2018-04-16;http://www.rad.cvm.gov.br/ENETCONSULTA/frmDownloadDocumento.aspx?CodigoInstituicao=1&NumeroSequencialDocumento=73310
92.715.812/0001-31;2018-01-01;1;CIA ESTADUAL DE TRANSMISSÃO DE ENERGIA ELETRICA - CEEE-T;003204;FCA;70878;2018-01-08;http://www.rad.cvm.gov.br/ENETCONSULTA/frmDownloadDocumento.aspx?CodigoInstituicao=1&NumeroSequencialDocumento=70878
92.715.812/0001-31;2018-01-01;2;CIA ESTADUAL DE TRANSMISSÃO DE ENERGIA ELETRICA - CEEE-T;003204;FCA;71072;2018-01-18;http://www.rad.cvm.gov.br/ENETCONSULTA/frmDownloadDocumento.aspx?CodigoInstituicao=1&NumeroSequencialDocumento=71072
92.715.812/0001-31;2018-01-01;3;CIA ESTADUAL DE TRANSMISSÃO DE ENERGIA ELETRICA - CEEE-T;003204;FCA;73478;2018-04-24;http://www.rad.cvm.gov.br/ENETCONSULTA/frmDownloadDocumento.aspx?CodigoInstituicao=1&NumeroSequencialDocumento=73478
92.715.812/0001-31;2018-01-01;4;CIA ESTADUAL DE TRANSMISSÃO DE ENERGIA ELETRICA - CEEE-T;003204;FCA;73513;2018-04-26;http://www.rad.cvm.gov.br/ENETCONSULTA/frmDownloadDocumento.aspx?CodigoInstituicao=1&NumeroSequencialDocumento=73513
92.715.812/0001-31;2018-01-01;5;CIA ESTADUAL DE TRANSMISSÃO DE ENERGIA ELETRICA - CEEE-T;003204;FCA;80301;2019-01-24;http://www.rad.cvm.gov.br/ENETCONSULTA/frmDownloadDocumento.aspx?CodigoInstituicao=1&NumeroSequencialDocumento=80301
92.721.232/0001-57;2018-01-01;1;BANRISUL ARMAZENS GERAIS SA;015822;FCA;71999;2018-03-06;http://www.rad.cvm.gov.br/ENETCONSULTA/frmDownloadDocumento.aspx?CodigoInstituicao=1&NumeroSequencialDocumento=71999
92.721.232/0001-57;2018-01-01;2;BANRISUL ARMAZENS GERAIS SA;015822;FCA;72395;2018-03-19;http://www.rad.cvm.gov.br/ENETCONSULTA/frmDownloadDocumento.aspx?CodigoInstituicao=1&NumeroSequencialDocumento=72395
92.721.232/0001-57;2018-01-01;3;BANRISUL ARMAZENS GERAIS SA;015822;FCA;73485;2018-04-25;http://www.rad.cvm.gov.br/ENETCONSULTA/frmDownloadDocumento.aspx?CodigoInstituicao=1&NumeroSequencialDocumento=73485
92.721.232/0001-57;2018-01-01;4;BANRISUL ARMAZENS GERAIS SA;015822;FCA;74653;2018-05-15;http://www.rad.cvm.gov.br/ENETCONSULTA/frmDownloadDocumento.aspx?CodigoInstituicao=1&NumeroSequencialDocumento=74653
92.721.232/0001-57;2018-01-01;5;BANRISUL ARMAZENS GERAIS SA;015822;FCA;75360;2018-05-30;http://www.rad.cvm.gov.br/ENETCONSULTA/frmDownloadDocumento.aspx?CodigoInstituicao=1&NumeroSequencialDocumento=75360
92.749.225/0001-63;2018-01-01;1;HERCULES S.A. FABRICA DE TALHERES;006629;FCA;72212;2018-03-13;http://www.rad.cvm.gov.br/ENETCONSULTA/frmDownloadDocumento.aspx?CodigoInstituicao=1&NumeroSequencialDocumento=72212
92.749.225/0001-63;2018-01-01;2;HERCULES S.A. FABRICA DE TALHERES;006629;FCA;73257;2018-04-11;http://www.rad.cvm.gov.br/ENETCONSULTA/frmDownloadDocumento.aspx?CodigoInstituicao=1&NumeroSequencialDocumento=73257
92.754.738/0001-62;2018-01-01;1;LOJAS RENNER S.A.;008133;FCA;71430;2018-02-08;http://www.rad.cvm.gov.br/ENETCONSULTA/frmDownloadDocumento.aspx?CodigoInstituicao=1&NumeroSequencialDocumento=71430
92.781.335/0001-02;2018-01-01;1;TAURUS ARMAS S.A.;006173;FCA;71338;2018-02-05;http://www.rad.cvm.gov.br/ENETCONSULTA/frmDownloadDocumento.aspx?CodigoInstituicao=1&NumeroSequencialDocumento=71338
92.781.335/0001-02;2018-01-01;2;TAURUS ARMAS S.A.;006173;FCA;71908;2018-03-01;http://www.rad.cvm.gov.br/ENETCONSULTA/frmDownloadDocumento.aspx?CodigoInstituicao=1&NumeroSequencialDocumento=71908
92.781.335/0001-02;2018-01-01;3;TAURUS ARMAS S.A.;006173;FCA;73226;2018-04-10;http://www.rad.cvm.gov.br/ENETCONSULTA/frmDownloadDocumento.aspx?CodigoInstituicao=1&NumeroSequencialDocumento=73226
92.781.335/0001-02;2018-01-01;4;TAURUS ARMAS S.A.;006173;FCA;76320;2018-07-11;http://www.rad.cvm.gov.br/ENETCONSULTA/frmDownloadDocumento.aspx?CodigoInstituicao=1&NumeroSequencialDocumento=76320
92.781.335/0001-02;2018-01-01;5;TAURUS ARMAS S.A.;006173;FCA;78592;2018-11-01;http://www.rad.cvm.gov.br/ENETCONSULTA/frmDownloadDocumento.aspx?CodigoInstituicao=1&NumeroSequencialDocumento=78592
92.791.243/0001-03;2018-01-01;1;IRANI PAPEL E EMBALAGEM S.A.;002429;FCA;71410;2018-02-08;http://www.rad.cvm.gov.br/ENETCONSULTA/frmDownloadDocumento.aspx?CodigoInstituicao=1&NumeroSequencialDocumento=71410
92.791.243/0001-03;2018-01-01;2;IRANI PAPEL E EMBALAGEM S.A.;002429;FCA;73546;2018-04-26;http://www.rad.cvm.gov.br/ENETCONSULTA/frmDownloadDocumento.aspx?CodigoInstituicao=1&NumeroSequencialDocumento=73546
92.791.243/0001-03;2018-01-01;3;IRANI PAPEL E EMBALAGEM S.A.;002429;FCA;74421;2018-05-14;http://www.rad.cvm.gov.br/ENETCONSULTA/frmDownloadDocumento.aspx?CodigoInstituicao=1&NumeroSequencialDocumento=74421
92.802.784/0001-90;2018-01-01;1;CIA RIOGRANDENSE DE SANEAMENTO;016748;FCA;70843;2018-01-05;http://www.rad.cvm.gov.br/ENETCONSULTA/frmDownloadDocumento.aspx?CodigoInstituicao=1&NumeroSequencialDocumento=70843
92.802.784/0001-90;2018-01-01;2;CIA RIOGRANDENSE DE SANEAMENTO;016748;FCA;75160;2018-05-29;http://www.rad.cvm.gov.br/ENETCONSULTA/frmDownloadDocumento.aspx?CodigoInstituicao=1&NumeroSequencialDocumento=75160
92.929.520/0001-00;2018-01-01;1;SPRINGER S.A.;010960;FCA;71104;2018-01-19;http://www.rad.cvm.gov.br/ENETCONSULTA/frmDownloadDocumento.aspx?CodigoInstituicao=1&NumeroSequencialDocumento=71104
92.929.520/0001-00;2018-01-01;2;SPRINGER S.A.;010960;FCA;74940;2018-05-21;http://www.rad.cvm.gov.br/ENETCONSULTA/frmDownloadDocumento.aspx?CodigoInstituicao=1&NumeroSequencialDocumento=74940
92.934.215/0001-06;2018-01-01;1;BANRISUL SOLUÇÕES EM PAGAMENTOS S.A. - INSTITUIÇÃO DE PAGAME;024554;FCA;75030;2018-09-17;http://www.rad.cvm.gov.br/ENETCONSULTA/frmDownloadDocumento.aspx?CodigoInstituicao=1&NumeroSequencialDocumento=75030
92.934.215/0001-06;2018-01-01;2;BANRISUL SOLUÇÕES EM PAGAMENTOS S.A. - INSTITUIÇÃO DE PAGAME;024554;FCA;78029;2018-10-05;http://www.rad.cvm.gov.br/ENETCONSULTA/frmDownloadDocumento.aspx?CodigoInstituicao=1&NumeroSequencialDocumento=78029
92.934.215/0001-06;2018-01-01;3;BANRISUL SOLUÇÕES EM PAGAMENTOS S.A. - INSTITUIÇÃO DE PAGAME;024554;FCA;78052;2018-10-08;http://www.rad.cvm.gov.br/ENETCONSULTA/frmDownloadDocumento.aspx?CodigoInstituicao=1&NumeroSequencialDocumento=78052
92.934.215/0001-06;2018-01-01;4;BANRISUL SOLUÇÕES EM PAGAMENTOS S.A. - INSTITUIÇÃO DE PAGAME;024554;FCA;79638;2018-12-07;http://www.rad.cvm.gov.br/ENETCONSULTA/frmDownloadDocumento.aspx?CodigoInstituicao=1&NumeroSequencialDocumento=79638
93.828.986/0001-73;2018-01-01;1;CEMEPE INVESTIMENTOS S.A.;013854;FCA;72837;2018-03-28;http://www.rad.cvm.gov.br/ENETCONSULTA/frmDownloadDocumento.aspx?CodigoInstituicao=1&NumeroSequencialDocumento=72837
93.828.986/0001-73;2018-01-01;2;CEMEPE INVESTIMENTOS S.A.;013854;FCA;75201;2018-05-29;http://www.rad.cvm.gov.br/ENETCONSULTA/frmDownloadDocumento.aspx?CodigoInstituicao=1&NumeroSequencialDocumento=75201
95.426.862/0001-97;2018-01-01;1;EXCELSIOR ALIMENTOS S.A.;001570;FCA;71671;2018-02-22;http://www.rad.cvm.gov.br/ENETCONSULTA/frmDownloadDocumento.aspx?CodigoInstituicao=1&NumeroSequencialDocumento=71671
95.426.862/0001-97;2018-01-01;2;EXCELSIOR ALIMENTOS S.A.;001570;FCA;75008;2018-05-23;http://www.rad.cvm.gov.br/ENETCONSULTA/frmDownloadDocumento.aspx?CodigoInstituicao=1&NumeroSequencialDocumento=75008
95.426.862/0001-97;2018-01-01;3;EXCELSIOR ALIMENTOS S.A.;001570;FCA;81147;2019-03-13;http://www.rad.cvm.gov.br/ENETCONSULTA/frmDownloadDocumento.aspx?CodigoInstituicao=1&NumeroSequencialDocumento=81147
95.426.862/0001-97;2018-01-01;4;EXCELSIOR ALIMENTOS S.A.;001570;FCA;81167;2019-03-13;http://www.rad.cvm.gov.br/ENETCONSULTA/frmDownloadDocumento.aspx?CodigoInstituicao=1&NumeroSequencialDocumento=81167
95.426.862/0001-97;2018-01-01;5;EXCELSIOR ALIMENTOS S.A.;001570;FCA;81188;2019-03-14;http://www.rad.cvm.gov.br/ENETCONSULTA/frmDownloadDocumento.aspx?CodigoInstituicao=1&NumeroSequencialDocumento=81188
97.191.902/0001-94;2018-01-01;1;CONSERVAS ODERICH S.A.;004693;FCA;74307;2018-05-11;http://www.rad.cvm.gov.br/ENETCONSULTA/frmDownloadDocumento.aspx?CodigoInstituicao=1&NumeroSequencialDocumento=74307
97.837.181/0001-47;2018-01-01;1;DEXCO S.A.;021091;FCA;71337;2018-02-05;http://www.rad.cvm.gov.br/ENETCONSULTA/frmDownloadDocumento.aspx?CodigoInstituicao=1&NumeroSequencialDocumento=71337
97.837.181/0001-47;2018-01-01;2;DEXCO S.A.;021091;FCA;79885;2018-12-26;http://www.rad.cvm.gov.br/ENETCONSULTA/frmDownloadDocumento.aspx?CodigoInstituicao=1&NumeroSequencialDocumento=79885
