CNPJ_CIA;DT_REFER;VERSAO;DENOM_CIA;CD_CVM;CATEG_DOC;ID_DOC;DT_RECEB;LINK_DOC
00.000.000/0001-91;2016-01-01;1;BCO BRASIL S.A.;001023;FCA;52683;2016-01-05;http://www.rad.cvm.gov.br/ENETCONSULTA/frmDownloadDocumento.aspx?CodigoInstituicao=1&NumeroSequencialDocumento=52683
00.000.000/0001-91;2016-01-01;2;BCO BRASIL S.A.;001023;FCA;59315;2016-08-22;http://www.rad.cvm.gov.br/ENETCONSULTA/frmDownloadDocumento.aspx?CodigoInstituicao=1&NumeroSequencialDocumento=59315
00.000.000/0001-91;2016-01-01;3;BCO BRASIL S.A.;001023;FCA;59338;2016-08-23;http://www.rad.cvm.gov.br/ENETCONSULTA/frmDownloadDocumento.aspx?CodigoInstituicao=1&NumeroSequencialDocumento=59338
00.000.000/0001-91;2016-01-01;4;BCO BRASIL S.A.;001023;FCA;59704;2016-09-20;http://www.rad.cvm.gov.br/ENETCONSULTA/frmDownloadDocumento.aspx?CodigoInstituicao=1&NumeroSequencialDocumento=59704
00.000.208/0001-00;2016-01-01;1;BRB BANCO DE BRASILIA S.A.;014206;FCA;52828;2016-01-12;http://www.rad.cvm.gov.br/ENETCONSULTA/frmDownloadDocumento.aspx?CodigoInstituicao=1&NumeroSequencialDocumento=52828
00.000.208/0001-00;2016-01-01;2;BRB BANCO DE BRASILIA S.A.;014206;FCA;59553;2016-09-09;http://www.rad.cvm.gov.br/ENETCONSULTA/frmDownloadDocumento.aspx?CodigoInstituicao=1&NumeroSequencialDocumento=59553
00.001.180/0001-26;2016-01-01;1;CENTRAIS ELET BRAS S.A. - ELETROBRAS;002437;FCA;52789;2016-01-08;http://www.rad.cvm.gov.br/ENETCONSULTA/frmDownloadDocumento.aspx?CodigoInstituicao=1&NumeroSequencialDocumento=52789
00.070.698/0001-11;2016-01-01;1;COMPANHIA ENERGÉTICA DE BRASÍLIA - CEB;014451;FCA;53126;2016-02-01;http://www.rad.cvm.gov.br/ENETCONSULTA/frmDownloadDocumento.aspx?CodigoInstituicao=1&NumeroSequencialDocumento=53126
00.070.698/0001-11;2016-01-01;2;COMPANHIA ENERGÉTICA DE BRASÍLIA - CEB;014451;FCA;53367;2016-02-15;http://www.rad.cvm.gov.br/ENETCONSULTA/frmDownloadDocumento.aspx?CodigoInstituicao=1&NumeroSequencialDocumento=53367
00.070.698/0001-11;2016-01-01;3;COMPANHIA ENERGÉTICA DE BRASÍLIA - CEB;014451;FCA;55402;2016-05-02;http://www.rad.cvm.gov.br/ENETCONSULTA/frmDownloadDocumento.aspx?CodigoInstituicao=1&NumeroSequencialDocumento=55402
00.115.890/0001-87;2016-01-01;1;SHOPPING CENTER TACARUNA SA;015733;FCA;54787;2016-03-30;http://www.rad.cvm.gov.br/ENETCONSULTA/frmDownloadDocumento.aspx?CodigoInstituicao=1&NumeroSequencialDocumento=54787
00.115.890/0001-87;2016-01-01;2;SHOPPING CENTER TACARUNA SA;015733;FCA;57452;2016-05-31;http://www.rad.cvm.gov.br/ENETCONSULTA/frmDownloadDocumento.aspx?CodigoInstituicao=1&NumeroSequencialDocumento=57452
00.185.475/0001-08;2016-01-01;1;PARCOM PARTICIPACOES S.A. - EM LIQUIDAÇÃO;014680;FCA;53734;2016-03-01;http://www.rad.cvm.gov.br/ENETCONSULTA/frmDownloadDocumento.aspx?CodigoInstituicao=1&NumeroSequencialDocumento=53734
00.185.475/0001-08;2016-01-01;2;PARCOM PARTICIPACOES S.A. - EM LIQUIDAÇÃO;014680;FCA;57951;2016-07-04;http://www.rad.cvm.gov.br/ENETCONSULTA/frmDownloadDocumento.aspx?CodigoInstituicao=1&NumeroSequencialDocumento=57951
00.185.475/0001-08;2016-01-01;3;PARCOM PARTICIPACOES S.A. - EM LIQUIDAÇÃO;014680;FCA;59484;2016-09-02;http://www.rad.cvm.gov.br/ENETCONSULTA/frmDownloadDocumento.aspx?CodigoInstituicao=1&NumeroSequencialDocumento=59484
00.192.769/0001-59;2016-01-01;1;NEUMARKT TRADE AND FINANCIAL CENTER S/A;014613;FCA;54500;2016-03-28;http://www.rad.cvm.gov.br/ENETCONSULTA/frmDownloadDocumento.aspx?CodigoInstituicao=1&NumeroSequencialDocumento=54500
00.192.769/0001-59;2016-01-01;2;NEUMARKT TRADE AND FINANCIAL CENTER S/A;014613;FCA;59616;2016-09-13;http://www.rad.cvm.gov.br/ENETCONSULTA/frmDownloadDocumento.aspx?CodigoInstituicao=1&NumeroSequencialDocumento=59616
00.249.786/0001-85;2016-01-01;1;FORPART S.A. - EM LIQUIDAÇÃO;014796;FCA;53735;2016-03-01;http://www.rad.cvm.gov.br/ENETCONSULTA/frmDownloadDocumento.aspx?CodigoInstituicao=1&NumeroSequencialDocumento=53735
00.249.786/0001-85;2016-01-01;2;FORPART S.A. - EM LIQUIDAÇÃO;014796;FCA;57950;2016-07-04;http://www.rad.cvm.gov.br/ENETCONSULTA/frmDownloadDocumento.aspx?CodigoInstituicao=1&NumeroSequencialDocumento=57950
00.272.185/0001-93;2016-01-01;1;CIMS S.A.;014818;FCA;53215;2016-02-04;http://www.rad.cvm.gov.br/ENETCONSULTA/frmDownloadDocumento.aspx?CodigoInstituicao=1&NumeroSequencialDocumento=53215
00.272.185/0001-93;2016-01-01;2;CIMS S.A.;014818;FCA;57567;2016-06-03;http://www.rad.cvm.gov.br/ENETCONSULTA/frmDownloadDocumento.aspx?CodigoInstituicao=1&NumeroSequencialDocumento=57567
00.336.701/0001-04;2016-01-01;1;TELEC BRASILEIRAS S.A. TELEBRAS;011258;FCA;52838;2016-01-12;http://www.rad.cvm.gov.br/ENETCONSULTA/frmDownloadDocumento.aspx?CodigoInstituicao=1&NumeroSequencialDocumento=52838
00.336.701/0001-04;2016-01-01;2;TELEC BRASILEIRAS S.A. TELEBRAS;011258;FCA;53025;2016-01-22;http://www.rad.cvm.gov.br/ENETCONSULTA/frmDownloadDocumento.aspx?CodigoInstituicao=1&NumeroSequencialDocumento=53025
00.336.701/0001-04;2016-01-01;3;TELEC BRASILEIRAS S.A. TELEBRAS;011258;FCA;56642;2016-05-17;http://www.rad.cvm.gov.br/ENETCONSULTA/frmDownloadDocumento.aspx?CodigoInstituicao=1&NumeroSequencialDocumento=56642
00.336.701/0001-04;2016-01-01;4;TELEC BRASILEIRAS S.A. TELEBRAS;011258;FCA;58008;2016-07-07;http://www.rad.cvm.gov.br/ENETCONSULTA/frmDownloadDocumento.aspx?CodigoInstituicao=1&NumeroSequencialDocumento=58008
00.336.701/0001-04;2016-01-01;5;TELEC BRASILEIRAS S.A. TELEBRAS;011258;FCA;58283;2016-07-27;http://www.rad.cvm.gov.br/ENETCONSULTA/frmDownloadDocumento.aspx?CodigoInstituicao=1&NumeroSequencialDocumento=58283
00.336.701/0001-04;2016-01-01;6;TELEC BRASILEIRAS S.A. TELEBRAS;011258;FCA;59290;2016-08-19;http://www.rad.cvm.gov.br/ENETCONSULTA/frmDownloadDocumento.aspx?CodigoInstituicao=1&NumeroSequencialDocumento=59290
00.336.701/0001-04;2016-01-01;7;TELEC BRASILEIRAS S.A. TELEBRAS;011258;FCA;59576;2016-09-12;http://www.rad.cvm.gov.br/ENETCONSULTA/frmDownloadDocumento.aspx?CodigoInstituicao=1&NumeroSequencialDocumento=59576
00.336.701/0001-04;2016-01-01;8;TELEC BRASILEIRAS S.A. TELEBRAS;011258;FCA;61186;2016-11-22;http://www.rad.cvm.gov.br/ENETCONSULTA/frmDownloadDocumento.aspx?CodigoInstituicao=1&NumeroSequencialDocumento=61186
00.354.053/0001-00;2016-01-01;1;KOSMOS COMÉRCIO DE VESTUÁRIO S/A - EM RECUPERAÇÃO JUDICIAL;015083;FCA;54018;2016-03-11;http://www.rad.cvm.gov.br/ENETCONSULTA/frmDownloadDocumento.aspx?CodigoInstituicao=1&NumeroSequencialDocumento=54018
00.354.053/0001-00;2016-01-01;2;KOSMOS COMÉRCIO DE VESTUÁRIO S/A - EM RECUPERAÇÃO JUDICIAL;015083;FCA;56286;2016-05-13;http://www.rad.cvm.gov.br/ENETCONSULTA/frmDownloadDocumento.aspx?CodigoInstituicao=1&NumeroSequencialDocumento=56286
00.359.742/0001-08;2016-01-01;1;ATOM EMPREENDIMENTOS E PARTICIPAÇÕES S.A.;015423;FCA;53965;2016-03-10;http://www.rad.cvm.gov.br/ENETCONSULTA/frmDownloadDocumento.aspx?CodigoInstituicao=1&NumeroSequencialDocumento=53965
00.359.742/0001-08;2016-01-01;2;ATOM EMPREENDIMENTOS E PARTICIPAÇÕES S.A.;015423;FCA;55979;2016-05-10;http://www.rad.cvm.gov.br/ENETCONSULTA/frmDownloadDocumento.aspx?CodigoInstituicao=1&NumeroSequencialDocumento=55979
00.383.281/0001-09;2016-01-01;1;BNDES PARTICIPACOES S.A. - BNDESPAR;016772;FCA;54312;2016-03-22;http://www.rad.cvm.gov.br/ENETCONSULTA/frmDownloadDocumento.aspx?CodigoInstituicao=1&NumeroSequencialDocumento=54312
00.383.281/0001-09;2016-01-01;2;BNDES PARTICIPACOES S.A. - BNDESPAR;016772;FCA;57742;2016-06-17;http://www.rad.cvm.gov.br/ENETCONSULTA/frmDownloadDocumento.aspx?CodigoInstituicao=1&NumeroSequencialDocumento=57742
00.514.998/0001-42;2016-01-01;1;ELETRON S.A.;016209;FCA;53736;2016-03-01;http://www.rad.cvm.gov.br/ENETCONSULTA/frmDownloadDocumento.aspx?CodigoInstituicao=1&NumeroSequencialDocumento=53736
00.514.998/0001-42;2016-01-01;2;ELETRON S.A.;016209;FCA;57936;2016-07-04;http://www.rad.cvm.gov.br/ENETCONSULTA/frmDownloadDocumento.aspx?CodigoInstituicao=1&NumeroSequencialDocumento=57936
00.545.378/0001-70;2016-01-01;1;SERRA AZUL WATER PARK SA;014966;FCA;54906;2016-03-31;http://www.rad.cvm.gov.br/ENETCONSULTA/frmDownloadDocumento.aspx?CodigoInstituicao=1&NumeroSequencialDocumento=54906
00.545.378/0001-70;2016-01-01;2;SERRA AZUL WATER PARK SA;014966;FCA;56678;2016-05-18;http://www.rad.cvm.gov.br/ENETCONSULTA/frmDownloadDocumento.aspx?CodigoInstituicao=1&NumeroSequencialDocumento=56678
00.622.416/0001-41;2016-01-01;1;STATKRAFT ENERGIAS RENOVAVEIS S.A.;022594;FCA;53132;2016-02-01;http://www.rad.cvm.gov.br/ENETCONSULTA/frmDownloadDocumento.aspx?CodigoInstituicao=1&NumeroSequencialDocumento=53132
00.622.416/0001-41;2016-01-01;2;STATKRAFT ENERGIAS RENOVAVEIS S.A.;022594;FCA;55406;2016-05-02;http://www.rad.cvm.gov.br/ENETCONSULTA/frmDownloadDocumento.aspx?CodigoInstituicao=1&NumeroSequencialDocumento=55406
00.622.416/0001-41;2016-01-01;3;STATKRAFT ENERGIAS RENOVAVEIS S.A.;022594;FCA;56423;2016-05-13;http://www.rad.cvm.gov.br/ENETCONSULTA/frmDownloadDocumento.aspx?CodigoInstituicao=1&NumeroSequencialDocumento=56423
00.622.416/0001-41;2016-01-01;4;STATKRAFT ENERGIAS RENOVAVEIS S.A.;022594;FCA;57903;2016-07-01;http://www.rad.cvm.gov.br/ENETCONSULTA/frmDownloadDocumento.aspx?CodigoInstituicao=1&NumeroSequencialDocumento=57903
00.622.416/0001-41;2016-01-01;5;STATKRAFT ENERGIAS RENOVAVEIS S.A.;022594;FCA;58596;2016-08-09;http://www.rad.cvm.gov.br/ENETCONSULTA/frmDownloadDocumento.aspx?CodigoInstituicao=1&NumeroSequencialDocumento=58596
00.644.907/0001-93;2016-01-01;1;INVESTCO S.A.;018589;FCA;53780;2016-03-02;http://www.rad.cvm.gov.br/ENETCONSULTA/frmDownloadDocumento.aspx?CodigoInstituicao=1&NumeroSequencialDocumento=53780
00.644.907/0001-93;2016-01-01;2;INVESTCO S.A.;018589;FCA;61474;2016-12-14;http://www.rad.cvm.gov.br/ENETCONSULTA/frmDownloadDocumento.aspx?CodigoInstituicao=1&NumeroSequencialDocumento=61474
00.743.065/0001-27;2016-01-01;1;LITEL PARTICIPACOES S.A.;015091;FCA;53967;2016-03-10;http://www.rad.cvm.gov.br/ENETCONSULTA/frmDownloadDocumento.aspx?CodigoInstituicao=1&NumeroSequencialDocumento=53967
00.776.574/0001-56;2016-01-01;1;AMERICANAS S.A. - EM RECUPERAÇÃO JUDICIAL;020990;FCA;52793;2016-01-08;http://www.rad.cvm.gov.br/ENETCONSULTA/frmDownloadDocumento.aspx?CodigoInstituicao=1&NumeroSequencialDocumento=52793
00.776.574/0001-56;2016-01-01;2;AMERICANAS S.A. - EM RECUPERAÇÃO JUDICIAL;020990;FCA;55033;2016-04-07;http://www.rad.cvm.gov.br/ENETCONSULTA/frmDownloadDocumento.aspx?CodigoInstituicao=1&NumeroSequencialDocumento=55033
00.776.574/0001-56;2016-01-01;3;AMERICANAS S.A. - EM RECUPERAÇÃO JUDICIAL;020990;FCA;56526;2016-05-13;http://www.rad.cvm.gov.br/ENETCONSULTA/frmDownloadDocumento.aspx?CodigoInstituicao=1&NumeroSequencialDocumento=56526
00.861.626/0001-92;2016-01-01;1;CONC RODOVIA PRES. DUTRA S.A.;019577;FCA;52875;2016-01-13;http://www.rad.cvm.gov.br/ENETCONSULTA/frmDownloadDocumento.aspx?CodigoInstituicao=1&NumeroSequencialDocumento=52875
00.861.626/0001-92;2016-01-01;2;CONC RODOVIA PRES. DUTRA S.A.;019577;FCA;53482;2016-02-19;http://www.rad.cvm.gov.br/ENETCONSULTA/frmDownloadDocumento.aspx?CodigoInstituicao=1&NumeroSequencialDocumento=53482
00.864.214/0001-06;2016-01-01;1;ENERGISA S.A.;015253;FCA;54289;2016-03-22;http://www.rad.cvm.gov.br/ENETCONSULTA/frmDownloadDocumento.aspx?CodigoInstituicao=1&NumeroSequencialDocumento=54289
00.864.214/0001-06;2016-01-01;2;ENERGISA S.A.;015253;FCA;55412;2016-05-02;http://www.rad.cvm.gov.br/ENETCONSULTA/frmDownloadDocumento.aspx?CodigoInstituicao=1&NumeroSequencialDocumento=55412
00.864.214/0001-06;2016-01-01;3;ENERGISA S.A.;015253;FCA;58550;2016-08-08;http://www.rad.cvm.gov.br/ENETCONSULTA/frmDownloadDocumento.aspx?CodigoInstituicao=1&NumeroSequencialDocumento=58550
00.866.577/0001-80;2016-01-01;1;SAUIPE SA;015261;FCA;54560;2016-03-29;http://www.rad.cvm.gov.br/ENETCONSULTA/frmDownloadDocumento.aspx?CodigoInstituicao=1&NumeroSequencialDocumento=54560
00.866.577/0001-80;2016-01-01;2;SAUIPE SA;015261;FCA;56989;2016-05-30;http://www.rad.cvm.gov.br/ENETCONSULTA/frmDownloadDocumento.aspx?CodigoInstituicao=1&NumeroSequencialDocumento=56989
00.897.864/0001-58;2016-01-01;1;SANTA CATARINA PART INVEST SA;015199;FCA;54227;2016-03-21;http://www.rad.cvm.gov.br/ENETCONSULTA/frmDownloadDocumento.aspx?CodigoInstituicao=1&NumeroSequencialDocumento=54227
00.897.864/0001-58;2016-01-01;2;SANTA CATARINA PART INVEST SA;015199;FCA;103036;2021-04-23;http://www.rad.cvm.gov.br/ENETCONSULTA/frmDownloadDocumento.aspx?CodigoInstituicao=1&NumeroSequencialDocumento=103036
00.924.429/0001-75;2016-01-01;1;FERROVIA CENTRO-ATLANTICA S.A.;015369;FCA;52703;2016-01-05;http://www.rad.cvm.gov.br/ENETCONSULTA/frmDownloadDocumento.aspx?CodigoInstituicao=1&NumeroSequencialDocumento=52703
00.924.432/0001-99;2016-01-01;1;HOPI HARI SA;015377;FCA;53027;2016-01-22;http://www.rad.cvm.gov.br/ENETCONSULTA/frmDownloadDocumento.aspx?CodigoInstituicao=1&NumeroSequencialDocumento=53027
00.924.432/0001-99;2016-01-01;2;HOPI HARI SA;015377;FCA;54200;2016-03-18;http://www.rad.cvm.gov.br/ENETCONSULTA/frmDownloadDocumento.aspx?CodigoInstituicao=1&NumeroSequencialDocumento=54200
00.924.432/0001-99;2016-01-01;3;HOPI HARI SA;015377;FCA;57550;2016-06-03;http://www.rad.cvm.gov.br/ENETCONSULTA/frmDownloadDocumento.aspx?CodigoInstituicao=1&NumeroSequencialDocumento=57550
00.924.432/0001-99;2016-01-01;4;HOPI HARI SA;015377;FCA;59968;2016-10-07;http://www.rad.cvm.gov.br/ENETCONSULTA/frmDownloadDocumento.aspx?CodigoInstituicao=1&NumeroSequencialDocumento=59968
00.924.432/0001-99;2016-01-01;5;HOPI HARI SA;015377;FCA;60060;2016-10-14;http://www.rad.cvm.gov.br/ENETCONSULTA/frmDownloadDocumento.aspx?CodigoInstituicao=1&NumeroSequencialDocumento=60060
00.938.574/0001-05;2016-01-01;1;CONC RIO-TERESOPOLIS S.A.;019208;FCA;53811;2016-03-03;http://www.rad.cvm.gov.br/ENETCONSULTA/frmDownloadDocumento.aspx?CodigoInstituicao=1&NumeroSequencialDocumento=53811
00.938.574/0001-05;2016-01-01;2;CONC RIO-TERESOPOLIS S.A.;019208;FCA;55460;2016-05-03;http://www.rad.cvm.gov.br/ENETCONSULTA/frmDownloadDocumento.aspx?CodigoInstituicao=1&NumeroSequencialDocumento=55460
00.979.969/0001-56;2016-01-01;1;CAIXA ADM DIV PUB ESTADUAL SA;015717;FCA;53103;2016-01-29;http://www.rad.cvm.gov.br/ENETCONSULTA/frmDownloadDocumento.aspx?CodigoInstituicao=1&NumeroSequencialDocumento=53103
00.979.969/0001-56;2016-01-01;2;CAIXA ADM DIV PUB ESTADUAL SA;015717;FCA;56892;2016-05-27;http://www.rad.cvm.gov.br/ENETCONSULTA/frmDownloadDocumento.aspx?CodigoInstituicao=1&NumeroSequencialDocumento=56892
00.994.533/0001-36;2016-01-01;1;COMERCIAL QUINTELLA COM EXP SA EM LIQUIDAÇÃO;015652;FCA;53974;2016-03-10;http://www.rad.cvm.gov.br/ENETCONSULTA/frmDownloadDocumento.aspx?CodigoInstituicao=1&NumeroSequencialDocumento=53974
00.994.533/0001-36;2016-01-01;2;COMERCIAL QUINTELLA COM EXP SA EM LIQUIDAÇÃO;015652;FCA;57325;2016-05-31;http://www.rad.cvm.gov.br/ENETCONSULTA/frmDownloadDocumento.aspx?CodigoInstituicao=1&NumeroSequencialDocumento=57325
00.994.533/0001-36;2016-01-01;3;COMERCIAL QUINTELLA COM EXP SA EM LIQUIDAÇÃO;015652;FCA;60187;2016-10-26;http://www.rad.cvm.gov.br/ENETCONSULTA/frmDownloadDocumento.aspx?CodigoInstituicao=1&NumeroSequencialDocumento=60187
00.994.533/0001-36;2016-01-01;4;COMERCIAL QUINTELLA COM EXP SA EM LIQUIDAÇÃO;015652;FCA;61396;2016-12-06;http://www.rad.cvm.gov.br/ENETCONSULTA/frmDownloadDocumento.aspx?CodigoInstituicao=1&NumeroSequencialDocumento=61396
01.027.058/0001-91;2016-01-01;1;CIELO S.A. -  INSTITUIÇÃO DE PAGAMENTO;021733;FCA;52950;2016-01-19;http://www.rad.cvm.gov.br/ENETCONSULTA/frmDownloadDocumento.aspx?CodigoInstituicao=1&NumeroSequencialDocumento=52950
01.027.058/0001-91;2016-01-01;2;CIELO S.A. -  INSTITUIÇÃO DE PAGAMENTO;021733;FCA;55703;2016-05-06;http://www.rad.cvm.gov.br/ENETCONSULTA/frmDownloadDocumento.aspx?CodigoInstituicao=1&NumeroSequencialDocumento=55703
01.027.058/0001-91;2016-01-01;3;CIELO S.A. -  INSTITUIÇÃO DE PAGAMENTO;021733;FCA;60029;2016-10-13;http://www.rad.cvm.gov.br/ENETCONSULTA/frmDownloadDocumento.aspx?CodigoInstituicao=1&NumeroSequencialDocumento=60029
01.083.200/0001-18;2016-01-01;1;NEOENERGIA S.A.;015539;FCA;53521;2016-02-22;http://www.rad.cvm.gov.br/ENETCONSULTA/frmDownloadDocumento.aspx?CodigoInstituicao=1&NumeroSequencialDocumento=53521
01.083.200/0001-18;2016-01-01;2;NEOENERGIA S.A.;015539;FCA;57495;2016-06-01;http://www.rad.cvm.gov.br/ENETCONSULTA/frmDownloadDocumento.aspx?CodigoInstituicao=1&NumeroSequencialDocumento=57495
01.083.200/0001-18;2016-01-01;3;NEOENERGIA S.A.;015539;FCA;57931;2016-07-04;http://www.rad.cvm.gov.br/ENETCONSULTA/frmDownloadDocumento.aspx?CodigoInstituicao=1&NumeroSequencialDocumento=57931
01.104.937/0001-70;2016-01-01;1;ELETROBRÁS PARTICIPAÇÕES S.A. - ELETROPAR;015784;FCA;54768;2016-03-30;http://www.rad.cvm.gov.br/ENETCONSULTA/frmDownloadDocumento.aspx?CodigoInstituicao=1&NumeroSequencialDocumento=54768
01.258.943/0001-81;2016-01-01;1;ITAITINGA PARTICIPACOES S.A.;015865;FCA;54325;2016-03-22;http://www.rad.cvm.gov.br/ENETCONSULTA/frmDownloadDocumento.aspx?CodigoInstituicao=1&NumeroSequencialDocumento=54325
01.258.944/0001-26;2016-01-01;1;RUMO MALHA SUL S.A.;015709;FCA;54425;2016-03-24;http://www.rad.cvm.gov.br/ENETCONSULTA/frmDownloadDocumento.aspx?CodigoInstituicao=1&NumeroSequencialDocumento=54425
01.258.945/0001-70;2016-01-01;1;GRUCAI PARTICIPACOES S.A.;015695;FCA;54317;2016-03-22;http://www.rad.cvm.gov.br/ENETCONSULTA/frmDownloadDocumento.aspx?CodigoInstituicao=1&NumeroSequencialDocumento=54317
01.319.044/0001-41;2016-01-01;1;WTC AMAZONAS SUITE HOTEL S.A.;015741;FCA;54490;2016-03-28;http://www.rad.cvm.gov.br/ENETCONSULTA/frmDownloadDocumento.aspx?CodigoInstituicao=1&NumeroSequencialDocumento=54490
01.319.044/0001-41;2016-01-01;2;WTC AMAZONAS SUITE HOTEL S.A.;015741;FCA;56604;2016-05-16;http://www.rad.cvm.gov.br/ENETCONSULTA/frmDownloadDocumento.aspx?CodigoInstituicao=1&NumeroSequencialDocumento=56604
01.319.044/0001-41;2016-01-01;3;WTC AMAZONAS SUITE HOTEL S.A.;015741;FCA;58139;2016-07-18;http://www.rad.cvm.gov.br/ENETCONSULTA/frmDownloadDocumento.aspx?CodigoInstituicao=1&NumeroSequencialDocumento=58139
01.417.222/0001-77;2016-01-01;1;MRS LOGISTICA S.A.;017949;FCA;52997;2016-01-21;http://www.rad.cvm.gov.br/ENETCONSULTA/frmDownloadDocumento.aspx?CodigoInstituicao=1&NumeroSequencialDocumento=52997
01.417.222/0001-77;2016-01-01;2;MRS LOGISTICA S.A.;017949;FCA;56643;2016-05-17;http://www.rad.cvm.gov.br/ENETCONSULTA/frmDownloadDocumento.aspx?CodigoInstituicao=1&NumeroSequencialDocumento=56643
01.545.826/0001-07;2016-01-01;1;GAFISA S.A.;016101;FCA;52937;2016-01-18;http://www.rad.cvm.gov.br/ENETCONSULTA/frmDownloadDocumento.aspx?CodigoInstituicao=1&NumeroSequencialDocumento=52937
01.547.749/0001-16;2016-01-01;1;521 PARTICIPACOES S.A. - EM LIQUIDAÇÃO EXTRAJUDICIAL;016330;FCA;54475;2016-03-27;http://www.rad.cvm.gov.br/ENETCONSULTA/frmDownloadDocumento.aspx?CodigoInstituicao=1&NumeroSequencialDocumento=54475
01.547.749/0001-16;2016-01-01;2;521 PARTICIPACOES S.A. - EM LIQUIDAÇÃO EXTRAJUDICIAL;016330;FCA;54682;2016-03-30;http://www.rad.cvm.gov.br/ENETCONSULTA/frmDownloadDocumento.aspx?CodigoInstituicao=1&NumeroSequencialDocumento=54682
01.547.749/0001-16;2016-01-01;3;521 PARTICIPACOES S.A. - EM LIQUIDAÇÃO EXTRAJUDICIAL;016330;FCA;54707;2016-03-30;http://www.rad.cvm.gov.br/ENETCONSULTA/frmDownloadDocumento.aspx?CodigoInstituicao=1&NumeroSequencialDocumento=54707
01.547.749/0001-16;2016-01-01;4;521 PARTICIPACOES S.A. - EM LIQUIDAÇÃO EXTRAJUDICIAL;016330;FCA;55467;2016-05-03;http://www.rad.cvm.gov.br/ENETCONSULTA/frmDownloadDocumento.aspx?CodigoInstituicao=1&NumeroSequencialDocumento=55467
01.548.981/0001-79;2016-01-01;1;INVESTIMENTOS BEMGE S.A.;006041;FCA;53115;2016-01-29;http://www.rad.cvm.gov.br/ENETCONSULTA/frmDownloadDocumento.aspx?CodigoInstituicao=1&NumeroSequencialDocumento=53115
01.608.571/0001-76;2016-01-01;1;BELAPART SA;016233;FCA;52655;2016-01-04;http://www.rad.cvm.gov.br/ENETCONSULTA/frmDownloadDocumento.aspx?CodigoInstituicao=1&NumeroSequencialDocumento=52655
01.608.571/0001-76;2016-01-01;2;BELAPART SA;016233;FCA;57942;2016-07-04;http://www.rad.cvm.gov.br/ENETCONSULTA/frmDownloadDocumento.aspx?CodigoInstituicao=1&NumeroSequencialDocumento=57942
01.616.929/0001-02;2016-01-01;1;SANEAMENTO DE GOIAS SA;019186;FCA;52695;2016-01-05;http://www.rad.cvm.gov.br/ENETCONSULTA/frmDownloadDocumento.aspx?CodigoInstituicao=1&NumeroSequencialDocumento=52695
01.616.929/0001-02;2016-01-01;2;SANEAMENTO DE GOIAS SA;019186;FCA;53279;2016-02-05;http://www.rad.cvm.gov.br/ENETCONSULTA/frmDownloadDocumento.aspx?CodigoInstituicao=1&NumeroSequencialDocumento=53279
01.616.929/0001-02;2016-01-01;3;SANEAMENTO DE GOIAS SA;019186;FCA;56809;2016-05-24;http://www.rad.cvm.gov.br/ENETCONSULTA/frmDownloadDocumento.aspx?CodigoInstituicao=1&NumeroSequencialDocumento=56809
01.616.929/0001-02;2016-01-01;4;SANEAMENTO DE GOIAS SA;019186;FCA;58151;2016-07-19;http://www.rad.cvm.gov.br/ENETCONSULTA/frmDownloadDocumento.aspx?CodigoInstituicao=1&NumeroSequencialDocumento=58151
01.616.929/0001-02;2016-01-01;5;SANEAMENTO DE GOIAS SA;019186;FCA;59562;2016-09-09;http://www.rad.cvm.gov.br/ENETCONSULTA/frmDownloadDocumento.aspx?CodigoInstituicao=1&NumeroSequencialDocumento=59562
01.654.604/0001-14;2016-01-01;1;CONCES DA ROD OSÓRIO-POA S/A - CONCEPA;017590;FCA;54045;2016-03-14;http://www.rad.cvm.gov.br/ENETCONSULTA/frmDownloadDocumento.aspx?CodigoInstituicao=1&NumeroSequencialDocumento=54045
01.654.604/0001-14;2016-01-01;2;CONCES DA ROD OSÓRIO-POA S/A - CONCEPA;017590;FCA;56799;2016-05-23;http://www.rad.cvm.gov.br/ENETCONSULTA/frmDownloadDocumento.aspx?CodigoInstituicao=1&NumeroSequencialDocumento=56799
01.654.604/0001-14;2016-01-01;3;CONCES DA ROD OSÓRIO-POA S/A - CONCEPA;017590;FCA;57917;2016-07-01;http://www.rad.cvm.gov.br/ENETCONSULTA/frmDownloadDocumento.aspx?CodigoInstituicao=1&NumeroSequencialDocumento=57917
01.838.723/0001-27;2016-01-01;1;BRF S.A.;016292;FCA;53567;2016-02-23;http://www.rad.cvm.gov.br/ENETCONSULTA/frmDownloadDocumento.aspx?CodigoInstituicao=1&NumeroSequencialDocumento=53567
01.838.723/0001-27;2016-01-01;2;BRF S.A.;016292;FCA;53893;2016-03-07;http://www.rad.cvm.gov.br/ENETCONSULTA/frmDownloadDocumento.aspx?CodigoInstituicao=1&NumeroSequencialDocumento=53893
01.838.723/0001-27;2016-01-01;3;BRF S.A.;016292;FCA;55075;2016-04-11;http://www.rad.cvm.gov.br/ENETCONSULTA/frmDownloadDocumento.aspx?CodigoInstituicao=1&NumeroSequencialDocumento=55075
01.838.723/0001-27;2016-01-01;4;BRF S.A.;016292;FCA;58150;2016-07-19;http://www.rad.cvm.gov.br/ENETCONSULTA/frmDownloadDocumento.aspx?CodigoInstituicao=1&NumeroSequencialDocumento=58150
01.851.771/0001-55;2016-01-01;1;524 PARTICIPACOES S.A.;016284;FCA;53737;2016-03-01;http://www.rad.cvm.gov.br/ENETCONSULTA/frmDownloadDocumento.aspx?CodigoInstituicao=1&NumeroSequencialDocumento=53737
01.851.771/0001-55;2016-01-01;2;524 PARTICIPACOES S.A.;016284;FCA;57943;2016-07-04;http://www.rad.cvm.gov.br/ENETCONSULTA/frmDownloadDocumento.aspx?CodigoInstituicao=1&NumeroSequencialDocumento=57943
01.851.771/0001-55;2016-01-01;3;524 PARTICIPACOES S.A.;016284;FCA;58011;2016-07-07;http://www.rad.cvm.gov.br/ENETCONSULTA/frmDownloadDocumento.aspx?CodigoInstituicao=1&NumeroSequencialDocumento=58011
01.851.771/0001-55;2016-01-01;4;524 PARTICIPACOES S.A.;016284;FCA;58012;2016-07-07;http://www.rad.cvm.gov.br/ENETCONSULTA/frmDownloadDocumento.aspx?CodigoInstituicao=1&NumeroSequencialDocumento=58012
01.858.774/0001-10;2016-01-01;1;BV LEASING - ARRENDAMENTO MERCANTIL S.A.;020133;FCA;53457;2016-02-18;http://www.rad.cvm.gov.br/ENETCONSULTA/frmDownloadDocumento.aspx?CodigoInstituicao=1&NumeroSequencialDocumento=53457
01.896.779/0001-38;2016-01-01;1;CSU DIGITAL S.A.;020044;FCA;53976;2016-03-10;http://www.rad.cvm.gov.br/ENETCONSULTA/frmDownloadDocumento.aspx?CodigoInstituicao=1&NumeroSequencialDocumento=53976
01.896.779/0001-38;2016-01-01;2;CSU DIGITAL S.A.;020044;FCA;55073;2016-04-11;http://www.rad.cvm.gov.br/ENETCONSULTA/frmDownloadDocumento.aspx?CodigoInstituicao=1&NumeroSequencialDocumento=55073
01.917.705/0001-30;2016-01-01;1;AES ELPA S.A.;019313;FCA;52825;2016-01-12;http://www.rad.cvm.gov.br/ENETCONSULTA/frmDownloadDocumento.aspx?CodigoInstituicao=1&NumeroSequencialDocumento=52825
01.917.705/0001-30;2016-01-01;2;AES ELPA S.A.;019313;FCA;53573;2016-02-23;http://www.rad.cvm.gov.br/ENETCONSULTA/frmDownloadDocumento.aspx?CodigoInstituicao=1&NumeroSequencialDocumento=53573
01.917.705/0001-30;2016-01-01;3;AES ELPA S.A.;019313;FCA;55085;2016-04-11;http://www.rad.cvm.gov.br/ENETCONSULTA/frmDownloadDocumento.aspx?CodigoInstituicao=1&NumeroSequencialDocumento=55085
01.917.818/0001-36;2016-01-01;1;LIGHT ENERGIA S.A.;023000;FCA;53034;2016-01-22;http://www.rad.cvm.gov.br/ENETCONSULTA/frmDownloadDocumento.aspx?CodigoInstituicao=1&NumeroSequencialDocumento=53034
01.917.818/0001-36;2016-01-01;2;LIGHT ENERGIA S.A.;023000;FCA;54086;2016-03-15;http://www.rad.cvm.gov.br/ENETCONSULTA/frmDownloadDocumento.aspx?CodigoInstituicao=1&NumeroSequencialDocumento=54086
01.938.783/0001-11;2016-01-01;1;CIA PARTICIPACOES ALIANCA DA BAHIA;018708;FCA;54060;2016-03-15;http://www.rad.cvm.gov.br/ENETCONSULTA/frmDownloadDocumento.aspx?CodigoInstituicao=1&NumeroSequencialDocumento=54060
01.938.783/0001-11;2016-01-01;2;CIA PARTICIPACOES ALIANCA DA BAHIA;018708;FCA;55795;2016-05-09;http://www.rad.cvm.gov.br/ENETCONSULTA/frmDownloadDocumento.aspx?CodigoInstituicao=1&NumeroSequencialDocumento=55795
01.957.772/0001-89;2016-01-01;1;SUL 116 PARTICIPACOES S.A.;016438;FCA;53912;2016-03-08;http://www.rad.cvm.gov.br/ENETCONSULTA/frmDownloadDocumento.aspx?CodigoInstituicao=1&NumeroSequencialDocumento=53912
01.971.614/0001-83;2016-01-01;1;EMPRESA NAC COM REDITO PART S.A.ENCORPAR;016497;FCA;53206;2016-02-04;http://www.rad.cvm.gov.br/ENETCONSULTA/frmDownloadDocumento.aspx?CodigoInstituicao=1&NumeroSequencialDocumento=53206
01.971.614/0001-83;2016-01-01;2;EMPRESA NAC COM REDITO PART S.A.ENCORPAR;016497;FCA;59882;2016-10-03;http://www.rad.cvm.gov.br/ENETCONSULTA/frmDownloadDocumento.aspx?CodigoInstituicao=1&NumeroSequencialDocumento=59882
01.989.044/0001-59;2016-01-01;1;WTC RIO EMPREEND. E PARTICIPAÇÕES S.A.;016551;FCA;54491;2016-03-28;http://www.rad.cvm.gov.br/ENETCONSULTA/frmDownloadDocumento.aspx?CodigoInstituicao=1&NumeroSequencialDocumento=54491
01.989.044/0001-59;2016-01-01;2;WTC RIO EMPREEND. E PARTICIPAÇÕES S.A.;016551;FCA;56605;2016-05-16;http://www.rad.cvm.gov.br/ENETCONSULTA/frmDownloadDocumento.aspx?CodigoInstituicao=1&NumeroSequencialDocumento=56605
01.989.044/0001-59;2016-01-01;3;WTC RIO EMPREEND. E PARTICIPAÇÕES S.A.;016551;FCA;58140;2016-07-18;http://www.rad.cvm.gov.br/ENETCONSULTA/frmDownloadDocumento.aspx?CodigoInstituicao=1&NumeroSequencialDocumento=58140
02.016.439/0001-38;2016-01-01;1;RIO GRANDE ENERGIA SA;016535;FCA;53411;2016-02-17;http://www.rad.cvm.gov.br/ENETCONSULTA/frmDownloadDocumento.aspx?CodigoInstituicao=1&NumeroSequencialDocumento=53411
02.016.440/0001-62;2016-01-01;1;RGE SUL DISTRIBUIDORA DE ENERGIA S.A.;016527;FCA;53570;2016-02-23;http://www.rad.cvm.gov.br/ENETCONSULTA/frmDownloadDocumento.aspx?CodigoInstituicao=1&NumeroSequencialDocumento=53570
02.016.440/0001-62;2016-01-01;2;RGE SUL DISTRIBUIDORA DE ENERGIA S.A.;016527;FCA;60621;2016-11-10;http://www.rad.cvm.gov.br/ENETCONSULTA/frmDownloadDocumento.aspx?CodigoInstituicao=1&NumeroSequencialDocumento=60621
02.062.747/0001-08;2016-01-01;1;SUDESTE S.A.;016586;FCA;53738;2016-03-01;http://www.rad.cvm.gov.br/ENETCONSULTA/frmDownloadDocumento.aspx?CodigoInstituicao=1&NumeroSequencialDocumento=53738
02.062.747/0001-08;2016-01-01;2;SUDESTE S.A.;016586;FCA;57944;2016-07-04;http://www.rad.cvm.gov.br/ENETCONSULTA/frmDownloadDocumento.aspx?CodigoInstituicao=1&NumeroSequencialDocumento=57944
02.084.220/0001-76;2016-01-01;1;NUMERAL 80 PARTICIPAÇÕES S.A.;016446;FCA;53018;2016-01-22;http://www.rad.cvm.gov.br/ENETCONSULTA/frmDownloadDocumento.aspx?CodigoInstituicao=1&NumeroSequencialDocumento=53018
02.084.220/0001-76;2016-01-01;2;NUMERAL 80 PARTICIPAÇÕES S.A.;016446;FCA;54957;2016-04-04;http://www.rad.cvm.gov.br/ENETCONSULTA/frmDownloadDocumento.aspx?CodigoInstituicao=1&NumeroSequencialDocumento=54957
02.084.220/0001-76;2016-01-01;3;NUMERAL 80 PARTICIPAÇÕES S.A.;016446;FCA;60262;2016-10-31;http://www.rad.cvm.gov.br/ENETCONSULTA/frmDownloadDocumento.aspx?CodigoInstituicao=1&NumeroSequencialDocumento=60262
02.105.040/0001-23;2016-01-01;1;VIRGO II COMPANHIA DE SECURITIZACAO;018287;FCA;53853;2016-03-04;http://www.rad.cvm.gov.br/ENETCONSULTA/frmDownloadDocumento.aspx?CodigoInstituicao=1&NumeroSequencialDocumento=53853
02.105.040/0001-23;2016-01-01;2;VIRGO II COMPANHIA DE SECURITIZACAO;018287;FCA;54617;2016-03-29;http://www.rad.cvm.gov.br/ENETCONSULTA/frmDownloadDocumento.aspx?CodigoInstituicao=1&NumeroSequencialDocumento=54617
02.105.040/0001-23;2016-01-01;3;VIRGO II COMPANHIA DE SECURITIZACAO;018287;FCA;55581;2016-05-05;http://www.rad.cvm.gov.br/ENETCONSULTA/frmDownloadDocumento.aspx?CodigoInstituicao=1&NumeroSequencialDocumento=55581
02.117.801/0001-67;2016-01-01;1;BONAIRE PARTICIPACOES S.A. - EM LIQUIDAÇÃO;016560;FCA;53968;2016-03-10;http://www.rad.cvm.gov.br/ENETCONSULTA/frmDownloadDocumento.aspx?CodigoInstituicao=1&NumeroSequencialDocumento=53968
02.149.205/0001-69;2016-01-01;1;PORTO SEGURO S.A.;016659;FCA;53159;2016-02-02;http://www.rad.cvm.gov.br/ENETCONSULTA/frmDownloadDocumento.aspx?CodigoInstituicao=1&NumeroSequencialDocumento=53159
02.162.616/0001-94;2016-01-01;1;UPTICK PARTICIPACOES S.A.;016624;FCA;53969;2016-03-10;http://www.rad.cvm.gov.br/ENETCONSULTA/frmDownloadDocumento.aspx?CodigoInstituicao=1&NumeroSequencialDocumento=53969
02.162.616/0001-94;2016-01-01;2;UPTICK PARTICIPACOES S.A.;016624;FCA;61203;2016-11-22;http://www.rad.cvm.gov.br/ENETCONSULTA/frmDownloadDocumento.aspx?CodigoInstituicao=1&NumeroSequencialDocumento=61203
02.193.750/0001-52;2016-01-01;1;DEXXOS PARTICIPAÇÕES S.A.;016632;FCA;53671;2016-02-26;http://www.rad.cvm.gov.br/ENETCONSULTA/frmDownloadDocumento.aspx?CodigoInstituicao=1&NumeroSequencialDocumento=53671
02.201.787/0001-85;2016-01-01;1;CEL PARTICIPAÇÕES S.A. - CELPAR;016675;FCA;54236;2016-03-21;http://www.rad.cvm.gov.br/ENETCONSULTA/frmDownloadDocumento.aspx?CodigoInstituicao=1&NumeroSequencialDocumento=54236
02.201.787/0001-85;2016-01-01;2;CEL PARTICIPAÇÕES S.A. - CELPAR;016675;FCA;56300;2016-05-13;http://www.rad.cvm.gov.br/ENETCONSULTA/frmDownloadDocumento.aspx?CodigoInstituicao=1&NumeroSequencialDocumento=56300
02.217.319/0001-07;2016-01-01;1;YBYRÁ CAPITAL S.A.;016705;FCA;53740;2016-03-01;http://www.rad.cvm.gov.br/ENETCONSULTA/frmDownloadDocumento.aspx?CodigoInstituicao=1&NumeroSequencialDocumento=53740
02.217.319/0001-07;2016-01-01;2;YBYRÁ CAPITAL S.A.;016705;FCA;57945;2016-07-04;http://www.rad.cvm.gov.br/ENETCONSULTA/frmDownloadDocumento.aspx?CodigoInstituicao=1&NumeroSequencialDocumento=57945
02.221.531/0001-30;2016-01-01;1;RDN CONCESSÕES E PARTICIPAÇÕES S.A.;019151;FCA;52890;2016-01-14;http://www.rad.cvm.gov.br/ENETCONSULTA/frmDownloadDocumento.aspx?CodigoInstituicao=1&NumeroSequencialDocumento=52890
02.221.531/0001-30;2016-01-01;2;RDN CONCESSÕES E PARTICIPAÇÕES S.A.;019151;FCA;53477;2016-02-19;http://www.rad.cvm.gov.br/ENETCONSULTA/frmDownloadDocumento.aspx?CodigoInstituicao=1&NumeroSequencialDocumento=53477
02.222.736/0001-30;2016-01-01;1;EMPRESA CONC RODOV DO NORTE S.A.ECONORTE;019011;FCA;54059;2016-03-15;http://www.rad.cvm.gov.br/ENETCONSULTA/frmDownloadDocumento.aspx?CodigoInstituicao=1&NumeroSequencialDocumento=54059
02.222.736/0001-30;2016-01-01;2;EMPRESA CONC RODOV DO NORTE S.A.ECONORTE;019011;FCA;57870;2016-06-28;http://www.rad.cvm.gov.br/ENETCONSULTA/frmDownloadDocumento.aspx?CodigoInstituicao=1&NumeroSequencialDocumento=57870
02.258.422/0001-97;2016-01-01;1;INEPAR EQUIPAMENTOS E MONTAGENS S/A - EM RECUPERACAO JUDICIA;017868;FCA;55386;2016-04-29;http://www.rad.cvm.gov.br/ENETCONSULTA/frmDownloadDocumento.aspx?CodigoInstituicao=1&NumeroSequencialDocumento=55386
02.258.422/0001-97;2016-01-01;2;INEPAR EQUIPAMENTOS E MONTAGENS S/A - EM RECUPERACAO JUDICIA;017868;FCA;57969;2016-07-05;http://www.rad.cvm.gov.br/ENETCONSULTA/frmDownloadDocumento.aspx?CodigoInstituicao=1&NumeroSequencialDocumento=57969
02.258.422/0001-97;2016-01-01;3;INEPAR EQUIPAMENTOS E MONTAGENS S/A - EM RECUPERACAO JUDICIA;017868;FCA;58083;2016-07-12;http://www.rad.cvm.gov.br/ENETCONSULTA/frmDownloadDocumento.aspx?CodigoInstituicao=1&NumeroSequencialDocumento=58083
02.258.422/0001-97;2016-01-01;4;INEPAR EQUIPAMENTOS E MONTAGENS S/A - EM RECUPERACAO JUDICIA;017868;FCA;59457;2016-09-01;http://www.rad.cvm.gov.br/ENETCONSULTA/frmDownloadDocumento.aspx?CodigoInstituicao=1&NumeroSequencialDocumento=59457
02.281.836/0001-37;2016-01-01;1;TRANSNORDESTINA LOGISTICA SA;020443;FCA;53913;2016-03-08;http://www.rad.cvm.gov.br/ENETCONSULTA/frmDownloadDocumento.aspx?CodigoInstituicao=1&NumeroSequencialDocumento=53913
02.281.836/0001-37;2016-01-01;2;TRANSNORDESTINA LOGISTICA SA;020443;FCA;56851;2016-05-25;http://www.rad.cvm.gov.br/ENETCONSULTA/frmDownloadDocumento.aspx?CodigoInstituicao=1&NumeroSequencialDocumento=56851
02.291.077/0001-93;2016-01-01;1;PRODUTORES ENERGET.DE MANSO S.A.- PROMAN;019232;FCA;54115;2016-03-16;http://www.rad.cvm.gov.br/ENETCONSULTA/frmDownloadDocumento.aspx?CodigoInstituicao=1&NumeroSequencialDocumento=54115
02.291.077/0001-93;2016-01-01;2;PRODUTORES ENERGET.DE MANSO S.A.- PROMAN;019232;FCA;54606;2016-03-29;http://www.rad.cvm.gov.br/ENETCONSULTA/frmDownloadDocumento.aspx?CodigoInstituicao=1&NumeroSequencialDocumento=54606
02.291.077/0001-93;2016-01-01;3;PRODUTORES ENERGET.DE MANSO S.A.- PROMAN;019232;FCA;54703;2016-03-30;http://www.rad.cvm.gov.br/ENETCONSULTA/frmDownloadDocumento.aspx?CodigoInstituicao=1&NumeroSequencialDocumento=54703
02.291.077/0001-93;2016-01-01;4;PRODUTORES ENERGET.DE MANSO S.A.- PROMAN;019232;FCA;55299;2016-04-27;http://www.rad.cvm.gov.br/ENETCONSULTA/frmDownloadDocumento.aspx?CodigoInstituicao=1&NumeroSequencialDocumento=55299
02.291.077/0001-93;2016-01-01;5;PRODUTORES ENERGET.DE MANSO S.A.- PROMAN;019232;FCA;55405;2016-05-02;http://www.rad.cvm.gov.br/ENETCONSULTA/frmDownloadDocumento.aspx?CodigoInstituicao=1&NumeroSequencialDocumento=55405
02.291.077/0001-93;2016-01-01;6;PRODUTORES ENERGET.DE MANSO S.A.- PROMAN;019232;FCA;56136;2016-05-12;http://www.rad.cvm.gov.br/ENETCONSULTA/frmDownloadDocumento.aspx?CodigoInstituicao=1&NumeroSequencialDocumento=56136
02.291.077/0001-93;2016-01-01;7;PRODUTORES ENERGET.DE MANSO S.A.- PROMAN;019232;FCA;58476;2016-08-04;http://www.rad.cvm.gov.br/ENETCONSULTA/frmDownloadDocumento.aspx?CodigoInstituicao=1&NumeroSequencialDocumento=58476
02.291.077/0001-93;2016-01-01;8;PRODUTORES ENERGET.DE MANSO S.A.- PROMAN;019232;FCA;60506;2016-11-09;http://www.rad.cvm.gov.br/ENETCONSULTA/frmDownloadDocumento.aspx?CodigoInstituicao=1&NumeroSequencialDocumento=60506
02.302.100/0001-06;2016-01-01;1;EDP SÃO PAULO DISTRIBUIÇÃO DE ENERGIA S.A.;016985;FCA;52749;2016-01-07;http://www.rad.cvm.gov.br/ENETCONSULTA/frmDownloadDocumento.aspx?CodigoInstituicao=1&NumeroSequencialDocumento=52749
02.302.100/0001-06;2016-01-01;2;EDP SÃO PAULO DISTRIBUIÇÃO DE ENERGIA S.A.;016985;FCA;58235;2016-07-25;http://www.rad.cvm.gov.br/ENETCONSULTA/frmDownloadDocumento.aspx?CodigoInstituicao=1&NumeroSequencialDocumento=58235
02.302.101/0001-42;2016-01-01;1;EMAE - EMPRESA METROP.AGUAS ENERGIA S.A.;016993;FCA;52689;2016-01-05;http://www.rad.cvm.gov.br/ENETCONSULTA/frmDownloadDocumento.aspx?CodigoInstituicao=1&NumeroSequencialDocumento=52689
02.318.346/0001-68;2016-01-01;1;OPPORTUNITY ENERGIA E PARTICIPACOES S.A. - EM LIQUIDAÇÃO;016942;FCA;53742;2016-03-01;http://www.rad.cvm.gov.br/ENETCONSULTA/frmDownloadDocumento.aspx?CodigoInstituicao=1&NumeroSequencialDocumento=53742
02.318.346/0001-68;2016-01-01;2;OPPORTUNITY ENERGIA E PARTICIPACOES S.A. - EM LIQUIDAÇÃO;016942;FCA;57953;2016-07-04;http://www.rad.cvm.gov.br/ENETCONSULTA/frmDownloadDocumento.aspx?CodigoInstituicao=1&NumeroSequencialDocumento=57953
02.328.280/0001-97;2016-01-01;1;ELEKTRO REDES S.A.;017485;FCA;53500;2016-02-19;http://www.rad.cvm.gov.br/ENETCONSULTA/frmDownloadDocumento.aspx?CodigoInstituicao=1&NumeroSequencialDocumento=53500
02.328.280/0001-97;2016-01-01;2;ELEKTRO REDES S.A.;017485;FCA;58101;2016-07-13;http://www.rad.cvm.gov.br/ENETCONSULTA/frmDownloadDocumento.aspx?CodigoInstituicao=1&NumeroSequencialDocumento=58101
02.328.280/0001-97;2016-01-01;3;ELEKTRO REDES S.A.;017485;FCA;59497;2016-09-05;http://www.rad.cvm.gov.br/ENETCONSULTA/frmDownloadDocumento.aspx?CodigoInstituicao=1&NumeroSequencialDocumento=59497
02.338.534/0001-58;2016-01-01;1;LONGDIS S.A.;017434;FCA;53786;2016-03-02;http://www.rad.cvm.gov.br/ENETCONSULTA/frmDownloadDocumento.aspx?CodigoInstituicao=1&NumeroSequencialDocumento=53786
02.351.144/0001-18;2016-01-01;1;TEGMA GESTAO LOGISTICA S.A.;020800;FCA;52778;2016-01-08;http://www.rad.cvm.gov.br/ENETCONSULTA/frmDownloadDocumento.aspx?CodigoInstituicao=1&NumeroSequencialDocumento=52778
02.363.917/0001-86;2016-01-01;1;RET PARTICIPACOES S.A.;017337;FCA;53218;2016-02-04;http://www.rad.cvm.gov.br/ENETCONSULTA/frmDownloadDocumento.aspx?CodigoInstituicao=1&NumeroSequencialDocumento=53218
02.363.918/0001-20;2016-01-01;1;ZAIN PARTICIPACOES S.A.;017361;FCA;53906;2016-03-08;http://www.rad.cvm.gov.br/ENETCONSULTA/frmDownloadDocumento.aspx?CodigoInstituicao=1&NumeroSequencialDocumento=53906
02.365.069/0001-44;2016-01-01;1;PADTEC HOLDING S.A.;018414;FCA;52829;2016-01-12;http://www.rad.cvm.gov.br/ENETCONSULTA/frmDownloadDocumento.aspx?CodigoInstituicao=1&NumeroSequencialDocumento=52829
02.365.069/0001-44;2016-01-01;2;PADTEC HOLDING S.A.;018414;FCA;54357;2016-03-23;http://www.rad.cvm.gov.br/ENETCONSULTA/frmDownloadDocumento.aspx?CodigoInstituicao=1&NumeroSequencialDocumento=54357
02.366.097/0001-86;2016-01-01;1;VIANORTE S/A;021830;FCA;53121;2016-01-30;http://www.rad.cvm.gov.br/ENETCONSULTA/frmDownloadDocumento.aspx?CodigoInstituicao=1&NumeroSequencialDocumento=53121
02.366.097/0001-86;2016-01-01;2;VIANORTE S/A;021830;FCA;58764;2016-08-11;http://www.rad.cvm.gov.br/ENETCONSULTA/frmDownloadDocumento.aspx?CodigoInstituicao=1&NumeroSequencialDocumento=58764
02.373.517/0001-51;2016-01-01;1;LIBRA TERMINAL RIO S.A. - EM RECUPERAÇÃO JUDICIAL;023434;FCA;54383;2016-03-23;http://www.rad.cvm.gov.br/ENETCONSULTA/frmDownloadDocumento.aspx?CodigoInstituicao=1&NumeroSequencialDocumento=54383
02.373.517/0001-51;2016-01-01;2;LIBRA TERMINAL RIO S.A. - EM RECUPERAÇÃO JUDICIAL;023434;FCA;56139;2016-05-12;http://www.rad.cvm.gov.br/ENETCONSULTA/frmDownloadDocumento.aspx?CodigoInstituicao=1&NumeroSequencialDocumento=56139
02.382.073/0001-10;2016-01-01;1;PROLAGOS S/A - CONC.DE SERVICOS PÚBLICOS DE ÁGUA E ESGOTO;023469;FCA;53249;2016-02-05;http://www.rad.cvm.gov.br/ENETCONSULTA/frmDownloadDocumento.aspx?CodigoInstituicao=1&NumeroSequencialDocumento=53249
02.387.241/0001-60;2016-01-01;1;RUMO S.A.;017450;FCA;53622;2016-02-25;http://www.rad.cvm.gov.br/ENETCONSULTA/frmDownloadDocumento.aspx?CodigoInstituicao=1&NumeroSequencialDocumento=53622
02.387.241/0001-60;2016-01-01;2;RUMO S.A.;017450;FCA;56372;2016-05-13;http://www.rad.cvm.gov.br/ENETCONSULTA/frmDownloadDocumento.aspx?CodigoInstituicao=1&NumeroSequencialDocumento=56372
02.387.241/0001-60;2016-01-01;3;RUMO S.A.;017450;FCA;56391;2016-05-13;http://www.rad.cvm.gov.br/ENETCONSULTA/frmDownloadDocumento.aspx?CodigoInstituicao=1&NumeroSequencialDocumento=56391
02.387.241/0001-60;2016-01-01;4;RUMO S.A.;017450;FCA;56769;2016-05-20;http://www.rad.cvm.gov.br/ENETCONSULTA/frmDownloadDocumento.aspx?CodigoInstituicao=1&NumeroSequencialDocumento=56769
02.387.241/0001-60;2016-01-01;5;RUMO S.A.;017450;FCA;57384;2016-05-31;http://www.rad.cvm.gov.br/ENETCONSULTA/frmDownloadDocumento.aspx?CodigoInstituicao=1&NumeroSequencialDocumento=57384
02.387.241/0001-60;2016-01-01;6;RUMO S.A.;017450;FCA;58828;2016-08-11;http://www.rad.cvm.gov.br/ENETCONSULTA/frmDownloadDocumento.aspx?CodigoInstituicao=1&NumeroSequencialDocumento=58828
02.387.241/0001-60;2016-01-01;7;RUMO S.A.;017450;FCA;61079;2016-11-16;http://www.rad.cvm.gov.br/ENETCONSULTA/frmDownloadDocumento.aspx?CodigoInstituicao=1&NumeroSequencialDocumento=61079
02.397.080/0001-96;2016-01-01;1;ITAPEBI GERACAO DE ENERGIA S.A.;019364;FCA;53518;2016-02-22;http://www.rad.cvm.gov.br/ENETCONSULTA/frmDownloadDocumento.aspx?CodigoInstituicao=1&NumeroSequencialDocumento=53518
02.397.080/0001-96;2016-01-01;2;ITAPEBI GERACAO DE ENERGIA S.A.;019364;FCA;57502;2016-06-01;http://www.rad.cvm.gov.br/ENETCONSULTA/frmDownloadDocumento.aspx?CodigoInstituicao=1&NumeroSequencialDocumento=57502
02.397.080/0001-96;2016-01-01;3;ITAPEBI GERACAO DE ENERGIA S.A.;019364;FCA;57659;2016-06-10;http://www.rad.cvm.gov.br/ENETCONSULTA/frmDownloadDocumento.aspx?CodigoInstituicao=1&NumeroSequencialDocumento=57659
02.397.080/0001-96;2016-01-01;4;ITAPEBI GERACAO DE ENERGIA S.A.;019364;FCA;57935;2016-07-04;http://www.rad.cvm.gov.br/ENETCONSULTA/frmDownloadDocumento.aspx?CodigoInstituicao=1&NumeroSequencialDocumento=57935
02.415.408/0001-50;2016-01-01;1;CONC ROD.OESTE SP VIAOESTE S.A;021024;FCA;52907;2016-01-15;http://www.rad.cvm.gov.br/ENETCONSULTA/frmDownloadDocumento.aspx?CodigoInstituicao=1&NumeroSequencialDocumento=52907
02.415.408/0001-50;2016-01-01;2;CONC ROD.OESTE SP VIAOESTE S.A;021024;FCA;53481;2016-02-19;http://www.rad.cvm.gov.br/ENETCONSULTA/frmDownloadDocumento.aspx?CodigoInstituicao=1&NumeroSequencialDocumento=53481
02.429.144/0001-93;2016-01-01;1;CPFL ENERGIA S.A.;018660;FCA;54171;2016-03-18;http://www.rad.cvm.gov.br/ENETCONSULTA/frmDownloadDocumento.aspx?CodigoInstituicao=1&NumeroSequencialDocumento=54171
02.451.848/0001-62;2016-01-01;1;CONC SIST ANHANG-BANDEIRANT S.A. AUTOBAN;020192;FCA;52896;2016-01-14;http://www.rad.cvm.gov.br/ENETCONSULTA/frmDownloadDocumento.aspx?CodigoInstituicao=1&NumeroSequencialDocumento=52896
02.451.848/0001-62;2016-01-01;2;CONC SIST ANHANG-BANDEIRANT S.A. AUTOBAN;020192;FCA;53186;2016-02-03;http://www.rad.cvm.gov.br/ENETCONSULTA/frmDownloadDocumento.aspx?CodigoInstituicao=1&NumeroSequencialDocumento=53186
02.451.848/0001-62;2016-01-01;3;CONC SIST ANHANG-BANDEIRANT S.A. AUTOBAN;020192;FCA;53205;2016-02-04;http://www.rad.cvm.gov.br/ENETCONSULTA/frmDownloadDocumento.aspx?CodigoInstituicao=1&NumeroSequencialDocumento=53205
02.451.848/0001-62;2016-01-01;4;CONC SIST ANHANG-BANDEIRANT S.A. AUTOBAN;020192;FCA;53478;2016-02-19;http://www.rad.cvm.gov.br/ENETCONSULTA/frmDownloadDocumento.aspx?CodigoInstituicao=1&NumeroSequencialDocumento=53478
02.451.848/0001-62;2016-01-01;5;CONC SIST ANHANG-BANDEIRANT S.A. AUTOBAN;020192;FCA;53642;2016-02-25;http://www.rad.cvm.gov.br/ENETCONSULTA/frmDownloadDocumento.aspx?CodigoInstituicao=1&NumeroSequencialDocumento=53642
02.465.783/0001-04;2016-01-01;1;FUTURETEL S.A. - EM LIQUIDAÇÃO;017388;FCA;53909;2016-03-08;http://www.rad.cvm.gov.br/ENETCONSULTA/frmDownloadDocumento.aspx?CodigoInstituicao=1&NumeroSequencialDocumento=53909
02.474.103/0001-19;2016-01-01;1;ENGIE BRASIL ENERGIA S.A.;017329;FCA;53041;2016-01-26;http://www.rad.cvm.gov.br/ENETCONSULTA/frmDownloadDocumento.aspx?CodigoInstituicao=1&NumeroSequencialDocumento=53041
02.474.103/0001-19;2016-01-01;2;ENGIE BRASIL ENERGIA S.A.;017329;FCA;58238;2016-07-25;http://www.rad.cvm.gov.br/ENETCONSULTA/frmDownloadDocumento.aspx?CodigoInstituicao=1&NumeroSequencialDocumento=58238
02.474.103/0001-19;2016-01-01;3;ENGIE BRASIL ENERGIA S.A.;017329;FCA;60436;2016-11-08;http://www.rad.cvm.gov.br/ENETCONSULTA/frmDownloadDocumento.aspx?CodigoInstituicao=1&NumeroSequencialDocumento=60436
02.476.710/0001-18;2016-01-01;1;TELINVEST S.A.;017418;FCA;53783;2016-03-02;http://www.rad.cvm.gov.br/ENETCONSULTA/frmDownloadDocumento.aspx?CodigoInstituicao=1&NumeroSequencialDocumento=53783
02.502.844/0001-66;2016-01-01;1;RUMO MALHA PAULISTA S.A.;017930;FCA;54429;2016-03-24;http://www.rad.cvm.gov.br/ENETCONSULTA/frmDownloadDocumento.aspx?CodigoInstituicao=1&NumeroSequencialDocumento=54429
02.502.844/0001-66;2016-01-01;2;RUMO MALHA PAULISTA S.A.;017930;FCA;57724;2016-06-16;http://www.rad.cvm.gov.br/ENETCONSULTA/frmDownloadDocumento.aspx?CodigoInstituicao=1&NumeroSequencialDocumento=57724
02.509.186/0001-34;2016-01-01;1;TRIÂNGULO DO SOL AUTO-ESTRADAS S.A.;023060;FCA;53627;2016-02-25;http://www.rad.cvm.gov.br/ENETCONSULTA/frmDownloadDocumento.aspx?CodigoInstituicao=1&NumeroSequencialDocumento=53627
02.509.491/0001-26;2016-01-01;1;CONC ECOVIAS IMIGRANTES S.A.;020397;FCA;52872;2016-01-13;http://www.rad.cvm.gov.br/ENETCONSULTA/frmDownloadDocumento.aspx?CodigoInstituicao=1&NumeroSequencialDocumento=52872
02.509.491/0001-26;2016-01-01;2;CONC ECOVIAS IMIGRANTES S.A.;020397;FCA;57183;2016-05-31;http://www.rad.cvm.gov.br/ENETCONSULTA/frmDownloadDocumento.aspx?CodigoInstituicao=1&NumeroSequencialDocumento=57183
02.535.295/0001-26;2016-01-01;1;MAORI SA;017779;FCA;54583;2016-03-29;http://www.rad.cvm.gov.br/ENETCONSULTA/frmDownloadDocumento.aspx?CodigoInstituicao=1&NumeroSequencialDocumento=54583
02.535.295/0001-26;2016-01-01;2;MAORI SA;017779;FCA;54687;2016-03-30;http://www.rad.cvm.gov.br/ENETCONSULTA/frmDownloadDocumento.aspx?CodigoInstituicao=1&NumeroSequencialDocumento=54687
02.541.982/0001-54;2016-01-01;1;SOMOS EDUCAÇÃO S.A.;022551;FCA;52701;2016-01-05;http://www.rad.cvm.gov.br/ENETCONSULTA/frmDownloadDocumento.aspx?CodigoInstituicao=1&NumeroSequencialDocumento=52701
02.541.982/0001-54;2016-01-01;2;SOMOS EDUCAÇÃO S.A.;022551;FCA;53277;2016-02-05;http://www.rad.cvm.gov.br/ENETCONSULTA/frmDownloadDocumento.aspx?CodigoInstituicao=1&NumeroSequencialDocumento=53277
02.555.926/0001-79;2016-01-01;1;CENTROVIAS-SISTEMAS RODOVIARIOS S/A;021857;FCA;53110;2016-01-29;http://www.rad.cvm.gov.br/ENETCONSULTA/frmDownloadDocumento.aspx?CodigoInstituicao=1&NumeroSequencialDocumento=53110
02.555.926/0001-79;2016-01-01;2;CENTROVIAS-SISTEMAS RODOVIARIOS S/A;021857;FCA;58765;2016-08-11;http://www.rad.cvm.gov.br/ENETCONSULTA/frmDownloadDocumento.aspx?CodigoInstituicao=1&NumeroSequencialDocumento=58765
02.558.115/0001-21;2016-01-01;1;TIM PARTICIPACOES S.A.;017639;FCA;53207;2016-02-04;http://www.rad.cvm.gov.br/ENETCONSULTA/frmDownloadDocumento.aspx?CodigoInstituicao=1&NumeroSequencialDocumento=53207
02.558.115/0001-21;2016-01-01;2;TIM PARTICIPACOES S.A.;017639;FCA;54202;2016-03-18;http://www.rad.cvm.gov.br/ENETCONSULTA/frmDownloadDocumento.aspx?CodigoInstituicao=1&NumeroSequencialDocumento=54202
02.558.115/0001-21;2016-01-01;3;TIM PARTICIPACOES S.A.;017639;FCA;55183;2016-04-19;http://www.rad.cvm.gov.br/ENETCONSULTA/frmDownloadDocumento.aspx?CodigoInstituicao=1&NumeroSequencialDocumento=55183
02.558.115/0001-21;2016-01-01;4;TIM PARTICIPACOES S.A.;017639;FCA;56761;2016-05-20;http://www.rad.cvm.gov.br/ENETCONSULTA/frmDownloadDocumento.aspx?CodigoInstituicao=1&NumeroSequencialDocumento=56761
02.558.115/0001-21;2016-01-01;5;TIM PARTICIPACOES S.A.;017639;FCA;58362;2016-07-29;http://www.rad.cvm.gov.br/ENETCONSULTA/frmDownloadDocumento.aspx?CodigoInstituicao=1&NumeroSequencialDocumento=58362
02.558.157/0001-62;2016-01-01;1;TELEFÔNICA BRASIL S.A;017671;FCA;52737;2016-01-07;http://www.rad.cvm.gov.br/ENETCONSULTA/frmDownloadDocumento.aspx?CodigoInstituicao=1&NumeroSequencialDocumento=52737
02.558.157/0001-62;2016-01-01;2;TELEFÔNICA BRASIL S.A;017671;FCA;54192;2016-03-18;http://www.rad.cvm.gov.br/ENETCONSULTA/frmDownloadDocumento.aspx?CodigoInstituicao=1&NumeroSequencialDocumento=54192
02.558.157/0001-62;2016-01-01;3;TELEFÔNICA BRASIL S.A;017671;FCA;55150;2016-04-18;http://www.rad.cvm.gov.br/ENETCONSULTA/frmDownloadDocumento.aspx?CodigoInstituicao=1&NumeroSequencialDocumento=55150
02.558.157/0001-62;2016-01-01;4;TELEFÔNICA BRASIL S.A;017671;FCA;55301;2016-04-27;http://www.rad.cvm.gov.br/ENETCONSULTA/frmDownloadDocumento.aspx?CodigoInstituicao=1&NumeroSequencialDocumento=55301
02.591.787/0001-39;2016-01-01;1;CAPITALPART PARTICIPACOES S.A.;017493;FCA;53784;2016-03-02;http://www.rad.cvm.gov.br/ENETCONSULTA/frmDownloadDocumento.aspx?CodigoInstituicao=1&NumeroSequencialDocumento=53784
02.604.860/0001-60;2016-01-01;1;INNCORP S.A.;017558;FCA;53785;2016-03-02;http://www.rad.cvm.gov.br/ENETCONSULTA/frmDownloadDocumento.aspx?CodigoInstituicao=1&NumeroSequencialDocumento=53785
02.604.860/0001-60;2016-01-01;2;INNCORP S.A.;017558;FCA;56149;2016-05-12;http://www.rad.cvm.gov.br/ENETCONSULTA/frmDownloadDocumento.aspx?CodigoInstituicao=1&NumeroSequencialDocumento=56149
02.604.997/0001-14;2016-01-01;1;NEWTEL PARTICIPACOES S.A.;017540;FCA;53907;2016-03-08;http://www.rad.cvm.gov.br/ENETCONSULTA/frmDownloadDocumento.aspx?CodigoInstituicao=1&NumeroSequencialDocumento=53907
02.643.896/0001-52;2016-01-01;1;REAL AI PIC SEC DE CREDITOS IMOBILIARIO S.A.;018430;FCA;53217;2016-02-04;http://www.rad.cvm.gov.br/ENETCONSULTA/frmDownloadDocumento.aspx?CodigoInstituicao=1&NumeroSequencialDocumento=53217
02.643.896/0001-52;2016-01-01;2;REAL AI PIC SEC DE CREDITOS IMOBILIARIO S.A.;018430;FCA;54284;2016-03-22;http://www.rad.cvm.gov.br/ENETCONSULTA/frmDownloadDocumento.aspx?CodigoInstituicao=1&NumeroSequencialDocumento=54284
02.643.896/0001-52;2016-01-01;3;REAL AI PIC SEC DE CREDITOS IMOBILIARIO S.A.;018430;FCA;54971;2016-04-05;http://www.rad.cvm.gov.br/ENETCONSULTA/frmDownloadDocumento.aspx?CodigoInstituicao=1&NumeroSequencialDocumento=54971
02.643.896/0001-52;2016-01-01;4;REAL AI PIC SEC DE CREDITOS IMOBILIARIO S.A.;018430;FCA;55428;2016-05-02;http://www.rad.cvm.gov.br/ENETCONSULTA/frmDownloadDocumento.aspx?CodigoInstituicao=1&NumeroSequencialDocumento=55428
02.664.042/0001-52;2016-01-01;1;TERMINAL GARAGEM MENEZES CORTES S.A.;018538;FCA;53553;2016-02-23;http://www.rad.cvm.gov.br/ENETCONSULTA/frmDownloadDocumento.aspx?CodigoInstituicao=1&NumeroSequencialDocumento=53553
02.664.042/0001-52;2016-01-01;2;TERMINAL GARAGEM MENEZES CORTES S.A.;018538;FCA;56627;2016-05-17;http://www.rad.cvm.gov.br/ENETCONSULTA/frmDownloadDocumento.aspx?CodigoInstituicao=1&NumeroSequencialDocumento=56627
02.679.185/0001-38;2016-01-01;1;AUTOVIAS S/A;021822;FCA;53107;2016-01-29;http://www.rad.cvm.gov.br/ENETCONSULTA/frmDownloadDocumento.aspx?CodigoInstituicao=1&NumeroSequencialDocumento=53107
02.679.185/0001-38;2016-01-01;2;AUTOVIAS S/A;021822;FCA;58684;2016-08-10;http://www.rad.cvm.gov.br/ENETCONSULTA/frmDownloadDocumento.aspx?CodigoInstituicao=1&NumeroSequencialDocumento=58684
02.682.287/0001-02;2016-01-01;1;PAN FINANCEIRA S.A. - CRÉDITO, FINANCIAMENTO E INVESTIMENTO;018554;FCA;53259;2016-02-05;http://www.rad.cvm.gov.br/ENETCONSULTA/frmDownloadDocumento.aspx?CodigoInstituicao=1&NumeroSequencialDocumento=53259
02.682.287/0001-02;2016-01-01;2;PAN FINANCEIRA S.A. - CRÉDITO, FINANCIAMENTO E INVESTIMENTO;018554;FCA;55705;2016-05-06;http://www.rad.cvm.gov.br/ENETCONSULTA/frmDownloadDocumento.aspx?CodigoInstituicao=1&NumeroSequencialDocumento=55705
02.682.287/0001-02;2016-01-01;3;PAN FINANCEIRA S.A. - CRÉDITO, FINANCIAMENTO E INVESTIMENTO;018554;FCA;58116;2016-07-15;http://www.rad.cvm.gov.br/ENETCONSULTA/frmDownloadDocumento.aspx?CodigoInstituicao=1&NumeroSequencialDocumento=58116
02.682.287/0001-02;2016-01-01;4;PAN FINANCEIRA S.A. - CRÉDITO, FINANCIAMENTO E INVESTIMENTO;018554;FCA;59558;2016-09-09;http://www.rad.cvm.gov.br/ENETCONSULTA/frmDownloadDocumento.aspx?CodigoInstituicao=1&NumeroSequencialDocumento=59558
02.724.983/0001-34;2016-01-01;1;SANESALTO SANEAMENTO S.A.;019593;FCA;53479;2016-02-19;http://www.rad.cvm.gov.br/ENETCONSULTA/frmDownloadDocumento.aspx?CodigoInstituicao=1&NumeroSequencialDocumento=53479
02.724.983/0001-34;2016-01-01;2;SANESALTO SANEAMENTO S.A.;019593;FCA;55945;2016-05-10;http://www.rad.cvm.gov.br/ENETCONSULTA/frmDownloadDocumento.aspx?CodigoInstituicao=1&NumeroSequencialDocumento=55945
02.736.470/0001-43;2016-01-01;1;CONFIANZA SECURITIZADORA SA;018236;FCA;53911;2016-03-08;http://www.rad.cvm.gov.br/ENETCONSULTA/frmDownloadDocumento.aspx?CodigoInstituicao=1&NumeroSequencialDocumento=53911
02.736.470/0001-43;2016-01-01;2;CONFIANZA SECURITIZADORA SA;018236;FCA;54824;2016-03-31;http://www.rad.cvm.gov.br/ENETCONSULTA/frmDownloadDocumento.aspx?CodigoInstituicao=1&NumeroSequencialDocumento=54824
02.762.113/0001-50;2016-01-01;1;BRAZILIAN FINANCE E REAL ESTATE S.A.;017922;FCA;53258;2016-02-05;http://www.rad.cvm.gov.br/ENETCONSULTA/frmDownloadDocumento.aspx?CodigoInstituicao=1&NumeroSequencialDocumento=53258
02.762.113/0001-50;2016-01-01;2;BRAZILIAN FINANCE E REAL ESTATE S.A.;017922;FCA;55819;2016-05-09;http://www.rad.cvm.gov.br/ENETCONSULTA/frmDownloadDocumento.aspx?CodigoInstituicao=1&NumeroSequencialDocumento=55819
02.762.113/0001-50;2016-01-01;3;BRAZILIAN FINANCE E REAL ESTATE S.A.;017922;FCA;58115;2016-07-15;http://www.rad.cvm.gov.br/ENETCONSULTA/frmDownloadDocumento.aspx?CodigoInstituicao=1&NumeroSequencialDocumento=58115
02.762.113/0001-50;2016-01-01;4;BRAZILIAN FINANCE E REAL ESTATE S.A.;017922;FCA;61252;2016-11-25;http://www.rad.cvm.gov.br/ENETCONSULTA/frmDownloadDocumento.aspx?CodigoInstituicao=1&NumeroSequencialDocumento=61252
02.762.115/0001-49;2016-01-01;1;MMX MINERACAO E METALICOS S.A. - EM RECUPERAÇÃO JUDICIAL;017914;FCA;54793;2016-03-31;http://www.rad.cvm.gov.br/ENETCONSULTA/frmDownloadDocumento.aspx?CodigoInstituicao=1&NumeroSequencialDocumento=54793
02.762.115/0001-49;2016-01-01;2;MMX MINERACAO E METALICOS S.A. - EM RECUPERAÇÃO JUDICIAL;017914;FCA;54936;2016-04-01;http://www.rad.cvm.gov.br/ENETCONSULTA/frmDownloadDocumento.aspx?CodigoInstituicao=1&NumeroSequencialDocumento=54936
02.762.115/0001-49;2016-01-01;3;MMX MINERACAO E METALICOS S.A. - EM RECUPERAÇÃO JUDICIAL;017914;FCA;56138;2016-05-12;http://www.rad.cvm.gov.br/ENETCONSULTA/frmDownloadDocumento.aspx?CodigoInstituicao=1&NumeroSequencialDocumento=56138
02.762.115/0001-49;2016-01-01;4;MMX MINERACAO E METALICOS S.A. - EM RECUPERAÇÃO JUDICIAL;017914;FCA;61338;2016-12-01;http://www.rad.cvm.gov.br/ENETCONSULTA/frmDownloadDocumento.aspx?CodigoInstituicao=1&NumeroSequencialDocumento=61338
02.762.121/0001-04;2016-01-01;1;SANTOS BRASIL PARTICIPACOES S.A.;017892;FCA;53015;2016-01-22;http://www.rad.cvm.gov.br/ENETCONSULTA/frmDownloadDocumento.aspx?CodigoInstituicao=1&NumeroSequencialDocumento=53015
02.762.121/0001-04;2016-01-01;2;SANTOS BRASIL PARTICIPACOES S.A.;017892;FCA;54959;2016-04-04;http://www.rad.cvm.gov.br/ENETCONSULTA/frmDownloadDocumento.aspx?CodigoInstituicao=1&NumeroSequencialDocumento=54959
02.762.121/0001-04;2016-01-01;3;SANTOS BRASIL PARTICIPACOES S.A.;017892;FCA;60263;2016-10-31;http://www.rad.cvm.gov.br/ENETCONSULTA/frmDownloadDocumento.aspx?CodigoInstituicao=1&NumeroSequencialDocumento=60263
02.762.124/0001-30;2016-01-01;1;BETAPART PARTICIPACOES S.A.;017884;FCA;53743;2016-03-01;http://www.rad.cvm.gov.br/ENETCONSULTA/frmDownloadDocumento.aspx?CodigoInstituicao=1&NumeroSequencialDocumento=53743
02.762.124/0001-30;2016-01-01;2;BETAPART PARTICIPACOES S.A.;017884;FCA;57948;2016-07-04;http://www.rad.cvm.gov.br/ENETCONSULTA/frmDownloadDocumento.aspx?CodigoInstituicao=1&NumeroSequencialDocumento=57948
02.773.542/0001-22;2016-01-01;1;OPEA SECURITIZADORA S.A.;018406;FCA;52715;2016-01-06;http://www.rad.cvm.gov.br/ENETCONSULTA/frmDownloadDocumento.aspx?CodigoInstituicao=1&NumeroSequencialDocumento=52715
02.773.542/0001-22;2016-01-01;2;OPEA SECURITIZADORA S.A.;018406;FCA;54262;2016-03-22;http://www.rad.cvm.gov.br/ENETCONSULTA/frmDownloadDocumento.aspx?CodigoInstituicao=1&NumeroSequencialDocumento=54262
02.773.542/0001-22;2016-01-01;3;OPEA SECURITIZADORA S.A.;018406;FCA;59336;2016-08-23;http://www.rad.cvm.gov.br/ENETCONSULTA/frmDownloadDocumento.aspx?CodigoInstituicao=1&NumeroSequencialDocumento=59336
02.773.542/0001-22;2016-01-01;4;OPEA SECURITIZADORA S.A.;018406;FCA;59910;2016-10-04;http://www.rad.cvm.gov.br/ENETCONSULTA/frmDownloadDocumento.aspx?CodigoInstituicao=1&NumeroSequencialDocumento=59910
02.783.423/0001-50;2016-01-01;1;ALTERE SECURITIZADORA S.A.;018066;FCA;53774;2016-03-02;http://www.rad.cvm.gov.br/ENETCONSULTA/frmDownloadDocumento.aspx?CodigoInstituicao=1&NumeroSequencialDocumento=53774
02.796.775/0001-40;2016-01-01;1;GAMA PARTICIPACOES S.A.;017965;FCA;53744;2016-03-01;http://www.rad.cvm.gov.br/ENETCONSULTA/frmDownloadDocumento.aspx?CodigoInstituicao=1&NumeroSequencialDocumento=53744
02.796.775/0001-40;2016-01-01;2;GAMA PARTICIPACOES S.A.;017965;FCA;57946;2016-07-04;http://www.rad.cvm.gov.br/ENETCONSULTA/frmDownloadDocumento.aspx?CodigoInstituicao=1&NumeroSequencialDocumento=57946
02.800.026/0001-40;2016-01-01;1;COGNA EDUCAÇÃO S.A.;017973;FCA;53312;2016-02-11;http://www.rad.cvm.gov.br/ENETCONSULTA/frmDownloadDocumento.aspx?CodigoInstituicao=1&NumeroSequencialDocumento=53312
02.800.026/0001-40;2016-01-01;2;COGNA EDUCAÇÃO S.A.;017973;FCA;58598;2016-08-09;http://www.rad.cvm.gov.br/ENETCONSULTA/frmDownloadDocumento.aspx?CodigoInstituicao=1&NumeroSequencialDocumento=58598
02.808.481/0001-91;2016-01-01;1;AETATIS SECURITIZADORA S.A.;018104;FCA;54716;2016-03-30;http://www.rad.cvm.gov.br/ENETCONSULTA/frmDownloadDocumento.aspx?CodigoInstituicao=1&NumeroSequencialDocumento=54716
02.846.056/0001-97;2016-01-01;1;CCR S.A.;018821;FCA;52694;2016-01-05;http://www.rad.cvm.gov.br/ENETCONSULTA/frmDownloadDocumento.aspx?CodigoInstituicao=1&NumeroSequencialDocumento=52694
02.846.056/0001-97;2016-01-01;2;CCR S.A.;018821;FCA;53484;2016-02-19;http://www.rad.cvm.gov.br/ENETCONSULTA/frmDownloadDocumento.aspx?CodigoInstituicao=1&NumeroSequencialDocumento=53484
02.846.056/0001-97;2016-01-01;3;CCR S.A.;018821;FCA;55007;2016-04-06;http://www.rad.cvm.gov.br/ENETCONSULTA/frmDownloadDocumento.aspx?CodigoInstituicao=1&NumeroSequencialDocumento=55007
02.846.056/0001-97;2016-01-01;4;CCR S.A.;018821;FCA;55295;2016-04-27;http://www.rad.cvm.gov.br/ENETCONSULTA/frmDownloadDocumento.aspx?CodigoInstituicao=1&NumeroSequencialDocumento=55295
02.846.056/0001-97;2016-01-01;5;CCR S.A.;018821;FCA;58434;2016-08-03;http://www.rad.cvm.gov.br/ENETCONSULTA/frmDownloadDocumento.aspx?CodigoInstituicao=1&NumeroSequencialDocumento=58434
02.860.694/0001-62;2016-01-01;1;T4F ENTRETENIMENTO S.A.;022454;FCA;53945;2016-03-09;http://www.rad.cvm.gov.br/ENETCONSULTA/frmDownloadDocumento.aspx?CodigoInstituicao=1&NumeroSequencialDocumento=53945
02.860.694/0001-62;2016-01-01;2;T4F ENTRETENIMENTO S.A.;022454;FCA;54527;2016-03-28;http://www.rad.cvm.gov.br/ENETCONSULTA/frmDownloadDocumento.aspx?CodigoInstituicao=1&NumeroSequencialDocumento=54527
02.916.265/0001-60;2016-01-01;1;JBS S.A.;020575;FCA;52807;2016-01-11;http://www.rad.cvm.gov.br/ENETCONSULTA/frmDownloadDocumento.aspx?CodigoInstituicao=1&NumeroSequencialDocumento=52807
02.916.265/0001-60;2016-01-01;2;JBS S.A.;020575;FCA;56573;2016-05-16;http://www.rad.cvm.gov.br/ENETCONSULTA/frmDownloadDocumento.aspx?CodigoInstituicao=1&NumeroSequencialDocumento=56573
02.919.555/0001-67;2016-01-01;1;ARTERIS S.A.;019771;FCA;53293;2016-02-10;http://www.rad.cvm.gov.br/ENETCONSULTA/frmDownloadDocumento.aspx?CodigoInstituicao=1&NumeroSequencialDocumento=53293
02.919.555/0001-67;2016-01-01;2;ARTERIS S.A.;019771;FCA;57760;2016-06-20;http://www.rad.cvm.gov.br/ENETCONSULTA/frmDownloadDocumento.aspx?CodigoInstituicao=1&NumeroSequencialDocumento=57760
02.919.555/0001-67;2016-01-01;3;ARTERIS S.A.;019771;FCA;58639;2016-08-10;http://www.rad.cvm.gov.br/ENETCONSULTA/frmDownloadDocumento.aspx?CodigoInstituicao=1&NumeroSequencialDocumento=58639
02.919.555/0001-67;2016-01-01;4;ARTERIS S.A.;019771;FCA;59424;2016-08-30;http://www.rad.cvm.gov.br/ENETCONSULTA/frmDownloadDocumento.aspx?CodigoInstituicao=1&NumeroSequencialDocumento=59424
02.932.074/0001-91;2016-01-01;1;HYPERA S.A.;021431;FCA;53324;2016-02-11;http://www.rad.cvm.gov.br/ENETCONSULTA/frmDownloadDocumento.aspx?CodigoInstituicao=1&NumeroSequencialDocumento=53324
02.950.811/0001-89;2016-01-01;1;PDG REALTY S.A. EMPREEND E PARTICIPACOES;020478;FCA;52677;2016-01-04;http://www.rad.cvm.gov.br/ENETCONSULTA/frmDownloadDocumento.aspx?CodigoInstituicao=1&NumeroSequencialDocumento=52677
02.950.811/0001-89;2016-01-01;2;PDG REALTY S.A. EMPREEND E PARTICIPACOES;020478;FCA;52946;2016-01-19;http://www.rad.cvm.gov.br/ENETCONSULTA/frmDownloadDocumento.aspx?CodigoInstituicao=1&NumeroSequencialDocumento=52946
02.950.811/0001-89;2016-01-01;3;PDG REALTY S.A. EMPREEND E PARTICIPACOES;020478;FCA;52982;2016-01-20;http://www.rad.cvm.gov.br/ENETCONSULTA/frmDownloadDocumento.aspx?CodigoInstituicao=1&NumeroSequencialDocumento=52982
02.950.811/0001-89;2016-01-01;4;PDG REALTY S.A. EMPREEND E PARTICIPACOES;020478;FCA;57486;2016-06-01;http://www.rad.cvm.gov.br/ENETCONSULTA/frmDownloadDocumento.aspx?CodigoInstituicao=1&NumeroSequencialDocumento=57486
02.950.811/0001-89;2016-01-01;5;PDG REALTY S.A. EMPREEND E PARTICIPACOES;020478;FCA;59308;2016-08-19;http://www.rad.cvm.gov.br/ENETCONSULTA/frmDownloadDocumento.aspx?CodigoInstituicao=1&NumeroSequencialDocumento=59308
02.950.811/0001-89;2016-01-01;6;PDG REALTY S.A. EMPREEND E PARTICIPACOES;020478;FCA;59309;2016-08-19;http://www.rad.cvm.gov.br/ENETCONSULTA/frmDownloadDocumento.aspx?CodigoInstituicao=1&NumeroSequencialDocumento=59309
02.950.811/0001-89;2016-01-01;7;PDG REALTY S.A. EMPREEND E PARTICIPACOES;020478;FCA;60959;2016-11-14;http://www.rad.cvm.gov.br/ENETCONSULTA/frmDownloadDocumento.aspx?CodigoInstituicao=1&NumeroSequencialDocumento=60959
02.983.428/0001-27;2016-01-01;1;CEMIG TELECOMUNICAÇÕES S.A.;018716;FCA;52657;2016-01-04;http://www.rad.cvm.gov.br/ENETCONSULTA/frmDownloadDocumento.aspx?CodigoInstituicao=1&NumeroSequencialDocumento=52657
02.983.428/0001-27;2016-01-01;2;CEMIG TELECOMUNICAÇÕES S.A.;018716;FCA;55429;2016-05-02;http://www.rad.cvm.gov.br/ENETCONSULTA/frmDownloadDocumento.aspx?CodigoInstituicao=1&NumeroSequencialDocumento=55429
02.992.449/0001-09;2016-01-01;1;PROMPT PARTICIPACOES S.A.;018333;FCA;53745;2016-03-01;http://www.rad.cvm.gov.br/ENETCONSULTA/frmDownloadDocumento.aspx?CodigoInstituicao=1&NumeroSequencialDocumento=53745
02.992.449/0001-09;2016-01-01;2;PROMPT PARTICIPACOES S.A.;018333;FCA;57947;2016-07-04;http://www.rad.cvm.gov.br/ENETCONSULTA/frmDownloadDocumento.aspx?CodigoInstituicao=1&NumeroSequencialDocumento=57947
02.998.301/0001-81;2016-01-01;1;RIO PARANAPANEMA ENERGIA S.A.;018368;FCA;54456;2016-03-24;http://www.rad.cvm.gov.br/ENETCONSULTA/frmDownloadDocumento.aspx?CodigoInstituicao=1&NumeroSequencialDocumento=54456
02.998.611/0001-04;2016-01-01;1;CTEEP - CIA TRANSMISSÃO ENERGIA ELÉTRICA PAULISTA;018376;FCA;52664;2016-01-04;http://www.rad.cvm.gov.br/ENETCONSULTA/frmDownloadDocumento.aspx?CodigoInstituicao=1&NumeroSequencialDocumento=52664
02.998.611/0001-04;2016-01-01;2;CTEEP - CIA TRANSMISSÃO ENERGIA ELÉTRICA PAULISTA;018376;FCA;59588;2016-09-12;http://www.rad.cvm.gov.br/ENETCONSULTA/frmDownloadDocumento.aspx?CodigoInstituicao=1&NumeroSequencialDocumento=59588
03.014.553/0001-91;2016-01-01;1;TPI - TRIUNFO PARTICIP. E INVEST. S.A.;019330;FCA;53087;2016-01-28;http://www.rad.cvm.gov.br/ENETCONSULTA/frmDownloadDocumento.aspx?CodigoInstituicao=1&NumeroSequencialDocumento=53087
03.014.553/0001-91;2016-01-01;2;TPI - TRIUNFO PARTICIP. E INVEST. S.A.;019330;FCA;57974;2016-07-05;http://www.rad.cvm.gov.br/ENETCONSULTA/frmDownloadDocumento.aspx?CodigoInstituicao=1&NumeroSequencialDocumento=57974
03.025.305/0001-46;2016-01-01;1;RODOVIAS DAS COLINAS S.A.;023167;FCA;53557;2016-02-23;http://www.rad.cvm.gov.br/ENETCONSULTA/frmDownloadDocumento.aspx?CodigoInstituicao=1&NumeroSequencialDocumento=53557
03.025.305/0001-46;2016-01-01;2;RODOVIAS DAS COLINAS S.A.;023167;FCA;55195;2016-04-20;http://www.rad.cvm.gov.br/ENETCONSULTA/frmDownloadDocumento.aspx?CodigoInstituicao=1&NumeroSequencialDocumento=55195
03.052.673/0001-83;2016-01-01;1;ELETRONET S/A;018740;FCA;55076;2016-04-11;http://www.rad.cvm.gov.br/ENETCONSULTA/frmDownloadDocumento.aspx?CodigoInstituicao=1&NumeroSequencialDocumento=55076
03.052.673/0001-83;2016-01-01;2;ELETRONET S/A;018740;FCA;55258;2016-04-26;http://www.rad.cvm.gov.br/ENETCONSULTA/frmDownloadDocumento.aspx?CodigoInstituicao=1&NumeroSequencialDocumento=55258
03.207.703/0001-83;2016-01-01;1;CONCESSIONARIA DE RODOVIAS DO INTERIOR PAULISTA S/A;021849;FCA;53109;2016-01-29;http://www.rad.cvm.gov.br/ENETCONSULTA/frmDownloadDocumento.aspx?CodigoInstituicao=1&NumeroSequencialDocumento=53109
03.207.703/0001-83;2016-01-01;2;CONCESSIONARIA DE RODOVIAS DO INTERIOR PAULISTA S/A;021849;FCA;58766;2016-08-11;http://www.rad.cvm.gov.br/ENETCONSULTA/frmDownloadDocumento.aspx?CodigoInstituicao=1&NumeroSequencialDocumento=58766
03.220.438/0001-73;2016-01-01;1;EQUATORIAL ENERGIA S.A.;020010;FCA;52843;2016-01-12;http://www.rad.cvm.gov.br/ENETCONSULTA/frmDownloadDocumento.aspx?CodigoInstituicao=1&NumeroSequencialDocumento=52843
03.303.999/0001-36;2016-01-01;1;DTCOM - DIRECT TO COMPANY S.A.;018597;FCA;54626;2016-03-29;http://www.rad.cvm.gov.br/ENETCONSULTA/frmDownloadDocumento.aspx?CodigoInstituicao=1&NumeroSequencialDocumento=54626
03.303.999/0001-36;2016-01-01;2;DTCOM - DIRECT TO COMPANY S.A.;018597;FCA;56886;2016-05-26;http://www.rad.cvm.gov.br/ENETCONSULTA/frmDownloadDocumento.aspx?CodigoInstituicao=1&NumeroSequencialDocumento=56886
03.378.521/0001-75;2016-01-01;1;LIGHT S.A. - EM RECUPERAÇÃO JUDICIAL;019879;FCA;53035;2016-01-22;http://www.rad.cvm.gov.br/ENETCONSULTA/frmDownloadDocumento.aspx?CodigoInstituicao=1&NumeroSequencialDocumento=53035
03.378.521/0001-75;2016-01-01;2;LIGHT S.A. - EM RECUPERAÇÃO JUDICIAL;019879;FCA;54084;2016-03-15;http://www.rad.cvm.gov.br/ENETCONSULTA/frmDownloadDocumento.aspx?CodigoInstituicao=1&NumeroSequencialDocumento=54084
03.467.321/0001-99;2016-01-01;1;ENERGISA MATO GROSSO-DISTRIBUIDORA DE ENERGIA S/A;014605;FCA;53161;2016-02-02;http://www.rad.cvm.gov.br/ENETCONSULTA/frmDownloadDocumento.aspx?CodigoInstituicao=1&NumeroSequencialDocumento=53161
03.467.321/0001-99;2016-01-01;2;ENERGISA MATO GROSSO-DISTRIBUIDORA DE ENERGIA S/A;014605;FCA;55415;2016-05-02;http://www.rad.cvm.gov.br/ENETCONSULTA/frmDownloadDocumento.aspx?CodigoInstituicao=1&NumeroSequencialDocumento=55415
03.538.833/0001-07;2016-01-01;1;XX DE NOVEMBRO INVESTIMENTOS E PARTICIPAÇÕES S.A.;020001;FCA;53752;2016-03-01;http://www.rad.cvm.gov.br/ENETCONSULTA/frmDownloadDocumento.aspx?CodigoInstituicao=1&NumeroSequencialDocumento=53752
03.538.833/0001-07;2016-01-01;2;XX DE NOVEMBRO INVESTIMENTOS E PARTICIPAÇÕES S.A.;020001;FCA;57949;2016-07-04;http://www.rad.cvm.gov.br/ENETCONSULTA/frmDownloadDocumento.aspx?CodigoInstituicao=1&NumeroSequencialDocumento=57949
03.559.006/0001-91;2016-01-01;1;RB CAPITAL SECURITIZADORA S.A.;019860;FCA;54601;2016-03-29;http://www.rad.cvm.gov.br/ENETCONSULTA/frmDownloadDocumento.aspx?CodigoInstituicao=1&NumeroSequencialDocumento=54601
03.559.006/0001-91;2016-01-01;2;RB CAPITAL SECURITIZADORA S.A.;019860;FCA;59359;2016-08-24;http://www.rad.cvm.gov.br/ENETCONSULTA/frmDownloadDocumento.aspx?CodigoInstituicao=1&NumeroSequencialDocumento=59359
03.601.314/0001-38;2016-01-01;1;ANDRADE GUTIERREZ CONCESSOES S.A.;019437;FCA;54912;2016-03-31;http://www.rad.cvm.gov.br/ENETCONSULTA/frmDownloadDocumento.aspx?CodigoInstituicao=1&NumeroSequencialDocumento=54912
03.601.314/0001-38;2016-01-01;2;ANDRADE GUTIERREZ CONCESSOES S.A.;019437;FCA;56839;2016-05-24;http://www.rad.cvm.gov.br/ENETCONSULTA/frmDownloadDocumento.aspx?CodigoInstituicao=1&NumeroSequencialDocumento=56839
03.601.314/0001-38;2016-01-01;3;ANDRADE GUTIERREZ CONCESSOES S.A.;019437;FCA;59294;2016-08-19;http://www.rad.cvm.gov.br/ENETCONSULTA/frmDownloadDocumento.aspx?CodigoInstituicao=1&NumeroSequencialDocumento=59294
03.758.318/0001-24;2016-01-01;1;INVESTIMENTOS E PARTICIP. EM INFRA S.A. - INVEPAR;018775;FCA;53999;2016-03-10;http://www.rad.cvm.gov.br/ENETCONSULTA/frmDownloadDocumento.aspx?CodigoInstituicao=1&NumeroSequencialDocumento=53999
03.758.318/0001-24;2016-01-01;2;INVESTIMENTOS E PARTICIP. EM INFRA S.A. - INVEPAR;018775;FCA;58124;2016-07-15;http://www.rad.cvm.gov.br/ENETCONSULTA/frmDownloadDocumento.aspx?CodigoInstituicao=1&NumeroSequencialDocumento=58124
03.767.538/0001-14;2016-01-01;1;BRAZILIAN SECURITIES CIA SECURITIZACAO;018759;FCA;53261;2016-02-05;http://www.rad.cvm.gov.br/ENETCONSULTA/frmDownloadDocumento.aspx?CodigoInstituicao=1&NumeroSequencialDocumento=53261
03.767.538/0001-14;2016-01-01;2;BRAZILIAN SECURITIES CIA SECURITIZACAO;018759;FCA;55779;2016-05-09;http://www.rad.cvm.gov.br/ENETCONSULTA/frmDownloadDocumento.aspx?CodigoInstituicao=1&NumeroSequencialDocumento=55779
03.767.538/0001-14;2016-01-01;3;BRAZILIAN SECURITIES CIA SECURITIZACAO;018759;FCA;58114;2016-07-15;http://www.rad.cvm.gov.br/ENETCONSULTA/frmDownloadDocumento.aspx?CodigoInstituicao=1&NumeroSequencialDocumento=58114
03.767.538/0001-14;2016-01-01;4;BRAZILIAN SECURITIES CIA SECURITIZACAO;018759;FCA;61253;2016-11-25;http://www.rad.cvm.gov.br/ENETCONSULTA/frmDownloadDocumento.aspx?CodigoInstituicao=1&NumeroSequencialDocumento=61253
03.795.050/0001-09;2016-01-01;1;TERMOPERNAMBUCO S.A.;019852;FCA;53519;2016-02-22;http://www.rad.cvm.gov.br/ENETCONSULTA/frmDownloadDocumento.aspx?CodigoInstituicao=1&NumeroSequencialDocumento=53519
03.795.050/0001-09;2016-01-01;2;TERMOPERNAMBUCO S.A.;019852;FCA;57503;2016-06-01;http://www.rad.cvm.gov.br/ENETCONSULTA/frmDownloadDocumento.aspx?CodigoInstituicao=1&NumeroSequencialDocumento=57503
03.795.050/0001-09;2016-01-01;3;TERMOPERNAMBUCO S.A.;019852;FCA;57660;2016-06-10;http://www.rad.cvm.gov.br/ENETCONSULTA/frmDownloadDocumento.aspx?CodigoInstituicao=1&NumeroSequencialDocumento=57660
03.795.050/0001-09;2016-01-01;4;TERMOPERNAMBUCO S.A.;019852;FCA;57937;2016-07-04;http://www.rad.cvm.gov.br/ENETCONSULTA/frmDownloadDocumento.aspx?CodigoInstituicao=1&NumeroSequencialDocumento=57937
03.847.461/0001-92;2016-01-01;1;BRADESPAR S.A.;018724;FCA;52801;2016-01-11;http://www.rad.cvm.gov.br/ENETCONSULTA/frmDownloadDocumento.aspx?CodigoInstituicao=1&NumeroSequencialDocumento=52801
03.847.461/0001-92;2016-01-01;2;BRADESPAR S.A.;018724;FCA;56746;2016-05-20;http://www.rad.cvm.gov.br/ENETCONSULTA/frmDownloadDocumento.aspx?CodigoInstituicao=1&NumeroSequencialDocumento=56746
03.853.896/0001-40;2016-01-01;1;MARFRIG GLOBAL FOODS S.A.;020788;FCA;53703;2016-02-29;http://www.rad.cvm.gov.br/ENETCONSULTA/frmDownloadDocumento.aspx?CodigoInstituicao=1&NumeroSequencialDocumento=53703
03.853.896/0001-40;2016-01-01;2;MARFRIG GLOBAL FOODS S.A.;020788;FCA;55840;2016-05-09;http://www.rad.cvm.gov.br/ENETCONSULTA/frmDownloadDocumento.aspx?CodigoInstituicao=1&NumeroSequencialDocumento=55840
03.853.896/0001-40;2016-01-01;3;MARFRIG GLOBAL FOODS S.A.;020788;FCA;58133;2016-07-18;http://www.rad.cvm.gov.br/ENETCONSULTA/frmDownloadDocumento.aspx?CodigoInstituicao=1&NumeroSequencialDocumento=58133
03.853.896/0001-40;2016-01-01;4;MARFRIG GLOBAL FOODS S.A.;020788;FCA;61542;2016-12-20;http://www.rad.cvm.gov.br/ENETCONSULTA/frmDownloadDocumento.aspx?CodigoInstituicao=1&NumeroSequencialDocumento=61542
03.870.455/0005-80;2016-01-01;1;FORNO DE MINAS ALIMENTOS S.A.;023736;FCA;52850;2016-01-12;http://www.rad.cvm.gov.br/ENETCONSULTA/frmDownloadDocumento.aspx?CodigoInstituicao=1&NumeroSequencialDocumento=52850
03.870.455/0005-80;2016-01-01;2;FORNO DE MINAS ALIMENTOS S.A.;023736;FCA;56005;2016-05-10;http://www.rad.cvm.gov.br/ENETCONSULTA/frmDownloadDocumento.aspx?CodigoInstituicao=1&NumeroSequencialDocumento=56005
03.953.509/0001-47;2016-01-01;1;CPFL GERACAO DE ENERGIA S.A.;018953;FCA;54162;2016-03-18;http://www.rad.cvm.gov.br/ENETCONSULTA/frmDownloadDocumento.aspx?CodigoInstituicao=1&NumeroSequencialDocumento=54162
03.983.431/0001-03;2016-01-01;1;EDP - ENERGIAS DO BRASIL S.A.;019763;FCA;53779;2016-03-02;http://www.rad.cvm.gov.br/ENETCONSULTA/frmDownloadDocumento.aspx?CodigoInstituicao=1&NumeroSequencialDocumento=53779
03.983.431/0001-03;2016-01-01;2;EDP - ENERGIAS DO BRASIL S.A.;019763;FCA;56945;2016-05-30;http://www.rad.cvm.gov.br/ENETCONSULTA/frmDownloadDocumento.aspx?CodigoInstituicao=1&NumeroSequencialDocumento=56945
03.983.431/0001-03;2016-01-01;3;EDP - ENERGIAS DO BRASIL S.A.;019763;FCA;61476;2016-12-14;http://www.rad.cvm.gov.br/ENETCONSULTA/frmDownloadDocumento.aspx?CodigoInstituicao=1&NumeroSequencialDocumento=61476
04.030.182/0001-02;2016-01-01;1;CABINDA PARTICIPACOES S.A.;019119;FCA;54310;2016-03-22;http://www.rad.cvm.gov.br/ENETCONSULTA/frmDownloadDocumento.aspx?CodigoInstituicao=1&NumeroSequencialDocumento=54310
04.031.213/0001-31;2016-01-01;1;CACONDE PARTICIPACOES S.A.;019135;FCA;54332;2016-03-22;http://www.rad.cvm.gov.br/ENETCONSULTA/frmDownloadDocumento.aspx?CodigoInstituicao=1&NumeroSequencialDocumento=54332
04.031.960/0001-70;2016-01-01;1;ANDRADE GUTIERREZ PARTICIPACOES S.A.;019062;FCA;54915;2016-04-01;http://www.rad.cvm.gov.br/ENETCONSULTA/frmDownloadDocumento.aspx?CodigoInstituicao=1&NumeroSequencialDocumento=54915
04.031.960/0001-70;2016-01-01;2;ANDRADE GUTIERREZ PARTICIPACOES S.A.;019062;FCA;59296;2016-08-19;http://www.rad.cvm.gov.br/ENETCONSULTA/frmDownloadDocumento.aspx?CodigoInstituicao=1&NumeroSequencialDocumento=59296
04.032.433/0001-80;2016-01-01;1;ATMA PARTICIPAÇÕES S.A. - EM RECUPERAÇÃO JUDICIAL;019100;FCA;52775;2016-01-08;http://www.rad.cvm.gov.br/ENETCONSULTA/frmDownloadDocumento.aspx?CodigoInstituicao=1&NumeroSequencialDocumento=52775
04.032.433/0001-80;2016-01-01;2;ATMA PARTICIPAÇÕES S.A. - EM RECUPERAÇÃO JUDICIAL;019100;FCA;53010;2016-01-22;http://www.rad.cvm.gov.br/ENETCONSULTA/frmDownloadDocumento.aspx?CodigoInstituicao=1&NumeroSequencialDocumento=53010
04.032.433/0001-80;2016-01-01;3;ATMA PARTICIPAÇÕES S.A. - EM RECUPERAÇÃO JUDICIAL;019100;FCA;53243;2016-02-05;http://www.rad.cvm.gov.br/ENETCONSULTA/frmDownloadDocumento.aspx?CodigoInstituicao=1&NumeroSequencialDocumento=53243
04.032.433/0001-80;2016-01-01;4;ATMA PARTICIPAÇÕES S.A. - EM RECUPERAÇÃO JUDICIAL;019100;FCA;55436;2016-05-02;http://www.rad.cvm.gov.br/ENETCONSULTA/frmDownloadDocumento.aspx?CodigoInstituicao=1&NumeroSequencialDocumento=55436
04.032.433/0001-80;2016-01-01;5;ATMA PARTICIPAÇÕES S.A. - EM RECUPERAÇÃO JUDICIAL;019100;FCA;57675;2016-06-13;http://www.rad.cvm.gov.br/ENETCONSULTA/frmDownloadDocumento.aspx?CodigoInstituicao=1&NumeroSequencialDocumento=57675
04.032.433/0001-80;2016-01-01;6;ATMA PARTICIPAÇÕES S.A. - EM RECUPERAÇÃO JUDICIAL;019100;FCA;58393;2016-08-01;http://www.rad.cvm.gov.br/ENETCONSULTA/frmDownloadDocumento.aspx?CodigoInstituicao=1&NumeroSequencialDocumento=58393
04.034.792/0001-76;2016-01-01;1;DOMMO EMPREENDIMENTOS IMOBILIÁRIOS S.A;019070;FCA;52672;2016-01-04;http://www.rad.cvm.gov.br/ENETCONSULTA/frmDownloadDocumento.aspx?CodigoInstituicao=1&NumeroSequencialDocumento=52672
04.034.792/0001-76;2016-01-01;2;DOMMO EMPREENDIMENTOS IMOBILIÁRIOS S.A;019070;FCA;56795;2016-05-23;http://www.rad.cvm.gov.br/ENETCONSULTA/frmDownloadDocumento.aspx?CodigoInstituicao=1&NumeroSequencialDocumento=56795
04.034.792/0001-76;2016-01-01;3;DOMMO EMPREENDIMENTOS IMOBILIÁRIOS S.A;019070;FCA;59723;2016-09-21;http://www.rad.cvm.gov.br/ENETCONSULTA/frmDownloadDocumento.aspx?CodigoInstituicao=1&NumeroSequencialDocumento=59723
04.038.763/0001-82;2016-01-01;1;CAIANDA PARTICIPACOES S.A.;019097;FCA;54329;2016-03-22;http://www.rad.cvm.gov.br/ENETCONSULTA/frmDownloadDocumento.aspx?CodigoInstituicao=1&NumeroSequencialDocumento=54329
04.065.791/0001-99;2016-01-01;1;SINQIA S.A.;022799;FCA;53749;2016-03-01;http://www.rad.cvm.gov.br/ENETCONSULTA/frmDownloadDocumento.aspx?CodigoInstituicao=1&NumeroSequencialDocumento=53749
04.089.570/0001-50;2016-01-01;1;ÁGUAS GUARIROBA S.A;023442;FCA;53330;2016-02-11;http://www.rad.cvm.gov.br/ENETCONSULTA/frmDownloadDocumento.aspx?CodigoInstituicao=1&NumeroSequencialDocumento=53330
04.128.563/0001-10;2016-01-01;1;AES TIETE ENERGIA SA;018970;FCA;52781;2016-01-08;http://www.rad.cvm.gov.br/ENETCONSULTA/frmDownloadDocumento.aspx?CodigoInstituicao=1&NumeroSequencialDocumento=52781
04.128.563/0001-10;2016-01-01;2;AES TIETE ENERGIA SA;018970;FCA;52783;2016-01-08;http://www.rad.cvm.gov.br/ENETCONSULTA/frmDownloadDocumento.aspx?CodigoInstituicao=1&NumeroSequencialDocumento=52783
04.128.563/0001-10;2016-01-01;3;AES TIETE ENERGIA SA;018970;FCA;52866;2016-01-13;http://www.rad.cvm.gov.br/ENETCONSULTA/frmDownloadDocumento.aspx?CodigoInstituicao=1&NumeroSequencialDocumento=52866
04.149.454/0001-80;2016-01-01;1;ECORODOVIAS INFRAESTRUTURA E LOGÍSTICA S.A.;019453;FCA;52837;2016-01-12;http://www.rad.cvm.gov.br/ENETCONSULTA/frmDownloadDocumento.aspx?CodigoInstituicao=1&NumeroSequencialDocumento=52837
04.149.454/0001-80;2016-01-01;2;ECORODOVIAS INFRAESTRUTURA E LOGÍSTICA S.A.;019453;FCA;57174;2016-05-31;http://www.rad.cvm.gov.br/ENETCONSULTA/frmDownloadDocumento.aspx?CodigoInstituicao=1&NumeroSequencialDocumento=57174
04.172.213/0001-51;2016-01-01;1;CIA PIRATININGA DE FORCA E LUZ;019275;FCA;53410;2016-02-17;http://www.rad.cvm.gov.br/ENETCONSULTA/frmDownloadDocumento.aspx?CodigoInstituicao=1&NumeroSequencialDocumento=53410
04.200.649/0001-07;2016-01-01;1;COMPANHIA PROVINCIA DE SECURITIZACAO;019429;FCA;54507;2016-03-28;http://www.rad.cvm.gov.br/ENETCONSULTA/frmDownloadDocumento.aspx?CodigoInstituicao=1&NumeroSequencialDocumento=54507
04.200.649/0001-07;2016-01-01;2;COMPANHIA PROVINCIA DE SECURITIZACAO;019429;FCA;55553;2016-05-04;http://www.rad.cvm.gov.br/ENETCONSULTA/frmDownloadDocumento.aspx?CodigoInstituicao=1&NumeroSequencialDocumento=55553
04.233.319/0001-18;2016-01-01;1;NCF PARTICIPAÇÕES S/A;024015;FCA;59896;2016-10-04;http://www.rad.cvm.gov.br/ENETCONSULTA/frmDownloadDocumento.aspx?CodigoInstituicao=1&NumeroSequencialDocumento=59896
04.233.319/0001-18;2016-01-01;2;NCF PARTICIPAÇÕES S/A;024015;FCA;61511;2016-12-16;http://www.rad.cvm.gov.br/ENETCONSULTA/frmDownloadDocumento.aspx?CodigoInstituicao=1&NumeroSequencialDocumento=61511
04.370.082/0001-17;2016-01-01;1;BRPR 53 SECURITIZADORA DE CRÉDITOS IMOBILIÁRIOS S.A.;019380;FCA;53406;2016-02-17;http://www.rad.cvm.gov.br/ENETCONSULTA/frmDownloadDocumento.aspx?CodigoInstituicao=1&NumeroSequencialDocumento=53406
04.370.082/0001-17;2016-01-01;2;BRPR 53 SECURITIZADORA DE CRÉDITOS IMOBILIÁRIOS S.A.;019380;FCA;56640;2016-05-17;http://www.rad.cvm.gov.br/ENETCONSULTA/frmDownloadDocumento.aspx?CodigoInstituicao=1&NumeroSequencialDocumento=56640
04.370.450/0001-27;2016-01-01;1;REC SÃO BERNARDO SECURITIZADORA DE CRÉDITOS IMOBILIÁRIOS S.A;019356;FCA;53405;2016-02-17;http://www.rad.cvm.gov.br/ENETCONSULTA/frmDownloadDocumento.aspx?CodigoInstituicao=1&NumeroSequencialDocumento=53405
04.370.450/0001-27;2016-01-01;2;REC SÃO BERNARDO SECURITIZADORA DE CRÉDITOS IMOBILIÁRIOS S.A;019356;FCA;56636;2016-05-17;http://www.rad.cvm.gov.br/ENETCONSULTA/frmDownloadDocumento.aspx?CodigoInstituicao=1&NumeroSequencialDocumento=56636
04.423.567/0001-21;2016-01-01;1;ENEVA S.A;021237;FCA;53094;2016-01-28;http://www.rad.cvm.gov.br/ENETCONSULTA/frmDownloadDocumento.aspx?CodigoInstituicao=1&NumeroSequencialDocumento=53094
04.423.567/0001-21;2016-01-01;2;ENEVA S.A;021237;FCA;56738;2016-05-20;http://www.rad.cvm.gov.br/ENETCONSULTA/frmDownloadDocumento.aspx?CodigoInstituicao=1&NumeroSequencialDocumento=56738
04.423.567/0001-21;2016-01-01;3;ENEVA S.A;021237;FCA;57920;2016-07-01;http://www.rad.cvm.gov.br/ENETCONSULTA/frmDownloadDocumento.aspx?CodigoInstituicao=1&NumeroSequencialDocumento=57920
04.423.567/0001-21;2016-01-01;4;ENEVA S.A;021237;FCA;58887;2016-08-12;http://www.rad.cvm.gov.br/ENETCONSULTA/frmDownloadDocumento.aspx?CodigoInstituicao=1&NumeroSequencialDocumento=58887
04.423.567/0001-21;2016-01-01;5;ENEVA S.A;021237;FCA;59066;2016-08-12;http://www.rad.cvm.gov.br/ENETCONSULTA/frmDownloadDocumento.aspx?CodigoInstituicao=1&NumeroSequencialDocumento=59066
04.423.567/0001-21;2016-01-01;6;ENEVA S.A;021237;FCA;60015;2016-10-11;http://www.rad.cvm.gov.br/ENETCONSULTA/frmDownloadDocumento.aspx?CodigoInstituicao=1&NumeroSequencialDocumento=60015
04.423.567/0001-21;2016-01-01;7;ENEVA S.A;021237;FCA;61506;2016-12-16;http://www.rad.cvm.gov.br/ENETCONSULTA/frmDownloadDocumento.aspx?CodigoInstituicao=1&NumeroSequencialDocumento=61506
04.437.534/0001-30;2016-01-01;1;LOCAMÉRICA RENT-A-CAR S.A.;021555;FCA;54013;2016-03-11;http://www.rad.cvm.gov.br/ENETCONSULTA/frmDownloadDocumento.aspx?CodigoInstituicao=1&NumeroSequencialDocumento=54013
04.437.534/0001-30;2016-01-01;2;LOCAMÉRICA RENT-A-CAR S.A.;021555;FCA;55194;2016-04-20;http://www.rad.cvm.gov.br/ENETCONSULTA/frmDownloadDocumento.aspx?CodigoInstituicao=1&NumeroSequencialDocumento=55194
04.437.534/0001-30;2016-01-01;3;LOCAMÉRICA RENT-A-CAR S.A.;021555;FCA;55409;2016-05-02;http://www.rad.cvm.gov.br/ENETCONSULTA/frmDownloadDocumento.aspx?CodigoInstituicao=1&NumeroSequencialDocumento=55409
04.437.534/0001-30;2016-01-01;4;LOCAMÉRICA RENT-A-CAR S.A.;021555;FCA;57231;2016-05-31;http://www.rad.cvm.gov.br/ENETCONSULTA/frmDownloadDocumento.aspx?CodigoInstituicao=1&NumeroSequencialDocumento=57231
04.437.534/0001-30;2016-01-01;5;LOCAMÉRICA RENT-A-CAR S.A.;021555;FCA;58034;2016-07-08;http://www.rad.cvm.gov.br/ENETCONSULTA/frmDownloadDocumento.aspx?CodigoInstituicao=1&NumeroSequencialDocumento=58034
04.437.534/0001-30;2016-01-01;6;LOCAMÉRICA RENT-A-CAR S.A.;021555;FCA;60292;2016-11-01;http://www.rad.cvm.gov.br/ENETCONSULTA/frmDownloadDocumento.aspx?CodigoInstituicao=1&NumeroSequencialDocumento=60292
04.437.534/0001-30;2016-01-01;7;LOCAMÉRICA RENT-A-CAR S.A.;021555;FCA;61287;2016-11-28;http://www.rad.cvm.gov.br/ENETCONSULTA/frmDownloadDocumento.aspx?CodigoInstituicao=1&NumeroSequencialDocumento=61287
04.634.250/0001-34;2016-01-01;1;NOVA ACAO PARTICIPACOES S.A.;019224;FCA;54166;2016-03-18;http://www.rad.cvm.gov.br/ENETCONSULTA/frmDownloadDocumento.aspx?CodigoInstituicao=1&NumeroSequencialDocumento=54166
04.752.991/0001-10;2016-01-01;1;BIOMM S.A.;019305;FCA;53862;2016-03-04;http://www.rad.cvm.gov.br/ENETCONSULTA/frmDownloadDocumento.aspx?CodigoInstituicao=1&NumeroSequencialDocumento=53862
04.781.143/0001-39;2016-01-01;1;BAESA-ENERGETICA BARRA GRANDE SA;019607;FCA;53820;2016-03-03;http://www.rad.cvm.gov.br/ENETCONSULTA/frmDownloadDocumento.aspx?CodigoInstituicao=1&NumeroSequencialDocumento=53820
04.821.041/0001-08;2016-01-01;1;METALFRIO SOLUTIONS S.A.;020613;FCA;52892;2016-01-14;http://www.rad.cvm.gov.br/ENETCONSULTA/frmDownloadDocumento.aspx?CodigoInstituicao=1&NumeroSequencialDocumento=52892
04.821.041/0001-08;2016-01-01;2;METALFRIO SOLUTIONS S.A.;020613;FCA;58425;2016-08-03;http://www.rad.cvm.gov.br/ENETCONSULTA/frmDownloadDocumento.aspx?CodigoInstituicao=1&NumeroSequencialDocumento=58425
04.821.041/0001-08;2016-01-01;3;METALFRIO SOLUTIONS S.A.;020613;FCA;61193;2016-11-22;http://www.rad.cvm.gov.br/ENETCONSULTA/frmDownloadDocumento.aspx?CodigoInstituicao=1&NumeroSequencialDocumento=61193
04.895.728/0001-80;2016-01-01;1;EQUATORIAL PARÁ DISTRIBUIDORA DE ENERGIA S.A.;018309;FCA;53250;2016-02-05;http://www.rad.cvm.gov.br/ENETCONSULTA/frmDownloadDocumento.aspx?CodigoInstituicao=1&NumeroSequencialDocumento=53250
04.895.728/0001-80;2016-01-01;2;EQUATORIAL PARÁ DISTRIBUIDORA DE ENERGIA S.A.;018309;FCA;59974;2016-10-07;http://www.rad.cvm.gov.br/ENETCONSULTA/frmDownloadDocumento.aspx?CodigoInstituicao=1&NumeroSequencialDocumento=59974
04.895.728/0001-80;2016-01-01;3;EQUATORIAL PARÁ DISTRIBUIDORA DE ENERGIA S.A.;018309;FCA;60070;2016-10-18;http://www.rad.cvm.gov.br/ENETCONSULTA/frmDownloadDocumento.aspx?CodigoInstituicao=1&NumeroSequencialDocumento=60070
04.895.728/0001-80;2016-01-01;4;EQUATORIAL PARÁ DISTRIBUIDORA DE ENERGIA S.A.;018309;FCA;60254;2016-10-30;http://www.rad.cvm.gov.br/ENETCONSULTA/frmDownloadDocumento.aspx?CodigoInstituicao=1&NumeroSequencialDocumento=60254
04.902.979/0001-44;2016-01-01;1;BCO AMAZONIA S.A.;000922;FCA;53300;2016-02-10;http://www.rad.cvm.gov.br/ENETCONSULTA/frmDownloadDocumento.aspx?CodigoInstituicao=1&NumeroSequencialDocumento=53300
04.902.979/0001-44;2016-01-01;2;BCO AMAZONIA S.A.;000922;FCA;53816;2016-03-03;http://www.rad.cvm.gov.br/ENETCONSULTA/frmDownloadDocumento.aspx?CodigoInstituicao=1&NumeroSequencialDocumento=53816
04.902.979/0001-44;2016-01-01;3;BCO AMAZONIA S.A.;000922;FCA;55175;2016-04-19;http://www.rad.cvm.gov.br/ENETCONSULTA/frmDownloadDocumento.aspx?CodigoInstituicao=1&NumeroSequencialDocumento=55175
04.902.979/0001-44;2016-01-01;4;BCO AMAZONIA S.A.;000922;FCA;55549;2016-05-04;http://www.rad.cvm.gov.br/ENETCONSULTA/frmDownloadDocumento.aspx?CodigoInstituicao=1&NumeroSequencialDocumento=55549
04.902.979/0001-44;2016-01-01;5;BCO AMAZONIA S.A.;000922;FCA;55752;2016-05-06;http://www.rad.cvm.gov.br/ENETCONSULTA/frmDownloadDocumento.aspx?CodigoInstituicao=1&NumeroSequencialDocumento=55752
04.902.979/0001-44;2016-01-01;6;BCO AMAZONIA S.A.;000922;FCA;59444;2016-08-31;http://www.rad.cvm.gov.br/ENETCONSULTA/frmDownloadDocumento.aspx?CodigoInstituicao=1&NumeroSequencialDocumento=59444
04.902.979/0001-44;2016-01-01;7;BCO AMAZONIA S.A.;000922;FCA;61027;2016-11-14;http://www.rad.cvm.gov.br/ENETCONSULTA/frmDownloadDocumento.aspx?CodigoInstituicao=1&NumeroSequencialDocumento=61027
04.912.242/0001-02;2016-01-01;1;PORTUENSE FERRAGENS S/A;009717;FCA;54271;2016-03-22;http://www.rad.cvm.gov.br/ENETCONSULTA/frmDownloadDocumento.aspx?CodigoInstituicao=1&NumeroSequencialDocumento=54271
04.913.711/0001-08;2016-01-01;1;BCO ESTADO DO PARA S.A.;001171;FCA;53720;2016-02-29;http://www.rad.cvm.gov.br/ENETCONSULTA/frmDownloadDocumento.aspx?CodigoInstituicao=1&NumeroSequencialDocumento=53720
04.986.320/0001-13;2016-01-01;1;SER EDUCACIONAL S.A.;023221;FCA;52696;2016-01-05;http://www.rad.cvm.gov.br/ENETCONSULTA/frmDownloadDocumento.aspx?CodigoInstituicao=1&NumeroSequencialDocumento=52696
05.336.882/0001-84;2016-01-01;1;CACHOEIRA PAULISTA TRANSMISSORA ENERGIA S.A.;022683;FCA;53047;2016-01-26;http://www.rad.cvm.gov.br/ENETCONSULTA/frmDownloadDocumento.aspx?CodigoInstituicao=1&NumeroSequencialDocumento=53047
05.341.549/0001-63;2016-01-01;1;TARPON INVESTIMENTOS S.A.;021717;FCA;53232;2016-02-04;http://www.rad.cvm.gov.br/ENETCONSULTA/frmDownloadDocumento.aspx?CodigoInstituicao=1&NumeroSequencialDocumento=53232
05.341.549/0001-63;2016-01-01;2;TARPON INVESTIMENTOS S.A.;021717;FCA;57461;2016-05-31;http://www.rad.cvm.gov.br/ENETCONSULTA/frmDownloadDocumento.aspx?CodigoInstituicao=1&NumeroSequencialDocumento=57461
05.707.616/0001-10;2016-01-01;1;BANCO SANTANDER S.A.;080160;FCA;52675;2016-01-04;http://www.rad.cvm.gov.br/ENETCONSULTA/frmDownloadDocumento.aspx?CodigoInstituicao=1&NumeroSequencialDocumento=52675
05.707.616/0001-10;2016-01-01;2;BANCO SANTANDER S.A.;080160;FCA;55012;2016-04-06;http://www.rad.cvm.gov.br/ENETCONSULTA/frmDownloadDocumento.aspx?CodigoInstituicao=1&NumeroSequencialDocumento=55012
05.711.813/0001-03;2016-01-01;1;SOLVAY INDUPA SAIC;080101;FCA;55371;2016-04-29;http://www.rad.cvm.gov.br/ENETCONSULTA/frmDownloadDocumento.aspx?CodigoInstituicao=1&NumeroSequencialDocumento=55371
05.711.813/0001-03;2016-01-01;2;SOLVAY INDUPA SAIC;080101;FCA;55586;2016-05-05;http://www.rad.cvm.gov.br/ENETCONSULTA/frmDownloadDocumento.aspx?CodigoInstituicao=1&NumeroSequencialDocumento=55586
05.721.735/0001-28;2016-01-01;1;WILSON SONS LTD.;080047;FCA;54083;2016-03-15;http://www.rad.cvm.gov.br/ENETCONSULTA/frmDownloadDocumento.aspx?CodigoInstituicao=1&NumeroSequencialDocumento=54083
05.721.735/0001-28;2016-01-01;2;WILSON SONS LTD.;080047;FCA;54520;2016-03-28;http://www.rad.cvm.gov.br/ENETCONSULTA/frmDownloadDocumento.aspx?CodigoInstituicao=1&NumeroSequencialDocumento=54520
05.721.735/0001-28;2016-01-01;3;WILSON SONS LTD.;080047;FCA;59252;2016-08-17;http://www.rad.cvm.gov.br/ENETCONSULTA/frmDownloadDocumento.aspx?CodigoInstituicao=1&NumeroSequencialDocumento=59252
05.799.312/0001-20;2016-01-01;1;TERRA SANTA AGRO S.A.;020354;FCA;52965;2016-01-20;http://www.rad.cvm.gov.br/ENETCONSULTA/frmDownloadDocumento.aspx?CodigoInstituicao=1&NumeroSequencialDocumento=52965
05.799.312/0001-20;2016-01-01;2;TERRA SANTA AGRO S.A.;020354;FCA;60298;2016-11-01;http://www.rad.cvm.gov.br/ENETCONSULTA/frmDownloadDocumento.aspx?CodigoInstituicao=1&NumeroSequencialDocumento=60298
05.799.312/0001-20;2016-01-01;3;TERRA SANTA AGRO S.A.;020354;FCA;61339;2016-12-01;http://www.rad.cvm.gov.br/ENETCONSULTA/frmDownloadDocumento.aspx?CodigoInstituicao=1&NumeroSequencialDocumento=61339
05.799.312/0001-20;2016-01-01;4;TERRA SANTA AGRO S.A.;020354;FCA;61639;2016-12-28;http://www.rad.cvm.gov.br/ENETCONSULTA/frmDownloadDocumento.aspx?CodigoInstituicao=1&NumeroSequencialDocumento=61639
05.878.397/0001-32;2016-01-01;1;ALLOS S.A.;022357;FCA;53130;2016-02-01;http://www.rad.cvm.gov.br/ENETCONSULTA/frmDownloadDocumento.aspx?CodigoInstituicao=1&NumeroSequencialDocumento=53130
05.878.397/0001-32;2016-01-01;2;ALLOS S.A.;022357;FCA;54240;2016-03-21;http://www.rad.cvm.gov.br/ENETCONSULTA/frmDownloadDocumento.aspx?CodigoInstituicao=1&NumeroSequencialDocumento=54240
05.889.284/0001-32;2016-01-01;1;CSA-COMPANHIA SECURITIZADORA DE ATIVOS;019470;FCA;54826;2016-03-31;http://www.rad.cvm.gov.br/ENETCONSULTA/frmDownloadDocumento.aspx?CodigoInstituicao=1&NumeroSequencialDocumento=54826
05.918.309/0001-89;2016-01-01;1;PIPA CIA SECURITIZADORA DE CRÉDITOS IMOBILIÁRIOS;019518;FCA;53386;2016-02-16;http://www.rad.cvm.gov.br/ENETCONSULTA/frmDownloadDocumento.aspx?CodigoInstituicao=1&NumeroSequencialDocumento=53386
05.918.309/0001-89;2016-01-01;2;PIPA CIA SECURITIZADORA DE CRÉDITOS IMOBILIÁRIOS;019518;FCA;55525;2016-05-04;http://www.rad.cvm.gov.br/ENETCONSULTA/frmDownloadDocumento.aspx?CodigoInstituicao=1&NumeroSequencialDocumento=55525
06.033.448/0001-98;2016-01-01;1;TESLA COMPANHIA SECURITIZADORA DE CRÉDITOS;019526;FCA;55354;2016-04-28;http://www.rad.cvm.gov.br/ENETCONSULTA/frmDownloadDocumento.aspx?CodigoInstituicao=1&NumeroSequencialDocumento=55354
06.082.980/0001-03;2016-01-01;1;ALIANSCE SHOPPING CENTERS S.A.;021300;FCA;54363;2016-03-23;http://www.rad.cvm.gov.br/ENETCONSULTA/frmDownloadDocumento.aspx?CodigoInstituicao=1&NumeroSequencialDocumento=54363
06.137.677/0001-52;2016-01-01;1;BRPR 56 SECURITIZADORA CRED IMOB S.A.;019984;FCA;53408;2016-02-17;http://www.rad.cvm.gov.br/ENETCONSULTA/frmDownloadDocumento.aspx?CodigoInstituicao=1&NumeroSequencialDocumento=53408
06.137.677/0001-52;2016-01-01;2;BRPR 56 SECURITIZADORA CRED IMOB S.A.;019984;FCA;56645;2016-05-17;http://www.rad.cvm.gov.br/ENETCONSULTA/frmDownloadDocumento.aspx?CodigoInstituicao=1&NumeroSequencialDocumento=56645
06.137.677/0001-52;2016-01-01;3;BRPR 56 SECURITIZADORA CRED IMOB S.A.;019984;FCA;57478;2016-05-31;http://www.rad.cvm.gov.br/ENETCONSULTA/frmDownloadDocumento.aspx?CodigoInstituicao=1&NumeroSequencialDocumento=57478
06.164.253/0001-87;2016-01-01;1;GOL LINHAS AEREAS INTELIGENTES S.A.;019569;FCA;53385;2016-02-16;http://www.rad.cvm.gov.br/ENETCONSULTA/frmDownloadDocumento.aspx?CodigoInstituicao=1&NumeroSequencialDocumento=53385
06.164.253/0001-87;2016-01-01;2;GOL LINHAS AEREAS INTELIGENTES S.A.;019569;FCA;58537;2016-08-05;http://www.rad.cvm.gov.br/ENETCONSULTA/frmDownloadDocumento.aspx?CodigoInstituicao=1&NumeroSequencialDocumento=58537
06.164.253/0001-87;2016-01-01;3;GOL LINHAS AEREAS INTELIGENTES S.A.;019569;FCA;59322;2016-08-22;http://www.rad.cvm.gov.br/ENETCONSULTA/frmDownloadDocumento.aspx?CodigoInstituicao=1&NumeroSequencialDocumento=59322
06.272.793/0001-84;2016-01-01;1;EQUATORIAL MARANHÃO DISTRIBUIDORA DE ENERGIA S.A.;016608;FCA;54000;2016-03-10;http://www.rad.cvm.gov.br/ENETCONSULTA/frmDownloadDocumento.aspx?CodigoInstituicao=1&NumeroSequencialDocumento=54000
06.272.793/0001-84;2016-01-01;2;EQUATORIAL MARANHÃO DISTRIBUIDORA DE ENERGIA S.A.;016608;FCA;59606;2016-09-13;http://www.rad.cvm.gov.br/ENETCONSULTA/frmDownloadDocumento.aspx?CodigoInstituicao=1&NumeroSequencialDocumento=59606
06.272.793/0001-84;2016-01-01;3;EQUATORIAL MARANHÃO DISTRIBUIDORA DE ENERGIA S.A.;016608;FCA;59654;2016-09-15;http://www.rad.cvm.gov.br/ENETCONSULTA/frmDownloadDocumento.aspx?CodigoInstituicao=1&NumeroSequencialDocumento=59654
06.349.242/0001-71;2016-01-01;1;BRPR 44 SECURITIZADORA DE CRÉDITOS IMOBILIÁRIOS S.A.;019810;FCA;52977;2016-01-20;http://www.rad.cvm.gov.br/ENETCONSULTA/frmDownloadDocumento.aspx?CodigoInstituicao=1&NumeroSequencialDocumento=52977
06.626.253/0001-51;2016-01-01;1;EMPREENDIMENTOS PAGUE MENOS S.A.;022608;FCA;52763;2016-01-07;http://www.rad.cvm.gov.br/ENETCONSULTA/frmDownloadDocumento.aspx?CodigoInstituicao=1&NumeroSequencialDocumento=52763
06.626.253/0001-51;2016-01-01;2;EMPREENDIMENTOS PAGUE MENOS S.A.;022608;FCA;57221;2016-05-31;http://www.rad.cvm.gov.br/ENETCONSULTA/frmDownloadDocumento.aspx?CodigoInstituicao=1&NumeroSequencialDocumento=57221
06.948.969/0001-75;2016-01-01;1;LINX S.A.;023035;FCA;53216;2016-02-04;http://www.rad.cvm.gov.br/ENETCONSULTA/frmDownloadDocumento.aspx?CodigoInstituicao=1&NumeroSequencialDocumento=53216
06.948.969/0001-75;2016-01-01;2;LINX S.A.;023035;FCA;55410;2016-05-02;http://www.rad.cvm.gov.br/ENETCONSULTA/frmDownloadDocumento.aspx?CodigoInstituicao=1&NumeroSequencialDocumento=55410
06.948.969/0001-75;2016-01-01;3;LINX S.A.;023035;FCA;55464;2016-05-03;http://www.rad.cvm.gov.br/ENETCONSULTA/frmDownloadDocumento.aspx?CodigoInstituicao=1&NumeroSequencialDocumento=55464
06.948.969/0001-75;2016-01-01;4;LINX S.A.;023035;FCA;55800;2016-05-09;http://www.rad.cvm.gov.br/ENETCONSULTA/frmDownloadDocumento.aspx?CodigoInstituicao=1&NumeroSequencialDocumento=55800
06.948.969/0001-75;2016-01-01;5;LINX S.A.;023035;FCA;59631;2016-09-14;http://www.rad.cvm.gov.br/ENETCONSULTA/frmDownloadDocumento.aspx?CodigoInstituicao=1&NumeroSequencialDocumento=59631
06.977.739/0001-34;2016-01-01;1;TEMPO PARTICIPAÇOES S/A;019917;FCA;53002;2016-01-21;http://www.rad.cvm.gov.br/ENETCONSULTA/frmDownloadDocumento.aspx?CodigoInstituicao=1&NumeroSequencialDocumento=53002
06.977.739/0001-34;2016-01-01;2;TEMPO PARTICIPAÇOES S/A;019917;FCA;53800;2016-03-02;http://www.rad.cvm.gov.br/ENETCONSULTA/frmDownloadDocumento.aspx?CodigoInstituicao=1&NumeroSequencialDocumento=53800
06.977.739/0001-34;2016-01-01;3;TEMPO PARTICIPAÇOES S/A;019917;FCA;54063;2016-03-15;http://www.rad.cvm.gov.br/ENETCONSULTA/frmDownloadDocumento.aspx?CodigoInstituicao=1&NumeroSequencialDocumento=54063
06.977.745/0001-91;2016-01-01;1;BR MALLS PARTICIPACOES S.A.;019909;FCA;52730;2016-01-06;http://www.rad.cvm.gov.br/ENETCONSULTA/frmDownloadDocumento.aspx?CodigoInstituicao=1&NumeroSequencialDocumento=52730
06.977.751/0001-49;2016-01-01;1;BR PROPERTIES S.A.;019925;FCA;53105;2016-01-29;http://www.rad.cvm.gov.br/ENETCONSULTA/frmDownloadDocumento.aspx?CodigoInstituicao=1&NumeroSequencialDocumento=53105
06.977.751/0001-49;2016-01-01;2;BR PROPERTIES S.A.;019925;FCA;56704;2016-05-19;http://www.rad.cvm.gov.br/ENETCONSULTA/frmDownloadDocumento.aspx?CodigoInstituicao=1&NumeroSequencialDocumento=56704
06.977.751/0001-49;2016-01-01;3;BR PROPERTIES S.A.;019925;FCA;57058;2016-05-31;http://www.rad.cvm.gov.br/ENETCONSULTA/frmDownloadDocumento.aspx?CodigoInstituicao=1&NumeroSequencialDocumento=57058
06.981.176/0001-58;2016-01-01;1;CEMIG GERACAO E TRANSMISSAO S.A.;020320;FCA;52670;2016-01-04;http://www.rad.cvm.gov.br/ENETCONSULTA/frmDownloadDocumento.aspx?CodigoInstituicao=1&NumeroSequencialDocumento=52670
06.981.176/0001-58;2016-01-01;2;CEMIG GERACAO E TRANSMISSAO S.A.;020320;FCA;53065;2016-01-27;http://www.rad.cvm.gov.br/ENETCONSULTA/frmDownloadDocumento.aspx?CodigoInstituicao=1&NumeroSequencialDocumento=53065
06.981.176/0001-58;2016-01-01;3;CEMIG GERACAO E TRANSMISSAO S.A.;020320;FCA;55686;2016-05-06;http://www.rad.cvm.gov.br/ENETCONSULTA/frmDownloadDocumento.aspx?CodigoInstituicao=1&NumeroSequencialDocumento=55686
06.981.176/0001-58;2016-01-01;4;CEMIG GERACAO E TRANSMISSAO S.A.;020320;FCA;61599;2016-12-23;http://www.rad.cvm.gov.br/ENETCONSULTA/frmDownloadDocumento.aspx?CodigoInstituicao=1&NumeroSequencialDocumento=61599
06.981.180/0001-16;2016-01-01;1;CEMIG DISTRIBUICAO S.A.;020303;FCA;53062;2016-01-27;http://www.rad.cvm.gov.br/ENETCONSULTA/frmDownloadDocumento.aspx?CodigoInstituicao=1&NumeroSequencialDocumento=53062
06.981.180/0001-16;2016-01-01;2;CEMIG DISTRIBUICAO S.A.;020303;FCA;55687;2016-05-06;http://www.rad.cvm.gov.br/ENETCONSULTA/frmDownloadDocumento.aspx?CodigoInstituicao=1&NumeroSequencialDocumento=55687
06.981.180/0001-16;2016-01-01;3;CEMIG DISTRIBUICAO S.A.;020303;FCA;61601;2016-12-23;http://www.rad.cvm.gov.br/ENETCONSULTA/frmDownloadDocumento.aspx?CodigoInstituicao=1&NumeroSequencialDocumento=61601
06.981.381/0001-13;2016-01-01;1;CTC - CENTRO DE TECNOLOGIA CANAVIEIRA S.A.;023981;FCA;59394;2016-08-26;http://www.rad.cvm.gov.br/ENETCONSULTA/frmDownloadDocumento.aspx?CodigoInstituicao=1&NumeroSequencialDocumento=59394
07.021.459/0001-10;2016-01-01;1;BETA SECURITIZADORA S.A.;019747;FCA;52920;2016-01-15;http://www.rad.cvm.gov.br/ENETCONSULTA/frmDownloadDocumento.aspx?CodigoInstituicao=1&NumeroSequencialDocumento=52920
07.021.459/0001-10;2016-01-01;2;BETA SECURITIZADORA S.A.;019747;FCA;57130;2016-05-31;http://www.rad.cvm.gov.br/ENETCONSULTA/frmDownloadDocumento.aspx?CodigoInstituicao=1&NumeroSequencialDocumento=57130
07.021.459/0001-10;2016-01-01;3;BETA SECURITIZADORA S.A.;019747;FCA;61510;2016-12-16;http://www.rad.cvm.gov.br/ENETCONSULTA/frmDownloadDocumento.aspx?CodigoInstituicao=1&NumeroSequencialDocumento=61510
07.040.108/0001-57;2016-01-01;1;CAGECE - CIA DE AGUA E ESGOTO DO CEARA;018546;FCA;52916;2016-01-15;http://www.rad.cvm.gov.br/ENETCONSULTA/frmDownloadDocumento.aspx?CodigoInstituicao=1&NumeroSequencialDocumento=52916
07.043.628/0001-13;2016-01-01;1;CLARO TELECOM PARTICIPAÇÕES S.A.;023531;FCA;53842;2016-03-04;http://www.rad.cvm.gov.br/ENETCONSULTA/frmDownloadDocumento.aspx?CodigoInstituicao=1&NumeroSequencialDocumento=53842
07.043.628/0001-13;2016-01-01;2;CLARO TELECOM PARTICIPAÇÕES S.A.;023531;FCA;56875;2016-05-25;http://www.rad.cvm.gov.br/ENETCONSULTA/frmDownloadDocumento.aspx?CodigoInstituicao=1&NumeroSequencialDocumento=56875
07.043.628/0001-13;2016-01-01;3;CLARO TELECOM PARTICIPAÇÕES S.A.;023531;FCA;60333;2016-11-03;http://www.rad.cvm.gov.br/ENETCONSULTA/frmDownloadDocumento.aspx?CodigoInstituicao=1&NumeroSequencialDocumento=60333
07.047.251/0001-70;2016-01-01;1;CIA ENERGETICA DO CEARA - COELCE;014869;FCA;52969;2016-01-20;http://www.rad.cvm.gov.br/ENETCONSULTA/frmDownloadDocumento.aspx?CodigoInstituicao=1&NumeroSequencialDocumento=52969
07.047.251/0001-70;2016-01-01;2;CIA ENERGETICA DO CEARA - COELCE;014869;FCA;53309;2016-02-11;http://www.rad.cvm.gov.br/ENETCONSULTA/frmDownloadDocumento.aspx?CodigoInstituicao=1&NumeroSequencialDocumento=53309
07.047.251/0001-70;2016-01-01;3;CIA ENERGETICA DO CEARA - COELCE;014869;FCA;55572;2016-05-04;http://www.rad.cvm.gov.br/ENETCONSULTA/frmDownloadDocumento.aspx?CodigoInstituicao=1&NumeroSequencialDocumento=55572
07.047.251/0001-70;2016-01-01;4;CIA ENERGETICA DO CEARA - COELCE;014869;FCA;57012;2016-05-30;http://www.rad.cvm.gov.br/ENETCONSULTA/frmDownloadDocumento.aspx?CodigoInstituicao=1&NumeroSequencialDocumento=57012
07.047.251/0001-70;2016-01-01;5;CIA ENERGETICA DO CEARA - COELCE;014869;FCA;58056;2016-07-11;http://www.rad.cvm.gov.br/ENETCONSULTA/frmDownloadDocumento.aspx?CodigoInstituicao=1&NumeroSequencialDocumento=58056
07.047.251/0001-70;2016-01-01;6;CIA ENERGETICA DO CEARA - COELCE;014869;FCA;58410;2016-08-02;http://www.rad.cvm.gov.br/ENETCONSULTA/frmDownloadDocumento.aspx?CodigoInstituicao=1&NumeroSequencialDocumento=58410
07.047.251/0001-70;2016-01-01;7;CIA ENERGETICA DO CEARA - COELCE;014869;FCA;61423;2016-12-09;http://www.rad.cvm.gov.br/ENETCONSULTA/frmDownloadDocumento.aspx?CodigoInstituicao=1&NumeroSequencialDocumento=61423
07.088.416/0001-52;2016-01-01;1;BRPR 45 SECURITIZADORA DE CRÉDITOS IMOBILIÁRIOS S.A.;019895;FCA;53404;2016-02-17;http://www.rad.cvm.gov.br/ENETCONSULTA/frmDownloadDocumento.aspx?CodigoInstituicao=1&NumeroSequencialDocumento=53404
07.088.416/0001-52;2016-01-01;2;BRPR 45 SECURITIZADORA DE CRÉDITOS IMOBILIÁRIOS S.A.;019895;FCA;56635;2016-05-17;http://www.rad.cvm.gov.br/ENETCONSULTA/frmDownloadDocumento.aspx?CodigoInstituicao=1&NumeroSequencialDocumento=56635
07.112.325/0001-05;2016-01-01;1;B.I. COMPANHIA SECURITIZADORA S/A;019704;FCA;54250;2016-03-21;http://www.rad.cvm.gov.br/ENETCONSULTA/frmDownloadDocumento.aspx?CodigoInstituicao=1&NumeroSequencialDocumento=54250
07.112.325/0001-05;2016-01-01;2;B.I. COMPANHIA SECURITIZADORA S/A;019704;FCA;56961;2016-05-30;http://www.rad.cvm.gov.br/ENETCONSULTA/frmDownloadDocumento.aspx?CodigoInstituicao=1&NumeroSequencialDocumento=56961
07.119.838/0001-48;2016-01-01;1;SECME - COMPANHIA SECURITIZADORA DE CRÉDITOS IMOBILIÁRIOS;019720;FCA;53063;2016-01-27;http://www.rad.cvm.gov.br/ENETCONSULTA/frmDownloadDocumento.aspx?CodigoInstituicao=1&NumeroSequencialDocumento=53063
07.119.838/0001-48;2016-01-01;2;SECME - COMPANHIA SECURITIZADORA DE CRÉDITOS IMOBILIÁRIOS;019720;FCA;55709;2016-05-06;http://www.rad.cvm.gov.br/ENETCONSULTA/frmDownloadDocumento.aspx?CodigoInstituicao=1&NumeroSequencialDocumento=55709
07.119.838/0001-48;2016-01-01;3;SECME - COMPANHIA SECURITIZADORA DE CRÉDITOS IMOBILIÁRIOS;019720;FCA;59856;2016-09-29;http://www.rad.cvm.gov.br/ENETCONSULTA/frmDownloadDocumento.aspx?CodigoInstituicao=1&NumeroSequencialDocumento=59856
07.119.838/0001-48;2016-01-01;4;SECME - COMPANHIA SECURITIZADORA DE CRÉDITOS IMOBILIÁRIOS;019720;FCA;60364;2016-11-04;http://www.rad.cvm.gov.br/ENETCONSULTA/frmDownloadDocumento.aspx?CodigoInstituicao=1&NumeroSequencialDocumento=60364
07.206.816/0001-15;2016-01-01;1;M.DIAS BRANCO S.A. IND COM DE ALIMENTOS;020338;FCA;53691;2016-02-26;http://www.rad.cvm.gov.br/ENETCONSULTA/frmDownloadDocumento.aspx?CodigoInstituicao=1&NumeroSequencialDocumento=53691
07.206.816/0001-15;2016-01-01;2;M.DIAS BRANCO S.A. IND COM DE ALIMENTOS;020338;FCA;54145;2016-03-17;http://www.rad.cvm.gov.br/ENETCONSULTA/frmDownloadDocumento.aspx?CodigoInstituicao=1&NumeroSequencialDocumento=54145
07.206.816/0001-15;2016-01-01;3;M.DIAS BRANCO S.A. IND COM DE ALIMENTOS;020338;FCA;57009;2016-05-30;http://www.rad.cvm.gov.br/ENETCONSULTA/frmDownloadDocumento.aspx?CodigoInstituicao=1&NumeroSequencialDocumento=57009
07.237.373/0001-20;2016-01-01;1;BCO NORDESTE DO BRASIL S.A.;001228;FCA;53307;2016-02-11;http://www.rad.cvm.gov.br/ENETCONSULTA/frmDownloadDocumento.aspx?CodigoInstituicao=1&NumeroSequencialDocumento=53307
07.253.321/0001-47;2016-01-01;1;CARBOMIL SA MINER. E INDUSTRIA;014168;FCA;54105;2016-03-16;http://www.rad.cvm.gov.br/ENETCONSULTA/frmDownloadDocumento.aspx?CodigoInstituicao=1&NumeroSequencialDocumento=54105
07.253.321/0001-47;2016-01-01;2;CARBOMIL SA MINER. E INDUSTRIA;014168;FCA;55387;2016-04-29;http://www.rad.cvm.gov.br/ENETCONSULTA/frmDownloadDocumento.aspx?CodigoInstituicao=1&NumeroSequencialDocumento=55387
07.275.159/0001-68;2016-01-01;1;PETROLEO LUB DO NORDESTE SA;009520;FCA;53582;2016-02-24;http://www.rad.cvm.gov.br/ENETCONSULTA/frmDownloadDocumento.aspx?CodigoInstituicao=1&NumeroSequencialDocumento=53582
07.275.159/0001-68;2016-01-01;2;PETROLEO LUB DO NORDESTE SA;009520;FCA;55784;2016-05-09;http://www.rad.cvm.gov.br/ENETCONSULTA/frmDownloadDocumento.aspx?CodigoInstituicao=1&NumeroSequencialDocumento=55784
07.275.159/0001-68;2016-01-01;3;PETROLEO LUB DO NORDESTE SA;009520;FCA;56633;2016-05-17;http://www.rad.cvm.gov.br/ENETCONSULTA/frmDownloadDocumento.aspx?CodigoInstituicao=1&NumeroSequencialDocumento=56633
07.275.159/0001-68;2016-01-01;4;PETROLEO LUB DO NORDESTE SA;009520;FCA;56751;2016-05-20;http://www.rad.cvm.gov.br/ENETCONSULTA/frmDownloadDocumento.aspx?CodigoInstituicao=1&NumeroSequencialDocumento=56751
07.334.600/0001-35;2016-01-01;1;MARINA DE IRACEMA PARK SA;016268;FCA;53751;2016-03-01;http://www.rad.cvm.gov.br/ENETCONSULTA/frmDownloadDocumento.aspx?CodigoInstituicao=1&NumeroSequencialDocumento=53751
07.334.600/0001-35;2016-01-01;2;MARINA DE IRACEMA PARK SA;016268;FCA;55675;2016-05-06;http://www.rad.cvm.gov.br/ENETCONSULTA/frmDownloadDocumento.aspx?CodigoInstituicao=1&NumeroSequencialDocumento=55675
07.401.436/0001-31;2016-01-01;1;ELDORADO BRASIL CELULOSE S.A.;022810;FCA;53056;2016-01-26;http://www.rad.cvm.gov.br/ENETCONSULTA/frmDownloadDocumento.aspx?CodigoInstituicao=1&NumeroSequencialDocumento=53056
07.437.016/0001-05;2016-01-01;1;CINESYSTEM S.A.;023965;FCA;58203;2016-07-21;http://www.rad.cvm.gov.br/ENETCONSULTA/frmDownloadDocumento.aspx?CodigoInstituicao=1&NumeroSequencialDocumento=58203
07.526.557/0001-00;2016-01-01;1;AMBEV S.A.;023264;FCA;52759;2016-01-07;http://www.rad.cvm.gov.br/ENETCONSULTA/frmDownloadDocumento.aspx?CodigoInstituicao=1&NumeroSequencialDocumento=52759
07.526.557/0001-00;2016-01-01;2;AMBEV S.A.;023264;FCA;56922;2016-05-30;http://www.rad.cvm.gov.br/ENETCONSULTA/frmDownloadDocumento.aspx?CodigoInstituicao=1&NumeroSequencialDocumento=56922
07.526.557/0001-00;2016-01-01;3;AMBEV S.A.;023264;FCA;60224;2016-10-28;http://www.rad.cvm.gov.br/ENETCONSULTA/frmDownloadDocumento.aspx?CodigoInstituicao=1&NumeroSequencialDocumento=60224
07.587.384/0001-30;2016-01-01;1;PLANETA SECURITIZADORA S.A.;020222;FCA;54471;2016-03-24;http://www.rad.cvm.gov.br/ENETCONSULTA/frmDownloadDocumento.aspx?CodigoInstituicao=1&NumeroSequencialDocumento=54471
07.587.384/0001-30;2016-01-01;2;PLANETA SECURITIZADORA S.A.;020222;FCA;57705;2016-06-15;http://www.rad.cvm.gov.br/ENETCONSULTA/frmDownloadDocumento.aspx?CodigoInstituicao=1&NumeroSequencialDocumento=57705
07.587.384/0001-30;2016-01-01;3;PLANETA SECURITIZADORA S.A.;020222;FCA;60852;2016-11-11;http://www.rad.cvm.gov.br/ENETCONSULTA/frmDownloadDocumento.aspx?CodigoInstituicao=1&NumeroSequencialDocumento=60852
07.620.094/0001-40;2016-01-01;1;AFLUENTE G&T DE ENERGIA ELÉTRICA S/A;020150;FCA;53523;2016-02-22;http://www.rad.cvm.gov.br/ENETCONSULTA/frmDownloadDocumento.aspx?CodigoInstituicao=1&NumeroSequencialDocumento=53523
07.620.094/0001-40;2016-01-01;2;AFLUENTE G&T DE ENERGIA ELÉTRICA S/A;020150;FCA;57504;2016-06-01;http://www.rad.cvm.gov.br/ENETCONSULTA/frmDownloadDocumento.aspx?CodigoInstituicao=1&NumeroSequencialDocumento=57504
07.620.094/0001-40;2016-01-01;3;AFLUENTE G&T DE ENERGIA ELÉTRICA S/A;020150;FCA;57653;2016-06-10;http://www.rad.cvm.gov.br/ENETCONSULTA/frmDownloadDocumento.aspx?CodigoInstituicao=1&NumeroSequencialDocumento=57653
07.620.094/0001-40;2016-01-01;4;AFLUENTE G&T DE ENERGIA ELÉTRICA S/A;020150;FCA;57933;2016-07-04;http://www.rad.cvm.gov.br/ENETCONSULTA/frmDownloadDocumento.aspx?CodigoInstituicao=1&NumeroSequencialDocumento=57933
07.628.528/0001-59;2016-01-01;1;BRASILAGRO - CIA BRAS DE PROP AGRICOLAS;020036;FCA;52994;2016-01-21;http://www.rad.cvm.gov.br/ENETCONSULTA/frmDownloadDocumento.aspx?CodigoInstituicao=1&NumeroSequencialDocumento=52994
07.628.528/0001-59;2016-01-01;2;BRASILAGRO - CIA BRAS DE PROP AGRICOLAS;020036;FCA;59301;2016-08-19;http://www.rad.cvm.gov.br/ENETCONSULTA/frmDownloadDocumento.aspx?CodigoInstituicao=1&NumeroSequencialDocumento=59301
07.659.538/0001-51;2016-01-01;1;DINAMICA ENERGIA S.A.;020052;FCA;54733;2016-03-30;http://www.rad.cvm.gov.br/ENETCONSULTA/frmDownloadDocumento.aspx?CodigoInstituicao=1&NumeroSequencialDocumento=54733
07.659.538/0001-51;2016-01-01;2;DINAMICA ENERGIA S.A.;020052;FCA;54801;2016-03-31;http://www.rad.cvm.gov.br/ENETCONSULTA/frmDownloadDocumento.aspx?CodigoInstituicao=1&NumeroSequencialDocumento=54801
07.689.002/0001-89;2016-01-01;1;EMBRAER S.A.;020087;FCA;53584;2016-02-24;http://www.rad.cvm.gov.br/ENETCONSULTA/frmDownloadDocumento.aspx?CodigoInstituicao=1&NumeroSequencialDocumento=53584
07.689.002/0001-89;2016-01-01;2;EMBRAER S.A.;020087;FCA;57383;2016-05-31;http://www.rad.cvm.gov.br/ENETCONSULTA/frmDownloadDocumento.aspx?CodigoInstituicao=1&NumeroSequencialDocumento=57383
07.700.557/0001-84;2016-01-01;1;BROOKFIELD INCORPORAÇÕES S.A.;020265;FCA;52869;2016-01-13;http://www.rad.cvm.gov.br/ENETCONSULTA/frmDownloadDocumento.aspx?CodigoInstituicao=1&NumeroSequencialDocumento=52869
07.710.591/0001-30;2016-01-01;1;BRPR 55 SECURITIZADORA CRED IMOB S.A.;019941;FCA;53407;2016-02-17;http://www.rad.cvm.gov.br/ENETCONSULTA/frmDownloadDocumento.aspx?CodigoInstituicao=1&NumeroSequencialDocumento=53407
07.710.591/0001-30;2016-01-01;2;BRPR 55 SECURITIZADORA CRED IMOB S.A.;019941;FCA;56644;2016-05-17;http://www.rad.cvm.gov.br/ENETCONSULTA/frmDownloadDocumento.aspx?CodigoInstituicao=1&NumeroSequencialDocumento=56644
07.718.269/0001-57;2016-01-01;1;SPRINGS GLOBAL PARTICIPACOES S.A.;020966;FCA;53208;2016-02-04;http://www.rad.cvm.gov.br/ENETCONSULTA/frmDownloadDocumento.aspx?CodigoInstituicao=1&NumeroSequencialDocumento=53208
07.718.269/0001-57;2016-01-01;2;SPRINGS GLOBAL PARTICIPACOES S.A.;020966;FCA;59883;2016-10-03;http://www.rad.cvm.gov.br/ENETCONSULTA/frmDownloadDocumento.aspx?CodigoInstituicao=1&NumeroSequencialDocumento=59883
07.816.890/0001-53;2016-01-01;1;MULTIPLAN - EMPREEND IMOBILIARIOS S.A.;020982;FCA;53533;2016-02-22;http://www.rad.cvm.gov.br/ENETCONSULTA/frmDownloadDocumento.aspx?CodigoInstituicao=1&NumeroSequencialDocumento=53533
07.820.907/0001-46;2016-01-01;1;FICA EMPREENDIMENTOS IMOBILIÁRIOS S.A.;020630;FCA;54093;2016-03-15;http://www.rad.cvm.gov.br/ENETCONSULTA/frmDownloadDocumento.aspx?CodigoInstituicao=1&NumeroSequencialDocumento=54093
07.825.881/0001-29;2016-01-01;1;ACRUX SECURITIZADORA S/A;020230;FCA;54895;2016-03-31;http://www.rad.cvm.gov.br/ENETCONSULTA/frmDownloadDocumento.aspx?CodigoInstituicao=1&NumeroSequencialDocumento=54895
07.857.850/0001-50;2016-01-01;1;GP INVESTMENTS, LTD.;080020;FCA;53236;2016-02-05;http://www.rad.cvm.gov.br/ENETCONSULTA/frmDownloadDocumento.aspx?CodigoInstituicao=1&NumeroSequencialDocumento=53236
07.859.971/0001-30;2016-01-01;1;TRANSMISSORA ALIANÇA DE ENERGIA ELÉTRICA S.A.;020257;FCA;53091;2016-01-28;http://www.rad.cvm.gov.br/ENETCONSULTA/frmDownloadDocumento.aspx?CodigoInstituicao=1&NumeroSequencialDocumento=53091
07.859.971/0001-30;2016-01-01;2;TRANSMISSORA ALIANÇA DE ENERGIA ELÉTRICA S.A.;020257;FCA;55579;2016-05-05;http://www.rad.cvm.gov.br/ENETCONSULTA/frmDownloadDocumento.aspx?CodigoInstituicao=1&NumeroSequencialDocumento=55579
07.950.674/0001-04;2016-01-01;1;CCX CARVÃO DA COLÔMBIA S.A. - EM LIQUIDAÇÃO;020184;FCA;54777;2016-03-30;http://www.rad.cvm.gov.br/ENETCONSULTA/frmDownloadDocumento.aspx?CodigoInstituicao=1&NumeroSequencialDocumento=54777
07.950.674/0001-04;2016-01-01;2;CCX CARVÃO DA COLÔMBIA S.A. - EM LIQUIDAÇÃO;020184;FCA;58749;2016-08-10;http://www.rad.cvm.gov.br/ENETCONSULTA/frmDownloadDocumento.aspx?CodigoInstituicao=1&NumeroSequencialDocumento=58749
07.950.674/0001-04;2016-01-01;3;CCX CARVÃO DA COLÔMBIA S.A. - EM LIQUIDAÇÃO;020184;FCA;61539;2016-12-20;http://www.rad.cvm.gov.br/ENETCONSULTA/frmDownloadDocumento.aspx?CodigoInstituicao=1&NumeroSequencialDocumento=61539
07.957.093/0001-96;2016-01-01;1;ÓLEO E GÁS PARTICIPAÇÕES S.A.;020168;FCA;53051;2016-01-26;http://www.rad.cvm.gov.br/ENETCONSULTA/frmDownloadDocumento.aspx?CodigoInstituicao=1&NumeroSequencialDocumento=53051
07.957.093/0001-96;2016-01-01;2;ÓLEO E GÁS PARTICIPAÇÕES S.A.;020168;FCA;54644;2016-03-29;http://www.rad.cvm.gov.br/ENETCONSULTA/frmDownloadDocumento.aspx?CodigoInstituicao=1&NumeroSequencialDocumento=54644
07.957.093/0001-96;2016-01-01;3;ÓLEO E GÁS PARTICIPAÇÕES S.A.;020168;FCA;55638;2016-05-05;http://www.rad.cvm.gov.br/ENETCONSULTA/frmDownloadDocumento.aspx?CodigoInstituicao=1&NumeroSequencialDocumento=55638
07.957.093/0001-96;2016-01-01;4;ÓLEO E GÁS PARTICIPAÇÕES S.A.;020168;FCA;59461;2016-09-01;http://www.rad.cvm.gov.br/ENETCONSULTA/frmDownloadDocumento.aspx?CodigoInstituicao=1&NumeroSequencialDocumento=59461
08.065.557/0001-12;2016-01-01;1;TECNISA S.A.;020435;FCA;53546;2016-02-23;http://www.rad.cvm.gov.br/ENETCONSULTA/frmDownloadDocumento.aspx?CodigoInstituicao=1&NumeroSequencialDocumento=53546
08.070.508/0001-78;2016-01-01;1;RAIZEN ENERGIA S.A.;023230;FCA;53302;2016-02-11;http://www.rad.cvm.gov.br/ENETCONSULTA/frmDownloadDocumento.aspx?CodigoInstituicao=1&NumeroSequencialDocumento=53302
08.078.847/0001-09;2016-01-01;1;LPS BRASIL - CONSULTORIA DE IMOVEIS S.A.;020370;FCA;52667;2016-01-04;http://www.rad.cvm.gov.br/ENETCONSULTA/frmDownloadDocumento.aspx?CodigoInstituicao=1&NumeroSequencialDocumento=52667
08.159.965/0001-33;2016-01-01;1;IGUA SANEAMENTO S.A.;023175;FCA;54662;2016-03-29;http://www.rad.cvm.gov.br/ENETCONSULTA/frmDownloadDocumento.aspx?CodigoInstituicao=1&NumeroSequencialDocumento=54662
08.159.965/0001-33;2016-01-01;2;IGUA SANEAMENTO S.A.;023175;FCA;54717;2016-03-30;http://www.rad.cvm.gov.br/ENETCONSULTA/frmDownloadDocumento.aspx?CodigoInstituicao=1&NumeroSequencialDocumento=54717
08.281.683/0001-04;2016-01-01;1;RJ CAPITAL PARTNERS S.A.;022330;FCA;60234;2016-10-28;http://www.rad.cvm.gov.br/ENETCONSULTA/frmDownloadDocumento.aspx?CodigoInstituicao=1&NumeroSequencialDocumento=60234
08.281.683/0001-04;2016-01-01;2;RJ CAPITAL PARTNERS S.A.;022330;FCA;60239;2016-10-28;http://www.rad.cvm.gov.br/ENETCONSULTA/frmDownloadDocumento.aspx?CodigoInstituicao=1&NumeroSequencialDocumento=60239
08.294.224/0001-65;2016-01-01;1;JHSF PARTICIPACOES S.A.;020605;FCA;54478;2016-03-28;http://www.rad.cvm.gov.br/ENETCONSULTA/frmDownloadDocumento.aspx?CodigoInstituicao=1&NumeroSequencialDocumento=54478
08.312.229/0001-73;2016-01-01;1;EZ TEC EMPREEND. E PARTICIPACOES S.A.;020770;FCA;54605;2016-03-29;http://www.rad.cvm.gov.br/ENETCONSULTA/frmDownloadDocumento.aspx?CodigoInstituicao=1&NumeroSequencialDocumento=54605
08.312.229/0001-73;2016-01-01;2;EZ TEC EMPREEND. E PARTICIPACOES S.A.;020770;FCA;57255;2016-05-31;http://www.rad.cvm.gov.br/ENETCONSULTA/frmDownloadDocumento.aspx?CodigoInstituicao=1&NumeroSequencialDocumento=57255
08.312.229/0001-73;2016-01-01;3;EZ TEC EMPREEND. E PARTICIPACOES S.A.;020770;FCA;61353;2016-12-02;http://www.rad.cvm.gov.br/ENETCONSULTA/frmDownloadDocumento.aspx?CodigoInstituicao=1&NumeroSequencialDocumento=61353
08.324.196/0001-81;2016-01-01;1;CIA ENERGETICA DO RIO GDE NORTE - COSERN;018139;FCA;53517;2016-02-22;http://www.rad.cvm.gov.br/ENETCONSULTA/frmDownloadDocumento.aspx?CodigoInstituicao=1&NumeroSequencialDocumento=53517
08.324.196/0001-81;2016-01-01;2;CIA ENERGETICA DO RIO GDE NORTE - COSERN;018139;FCA;57500;2016-06-01;http://www.rad.cvm.gov.br/ENETCONSULTA/frmDownloadDocumento.aspx?CodigoInstituicao=1&NumeroSequencialDocumento=57500
08.324.196/0001-81;2016-01-01;3;CIA ENERGETICA DO RIO GDE NORTE - COSERN;018139;FCA;57657;2016-06-10;http://www.rad.cvm.gov.br/ENETCONSULTA/frmDownloadDocumento.aspx?CodigoInstituicao=1&NumeroSequencialDocumento=57657
08.324.196/0001-81;2016-01-01;4;CIA ENERGETICA DO RIO GDE NORTE - COSERN;018139;FCA;57941;2016-07-04;http://www.rad.cvm.gov.br/ENETCONSULTA/frmDownloadDocumento.aspx?CodigoInstituicao=1&NumeroSequencialDocumento=57941
08.343.492/0001-20;2016-01-01;1;MRV ENGENHARIA E PARTICIPACOES S.A.;020915;FCA;52785;2016-01-08;http://www.rad.cvm.gov.br/ENETCONSULTA/frmDownloadDocumento.aspx?CodigoInstituicao=1&NumeroSequencialDocumento=52785
08.364.948/0001-38;2016-01-01;1;ALUPAR INVESTIMENTO S/A;021490;FCA;52868;2016-01-13;http://www.rad.cvm.gov.br/ENETCONSULTA/frmDownloadDocumento.aspx?CodigoInstituicao=1&NumeroSequencialDocumento=52868
08.402.943/0001-52;2016-01-01;1;GUARARAPES CONFECCOES S.A.;004669;FCA;53379;2016-02-15;http://www.rad.cvm.gov.br/ENETCONSULTA/frmDownloadDocumento.aspx?CodigoInstituicao=1&NumeroSequencialDocumento=53379
08.424.178/0001-71;2016-01-01;1;TECBLU TECELAGEM BLUMENAU S.A.;011215;FCA;53971;2016-03-10;http://www.rad.cvm.gov.br/ENETCONSULTA/frmDownloadDocumento.aspx?CodigoInstituicao=1&NumeroSequencialDocumento=53971
08.424.178/0001-71;2016-01-01;2;TECBLU TECELAGEM BLUMENAU S.A.;011215;FCA;56765;2016-05-20;http://www.rad.cvm.gov.br/ENETCONSULTA/frmDownloadDocumento.aspx?CodigoInstituicao=1&NumeroSequencialDocumento=56765
08.439.659/0001-50;2016-01-01;1;CPFL ENERGIAS RENOVÁVEIS S.A.;020540;FCA;53685;2016-02-26;http://www.rad.cvm.gov.br/ENETCONSULTA/frmDownloadDocumento.aspx?CodigoInstituicao=1&NumeroSequencialDocumento=53685
08.439.659/0001-50;2016-01-01;2;CPFL ENERGIAS RENOVÁVEIS S.A.;020540;FCA;53739;2016-03-01;http://www.rad.cvm.gov.br/ENETCONSULTA/frmDownloadDocumento.aspx?CodigoInstituicao=1&NumeroSequencialDocumento=53739
08.439.659/0001-50;2016-01-01;3;CPFL ENERGIAS RENOVÁVEIS S.A.;020540;FCA;55887;2016-05-10;http://www.rad.cvm.gov.br/ENETCONSULTA/frmDownloadDocumento.aspx?CodigoInstituicao=1&NumeroSequencialDocumento=55887
08.439.659/0001-50;2016-01-01;4;CPFL ENERGIAS RENOVÁVEIS S.A.;020540;FCA;58002;2016-07-06;http://www.rad.cvm.gov.br/ENETCONSULTA/frmDownloadDocumento.aspx?CodigoInstituicao=1&NumeroSequencialDocumento=58002
08.467.115/0001-00;2016-01-01;1;CIA ESTADUAL DE DISTRIB ENER ELET-CEEE-D;020648;FCA;52961;2016-01-19;http://www.rad.cvm.gov.br/ENETCONSULTA/frmDownloadDocumento.aspx?CodigoInstituicao=1&NumeroSequencialDocumento=52961
08.493.364/0001-62;2016-01-01;1;CIA MINEIRA DE AÇUCAR E ALCOOL PARTICIPAÇÕES;021709;FCA;53060;2016-01-27;http://www.rad.cvm.gov.br/ENETCONSULTA/frmDownloadDocumento.aspx?CodigoInstituicao=1&NumeroSequencialDocumento=53060
08.493.364/0001-62;2016-01-01;2;CIA MINEIRA DE AÇUCAR E ALCOOL PARTICIPAÇÕES;021709;FCA;53351;2016-02-12;http://www.rad.cvm.gov.br/ENETCONSULTA/frmDownloadDocumento.aspx?CodigoInstituicao=1&NumeroSequencialDocumento=53351
08.493.364/0001-62;2016-01-01;3;CIA MINEIRA DE AÇUCAR E ALCOOL PARTICIPAÇÕES;021709;FCA;56693;2016-05-19;http://www.rad.cvm.gov.br/ENETCONSULTA/frmDownloadDocumento.aspx?CodigoInstituicao=1&NumeroSequencialDocumento=56693
08.534.605/0001-74;2016-01-01;1;RENOVA ENERGIA S.A. - EM RECUPERAÇÃO JUDICIAL;021636;FCA;52717;2016-01-06;http://www.rad.cvm.gov.br/ENETCONSULTA/frmDownloadDocumento.aspx?CodigoInstituicao=1&NumeroSequencialDocumento=52717
08.560.444/0001-93;2016-01-01;1;CIA CELG DE PARTICIPACOES - CELGPAR;021393;FCA;54515;2016-03-28;http://www.rad.cvm.gov.br/ENETCONSULTA/frmDownloadDocumento.aspx?CodigoInstituicao=1&NumeroSequencialDocumento=54515
08.560.444/0001-93;2016-01-01;2;CIA CELG DE PARTICIPACOES - CELGPAR;021393;FCA;56860;2016-05-25;http://www.rad.cvm.gov.br/ENETCONSULTA/frmDownloadDocumento.aspx?CodigoInstituicao=1&NumeroSequencialDocumento=56860
08.560.444/0001-93;2016-01-01;3;CIA CELG DE PARTICIPACOES - CELGPAR;021393;FCA;59563;2016-09-09;http://www.rad.cvm.gov.br/ENETCONSULTA/frmDownloadDocumento.aspx?CodigoInstituicao=1&NumeroSequencialDocumento=59563
08.560.444/0001-93;2016-01-01;4;CIA CELG DE PARTICIPACOES - CELGPAR;021393;FCA;59770;2016-09-27;http://www.rad.cvm.gov.br/ENETCONSULTA/frmDownloadDocumento.aspx?CodigoInstituicao=1&NumeroSequencialDocumento=59770
08.613.550/0001-98;2016-01-01;1;NEXPE PARTICIPAÇÕES S.A;021180;FCA;53228;2016-02-04;http://www.rad.cvm.gov.br/ENETCONSULTA/frmDownloadDocumento.aspx?CodigoInstituicao=1&NumeroSequencialDocumento=53228
08.613.550/0001-98;2016-01-01;2;NEXPE PARTICIPAÇÕES S.A;021180;FCA;56638;2016-05-17;http://www.rad.cvm.gov.br/ENETCONSULTA/frmDownloadDocumento.aspx?CodigoInstituicao=1&NumeroSequencialDocumento=56638
08.613.550/0001-98;2016-01-01;3;NEXPE PARTICIPAÇÕES S.A;021180;FCA;57501;2016-06-01;http://www.rad.cvm.gov.br/ENETCONSULTA/frmDownloadDocumento.aspx?CodigoInstituicao=1&NumeroSequencialDocumento=57501
08.613.550/0001-98;2016-01-01;4;NEXPE PARTICIPAÇÕES S.A;021180;FCA;57741;2016-06-17;http://www.rad.cvm.gov.br/ENETCONSULTA/frmDownloadDocumento.aspx?CodigoInstituicao=1&NumeroSequencialDocumento=57741
08.613.550/0001-98;2016-01-01;5;NEXPE PARTICIPAÇÕES S.A;021180;FCA;61421;2016-12-09;http://www.rad.cvm.gov.br/ENETCONSULTA/frmDownloadDocumento.aspx?CodigoInstituicao=1&NumeroSequencialDocumento=61421
08.653.753/0001-08;2016-01-01;1;BRC SECURITIZADORA S.A.;020672;FCA;54567;2016-03-29;http://www.rad.cvm.gov.br/ENETCONSULTA/frmDownloadDocumento.aspx?CodigoInstituicao=1&NumeroSequencialDocumento=54567
08.684.547/0001-65;2016-01-01;1;MAGNESITA REFRATARIOS S.A.;020842;FCA;53204;2016-02-04;http://www.rad.cvm.gov.br/ENETCONSULTA/frmDownloadDocumento.aspx?CodigoInstituicao=1&NumeroSequencialDocumento=53204
08.741.499/0001-08;2016-01-01;1;PRUMO LOGISTICA SA;021482;FCA;52798;2016-01-11;http://www.rad.cvm.gov.br/ENETCONSULTA/frmDownloadDocumento.aspx?CodigoInstituicao=1&NumeroSequencialDocumento=52798
08.741.499/0001-08;2016-01-01;2;PRUMO LOGISTICA SA;021482;FCA;57585;2016-06-06;http://www.rad.cvm.gov.br/ENETCONSULTA/frmDownloadDocumento.aspx?CodigoInstituicao=1&NumeroSequencialDocumento=57585
08.764.621/0001-53;2016-01-01;1;GENERAL SHOPPING E OUTLETS DO BRASIL BRASIL S.A.;021008;FCA;54651;2016-03-29;http://www.rad.cvm.gov.br/ENETCONSULTA/frmDownloadDocumento.aspx?CodigoInstituicao=1&NumeroSequencialDocumento=54651
08.764.621/0001-53;2016-01-01;2;GENERAL SHOPPING E OUTLETS DO BRASIL BRASIL S.A.;021008;FCA;55794;2016-05-09;http://www.rad.cvm.gov.br/ENETCONSULTA/frmDownloadDocumento.aspx?CodigoInstituicao=1&NumeroSequencialDocumento=55794
08.769.451/0001-08;2016-01-01;1;VIRGO COMPANHIA DE SECURITIZAÇÃO;020818;FCA;53198;2016-02-04;http://www.rad.cvm.gov.br/ENETCONSULTA/frmDownloadDocumento.aspx?CodigoInstituicao=1&NumeroSequencialDocumento=53198
08.773.191/0001-36;2016-01-01;1;BRASILIANA PARTICIPAÇÕES S/A;023930;FCA;57855;2016-06-27;http://www.rad.cvm.gov.br/ENETCONSULTA/frmDownloadDocumento.aspx?CodigoInstituicao=1&NumeroSequencialDocumento=57855
08.773.191/0001-36;2016-01-01;2;BRASILIANA PARTICIPAÇÕES S/A;023930;FCA;57859;2016-06-27;http://www.rad.cvm.gov.br/ENETCONSULTA/frmDownloadDocumento.aspx?CodigoInstituicao=1&NumeroSequencialDocumento=57859
08.795.211/0001-70;2016-01-01;1;MAESTRO LOCADORA DE VEICULOS S.A.;023612;FCA;54482;2016-03-28;http://www.rad.cvm.gov.br/ENETCONSULTA/frmDownloadDocumento.aspx?CodigoInstituicao=1&NumeroSequencialDocumento=54482
08.795.211/0001-70;2016-01-01;2;MAESTRO LOCADORA DE VEICULOS S.A.;023612;FCA;55351;2016-04-28;http://www.rad.cvm.gov.br/ENETCONSULTA/frmDownloadDocumento.aspx?CodigoInstituicao=1&NumeroSequencialDocumento=55351
08.801.621/0001-86;2016-01-01;1;SYN PROP & TECH S.A.;021040;FCA;53883;2016-03-07;http://www.rad.cvm.gov.br/ENETCONSULTA/frmDownloadDocumento.aspx?CodigoInstituicao=1&NumeroSequencialDocumento=53883
08.801.621/0001-86;2016-01-01;2;SYN PROP & TECH S.A.;021040;FCA;57841;2016-06-27;http://www.rad.cvm.gov.br/ENETCONSULTA/frmDownloadDocumento.aspx?CodigoInstituicao=1&NumeroSequencialDocumento=57841
08.801.621/0001-86;2016-01-01;3;SYN PROP & TECH S.A.;021040;FCA;58845;2016-08-11;http://www.rad.cvm.gov.br/ENETCONSULTA/frmDownloadDocumento.aspx?CodigoInstituicao=1&NumeroSequencialDocumento=58845
08.801.621/0001-86;2016-01-01;4;SYN PROP & TECH S.A.;021040;FCA;59956;2016-10-06;http://www.rad.cvm.gov.br/ENETCONSULTA/frmDownloadDocumento.aspx?CodigoInstituicao=1&NumeroSequencialDocumento=59956
08.807.432/0001-10;2016-01-01;1;YDUQS PARTICIPACOES S.A.;021016;FCA;53335;2016-02-12;http://www.rad.cvm.gov.br/ENETCONSULTA/frmDownloadDocumento.aspx?CodigoInstituicao=1&NumeroSequencialDocumento=53335
08.807.432/0001-10;2016-01-01;2;YDUQS PARTICIPACOES S.A.;021016;FCA;55659;2016-05-06;http://www.rad.cvm.gov.br/ENETCONSULTA/frmDownloadDocumento.aspx?CodigoInstituicao=1&NumeroSequencialDocumento=55659
08.807.432/0001-10;2016-01-01;3;YDUQS PARTICIPACOES S.A.;021016;FCA;58076;2016-07-11;http://www.rad.cvm.gov.br/ENETCONSULTA/frmDownloadDocumento.aspx?CodigoInstituicao=1&NumeroSequencialDocumento=58076
08.807.432/0001-10;2016-01-01;4;YDUQS PARTICIPACOES S.A.;021016;FCA;58889;2016-08-12;http://www.rad.cvm.gov.br/ENETCONSULTA/frmDownloadDocumento.aspx?CodigoInstituicao=1&NumeroSequencialDocumento=58889
08.811.643/0001-27;2016-01-01;1;TRISUL S.A.;021130;FCA;53001;2016-01-21;http://www.rad.cvm.gov.br/ENETCONSULTA/frmDownloadDocumento.aspx?CodigoInstituicao=1&NumeroSequencialDocumento=53001
08.811.643/0001-27;2016-01-01;2;TRISUL S.A.;021130;FCA;53165;2016-02-02;http://www.rad.cvm.gov.br/ENETCONSULTA/frmDownloadDocumento.aspx?CodigoInstituicao=1&NumeroSequencialDocumento=53165
08.827.501/0001-58;2016-01-01;1;AEGEA SANEAMENTO E PARTICIPAÇÕES S.A.;023396;FCA;53327;2016-02-11;http://www.rad.cvm.gov.br/ENETCONSULTA/frmDownloadDocumento.aspx?CodigoInstituicao=1&NumeroSequencialDocumento=53327
08.873.873/0001-10;2016-01-01;1;ECORODOVIAS CONCESSÕES E SERVIÇOS S.A.;021903;FCA;52871;2016-01-13;http://www.rad.cvm.gov.br/ENETCONSULTA/frmDownloadDocumento.aspx?CodigoInstituicao=1&NumeroSequencialDocumento=52871
08.873.873/0001-10;2016-01-01;2;ECORODOVIAS CONCESSÕES E SERVIÇOS S.A.;021903;FCA;57187;2016-05-31;http://www.rad.cvm.gov.br/ENETCONSULTA/frmDownloadDocumento.aspx?CodigoInstituicao=1&NumeroSequencialDocumento=57187
08.884.213/0001-35;2016-01-01;1;BCO PATAGONIA S.A.;080063;FCA;53211;2016-02-04;http://www.rad.cvm.gov.br/ENETCONSULTA/frmDownloadDocumento.aspx?CodigoInstituicao=1&NumeroSequencialDocumento=53211
08.884.213/0001-35;2016-01-01;2;BCO PATAGONIA S.A.;080063;FCA;57141;2016-05-31;http://www.rad.cvm.gov.br/ENETCONSULTA/frmDownloadDocumento.aspx?CodigoInstituicao=1&NumeroSequencialDocumento=57141
08.887.330/0001-52;2016-01-01;1;COSAN LIMITED;080071;FCA;53420;2016-02-17;http://www.rad.cvm.gov.br/ENETCONSULTA/frmDownloadDocumento.aspx?CodigoInstituicao=1&NumeroSequencialDocumento=53420
08.887.330/0001-52;2016-01-01;2;COSAN LIMITED;080071;FCA;53536;2016-02-22;http://www.rad.cvm.gov.br/ENETCONSULTA/frmDownloadDocumento.aspx?CodigoInstituicao=1&NumeroSequencialDocumento=53536
08.887.330/0001-52;2016-01-01;3;COSAN LIMITED;080071;FCA;55350;2016-04-28;http://www.rad.cvm.gov.br/ENETCONSULTA/frmDownloadDocumento.aspx?CodigoInstituicao=1&NumeroSequencialDocumento=55350
08.903.116/0001-42;2016-01-01;1;NOVA SECURITIZACAO S.A.;021105;FCA;52776;2016-01-08;http://www.rad.cvm.gov.br/ENETCONSULTA/frmDownloadDocumento.aspx?CodigoInstituicao=1&NumeroSequencialDocumento=52776
08.903.116/0001-42;2016-01-01;2;NOVA SECURITIZACAO S.A.;021105;FCA;56737;2016-05-20;http://www.rad.cvm.gov.br/ENETCONSULTA/frmDownloadDocumento.aspx?CodigoInstituicao=1&NumeroSequencialDocumento=56737
08.926.302/0001-05;2016-01-01;1;DOMMO ENERGIA S.A.;023493;FCA;52834;2016-01-12;http://www.rad.cvm.gov.br/ENETCONSULTA/frmDownloadDocumento.aspx?CodigoInstituicao=1&NumeroSequencialDocumento=52834
08.926.302/0001-05;2016-01-01;2;DOMMO ENERGIA S.A.;023493;FCA;54650;2016-03-29;http://www.rad.cvm.gov.br/ENETCONSULTA/frmDownloadDocumento.aspx?CodigoInstituicao=1&NumeroSequencialDocumento=54650
08.926.302/0001-05;2016-01-01;3;DOMMO ENERGIA S.A.;023493;FCA;55642;2016-05-05;http://www.rad.cvm.gov.br/ENETCONSULTA/frmDownloadDocumento.aspx?CodigoInstituicao=1&NumeroSequencialDocumento=55642
08.935.054/0001-50;2016-01-01;1;MULTINER S/A;021520;FCA;52745;2016-01-07;http://www.rad.cvm.gov.br/ENETCONSULTA/frmDownloadDocumento.aspx?CodigoInstituicao=1&NumeroSequencialDocumento=52745
08.935.054/0001-50;2016-01-01;2;MULTINER S/A;021520;FCA;55425;2016-05-02;http://www.rad.cvm.gov.br/ENETCONSULTA/frmDownloadDocumento.aspx?CodigoInstituicao=1&NumeroSequencialDocumento=55425
08.935.054/0001-50;2016-01-01;3;MULTINER S/A;021520;FCA;59317;2016-08-22;http://www.rad.cvm.gov.br/ENETCONSULTA/frmDownloadDocumento.aspx?CodigoInstituicao=1&NumeroSequencialDocumento=59317
08.935.054/0001-50;2016-01-01;4;MULTINER S/A;021520;FCA;59683;2016-09-18;http://www.rad.cvm.gov.br/ENETCONSULTA/frmDownloadDocumento.aspx?CodigoInstituicao=1&NumeroSequencialDocumento=59683
08.935.054/0001-50;2016-01-01;5;MULTINER S/A;021520;FCA;61649;2016-12-29;http://www.rad.cvm.gov.br/ENETCONSULTA/frmDownloadDocumento.aspx?CodigoInstituicao=1&NumeroSequencialDocumento=61649
08.935.054/0001-50;2016-01-01;6;MULTINER S/A;021520;FCA;61652;2016-12-29;http://www.rad.cvm.gov.br/ENETCONSULTA/frmDownloadDocumento.aspx?CodigoInstituicao=1&NumeroSequencialDocumento=61652
08.937.002/0001-13;2016-01-01;1;VISION SECURITIZADORA S.A.;021075;FCA;53387;2016-02-16;http://www.rad.cvm.gov.br/ENETCONSULTA/frmDownloadDocumento.aspx?CodigoInstituicao=1&NumeroSequencialDocumento=53387
08.937.002/0001-13;2016-01-01;2;VISION SECURITIZADORA S.A.;021075;FCA;55529;2016-05-04;http://www.rad.cvm.gov.br/ENETCONSULTA/frmDownloadDocumento.aspx?CodigoInstituicao=1&NumeroSequencialDocumento=55529
09.041.168/0001-10;2016-01-01;1;LOG COMMERCIAL PROPERTIES E PARTICIPAÇÕES;023272;FCA;52668;2016-01-04;http://www.rad.cvm.gov.br/ENETCONSULTA/frmDownloadDocumento.aspx?CodigoInstituicao=1&NumeroSequencialDocumento=52668
09.041.168/0001-10;2016-01-01;2;LOG COMMERCIAL PROPERTIES E PARTICIPAÇÕES;023272;FCA;59594;2016-09-12;http://www.rad.cvm.gov.br/ENETCONSULTA/frmDownloadDocumento.aspx?CodigoInstituicao=1&NumeroSequencialDocumento=59594
09.041.168/0001-10;2016-01-01;3;LOG COMMERCIAL PROPERTIES E PARTICIPAÇÕES;023272;FCA;59656;2016-09-15;http://www.rad.cvm.gov.br/ENETCONSULTA/frmDownloadDocumento.aspx?CodigoInstituicao=1&NumeroSequencialDocumento=59656
09.054.385/0001-44;2016-01-01;1;INBRANDS S.A.;022560;FCA;53088;2016-01-28;http://www.rad.cvm.gov.br/ENETCONSULTA/frmDownloadDocumento.aspx?CodigoInstituicao=1&NumeroSequencialDocumento=53088
09.054.385/0001-44;2016-01-01;2;INBRANDS S.A.;022560;FCA;57435;2016-05-31;http://www.rad.cvm.gov.br/ENETCONSULTA/frmDownloadDocumento.aspx?CodigoInstituicao=1&NumeroSequencialDocumento=57435
09.074.183/0001-64;2016-01-01;1;TRANSBRASILIANA CONCESSIONÁRIA DE RODOVIA S.A;022225;FCA;54808;2016-03-31;http://www.rad.cvm.gov.br/ENETCONSULTA/frmDownloadDocumento.aspx?CodigoInstituicao=1&NumeroSequencialDocumento=54808
09.095.183/0001-40;2016-01-01;1;ENERGISA PARAÍBA - DISTRIBUIDORA DE ENERGIA S/A;021938;FCA;54327;2016-03-22;http://www.rad.cvm.gov.br/ENETCONSULTA/frmDownloadDocumento.aspx?CodigoInstituicao=1&NumeroSequencialDocumento=54327
09.095.183/0001-40;2016-01-01;2;ENERGISA PARAÍBA - DISTRIBUIDORA DE ENERGIA S/A;021938;FCA;55408;2016-05-02;http://www.rad.cvm.gov.br/ENETCONSULTA/frmDownloadDocumento.aspx?CodigoInstituicao=1&NumeroSequencialDocumento=55408
09.112.685/0001-32;2016-01-01;1;OSX BRASIL S.A. - EM RECUPERAÇÃO JUDICIAL;021342;FCA;52792;2016-01-08;http://www.rad.cvm.gov.br/ENETCONSULTA/frmDownloadDocumento.aspx?CodigoInstituicao=1&NumeroSequencialDocumento=52792
09.112.685/0001-32;2016-01-01;2;OSX BRASIL S.A. - EM RECUPERAÇÃO JUDICIAL;021342;FCA;52832;2016-01-12;http://www.rad.cvm.gov.br/ENETCONSULTA/frmDownloadDocumento.aspx?CodigoInstituicao=1&NumeroSequencialDocumento=52832
09.112.685/0001-32;2016-01-01;3;OSX BRASIL S.A. - EM RECUPERAÇÃO JUDICIAL;021342;FCA;56184;2016-05-12;http://www.rad.cvm.gov.br/ENETCONSULTA/frmDownloadDocumento.aspx?CodigoInstituicao=1&NumeroSequencialDocumento=56184
09.112.685/0001-32;2016-01-01;4;OSX BRASIL S.A. - EM RECUPERAÇÃO JUDICIAL;021342;FCA;57263;2016-05-31;http://www.rad.cvm.gov.br/ENETCONSULTA/frmDownloadDocumento.aspx?CodigoInstituicao=1&NumeroSequencialDocumento=57263
09.116.278/0001-01;2016-01-01;1;CONPEL CIA NORDESTINA PAPEL - EM RECUPERAÇÃO JUDICIAL;004685;FCA;54775;2016-03-30;http://www.rad.cvm.gov.br/ENETCONSULTA/frmDownloadDocumento.aspx?CodigoInstituicao=1&NumeroSequencialDocumento=54775
09.116.278/0001-01;2016-01-01;2;CONPEL CIA NORDESTINA PAPEL - EM RECUPERAÇÃO JUDICIAL;004685;FCA;56519;2016-05-13;http://www.rad.cvm.gov.br/ENETCONSULTA/frmDownloadDocumento.aspx?CodigoInstituicao=1&NumeroSequencialDocumento=56519
09.149.503/0001-06;2016-01-01;1;SERENA GERAÇÃO S.A.;023426;FCA;54878;2016-03-31;http://www.rad.cvm.gov.br/ENETCONSULTA/frmDownloadDocumento.aspx?CodigoInstituicao=1&NumeroSequencialDocumento=54878
09.257.877/0001-37;2016-01-01;1;FERROVIA NORTE SUL S/A;021814;FCA;52732;2016-01-06;http://www.rad.cvm.gov.br/ENETCONSULTA/frmDownloadDocumento.aspx?CodigoInstituicao=1&NumeroSequencialDocumento=52732
09.288.252/0001-32;2016-01-01;1;ANIMA HOLDING S.A.;023248;FCA;52681;2016-01-05;http://www.rad.cvm.gov.br/ENETCONSULTA/frmDownloadDocumento.aspx?CodigoInstituicao=1&NumeroSequencialDocumento=52681
09.288.252/0001-32;2016-01-01;2;ANIMA HOLDING S.A.;023248;FCA;60291;2016-11-01;http://www.rad.cvm.gov.br/ENETCONSULTA/frmDownloadDocumento.aspx?CodigoInstituicao=1&NumeroSequencialDocumento=60291
09.295.063/0001-97;2016-01-01;1;TECHNOS S.A.;022519;FCA;53655;2016-02-25;http://www.rad.cvm.gov.br/ENETCONSULTA/frmDownloadDocumento.aspx?CodigoInstituicao=1&NumeroSequencialDocumento=53655
09.304.427/0001-58;2016-01-01;1;HABITASEC SECURITIZADORA SA;021628;FCA;52841;2016-01-12;http://www.rad.cvm.gov.br/ENETCONSULTA/frmDownloadDocumento.aspx?CodigoInstituicao=1&NumeroSequencialDocumento=52841
09.304.427/0001-58;2016-01-01;2;HABITASEC SECURITIZADORA SA;021628;FCA;54675;2016-03-30;http://www.rad.cvm.gov.br/ENETCONSULTA/frmDownloadDocumento.aspx?CodigoInstituicao=1&NumeroSequencialDocumento=54675
09.313.969/0001-97;2016-01-01;1;AUTOPISTA LITORAL SUL;021997;FCA;52710;2016-01-06;http://www.rad.cvm.gov.br/ENETCONSULTA/frmDownloadDocumento.aspx?CodigoInstituicao=1&NumeroSequencialDocumento=52710
09.313.969/0001-97;2016-01-01;2;AUTOPISTA LITORAL SUL;021997;FCA;58649;2016-08-10;http://www.rad.cvm.gov.br/ENETCONSULTA/frmDownloadDocumento.aspx?CodigoInstituicao=1&NumeroSequencialDocumento=58649
09.324.949/0001-11;2016-01-01;1;AUTOPISTA FLUMINENSE SA;022004;FCA;53043;2016-01-26;http://www.rad.cvm.gov.br/ENETCONSULTA/frmDownloadDocumento.aspx?CodigoInstituicao=1&NumeroSequencialDocumento=53043
09.325.109/0001-73;2016-01-01;1;AUTOPISTA PLANALTO SUL SA;021970;FCA;52753;2016-01-07;http://www.rad.cvm.gov.br/ENETCONSULTA/frmDownloadDocumento.aspx?CodigoInstituicao=1&NumeroSequencialDocumento=52753
09.325.109/0001-73;2016-01-01;2;AUTOPISTA PLANALTO SUL SA;021970;FCA;58899;2016-08-12;http://www.rad.cvm.gov.br/ENETCONSULTA/frmDownloadDocumento.aspx?CodigoInstituicao=1&NumeroSequencialDocumento=58899
09.326.342/0001-70;2016-01-01;1;AUTOPISTA FERNÃO DIAS SA;021989;FCA;52987;2016-01-21;http://www.rad.cvm.gov.br/ENETCONSULTA/frmDownloadDocumento.aspx?CodigoInstituicao=1&NumeroSequencialDocumento=52987
09.326.342/0001-70;2016-01-01;2;AUTOPISTA FERNÃO DIAS SA;021989;FCA;58655;2016-08-10;http://www.rad.cvm.gov.br/ENETCONSULTA/frmDownloadDocumento.aspx?CodigoInstituicao=1&NumeroSequencialDocumento=58655
09.336.431/0001-06;2016-01-01;1;AUTOPISTA REGIS BITTENCOURT SA;021962;FCA;53044;2016-01-26;http://www.rad.cvm.gov.br/ENETCONSULTA/frmDownloadDocumento.aspx?CodigoInstituicao=1&NumeroSequencialDocumento=53044
09.336.431/0001-06;2016-01-01;2;AUTOPISTA REGIS BITTENCOURT SA;021962;FCA;58912;2016-08-12;http://www.rad.cvm.gov.br/ENETCONSULTA/frmDownloadDocumento.aspx?CodigoInstituicao=1&NumeroSequencialDocumento=58912
09.346.601/0001-25;2016-01-01;1;B3 S.A. - BRASIL, BOLSA, BALCÃO;021610;FCA;52727;2016-01-06;http://www.rad.cvm.gov.br/ENETCONSULTA/frmDownloadDocumento.aspx?CodigoInstituicao=1&NumeroSequencialDocumento=52727
09.346.601/0001-25;2016-01-01;2;B3 S.A. - BRASIL, BOLSA, BALCÃO;021610;FCA;55008;2016-04-06;http://www.rad.cvm.gov.br/ENETCONSULTA/frmDownloadDocumento.aspx?CodigoInstituicao=1&NumeroSequencialDocumento=55008
09.346.601/0001-25;2016-01-01;3;B3 S.A. - BRASIL, BOLSA, BALCÃO;021610;FCA;55999;2016-05-10;http://www.rad.cvm.gov.br/ENETCONSULTA/frmDownloadDocumento.aspx?CodigoInstituicao=1&NumeroSequencialDocumento=55999
09.358.105/0001-91;2016-01-01;1;CETIP S.A. - BALCÃO ORGANIZADO DE ATIVOS E DERIVATIVOS;021792;FCA;53097;2016-01-29;http://www.rad.cvm.gov.br/ENETCONSULTA/frmDownloadDocumento.aspx?CodigoInstituicao=1&NumeroSequencialDocumento=53097
09.358.105/0001-91;2016-01-01;2;CETIP S.A. - BALCÃO ORGANIZADO DE ATIVOS E DERIVATIVOS;021792;FCA;53920;2016-03-08;http://www.rad.cvm.gov.br/ENETCONSULTA/frmDownloadDocumento.aspx?CodigoInstituicao=1&NumeroSequencialDocumento=53920
09.391.823/0001-60;2016-01-01;1;SANTO ANTONIO ENERGIA S.A.;023388;FCA;53525;2016-02-22;http://www.rad.cvm.gov.br/ENETCONSULTA/frmDownloadDocumento.aspx?CodigoInstituicao=1&NumeroSequencialDocumento=53525
09.391.823/0001-60;2016-01-01;2;SANTO ANTONIO ENERGIA S.A.;023388;FCA;53589;2016-02-24;http://www.rad.cvm.gov.br/ENETCONSULTA/frmDownloadDocumento.aspx?CodigoInstituicao=1&NumeroSequencialDocumento=53589
09.391.823/0001-60;2016-01-01;3;SANTO ANTONIO ENERGIA S.A.;023388;FCA;54080;2016-03-15;http://www.rad.cvm.gov.br/ENETCONSULTA/frmDownloadDocumento.aspx?CodigoInstituicao=1&NumeroSequencialDocumento=54080
09.391.823/0001-60;2016-01-01;4;SANTO ANTONIO ENERGIA S.A.;023388;FCA;55683;2016-05-06;http://www.rad.cvm.gov.br/ENETCONSULTA/frmDownloadDocumento.aspx?CodigoInstituicao=1&NumeroSequencialDocumento=55683
09.391.823/0001-60;2016-01-01;5;SANTO ANTONIO ENERGIA S.A.;023388;FCA;56196;2016-05-12;http://www.rad.cvm.gov.br/ENETCONSULTA/frmDownloadDocumento.aspx?CodigoInstituicao=1&NumeroSequencialDocumento=56196
09.391.823/0001-60;2016-01-01;6;SANTO ANTONIO ENERGIA S.A.;023388;FCA;57079;2016-05-31;http://www.rad.cvm.gov.br/ENETCONSULTA/frmDownloadDocumento.aspx?CodigoInstituicao=1&NumeroSequencialDocumento=57079
09.391.823/0001-60;2016-01-01;7;SANTO ANTONIO ENERGIA S.A.;023388;FCA;58626;2016-08-09;http://www.rad.cvm.gov.br/ENETCONSULTA/frmDownloadDocumento.aspx?CodigoInstituicao=1&NumeroSequencialDocumento=58626
09.391.823/0001-60;2016-01-01;8;SANTO ANTONIO ENERGIA S.A.;023388;FCA;60411;2016-11-07;http://www.rad.cvm.gov.br/ENETCONSULTA/frmDownloadDocumento.aspx?CodigoInstituicao=1&NumeroSequencialDocumento=60411
09.391.823/0001-60;2016-01-01;9;SANTO ANTONIO ENERGIA S.A.;023388;FCA;61641;2016-12-28;http://www.rad.cvm.gov.br/ENETCONSULTA/frmDownloadDocumento.aspx?CodigoInstituicao=1&NumeroSequencialDocumento=61641
09.414.761/0001-64;2016-01-01;1;K-INFRA RODOVIA DO AÇO S.A.;022446;FCA;54806;2016-03-31;http://www.rad.cvm.gov.br/ENETCONSULTA/frmDownloadDocumento.aspx?CodigoInstituicao=1&NumeroSequencialDocumento=54806
09.439.783/0001-89;2016-01-01;1;ÁQUILLA SECURITIZADORA S.A.;021512;FCA;54998;2016-04-06;http://www.rad.cvm.gov.br/ENETCONSULTA/frmDownloadDocumento.aspx?CodigoInstituicao=1&NumeroSequencialDocumento=54998
09.439.783/0001-89;2016-01-01;2;ÁQUILLA SECURITIZADORA S.A.;021512;FCA;56440;2016-05-13;http://www.rad.cvm.gov.br/ENETCONSULTA/frmDownloadDocumento.aspx?CodigoInstituicao=1&NumeroSequencialDocumento=56440
09.439.783/0001-89;2016-01-01;3;ÁQUILLA SECURITIZADORA S.A.;021512;FCA;58798;2016-08-11;http://www.rad.cvm.gov.br/ENETCONSULTA/frmDownloadDocumento.aspx?CodigoInstituicao=1&NumeroSequencialDocumento=58798
09.439.783/0001-89;2016-01-01;4;ÁQUILLA SECURITIZADORA S.A.;021512;FCA;60740;2016-11-11;http://www.rad.cvm.gov.br/ENETCONSULTA/frmDownloadDocumento.aspx?CodigoInstituicao=1&NumeroSequencialDocumento=60740
09.462.140/0001-56;2016-01-01;1;BASEL PARTICIPAÇÕES S/A;021601;FCA;54745;2016-03-30;http://www.rad.cvm.gov.br/ENETCONSULTA/frmDownloadDocumento.aspx?CodigoInstituicao=1&NumeroSequencialDocumento=54745
09.462.140/0001-56;2016-01-01;2;BASEL PARTICIPAÇÕES S/A;021601;FCA;55859;2016-05-09;http://www.rad.cvm.gov.br/ENETCONSULTA/frmDownloadDocumento.aspx?CodigoInstituicao=1&NumeroSequencialDocumento=55859
09.538.973/0001-53;2016-01-01;1;PDG COMPANHIA SECURITIZADORA;021644;FCA;53288;2016-02-10;http://www.rad.cvm.gov.br/ENETCONSULTA/frmDownloadDocumento.aspx?CodigoInstituicao=1&NumeroSequencialDocumento=53288
09.538.973/0001-53;2016-01-01;2;PDG COMPANHIA SECURITIZADORA;021644;FCA;60952;2016-11-14;http://www.rad.cvm.gov.br/ENETCONSULTA/frmDownloadDocumento.aspx?CodigoInstituicao=1&NumeroSequencialDocumento=60952
09.601.322/0001-60;2016-01-01;1;CTX PARTICIPAÇÕES S/A;021652;FCA;53263;2016-02-05;http://www.rad.cvm.gov.br/ENETCONSULTA/frmDownloadDocumento.aspx?CodigoInstituicao=1&NumeroSequencialDocumento=53263
10.215.988/0001-60;2016-01-01;1;COMPANHIA DE LOCAÇÃO DAS AMÉRICAS;022691;FCA;54251;2016-03-21;http://www.rad.cvm.gov.br/ENETCONSULTA/frmDownloadDocumento.aspx?CodigoInstituicao=1&NumeroSequencialDocumento=54251
10.215.988/0001-60;2016-01-01;2;COMPANHIA DE LOCAÇÃO DAS AMÉRICAS;022691;FCA;61676;2016-12-30;http://www.rad.cvm.gov.br/ENETCONSULTA/frmDownloadDocumento.aspx?CodigoInstituicao=1&NumeroSequencialDocumento=61676
10.234.027/0001-00;2016-01-01;1;LINHAS DE MACAPÁ TRANSMISSORA DE ENERGIA S/A;023680;FCA;54817;2016-03-31;http://www.rad.cvm.gov.br/ENETCONSULTA/frmDownloadDocumento.aspx?CodigoInstituicao=1&NumeroSequencialDocumento=54817
10.240.186/0001-00;2016-01-01;1;LINHAS DE XINGU TRANSMISSORA DE ENERGIA S/A;023671;FCA;54815;2016-03-31;http://www.rad.cvm.gov.br/ENETCONSULTA/frmDownloadDocumento.aspx?CodigoInstituicao=1&NumeroSequencialDocumento=54815
10.242.478/0001-81;2016-01-01;1;INVITEL LEGACY SA - EM LIQUIDAÇÃO;021687;FCA;53910;2016-03-08;http://www.rad.cvm.gov.br/ENETCONSULTA/frmDownloadDocumento.aspx?CodigoInstituicao=1&NumeroSequencialDocumento=53910
10.324.624/0001-18;2016-01-01;1;CONCESSÃO METROVIÁRIA DO RIO DE JANEIRO S.A.;022144;FCA;54436;2016-03-24;http://www.rad.cvm.gov.br/ENETCONSULTA/frmDownloadDocumento.aspx?CodigoInstituicao=1&NumeroSequencialDocumento=54436
10.324.624/0001-18;2016-01-01;2;CONCESSÃO METROVIÁRIA DO RIO DE JANEIRO S.A.;022144;FCA;58125;2016-07-15;http://www.rad.cvm.gov.br/ENETCONSULTA/frmDownloadDocumento.aspx?CodigoInstituicao=1&NumeroSequencialDocumento=58125
10.324.624/0001-18;2016-01-01;3;CONCESSÃO METROVIÁRIA DO RIO DE JANEIRO S.A.;022144;FCA;59888;2016-10-03;http://www.rad.cvm.gov.br/ENETCONSULTA/frmDownloadDocumento.aspx?CodigoInstituicao=1&NumeroSequencialDocumento=59888
10.338.320/0001-00;2016-01-01;1;AFLUENTE TRANSMISSÃO DE ENERGIA ELÉTRICA S/A;022179;FCA;53520;2016-02-22;http://www.rad.cvm.gov.br/ENETCONSULTA/frmDownloadDocumento.aspx?CodigoInstituicao=1&NumeroSequencialDocumento=53520
10.338.320/0001-00;2016-01-01;2;AFLUENTE TRANSMISSÃO DE ENERGIA ELÉTRICA S/A;022179;FCA;57506;2016-06-01;http://www.rad.cvm.gov.br/ENETCONSULTA/frmDownloadDocumento.aspx?CodigoInstituicao=1&NumeroSequencialDocumento=57506
10.338.320/0001-00;2016-01-01;3;AFLUENTE TRANSMISSÃO DE ENERGIA ELÉTRICA S/A;022179;FCA;57654;2016-06-10;http://www.rad.cvm.gov.br/ENETCONSULTA/frmDownloadDocumento.aspx?CodigoInstituicao=1&NumeroSequencialDocumento=57654
10.338.320/0001-00;2016-01-01;4;AFLUENTE TRANSMISSÃO DE ENERGIA ELÉTRICA S/A;022179;FCA;57934;2016-07-04;http://www.rad.cvm.gov.br/ENETCONSULTA/frmDownloadDocumento.aspx?CodigoInstituicao=1&NumeroSequencialDocumento=57934
10.345.009/0001-98;2016-01-01;1;ADVANCED DIGITAL HEALTH MEDICINA PREVENTIVA S.A.;021725;FCA;53361;2016-02-15;http://www.rad.cvm.gov.br/ENETCONSULTA/frmDownloadDocumento.aspx?CodigoInstituicao=1&NumeroSequencialDocumento=53361
10.345.009/0001-98;2016-01-01;2;ADVANCED DIGITAL HEALTH MEDICINA PREVENTIVA S.A.;021725;FCA;56981;2016-05-30;http://www.rad.cvm.gov.br/ENETCONSULTA/frmDownloadDocumento.aspx?CodigoInstituicao=1&NumeroSequencialDocumento=56981
10.345.009/0001-98;2016-01-01;3;ADVANCED DIGITAL HEALTH MEDICINA PREVENTIVA S.A.;021725;FCA;56997;2016-05-30;http://www.rad.cvm.gov.br/ENETCONSULTA/frmDownloadDocumento.aspx?CodigoInstituicao=1&NumeroSequencialDocumento=56997
10.345.009/0001-98;2016-01-01;4;ADVANCED DIGITAL HEALTH MEDICINA PREVENTIVA S.A.;021725;FCA;57805;2016-06-22;http://www.rad.cvm.gov.br/ENETCONSULTA/frmDownloadDocumento.aspx?CodigoInstituicao=1&NumeroSequencialDocumento=57805
10.345.009/0001-98;2016-01-01;5;ADVANCED DIGITAL HEALTH MEDICINA PREVENTIVA S.A.;021725;FCA;58106;2016-07-14;http://www.rad.cvm.gov.br/ENETCONSULTA/frmDownloadDocumento.aspx?CodigoInstituicao=1&NumeroSequencialDocumento=58106
10.345.009/0001-98;2016-01-01;6;ADVANCED DIGITAL HEALTH MEDICINA PREVENTIVA S.A.;021725;FCA;58359;2016-07-29;http://www.rad.cvm.gov.br/ENETCONSULTA/frmDownloadDocumento.aspx?CodigoInstituicao=1&NumeroSequencialDocumento=58359
10.345.009/0001-98;2016-01-01;7;ADVANCED DIGITAL HEALTH MEDICINA PREVENTIVA S.A.;021725;FCA;58571;2016-08-08;http://www.rad.cvm.gov.br/ENETCONSULTA/frmDownloadDocumento.aspx?CodigoInstituicao=1&NumeroSequencialDocumento=58571
10.345.009/0001-98;2016-01-01;8;ADVANCED DIGITAL HEALTH MEDICINA PREVENTIVA S.A.;021725;FCA;59492;2016-09-02;http://www.rad.cvm.gov.br/ENETCONSULTA/frmDownloadDocumento.aspx?CodigoInstituicao=1&NumeroSequencialDocumento=59492
10.345.009/0001-98;2016-01-01;9;ADVANCED DIGITAL HEALTH MEDICINA PREVENTIVA S.A.;021725;FCA;59886;2016-10-03;http://www.rad.cvm.gov.br/ENETCONSULTA/frmDownloadDocumento.aspx?CodigoInstituicao=1&NumeroSequencialDocumento=59886
10.345.009/0001-98;2016-01-01;10;ADVANCED DIGITAL HEALTH MEDICINA PREVENTIVA S.A.;021725;FCA;61633;2016-12-27;http://www.rad.cvm.gov.br/ENETCONSULTA/frmDownloadDocumento.aspx?CodigoInstituicao=1&NumeroSequencialDocumento=61633
10.488.244/0001-19;2016-01-01;1;INFRASEC SECURITIZADORA S.A.;021750;FCA;54228;2016-03-21;http://www.rad.cvm.gov.br/ENETCONSULTA/frmDownloadDocumento.aspx?CodigoInstituicao=1&NumeroSequencialDocumento=54228
10.502.676/0001-37;2016-01-01;1;TERMELÉTRICA PERNAMBUCO III S.A.;023329;FCA;54141;2016-03-17;http://www.rad.cvm.gov.br/ENETCONSULTA/frmDownloadDocumento.aspx?CodigoInstituicao=1&NumeroSequencialDocumento=54141
10.502.676/0001-37;2016-01-01;2;TERMELÉTRICA PERNAMBUCO III S.A.;023329;FCA;55426;2016-05-02;http://www.rad.cvm.gov.br/ENETCONSULTA/frmDownloadDocumento.aspx?CodigoInstituicao=1&NumeroSequencialDocumento=55426
10.502.676/0001-37;2016-01-01;3;TERMELÉTRICA PERNAMBUCO III S.A.;023329;FCA;59964;2016-10-07;http://www.rad.cvm.gov.br/ENETCONSULTA/frmDownloadDocumento.aspx?CodigoInstituicao=1&NumeroSequencialDocumento=59964
10.502.676/0001-37;2016-01-01;4;TERMELÉTRICA PERNAMBUCO III S.A.;023329;FCA;61141;2016-11-18;http://www.rad.cvm.gov.br/ENETCONSULTA/frmDownloadDocumento.aspx?CodigoInstituicao=1&NumeroSequencialDocumento=61141
10.531.501/0001-58;2016-01-01;1;CONC AUTO RAPOSO TAVARES S.A.;022268;FCA;55126;2016-04-13;http://www.rad.cvm.gov.br/ENETCONSULTA/frmDownloadDocumento.aspx?CodigoInstituicao=1&NumeroSequencialDocumento=55126
10.531.501/0001-58;2016-01-01;2;CONC AUTO RAPOSO TAVARES S.A.;022268;FCA;58128;2016-07-15;http://www.rad.cvm.gov.br/ENETCONSULTA/frmDownloadDocumento.aspx?CodigoInstituicao=1&NumeroSequencialDocumento=58128
10.531.501/0001-58;2016-01-01;3;CONC AUTO RAPOSO TAVARES S.A.;022268;FCA;58143;2016-07-18;http://www.rad.cvm.gov.br/ENETCONSULTA/frmDownloadDocumento.aspx?CodigoInstituicao=1&NumeroSequencialDocumento=58143
10.603.674/0001-34;2016-01-01;1;BS&C EMPREENDIMENTOS E PARTICIPAÇÕES S.A.;023779;FCA;54395;2016-03-23;http://www.rad.cvm.gov.br/ENETCONSULTA/frmDownloadDocumento.aspx?CodigoInstituicao=1&NumeroSequencialDocumento=54395
10.608.405/0001-60;2016-01-01;1;BARI SECURITIZADORA S.A.;021920;FCA;54026;2016-03-11;http://www.rad.cvm.gov.br/ENETCONSULTA/frmDownloadDocumento.aspx?CodigoInstituicao=1&NumeroSequencialDocumento=54026
10.629.105/0001-68;2016-01-01;1;PRIO S.A.;022187;FCA;53506;2016-02-19;http://www.rad.cvm.gov.br/ENETCONSULTA/frmDownloadDocumento.aspx?CodigoInstituicao=1&NumeroSequencialDocumento=53506
10.635.691/0001-53;2016-01-01;1;VIARONDON CONCESSIONÁRIA DE RODOVIA S.A.;022543;FCA;54909;2016-03-31;http://www.rad.cvm.gov.br/ENETCONSULTA/frmDownloadDocumento.aspx?CodigoInstituicao=1&NumeroSequencialDocumento=54909
10.647.979/0001-48;2016-01-01;1;CONC ROTA DAS BANDEIRAS S.A.;022071;FCA;52659;2016-01-04;http://www.rad.cvm.gov.br/ENETCONSULTA/frmDownloadDocumento.aspx?CodigoInstituicao=1&NumeroSequencialDocumento=52659
10.647.979/0001-48;2016-01-01;2;CONC ROTA DAS BANDEIRAS S.A.;022071;FCA;54951;2016-04-04;http://www.rad.cvm.gov.br/ENETCONSULTA/frmDownloadDocumento.aspx?CodigoInstituicao=1&NumeroSequencialDocumento=54951
10.647.979/0001-48;2016-01-01;3;CONC ROTA DAS BANDEIRAS S.A.;022071;FCA;59272;2016-08-18;http://www.rad.cvm.gov.br/ENETCONSULTA/frmDownloadDocumento.aspx?CodigoInstituicao=1&NumeroSequencialDocumento=59272
10.670.314/0001-55;2016-01-01;1;VIABAHIA CONCESSIONÁRIA DE RODOVIAS SA;022926;FCA;54108;2016-03-16;http://www.rad.cvm.gov.br/ENETCONSULTA/frmDownloadDocumento.aspx?CodigoInstituicao=1&NumeroSequencialDocumento=54108
10.670.314/0001-55;2016-01-01;2;VIABAHIA CONCESSIONÁRIA DE RODOVIAS SA;022926;FCA;58165;2016-07-19;http://www.rad.cvm.gov.br/ENETCONSULTA/frmDownloadDocumento.aspx?CodigoInstituicao=1&NumeroSequencialDocumento=58165
10.670.314/0001-55;2016-01-01;3;VIABAHIA CONCESSIONÁRIA DE RODOVIAS SA;022926;FCA;58846;2016-08-11;http://www.rad.cvm.gov.br/ENETCONSULTA/frmDownloadDocumento.aspx?CodigoInstituicao=1&NumeroSequencialDocumento=58846
10.678.505/0001-63;2016-01-01;1;CONC RODOVIAS DO TIETÊ S.A.- EM RECUPERAÇÃO JUDICIAL;022721;FCA;54092;2016-03-15;http://www.rad.cvm.gov.br/ENETCONSULTA/frmDownloadDocumento.aspx?CodigoInstituicao=1&NumeroSequencialDocumento=54092
10.747.021/0001-29;2016-01-01;1;PRÁTICA PARTICIPAÇÕES S/A;023728;FCA;53608;2016-02-24;http://www.rad.cvm.gov.br/ENETCONSULTA/frmDownloadDocumento.aspx?CodigoInstituicao=1&NumeroSequencialDocumento=53608
10.747.021/0001-29;2016-01-01;2;PRÁTICA PARTICIPAÇÕES S/A;023728;FCA;57632;2016-06-09;http://www.rad.cvm.gov.br/ENETCONSULTA/frmDownloadDocumento.aspx?CodigoInstituicao=1&NumeroSequencialDocumento=57632
10.753.164/0001-43;2016-01-01;1;ECO SECURITIZADORA DIREITOS CRED AGRONEGÓCIO S.A.;021741;FCA;53463;2016-02-18;http://www.rad.cvm.gov.br/ENETCONSULTA/frmDownloadDocumento.aspx?CodigoInstituicao=1&NumeroSequencialDocumento=53463
10.753.164/0001-43;2016-01-01;2;ECO SECURITIZADORA DIREITOS CRED AGRONEGÓCIO S.A.;021741;FCA;54990;2016-04-06;http://www.rad.cvm.gov.br/ENETCONSULTA/frmDownloadDocumento.aspx?CodigoInstituicao=1&NumeroSequencialDocumento=54990
10.760.260/0001-19;2016-01-01;1;CVC BRASIL OPERADORA E AGÊNCIA DE VIAGENS S.A.;023310;FCA;52707;2016-01-05;http://www.rad.cvm.gov.br/ENETCONSULTA/frmDownloadDocumento.aspx?CodigoInstituicao=1&NumeroSequencialDocumento=52707
10.760.260/0001-19;2016-01-01;2;CVC BRASIL OPERADORA E AGÊNCIA DE VIAGENS S.A.;023310;FCA;57354;2016-05-31;http://www.rad.cvm.gov.br/ENETCONSULTA/frmDownloadDocumento.aspx?CodigoInstituicao=1&NumeroSequencialDocumento=57354
10.835.932/0001-08;2016-01-01;1;CIA ENERGETICA DE PERNAMBUCO - CELPE;014362;FCA;53453;2016-02-18;http://www.rad.cvm.gov.br/ENETCONSULTA/frmDownloadDocumento.aspx?CodigoInstituicao=1&NumeroSequencialDocumento=53453
10.835.932/0001-08;2016-01-01;2;CIA ENERGETICA DE PERNAMBUCO - CELPE;014362;FCA;57498;2016-06-01;http://www.rad.cvm.gov.br/ENETCONSULTA/frmDownloadDocumento.aspx?CodigoInstituicao=1&NumeroSequencialDocumento=57498
10.835.932/0001-08;2016-01-01;3;CIA ENERGETICA DE PERNAMBUCO - CELPE;014362;FCA;57655;2016-06-10;http://www.rad.cvm.gov.br/ENETCONSULTA/frmDownloadDocumento.aspx?CodigoInstituicao=1&NumeroSequencialDocumento=57655
10.835.932/0001-08;2016-01-01;4;CIA ENERGETICA DE PERNAMBUCO - CELPE;014362;FCA;57929;2016-07-04;http://www.rad.cvm.gov.br/ENETCONSULTA/frmDownloadDocumento.aspx?CodigoInstituicao=1&NumeroSequencialDocumento=57929
10.841.050/0001-55;2016-01-01;1;CONC ROD AYRTON SENNA E CARV PINTO S.A.-ECOPISTAS;022411;FCA;52660;2016-01-04;http://www.rad.cvm.gov.br/ENETCONSULTA/frmDownloadDocumento.aspx?CodigoInstituicao=1&NumeroSequencialDocumento=52660
10.841.050/0001-55;2016-01-01;2;CONC ROD AYRTON SENNA E CARV PINTO S.A.-ECOPISTAS;022411;FCA;57190;2016-05-31;http://www.rad.cvm.gov.br/ENETCONSULTA/frmDownloadDocumento.aspx?CodigoInstituicao=1&NumeroSequencialDocumento=57190
11.094.546/0001-75;2016-01-01;1;MULTIPLUS S.A.;021946;FCA;53470;2016-02-18;http://www.rad.cvm.gov.br/ENETCONSULTA/frmDownloadDocumento.aspx?CodigoInstituicao=1&NumeroSequencialDocumento=53470
11.094.546/0001-75;2016-01-01;2;MULTIPLUS S.A.;021946;FCA;57835;2016-06-24;http://www.rad.cvm.gov.br/ENETCONSULTA/frmDownloadDocumento.aspx?CodigoInstituicao=1&NumeroSequencialDocumento=57835
11.102.250/0001-59;2016-01-01;1;BR HOME CENTERS S.A.;023710;FCA;54387;2016-03-23;http://www.rad.cvm.gov.br/ENETCONSULTA/frmDownloadDocumento.aspx?CodigoInstituicao=1&NumeroSequencialDocumento=54387
11.181.400/0001-67;2016-01-01;1;SUL INVEST SECURITIZADORA S/A;023345;FCA;54969;2016-04-05;http://www.rad.cvm.gov.br/ENETCONSULTA/frmDownloadDocumento.aspx?CodigoInstituicao=1&NumeroSequencialDocumento=54969
11.181.400/0001-67;2016-01-01;2;SUL INVEST SECURITIZADORA S/A;023345;FCA;56318;2016-05-13;http://www.rad.cvm.gov.br/ENETCONSULTA/frmDownloadDocumento.aspx?CodigoInstituicao=1&NumeroSequencialDocumento=56318
11.193.684/0001-01;2016-01-01;1;GAVEA SECURITIZADORA S/A;023418;FCA;53377;2016-02-15;http://www.rad.cvm.gov.br/ENETCONSULTA/frmDownloadDocumento.aspx?CodigoInstituicao=1&NumeroSequencialDocumento=53377
11.193.684/0001-01;2016-01-01;2;GAVEA SECURITIZADORA S/A;023418;FCA;57177;2016-05-31;http://www.rad.cvm.gov.br/ENETCONSULTA/frmDownloadDocumento.aspx?CodigoInstituicao=1&NumeroSequencialDocumento=57177
11.193.684/0001-01;2016-01-01;3;GAVEA SECURITIZADORA S/A;023418;FCA;58930;2016-08-12;http://www.rad.cvm.gov.br/ENETCONSULTA/frmDownloadDocumento.aspx?CodigoInstituicao=1&NumeroSequencialDocumento=58930
11.257.352/0001-43;2016-01-01;1;BSI CAPITAL SECURITIZADORA S.A.;023132;FCA;53336;2016-02-12;http://www.rad.cvm.gov.br/ENETCONSULTA/frmDownloadDocumento.aspx?CodigoInstituicao=1&NumeroSequencialDocumento=53336
11.257.352/0001-43;2016-01-01;2;BSI CAPITAL SECURITIZADORA S.A.;023132;FCA;57401;2016-05-31;http://www.rad.cvm.gov.br/ENETCONSULTA/frmDownloadDocumento.aspx?CodigoInstituicao=1&NumeroSequencialDocumento=57401
11.274.829/0001-07;2016-01-01;1;COMPANHIA PAULISTA DE SECURITIZAÇÃO;022080;FCA;54172;2016-03-18;http://www.rad.cvm.gov.br/ENETCONSULTA/frmDownloadDocumento.aspx?CodigoInstituicao=1&NumeroSequencialDocumento=54172
11.284.204/0001-18;2016-01-01;1;YOU INC INCORPORADORA E PARTICIPAÇÃO S.A;023604;FCA;54870;2016-03-31;http://www.rad.cvm.gov.br/ENETCONSULTA/frmDownloadDocumento.aspx?CodigoInstituicao=1&NumeroSequencialDocumento=54870
11.284.204/0001-18;2016-01-01;2;YOU INC INCORPORADORA E PARTICIPAÇÃO S.A;023604;FCA;56358;2016-05-13;http://www.rad.cvm.gov.br/ENETCONSULTA/frmDownloadDocumento.aspx?CodigoInstituicao=1&NumeroSequencialDocumento=56358
11.395.624/0001-71;2016-01-01;1;MASSA FALIDA DA BRASIL PHARMA S.A.;022500;FCA;52939;2016-01-18;http://www.rad.cvm.gov.br/ENETCONSULTA/frmDownloadDocumento.aspx?CodigoInstituicao=1&NumeroSequencialDocumento=52939
11.395.624/0001-71;2016-01-01;2;MASSA FALIDA DA BRASIL PHARMA S.A.;022500;FCA;52979;2016-01-20;http://www.rad.cvm.gov.br/ENETCONSULTA/frmDownloadDocumento.aspx?CodigoInstituicao=1&NumeroSequencialDocumento=52979
11.395.624/0001-71;2016-01-01;3;MASSA FALIDA DA BRASIL PHARMA S.A.;022500;FCA;58353;2016-07-29;http://www.rad.cvm.gov.br/ENETCONSULTA/frmDownloadDocumento.aspx?CodigoInstituicao=1&NumeroSequencialDocumento=58353
11.423.623/0001-93;2016-01-01;1;DUFRY A.G.;080110;FCA;52725;2016-01-06;http://www.rad.cvm.gov.br/ENETCONSULTA/frmDownloadDocumento.aspx?CodigoInstituicao=1&NumeroSequencialDocumento=52725
11.423.623/0001-93;2016-01-01;2;DUFRY A.G.;080110;FCA;53980;2016-03-10;http://www.rad.cvm.gov.br/ENETCONSULTA/frmDownloadDocumento.aspx?CodigoInstituicao=1&NumeroSequencialDocumento=53980
11.423.623/0001-93;2016-01-01;3;DUFRY A.G.;080110;FCA;55849;2016-05-09;http://www.rad.cvm.gov.br/ENETCONSULTA/frmDownloadDocumento.aspx?CodigoInstituicao=1&NumeroSequencialDocumento=55849
11.566.501/0001-56;2016-01-01;1;TEREOS INTERNACIONAL S/A;022136;FCA;53292;2016-02-10;http://www.rad.cvm.gov.br/ENETCONSULTA/frmDownloadDocumento.aspx?CodigoInstituicao=1&NumeroSequencialDocumento=53292
11.566.501/0001-56;2016-01-01;2;TEREOS INTERNACIONAL S/A;022136;FCA;58367;2016-08-01;http://www.rad.cvm.gov.br/ENETCONSULTA/frmDownloadDocumento.aspx?CodigoInstituicao=1&NumeroSequencialDocumento=58367
11.566.501/0001-56;2016-01-01;3;TEREOS INTERNACIONAL S/A;022136;FCA;58608;2016-08-09;http://www.rad.cvm.gov.br/ENETCONSULTA/frmDownloadDocumento.aspx?CodigoInstituicao=1&NumeroSequencialDocumento=58608
11.669.021/0001-10;2016-01-01;1;ENAUTA PARTICIPAÇÕES S.A.;022365;FCA;53933;2016-03-09;http://www.rad.cvm.gov.br/ENETCONSULTA/frmDownloadDocumento.aspx?CodigoInstituicao=1&NumeroSequencialDocumento=53933
11.669.021/0001-10;2016-01-01;2;ENAUTA PARTICIPAÇÕES S.A.;022365;FCA;55403;2016-05-02;http://www.rad.cvm.gov.br/ENETCONSULTA/frmDownloadDocumento.aspx?CodigoInstituicao=1&NumeroSequencialDocumento=55403
11.716.471/0001-17;2016-01-01;1;TRX SECURITIZADORA S.A.;022420;FCA;52688;2016-01-05;http://www.rad.cvm.gov.br/ENETCONSULTA/frmDownloadDocumento.aspx?CodigoInstituicao=1&NumeroSequencialDocumento=52688
11.721.921/0001-60;2016-01-01;1;ALPER CONSULTORIA E CORRETORA DE SEGUROS S.A.;022217;FCA;53181;2016-02-03;http://www.rad.cvm.gov.br/ENETCONSULTA/frmDownloadDocumento.aspx?CodigoInstituicao=1&NumeroSequencialDocumento=53181
11.721.921/0001-60;2016-01-01;2;ALPER CONSULTORIA E CORRETORA DE SEGUROS S.A.;022217;FCA;55217;2016-04-20;http://www.rad.cvm.gov.br/ENETCONSULTA/frmDownloadDocumento.aspx?CodigoInstituicao=1&NumeroSequencialDocumento=55217
11.721.921/0001-60;2016-01-01;3;ALPER CONSULTORIA E CORRETORA DE SEGUROS S.A.;022217;FCA;55820;2016-05-09;http://www.rad.cvm.gov.br/ENETCONSULTA/frmDownloadDocumento.aspx?CodigoInstituicao=1&NumeroSequencialDocumento=55820
11.721.921/0001-60;2016-01-01;4;ALPER CONSULTORIA E CORRETORA DE SEGUROS S.A.;022217;FCA;57152;2016-05-31;http://www.rad.cvm.gov.br/ENETCONSULTA/frmDownloadDocumento.aspx?CodigoInstituicao=1&NumeroSequencialDocumento=57152
11.721.921/0001-60;2016-01-01;5;ALPER CONSULTORIA E CORRETORA DE SEGUROS S.A.;022217;FCA;59771;2016-09-27;http://www.rad.cvm.gov.br/ENETCONSULTA/frmDownloadDocumento.aspx?CodigoInstituicao=1&NumeroSequencialDocumento=59771
11.721.921/0001-60;2016-01-01;6;ALPER CONSULTORIA E CORRETORA DE SEGUROS S.A.;022217;FCA;59831;2016-09-29;http://www.rad.cvm.gov.br/ENETCONSULTA/frmDownloadDocumento.aspx?CodigoInstituicao=1&NumeroSequencialDocumento=59831
11.992.680/0001-93;2016-01-01;1;QUALICORP CONSULTORIA E CORRETORA DE SEGUROS S.A.;022497;FCA;53156;2016-02-02;http://www.rad.cvm.gov.br/ENETCONSULTA/frmDownloadDocumento.aspx?CodigoInstituicao=1&NumeroSequencialDocumento=53156
11.992.680/0001-93;2016-01-01;2;QUALICORP CONSULTORIA E CORRETORA DE SEGUROS S.A.;022497;FCA;56068;2016-05-11;http://www.rad.cvm.gov.br/ENETCONSULTA/frmDownloadDocumento.aspx?CodigoInstituicao=1&NumeroSequencialDocumento=56068
12.049.631/0001-84;2016-01-01;1;MOURA DUBEUX ENGENHARIA S/A;021067;FCA;53389;2016-02-16;http://www.rad.cvm.gov.br/ENETCONSULTA/frmDownloadDocumento.aspx?CodigoInstituicao=1&NumeroSequencialDocumento=53389
12.049.631/0001-84;2016-01-01;2;MOURA DUBEUX ENGENHARIA S/A;021067;FCA;56914;2016-05-27;http://www.rad.cvm.gov.br/ENETCONSULTA/frmDownloadDocumento.aspx?CodigoInstituicao=1&NumeroSequencialDocumento=56914
12.078.880/0001-06;2016-01-01;1;COMPANHIA AURIFERA BRASILEIRA S.A.;022870;FCA;54791;2016-03-31;http://www.rad.cvm.gov.br/ENETCONSULTA/frmDownloadDocumento.aspx?CodigoInstituicao=1&NumeroSequencialDocumento=54791
12.130.744/0001-00;2016-01-01;1;TRUE SECURITIZADORA S.A.;022276;FCA;53898;2016-03-08;http://www.rad.cvm.gov.br/ENETCONSULTA/frmDownloadDocumento.aspx?CodigoInstituicao=1&NumeroSequencialDocumento=53898
12.130.744/0001-00;2016-01-01;2;TRUE SECURITIZADORA S.A.;022276;FCA;54364;2016-03-23;http://www.rad.cvm.gov.br/ENETCONSULTA/frmDownloadDocumento.aspx?CodigoInstituicao=1&NumeroSequencialDocumento=54364
12.130.744/0001-00;2016-01-01;3;TRUE SECURITIZADORA S.A.;022276;FCA;55002;2016-04-06;http://www.rad.cvm.gov.br/ENETCONSULTA/frmDownloadDocumento.aspx?CodigoInstituicao=1&NumeroSequencialDocumento=55002
12.130.744/0001-00;2016-01-01;4;TRUE SECURITIZADORA S.A.;022276;FCA;59363;2016-08-24;http://www.rad.cvm.gov.br/ENETCONSULTA/frmDownloadDocumento.aspx?CodigoInstituicao=1&NumeroSequencialDocumento=59363
12.139.922/0001-63;2016-01-01;1;OCTANTE SECURITIZADORA S.A.;022390;FCA;54208;2016-03-18;http://www.rad.cvm.gov.br/ENETCONSULTA/frmDownloadDocumento.aspx?CodigoInstituicao=1&NumeroSequencialDocumento=54208
12.139.922/0001-63;2016-01-01;2;OCTANTE SECURITIZADORA S.A.;022390;FCA;55568;2016-05-04;http://www.rad.cvm.gov.br/ENETCONSULTA/frmDownloadDocumento.aspx?CodigoInstituicao=1&NumeroSequencialDocumento=55568
12.261.588/0001-16;2016-01-01;1;POLO CAPITAL SECURITIZADORA S.A;022160;FCA;54875;2016-03-31;http://www.rad.cvm.gov.br/ENETCONSULTA/frmDownloadDocumento.aspx?CodigoInstituicao=1&NumeroSequencialDocumento=54875
12.320.349/0001-90;2016-01-01;1;ORE  SECURITIZADORA SA;022250;FCA;52718;2016-01-06;http://www.rad.cvm.gov.br/ENETCONSULTA/frmDownloadDocumento.aspx?CodigoInstituicao=1&NumeroSequencialDocumento=52718
12.320.349/0001-90;2016-01-01;2;ORE  SECURITIZADORA SA;022250;FCA;53024;2016-01-22;http://www.rad.cvm.gov.br/ENETCONSULTA/frmDownloadDocumento.aspx?CodigoInstituicao=1&NumeroSequencialDocumento=53024
12.320.349/0001-90;2016-01-01;3;ORE  SECURITIZADORA SA;022250;FCA;55480;2016-05-03;http://www.rad.cvm.gov.br/ENETCONSULTA/frmDownloadDocumento.aspx?CodigoInstituicao=1&NumeroSequencialDocumento=55480
12.394.991/0001-13;2016-01-01;1;UTILIUM PARTICIPAÇÕES S.A.;023094;FCA;55896;2016-05-10;http://www.rad.cvm.gov.br/ENETCONSULTA/frmDownloadDocumento.aspx?CodigoInstituicao=1&NumeroSequencialDocumento=55896
12.489.315/0001-23;2016-01-01;1;FERREIRA GOMES ENERGIA S.A.;022977;FCA;53766;2016-03-02;http://www.rad.cvm.gov.br/ENETCONSULTA/frmDownloadDocumento.aspx?CodigoInstituicao=1&NumeroSequencialDocumento=53766
12.610.165/0001-64;2016-01-01;1;ATLETAS BRASILEIROS S.A.;022934;FCA;58384;2016-08-01;http://www.rad.cvm.gov.br/ENETCONSULTA/frmDownloadDocumento.aspx?CodigoInstituicao=1&NumeroSequencialDocumento=58384
12.610.764/0001-88;2016-01-01;1;BRASIL PLURAL SECURITIZADORA S.A.;022233;FCA;53012;2016-01-22;http://www.rad.cvm.gov.br/ENETCONSULTA/frmDownloadDocumento.aspx?CodigoInstituicao=1&NumeroSequencialDocumento=53012
12.610.764/0001-88;2016-01-01;2;BRASIL PLURAL SECURITIZADORA S.A.;022233;FCA;55785;2016-05-09;http://www.rad.cvm.gov.br/ENETCONSULTA/frmDownloadDocumento.aspx?CodigoInstituicao=1&NumeroSequencialDocumento=55785
12.610.764/0001-88;2016-01-01;3;BRASIL PLURAL SECURITIZADORA S.A.;022233;FCA;56589;2016-05-16;http://www.rad.cvm.gov.br/ENETCONSULTA/frmDownloadDocumento.aspx?CodigoInstituicao=1&NumeroSequencialDocumento=56589
12.648.327/0001-53;2016-01-01;1;HIDROVIAS DO BRASIL S.A.;022675;FCA;54102;2016-03-16;http://www.rad.cvm.gov.br/ENETCONSULTA/frmDownloadDocumento.aspx?CodigoInstituicao=1&NumeroSequencialDocumento=54102
12.648.327/0001-53;2016-01-01;2;HIDROVIAS DO BRASIL S.A.;022675;FCA;55974;2016-05-10;http://www.rad.cvm.gov.br/ENETCONSULTA/frmDownloadDocumento.aspx?CodigoInstituicao=1&NumeroSequencialDocumento=55974
12.919.786/0001-24;2016-01-01;1;TCP TERMINAL DE CONTEINERES DE PARANAGUA SA;024066;FCA;60293;2016-11-01;http://www.rad.cvm.gov.br/ENETCONSULTA/frmDownloadDocumento.aspx?CodigoInstituicao=1&NumeroSequencialDocumento=60293
12.919.786/0001-24;2016-01-01;2;TCP TERMINAL DE CONTEINERES DE PARANAGUA SA;024066;FCA;61084;2016-11-16;http://www.rad.cvm.gov.br/ENETCONSULTA/frmDownloadDocumento.aspx?CodigoInstituicao=1&NumeroSequencialDocumento=61084
12.979.898/0001-70;2016-01-01;1;FORTE SECURITIZADORA S.A.;022489;FCA;53602;2016-02-24;http://www.rad.cvm.gov.br/ENETCONSULTA/frmDownloadDocumento.aspx?CodigoInstituicao=1&NumeroSequencialDocumento=53602
12.979.898/0001-70;2016-01-01;2;FORTE SECURITIZADORA S.A.;022489;FCA;53870;2016-03-05;http://www.rad.cvm.gov.br/ENETCONSULTA/frmDownloadDocumento.aspx?CodigoInstituicao=1&NumeroSequencialDocumento=53870
12.979.898/0001-70;2016-01-01;3;FORTE SECURITIZADORA S.A.;022489;FCA;56858;2016-05-25;http://www.rad.cvm.gov.br/ENETCONSULTA/frmDownloadDocumento.aspx?CodigoInstituicao=1&NumeroSequencialDocumento=56858
12.979.898/0001-70;2016-01-01;4;FORTE SECURITIZADORA S.A.;022489;FCA;57283;2016-05-31;http://www.rad.cvm.gov.br/ENETCONSULTA/frmDownloadDocumento.aspx?CodigoInstituicao=1&NumeroSequencialDocumento=57283
13.009.717/0001-46;2016-01-01;1;BCO ESTADO DE SERGIPE S.A. - BANESE;001120;FCA;54360;2016-03-23;http://www.rad.cvm.gov.br/ENETCONSULTA/frmDownloadDocumento.aspx?CodigoInstituicao=1&NumeroSequencialDocumento=54360
13.009.717/0001-46;2016-01-01;2;BCO ESTADO DE SERGIPE S.A. - BANESE;001120;FCA;55611;2016-05-05;http://www.rad.cvm.gov.br/ENETCONSULTA/frmDownloadDocumento.aspx?CodigoInstituicao=1&NumeroSequencialDocumento=55611
13.017.462/0001-63;2016-01-01;1;ENERGISA SERGIPE - DISTRIBUIDORA DE ENERGIA S/A;018996;FCA;54287;2016-03-22;http://www.rad.cvm.gov.br/ENETCONSULTA/frmDownloadDocumento.aspx?CodigoInstituicao=1&NumeroSequencialDocumento=54287
13.017.462/0001-63;2016-01-01;2;ENERGISA SERGIPE - DISTRIBUIDORA DE ENERGIA S/A;018996;FCA;55423;2016-05-02;http://www.rad.cvm.gov.br/ENETCONSULTA/frmDownloadDocumento.aspx?CodigoInstituicao=1&NumeroSequencialDocumento=55423
13.324.184/0001-97;2016-01-01;1;VIGOR ALIMENTOS S.A.;022772;FCA;54097;2016-03-15;http://www.rad.cvm.gov.br/ENETCONSULTA/frmDownloadDocumento.aspx?CodigoInstituicao=1&NumeroSequencialDocumento=54097
13.349.677/0001-81;2016-01-01;1;REIT SECURITIZADORA S/A;022802;FCA;54710;2016-03-30;http://www.rad.cvm.gov.br/ENETCONSULTA/frmDownloadDocumento.aspx?CodigoInstituicao=1&NumeroSequencialDocumento=54710
13.407.573/0001-86;2016-01-01;1;HARPIA ÔMEGA PARTICIPAÇÕES S.A.;022578;FCA;54019;2016-03-11;http://www.rad.cvm.gov.br/ENETCONSULTA/frmDownloadDocumento.aspx?CodigoInstituicao=1&NumeroSequencialDocumento=54019
13.444.994/0001-87;2016-01-01;1;MLOG S.A.;022586;FCA;52948;2016-01-19;http://www.rad.cvm.gov.br/ENETCONSULTA/frmDownloadDocumento.aspx?CodigoInstituicao=1&NumeroSequencialDocumento=52948
13.444.994/0001-87;2016-01-01;2;MLOG S.A.;022586;FCA;53538;2016-02-22;http://www.rad.cvm.gov.br/ENETCONSULTA/frmDownloadDocumento.aspx?CodigoInstituicao=1&NumeroSequencialDocumento=53538
13.444.994/0001-87;2016-01-01;3;MLOG S.A.;022586;FCA;54164;2016-03-18;http://www.rad.cvm.gov.br/ENETCONSULTA/frmDownloadDocumento.aspx?CodigoInstituicao=1&NumeroSequencialDocumento=54164
13.444.994/0001-87;2016-01-01;4;MLOG S.A.;022586;FCA;55228;2016-04-22;http://www.rad.cvm.gov.br/ENETCONSULTA/frmDownloadDocumento.aspx?CodigoInstituicao=1&NumeroSequencialDocumento=55228
13.444.994/0001-87;2016-01-01;5;MLOG S.A.;022586;FCA;55476;2016-05-03;http://www.rad.cvm.gov.br/ENETCONSULTA/frmDownloadDocumento.aspx?CodigoInstituicao=1&NumeroSequencialDocumento=55476
13.444.994/0001-87;2016-01-01;6;MLOG S.A.;022586;FCA;60502;2016-11-09;http://www.rad.cvm.gov.br/ENETCONSULTA/frmDownloadDocumento.aspx?CodigoInstituicao=1&NumeroSequencialDocumento=60502
13.584.310/0001-42;2016-01-01;1;SUGOI S.A.;023957;FCA;58202;2016-07-21;http://www.rad.cvm.gov.br/ENETCONSULTA/frmDownloadDocumento.aspx?CodigoInstituicao=1&NumeroSequencialDocumento=58202
13.584.310/0001-42;2016-01-01;2;SUGOI S.A.;023957;FCA;60027;2016-10-13;http://www.rad.cvm.gov.br/ENETCONSULTA/frmDownloadDocumento.aspx?CodigoInstituicao=1&NumeroSequencialDocumento=60027
13.584.310/0001-42;2016-01-01;3;SUGOI S.A.;023957;FCA;61239;2016-11-24;http://www.rad.cvm.gov.br/ENETCONSULTA/frmDownloadDocumento.aspx?CodigoInstituicao=1&NumeroSequencialDocumento=61239
13.788.120/0001-47;2016-01-01;1;ELEKEIROZ S.A.;004359;FCA;53169;2016-02-02;http://www.rad.cvm.gov.br/ENETCONSULTA/frmDownloadDocumento.aspx?CodigoInstituicao=1&NumeroSequencialDocumento=53169
13.788.120/0001-47;2016-01-01;2;ELEKEIROZ S.A.;004359;FCA;54009;2016-03-11;http://www.rad.cvm.gov.br/ENETCONSULTA/frmDownloadDocumento.aspx?CodigoInstituicao=1&NumeroSequencialDocumento=54009
14.200.586/0001-42;2016-01-01;1;NAOMI PARTICIPAÇÕES S.A.;022667;FCA;55636;2016-05-05;http://www.rad.cvm.gov.br/ENETCONSULTA/frmDownloadDocumento.aspx?CodigoInstituicao=1&NumeroSequencialDocumento=55636
14.200.586/0001-42;2016-01-01;2;NAOMI PARTICIPAÇÕES S.A.;022667;FCA;56477;2016-05-13;http://www.rad.cvm.gov.br/ENETCONSULTA/frmDownloadDocumento.aspx?CodigoInstituicao=1&NumeroSequencialDocumento=56477
14.200.586/0001-42;2016-01-01;3;NAOMI PARTICIPAÇÕES S.A.;022667;FCA;60996;2016-11-14;http://www.rad.cvm.gov.br/ENETCONSULTA/frmDownloadDocumento.aspx?CodigoInstituicao=1&NumeroSequencialDocumento=60996
14.200.618/0001-00;2016-01-01;1;BELEZA PARTICIPAÇÕES S.A.;022632;FCA;54614;2016-03-29;http://www.rad.cvm.gov.br/ENETCONSULTA/frmDownloadDocumento.aspx?CodigoInstituicao=1&NumeroSequencialDocumento=54614
14.200.618/0001-00;2016-01-01;2;BELEZA PARTICIPAÇÕES S.A.;022632;FCA;56467;2016-05-13;http://www.rad.cvm.gov.br/ENETCONSULTA/frmDownloadDocumento.aspx?CodigoInstituicao=1&NumeroSequencialDocumento=56467
14.200.618/0001-00;2016-01-01;3;BELEZA PARTICIPAÇÕES S.A.;022632;FCA;60646;2016-11-10;http://www.rad.cvm.gov.br/ENETCONSULTA/frmDownloadDocumento.aspx?CodigoInstituicao=1&NumeroSequencialDocumento=60646
14.200.618/0001-00;2016-01-01;4;BELEZA PARTICIPAÇÕES S.A.;022632;FCA;60753;2016-11-11;http://www.rad.cvm.gov.br/ENETCONSULTA/frmDownloadDocumento.aspx?CodigoInstituicao=1&NumeroSequencialDocumento=60753
14.200.699/0001-48;2016-01-01;1;NOAH PARTICIPAÇÕES S.A.;022659;FCA;54321;2016-03-22;http://www.rad.cvm.gov.br/ENETCONSULTA/frmDownloadDocumento.aspx?CodigoInstituicao=1&NumeroSequencialDocumento=54321
14.206.371/0001-39;2016-01-01;1;BR TOWERS SPE1 S.A;023205;FCA;53727;2016-02-29;http://www.rad.cvm.gov.br/ENETCONSULTA/frmDownloadDocumento.aspx?CodigoInstituicao=1&NumeroSequencialDocumento=53727
14.206.371/0001-39;2016-01-01;2;BR TOWERS SPE1 S.A;023205;FCA;55510;2016-05-03;http://www.rad.cvm.gov.br/ENETCONSULTA/frmDownloadDocumento.aspx?CodigoInstituicao=1&NumeroSequencialDocumento=55510
14.212.464/0001-76;2016-01-01;1;TGLT S/A;080136;FCA;54203;2016-03-18;http://www.rad.cvm.gov.br/ENETCONSULTA/frmDownloadDocumento.aspx?CodigoInstituicao=1&NumeroSequencialDocumento=54203
14.308.514/0001-13;2016-01-01;1;PARTICIPAÇÕES INDUST. DO NORDESTE S.A.;001597;FCA;54362;2016-03-23;http://www.rad.cvm.gov.br/ENETCONSULTA/frmDownloadDocumento.aspx?CodigoInstituicao=1&NumeroSequencialDocumento=54362
14.333.683/0001-03;2016-01-01;1;FONTAINE VILLE PARTICIPAÇÕES S/A;023019;FCA;54863;2016-03-31;http://www.rad.cvm.gov.br/ENETCONSULTA/frmDownloadDocumento.aspx?CodigoInstituicao=1&NumeroSequencialDocumento=54863
14.388.334/0001-99;2016-01-01;1;PARANA BCO S.A.;020729;FCA;52878;2016-01-13;http://www.rad.cvm.gov.br/ENETCONSULTA/frmDownloadDocumento.aspx?CodigoInstituicao=1&NumeroSequencialDocumento=52878
14.807.945/0001-24;2016-01-01;1;SANSUY S.A. INDUSTRIA DE PLASTICOS;012696;FCA;53668;2016-02-26;http://www.rad.cvm.gov.br/ENETCONSULTA/frmDownloadDocumento.aspx?CodigoInstituicao=1&NumeroSequencialDocumento=53668
14.807.945/0001-24;2016-01-01;2;SANSUY S.A. INDUSTRIA DE PLASTICOS;012696;FCA;57117;2016-05-31;http://www.rad.cvm.gov.br/ENETCONSULTA/frmDownloadDocumento.aspx?CodigoInstituicao=1&NumeroSequencialDocumento=57117
14.876.090/0001-93;2016-01-01;1;GAIA IMPACTO SECURITIZADORA S.A.;022764;FCA;54465;2016-03-24;http://www.rad.cvm.gov.br/ENETCONSULTA/frmDownloadDocumento.aspx?CodigoInstituicao=1&NumeroSequencialDocumento=54465
14.876.090/0001-93;2016-01-01;2;GAIA IMPACTO SECURITIZADORA S.A.;022764;FCA;61288;2016-11-28;http://www.rad.cvm.gov.br/ENETCONSULTA/frmDownloadDocumento.aspx?CodigoInstituicao=1&NumeroSequencialDocumento=61288
14.882.295/0001-81;2016-01-01;1;CBO HOLDING S.A.;023620;FCA;54897;2016-03-31;http://www.rad.cvm.gov.br/ENETCONSULTA/frmDownloadDocumento.aspx?CodigoInstituicao=1&NumeroSequencialDocumento=54897
14.882.295/0001-81;2016-01-01;2;CBO HOLDING S.A.;023620;FCA;60055;2016-10-14;http://www.rad.cvm.gov.br/ENETCONSULTA/frmDownloadDocumento.aspx?CodigoInstituicao=1&NumeroSequencialDocumento=60055
14.962.356/0001-10;2016-01-01;1;FRIGOL FOODS PARTICIPAÇÕES S.A.;022853;FCA;53436;2016-02-17;http://www.rad.cvm.gov.br/ENETCONSULTA/frmDownloadDocumento.aspx?CodigoInstituicao=1&NumeroSequencialDocumento=53436
14.962.356/0001-10;2016-01-01;2;FRIGOL FOODS PARTICIPAÇÕES S.A.;022853;FCA;53758;2016-03-01;http://www.rad.cvm.gov.br/ENETCONSULTA/frmDownloadDocumento.aspx?CodigoInstituicao=1&NumeroSequencialDocumento=53758
14.962.356/0001-10;2016-01-01;3;FRIGOL FOODS PARTICIPAÇÕES S.A.;022853;FCA;53845;2016-03-04;http://www.rad.cvm.gov.br/ENETCONSULTA/frmDownloadDocumento.aspx?CodigoInstituicao=1&NumeroSequencialDocumento=53845
14.962.356/0001-10;2016-01-01;4;FRIGOL FOODS PARTICIPAÇÕES S.A.;022853;FCA;56321;2016-05-13;http://www.rad.cvm.gov.br/ENETCONSULTA/frmDownloadDocumento.aspx?CodigoInstituicao=1&NumeroSequencialDocumento=56321
14.962.356/0001-10;2016-01-01;5;FRIGOL FOODS PARTICIPAÇÕES S.A.;022853;FCA;60738;2016-11-11;http://www.rad.cvm.gov.br/ENETCONSULTA/frmDownloadDocumento.aspx?CodigoInstituicao=1&NumeroSequencialDocumento=60738
14.998.371/0001-19;2016-01-01;1;J. MACEDO S.A.;021156;FCA;52786;2016-01-08;http://www.rad.cvm.gov.br/ENETCONSULTA/frmDownloadDocumento.aspx?CodigoInstituicao=1&NumeroSequencialDocumento=52786
14.998.371/0001-19;2016-01-01;2;J. MACEDO S.A.;021156;FCA;57768;2016-06-20;http://www.rad.cvm.gov.br/ENETCONSULTA/frmDownloadDocumento.aspx?CodigoInstituicao=1&NumeroSequencialDocumento=57768
14.998.371/0001-19;2016-01-01;3;J. MACEDO S.A.;021156;FCA;57769;2016-06-20;http://www.rad.cvm.gov.br/ENETCONSULTA/frmDownloadDocumento.aspx?CodigoInstituicao=1&NumeroSequencialDocumento=57769
14.998.371/0001-19;2016-01-01;4;J. MACEDO S.A.;021156;FCA;58073;2016-07-11;http://www.rad.cvm.gov.br/ENETCONSULTA/frmDownloadDocumento.aspx?CodigoInstituicao=1&NumeroSequencialDocumento=58073
15.011.696/0001-29;2016-01-01;1;AVAL SECURITIZADORA DE CREDITOS S.A.;023973;FCA;58664;2016-08-10;http://www.rad.cvm.gov.br/ENETCONSULTA/frmDownloadDocumento.aspx?CodigoInstituicao=1&NumeroSequencialDocumento=58664
15.073.274/0001-88;2016-01-01;1;PPLA PARTICIPATIONS LTD.;080152;FCA;53509;2016-02-21;http://www.rad.cvm.gov.br/ENETCONSULTA/frmDownloadDocumento.aspx?CodigoInstituicao=1&NumeroSequencialDocumento=53509
15.101.405/0001-93;2016-01-01;1;CORREA RIBEIRO S.A. COMERCIO E INDUSTRIA;004863;FCA;52816;2016-01-11;http://www.rad.cvm.gov.br/ENETCONSULTA/frmDownloadDocumento.aspx?CodigoInstituicao=1&NumeroSequencialDocumento=52816
15.101.405/0001-93;2016-01-01;2;CORREA RIBEIRO S.A. COMERCIO E INDUSTRIA;004863;FCA;55375;2016-04-29;http://www.rad.cvm.gov.br/ENETCONSULTA/frmDownloadDocumento.aspx?CodigoInstituicao=1&NumeroSequencialDocumento=55375
15.115.504/0001-24;2016-01-01;1;TRONOX PIGMENTOS DO BRASIL S.A.;011398;FCA;53305;2016-02-11;http://www.rad.cvm.gov.br/ENETCONSULTA/frmDownloadDocumento.aspx?CodigoInstituicao=1&NumeroSequencialDocumento=53305
15.115.504/0001-24;2016-01-01;2;TRONOX PIGMENTOS DO BRASIL S.A.;011398;FCA;54398;2016-03-24;http://www.rad.cvm.gov.br/ENETCONSULTA/frmDownloadDocumento.aspx?CodigoInstituicao=1&NumeroSequencialDocumento=54398
15.115.504/0001-24;2016-01-01;3;TRONOX PIGMENTOS DO BRASIL S.A.;011398;FCA;57119;2016-05-31;http://www.rad.cvm.gov.br/ENETCONSULTA/frmDownloadDocumento.aspx?CodigoInstituicao=1&NumeroSequencialDocumento=57119
15.124.464/0001-87;2016-01-01;1;BANCO BESA S.A.;001244;FCA;57123;2016-05-31;http://www.rad.cvm.gov.br/ENETCONSULTA/frmDownloadDocumento.aspx?CodigoInstituicao=1&NumeroSequencialDocumento=57123
15.126.626/0001-16;2016-01-01;1;IND AZULEJOS BAHIA SA;006955;FCA;53904;2016-03-08;http://www.rad.cvm.gov.br/ENETCONSULTA/frmDownloadDocumento.aspx?CodigoInstituicao=1&NumeroSequencialDocumento=53904
15.126.626/0001-16;2016-01-01;2;IND AZULEJOS BAHIA SA;006955;FCA;55695;2016-05-06;http://www.rad.cvm.gov.br/ENETCONSULTA/frmDownloadDocumento.aspx?CodigoInstituicao=1&NumeroSequencialDocumento=55695
15.139.629/0001-94;2016-01-01;1;CIA ELETRICIDADE EST. DA BAHIA - COELBA;014524;FCA;53454;2016-02-18;http://www.rad.cvm.gov.br/ENETCONSULTA/frmDownloadDocumento.aspx?CodigoInstituicao=1&NumeroSequencialDocumento=53454
15.139.629/0001-94;2016-01-01;2;CIA ELETRICIDADE EST. DA BAHIA - COELBA;014524;FCA;57499;2016-06-01;http://www.rad.cvm.gov.br/ENETCONSULTA/frmDownloadDocumento.aspx?CodigoInstituicao=1&NumeroSequencialDocumento=57499
15.139.629/0001-94;2016-01-01;3;CIA ELETRICIDADE EST. DA BAHIA - COELBA;014524;FCA;57656;2016-06-10;http://www.rad.cvm.gov.br/ENETCONSULTA/frmDownloadDocumento.aspx?CodigoInstituicao=1&NumeroSequencialDocumento=57656
15.139.629/0001-94;2016-01-01;4;CIA ELETRICIDADE EST. DA BAHIA - COELBA;014524;FCA;57930;2016-07-04;http://www.rad.cvm.gov.br/ENETCONSULTA/frmDownloadDocumento.aspx?CodigoInstituicao=1&NumeroSequencialDocumento=57930
15.141.799/0001-03;2016-01-01;1;CIA FERRO LIGAS DA BAHIA - FERBASA;003069;FCA;53852;2016-03-04;http://www.rad.cvm.gov.br/ENETCONSULTA/frmDownloadDocumento.aspx?CodigoInstituicao=1&NumeroSequencialDocumento=53852
15.141.799/0001-03;2016-01-01;2;CIA FERRO LIGAS DA BAHIA - FERBASA;003069;FCA;58514;2016-08-05;http://www.rad.cvm.gov.br/ENETCONSULTA/frmDownloadDocumento.aspx?CodigoInstituicao=1&NumeroSequencialDocumento=58514
15.141.799/0001-03;2016-01-01;3;CIA FERRO LIGAS DA BAHIA - FERBASA;003069;FCA;60004;2016-10-11;http://www.rad.cvm.gov.br/ENETCONSULTA/frmDownloadDocumento.aspx?CodigoInstituicao=1&NumeroSequencialDocumento=60004
15.141.799/0001-03;2016-01-01;4;CIA FERRO LIGAS DA BAHIA - FERBASA;003069;FCA;61344;2016-12-01;http://www.rad.cvm.gov.br/ENETCONSULTA/frmDownloadDocumento.aspx?CodigoInstituicao=1&NumeroSequencialDocumento=61344
15.144.017/0001-90;2016-01-01;1;CIA SEGUROS ALIANCA DA BAHIA;003115;FCA;53686;2016-02-26;http://www.rad.cvm.gov.br/ENETCONSULTA/frmDownloadDocumento.aspx?CodigoInstituicao=1&NumeroSequencialDocumento=53686
15.229.110/0001-05;2016-01-01;1;CAPITALE SECURITIZADORA DE CRÉDITO S/A;023353;FCA;53349;2016-02-12;http://www.rad.cvm.gov.br/ENETCONSULTA/frmDownloadDocumento.aspx?CodigoInstituicao=1&NumeroSequencialDocumento=53349
15.229.110/0001-05;2016-01-01;2;CAPITALE SECURITIZADORA DE CRÉDITO S/A;023353;FCA;54010;2016-03-11;http://www.rad.cvm.gov.br/ENETCONSULTA/frmDownloadDocumento.aspx?CodigoInstituicao=1&NumeroSequencialDocumento=54010
15.229.110/0001-05;2016-01-01;3;CAPITALE SECURITIZADORA DE CRÉDITO S/A;023353;FCA;57406;2016-05-31;http://www.rad.cvm.gov.br/ENETCONSULTA/frmDownloadDocumento.aspx?CodigoInstituicao=1&NumeroSequencialDocumento=57406
15.377.572/0001-61;2016-01-01;1;NASA SECURITIZADORA S.A.;023906;FCA;54365;2016-03-23;http://www.rad.cvm.gov.br/ENETCONSULTA/frmDownloadDocumento.aspx?CodigoInstituicao=1&NumeroSequencialDocumento=54365
15.377.572/0001-61;2016-01-01;2;NASA SECURITIZADORA S.A.;023906;FCA;57253;2016-05-31;http://www.rad.cvm.gov.br/ENETCONSULTA/frmDownloadDocumento.aspx?CodigoInstituicao=1&NumeroSequencialDocumento=57253
15.413.826/0001-50;2016-01-01;1;ENERGISA MATO GROSSO DO SUL - DIST DE ENERGIA S.A.;005576;FCA;54071;2016-03-15;http://www.rad.cvm.gov.br/ENETCONSULTA/frmDownloadDocumento.aspx?CodigoInstituicao=1&NumeroSequencialDocumento=54071
15.413.826/0001-50;2016-01-01;2;ENERGISA MATO GROSSO DO SUL - DIST DE ENERGIA S.A.;005576;FCA;55445;2016-05-02;http://www.rad.cvm.gov.br/ENETCONSULTA/frmDownloadDocumento.aspx?CodigoInstituicao=1&NumeroSequencialDocumento=55445
15.484.093/0001-44;2016-01-01;1;ECO101 CONCESSIONÁRIA DE RODOVIAS S.A.;023582;FCA;52870;2016-01-13;http://www.rad.cvm.gov.br/ENETCONSULTA/frmDownloadDocumento.aspx?CodigoInstituicao=1&NumeroSequencialDocumento=52870
15.484.093/0001-44;2016-01-01;2;ECO101 CONCESSIONÁRIA DE RODOVIAS S.A.;023582;FCA;57191;2016-05-31;http://www.rad.cvm.gov.br/ENETCONSULTA/frmDownloadDocumento.aspx?CodigoInstituicao=1&NumeroSequencialDocumento=57191
15.494.541/0001-90;2016-01-01;1;SALUS INFRAESTRUTURA PORTUARIA SA;023540;FCA;54699;2016-03-30;http://www.rad.cvm.gov.br/ENETCONSULTA/frmDownloadDocumento.aspx?CodigoInstituicao=1&NumeroSequencialDocumento=54699
15.494.541/0001-90;2016-01-01;2;SALUS INFRAESTRUTURA PORTUARIA SA;023540;FCA;59379;2016-08-25;http://www.rad.cvm.gov.br/ENETCONSULTA/frmDownloadDocumento.aspx?CodigoInstituicao=1&NumeroSequencialDocumento=59379
15.527.906/0001-36;2016-01-01;1;BIOSEV S.A.;022845;FCA;53320;2016-02-11;http://www.rad.cvm.gov.br/ENETCONSULTA/frmDownloadDocumento.aspx?CodigoInstituicao=1&NumeroSequencialDocumento=53320
15.578.569/0001-06;2016-01-01;1;CONC DO AEROPORTO INTERNACIONAL DE GUARULHOS S.A.;023515;FCA;53274;2016-02-05;http://www.rad.cvm.gov.br/ENETCONSULTA/frmDownloadDocumento.aspx?CodigoInstituicao=1&NumeroSequencialDocumento=53274
15.578.569/0001-06;2016-01-01;2;CONC DO AEROPORTO INTERNACIONAL DE GUARULHOS S.A.;023515;FCA;53916;2016-03-08;http://www.rad.cvm.gov.br/ENETCONSULTA/frmDownloadDocumento.aspx?CodigoInstituicao=1&NumeroSequencialDocumento=53916
15.578.569/0001-06;2016-01-01;3;CONC DO AEROPORTO INTERNACIONAL DE GUARULHOS S.A.;023515;FCA;54011;2016-03-11;http://www.rad.cvm.gov.br/ENETCONSULTA/frmDownloadDocumento.aspx?CodigoInstituicao=1&NumeroSequencialDocumento=54011
15.578.569/0001-06;2016-01-01;4;CONC DO AEROPORTO INTERNACIONAL DE GUARULHOS S.A.;023515;FCA;55424;2016-05-02;http://www.rad.cvm.gov.br/ENETCONSULTA/frmDownloadDocumento.aspx?CodigoInstituicao=1&NumeroSequencialDocumento=55424
15.578.569/0001-06;2016-01-01;5;CONC DO AEROPORTO INTERNACIONAL DE GUARULHOS S.A.;023515;FCA;56811;2016-05-24;http://www.rad.cvm.gov.br/ENETCONSULTA/frmDownloadDocumento.aspx?CodigoInstituicao=1&NumeroSequencialDocumento=56811
15.578.569/0001-06;2016-01-01;6;CONC DO AEROPORTO INTERNACIONAL DE GUARULHOS S.A.;023515;FCA;57858;2016-06-27;http://www.rad.cvm.gov.br/ENETCONSULTA/frmDownloadDocumento.aspx?CodigoInstituicao=1&NumeroSequencialDocumento=57858
15.578.569/0001-06;2016-01-01;7;CONC DO AEROPORTO INTERNACIONAL DE GUARULHOS S.A.;023515;FCA;57861;2016-06-27;http://www.rad.cvm.gov.br/ENETCONSULTA/frmDownloadDocumento.aspx?CodigoInstituicao=1&NumeroSequencialDocumento=57861
15.578.569/0001-06;2016-01-01;8;CONC DO AEROPORTO INTERNACIONAL DE GUARULHOS S.A.;023515;FCA;58154;2016-07-19;http://www.rad.cvm.gov.br/ENETCONSULTA/frmDownloadDocumento.aspx?CodigoInstituicao=1&NumeroSequencialDocumento=58154
15.578.569/0001-06;2016-01-01;9;CONC DO AEROPORTO INTERNACIONAL DE GUARULHOS S.A.;023515;FCA;58180;2016-07-20;http://www.rad.cvm.gov.br/ENETCONSULTA/frmDownloadDocumento.aspx?CodigoInstituicao=1&NumeroSequencialDocumento=58180
15.578.569/0001-06;2016-01-01;10;CONC DO AEROPORTO INTERNACIONAL DE GUARULHOS S.A.;023515;FCA;58306;2016-07-28;http://www.rad.cvm.gov.br/ENETCONSULTA/frmDownloadDocumento.aspx?CodigoInstituicao=1&NumeroSequencialDocumento=58306
15.578.569/0001-06;2016-01-01;11;CONC DO AEROPORTO INTERNACIONAL DE GUARULHOS S.A.;023515;FCA;59173;2016-08-15;http://www.rad.cvm.gov.br/ENETCONSULTA/frmDownloadDocumento.aspx?CodigoInstituicao=1&NumeroSequencialDocumento=59173
15.578.569/0001-06;2016-01-01;12;CONC DO AEROPORTO INTERNACIONAL DE GUARULHOS S.A.;023515;FCA;59360;2016-08-24;http://www.rad.cvm.gov.br/ENETCONSULTA/frmDownloadDocumento.aspx?CodigoInstituicao=1&NumeroSequencialDocumento=59360
15.578.569/0001-06;2016-01-01;13;CONC DO AEROPORTO INTERNACIONAL DE GUARULHOS S.A.;023515;FCA;59525;2016-09-06;http://www.rad.cvm.gov.br/ENETCONSULTA/frmDownloadDocumento.aspx?CodigoInstituicao=1&NumeroSequencialDocumento=59525
15.578.569/0001-06;2016-01-01;14;CONC DO AEROPORTO INTERNACIONAL DE GUARULHOS S.A.;023515;FCA;59580;2016-09-12;http://www.rad.cvm.gov.br/ENETCONSULTA/frmDownloadDocumento.aspx?CodigoInstituicao=1&NumeroSequencialDocumento=59580
15.578.569/0001-06;2016-01-01;15;CONC DO AEROPORTO INTERNACIONAL DE GUARULHOS S.A.;023515;FCA;59865;2016-09-30;http://www.rad.cvm.gov.br/ENETCONSULTA/frmDownloadDocumento.aspx?CodigoInstituicao=1&NumeroSequencialDocumento=59865
15.578.569/0001-06;2016-01-01;16;CONC DO AEROPORTO INTERNACIONAL DE GUARULHOS S.A.;023515;FCA;60516;2016-11-09;http://www.rad.cvm.gov.br/ENETCONSULTA/frmDownloadDocumento.aspx?CodigoInstituicao=1&NumeroSequencialDocumento=60516
15.578.569/0001-06;2016-01-01;17;CONC DO AEROPORTO INTERNACIONAL DE GUARULHOS S.A.;023515;FCA;60797;2016-11-11;http://www.rad.cvm.gov.br/ENETCONSULTA/frmDownloadDocumento.aspx?CodigoInstituicao=1&NumeroSequencialDocumento=60797
15.688.041/0001-90;2016-01-01;1;MBK SECURITIZADORA SA;022861;FCA;54592;2016-03-29;http://www.rad.cvm.gov.br/ENETCONSULTA/frmDownloadDocumento.aspx?CodigoInstituicao=1&NumeroSequencialDocumento=54592
15.912.764/0001-20;2016-01-01;1;SMILES S.A.;023140;FCA;52784;2016-01-08;http://www.rad.cvm.gov.br/ENETCONSULTA/frmDownloadDocumento.aspx?CodigoInstituicao=1&NumeroSequencialDocumento=52784
15.912.764/0001-20;2016-01-01;2;SMILES S.A.;023140;FCA;58462;2016-08-03;http://www.rad.cvm.gov.br/ENETCONSULTA/frmDownloadDocumento.aspx?CodigoInstituicao=1&NumeroSequencialDocumento=58462
15.912.764/0001-20;2016-01-01;3;SMILES S.A.;023140;FCA;59762;2016-09-26;http://www.rad.cvm.gov.br/ENETCONSULTA/frmDownloadDocumento.aspx?CodigoInstituicao=1&NumeroSequencialDocumento=59762
15.912.764/0001-20;2016-01-01;4;SMILES S.A.;023140;FCA;59823;2016-09-29;http://www.rad.cvm.gov.br/ENETCONSULTA/frmDownloadDocumento.aspx?CodigoInstituicao=1&NumeroSequencialDocumento=59823
15.914.972/0001-69;2016-01-01;1;AR CAPITAL SECURITIES COMPANHIA SECURITIZADORA S.A.;022950;FCA;53345;2016-02-12;http://www.rad.cvm.gov.br/ENETCONSULTA/frmDownloadDocumento.aspx?CodigoInstituicao=1&NumeroSequencialDocumento=53345
15.914.972/0001-69;2016-01-01;2;AR CAPITAL SECURITIES COMPANHIA SECURITIZADORA S.A.;022950;FCA;53359;2016-02-15;http://www.rad.cvm.gov.br/ENETCONSULTA/frmDownloadDocumento.aspx?CodigoInstituicao=1&NumeroSequencialDocumento=53359
15.914.972/0001-69;2016-01-01;3;AR CAPITAL SECURITIES COMPANHIA SECURITIZADORA S.A.;022950;FCA;57661;2016-06-10;http://www.rad.cvm.gov.br/ENETCONSULTA/frmDownloadDocumento.aspx?CodigoInstituicao=1&NumeroSequencialDocumento=57661
15.914.972/0001-69;2016-01-01;4;AR CAPITAL SECURITIES COMPANHIA SECURITIZADORA S.A.;022950;FCA;59376;2016-08-25;http://www.rad.cvm.gov.br/ENETCONSULTA/frmDownloadDocumento.aspx?CodigoInstituicao=1&NumeroSequencialDocumento=59376
16.234.171/0001-15;2016-01-01;1;METANOR SA METANOL DO NE;008745;FCA;54176;2016-03-18;http://www.rad.cvm.gov.br/ENETCONSULTA/frmDownloadDocumento.aspx?CodigoInstituicao=1&NumeroSequencialDocumento=54176
16.234.171/0001-15;2016-01-01;2;METANOR SA METANOL DO NE;008745;FCA;56930;2016-05-30;http://www.rad.cvm.gov.br/ENETCONSULTA/frmDownloadDocumento.aspx?CodigoInstituicao=1&NumeroSequencialDocumento=56930
16.234.627/0001-47;2016-01-01;1;COMPANHIA PETROQUÍMICA DO NORDESTE;500160;FCA;57496;2016-06-01;http://www.rad.cvm.gov.br/ENETCONSULTA/frmDownloadDocumento.aspx?CodigoInstituicao=1&NumeroSequencialDocumento=57496
16.404.287/0001-55;2016-01-01;1;SUZANO S.A.;013986;FCA;53030;2016-01-22;http://www.rad.cvm.gov.br/ENETCONSULTA/frmDownloadDocumento.aspx?CodigoInstituicao=1&NumeroSequencialDocumento=53030
16.404.287/0001-55;2016-01-01;2;SUZANO S.A.;013986;FCA;57146;2016-05-31;http://www.rad.cvm.gov.br/ENETCONSULTA/frmDownloadDocumento.aspx?CodigoInstituicao=1&NumeroSequencialDocumento=57146
16.590.234/0001-76;2016-01-01;1;AREZZO INDÚSTRIA E COMÉRCIO S.A.;022349;FCA;53632;2016-02-25;http://www.rad.cvm.gov.br/ENETCONSULTA/frmDownloadDocumento.aspx?CodigoInstituicao=1&NumeroSequencialDocumento=53632
16.590.234/0001-76;2016-01-01;2;AREZZO INDÚSTRIA E COMÉRCIO S.A.;022349;FCA;53925;2016-03-08;http://www.rad.cvm.gov.br/ENETCONSULTA/frmDownloadDocumento.aspx?CodigoInstituicao=1&NumeroSequencialDocumento=53925
16.590.234/0001-76;2016-01-01;3;AREZZO INDÚSTRIA E COMÉRCIO S.A.;022349;FCA;55713;2016-05-06;http://www.rad.cvm.gov.br/ENETCONSULTA/frmDownloadDocumento.aspx?CodigoInstituicao=1&NumeroSequencialDocumento=55713
16.614.075/0001-00;2016-01-01;1;DIRECIONAL ENGENHARIA S.A.;021350;FCA;54040;2016-03-14;http://www.rad.cvm.gov.br/ENETCONSULTA/frmDownloadDocumento.aspx?CodigoInstituicao=1&NumeroSequencialDocumento=54040
16.670.085/0001-55;2016-01-01;1;LOCALIZA RENT A CAR S.A.;019739;FCA;53781;2016-03-02;http://www.rad.cvm.gov.br/ENETCONSULTA/frmDownloadDocumento.aspx?CodigoInstituicao=1&NumeroSequencialDocumento=53781
17.155.730/0001-64;2016-01-01;1;CIA ENERGETICA DE MINAS GERAIS - CEMIG;002453;FCA;52998;2016-01-21;http://www.rad.cvm.gov.br/ENETCONSULTA/frmDownloadDocumento.aspx?CodigoInstituicao=1&NumeroSequencialDocumento=52998
17.155.730/0001-64;2016-01-01;2;CIA ENERGETICA DE MINAS GERAIS - CEMIG;002453;FCA;55685;2016-05-06;http://www.rad.cvm.gov.br/ENETCONSULTA/frmDownloadDocumento.aspx?CodigoInstituicao=1&NumeroSequencialDocumento=55685
17.155.730/0001-64;2016-01-01;3;CIA ENERGETICA DE MINAS GERAIS - CEMIG;002453;FCA;61598;2016-12-23;http://www.rad.cvm.gov.br/ENETCONSULTA/frmDownloadDocumento.aspx?CodigoInstituicao=1&NumeroSequencialDocumento=61598
17.159.005/0001-64;2016-01-01;1;FIACAO E TECELAGEM SAO JOSE SA EM RECUPERACAO JUDICIAL;005983;FCA;54904;2016-03-31;http://www.rad.cvm.gov.br/ENETCONSULTA/frmDownloadDocumento.aspx?CodigoInstituicao=1&NumeroSequencialDocumento=54904
17.159.005/0001-64;2016-01-01;2;FIACAO E TECELAGEM SAO JOSE SA EM RECUPERACAO JUDICIAL;005983;FCA;57484;2016-06-01;http://www.rad.cvm.gov.br/ENETCONSULTA/frmDownloadDocumento.aspx?CodigoInstituicao=1&NumeroSequencialDocumento=57484
17.159.005/0001-64;2016-01-01;3;FIACAO E TECELAGEM SAO JOSE SA EM RECUPERACAO JUDICIAL;005983;FCA;58145;2016-07-18;http://www.rad.cvm.gov.br/ENETCONSULTA/frmDownloadDocumento.aspx?CodigoInstituicao=1&NumeroSequencialDocumento=58145
17.159.005/0001-64;2016-01-01;4;FIACAO E TECELAGEM SAO JOSE SA EM RECUPERACAO JUDICIAL;005983;FCA;61267;2016-11-25;http://www.rad.cvm.gov.br/ENETCONSULTA/frmDownloadDocumento.aspx?CodigoInstituicao=1&NumeroSequencialDocumento=61267
17.161.241/0001-15;2016-01-01;1;MINASMAQUINAS S.A.;008818;FCA;53880;2016-03-07;http://www.rad.cvm.gov.br/ENETCONSULTA/frmDownloadDocumento.aspx?CodigoInstituicao=1&NumeroSequencialDocumento=53880
17.162.082/0001-73;2016-01-01;1;MENDES JUNIOR ENGENHARIA S.A.;004782;FCA;53281;2016-02-05;http://www.rad.cvm.gov.br/ENETCONSULTA/frmDownloadDocumento.aspx?CodigoInstituicao=1&NumeroSequencialDocumento=53281
17.162.082/0001-73;2016-01-01;2;MENDES JUNIOR ENGENHARIA S.A.;004782;FCA;59884;2016-10-03;http://www.rad.cvm.gov.br/ENETCONSULTA/frmDownloadDocumento.aspx?CodigoInstituicao=1&NumeroSequencialDocumento=59884
17.162.082/0001-73;2016-01-01;3;MENDES JUNIOR ENGENHARIA S.A.;004782;FCA;59963;2016-10-07;http://www.rad.cvm.gov.br/ENETCONSULTA/frmDownloadDocumento.aspx?CodigoInstituicao=1&NumeroSequencialDocumento=59963
17.167.396/0001-69;2016-01-01;1;ALFA HOLDINGS S.A.;009954;FCA;54180;2016-03-18;http://www.rad.cvm.gov.br/ENETCONSULTA/frmDownloadDocumento.aspx?CodigoInstituicao=1&NumeroSequencialDocumento=54180
17.167.396/0001-69;2016-01-01;2;ALFA HOLDINGS S.A.;009954;FCA;55311;2016-04-27;http://www.rad.cvm.gov.br/ENETCONSULTA/frmDownloadDocumento.aspx?CodigoInstituicao=1&NumeroSequencialDocumento=55311
17.167.412/0001-13;2016-01-01;1;FINANCEIRA ALFA S.A.- CRED FINANC E INVS;003891;FCA;54179;2016-03-18;http://www.rad.cvm.gov.br/ENETCONSULTA/frmDownloadDocumento.aspx?CodigoInstituicao=1&NumeroSequencialDocumento=54179
17.167.412/0001-13;2016-01-01;2;FINANCEIRA ALFA S.A.- CRED FINANC E INVS;003891;FCA;55310;2016-04-27;http://www.rad.cvm.gov.br/ENETCONSULTA/frmDownloadDocumento.aspx?CodigoInstituicao=1&NumeroSequencialDocumento=55310
17.184.037/0001-10;2016-01-01;1;BCO MERCANTIL DO BRASIL S.A.;001325;FCA;53818;2016-03-03;http://www.rad.cvm.gov.br/ENETCONSULTA/frmDownloadDocumento.aspx?CodigoInstituicao=1&NumeroSequencialDocumento=53818
17.184.037/0001-10;2016-01-01;2;BCO MERCANTIL DO BRASIL S.A.;001325;FCA;55418;2016-05-02;http://www.rad.cvm.gov.br/ENETCONSULTA/frmDownloadDocumento.aspx?CodigoInstituicao=1&NumeroSequencialDocumento=55418
17.193.806/0001-46;2016-01-01;1;CONSORCIO ALFA DE ADMINISTRACAO S.A.;004707;FCA;54181;2016-03-18;http://www.rad.cvm.gov.br/ENETCONSULTA/frmDownloadDocumento.aspx?CodigoInstituicao=1&NumeroSequencialDocumento=54181
17.193.806/0001-46;2016-01-01;2;CONSORCIO ALFA DE ADMINISTRACAO S.A.;004707;FCA;55312;2016-04-27;http://www.rad.cvm.gov.br/ENETCONSULTA/frmDownloadDocumento.aspx?CodigoInstituicao=1&NumeroSequencialDocumento=55312
17.234.244/0001-31;2016-01-01;1;FTL - FERROVIA TRANSNORDESTINA LOGÍSTICA S.A.;023370;FCA;54286;2016-03-22;http://www.rad.cvm.gov.br/ENETCONSULTA/frmDownloadDocumento.aspx?CodigoInstituicao=1&NumeroSequencialDocumento=54286
17.234.244/0001-31;2016-01-01;2;FTL - FERROVIA TRANSNORDESTINA LOGÍSTICA S.A.;023370;FCA;56852;2016-05-25;http://www.rad.cvm.gov.br/ENETCONSULTA/frmDownloadDocumento.aspx?CodigoInstituicao=1&NumeroSequencialDocumento=56852
17.245.234/0001-00;2016-01-01;1;CIA FIACAO TECIDOS CEDRO CACHOEIRA;003077;FCA;52943;2016-01-19;http://www.rad.cvm.gov.br/ENETCONSULTA/frmDownloadDocumento.aspx?CodigoInstituicao=1&NumeroSequencialDocumento=52943
17.245.234/0001-00;2016-01-01;2;CIA FIACAO TECIDOS CEDRO CACHOEIRA;003077;FCA;56867;2016-05-25;http://www.rad.cvm.gov.br/ENETCONSULTA/frmDownloadDocumento.aspx?CodigoInstituicao=1&NumeroSequencialDocumento=56867
17.281.106/0001-03;2016-01-01;1;CIA SANEAMENTO DE MINAS GERAIS-COPASA MG;019445;FCA;52901;2016-01-14;http://www.rad.cvm.gov.br/ENETCONSULTA/frmDownloadDocumento.aspx?CodigoInstituicao=1&NumeroSequencialDocumento=52901
17.281.106/0001-03;2016-01-01;2;CIA SANEAMENTO DE MINAS GERAIS-COPASA MG;019445;FCA;56694;2016-05-19;http://www.rad.cvm.gov.br/ENETCONSULTA/frmDownloadDocumento.aspx?CodigoInstituicao=1&NumeroSequencialDocumento=56694
17.281.106/0001-03;2016-01-01;3;CIA SANEAMENTO DE MINAS GERAIS-COPASA MG;019445;FCA;58047;2016-07-08;http://www.rad.cvm.gov.br/ENETCONSULTA/frmDownloadDocumento.aspx?CodigoInstituicao=1&NumeroSequencialDocumento=58047
17.314.329/0001-20;2016-01-01;1;INTERNATIONAL MEAL COMPANY ALIMENTACAO S.A.;023574;FCA;53402;2016-02-16;http://www.rad.cvm.gov.br/ENETCONSULTA/frmDownloadDocumento.aspx?CodigoInstituicao=1&NumeroSequencialDocumento=53402
17.314.329/0001-20;2016-01-01;2;INTERNATIONAL MEAL COMPANY ALIMENTACAO S.A.;023574;FCA;54338;2016-03-22;http://www.rad.cvm.gov.br/ENETCONSULTA/frmDownloadDocumento.aspx?CodigoInstituicao=1&NumeroSequencialDocumento=54338
17.314.329/0001-20;2016-01-01;3;INTERNATIONAL MEAL COMPANY ALIMENTACAO S.A.;023574;FCA;55069;2016-04-11;http://www.rad.cvm.gov.br/ENETCONSULTA/frmDownloadDocumento.aspx?CodigoInstituicao=1&NumeroSequencialDocumento=55069
17.344.597/0001-94;2016-01-01;1;BB SEGURIDADE PARTICIPAÇÕES S.A.;023159;FCA;53183;2016-02-03;http://www.rad.cvm.gov.br/ENETCONSULTA/frmDownloadDocumento.aspx?CodigoInstituicao=1&NumeroSequencialDocumento=53183
17.344.597/0001-94;2016-01-01;2;BB SEGURIDADE PARTICIPAÇÕES S.A.;023159;FCA;55483;2016-05-03;http://www.rad.cvm.gov.br/ENETCONSULTA/frmDownloadDocumento.aspx?CodigoInstituicao=1&NumeroSequencialDocumento=55483
17.344.597/0001-94;2016-01-01;3;BB SEGURIDADE PARTICIPAÇÕES S.A.;023159;FCA;59877;2016-10-03;http://www.rad.cvm.gov.br/ENETCONSULTA/frmDownloadDocumento.aspx?CodigoInstituicao=1&NumeroSequencialDocumento=59877
17.346.997/0001-39;2016-01-01;1;COSAN LOGISTICA S.A.;023485;FCA;53619;2016-02-25;http://www.rad.cvm.gov.br/ENETCONSULTA/frmDownloadDocumento.aspx?CodigoInstituicao=1&NumeroSequencialDocumento=53619
17.346.997/0001-39;2016-01-01;2;COSAN LOGISTICA S.A.;023485;FCA;55667;2016-05-06;http://www.rad.cvm.gov.br/ENETCONSULTA/frmDownloadDocumento.aspx?CodigoInstituicao=1&NumeroSequencialDocumento=55667
17.346.997/0001-39;2016-01-01;3;COSAN LOGISTICA S.A.;023485;FCA;57711;2016-06-15;http://www.rad.cvm.gov.br/ENETCONSULTA/frmDownloadDocumento.aspx?CodigoInstituicao=1&NumeroSequencialDocumento=57711
17.346.997/0001-39;2016-01-01;4;COSAN LOGISTICA S.A.;023485;FCA;57756;2016-06-20;http://www.rad.cvm.gov.br/ENETCONSULTA/frmDownloadDocumento.aspx?CodigoInstituicao=1&NumeroSequencialDocumento=57756
17.568.683/0001-80;2016-01-01;1;ISEC BRASIL SECURITIZADORA S/A;023337;FCA;52757;2016-01-07;http://www.rad.cvm.gov.br/ENETCONSULTA/frmDownloadDocumento.aspx?CodigoInstituicao=1&NumeroSequencialDocumento=52757
17.568.683/0001-80;2016-01-01;2;ISEC BRASIL SECURITIZADORA S/A;023337;FCA;55526;2016-05-04;http://www.rad.cvm.gov.br/ENETCONSULTA/frmDownloadDocumento.aspx?CodigoInstituicao=1&NumeroSequencialDocumento=55526
18.494.485/0001-82;2016-01-01;1;PORTO SUDESTE V.M. S.A.;023523;FCA;55179;2016-04-19;http://www.rad.cvm.gov.br/ENETCONSULTA/frmDownloadDocumento.aspx?CodigoInstituicao=1&NumeroSequencialDocumento=55179
18.572.225/0001-88;2016-01-01;1;CONCEBRA - CONCESSIONARIA DAS RODOVIAS CENTRAIS DO BRASIL;023868;FCA;53556;2016-02-23;http://www.rad.cvm.gov.br/ENETCONSULTA/frmDownloadDocumento.aspx?CodigoInstituicao=1&NumeroSequencialDocumento=53556
19.133.012/0001-12;2016-01-01;1;RENOVA COMPANHIA SECURITIZADORA DE CRÉDITOS FINANCEIROS S.A.;023744;FCA;54469;2016-03-24;http://www.rad.cvm.gov.br/ENETCONSULTA/frmDownloadDocumento.aspx?CodigoInstituicao=1&NumeroSequencialDocumento=54469
19.133.012/0001-12;2016-01-01;2;RENOVA COMPANHIA SECURITIZADORA DE CRÉDITOS FINANCEIROS S.A.;023744;FCA;61463;2016-12-13;http://www.rad.cvm.gov.br/ENETCONSULTA/frmDownloadDocumento.aspx?CodigoInstituicao=1&NumeroSequencialDocumento=61463
19.208.022/0001-70;2016-01-01;1;ECO050 CONCESSIONÁRIA DE RODOVIAS S.A.;023884;FCA;53802;2016-03-02;http://www.rad.cvm.gov.br/ENETCONSULTA/frmDownloadDocumento.aspx?CodigoInstituicao=1&NumeroSequencialDocumento=53802
19.296.342/0001-29;2016-01-01;1;MGI - MINAS GERAIS PARTICIPAÇÕES S.A.;022942;FCA;53176;2016-02-03;http://www.rad.cvm.gov.br/ENETCONSULTA/frmDownloadDocumento.aspx?CodigoInstituicao=1&NumeroSequencialDocumento=53176
19.296.342/0001-29;2016-01-01;2;MGI - MINAS GERAIS PARTICIPAÇÕES S.A.;022942;FCA;58264;2016-07-26;http://www.rad.cvm.gov.br/ENETCONSULTA/frmDownloadDocumento.aspx?CodigoInstituicao=1&NumeroSequencialDocumento=58264
19.521.322/0001-04;2016-01-01;1;CONCESSIONÁRIA ROTA DO OESTE S.A.;023922;FCA;57634;2016-06-09;http://www.rad.cvm.gov.br/ENETCONSULTA/frmDownloadDocumento.aspx?CodigoInstituicao=1&NumeroSequencialDocumento=57634
19.526.748/0001-50;2016-01-01;1;CIA INDUSTRIAL CATAGUASES;003395;FCA;54070;2016-03-15;http://www.rad.cvm.gov.br/ENETCONSULTA/frmDownloadDocumento.aspx?CodigoInstituicao=1&NumeroSequencialDocumento=54070
19.526.748/0001-50;2016-01-01;2;CIA INDUSTRIAL CATAGUASES;003395;FCA;54476;2016-03-28;http://www.rad.cvm.gov.br/ENETCONSULTA/frmDownloadDocumento.aspx?CodigoInstituicao=1&NumeroSequencialDocumento=54476
19.526.748/0001-50;2016-01-01;3;CIA INDUSTRIAL CATAGUASES;003395;FCA;56865;2016-05-25;http://www.rad.cvm.gov.br/ENETCONSULTA/frmDownloadDocumento.aspx?CodigoInstituicao=1&NumeroSequencialDocumento=56865
19.526.748/0001-50;2016-01-01;4;CIA INDUSTRIAL CATAGUASES;003395;FCA;57890;2016-06-29;http://www.rad.cvm.gov.br/ENETCONSULTA/frmDownloadDocumento.aspx?CodigoInstituicao=1&NumeroSequencialDocumento=57890
19.527.639/0001-58;2016-01-01;1;ENERGISA MINAS RIO - DISTRIBUIDORA DE ENERGIA S/A;003271;FCA;54257;2016-03-21;http://www.rad.cvm.gov.br/ENETCONSULTA/frmDownloadDocumento.aspx?CodigoInstituicao=1&NumeroSequencialDocumento=54257
19.527.639/0001-58;2016-01-01;2;ENERGISA MINAS RIO - DISTRIBUIDORA DE ENERGIA S/A;003271;FCA;55465;2016-05-03;http://www.rad.cvm.gov.br/ENETCONSULTA/frmDownloadDocumento.aspx?CodigoInstituicao=1&NumeroSequencialDocumento=55465
19.642.306/0001-70;2016-01-01;1;CONCESSIONÁRIA DE RODOVIA SUL-MATOGROSSENSE S.A.;023833;FCA;53220;2016-02-04;http://www.rad.cvm.gov.br/ENETCONSULTA/frmDownloadDocumento.aspx?CodigoInstituicao=1&NumeroSequencialDocumento=53220
19.642.306/0001-70;2016-01-01;2;CONCESSIONÁRIA DE RODOVIA SUL-MATOGROSSENSE S.A.;023833;FCA;53515;2016-02-22;http://www.rad.cvm.gov.br/ENETCONSULTA/frmDownloadDocumento.aspx?CodigoInstituicao=1&NumeroSequencialDocumento=53515
19.642.306/0001-70;2016-01-01;3;CONCESSIONÁRIA DE RODOVIA SUL-MATOGROSSENSE S.A.;023833;FCA;53661;2016-02-25;http://www.rad.cvm.gov.br/ENETCONSULTA/frmDownloadDocumento.aspx?CodigoInstituicao=1&NumeroSequencialDocumento=53661
19.642.306/0001-70;2016-01-01;4;CONCESSIONÁRIA DE RODOVIA SUL-MATOGROSSENSE S.A.;023833;FCA;57311;2016-05-31;http://www.rad.cvm.gov.br/ENETCONSULTA/frmDownloadDocumento.aspx?CodigoInstituicao=1&NumeroSequencialDocumento=57311
19.642.306/0001-70;2016-01-01;5;CONCESSIONÁRIA DE RODOVIA SUL-MATOGROSSENSE S.A.;023833;FCA;57642;2016-06-09;http://www.rad.cvm.gov.br/ENETCONSULTA/frmDownloadDocumento.aspx?CodigoInstituicao=1&NumeroSequencialDocumento=57642
19.642.306/0001-70;2016-01-01;6;CONCESSIONÁRIA DE RODOVIA SUL-MATOGROSSENSE S.A.;023833;FCA;61255;2016-11-25;http://www.rad.cvm.gov.br/ENETCONSULTA/frmDownloadDocumento.aspx?CodigoInstituicao=1&NumeroSequencialDocumento=61255
19.642.306/0001-70;2016-01-01;7;CONCESSIONÁRIA DE RODOVIA SUL-MATOGROSSENSE S.A.;023833;FCA;61502;2016-12-15;http://www.rad.cvm.gov.br/ENETCONSULTA/frmDownloadDocumento.aspx?CodigoInstituicao=1&NumeroSequencialDocumento=61502
19.726.048/0001-00;2016-01-01;1;CONCESSIONÁRIA BR-040 S.A.;023892;FCA;54276;2016-03-22;http://www.rad.cvm.gov.br/ENETCONSULTA/frmDownloadDocumento.aspx?CodigoInstituicao=1&NumeroSequencialDocumento=54276
19.726.048/0001-00;2016-01-01;2;CONCESSIONÁRIA BR-040 S.A.;023892;FCA;55592;2016-05-05;http://www.rad.cvm.gov.br/ENETCONSULTA/frmDownloadDocumento.aspx?CodigoInstituicao=1&NumeroSequencialDocumento=55592
19.726.048/0001-00;2016-01-01;3;CONCESSIONÁRIA BR-040 S.A.;023892;FCA;57254;2016-05-31;http://www.rad.cvm.gov.br/ENETCONSULTA/frmDownloadDocumento.aspx?CodigoInstituicao=1&NumeroSequencialDocumento=57254
19.726.048/0001-00;2016-01-01;4;CONCESSIONÁRIA BR-040 S.A.;023892;FCA;58126;2016-07-15;http://www.rad.cvm.gov.br/ENETCONSULTA/frmDownloadDocumento.aspx?CodigoInstituicao=1&NumeroSequencialDocumento=58126
19.726.048/0001-00;2016-01-01;5;CONCESSIONÁRIA BR-040 S.A.;023892;FCA;61667;2016-12-29;http://www.rad.cvm.gov.br/ENETCONSULTA/frmDownloadDocumento.aspx?CodigoInstituicao=1&NumeroSequencialDocumento=61667
19.851.496/0001-35;2016-01-01;1;LOGOS COMPANHIA SECURITIZADORA S/A;023477;FCA;53706;2016-02-29;http://www.rad.cvm.gov.br/ENETCONSULTA/frmDownloadDocumento.aspx?CodigoInstituicao=1&NumeroSequencialDocumento=53706
19.851.496/0001-35;2016-01-01;2;LOGOS COMPANHIA SECURITIZADORA S/A;023477;FCA;58397;2016-08-02;http://www.rad.cvm.gov.br/ENETCONSULTA/frmDownloadDocumento.aspx?CodigoInstituicao=1&NumeroSequencialDocumento=58397
20.258.278/0001-70;2016-01-01;1;OURO FINO SAUDE ANIMAL PARTICIPACOES S.A.;023507;FCA;52723;2016-01-06;http://www.rad.cvm.gov.br/ENETCONSULTA/frmDownloadDocumento.aspx?CodigoInstituicao=1&NumeroSequencialDocumento=52723
20.258.278/0001-70;2016-01-01;2;OURO FINO SAUDE ANIMAL PARTICIPACOES S.A.;023507;FCA;58004;2016-07-06;http://www.rad.cvm.gov.br/ENETCONSULTA/frmDownloadDocumento.aspx?CodigoInstituicao=1&NumeroSequencialDocumento=58004
20.258.278/0001-70;2016-01-01;3;OURO FINO SAUDE ANIMAL PARTICIPACOES S.A.;023507;FCA;59411;2016-08-29;http://www.rad.cvm.gov.br/ENETCONSULTA/frmDownloadDocumento.aspx?CodigoInstituicao=1&NumeroSequencialDocumento=59411
20.445.827/0001-16;2016-01-01;1;SEC TWO COMPANHIA SECURITIZADORA DE CRÉDITOS;023752;FCA;54810;2016-03-31;http://www.rad.cvm.gov.br/ENETCONSULTA/frmDownloadDocumento.aspx?CodigoInstituicao=1&NumeroSequencialDocumento=54810
20.445.827/0001-16;2016-01-01;2;SEC TWO COMPANHIA SECURITIZADORA DE CRÉDITOS;023752;FCA;57286;2016-05-31;http://www.rad.cvm.gov.br/ENETCONSULTA/frmDownloadDocumento.aspx?CodigoInstituicao=1&NumeroSequencialDocumento=57286
20.451.953/0001-83;2016-01-01;1;BLUM COMPANHIA DE SECURITIZAÇÃO DE CRÉDITOS S.A;023760;FCA;54657;2016-03-29;http://www.rad.cvm.gov.br/ENETCONSULTA/frmDownloadDocumento.aspx?CodigoInstituicao=1&NumeroSequencialDocumento=54657
20.451.953/0001-83;2016-01-01;2;BLUM COMPANHIA DE SECURITIZAÇÃO DE CRÉDITOS S.A;023760;FCA;55983;2016-05-10;http://www.rad.cvm.gov.br/ENETCONSULTA/frmDownloadDocumento.aspx?CodigoInstituicao=1&NumeroSequencialDocumento=55983
20.451.953/0001-83;2016-01-01;3;BLUM COMPANHIA DE SECURITIZAÇÃO DE CRÉDITOS S.A;023760;FCA;59546;2016-09-08;http://www.rad.cvm.gov.br/ENETCONSULTA/frmDownloadDocumento.aspx?CodigoInstituicao=1&NumeroSequencialDocumento=59546
20.451.953/0001-83;2016-01-01;4;BLUM COMPANHIA DE SECURITIZAÇÃO DE CRÉDITOS S.A;023760;FCA;60118;2016-10-20;http://www.rad.cvm.gov.br/ENETCONSULTA/frmDownloadDocumento.aspx?CodigoInstituicao=1&NumeroSequencialDocumento=60118
20.646.442/0001-17;2016-01-01;1;GAIA CRED SECURITIZADORA DE CRÉDITOS FINANCEIROS S/A.;024040;FCA;60001;2016-10-11;http://www.rad.cvm.gov.br/ENETCONSULTA/frmDownloadDocumento.aspx?CodigoInstituicao=1&NumeroSequencialDocumento=60001
20.646.442/0001-17;2016-01-01;2;GAIA CRED SECURITIZADORA DE CRÉDITOS FINANCEIROS S/A.;024040;FCA;61519;2016-12-16;http://www.rad.cvm.gov.br/ENETCONSULTA/frmDownloadDocumento.aspx?CodigoInstituicao=1&NumeroSequencialDocumento=61519
21.255.567/0001-89;2016-01-01;1;CIA TECIDOS SANTANENSE;004081;FCA;53202;2016-02-04;http://www.rad.cvm.gov.br/ENETCONSULTA/frmDownloadDocumento.aspx?CodigoInstituicao=1&NumeroSequencialDocumento=53202
21.255.567/0001-89;2016-01-01;2;CIA TECIDOS SANTANENSE;004081;FCA;59880;2016-10-03;http://www.rad.cvm.gov.br/ENETCONSULTA/frmDownloadDocumento.aspx?CodigoInstituicao=1&NumeroSequencialDocumento=59880
21.262.638/0001-70;2016-01-01;1;ENCALSO PARTICIPAÇÕES EM CONCESSÕES S/A;023701;FCA;54680;2016-03-30;http://www.rad.cvm.gov.br/ENETCONSULTA/frmDownloadDocumento.aspx?CodigoInstituicao=1&NumeroSequencialDocumento=54680
21.262.638/0001-70;2016-01-01;2;ENCALSO PARTICIPAÇÕES EM CONCESSÕES S/A;023701;FCA;57064;2016-05-31;http://www.rad.cvm.gov.br/ENETCONSULTA/frmDownloadDocumento.aspx?CodigoInstituicao=1&NumeroSequencialDocumento=57064
21.314.559/0001-66;2016-01-01;1;MOVIDA PARTICIPACOES SA;023825;FCA;53144;2016-02-01;http://www.rad.cvm.gov.br/ENETCONSULTA/frmDownloadDocumento.aspx?CodigoInstituicao=1&NumeroSequencialDocumento=53144
21.314.559/0001-66;2016-01-01;2;MOVIDA PARTICIPACOES SA;023825;FCA;59144;2016-08-15;http://www.rad.cvm.gov.br/ENETCONSULTA/frmDownloadDocumento.aspx?CodigoInstituicao=1&NumeroSequencialDocumento=59144
21.314.559/0001-66;2016-01-01;3;MOVIDA PARTICIPACOES SA;023825;FCA;60018;2016-10-11;http://www.rad.cvm.gov.br/ENETCONSULTA/frmDownloadDocumento.aspx?CodigoInstituicao=1&NumeroSequencialDocumento=60018
21.414.457/0001-12;2016-01-01;1;LEADS CIA. SECURITIZADORA;023558;FCA;54828;2016-03-31;http://www.rad.cvm.gov.br/ENETCONSULTA/frmDownloadDocumento.aspx?CodigoInstituicao=1&NumeroSequencialDocumento=54828
21.414.457/0001-12;2016-01-01;2;LEADS CIA. SECURITIZADORA;023558;FCA;57240;2016-05-31;http://www.rad.cvm.gov.br/ENETCONSULTA/frmDownloadDocumento.aspx?CodigoInstituicao=1&NumeroSequencialDocumento=57240
21.610.416/0001-00;2016-01-01;1;FORTUNATO SECURITIZADORA S/A;023566;FCA;53341;2016-02-12;http://www.rad.cvm.gov.br/ENETCONSULTA/frmDownloadDocumento.aspx?CodigoInstituicao=1&NumeroSequencialDocumento=53341
21.610.416/0001-00;2016-01-01;2;FORTUNATO SECURITIZADORA S/A;023566;FCA;57277;2016-05-31;http://www.rad.cvm.gov.br/ENETCONSULTA/frmDownloadDocumento.aspx?CodigoInstituicao=1&NumeroSequencialDocumento=57277
21.903.297/0001-75;2016-01-01;1;GPR - PINHEIRO & RINALDO CAPITAL S/A;023876;FCA;53678;2016-02-26;http://www.rad.cvm.gov.br/ENETCONSULTA/frmDownloadDocumento.aspx?CodigoInstituicao=1&NumeroSequencialDocumento=53678
21.903.297/0001-75;2016-01-01;2;GPR - PINHEIRO & RINALDO CAPITAL S/A;023876;FCA;57304;2016-05-31;http://www.rad.cvm.gov.br/ENETCONSULTA/frmDownloadDocumento.aspx?CodigoInstituicao=1&NumeroSequencialDocumento=57304
21.948.105/0001-47;2016-01-01;1;BTGI QUARTZO PARTICIPAÇÕES S/A;023850;FCA;53650;2016-02-25;http://www.rad.cvm.gov.br/ENETCONSULTA/frmDownloadDocumento.aspx?CodigoInstituicao=1&NumeroSequencialDocumento=53650
21.976.510/0001-79;2016-01-01;1;BTGI SAFIRA PARTICIPAÇÕES S/A;023841;FCA;53765;2016-03-02;http://www.rad.cvm.gov.br/ENETCONSULTA/frmDownloadDocumento.aspx?CodigoInstituicao=1&NumeroSequencialDocumento=53765
21.987.030/0001-03;2016-01-01;1;FINSBURY PARTICIPAÇÕES S.A.;023639;FCA;54304;2016-03-22;http://www.rad.cvm.gov.br/ENETCONSULTA/frmDownloadDocumento.aspx?CodigoInstituicao=1&NumeroSequencialDocumento=54304
21.987.030/0001-03;2016-01-01;2;FINSBURY PARTICIPAÇÕES S.A.;023639;FCA;56419;2016-05-13;http://www.rad.cvm.gov.br/ENETCONSULTA/frmDownloadDocumento.aspx?CodigoInstituicao=1&NumeroSequencialDocumento=56419
21.987.041/0001-93;2016-01-01;1;FOXFIELD PARTICIPAÇÕES S.A.;023663;FCA;54313;2016-03-22;http://www.rad.cvm.gov.br/ENETCONSULTA/frmDownloadDocumento.aspx?CodigoInstituicao=1&NumeroSequencialDocumento=54313
21.987.041/0001-93;2016-01-01;2;FOXFIELD PARTICIPAÇÕES S.A.;023663;FCA;56459;2016-05-13;http://www.rad.cvm.gov.br/ENETCONSULTA/frmDownloadDocumento.aspx?CodigoInstituicao=1&NumeroSequencialDocumento=56459
21.987.053/0001-18;2016-01-01;1;FOURSTONES PARTICIPAÇÕES S.A.;023655;FCA;54323;2016-03-22;http://www.rad.cvm.gov.br/ENETCONSULTA/frmDownloadDocumento.aspx?CodigoInstituicao=1&NumeroSequencialDocumento=54323
21.987.053/0001-18;2016-01-01;2;FOURSTONES PARTICIPAÇÕES S.A.;023655;FCA;56453;2016-05-13;http://www.rad.cvm.gov.br/ENETCONSULTA/frmDownloadDocumento.aspx?CodigoInstituicao=1&NumeroSequencialDocumento=56453
21.987.068/0001-86;2016-01-01;1;FRIESTON PARTICIPAÇÕES S.A.;023647;FCA;54319;2016-03-22;http://www.rad.cvm.gov.br/ENETCONSULTA/frmDownloadDocumento.aspx?CodigoInstituicao=1&NumeroSequencialDocumento=54319
21.987.068/0001-86;2016-01-01;2;FRIESTON PARTICIPAÇÕES S.A.;023647;FCA;56447;2016-05-13;http://www.rad.cvm.gov.br/ENETCONSULTA/frmDownloadDocumento.aspx?CodigoInstituicao=1&NumeroSequencialDocumento=56447
22.131.736/0001-31;2016-01-01;1;RR CASA DE INVESTIMENTOS E PARTICIPAÇÕES S.A.;023787;FCA;52661;2016-01-04;http://www.rad.cvm.gov.br/ENETCONSULTA/frmDownloadDocumento.aspx?CodigoInstituicao=1&NumeroSequencialDocumento=52661
22.131.736/0001-31;2016-01-01;2;RR CASA DE INVESTIMENTOS E PARTICIPAÇÕES S.A.;023787;FCA;55098;2016-04-11;http://www.rad.cvm.gov.br/ENETCONSULTA/frmDownloadDocumento.aspx?CodigoInstituicao=1&NumeroSequencialDocumento=55098
22.266.175/0001-88;2016-01-01;1;FERTILIZANTES HERINGER S.A.;020621;FCA;53975;2016-03-10;http://www.rad.cvm.gov.br/ENETCONSULTA/frmDownloadDocumento.aspx?CodigoInstituicao=1&NumeroSequencialDocumento=53975
22.495.265/0001-40;2016-01-01;1;SENECA COMPANHIA SECURITIZADORA;023698;FCA;53371;2016-02-15;http://www.rad.cvm.gov.br/ENETCONSULTA/frmDownloadDocumento.aspx?CodigoInstituicao=1&NumeroSequencialDocumento=53371
22.495.265/0001-40;2016-01-01;2;SENECA COMPANHIA SECURITIZADORA;023698;FCA;57400;2016-05-31;http://www.rad.cvm.gov.br/ENETCONSULTA/frmDownloadDocumento.aspx?CodigoInstituicao=1&NumeroSequencialDocumento=57400
22.543.331/0001-00;2016-01-01;1;CAIXA SEGURIDADE PARTICIPAÇÕES S.A.;023795;FCA;52813;2016-01-11;http://www.rad.cvm.gov.br/ENETCONSULTA/frmDownloadDocumento.aspx?CodigoInstituicao=1&NumeroSequencialDocumento=52813
22.543.331/0001-00;2016-01-01;2;CAIXA SEGURIDADE PARTICIPAÇÕES S.A.;023795;FCA;55218;2016-04-20;http://www.rad.cvm.gov.br/ENETCONSULTA/frmDownloadDocumento.aspx?CodigoInstituicao=1&NumeroSequencialDocumento=55218
22.543.331/0001-00;2016-01-01;3;CAIXA SEGURIDADE PARTICIPAÇÕES S.A.;023795;FCA;56219;2016-05-12;http://www.rad.cvm.gov.br/ENETCONSULTA/frmDownloadDocumento.aspx?CodigoInstituicao=1&NumeroSequencialDocumento=56219
22.677.520/0001-76;2016-01-01;1;CIA TECIDOS NORTE DE MINAS COTEMINAS;003158;FCA;53200;2016-02-04;http://www.rad.cvm.gov.br/ENETCONSULTA/frmDownloadDocumento.aspx?CodigoInstituicao=1&NumeroSequencialDocumento=53200
22.677.520/0001-76;2016-01-01;2;CIA TECIDOS NORTE DE MINAS COTEMINAS;003158;FCA;59879;2016-10-03;http://www.rad.cvm.gov.br/ENETCONSULTA/frmDownloadDocumento.aspx?CodigoInstituicao=1&NumeroSequencialDocumento=59879
22.770.366/0001-82;2016-01-01;1;TEC TOY S.A.;014133;FCA;53973;2016-03-10;http://www.rad.cvm.gov.br/ENETCONSULTA/frmDownloadDocumento.aspx?CodigoInstituicao=1&NumeroSequencialDocumento=53973
22.770.366/0001-82;2016-01-01;2;TEC TOY S.A.;014133;FCA;55775;2016-05-09;http://www.rad.cvm.gov.br/ENETCONSULTA/frmDownloadDocumento.aspx?CodigoInstituicao=1&NumeroSequencialDocumento=55775
22.983.283/0001-71;2016-01-01;1;COMPANHIA CARIOCA DE SECURITIZAÇÃO S.A. - RIO SECURITIZAÇÃO;023949;FCA;57901;2016-07-01;http://www.rad.cvm.gov.br/ENETCONSULTA/frmDownloadDocumento.aspx?CodigoInstituicao=1&NumeroSequencialDocumento=57901
22.983.283/0001-71;2016-01-01;2;COMPANHIA CARIOCA DE SECURITIZAÇÃO S.A. - RIO SECURITIZAÇÃO;023949;FCA;58373;2016-08-01;http://www.rad.cvm.gov.br/ENETCONSULTA/frmDownloadDocumento.aspx?CodigoInstituicao=1&NumeroSequencialDocumento=58373
23.043.212/0001-51;2016-01-01;1;COMPANHIA PARANAENSE DE SECURITIZAÇÃO - PRSEC;023914;FCA;56041;2016-05-11;http://www.rad.cvm.gov.br/ENETCONSULTA/frmDownloadDocumento.aspx?CodigoInstituicao=1&NumeroSequencialDocumento=56041
23.043.212/0001-51;2016-01-01;2;COMPANHIA PARANAENSE DE SECURITIZAÇÃO - PRSEC;023914;FCA;60049;2016-10-14;http://www.rad.cvm.gov.br/ENETCONSULTA/frmDownloadDocumento.aspx?CodigoInstituicao=1&NumeroSequencialDocumento=60049
23.043.212/0001-51;2016-01-01;3;COMPANHIA PARANAENSE DE SECURITIZAÇÃO - PRSEC;023914;FCA;61388;2016-12-06;http://www.rad.cvm.gov.br/ENETCONSULTA/frmDownloadDocumento.aspx?CodigoInstituicao=1&NumeroSequencialDocumento=61388
24.717.074/0001-01;2016-01-01;1;TRÍPLICE SECURITIZADORA DE ATIVOS MERCANTIS S/A;024023;FCA;59921;2016-10-05;http://www.rad.cvm.gov.br/ENETCONSULTA/frmDownloadDocumento.aspx?CodigoInstituicao=1&NumeroSequencialDocumento=59921
24.744.012/0001-99;2016-01-01;1;ZH OPERAÇÕES S.A.;024007;FCA;59700;2016-09-20;http://www.rad.cvm.gov.br/ENETCONSULTA/frmDownloadDocumento.aspx?CodigoInstituicao=1&NumeroSequencialDocumento=59700
24.955.657/0001-70;2016-01-01;1;TRIUNFO SECURITIZADORA DE ATIVOS S/A;024031;FCA;59920;2016-10-05;http://www.rad.cvm.gov.br/ENETCONSULTA/frmDownloadDocumento.aspx?CodigoInstituicao=1&NumeroSequencialDocumento=59920
24.962.466/0001-36;2016-01-01;1;RUMO MALHA NORTE S.A.;015300;FCA;54420;2016-03-24;http://www.rad.cvm.gov.br/ENETCONSULTA/frmDownloadDocumento.aspx?CodigoInstituicao=1&NumeroSequencialDocumento=54420
24.962.466/0001-36;2016-01-01;2;RUMO MALHA NORTE S.A.;015300;FCA;57728;2016-06-16;http://www.rad.cvm.gov.br/ENETCONSULTA/frmDownloadDocumento.aspx?CodigoInstituicao=1&NumeroSequencialDocumento=57728
24.962.466/0001-36;2016-01-01;3;RUMO MALHA NORTE S.A.;015300;FCA;58819;2016-08-11;http://www.rad.cvm.gov.br/ENETCONSULTA/frmDownloadDocumento.aspx?CodigoInstituicao=1&NumeroSequencialDocumento=58819
25.005.683/0001-09;2016-01-01;1;VERT COMPANHIA SECURITIZADORA;023990;FCA;59416;2016-08-29;http://www.rad.cvm.gov.br/ENETCONSULTA/frmDownloadDocumento.aspx?CodigoInstituicao=1&NumeroSequencialDocumento=59416
25.005.683/0001-09;2016-01-01;2;VERT COMPANHIA SECURITIZADORA;023990;FCA;59433;2016-08-30;http://www.rad.cvm.gov.br/ENETCONSULTA/frmDownloadDocumento.aspx?CodigoInstituicao=1&NumeroSequencialDocumento=59433
25.005.683/0001-09;2016-01-01;3;VERT COMPANHIA SECURITIZADORA;023990;FCA;60286;2016-10-31;http://www.rad.cvm.gov.br/ENETCONSULTA/frmDownloadDocumento.aspx?CodigoInstituicao=1&NumeroSequencialDocumento=60286
25.089.509/0001-83;2016-01-01;1;COMPANHIA DE SANEAMENTO DO TOCANTINS - SANEATINS;023809;FCA;53053;2016-01-26;http://www.rad.cvm.gov.br/ENETCONSULTA/frmDownloadDocumento.aspx?CodigoInstituicao=1&NumeroSequencialDocumento=53053
25.329.319/0001-96;2016-01-01;1;WEMBLEY SOCIEDADE ANÔNIMA;011800;FCA;53127;2016-02-01;http://www.rad.cvm.gov.br/ENETCONSULTA/frmDownloadDocumento.aspx?CodigoInstituicao=1&NumeroSequencialDocumento=53127
25.329.319/0001-96;2016-01-01;2;WEMBLEY SOCIEDADE ANÔNIMA;011800;FCA;59881;2016-10-03;http://www.rad.cvm.gov.br/ENETCONSULTA/frmDownloadDocumento.aspx?CodigoInstituicao=1&NumeroSequencialDocumento=59881
26.386.169/0001-15;2016-01-01;1;MERCANTIL DO BRASIL LEASING SA;015890;FCA;54119;2016-03-16;http://www.rad.cvm.gov.br/ENETCONSULTA/frmDownloadDocumento.aspx?CodigoInstituicao=1&NumeroSequencialDocumento=54119
26.386.169/0001-15;2016-01-01;2;MERCANTIL DO BRASIL LEASING SA;015890;FCA;55422;2016-05-02;http://www.rad.cvm.gov.br/ENETCONSULTA/frmDownloadDocumento.aspx?CodigoInstituicao=1&NumeroSequencialDocumento=55422
27.093.558/0001-15;2016-01-01;1;MILLS LOCAÇÃO, SERVIÇOS E LOGÍSTICA S.A.;022012;FCA;52697;2016-01-05;http://www.rad.cvm.gov.br/ENETCONSULTA/frmDownloadDocumento.aspx?CodigoInstituicao=1&NumeroSequencialDocumento=52697
27.093.558/0001-15;2016-01-01;2;MILLS LOCAÇÃO, SERVIÇOS E LOGÍSTICA S.A.;022012;FCA;54582;2016-03-29;http://www.rad.cvm.gov.br/ENETCONSULTA/frmDownloadDocumento.aspx?CodigoInstituicao=1&NumeroSequencialDocumento=54582
27.093.558/0001-15;2016-01-01;3;MILLS LOCAÇÃO, SERVIÇOS E LOGÍSTICA S.A.;022012;FCA;54685;2016-03-30;http://www.rad.cvm.gov.br/ENETCONSULTA/frmDownloadDocumento.aspx?CodigoInstituicao=1&NumeroSequencialDocumento=54685
27.093.558/0001-15;2016-01-01;4;MILLS LOCAÇÃO, SERVIÇOS E LOGÍSTICA S.A.;022012;FCA;55290;2016-04-27;http://www.rad.cvm.gov.br/ENETCONSULTA/frmDownloadDocumento.aspx?CodigoInstituicao=1&NumeroSequencialDocumento=55290
27.093.558/0001-15;2016-01-01;5;MILLS LOCAÇÃO, SERVIÇOS E LOGÍSTICA S.A.;022012;FCA;56567;2016-05-16;http://www.rad.cvm.gov.br/ENETCONSULTA/frmDownloadDocumento.aspx?CodigoInstituicao=1&NumeroSequencialDocumento=56567
28.127.603/0001-78;2016-01-01;1;BANESTES S.A. - BCO EST ESPIRITO SANTO;001155;FCA;53014;2016-01-22;http://www.rad.cvm.gov.br/ENETCONSULTA/frmDownloadDocumento.aspx?CodigoInstituicao=1&NumeroSequencialDocumento=53014
28.127.603/0001-78;2016-01-01;2;BANESTES S.A. - BCO EST ESPIRITO SANTO;001155;FCA;60066;2016-10-17;http://www.rad.cvm.gov.br/ENETCONSULTA/frmDownloadDocumento.aspx?CodigoInstituicao=1&NumeroSequencialDocumento=60066
28.152.650/0001-71;2016-01-01;1;EDP ESPIRITO SANTO DISTRIBUIÇÃO DE ENERGIA S.A.;015342;FCA;52740;2016-01-07;http://www.rad.cvm.gov.br/ENETCONSULTA/frmDownloadDocumento.aspx?CodigoInstituicao=1&NumeroSequencialDocumento=52740
28.152.650/0001-71;2016-01-01;2;EDP ESPIRITO SANTO DISTRIBUIÇÃO DE ENERGIA S.A.;015342;FCA;53778;2016-03-02;http://www.rad.cvm.gov.br/ENETCONSULTA/frmDownloadDocumento.aspx?CodigoInstituicao=1&NumeroSequencialDocumento=53778
28.152.650/0001-71;2016-01-01;3;EDP ESPIRITO SANTO DISTRIBUIÇÃO DE ENERGIA S.A.;015342;FCA;55237;2016-04-25;http://www.rad.cvm.gov.br/ENETCONSULTA/frmDownloadDocumento.aspx?CodigoInstituicao=1&NumeroSequencialDocumento=55237
28.152.650/0001-71;2016-01-01;4;EDP ESPIRITO SANTO DISTRIBUIÇÃO DE ENERGIA S.A.;015342;FCA;58237;2016-07-25;http://www.rad.cvm.gov.br/ENETCONSULTA/frmDownloadDocumento.aspx?CodigoInstituicao=1&NumeroSequencialDocumento=58237
28.195.667/0001-06;2016-01-01;1;BCO ABC BRASIL S.A.;020958;FCA;53188;2016-02-03;http://www.rad.cvm.gov.br/ENETCONSULTA/frmDownloadDocumento.aspx?CodigoInstituicao=1&NumeroSequencialDocumento=53188
28.195.667/0001-06;2016-01-01;2;BCO ABC BRASIL S.A.;020958;FCA;56302;2016-05-13;http://www.rad.cvm.gov.br/ENETCONSULTA/frmDownloadDocumento.aspx?CodigoInstituicao=1&NumeroSequencialDocumento=56302
28.195.667/0001-06;2016-01-01;3;BCO ABC BRASIL S.A.;020958;FCA;58547;2016-08-08;http://www.rad.cvm.gov.br/ENETCONSULTA/frmDownloadDocumento.aspx?CodigoInstituicao=1&NumeroSequencialDocumento=58547
28.573.830/0001-27;2016-01-01;1;TAIPE TRANCOSO EMPREENDIMENTOS S/A;020508;FCA;53100;2016-01-29;http://www.rad.cvm.gov.br/ENETCONSULTA/frmDownloadDocumento.aspx?CodigoInstituicao=1&NumeroSequencialDocumento=53100
29.780.061/0001-09;2016-01-01;1;SAO CARLOS EMPREEND E PARTICIPACOES S.A.;013781;FCA;53647;2016-02-25;http://www.rad.cvm.gov.br/ENETCONSULTA/frmDownloadDocumento.aspx?CodigoInstituicao=1&NumeroSequencialDocumento=53647
29.780.061/0001-09;2016-01-01;2;SAO CARLOS EMPREEND E PARTICIPACOES S.A.;013781;FCA;53919;2016-03-08;http://www.rad.cvm.gov.br/ENETCONSULTA/frmDownloadDocumento.aspx?CodigoInstituicao=1&NumeroSequencialDocumento=53919
29.780.061/0001-09;2016-01-01;3;SAO CARLOS EMPREEND E PARTICIPACOES S.A.;013781;FCA;55482;2016-05-03;http://www.rad.cvm.gov.br/ENETCONSULTA/frmDownloadDocumento.aspx?CodigoInstituicao=1&NumeroSequencialDocumento=55482
29.950.060/0001-57;2016-01-01;1;NORTEC QUÍMICA S.A.;022985;FCA;54588;2016-03-29;http://www.rad.cvm.gov.br/ENETCONSULTA/frmDownloadDocumento.aspx?CodigoInstituicao=1&NumeroSequencialDocumento=54588
29.950.060/0001-57;2016-01-01;2;NORTEC QUÍMICA S.A.;022985;FCA;55043;2016-04-08;http://www.rad.cvm.gov.br/ENETCONSULTA/frmDownloadDocumento.aspx?CodigoInstituicao=1&NumeroSequencialDocumento=55043
29.978.814/0001-87;2016-01-01;1;SUL AMERICA S.A.;021121;FCA;53587;2016-02-24;http://www.rad.cvm.gov.br/ENETCONSULTA/frmDownloadDocumento.aspx?CodigoInstituicao=1&NumeroSequencialDocumento=53587
30.306.294/0001-45;2016-01-01;1;BCO BTG PACTUAL S.A.;022616;FCA;53508;2016-02-21;http://www.rad.cvm.gov.br/ENETCONSULTA/frmDownloadDocumento.aspx?CodigoInstituicao=1&NumeroSequencialDocumento=53508
30.540.991/0001-66;2016-01-01;1;HAGA S.A. INDUSTRIA E COMERCIO;013366;FCA;54479;2016-03-28;http://www.rad.cvm.gov.br/ENETCONSULTA/frmDownloadDocumento.aspx?CodigoInstituicao=1&NumeroSequencialDocumento=54479
31.895.683/0001-16;2016-01-01;1;BANCO INDUSTRIAL DO BRASIL;021377;FCA;52992;2016-01-21;http://www.rad.cvm.gov.br/ENETCONSULTA/frmDownloadDocumento.aspx?CodigoInstituicao=1&NumeroSequencialDocumento=52992
32.681.371/0001-72;2016-01-01;1;VIX LOGÍSTICA S.A.;021202;FCA;53866;2016-03-04;http://www.rad.cvm.gov.br/ENETCONSULTA/frmDownloadDocumento.aspx?CodigoInstituicao=1&NumeroSequencialDocumento=53866
32.681.371/0001-72;2016-01-01;2;VIX LOGÍSTICA S.A.;021202;FCA;54037;2016-03-14;http://www.rad.cvm.gov.br/ENETCONSULTA/frmDownloadDocumento.aspx?CodigoInstituicao=1&NumeroSequencialDocumento=54037
32.681.371/0001-72;2016-01-01;3;VIX LOGÍSTICA S.A.;021202;FCA;56339;2016-05-13;http://www.rad.cvm.gov.br/ENETCONSULTA/frmDownloadDocumento.aspx?CodigoInstituicao=1&NumeroSequencialDocumento=56339
33.000.167/0001-01;2016-01-01;1;PETROLEO BRASILEIRO S.A. PETROBRAS;009512;FCA;52812;2016-01-11;http://www.rad.cvm.gov.br/ENETCONSULTA/frmDownloadDocumento.aspx?CodigoInstituicao=1&NumeroSequencialDocumento=52812
33.000.167/0001-01;2016-01-01;2;PETROLEO BRASILEIRO S.A. PETROBRAS;009512;FCA;55181;2016-04-19;http://www.rad.cvm.gov.br/ENETCONSULTA/frmDownloadDocumento.aspx?CodigoInstituicao=1&NumeroSequencialDocumento=55181
33.000.167/0001-01;2016-01-01;3;PETROLEO BRASILEIRO S.A. PETROBRAS;009512;FCA;56894;2016-05-27;http://www.rad.cvm.gov.br/ENETCONSULTA/frmDownloadDocumento.aspx?CodigoInstituicao=1&NumeroSequencialDocumento=56894
33.000.167/0001-01;2016-01-01;4;PETROLEO BRASILEIRO S.A. PETROBRAS;009512;FCA;58020;2016-07-07;http://www.rad.cvm.gov.br/ENETCONSULTA/frmDownloadDocumento.aspx?CodigoInstituicao=1&NumeroSequencialDocumento=58020
33.014.556/0001-96;2016-01-01;1;LOJAS AMERICANAS S.A.;008087;FCA;52790;2016-01-08;http://www.rad.cvm.gov.br/ENETCONSULTA/frmDownloadDocumento.aspx?CodigoInstituicao=1&NumeroSequencialDocumento=52790
33.014.556/0001-96;2016-01-01;2;LOJAS AMERICANAS S.A.;008087;FCA;55031;2016-04-07;http://www.rad.cvm.gov.br/ENETCONSULTA/frmDownloadDocumento.aspx?CodigoInstituicao=1&NumeroSequencialDocumento=55031
33.035.536/0001-00;2016-01-01;1;JOAO FORTES ENGENHARIA S.A. - EM RECUPERAÇÃO JUDICIAL;007811;FCA;54658;2016-03-29;http://www.rad.cvm.gov.br/ENETCONSULTA/frmDownloadDocumento.aspx?CodigoInstituicao=1&NumeroSequencialDocumento=54658
33.039.223/0001-11;2016-01-01;1;CIMENTO TUPI S.A.;022829;FCA;54843;2016-03-31;http://www.rad.cvm.gov.br/ENETCONSULTA/frmDownloadDocumento.aspx?CodigoInstituicao=1&NumeroSequencialDocumento=54843
33.039.223/0001-11;2016-01-01;2;CIMENTO TUPI S.A.;022829;FCA;56019;2016-05-11;http://www.rad.cvm.gov.br/ENETCONSULTA/frmDownloadDocumento.aspx?CodigoInstituicao=1&NumeroSequencialDocumento=56019
33.039.223/0001-11;2016-01-01;3;CIMENTO TUPI S.A.;022829;FCA;61173;2016-11-21;http://www.rad.cvm.gov.br/ENETCONSULTA/frmDownloadDocumento.aspx?CodigoInstituicao=1&NumeroSequencialDocumento=61173
33.040.601/0001-87;2016-01-01;1;CREDITAQUI FINANCEIRA S.A. - C.F.I.;008540;FCA;54120;2016-03-16;http://www.rad.cvm.gov.br/ENETCONSULTA/frmDownloadDocumento.aspx?CodigoInstituicao=1&NumeroSequencialDocumento=54120
33.040.601/0001-87;2016-01-01;2;CREDITAQUI FINANCEIRA S.A. - C.F.I.;008540;FCA;55421;2016-05-02;http://www.rad.cvm.gov.br/ENETCONSULTA/frmDownloadDocumento.aspx?CodigoInstituicao=1&NumeroSequencialDocumento=55421
33.041.260/0652-90;2016-01-01;1;GRUPO CASAS BAHIA S.A.;006505;FCA;52685;2016-01-05;http://www.rad.cvm.gov.br/ENETCONSULTA/frmDownloadDocumento.aspx?CodigoInstituicao=1&NumeroSequencialDocumento=52685
33.041.260/0652-90;2016-01-01;2;GRUPO CASAS BAHIA S.A.;006505;FCA;58444;2016-08-03;http://www.rad.cvm.gov.br/ENETCONSULTA/frmDownloadDocumento.aspx?CodigoInstituicao=1&NumeroSequencialDocumento=58444
33.041.260/0652-90;2016-01-01;3;GRUPO CASAS BAHIA S.A.;006505;FCA;60311;2016-11-01;http://www.rad.cvm.gov.br/ENETCONSULTA/frmDownloadDocumento.aspx?CodigoInstituicao=1&NumeroSequencialDocumento=60311
33.042.730/0001-04;2016-01-01;1;CIA SIDERURGICA NACIONAL;004030;FCA;52847;2016-01-12;http://www.rad.cvm.gov.br/ENETCONSULTA/frmDownloadDocumento.aspx?CodigoInstituicao=1&NumeroSequencialDocumento=52847
33.042.730/0001-04;2016-01-01;2;CIA SIDERURGICA NACIONAL;004030;FCA;53992;2016-03-10;http://www.rad.cvm.gov.br/ENETCONSULTA/frmDownloadDocumento.aspx?CodigoInstituicao=1&NumeroSequencialDocumento=53992
33.042.730/0001-04;2016-01-01;3;CIA SIDERURGICA NACIONAL;004030;FCA;55873;2016-05-09;http://www.rad.cvm.gov.br/ENETCONSULTA/frmDownloadDocumento.aspx?CodigoInstituicao=1&NumeroSequencialDocumento=55873
33.042.730/0001-04;2016-01-01;4;CIA SIDERURGICA NACIONAL;004030;FCA;57144;2016-05-31;http://www.rad.cvm.gov.br/ENETCONSULTA/frmDownloadDocumento.aspx?CodigoInstituicao=1&NumeroSequencialDocumento=57144
33.042.730/0001-04;2016-01-01;5;CIA SIDERURGICA NACIONAL;004030;FCA;59774;2016-09-27;http://www.rad.cvm.gov.br/ENETCONSULTA/frmDownloadDocumento.aspx?CodigoInstituicao=1&NumeroSequencialDocumento=59774
33.042.730/0001-04;2016-01-01;6;CIA SIDERURGICA NACIONAL;004030;FCA;61610;2016-12-26;http://www.rad.cvm.gov.br/ENETCONSULTA/frmDownloadDocumento.aspx?CodigoInstituicao=1&NumeroSequencialDocumento=61610
33.050.071/0001-58;2016-01-01;1;AMPLA ENERGIA E SERVICOS S.A.;003050;FCA;52967;2016-01-20;http://www.rad.cvm.gov.br/ENETCONSULTA/frmDownloadDocumento.aspx?CodigoInstituicao=1&NumeroSequencialDocumento=52967
33.050.071/0001-58;2016-01-01;2;AMPLA ENERGIA E SERVICOS S.A.;003050;FCA;55573;2016-05-04;http://www.rad.cvm.gov.br/ENETCONSULTA/frmDownloadDocumento.aspx?CodigoInstituicao=1&NumeroSequencialDocumento=55573
33.050.071/0001-58;2016-01-01;3;AMPLA ENERGIA E SERVICOS S.A.;003050;FCA;56987;2016-05-30;http://www.rad.cvm.gov.br/ENETCONSULTA/frmDownloadDocumento.aspx?CodigoInstituicao=1&NumeroSequencialDocumento=56987
33.050.071/0001-58;2016-01-01;4;AMPLA ENERGIA E SERVICOS S.A.;003050;FCA;56999;2016-05-30;http://www.rad.cvm.gov.br/ENETCONSULTA/frmDownloadDocumento.aspx?CodigoInstituicao=1&NumeroSequencialDocumento=56999
33.050.071/0001-58;2016-01-01;5;AMPLA ENERGIA E SERVICOS S.A.;003050;FCA;58057;2016-07-11;http://www.rad.cvm.gov.br/ENETCONSULTA/frmDownloadDocumento.aspx?CodigoInstituicao=1&NumeroSequencialDocumento=58057
33.050.071/0001-58;2016-01-01;6;AMPLA ENERGIA E SERVICOS S.A.;003050;FCA;58407;2016-08-02;http://www.rad.cvm.gov.br/ENETCONSULTA/frmDownloadDocumento.aspx?CodigoInstituicao=1&NumeroSequencialDocumento=58407
33.050.071/0001-58;2016-01-01;7;AMPLA ENERGIA E SERVICOS S.A.;003050;FCA;61481;2016-12-14;http://www.rad.cvm.gov.br/ENETCONSULTA/frmDownloadDocumento.aspx?CodigoInstituicao=1&NumeroSequencialDocumento=61481
33.050.196/0001-88;2016-01-01;1;CIA PAULISTA DE FORCA E LUZ;003824;FCA;54160;2016-03-18;http://www.rad.cvm.gov.br/ENETCONSULTA/frmDownloadDocumento.aspx?CodigoInstituicao=1&NumeroSequencialDocumento=54160
33.066.408/0001-15;2016-01-01;1;EMPRESA FINANCEIRA;000003;FCA;54946;2016-04-02;http://www.rad.cvm.gov.br/ENETCONSULTA/frmDownloadDocumento.aspx?CodigoInstituicao=1&NumeroSequencialDocumento=54946
33.102.476/0001-92;2016-01-01;1;MONTEIRO ARANHA S.A.;008893;FCA;54748;2016-03-30;http://www.rad.cvm.gov.br/ENETCONSULTA/frmDownloadDocumento.aspx?CodigoInstituicao=1&NumeroSequencialDocumento=54748
33.102.476/0001-92;2016-01-01;2;MONTEIRO ARANHA S.A.;008893;FCA;56634;2016-05-17;http://www.rad.cvm.gov.br/ENETCONSULTA/frmDownloadDocumento.aspx?CodigoInstituicao=1&NumeroSequencialDocumento=56634
33.102.476/0001-92;2016-01-01;3;MONTEIRO ARANHA S.A.;008893;FCA;59592;2016-09-12;http://www.rad.cvm.gov.br/ENETCONSULTA/frmDownloadDocumento.aspx?CodigoInstituicao=1&NumeroSequencialDocumento=59592
33.111.246/0001-90;2016-01-01;1;TECNOSOLO ENGENHARIA S.A. - EMPRESA FALIDA;011207;FCA;54786;2016-03-30;http://www.rad.cvm.gov.br/ENETCONSULTA/frmDownloadDocumento.aspx?CodigoInstituicao=1&NumeroSequencialDocumento=54786
33.111.246/0001-90;2016-01-01;2;TECNOSOLO ENGENHARIA S.A. - EMPRESA FALIDA;011207;FCA;56261;2016-05-12;http://www.rad.cvm.gov.br/ENETCONSULTA/frmDownloadDocumento.aspx?CodigoInstituicao=1&NumeroSequencialDocumento=56261
33.113.309/0001-47;2016-01-01;1;VALID SOLUÇÕES S.A.;020028;FCA;54073;2016-03-15;http://www.rad.cvm.gov.br/ENETCONSULTA/frmDownloadDocumento.aspx?CodigoInstituicao=1&NumeroSequencialDocumento=54073
33.200.049/0001-47;2016-01-01;1;HOTEIS OTHON S.A. - EM RECUPERAÇÃO JUDICIAL;006700;FCA;52941;2016-01-19;http://www.rad.cvm.gov.br/ENETCONSULTA/frmDownloadDocumento.aspx?CodigoInstituicao=1&NumeroSequencialDocumento=52941
33.200.049/0001-47;2016-01-01;2;HOTEIS OTHON S.A. - EM RECUPERAÇÃO JUDICIAL;006700;FCA;55890;2016-05-10;http://www.rad.cvm.gov.br/ENETCONSULTA/frmDownloadDocumento.aspx?CodigoInstituicao=1&NumeroSequencialDocumento=55890
33.200.049/0001-47;2016-01-01;3;HOTEIS OTHON S.A. - EM RECUPERAÇÃO JUDICIAL;006700;FCA;59380;2016-08-25;http://www.rad.cvm.gov.br/ENETCONSULTA/frmDownloadDocumento.aspx?CodigoInstituicao=1&NumeroSequencialDocumento=59380
33.228.024/0001-51;2016-01-01;1;WLM PART. E COMÉRCIO DE MÁQUINAS E VEÍCULOS S.A.;011070;FCA;54604;2016-03-29;http://www.rad.cvm.gov.br/ENETCONSULTA/frmDownloadDocumento.aspx?CodigoInstituicao=1&NumeroSequencialDocumento=54604
33.228.024/0001-51;2016-01-01;2;WLM PART. E COMÉRCIO DE MÁQUINAS E VEÍCULOS S.A.;011070;FCA;57083;2016-05-31;http://www.rad.cvm.gov.br/ENETCONSULTA/frmDownloadDocumento.aspx?CodigoInstituicao=1&NumeroSequencialDocumento=57083
33.228.024/0001-51;2016-01-01;3;WLM PART. E COMÉRCIO DE MÁQUINAS E VEÍCULOS S.A.;011070;FCA;58309;2016-07-28;http://www.rad.cvm.gov.br/ENETCONSULTA/frmDownloadDocumento.aspx?CodigoInstituicao=1&NumeroSequencialDocumento=58309
33.256.439/0001-39;2016-01-01;1;ULTRAPAR PARTICIPACOES S.A.;018465;FCA;53431;2016-02-17;http://www.rad.cvm.gov.br/ENETCONSULTA/frmDownloadDocumento.aspx?CodigoInstituicao=1&NumeroSequencialDocumento=53431
33.256.439/0001-39;2016-01-01;2;ULTRAPAR PARTICIPACOES S.A.;018465;FCA;55245;2016-04-25;http://www.rad.cvm.gov.br/ENETCONSULTA/frmDownloadDocumento.aspx?CodigoInstituicao=1&NumeroSequencialDocumento=55245
33.256.439/0001-39;2016-01-01;3;ULTRAPAR PARTICIPACOES S.A.;018465;FCA;60511;2016-11-09;http://www.rad.cvm.gov.br/ENETCONSULTA/frmDownloadDocumento.aspx?CodigoInstituicao=1&NumeroSequencialDocumento=60511
33.352.394/0001-04;2016-01-01;1;CIA ESTADUAL DE ÁGUAS E ESGOTOS - CEDAE;016373;FCA;52770;2016-01-08;http://www.rad.cvm.gov.br/ENETCONSULTA/frmDownloadDocumento.aspx?CodigoInstituicao=1&NumeroSequencialDocumento=52770
33.352.394/0001-04;2016-01-01;2;CIA ESTADUAL DE ÁGUAS E ESGOTOS - CEDAE;016373;FCA;52772;2016-01-08;http://www.rad.cvm.gov.br/ENETCONSULTA/frmDownloadDocumento.aspx?CodigoInstituicao=1&NumeroSequencialDocumento=52772
33.352.394/0001-04;2016-01-01;3;CIA ESTADUAL DE ÁGUAS E ESGOTOS - CEDAE;016373;FCA;56051;2016-05-11;http://www.rad.cvm.gov.br/ENETCONSULTA/frmDownloadDocumento.aspx?CodigoInstituicao=1&NumeroSequencialDocumento=56051
33.352.394/0001-04;2016-01-01;4;CIA ESTADUAL DE ÁGUAS E ESGOTOS - CEDAE;016373;FCA;59472;2016-09-02;http://www.rad.cvm.gov.br/ENETCONSULTA/frmDownloadDocumento.aspx?CodigoInstituicao=1&NumeroSequencialDocumento=59472
33.386.210/0001-19;2016-01-01;1;SONDOTECNICA ENGENHARIA SOLOS S.A.;010880;FCA;54452;2016-03-24;http://www.rad.cvm.gov.br/ENETCONSULTA/frmDownloadDocumento.aspx?CodigoInstituicao=1&NumeroSequencialDocumento=54452
33.386.210/0001-19;2016-01-01;2;SONDOTECNICA ENGENHARIA SOLOS S.A.;010880;FCA;57081;2016-05-31;http://www.rad.cvm.gov.br/ENETCONSULTA/frmDownloadDocumento.aspx?CodigoInstituicao=1&NumeroSequencialDocumento=57081
33.412.081/0001-96;2016-01-01;1;REFINARIA DE PETROLEOS MANGUINHOS S.A.;009989;FCA;54290;2016-03-22;http://www.rad.cvm.gov.br/ENETCONSULTA/frmDownloadDocumento.aspx?CodigoInstituicao=1&NumeroSequencialDocumento=54290
33.412.081/0001-96;2016-01-01;2;REFINARIA DE PETROLEOS MANGUINHOS S.A.;009989;FCA;57323;2016-05-31;http://www.rad.cvm.gov.br/ENETCONSULTA/frmDownloadDocumento.aspx?CodigoInstituicao=1&NumeroSequencialDocumento=57323
33.412.081/0001-96;2016-01-01;3;REFINARIA DE PETROLEOS MANGUINHOS S.A.;009989;FCA;58191;2016-07-20;http://www.rad.cvm.gov.br/ENETCONSULTA/frmDownloadDocumento.aspx?CodigoInstituicao=1&NumeroSequencialDocumento=58191
33.412.081/0001-96;2016-01-01;4;REFINARIA DE PETROLEOS MANGUINHOS S.A.;009989;FCA;59260;2016-08-17;http://www.rad.cvm.gov.br/ENETCONSULTA/frmDownloadDocumento.aspx?CodigoInstituicao=1&NumeroSequencialDocumento=59260
33.467.572/0001-34;2016-01-01;1;TEKNO S.A. - INDUSTRIA E COMERCIO;011231;FCA;54549;2016-03-29;http://www.rad.cvm.gov.br/ENETCONSULTA/frmDownloadDocumento.aspx?CodigoInstituicao=1&NumeroSequencialDocumento=54549
33.541.368/0001-16;2016-01-01;1;CIA HIDRO ELÉTRICA DO SÃO FRANCISCO;003328;FCA;53939;2016-03-09;http://www.rad.cvm.gov.br/ENETCONSULTA/frmDownloadDocumento.aspx?CodigoInstituicao=1&NumeroSequencialDocumento=53939
33.541.368/0001-16;2016-01-01;2;CIA HIDRO ELÉTRICA DO SÃO FRANCISCO;003328;FCA;55546;2016-05-04;http://www.rad.cvm.gov.br/ENETCONSULTA/frmDownloadDocumento.aspx?CodigoInstituicao=1&NumeroSequencialDocumento=55546
33.592.510/0001-54;2016-01-01;1;VALE S.A.;004170;FCA;53581;2016-02-24;http://www.rad.cvm.gov.br/ENETCONSULTA/frmDownloadDocumento.aspx?CodigoInstituicao=1&NumeroSequencialDocumento=53581
33.592.510/0001-54;2016-01-01;2;VALE S.A.;004170;FCA;53583;2016-02-24;http://www.rad.cvm.gov.br/ENETCONSULTA/frmDownloadDocumento.aspx?CodigoInstituicao=1&NumeroSequencialDocumento=53583
33.592.510/0001-54;2016-01-01;3;VALE S.A.;004170;FCA;53831;2016-03-03;http://www.rad.cvm.gov.br/ENETCONSULTA/frmDownloadDocumento.aspx?CodigoInstituicao=1&NumeroSequencialDocumento=53831
33.592.510/0001-54;2016-01-01;4;VALE S.A.;004170;FCA;53983;2016-03-10;http://www.rad.cvm.gov.br/ENETCONSULTA/frmDownloadDocumento.aspx?CodigoInstituicao=1&NumeroSequencialDocumento=53983
33.592.510/0001-54;2016-01-01;5;VALE S.A.;004170;FCA;58358;2016-07-29;http://www.rad.cvm.gov.br/ENETCONSULTA/frmDownloadDocumento.aspx?CodigoInstituicao=1&NumeroSequencialDocumento=58358
33.611.500/0001-19;2016-01-01;1;GERDAU S.A.;003980;FCA;53629;2016-02-25;http://www.rad.cvm.gov.br/ENETCONSULTA/frmDownloadDocumento.aspx?CodigoInstituicao=1&NumeroSequencialDocumento=53629
33.937.681/0001-78;2016-01-01;1;LATAM AIRLINES GROUP S.A.;080128;FCA;54252;2016-03-21;http://www.rad.cvm.gov.br/ENETCONSULTA/frmDownloadDocumento.aspx?CodigoInstituicao=1&NumeroSequencialDocumento=54252
33.937.681/0001-78;2016-01-01;2;LATAM AIRLINES GROUP S.A.;080128;FCA;54564;2016-03-29;http://www.rad.cvm.gov.br/ENETCONSULTA/frmDownloadDocumento.aspx?CodigoInstituicao=1&NumeroSequencialDocumento=54564
33.938.119/0001-69;2016-01-01;1;CIA DISTRIB DE GAS DO RIO DE JANEIRO-CEG;016616;FCA;54483;2016-03-28;http://www.rad.cvm.gov.br/ENETCONSULTA/frmDownloadDocumento.aspx?CodigoInstituicao=1&NumeroSequencialDocumento=54483
33.958.695/0001-78;2016-01-01;1;UNIPAR CARBOCLORO S.A.;011592;FCA;53116;2016-01-29;http://www.rad.cvm.gov.br/ENETCONSULTA/frmDownloadDocumento.aspx?CodigoInstituicao=1&NumeroSequencialDocumento=53116
33.958.695/0001-78;2016-01-01;2;UNIPAR CARBOCLORO S.A.;011592;FCA;58069;2016-07-11;http://www.rad.cvm.gov.br/ENETCONSULTA/frmDownloadDocumento.aspx?CodigoInstituicao=1&NumeroSequencialDocumento=58069
34.169.557/0001-72;2016-01-01;1;BCO MERCANTIL DE INVESTIMENTOS S.A.;001309;FCA;53807;2016-03-03;http://www.rad.cvm.gov.br/ENETCONSULTA/frmDownloadDocumento.aspx?CodigoInstituicao=1&NumeroSequencialDocumento=53807
34.169.557/0001-72;2016-01-01;2;BCO MERCANTIL DE INVESTIMENTOS S.A.;001309;FCA;55420;2016-05-02;http://www.rad.cvm.gov.br/ENETCONSULTA/frmDownloadDocumento.aspx?CodigoInstituicao=1&NumeroSequencialDocumento=55420
34.169.557/0001-72;2016-01-01;3;BCO MERCANTIL DE INVESTIMENTOS S.A.;001309;FCA;57570;2016-06-06;http://www.rad.cvm.gov.br/ENETCONSULTA/frmDownloadDocumento.aspx?CodigoInstituicao=1&NumeroSequencialDocumento=57570
34.169.557/0001-72;2016-01-01;4;BCO MERCANTIL DE INVESTIMENTOS S.A.;001309;FCA;61160;2016-11-21;http://www.rad.cvm.gov.br/ENETCONSULTA/frmDownloadDocumento.aspx?CodigoInstituicao=1&NumeroSequencialDocumento=61160
34.265.561/0001-34;2016-01-01;1;BMG LEASING S.A. - ARREND. MERCANTIL;001724;FCA;53841;2016-03-04;http://www.rad.cvm.gov.br/ENETCONSULTA/frmDownloadDocumento.aspx?CodigoInstituicao=1&NumeroSequencialDocumento=53841
34.265.561/0001-34;2016-01-01;2;BMG LEASING S.A. - ARREND. MERCANTIL;001724;FCA;57099;2016-05-31;http://www.rad.cvm.gov.br/ENETCONSULTA/frmDownloadDocumento.aspx?CodigoInstituicao=1&NumeroSequencialDocumento=57099
34.265.561/0001-34;2016-01-01;3;BMG LEASING S.A. - ARREND. MERCANTIL;001724;FCA;58123;2016-07-15;http://www.rad.cvm.gov.br/ENETCONSULTA/frmDownloadDocumento.aspx?CodigoInstituicao=1&NumeroSequencialDocumento=58123
35.791.391/0001-94;2016-01-01;1;QUALITY SOFTWARE S.A.;023302;FCA;54142;2016-03-17;http://www.rad.cvm.gov.br/ENETCONSULTA/frmDownloadDocumento.aspx?CodigoInstituicao=1&NumeroSequencialDocumento=54142
35.791.391/0001-94;2016-01-01;2;QUALITY SOFTWARE S.A.;023302;FCA;55782;2016-05-09;http://www.rad.cvm.gov.br/ENETCONSULTA/frmDownloadDocumento.aspx?CodigoInstituicao=1&NumeroSequencialDocumento=55782
35.791.391/0001-94;2016-01-01;3;QUALITY SOFTWARE S.A.;023302;FCA;59578;2016-09-12;http://www.rad.cvm.gov.br/ENETCONSULTA/frmDownloadDocumento.aspx?CodigoInstituicao=1&NumeroSequencialDocumento=59578
36.542.025/0001-64;2016-01-01;1;BRQ SOLUCOES EM INFORMATICA S.A.;023817;FCA;52840;2016-01-12;http://www.rad.cvm.gov.br/ENETCONSULTA/frmDownloadDocumento.aspx?CodigoInstituicao=1&NumeroSequencialDocumento=52840
36.542.025/0001-64;2016-01-01;2;BRQ SOLUCOES EM INFORMATICA S.A.;023817;FCA;52887;2016-01-13;http://www.rad.cvm.gov.br/ENETCONSULTA/frmDownloadDocumento.aspx?CodigoInstituicao=1&NumeroSequencialDocumento=52887
36.542.025/0001-64;2016-01-01;3;BRQ SOLUCOES EM INFORMATICA S.A.;023817;FCA;53128;2016-02-01;http://www.rad.cvm.gov.br/ENETCONSULTA/frmDownloadDocumento.aspx?CodigoInstituicao=1&NumeroSequencialDocumento=53128
36.542.025/0001-64;2016-01-01;4;BRQ SOLUCOES EM INFORMATICA S.A.;023817;FCA;54647;2016-03-29;http://www.rad.cvm.gov.br/ENETCONSULTA/frmDownloadDocumento.aspx?CodigoInstituicao=1&NumeroSequencialDocumento=54647
36.542.025/0001-64;2016-01-01;5;BRQ SOLUCOES EM INFORMATICA S.A.;023817;FCA;57169;2016-05-31;http://www.rad.cvm.gov.br/ENETCONSULTA/frmDownloadDocumento.aspx?CodigoInstituicao=1&NumeroSequencialDocumento=57169
39.115.514/0001-28;2016-01-01;1;RUMO MALHA OESTE S.A.;017850;FCA;54423;2016-03-24;http://www.rad.cvm.gov.br/ENETCONSULTA/frmDownloadDocumento.aspx?CodigoInstituicao=1&NumeroSequencialDocumento=54423
39.115.514/0001-28;2016-01-01;2;RUMO MALHA OESTE S.A.;017850;FCA;57725;2016-06-16;http://www.rad.cvm.gov.br/ENETCONSULTA/frmDownloadDocumento.aspx?CodigoInstituicao=1&NumeroSequencialDocumento=57725
42.150.391/0001-70;2016-01-01;1;BRASKEM S.A.;004820;FCA;53355;2016-02-12;http://www.rad.cvm.gov.br/ENETCONSULTA/frmDownloadDocumento.aspx?CodigoInstituicao=1&NumeroSequencialDocumento=53355
42.150.391/0001-70;2016-01-01;2;BRASKEM S.A.;004820;FCA;54943;2016-04-01;http://www.rad.cvm.gov.br/ENETCONSULTA/frmDownloadDocumento.aspx?CodigoInstituicao=1&NumeroSequencialDocumento=54943
42.278.291/0001-24;2016-01-01;1;LOG-IN LOGISTICA INTERMODAL S.A.;020710;FCA;53524;2016-02-22;http://www.rad.cvm.gov.br/ENETCONSULTA/frmDownloadDocumento.aspx?CodigoInstituicao=1&NumeroSequencialDocumento=53524
42.278.291/0001-24;2016-01-01;2;LOG-IN LOGISTICA INTERMODAL S.A.;020710;FCA;56674;2016-05-18;http://www.rad.cvm.gov.br/ENETCONSULTA/frmDownloadDocumento.aspx?CodigoInstituicao=1&NumeroSequencialDocumento=56674
42.278.291/0001-24;2016-01-01;3;LOG-IN LOGISTICA INTERMODAL S.A.;020710;FCA;61413;2016-12-08;http://www.rad.cvm.gov.br/ENETCONSULTA/frmDownloadDocumento.aspx?CodigoInstituicao=1&NumeroSequencialDocumento=61413
42.278.473/0001-03;2016-01-01;1;WIZ CO PARTICIPAÇÕES E CORRETAGEM DE SEGUROS S.A.;023590;FCA;53804;2016-03-02;http://www.rad.cvm.gov.br/ENETCONSULTA/frmDownloadDocumento.aspx?CodigoInstituicao=1&NumeroSequencialDocumento=53804
42.278.473/0001-03;2016-01-01;2;WIZ CO PARTICIPAÇÕES E CORRETAGEM DE SEGUROS S.A.;023590;FCA;59630;2016-09-13;http://www.rad.cvm.gov.br/ENETCONSULTA/frmDownloadDocumento.aspx?CodigoInstituicao=1&NumeroSequencialDocumento=59630
42.331.462/0001-31;2016-01-01;1;EMBPAR PARTICIPAÇÕES S/A;015458;FCA;53238;2016-02-05;http://www.rad.cvm.gov.br/ENETCONSULTA/frmDownloadDocumento.aspx?CodigoInstituicao=1&NumeroSequencialDocumento=53238
42.331.462/0001-31;2016-01-01;2;EMBPAR PARTICIPAÇÕES S/A;015458;FCA;56119;2016-05-12;http://www.rad.cvm.gov.br/ENETCONSULTA/frmDownloadDocumento.aspx?CodigoInstituicao=1&NumeroSequencialDocumento=56119
42.771.949/0001-35;2016-01-01;1;ALLIANÇA SAÚDE E PARTICIPAÇÕES S.A.;024058;FCA;60215;2016-10-27;http://www.rad.cvm.gov.br/ENETCONSULTA/frmDownloadDocumento.aspx?CodigoInstituicao=1&NumeroSequencialDocumento=60215
42.771.949/0001-35;2016-01-01;2;ALLIANÇA SAÚDE E PARTICIPAÇÕES S.A.;024058;FCA;60477;2016-11-09;http://www.rad.cvm.gov.br/ENETCONSULTA/frmDownloadDocumento.aspx?CodigoInstituicao=1&NumeroSequencialDocumento=60477
43.185.362/0001-07;2016-01-01;1;IGB ELETRONICA S.A - EM RECUPERACAO JUDICIAL;006815;FCA;56732;2016-05-19;http://www.rad.cvm.gov.br/ENETCONSULTA/frmDownloadDocumento.aspx?CodigoInstituicao=1&NumeroSequencialDocumento=56732
43.470.988/0001-65;2016-01-01;1;EVEN CONSTRUTORA E INCORPORADORA S.A.;020524;FCA;52653;2016-01-04;http://www.rad.cvm.gov.br/ENETCONSULTA/frmDownloadDocumento.aspx?CodigoInstituicao=1&NumeroSequencialDocumento=52653
43.776.517/0001-80;2016-01-01;1;CIA SANEAMENTO BASICO EST SAO PAULO;014443;FCA;53276;2016-02-05;http://www.rad.cvm.gov.br/ENETCONSULTA/frmDownloadDocumento.aspx?CodigoInstituicao=1&NumeroSequencialDocumento=53276
43.776.517/0001-80;2016-01-01;2;CIA SANEAMENTO BASICO EST SAO PAULO;014443;FCA;57864;2016-06-27;http://www.rad.cvm.gov.br/ENETCONSULTA/frmDownloadDocumento.aspx?CodigoInstituicao=1&NumeroSequencialDocumento=57864
43.776.517/0001-80;2016-01-01;3;CIA SANEAMENTO BASICO EST SAO PAULO;014443;FCA;61350;2016-12-01;http://www.rad.cvm.gov.br/ENETCONSULTA/frmDownloadDocumento.aspx?CodigoInstituicao=1&NumeroSequencialDocumento=61350
45.453.214/0001-51;2016-01-01;1;PROFARMA DISTRIB PROD FARMACEUTICOS S.A.;020346;FCA;53246;2016-02-05;http://www.rad.cvm.gov.br/ENETCONSULTA/frmDownloadDocumento.aspx?CodigoInstituicao=1&NumeroSequencialDocumento=53246
45.453.214/0001-51;2016-01-01;2;PROFARMA DISTRIB PROD FARMACEUTICOS S.A.;020346;FCA;53314;2016-02-11;http://www.rad.cvm.gov.br/ENETCONSULTA/frmDownloadDocumento.aspx?CodigoInstituicao=1&NumeroSequencialDocumento=53314
45.453.214/0001-51;2016-01-01;3;PROFARMA DISTRIB PROD FARMACEUTICOS S.A.;020346;FCA;57821;2016-06-23;http://www.rad.cvm.gov.br/ENETCONSULTA/frmDownloadDocumento.aspx?CodigoInstituicao=1&NumeroSequencialDocumento=57821
45.987.245/0001-92;2016-01-01;1;BAHEMA EDUCAÇÃO S.A.;000701;FCA;54267;2016-03-22;http://www.rad.cvm.gov.br/ENETCONSULTA/frmDownloadDocumento.aspx?CodigoInstituicao=1&NumeroSequencialDocumento=54267
45.987.245/0001-92;2016-01-01;2;BAHEMA EDUCAÇÃO S.A.;000701;FCA;56129;2016-05-12;http://www.rad.cvm.gov.br/ENETCONSULTA/frmDownloadDocumento.aspx?CodigoInstituicao=1&NumeroSequencialDocumento=56129
45.987.245/0001-92;2016-01-01;3;BAHEMA EDUCAÇÃO S.A.;000701;FCA;57837;2016-06-24;http://www.rad.cvm.gov.br/ENETCONSULTA/frmDownloadDocumento.aspx?CodigoInstituicao=1&NumeroSequencialDocumento=57837
45.987.245/0001-92;2016-01-01;4;BAHEMA EDUCAÇÃO S.A.;000701;FCA;58648;2016-08-10;http://www.rad.cvm.gov.br/ENETCONSULTA/frmDownloadDocumento.aspx?CodigoInstituicao=1&NumeroSequencialDocumento=58648
45.987.245/0001-92;2016-01-01;5;BAHEMA EDUCAÇÃO S.A.;000701;FCA;59775;2016-09-27;http://www.rad.cvm.gov.br/ENETCONSULTA/frmDownloadDocumento.aspx?CodigoInstituicao=1&NumeroSequencialDocumento=59775
46.014.635/0001-49;2016-01-01;1;CONSTRUTORA LIX DA CUNHA S.A.;004774;FCA;54842;2016-03-31;http://www.rad.cvm.gov.br/ENETCONSULTA/frmDownloadDocumento.aspx?CodigoInstituicao=1&NumeroSequencialDocumento=54842
46.014.635/0001-49;2016-01-01;2;CONSTRUTORA LIX DA CUNHA S.A.;004774;FCA;59906;2016-10-04;http://www.rad.cvm.gov.br/ENETCONSULTA/frmDownloadDocumento.aspx?CodigoInstituicao=1&NumeroSequencialDocumento=59906
46.119.855/0001-37;2016-01-01;1;SOCIEDADE ABASTECIMENTO DE ÁGUA E SANEAMENTO S.A - SANASA;016241;FCA;54671;2016-03-30;http://www.rad.cvm.gov.br/ENETCONSULTA/frmDownloadDocumento.aspx?CodigoInstituicao=1&NumeroSequencialDocumento=54671
46.119.855/0001-37;2016-01-01;2;SOCIEDADE ABASTECIMENTO DE ÁGUA E SANEAMENTO S.A - SANASA;016241;FCA;55749;2016-05-06;http://www.rad.cvm.gov.br/ENETCONSULTA/frmDownloadDocumento.aspx?CodigoInstituicao=1&NumeroSequencialDocumento=55749
47.193.149/0001-06;2016-01-01;1;SANTANDER LEASING S.A. ARRENDAMENTO MERCANTIL;020559;FCA;53273;2016-02-05;http://www.rad.cvm.gov.br/ENETCONSULTA/frmDownloadDocumento.aspx?CodigoInstituicao=1&NumeroSequencialDocumento=53273
47.193.149/0001-06;2016-01-01;2;SANTANDER LEASING S.A. ARRENDAMENTO MERCANTIL;020559;FCA;54350;2016-03-23;http://www.rad.cvm.gov.br/ENETCONSULTA/frmDownloadDocumento.aspx?CodigoInstituicao=1&NumeroSequencialDocumento=54350
47.193.149/0001-06;2016-01-01;3;SANTANDER LEASING S.A. ARRENDAMENTO MERCANTIL;020559;FCA;54351;2016-03-23;http://www.rad.cvm.gov.br/ENETCONSULTA/frmDownloadDocumento.aspx?CodigoInstituicao=1&NumeroSequencialDocumento=54351
47.193.149/0001-06;2016-01-01;4;SANTANDER LEASING S.A. ARRENDAMENTO MERCANTIL;020559;FCA;59782;2016-09-28;http://www.rad.cvm.gov.br/ENETCONSULTA/frmDownloadDocumento.aspx?CodigoInstituicao=1&NumeroSequencialDocumento=59782
47.508.411/0001-56;2016-01-01;1;CIA BRASILEIRA DE DISTRIBUICAO;014826;FCA;52678;2016-01-04;http://www.rad.cvm.gov.br/ENETCONSULTA/frmDownloadDocumento.aspx?CodigoInstituicao=1&NumeroSequencialDocumento=52678
47.508.411/0001-56;2016-01-01;2;CIA BRASILEIRA DE DISTRIBUICAO;014826;FCA;54275;2016-03-22;http://www.rad.cvm.gov.br/ENETCONSULTA/frmDownloadDocumento.aspx?CodigoInstituicao=1&NumeroSequencialDocumento=54275
47.508.411/0001-56;2016-01-01;3;CIA BRASILEIRA DE DISTRIBUICAO;014826;FCA;56630;2016-05-17;http://www.rad.cvm.gov.br/ENETCONSULTA/frmDownloadDocumento.aspx?CodigoInstituicao=1&NumeroSequencialDocumento=56630
47.508.411/0001-56;2016-01-01;4;CIA BRASILEIRA DE DISTRIBUICAO;014826;FCA;59678;2016-09-16;http://www.rad.cvm.gov.br/ENETCONSULTA/frmDownloadDocumento.aspx?CodigoInstituicao=1&NumeroSequencialDocumento=59678
47.508.411/0001-56;2016-01-01;5;CIA BRASILEIRA DE DISTRIBUICAO;014826;FCA;60233;2016-10-28;http://www.rad.cvm.gov.br/ENETCONSULTA/frmDownloadDocumento.aspx?CodigoInstituicao=1&NumeroSequencialDocumento=60233
47.509.120/0001-82;2016-01-01;1;BRADESCO LEASING S.A. ARREND MERCANTIL;019640;FCA;53366;2016-02-15;http://www.rad.cvm.gov.br/ENETCONSULTA/frmDownloadDocumento.aspx?CodigoInstituicao=1&NumeroSequencialDocumento=53366
47.509.120/0001-82;2016-01-01;2;BRADESCO LEASING S.A. ARREND MERCANTIL;019640;FCA;56744;2016-05-20;http://www.rad.cvm.gov.br/ENETCONSULTA/frmDownloadDocumento.aspx?CodigoInstituicao=1&NumeroSequencialDocumento=56744
47.509.120/0001-82;2016-01-01;3;BRADESCO LEASING S.A. ARREND MERCANTIL;019640;FCA;59487;2016-09-02;http://www.rad.cvm.gov.br/ENETCONSULTA/frmDownloadDocumento.aspx?CodigoInstituicao=1&NumeroSequencialDocumento=59487
47.509.120/0001-82;2016-01-01;4;BRADESCO LEASING S.A. ARREND MERCANTIL;019640;FCA;61496;2016-12-15;http://www.rad.cvm.gov.br/ENETCONSULTA/frmDownloadDocumento.aspx?CodigoInstituicao=1&NumeroSequencialDocumento=61496
47.960.950/0001-21;2016-01-01;1;MAGAZINE LUIZA S.A.;022470;FCA;52862;2016-01-13;http://www.rad.cvm.gov.br/ENETCONSULTA/frmDownloadDocumento.aspx?CodigoInstituicao=1&NumeroSequencialDocumento=52862
47.960.950/0001-21;2016-01-01;2;MAGAZINE LUIZA S.A.;022470;FCA;57225;2016-05-31;http://www.rad.cvm.gov.br/ENETCONSULTA/frmDownloadDocumento.aspx?CodigoInstituicao=1&NumeroSequencialDocumento=57225
49.263.189/0001-02;2016-01-01;1;HELBOR EMPREENDIMENTOS S.A.;020877;FCA;53771;2016-03-02;http://www.rad.cvm.gov.br/ENETCONSULTA/frmDownloadDocumento.aspx?CodigoInstituicao=1&NumeroSequencialDocumento=53771
49.263.189/0001-02;2016-01-01;2;HELBOR EMPREENDIMENTOS S.A.;020877;FCA;55486;2016-05-03;http://www.rad.cvm.gov.br/ENETCONSULTA/frmDownloadDocumento.aspx?CodigoInstituicao=1&NumeroSequencialDocumento=55486
49.263.189/0001-02;2016-01-01;3;HELBOR EMPREENDIMENTOS S.A.;020877;FCA;61265;2016-11-25;http://www.rad.cvm.gov.br/ENETCONSULTA/frmDownloadDocumento.aspx?CodigoInstituicao=1&NumeroSequencialDocumento=61265
49.669.856/0001-43;2016-01-01;1;VESTE S.A. ESTILO;021440;FCA;53006;2016-01-21;http://www.rad.cvm.gov.br/ENETCONSULTA/frmDownloadDocumento.aspx?CodigoInstituicao=1&NumeroSequencialDocumento=53006
49.669.856/0001-43;2016-01-01;2;VESTE S.A. ESTILO;021440;FCA;54132;2016-03-16;http://www.rad.cvm.gov.br/ENETCONSULTA/frmDownloadDocumento.aspx?CodigoInstituicao=1&NumeroSequencialDocumento=54132
50.564.053/0001-03;2016-01-01;1;BOMBRIL S.A.;012190;FCA;52761;2016-01-07;http://www.rad.cvm.gov.br/ENETCONSULTA/frmDownloadDocumento.aspx?CodigoInstituicao=1&NumeroSequencialDocumento=52761
50.564.053/0001-03;2016-01-01;2;BOMBRIL S.A.;012190;FCA;55557;2016-05-04;http://www.rad.cvm.gov.br/ENETCONSULTA/frmDownloadDocumento.aspx?CodigoInstituicao=1&NumeroSequencialDocumento=55557
50.746.577/0001-15;2016-01-01;1;COSAN S.A.;019836;FCA;53417;2016-02-17;http://www.rad.cvm.gov.br/ENETCONSULTA/frmDownloadDocumento.aspx?CodigoInstituicao=1&NumeroSequencialDocumento=53417
50.746.577/0001-15;2016-01-01;2;COSAN S.A.;019836;FCA;53465;2016-02-18;http://www.rad.cvm.gov.br/ENETCONSULTA/frmDownloadDocumento.aspx?CodigoInstituicao=1&NumeroSequencialDocumento=53465
50.746.577/0001-15;2016-01-01;3;COSAN S.A.;019836;FCA;55348;2016-04-28;http://www.rad.cvm.gov.br/ENETCONSULTA/frmDownloadDocumento.aspx?CodigoInstituicao=1&NumeroSequencialDocumento=55348
50.746.577/0001-15;2016-01-01;4;COSAN S.A.;019836;FCA;55417;2016-05-02;http://www.rad.cvm.gov.br/ENETCONSULTA/frmDownloadDocumento.aspx?CodigoInstituicao=1&NumeroSequencialDocumento=55417
50.746.577/0001-15;2016-01-01;5;COSAN S.A.;019836;FCA;58086;2016-07-12;http://www.rad.cvm.gov.br/ENETCONSULTA/frmDownloadDocumento.aspx?CodigoInstituicao=1&NumeroSequencialDocumento=58086
50.926.955/0001-42;2016-01-01;1;VULCABRAS S.A.;011762;FCA;53995;2016-03-10;http://www.rad.cvm.gov.br/ENETCONSULTA/frmDownloadDocumento.aspx?CodigoInstituicao=1&NumeroSequencialDocumento=53995
50.926.955/0001-42;2016-01-01;2;VULCABRAS S.A.;011762;FCA;60604;2016-11-10;http://www.rad.cvm.gov.br/ENETCONSULTA/frmDownloadDocumento.aspx?CodigoInstituicao=1&NumeroSequencialDocumento=60604
51.128.999/0001-90;2016-01-01;1;NUTRIPLANT INDUSTRIA E COMERCIO S.A.;021334;FCA;53284;2016-02-08;http://www.rad.cvm.gov.br/ENETCONSULTA/frmDownloadDocumento.aspx?CodigoInstituicao=1&NumeroSequencialDocumento=53284
51.128.999/0001-90;2016-01-01;2;NUTRIPLANT INDUSTRIA E COMERCIO S.A.;021334;FCA;54417;2016-03-24;http://www.rad.cvm.gov.br/ENETCONSULTA/frmDownloadDocumento.aspx?CodigoInstituicao=1&NumeroSequencialDocumento=54417
51.128.999/0001-90;2016-01-01;3;NUTRIPLANT INDUSTRIA E COMERCIO S.A.;021334;FCA;56417;2016-05-13;http://www.rad.cvm.gov.br/ENETCONSULTA/frmDownloadDocumento.aspx?CodigoInstituicao=1&NumeroSequencialDocumento=56417
51.218.147/0001-93;2016-01-01;1;IGUATEMI EMPRESA DE SHOPPING CENTERS S.A;020494;FCA;52810;2016-01-11;http://www.rad.cvm.gov.br/ENETCONSULTA/frmDownloadDocumento.aspx?CodigoInstituicao=1&NumeroSequencialDocumento=52810
51.218.147/0001-93;2016-01-01;2;IGUATEMI EMPRESA DE SHOPPING CENTERS S.A;020494;FCA;55533;2016-05-04;http://www.rad.cvm.gov.br/ENETCONSULTA/frmDownloadDocumento.aspx?CodigoInstituicao=1&NumeroSequencialDocumento=55533
51.466.860/0001-56;2016-01-01;1;SAO MARTINHO S.A.;020516;FCA;52885;2016-01-13;http://www.rad.cvm.gov.br/ENETCONSULTA/frmDownloadDocumento.aspx?CodigoInstituicao=1&NumeroSequencialDocumento=52885
51.928.174/0001-50;2016-01-01;1;PLASCAR PARTICIPACOES INDUSTRIAIS S.A.;013471;FCA;53163;2016-02-02;http://www.rad.cvm.gov.br/ENETCONSULTA/frmDownloadDocumento.aspx?CodigoInstituicao=1&NumeroSequencialDocumento=53163
52.548.435/0001-79;2016-01-01;1;JSL S.A.;022020;FCA;53396;2016-02-16;http://www.rad.cvm.gov.br/ENETCONSULTA/frmDownloadDocumento.aspx?CodigoInstituicao=1&NumeroSequencialDocumento=53396
52.548.435/0001-79;2016-01-01;2;JSL S.A.;022020;FCA;56145;2016-05-12;http://www.rad.cvm.gov.br/ENETCONSULTA/frmDownloadDocumento.aspx?CodigoInstituicao=1&NumeroSequencialDocumento=56145
53.113.791/0001-22;2016-01-01;1;TOTVS S.A.;019992;FCA;52863;2016-01-13;http://www.rad.cvm.gov.br/ENETCONSULTA/frmDownloadDocumento.aspx?CodigoInstituicao=1&NumeroSequencialDocumento=52863
53.113.791/0001-22;2016-01-01;2;TOTVS S.A.;019992;FCA;61638;2016-12-28;http://www.rad.cvm.gov.br/ENETCONSULTA/frmDownloadDocumento.aspx?CodigoInstituicao=1&NumeroSequencialDocumento=61638
53.790.218/0001-53;2016-01-01;1;JPSP INVESTIMENTOS E PARTICIPAÇÕES S/A;012262;FCA;53295;2016-02-10;http://www.rad.cvm.gov.br/ENETCONSULTA/frmDownloadDocumento.aspx?CodigoInstituicao=1&NumeroSequencialDocumento=53295
53.790.218/0001-53;2016-01-01;2;JPSP INVESTIMENTOS E PARTICIPAÇÕES S/A;012262;FCA;53825;2016-03-03;http://www.rad.cvm.gov.br/ENETCONSULTA/frmDownloadDocumento.aspx?CodigoInstituicao=1&NumeroSequencialDocumento=53825
53.790.218/0001-53;2016-01-01;3;JPSP INVESTIMENTOS E PARTICIPAÇÕES S/A;012262;FCA;55735;2016-05-06;http://www.rad.cvm.gov.br/ENETCONSULTA/frmDownloadDocumento.aspx?CodigoInstituicao=1&NumeroSequencialDocumento=55735
54.526.082/0001-31;2016-01-01;1;ITAUTEC S.A. - GRUPO ITAUTEC;012530;FCA;53168;2016-02-02;http://www.rad.cvm.gov.br/ENETCONSULTA/frmDownloadDocumento.aspx?CodigoInstituicao=1&NumeroSequencialDocumento=53168
54.526.082/0001-31;2016-01-01;2;ITAUTEC S.A. - GRUPO ITAUTEC;012530;FCA;55027;2016-04-07;http://www.rad.cvm.gov.br/ENETCONSULTA/frmDownloadDocumento.aspx?CodigoInstituicao=1&NumeroSequencialDocumento=55027
56.444.250/0001-75;2016-01-01;1;HAUSCENTER SA;014850;FCA;54488;2016-03-28;http://www.rad.cvm.gov.br/ENETCONSULTA/frmDownloadDocumento.aspx?CodigoInstituicao=1&NumeroSequencialDocumento=54488
56.444.250/0001-75;2016-01-01;2;HAUSCENTER SA;014850;FCA;56602;2016-05-16;http://www.rad.cvm.gov.br/ENETCONSULTA/frmDownloadDocumento.aspx?CodigoInstituicao=1&NumeroSequencialDocumento=56602
56.444.250/0001-75;2016-01-01;3;HAUSCENTER SA;014850;FCA;58138;2016-07-18;http://www.rad.cvm.gov.br/ENETCONSULTA/frmDownloadDocumento.aspx?CodigoInstituicao=1&NumeroSequencialDocumento=58138
56.643.018/0001-66;2016-01-01;1;EUCATEX S.A. INDUSTRIA E COMERCIO;005770;FCA;53753;2016-03-01;http://www.rad.cvm.gov.br/ENETCONSULTA/frmDownloadDocumento.aspx?CodigoInstituicao=1&NumeroSequencialDocumento=53753
56.643.018/0001-66;2016-01-01;2;EUCATEX S.A. INDUSTRIA E COMERCIO;005770;FCA;55253;2016-04-26;http://www.rad.cvm.gov.br/ENETCONSULTA/frmDownloadDocumento.aspx?CodigoInstituicao=1&NumeroSequencialDocumento=55253
56.643.018/0001-66;2016-01-01;3;EUCATEX S.A. INDUSTRIA E COMERCIO;005770;FCA;55487;2016-05-03;http://www.rad.cvm.gov.br/ENETCONSULTA/frmDownloadDocumento.aspx?CodigoInstituicao=1&NumeroSequencialDocumento=55487
56.720.428/0001-63;2016-01-01;1;ROMI S.A.;007510;FCA;53390;2016-02-16;http://www.rad.cvm.gov.br/ENETCONSULTA/frmDownloadDocumento.aspx?CodigoInstituicao=1&NumeroSequencialDocumento=53390
56.992.423/0001-90;2016-01-01;1;BICICLETAS MONARK S.A.;001694;FCA;54023;2016-03-11;http://www.rad.cvm.gov.br/ENETCONSULTA/frmDownloadDocumento.aspx?CodigoInstituicao=1&NumeroSequencialDocumento=54023
56.992.423/0001-90;2016-01-01;2;BICICLETAS MONARK S.A.;001694;FCA;56033;2016-05-11;http://www.rad.cvm.gov.br/ENETCONSULTA/frmDownloadDocumento.aspx?CodigoInstituicao=1&NumeroSequencialDocumento=56033
58.119.199/0001-51;2016-01-01;1;ODONTOPREV S.A.;020125;FCA;52931;2016-01-18;http://www.rad.cvm.gov.br/ENETCONSULTA/frmDownloadDocumento.aspx?CodigoInstituicao=1&NumeroSequencialDocumento=52931
58.119.199/0001-51;2016-01-01;2;ODONTOPREV S.A.;020125;FCA;57514;2016-06-01;http://www.rad.cvm.gov.br/ENETCONSULTA/frmDownloadDocumento.aspx?CodigoInstituicao=1&NumeroSequencialDocumento=57514
59.105.999/0001-86;2016-01-01;1;WHIRLPOOL S.A.;014346;FCA;53445;2016-02-18;http://www.rad.cvm.gov.br/ENETCONSULTA/frmDownloadDocumento.aspx?CodigoInstituicao=1&NumeroSequencialDocumento=53445
59.105.999/0001-86;2016-01-01;2;WHIRLPOOL S.A.;014346;FCA;59549;2016-09-08;http://www.rad.cvm.gov.br/ENETCONSULTA/frmDownloadDocumento.aspx?CodigoInstituicao=1&NumeroSequencialDocumento=59549
59.285.411/0001-13;2016-01-01;1;BCO PAN S.A.;021199;FCA;52743;2016-01-07;http://www.rad.cvm.gov.br/ENETCONSULTA/frmDownloadDocumento.aspx?CodigoInstituicao=1&NumeroSequencialDocumento=52743
59.285.411/0001-13;2016-01-01;2;BCO PAN S.A.;021199;FCA;55053;2016-04-08;http://www.rad.cvm.gov.br/ENETCONSULTA/frmDownloadDocumento.aspx?CodigoInstituicao=1&NumeroSequencialDocumento=55053
59.285.411/0001-13;2016-01-01;3;BCO PAN S.A.;021199;FCA;58092;2016-07-13;http://www.rad.cvm.gov.br/ENETCONSULTA/frmDownloadDocumento.aspx?CodigoInstituicao=1&NumeroSequencialDocumento=58092
59.285.411/0001-13;2016-01-01;4;BCO PAN S.A.;021199;FCA;61380;2016-12-06;http://www.rad.cvm.gov.br/ENETCONSULTA/frmDownloadDocumento.aspx?CodigoInstituicao=1&NumeroSequencialDocumento=61380
59.789.545/0001-71;2016-01-01;1;POLPAR S.A.;013447;FCA;54461;2016-03-24;http://www.rad.cvm.gov.br/ENETCONSULTA/frmDownloadDocumento.aspx?CodigoInstituicao=1&NumeroSequencialDocumento=54461
59.789.545/0001-71;2016-01-01;2;POLPAR S.A.;013447;FCA;57212;2016-05-31;http://www.rad.cvm.gov.br/ENETCONSULTA/frmDownloadDocumento.aspx?CodigoInstituicao=1&NumeroSequencialDocumento=57212
60.398.369/0004-79;2016-01-01;1;PARANAPANEMA S.A. - EM RECUPERAÇÃO JUDICIAL;009393;FCA;53322;2016-02-11;http://www.rad.cvm.gov.br/ENETCONSULTA/frmDownloadDocumento.aspx?CodigoInstituicao=1&NumeroSequencialDocumento=53322
60.398.369/0004-79;2016-01-01;2;PARANAPANEMA S.A. - EM RECUPERAÇÃO JUDICIAL;009393;FCA;57971;2016-07-05;http://www.rad.cvm.gov.br/ENETCONSULTA/frmDownloadDocumento.aspx?CodigoInstituicao=1&NumeroSequencialDocumento=57971
60.398.369/0004-79;2016-01-01;3;PARANAPANEMA S.A. - EM RECUPERAÇÃO JUDICIAL;009393;FCA;59692;2016-09-19;http://www.rad.cvm.gov.br/ENETCONSULTA/frmDownloadDocumento.aspx?CodigoInstituicao=1&NumeroSequencialDocumento=59692
60.398.369/0004-79;2016-01-01;4;PARANAPANEMA S.A. - EM RECUPERAÇÃO JUDICIAL;009393;FCA;60039;2016-10-13;http://www.rad.cvm.gov.br/ENETCONSULTA/frmDownloadDocumento.aspx?CodigoInstituicao=1&NumeroSequencialDocumento=60039
60.444.437/0001-46;2016-01-01;1;LIGHT SERVICOS DE ELETRICIDADE S.A.;008036;FCA;53033;2016-01-22;http://www.rad.cvm.gov.br/ENETCONSULTA/frmDownloadDocumento.aspx?CodigoInstituicao=1&NumeroSequencialDocumento=53033
60.444.437/0001-46;2016-01-01;2;LIGHT SERVICOS DE ELETRICIDADE S.A.;008036;FCA;54085;2016-03-15;http://www.rad.cvm.gov.br/ENETCONSULTA/frmDownloadDocumento.aspx?CodigoInstituicao=1&NumeroSequencialDocumento=54085
60.476.884/0001-87;2016-01-01;1;MAHLE-METAL LEVE S.A.;008575;FCA;52935;2016-01-18;http://www.rad.cvm.gov.br/ENETCONSULTA/frmDownloadDocumento.aspx?CodigoInstituicao=1&NumeroSequencialDocumento=52935
60.476.884/0001-87;2016-01-01;2;MAHLE-METAL LEVE S.A.;008575;FCA;54196;2016-03-18;http://www.rad.cvm.gov.br/ENETCONSULTA/frmDownloadDocumento.aspx?CodigoInstituicao=1&NumeroSequencialDocumento=54196
60.476.884/0001-87;2016-01-01;3;MAHLE-METAL LEVE S.A.;008575;FCA;59780;2016-09-28;http://www.rad.cvm.gov.br/ENETCONSULTA/frmDownloadDocumento.aspx?CodigoInstituicao=1&NumeroSequencialDocumento=59780
60.500.139/0001-26;2016-01-01;1;SARAIVA LIVREIROS S.A. - EM RECUPERAÇÃO JUDICIAL;010472;FCA;52755;2016-01-07;http://www.rad.cvm.gov.br/ENETCONSULTA/frmDownloadDocumento.aspx?CodigoInstituicao=1&NumeroSequencialDocumento=52755
60.500.139/0001-26;2016-01-01;2;SARAIVA LIVREIROS S.A. - EM RECUPERAÇÃO JUDICIAL;010472;FCA;59269;2016-08-17;http://www.rad.cvm.gov.br/ENETCONSULTA/frmDownloadDocumento.aspx?CodigoInstituicao=1&NumeroSequencialDocumento=59269
60.543.816/0001-93;2016-01-01;1;IGUATEMI S.A.;008672;FCA;53297;2016-02-10;http://www.rad.cvm.gov.br/ENETCONSULTA/frmDownloadDocumento.aspx?CodigoInstituicao=1&NumeroSequencialDocumento=53297
60.543.816/0001-93;2016-01-01;2;IGUATEMI S.A.;008672;FCA;55740;2016-05-06;http://www.rad.cvm.gov.br/ENETCONSULTA/frmDownloadDocumento.aspx?CodigoInstituicao=1&NumeroSequencialDocumento=55740
60.637.238/0001-54;2016-01-01;1;BLUE TECH SOLUTIONS EQI S.A.;012319;FCA;55597;2016-05-05;http://www.rad.cvm.gov.br/ENETCONSULTA/frmDownloadDocumento.aspx?CodigoInstituicao=1&NumeroSequencialDocumento=55597
60.643.228/0001-21;2016-01-01;1;FIBRIA CELULOSE S.A.;012793;FCA;52796;2016-01-08;http://www.rad.cvm.gov.br/ENETCONSULTA/frmDownloadDocumento.aspx?CodigoInstituicao=1&NumeroSequencialDocumento=52796
60.643.228/0001-21;2016-01-01;2;FIBRIA CELULOSE S.A.;012793;FCA;54151;2016-03-17;http://www.rad.cvm.gov.br/ENETCONSULTA/frmDownloadDocumento.aspx?CodigoInstituicao=1&NumeroSequencialDocumento=54151
60.643.228/0001-21;2016-01-01;3;FIBRIA CELULOSE S.A.;012793;FCA;55262;2016-04-26;http://www.rad.cvm.gov.br/ENETCONSULTA/frmDownloadDocumento.aspx?CodigoInstituicao=1&NumeroSequencialDocumento=55262
60.643.228/0001-21;2016-01-01;4;FIBRIA CELULOSE S.A.;012793;FCA;55639;2016-05-05;http://www.rad.cvm.gov.br/ENETCONSULTA/frmDownloadDocumento.aspx?CodigoInstituicao=1&NumeroSequencialDocumento=55639
60.643.228/0001-21;2016-01-01;5;FIBRIA CELULOSE S.A.;012793;FCA;59467;2016-09-01;http://www.rad.cvm.gov.br/ENETCONSULTA/frmDownloadDocumento.aspx?CodigoInstituicao=1&NumeroSequencialDocumento=59467
60.643.228/0001-21;2016-01-01;6;FIBRIA CELULOSE S.A.;012793;FCA;61123;2016-11-17;http://www.rad.cvm.gov.br/ENETCONSULTA/frmDownloadDocumento.aspx?CodigoInstituicao=1&NumeroSequencialDocumento=61123
60.651.809/0001-05;2016-01-01;1;SUZANO HOLDING S.A.;009067;FCA;54454;2016-03-24;http://www.rad.cvm.gov.br/ENETCONSULTA/frmDownloadDocumento.aspx?CodigoInstituicao=1&NumeroSequencialDocumento=54454
60.651.809/0001-05;2016-01-01;2;SUZANO HOLDING S.A.;009067;FCA;57195;2016-05-31;http://www.rad.cvm.gov.br/ENETCONSULTA/frmDownloadDocumento.aspx?CodigoInstituicao=1&NumeroSequencialDocumento=57195
60.730.348/0001-66;2016-01-01;1;CIA MELHORAMENTOS DE SAO PAULO;003654;FCA;54355;2016-03-23;http://www.rad.cvm.gov.br/ENETCONSULTA/frmDownloadDocumento.aspx?CodigoInstituicao=1&NumeroSequencialDocumento=54355
60.730.348/0001-66;2016-01-01;2;CIA MELHORAMENTOS DE SAO PAULO;003654;FCA;57294;2016-05-31;http://www.rad.cvm.gov.br/ENETCONSULTA/frmDownloadDocumento.aspx?CodigoInstituicao=1&NumeroSequencialDocumento=57294
60.746.948/0001-12;2016-01-01;1;BCO BRADESCO S.A.;000906;FCA;52735;2016-01-07;http://www.rad.cvm.gov.br/ENETCONSULTA/frmDownloadDocumento.aspx?CodigoInstituicao=1&NumeroSequencialDocumento=52735
60.746.948/0001-12;2016-01-01;2;BCO BRADESCO S.A.;000906;FCA;56747;2016-05-20;http://www.rad.cvm.gov.br/ENETCONSULTA/frmDownloadDocumento.aspx?CodigoInstituicao=1&NumeroSequencialDocumento=56747
60.746.948/0001-12;2016-01-01;3;BCO BRADESCO S.A.;000906;FCA;61494;2016-12-15;http://www.rad.cvm.gov.br/ENETCONSULTA/frmDownloadDocumento.aspx?CodigoInstituicao=1&NumeroSequencialDocumento=61494
60.770.336/0001-65;2016-01-01;1;BCO ALFA DE INVESTIMENTO S.A.;001384;FCA;54178;2016-03-18;http://www.rad.cvm.gov.br/ENETCONSULTA/frmDownloadDocumento.aspx?CodigoInstituicao=1&NumeroSequencialDocumento=54178
60.770.336/0001-65;2016-01-01;2;BCO ALFA DE INVESTIMENTO S.A.;001384;FCA;55309;2016-04-27;http://www.rad.cvm.gov.br/ENETCONSULTA/frmDownloadDocumento.aspx?CodigoInstituicao=1&NumeroSequencialDocumento=55309
60.840.055/0001-31;2016-01-01;1;FLEURY S.A.;021881;FCA;53172;2016-02-02;http://www.rad.cvm.gov.br/ENETCONSULTA/frmDownloadDocumento.aspx?CodigoInstituicao=1&NumeroSequencialDocumento=53172
60.840.055/0001-31;2016-01-01;2;FLEURY S.A.;021881;FCA;54884;2016-03-31;http://www.rad.cvm.gov.br/ENETCONSULTA/frmDownloadDocumento.aspx?CodigoInstituicao=1&NumeroSequencialDocumento=54884
60.851.615/0001-53;2016-01-01;1;BARDELLA S.A. INDUSTRIAS MECANICAS EM RECUPERAÇÃO JUDICIAL;001520;FCA;54551;2016-03-29;http://www.rad.cvm.gov.br/ENETCONSULTA/frmDownloadDocumento.aspx?CodigoInstituicao=1&NumeroSequencialDocumento=54551
60.851.615/0001-53;2016-01-01;2;BARDELLA S.A. INDUSTRIAS MECANICAS EM RECUPERAÇÃO JUDICIAL;001520;FCA;56568;2016-05-16;http://www.rad.cvm.gov.br/ENETCONSULTA/frmDownloadDocumento.aspx?CodigoInstituicao=1&NumeroSequencialDocumento=56568
60.872.504/0001-23;2016-01-01;1;ITAU UNIBANCO HOLDING S.A.;019348;FCA;53113;2016-01-29;http://www.rad.cvm.gov.br/ENETCONSULTA/frmDownloadDocumento.aspx?CodigoInstituicao=1&NumeroSequencialDocumento=53113
60.884.319/0001-59;2016-01-01;1;NORDON INDUSTRIAS METALURGICAS S.A.;009083;FCA;54735;2016-03-30;http://www.rad.cvm.gov.br/ENETCONSULTA/frmDownloadDocumento.aspx?CodigoInstituicao=1&NumeroSequencialDocumento=54735
60.884.319/0001-59;2016-01-01;2;NORDON INDUSTRIAS METALURGICAS S.A.;009083;FCA;56596;2016-05-16;http://www.rad.cvm.gov.br/ENETCONSULTA/frmDownloadDocumento.aspx?CodigoInstituicao=1&NumeroSequencialDocumento=56596
60.889.128/0001-80;2016-01-01;1;BANCO SOFISA SA;020680;FCA;54047;2016-03-14;http://www.rad.cvm.gov.br/ENETCONSULTA/frmDownloadDocumento.aspx?CodigoInstituicao=1&NumeroSequencialDocumento=54047
60.889.128/0001-80;2016-01-01;2;BANCO SOFISA SA;020680;FCA;55082;2016-04-11;http://www.rad.cvm.gov.br/ENETCONSULTA/frmDownloadDocumento.aspx?CodigoInstituicao=1&NumeroSequencialDocumento=55082
60.889.128/0001-80;2016-01-01;3;BANCO SOFISA SA;020680;FCA;55141;2016-04-15;http://www.rad.cvm.gov.br/ENETCONSULTA/frmDownloadDocumento.aspx?CodigoInstituicao=1&NumeroSequencialDocumento=55141
60.889.128/0001-80;2016-01-01;4;BANCO SOFISA SA;020680;FCA;56663;2016-05-18;http://www.rad.cvm.gov.br/ENETCONSULTA/frmDownloadDocumento.aspx?CodigoInstituicao=1&NumeroSequencialDocumento=56663
60.889.128/0001-80;2016-01-01;5;BANCO SOFISA SA;020680;FCA;57244;2016-05-31;http://www.rad.cvm.gov.br/ENETCONSULTA/frmDownloadDocumento.aspx?CodigoInstituicao=1&NumeroSequencialDocumento=57244
60.894.730/0001-05;2016-01-01;1;USINAS SID DE MINAS GERAIS S.A.-USIMINAS;014320;FCA;53111;2016-01-29;http://www.rad.cvm.gov.br/ENETCONSULTA/frmDownloadDocumento.aspx?CodigoInstituicao=1&NumeroSequencialDocumento=53111
60.933.603/0001-78;2016-01-01;1;CESP - CIA ENERGETICA DE SAO PAULO;002577;FCA;52654;2016-01-04;http://www.rad.cvm.gov.br/ENETCONSULTA/frmDownloadDocumento.aspx?CodigoInstituicao=1&NumeroSequencialDocumento=52654
61.022.042/0001-18;2016-01-01;1;CONSTRUTORA ADOLPHO LINDENBERG S.A.;004723;FCA;53416;2016-02-17;http://www.rad.cvm.gov.br/ENETCONSULTA/frmDownloadDocumento.aspx?CodigoInstituicao=1&NumeroSequencialDocumento=53416
61.022.042/0001-18;2016-01-01;2;CONSTRUTORA ADOLPHO LINDENBERG S.A.;004723;FCA;57103;2016-05-31;http://www.rad.cvm.gov.br/ENETCONSULTA/frmDownloadDocumento.aspx?CodigoInstituicao=1&NumeroSequencialDocumento=57103
61.024.352/0001-71;2016-01-01;1;BCO INDUSVAL S.A.;020885;FCA;52913;2016-01-15;http://www.rad.cvm.gov.br/ENETCONSULTA/frmDownloadDocumento.aspx?CodigoInstituicao=1&NumeroSequencialDocumento=52913
61.065.298/0001-02;2016-01-01;1;MANGELS INDUSTRIAL S.A.;008397;FCA;54673;2016-03-30;http://www.rad.cvm.gov.br/ENETCONSULTA/frmDownloadDocumento.aspx?CodigoInstituicao=1&NumeroSequencialDocumento=54673
61.065.298/0001-02;2016-01-01;2;MANGELS INDUSTRIAL S.A.;008397;FCA;58095;2016-07-13;http://www.rad.cvm.gov.br/ENETCONSULTA/frmDownloadDocumento.aspx?CodigoInstituicao=1&NumeroSequencialDocumento=58095
61.065.751/0001-80;2016-01-01;1;ROSSI RESIDENCIAL S.A. - EM RECUPERAÇÃO JUDICIAL;016306;FCA;53077;2016-01-27;http://www.rad.cvm.gov.br/ENETCONSULTA/frmDownloadDocumento.aspx?CodigoInstituicao=1&NumeroSequencialDocumento=53077
61.065.751/0001-80;2016-01-01;2;ROSSI RESIDENCIAL S.A. - EM RECUPERAÇÃO JUDICIAL;016306;FCA;58826;2016-08-11;http://www.rad.cvm.gov.br/ENETCONSULTA/frmDownloadDocumento.aspx?CodigoInstituicao=1&NumeroSequencialDocumento=58826
61.065.751/0001-80;2016-01-01;3;ROSSI RESIDENCIAL S.A. - EM RECUPERAÇÃO JUDICIAL;016306;FCA;58839;2016-08-11;http://www.rad.cvm.gov.br/ENETCONSULTA/frmDownloadDocumento.aspx?CodigoInstituicao=1&NumeroSequencialDocumento=58839
61.065.751/0001-80;2016-01-01;4;ROSSI RESIDENCIAL S.A. - EM RECUPERAÇÃO JUDICIAL;016306;FCA;59555;2016-09-09;http://www.rad.cvm.gov.br/ENETCONSULTA/frmDownloadDocumento.aspx?CodigoInstituicao=1&NumeroSequencialDocumento=59555
61.065.751/0001-80;2016-01-01;5;ROSSI RESIDENCIAL S.A. - EM RECUPERAÇÃO JUDICIAL;016306;FCA;60443;2016-11-08;http://www.rad.cvm.gov.br/ENETCONSULTA/frmDownloadDocumento.aspx?CodigoInstituicao=1&NumeroSequencialDocumento=60443
61.065.751/0001-80;2016-01-01;6;ROSSI RESIDENCIAL S.A. - EM RECUPERAÇÃO JUDICIAL;016306;FCA;61277;2016-11-28;http://www.rad.cvm.gov.br/ENETCONSULTA/frmDownloadDocumento.aspx?CodigoInstituicao=1&NumeroSequencialDocumento=61277
61.067.161/0001-97;2016-01-01;1;NADIR FIGUEIREDO IND E COM S.A.;009040;FCA;54379;2016-03-23;http://www.rad.cvm.gov.br/ENETCONSULTA/frmDownloadDocumento.aspx?CodigoInstituicao=1&NumeroSequencialDocumento=54379
61.079.117/0001-05;2016-01-01;1;ALPARGATAS S.A.;010456;FCA;52705;2016-01-05;http://www.rad.cvm.gov.br/ENETCONSULTA/frmDownloadDocumento.aspx?CodigoInstituicao=1&NumeroSequencialDocumento=52705
61.080.313/0001-91;2016-01-01;1;COBRASMA S.A.;004448;FCA;54750;2016-03-30;http://www.rad.cvm.gov.br/ENETCONSULTA/frmDownloadDocumento.aspx?CodigoInstituicao=1&NumeroSequencialDocumento=54750
61.082.004/0001-50;2016-01-01;1;MANUFATURA DE BRINQUEDOS ESTRELA S.A.;008427;FCA;52768;2016-01-08;http://www.rad.cvm.gov.br/ENETCONSULTA/frmDownloadDocumento.aspx?CodigoInstituicao=1&NumeroSequencialDocumento=52768
61.084.984/0001-20;2016-01-01;1;BRASMOTOR SA;001970;FCA;53446;2016-02-18;http://www.rad.cvm.gov.br/ENETCONSULTA/frmDownloadDocumento.aspx?CodigoInstituicao=1&NumeroSequencialDocumento=53446
61.084.984/0001-20;2016-01-01;2;BRASMOTOR SA;001970;FCA;59550;2016-09-08;http://www.rad.cvm.gov.br/ENETCONSULTA/frmDownloadDocumento.aspx?CodigoInstituicao=1&NumeroSequencialDocumento=59550
61.088.894/0001-08;2016-01-01;1;CAMBUCI S.A.;002100;FCA;52773;2016-01-08;http://www.rad.cvm.gov.br/ENETCONSULTA/frmDownloadDocumento.aspx?CodigoInstituicao=1&NumeroSequencialDocumento=52773
61.088.894/0001-08;2016-01-01;2;CAMBUCI S.A.;002100;FCA;55845;2016-05-09;http://www.rad.cvm.gov.br/ENETCONSULTA/frmDownloadDocumento.aspx?CodigoInstituicao=1&NumeroSequencialDocumento=55845
61.092.037/0001-81;2016-01-01;1;ETERNIT S.A. - EM RECUPERAÇÃO JUDICIAL;005762;FCA;54445;2016-03-24;http://www.rad.cvm.gov.br/ENETCONSULTA/frmDownloadDocumento.aspx?CodigoInstituicao=1&NumeroSequencialDocumento=54445
61.101.895/0001-45;2016-01-01;1;SANTHER FAB DE PAPEL STA THEREZINHA S.A.;014923;FCA;54814;2016-03-31;http://www.rad.cvm.gov.br/ENETCONSULTA/frmDownloadDocumento.aspx?CodigoInstituicao=1&NumeroSequencialDocumento=54814
61.101.895/0001-45;2016-01-01;2;SANTHER FAB DE PAPEL STA THEREZINHA S.A.;014923;FCA;57339;2016-05-31;http://www.rad.cvm.gov.br/ENETCONSULTA/frmDownloadDocumento.aspx?CodigoInstituicao=1&NumeroSequencialDocumento=57339
61.156.113/0001-75;2016-01-01;1;IOCHPE MAXION S.A.;011932;FCA;52899;2016-01-14;http://www.rad.cvm.gov.br/ENETCONSULTA/frmDownloadDocumento.aspx?CodigoInstituicao=1&NumeroSequencialDocumento=52899
61.156.113/0001-75;2016-01-01;2;IOCHPE MAXION S.A.;011932;FCA;57600;2016-06-07;http://www.rad.cvm.gov.br/ENETCONSULTA/frmDownloadDocumento.aspx?CodigoInstituicao=1&NumeroSequencialDocumento=57600
61.156.113/0001-75;2016-01-01;3;IOCHPE MAXION S.A.;011932;FCA;59878;2016-10-03;http://www.rad.cvm.gov.br/ENETCONSULTA/frmDownloadDocumento.aspx?CodigoInstituicao=1&NumeroSequencialDocumento=59878
61.156.931/0001-78;2016-01-01;1;SIDERURGICA J. L. ALIPERTI S.A.;012823;FCA;54232;2016-03-21;http://www.rad.cvm.gov.br/ENETCONSULTA/frmDownloadDocumento.aspx?CodigoInstituicao=1&NumeroSequencialDocumento=54232
61.156.931/0001-78;2016-01-01;2;SIDERURGICA J. L. ALIPERTI S.A.;012823;FCA;55671;2016-05-06;http://www.rad.cvm.gov.br/ENETCONSULTA/frmDownloadDocumento.aspx?CodigoInstituicao=1&NumeroSequencialDocumento=55671
61.156.931/0001-78;2016-01-01;3;SIDERURGICA J. L. ALIPERTI S.A.;012823;FCA;59718;2016-09-21;http://www.rad.cvm.gov.br/ENETCONSULTA/frmDownloadDocumento.aspx?CodigoInstituicao=1&NumeroSequencialDocumento=59718
61.189.288/0001-89;2016-01-01;1;MARISA LOJAS S.A.;022055;FCA;53079;2016-01-27;http://www.rad.cvm.gov.br/ENETCONSULTA/frmDownloadDocumento.aspx?CodigoInstituicao=1&NumeroSequencialDocumento=53079
61.189.288/0001-89;2016-01-01;2;MARISA LOJAS S.A.;022055;FCA;55488;2016-05-03;http://www.rad.cvm.gov.br/ENETCONSULTA/frmDownloadDocumento.aspx?CodigoInstituicao=1&NumeroSequencialDocumento=55488
61.189.288/0001-89;2016-01-01;3;MARISA LOJAS S.A.;022055;FCA;55498;2016-05-03;http://www.rad.cvm.gov.br/ENETCONSULTA/frmDownloadDocumento.aspx?CodigoInstituicao=1&NumeroSequencialDocumento=55498
61.192.373/0001-04;2016-01-01;1;CONSTRUTORA BETER SA;004758;FCA;56791;2016-05-23;http://www.rad.cvm.gov.br/ENETCONSULTA/frmDownloadDocumento.aspx?CodigoInstituicao=1&NumeroSequencialDocumento=56791
61.351.532/0001-68;2016-01-01;1;AZEVEDO E TRAVASSOS S.A.;011975;FCA;53905;2016-03-08;http://www.rad.cvm.gov.br/ENETCONSULTA/frmDownloadDocumento.aspx?CodigoInstituicao=1&NumeroSequencialDocumento=53905
61.351.532/0001-68;2016-01-01;2;AZEVEDO E TRAVASSOS S.A.;011975;FCA;55293;2016-04-27;http://www.rad.cvm.gov.br/ENETCONSULTA/frmDownloadDocumento.aspx?CodigoInstituicao=1&NumeroSequencialDocumento=55293
61.374.161/0001-30;2016-01-01;1;BAUMER S.A.;001562;FCA;54907;2016-03-31;http://www.rad.cvm.gov.br/ENETCONSULTA/frmDownloadDocumento.aspx?CodigoInstituicao=1&NumeroSequencialDocumento=54907
61.410.395/0001-95;2016-01-01;1;FIBAM COMPANHIA INDUSTRIAL;006017;FCA;53049;2016-01-26;http://www.rad.cvm.gov.br/ENETCONSULTA/frmDownloadDocumento.aspx?CodigoInstituicao=1&NumeroSequencialDocumento=53049
61.410.395/0001-95;2016-01-01;2;FIBAM COMPANHIA INDUSTRIAL;006017;FCA;55022;2016-04-07;http://www.rad.cvm.gov.br/ENETCONSULTA/frmDownloadDocumento.aspx?CodigoInstituicao=1&NumeroSequencialDocumento=55022
61.410.395/0001-95;2016-01-01;3;FIBAM COMPANHIA INDUSTRIAL;006017;FCA;56661;2016-05-18;http://www.rad.cvm.gov.br/ENETCONSULTA/frmDownloadDocumento.aspx?CodigoInstituicao=1&NumeroSequencialDocumento=56661
61.486.650/0001-83;2016-01-01;1;DIAGNOSTICOS DA AMERICA S.A.;019623;FCA;53347;2016-02-12;http://www.rad.cvm.gov.br/ENETCONSULTA/frmDownloadDocumento.aspx?CodigoInstituicao=1&NumeroSequencialDocumento=53347
61.486.650/0001-83;2016-01-01;2;DIAGNOSTICOS DA AMERICA S.A.;019623;FCA;54371;2016-03-23;http://www.rad.cvm.gov.br/ENETCONSULTA/frmDownloadDocumento.aspx?CodigoInstituicao=1&NumeroSequencialDocumento=54371
61.486.650/0001-83;2016-01-01;3;DIAGNOSTICOS DA AMERICA S.A.;019623;FCA;57716;2016-06-15;http://www.rad.cvm.gov.br/ENETCONSULTA/frmDownloadDocumento.aspx?CodigoInstituicao=1&NumeroSequencialDocumento=57716
61.486.650/0001-83;2016-01-01;4;DIAGNOSTICOS DA AMERICA S.A.;019623;FCA;61241;2016-11-24;http://www.rad.cvm.gov.br/ENETCONSULTA/frmDownloadDocumento.aspx?CodigoInstituicao=1&NumeroSequencialDocumento=61241
61.532.644/0001-15;2016-01-01;1;ITAÚSA S.A.;007617;FCA;53373;2016-02-15;http://www.rad.cvm.gov.br/ENETCONSULTA/frmDownloadDocumento.aspx?CodigoInstituicao=1&NumeroSequencialDocumento=53373
61.584.140/0001-49;2016-01-01;1;REDE ENERGIA PARTICIPAÇÕES S.A.;003190;FCA;54335;2016-03-22;http://www.rad.cvm.gov.br/ENETCONSULTA/frmDownloadDocumento.aspx?CodigoInstituicao=1&NumeroSequencialDocumento=54335
61.584.140/0001-49;2016-01-01;2;REDE ENERGIA PARTICIPAÇÕES S.A.;003190;FCA;55457;2016-05-03;http://www.rad.cvm.gov.br/ENETCONSULTA/frmDownloadDocumento.aspx?CodigoInstituicao=1&NumeroSequencialDocumento=55457
61.584.140/0001-49;2016-01-01;3;REDE ENERGIA PARTICIPAÇÕES S.A.;003190;FCA;59731;2016-09-22;http://www.rad.cvm.gov.br/ENETCONSULTA/frmDownloadDocumento.aspx?CodigoInstituicao=1&NumeroSequencialDocumento=59731
61.585.865/0001-51;2016-01-01;1;RAIA DROGASIL S.A.;005258;FCA;52719;2016-01-06;http://www.rad.cvm.gov.br/ENETCONSULTA/frmDownloadDocumento.aspx?CodigoInstituicao=1&NumeroSequencialDocumento=52719
61.585.865/0001-51;2016-01-01;2;RAIA DROGASIL S.A.;005258;FCA;57432;2016-05-31;http://www.rad.cvm.gov.br/ENETCONSULTA/frmDownloadDocumento.aspx?CodigoInstituicao=1&NumeroSequencialDocumento=57432
61.695.227/0001-93;2016-01-01;1;ELETROPAULO METROP. ELET. SAO PAULO S.A.;014176;FCA;52824;2016-01-12;http://www.rad.cvm.gov.br/ENETCONSULTA/frmDownloadDocumento.aspx?CodigoInstituicao=1&NumeroSequencialDocumento=52824
61.695.227/0001-93;2016-01-01;2;ELETROPAULO METROP. ELET. SAO PAULO S.A.;014176;FCA;53575;2016-02-23;http://www.rad.cvm.gov.br/ENETCONSULTA/frmDownloadDocumento.aspx?CodigoInstituicao=1&NumeroSequencialDocumento=53575
61.784.278/0001-91;2016-01-01;1;COMPANHIA DE CRÉDITO FINANCIAMENTO E INVESTIMENTO RCI BRASIL;022993;FCA;53861;2016-03-04;http://www.rad.cvm.gov.br/ENETCONSULTA/frmDownloadDocumento.aspx?CodigoInstituicao=1&NumeroSequencialDocumento=53861
61.856.571/0001-17;2016-01-01;1;CIA GAS DE SAO PAULO - COMGAS;015636;FCA;52767;2016-01-08;http://www.rad.cvm.gov.br/ENETCONSULTA/frmDownloadDocumento.aspx?CodigoInstituicao=1&NumeroSequencialDocumento=52767
61.856.571/0001-17;2016-01-01;2;CIA GAS DE SAO PAULO - COMGAS;015636;FCA;55548;2016-05-04;http://www.rad.cvm.gov.br/ENETCONSULTA/frmDownloadDocumento.aspx?CodigoInstituicao=1&NumeroSequencialDocumento=55548
61.856.571/0001-17;2016-01-01;3;CIA GAS DE SAO PAULO - COMGAS;015636;FCA;59898;2016-10-04;http://www.rad.cvm.gov.br/ENETCONSULTA/frmDownloadDocumento.aspx?CodigoInstituicao=1&NumeroSequencialDocumento=59898
62.002.886/0001-60;2016-01-01;1;SAO PAULO TURISMO S.A.;009415;FCA;53714;2016-02-29;http://www.rad.cvm.gov.br/ENETCONSULTA/frmDownloadDocumento.aspx?CodigoInstituicao=1&NumeroSequencialDocumento=53714
62.002.886/0001-60;2016-01-01;2;SAO PAULO TURISMO S.A.;009415;FCA;55929;2016-05-10;http://www.rad.cvm.gov.br/ENETCONSULTA/frmDownloadDocumento.aspx?CodigoInstituicao=1&NumeroSequencialDocumento=55929
62.063.177/0001-94;2016-01-01;1;SAFRA LEASING SA ARRENDAMENTO MERCANTIL;019844;FCA;53633;2016-02-25;http://www.rad.cvm.gov.br/ENETCONSULTA/frmDownloadDocumento.aspx?CodigoInstituicao=1&NumeroSequencialDocumento=53633
62.063.177/0001-94;2016-01-01;2;SAFRA LEASING SA ARRENDAMENTO MERCANTIL;019844;FCA;55197;2016-04-20;http://www.rad.cvm.gov.br/ENETCONSULTA/frmDownloadDocumento.aspx?CodigoInstituicao=1&NumeroSequencialDocumento=55197
62.063.177/0001-94;2016-01-01;3;SAFRA LEASING SA ARRENDAMENTO MERCANTIL;019844;FCA;55711;2016-05-06;http://www.rad.cvm.gov.br/ENETCONSULTA/frmDownloadDocumento.aspx?CodigoInstituicao=1&NumeroSequencialDocumento=55711
62.063.177/0001-94;2016-01-01;4;SAFRA LEASING SA ARRENDAMENTO MERCANTIL;019844;FCA;60334;2016-11-03;http://www.rad.cvm.gov.br/ENETCONSULTA/frmDownloadDocumento.aspx?CodigoInstituicao=1&NumeroSequencialDocumento=60334
62.144.175/0001-20;2016-01-01;1;BCO PINE S.A;020567;FCA;53308;2016-02-11;http://www.rad.cvm.gov.br/ENETCONSULTA/frmDownloadDocumento.aspx?CodigoInstituicao=1&NumeroSequencialDocumento=53308
62.232.889/0001-90;2016-01-01;1;BCO DAYCOVAL S.A.;020796;FCA;53569;2016-02-23;http://www.rad.cvm.gov.br/ENETCONSULTA/frmDownloadDocumento.aspx?CodigoInstituicao=1&NumeroSequencialDocumento=53569
62.232.889/0001-90;2016-01-01;2;BCO DAYCOVAL S.A.;020796;FCA;55440;2016-05-02;http://www.rad.cvm.gov.br/ENETCONSULTA/frmDownloadDocumento.aspx?CodigoInstituicao=1&NumeroSequencialDocumento=55440
62.232.889/0001-90;2016-01-01;3;BCO DAYCOVAL S.A.;020796;FCA;59382;2016-08-25;http://www.rad.cvm.gov.br/ENETCONSULTA/frmDownloadDocumento.aspx?CodigoInstituicao=1&NumeroSequencialDocumento=59382
62.307.848/0001-15;2016-01-01;1;BANCO RCI BRASIL S.A.;021466;FCA;52800;2016-01-11;http://www.rad.cvm.gov.br/ENETCONSULTA/frmDownloadDocumento.aspx?CodigoInstituicao=1&NumeroSequencialDocumento=52800
62.307.848/0001-15;2016-01-01;2;BANCO RCI BRASIL S.A.;021466;FCA;53254;2016-02-05;http://www.rad.cvm.gov.br/ENETCONSULTA/frmDownloadDocumento.aspx?CodigoInstituicao=1&NumeroSequencialDocumento=53254
62.307.848/0001-15;2016-01-01;3;BANCO RCI BRASIL S.A.;021466;FCA;53455;2016-02-18;http://www.rad.cvm.gov.br/ENETCONSULTA/frmDownloadDocumento.aspx?CodigoInstituicao=1&NumeroSequencialDocumento=53455
62.307.848/0001-15;2016-01-01;4;BANCO RCI BRASIL S.A.;021466;FCA;55474;2016-05-03;http://www.rad.cvm.gov.br/ENETCONSULTA/frmDownloadDocumento.aspx?CodigoInstituicao=1&NumeroSequencialDocumento=55474
65.654.303/0001-73;2016-01-01;1;DIBENS LEASING S.A. - ARREND.MERCANTIL;014214;FCA;53114;2016-01-29;http://www.rad.cvm.gov.br/ENETCONSULTA/frmDownloadDocumento.aspx?CodigoInstituicao=1&NumeroSequencialDocumento=53114
67.010.660/0001-24;2016-01-01;1;RNI NEGÓCIOS IMOBILIÁRIOS S.A.;020451;FCA;52963;2016-01-19;http://www.rad.cvm.gov.br/ENETCONSULTA/frmDownloadDocumento.aspx?CodigoInstituicao=1&NumeroSequencialDocumento=52963
67.010.660/0001-24;2016-01-01;2;RNI NEGÓCIOS IMOBILIÁRIOS S.A.;020451;FCA;61451;2016-12-13;http://www.rad.cvm.gov.br/ENETCONSULTA/frmDownloadDocumento.aspx?CodigoInstituicao=1&NumeroSequencialDocumento=61451
67.437.434/0001-24;2016-01-01;1;TC SECURITIES CIA DE SECURITIZAÇÃO;020389;FCA;53023;2016-01-22;http://www.rad.cvm.gov.br/ENETCONSULTA/frmDownloadDocumento.aspx?CodigoInstituicao=1&NumeroSequencialDocumento=53023
67.437.434/0001-24;2016-01-01;2;TC SECURITIES CIA DE SECURITIZAÇÃO;020389;FCA;58152;2016-07-19;http://www.rad.cvm.gov.br/ENETCONSULTA/frmDownloadDocumento.aspx?CodigoInstituicao=1&NumeroSequencialDocumento=58152
67.437.434/0001-24;2016-01-01;3;TC SECURITIES CIA DE SECURITIZAÇÃO;020389;FCA;60133;2016-10-21;http://www.rad.cvm.gov.br/ENETCONSULTA/frmDownloadDocumento.aspx?CodigoInstituicao=1&NumeroSequencialDocumento=60133
67.571.414/0001-41;2016-01-01;1;VIVER INCORPORADORA E CONSTRUTORA S.A.;020702;FCA;54747;2016-03-30;http://www.rad.cvm.gov.br/ENETCONSULTA/frmDownloadDocumento.aspx?CodigoInstituicao=1&NumeroSequencialDocumento=54747
67.571.414/0001-41;2016-01-01;2;VIVER INCORPORADORA E CONSTRUTORA S.A.;020702;FCA;59986;2016-10-10;http://www.rad.cvm.gov.br/ENETCONSULTA/frmDownloadDocumento.aspx?CodigoInstituicao=1&NumeroSequencialDocumento=59986
67.571.414/0001-41;2016-01-01;3;VIVER INCORPORADORA E CONSTRUTORA S.A.;020702;FCA;60144;2016-10-24;http://www.rad.cvm.gov.br/ENETCONSULTA/frmDownloadDocumento.aspx?CodigoInstituicao=1&NumeroSequencialDocumento=60144
67.571.414/0001-41;2016-01-01;4;VIVER INCORPORADORA E CONSTRUTORA S.A.;020702;FCA;60186;2016-10-26;http://www.rad.cvm.gov.br/ENETCONSULTA/frmDownloadDocumento.aspx?CodigoInstituicao=1&NumeroSequencialDocumento=60186
67.620.377/0001-14;2016-01-01;1;MINERVA S.A.;020931;FCA;53155;2016-02-02;http://www.rad.cvm.gov.br/ENETCONSULTA/frmDownloadDocumento.aspx?CodigoInstituicao=1&NumeroSequencialDocumento=53155
67.620.377/0001-14;2016-01-01;2;MINERVA S.A.;020931;FCA;55270;2016-04-26;http://www.rad.cvm.gov.br/ENETCONSULTA/frmDownloadDocumento.aspx?CodigoInstituicao=1&NumeroSequencialDocumento=55270
69.720.910/0001-45;2016-01-01;1;CCB BRASIL ARRENDAMENTO MERCANTIL S.A.;015121;FCA;52651;2016-01-04;http://www.rad.cvm.gov.br/ENETCONSULTA/frmDownloadDocumento.aspx?CodigoInstituicao=1&NumeroSequencialDocumento=52651
69.720.910/0001-45;2016-01-01;2;CCB BRASIL ARRENDAMENTO MERCANTIL S.A.;015121;FCA;57155;2016-05-31;http://www.rad.cvm.gov.br/ENETCONSULTA/frmDownloadDocumento.aspx?CodigoInstituicao=1&NumeroSequencialDocumento=57155
71.208.516/0001-74;2016-01-01;1;ALGAR TELECOM S/A;021032;FCA;52910;2016-01-15;http://www.rad.cvm.gov.br/ENETCONSULTA/frmDownloadDocumento.aspx?CodigoInstituicao=1&NumeroSequencialDocumento=52910
71.208.516/0001-74;2016-01-01;2;ALGAR TELECOM S/A;021032;FCA;57026;2016-05-30;http://www.rad.cvm.gov.br/ENETCONSULTA/frmDownloadDocumento.aspx?CodigoInstituicao=1&NumeroSequencialDocumento=57026
71.476.527/0001-35;2016-01-01;1;CONSTRUTORA TENDA S.A.;021148;FCA;52942;2016-01-19;http://www.rad.cvm.gov.br/ENETCONSULTA/frmDownloadDocumento.aspx?CodigoInstituicao=1&NumeroSequencialDocumento=52942
71.476.527/0001-35;2016-01-01;2;CONSTRUTORA TENDA S.A.;021148;FCA;60073;2016-10-18;http://www.rad.cvm.gov.br/ENETCONSULTA/frmDownloadDocumento.aspx?CodigoInstituicao=1&NumeroSequencialDocumento=60073
71.476.527/0001-35;2016-01-01;3;CONSTRUTORA TENDA S.A.;021148;FCA;61227;2016-11-23;http://www.rad.cvm.gov.br/ENETCONSULTA/frmDownloadDocumento.aspx?CodigoInstituicao=1&NumeroSequencialDocumento=61227
71.550.388/0001-42;2016-01-01;1;RUMO LOGÍSTICA OPERADORA MULTIMODAL S.A.;023450;FCA;53134;2016-02-01;http://www.rad.cvm.gov.br/ENETCONSULTA/frmDownloadDocumento.aspx?CodigoInstituicao=1&NumeroSequencialDocumento=53134
71.550.388/0001-42;2016-01-01;2;RUMO LOGÍSTICA OPERADORA MULTIMODAL S.A.;023450;FCA;53708;2016-02-29;http://www.rad.cvm.gov.br/ENETCONSULTA/frmDownloadDocumento.aspx?CodigoInstituicao=1&NumeroSequencialDocumento=53708
71.550.388/0001-42;2016-01-01;3;RUMO LOGÍSTICA OPERADORA MULTIMODAL S.A.;023450;FCA;54169;2016-03-18;http://www.rad.cvm.gov.br/ENETCONSULTA/frmDownloadDocumento.aspx?CodigoInstituicao=1&NumeroSequencialDocumento=54169
71.550.388/0001-42;2016-01-01;4;RUMO LOGÍSTICA OPERADORA MULTIMODAL S.A.;023450;FCA;54175;2016-03-18;http://www.rad.cvm.gov.br/ENETCONSULTA/frmDownloadDocumento.aspx?CodigoInstituicao=1&NumeroSequencialDocumento=54175
71.550.388/0001-42;2016-01-01;5;RUMO LOGÍSTICA OPERADORA MULTIMODAL S.A.;023450;FCA;57714;2016-06-15;http://www.rad.cvm.gov.br/ENETCONSULTA/frmDownloadDocumento.aspx?CodigoInstituicao=1&NumeroSequencialDocumento=57714
71.673.990/0001-77;2016-01-01;1;NATURA COSMETICOS S.A.;019550;FCA;52944;2016-01-19;http://www.rad.cvm.gov.br/ENETCONSULTA/frmDownloadDocumento.aspx?CodigoInstituicao=1&NumeroSequencialDocumento=52944
71.673.990/0001-77;2016-01-01;2;NATURA COSMETICOS S.A.;019550;FCA;59339;2016-08-23;http://www.rad.cvm.gov.br/ENETCONSULTA/frmDownloadDocumento.aspx?CodigoInstituicao=1&NumeroSequencialDocumento=59339
71.673.990/0001-77;2016-01-01;3;NATURA COSMETICOS S.A.;019550;FCA;60219;2016-10-27;http://www.rad.cvm.gov.br/ENETCONSULTA/frmDownloadDocumento.aspx?CodigoInstituicao=1&NumeroSequencialDocumento=60219
73.178.600/0001-18;2016-01-01;1;CYRELA BRAZIL REALTY S.A.EMPREEND E PART;014460;FCA;52765;2016-01-08;http://www.rad.cvm.gov.br/ENETCONSULTA/frmDownloadDocumento.aspx?CodigoInstituicao=1&NumeroSequencialDocumento=52765
73.178.600/0001-18;2016-01-01;2;CYRELA BRAZIL REALTY S.A.EMPREEND E PART;014460;FCA;55690;2016-05-06;http://www.rad.cvm.gov.br/ENETCONSULTA/frmDownloadDocumento.aspx?CodigoInstituicao=1&NumeroSequencialDocumento=55690
73.178.600/0001-18;2016-01-01;3;CYRELA BRAZIL REALTY S.A.EMPREEND E PART;014460;FCA;56009;2016-05-10;http://www.rad.cvm.gov.br/ENETCONSULTA/frmDownloadDocumento.aspx?CodigoInstituicao=1&NumeroSequencialDocumento=56009
73.178.600/0001-18;2016-01-01;4;CYRELA BRAZIL REALTY S.A.EMPREEND E PART;014460;FCA;59645;2016-09-14;http://www.rad.cvm.gov.br/ENETCONSULTA/frmDownloadDocumento.aspx?CodigoInstituicao=1&NumeroSequencialDocumento=59645
73.903.718/0001-61;2016-01-01;1;SNB PARTICIPACOES SA;014303;FCA;54492;2016-03-28;http://www.rad.cvm.gov.br/ENETCONSULTA/frmDownloadDocumento.aspx?CodigoInstituicao=1&NumeroSequencialDocumento=54492
73.903.718/0001-61;2016-01-01;2;SNB PARTICIPACOES SA;014303;FCA;59613;2016-09-13;http://www.rad.cvm.gov.br/ENETCONSULTA/frmDownloadDocumento.aspx?CodigoInstituicao=1&NumeroSequencialDocumento=59613
74.409.467/0001-26;2016-01-01;1;FENICIAPAR S/A;015024;FCA;54014;2016-03-11;http://www.rad.cvm.gov.br/ENETCONSULTA/frmDownloadDocumento.aspx?CodigoInstituicao=1&NumeroSequencialDocumento=54014
74.409.467/0001-26;2016-01-01;2;FENICIAPAR S/A;015024;FCA;56281;2016-05-13;http://www.rad.cvm.gov.br/ENETCONSULTA/frmDownloadDocumento.aspx?CodigoInstituicao=1&NumeroSequencialDocumento=56281
75.609.123/0001-23;2016-01-01;1;UNIDAS LOCAÇÕES E SERVIÇOS S.A.;023280;FCA;53732;2016-03-01;http://www.rad.cvm.gov.br/ENETCONSULTA/frmDownloadDocumento.aspx?CodigoInstituicao=1&NumeroSequencialDocumento=53732
75.609.123/0001-23;2016-01-01;2;UNIDAS LOCAÇÕES E SERVIÇOS S.A.;023280;FCA;60159;2016-10-25;http://www.rad.cvm.gov.br/ENETCONSULTA/frmDownloadDocumento.aspx?CodigoInstituicao=1&NumeroSequencialDocumento=60159
76.483.817/0001-20;2016-01-01;1;CIA PARANAENSE DE ENERGIA - COPEL;014311;FCA;53133;2016-02-01;http://www.rad.cvm.gov.br/ENETCONSULTA/frmDownloadDocumento.aspx?CodigoInstituicao=1&NumeroSequencialDocumento=53133
76.483.817/0001-20;2016-01-01;2;CIA PARANAENSE DE ENERGIA - COPEL;014311;FCA;55786;2016-05-09;http://www.rad.cvm.gov.br/ENETCONSULTA/frmDownloadDocumento.aspx?CodigoInstituicao=1&NumeroSequencialDocumento=55786
76.484.013/0001-45;2016-01-01;1;CIA SANEAMENTO DO PARANA - SANEPAR;018627;FCA;52721;2016-01-06;http://www.rad.cvm.gov.br/ENETCONSULTA/frmDownloadDocumento.aspx?CodigoInstituicao=1&NumeroSequencialDocumento=52721
76.484.013/0001-45;2016-01-01;2;CIA SANEAMENTO DO PARANA - SANEPAR;018627;FCA;55689;2016-05-06;http://www.rad.cvm.gov.br/ENETCONSULTA/frmDownloadDocumento.aspx?CodigoInstituicao=1&NumeroSequencialDocumento=55689
76.484.013/0001-45;2016-01-01;3;CIA SANEAMENTO DO PARANA - SANEPAR;018627;FCA;61157;2016-11-18;http://www.rad.cvm.gov.br/ENETCONSULTA/frmDownloadDocumento.aspx?CodigoInstituicao=1&NumeroSequencialDocumento=61157
76.484.013/0001-45;2016-01-01;4;CIA SANEAMENTO DO PARANA - SANEPAR;018627;FCA;61176;2016-11-21;http://www.rad.cvm.gov.br/ENETCONSULTA/frmDownloadDocumento.aspx?CodigoInstituicao=1&NumeroSequencialDocumento=61176
76.535.764/0001-43;2016-01-01;1;OI S.A. - EM RECUPERAÇÃO JUDICIAL;011312;FCA;52682;2016-01-05;http://www.rad.cvm.gov.br/ENETCONSULTA/frmDownloadDocumento.aspx?CodigoInstituicao=1&NumeroSequencialDocumento=52682
76.535.764/0001-43;2016-01-01;2;OI S.A. - EM RECUPERAÇÃO JUDICIAL;011312;FCA;54920;2016-04-01;http://www.rad.cvm.gov.br/ENETCONSULTA/frmDownloadDocumento.aspx?CodigoInstituicao=1&NumeroSequencialDocumento=54920
76.535.764/0001-43;2016-01-01;3;OI S.A. - EM RECUPERAÇÃO JUDICIAL;011312;FCA;55511;2016-05-03;http://www.rad.cvm.gov.br/ENETCONSULTA/frmDownloadDocumento.aspx?CodigoInstituicao=1&NumeroSequencialDocumento=55511
76.535.764/0001-43;2016-01-01;4;OI S.A. - EM RECUPERAÇÃO JUDICIAL;011312;FCA;57977;2016-07-05;http://www.rad.cvm.gov.br/ENETCONSULTA/frmDownloadDocumento.aspx?CodigoInstituicao=1&NumeroSequencialDocumento=57977
76.535.764/0001-43;2016-01-01;5;OI S.A. - EM RECUPERAÇÃO JUDICIAL;011312;FCA;59715;2016-09-20;http://www.rad.cvm.gov.br/ENETCONSULTA/frmDownloadDocumento.aspx?CodigoInstituicao=1&NumeroSequencialDocumento=59715
76.627.504/0001-06;2016-01-01;1;INEPAR S.A. INDUSTRIA E CONSTRUCOES EM RECUPERACAO JUDICIAL;007595;FCA;55389;2016-04-29;http://www.rad.cvm.gov.br/ENETCONSULTA/frmDownloadDocumento.aspx?CodigoInstituicao=1&NumeroSequencialDocumento=55389
76.627.504/0001-06;2016-01-01;2;INEPAR S.A. INDUSTRIA E CONSTRUCOES EM RECUPERACAO JUDICIAL;007595;FCA;55892;2016-05-10;http://www.rad.cvm.gov.br/ENETCONSULTA/frmDownloadDocumento.aspx?CodigoInstituicao=1&NumeroSequencialDocumento=55892
76.627.504/0001-06;2016-01-01;3;INEPAR S.A. INDUSTRIA E CONSTRUCOES EM RECUPERACAO JUDICIAL;007595;FCA;57968;2016-07-05;http://www.rad.cvm.gov.br/ENETCONSULTA/frmDownloadDocumento.aspx?CodigoInstituicao=1&NumeroSequencialDocumento=57968
76.627.504/0001-06;2016-01-01;4;INEPAR S.A. INDUSTRIA E CONSTRUCOES EM RECUPERACAO JUDICIAL;007595;FCA;59456;2016-09-01;http://www.rad.cvm.gov.br/ENETCONSULTA/frmDownloadDocumento.aspx?CodigoInstituicao=1&NumeroSequencialDocumento=59456
78.876.950/0001-71;2016-01-01;1;CIA HERING;014761;FCA;53486;2016-02-19;http://www.rad.cvm.gov.br/ENETCONSULTA/frmDownloadDocumento.aspx?CodigoInstituicao=1&NumeroSequencialDocumento=53486
80.227.184/0001-66;2016-01-01;1;METALGRAFICA IGUACU S.A.;008605;FCA;54400;2016-03-24;http://www.rad.cvm.gov.br/ENETCONSULTA/frmDownloadDocumento.aspx?CodigoInstituicao=1&NumeroSequencialDocumento=54400
80.227.184/0001-66;2016-01-01;2;METALGRAFICA IGUACU S.A.;008605;FCA;56853;2016-05-25;http://www.rad.cvm.gov.br/ENETCONSULTA/frmDownloadDocumento.aspx?CodigoInstituicao=1&NumeroSequencialDocumento=56853
81.243.735/0001-48;2016-01-01;1;POSITIVO TECNOLOGIA S.A.;020362;FCA;54389;2016-03-23;http://www.rad.cvm.gov.br/ENETCONSULTA/frmDownloadDocumento.aspx?CodigoInstituicao=1&NumeroSequencialDocumento=54389
81.304.727/0001-64;2016-01-01;1;IGUACU CELULOSE PAPEL SA;015113;FCA;55292;2016-04-27;http://www.rad.cvm.gov.br/ENETCONSULTA/frmDownloadDocumento.aspx?CodigoInstituicao=1&NumeroSequencialDocumento=55292
82.373.077/0001-71;2016-01-01;1;BEMATECH IND COM EQUIP ELETRONICOS SA;020656;FCA;53160;2016-02-02;http://www.rad.cvm.gov.br/ENETCONSULTA/frmDownloadDocumento.aspx?CodigoInstituicao=1&NumeroSequencialDocumento=53160
82.508.433/0001-17;2016-01-01;1;CIA CATARINENSE DE AGUAS E SANEAM.-CASAN;016861;FCA;54035;2016-03-14;http://www.rad.cvm.gov.br/ENETCONSULTA/frmDownloadDocumento.aspx?CodigoInstituicao=1&NumeroSequencialDocumento=54035
82.508.433/0001-17;2016-01-01;2;CIA CATARINENSE DE AGUAS E SANEAM.-CASAN;016861;FCA;55684;2016-05-06;http://www.rad.cvm.gov.br/ENETCONSULTA/frmDownloadDocumento.aspx?CodigoInstituicao=1&NumeroSequencialDocumento=55684
82.636.986/0001-55;2016-01-01;1;TEKA-TECELAGEM KUEHNRICH S.A. - EM RECUPERAÇÃO JUDICIAL;011223;FCA;53901;2016-03-08;http://www.rad.cvm.gov.br/ENETCONSULTA/frmDownloadDocumento.aspx?CodigoInstituicao=1&NumeroSequencialDocumento=53901
82.636.986/0001-55;2016-01-01;2;TEKA-TECELAGEM KUEHNRICH S.A. - EM RECUPERAÇÃO JUDICIAL;011223;FCA;58153;2016-07-19;http://www.rad.cvm.gov.br/ENETCONSULTA/frmDownloadDocumento.aspx?CodigoInstituicao=1&NumeroSequencialDocumento=58153
82.640.558/0001-04;2016-01-01;1;KARSTEN S.A.;004146;FCA;53444;2016-02-18;http://www.rad.cvm.gov.br/ENETCONSULTA/frmDownloadDocumento.aspx?CodigoInstituicao=1&NumeroSequencialDocumento=53444
82.640.558/0001-04;2016-01-01;2;KARSTEN S.A.;004146;FCA;55718;2016-05-06;http://www.rad.cvm.gov.br/ENETCONSULTA/frmDownloadDocumento.aspx?CodigoInstituicao=1&NumeroSequencialDocumento=55718
82.640.558/0001-04;2016-01-01;3;KARSTEN S.A.;004146;FCA;58654;2016-08-10;http://www.rad.cvm.gov.br/ENETCONSULTA/frmDownloadDocumento.aspx?CodigoInstituicao=1&NumeroSequencialDocumento=58654
82.640.632/0001-84;2016-01-01;1;LOJAS HERING S.A.;008117;FCA;54218;2016-03-21;http://www.rad.cvm.gov.br/ENETCONSULTA/frmDownloadDocumento.aspx?CodigoInstituicao=1&NumeroSequencialDocumento=54218
82.641.325/0001-18;2016-01-01;1;CREMER SA;020141;FCA;53192;2016-02-03;http://www.rad.cvm.gov.br/ENETCONSULTA/frmDownloadDocumento.aspx?CodigoInstituicao=1&NumeroSequencialDocumento=53192
82.643.537/0001-34;2016-01-01;1;ELECTRO ACO ALTONA S.A.;005380;FCA;52714;2016-01-06;http://www.rad.cvm.gov.br/ENETCONSULTA/frmDownloadDocumento.aspx?CodigoInstituicao=1&NumeroSequencialDocumento=52714
82.643.537/0001-34;2016-01-01;2;ELECTRO ACO ALTONA S.A.;005380;FCA;55411;2016-05-02;http://www.rad.cvm.gov.br/ENETCONSULTA/frmDownloadDocumento.aspx?CodigoInstituicao=1&NumeroSequencialDocumento=55411
82.981.812/0001-20;2016-01-01;1;BUETTNER SA IND E COMERCIO - EM RECUPERAÇÃO JUDICIAL;002038;FCA;54349;2016-03-23;http://www.rad.cvm.gov.br/ENETCONSULTA/frmDownloadDocumento.aspx?CodigoInstituicao=1&NumeroSequencialDocumento=54349
82.981.929/0001-03;2016-01-01;1;CIA INDUSTRIAL SCHLOSSER S.A.;003549;FCA;54503;2016-03-28;http://www.rad.cvm.gov.br/ENETCONSULTA/frmDownloadDocumento.aspx?CodigoInstituicao=1&NumeroSequencialDocumento=54503
82.981.929/0001-03;2016-01-01;2;CIA INDUSTRIAL SCHLOSSER S.A.;003549;FCA;56476;2016-05-13;http://www.rad.cvm.gov.br/ENETCONSULTA/frmDownloadDocumento.aspx?CodigoInstituicao=1&NumeroSequencialDocumento=56476
82.981.929/0001-03;2016-01-01;3;CIA INDUSTRIAL SCHLOSSER S.A.;003549;FCA;61256;2016-11-25;http://www.rad.cvm.gov.br/ENETCONSULTA/frmDownloadDocumento.aspx?CodigoInstituicao=1&NumeroSequencialDocumento=61256
82.982.075/0001-80;2016-01-01;1;TEXTIL RENAUXVIEW S.A.;007544;FCA;54555;2016-03-29;http://www.rad.cvm.gov.br/ENETCONSULTA/frmDownloadDocumento.aspx?CodigoInstituicao=1&NumeroSequencialDocumento=54555
83.475.913/0001-91;2016-01-01;1;PBG S/A;013773;FCA;54030;2016-03-11;http://www.rad.cvm.gov.br/ENETCONSULTA/frmDownloadDocumento.aspx?CodigoInstituicao=1&NumeroSequencialDocumento=54030
83.475.913/0001-91;2016-01-01;2;PBG S/A;013773;FCA;56786;2016-05-23;http://www.rad.cvm.gov.br/ENETCONSULTA/frmDownloadDocumento.aspx?CodigoInstituicao=1&NumeroSequencialDocumento=56786
83.878.892/0001-55;2016-01-01;1;CENTRAIS ELET DE SANTA CATARINA S.A.;002461;FCA;53040;2016-01-26;http://www.rad.cvm.gov.br/ENETCONSULTA/frmDownloadDocumento.aspx?CodigoInstituicao=1&NumeroSequencialDocumento=53040
84.429.695/0001-11;2016-01-01;1;WEG S.A.;005410;FCA;53545;2016-02-23;http://www.rad.cvm.gov.br/ENETCONSULTA/frmDownloadDocumento.aspx?CodigoInstituicao=1&NumeroSequencialDocumento=53545
84.583.137/0001-06;2016-01-01;1;GRAMAZON GRANITOS DA AMAZÔNIA S.A.;516996;FCA;59637;2016-09-14;http://www.rad.cvm.gov.br/ENETCONSULTA/frmDownloadDocumento.aspx?CodigoInstituicao=1&NumeroSequencialDocumento=59637
84.683.374/0001-49;2016-01-01;1;TUPY S.A.;006343;FCA;53253;2016-02-05;http://www.rad.cvm.gov.br/ENETCONSULTA/frmDownloadDocumento.aspx?CodigoInstituicao=1&NumeroSequencialDocumento=53253
84.683.374/0001-49;2016-01-01;2;TUPY S.A.;006343;FCA;55396;2016-05-02;http://www.rad.cvm.gov.br/ENETCONSULTA/frmDownloadDocumento.aspx?CodigoInstituicao=1&NumeroSequencialDocumento=55396
84.683.408/0001-03;2016-01-01;1;DOHLER S.A.;005207;FCA;54352;2016-03-23;http://www.rad.cvm.gov.br/ENETCONSULTA/frmDownloadDocumento.aspx?CodigoInstituicao=1&NumeroSequencialDocumento=54352
84.683.408/0001-03;2016-01-01;2;DOHLER S.A.;005207;FCA;55804;2016-05-09;http://www.rad.cvm.gov.br/ENETCONSULTA/frmDownloadDocumento.aspx?CodigoInstituicao=1&NumeroSequencialDocumento=55804
84.683.671/0001-94;2016-01-01;1;WETZEL S.A.;011991;FCA;52958;2016-01-19;http://www.rad.cvm.gov.br/ENETCONSULTA/frmDownloadDocumento.aspx?CodigoInstituicao=1&NumeroSequencialDocumento=52958
84.683.671/0001-94;2016-01-01;2;WETZEL S.A.;011991;FCA;54508;2016-03-28;http://www.rad.cvm.gov.br/ENETCONSULTA/frmDownloadDocumento.aspx?CodigoInstituicao=1&NumeroSequencialDocumento=54508
84.683.671/0001-94;2016-01-01;3;WETZEL S.A.;011991;FCA;55157;2016-04-18;http://www.rad.cvm.gov.br/ENETCONSULTA/frmDownloadDocumento.aspx?CodigoInstituicao=1&NumeroSequencialDocumento=55157
84.683.671/0001-94;2016-01-01;4;WETZEL S.A.;011991;FCA;56895;2016-05-27;http://www.rad.cvm.gov.br/ENETCONSULTA/frmDownloadDocumento.aspx?CodigoInstituicao=1&NumeroSequencialDocumento=56895
84.683.671/0001-94;2016-01-01;5;WETZEL S.A.;011991;FCA;57552;2016-06-03;http://www.rad.cvm.gov.br/ENETCONSULTA/frmDownloadDocumento.aspx?CodigoInstituicao=1&NumeroSequencialDocumento=57552
84.693.183/0001-68;2016-01-01;1;SCHULZ S.A.;014664;FCA;53099;2016-01-29;http://www.rad.cvm.gov.br/ENETCONSULTA/frmDownloadDocumento.aspx?CodigoInstituicao=1&NumeroSequencialDocumento=53099
84.693.183/0001-68;2016-01-01;2;SCHULZ S.A.;014664;FCA;53900;2016-03-08;http://www.rad.cvm.gov.br/ENETCONSULTA/frmDownloadDocumento.aspx?CodigoInstituicao=1&NumeroSequencialDocumento=53900
84.693.183/0001-68;2016-01-01;3;SCHULZ S.A.;014664;FCA;55661;2016-05-06;http://www.rad.cvm.gov.br/ENETCONSULTA/frmDownloadDocumento.aspx?CodigoInstituicao=1&NumeroSequencialDocumento=55661
85.041.333/0001-11;2016-01-01;1;PORTO PONTA DO FELIX S/A;015407;FCA;54568;2016-03-29;http://www.rad.cvm.gov.br/ENETCONSULTA/frmDownloadDocumento.aspx?CodigoInstituicao=1&NumeroSequencialDocumento=54568
85.041.333/0001-11;2016-01-01;2;PORTO PONTA DO FELIX S/A;015407;FCA;55472;2016-05-03;http://www.rad.cvm.gov.br/ENETCONSULTA/frmDownloadDocumento.aspx?CodigoInstituicao=1&NumeroSequencialDocumento=55472
85.778.074/0001-06;2016-01-01;1;METALURGICA RIOSULENSE S.A.;013439;FCA;54554;2016-03-29;http://www.rad.cvm.gov.br/ENETCONSULTA/frmDownloadDocumento.aspx?CodigoInstituicao=1&NumeroSequencialDocumento=54554
86.375.425/0001-09;2016-01-01;1;METISA METALURGICA TIMBOENSE S.A.;008753;FCA;52989;2016-01-21;http://www.rad.cvm.gov.br/ENETCONSULTA/frmDownloadDocumento.aspx?CodigoInstituicao=1&NumeroSequencialDocumento=52989
86.375.425/0001-09;2016-01-01;2;METISA METALURGICA TIMBOENSE S.A.;008753;FCA;54401;2016-03-24;http://www.rad.cvm.gov.br/ENETCONSULTA/frmDownloadDocumento.aspx?CodigoInstituicao=1&NumeroSequencialDocumento=54401
86.375.425/0001-09;2016-01-01;3;METISA METALURGICA TIMBOENSE S.A.;008753;FCA;55827;2016-05-09;http://www.rad.cvm.gov.br/ENETCONSULTA/frmDownloadDocumento.aspx?CodigoInstituicao=1&NumeroSequencialDocumento=55827
86.550.951/0001-50;2016-01-01;1;POMIFRUTAS S/A EM RECUPERACAO JUDICIAL;019658;FCA;52911;2016-01-15;http://www.rad.cvm.gov.br/ENETCONSULTA/frmDownloadDocumento.aspx?CodigoInstituicao=1&NumeroSequencialDocumento=52911
86.550.951/0001-50;2016-01-01;2;POMIFRUTAS S/A EM RECUPERACAO JUDICIAL;019658;FCA;54868;2016-03-31;http://www.rad.cvm.gov.br/ENETCONSULTA/frmDownloadDocumento.aspx?CodigoInstituicao=1&NumeroSequencialDocumento=54868
86.550.951/0001-50;2016-01-01;3;POMIFRUTAS S/A EM RECUPERACAO JUDICIAL;019658;FCA;61070;2016-11-16;http://www.rad.cvm.gov.br/ENETCONSULTA/frmDownloadDocumento.aspx?CodigoInstituicao=1&NumeroSequencialDocumento=61070
87.043.832/0001-73;2016-01-01;1;SEIVA S.A. - FLORESTAS E INDÚSTRIAS;010561;FCA;53630;2016-02-25;http://www.rad.cvm.gov.br/ENETCONSULTA/frmDownloadDocumento.aspx?CodigoInstituicao=1&NumeroSequencialDocumento=53630
87.456.562/0001-22;2016-01-01;1;JOSAPAR-JOAQUIM OLIVEIRA S.A. - PARTICIP;013285;FCA;54422;2016-03-24;http://www.rad.cvm.gov.br/ENETCONSULTA/frmDownloadDocumento.aspx?CodigoInstituicao=1&NumeroSequencialDocumento=54422
87.456.562/0001-22;2016-01-01;2;JOSAPAR-JOAQUIM OLIVEIRA S.A. - PARTICIP;013285;FCA;56625;2016-05-17;http://www.rad.cvm.gov.br/ENETCONSULTA/frmDownloadDocumento.aspx?CodigoInstituicao=1&NumeroSequencialDocumento=56625
87.456.562/0001-22;2016-01-01;3;JOSAPAR-JOAQUIM OLIVEIRA S.A. - PARTICIP;013285;FCA;58433;2016-08-03;http://www.rad.cvm.gov.br/ENETCONSULTA/frmDownloadDocumento.aspx?CodigoInstituicao=1&NumeroSequencialDocumento=58433
87.762.563/0001-03;2016-01-01;1;CIA HABITASUL DE PARTICIPACOES;003298;FCA;52933;2016-01-18;http://www.rad.cvm.gov.br/ENETCONSULTA/frmDownloadDocumento.aspx?CodigoInstituicao=1&NumeroSequencialDocumento=52933
88.610.126/0001-29;2016-01-01;1;FRAS-LE S.A.;006211;FCA;52895;2016-01-14;http://www.rad.cvm.gov.br/ENETCONSULTA/frmDownloadDocumento.aspx?CodigoInstituicao=1&NumeroSequencialDocumento=52895
88.610.126/0001-29;2016-01-01;2;FRAS-LE S.A.;006211;FCA;56847;2016-05-25;http://www.rad.cvm.gov.br/ENETCONSULTA/frmDownloadDocumento.aspx?CodigoInstituicao=1&NumeroSequencialDocumento=56847
88.610.126/0001-29;2016-01-01;3;FRAS-LE S.A.;006211;FCA;60290;2016-11-01;http://www.rad.cvm.gov.br/ENETCONSULTA/frmDownloadDocumento.aspx?CodigoInstituicao=1&NumeroSequencialDocumento=60290
88.610.191/0001-54;2016-01-01;1;MUNDIAL S.A. - PRODUTOS DE CONSUMO;005312;FCA;53687;2016-02-26;http://www.rad.cvm.gov.br/ENETCONSULTA/frmDownloadDocumento.aspx?CodigoInstituicao=1&NumeroSequencialDocumento=53687
88.611.835/0001-29;2016-01-01;1;MARCOPOLO S.A.;008451;FCA;52708;2016-01-06;http://www.rad.cvm.gov.br/ENETCONSULTA/frmDownloadDocumento.aspx?CodigoInstituicao=1&NumeroSequencialDocumento=52708
88.611.835/0001-29;2016-01-01;2;MARCOPOLO S.A.;008451;FCA;55432;2016-05-02;http://www.rad.cvm.gov.br/ENETCONSULTA/frmDownloadDocumento.aspx?CodigoInstituicao=1&NumeroSequencialDocumento=55432
88.611.835/0001-29;2016-01-01;3;MARCOPOLO S.A.;008451;FCA;56926;2016-05-30;http://www.rad.cvm.gov.br/ENETCONSULTA/frmDownloadDocumento.aspx?CodigoInstituicao=1&NumeroSequencialDocumento=56926
88.613.658/0001-10;2016-01-01;1;PETTENATI S.A. INDUSTRIA TEXTIL;009539;FCA;53356;2016-02-13;http://www.rad.cvm.gov.br/ENETCONSULTA/frmDownloadDocumento.aspx?CodigoInstituicao=1&NumeroSequencialDocumento=53356
88.613.658/0001-10;2016-01-01;2;PETTENATI S.A. INDUSTRIA TEXTIL;009539;FCA;61454;2016-12-13;http://www.rad.cvm.gov.br/ENETCONSULTA/frmDownloadDocumento.aspx?CodigoInstituicao=1&NumeroSequencialDocumento=61454
89.086.144/0001-16;2016-01-01;1;RANDON S.A. IMPLEMENTOS E PARTICIPACOES;014109;FCA;52804;2016-01-11;http://www.rad.cvm.gov.br/ENETCONSULTA/frmDownloadDocumento.aspx?CodigoInstituicao=1&NumeroSequencialDocumento=52804
89.086.144/0001-16;2016-01-01;2;RANDON S.A. IMPLEMENTOS E PARTICIPACOES;014109;FCA;56927;2016-05-30;http://www.rad.cvm.gov.br/ENETCONSULTA/frmDownloadDocumento.aspx?CodigoInstituicao=1&NumeroSequencialDocumento=56927
89.086.144/0001-16;2016-01-01;3;RANDON S.A. IMPLEMENTOS E PARTICIPACOES;014109;FCA;60288;2016-11-01;http://www.rad.cvm.gov.br/ENETCONSULTA/frmDownloadDocumento.aspx?CodigoInstituicao=1&NumeroSequencialDocumento=60288
89.096.457/0001-55;2016-01-01;1;SLC AGRICOLA S.A.;020745;FCA;53949;2016-03-09;http://www.rad.cvm.gov.br/ENETCONSULTA/frmDownloadDocumento.aspx?CodigoInstituicao=1&NumeroSequencialDocumento=53949
89.463.822/0001-12;2016-01-01;1;LUPATECH S.A;020060;FCA;54544;2016-03-29;http://www.rad.cvm.gov.br/ENETCONSULTA/frmDownloadDocumento.aspx?CodigoInstituicao=1&NumeroSequencialDocumento=54544
89.463.822/0001-12;2016-01-01;2;LUPATECH S.A;020060;FCA;56701;2016-05-19;http://www.rad.cvm.gov.br/ENETCONSULTA/frmDownloadDocumento.aspx?CodigoInstituicao=1&NumeroSequencialDocumento=56701
89.463.822/0001-12;2016-01-01;3;LUPATECH S.A;020060;FCA;61314;2016-11-30;http://www.rad.cvm.gov.br/ENETCONSULTA/frmDownloadDocumento.aspx?CodigoInstituicao=1&NumeroSequencialDocumento=61314
89.547.269/0001-04;2016-01-01;1;DIGITEL SA INDUSTRIA ELETRONICA;012858;FCA;55508;2016-05-03;http://www.rad.cvm.gov.br/ENETCONSULTA/frmDownloadDocumento.aspx?CodigoInstituicao=1&NumeroSequencialDocumento=55508
89.637.490/0001-45;2016-01-01;1;KLABIN S.A.;012653;FCA;52751;2016-01-07;http://www.rad.cvm.gov.br/ENETCONSULTA/frmDownloadDocumento.aspx?CodigoInstituicao=1&NumeroSequencialDocumento=52751
89.637.490/0001-45;2016-01-01;2;KLABIN S.A.;012653;FCA;58239;2016-07-25;http://www.rad.cvm.gov.br/ENETCONSULTA/frmDownloadDocumento.aspx?CodigoInstituicao=1&NumeroSequencialDocumento=58239
89.723.993/0001-33;2016-01-01;1;CONSTRUTORA SULTEPA S.A. - EM RECUPERAÇÃO JUDICIAL;013030;FCA;53634;2016-02-25;http://www.rad.cvm.gov.br/ENETCONSULTA/frmDownloadDocumento.aspx?CodigoInstituicao=1&NumeroSequencialDocumento=53634
89.850.341/0001-60;2016-01-01;1;GRENDENE S.A.;019615;FCA;52734;2016-01-07;http://www.rad.cvm.gov.br/ENETCONSULTA/frmDownloadDocumento.aspx?CodigoInstituicao=1&NumeroSequencialDocumento=52734
89.850.341/0001-60;2016-01-01;2;GRENDENE S.A.;019615;FCA;55669;2016-05-06;http://www.rad.cvm.gov.br/ENETCONSULTA/frmDownloadDocumento.aspx?CodigoInstituicao=1&NumeroSequencialDocumento=55669
89.850.341/0001-60;2016-01-01;3;GRENDENE S.A.;019615;FCA;61115;2016-11-17;http://www.rad.cvm.gov.br/ENETCONSULTA/frmDownloadDocumento.aspx?CodigoInstituicao=1&NumeroSequencialDocumento=61115
90.076.886/0001-40;2016-01-01;1;MINUPAR PARTICIPACOES S.A.;013765;FCA;53985;2016-03-10;http://www.rad.cvm.gov.br/ENETCONSULTA/frmDownloadDocumento.aspx?CodigoInstituicao=1&NumeroSequencialDocumento=53985
90.076.886/0001-40;2016-01-01;2;MINUPAR PARTICIPACOES S.A.;013765;FCA;55163;2016-04-19;http://www.rad.cvm.gov.br/ENETCONSULTA/frmDownloadDocumento.aspx?CodigoInstituicao=1&NumeroSequencialDocumento=55163
90.076.886/0001-40;2016-01-01;3;MINUPAR PARTICIPACOES S.A.;013765;FCA;57555;2016-06-03;http://www.rad.cvm.gov.br/ENETCONSULTA/frmDownloadDocumento.aspx?CodigoInstituicao=1&NumeroSequencialDocumento=57555
90.400.888/0001-42;2016-01-01;1;BCO SANTANDER (BRASIL) S.A.;020532;FCA;52886;2016-01-13;http://www.rad.cvm.gov.br/ENETCONSULTA/frmDownloadDocumento.aspx?CodigoInstituicao=1&NumeroSequencialDocumento=52886
90.400.888/0001-42;2016-01-01;2;BCO SANTANDER (BRASIL) S.A.;020532;FCA;54346;2016-03-23;http://www.rad.cvm.gov.br/ENETCONSULTA/frmDownloadDocumento.aspx?CodigoInstituicao=1&NumeroSequencialDocumento=54346
90.400.888/0001-42;2016-01-01;3;BCO SANTANDER (BRASIL) S.A.;020532;FCA;59662;2016-09-16;http://www.rad.cvm.gov.br/ENETCONSULTA/frmDownloadDocumento.aspx?CodigoInstituicao=1&NumeroSequencialDocumento=59662
90.441.460/0001-48;2016-01-01;1;UNICASA INDÚSTRIA DE MÓVEIS S.A.;022780;FCA;54152;2016-03-17;http://www.rad.cvm.gov.br/ENETCONSULTA/frmDownloadDocumento.aspx?CodigoInstituicao=1&NumeroSequencialDocumento=54152
90.441.460/0001-48;2016-01-01;2;UNICASA INDÚSTRIA DE MÓVEIS S.A.;022780;FCA;55585;2016-05-05;http://www.rad.cvm.gov.br/ENETCONSULTA/frmDownloadDocumento.aspx?CodigoInstituicao=1&NumeroSequencialDocumento=55585
90.441.460/0001-48;2016-01-01;3;UNICASA INDÚSTRIA DE MÓVEIS S.A.;022780;FCA;60482;2016-11-09;http://www.rad.cvm.gov.br/ENETCONSULTA/frmDownloadDocumento.aspx?CodigoInstituicao=1&NumeroSequencialDocumento=60482
91.333.666/0001-17;2016-01-01;1;RECRUSUL S.A.;012572;FCA;53884;2016-03-07;http://www.rad.cvm.gov.br/ENETCONSULTA/frmDownloadDocumento.aspx?CodigoInstituicao=1&NumeroSequencialDocumento=53884
91.333.666/0001-17;2016-01-01;2;RECRUSUL S.A.;012572;FCA;59448;2016-08-31;http://www.rad.cvm.gov.br/ENETCONSULTA/frmDownloadDocumento.aspx?CodigoInstituicao=1&NumeroSequencialDocumento=59448
91.333.666/0001-17;2016-01-01;3;RECRUSUL S.A.;012572;FCA;59464;2016-09-01;http://www.rad.cvm.gov.br/ENETCONSULTA/frmDownloadDocumento.aspx?CodigoInstituicao=1&NumeroSequencialDocumento=59464
91.333.666/0001-17;2016-01-01;4;RECRUSUL S.A.;012572;FCA;59470;2016-09-02;http://www.rad.cvm.gov.br/ENETCONSULTA/frmDownloadDocumento.aspx?CodigoInstituicao=1&NumeroSequencialDocumento=59470
91.333.666/0001-17;2016-01-01;5;RECRUSUL S.A.;012572;FCA;59670;2016-09-16;http://www.rad.cvm.gov.br/ENETCONSULTA/frmDownloadDocumento.aspx?CodigoInstituicao=1&NumeroSequencialDocumento=59670
91.333.666/0001-17;2016-01-01;6;RECRUSUL S.A.;012572;FCA;61270;2016-11-28;http://www.rad.cvm.gov.br/ENETCONSULTA/frmDownloadDocumento.aspx?CodigoInstituicao=1&NumeroSequencialDocumento=61270
91.669.747/0001-92;2016-01-01;1;DM FINANCEIRA S.A. - CRÉDITO, FINANCIAMENTO E INVESTIMENTO;006076;FCA;53071;2016-01-27;http://www.rad.cvm.gov.br/ENETCONSULTA/frmDownloadDocumento.aspx?CodigoInstituicao=1&NumeroSequencialDocumento=53071
91.669.747/0001-92;2016-01-01;2;DM FINANCEIRA S.A. - CRÉDITO, FINANCIAMENTO E INVESTIMENTO;006076;FCA;55599;2016-05-05;http://www.rad.cvm.gov.br/ENETCONSULTA/frmDownloadDocumento.aspx?CodigoInstituicao=1&NumeroSequencialDocumento=55599
91.820.068/0001-72;2016-01-01;1;ÉVORA SA;013412;FCA;53101;2016-01-29;http://www.rad.cvm.gov.br/ENETCONSULTA/frmDownloadDocumento.aspx?CodigoInstituicao=1&NumeroSequencialDocumento=53101
91.820.068/0001-72;2016-01-01;2;ÉVORA SA;013412;FCA;53141;2016-02-01;http://www.rad.cvm.gov.br/ENETCONSULTA/frmDownloadDocumento.aspx?CodigoInstituicao=1&NumeroSequencialDocumento=53141
91.983.056/0001-69;2016-01-01;1;KEPLER WEBER S.A.;007870;FCA;52953;2016-01-19;http://www.rad.cvm.gov.br/ENETCONSULTA/frmDownloadDocumento.aspx?CodigoInstituicao=1&NumeroSequencialDocumento=52953
92.012.467/0001-70;2016-01-01;1;GRAZZIOTIN S.A.;004537;FCA;53697;2016-02-26;http://www.rad.cvm.gov.br/ENETCONSULTA/frmDownloadDocumento.aspx?CodigoInstituicao=1&NumeroSequencialDocumento=53697
92.660.570/0001-26;2016-01-01;1;TREVISA INVESTIMENTOS S.A.;008192;FCA;54221;2016-03-21;http://www.rad.cvm.gov.br/ENETCONSULTA/frmDownloadDocumento.aspx?CodigoInstituicao=1&NumeroSequencialDocumento=54221
92.660.570/0001-26;2016-01-01;2;TREVISA INVESTIMENTOS S.A.;008192;FCA;56024;2016-05-11;http://www.rad.cvm.gov.br/ENETCONSULTA/frmDownloadDocumento.aspx?CodigoInstituicao=1&NumeroSequencialDocumento=56024
92.665.611/0001-77;2016-01-01;1;DIMED S.A. DISTRIBUIDORA DE MEDICAMENTOS;009342;FCA;54590;2016-03-29;http://www.rad.cvm.gov.br/ENETCONSULTA/frmDownloadDocumento.aspx?CodigoInstituicao=1&NumeroSequencialDocumento=54590
92.665.611/0001-77;2016-01-01;2;DIMED S.A. DISTRIBUIDORA DE MEDICAMENTOS;009342;FCA;57070;2016-05-31;http://www.rad.cvm.gov.br/ENETCONSULTA/frmDownloadDocumento.aspx?CodigoInstituicao=1&NumeroSequencialDocumento=57070
92.665.611/0001-77;2016-01-01;3;DIMED S.A. DISTRIBUIDORA DE MEDICAMENTOS;009342;FCA;61578;2016-12-22;http://www.rad.cvm.gov.br/ENETCONSULTA/frmDownloadDocumento.aspx?CodigoInstituicao=1&NumeroSequencialDocumento=61578
92.690.783/0001-09;2016-01-01;1;METALURGICA GERDAU S.A.;008656;FCA;53624;2016-02-25;http://www.rad.cvm.gov.br/ENETCONSULTA/frmDownloadDocumento.aspx?CodigoInstituicao=1&NumeroSequencialDocumento=53624
92.693.019/0001-89;2016-01-01;1;PANATLANTICA S.A.;000094;FCA;53493;2016-02-19;http://www.rad.cvm.gov.br/ENETCONSULTA/frmDownloadDocumento.aspx?CodigoInstituicao=1&NumeroSequencialDocumento=53493
92.702.067/0001-96;2016-01-01;1;BCO ESTADO DO RIO GRANDE DO SUL S.A.;001210;FCA;53020;2016-01-22;http://www.rad.cvm.gov.br/ENETCONSULTA/frmDownloadDocumento.aspx?CodigoInstituicao=1&NumeroSequencialDocumento=53020
92.702.067/0001-96;2016-01-01;2;BCO ESTADO DO RIO GRANDE DO SUL S.A.;001210;FCA;55083;2016-04-11;http://www.rad.cvm.gov.br/ENETCONSULTA/frmDownloadDocumento.aspx?CodigoInstituicao=1&NumeroSequencialDocumento=55083
92.702.067/0001-96;2016-01-01;3;BCO ESTADO DO RIO GRANDE DO SUL S.A.;001210;FCA;55468;2016-05-03;http://www.rad.cvm.gov.br/ENETCONSULTA/frmDownloadDocumento.aspx?CodigoInstituicao=1&NumeroSequencialDocumento=55468
92.715.812/0001-31;2016-01-01;1;CIA ESTADUAL DE TRANSMISSÃO DE ENERGIA ELETRICA - CEEE-T;003204;FCA;52712;2016-01-06;http://www.rad.cvm.gov.br/ENETCONSULTA/frmDownloadDocumento.aspx?CodigoInstituicao=1&NumeroSequencialDocumento=52712
92.721.232/0001-57;2016-01-01;1;BANRISUL ARMAZENS GERAIS SA;015822;FCA;54511;2016-03-28;http://www.rad.cvm.gov.br/ENETCONSULTA/frmDownloadDocumento.aspx?CodigoInstituicao=1&NumeroSequencialDocumento=54511
92.721.232/0001-57;2016-01-01;2;BANRISUL ARMAZENS GERAIS SA;015822;FCA;55048;2016-04-08;http://www.rad.cvm.gov.br/ENETCONSULTA/frmDownloadDocumento.aspx?CodigoInstituicao=1&NumeroSequencialDocumento=55048
92.721.232/0001-57;2016-01-01;3;BANRISUL ARMAZENS GERAIS SA;015822;FCA;55583;2016-05-05;http://www.rad.cvm.gov.br/ENETCONSULTA/frmDownloadDocumento.aspx?CodigoInstituicao=1&NumeroSequencialDocumento=55583
92.749.225/0001-63;2016-01-01;1;HERCULES S.A. FABRICA DE TALHERES;006629;FCA;56782;2016-05-21;http://www.rad.cvm.gov.br/ENETCONSULTA/frmDownloadDocumento.aspx?CodigoInstituicao=1&NumeroSequencialDocumento=56782
92.754.738/0001-62;2016-01-01;1;LOJAS RENNER S.A.;008133;FCA;52839;2016-01-12;http://www.rad.cvm.gov.br/ENETCONSULTA/frmDownloadDocumento.aspx?CodigoInstituicao=1&NumeroSequencialDocumento=52839
92.781.335/0001-02;2016-01-01;1;TAURUS ARMAS S.A.;006173;FCA;52819;2016-01-11;http://www.rad.cvm.gov.br/ENETCONSULTA/frmDownloadDocumento.aspx?CodigoInstituicao=1&NumeroSequencialDocumento=52819
92.781.335/0001-02;2016-01-01;2;TAURUS ARMAS S.A.;006173;FCA;54199;2016-03-18;http://www.rad.cvm.gov.br/ENETCONSULTA/frmDownloadDocumento.aspx?CodigoInstituicao=1&NumeroSequencialDocumento=54199
92.791.243/0001-03;2016-01-01;1;IRANI PAPEL E EMBALAGEM S.A.;002429;FCA;53286;2016-02-10;http://www.rad.cvm.gov.br/ENETCONSULTA/frmDownloadDocumento.aspx?CodigoInstituicao=1&NumeroSequencialDocumento=53286
92.791.243/0001-03;2016-01-01;2;IRANI PAPEL E EMBALAGEM S.A.;002429;FCA;53872;2016-03-07;http://www.rad.cvm.gov.br/ENETCONSULTA/frmDownloadDocumento.aspx?CodigoInstituicao=1&NumeroSequencialDocumento=53872
92.791.243/0001-03;2016-01-01;3;IRANI PAPEL E EMBALAGEM S.A.;002429;FCA;56810;2016-05-24;http://www.rad.cvm.gov.br/ENETCONSULTA/frmDownloadDocumento.aspx?CodigoInstituicao=1&NumeroSequencialDocumento=56810
92.802.784/0001-90;2016-01-01;1;CIA RIOGRANDENSE DE SANEAMENTO;016748;FCA;53137;2016-02-01;http://www.rad.cvm.gov.br/ENETCONSULTA/frmDownloadDocumento.aspx?CodigoInstituicao=1&NumeroSequencialDocumento=53137
92.859.974/0001-43;2016-01-01;1;ALTUS SISTEMAS DE AUTOMAÇÃO S.A.;023183;FCA;53203;2016-02-04;http://www.rad.cvm.gov.br/ENETCONSULTA/frmDownloadDocumento.aspx?CodigoInstituicao=1&NumeroSequencialDocumento=53203
92.859.974/0001-43;2016-01-01;2;ALTUS SISTEMAS DE AUTOMAÇÃO S.A.;023183;FCA;58978;2016-08-12;http://www.rad.cvm.gov.br/ENETCONSULTA/frmDownloadDocumento.aspx?CodigoInstituicao=1&NumeroSequencialDocumento=58978
92.929.520/0001-00;2016-01-01;1;SPRINGER S.A.;010960;FCA;54858;2016-03-31;http://www.rad.cvm.gov.br/ENETCONSULTA/frmDownloadDocumento.aspx?CodigoInstituicao=1&NumeroSequencialDocumento=54858
93.828.986/0001-73;2016-01-01;1;CEMEPE INVESTIMENTOS S.A.;013854;FCA;54695;2016-03-30;http://www.rad.cvm.gov.br/ENETCONSULTA/frmDownloadDocumento.aspx?CodigoInstituicao=1&NumeroSequencialDocumento=54695
93.828.986/0001-73;2016-01-01;2;CEMEPE INVESTIMENTOS S.A.;013854;FCA;57115;2016-05-31;http://www.rad.cvm.gov.br/ENETCONSULTA/frmDownloadDocumento.aspx?CodigoInstituicao=1&NumeroSequencialDocumento=57115
93.828.986/0001-73;2016-01-01;3;CEMEPE INVESTIMENTOS S.A.;013854;FCA;57684;2016-06-14;http://www.rad.cvm.gov.br/ENETCONSULTA/frmDownloadDocumento.aspx?CodigoInstituicao=1&NumeroSequencialDocumento=57684
95.426.862/0001-97;2016-01-01;1;EXCELSIOR ALIMENTOS S.A.;001570;FCA;52968;2016-01-20;http://www.rad.cvm.gov.br/ENETCONSULTA/frmDownloadDocumento.aspx?CodigoInstituicao=1&NumeroSequencialDocumento=52968
97.191.902/0001-94;2016-01-01;1;CONSERVAS ODERICH S.A.;004693;FCA;54348;2016-03-23;http://www.rad.cvm.gov.br/ENETCONSULTA/frmDownloadDocumento.aspx?CodigoInstituicao=1&NumeroSequencialDocumento=54348
97.837.181/0001-47;2016-01-01;1;DEXCO S.A.;021091;FCA;53352;2016-02-12;http://www.rad.cvm.gov.br/ENETCONSULTA/frmDownloadDocumento.aspx?CodigoInstituicao=1&NumeroSequencialDocumento=53352
97.837.181/0001-47;2016-01-01;2;DEXCO S.A.;021091;FCA;58676;2016-08-10;http://www.rad.cvm.gov.br/ENETCONSULTA/frmDownloadDocumento.aspx?CodigoInstituicao=1&NumeroSequencialDocumento=58676
97.837.181/0001-47;2016-01-01;3;DEXCO S.A.;021091;FCA;59404;2016-08-26;http://www.rad.cvm.gov.br/ENETCONSULTA/frmDownloadDocumento.aspx?CodigoInstituicao=1&NumeroSequencialDocumento=59404
