CNPJ_CIA;DT_REFER;VERSAO;DENOM_CIA;CD_CVM;CATEG_DOC;ID_DOC;DT_RECEB;LINK_DOC
00.000.000/0001-91;2014-01-01;1;BCO BRASIL S.A.;001023;FCA;34509;2014-02-12;http://www.rad.cvm.gov.br/ENETCONSULTA/frmDownloadDocumento.aspx?CodigoInstituicao=1&NumeroSequencialDocumento=34509
00.000.000/0001-91;2014-01-01;2;BCO BRASIL S.A.;001023;FCA;35586;2014-03-27;http://www.rad.cvm.gov.br/ENETCONSULTA/frmDownloadDocumento.aspx?CodigoInstituicao=1&NumeroSequencialDocumento=35586
00.000.000/0001-91;2014-01-01;3;BCO BRASIL S.A.;001023;FCA;38177;2014-05-23;http://www.rad.cvm.gov.br/ENETCONSULTA/frmDownloadDocumento.aspx?CodigoInstituicao=1&NumeroSequencialDocumento=38177
00.000.000/0001-91;2014-01-01;4;BCO BRASIL S.A.;001023;FCA;42782;2014-11-19;http://www.rad.cvm.gov.br/ENETCONSULTA/frmDownloadDocumento.aspx?CodigoInstituicao=1&NumeroSequencialDocumento=42782
00.000.000/0001-91;2014-01-01;5;BCO BRASIL S.A.;001023;FCA;42786;2014-11-19;http://www.rad.cvm.gov.br/ENETCONSULTA/frmDownloadDocumento.aspx?CodigoInstituicao=1&NumeroSequencialDocumento=42786
00.000.208/0001-00;2014-01-01;1;BRB BANCO DE BRASILIA S.A.;014206;FCA;34101;2014-01-22;http://www.rad.cvm.gov.br/ENETCONSULTA/frmDownloadDocumento.aspx?CodigoInstituicao=1&NumeroSequencialDocumento=34101
00.000.208/0001-00;2014-01-01;2;BRB BANCO DE BRASILIA S.A.;014206;FCA;34235;2014-01-30;http://www.rad.cvm.gov.br/ENETCONSULTA/frmDownloadDocumento.aspx?CodigoInstituicao=1&NumeroSequencialDocumento=34235
00.000.208/0001-00;2014-01-01;3;BRB BANCO DE BRASILIA S.A.;014206;FCA;34986;2014-03-05;http://www.rad.cvm.gov.br/ENETCONSULTA/frmDownloadDocumento.aspx?CodigoInstituicao=1&NumeroSequencialDocumento=34986
00.000.208/0001-00;2014-01-01;4;BRB BANCO DE BRASILIA S.A.;014206;FCA;36282;2014-04-16;http://www.rad.cvm.gov.br/ENETCONSULTA/frmDownloadDocumento.aspx?CodigoInstituicao=1&NumeroSequencialDocumento=36282
00.000.208/0001-00;2014-01-01;5;BRB BANCO DE BRASILIA S.A.;014206;FCA;38171;2014-05-23;http://www.rad.cvm.gov.br/ENETCONSULTA/frmDownloadDocumento.aspx?CodigoInstituicao=1&NumeroSequencialDocumento=38171
00.000.208/0001-00;2014-01-01;6;BRB BANCO DE BRASILIA S.A.;014206;FCA;41564;2014-10-08;http://www.rad.cvm.gov.br/ENETCONSULTA/frmDownloadDocumento.aspx?CodigoInstituicao=1&NumeroSequencialDocumento=41564
00.000.208/0001-00;2014-01-01;7;BRB BANCO DE BRASILIA S.A.;014206;FCA;42217;2014-11-11;http://www.rad.cvm.gov.br/ENETCONSULTA/frmDownloadDocumento.aspx?CodigoInstituicao=1&NumeroSequencialDocumento=42217
00.001.180/0001-26;2014-01-01;1;CENTRAIS ELET BRAS S.A. - ELETROBRAS;002437;FCA;35661;2014-03-27;http://www.rad.cvm.gov.br/ENETCONSULTA/frmDownloadDocumento.aspx?CodigoInstituicao=1&NumeroSequencialDocumento=35661
00.001.180/0001-26;2014-01-01;2;CENTRAIS ELET BRAS S.A. - ELETROBRAS;002437;FCA;36034;2014-04-01;http://www.rad.cvm.gov.br/ENETCONSULTA/frmDownloadDocumento.aspx?CodigoInstituicao=1&NumeroSequencialDocumento=36034
00.001.180/0001-26;2014-01-01;3;CENTRAIS ELET BRAS S.A. - ELETROBRAS;002437;FCA;36215;2014-04-11;http://www.rad.cvm.gov.br/ENETCONSULTA/frmDownloadDocumento.aspx?CodigoInstituicao=1&NumeroSequencialDocumento=36215
00.001.180/0001-26;2014-01-01;4;CENTRAIS ELET BRAS S.A. - ELETROBRAS;002437;FCA;38250;2014-05-26;http://www.rad.cvm.gov.br/ENETCONSULTA/frmDownloadDocumento.aspx?CodigoInstituicao=1&NumeroSequencialDocumento=38250
00.001.180/0001-26;2014-01-01;5;CENTRAIS ELET BRAS S.A. - ELETROBRAS;002437;FCA;40284;2014-08-11;http://www.rad.cvm.gov.br/ENETCONSULTA/frmDownloadDocumento.aspx?CodigoInstituicao=1&NumeroSequencialDocumento=40284
00.070.698/0001-11;2014-01-01;1;COMPANHIA ENERGÉTICA DE BRASÍLIA - CEB;014451;FCA;34104;2014-01-22;http://www.rad.cvm.gov.br/ENETCONSULTA/frmDownloadDocumento.aspx?CodigoInstituicao=1&NumeroSequencialDocumento=34104
00.070.698/0001-11;2014-01-01;2;COMPANHIA ENERGÉTICA DE BRASÍLIA - CEB;014451;FCA;34202;2014-01-28;http://www.rad.cvm.gov.br/ENETCONSULTA/frmDownloadDocumento.aspx?CodigoInstituicao=1&NumeroSequencialDocumento=34202
00.070.698/0001-11;2014-01-01;3;COMPANHIA ENERGÉTICA DE BRASÍLIA - CEB;014451;FCA;34288;2014-02-03;http://www.rad.cvm.gov.br/ENETCONSULTA/frmDownloadDocumento.aspx?CodigoInstituicao=1&NumeroSequencialDocumento=34288
00.070.698/0001-11;2014-01-01;4;COMPANHIA ENERGÉTICA DE BRASÍLIA - CEB;014451;FCA;34380;2014-02-07;http://www.rad.cvm.gov.br/ENETCONSULTA/frmDownloadDocumento.aspx?CodigoInstituicao=1&NumeroSequencialDocumento=34380
00.070.698/0001-11;2014-01-01;5;COMPANHIA ENERGÉTICA DE BRASÍLIA - CEB;014451;FCA;39133;2014-06-03;http://www.rad.cvm.gov.br/ENETCONSULTA/frmDownloadDocumento.aspx?CodigoInstituicao=1&NumeroSequencialDocumento=39133
00.070.698/0001-11;2014-01-01;6;COMPANHIA ENERGÉTICA DE BRASÍLIA - CEB;014451;FCA;39510;2014-06-27;http://www.rad.cvm.gov.br/ENETCONSULTA/frmDownloadDocumento.aspx?CodigoInstituicao=1&NumeroSequencialDocumento=39510
00.070.698/0001-11;2014-01-01;7;COMPANHIA ENERGÉTICA DE BRASÍLIA - CEB;014451;FCA;41532;2014-10-06;http://www.rad.cvm.gov.br/ENETCONSULTA/frmDownloadDocumento.aspx?CodigoInstituicao=1&NumeroSequencialDocumento=41532
00.070.698/0001-11;2014-01-01;8;COMPANHIA ENERGÉTICA DE BRASÍLIA - CEB;014451;FCA;41700;2014-10-20;http://www.rad.cvm.gov.br/ENETCONSULTA/frmDownloadDocumento.aspx?CodigoInstituicao=1&NumeroSequencialDocumento=41700
00.070.698/0001-11;2014-01-01;9;COMPANHIA ENERGÉTICA DE BRASÍLIA - CEB;014451;FCA;41705;2014-10-20;http://www.rad.cvm.gov.br/ENETCONSULTA/frmDownloadDocumento.aspx?CodigoInstituicao=1&NumeroSequencialDocumento=41705
00.070.698/0001-11;2014-01-01;10;COMPANHIA ENERGÉTICA DE BRASÍLIA - CEB;014451;FCA;41735;2014-10-21;http://www.rad.cvm.gov.br/ENETCONSULTA/frmDownloadDocumento.aspx?CodigoInstituicao=1&NumeroSequencialDocumento=41735
00.070.698/0001-11;2014-01-01;11;COMPANHIA ENERGÉTICA DE BRASÍLIA - CEB;014451;FCA;41855;2014-10-29;http://www.rad.cvm.gov.br/ENETCONSULTA/frmDownloadDocumento.aspx?CodigoInstituicao=1&NumeroSequencialDocumento=41855
00.108.786/0001-65;2014-01-01;1;NET SERVIÇOS DE COMUNICAÇÃO S.A.;014621;FCA;33875;2014-01-08;http://www.rad.cvm.gov.br/ENETCONSULTA/frmDownloadDocumento.aspx?CodigoInstituicao=1&NumeroSequencialDocumento=33875
00.108.786/0001-65;2014-01-01;2;NET SERVIÇOS DE COMUNICAÇÃO S.A.;014621;FCA;36138;2014-04-07;http://www.rad.cvm.gov.br/ENETCONSULTA/frmDownloadDocumento.aspx?CodigoInstituicao=1&NumeroSequencialDocumento=36138
00.108.786/0001-65;2014-01-01;3;NET SERVIÇOS DE COMUNICAÇÃO S.A.;014621;FCA;38811;2014-05-30;http://www.rad.cvm.gov.br/ENETCONSULTA/frmDownloadDocumento.aspx?CodigoInstituicao=1&NumeroSequencialDocumento=38811
00.108.786/0001-65;2014-01-01;4;NET SERVIÇOS DE COMUNICAÇÃO S.A.;014621;FCA;39948;2014-07-29;http://www.rad.cvm.gov.br/ENETCONSULTA/frmDownloadDocumento.aspx?CodigoInstituicao=1&NumeroSequencialDocumento=39948
00.108.786/0001-65;2014-01-01;5;NET SERVIÇOS DE COMUNICAÇÃO S.A.;014621;FCA;39949;2014-07-29;http://www.rad.cvm.gov.br/ENETCONSULTA/frmDownloadDocumento.aspx?CodigoInstituicao=1&NumeroSequencialDocumento=39949
00.108.786/0001-65;2014-01-01;6;NET SERVIÇOS DE COMUNICAÇÃO S.A.;014621;FCA;42092;2014-11-06;http://www.rad.cvm.gov.br/ENETCONSULTA/frmDownloadDocumento.aspx?CodigoInstituicao=1&NumeroSequencialDocumento=42092
00.115.890/0001-87;2014-01-01;1;SHOPPING CENTER TACARUNA SA;015733;FCA;35791;2014-03-28;http://www.rad.cvm.gov.br/ENETCONSULTA/frmDownloadDocumento.aspx?CodigoInstituicao=1&NumeroSequencialDocumento=35791
00.115.890/0001-87;2014-01-01;2;SHOPPING CENTER TACARUNA SA;015733;FCA;39112;2014-06-02;http://www.rad.cvm.gov.br/ENETCONSULTA/frmDownloadDocumento.aspx?CodigoInstituicao=1&NumeroSequencialDocumento=39112
00.185.475/0001-08;2014-01-01;1;PARCOM PARTICIPACOES S.A. - EM LIQUIDAÇÃO;014680;FCA;36884;2014-05-07;http://www.rad.cvm.gov.br/ENETCONSULTA/frmDownloadDocumento.aspx?CodigoInstituicao=1&NumeroSequencialDocumento=36884
00.185.475/0001-08;2014-01-01;2;PARCOM PARTICIPACOES S.A. - EM LIQUIDAÇÃO;014680;FCA;38648;2014-05-30;http://www.rad.cvm.gov.br/ENETCONSULTA/frmDownloadDocumento.aspx?CodigoInstituicao=1&NumeroSequencialDocumento=38648
00.192.769/0001-59;2014-01-01;1;NEUMARKT TRADE AND FINANCIAL CENTER S/A;014613;FCA;33897;2014-01-09;http://www.rad.cvm.gov.br/ENETCONSULTA/frmDownloadDocumento.aspx?CodigoInstituicao=1&NumeroSequencialDocumento=33897
00.192.769/0001-59;2014-01-01;2;NEUMARKT TRADE AND FINANCIAL CENTER S/A;014613;FCA;38674;2014-05-30;http://www.rad.cvm.gov.br/ENETCONSULTA/frmDownloadDocumento.aspx?CodigoInstituicao=1&NumeroSequencialDocumento=38674
00.249.786/0001-85;2014-01-01;1;FORPART S.A. - EM LIQUIDAÇÃO;014796;FCA;36873;2014-05-07;http://www.rad.cvm.gov.br/ENETCONSULTA/frmDownloadDocumento.aspx?CodigoInstituicao=1&NumeroSequencialDocumento=36873
00.249.786/0001-85;2014-01-01;2;FORPART S.A. - EM LIQUIDAÇÃO;014796;FCA;38643;2014-05-30;http://www.rad.cvm.gov.br/ENETCONSULTA/frmDownloadDocumento.aspx?CodigoInstituicao=1&NumeroSequencialDocumento=38643
00.272.185/0001-93;2014-01-01;1;CIMS S.A.;014818;FCA;34239;2014-01-30;http://www.rad.cvm.gov.br/ENETCONSULTA/frmDownloadDocumento.aspx?CodigoInstituicao=1&NumeroSequencialDocumento=34239
00.272.185/0001-93;2014-01-01;2;CIMS S.A.;014818;FCA;38667;2014-05-30;http://www.rad.cvm.gov.br/ENETCONSULTA/frmDownloadDocumento.aspx?CodigoInstituicao=1&NumeroSequencialDocumento=38667
00.336.701/0001-04;2014-01-01;1;TELEC BRASILEIRAS S.A. TELEBRAS;011258;FCA;33859;2014-01-08;http://www.rad.cvm.gov.br/ENETCONSULTA/frmDownloadDocumento.aspx?CodigoInstituicao=1&NumeroSequencialDocumento=33859
00.336.701/0001-04;2014-01-01;2;TELEC BRASILEIRAS S.A. TELEBRAS;011258;FCA;33993;2014-01-15;http://www.rad.cvm.gov.br/ENETCONSULTA/frmDownloadDocumento.aspx?CodigoInstituicao=1&NumeroSequencialDocumento=33993
00.336.701/0001-04;2014-01-01;3;TELEC BRASILEIRAS S.A. TELEBRAS;011258;FCA;34019;2014-01-16;http://www.rad.cvm.gov.br/ENETCONSULTA/frmDownloadDocumento.aspx?CodigoInstituicao=1&NumeroSequencialDocumento=34019
00.336.701/0001-04;2014-01-01;4;TELEC BRASILEIRAS S.A. TELEBRAS;011258;FCA;34053;2014-01-20;http://www.rad.cvm.gov.br/ENETCONSULTA/frmDownloadDocumento.aspx?CodigoInstituicao=1&NumeroSequencialDocumento=34053
00.336.701/0001-04;2014-01-01;5;TELEC BRASILEIRAS S.A. TELEBRAS;011258;FCA;36725;2014-05-06;http://www.rad.cvm.gov.br/ENETCONSULTA/frmDownloadDocumento.aspx?CodigoInstituicao=1&NumeroSequencialDocumento=36725
00.354.053/0001-00;2014-01-01;1;KOSMOS COMÉRCIO DE VESTUÁRIO S/A - EM RECUPERAÇÃO JUDICIAL;015083;FCA;34189;2014-01-27;http://www.rad.cvm.gov.br/ENETCONSULTA/frmDownloadDocumento.aspx?CodigoInstituicao=1&NumeroSequencialDocumento=34189
00.354.053/0001-00;2014-01-01;2;KOSMOS COMÉRCIO DE VESTUÁRIO S/A - EM RECUPERAÇÃO JUDICIAL;015083;FCA;36721;2014-05-06;http://www.rad.cvm.gov.br/ENETCONSULTA/frmDownloadDocumento.aspx?CodigoInstituicao=1&NumeroSequencialDocumento=36721
00.359.742/0001-08;2014-01-01;1;ATOM EMPREENDIMENTOS E PARTICIPAÇÕES S.A.;015423;FCA;34071;2014-01-20;http://www.rad.cvm.gov.br/ENETCONSULTA/frmDownloadDocumento.aspx?CodigoInstituicao=1&NumeroSequencialDocumento=34071
00.359.742/0001-08;2014-01-01;2;ATOM EMPREENDIMENTOS E PARTICIPAÇÕES S.A.;015423;FCA;37248;2014-05-12;http://www.rad.cvm.gov.br/ENETCONSULTA/frmDownloadDocumento.aspx?CodigoInstituicao=1&NumeroSequencialDocumento=37248
00.359.742/0001-08;2014-01-01;3;ATOM EMPREENDIMENTOS E PARTICIPAÇÕES S.A.;015423;FCA;38647;2014-05-30;http://www.rad.cvm.gov.br/ENETCONSULTA/frmDownloadDocumento.aspx?CodigoInstituicao=1&NumeroSequencialDocumento=38647
00.359.742/0001-08;2014-01-01;4;ATOM EMPREENDIMENTOS E PARTICIPAÇÕES S.A.;015423;FCA;41354;2014-09-19;http://www.rad.cvm.gov.br/ENETCONSULTA/frmDownloadDocumento.aspx?CodigoInstituicao=1&NumeroSequencialDocumento=41354
00.383.281/0001-09;2014-01-01;1;BNDES PARTICIPACOES S.A. - BNDESPAR;016772;FCA;34951;2014-02-28;http://www.rad.cvm.gov.br/ENETCONSULTA/frmDownloadDocumento.aspx?CodigoInstituicao=1&NumeroSequencialDocumento=34951
00.383.281/0001-09;2014-01-01;2;BNDES PARTICIPACOES S.A. - BNDESPAR;016772;FCA;42839;2014-11-25;http://www.rad.cvm.gov.br/ENETCONSULTA/frmDownloadDocumento.aspx?CodigoInstituicao=1&NumeroSequencialDocumento=42839
00.514.998/0001-42;2014-01-01;1;ELETRON S.A.;016209;FCA;34300;2014-02-04;http://www.rad.cvm.gov.br/ENETCONSULTA/frmDownloadDocumento.aspx?CodigoInstituicao=1&NumeroSequencialDocumento=34300
00.514.998/0001-42;2014-01-01;2;ELETRON S.A.;016209;FCA;38592;2014-05-30;http://www.rad.cvm.gov.br/ENETCONSULTA/frmDownloadDocumento.aspx?CodigoInstituicao=1&NumeroSequencialDocumento=38592
00.514.998/0001-42;2014-01-01;3;ELETRON S.A.;016209;FCA;42042;2014-11-05;http://www.rad.cvm.gov.br/ENETCONSULTA/frmDownloadDocumento.aspx?CodigoInstituicao=1&NumeroSequencialDocumento=42042
00.545.378/0001-70;2014-01-01;1;SERRA AZUL WATER PARK SA;014966;FCA;34145;2014-01-25;http://www.rad.cvm.gov.br/ENETCONSULTA/frmDownloadDocumento.aspx?CodigoInstituicao=1&NumeroSequencialDocumento=34145
00.545.378/0001-70;2014-01-01;2;SERRA AZUL WATER PARK SA;014966;FCA;42889;2014-11-28;http://www.rad.cvm.gov.br/ENETCONSULTA/frmDownloadDocumento.aspx?CodigoInstituicao=1&NumeroSequencialDocumento=42889
00.622.416/0001-41;2014-01-01;1;STATKRAFT ENERGIAS RENOVAVEIS S.A.;022594;FCA;34405;2014-02-10;http://www.rad.cvm.gov.br/ENETCONSULTA/frmDownloadDocumento.aspx?CodigoInstituicao=1&NumeroSequencialDocumento=34405
00.622.416/0001-41;2014-01-01;2;STATKRAFT ENERGIAS RENOVAVEIS S.A.;022594;FCA;37349;2014-05-12;http://www.rad.cvm.gov.br/ENETCONSULTA/frmDownloadDocumento.aspx?CodigoInstituicao=1&NumeroSequencialDocumento=37349
00.622.416/0001-41;2014-01-01;3;STATKRAFT ENERGIAS RENOVAVEIS S.A.;022594;FCA;39078;2014-06-02;http://www.rad.cvm.gov.br/ENETCONSULTA/frmDownloadDocumento.aspx?CodigoInstituicao=1&NumeroSequencialDocumento=39078
00.622.416/0001-41;2014-01-01;4;STATKRAFT ENERGIAS RENOVAVEIS S.A.;022594;FCA;39080;2014-06-02;http://www.rad.cvm.gov.br/ENETCONSULTA/frmDownloadDocumento.aspx?CodigoInstituicao=1&NumeroSequencialDocumento=39080
00.644.907/0001-93;2014-01-01;1;INVESTCO S.A.;018589;FCA;34855;2014-02-26;http://www.rad.cvm.gov.br/ENETCONSULTA/frmDownloadDocumento.aspx?CodigoInstituicao=1&NumeroSequencialDocumento=34855
00.644.907/0001-93;2014-01-01;2;INVESTCO S.A.;018589;FCA;39119;2014-06-03;http://www.rad.cvm.gov.br/ENETCONSULTA/frmDownloadDocumento.aspx?CodigoInstituicao=1&NumeroSequencialDocumento=39119
00.649.881/0001-76;2014-01-01;1;GTD PARTICIPACOES SA;014915;FCA;34315;2014-02-04;http://www.rad.cvm.gov.br/ENETCONSULTA/frmDownloadDocumento.aspx?CodigoInstituicao=1&NumeroSequencialDocumento=34315
00.649.881/0001-76;2014-01-01;2;GTD PARTICIPACOES SA;014915;FCA;37471;2014-05-13;http://www.rad.cvm.gov.br/ENETCONSULTA/frmDownloadDocumento.aspx?CodigoInstituicao=1&NumeroSequencialDocumento=37471
00.649.881/0001-76;2014-01-01;3;GTD PARTICIPACOES SA;014915;FCA;40249;2014-08-08;http://www.rad.cvm.gov.br/ENETCONSULTA/frmDownloadDocumento.aspx?CodigoInstituicao=1&NumeroSequencialDocumento=40249
00.649.881/0001-76;2014-01-01;4;GTD PARTICIPACOES SA;014915;FCA;40913;2014-08-19;http://www.rad.cvm.gov.br/ENETCONSULTA/frmDownloadDocumento.aspx?CodigoInstituicao=1&NumeroSequencialDocumento=40913
00.743.065/0001-27;2014-01-01;1;LITEL PARTICIPACOES S.A.;015091;FCA;35908;2014-03-31;http://www.rad.cvm.gov.br/ENETCONSULTA/frmDownloadDocumento.aspx?CodigoInstituicao=1&NumeroSequencialDocumento=35908
00.743.065/0001-27;2014-01-01;2;LITEL PARTICIPACOES S.A.;015091;FCA;37461;2014-05-13;http://www.rad.cvm.gov.br/ENETCONSULTA/frmDownloadDocumento.aspx?CodigoInstituicao=1&NumeroSequencialDocumento=37461
00.743.065/0001-27;2014-01-01;3;LITEL PARTICIPACOES S.A.;015091;FCA;39387;2014-06-16;http://www.rad.cvm.gov.br/ENETCONSULTA/frmDownloadDocumento.aspx?CodigoInstituicao=1&NumeroSequencialDocumento=39387
00.776.574/0001-56;2014-01-01;1;AMERICANAS S.A. - EM RECUPERAÇÃO JUDICIAL;020990;FCA;33792;2014-01-03;http://www.rad.cvm.gov.br/ENETCONSULTA/frmDownloadDocumento.aspx?CodigoInstituicao=1&NumeroSequencialDocumento=33792
00.776.574/0001-56;2014-01-01;2;AMERICANAS S.A. - EM RECUPERAÇÃO JUDICIAL;020990;FCA;37034;2014-05-08;http://www.rad.cvm.gov.br/ENETCONSULTA/frmDownloadDocumento.aspx?CodigoInstituicao=1&NumeroSequencialDocumento=37034
00.861.626/0001-92;2014-01-01;1;CONC RODOVIA PRES. DUTRA S.A.;019577;FCA;35150;2014-03-12;http://www.rad.cvm.gov.br/ENETCONSULTA/frmDownloadDocumento.aspx?CodigoInstituicao=1&NumeroSequencialDocumento=35150
00.861.626/0001-92;2014-01-01;2;CONC RODOVIA PRES. DUTRA S.A.;019577;FCA;38794;2014-05-30;http://www.rad.cvm.gov.br/ENETCONSULTA/frmDownloadDocumento.aspx?CodigoInstituicao=1&NumeroSequencialDocumento=38794
00.864.214/0001-06;2014-01-01;1;ENERGISA S.A.;015253;FCA;35263;2014-03-18;http://www.rad.cvm.gov.br/ENETCONSULTA/frmDownloadDocumento.aspx?CodigoInstituicao=1&NumeroSequencialDocumento=35263
00.864.214/0001-06;2014-01-01;2;ENERGISA S.A.;015253;FCA;36623;2014-05-05;http://www.rad.cvm.gov.br/ENETCONSULTA/frmDownloadDocumento.aspx?CodigoInstituicao=1&NumeroSequencialDocumento=36623
00.864.214/0001-06;2014-01-01;3;ENERGISA S.A.;015253;FCA;40912;2014-08-19;http://www.rad.cvm.gov.br/ENETCONSULTA/frmDownloadDocumento.aspx?CodigoInstituicao=1&NumeroSequencialDocumento=40912
00.866.577/0001-80;2014-01-01;1;SAUIPE SA;015261;FCA;33928;2014-01-10;http://www.rad.cvm.gov.br/ENETCONSULTA/frmDownloadDocumento.aspx?CodigoInstituicao=1&NumeroSequencialDocumento=33928
00.866.577/0001-80;2014-01-01;2;SAUIPE SA;015261;FCA;37286;2014-05-12;http://www.rad.cvm.gov.br/ENETCONSULTA/frmDownloadDocumento.aspx?CodigoInstituicao=1&NumeroSequencialDocumento=37286
00.866.577/0001-80;2014-01-01;3;SAUIPE SA;015261;FCA;42291;2014-11-12;http://www.rad.cvm.gov.br/ENETCONSULTA/frmDownloadDocumento.aspx?CodigoInstituicao=1&NumeroSequencialDocumento=42291
00.897.864/0001-58;2014-01-01;1;SANTA CATARINA PART INVEST SA;015199;FCA;35918;2014-03-31;http://www.rad.cvm.gov.br/ENETCONSULTA/frmDownloadDocumento.aspx?CodigoInstituicao=1&NumeroSequencialDocumento=35918
00.897.864/0001-58;2014-01-01;2;SANTA CATARINA PART INVEST SA;015199;FCA;38522;2014-05-29;http://www.rad.cvm.gov.br/ENETCONSULTA/frmDownloadDocumento.aspx?CodigoInstituicao=1&NumeroSequencialDocumento=38522
00.897.864/0001-58;2014-01-01;3;SANTA CATARINA PART INVEST SA;015199;FCA;103034;2021-04-23;http://www.rad.cvm.gov.br/ENETCONSULTA/frmDownloadDocumento.aspx?CodigoInstituicao=1&NumeroSequencialDocumento=103034
00.924.429/0001-75;2014-01-01;1;FERROVIA CENTRO-ATLANTICA S.A.;015369;FCA;35083;2014-03-10;http://www.rad.cvm.gov.br/ENETCONSULTA/frmDownloadDocumento.aspx?CodigoInstituicao=1&NumeroSequencialDocumento=35083
00.924.429/0001-75;2014-01-01;2;FERROVIA CENTRO-ATLANTICA S.A.;015369;FCA;39098;2014-06-02;http://www.rad.cvm.gov.br/ENETCONSULTA/frmDownloadDocumento.aspx?CodigoInstituicao=1&NumeroSequencialDocumento=39098
00.924.429/0001-75;2014-01-01;3;FERROVIA CENTRO-ATLANTICA S.A.;015369;FCA;40511;2014-08-13;http://www.rad.cvm.gov.br/ENETCONSULTA/frmDownloadDocumento.aspx?CodigoInstituicao=1&NumeroSequencialDocumento=40511
00.924.432/0001-99;2014-01-01;1;HOPI HARI SA;015377;FCA;33781;2014-01-03;http://www.rad.cvm.gov.br/ENETCONSULTA/frmDownloadDocumento.aspx?CodigoInstituicao=1&NumeroSequencialDocumento=33781
00.924.432/0001-99;2014-01-01;2;HOPI HARI SA;015377;FCA;42948;2014-12-03;http://www.rad.cvm.gov.br/ENETCONSULTA/frmDownloadDocumento.aspx?CodigoInstituicao=1&NumeroSequencialDocumento=42948
00.938.574/0001-05;2014-01-01;1;CONC RIO-TERESOPOLIS S.A.;019208;FCA;33768;2014-01-03;http://www.rad.cvm.gov.br/ENETCONSULTA/frmDownloadDocumento.aspx?CodigoInstituicao=1&NumeroSequencialDocumento=33768
00.938.574/0001-05;2014-01-01;2;CONC RIO-TERESOPOLIS S.A.;019208;FCA;33842;2014-01-07;http://www.rad.cvm.gov.br/ENETCONSULTA/frmDownloadDocumento.aspx?CodigoInstituicao=1&NumeroSequencialDocumento=33842
00.938.574/0001-05;2014-01-01;3;CONC RIO-TERESOPOLIS S.A.;019208;FCA;36583;2014-05-02;http://www.rad.cvm.gov.br/ENETCONSULTA/frmDownloadDocumento.aspx?CodigoInstituicao=1&NumeroSequencialDocumento=36583
00.979.969/0001-56;2014-01-01;1;CAIXA ADM DIV PUB ESTADUAL SA;015717;FCA;34216;2014-01-29;http://www.rad.cvm.gov.br/ENETCONSULTA/frmDownloadDocumento.aspx?CodigoInstituicao=1&NumeroSequencialDocumento=34216
00.979.969/0001-56;2014-01-01;2;CAIXA ADM DIV PUB ESTADUAL SA;015717;FCA;34418;2014-02-10;http://www.rad.cvm.gov.br/ENETCONSULTA/frmDownloadDocumento.aspx?CodigoInstituicao=1&NumeroSequencialDocumento=34418
00.979.969/0001-56;2014-01-01;3;CAIXA ADM DIV PUB ESTADUAL SA;015717;FCA;37078;2014-05-09;http://www.rad.cvm.gov.br/ENETCONSULTA/frmDownloadDocumento.aspx?CodigoInstituicao=1&NumeroSequencialDocumento=37078
00.994.533/0001-36;2014-01-01;1;COMERCIAL QUINTELLA COM EXP SA EM LIQUIDAÇÃO;015652;FCA;35992;2014-03-31;http://www.rad.cvm.gov.br/ENETCONSULTA/frmDownloadDocumento.aspx?CodigoInstituicao=1&NumeroSequencialDocumento=35992
00.994.533/0001-36;2014-01-01;2;COMERCIAL QUINTELLA COM EXP SA EM LIQUIDAÇÃO;015652;FCA;37156;2014-05-09;http://www.rad.cvm.gov.br/ENETCONSULTA/frmDownloadDocumento.aspx?CodigoInstituicao=1&NumeroSequencialDocumento=37156
01.027.058/0001-91;2014-01-01;1;CIELO S.A. -  INSTITUIÇÃO DE PAGAMENTO;021733;FCA;34167;2014-01-27;http://www.rad.cvm.gov.br/ENETCONSULTA/frmDownloadDocumento.aspx?CodigoInstituicao=1&NumeroSequencialDocumento=34167
01.027.058/0001-91;2014-01-01;2;CIELO S.A. -  INSTITUIÇÃO DE PAGAMENTO;021733;FCA;38521;2014-05-29;http://www.rad.cvm.gov.br/ENETCONSULTA/frmDownloadDocumento.aspx?CodigoInstituicao=1&NumeroSequencialDocumento=38521
01.083.200/0001-18;2014-01-01;1;NEOENERGIA S.A.;015539;FCA;34083;2014-01-21;http://www.rad.cvm.gov.br/ENETCONSULTA/frmDownloadDocumento.aspx?CodigoInstituicao=1&NumeroSequencialDocumento=34083
01.083.200/0001-18;2014-01-01;2;NEOENERGIA S.A.;015539;FCA;37400;2014-05-13;http://www.rad.cvm.gov.br/ENETCONSULTA/frmDownloadDocumento.aspx?CodigoInstituicao=1&NumeroSequencialDocumento=37400
01.104.937/0001-70;2014-01-01;1;ELETROBRÁS PARTICIPAÇÕES S.A. - ELETROPAR;015784;FCA;35652;2014-03-27;http://www.rad.cvm.gov.br/ENETCONSULTA/frmDownloadDocumento.aspx?CodigoInstituicao=1&NumeroSequencialDocumento=35652
01.104.937/0001-70;2014-01-01;2;ELETROBRÁS PARTICIPAÇÕES S.A. - ELETROPAR;015784;FCA;36488;2014-04-29;http://www.rad.cvm.gov.br/ENETCONSULTA/frmDownloadDocumento.aspx?CodigoInstituicao=1&NumeroSequencialDocumento=36488
01.104.937/0001-70;2014-01-01;3;ELETROBRÁS PARTICIPAÇÕES S.A. - ELETROPAR;015784;FCA;38281;2014-05-27;http://www.rad.cvm.gov.br/ENETCONSULTA/frmDownloadDocumento.aspx?CodigoInstituicao=1&NumeroSequencialDocumento=38281
01.104.937/0001-70;2014-01-01;4;ELETROBRÁS PARTICIPAÇÕES S.A. - ELETROPAR;015784;FCA;38283;2014-05-27;http://www.rad.cvm.gov.br/ENETCONSULTA/frmDownloadDocumento.aspx?CodigoInstituicao=1&NumeroSequencialDocumento=38283
01.258.943/0001-81;2014-01-01;1;ITAITINGA PARTICIPACOES S.A.;015865;FCA;34325;2014-02-04;http://www.rad.cvm.gov.br/ENETCONSULTA/frmDownloadDocumento.aspx?CodigoInstituicao=1&NumeroSequencialDocumento=34325
01.258.943/0001-81;2014-01-01;2;ITAITINGA PARTICIPACOES S.A.;015865;FCA;34743;2014-02-24;http://www.rad.cvm.gov.br/ENETCONSULTA/frmDownloadDocumento.aspx?CodigoInstituicao=1&NumeroSequencialDocumento=34743
01.258.943/0001-81;2014-01-01;3;ITAITINGA PARTICIPACOES S.A.;015865;FCA;36316;2014-04-17;http://www.rad.cvm.gov.br/ENETCONSULTA/frmDownloadDocumento.aspx?CodigoInstituicao=1&NumeroSequencialDocumento=36316
01.258.943/0001-81;2014-01-01;4;ITAITINGA PARTICIPACOES S.A.;015865;FCA;39037;2014-05-31;http://www.rad.cvm.gov.br/ENETCONSULTA/frmDownloadDocumento.aspx?CodigoInstituicao=1&NumeroSequencialDocumento=39037
01.258.944/0001-26;2014-01-01;1;RUMO MALHA SUL S.A.;015709;FCA;35662;2014-03-27;http://www.rad.cvm.gov.br/ENETCONSULTA/frmDownloadDocumento.aspx?CodigoInstituicao=1&NumeroSequencialDocumento=35662
01.258.944/0001-26;2014-01-01;2;RUMO MALHA SUL S.A.;015709;FCA;36602;2014-05-02;http://www.rad.cvm.gov.br/ENETCONSULTA/frmDownloadDocumento.aspx?CodigoInstituicao=1&NumeroSequencialDocumento=36602
01.258.945/0001-70;2014-01-01;1;GRUCAI PARTICIPACOES S.A.;015695;FCA;34332;2014-02-04;http://www.rad.cvm.gov.br/ENETCONSULTA/frmDownloadDocumento.aspx?CodigoInstituicao=1&NumeroSequencialDocumento=34332
01.258.945/0001-70;2014-01-01;2;GRUCAI PARTICIPACOES S.A.;015695;FCA;34748;2014-02-24;http://www.rad.cvm.gov.br/ENETCONSULTA/frmDownloadDocumento.aspx?CodigoInstituicao=1&NumeroSequencialDocumento=34748
01.258.945/0001-70;2014-01-01;3;GRUCAI PARTICIPACOES S.A.;015695;FCA;37786;2014-05-15;http://www.rad.cvm.gov.br/ENETCONSULTA/frmDownloadDocumento.aspx?CodigoInstituicao=1&NumeroSequencialDocumento=37786
01.319.044/0001-41;2014-01-01;1;WTC AMAZONAS SUITE HOTEL S.A.;015741;FCA;35549;2014-03-26;http://www.rad.cvm.gov.br/ENETCONSULTA/frmDownloadDocumento.aspx?CodigoInstituicao=1&NumeroSequencialDocumento=35549
01.319.044/0001-41;2014-01-01;2;WTC AMAZONAS SUITE HOTEL S.A.;015741;FCA;36867;2014-05-07;http://www.rad.cvm.gov.br/ENETCONSULTA/frmDownloadDocumento.aspx?CodigoInstituicao=1&NumeroSequencialDocumento=36867
01.319.044/0001-41;2014-01-01;3;WTC AMAZONAS SUITE HOTEL S.A.;015741;FCA;41686;2014-10-17;http://www.rad.cvm.gov.br/ENETCONSULTA/frmDownloadDocumento.aspx?CodigoInstituicao=1&NumeroSequencialDocumento=41686
01.414.107/0001-49;2014-01-01;1;ENERGIPAR PARTICIPAÇÕES S.A.;015849;FCA;34195;2014-01-27;http://www.rad.cvm.gov.br/ENETCONSULTA/frmDownloadDocumento.aspx?CodigoInstituicao=1&NumeroSequencialDocumento=34195
01.414.107/0001-49;2014-01-01;2;ENERGIPAR PARTICIPAÇÕES S.A.;015849;FCA;37620;2014-05-14;http://www.rad.cvm.gov.br/ENETCONSULTA/frmDownloadDocumento.aspx?CodigoInstituicao=1&NumeroSequencialDocumento=37620
01.417.222/0001-77;2014-01-01;1;MRS LOGISTICA S.A.;017949;FCA;34077;2014-01-21;http://www.rad.cvm.gov.br/ENETCONSULTA/frmDownloadDocumento.aspx?CodigoInstituicao=1&NumeroSequencialDocumento=34077
01.417.222/0001-77;2014-01-01;2;MRS LOGISTICA S.A.;017949;FCA;34740;2014-02-24;http://www.rad.cvm.gov.br/ENETCONSULTA/frmDownloadDocumento.aspx?CodigoInstituicao=1&NumeroSequencialDocumento=34740
01.417.222/0001-77;2014-01-01;3;MRS LOGISTICA S.A.;017949;FCA;36855;2014-05-07;http://www.rad.cvm.gov.br/ENETCONSULTA/frmDownloadDocumento.aspx?CodigoInstituicao=1&NumeroSequencialDocumento=36855
01.417.222/0001-77;2014-01-01;4;MRS LOGISTICA S.A.;017949;FCA;38614;2014-05-30;http://www.rad.cvm.gov.br/ENETCONSULTA/frmDownloadDocumento.aspx?CodigoInstituicao=1&NumeroSequencialDocumento=38614
01.417.222/0001-77;2014-01-01;5;MRS LOGISTICA S.A.;017949;FCA;42959;2014-12-05;http://www.rad.cvm.gov.br/ENETCONSULTA/frmDownloadDocumento.aspx?CodigoInstituicao=1&NumeroSequencialDocumento=42959
01.417.222/0001-77;2014-01-01;6;MRS LOGISTICA S.A.;017949;FCA;43135;2014-12-18;http://www.rad.cvm.gov.br/ENETCONSULTA/frmDownloadDocumento.aspx?CodigoInstituicao=1&NumeroSequencialDocumento=43135
01.545.826/0001-07;2014-01-01;1;GAFISA S.A.;016101;FCA;33850;2014-01-07;http://www.rad.cvm.gov.br/ENETCONSULTA/frmDownloadDocumento.aspx?CodigoInstituicao=1&NumeroSequencialDocumento=33850
01.545.826/0001-07;2014-01-01;2;GAFISA S.A.;016101;FCA;38143;2014-05-22;http://www.rad.cvm.gov.br/ENETCONSULTA/frmDownloadDocumento.aspx?CodigoInstituicao=1&NumeroSequencialDocumento=38143
01.547.749/0001-16;2014-01-01;1;521 PARTICIPACOES S.A. - EM LIQUIDAÇÃO EXTRAJUDICIAL;016330;FCA;35959;2014-03-31;http://www.rad.cvm.gov.br/ENETCONSULTA/frmDownloadDocumento.aspx?CodigoInstituicao=1&NumeroSequencialDocumento=35959
01.547.749/0001-16;2014-01-01;2;521 PARTICIPACOES S.A. - EM LIQUIDAÇÃO EXTRAJUDICIAL;016330;FCA;38399;2014-05-28;http://www.rad.cvm.gov.br/ENETCONSULTA/frmDownloadDocumento.aspx?CodigoInstituicao=1&NumeroSequencialDocumento=38399
01.548.981/0001-79;2014-01-01;1;INVESTIMENTOS BEMGE S.A.;006041;FCA;34068;2014-01-20;http://www.rad.cvm.gov.br/ENETCONSULTA/frmDownloadDocumento.aspx?CodigoInstituicao=1&NumeroSequencialDocumento=34068
01.548.981/0001-79;2014-01-01;2;INVESTIMENTOS BEMGE S.A.;006041;FCA;37241;2014-05-12;http://www.rad.cvm.gov.br/ENETCONSULTA/frmDownloadDocumento.aspx?CodigoInstituicao=1&NumeroSequencialDocumento=37241
01.548.981/0001-79;2014-01-01;3;INVESTIMENTOS BEMGE S.A.;006041;FCA;41456;2014-09-29;http://www.rad.cvm.gov.br/ENETCONSULTA/frmDownloadDocumento.aspx?CodigoInstituicao=1&NumeroSequencialDocumento=41456
01.608.571/0001-76;2014-01-01;1;BELAPART SA;016233;FCA;34374;2014-02-07;http://www.rad.cvm.gov.br/ENETCONSULTA/frmDownloadDocumento.aspx?CodigoInstituicao=1&NumeroSequencialDocumento=34374
01.608.571/0001-76;2014-01-01;2;BELAPART SA;016233;FCA;38298;2014-05-27;http://www.rad.cvm.gov.br/ENETCONSULTA/frmDownloadDocumento.aspx?CodigoInstituicao=1&NumeroSequencialDocumento=38298
01.616.929/0001-02;2014-01-01;1;SANEAMENTO DE GOIAS SA;019186;FCA;33989;2014-01-14;http://www.rad.cvm.gov.br/ENETCONSULTA/frmDownloadDocumento.aspx?CodigoInstituicao=1&NumeroSequencialDocumento=33989
01.616.929/0001-02;2014-01-01;2;SANEAMENTO DE GOIAS SA;019186;FCA;38217;2014-05-26;http://www.rad.cvm.gov.br/ENETCONSULTA/frmDownloadDocumento.aspx?CodigoInstituicao=1&NumeroSequencialDocumento=38217
01.654.604/0001-14;2014-01-01;1;CONCES DA ROD OSÓRIO-POA S/A - CONCEPA;017590;FCA;34644;2014-02-19;http://www.rad.cvm.gov.br/ENETCONSULTA/frmDownloadDocumento.aspx?CodigoInstituicao=1&NumeroSequencialDocumento=34644
01.654.604/0001-14;2014-01-01;2;CONCES DA ROD OSÓRIO-POA S/A - CONCEPA;017590;FCA;36577;2014-05-01;http://www.rad.cvm.gov.br/ENETCONSULTA/frmDownloadDocumento.aspx?CodigoInstituicao=1&NumeroSequencialDocumento=36577
01.654.604/0001-14;2014-01-01;3;CONCES DA ROD OSÓRIO-POA S/A - CONCEPA;017590;FCA;39941;2014-07-28;http://www.rad.cvm.gov.br/ENETCONSULTA/frmDownloadDocumento.aspx?CodigoInstituicao=1&NumeroSequencialDocumento=39941
01.772.313/0001-20;2014-01-01;1;VALETRON SA;016225;FCA;34307;2014-02-04;http://www.rad.cvm.gov.br/ENETCONSULTA/frmDownloadDocumento.aspx?CodigoInstituicao=1&NumeroSequencialDocumento=34307
01.772.313/0001-20;2014-01-01;2;VALETRON SA;016225;FCA;38337;2014-05-28;http://www.rad.cvm.gov.br/ENETCONSULTA/frmDownloadDocumento.aspx?CodigoInstituicao=1&NumeroSequencialDocumento=38337
01.838.723/0001-27;2014-01-01;1;BRF S.A.;016292;FCA;33903;2014-01-09;http://www.rad.cvm.gov.br/ENETCONSULTA/frmDownloadDocumento.aspx?CodigoInstituicao=1&NumeroSequencialDocumento=33903
01.838.723/0001-27;2014-01-01;2;BRF S.A.;016292;FCA;33995;2014-01-15;http://www.rad.cvm.gov.br/ENETCONSULTA/frmDownloadDocumento.aspx?CodigoInstituicao=1&NumeroSequencialDocumento=33995
01.838.723/0001-27;2014-01-01;3;BRF S.A.;016292;FCA;36277;2014-04-16;http://www.rad.cvm.gov.br/ENETCONSULTA/frmDownloadDocumento.aspx?CodigoInstituicao=1&NumeroSequencialDocumento=36277
01.838.723/0001-27;2014-01-01;4;BRF S.A.;016292;FCA;36670;2014-05-05;http://www.rad.cvm.gov.br/ENETCONSULTA/frmDownloadDocumento.aspx?CodigoInstituicao=1&NumeroSequencialDocumento=36670
01.838.723/0001-27;2014-01-01;5;BRF S.A.;016292;FCA;41442;2014-09-26;http://www.rad.cvm.gov.br/ENETCONSULTA/frmDownloadDocumento.aspx?CodigoInstituicao=1&NumeroSequencialDocumento=41442
01.838.723/0001-27;2014-01-01;6;BRF S.A.;016292;FCA;41444;2014-09-29;http://www.rad.cvm.gov.br/ENETCONSULTA/frmDownloadDocumento.aspx?CodigoInstituicao=1&NumeroSequencialDocumento=41444
01.851.771/0001-55;2014-01-01;1;524 PARTICIPACOES S.A.;016284;FCA;34296;2014-02-04;http://www.rad.cvm.gov.br/ENETCONSULTA/frmDownloadDocumento.aspx?CodigoInstituicao=1&NumeroSequencialDocumento=34296
01.851.771/0001-55;2014-01-01;2;524 PARTICIPACOES S.A.;016284;FCA;38293;2014-05-27;http://www.rad.cvm.gov.br/ENETCONSULTA/frmDownloadDocumento.aspx?CodigoInstituicao=1&NumeroSequencialDocumento=38293
01.858.774/0001-10;2014-01-01;1;BV LEASING - ARRENDAMENTO MERCANTIL S.A.;020133;FCA;34519;2014-02-13;http://www.rad.cvm.gov.br/ENETCONSULTA/frmDownloadDocumento.aspx?CodigoInstituicao=1&NumeroSequencialDocumento=34519
01.858.774/0001-10;2014-01-01;2;BV LEASING - ARRENDAMENTO MERCANTIL S.A.;020133;FCA;38928;2014-05-30;http://www.rad.cvm.gov.br/ENETCONSULTA/frmDownloadDocumento.aspx?CodigoInstituicao=1&NumeroSequencialDocumento=38928
01.896.779/0001-38;2014-01-01;1;CSU DIGITAL S.A.;020044;FCA;34987;2014-03-05;http://www.rad.cvm.gov.br/ENETCONSULTA/frmDownloadDocumento.aspx?CodigoInstituicao=1&NumeroSequencialDocumento=34987
01.896.779/0001-38;2014-01-01;2;CSU DIGITAL S.A.;020044;FCA;36760;2014-05-06;http://www.rad.cvm.gov.br/ENETCONSULTA/frmDownloadDocumento.aspx?CodigoInstituicao=1&NumeroSequencialDocumento=36760
01.896.779/0001-38;2014-01-01;3;CSU DIGITAL S.A.;020044;FCA;38150;2014-05-22;http://www.rad.cvm.gov.br/ENETCONSULTA/frmDownloadDocumento.aspx?CodigoInstituicao=1&NumeroSequencialDocumento=38150
01.896.779/0001-38;2014-01-01;4;CSU DIGITAL S.A.;020044;FCA;39858;2014-07-23;http://www.rad.cvm.gov.br/ENETCONSULTA/frmDownloadDocumento.aspx?CodigoInstituicao=1&NumeroSequencialDocumento=39858
01.917.705/0001-30;2014-01-01;1;AES ELPA S.A.;019313;FCA;34024;2014-01-17;http://www.rad.cvm.gov.br/ENETCONSULTA/frmDownloadDocumento.aspx?CodigoInstituicao=1&NumeroSequencialDocumento=34024
01.917.705/0001-30;2014-01-01;2;AES ELPA S.A.;019313;FCA;36888;2014-05-07;http://www.rad.cvm.gov.br/ENETCONSULTA/frmDownloadDocumento.aspx?CodigoInstituicao=1&NumeroSequencialDocumento=36888
01.917.818/0001-36;2014-01-01;1;LIGHT ENERGIA S.A.;023000;FCA;35091;2014-03-10;http://www.rad.cvm.gov.br/ENETCONSULTA/frmDownloadDocumento.aspx?CodigoInstituicao=1&NumeroSequencialDocumento=35091
01.917.818/0001-36;2014-01-01;2;LIGHT ENERGIA S.A.;023000;FCA;37273;2014-05-12;http://www.rad.cvm.gov.br/ENETCONSULTA/frmDownloadDocumento.aspx?CodigoInstituicao=1&NumeroSequencialDocumento=37273
01.938.783/0001-11;2014-01-01;1;CIA PARTICIPACOES ALIANCA DA BAHIA;018708;FCA;35975;2014-03-31;http://www.rad.cvm.gov.br/ENETCONSULTA/frmDownloadDocumento.aspx?CodigoInstituicao=1&NumeroSequencialDocumento=35975
01.938.783/0001-11;2014-01-01;2;CIA PARTICIPACOES ALIANCA DA BAHIA;018708;FCA;36841;2014-05-07;http://www.rad.cvm.gov.br/ENETCONSULTA/frmDownloadDocumento.aspx?CodigoInstituicao=1&NumeroSequencialDocumento=36841
01.957.772/0001-89;2014-01-01;1;SUL 116 PARTICIPACOES S.A.;016438;FCA;35626;2014-03-27;http://www.rad.cvm.gov.br/ENETCONSULTA/frmDownloadDocumento.aspx?CodigoInstituicao=1&NumeroSequencialDocumento=35626
01.957.772/0001-89;2014-01-01;2;SUL 116 PARTICIPACOES S.A.;016438;FCA;37516;2014-05-14;http://www.rad.cvm.gov.br/ENETCONSULTA/frmDownloadDocumento.aspx?CodigoInstituicao=1&NumeroSequencialDocumento=37516
01.971.614/0001-83;2014-01-01;1;EMPRESA NAC COM REDITO PART S.A.ENCORPAR;016497;FCA;34446;2014-02-11;http://www.rad.cvm.gov.br/ENETCONSULTA/frmDownloadDocumento.aspx?CodigoInstituicao=1&NumeroSequencialDocumento=34446
01.971.614/0001-83;2014-01-01;2;EMPRESA NAC COM REDITO PART S.A.ENCORPAR;016497;FCA;37976;2014-05-16;http://www.rad.cvm.gov.br/ENETCONSULTA/frmDownloadDocumento.aspx?CodigoInstituicao=1&NumeroSequencialDocumento=37976
01.989.044/0001-59;2014-01-01;1;WTC RIO EMPREEND. E PARTICIPAÇÕES S.A.;016551;FCA;35551;2014-03-26;http://www.rad.cvm.gov.br/ENETCONSULTA/frmDownloadDocumento.aspx?CodigoInstituicao=1&NumeroSequencialDocumento=35551
01.989.044/0001-59;2014-01-01;2;WTC RIO EMPREEND. E PARTICIPAÇÕES S.A.;016551;FCA;36872;2014-05-07;http://www.rad.cvm.gov.br/ENETCONSULTA/frmDownloadDocumento.aspx?CodigoInstituicao=1&NumeroSequencialDocumento=36872
01.989.044/0001-59;2014-01-01;3;WTC RIO EMPREEND. E PARTICIPAÇÕES S.A.;016551;FCA;41099;2014-09-01;http://www.rad.cvm.gov.br/ENETCONSULTA/frmDownloadDocumento.aspx?CodigoInstituicao=1&NumeroSequencialDocumento=41099
02.016.439/0001-38;2014-01-01;1;RIO GRANDE ENERGIA SA;016535;FCA;33974;2014-01-13;http://www.rad.cvm.gov.br/ENETCONSULTA/frmDownloadDocumento.aspx?CodigoInstituicao=1&NumeroSequencialDocumento=33974
02.016.439/0001-38;2014-01-01;2;RIO GRANDE ENERGIA SA;016535;FCA;38184;2014-05-23;http://www.rad.cvm.gov.br/ENETCONSULTA/frmDownloadDocumento.aspx?CodigoInstituicao=1&NumeroSequencialDocumento=38184
02.016.439/0001-38;2014-01-01;3;RIO GRANDE ENERGIA SA;016535;FCA;41486;2014-10-01;http://www.rad.cvm.gov.br/ENETCONSULTA/frmDownloadDocumento.aspx?CodigoInstituicao=1&NumeroSequencialDocumento=41486
02.016.439/0001-38;2014-01-01;4;RIO GRANDE ENERGIA SA;016535;FCA;41549;2014-10-07;http://www.rad.cvm.gov.br/ENETCONSULTA/frmDownloadDocumento.aspx?CodigoInstituicao=1&NumeroSequencialDocumento=41549
02.016.440/0001-62;2014-01-01;1;RGE SUL DISTRIBUIDORA DE ENERGIA S.A.;016527;FCA;33831;2014-01-07;http://www.rad.cvm.gov.br/ENETCONSULTA/frmDownloadDocumento.aspx?CodigoInstituicao=1&NumeroSequencialDocumento=33831
02.016.440/0001-62;2014-01-01;2;RGE SUL DISTRIBUIDORA DE ENERGIA S.A.;016527;FCA;36877;2014-05-07;http://www.rad.cvm.gov.br/ENETCONSULTA/frmDownloadDocumento.aspx?CodigoInstituicao=1&NumeroSequencialDocumento=36877
02.016.440/0001-62;2014-01-01;3;RGE SUL DISTRIBUIDORA DE ENERGIA S.A.;016527;FCA;36896;2014-05-07;http://www.rad.cvm.gov.br/ENETCONSULTA/frmDownloadDocumento.aspx?CodigoInstituicao=1&NumeroSequencialDocumento=36896
02.016.440/0001-62;2014-01-01;4;RGE SUL DISTRIBUIDORA DE ENERGIA S.A.;016527;FCA;43022;2014-12-10;http://www.rad.cvm.gov.br/ENETCONSULTA/frmDownloadDocumento.aspx?CodigoInstituicao=1&NumeroSequencialDocumento=43022
02.062.747/0001-08;2014-01-01;1;SUDESTE S.A.;016586;FCA;34306;2014-02-04;http://www.rad.cvm.gov.br/ENETCONSULTA/frmDownloadDocumento.aspx?CodigoInstituicao=1&NumeroSequencialDocumento=34306
02.062.747/0001-08;2014-01-01;2;SUDESTE S.A.;016586;FCA;38335;2014-05-28;http://www.rad.cvm.gov.br/ENETCONSULTA/frmDownloadDocumento.aspx?CodigoInstituicao=1&NumeroSequencialDocumento=38335
02.084.220/0001-76;2014-01-01;1;NUMERAL 80 PARTICIPAÇÕES S.A.;016446;FCA;34427;2014-02-10;http://www.rad.cvm.gov.br/ENETCONSULTA/frmDownloadDocumento.aspx?CodigoInstituicao=1&NumeroSequencialDocumento=34427
02.084.220/0001-76;2014-01-01;2;NUMERAL 80 PARTICIPAÇÕES S.A.;016446;FCA;36654;2014-05-05;http://www.rad.cvm.gov.br/ENETCONSULTA/frmDownloadDocumento.aspx?CodigoInstituicao=1&NumeroSequencialDocumento=36654
02.084.220/0001-76;2014-01-01;3;NUMERAL 80 PARTICIPAÇÕES S.A.;016446;FCA;36727;2014-05-06;http://www.rad.cvm.gov.br/ENETCONSULTA/frmDownloadDocumento.aspx?CodigoInstituicao=1&NumeroSequencialDocumento=36727
02.084.220/0001-76;2014-01-01;4;NUMERAL 80 PARTICIPAÇÕES S.A.;016446;FCA;39775;2014-07-16;http://www.rad.cvm.gov.br/ENETCONSULTA/frmDownloadDocumento.aspx?CodigoInstituicao=1&NumeroSequencialDocumento=39775
02.084.220/0001-76;2014-01-01;5;NUMERAL 80 PARTICIPAÇÕES S.A.;016446;FCA;42142;2014-11-07;http://www.rad.cvm.gov.br/ENETCONSULTA/frmDownloadDocumento.aspx?CodigoInstituicao=1&NumeroSequencialDocumento=42142
02.105.040/0001-23;2014-01-01;1;VIRGO II COMPANHIA DE SECURITIZACAO;018287;FCA;33865;2014-01-08;http://www.rad.cvm.gov.br/ENETCONSULTA/frmDownloadDocumento.aspx?CodigoInstituicao=1&NumeroSequencialDocumento=33865
02.105.040/0001-23;2014-01-01;2;VIRGO II COMPANHIA DE SECURITIZACAO;018287;FCA;37407;2014-05-13;http://www.rad.cvm.gov.br/ENETCONSULTA/frmDownloadDocumento.aspx?CodigoInstituicao=1&NumeroSequencialDocumento=37407
02.107.946/0001-87;2014-01-01;1;TELEMAR PARTICIPAÇÕES SA;018678;FCA;33856;2014-01-07;http://www.rad.cvm.gov.br/ENETCONSULTA/frmDownloadDocumento.aspx?CodigoInstituicao=1&NumeroSequencialDocumento=33856
02.107.946/0001-87;2014-01-01;2;TELEMAR PARTICIPAÇÕES SA;018678;FCA;36152;2014-04-08;http://www.rad.cvm.gov.br/ENETCONSULTA/frmDownloadDocumento.aspx?CodigoInstituicao=1&NumeroSequencialDocumento=36152
02.107.946/0001-87;2014-01-01;3;TELEMAR PARTICIPAÇÕES SA;018678;FCA;38393;2014-05-28;http://www.rad.cvm.gov.br/ENETCONSULTA/frmDownloadDocumento.aspx?CodigoInstituicao=1&NumeroSequencialDocumento=38393
02.117.801/0001-67;2014-01-01;1;BONAIRE PARTICIPACOES S.A. - EM LIQUIDAÇÃO;016560;FCA;35910;2014-03-31;http://www.rad.cvm.gov.br/ENETCONSULTA/frmDownloadDocumento.aspx?CodigoInstituicao=1&NumeroSequencialDocumento=35910
02.117.801/0001-67;2014-01-01;2;BONAIRE PARTICIPACOES S.A. - EM LIQUIDAÇÃO;016560;FCA;37217;2014-05-12;http://www.rad.cvm.gov.br/ENETCONSULTA/frmDownloadDocumento.aspx?CodigoInstituicao=1&NumeroSequencialDocumento=37217
02.149.205/0001-69;2014-01-01;1;PORTO SEGURO S.A.;016659;FCA;34105;2014-01-22;http://www.rad.cvm.gov.br/ENETCONSULTA/frmDownloadDocumento.aspx?CodigoInstituicao=1&NumeroSequencialDocumento=34105
02.149.205/0001-69;2014-01-01;2;PORTO SEGURO S.A.;016659;FCA;35911;2014-03-31;http://www.rad.cvm.gov.br/ENETCONSULTA/frmDownloadDocumento.aspx?CodigoInstituicao=1&NumeroSequencialDocumento=35911
02.149.205/0001-69;2014-01-01;3;PORTO SEGURO S.A.;016659;FCA;36588;2014-05-02;http://www.rad.cvm.gov.br/ENETCONSULTA/frmDownloadDocumento.aspx?CodigoInstituicao=1&NumeroSequencialDocumento=36588
02.149.205/0001-69;2014-01-01;4;PORTO SEGURO S.A.;016659;FCA;38673;2014-05-30;http://www.rad.cvm.gov.br/ENETCONSULTA/frmDownloadDocumento.aspx?CodigoInstituicao=1&NumeroSequencialDocumento=38673
02.162.616/0001-94;2014-01-01;1;UPTICK PARTICIPACOES S.A.;016624;FCA;34319;2014-02-04;http://www.rad.cvm.gov.br/ENETCONSULTA/frmDownloadDocumento.aspx?CodigoInstituicao=1&NumeroSequencialDocumento=34319
02.162.616/0001-94;2014-01-01;2;UPTICK PARTICIPACOES S.A.;016624;FCA;37145;2014-05-09;http://www.rad.cvm.gov.br/ENETCONSULTA/frmDownloadDocumento.aspx?CodigoInstituicao=1&NumeroSequencialDocumento=37145
02.193.750/0001-52;2014-01-01;1;DEXXOS PARTICIPAÇÕES S.A.;016632;FCA;33732;2014-01-02;http://www.rad.cvm.gov.br/ENETCONSULTA/frmDownloadDocumento.aspx?CodigoInstituicao=1&NumeroSequencialDocumento=33732
02.193.750/0001-52;2014-01-01;2;DEXXOS PARTICIPAÇÕES S.A.;016632;FCA;39121;2014-06-03;http://www.rad.cvm.gov.br/ENETCONSULTA/frmDownloadDocumento.aspx?CodigoInstituicao=1&NumeroSequencialDocumento=39121
02.201.787/0001-85;2014-01-01;1;CEL PARTICIPAÇÕES S.A. - CELPAR;016675;FCA;35553;2014-03-26;http://www.rad.cvm.gov.br/ENETCONSULTA/frmDownloadDocumento.aspx?CodigoInstituicao=1&NumeroSequencialDocumento=35553
02.201.787/0001-85;2014-01-01;2;CEL PARTICIPAÇÕES S.A. - CELPAR;016675;FCA;38192;2014-05-23;http://www.rad.cvm.gov.br/ENETCONSULTA/frmDownloadDocumento.aspx?CodigoInstituicao=1&NumeroSequencialDocumento=38192
02.217.319/0001-07;2014-01-01;1;YBYRÁ CAPITAL S.A.;016705;FCA;34297;2014-02-04;http://www.rad.cvm.gov.br/ENETCONSULTA/frmDownloadDocumento.aspx?CodigoInstituicao=1&NumeroSequencialDocumento=34297
02.217.319/0001-07;2014-01-01;2;YBYRÁ CAPITAL S.A.;016705;FCA;38294;2014-05-27;http://www.rad.cvm.gov.br/ENETCONSULTA/frmDownloadDocumento.aspx?CodigoInstituicao=1&NumeroSequencialDocumento=38294
02.217.319/0001-07;2014-01-01;3;YBYRÁ CAPITAL S.A.;016705;FCA;41624;2014-10-13;http://www.rad.cvm.gov.br/ENETCONSULTA/frmDownloadDocumento.aspx?CodigoInstituicao=1&NumeroSequencialDocumento=41624
02.221.531/0001-30;2014-01-01;1;RDN CONCESSÕES E PARTICIPAÇÕES S.A.;019151;FCA;35143;2014-03-12;http://www.rad.cvm.gov.br/ENETCONSULTA/frmDownloadDocumento.aspx?CodigoInstituicao=1&NumeroSequencialDocumento=35143
02.221.531/0001-30;2014-01-01;2;RDN CONCESSÕES E PARTICIPAÇÕES S.A.;019151;FCA;36392;2014-04-24;http://www.rad.cvm.gov.br/ENETCONSULTA/frmDownloadDocumento.aspx?CodigoInstituicao=1&NumeroSequencialDocumento=36392
02.221.531/0001-30;2014-01-01;3;RDN CONCESSÕES E PARTICIPAÇÕES S.A.;019151;FCA;38089;2014-05-21;http://www.rad.cvm.gov.br/ENETCONSULTA/frmDownloadDocumento.aspx?CodigoInstituicao=1&NumeroSequencialDocumento=38089
02.222.736/0001-30;2014-01-01;1;EMPRESA CONC RODOV DO NORTE S.A.ECONORTE;019011;FCA;35350;2014-03-20;http://www.rad.cvm.gov.br/ENETCONSULTA/frmDownloadDocumento.aspx?CodigoInstituicao=1&NumeroSequencialDocumento=35350
02.222.736/0001-30;2014-01-01;2;EMPRESA CONC RODOV DO NORTE S.A.ECONORTE;019011;FCA;36581;2014-05-02;http://www.rad.cvm.gov.br/ENETCONSULTA/frmDownloadDocumento.aspx?CodigoInstituicao=1&NumeroSequencialDocumento=36581
02.222.736/0001-30;2014-01-01;3;EMPRESA CONC RODOV DO NORTE S.A.ECONORTE;019011;FCA;42074;2014-11-06;http://www.rad.cvm.gov.br/ENETCONSULTA/frmDownloadDocumento.aspx?CodigoInstituicao=1&NumeroSequencialDocumento=42074
02.258.422/0001-97;2014-01-01;1;INEPAR EQUIPAMENTOS E MONTAGENS S/A - EM RECUPERACAO JUDICIA;017868;FCA;35730;2014-03-28;http://www.rad.cvm.gov.br/ENETCONSULTA/frmDownloadDocumento.aspx?CodigoInstituicao=1&NumeroSequencialDocumento=35730
02.258.422/0001-97;2014-01-01;2;INEPAR EQUIPAMENTOS E MONTAGENS S/A - EM RECUPERACAO JUDICIA;017868;FCA;37748;2014-05-15;http://www.rad.cvm.gov.br/ENETCONSULTA/frmDownloadDocumento.aspx?CodigoInstituicao=1&NumeroSequencialDocumento=37748
02.258.422/0001-97;2014-01-01;3;INEPAR EQUIPAMENTOS E MONTAGENS S/A - EM RECUPERACAO JUDICIA;017868;FCA;41348;2014-09-19;http://www.rad.cvm.gov.br/ENETCONSULTA/frmDownloadDocumento.aspx?CodigoInstituicao=1&NumeroSequencialDocumento=41348
02.258.422/0001-97;2014-01-01;4;INEPAR EQUIPAMENTOS E MONTAGENS S/A - EM RECUPERACAO JUDICIA;017868;FCA;43171;2014-12-19;http://www.rad.cvm.gov.br/ENETCONSULTA/frmDownloadDocumento.aspx?CodigoInstituicao=1&NumeroSequencialDocumento=43171
02.281.836/0001-37;2014-01-01;1;TRANSNORDESTINA LOGISTICA SA;020443;FCA;33877;2014-01-08;http://www.rad.cvm.gov.br/ENETCONSULTA/frmDownloadDocumento.aspx?CodigoInstituicao=1&NumeroSequencialDocumento=33877
02.281.836/0001-37;2014-01-01;2;TRANSNORDESTINA LOGISTICA SA;020443;FCA;39096;2014-06-02;http://www.rad.cvm.gov.br/ENETCONSULTA/frmDownloadDocumento.aspx?CodigoInstituicao=1&NumeroSequencialDocumento=39096
02.286.509/0001-78;2014-01-01;1;SUBESTAÇÃO ELETROMETRÔ S/A;017787;FCA;35724;2014-03-28;http://www.rad.cvm.gov.br/ENETCONSULTA/frmDownloadDocumento.aspx?CodigoInstituicao=1&NumeroSequencialDocumento=35724
02.286.509/0001-78;2014-01-01;2;SUBESTAÇÃO ELETROMETRÔ S/A;017787;FCA;37113;2014-05-09;http://www.rad.cvm.gov.br/ENETCONSULTA/frmDownloadDocumento.aspx?CodigoInstituicao=1&NumeroSequencialDocumento=37113
02.286.509/0001-78;2014-01-01;3;SUBESTAÇÃO ELETROMETRÔ S/A;017787;FCA;40222;2014-08-08;http://www.rad.cvm.gov.br/ENETCONSULTA/frmDownloadDocumento.aspx?CodigoInstituicao=1&NumeroSequencialDocumento=40222
02.291.077/0001-93;2014-01-01;1;PRODUTORES ENERGET.DE MANSO S.A.- PROMAN;019232;FCA;35207;2014-03-14;http://www.rad.cvm.gov.br/ENETCONSULTA/frmDownloadDocumento.aspx?CodigoInstituicao=1&NumeroSequencialDocumento=35207
02.291.077/0001-93;2014-01-01;2;PRODUTORES ENERGET.DE MANSO S.A.- PROMAN;019232;FCA;35209;2014-03-14;http://www.rad.cvm.gov.br/ENETCONSULTA/frmDownloadDocumento.aspx?CodigoInstituicao=1&NumeroSequencialDocumento=35209
02.291.077/0001-93;2014-01-01;3;PRODUTORES ENERGET.DE MANSO S.A.- PROMAN;019232;FCA;36578;2014-05-01;http://www.rad.cvm.gov.br/ENETCONSULTA/frmDownloadDocumento.aspx?CodigoInstituicao=1&NumeroSequencialDocumento=36578
02.291.077/0001-93;2014-01-01;4;PRODUTORES ENERGET.DE MANSO S.A.- PROMAN;019232;FCA;36579;2014-05-01;http://www.rad.cvm.gov.br/ENETCONSULTA/frmDownloadDocumento.aspx?CodigoInstituicao=1&NumeroSequencialDocumento=36579
02.291.077/0001-93;2014-01-01;5;PRODUTORES ENERGET.DE MANSO S.A.- PROMAN;019232;FCA;37774;2014-05-15;http://www.rad.cvm.gov.br/ENETCONSULTA/frmDownloadDocumento.aspx?CodigoInstituicao=1&NumeroSequencialDocumento=37774
02.291.077/0001-93;2014-01-01;6;PRODUTORES ENERGET.DE MANSO S.A.- PROMAN;019232;FCA;40155;2014-08-06;http://www.rad.cvm.gov.br/ENETCONSULTA/frmDownloadDocumento.aspx?CodigoInstituicao=1&NumeroSequencialDocumento=40155
02.291.077/0001-93;2014-01-01;7;PRODUTORES ENERGET.DE MANSO S.A.- PROMAN;019232;FCA;40551;2014-08-14;http://www.rad.cvm.gov.br/ENETCONSULTA/frmDownloadDocumento.aspx?CodigoInstituicao=1&NumeroSequencialDocumento=40551
02.291.077/0001-93;2014-01-01;8;PRODUTORES ENERGET.DE MANSO S.A.- PROMAN;019232;FCA;42394;2014-11-13;http://www.rad.cvm.gov.br/ENETCONSULTA/frmDownloadDocumento.aspx?CodigoInstituicao=1&NumeroSequencialDocumento=42394
02.291.077/0001-93;2014-01-01;9;PRODUTORES ENERGET.DE MANSO S.A.- PROMAN;019232;FCA;42718;2014-11-15;http://www.rad.cvm.gov.br/ENETCONSULTA/frmDownloadDocumento.aspx?CodigoInstituicao=1&NumeroSequencialDocumento=42718
02.302.100/0001-06;2014-01-01;1;EDP SÃO PAULO DISTRIBUIÇÃO DE ENERGIA S.A.;016985;FCA;34853;2014-02-26;http://www.rad.cvm.gov.br/ENETCONSULTA/frmDownloadDocumento.aspx?CodigoInstituicao=1&NumeroSequencialDocumento=34853
02.302.100/0001-06;2014-01-01;2;EDP SÃO PAULO DISTRIBUIÇÃO DE ENERGIA S.A.;016985;FCA;34858;2014-02-26;http://www.rad.cvm.gov.br/ENETCONSULTA/frmDownloadDocumento.aspx?CodigoInstituicao=1&NumeroSequencialDocumento=34858
02.302.100/0001-06;2014-01-01;3;EDP SÃO PAULO DISTRIBUIÇÃO DE ENERGIA S.A.;016985;FCA;39117;2014-06-03;http://www.rad.cvm.gov.br/ENETCONSULTA/frmDownloadDocumento.aspx?CodigoInstituicao=1&NumeroSequencialDocumento=39117
02.302.100/0001-06;2014-01-01;4;EDP SÃO PAULO DISTRIBUIÇÃO DE ENERGIA S.A.;016985;FCA;39344;2014-06-13;http://www.rad.cvm.gov.br/ENETCONSULTA/frmDownloadDocumento.aspx?CodigoInstituicao=1&NumeroSequencialDocumento=39344
02.302.101/0001-42;2014-01-01;1;EMAE - EMPRESA METROP.AGUAS ENERGIA S.A.;016993;FCA;33964;2014-01-13;http://www.rad.cvm.gov.br/ENETCONSULTA/frmDownloadDocumento.aspx?CodigoInstituicao=1&NumeroSequencialDocumento=33964
02.302.101/0001-42;2014-01-01;2;EMAE - EMPRESA METROP.AGUAS ENERGIA S.A.;016993;FCA;37086;2014-05-09;http://www.rad.cvm.gov.br/ENETCONSULTA/frmDownloadDocumento.aspx?CodigoInstituicao=1&NumeroSequencialDocumento=37086
02.302.101/0001-42;2014-01-01;3;EMAE - EMPRESA METROP.AGUAS ENERGIA S.A.;016993;FCA;40349;2014-08-12;http://www.rad.cvm.gov.br/ENETCONSULTA/frmDownloadDocumento.aspx?CodigoInstituicao=1&NumeroSequencialDocumento=40349
02.312.604/0001-07;2014-01-01;1;DALETH PARTICIPAÇÕES SA - EM LIQUIDAÇÃO;016950;FCA;35715;2014-03-28;http://www.rad.cvm.gov.br/ENETCONSULTA/frmDownloadDocumento.aspx?CodigoInstituicao=1&NumeroSequencialDocumento=35715
02.312.604/0001-07;2014-01-01;2;DALETH PARTICIPAÇÕES SA - EM LIQUIDAÇÃO;016950;FCA;38978;2014-05-30;http://www.rad.cvm.gov.br/ENETCONSULTA/frmDownloadDocumento.aspx?CodigoInstituicao=1&NumeroSequencialDocumento=38978
02.318.346/0001-68;2014-01-01;1;OPPORTUNITY ENERGIA E PARTICIPACOES S.A. - EM LIQUIDAÇÃO;016942;FCA;34304;2014-02-04;http://www.rad.cvm.gov.br/ENETCONSULTA/frmDownloadDocumento.aspx?CodigoInstituicao=1&NumeroSequencialDocumento=34304
02.318.346/0001-68;2014-01-01;2;OPPORTUNITY ENERGIA E PARTICIPACOES S.A. - EM LIQUIDAÇÃO;016942;FCA;39091;2014-06-02;http://www.rad.cvm.gov.br/ENETCONSULTA/frmDownloadDocumento.aspx?CodigoInstituicao=1&NumeroSequencialDocumento=39091
02.328.280/0001-97;2014-01-01;1;ELEKTRO REDES S.A.;017485;FCA;34506;2014-02-12;http://www.rad.cvm.gov.br/ENETCONSULTA/frmDownloadDocumento.aspx?CodigoInstituicao=1&NumeroSequencialDocumento=34506
02.328.280/0001-97;2014-01-01;2;ELEKTRO REDES S.A.;017485;FCA;38646;2014-05-30;http://www.rad.cvm.gov.br/ENETCONSULTA/frmDownloadDocumento.aspx?CodigoInstituicao=1&NumeroSequencialDocumento=38646
02.338.534/0001-58;2014-01-01;1;LONGDIS S.A.;017434;FCA;35752;2014-03-28;http://www.rad.cvm.gov.br/ENETCONSULTA/frmDownloadDocumento.aspx?CodigoInstituicao=1&NumeroSequencialDocumento=35752
02.338.534/0001-58;2014-01-01;2;LONGDIS S.A.;017434;FCA;37651;2014-05-14;http://www.rad.cvm.gov.br/ENETCONSULTA/frmDownloadDocumento.aspx?CodigoInstituicao=1&NumeroSequencialDocumento=37651
02.351.144/0001-18;2014-01-01;1;TEGMA GESTAO LOGISTICA S.A.;020800;FCA;33933;2014-01-10;http://www.rad.cvm.gov.br/ENETCONSULTA/frmDownloadDocumento.aspx?CodigoInstituicao=1&NumeroSequencialDocumento=33933
02.351.144/0001-18;2014-01-01;2;TEGMA GESTAO LOGISTICA S.A.;020800;FCA;37123;2014-05-09;http://www.rad.cvm.gov.br/ENETCONSULTA/frmDownloadDocumento.aspx?CodigoInstituicao=1&NumeroSequencialDocumento=37123
02.351.144/0001-18;2014-01-01;3;TEGMA GESTAO LOGISTICA S.A.;020800;FCA;38520;2014-05-29;http://www.rad.cvm.gov.br/ENETCONSULTA/frmDownloadDocumento.aspx?CodigoInstituicao=1&NumeroSequencialDocumento=38520
02.363.917/0001-86;2014-01-01;1;RET PARTICIPACOES S.A.;017337;FCA;35768;2014-03-28;http://www.rad.cvm.gov.br/ENETCONSULTA/frmDownloadDocumento.aspx?CodigoInstituicao=1&NumeroSequencialDocumento=35768
02.363.917/0001-86;2014-01-01;2;RET PARTICIPACOES S.A.;017337;FCA;37649;2014-05-14;http://www.rad.cvm.gov.br/ENETCONSULTA/frmDownloadDocumento.aspx?CodigoInstituicao=1&NumeroSequencialDocumento=37649
02.363.918/0001-20;2014-01-01;1;ZAIN PARTICIPACOES S.A.;017361;FCA;35629;2014-03-27;http://www.rad.cvm.gov.br/ENETCONSULTA/frmDownloadDocumento.aspx?CodigoInstituicao=1&NumeroSequencialDocumento=35629
02.363.918/0001-20;2014-01-01;2;ZAIN PARTICIPACOES S.A.;017361;FCA;37518;2014-05-14;http://www.rad.cvm.gov.br/ENETCONSULTA/frmDownloadDocumento.aspx?CodigoInstituicao=1&NumeroSequencialDocumento=37518
02.365.069/0001-44;2014-01-01;1;PADTEC HOLDING S.A.;018414;FCA;35864;2014-03-28;http://www.rad.cvm.gov.br/ENETCONSULTA/frmDownloadDocumento.aspx?CodigoInstituicao=1&NumeroSequencialDocumento=35864
02.365.069/0001-44;2014-01-01;2;PADTEC HOLDING S.A.;018414;FCA;37926;2014-05-15;http://www.rad.cvm.gov.br/ENETCONSULTA/frmDownloadDocumento.aspx?CodigoInstituicao=1&NumeroSequencialDocumento=37926
02.366.097/0001-86;2014-01-01;1;VIANORTE S/A;021830;FCA;34385;2014-02-07;http://www.rad.cvm.gov.br/ENETCONSULTA/frmDownloadDocumento.aspx?CodigoInstituicao=1&NumeroSequencialDocumento=34385
02.366.097/0001-86;2014-01-01;2;VIANORTE S/A;021830;FCA;38719;2014-05-30;http://www.rad.cvm.gov.br/ENETCONSULTA/frmDownloadDocumento.aspx?CodigoInstituicao=1&NumeroSequencialDocumento=38719
02.373.517/0001-51;2014-01-01;1;LIBRA TERMINAL RIO S.A. - EM RECUPERAÇÃO JUDICIAL;023434;FCA;39682;2014-07-15;http://www.rad.cvm.gov.br/ENETCONSULTA/frmDownloadDocumento.aspx?CodigoInstituicao=1&NumeroSequencialDocumento=39682
02.373.517/0001-51;2014-01-01;2;LIBRA TERMINAL RIO S.A. - EM RECUPERAÇÃO JUDICIAL;023434;FCA;41299;2014-09-16;http://www.rad.cvm.gov.br/ENETCONSULTA/frmDownloadDocumento.aspx?CodigoInstituicao=1&NumeroSequencialDocumento=41299
02.373.517/0001-51;2014-01-01;3;LIBRA TERMINAL RIO S.A. - EM RECUPERAÇÃO JUDICIAL;023434;FCA;41423;2014-09-25;http://www.rad.cvm.gov.br/ENETCONSULTA/frmDownloadDocumento.aspx?CodigoInstituicao=1&NumeroSequencialDocumento=41423
02.382.073/0001-10;2014-01-01;1;PROLAGOS S/A - CONC.DE SERVICOS PÚBLICOS DE ÁGUA E ESGOTO;023469;FCA;40332;2014-08-12;http://www.rad.cvm.gov.br/ENETCONSULTA/frmDownloadDocumento.aspx?CodigoInstituicao=1&NumeroSequencialDocumento=40332
02.387.241/0001-60;2014-01-01;1;RUMO S.A.;017450;FCA;34789;2014-02-25;http://www.rad.cvm.gov.br/ENETCONSULTA/frmDownloadDocumento.aspx?CodigoInstituicao=1&NumeroSequencialDocumento=34789
02.387.241/0001-60;2014-01-01;2;RUMO S.A.;017450;FCA;36211;2014-04-10;http://www.rad.cvm.gov.br/ENETCONSULTA/frmDownloadDocumento.aspx?CodigoInstituicao=1&NumeroSequencialDocumento=36211
02.387.241/0001-60;2014-01-01;3;RUMO S.A.;017450;FCA;36714;2014-05-06;http://www.rad.cvm.gov.br/ENETCONSULTA/frmDownloadDocumento.aspx?CodigoInstituicao=1&NumeroSequencialDocumento=36714
02.387.241/0001-60;2014-01-01;4;RUMO S.A.;017450;FCA;37847;2014-05-15;http://www.rad.cvm.gov.br/ENETCONSULTA/frmDownloadDocumento.aspx?CodigoInstituicao=1&NumeroSequencialDocumento=37847
02.387.241/0001-60;2014-01-01;5;RUMO S.A.;017450;FCA;40113;2014-08-05;http://www.rad.cvm.gov.br/ENETCONSULTA/frmDownloadDocumento.aspx?CodigoInstituicao=1&NumeroSequencialDocumento=40113
02.390.206/0001-09;2014-01-01;1;LF TEL SA;017442;FCA;35388;2014-03-20;http://www.rad.cvm.gov.br/ENETCONSULTA/frmDownloadDocumento.aspx?CodigoInstituicao=1&NumeroSequencialDocumento=35388
02.390.206/0001-09;2014-01-01;2;LF TEL SA;017442;FCA;37142;2014-05-09;http://www.rad.cvm.gov.br/ENETCONSULTA/frmDownloadDocumento.aspx?CodigoInstituicao=1&NumeroSequencialDocumento=37142
02.397.080/0001-96;2014-01-01;1;ITAPEBI GERACAO DE ENERGIA S.A.;019364;FCA;34258;2014-01-31;http://www.rad.cvm.gov.br/ENETCONSULTA/frmDownloadDocumento.aspx?CodigoInstituicao=1&NumeroSequencialDocumento=34258
02.397.080/0001-96;2014-01-01;2;ITAPEBI GERACAO DE ENERGIA S.A.;019364;FCA;38130;2014-05-22;http://www.rad.cvm.gov.br/ENETCONSULTA/frmDownloadDocumento.aspx?CodigoInstituicao=1&NumeroSequencialDocumento=38130
02.415.408/0001-50;2014-01-01;1;CONC ROD.OESTE SP VIAOESTE S.A;021024;FCA;35145;2014-03-12;http://www.rad.cvm.gov.br/ENETCONSULTA/frmDownloadDocumento.aspx?CodigoInstituicao=1&NumeroSequencialDocumento=35145
02.415.408/0001-50;2014-01-01;2;CONC ROD.OESTE SP VIAOESTE S.A;021024;FCA;36442;2014-04-28;http://www.rad.cvm.gov.br/ENETCONSULTA/frmDownloadDocumento.aspx?CodigoInstituicao=1&NumeroSequencialDocumento=36442
02.415.408/0001-50;2014-01-01;3;CONC ROD.OESTE SP VIAOESTE S.A;021024;FCA;39136;2014-06-03;http://www.rad.cvm.gov.br/ENETCONSULTA/frmDownloadDocumento.aspx?CodigoInstituicao=1&NumeroSequencialDocumento=39136
02.429.144/0001-93;2014-01-01;1;CPFL ENERGIA S.A.;018660;FCA;33805;2014-01-06;http://www.rad.cvm.gov.br/ENETCONSULTA/frmDownloadDocumento.aspx?CodigoInstituicao=1&NumeroSequencialDocumento=33805
02.429.144/0001-93;2014-01-01;2;CPFL ENERGIA S.A.;018660;FCA;38156;2014-05-23;http://www.rad.cvm.gov.br/ENETCONSULTA/frmDownloadDocumento.aspx?CodigoInstituicao=1&NumeroSequencialDocumento=38156
02.429.144/0001-93;2014-01-01;3;CPFL ENERGIA S.A.;018660;FCA;41480;2014-10-01;http://www.rad.cvm.gov.br/ENETCONSULTA/frmDownloadDocumento.aspx?CodigoInstituicao=1&NumeroSequencialDocumento=41480
02.429.144/0001-93;2014-01-01;4;CPFL ENERGIA S.A.;018660;FCA;41547;2014-10-07;http://www.rad.cvm.gov.br/ENETCONSULTA/frmDownloadDocumento.aspx?CodigoInstituicao=1&NumeroSequencialDocumento=41547
02.451.848/0001-62;2014-01-01;1;CONC SIST ANHANG-BANDEIRANT S.A. AUTOBAN;020192;FCA;35144;2014-03-12;http://www.rad.cvm.gov.br/ENETCONSULTA/frmDownloadDocumento.aspx?CodigoInstituicao=1&NumeroSequencialDocumento=35144
02.451.848/0001-62;2014-01-01;2;CONC SIST ANHANG-BANDEIRANT S.A. AUTOBAN;020192;FCA;39135;2014-06-03;http://www.rad.cvm.gov.br/ENETCONSULTA/frmDownloadDocumento.aspx?CodigoInstituicao=1&NumeroSequencialDocumento=39135
02.451.848/0001-62;2014-01-01;3;CONC SIST ANHANG-BANDEIRANT S.A. AUTOBAN;020192;FCA;41054;2014-08-26;http://www.rad.cvm.gov.br/ENETCONSULTA/frmDownloadDocumento.aspx?CodigoInstituicao=1&NumeroSequencialDocumento=41054
02.465.783/0001-04;2014-01-01;1;FUTURETEL S.A. - EM LIQUIDAÇÃO;017388;FCA;35624;2014-03-27;http://www.rad.cvm.gov.br/ENETCONSULTA/frmDownloadDocumento.aspx?CodigoInstituicao=1&NumeroSequencialDocumento=35624
02.465.783/0001-04;2014-01-01;2;FUTURETEL S.A. - EM LIQUIDAÇÃO;017388;FCA;37520;2014-05-14;http://www.rad.cvm.gov.br/ENETCONSULTA/frmDownloadDocumento.aspx?CodigoInstituicao=1&NumeroSequencialDocumento=37520
02.474.103/0001-19;2014-01-01;1;ENGIE BRASIL ENERGIA S.A.;017329;FCA;33857;2014-01-07;http://www.rad.cvm.gov.br/ENETCONSULTA/frmDownloadDocumento.aspx?CodigoInstituicao=1&NumeroSequencialDocumento=33857
02.474.103/0001-19;2014-01-01;2;ENGIE BRASIL ENERGIA S.A.;017329;FCA;36729;2014-05-06;http://www.rad.cvm.gov.br/ENETCONSULTA/frmDownloadDocumento.aspx?CodigoInstituicao=1&NumeroSequencialDocumento=36729
02.476.710/0001-18;2014-01-01;1;TELINVEST S.A.;017418;FCA;35772;2014-03-28;http://www.rad.cvm.gov.br/ENETCONSULTA/frmDownloadDocumento.aspx?CodigoInstituicao=1&NumeroSequencialDocumento=35772
02.476.710/0001-18;2014-01-01;2;TELINVEST S.A.;017418;FCA;37650;2014-05-14;http://www.rad.cvm.gov.br/ENETCONSULTA/frmDownloadDocumento.aspx?CodigoInstituicao=1&NumeroSequencialDocumento=37650
02.502.844/0001-66;2014-01-01;1;RUMO MALHA PAULISTA S.A.;017930;FCA;35667;2014-03-27;http://www.rad.cvm.gov.br/ENETCONSULTA/frmDownloadDocumento.aspx?CodigoInstituicao=1&NumeroSequencialDocumento=35667
02.502.844/0001-66;2014-01-01;2;RUMO MALHA PAULISTA S.A.;017930;FCA;36605;2014-05-02;http://www.rad.cvm.gov.br/ENETCONSULTA/frmDownloadDocumento.aspx?CodigoInstituicao=1&NumeroSequencialDocumento=36605
02.502.844/0001-66;2014-01-01;3;RUMO MALHA PAULISTA S.A.;017930;FCA;42658;2014-11-14;http://www.rad.cvm.gov.br/ENETCONSULTA/frmDownloadDocumento.aspx?CodigoInstituicao=1&NumeroSequencialDocumento=42658
02.509.186/0001-34;2014-01-01;1;TRIÂNGULO DO SOL AUTO-ESTRADAS S.A.;023060;FCA;34974;2014-03-01;http://www.rad.cvm.gov.br/ENETCONSULTA/frmDownloadDocumento.aspx?CodigoInstituicao=1&NumeroSequencialDocumento=34974
02.509.186/0001-34;2014-01-01;2;TRIÂNGULO DO SOL AUTO-ESTRADAS S.A.;023060;FCA;38416;2014-05-29;http://www.rad.cvm.gov.br/ENETCONSULTA/frmDownloadDocumento.aspx?CodigoInstituicao=1&NumeroSequencialDocumento=38416
02.509.491/0001-26;2014-01-01;1;CONC ECOVIAS IMIGRANTES S.A.;020397;FCA;33939;2014-01-10;http://www.rad.cvm.gov.br/ENETCONSULTA/frmDownloadDocumento.aspx?CodigoInstituicao=1&NumeroSequencialDocumento=33939
02.509.491/0001-26;2014-01-01;2;CONC ECOVIAS IMIGRANTES S.A.;020397;FCA;35105;2014-03-11;http://www.rad.cvm.gov.br/ENETCONSULTA/frmDownloadDocumento.aspx?CodigoInstituicao=1&NumeroSequencialDocumento=35105
02.509.491/0001-26;2014-01-01;3;CONC ECOVIAS IMIGRANTES S.A.;020397;FCA;38789;2014-05-30;http://www.rad.cvm.gov.br/ENETCONSULTA/frmDownloadDocumento.aspx?CodigoInstituicao=1&NumeroSequencialDocumento=38789
02.535.295/0001-26;2014-01-01;1;MAORI SA;017779;FCA;36471;2014-04-29;http://www.rad.cvm.gov.br/ENETCONSULTA/frmDownloadDocumento.aspx?CodigoInstituicao=1&NumeroSequencialDocumento=36471
02.535.295/0001-26;2014-01-01;2;MAORI SA;017779;FCA;42567;2014-11-14;http://www.rad.cvm.gov.br/ENETCONSULTA/frmDownloadDocumento.aspx?CodigoInstituicao=1&NumeroSequencialDocumento=42567
02.541.982/0001-54;2014-01-01;1;SOMOS EDUCAÇÃO S.A.;022551;FCA;34618;2014-02-18;http://www.rad.cvm.gov.br/ENETCONSULTA/frmDownloadDocumento.aspx?CodigoInstituicao=1&NumeroSequencialDocumento=34618
02.541.982/0001-54;2014-01-01;2;SOMOS EDUCAÇÃO S.A.;022551;FCA;36338;2014-04-22;http://www.rad.cvm.gov.br/ENETCONSULTA/frmDownloadDocumento.aspx?CodigoInstituicao=1&NumeroSequencialDocumento=36338
02.541.982/0001-54;2014-01-01;3;SOMOS EDUCAÇÃO S.A.;022551;FCA;38348;2014-05-28;http://www.rad.cvm.gov.br/ENETCONSULTA/frmDownloadDocumento.aspx?CodigoInstituicao=1&NumeroSequencialDocumento=38348
02.541.982/0001-54;2014-01-01;4;SOMOS EDUCAÇÃO S.A.;022551;FCA;42784;2014-11-19;http://www.rad.cvm.gov.br/ENETCONSULTA/frmDownloadDocumento.aspx?CodigoInstituicao=1&NumeroSequencialDocumento=42784
02.555.926/0001-79;2014-01-01;1;CENTROVIAS-SISTEMAS RODOVIARIOS S/A;021857;FCA;34414;2014-02-10;http://www.rad.cvm.gov.br/ENETCONSULTA/frmDownloadDocumento.aspx?CodigoInstituicao=1&NumeroSequencialDocumento=34414
02.555.926/0001-79;2014-01-01;2;CENTROVIAS-SISTEMAS RODOVIARIOS S/A;021857;FCA;38716;2014-05-30;http://www.rad.cvm.gov.br/ENETCONSULTA/frmDownloadDocumento.aspx?CodigoInstituicao=1&NumeroSequencialDocumento=38716
02.558.115/0001-21;2014-01-01;1;TIM PARTICIPACOES S.A.;017639;FCA;34544;2014-02-13;http://www.rad.cvm.gov.br/ENETCONSULTA/frmDownloadDocumento.aspx?CodigoInstituicao=1&NumeroSequencialDocumento=34544
02.558.115/0001-21;2014-01-01;2;TIM PARTICIPACOES S.A.;017639;FCA;38035;2014-05-20;http://www.rad.cvm.gov.br/ENETCONSULTA/frmDownloadDocumento.aspx?CodigoInstituicao=1&NumeroSequencialDocumento=38035
02.558.115/0001-21;2014-01-01;3;TIM PARTICIPACOES S.A.;017639;FCA;38139;2014-05-22;http://www.rad.cvm.gov.br/ENETCONSULTA/frmDownloadDocumento.aspx?CodigoInstituicao=1&NumeroSequencialDocumento=38139
02.558.115/0001-21;2014-01-01;4;TIM PARTICIPACOES S.A.;017639;FCA;43176;2014-12-19;http://www.rad.cvm.gov.br/ENETCONSULTA/frmDownloadDocumento.aspx?CodigoInstituicao=1&NumeroSequencialDocumento=43176
02.558.124/0001-12;2014-01-01;1;EMBRATEL PARTICIPAÇÕES SA;017647;FCA;33912;2014-01-09;http://www.rad.cvm.gov.br/ENETCONSULTA/frmDownloadDocumento.aspx?CodigoInstituicao=1&NumeroSequencialDocumento=33912
02.558.124/0001-12;2014-01-01;2;EMBRATEL PARTICIPAÇÕES SA;017647;FCA;36677;2014-05-05;http://www.rad.cvm.gov.br/ENETCONSULTA/frmDownloadDocumento.aspx?CodigoInstituicao=1&NumeroSequencialDocumento=36677
02.558.157/0001-62;2014-01-01;1;TELEFÔNICA BRASIL S.A;017671;FCA;34690;2014-02-20;http://www.rad.cvm.gov.br/ENETCONSULTA/frmDownloadDocumento.aspx?CodigoInstituicao=1&NumeroSequencialDocumento=34690
02.558.157/0001-62;2014-01-01;2;TELEFÔNICA BRASIL S.A;017671;FCA;36498;2014-04-29;http://www.rad.cvm.gov.br/ENETCONSULTA/frmDownloadDocumento.aspx?CodigoInstituicao=1&NumeroSequencialDocumento=36498
02.558.157/0001-62;2014-01-01;3;TELEFÔNICA BRASIL S.A;017671;FCA;36805;2014-05-07;http://www.rad.cvm.gov.br/ENETCONSULTA/frmDownloadDocumento.aspx?CodigoInstituicao=1&NumeroSequencialDocumento=36805
02.558.157/0001-62;2014-01-01;4;TELEFÔNICA BRASIL S.A;017671;FCA;42978;2014-12-08;http://www.rad.cvm.gov.br/ENETCONSULTA/frmDownloadDocumento.aspx?CodigoInstituicao=1&NumeroSequencialDocumento=42978
02.591.787/0001-39;2014-01-01;1;CAPITALPART PARTICIPACOES S.A.;017493;FCA;35765;2014-03-28;http://www.rad.cvm.gov.br/ENETCONSULTA/frmDownloadDocumento.aspx?CodigoInstituicao=1&NumeroSequencialDocumento=35765
02.591.787/0001-39;2014-01-01;2;CAPITALPART PARTICIPACOES S.A.;017493;FCA;37652;2014-05-14;http://www.rad.cvm.gov.br/ENETCONSULTA/frmDownloadDocumento.aspx?CodigoInstituicao=1&NumeroSequencialDocumento=37652
02.604.860/0001-60;2014-01-01;1;INNCORP S.A.;017558;FCA;35762;2014-03-28;http://www.rad.cvm.gov.br/ENETCONSULTA/frmDownloadDocumento.aspx?CodigoInstituicao=1&NumeroSequencialDocumento=35762
02.604.860/0001-60;2014-01-01;2;INNCORP S.A.;017558;FCA;37653;2014-05-14;http://www.rad.cvm.gov.br/ENETCONSULTA/frmDownloadDocumento.aspx?CodigoInstituicao=1&NumeroSequencialDocumento=37653
02.604.997/0001-14;2014-01-01;1;NEWTEL PARTICIPACOES S.A.;017540;FCA;35623;2014-03-27;http://www.rad.cvm.gov.br/ENETCONSULTA/frmDownloadDocumento.aspx?CodigoInstituicao=1&NumeroSequencialDocumento=35623
02.604.997/0001-14;2014-01-01;2;NEWTEL PARTICIPACOES S.A.;017540;FCA;37521;2014-05-14;http://www.rad.cvm.gov.br/ENETCONSULTA/frmDownloadDocumento.aspx?CodigoInstituicao=1&NumeroSequencialDocumento=37521
02.643.896/0001-52;2014-01-01;1;REAL AI PIC SEC DE CREDITOS IMOBILIARIO S.A.;018430;FCA;34139;2014-01-24;http://www.rad.cvm.gov.br/ENETCONSULTA/frmDownloadDocumento.aspx?CodigoInstituicao=1&NumeroSequencialDocumento=34139
02.643.896/0001-52;2014-01-01;2;REAL AI PIC SEC DE CREDITOS IMOBILIARIO S.A.;018430;FCA;34193;2014-01-27;http://www.rad.cvm.gov.br/ENETCONSULTA/frmDownloadDocumento.aspx?CodigoInstituicao=1&NumeroSequencialDocumento=34193
02.643.896/0001-52;2014-01-01;3;REAL AI PIC SEC DE CREDITOS IMOBILIARIO S.A.;018430;FCA;36645;2014-05-05;http://www.rad.cvm.gov.br/ENETCONSULTA/frmDownloadDocumento.aspx?CodigoInstituicao=1&NumeroSequencialDocumento=36645
02.664.042/0001-52;2014-01-01;1;TERMINAL GARAGEM MENEZES CORTES S.A.;018538;FCA;34739;2014-02-24;http://www.rad.cvm.gov.br/ENETCONSULTA/frmDownloadDocumento.aspx?CodigoInstituicao=1&NumeroSequencialDocumento=34739
02.664.042/0001-52;2014-01-01;2;TERMINAL GARAGEM MENEZES CORTES S.A.;018538;FCA;37693;2014-05-15;http://www.rad.cvm.gov.br/ENETCONSULTA/frmDownloadDocumento.aspx?CodigoInstituicao=1&NumeroSequencialDocumento=37693
02.679.185/0001-38;2014-01-01;1;AUTOVIAS S/A;021822;FCA;33752;2014-01-02;http://www.rad.cvm.gov.br/ENETCONSULTA/frmDownloadDocumento.aspx?CodigoInstituicao=1&NumeroSequencialDocumento=33752
02.679.185/0001-38;2014-01-01;2;AUTOVIAS S/A;021822;FCA;38692;2014-05-30;http://www.rad.cvm.gov.br/ENETCONSULTA/frmDownloadDocumento.aspx?CodigoInstituicao=1&NumeroSequencialDocumento=38692
02.682.287/0001-02;2014-01-01;1;PAN FINANCEIRA S.A. - CRÉDITO, FINANCIAMENTO E INVESTIMENTO;018554;FCA;34556;2014-02-14;http://www.rad.cvm.gov.br/ENETCONSULTA/frmDownloadDocumento.aspx?CodigoInstituicao=1&NumeroSequencialDocumento=34556
02.682.287/0001-02;2014-01-01;2;PAN FINANCEIRA S.A. - CRÉDITO, FINANCIAMENTO E INVESTIMENTO;018554;FCA;35191;2014-03-13;http://www.rad.cvm.gov.br/ENETCONSULTA/frmDownloadDocumento.aspx?CodigoInstituicao=1&NumeroSequencialDocumento=35191
02.682.287/0001-02;2014-01-01;3;PAN FINANCEIRA S.A. - CRÉDITO, FINANCIAMENTO E INVESTIMENTO;018554;FCA;37102;2014-05-09;http://www.rad.cvm.gov.br/ENETCONSULTA/frmDownloadDocumento.aspx?CodigoInstituicao=1&NumeroSequencialDocumento=37102
02.724.983/0001-34;2014-01-01;1;SANESALTO SANEAMENTO S.A.;019593;FCA;35732;2014-03-28;http://www.rad.cvm.gov.br/ENETCONSULTA/frmDownloadDocumento.aspx?CodigoInstituicao=1&NumeroSequencialDocumento=35732
02.724.983/0001-34;2014-01-01;2;SANESALTO SANEAMENTO S.A.;019593;FCA;37506;2014-05-14;http://www.rad.cvm.gov.br/ENETCONSULTA/frmDownloadDocumento.aspx?CodigoInstituicao=1&NumeroSequencialDocumento=37506
02.736.470/0001-43;2014-01-01;1;CONFIANZA SECURITIZADORA SA;018236;FCA;34586;2014-02-17;http://www.rad.cvm.gov.br/ENETCONSULTA/frmDownloadDocumento.aspx?CodigoInstituicao=1&NumeroSequencialDocumento=34586
02.736.470/0001-43;2014-01-01;2;CONFIANZA SECURITIZADORA SA;018236;FCA;37133;2014-05-09;http://www.rad.cvm.gov.br/ENETCONSULTA/frmDownloadDocumento.aspx?CodigoInstituicao=1&NumeroSequencialDocumento=37133
02.762.113/0001-50;2014-01-01;1;BRAZILIAN FINANCE E REAL ESTATE S.A.;017922;FCA;34309;2014-02-04;http://www.rad.cvm.gov.br/ENETCONSULTA/frmDownloadDocumento.aspx?CodigoInstituicao=1&NumeroSequencialDocumento=34309
02.762.113/0001-50;2014-01-01;2;BRAZILIAN FINANCE E REAL ESTATE S.A.;017922;FCA;37974;2014-05-16;http://www.rad.cvm.gov.br/ENETCONSULTA/frmDownloadDocumento.aspx?CodigoInstituicao=1&NumeroSequencialDocumento=37974
02.762.113/0001-50;2014-01-01;3;BRAZILIAN FINANCE E REAL ESTATE S.A.;017922;FCA;38011;2014-05-19;http://www.rad.cvm.gov.br/ENETCONSULTA/frmDownloadDocumento.aspx?CodigoInstituicao=1&NumeroSequencialDocumento=38011
02.762.115/0001-49;2014-01-01;1;MMX MINERACAO E METALICOS S.A. - EM RECUPERAÇÃO JUDICIAL;017914;FCA;34393;2014-02-07;http://www.rad.cvm.gov.br/ENETCONSULTA/frmDownloadDocumento.aspx?CodigoInstituicao=1&NumeroSequencialDocumento=34393
02.762.115/0001-49;2014-01-01;2;MMX MINERACAO E METALICOS S.A. - EM RECUPERAÇÃO JUDICIAL;017914;FCA;38577;2014-05-30;http://www.rad.cvm.gov.br/ENETCONSULTA/frmDownloadDocumento.aspx?CodigoInstituicao=1&NumeroSequencialDocumento=38577
02.762.115/0001-49;2014-01-01;3;MMX MINERACAO E METALICOS S.A. - EM RECUPERAÇÃO JUDICIAL;017914;FCA;41131;2014-09-02;http://www.rad.cvm.gov.br/ENETCONSULTA/frmDownloadDocumento.aspx?CodigoInstituicao=1&NumeroSequencialDocumento=41131
02.762.121/0001-04;2014-01-01;1;SANTOS BRASIL PARTICIPACOES S.A.;017892;FCA;33990;2014-01-15;http://www.rad.cvm.gov.br/ENETCONSULTA/frmDownloadDocumento.aspx?CodigoInstituicao=1&NumeroSequencialDocumento=33990
02.762.121/0001-04;2014-01-01;2;SANTOS BRASIL PARTICIPACOES S.A.;017892;FCA;36653;2014-05-05;http://www.rad.cvm.gov.br/ENETCONSULTA/frmDownloadDocumento.aspx?CodigoInstituicao=1&NumeroSequencialDocumento=36653
02.762.121/0001-04;2014-01-01;3;SANTOS BRASIL PARTICIPACOES S.A.;017892;FCA;39556;2014-07-02;http://www.rad.cvm.gov.br/ENETCONSULTA/frmDownloadDocumento.aspx?CodigoInstituicao=1&NumeroSequencialDocumento=39556
02.762.121/0001-04;2014-01-01;4;SANTOS BRASIL PARTICIPACOES S.A.;017892;FCA;39557;2014-07-02;http://www.rad.cvm.gov.br/ENETCONSULTA/frmDownloadDocumento.aspx?CodigoInstituicao=1&NumeroSequencialDocumento=39557
02.762.121/0001-04;2014-01-01;5;SANTOS BRASIL PARTICIPACOES S.A.;017892;FCA;39776;2014-07-16;http://www.rad.cvm.gov.br/ENETCONSULTA/frmDownloadDocumento.aspx?CodigoInstituicao=1&NumeroSequencialDocumento=39776
02.762.124/0001-30;2014-01-01;1;BETAPART PARTICIPACOES S.A.;017884;FCA;34299;2014-02-04;http://www.rad.cvm.gov.br/ENETCONSULTA/frmDownloadDocumento.aspx?CodigoInstituicao=1&NumeroSequencialDocumento=34299
02.762.124/0001-30;2014-01-01;2;BETAPART PARTICIPACOES S.A.;017884;FCA;38326;2014-05-28;http://www.rad.cvm.gov.br/ENETCONSULTA/frmDownloadDocumento.aspx?CodigoInstituicao=1&NumeroSequencialDocumento=38326
02.762.124/0001-30;2014-01-01;3;BETAPART PARTICIPACOES S.A.;017884;FCA;41673;2014-10-16;http://www.rad.cvm.gov.br/ENETCONSULTA/frmDownloadDocumento.aspx?CodigoInstituicao=1&NumeroSequencialDocumento=41673
02.773.542/0001-22;2014-01-01;1;OPEA SECURITIZADORA S.A.;018406;FCA;33757;2014-01-02;http://www.rad.cvm.gov.br/ENETCONSULTA/frmDownloadDocumento.aspx?CodigoInstituicao=1&NumeroSequencialDocumento=33757
02.773.542/0001-22;2014-01-01;2;OPEA SECURITIZADORA S.A.;018406;FCA;34815;2014-02-25;http://www.rad.cvm.gov.br/ENETCONSULTA/frmDownloadDocumento.aspx?CodigoInstituicao=1&NumeroSequencialDocumento=34815
02.773.542/0001-22;2014-01-01;3;OPEA SECURITIZADORA S.A.;018406;FCA;35080;2014-03-10;http://www.rad.cvm.gov.br/ENETCONSULTA/frmDownloadDocumento.aspx?CodigoInstituicao=1&NumeroSequencialDocumento=35080
02.773.542/0001-22;2014-01-01;4;OPEA SECURITIZADORA S.A.;018406;FCA;37640;2014-05-14;http://www.rad.cvm.gov.br/ENETCONSULTA/frmDownloadDocumento.aspx?CodigoInstituicao=1&NumeroSequencialDocumento=37640
02.773.542/0001-22;2014-01-01;5;OPEA SECURITIZADORA S.A.;018406;FCA;40428;2014-08-13;http://www.rad.cvm.gov.br/ENETCONSULTA/frmDownloadDocumento.aspx?CodigoInstituicao=1&NumeroSequencialDocumento=40428
02.773.542/0001-22;2014-01-01;6;OPEA SECURITIZADORA S.A.;018406;FCA;42800;2014-11-19;http://www.rad.cvm.gov.br/ENETCONSULTA/frmDownloadDocumento.aspx?CodigoInstituicao=1&NumeroSequencialDocumento=42800
02.783.423/0001-50;2014-01-01;1;ALTERE SECURITIZADORA S.A.;018066;FCA;34283;2014-02-03;http://www.rad.cvm.gov.br/ENETCONSULTA/frmDownloadDocumento.aspx?CodigoInstituicao=1&NumeroSequencialDocumento=34283
02.783.423/0001-50;2014-01-01;2;ALTERE SECURITIZADORA S.A.;018066;FCA;38858;2014-05-30;http://www.rad.cvm.gov.br/ENETCONSULTA/frmDownloadDocumento.aspx?CodigoInstituicao=1&NumeroSequencialDocumento=38858
02.796.775/0001-40;2014-01-01;1;GAMA PARTICIPACOES S.A.;017965;FCA;34302;2014-02-04;http://www.rad.cvm.gov.br/ENETCONSULTA/frmDownloadDocumento.aspx?CodigoInstituicao=1&NumeroSequencialDocumento=34302
02.796.775/0001-40;2014-01-01;2;GAMA PARTICIPACOES S.A.;017965;FCA;38330;2014-05-28;http://www.rad.cvm.gov.br/ENETCONSULTA/frmDownloadDocumento.aspx?CodigoInstituicao=1&NumeroSequencialDocumento=38330
02.800.026/0001-40;2014-01-01;1;COGNA EDUCAÇÃO S.A.;017973;FCA;34001;2014-01-15;http://www.rad.cvm.gov.br/ENETCONSULTA/frmDownloadDocumento.aspx?CodigoInstituicao=1&NumeroSequencialDocumento=34001
02.800.026/0001-40;2014-01-01;2;COGNA EDUCAÇÃO S.A.;017973;FCA;39111;2014-06-02;http://www.rad.cvm.gov.br/ENETCONSULTA/frmDownloadDocumento.aspx?CodigoInstituicao=1&NumeroSequencialDocumento=39111
02.800.026/0001-40;2014-01-01;3;COGNA EDUCAÇÃO S.A.;017973;FCA;39669;2014-07-14;http://www.rad.cvm.gov.br/ENETCONSULTA/frmDownloadDocumento.aspx?CodigoInstituicao=1&NumeroSequencialDocumento=39669
02.800.026/0001-40;2014-01-01;4;COGNA EDUCAÇÃO S.A.;017973;FCA;41104;2014-09-01;http://www.rad.cvm.gov.br/ENETCONSULTA/frmDownloadDocumento.aspx?CodigoInstituicao=1&NumeroSequencialDocumento=41104
02.808.481/0001-91;2014-01-01;1;AETATIS SECURITIZADORA S.A.;018104;FCA;35331;2014-03-19;http://www.rad.cvm.gov.br/ENETCONSULTA/frmDownloadDocumento.aspx?CodigoInstituicao=1&NumeroSequencialDocumento=35331
02.808.481/0001-91;2014-01-01;2;AETATIS SECURITIZADORA S.A.;018104;FCA;38972;2014-05-30;http://www.rad.cvm.gov.br/ENETCONSULTA/frmDownloadDocumento.aspx?CodigoInstituicao=1&NumeroSequencialDocumento=38972
02.846.056/0001-97;2014-01-01;1;CCR S.A.;018821;FCA;35131;2014-03-12;http://www.rad.cvm.gov.br/ENETCONSULTA/frmDownloadDocumento.aspx?CodigoInstituicao=1&NumeroSequencialDocumento=35131
02.846.056/0001-97;2014-01-01;2;CCR S.A.;018821;FCA;36236;2014-04-14;http://www.rad.cvm.gov.br/ENETCONSULTA/frmDownloadDocumento.aspx?CodigoInstituicao=1&NumeroSequencialDocumento=36236
02.846.056/0001-97;2014-01-01;3;CCR S.A.;018821;FCA;38369;2014-05-28;http://www.rad.cvm.gov.br/ENETCONSULTA/frmDownloadDocumento.aspx?CodigoInstituicao=1&NumeroSequencialDocumento=38369
02.860.694/0001-62;2014-01-01;1;T4F ENTRETENIMENTO S.A.;022454;FCA;34420;2014-02-10;http://www.rad.cvm.gov.br/ENETCONSULTA/frmDownloadDocumento.aspx?CodigoInstituicao=1&NumeroSequencialDocumento=34420
02.860.694/0001-62;2014-01-01;2;T4F ENTRETENIMENTO S.A.;022454;FCA;38106;2014-05-22;http://www.rad.cvm.gov.br/ENETCONSULTA/frmDownloadDocumento.aspx?CodigoInstituicao=1&NumeroSequencialDocumento=38106
02.860.694/0001-62;2014-01-01;3;T4F ENTRETENIMENTO S.A.;022454;FCA;39163;2014-06-04;http://www.rad.cvm.gov.br/ENETCONSULTA/frmDownloadDocumento.aspx?CodigoInstituicao=1&NumeroSequencialDocumento=39163
02.860.694/0001-62;2014-01-01;4;T4F ENTRETENIMENTO S.A.;022454;FCA;39530;2014-06-30;http://www.rad.cvm.gov.br/ENETCONSULTA/frmDownloadDocumento.aspx?CodigoInstituicao=1&NumeroSequencialDocumento=39530
02.916.265/0001-60;2014-01-01;1;JBS S.A.;020575;FCA;34176;2014-01-27;http://www.rad.cvm.gov.br/ENETCONSULTA/frmDownloadDocumento.aspx?CodigoInstituicao=1&NumeroSequencialDocumento=34176
02.916.265/0001-60;2014-01-01;2;JBS S.A.;020575;FCA;38055;2014-05-20;http://www.rad.cvm.gov.br/ENETCONSULTA/frmDownloadDocumento.aspx?CodigoInstituicao=1&NumeroSequencialDocumento=38055
02.916.265/0001-60;2014-01-01;3;JBS S.A.;020575;FCA;38853;2014-05-30;http://www.rad.cvm.gov.br/ENETCONSULTA/frmDownloadDocumento.aspx?CodigoInstituicao=1&NumeroSequencialDocumento=38853
02.919.555/0001-67;2014-01-01;1;ARTERIS S.A.;019771;FCA;34336;2014-02-05;http://www.rad.cvm.gov.br/ENETCONSULTA/frmDownloadDocumento.aspx?CodigoInstituicao=1&NumeroSequencialDocumento=34336
02.919.555/0001-67;2014-01-01;2;ARTERIS S.A.;019771;FCA;36549;2014-04-30;http://www.rad.cvm.gov.br/ENETCONSULTA/frmDownloadDocumento.aspx?CodigoInstituicao=1&NumeroSequencialDocumento=36549
02.919.555/0001-67;2014-01-01;3;ARTERIS S.A.;019771;FCA;38645;2014-05-30;http://www.rad.cvm.gov.br/ENETCONSULTA/frmDownloadDocumento.aspx?CodigoInstituicao=1&NumeroSequencialDocumento=38645
02.919.555/0001-67;2014-01-01;4;ARTERIS S.A.;019771;FCA;41539;2014-10-06;http://www.rad.cvm.gov.br/ENETCONSULTA/frmDownloadDocumento.aspx?CodigoInstituicao=1&NumeroSequencialDocumento=41539
02.932.074/0001-91;2014-01-01;1;HYPERA S.A.;021431;FCA;33887;2014-01-09;http://www.rad.cvm.gov.br/ENETCONSULTA/frmDownloadDocumento.aspx?CodigoInstituicao=1&NumeroSequencialDocumento=33887
02.932.074/0001-91;2014-01-01;2;HYPERA S.A.;021431;FCA;36430;2014-04-25;http://www.rad.cvm.gov.br/ENETCONSULTA/frmDownloadDocumento.aspx?CodigoInstituicao=1&NumeroSequencialDocumento=36430
02.932.074/0001-91;2014-01-01;3;HYPERA S.A.;021431;FCA;38078;2014-05-21;http://www.rad.cvm.gov.br/ENETCONSULTA/frmDownloadDocumento.aspx?CodigoInstituicao=1&NumeroSequencialDocumento=38078
02.950.811/0001-89;2014-01-01;1;PDG REALTY S.A. EMPREEND E PARTICIPACOES;020478;FCA;34505;2014-02-12;http://www.rad.cvm.gov.br/ENETCONSULTA/frmDownloadDocumento.aspx?CodigoInstituicao=1&NumeroSequencialDocumento=34505
02.950.811/0001-89;2014-01-01;2;PDG REALTY S.A. EMPREEND E PARTICIPACOES;020478;FCA;37549;2014-05-14;http://www.rad.cvm.gov.br/ENETCONSULTA/frmDownloadDocumento.aspx?CodigoInstituicao=1&NumeroSequencialDocumento=37549
02.983.428/0001-27;2014-01-01;1;CEMIG TELECOMUNICAÇÕES S.A.;018716;FCA;35372;2014-03-20;http://www.rad.cvm.gov.br/ENETCONSULTA/frmDownloadDocumento.aspx?CodigoInstituicao=1&NumeroSequencialDocumento=35372
02.983.428/0001-27;2014-01-01;2;CEMIG TELECOMUNICAÇÕES S.A.;018716;FCA;36604;2014-05-02;http://www.rad.cvm.gov.br/ENETCONSULTA/frmDownloadDocumento.aspx?CodigoInstituicao=1&NumeroSequencialDocumento=36604
02.992.449/0001-09;2014-01-01;1;PROMPT PARTICIPACOES S.A.;018333;FCA;34305;2014-02-04;http://www.rad.cvm.gov.br/ENETCONSULTA/frmDownloadDocumento.aspx?CodigoInstituicao=1&NumeroSequencialDocumento=34305
02.992.449/0001-09;2014-01-01;2;PROMPT PARTICIPACOES S.A.;018333;FCA;38333;2014-05-28;http://www.rad.cvm.gov.br/ENETCONSULTA/frmDownloadDocumento.aspx?CodigoInstituicao=1&NumeroSequencialDocumento=38333
02.992.449/0001-09;2014-01-01;3;PROMPT PARTICIPACOES S.A.;018333;FCA;42162;2014-11-10;http://www.rad.cvm.gov.br/ENETCONSULTA/frmDownloadDocumento.aspx?CodigoInstituicao=1&NumeroSequencialDocumento=42162
02.998.301/0001-81;2014-01-01;1;RIO PARANAPANEMA ENERGIA S.A.;018368;FCA;33868;2014-01-08;http://www.rad.cvm.gov.br/ENETCONSULTA/frmDownloadDocumento.aspx?CodigoInstituicao=1&NumeroSequencialDocumento=33868
02.998.301/0001-81;2014-01-01;2;RIO PARANAPANEMA ENERGIA S.A.;018368;FCA;36505;2014-04-29;http://www.rad.cvm.gov.br/ENETCONSULTA/frmDownloadDocumento.aspx?CodigoInstituicao=1&NumeroSequencialDocumento=36505
02.998.301/0001-81;2014-01-01;3;RIO PARANAPANEMA ENERGIA S.A.;018368;FCA;36632;2014-05-05;http://www.rad.cvm.gov.br/ENETCONSULTA/frmDownloadDocumento.aspx?CodigoInstituicao=1&NumeroSequencialDocumento=36632
02.998.609/0001-27;2014-01-01;1;AES TIETE SA;018350;FCA;33794;2014-01-06;http://www.rad.cvm.gov.br/ENETCONSULTA/frmDownloadDocumento.aspx?CodigoInstituicao=1&NumeroSequencialDocumento=33794
02.998.609/0001-27;2014-01-01;2;AES TIETE SA;018350;FCA;34660;2014-02-19;http://www.rad.cvm.gov.br/ENETCONSULTA/frmDownloadDocumento.aspx?CodigoInstituicao=1&NumeroSequencialDocumento=34660
02.998.609/0001-27;2014-01-01;3;AES TIETE SA;018350;FCA;36858;2014-05-07;http://www.rad.cvm.gov.br/ENETCONSULTA/frmDownloadDocumento.aspx?CodigoInstituicao=1&NumeroSequencialDocumento=36858
02.998.609/0001-27;2014-01-01;4;AES TIETE SA;018350;FCA;43014;2014-12-09;http://www.rad.cvm.gov.br/ENETCONSULTA/frmDownloadDocumento.aspx?CodigoInstituicao=1&NumeroSequencialDocumento=43014
02.998.611/0001-04;2014-01-01;1;CTEEP - CIA TRANSMISSÃO ENERGIA ELÉTRICA PAULISTA;018376;FCA;34311;2014-02-04;http://www.rad.cvm.gov.br/ENETCONSULTA/frmDownloadDocumento.aspx?CodigoInstituicao=1&NumeroSequencialDocumento=34311
02.998.611/0001-04;2014-01-01;2;CTEEP - CIA TRANSMISSÃO ENERGIA ELÉTRICA PAULISTA;018376;FCA;34698;2014-02-20;http://www.rad.cvm.gov.br/ENETCONSULTA/frmDownloadDocumento.aspx?CodigoInstituicao=1&NumeroSequencialDocumento=34698
02.998.611/0001-04;2014-01-01;3;CTEEP - CIA TRANSMISSÃO ENERGIA ELÉTRICA PAULISTA;018376;FCA;36757;2014-05-06;http://www.rad.cvm.gov.br/ENETCONSULTA/frmDownloadDocumento.aspx?CodigoInstituicao=1&NumeroSequencialDocumento=36757
02.998.611/0001-04;2014-01-01;4;CTEEP - CIA TRANSMISSÃO ENERGIA ELÉTRICA PAULISTA;018376;FCA;40846;2014-08-15;http://www.rad.cvm.gov.br/ENETCONSULTA/frmDownloadDocumento.aspx?CodigoInstituicao=1&NumeroSequencialDocumento=40846
03.014.553/0001-91;2014-01-01;1;TPI - TRIUNFO PARTICIP. E INVEST. S.A.;019330;FCA;33926;2014-01-10;http://www.rad.cvm.gov.br/ENETCONSULTA/frmDownloadDocumento.aspx?CodigoInstituicao=1&NumeroSequencialDocumento=33926
03.014.553/0001-91;2014-01-01;2;TPI - TRIUNFO PARTICIP. E INVEST. S.A.;019330;FCA;37114;2014-05-09;http://www.rad.cvm.gov.br/ENETCONSULTA/frmDownloadDocumento.aspx?CodigoInstituicao=1&NumeroSequencialDocumento=37114
03.014.553/0001-91;2014-01-01;3;TPI - TRIUNFO PARTICIP. E INVEST. S.A.;019330;FCA;38587;2014-05-30;http://www.rad.cvm.gov.br/ENETCONSULTA/frmDownloadDocumento.aspx?CodigoInstituicao=1&NumeroSequencialDocumento=38587
03.025.305/0001-46;2014-01-01;1;RODOVIAS DAS COLINAS S.A.;023167;FCA;34976;2014-03-01;http://www.rad.cvm.gov.br/ENETCONSULTA/frmDownloadDocumento.aspx?CodigoInstituicao=1&NumeroSequencialDocumento=34976
03.025.305/0001-46;2014-01-01;2;RODOVIAS DAS COLINAS S.A.;023167;FCA;37717;2014-05-15;http://www.rad.cvm.gov.br/ENETCONSULTA/frmDownloadDocumento.aspx?CodigoInstituicao=1&NumeroSequencialDocumento=37717
03.207.703/0001-83;2014-01-01;1;CONCESSIONARIA DE RODOVIAS DO INTERIOR PAULISTA S/A;021849;FCA;34378;2014-02-07;http://www.rad.cvm.gov.br/ENETCONSULTA/frmDownloadDocumento.aspx?CodigoInstituicao=1&NumeroSequencialDocumento=34378
03.207.703/0001-83;2014-01-01;2;CONCESSIONARIA DE RODOVIAS DO INTERIOR PAULISTA S/A;021849;FCA;38742;2014-05-30;http://www.rad.cvm.gov.br/ENETCONSULTA/frmDownloadDocumento.aspx?CodigoInstituicao=1&NumeroSequencialDocumento=38742
03.220.438/0001-73;2014-01-01;1;EQUATORIAL ENERGIA S.A.;020010;FCA;33962;2014-01-13;http://www.rad.cvm.gov.br/ENETCONSULTA/frmDownloadDocumento.aspx?CodigoInstituicao=1&NumeroSequencialDocumento=33962
03.220.438/0001-73;2014-01-01;2;EQUATORIAL ENERGIA S.A.;020010;FCA;37304;2014-05-12;http://www.rad.cvm.gov.br/ENETCONSULTA/frmDownloadDocumento.aspx?CodigoInstituicao=1&NumeroSequencialDocumento=37304
03.303.999/0001-36;2014-01-01;1;DTCOM - DIRECT TO COMPANY S.A.;018597;FCA;35622;2014-03-27;http://www.rad.cvm.gov.br/ENETCONSULTA/frmDownloadDocumento.aspx?CodigoInstituicao=1&NumeroSequencialDocumento=35622
03.303.999/0001-36;2014-01-01;2;DTCOM - DIRECT TO COMPANY S.A.;018597;FCA;38609;2014-05-30;http://www.rad.cvm.gov.br/ENETCONSULTA/frmDownloadDocumento.aspx?CodigoInstituicao=1&NumeroSequencialDocumento=38609
03.378.521/0001-75;2014-01-01;1;LIGHT S.A. - EM RECUPERAÇÃO JUDICIAL;019879;FCA;35090;2014-03-10;http://www.rad.cvm.gov.br/ENETCONSULTA/frmDownloadDocumento.aspx?CodigoInstituicao=1&NumeroSequencialDocumento=35090
03.378.521/0001-75;2014-01-01;2;LIGHT S.A. - EM RECUPERAÇÃO JUDICIAL;019879;FCA;37270;2014-05-12;http://www.rad.cvm.gov.br/ENETCONSULTA/frmDownloadDocumento.aspx?CodigoInstituicao=1&NumeroSequencialDocumento=37270
03.467.321/0001-99;2014-01-01;1;ENERGISA MATO GROSSO-DISTRIBUIDORA DE ENERGIA S/A;014605;FCA;34435;2014-02-10;http://www.rad.cvm.gov.br/ENETCONSULTA/frmDownloadDocumento.aspx?CodigoInstituicao=1&NumeroSequencialDocumento=34435
03.467.321/0001-99;2014-01-01;2;ENERGISA MATO GROSSO-DISTRIBUIDORA DE ENERGIA S/A;014605;FCA;36259;2014-04-15;http://www.rad.cvm.gov.br/ENETCONSULTA/frmDownloadDocumento.aspx?CodigoInstituicao=1&NumeroSequencialDocumento=36259
03.467.321/0001-99;2014-01-01;3;ENERGISA MATO GROSSO-DISTRIBUIDORA DE ENERGIA S/A;014605;FCA;36284;2014-04-16;http://www.rad.cvm.gov.br/ENETCONSULTA/frmDownloadDocumento.aspx?CodigoInstituicao=1&NumeroSequencialDocumento=36284
03.467.321/0001-99;2014-01-01;4;ENERGISA MATO GROSSO-DISTRIBUIDORA DE ENERGIA S/A;014605;FCA;37401;2014-05-13;http://www.rad.cvm.gov.br/ENETCONSULTA/frmDownloadDocumento.aspx?CodigoInstituicao=1&NumeroSequencialDocumento=37401
03.467.321/0001-99;2014-01-01;5;ENERGISA MATO GROSSO-DISTRIBUIDORA DE ENERGIA S/A;014605;FCA;39388;2014-06-16;http://www.rad.cvm.gov.br/ENETCONSULTA/frmDownloadDocumento.aspx?CodigoInstituicao=1&NumeroSequencialDocumento=39388
03.538.833/0001-07;2014-01-01;1;XX DE NOVEMBRO INVESTIMENTOS E PARTICIPAÇÕES S.A.;020001;FCA;35127;2014-03-12;http://www.rad.cvm.gov.br/ENETCONSULTA/frmDownloadDocumento.aspx?CodigoInstituicao=1&NumeroSequencialDocumento=35127
03.538.833/0001-07;2014-01-01;2;XX DE NOVEMBRO INVESTIMENTOS E PARTICIPAÇÕES S.A.;020001;FCA;38636;2014-05-30;http://www.rad.cvm.gov.br/ENETCONSULTA/frmDownloadDocumento.aspx?CodigoInstituicao=1&NumeroSequencialDocumento=38636
03.559.006/0001-91;2014-01-01;1;RB CAPITAL SECURITIZADORA S.A.;019860;FCA;35924;2014-03-31;http://www.rad.cvm.gov.br/ENETCONSULTA/frmDownloadDocumento.aspx?CodigoInstituicao=1&NumeroSequencialDocumento=35924
03.559.006/0001-91;2014-01-01;2;RB CAPITAL SECURITIZADORA S.A.;019860;FCA;38193;2014-05-23;http://www.rad.cvm.gov.br/ENETCONSULTA/frmDownloadDocumento.aspx?CodigoInstituicao=1&NumeroSequencialDocumento=38193
03.559.006/0001-91;2014-01-01;3;RB CAPITAL SECURITIZADORA S.A.;019860;FCA;40432;2014-08-13;http://www.rad.cvm.gov.br/ENETCONSULTA/frmDownloadDocumento.aspx?CodigoInstituicao=1&NumeroSequencialDocumento=40432
03.559.006/0001-91;2014-01-01;4;RB CAPITAL SECURITIZADORA S.A.;019860;FCA;42801;2014-11-19;http://www.rad.cvm.gov.br/ENETCONSULTA/frmDownloadDocumento.aspx?CodigoInstituicao=1&NumeroSequencialDocumento=42801
03.601.314/0001-38;2014-01-01;1;ANDRADE GUTIERREZ CONCESSOES S.A.;019437;FCA;35550;2014-03-26;http://www.rad.cvm.gov.br/ENETCONSULTA/frmDownloadDocumento.aspx?CodigoInstituicao=1&NumeroSequencialDocumento=35550
03.601.314/0001-38;2014-01-01;2;ANDRADE GUTIERREZ CONCESSOES S.A.;019437;FCA;38146;2014-05-22;http://www.rad.cvm.gov.br/ENETCONSULTA/frmDownloadDocumento.aspx?CodigoInstituicao=1&NumeroSequencialDocumento=38146
03.616.277/0001-31;2014-01-01;1;ARAUCÁRIA PARTICIPAÇÕES SA;018651;FCA;33983;2014-01-14;http://www.rad.cvm.gov.br/ENETCONSULTA/frmDownloadDocumento.aspx?CodigoInstituicao=1&NumeroSequencialDocumento=33983
03.616.277/0001-31;2014-01-01;2;ARAUCÁRIA PARTICIPAÇÕES SA;018651;FCA;36965;2014-05-08;http://www.rad.cvm.gov.br/ENETCONSULTA/frmDownloadDocumento.aspx?CodigoInstituicao=1&NumeroSequencialDocumento=36965
03.616.277/0001-31;2014-01-01;3;ARAUCÁRIA PARTICIPAÇÕES SA;018651;FCA;38296;2014-05-27;http://www.rad.cvm.gov.br/ENETCONSULTA/frmDownloadDocumento.aspx?CodigoInstituicao=1&NumeroSequencialDocumento=38296
03.616.277/0001-31;2014-01-01;4;ARAUCÁRIA PARTICIPAÇÕES SA;018651;FCA;39374;2014-06-16;http://www.rad.cvm.gov.br/ENETCONSULTA/frmDownloadDocumento.aspx?CodigoInstituicao=1&NumeroSequencialDocumento=39374
03.616.277/0001-31;2014-01-01;5;ARAUCÁRIA PARTICIPAÇÕES SA;018651;FCA;41181;2014-09-05;http://www.rad.cvm.gov.br/ENETCONSULTA/frmDownloadDocumento.aspx?CodigoInstituicao=1&NumeroSequencialDocumento=41181
03.758.318/0001-24;2014-01-01;1;INVESTIMENTOS E PARTICIP. EM INFRA S.A. - INVEPAR;018775;FCA;33745;2014-01-02;http://www.rad.cvm.gov.br/ENETCONSULTA/frmDownloadDocumento.aspx?CodigoInstituicao=1&NumeroSequencialDocumento=33745
03.758.318/0001-24;2014-01-01;2;INVESTIMENTOS E PARTICIP. EM INFRA S.A. - INVEPAR;018775;FCA;34695;2014-02-20;http://www.rad.cvm.gov.br/ENETCONSULTA/frmDownloadDocumento.aspx?CodigoInstituicao=1&NumeroSequencialDocumento=34695
03.758.318/0001-24;2014-01-01;3;INVESTIMENTOS E PARTICIP. EM INFRA S.A. - INVEPAR;018775;FCA;37963;2014-05-16;http://www.rad.cvm.gov.br/ENETCONSULTA/frmDownloadDocumento.aspx?CodigoInstituicao=1&NumeroSequencialDocumento=37963
03.767.538/0001-14;2014-01-01;1;BRAZILIAN SECURITIES CIA SECURITIZACAO;018759;FCA;33895;2014-01-09;http://www.rad.cvm.gov.br/ENETCONSULTA/frmDownloadDocumento.aspx?CodigoInstituicao=1&NumeroSequencialDocumento=33895
03.767.538/0001-14;2014-01-01;2;BRAZILIAN SECURITIES CIA SECURITIZACAO;018759;FCA;34971;2014-02-28;http://www.rad.cvm.gov.br/ENETCONSULTA/frmDownloadDocumento.aspx?CodigoInstituicao=1&NumeroSequencialDocumento=34971
03.767.538/0001-14;2014-01-01;3;BRAZILIAN SECURITIES CIA SECURITIZACAO;018759;FCA;38249;2014-05-26;http://www.rad.cvm.gov.br/ENETCONSULTA/frmDownloadDocumento.aspx?CodigoInstituicao=1&NumeroSequencialDocumento=38249
03.795.050/0001-09;2014-01-01;1;TERMOPERNAMBUCO S.A.;019852;FCA;33890;2014-01-09;http://www.rad.cvm.gov.br/ENETCONSULTA/frmDownloadDocumento.aspx?CodigoInstituicao=1&NumeroSequencialDocumento=33890
03.795.050/0001-09;2014-01-01;2;TERMOPERNAMBUCO S.A.;019852;FCA;37399;2014-05-13;http://www.rad.cvm.gov.br/ENETCONSULTA/frmDownloadDocumento.aspx?CodigoInstituicao=1&NumeroSequencialDocumento=37399
03.847.461/0001-92;2014-01-01;1;BRADESPAR S.A.;018724;FCA;34550;2014-02-14;http://www.rad.cvm.gov.br/ENETCONSULTA/frmDownloadDocumento.aspx?CodigoInstituicao=1&NumeroSequencialDocumento=34550
03.847.461/0001-92;2014-01-01;2;BRADESPAR S.A.;018724;FCA;36106;2014-04-04;http://www.rad.cvm.gov.br/ENETCONSULTA/frmDownloadDocumento.aspx?CodigoInstituicao=1&NumeroSequencialDocumento=36106
03.847.461/0001-92;2014-01-01;3;BRADESPAR S.A.;018724;FCA;37019;2014-05-08;http://www.rad.cvm.gov.br/ENETCONSULTA/frmDownloadDocumento.aspx?CodigoInstituicao=1&NumeroSequencialDocumento=37019
03.853.896/0001-40;2014-01-01;1;MARFRIG GLOBAL FOODS S.A.;020788;FCA;33998;2014-01-15;http://www.rad.cvm.gov.br/ENETCONSULTA/frmDownloadDocumento.aspx?CodigoInstituicao=1&NumeroSequencialDocumento=33998
03.853.896/0001-40;2014-01-01;2;MARFRIG GLOBAL FOODS S.A.;020788;FCA;34190;2014-01-27;http://www.rad.cvm.gov.br/ENETCONSULTA/frmDownloadDocumento.aspx?CodigoInstituicao=1&NumeroSequencialDocumento=34190
03.853.896/0001-40;2014-01-01;3;MARFRIG GLOBAL FOODS S.A.;020788;FCA;36225;2014-04-11;http://www.rad.cvm.gov.br/ENETCONSULTA/frmDownloadDocumento.aspx?CodigoInstituicao=1&NumeroSequencialDocumento=36225
03.853.896/0001-40;2014-01-01;4;MARFRIG GLOBAL FOODS S.A.;020788;FCA;37127;2014-05-09;http://www.rad.cvm.gov.br/ENETCONSULTA/frmDownloadDocumento.aspx?CodigoInstituicao=1&NumeroSequencialDocumento=37127
03.853.896/0001-40;2014-01-01;5;MARFRIG GLOBAL FOODS S.A.;020788;FCA;38021;2014-05-19;http://www.rad.cvm.gov.br/ENETCONSULTA/frmDownloadDocumento.aspx?CodigoInstituicao=1&NumeroSequencialDocumento=38021
03.853.896/0001-40;2014-01-01;6;MARFRIG GLOBAL FOODS S.A.;020788;FCA;43004;2014-12-09;http://www.rad.cvm.gov.br/ENETCONSULTA/frmDownloadDocumento.aspx?CodigoInstituicao=1&NumeroSequencialDocumento=43004
03.953.509/0001-47;2014-01-01;1;CPFL GERACAO DE ENERGIA S.A.;018953;FCA;35591;2014-03-27;http://www.rad.cvm.gov.br/ENETCONSULTA/frmDownloadDocumento.aspx?CodigoInstituicao=1&NumeroSequencialDocumento=35591
03.953.509/0001-47;2014-01-01;2;CPFL GERACAO DE ENERGIA S.A.;018953;FCA;38194;2014-05-23;http://www.rad.cvm.gov.br/ENETCONSULTA/frmDownloadDocumento.aspx?CodigoInstituicao=1&NumeroSequencialDocumento=38194
03.953.509/0001-47;2014-01-01;3;CPFL GERACAO DE ENERGIA S.A.;018953;FCA;41488;2014-10-01;http://www.rad.cvm.gov.br/ENETCONSULTA/frmDownloadDocumento.aspx?CodigoInstituicao=1&NumeroSequencialDocumento=41488
03.953.509/0001-47;2014-01-01;4;CPFL GERACAO DE ENERGIA S.A.;018953;FCA;41553;2014-10-07;http://www.rad.cvm.gov.br/ENETCONSULTA/frmDownloadDocumento.aspx?CodigoInstituicao=1&NumeroSequencialDocumento=41553
03.983.431/0001-03;2014-01-01;1;EDP - ENERGIAS DO BRASIL S.A.;019763;FCA;33872;2014-01-08;http://www.rad.cvm.gov.br/ENETCONSULTA/frmDownloadDocumento.aspx?CodigoInstituicao=1&NumeroSequencialDocumento=33872
03.983.431/0001-03;2014-01-01;2;EDP - ENERGIAS DO BRASIL S.A.;019763;FCA;39118;2014-06-03;http://www.rad.cvm.gov.br/ENETCONSULTA/frmDownloadDocumento.aspx?CodigoInstituicao=1&NumeroSequencialDocumento=39118
04.030.182/0001-02;2014-01-01;1;CABINDA PARTICIPACOES S.A.;019119;FCA;34062;2014-01-20;http://www.rad.cvm.gov.br/ENETCONSULTA/frmDownloadDocumento.aspx?CodigoInstituicao=1&NumeroSequencialDocumento=34062
04.030.182/0001-02;2014-01-01;2;CABINDA PARTICIPACOES S.A.;019119;FCA;34746;2014-02-24;http://www.rad.cvm.gov.br/ENETCONSULTA/frmDownloadDocumento.aspx?CodigoInstituicao=1&NumeroSequencialDocumento=34746
04.030.182/0001-02;2014-01-01;3;CABINDA PARTICIPACOES S.A.;019119;FCA;37773;2014-05-15;http://www.rad.cvm.gov.br/ENETCONSULTA/frmDownloadDocumento.aspx?CodigoInstituicao=1&NumeroSequencialDocumento=37773
04.031.213/0001-31;2014-01-01;1;CACONDE PARTICIPACOES S.A.;019135;FCA;34286;2014-02-03;http://www.rad.cvm.gov.br/ENETCONSULTA/frmDownloadDocumento.aspx?CodigoInstituicao=1&NumeroSequencialDocumento=34286
04.031.213/0001-31;2014-01-01;2;CACONDE PARTICIPACOES S.A.;019135;FCA;34747;2014-02-24;http://www.rad.cvm.gov.br/ENETCONSULTA/frmDownloadDocumento.aspx?CodigoInstituicao=1&NumeroSequencialDocumento=34747
04.031.213/0001-31;2014-01-01;3;CACONDE PARTICIPACOES S.A.;019135;FCA;36328;2014-04-17;http://www.rad.cvm.gov.br/ENETCONSULTA/frmDownloadDocumento.aspx?CodigoInstituicao=1&NumeroSequencialDocumento=36328
04.031.213/0001-31;2014-01-01;4;CACONDE PARTICIPACOES S.A.;019135;FCA;39031;2014-05-31;http://www.rad.cvm.gov.br/ENETCONSULTA/frmDownloadDocumento.aspx?CodigoInstituicao=1&NumeroSequencialDocumento=39031
04.031.960/0001-70;2014-01-01;1;ANDRADE GUTIERREZ PARTICIPACOES S.A.;019062;FCA;35843;2014-03-28;http://www.rad.cvm.gov.br/ENETCONSULTA/frmDownloadDocumento.aspx?CodigoInstituicao=1&NumeroSequencialDocumento=35843
04.031.960/0001-70;2014-01-01;2;ANDRADE GUTIERREZ PARTICIPACOES S.A.;019062;FCA;38608;2014-05-30;http://www.rad.cvm.gov.br/ENETCONSULTA/frmDownloadDocumento.aspx?CodigoInstituicao=1&NumeroSequencialDocumento=38608
04.032.433/0001-80;2014-01-01;1;ATMA PARTICIPAÇÕES S.A. - EM RECUPERAÇÃO JUDICIAL;019100;FCA;34714;2014-02-21;http://www.rad.cvm.gov.br/ENETCONSULTA/frmDownloadDocumento.aspx?CodigoInstituicao=1&NumeroSequencialDocumento=34714
04.032.433/0001-80;2014-01-01;2;ATMA PARTICIPAÇÕES S.A. - EM RECUPERAÇÃO JUDICIAL;019100;FCA;38090;2014-05-21;http://www.rad.cvm.gov.br/ENETCONSULTA/frmDownloadDocumento.aspx?CodigoInstituicao=1&NumeroSequencialDocumento=38090
04.032.433/0001-80;2014-01-01;3;ATMA PARTICIPAÇÕES S.A. - EM RECUPERAÇÃO JUDICIAL;019100;FCA;39271;2014-06-11;http://www.rad.cvm.gov.br/ENETCONSULTA/frmDownloadDocumento.aspx?CodigoInstituicao=1&NumeroSequencialDocumento=39271
04.032.433/0001-80;2014-01-01;4;ATMA PARTICIPAÇÕES S.A. - EM RECUPERAÇÃO JUDICIAL;019100;FCA;39524;2014-06-30;http://www.rad.cvm.gov.br/ENETCONSULTA/frmDownloadDocumento.aspx?CodigoInstituicao=1&NumeroSequencialDocumento=39524
04.032.433/0001-80;2014-01-01;5;ATMA PARTICIPAÇÕES S.A. - EM RECUPERAÇÃO JUDICIAL;019100;FCA;40371;2014-08-12;http://www.rad.cvm.gov.br/ENETCONSULTA/frmDownloadDocumento.aspx?CodigoInstituicao=1&NumeroSequencialDocumento=40371
04.032.433/0001-80;2014-01-01;6;ATMA PARTICIPAÇÕES S.A. - EM RECUPERAÇÃO JUDICIAL;019100;FCA;40956;2014-08-21;http://www.rad.cvm.gov.br/ENETCONSULTA/frmDownloadDocumento.aspx?CodigoInstituicao=1&NumeroSequencialDocumento=40956
04.032.433/0001-80;2014-01-01;7;ATMA PARTICIPAÇÕES S.A. - EM RECUPERAÇÃO JUDICIAL;019100;FCA;41168;2014-09-05;http://www.rad.cvm.gov.br/ENETCONSULTA/frmDownloadDocumento.aspx?CodigoInstituicao=1&NumeroSequencialDocumento=41168
04.034.792/0001-76;2014-01-01;1;DOMMO EMPREENDIMENTOS IMOBILIÁRIOS S.A;019070;FCA;35773;2014-03-28;http://www.rad.cvm.gov.br/ENETCONSULTA/frmDownloadDocumento.aspx?CodigoInstituicao=1&NumeroSequencialDocumento=35773
04.034.792/0001-76;2014-01-01;2;DOMMO EMPREENDIMENTOS IMOBILIÁRIOS S.A;019070;FCA;39106;2014-06-02;http://www.rad.cvm.gov.br/ENETCONSULTA/frmDownloadDocumento.aspx?CodigoInstituicao=1&NumeroSequencialDocumento=39106
04.034.792/0001-76;2014-01-01;3;DOMMO EMPREENDIMENTOS IMOBILIÁRIOS S.A;019070;FCA;41461;2014-09-29;http://www.rad.cvm.gov.br/ENETCONSULTA/frmDownloadDocumento.aspx?CodigoInstituicao=1&NumeroSequencialDocumento=41461
04.038.763/0001-82;2014-01-01;1;CAIANDA PARTICIPACOES S.A.;019097;FCA;34313;2014-02-04;http://www.rad.cvm.gov.br/ENETCONSULTA/frmDownloadDocumento.aspx?CodigoInstituicao=1&NumeroSequencialDocumento=34313
04.038.763/0001-82;2014-01-01;2;CAIANDA PARTICIPACOES S.A.;019097;FCA;34745;2014-02-24;http://www.rad.cvm.gov.br/ENETCONSULTA/frmDownloadDocumento.aspx?CodigoInstituicao=1&NumeroSequencialDocumento=34745
04.038.763/0001-82;2014-01-01;3;CAIANDA PARTICIPACOES S.A.;019097;FCA;36534;2014-04-30;http://www.rad.cvm.gov.br/ENETCONSULTA/frmDownloadDocumento.aspx?CodigoInstituicao=1&NumeroSequencialDocumento=36534
04.038.763/0001-82;2014-01-01;4;CAIANDA PARTICIPACOES S.A.;019097;FCA;39035;2014-05-31;http://www.rad.cvm.gov.br/ENETCONSULTA/frmDownloadDocumento.aspx?CodigoInstituicao=1&NumeroSequencialDocumento=39035
04.065.791/0001-99;2014-01-01;1;SINQIA S.A.;022799;FCA;35572;2014-03-27;http://www.rad.cvm.gov.br/ENETCONSULTA/frmDownloadDocumento.aspx?CodigoInstituicao=1&NumeroSequencialDocumento=35572
04.065.791/0001-99;2014-01-01;2;SINQIA S.A.;022799;FCA;36892;2014-05-07;http://www.rad.cvm.gov.br/ENETCONSULTA/frmDownloadDocumento.aspx?CodigoInstituicao=1&NumeroSequencialDocumento=36892
04.089.570/0001-50;2014-01-01;1;ÁGUAS GUARIROBA S.A;023442;FCA;40229;2014-08-08;http://www.rad.cvm.gov.br/ENETCONSULTA/frmDownloadDocumento.aspx?CodigoInstituicao=1&NumeroSequencialDocumento=40229
04.128.563/0001-10;2014-01-01;1;AES TIETE ENERGIA SA;018970;FCA;34035;2014-01-17;http://www.rad.cvm.gov.br/ENETCONSULTA/frmDownloadDocumento.aspx?CodigoInstituicao=1&NumeroSequencialDocumento=34035
04.128.563/0001-10;2014-01-01;2;AES TIETE ENERGIA SA;018970;FCA;36891;2014-05-07;http://www.rad.cvm.gov.br/ENETCONSULTA/frmDownloadDocumento.aspx?CodigoInstituicao=1&NumeroSequencialDocumento=36891
04.149.454/0001-80;2014-01-01;1;ECORODOVIAS INFRAESTRUTURA E LOGÍSTICA S.A.;019453;FCA;33942;2014-01-10;http://www.rad.cvm.gov.br/ENETCONSULTA/frmDownloadDocumento.aspx?CodigoInstituicao=1&NumeroSequencialDocumento=33942
04.149.454/0001-80;2014-01-01;2;ECORODOVIAS INFRAESTRUTURA E LOGÍSTICA S.A.;019453;FCA;38771;2014-05-30;http://www.rad.cvm.gov.br/ENETCONSULTA/frmDownloadDocumento.aspx?CodigoInstituicao=1&NumeroSequencialDocumento=38771
04.172.213/0001-51;2014-01-01;1;CIA PIRATININGA DE FORCA E LUZ;019275;FCA;35590;2014-03-27;http://www.rad.cvm.gov.br/ENETCONSULTA/frmDownloadDocumento.aspx?CodigoInstituicao=1&NumeroSequencialDocumento=35590
04.172.213/0001-51;2014-01-01;2;CIA PIRATININGA DE FORCA E LUZ;019275;FCA;38182;2014-05-23;http://www.rad.cvm.gov.br/ENETCONSULTA/frmDownloadDocumento.aspx?CodigoInstituicao=1&NumeroSequencialDocumento=38182
04.172.213/0001-51;2014-01-01;3;CIA PIRATININGA DE FORCA E LUZ;019275;FCA;41487;2014-10-01;http://www.rad.cvm.gov.br/ENETCONSULTA/frmDownloadDocumento.aspx?CodigoInstituicao=1&NumeroSequencialDocumento=41487
04.172.213/0001-51;2014-01-01;4;CIA PIRATININGA DE FORCA E LUZ;019275;FCA;41548;2014-10-07;http://www.rad.cvm.gov.br/ENETCONSULTA/frmDownloadDocumento.aspx?CodigoInstituicao=1&NumeroSequencialDocumento=41548
04.200.649/0001-07;2014-01-01;1;COMPANHIA PROVINCIA DE SECURITIZACAO;019429;FCA;35002;2014-03-06;http://www.rad.cvm.gov.br/ENETCONSULTA/frmDownloadDocumento.aspx?CodigoInstituicao=1&NumeroSequencialDocumento=35002
04.200.649/0001-07;2014-01-01;2;COMPANHIA PROVINCIA DE SECURITIZACAO;019429;FCA;36774;2014-05-06;http://www.rad.cvm.gov.br/ENETCONSULTA/frmDownloadDocumento.aspx?CodigoInstituicao=1&NumeroSequencialDocumento=36774
04.310.392/0001-46;2014-01-01;1;ANHANGUERA EDUCACIONAL PARTICIPAÇÕES S.A.;018961;FCA;35220;2014-03-17;http://www.rad.cvm.gov.br/ENETCONSULTA/frmDownloadDocumento.aspx?CodigoInstituicao=1&NumeroSequencialDocumento=35220
04.310.392/0001-46;2014-01-01;2;ANHANGUERA EDUCACIONAL PARTICIPAÇÕES S.A.;018961;FCA;38246;2014-05-26;http://www.rad.cvm.gov.br/ENETCONSULTA/frmDownloadDocumento.aspx?CodigoInstituicao=1&NumeroSequencialDocumento=38246
04.310.392/0001-46;2014-01-01;3;ANHANGUERA EDUCACIONAL PARTICIPAÇÕES S.A.;018961;FCA;39670;2014-07-14;http://www.rad.cvm.gov.br/ENETCONSULTA/frmDownloadDocumento.aspx?CodigoInstituicao=1&NumeroSequencialDocumento=39670
04.310.392/0001-46;2014-01-01;4;ANHANGUERA EDUCACIONAL PARTICIPAÇÕES S.A.;018961;FCA;40908;2014-08-19;http://www.rad.cvm.gov.br/ENETCONSULTA/frmDownloadDocumento.aspx?CodigoInstituicao=1&NumeroSequencialDocumento=40908
04.370.082/0001-17;2014-01-01;1;BRPR 53 SECURITIZADORA DE CRÉDITOS IMOBILIÁRIOS S.A.;019380;FCA;34185;2014-01-27;http://www.rad.cvm.gov.br/ENETCONSULTA/frmDownloadDocumento.aspx?CodigoInstituicao=1&NumeroSequencialDocumento=34185
04.370.082/0001-17;2014-01-01;2;BRPR 53 SECURITIZADORA DE CRÉDITOS IMOBILIÁRIOS S.A.;019380;FCA;38967;2014-05-30;http://www.rad.cvm.gov.br/ENETCONSULTA/frmDownloadDocumento.aspx?CodigoInstituicao=1&NumeroSequencialDocumento=38967
04.370.082/0001-17;2014-01-01;3;BRPR 53 SECURITIZADORA DE CRÉDITOS IMOBILIÁRIOS S.A.;019380;FCA;40068;2014-08-04;http://www.rad.cvm.gov.br/ENETCONSULTA/frmDownloadDocumento.aspx?CodigoInstituicao=1&NumeroSequencialDocumento=40068
04.370.450/0001-27;2014-01-01;1;REC SÃO BERNARDO SECURITIZADORA DE CRÉDITOS IMOBILIÁRIOS S.A;019356;FCA;34468;2014-02-11;http://www.rad.cvm.gov.br/ENETCONSULTA/frmDownloadDocumento.aspx?CodigoInstituicao=1&NumeroSequencialDocumento=34468
04.370.450/0001-27;2014-01-01;2;REC SÃO BERNARDO SECURITIZADORA DE CRÉDITOS IMOBILIÁRIOS S.A;019356;FCA;39045;2014-05-31;http://www.rad.cvm.gov.br/ENETCONSULTA/frmDownloadDocumento.aspx?CodigoInstituicao=1&NumeroSequencialDocumento=39045
04.370.450/0001-27;2014-01-01;3;REC SÃO BERNARDO SECURITIZADORA DE CRÉDITOS IMOBILIÁRIOS S.A;019356;FCA;40064;2014-08-04;http://www.rad.cvm.gov.br/ENETCONSULTA/frmDownloadDocumento.aspx?CodigoInstituicao=1&NumeroSequencialDocumento=40064
04.370.450/0001-27;2014-01-01;4;REC SÃO BERNARDO SECURITIZADORA DE CRÉDITOS IMOBILIÁRIOS S.A;019356;FCA;40125;2014-08-05;http://www.rad.cvm.gov.br/ENETCONSULTA/frmDownloadDocumento.aspx?CodigoInstituicao=1&NumeroSequencialDocumento=40125
04.423.567/0001-21;2014-01-01;1;ENEVA S.A;021237;FCA;33936;2014-01-10;http://www.rad.cvm.gov.br/ENETCONSULTA/frmDownloadDocumento.aspx?CodigoInstituicao=1&NumeroSequencialDocumento=33936
04.423.567/0001-21;2014-01-01;2;ENEVA S.A;021237;FCA;34577;2014-02-17;http://www.rad.cvm.gov.br/ENETCONSULTA/frmDownloadDocumento.aspx?CodigoInstituicao=1&NumeroSequencialDocumento=34577
04.423.567/0001-21;2014-01-01;3;ENEVA S.A;021237;FCA;36481;2014-04-29;http://www.rad.cvm.gov.br/ENETCONSULTA/frmDownloadDocumento.aspx?CodigoInstituicao=1&NumeroSequencialDocumento=36481
04.423.567/0001-21;2014-01-01;4;ENEVA S.A;021237;FCA;38799;2014-05-30;http://www.rad.cvm.gov.br/ENETCONSULTA/frmDownloadDocumento.aspx?CodigoInstituicao=1&NumeroSequencialDocumento=38799
04.423.567/0001-21;2014-01-01;5;ENEVA S.A;021237;FCA;43061;2014-12-11;http://www.rad.cvm.gov.br/ENETCONSULTA/frmDownloadDocumento.aspx?CodigoInstituicao=1&NumeroSequencialDocumento=43061
04.423.567/0001-21;2014-01-01;6;ENEVA S.A;021237;FCA;43145;2014-12-18;http://www.rad.cvm.gov.br/ENETCONSULTA/frmDownloadDocumento.aspx?CodigoInstituicao=1&NumeroSequencialDocumento=43145
04.437.534/0001-30;2014-01-01;1;LOCAMÉRICA RENT-A-CAR S.A.;021555;FCA;34647;2014-02-19;http://www.rad.cvm.gov.br/ENETCONSULTA/frmDownloadDocumento.aspx?CodigoInstituicao=1&NumeroSequencialDocumento=34647
04.437.534/0001-30;2014-01-01;2;LOCAMÉRICA RENT-A-CAR S.A.;021555;FCA;35053;2014-03-07;http://www.rad.cvm.gov.br/ENETCONSULTA/frmDownloadDocumento.aspx?CodigoInstituicao=1&NumeroSequencialDocumento=35053
04.437.534/0001-30;2014-01-01;3;LOCAMÉRICA RENT-A-CAR S.A.;021555;FCA;38136;2014-05-22;http://www.rad.cvm.gov.br/ENETCONSULTA/frmDownloadDocumento.aspx?CodigoInstituicao=1&NumeroSequencialDocumento=38136
04.437.534/0001-30;2014-01-01;4;LOCAMÉRICA RENT-A-CAR S.A.;021555;FCA;41298;2014-09-16;http://www.rad.cvm.gov.br/ENETCONSULTA/frmDownloadDocumento.aspx?CodigoInstituicao=1&NumeroSequencialDocumento=41298
04.634.250/0001-34;2014-01-01;1;NOVA ACAO PARTICIPACOES S.A.;019224;FCA;34003;2014-01-15;http://www.rad.cvm.gov.br/ENETCONSULTA/frmDownloadDocumento.aspx?CodigoInstituicao=1&NumeroSequencialDocumento=34003
04.634.250/0001-34;2014-01-01;2;NOVA ACAO PARTICIPACOES S.A.;019224;FCA;38360;2014-05-28;http://www.rad.cvm.gov.br/ENETCONSULTA/frmDownloadDocumento.aspx?CodigoInstituicao=1&NumeroSequencialDocumento=38360
04.752.991/0001-10;2014-01-01;1;BIOMM S.A.;019305;FCA;33727;2014-01-02;http://www.rad.cvm.gov.br/ENETCONSULTA/frmDownloadDocumento.aspx?CodigoInstituicao=1&NumeroSequencialDocumento=33727
04.752.991/0001-10;2014-01-01;2;BIOMM S.A.;019305;FCA;36241;2014-04-14;http://www.rad.cvm.gov.br/ENETCONSULTA/frmDownloadDocumento.aspx?CodigoInstituicao=1&NumeroSequencialDocumento=36241
04.752.991/0001-10;2014-01-01;3;BIOMM S.A.;019305;FCA;38187;2014-05-23;http://www.rad.cvm.gov.br/ENETCONSULTA/frmDownloadDocumento.aspx?CodigoInstituicao=1&NumeroSequencialDocumento=38187
04.781.143/0001-39;2014-01-01;1;BAESA-ENERGETICA BARRA GRANDE SA;019607;FCA;34997;2014-03-06;http://www.rad.cvm.gov.br/ENETCONSULTA/frmDownloadDocumento.aspx?CodigoInstituicao=1&NumeroSequencialDocumento=34997
04.781.143/0001-39;2014-01-01;2;BAESA-ENERGETICA BARRA GRANDE SA;019607;FCA;38066;2014-05-21;http://www.rad.cvm.gov.br/ENETCONSULTA/frmDownloadDocumento.aspx?CodigoInstituicao=1&NumeroSequencialDocumento=38066
04.800.265/0001-25;2014-01-01;1;BRPR 51 SECURITIZADORA DE CRÉDITOS IMOBILIÁRIOS S.A.;019372;FCA;34179;2014-01-27;http://www.rad.cvm.gov.br/ENETCONSULTA/frmDownloadDocumento.aspx?CodigoInstituicao=1&NumeroSequencialDocumento=34179
04.800.265/0001-25;2014-01-01;2;BRPR 51 SECURITIZADORA DE CRÉDITOS IMOBILIÁRIOS S.A.;019372;FCA;38977;2014-05-30;http://www.rad.cvm.gov.br/ENETCONSULTA/frmDownloadDocumento.aspx?CodigoInstituicao=1&NumeroSequencialDocumento=38977
04.800.265/0001-25;2014-01-01;3;BRPR 51 SECURITIZADORA DE CRÉDITOS IMOBILIÁRIOS S.A.;019372;FCA;40065;2014-08-04;http://www.rad.cvm.gov.br/ENETCONSULTA/frmDownloadDocumento.aspx?CodigoInstituicao=1&NumeroSequencialDocumento=40065
04.821.041/0001-08;2014-01-01;1;METALFRIO SOLUTIONS S.A.;020613;FCA;33760;2014-01-02;http://www.rad.cvm.gov.br/ENETCONSULTA/frmDownloadDocumento.aspx?CodigoInstituicao=1&NumeroSequencialDocumento=33760
04.821.041/0001-08;2014-01-01;2;METALFRIO SOLUTIONS S.A.;020613;FCA;33930;2014-01-10;http://www.rad.cvm.gov.br/ENETCONSULTA/frmDownloadDocumento.aspx?CodigoInstituicao=1&NumeroSequencialDocumento=33930
04.821.041/0001-08;2014-01-01;3;METALFRIO SOLUTIONS S.A.;020613;FCA;36642;2014-05-05;http://www.rad.cvm.gov.br/ENETCONSULTA/frmDownloadDocumento.aspx?CodigoInstituicao=1&NumeroSequencialDocumento=36642
04.821.041/0001-08;2014-01-01;4;METALFRIO SOLUTIONS S.A.;020613;FCA;38235;2014-05-26;http://www.rad.cvm.gov.br/ENETCONSULTA/frmDownloadDocumento.aspx?CodigoInstituicao=1&NumeroSequencialDocumento=38235
04.895.728/0001-80;2014-01-01;1;EQUATORIAL PARÁ DISTRIBUIDORA DE ENERGIA S.A.;018309;FCA;33960;2014-01-13;http://www.rad.cvm.gov.br/ENETCONSULTA/frmDownloadDocumento.aspx?CodigoInstituicao=1&NumeroSequencialDocumento=33960
04.895.728/0001-80;2014-01-01;2;EQUATORIAL PARÁ DISTRIBUIDORA DE ENERGIA S.A.;018309;FCA;39093;2014-06-02;http://www.rad.cvm.gov.br/ENETCONSULTA/frmDownloadDocumento.aspx?CodigoInstituicao=1&NumeroSequencialDocumento=39093
04.895.728/0001-80;2014-01-01;3;EQUATORIAL PARÁ DISTRIBUIDORA DE ENERGIA S.A.;018309;FCA;39523;2014-06-30;http://www.rad.cvm.gov.br/ENETCONSULTA/frmDownloadDocumento.aspx?CodigoInstituicao=1&NumeroSequencialDocumento=39523
04.895.728/0001-80;2014-01-01;4;EQUATORIAL PARÁ DISTRIBUIDORA DE ENERGIA S.A.;018309;FCA;39984;2014-07-30;http://www.rad.cvm.gov.br/ENETCONSULTA/frmDownloadDocumento.aspx?CodigoInstituicao=1&NumeroSequencialDocumento=39984
04.895.728/0001-80;2014-01-01;5;EQUATORIAL PARÁ DISTRIBUIDORA DE ENERGIA S.A.;018309;FCA;42944;2014-12-03;http://www.rad.cvm.gov.br/ENETCONSULTA/frmDownloadDocumento.aspx?CodigoInstituicao=1&NumeroSequencialDocumento=42944
04.902.979/0001-44;2014-01-01;1;BCO AMAZONIA S.A.;000922;FCA;33901;2014-01-09;http://www.rad.cvm.gov.br/ENETCONSULTA/frmDownloadDocumento.aspx?CodigoInstituicao=1&NumeroSequencialDocumento=33901
04.902.979/0001-44;2014-01-01;2;BCO AMAZONIA S.A.;000922;FCA;34056;2014-01-20;http://www.rad.cvm.gov.br/ENETCONSULTA/frmDownloadDocumento.aspx?CodigoInstituicao=1&NumeroSequencialDocumento=34056
04.902.979/0001-44;2014-01-01;3;BCO AMAZONIA S.A.;000922;FCA;34982;2014-03-05;http://www.rad.cvm.gov.br/ENETCONSULTA/frmDownloadDocumento.aspx?CodigoInstituicao=1&NumeroSequencialDocumento=34982
04.902.979/0001-44;2014-01-01;4;BCO AMAZONIA S.A.;000922;FCA;35001;2014-03-06;http://www.rad.cvm.gov.br/ENETCONSULTA/frmDownloadDocumento.aspx?CodigoInstituicao=1&NumeroSequencialDocumento=35001
04.902.979/0001-44;2014-01-01;5;BCO AMAZONIA S.A.;000922;FCA;36405;2014-04-24;http://www.rad.cvm.gov.br/ENETCONSULTA/frmDownloadDocumento.aspx?CodigoInstituicao=1&NumeroSequencialDocumento=36405
04.902.979/0001-44;2014-01-01;6;BCO AMAZONIA S.A.;000922;FCA;36419;2014-04-25;http://www.rad.cvm.gov.br/ENETCONSULTA/frmDownloadDocumento.aspx?CodigoInstituicao=1&NumeroSequencialDocumento=36419
04.902.979/0001-44;2014-01-01;7;BCO AMAZONIA S.A.;000922;FCA;38662;2014-05-30;http://www.rad.cvm.gov.br/ENETCONSULTA/frmDownloadDocumento.aspx?CodigoInstituicao=1&NumeroSequencialDocumento=38662
04.902.979/0001-44;2014-01-01;8;BCO AMAZONIA S.A.;000922;FCA;39573;2014-07-03;http://www.rad.cvm.gov.br/ENETCONSULTA/frmDownloadDocumento.aspx?CodigoInstituicao=1&NumeroSequencialDocumento=39573
04.902.979/0001-44;2014-01-01;9;BCO AMAZONIA S.A.;000922;FCA;41622;2014-10-13;http://www.rad.cvm.gov.br/ENETCONSULTA/frmDownloadDocumento.aspx?CodigoInstituicao=1&NumeroSequencialDocumento=41622
04.902.979/0001-44;2014-01-01;10;BCO AMAZONIA S.A.;000922;FCA;42847;2014-11-26;http://www.rad.cvm.gov.br/ENETCONSULTA/frmDownloadDocumento.aspx?CodigoInstituicao=1&NumeroSequencialDocumento=42847
04.902.979/0001-44;2014-01-01;11;BCO AMAZONIA S.A.;000922;FCA;43072;2014-12-12;http://www.rad.cvm.gov.br/ENETCONSULTA/frmDownloadDocumento.aspx?CodigoInstituicao=1&NumeroSequencialDocumento=43072
04.912.242/0001-02;2014-01-01;1;PORTUENSE FERRAGENS S/A;009717;FCA;35531;2014-03-26;http://www.rad.cvm.gov.br/ENETCONSULTA/frmDownloadDocumento.aspx?CodigoInstituicao=1&NumeroSequencialDocumento=35531
04.912.242/0001-02;2014-01-01;2;PORTUENSE FERRAGENS S/A;009717;FCA;38445;2014-05-29;http://www.rad.cvm.gov.br/ENETCONSULTA/frmDownloadDocumento.aspx?CodigoInstituicao=1&NumeroSequencialDocumento=38445
04.913.711/0001-08;2014-01-01;1;BCO ESTADO DO PARA S.A.;001171;FCA;33806;2014-01-06;http://www.rad.cvm.gov.br/ENETCONSULTA/frmDownloadDocumento.aspx?CodigoInstituicao=1&NumeroSequencialDocumento=33806
04.913.711/0001-08;2014-01-01;2;BCO ESTADO DO PARA S.A.;001171;FCA;33846;2014-01-07;http://www.rad.cvm.gov.br/ENETCONSULTA/frmDownloadDocumento.aspx?CodigoInstituicao=1&NumeroSequencialDocumento=33846
04.913.711/0001-08;2014-01-01;3;BCO ESTADO DO PARA S.A.;001171;FCA;38040;2014-05-20;http://www.rad.cvm.gov.br/ENETCONSULTA/frmDownloadDocumento.aspx?CodigoInstituicao=1&NumeroSequencialDocumento=38040
04.986.320/0001-13;2014-01-01;1;SER EDUCACIONAL S.A.;023221;FCA;33786;2014-01-03;http://www.rad.cvm.gov.br/ENETCONSULTA/frmDownloadDocumento.aspx?CodigoInstituicao=1&NumeroSequencialDocumento=33786
04.986.320/0001-13;2014-01-01;2;SER EDUCACIONAL S.A.;023221;FCA;38954;2014-05-30;http://www.rad.cvm.gov.br/ENETCONSULTA/frmDownloadDocumento.aspx?CodigoInstituicao=1&NumeroSequencialDocumento=38954
04.986.320/0001-13;2014-01-01;3;SER EDUCACIONAL S.A.;023221;FCA;39503;2014-06-26;http://www.rad.cvm.gov.br/ENETCONSULTA/frmDownloadDocumento.aspx?CodigoInstituicao=1&NumeroSequencialDocumento=39503
04.986.320/0001-13;2014-01-01;4;SER EDUCACIONAL S.A.;023221;FCA;40648;2014-08-14;http://www.rad.cvm.gov.br/ENETCONSULTA/frmDownloadDocumento.aspx?CodigoInstituicao=1&NumeroSequencialDocumento=40648
04.986.320/0001-13;2014-01-01;5;SER EDUCACIONAL S.A.;023221;FCA;43238;2014-12-29;http://www.rad.cvm.gov.br/ENETCONSULTA/frmDownloadDocumento.aspx?CodigoInstituicao=1&NumeroSequencialDocumento=43238
05.336.882/0001-84;2014-01-01;1;CACHOEIRA PAULISTA TRANSMISSORA ENERGIA S.A.;022683;FCA;33843;2014-01-07;http://www.rad.cvm.gov.br/ENETCONSULTA/frmDownloadDocumento.aspx?CodigoInstituicao=1&NumeroSequencialDocumento=33843
05.336.882/0001-84;2014-01-01;2;CACHOEIRA PAULISTA TRANSMISSORA ENERGIA S.A.;022683;FCA;42850;2014-11-26;http://www.rad.cvm.gov.br/ENETCONSULTA/frmDownloadDocumento.aspx?CodigoInstituicao=1&NumeroSequencialDocumento=42850
05.341.549/0001-63;2014-01-01;1;TARPON INVESTIMENTOS S.A.;021717;FCA;34214;2014-01-28;http://www.rad.cvm.gov.br/ENETCONSULTA/frmDownloadDocumento.aspx?CodigoInstituicao=1&NumeroSequencialDocumento=34214
05.341.549/0001-63;2014-01-01;2;TARPON INVESTIMENTOS S.A.;021717;FCA;36203;2014-04-10;http://www.rad.cvm.gov.br/ENETCONSULTA/frmDownloadDocumento.aspx?CodigoInstituicao=1&NumeroSequencialDocumento=36203
05.341.549/0001-63;2014-01-01;3;TARPON INVESTIMENTOS S.A.;021717;FCA;38688;2014-05-30;http://www.rad.cvm.gov.br/ENETCONSULTA/frmDownloadDocumento.aspx?CodigoInstituicao=1&NumeroSequencialDocumento=38688
05.707.616/0001-10;2014-01-01;1;BANCO SANTANDER S.A.;080160;FCA;40331;2014-08-12;http://www.rad.cvm.gov.br/ENETCONSULTA/frmDownloadDocumento.aspx?CodigoInstituicao=1&NumeroSequencialDocumento=40331
05.707.616/0001-10;2014-01-01;2;BANCO SANTANDER S.A.;080160;FCA;41652;2014-10-14;http://www.rad.cvm.gov.br/ENETCONSULTA/frmDownloadDocumento.aspx?CodigoInstituicao=1&NumeroSequencialDocumento=41652
05.711.813/0001-03;2014-01-01;1;SOLVAY INDUPA SAIC;080101;FCA;36051;2014-04-02;http://www.rad.cvm.gov.br/ENETCONSULTA/frmDownloadDocumento.aspx?CodigoInstituicao=1&NumeroSequencialDocumento=36051
05.711.813/0001-03;2014-01-01;2;SOLVAY INDUPA SAIC;080101;FCA;39022;2014-05-30;http://www.rad.cvm.gov.br/ENETCONSULTA/frmDownloadDocumento.aspx?CodigoInstituicao=1&NumeroSequencialDocumento=39022
05.711.813/0001-03;2014-01-01;3;SOLVAY INDUPA SAIC;080101;FCA;42547;2014-11-14;http://www.rad.cvm.gov.br/ENETCONSULTA/frmDownloadDocumento.aspx?CodigoInstituicao=1&NumeroSequencialDocumento=42547
05.721.735/0001-28;2014-01-01;1;WILSON SONS LTD.;080047;FCA;35777;2014-03-28;http://www.rad.cvm.gov.br/ENETCONSULTA/frmDownloadDocumento.aspx?CodigoInstituicao=1&NumeroSequencialDocumento=35777
05.721.735/0001-28;2014-01-01;2;WILSON SONS LTD.;080047;FCA;37918;2014-05-15;http://www.rad.cvm.gov.br/ENETCONSULTA/frmDownloadDocumento.aspx?CodigoInstituicao=1&NumeroSequencialDocumento=37918
05.799.312/0001-20;2014-01-01;1;TERRA SANTA AGRO S.A.;020354;FCA;35418;2014-03-21;http://www.rad.cvm.gov.br/ENETCONSULTA/frmDownloadDocumento.aspx?CodigoInstituicao=1&NumeroSequencialDocumento=35418
05.799.312/0001-20;2014-01-01;2;TERRA SANTA AGRO S.A.;020354;FCA;38347;2014-05-28;http://www.rad.cvm.gov.br/ENETCONSULTA/frmDownloadDocumento.aspx?CodigoInstituicao=1&NumeroSequencialDocumento=38347
05.799.312/0001-20;2014-01-01;3;TERRA SANTA AGRO S.A.;020354;FCA;42316;2014-11-12;http://www.rad.cvm.gov.br/ENETCONSULTA/frmDownloadDocumento.aspx?CodigoInstituicao=1&NumeroSequencialDocumento=42316
05.878.397/0001-32;2014-01-01;1;ALLOS S.A.;022357;FCA;34879;2014-02-26;http://www.rad.cvm.gov.br/ENETCONSULTA/frmDownloadDocumento.aspx?CodigoInstituicao=1&NumeroSequencialDocumento=34879
05.878.397/0001-32;2014-01-01;2;ALLOS S.A.;022357;FCA;38420;2014-05-29;http://www.rad.cvm.gov.br/ENETCONSULTA/frmDownloadDocumento.aspx?CodigoInstituicao=1&NumeroSequencialDocumento=38420
05.889.284/0001-32;2014-01-01;1;CSA-COMPANHIA SECURITIZADORA DE ATIVOS;019470;FCA;35915;2014-03-31;http://www.rad.cvm.gov.br/ENETCONSULTA/frmDownloadDocumento.aspx?CodigoInstituicao=1&NumeroSequencialDocumento=35915
05.889.284/0001-32;2014-01-01;2;CSA-COMPANHIA SECURITIZADORA DE ATIVOS;019470;FCA;38135;2014-05-22;http://www.rad.cvm.gov.br/ENETCONSULTA/frmDownloadDocumento.aspx?CodigoInstituicao=1&NumeroSequencialDocumento=38135
05.918.309/0001-89;2014-01-01;1;PIPA CIA SECURITIZADORA DE CRÉDITOS IMOBILIÁRIOS;019518;FCA;34585;2014-02-17;http://www.rad.cvm.gov.br/ENETCONSULTA/frmDownloadDocumento.aspx?CodigoInstituicao=1&NumeroSequencialDocumento=34585
05.918.309/0001-89;2014-01-01;2;PIPA CIA SECURITIZADORA DE CRÉDITOS IMOBILIÁRIOS;019518;FCA;37129;2014-05-09;http://www.rad.cvm.gov.br/ENETCONSULTA/frmDownloadDocumento.aspx?CodigoInstituicao=1&NumeroSequencialDocumento=37129
05.918.309/0001-89;2014-01-01;3;PIPA CIA SECURITIZADORA DE CRÉDITOS IMOBILIÁRIOS;019518;FCA;42856;2014-11-26;http://www.rad.cvm.gov.br/ENETCONSULTA/frmDownloadDocumento.aspx?CodigoInstituicao=1&NumeroSequencialDocumento=42856
05.918.309/0001-89;2014-01-01;4;PIPA CIA SECURITIZADORA DE CRÉDITOS IMOBILIÁRIOS;019518;FCA;42977;2014-12-08;http://www.rad.cvm.gov.br/ENETCONSULTA/frmDownloadDocumento.aspx?CodigoInstituicao=1&NumeroSequencialDocumento=42977
06.018.000/0001-03;2014-01-01;1;FIBRA CIA SECURITIZADORA CRED IMOB;019542;FCA;35815;2014-03-28;http://www.rad.cvm.gov.br/ENETCONSULTA/frmDownloadDocumento.aspx?CodigoInstituicao=1&NumeroSequencialDocumento=35815
06.018.000/0001-03;2014-01-01;2;FIBRA CIA SECURITIZADORA CRED IMOB;019542;FCA;38710;2014-05-30;http://www.rad.cvm.gov.br/ENETCONSULTA/frmDownloadDocumento.aspx?CodigoInstituicao=1&NumeroSequencialDocumento=38710
06.027.566/0001-93;2014-01-01;1;UNIVER CIDADE TRUST DE RECEBIVEIS SA;019585;FCA;35218;2014-03-14;http://www.rad.cvm.gov.br/ENETCONSULTA/frmDownloadDocumento.aspx?CodigoInstituicao=1&NumeroSequencialDocumento=35218
06.033.448/0001-98;2014-01-01;1;TESLA COMPANHIA SECURITIZADORA DE CRÉDITOS;019526;FCA;35980;2014-03-31;http://www.rad.cvm.gov.br/ENETCONSULTA/frmDownloadDocumento.aspx?CodigoInstituicao=1&NumeroSequencialDocumento=35980
06.033.448/0001-98;2014-01-01;2;TESLA COMPANHIA SECURITIZADORA DE CRÉDITOS;019526;FCA;38442;2014-05-29;http://www.rad.cvm.gov.br/ENETCONSULTA/frmDownloadDocumento.aspx?CodigoInstituicao=1&NumeroSequencialDocumento=38442
06.033.448/0001-98;2014-01-01;3;TESLA COMPANHIA SECURITIZADORA DE CRÉDITOS;019526;FCA;39132;2014-06-03;http://www.rad.cvm.gov.br/ENETCONSULTA/frmDownloadDocumento.aspx?CodigoInstituicao=1&NumeroSequencialDocumento=39132
06.033.448/0001-98;2014-01-01;4;TESLA COMPANHIA SECURITIZADORA DE CRÉDITOS;019526;FCA;41390;2014-09-23;http://www.rad.cvm.gov.br/ENETCONSULTA/frmDownloadDocumento.aspx?CodigoInstituicao=1&NumeroSequencialDocumento=41390
06.082.980/0001-03;2014-01-01;1;ALIANSCE SHOPPING CENTERS S.A.;021300;FCA;33861;2014-01-08;http://www.rad.cvm.gov.br/ENETCONSULTA/frmDownloadDocumento.aspx?CodigoInstituicao=1&NumeroSequencialDocumento=33861
06.082.980/0001-03;2014-01-01;2;ALIANSCE SHOPPING CENTERS S.A.;021300;FCA;35437;2014-03-24;http://www.rad.cvm.gov.br/ENETCONSULTA/frmDownloadDocumento.aspx?CodigoInstituicao=1&NumeroSequencialDocumento=35437
06.082.980/0001-03;2014-01-01;3;ALIANSCE SHOPPING CENTERS S.A.;021300;FCA;38517;2014-05-29;http://www.rad.cvm.gov.br/ENETCONSULTA/frmDownloadDocumento.aspx?CodigoInstituicao=1&NumeroSequencialDocumento=38517
06.082.980/0001-03;2014-01-01;4;ALIANSCE SHOPPING CENTERS S.A.;021300;FCA;39674;2014-07-14;http://www.rad.cvm.gov.br/ENETCONSULTA/frmDownloadDocumento.aspx?CodigoInstituicao=1&NumeroSequencialDocumento=39674
06.137.677/0001-52;2014-01-01;1;BRPR 56 SECURITIZADORA CRED IMOB S.A.;019984;FCA;33908;2014-01-09;http://www.rad.cvm.gov.br/ENETCONSULTA/frmDownloadDocumento.aspx?CodigoInstituicao=1&NumeroSequencialDocumento=33908
06.137.677/0001-52;2014-01-01;2;BRPR 56 SECURITIZADORA CRED IMOB S.A.;019984;FCA;38956;2014-05-30;http://www.rad.cvm.gov.br/ENETCONSULTA/frmDownloadDocumento.aspx?CodigoInstituicao=1&NumeroSequencialDocumento=38956
06.137.677/0001-52;2014-01-01;3;BRPR 56 SECURITIZADORA CRED IMOB S.A.;019984;FCA;40075;2014-08-04;http://www.rad.cvm.gov.br/ENETCONSULTA/frmDownloadDocumento.aspx?CodigoInstituicao=1&NumeroSequencialDocumento=40075
06.164.253/0001-87;2014-01-01;1;GOL LINHAS AEREAS INTELIGENTES S.A.;019569;FCA;33817;2014-01-06;http://www.rad.cvm.gov.br/ENETCONSULTA/frmDownloadDocumento.aspx?CodigoInstituicao=1&NumeroSequencialDocumento=33817
06.164.253/0001-87;2014-01-01;2;GOL LINHAS AEREAS INTELIGENTES S.A.;019569;FCA;38091;2014-05-21;http://www.rad.cvm.gov.br/ENETCONSULTA/frmDownloadDocumento.aspx?CodigoInstituicao=1&NumeroSequencialDocumento=38091
06.272.793/0001-84;2014-01-01;1;EQUATORIAL MARANHÃO DISTRIBUIDORA DE ENERGIA S.A.;016608;FCA;33957;2014-01-13;http://www.rad.cvm.gov.br/ENETCONSULTA/frmDownloadDocumento.aspx?CodigoInstituicao=1&NumeroSequencialDocumento=33957
06.272.793/0001-84;2014-01-01;2;EQUATORIAL MARANHÃO DISTRIBUIDORA DE ENERGIA S.A.;016608;FCA;39089;2014-06-02;http://www.rad.cvm.gov.br/ENETCONSULTA/frmDownloadDocumento.aspx?CodigoInstituicao=1&NumeroSequencialDocumento=39089
06.349.242/0001-71;2014-01-01;1;BRPR 44 SECURITIZADORA DE CRÉDITOS IMOBILIÁRIOS S.A.;019810;FCA;34466;2014-02-11;http://www.rad.cvm.gov.br/ENETCONSULTA/frmDownloadDocumento.aspx?CodigoInstituicao=1&NumeroSequencialDocumento=34466
06.349.242/0001-71;2014-01-01;2;BRPR 44 SECURITIZADORA DE CRÉDITOS IMOBILIÁRIOS S.A.;019810;FCA;38952;2014-05-30;http://www.rad.cvm.gov.br/ENETCONSULTA/frmDownloadDocumento.aspx?CodigoInstituicao=1&NumeroSequencialDocumento=38952
06.349.242/0001-71;2014-01-01;3;BRPR 44 SECURITIZADORA DE CRÉDITOS IMOBILIÁRIOS S.A.;019810;FCA;39497;2014-06-26;http://www.rad.cvm.gov.br/ENETCONSULTA/frmDownloadDocumento.aspx?CodigoInstituicao=1&NumeroSequencialDocumento=39497
06.349.242/0001-71;2014-01-01;4;BRPR 44 SECURITIZADORA DE CRÉDITOS IMOBILIÁRIOS S.A.;019810;FCA;39515;2014-06-27;http://www.rad.cvm.gov.br/ENETCONSULTA/frmDownloadDocumento.aspx?CodigoInstituicao=1&NumeroSequencialDocumento=39515
06.626.253/0001-51;2014-01-01;1;EMPREENDIMENTOS PAGUE MENOS S.A.;022608;FCA;35597;2014-03-27;http://www.rad.cvm.gov.br/ENETCONSULTA/frmDownloadDocumento.aspx?CodigoInstituicao=1&NumeroSequencialDocumento=35597
06.626.253/0001-51;2014-01-01;2;EMPREENDIMENTOS PAGUE MENOS S.A.;022608;FCA;39115;2014-06-03;http://www.rad.cvm.gov.br/ENETCONSULTA/frmDownloadDocumento.aspx?CodigoInstituicao=1&NumeroSequencialDocumento=39115
06.948.969/0001-75;2014-01-01;1;LINX S.A.;023035;FCA;34517;2014-02-13;http://www.rad.cvm.gov.br/ENETCONSULTA/frmDownloadDocumento.aspx?CodigoInstituicao=1&NumeroSequencialDocumento=34517
06.948.969/0001-75;2014-01-01;2;LINX S.A.;023035;FCA;37028;2014-05-08;http://www.rad.cvm.gov.br/ENETCONSULTA/frmDownloadDocumento.aspx?CodigoInstituicao=1&NumeroSequencialDocumento=37028
06.948.969/0001-75;2014-01-01;3;LINX S.A.;023035;FCA;38658;2014-05-30;http://www.rad.cvm.gov.br/ENETCONSULTA/frmDownloadDocumento.aspx?CodigoInstituicao=1&NumeroSequencialDocumento=38658
06.948.969/0001-75;2014-01-01;4;LINX S.A.;023035;FCA;40336;2014-08-12;http://www.rad.cvm.gov.br/ENETCONSULTA/frmDownloadDocumento.aspx?CodigoInstituicao=1&NumeroSequencialDocumento=40336
06.977.739/0001-34;2014-01-01;1;TEMPO PARTICIPAÇOES S/A;019917;FCA;34580;2014-02-17;http://www.rad.cvm.gov.br/ENETCONSULTA/frmDownloadDocumento.aspx?CodigoInstituicao=1&NumeroSequencialDocumento=34580
06.977.739/0001-34;2014-01-01;2;TEMPO PARTICIPAÇOES S/A;019917;FCA;37643;2014-05-14;http://www.rad.cvm.gov.br/ENETCONSULTA/frmDownloadDocumento.aspx?CodigoInstituicao=1&NumeroSequencialDocumento=37643
06.977.745/0001-91;2014-01-01;1;BR MALLS PARTICIPACOES S.A.;019909;FCA;34776;2014-02-24;http://www.rad.cvm.gov.br/ENETCONSULTA/frmDownloadDocumento.aspx?CodigoInstituicao=1&NumeroSequencialDocumento=34776
06.977.745/0001-91;2014-01-01;2;BR MALLS PARTICIPACOES S.A.;019909;FCA;35186;2014-03-13;http://www.rad.cvm.gov.br/ENETCONSULTA/frmDownloadDocumento.aspx?CodigoInstituicao=1&NumeroSequencialDocumento=35186
06.977.745/0001-91;2014-01-01;3;BR MALLS PARTICIPACOES S.A.;019909;FCA;36754;2014-05-06;http://www.rad.cvm.gov.br/ENETCONSULTA/frmDownloadDocumento.aspx?CodigoInstituicao=1&NumeroSequencialDocumento=36754
06.977.745/0001-91;2014-01-01;4;BR MALLS PARTICIPACOES S.A.;019909;FCA;40059;2014-08-04;http://www.rad.cvm.gov.br/ENETCONSULTA/frmDownloadDocumento.aspx?CodigoInstituicao=1&NumeroSequencialDocumento=40059
06.977.751/0001-49;2014-01-01;1;BR PROPERTIES S.A.;019925;FCA;34443;2014-02-11;http://www.rad.cvm.gov.br/ENETCONSULTA/frmDownloadDocumento.aspx?CodigoInstituicao=1&NumeroSequencialDocumento=34443
06.977.751/0001-49;2014-01-01;2;BR PROPERTIES S.A.;019925;FCA;39076;2014-06-02;http://www.rad.cvm.gov.br/ENETCONSULTA/frmDownloadDocumento.aspx?CodigoInstituicao=1&NumeroSequencialDocumento=39076
06.981.176/0001-58;2014-01-01;1;CEMIG GERACAO E TRANSMISSAO S.A.;020320;FCA;34355;2014-02-06;http://www.rad.cvm.gov.br/ENETCONSULTA/frmDownloadDocumento.aspx?CodigoInstituicao=1&NumeroSequencialDocumento=34355
06.981.176/0001-58;2014-01-01;2;CEMIG GERACAO E TRANSMISSAO S.A.;020320;FCA;38269;2014-05-27;http://www.rad.cvm.gov.br/ENETCONSULTA/frmDownloadDocumento.aspx?CodigoInstituicao=1&NumeroSequencialDocumento=38269
06.981.180/0001-16;2014-01-01;1;CEMIG DISTRIBUICAO S.A.;020303;FCA;35246;2014-03-17;http://www.rad.cvm.gov.br/ENETCONSULTA/frmDownloadDocumento.aspx?CodigoInstituicao=1&NumeroSequencialDocumento=35246
06.981.180/0001-16;2014-01-01;2;CEMIG DISTRIBUICAO S.A.;020303;FCA;38267;2014-05-27;http://www.rad.cvm.gov.br/ENETCONSULTA/frmDownloadDocumento.aspx?CodigoInstituicao=1&NumeroSequencialDocumento=38267
07.021.459/0001-10;2014-01-01;1;BETA SECURITIZADORA S.A.;019747;FCA;35117;2014-03-11;http://www.rad.cvm.gov.br/ENETCONSULTA/frmDownloadDocumento.aspx?CodigoInstituicao=1&NumeroSequencialDocumento=35117
07.021.459/0001-10;2014-01-01;2;BETA SECURITIZADORA S.A.;019747;FCA;37555;2014-05-14;http://www.rad.cvm.gov.br/ENETCONSULTA/frmDownloadDocumento.aspx?CodigoInstituicao=1&NumeroSequencialDocumento=37555
07.021.459/0001-10;2014-01-01;3;BETA SECURITIZADORA S.A.;019747;FCA;38447;2014-05-29;http://www.rad.cvm.gov.br/ENETCONSULTA/frmDownloadDocumento.aspx?CodigoInstituicao=1&NumeroSequencialDocumento=38447
07.021.459/0001-10;2014-01-01;4;BETA SECURITIZADORA S.A.;019747;FCA;40572;2014-08-14;http://www.rad.cvm.gov.br/ENETCONSULTA/frmDownloadDocumento.aspx?CodigoInstituicao=1&NumeroSequencialDocumento=40572
07.021.459/0001-10;2014-01-01;5;BETA SECURITIZADORA S.A.;019747;FCA;43161;2014-12-19;http://www.rad.cvm.gov.br/ENETCONSULTA/frmDownloadDocumento.aspx?CodigoInstituicao=1&NumeroSequencialDocumento=43161
07.033.882/0001-30;2014-01-01;1;BRPR 52 SECURITIZADORA DE CRÉDITOS IMOBILIÁRIOS S.A.;019976;FCA;34469;2014-02-11;http://www.rad.cvm.gov.br/ENETCONSULTA/frmDownloadDocumento.aspx?CodigoInstituicao=1&NumeroSequencialDocumento=34469
07.033.882/0001-30;2014-01-01;2;BRPR 52 SECURITIZADORA DE CRÉDITOS IMOBILIÁRIOS S.A.;019976;FCA;38973;2014-05-30;http://www.rad.cvm.gov.br/ENETCONSULTA/frmDownloadDocumento.aspx?CodigoInstituicao=1&NumeroSequencialDocumento=38973
07.033.882/0001-30;2014-01-01;3;BRPR 52 SECURITIZADORA DE CRÉDITOS IMOBILIÁRIOS S.A.;019976;FCA;40080;2014-08-04;http://www.rad.cvm.gov.br/ENETCONSULTA/frmDownloadDocumento.aspx?CodigoInstituicao=1&NumeroSequencialDocumento=40080
07.040.108/0001-57;2014-01-01;1;CAGECE - CIA DE AGUA E ESGOTO DO CEARA;018546;FCA;34223;2014-01-29;http://www.rad.cvm.gov.br/ENETCONSULTA/frmDownloadDocumento.aspx?CodigoInstituicao=1&NumeroSequencialDocumento=34223
07.040.108/0001-57;2014-01-01;2;CAGECE - CIA DE AGUA E ESGOTO DO CEARA;018546;FCA;37738;2014-05-15;http://www.rad.cvm.gov.br/ENETCONSULTA/frmDownloadDocumento.aspx?CodigoInstituicao=1&NumeroSequencialDocumento=37738
07.043.628/0001-13;2014-01-01;1;CLARO TELECOM PARTICIPAÇÕES S.A.;023531;FCA;43033;2014-12-10;http://www.rad.cvm.gov.br/ENETCONSULTA/frmDownloadDocumento.aspx?CodigoInstituicao=1&NumeroSequencialDocumento=43033
07.043.628/0001-13;2014-01-01;2;CLARO TELECOM PARTICIPAÇÕES S.A.;023531;FCA;43115;2014-12-16;http://www.rad.cvm.gov.br/ENETCONSULTA/frmDownloadDocumento.aspx?CodigoInstituicao=1&NumeroSequencialDocumento=43115
07.047.251/0001-70;2014-01-01;1;CIA ENERGETICA DO CEARA - COELCE;014869;FCA;33982;2014-01-14;http://www.rad.cvm.gov.br/ENETCONSULTA/frmDownloadDocumento.aspx?CodigoInstituicao=1&NumeroSequencialDocumento=33982
07.088.416/0001-52;2014-01-01;1;BRPR 45 SECURITIZADORA DE CRÉDITOS IMOBILIÁRIOS S.A.;019895;FCA;34175;2014-01-27;http://www.rad.cvm.gov.br/ENETCONSULTA/frmDownloadDocumento.aspx?CodigoInstituicao=1&NumeroSequencialDocumento=34175
07.088.416/0001-52;2014-01-01;2;BRPR 45 SECURITIZADORA DE CRÉDITOS IMOBILIÁRIOS S.A.;019895;FCA;39081;2014-06-02;http://www.rad.cvm.gov.br/ENETCONSULTA/frmDownloadDocumento.aspx?CodigoInstituicao=1&NumeroSequencialDocumento=39081
07.088.416/0001-52;2014-01-01;3;BRPR 45 SECURITIZADORA DE CRÉDITOS IMOBILIÁRIOS S.A.;019895;FCA;40069;2014-08-04;http://www.rad.cvm.gov.br/ENETCONSULTA/frmDownloadDocumento.aspx?CodigoInstituicao=1&NumeroSequencialDocumento=40069
07.110.438/0001-71;2014-01-01;1;BTG PACTUAL SECURITIZADORA S.A;019690;FCA;35324;2014-03-19;http://www.rad.cvm.gov.br/ENETCONSULTA/frmDownloadDocumento.aspx?CodigoInstituicao=1&NumeroSequencialDocumento=35324
07.110.438/0001-71;2014-01-01;2;BTG PACTUAL SECURITIZADORA S.A;019690;FCA;38579;2014-05-30;http://www.rad.cvm.gov.br/ENETCONSULTA/frmDownloadDocumento.aspx?CodigoInstituicao=1&NumeroSequencialDocumento=38579
07.112.325/0001-05;2014-01-01;1;B.I. COMPANHIA SECURITIZADORA S/A;019704;FCA;37984;2014-05-16;http://www.rad.cvm.gov.br/ENETCONSULTA/frmDownloadDocumento.aspx?CodigoInstituicao=1&NumeroSequencialDocumento=37984
07.112.325/0001-05;2014-01-01;2;B.I. COMPANHIA SECURITIZADORA S/A;019704;FCA;38893;2014-05-30;http://www.rad.cvm.gov.br/ENETCONSULTA/frmDownloadDocumento.aspx?CodigoInstituicao=1&NumeroSequencialDocumento=38893
07.119.838/0001-48;2014-01-01;1;SECME - COMPANHIA SECURITIZADORA DE CRÉDITOS IMOBILIÁRIOS;019720;FCA;34026;2014-01-17;http://www.rad.cvm.gov.br/ENETCONSULTA/frmDownloadDocumento.aspx?CodigoInstituicao=1&NumeroSequencialDocumento=34026
07.119.838/0001-48;2014-01-01;2;SECME - COMPANHIA SECURITIZADORA DE CRÉDITOS IMOBILIÁRIOS;019720;FCA;35602;2014-03-27;http://www.rad.cvm.gov.br/ENETCONSULTA/frmDownloadDocumento.aspx?CodigoInstituicao=1&NumeroSequencialDocumento=35602
07.119.838/0001-48;2014-01-01;3;SECME - COMPANHIA SECURITIZADORA DE CRÉDITOS IMOBILIÁRIOS;019720;FCA;42751;2014-11-18;http://www.rad.cvm.gov.br/ENETCONSULTA/frmDownloadDocumento.aspx?CodigoInstituicao=1&NumeroSequencialDocumento=42751
07.206.816/0001-15;2014-01-01;1;M.DIAS BRANCO S.A. IND COM DE ALIMENTOS;020338;FCA;34006;2014-01-15;http://www.rad.cvm.gov.br/ENETCONSULTA/frmDownloadDocumento.aspx?CodigoInstituicao=1&NumeroSequencialDocumento=34006
07.206.816/0001-15;2014-01-01;2;M.DIAS BRANCO S.A. IND COM DE ALIMENTOS;020338;FCA;37433;2014-05-13;http://www.rad.cvm.gov.br/ENETCONSULTA/frmDownloadDocumento.aspx?CodigoInstituicao=1&NumeroSequencialDocumento=37433
07.206.816/0001-15;2014-01-01;3;M.DIAS BRANCO S.A. IND COM DE ALIMENTOS;020338;FCA;39934;2014-07-28;http://www.rad.cvm.gov.br/ENETCONSULTA/frmDownloadDocumento.aspx?CodigoInstituicao=1&NumeroSequencialDocumento=39934
07.237.373/0001-20;2014-01-01;1;BCO NORDESTE DO BRASIL S.A.;001228;FCA;34127;2014-01-23;http://www.rad.cvm.gov.br/ENETCONSULTA/frmDownloadDocumento.aspx?CodigoInstituicao=1&NumeroSequencialDocumento=34127
07.237.373/0001-20;2014-01-01;2;BCO NORDESTE DO BRASIL S.A.;001228;FCA;34503;2014-02-12;http://www.rad.cvm.gov.br/ENETCONSULTA/frmDownloadDocumento.aspx?CodigoInstituicao=1&NumeroSequencialDocumento=34503
07.237.373/0001-20;2014-01-01;3;BCO NORDESTE DO BRASIL S.A.;001228;FCA;35102;2014-03-11;http://www.rad.cvm.gov.br/ENETCONSULTA/frmDownloadDocumento.aspx?CodigoInstituicao=1&NumeroSequencialDocumento=35102
07.237.373/0001-20;2014-01-01;4;BCO NORDESTE DO BRASIL S.A.;001228;FCA;36423;2014-04-25;http://www.rad.cvm.gov.br/ENETCONSULTA/frmDownloadDocumento.aspx?CodigoInstituicao=1&NumeroSequencialDocumento=36423
07.237.373/0001-20;2014-01-01;5;BCO NORDESTE DO BRASIL S.A.;001228;FCA;36428;2014-04-25;http://www.rad.cvm.gov.br/ENETCONSULTA/frmDownloadDocumento.aspx?CodigoInstituicao=1&NumeroSequencialDocumento=36428
07.237.373/0001-20;2014-01-01;6;BCO NORDESTE DO BRASIL S.A.;001228;FCA;36627;2014-05-05;http://www.rad.cvm.gov.br/ENETCONSULTA/frmDownloadDocumento.aspx?CodigoInstituicao=1&NumeroSequencialDocumento=36627
07.237.373/0001-20;2014-01-01;7;BCO NORDESTE DO BRASIL S.A.;001228;FCA;38357;2014-05-28;http://www.rad.cvm.gov.br/ENETCONSULTA/frmDownloadDocumento.aspx?CodigoInstituicao=1&NumeroSequencialDocumento=38357
07.237.373/0001-20;2014-01-01;8;BCO NORDESTE DO BRASIL S.A.;001228;FCA;39681;2014-07-15;http://www.rad.cvm.gov.br/ENETCONSULTA/frmDownloadDocumento.aspx?CodigoInstituicao=1&NumeroSequencialDocumento=39681
07.237.373/0001-20;2014-01-01;9;BCO NORDESTE DO BRASIL S.A.;001228;FCA;39789;2014-07-17;http://www.rad.cvm.gov.br/ENETCONSULTA/frmDownloadDocumento.aspx?CodigoInstituicao=1&NumeroSequencialDocumento=39789
07.237.373/0001-20;2014-01-01;10;BCO NORDESTE DO BRASIL S.A.;001228;FCA;41391;2014-09-23;http://www.rad.cvm.gov.br/ENETCONSULTA/frmDownloadDocumento.aspx?CodigoInstituicao=1&NumeroSequencialDocumento=41391
07.253.321/0001-47;2014-01-01;1;CARBOMIL SA MINER. E INDUSTRIA;014168;FCA;35793;2014-03-28;http://www.rad.cvm.gov.br/ENETCONSULTA/frmDownloadDocumento.aspx?CodigoInstituicao=1&NumeroSequencialDocumento=35793
07.253.321/0001-47;2014-01-01;2;CARBOMIL SA MINER. E INDUSTRIA;014168;FCA;38427;2014-05-29;http://www.rad.cvm.gov.br/ENETCONSULTA/frmDownloadDocumento.aspx?CodigoInstituicao=1&NumeroSequencialDocumento=38427
07.275.159/0001-68;2014-01-01;1;PETROLEO LUB DO NORDESTE SA;009520;FCA;34681;2014-02-20;http://www.rad.cvm.gov.br/ENETCONSULTA/frmDownloadDocumento.aspx?CodigoInstituicao=1&NumeroSequencialDocumento=34681
07.275.159/0001-68;2014-01-01;2;PETROLEO LUB DO NORDESTE SA;009520;FCA;36649;2014-05-05;http://www.rad.cvm.gov.br/ENETCONSULTA/frmDownloadDocumento.aspx?CodigoInstituicao=1&NumeroSequencialDocumento=36649
07.334.600/0001-35;2014-01-01;1;MARINA DE IRACEMA PARK SA;016268;FCA;35702;2014-03-28;http://www.rad.cvm.gov.br/ENETCONSULTA/frmDownloadDocumento.aspx?CodigoInstituicao=1&NumeroSequencialDocumento=35702
07.334.600/0001-35;2014-01-01;2;MARINA DE IRACEMA PARK SA;016268;FCA;37690;2014-05-15;http://www.rad.cvm.gov.br/ENETCONSULTA/frmDownloadDocumento.aspx?CodigoInstituicao=1&NumeroSequencialDocumento=37690
07.394.616/0001-33;2014-01-01;1;UNI CIDADE SPTRUST DE RECEBÍVEIS SA;020079;FCA;35972;2014-03-31;http://www.rad.cvm.gov.br/ENETCONSULTA/frmDownloadDocumento.aspx?CodigoInstituicao=1&NumeroSequencialDocumento=35972
07.401.436/0001-31;2014-01-01;1;ELDORADO BRASIL CELULOSE S.A.;022810;FCA;34060;2014-01-20;http://www.rad.cvm.gov.br/ENETCONSULTA/frmDownloadDocumento.aspx?CodigoInstituicao=1&NumeroSequencialDocumento=34060
07.401.436/0001-31;2014-01-01;2;ELDORADO BRASIL CELULOSE S.A.;022810;FCA;38989;2014-05-30;http://www.rad.cvm.gov.br/ENETCONSULTA/frmDownloadDocumento.aspx?CodigoInstituicao=1&NumeroSequencialDocumento=38989
07.401.436/0001-31;2014-01-01;3;ELDORADO BRASIL CELULOSE S.A.;022810;FCA;39155;2014-06-03;http://www.rad.cvm.gov.br/ENETCONSULTA/frmDownloadDocumento.aspx?CodigoInstituicao=1&NumeroSequencialDocumento=39155
07.450.604/0001-89;2014-01-01;1;BANCO INDUSTRIAL E COMERCIAL S/A;021113;FCA;34219;2014-01-29;http://www.rad.cvm.gov.br/ENETCONSULTA/frmDownloadDocumento.aspx?CodigoInstituicao=1&NumeroSequencialDocumento=34219
07.450.604/0001-89;2014-01-01;2;BANCO INDUSTRIAL E COMERCIAL S/A;021113;FCA;36598;2014-05-02;http://www.rad.cvm.gov.br/ENETCONSULTA/frmDownloadDocumento.aspx?CodigoInstituicao=1&NumeroSequencialDocumento=36598
07.526.557/0001-00;2014-01-01;1;AMBEV S.A.;023264;FCA;33978;2014-01-14;http://www.rad.cvm.gov.br/ENETCONSULTA/frmDownloadDocumento.aspx?CodigoInstituicao=1&NumeroSequencialDocumento=33978
07.526.557/0001-00;2014-01-01;2;AMBEV S.A.;023264;FCA;38986;2014-05-30;http://www.rad.cvm.gov.br/ENETCONSULTA/frmDownloadDocumento.aspx?CodigoInstituicao=1&NumeroSequencialDocumento=38986
07.526.557/0001-00;2014-01-01;3;AMBEV S.A.;023264;FCA;41088;2014-08-29;http://www.rad.cvm.gov.br/ENETCONSULTA/frmDownloadDocumento.aspx?CodigoInstituicao=1&NumeroSequencialDocumento=41088
07.587.384/0001-30;2014-01-01;1;PLANETA SECURITIZADORA S.A.;020222;FCA;34569;2014-02-14;http://www.rad.cvm.gov.br/ENETCONSULTA/frmDownloadDocumento.aspx?CodigoInstituicao=1&NumeroSequencialDocumento=34569
07.587.384/0001-30;2014-01-01;2;PLANETA SECURITIZADORA S.A.;020222;FCA;38682;2014-05-30;http://www.rad.cvm.gov.br/ENETCONSULTA/frmDownloadDocumento.aspx?CodigoInstituicao=1&NumeroSequencialDocumento=38682
07.587.384/0001-30;2014-01-01;3;PLANETA SECURITIZADORA S.A.;020222;FCA;41446;2014-09-29;http://www.rad.cvm.gov.br/ENETCONSULTA/frmDownloadDocumento.aspx?CodigoInstituicao=1&NumeroSequencialDocumento=41446
07.587.384/0001-30;2014-01-01;4;PLANETA SECURITIZADORA S.A.;020222;FCA;41536;2014-10-06;http://www.rad.cvm.gov.br/ENETCONSULTA/frmDownloadDocumento.aspx?CodigoInstituicao=1&NumeroSequencialDocumento=41536
07.620.094/0001-40;2014-01-01;1;AFLUENTE G&T DE ENERGIA ELÉTRICA S/A;020150;FCA;34259;2014-01-31;http://www.rad.cvm.gov.br/ENETCONSULTA/frmDownloadDocumento.aspx?CodigoInstituicao=1&NumeroSequencialDocumento=34259
07.620.094/0001-40;2014-01-01;2;AFLUENTE G&T DE ENERGIA ELÉTRICA S/A;020150;FCA;37223;2014-05-12;http://www.rad.cvm.gov.br/ENETCONSULTA/frmDownloadDocumento.aspx?CodigoInstituicao=1&NumeroSequencialDocumento=37223
07.628.528/0001-59;2014-01-01;1;BRASILAGRO - CIA BRAS DE PROP AGRICOLAS;020036;FCA;33931;2014-01-10;http://www.rad.cvm.gov.br/ENETCONSULTA/frmDownloadDocumento.aspx?CodigoInstituicao=1&NumeroSequencialDocumento=33931
07.628.528/0001-59;2014-01-01;2;BRASILAGRO - CIA BRAS DE PROP AGRICOLAS;020036;FCA;39107;2014-06-02;http://www.rad.cvm.gov.br/ENETCONSULTA/frmDownloadDocumento.aspx?CodigoInstituicao=1&NumeroSequencialDocumento=39107
07.628.528/0001-59;2014-01-01;3;BRASILAGRO - CIA BRAS DE PROP AGRICOLAS;020036;FCA;41191;2014-09-06;http://www.rad.cvm.gov.br/ENETCONSULTA/frmDownloadDocumento.aspx?CodigoInstituicao=1&NumeroSequencialDocumento=41191
07.659.538/0001-51;2014-01-01;1;DINAMICA ENERGIA S.A.;020052;FCA;35800;2014-03-28;http://www.rad.cvm.gov.br/ENETCONSULTA/frmDownloadDocumento.aspx?CodigoInstituicao=1&NumeroSequencialDocumento=35800
07.659.538/0001-51;2014-01-01;2;DINAMICA ENERGIA S.A.;020052;FCA;38050;2014-05-20;http://www.rad.cvm.gov.br/ENETCONSULTA/frmDownloadDocumento.aspx?CodigoInstituicao=1&NumeroSequencialDocumento=38050
07.659.538/0001-51;2014-01-01;3;DINAMICA ENERGIA S.A.;020052;FCA;40963;2014-08-21;http://www.rad.cvm.gov.br/ENETCONSULTA/frmDownloadDocumento.aspx?CodigoInstituicao=1&NumeroSequencialDocumento=40963
07.689.002/0001-89;2014-01-01;1;EMBRAER S.A.;020087;FCA;33935;2014-01-10;http://www.rad.cvm.gov.br/ENETCONSULTA/frmDownloadDocumento.aspx?CodigoInstituicao=1&NumeroSequencialDocumento=33935
07.689.002/0001-89;2014-01-01;2;EMBRAER S.A.;020087;FCA;36456;2014-04-28;http://www.rad.cvm.gov.br/ENETCONSULTA/frmDownloadDocumento.aspx?CodigoInstituicao=1&NumeroSequencialDocumento=36456
07.689.002/0001-89;2014-01-01;3;EMBRAER S.A.;020087;FCA;38245;2014-05-26;http://www.rad.cvm.gov.br/ENETCONSULTA/frmDownloadDocumento.aspx?CodigoInstituicao=1&NumeroSequencialDocumento=38245
07.700.557/0001-84;2014-01-01;1;BROOKFIELD INCORPORAÇÕES S.A.;020265;FCA;35019;2014-03-06;http://www.rad.cvm.gov.br/ENETCONSULTA/frmDownloadDocumento.aspx?CodigoInstituicao=1&NumeroSequencialDocumento=35019
07.700.557/0001-84;2014-01-01;2;BROOKFIELD INCORPORAÇÕES S.A.;020265;FCA;35505;2014-03-25;http://www.rad.cvm.gov.br/ENETCONSULTA/frmDownloadDocumento.aspx?CodigoInstituicao=1&NumeroSequencialDocumento=35505
07.700.557/0001-84;2014-01-01;3;BROOKFIELD INCORPORAÇÕES S.A.;020265;FCA;38341;2014-05-28;http://www.rad.cvm.gov.br/ENETCONSULTA/frmDownloadDocumento.aspx?CodigoInstituicao=1&NumeroSequencialDocumento=38341
07.700.557/0001-84;2014-01-01;4;BROOKFIELD INCORPORAÇÕES S.A.;020265;FCA;39662;2014-07-11;http://www.rad.cvm.gov.br/ENETCONSULTA/frmDownloadDocumento.aspx?CodigoInstituicao=1&NumeroSequencialDocumento=39662
07.700.557/0001-84;2014-01-01;5;BROOKFIELD INCORPORAÇÕES S.A.;020265;FCA;43164;2014-12-19;http://www.rad.cvm.gov.br/ENETCONSULTA/frmDownloadDocumento.aspx?CodigoInstituicao=1&NumeroSequencialDocumento=43164
07.710.591/0001-30;2014-01-01;1;BRPR 55 SECURITIZADORA CRED IMOB S.A.;019941;FCA;34470;2014-02-11;http://www.rad.cvm.gov.br/ENETCONSULTA/frmDownloadDocumento.aspx?CodigoInstituicao=1&NumeroSequencialDocumento=34470
07.710.591/0001-30;2014-01-01;2;BRPR 55 SECURITIZADORA CRED IMOB S.A.;019941;FCA;38963;2014-05-30;http://www.rad.cvm.gov.br/ENETCONSULTA/frmDownloadDocumento.aspx?CodigoInstituicao=1&NumeroSequencialDocumento=38963
07.710.591/0001-30;2014-01-01;3;BRPR 55 SECURITIZADORA CRED IMOB S.A.;019941;FCA;40074;2014-08-04;http://www.rad.cvm.gov.br/ENETCONSULTA/frmDownloadDocumento.aspx?CodigoInstituicao=1&NumeroSequencialDocumento=40074
07.718.269/0001-57;2014-01-01;1;SPRINGS GLOBAL PARTICIPACOES S.A.;020966;FCA;34518;2014-02-13;http://www.rad.cvm.gov.br/ENETCONSULTA/frmDownloadDocumento.aspx?CodigoInstituicao=1&NumeroSequencialDocumento=34518
07.718.269/0001-57;2014-01-01;2;SPRINGS GLOBAL PARTICIPACOES S.A.;020966;FCA;37319;2014-05-12;http://www.rad.cvm.gov.br/ENETCONSULTA/frmDownloadDocumento.aspx?CodigoInstituicao=1&NumeroSequencialDocumento=37319
07.816.890/0001-53;2014-01-01;1;MULTIPLAN - EMPREEND IMOBILIARIOS S.A.;020982;FCA;34049;2014-01-17;http://www.rad.cvm.gov.br/ENETCONSULTA/frmDownloadDocumento.aspx?CodigoInstituicao=1&NumeroSequencialDocumento=34049
07.816.890/0001-53;2014-01-01;2;MULTIPLAN - EMPREEND IMOBILIARIOS S.A.;020982;FCA;38402;2014-05-28;http://www.rad.cvm.gov.br/ENETCONSULTA/frmDownloadDocumento.aspx?CodigoInstituicao=1&NumeroSequencialDocumento=38402
07.816.890/0001-53;2014-01-01;3;MULTIPLAN - EMPREEND IMOBILIARIOS S.A.;020982;FCA;41786;2014-10-23;http://www.rad.cvm.gov.br/ENETCONSULTA/frmDownloadDocumento.aspx?CodigoInstituicao=1&NumeroSequencialDocumento=41786
07.820.907/0001-46;2014-01-01;1;FICA EMPREENDIMENTOS IMOBILIÁRIOS S.A.;020630;FCA;35216;2014-03-14;http://www.rad.cvm.gov.br/ENETCONSULTA/frmDownloadDocumento.aspx?CodigoInstituicao=1&NumeroSequencialDocumento=35216
07.820.907/0001-46;2014-01-01;2;FICA EMPREENDIMENTOS IMOBILIÁRIOS S.A.;020630;FCA;36634;2014-05-05;http://www.rad.cvm.gov.br/ENETCONSULTA/frmDownloadDocumento.aspx?CodigoInstituicao=1&NumeroSequencialDocumento=36634
07.820.907/0001-46;2014-01-01;3;FICA EMPREENDIMENTOS IMOBILIÁRIOS S.A.;020630;FCA;37541;2014-05-14;http://www.rad.cvm.gov.br/ENETCONSULTA/frmDownloadDocumento.aspx?CodigoInstituicao=1&NumeroSequencialDocumento=37541
07.820.907/0001-46;2014-01-01;4;FICA EMPREENDIMENTOS IMOBILIÁRIOS S.A.;020630;FCA;40276;2014-08-11;http://www.rad.cvm.gov.br/ENETCONSULTA/frmDownloadDocumento.aspx?CodigoInstituicao=1&NumeroSequencialDocumento=40276
07.820.907/0001-46;2014-01-01;5;FICA EMPREENDIMENTOS IMOBILIÁRIOS S.A.;020630;FCA;41019;2014-08-25;http://www.rad.cvm.gov.br/ENETCONSULTA/frmDownloadDocumento.aspx?CodigoInstituicao=1&NumeroSequencialDocumento=41019
07.825.881/0001-29;2014-01-01;1;ACRUX SECURITIZADORA S/A;020230;FCA;34565;2014-02-14;http://www.rad.cvm.gov.br/ENETCONSULTA/frmDownloadDocumento.aspx?CodigoInstituicao=1&NumeroSequencialDocumento=34565
07.825.881/0001-29;2014-01-01;2;ACRUX SECURITIZADORA S/A;020230;FCA;38265;2014-05-27;http://www.rad.cvm.gov.br/ENETCONSULTA/frmDownloadDocumento.aspx?CodigoInstituicao=1&NumeroSequencialDocumento=38265
07.857.850/0001-50;2014-01-01;1;GP INVESTMENTS, LTD.;080020;FCA;34064;2014-01-20;http://www.rad.cvm.gov.br/ENETCONSULTA/frmDownloadDocumento.aspx?CodigoInstituicao=1&NumeroSequencialDocumento=34064
07.857.850/0001-50;2014-01-01;2;GP INVESTMENTS, LTD.;080020;FCA;37920;2014-05-15;http://www.rad.cvm.gov.br/ENETCONSULTA/frmDownloadDocumento.aspx?CodigoInstituicao=1&NumeroSequencialDocumento=37920
07.857.850/0001-50;2014-01-01;3;GP INVESTMENTS, LTD.;080020;FCA;38497;2014-05-29;http://www.rad.cvm.gov.br/ENETCONSULTA/frmDownloadDocumento.aspx?CodigoInstituicao=1&NumeroSequencialDocumento=38497
07.857.850/0001-50;2014-01-01;4;GP INVESTMENTS, LTD.;080020;FCA;38514;2014-05-29;http://www.rad.cvm.gov.br/ENETCONSULTA/frmDownloadDocumento.aspx?CodigoInstituicao=1&NumeroSequencialDocumento=38514
07.857.850/0001-50;2014-01-01;5;GP INVESTMENTS, LTD.;080020;FCA;42665;2014-11-14;http://www.rad.cvm.gov.br/ENETCONSULTA/frmDownloadDocumento.aspx?CodigoInstituicao=1&NumeroSequencialDocumento=42665
07.859.971/0001-30;2014-01-01;1;TRANSMISSORA ALIANÇA DE ENERGIA ELÉTRICA S.A.;020257;FCA;34255;2014-01-31;http://www.rad.cvm.gov.br/ENETCONSULTA/frmDownloadDocumento.aspx?CodigoInstituicao=1&NumeroSequencialDocumento=34255
07.859.971/0001-30;2014-01-01;2;TRANSMISSORA ALIANÇA DE ENERGIA ELÉTRICA S.A.;020257;FCA;37298;2014-05-12;http://www.rad.cvm.gov.br/ENETCONSULTA/frmDownloadDocumento.aspx?CodigoInstituicao=1&NumeroSequencialDocumento=37298
07.859.971/0001-30;2014-01-01;3;TRANSMISSORA ALIANÇA DE ENERGIA ELÉTRICA S.A.;020257;FCA;40906;2014-08-19;http://www.rad.cvm.gov.br/ENETCONSULTA/frmDownloadDocumento.aspx?CodigoInstituicao=1&NumeroSequencialDocumento=40906
07.950.674/0001-04;2014-01-01;1;CCX CARVÃO DA COLÔMBIA S.A. - EM LIQUIDAÇÃO;020184;FCA;34918;2014-02-27;http://www.rad.cvm.gov.br/ENETCONSULTA/frmDownloadDocumento.aspx?CodigoInstituicao=1&NumeroSequencialDocumento=34918
07.950.674/0001-04;2014-01-01;2;CCX CARVÃO DA COLÔMBIA S.A. - EM LIQUIDAÇÃO;020184;FCA;38147;2014-05-22;http://www.rad.cvm.gov.br/ENETCONSULTA/frmDownloadDocumento.aspx?CodigoInstituicao=1&NumeroSequencialDocumento=38147
07.950.674/0001-04;2014-01-01;3;CCX CARVÃO DA COLÔMBIA S.A. - EM LIQUIDAÇÃO;020184;FCA;41898;2014-10-30;http://www.rad.cvm.gov.br/ENETCONSULTA/frmDownloadDocumento.aspx?CodigoInstituicao=1&NumeroSequencialDocumento=41898
07.950.674/0001-04;2014-01-01;4;CCX CARVÃO DA COLÔMBIA S.A. - EM LIQUIDAÇÃO;020184;FCA;42831;2014-11-24;http://www.rad.cvm.gov.br/ENETCONSULTA/frmDownloadDocumento.aspx?CodigoInstituicao=1&NumeroSequencialDocumento=42831
07.950.674/0001-04;2014-01-01;5;CCX CARVÃO DA COLÔMBIA S.A. - EM LIQUIDAÇÃO;020184;FCA;42928;2014-12-02;http://www.rad.cvm.gov.br/ENETCONSULTA/frmDownloadDocumento.aspx?CodigoInstituicao=1&NumeroSequencialDocumento=42928
07.957.093/0001-96;2014-01-01;1;ÓLEO E GÁS PARTICIPAÇÕES S.A.;020168;FCA;34272;2014-01-31;http://www.rad.cvm.gov.br/ENETCONSULTA/frmDownloadDocumento.aspx?CodigoInstituicao=1&NumeroSequencialDocumento=34272
07.957.093/0001-96;2014-01-01;2;ÓLEO E GÁS PARTICIPAÇÕES S.A.;020168;FCA;34277;2014-02-02;http://www.rad.cvm.gov.br/ENETCONSULTA/frmDownloadDocumento.aspx?CodigoInstituicao=1&NumeroSequencialDocumento=34277
07.957.093/0001-96;2014-01-01;3;ÓLEO E GÁS PARTICIPAÇÕES S.A.;020168;FCA;34322;2014-02-04;http://www.rad.cvm.gov.br/ENETCONSULTA/frmDownloadDocumento.aspx?CodigoInstituicao=1&NumeroSequencialDocumento=34322
07.957.093/0001-96;2014-01-01;4;ÓLEO E GÁS PARTICIPAÇÕES S.A.;020168;FCA;36036;2014-04-01;http://www.rad.cvm.gov.br/ENETCONSULTA/frmDownloadDocumento.aspx?CodigoInstituicao=1&NumeroSequencialDocumento=36036
07.957.093/0001-96;2014-01-01;5;ÓLEO E GÁS PARTICIPAÇÕES S.A.;020168;FCA;37833;2014-05-15;http://www.rad.cvm.gov.br/ENETCONSULTA/frmDownloadDocumento.aspx?CodigoInstituicao=1&NumeroSequencialDocumento=37833
07.957.093/0001-96;2014-01-01;6;ÓLEO E GÁS PARTICIPAÇÕES S.A.;020168;FCA;38301;2014-05-27;http://www.rad.cvm.gov.br/ENETCONSULTA/frmDownloadDocumento.aspx?CodigoInstituicao=1&NumeroSequencialDocumento=38301
08.065.557/0001-12;2014-01-01;1;TECNISA S.A.;020435;FCA;34367;2014-02-06;http://www.rad.cvm.gov.br/ENETCONSULTA/frmDownloadDocumento.aspx?CodigoInstituicao=1&NumeroSequencialDocumento=34367
08.065.557/0001-12;2014-01-01;2;TECNISA S.A.;020435;FCA;36220;2014-04-11;http://www.rad.cvm.gov.br/ENETCONSULTA/frmDownloadDocumento.aspx?CodigoInstituicao=1&NumeroSequencialDocumento=36220
08.065.557/0001-12;2014-01-01;3;TECNISA S.A.;020435;FCA;36608;2014-05-02;http://www.rad.cvm.gov.br/ENETCONSULTA/frmDownloadDocumento.aspx?CodigoInstituicao=1&NumeroSequencialDocumento=36608
08.065.557/0001-12;2014-01-01;4;TECNISA S.A.;020435;FCA;42735;2014-11-17;http://www.rad.cvm.gov.br/ENETCONSULTA/frmDownloadDocumento.aspx?CodigoInstituicao=1&NumeroSequencialDocumento=42735
08.070.508/0001-78;2014-01-01;1;RAIZEN ENERGIA S.A.;023230;FCA;34489;2014-02-12;http://www.rad.cvm.gov.br/ENETCONSULTA/frmDownloadDocumento.aspx?CodigoInstituicao=1&NumeroSequencialDocumento=34489
08.070.508/0001-78;2014-01-01;2;RAIZEN ENERGIA S.A.;023230;FCA;36662;2014-05-05;http://www.rad.cvm.gov.br/ENETCONSULTA/frmDownloadDocumento.aspx?CodigoInstituicao=1&NumeroSequencialDocumento=36662
08.078.847/0001-09;2014-01-01;1;LPS BRASIL - CONSULTORIA DE IMOVEIS S.A.;020370;FCA;35258;2014-03-17;http://www.rad.cvm.gov.br/ENETCONSULTA/frmDownloadDocumento.aspx?CodigoInstituicao=1&NumeroSequencialDocumento=35258
08.078.847/0001-09;2014-01-01;2;LPS BRASIL - CONSULTORIA DE IMOVEIS S.A.;020370;FCA;36433;2014-04-25;http://www.rad.cvm.gov.br/ENETCONSULTA/frmDownloadDocumento.aspx?CodigoInstituicao=1&NumeroSequencialDocumento=36433
08.078.847/0001-09;2014-01-01;3;LPS BRASIL - CONSULTORIA DE IMOVEIS S.A.;020370;FCA;37423;2014-05-13;http://www.rad.cvm.gov.br/ENETCONSULTA/frmDownloadDocumento.aspx?CodigoInstituicao=1&NumeroSequencialDocumento=37423
08.159.965/0001-33;2014-01-01;1;IGUA SANEAMENTO S.A.;023175;FCA;33970;2014-01-13;http://www.rad.cvm.gov.br/ENETCONSULTA/frmDownloadDocumento.aspx?CodigoInstituicao=1&NumeroSequencialDocumento=33970
08.159.965/0001-33;2014-01-01;2;IGUA SANEAMENTO S.A.;023175;FCA;36562;2014-04-30;http://www.rad.cvm.gov.br/ENETCONSULTA/frmDownloadDocumento.aspx?CodigoInstituicao=1&NumeroSequencialDocumento=36562
08.159.965/0001-33;2014-01-01;3;IGUA SANEAMENTO S.A.;023175;FCA;39070;2014-06-02;http://www.rad.cvm.gov.br/ENETCONSULTA/frmDownloadDocumento.aspx?CodigoInstituicao=1&NumeroSequencialDocumento=39070
08.159.965/0001-33;2014-01-01;4;IGUA SANEAMENTO S.A.;023175;FCA;41161;2014-09-05;http://www.rad.cvm.gov.br/ENETCONSULTA/frmDownloadDocumento.aspx?CodigoInstituicao=1&NumeroSequencialDocumento=41161
08.159.965/0001-33;2014-01-01;5;IGUA SANEAMENTO S.A.;023175;FCA;42940;2014-12-03;http://www.rad.cvm.gov.br/ENETCONSULTA/frmDownloadDocumento.aspx?CodigoInstituicao=1&NumeroSequencialDocumento=42940
08.219.477/0001-74;2014-01-01;1;ITAQUI GERAÇÃO DE ENERGIA S.A.;023213;FCA;35680;2014-03-28;http://www.rad.cvm.gov.br/ENETCONSULTA/frmDownloadDocumento.aspx?CodigoInstituicao=1&NumeroSequencialDocumento=35680
08.219.477/0001-74;2014-01-01;2;ITAQUI GERAÇÃO DE ENERGIA S.A.;023213;FCA;36043;2014-04-02;http://www.rad.cvm.gov.br/ENETCONSULTA/frmDownloadDocumento.aspx?CodigoInstituicao=1&NumeroSequencialDocumento=36043
08.219.477/0001-74;2014-01-01;3;ITAQUI GERAÇÃO DE ENERGIA S.A.;023213;FCA;38816;2014-05-30;http://www.rad.cvm.gov.br/ENETCONSULTA/frmDownloadDocumento.aspx?CodigoInstituicao=1&NumeroSequencialDocumento=38816
08.281.683/0001-04;2014-01-01;1;RJ CAPITAL PARTNERS S.A.;022330;FCA;36115;2014-04-04;http://www.rad.cvm.gov.br/ENETCONSULTA/frmDownloadDocumento.aspx?CodigoInstituicao=1&NumeroSequencialDocumento=36115
08.281.683/0001-04;2014-01-01;2;RJ CAPITAL PARTNERS S.A.;022330;FCA;38809;2014-05-30;http://www.rad.cvm.gov.br/ENETCONSULTA/frmDownloadDocumento.aspx?CodigoInstituicao=1&NumeroSequencialDocumento=38809
08.281.683/0001-04;2014-01-01;3;RJ CAPITAL PARTNERS S.A.;022330;FCA;41203;2014-09-08;http://www.rad.cvm.gov.br/ENETCONSULTA/frmDownloadDocumento.aspx?CodigoInstituicao=1&NumeroSequencialDocumento=41203
08.281.683/0001-04;2014-01-01;4;RJ CAPITAL PARTNERS S.A.;022330;FCA;42909;2014-12-01;http://www.rad.cvm.gov.br/ENETCONSULTA/frmDownloadDocumento.aspx?CodigoInstituicao=1&NumeroSequencialDocumento=42909
08.294.224/0001-65;2014-01-01;1;JHSF PARTICIPACOES S.A.;020605;FCA;35521;2014-03-25;http://www.rad.cvm.gov.br/ENETCONSULTA/frmDownloadDocumento.aspx?CodigoInstituicao=1&NumeroSequencialDocumento=35521
08.294.224/0001-65;2014-01-01;2;JHSF PARTICIPACOES S.A.;020605;FCA;38279;2014-05-27;http://www.rad.cvm.gov.br/ENETCONSULTA/frmDownloadDocumento.aspx?CodigoInstituicao=1&NumeroSequencialDocumento=38279
08.312.229/0001-73;2014-01-01;1;EZ TEC EMPREEND. E PARTICIPACOES S.A.;020770;FCA;35340;2014-03-19;http://www.rad.cvm.gov.br/ENETCONSULTA/frmDownloadDocumento.aspx?CodigoInstituicao=1&NumeroSequencialDocumento=35340
08.312.229/0001-73;2014-01-01;2;EZ TEC EMPREEND. E PARTICIPACOES S.A.;020770;FCA;37258;2014-05-12;http://www.rad.cvm.gov.br/ENETCONSULTA/frmDownloadDocumento.aspx?CodigoInstituicao=1&NumeroSequencialDocumento=37258
08.312.229/0001-73;2014-01-01;3;EZ TEC EMPREEND. E PARTICIPACOES S.A.;020770;FCA;40203;2014-08-07;http://www.rad.cvm.gov.br/ENETCONSULTA/frmDownloadDocumento.aspx?CodigoInstituicao=1&NumeroSequencialDocumento=40203
08.324.196/0001-81;2014-01-01;1;CIA ENERGETICA DO RIO GDE NORTE - COSERN;018139;FCA;34262;2014-01-31;http://www.rad.cvm.gov.br/ENETCONSULTA/frmDownloadDocumento.aspx?CodigoInstituicao=1&NumeroSequencialDocumento=34262
08.324.196/0001-81;2014-01-01;2;CIA ENERGETICA DO RIO GDE NORTE - COSERN;018139;FCA;36738;2014-05-06;http://www.rad.cvm.gov.br/ENETCONSULTA/frmDownloadDocumento.aspx?CodigoInstituicao=1&NumeroSequencialDocumento=36738
08.343.492/0001-20;2014-01-01;1;MRV ENGENHARIA E PARTICIPACOES S.A.;020915;FCA;33764;2014-01-03;http://www.rad.cvm.gov.br/ENETCONSULTA/frmDownloadDocumento.aspx?CodigoInstituicao=1&NumeroSequencialDocumento=33764
08.343.492/0001-20;2014-01-01;2;MRV ENGENHARIA E PARTICIPACOES S.A.;020915;FCA;35606;2014-03-27;http://www.rad.cvm.gov.br/ENETCONSULTA/frmDownloadDocumento.aspx?CodigoInstituicao=1&NumeroSequencialDocumento=35606
08.343.492/0001-20;2014-01-01;3;MRV ENGENHARIA E PARTICIPACOES S.A.;020915;FCA;38979;2014-05-30;http://www.rad.cvm.gov.br/ENETCONSULTA/frmDownloadDocumento.aspx?CodigoInstituicao=1&NumeroSequencialDocumento=38979
08.343.492/0001-20;2014-01-01;4;MRV ENGENHARIA E PARTICIPACOES S.A.;020915;FCA;42938;2014-12-03;http://www.rad.cvm.gov.br/ENETCONSULTA/frmDownloadDocumento.aspx?CodigoInstituicao=1&NumeroSequencialDocumento=42938
08.364.948/0001-38;2014-01-01;1;ALUPAR INVESTIMENTO S/A;021490;FCA;34250;2014-01-30;http://www.rad.cvm.gov.br/ENETCONSULTA/frmDownloadDocumento.aspx?CodigoInstituicao=1&NumeroSequencialDocumento=34250
08.364.948/0001-38;2014-01-01;2;ALUPAR INVESTIMENTO S/A;021490;FCA;37540;2014-05-14;http://www.rad.cvm.gov.br/ENETCONSULTA/frmDownloadDocumento.aspx?CodigoInstituicao=1&NumeroSequencialDocumento=37540
08.364.948/0001-38;2014-01-01;3;ALUPAR INVESTIMENTO S/A;021490;FCA;38537;2014-05-29;http://www.rad.cvm.gov.br/ENETCONSULTA/frmDownloadDocumento.aspx?CodigoInstituicao=1&NumeroSequencialDocumento=38537
08.364.948/0001-38;2014-01-01;4;ALUPAR INVESTIMENTO S/A;021490;FCA;41291;2014-09-16;http://www.rad.cvm.gov.br/ENETCONSULTA/frmDownloadDocumento.aspx?CodigoInstituicao=1&NumeroSequencialDocumento=41291
08.402.943/0001-52;2014-01-01;1;GUARARAPES CONFECCOES S.A.;004669;FCA;34593;2014-02-17;http://www.rad.cvm.gov.br/ENETCONSULTA/frmDownloadDocumento.aspx?CodigoInstituicao=1&NumeroSequencialDocumento=34593
08.402.943/0001-52;2014-01-01;2;GUARARAPES CONFECCOES S.A.;004669;FCA;36166;2014-04-09;http://www.rad.cvm.gov.br/ENETCONSULTA/frmDownloadDocumento.aspx?CodigoInstituicao=1&NumeroSequencialDocumento=36166
08.402.943/0001-52;2014-01-01;3;GUARARAPES CONFECCOES S.A.;004669;FCA;38659;2014-05-30;http://www.rad.cvm.gov.br/ENETCONSULTA/frmDownloadDocumento.aspx?CodigoInstituicao=1&NumeroSequencialDocumento=38659
08.402.943/0001-52;2014-01-01;4;GUARARAPES CONFECCOES S.A.;004669;FCA;40198;2014-08-07;http://www.rad.cvm.gov.br/ENETCONSULTA/frmDownloadDocumento.aspx?CodigoInstituicao=1&NumeroSequencialDocumento=40198
08.424.178/0001-71;2014-01-01;1;TECBLU TECELAGEM BLUMENAU S.A.;011215;FCA;35536;2014-03-26;http://www.rad.cvm.gov.br/ENETCONSULTA/frmDownloadDocumento.aspx?CodigoInstituicao=1&NumeroSequencialDocumento=35536
08.424.178/0001-71;2014-01-01;2;TECBLU TECELAGEM BLUMENAU S.A.;011215;FCA;37554;2014-05-14;http://www.rad.cvm.gov.br/ENETCONSULTA/frmDownloadDocumento.aspx?CodigoInstituicao=1&NumeroSequencialDocumento=37554
08.424.178/0001-71;2014-01-01;3;TECBLU TECELAGEM BLUMENAU S.A.;011215;FCA;37723;2014-05-15;http://www.rad.cvm.gov.br/ENETCONSULTA/frmDownloadDocumento.aspx?CodigoInstituicao=1&NumeroSequencialDocumento=37723
08.439.659/0001-50;2014-01-01;1;CPFL ENERGIAS RENOVÁVEIS S.A.;020540;FCA;35168;2014-03-13;http://www.rad.cvm.gov.br/ENETCONSULTA/frmDownloadDocumento.aspx?CodigoInstituicao=1&NumeroSequencialDocumento=35168
08.439.659/0001-50;2014-01-01;2;CPFL ENERGIAS RENOVÁVEIS S.A.;020540;FCA;38342;2014-05-28;http://www.rad.cvm.gov.br/ENETCONSULTA/frmDownloadDocumento.aspx?CodigoInstituicao=1&NumeroSequencialDocumento=38342
08.439.659/0001-50;2014-01-01;3;CPFL ENERGIAS RENOVÁVEIS S.A.;020540;FCA;41431;2014-09-25;http://www.rad.cvm.gov.br/ENETCONSULTA/frmDownloadDocumento.aspx?CodigoInstituicao=1&NumeroSequencialDocumento=41431
08.467.115/0001-00;2014-01-01;1;CIA ESTADUAL DE DISTRIB ENER ELET-CEEE-D;020648;FCA;35881;2014-03-31;http://www.rad.cvm.gov.br/ENETCONSULTA/frmDownloadDocumento.aspx?CodigoInstituicao=1&NumeroSequencialDocumento=35881
08.467.115/0001-00;2014-01-01;2;CIA ESTADUAL DE DISTRIB ENER ELET-CEEE-D;020648;FCA;37496;2014-05-14;http://www.rad.cvm.gov.br/ENETCONSULTA/frmDownloadDocumento.aspx?CodigoInstituicao=1&NumeroSequencialDocumento=37496
08.467.115/0001-00;2014-01-01;3;CIA ESTADUAL DE DISTRIB ENER ELET-CEEE-D;020648;FCA;42347;2014-11-13;http://www.rad.cvm.gov.br/ENETCONSULTA/frmDownloadDocumento.aspx?CodigoInstituicao=1&NumeroSequencialDocumento=42347
08.493.364/0001-62;2014-01-01;1;CIA MINEIRA DE AÇUCAR E ALCOOL PARTICIPAÇÕES;021709;FCA;34557;2014-02-14;http://www.rad.cvm.gov.br/ENETCONSULTA/frmDownloadDocumento.aspx?CodigoInstituicao=1&NumeroSequencialDocumento=34557
08.493.364/0001-62;2014-01-01;2;CIA MINEIRA DE AÇUCAR E ALCOOL PARTICIPAÇÕES;021709;FCA;38628;2014-05-30;http://www.rad.cvm.gov.br/ENETCONSULTA/frmDownloadDocumento.aspx?CodigoInstituicao=1&NumeroSequencialDocumento=38628
08.493.364/0001-62;2014-01-01;3;CIA MINEIRA DE AÇUCAR E ALCOOL PARTICIPAÇÕES;021709;FCA;41180;2014-09-05;http://www.rad.cvm.gov.br/ENETCONSULTA/frmDownloadDocumento.aspx?CodigoInstituicao=1&NumeroSequencialDocumento=41180
08.534.605/0001-74;2014-01-01;1;RENOVA ENERGIA S.A. - EM RECUPERAÇÃO JUDICIAL;021636;FCA;33818;2014-01-06;http://www.rad.cvm.gov.br/ENETCONSULTA/frmDownloadDocumento.aspx?CodigoInstituicao=1&NumeroSequencialDocumento=33818
08.534.605/0001-74;2014-01-01;2;RENOVA ENERGIA S.A. - EM RECUPERAÇÃO JUDICIAL;021636;FCA;35030;2014-03-06;http://www.rad.cvm.gov.br/ENETCONSULTA/frmDownloadDocumento.aspx?CodigoInstituicao=1&NumeroSequencialDocumento=35030
08.534.605/0001-74;2014-01-01;3;RENOVA ENERGIA S.A. - EM RECUPERAÇÃO JUDICIAL;021636;FCA;35156;2014-03-12;http://www.rad.cvm.gov.br/ENETCONSULTA/frmDownloadDocumento.aspx?CodigoInstituicao=1&NumeroSequencialDocumento=35156
08.534.605/0001-74;2014-01-01;4;RENOVA ENERGIA S.A. - EM RECUPERAÇÃO JUDICIAL;021636;FCA;35395;2014-03-20;http://www.rad.cvm.gov.br/ENETCONSULTA/frmDownloadDocumento.aspx?CodigoInstituicao=1&NumeroSequencialDocumento=35395
08.534.605/0001-74;2014-01-01;5;RENOVA ENERGIA S.A. - EM RECUPERAÇÃO JUDICIAL;021636;FCA;36950;2014-05-08;http://www.rad.cvm.gov.br/ENETCONSULTA/frmDownloadDocumento.aspx?CodigoInstituicao=1&NumeroSequencialDocumento=36950
08.560.444/0001-93;2014-01-01;1;CIA CELG DE PARTICIPACOES - CELGPAR;021393;FCA;35052;2014-03-07;http://www.rad.cvm.gov.br/ENETCONSULTA/frmDownloadDocumento.aspx?CodigoInstituicao=1&NumeroSequencialDocumento=35052
08.560.444/0001-93;2014-01-01;2;CIA CELG DE PARTICIPACOES - CELGPAR;021393;FCA;38666;2014-05-30;http://www.rad.cvm.gov.br/ENETCONSULTA/frmDownloadDocumento.aspx?CodigoInstituicao=1&NumeroSequencialDocumento=38666
08.613.550/0001-98;2014-01-01;1;NEXPE PARTICIPAÇÕES S.A;021180;FCA;34045;2014-01-17;http://www.rad.cvm.gov.br/ENETCONSULTA/frmDownloadDocumento.aspx?CodigoInstituicao=1&NumeroSequencialDocumento=34045
08.613.550/0001-98;2014-01-01;2;NEXPE PARTICIPAÇÕES S.A;021180;FCA;38116;2014-05-22;http://www.rad.cvm.gov.br/ENETCONSULTA/frmDownloadDocumento.aspx?CodigoInstituicao=1&NumeroSequencialDocumento=38116
08.613.550/0001-98;2014-01-01;3;NEXPE PARTICIPAÇÕES S.A;021180;FCA;41171;2014-09-05;http://www.rad.cvm.gov.br/ENETCONSULTA/frmDownloadDocumento.aspx?CodigoInstituicao=1&NumeroSequencialDocumento=41171
08.648.295/0001-19;2014-01-01;1;ALLIS PARTICIPAÇÕES S.A.;020850;FCA;35401;2014-03-21;http://www.rad.cvm.gov.br/ENETCONSULTA/frmDownloadDocumento.aspx?CodigoInstituicao=1&NumeroSequencialDocumento=35401
08.648.295/0001-19;2014-01-01;2;ALLIS PARTICIPAÇÕES S.A.;020850;FCA;37768;2014-05-15;http://www.rad.cvm.gov.br/ENETCONSULTA/frmDownloadDocumento.aspx?CodigoInstituicao=1&NumeroSequencialDocumento=37768
08.648.295/0001-19;2014-01-01;3;ALLIS PARTICIPAÇÕES S.A.;020850;FCA;38324;2014-05-28;http://www.rad.cvm.gov.br/ENETCONSULTA/frmDownloadDocumento.aspx?CodigoInstituicao=1&NumeroSequencialDocumento=38324
08.648.295/0001-19;2014-01-01;4;ALLIS PARTICIPAÇÕES S.A.;020850;FCA;40363;2014-08-12;http://www.rad.cvm.gov.br/ENETCONSULTA/frmDownloadDocumento.aspx?CodigoInstituicao=1&NumeroSequencialDocumento=40363
08.648.295/0001-19;2014-01-01;5;ALLIS PARTICIPAÇÕES S.A.;020850;FCA;41216;2014-09-09;http://www.rad.cvm.gov.br/ENETCONSULTA/frmDownloadDocumento.aspx?CodigoInstituicao=1&NumeroSequencialDocumento=41216
08.648.295/0001-19;2014-01-01;6;ALLIS PARTICIPAÇÕES S.A.;020850;FCA;42756;2014-11-18;http://www.rad.cvm.gov.br/ENETCONSULTA/frmDownloadDocumento.aspx?CodigoInstituicao=1&NumeroSequencialDocumento=42756
08.648.295/0001-19;2014-01-01;7;ALLIS PARTICIPAÇÕES S.A.;020850;FCA;43198;2014-12-22;http://www.rad.cvm.gov.br/ENETCONSULTA/frmDownloadDocumento.aspx?CodigoInstituicao=1&NumeroSequencialDocumento=43198
08.653.753/0001-08;2014-01-01;1;BRC SECURITIZADORA S.A.;020672;FCA;35734;2014-03-28;http://www.rad.cvm.gov.br/ENETCONSULTA/frmDownloadDocumento.aspx?CodigoInstituicao=1&NumeroSequencialDocumento=35734
08.653.753/0001-08;2014-01-01;2;BRC SECURITIZADORA S.A.;020672;FCA;36989;2014-05-08;http://www.rad.cvm.gov.br/ENETCONSULTA/frmDownloadDocumento.aspx?CodigoInstituicao=1&NumeroSequencialDocumento=36989
08.684.547/0001-65;2014-01-01;1;MAGNESITA REFRATARIOS S.A.;020842;FCA;34892;2014-02-26;http://www.rad.cvm.gov.br/ENETCONSULTA/frmDownloadDocumento.aspx?CodigoInstituicao=1&NumeroSequencialDocumento=34892
08.684.547/0001-65;2014-01-01;2;MAGNESITA REFRATARIOS S.A.;020842;FCA;36902;2014-05-07;http://www.rad.cvm.gov.br/ENETCONSULTA/frmDownloadDocumento.aspx?CodigoInstituicao=1&NumeroSequencialDocumento=36902
08.684.547/0001-65;2014-01-01;3;MAGNESITA REFRATARIOS S.A.;020842;FCA;40520;2014-08-13;http://www.rad.cvm.gov.br/ENETCONSULTA/frmDownloadDocumento.aspx?CodigoInstituicao=1&NumeroSequencialDocumento=40520
08.723.106/0001-25;2014-01-01;1;BHG S.A. - BRAZIL HOSPITALITY GROUP;020907;FCA;33878;2014-01-08;http://www.rad.cvm.gov.br/ENETCONSULTA/frmDownloadDocumento.aspx?CodigoInstituicao=1&NumeroSequencialDocumento=33878
08.723.106/0001-25;2014-01-01;2;BHG S.A. - BRAZIL HOSPITALITY GROUP;020907;FCA;34103;2014-01-22;http://www.rad.cvm.gov.br/ENETCONSULTA/frmDownloadDocumento.aspx?CodigoInstituicao=1&NumeroSequencialDocumento=34103
08.723.106/0001-25;2014-01-01;3;BHG S.A. - BRAZIL HOSPITALITY GROUP;020907;FCA;38397;2014-05-28;http://www.rad.cvm.gov.br/ENETCONSULTA/frmDownloadDocumento.aspx?CodigoInstituicao=1&NumeroSequencialDocumento=38397
08.723.106/0001-25;2014-01-01;4;BHG S.A. - BRAZIL HOSPITALITY GROUP;020907;FCA;40378;2014-08-12;http://www.rad.cvm.gov.br/ENETCONSULTA/frmDownloadDocumento.aspx?CodigoInstituicao=1&NumeroSequencialDocumento=40378
08.741.499/0001-08;2014-01-01;1;PRUMO LOGISTICA SA;021482;FCA;34316;2014-02-04;http://www.rad.cvm.gov.br/ENETCONSULTA/frmDownloadDocumento.aspx?CodigoInstituicao=1&NumeroSequencialDocumento=34316
08.741.499/0001-08;2014-01-01;2;PRUMO LOGISTICA SA;021482;FCA;35065;2014-03-10;http://www.rad.cvm.gov.br/ENETCONSULTA/frmDownloadDocumento.aspx?CodigoInstituicao=1&NumeroSequencialDocumento=35065
08.741.499/0001-08;2014-01-01;3;PRUMO LOGISTICA SA;021482;FCA;36039;2014-04-02;http://www.rad.cvm.gov.br/ENETCONSULTA/frmDownloadDocumento.aspx?CodigoInstituicao=1&NumeroSequencialDocumento=36039
08.741.499/0001-08;2014-01-01;4;PRUMO LOGISTICA SA;021482;FCA;38388;2014-05-28;http://www.rad.cvm.gov.br/ENETCONSULTA/frmDownloadDocumento.aspx?CodigoInstituicao=1&NumeroSequencialDocumento=38388
08.764.621/0001-53;2014-01-01;1;GENERAL SHOPPING E OUTLETS DO BRASIL BRASIL S.A.;021008;FCA;34475;2014-02-11;http://www.rad.cvm.gov.br/ENETCONSULTA/frmDownloadDocumento.aspx?CodigoInstituicao=1&NumeroSequencialDocumento=34475
08.764.621/0001-53;2014-01-01;2;GENERAL SHOPPING E OUTLETS DO BRASIL BRASIL S.A.;021008;FCA;39094;2014-06-02;http://www.rad.cvm.gov.br/ENETCONSULTA/frmDownloadDocumento.aspx?CodigoInstituicao=1&NumeroSequencialDocumento=39094
08.769.451/0001-08;2014-01-01;1;VIRGO COMPANHIA DE SECURITIZAÇÃO;020818;FCA;35781;2014-03-28;http://www.rad.cvm.gov.br/ENETCONSULTA/frmDownloadDocumento.aspx?CodigoInstituicao=1&NumeroSequencialDocumento=35781
08.769.451/0001-08;2014-01-01;2;VIRGO COMPANHIA DE SECURITIZAÇÃO;020818;FCA;35837;2014-03-28;http://www.rad.cvm.gov.br/ENETCONSULTA/frmDownloadDocumento.aspx?CodigoInstituicao=1&NumeroSequencialDocumento=35837
08.769.451/0001-08;2014-01-01;3;VIRGO COMPANHIA DE SECURITIZAÇÃO;020818;FCA;39234;2014-06-09;http://www.rad.cvm.gov.br/ENETCONSULTA/frmDownloadDocumento.aspx?CodigoInstituicao=1&NumeroSequencialDocumento=39234
08.801.621/0001-86;2014-01-01;1;SYN PROP & TECH S.A.;021040;FCA;34408;2014-02-10;http://www.rad.cvm.gov.br/ENETCONSULTA/frmDownloadDocumento.aspx?CodigoInstituicao=1&NumeroSequencialDocumento=34408
08.801.621/0001-86;2014-01-01;2;SYN PROP & TECH S.A.;021040;FCA;36977;2014-05-08;http://www.rad.cvm.gov.br/ENETCONSULTA/frmDownloadDocumento.aspx?CodigoInstituicao=1&NumeroSequencialDocumento=36977
08.801.621/0001-86;2014-01-01;3;SYN PROP & TECH S.A.;021040;FCA;40887;2014-08-18;http://www.rad.cvm.gov.br/ENETCONSULTA/frmDownloadDocumento.aspx?CodigoInstituicao=1&NumeroSequencialDocumento=40887
08.807.432/0001-10;2014-01-01;1;YDUQS PARTICIPACOES S.A.;021016;FCA;33961;2014-01-13;http://www.rad.cvm.gov.br/ENETCONSULTA/frmDownloadDocumento.aspx?CodigoInstituicao=1&NumeroSequencialDocumento=33961
08.807.432/0001-10;2014-01-01;2;YDUQS PARTICIPACOES S.A.;021016;FCA;36553;2014-04-30;http://www.rad.cvm.gov.br/ENETCONSULTA/frmDownloadDocumento.aspx?CodigoInstituicao=1&NumeroSequencialDocumento=36553
08.807.432/0001-10;2014-01-01;3;YDUQS PARTICIPACOES S.A.;021016;FCA;38088;2014-05-21;http://www.rad.cvm.gov.br/ENETCONSULTA/frmDownloadDocumento.aspx?CodigoInstituicao=1&NumeroSequencialDocumento=38088
08.811.643/0001-27;2014-01-01;1;TRISUL S.A.;021130;FCA;35175;2014-03-13;http://www.rad.cvm.gov.br/ENETCONSULTA/frmDownloadDocumento.aspx?CodigoInstituicao=1&NumeroSequencialDocumento=35175
08.811.643/0001-27;2014-01-01;2;TRISUL S.A.;021130;FCA;39085;2014-06-02;http://www.rad.cvm.gov.br/ENETCONSULTA/frmDownloadDocumento.aspx?CodigoInstituicao=1&NumeroSequencialDocumento=39085
08.811.643/0001-27;2014-01-01;3;TRISUL S.A.;021130;FCA;39142;2014-06-03;http://www.rad.cvm.gov.br/ENETCONSULTA/frmDownloadDocumento.aspx?CodigoInstituicao=1&NumeroSequencialDocumento=39142
08.811.643/0001-27;2014-01-01;4;TRISUL S.A.;021130;FCA;41708;2014-10-20;http://www.rad.cvm.gov.br/ENETCONSULTA/frmDownloadDocumento.aspx?CodigoInstituicao=1&NumeroSequencialDocumento=41708
08.827.501/0001-58;2014-01-01;1;AEGEA SANEAMENTO E PARTICIPAÇÕES S.A.;023396;FCA;38188;2014-05-23;http://www.rad.cvm.gov.br/ENETCONSULTA/frmDownloadDocumento.aspx?CodigoInstituicao=1&NumeroSequencialDocumento=38188
08.827.501/0001-58;2014-01-01;2;AEGEA SANEAMENTO E PARTICIPAÇÕES S.A.;023396;FCA;39428;2014-06-18;http://www.rad.cvm.gov.br/ENETCONSULTA/frmDownloadDocumento.aspx?CodigoInstituicao=1&NumeroSequencialDocumento=39428
08.827.501/0001-58;2014-01-01;3;AEGEA SANEAMENTO E PARTICIPAÇÕES S.A.;023396;FCA;42412;2014-11-13;http://www.rad.cvm.gov.br/ENETCONSULTA/frmDownloadDocumento.aspx?CodigoInstituicao=1&NumeroSequencialDocumento=42412
08.835.366/0001-92;2014-01-01;1;CENTENNIAL ASSET PARTICIPAÇÕES AÇU S.A.;021245;FCA;34275;2014-01-31;http://www.rad.cvm.gov.br/ENETCONSULTA/frmDownloadDocumento.aspx?CodigoInstituicao=1&NumeroSequencialDocumento=34275
08.873.873/0001-10;2014-01-01;1;ECORODOVIAS CONCESSÕES E SERVIÇOS S.A.;021903;FCA;33944;2014-01-10;http://www.rad.cvm.gov.br/ENETCONSULTA/frmDownloadDocumento.aspx?CodigoInstituicao=1&NumeroSequencialDocumento=33944
08.873.873/0001-10;2014-01-01;2;ECORODOVIAS CONCESSÕES E SERVIÇOS S.A.;021903;FCA;38833;2014-05-30;http://www.rad.cvm.gov.br/ENETCONSULTA/frmDownloadDocumento.aspx?CodigoInstituicao=1&NumeroSequencialDocumento=38833
08.884.213/0001-35;2014-01-01;1;BCO PATAGONIA S.A.;080063;FCA;35973;2014-03-31;http://www.rad.cvm.gov.br/ENETCONSULTA/frmDownloadDocumento.aspx?CodigoInstituicao=1&NumeroSequencialDocumento=35973
08.884.213/0001-35;2014-01-01;2;BCO PATAGONIA S.A.;080063;FCA;36264;2014-04-15;http://www.rad.cvm.gov.br/ENETCONSULTA/frmDownloadDocumento.aspx?CodigoInstituicao=1&NumeroSequencialDocumento=36264
08.884.213/0001-35;2014-01-01;3;BCO PATAGONIA S.A.;080063;FCA;36863;2014-05-07;http://www.rad.cvm.gov.br/ENETCONSULTA/frmDownloadDocumento.aspx?CodigoInstituicao=1&NumeroSequencialDocumento=36863
08.884.213/0001-35;2014-01-01;4;BCO PATAGONIA S.A.;080063;FCA;37577;2014-05-14;http://www.rad.cvm.gov.br/ENETCONSULTA/frmDownloadDocumento.aspx?CodigoInstituicao=1&NumeroSequencialDocumento=37577
08.884.213/0001-35;2014-01-01;5;BCO PATAGONIA S.A.;080063;FCA;37691;2014-05-15;http://www.rad.cvm.gov.br/ENETCONSULTA/frmDownloadDocumento.aspx?CodigoInstituicao=1&NumeroSequencialDocumento=37691
08.884.213/0001-35;2014-01-01;6;BCO PATAGONIA S.A.;080063;FCA;39838;2014-07-22;http://www.rad.cvm.gov.br/ENETCONSULTA/frmDownloadDocumento.aspx?CodigoInstituicao=1&NumeroSequencialDocumento=39838
08.887.330/0001-52;2014-01-01;1;COSAN LIMITED;080071;FCA;34897;2014-02-26;http://www.rad.cvm.gov.br/ENETCONSULTA/frmDownloadDocumento.aspx?CodigoInstituicao=1&NumeroSequencialDocumento=34897
08.887.330/0001-52;2014-01-01;2;COSAN LIMITED;080071;FCA;36668;2014-05-05;http://www.rad.cvm.gov.br/ENETCONSULTA/frmDownloadDocumento.aspx?CodigoInstituicao=1&NumeroSequencialDocumento=36668
08.887.330/0001-52;2014-01-01;3;COSAN LIMITED;080071;FCA;39956;2014-07-29;http://www.rad.cvm.gov.br/ENETCONSULTA/frmDownloadDocumento.aspx?CodigoInstituicao=1&NumeroSequencialDocumento=39956
08.887.330/0001-52;2014-01-01;4;COSAN LIMITED;080071;FCA;39981;2014-07-30;http://www.rad.cvm.gov.br/ENETCONSULTA/frmDownloadDocumento.aspx?CodigoInstituicao=1&NumeroSequencialDocumento=39981
08.887.330/0001-52;2014-01-01;5;COSAN LIMITED;080071;FCA;42026;2014-11-05;http://www.rad.cvm.gov.br/ENETCONSULTA/frmDownloadDocumento.aspx?CodigoInstituicao=1&NumeroSequencialDocumento=42026
08.903.116/0001-42;2014-01-01;1;NOVA SECURITIZACAO S.A.;021105;FCA;34645;2014-02-19;http://www.rad.cvm.gov.br/ENETCONSULTA/frmDownloadDocumento.aspx?CodigoInstituicao=1&NumeroSequencialDocumento=34645
08.903.116/0001-42;2014-01-01;2;NOVA SECURITIZACAO S.A.;021105;FCA;37515;2014-05-14;http://www.rad.cvm.gov.br/ENETCONSULTA/frmDownloadDocumento.aspx?CodigoInstituicao=1&NumeroSequencialDocumento=37515
08.903.116/0001-42;2014-01-01;3;NOVA SECURITIZACAO S.A.;021105;FCA;41173;2014-09-05;http://www.rad.cvm.gov.br/ENETCONSULTA/frmDownloadDocumento.aspx?CodigoInstituicao=1&NumeroSequencialDocumento=41173
08.926.302/0001-05;2014-01-01;1;DOMMO ENERGIA S.A.;023493;FCA;41350;2014-09-19;http://www.rad.cvm.gov.br/ENETCONSULTA/frmDownloadDocumento.aspx?CodigoInstituicao=1&NumeroSequencialDocumento=41350
08.926.302/0001-05;2014-01-01;2;DOMMO ENERGIA S.A.;023493;FCA;41382;2014-09-22;http://www.rad.cvm.gov.br/ENETCONSULTA/frmDownloadDocumento.aspx?CodigoInstituicao=1&NumeroSequencialDocumento=41382
08.935.054/0001-50;2014-01-01;1;MULTINER S/A;021520;FCA;34120;2014-01-23;http://www.rad.cvm.gov.br/ENETCONSULTA/frmDownloadDocumento.aspx?CodigoInstituicao=1&NumeroSequencialDocumento=34120
08.935.054/0001-50;2014-01-01;2;MULTINER S/A;021520;FCA;38748;2014-05-30;http://www.rad.cvm.gov.br/ENETCONSULTA/frmDownloadDocumento.aspx?CodigoInstituicao=1&NumeroSequencialDocumento=38748
08.936.792/0001-12;2014-01-01;1;INTERNATIONAL MEAL COMPANY HOLDINGS S/A;022438;FCA;33809;2014-01-06;http://www.rad.cvm.gov.br/ENETCONSULTA/frmDownloadDocumento.aspx?CodigoInstituicao=1&NumeroSequencialDocumento=33809
08.936.792/0001-12;2014-01-01;2;INTERNATIONAL MEAL COMPANY HOLDINGS S/A;022438;FCA;36056;2014-04-02;http://www.rad.cvm.gov.br/ENETCONSULTA/frmDownloadDocumento.aspx?CodigoInstituicao=1&NumeroSequencialDocumento=36056
08.936.792/0001-12;2014-01-01;3;INTERNATIONAL MEAL COMPANY HOLDINGS S/A;022438;FCA;36728;2014-05-06;http://www.rad.cvm.gov.br/ENETCONSULTA/frmDownloadDocumento.aspx?CodigoInstituicao=1&NumeroSequencialDocumento=36728
08.936.792/0001-12;2014-01-01;4;INTERNATIONAL MEAL COMPANY HOLDINGS S/A;022438;FCA;40028;2014-07-31;http://www.rad.cvm.gov.br/ENETCONSULTA/frmDownloadDocumento.aspx?CodigoInstituicao=1&NumeroSequencialDocumento=40028
08.937.002/0001-13;2014-01-01;1;VISION SECURITIZADORA S.A.;021075;FCA;35595;2014-03-27;http://www.rad.cvm.gov.br/ENETCONSULTA/frmDownloadDocumento.aspx?CodigoInstituicao=1&NumeroSequencialDocumento=35595
08.937.002/0001-13;2014-01-01;2;VISION SECURITIZADORA S.A.;021075;FCA;36755;2014-05-06;http://www.rad.cvm.gov.br/ENETCONSULTA/frmDownloadDocumento.aspx?CodigoInstituicao=1&NumeroSequencialDocumento=36755
09.041.168/0001-10;2014-01-01;1;LOG COMMERCIAL PROPERTIES E PARTICIPAÇÕES;023272;FCA;35005;2014-03-06;http://www.rad.cvm.gov.br/ENETCONSULTA/frmDownloadDocumento.aspx?CodigoInstituicao=1&NumeroSequencialDocumento=35005
09.041.168/0001-10;2014-01-01;2;LOG COMMERCIAL PROPERTIES E PARTICIPAÇÕES;023272;FCA;36491;2014-04-29;http://www.rad.cvm.gov.br/ENETCONSULTA/frmDownloadDocumento.aspx?CodigoInstituicao=1&NumeroSequencialDocumento=36491
09.041.168/0001-10;2014-01-01;3;LOG COMMERCIAL PROPERTIES E PARTICIPAÇÕES;023272;FCA;38728;2014-05-30;http://www.rad.cvm.gov.br/ENETCONSULTA/frmDownloadDocumento.aspx?CodigoInstituicao=1&NumeroSequencialDocumento=38728
09.054.385/0001-44;2014-01-01;1;INBRANDS S.A.;022560;FCA;34730;2014-02-21;http://www.rad.cvm.gov.br/ENETCONSULTA/frmDownloadDocumento.aspx?CodigoInstituicao=1&NumeroSequencialDocumento=34730
09.054.385/0001-44;2014-01-01;2;INBRANDS S.A.;022560;FCA;36192;2014-04-10;http://www.rad.cvm.gov.br/ENETCONSULTA/frmDownloadDocumento.aspx?CodigoInstituicao=1&NumeroSequencialDocumento=36192
09.054.385/0001-44;2014-01-01;3;INBRANDS S.A.;022560;FCA;38875;2014-05-30;http://www.rad.cvm.gov.br/ENETCONSULTA/frmDownloadDocumento.aspx?CodigoInstituicao=1&NumeroSequencialDocumento=38875
09.054.385/0001-44;2014-01-01;4;INBRANDS S.A.;022560;FCA;40874;2014-08-15;http://www.rad.cvm.gov.br/ENETCONSULTA/frmDownloadDocumento.aspx?CodigoInstituicao=1&NumeroSequencialDocumento=40874
09.074.183/0001-64;2014-01-01;1;TRANSBRASILIANA CONCESSIONÁRIA DE RODOVIA S.A;022225;FCA;35539;2014-03-26;http://www.rad.cvm.gov.br/ENETCONSULTA/frmDownloadDocumento.aspx?CodigoInstituicao=1&NumeroSequencialDocumento=35539
09.074.183/0001-64;2014-01-01;2;TRANSBRASILIANA CONCESSIONÁRIA DE RODOVIA S.A;022225;FCA;39097;2014-06-02;http://www.rad.cvm.gov.br/ENETCONSULTA/frmDownloadDocumento.aspx?CodigoInstituicao=1&NumeroSequencialDocumento=39097
09.095.183/0001-40;2014-01-01;1;ENERGISA PARAÍBA - DISTRIBUIDORA DE ENERGIA S/A;021938;FCA;35268;2014-03-18;http://www.rad.cvm.gov.br/ENETCONSULTA/frmDownloadDocumento.aspx?CodigoInstituicao=1&NumeroSequencialDocumento=35268
09.095.183/0001-40;2014-01-01;2;ENERGISA PARAÍBA - DISTRIBUIDORA DE ENERGIA S/A;021938;FCA;36624;2014-05-05;http://www.rad.cvm.gov.br/ENETCONSULTA/frmDownloadDocumento.aspx?CodigoInstituicao=1&NumeroSequencialDocumento=36624
09.095.183/0001-40;2014-01-01;3;ENERGISA PARAÍBA - DISTRIBUIDORA DE ENERGIA S/A;021938;FCA;41172;2014-09-05;http://www.rad.cvm.gov.br/ENETCONSULTA/frmDownloadDocumento.aspx?CodigoInstituicao=1&NumeroSequencialDocumento=41172
09.095.183/0001-40;2014-01-01;4;ENERGISA PARAÍBA - DISTRIBUIDORA DE ENERGIA S/A;021938;FCA;41438;2014-09-26;http://www.rad.cvm.gov.br/ENETCONSULTA/frmDownloadDocumento.aspx?CodigoInstituicao=1&NumeroSequencialDocumento=41438
09.112.685/0001-32;2014-01-01;1;OSX BRASIL S.A. - EM RECUPERAÇÃO JUDICIAL;021342;FCA;33766;2014-01-03;http://www.rad.cvm.gov.br/ENETCONSULTA/frmDownloadDocumento.aspx?CodigoInstituicao=1&NumeroSequencialDocumento=33766
09.112.685/0001-32;2014-01-01;2;OSX BRASIL S.A. - EM RECUPERAÇÃO JUDICIAL;021342;FCA;37025;2014-05-08;http://www.rad.cvm.gov.br/ENETCONSULTA/frmDownloadDocumento.aspx?CodigoInstituicao=1&NumeroSequencialDocumento=37025
09.112.685/0001-32;2014-01-01;3;OSX BRASIL S.A. - EM RECUPERAÇÃO JUDICIAL;021342;FCA;39367;2014-06-13;http://www.rad.cvm.gov.br/ENETCONSULTA/frmDownloadDocumento.aspx?CodigoInstituicao=1&NumeroSequencialDocumento=39367
09.112.685/0001-32;2014-01-01;4;OSX BRASIL S.A. - EM RECUPERAÇÃO JUDICIAL;021342;FCA;43163;2014-12-19;http://www.rad.cvm.gov.br/ENETCONSULTA/frmDownloadDocumento.aspx?CodigoInstituicao=1&NumeroSequencialDocumento=43163
09.112.685/0001-32;2014-01-01;5;OSX BRASIL S.A. - EM RECUPERAÇÃO JUDICIAL;021342;FCA;43255;2014-12-30;http://www.rad.cvm.gov.br/ENETCONSULTA/frmDownloadDocumento.aspx?CodigoInstituicao=1&NumeroSequencialDocumento=43255
09.116.278/0001-01;2014-01-01;1;CONPEL CIA NORDESTINA PAPEL - EM RECUPERAÇÃO JUDICIAL;004685;FCA;35831;2014-03-28;http://www.rad.cvm.gov.br/ENETCONSULTA/frmDownloadDocumento.aspx?CodigoInstituicao=1&NumeroSequencialDocumento=35831
09.116.278/0001-01;2014-01-01;2;CONPEL CIA NORDESTINA PAPEL - EM RECUPERAÇÃO JUDICIAL;004685;FCA;37731;2014-05-15;http://www.rad.cvm.gov.br/ENETCONSULTA/frmDownloadDocumento.aspx?CodigoInstituicao=1&NumeroSequencialDocumento=37731
09.149.503/0001-06;2014-01-01;1;SERENA GERAÇÃO S.A.;023426;FCA;39635;2014-07-10;http://www.rad.cvm.gov.br/ENETCONSULTA/frmDownloadDocumento.aspx?CodigoInstituicao=1&NumeroSequencialDocumento=39635
09.149.503/0001-06;2014-01-01;2;SERENA GERAÇÃO S.A.;023426;FCA;40153;2014-08-06;http://www.rad.cvm.gov.br/ENETCONSULTA/frmDownloadDocumento.aspx?CodigoInstituicao=1&NumeroSequencialDocumento=40153
09.191.251/0001-75;2014-01-01;1;MONTICIANO PARTICIPAÇÕES S/A;021261;FCA;34290;2014-02-03;http://www.rad.cvm.gov.br/ENETCONSULTA/frmDownloadDocumento.aspx?CodigoInstituicao=1&NumeroSequencialDocumento=34290
09.257.877/0001-37;2014-01-01;1;FERROVIA NORTE SUL S/A;021814;FCA;34936;2014-02-27;http://www.rad.cvm.gov.br/ENETCONSULTA/frmDownloadDocumento.aspx?CodigoInstituicao=1&NumeroSequencialDocumento=34936
09.257.877/0001-37;2014-01-01;2;FERROVIA NORTE SUL S/A;021814;FCA;39101;2014-06-02;http://www.rad.cvm.gov.br/ENETCONSULTA/frmDownloadDocumento.aspx?CodigoInstituicao=1&NumeroSequencialDocumento=39101
09.257.877/0001-37;2014-01-01;3;FERROVIA NORTE SUL S/A;021814;FCA;40644;2014-08-14;http://www.rad.cvm.gov.br/ENETCONSULTA/frmDownloadDocumento.aspx?CodigoInstituicao=1&NumeroSequencialDocumento=40644
09.288.252/0001-32;2014-01-01;1;ANIMA HOLDING S.A.;023248;FCA;34142;2014-01-24;http://www.rad.cvm.gov.br/ENETCONSULTA/frmDownloadDocumento.aspx?CodigoInstituicao=1&NumeroSequencialDocumento=34142
09.288.252/0001-32;2014-01-01;2;ANIMA HOLDING S.A.;023248;FCA;35445;2014-03-24;http://www.rad.cvm.gov.br/ENETCONSULTA/frmDownloadDocumento.aspx?CodigoInstituicao=1&NumeroSequencialDocumento=35445
09.288.252/0001-32;2014-01-01;3;ANIMA HOLDING S.A.;023248;FCA;38077;2014-05-21;http://www.rad.cvm.gov.br/ENETCONSULTA/frmDownloadDocumento.aspx?CodigoInstituicao=1&NumeroSequencialDocumento=38077
09.295.063/0001-97;2014-01-01;1;TECHNOS S.A.;022519;FCA;34253;2014-01-31;http://www.rad.cvm.gov.br/ENETCONSULTA/frmDownloadDocumento.aspx?CodigoInstituicao=1&NumeroSequencialDocumento=34253
09.295.063/0001-97;2014-01-01;2;TECHNOS S.A.;022519;FCA;36396;2014-04-24;http://www.rad.cvm.gov.br/ENETCONSULTA/frmDownloadDocumento.aspx?CodigoInstituicao=1&NumeroSequencialDocumento=36396
09.295.063/0001-97;2014-01-01;3;TECHNOS S.A.;022519;FCA;36844;2014-05-07;http://www.rad.cvm.gov.br/ENETCONSULTA/frmDownloadDocumento.aspx?CodigoInstituicao=1&NumeroSequencialDocumento=36844
09.295.063/0001-97;2014-01-01;4;TECHNOS S.A.;022519;FCA;40118;2014-08-05;http://www.rad.cvm.gov.br/ENETCONSULTA/frmDownloadDocumento.aspx?CodigoInstituicao=1&NumeroSequencialDocumento=40118
09.295.063/0001-97;2014-01-01;5;TECHNOS S.A.;022519;FCA;41903;2014-10-30;http://www.rad.cvm.gov.br/ENETCONSULTA/frmDownloadDocumento.aspx?CodigoInstituicao=1&NumeroSequencialDocumento=41903
09.304.427/0001-58;2014-01-01;1;HABITASEC SECURITIZADORA SA;021628;FCA;35961;2014-03-31;http://www.rad.cvm.gov.br/ENETCONSULTA/frmDownloadDocumento.aspx?CodigoInstituicao=1&NumeroSequencialDocumento=35961
09.304.427/0001-58;2014-01-01;2;HABITASEC SECURITIZADORA SA;021628;FCA;37779;2014-05-15;http://www.rad.cvm.gov.br/ENETCONSULTA/frmDownloadDocumento.aspx?CodigoInstituicao=1&NumeroSequencialDocumento=37779
09.313.969/0001-97;2014-01-01;1;AUTOPISTA LITORAL SUL;021997;FCA;34379;2014-02-07;http://www.rad.cvm.gov.br/ENETCONSULTA/frmDownloadDocumento.aspx?CodigoInstituicao=1&NumeroSequencialDocumento=34379
09.313.969/0001-97;2014-01-01;2;AUTOPISTA LITORAL SUL;021997;FCA;38788;2014-05-30;http://www.rad.cvm.gov.br/ENETCONSULTA/frmDownloadDocumento.aspx?CodigoInstituicao=1&NumeroSequencialDocumento=38788
09.324.949/0001-11;2014-01-01;1;AUTOPISTA FLUMINENSE SA;022004;FCA;34403;2014-02-10;http://www.rad.cvm.gov.br/ENETCONSULTA/frmDownloadDocumento.aspx?CodigoInstituicao=1&NumeroSequencialDocumento=34403
09.324.949/0001-11;2014-01-01;2;AUTOPISTA FLUMINENSE SA;022004;FCA;35070;2014-03-10;http://www.rad.cvm.gov.br/ENETCONSULTA/frmDownloadDocumento.aspx?CodigoInstituicao=1&NumeroSequencialDocumento=35070
09.324.949/0001-11;2014-01-01;3;AUTOPISTA FLUMINENSE SA;022004;FCA;38759;2014-05-30;http://www.rad.cvm.gov.br/ENETCONSULTA/frmDownloadDocumento.aspx?CodigoInstituicao=1&NumeroSequencialDocumento=38759
09.325.109/0001-73;2014-01-01;1;AUTOPISTA PLANALTO SUL SA;021970;FCA;34411;2014-02-10;http://www.rad.cvm.gov.br/ENETCONSULTA/frmDownloadDocumento.aspx?CodigoInstituicao=1&NumeroSequencialDocumento=34411
09.325.109/0001-73;2014-01-01;2;AUTOPISTA PLANALTO SUL SA;021970;FCA;38757;2014-05-30;http://www.rad.cvm.gov.br/ENETCONSULTA/frmDownloadDocumento.aspx?CodigoInstituicao=1&NumeroSequencialDocumento=38757
09.326.342/0001-70;2014-01-01;1;AUTOPISTA FERNÃO DIAS SA;021989;FCA;34437;2014-02-11;http://www.rad.cvm.gov.br/ENETCONSULTA/frmDownloadDocumento.aspx?CodigoInstituicao=1&NumeroSequencialDocumento=34437
09.326.342/0001-70;2014-01-01;2;AUTOPISTA FERNÃO DIAS SA;021989;FCA;38532;2014-05-29;http://www.rad.cvm.gov.br/ENETCONSULTA/frmDownloadDocumento.aspx?CodigoInstituicao=1&NumeroSequencialDocumento=38532
09.326.342/0001-70;2014-01-01;3;AUTOPISTA FERNÃO DIAS SA;021989;FCA;38798;2014-05-30;http://www.rad.cvm.gov.br/ENETCONSULTA/frmDownloadDocumento.aspx?CodigoInstituicao=1&NumeroSequencialDocumento=38798
09.336.431/0001-06;2014-01-01;1;AUTOPISTA REGIS BITTENCOURT SA;021962;FCA;34398;2014-02-07;http://www.rad.cvm.gov.br/ENETCONSULTA/frmDownloadDocumento.aspx?CodigoInstituicao=1&NumeroSequencialDocumento=34398
09.336.431/0001-06;2014-01-01;2;AUTOPISTA REGIS BITTENCOURT SA;021962;FCA;38727;2014-05-30;http://www.rad.cvm.gov.br/ENETCONSULTA/frmDownloadDocumento.aspx?CodigoInstituicao=1&NumeroSequencialDocumento=38727
09.346.601/0001-25;2014-01-01;1;B3 S.A. - BRASIL, BOLSA, BALCÃO;021610;FCA;33905;2014-01-09;http://www.rad.cvm.gov.br/ENETCONSULTA/frmDownloadDocumento.aspx?CodigoInstituicao=1&NumeroSequencialDocumento=33905
09.346.601/0001-25;2014-01-01;2;B3 S.A. - BRASIL, BOLSA, BALCÃO;021610;FCA;36544;2014-04-30;http://www.rad.cvm.gov.br/ENETCONSULTA/frmDownloadDocumento.aspx?CodigoInstituicao=1&NumeroSequencialDocumento=36544
09.346.601/0001-25;2014-01-01;3;B3 S.A. - BRASIL, BOLSA, BALCÃO;021610;FCA;38349;2014-05-28;http://www.rad.cvm.gov.br/ENETCONSULTA/frmDownloadDocumento.aspx?CodigoInstituicao=1&NumeroSequencialDocumento=38349
09.346.601/0001-25;2014-01-01;4;B3 S.A. - BRASIL, BOLSA, BALCÃO;021610;FCA;41279;2014-09-15;http://www.rad.cvm.gov.br/ENETCONSULTA/frmDownloadDocumento.aspx?CodigoInstituicao=1&NumeroSequencialDocumento=41279
09.358.105/0001-91;2014-01-01;1;CETIP S.A. - BALCÃO ORGANIZADO DE ATIVOS E DERIVATIVOS;021792;FCA;34099;2014-01-22;http://www.rad.cvm.gov.br/ENETCONSULTA/frmDownloadDocumento.aspx?CodigoInstituicao=1&NumeroSequencialDocumento=34099
09.358.105/0001-91;2014-01-01;2;CETIP S.A. - BALCÃO ORGANIZADO DE ATIVOS E DERIVATIVOS;021792;FCA;34363;2014-02-06;http://www.rad.cvm.gov.br/ENETCONSULTA/frmDownloadDocumento.aspx?CodigoInstituicao=1&NumeroSequencialDocumento=34363
09.358.105/0001-91;2014-01-01;3;CETIP S.A. - BALCÃO ORGANIZADO DE ATIVOS E DERIVATIVOS;021792;FCA;35495;2014-03-25;http://www.rad.cvm.gov.br/ENETCONSULTA/frmDownloadDocumento.aspx?CodigoInstituicao=1&NumeroSequencialDocumento=35495
09.358.105/0001-91;2014-01-01;4;CETIP S.A. - BALCÃO ORGANIZADO DE ATIVOS E DERIVATIVOS;021792;FCA;36806;2014-05-07;http://www.rad.cvm.gov.br/ENETCONSULTA/frmDownloadDocumento.aspx?CodigoInstituicao=1&NumeroSequencialDocumento=36806
09.358.105/0001-91;2014-01-01;5;CETIP S.A. - BALCÃO ORGANIZADO DE ATIVOS E DERIVATIVOS;021792;FCA;41293;2014-09-16;http://www.rad.cvm.gov.br/ENETCONSULTA/frmDownloadDocumento.aspx?CodigoInstituicao=1&NumeroSequencialDocumento=41293
09.391.823/0001-60;2014-01-01;1;SANTO ANTONIO ENERGIA S.A.;023388;FCA;36585;2014-05-02;http://www.rad.cvm.gov.br/ENETCONSULTA/frmDownloadDocumento.aspx?CodigoInstituicao=1&NumeroSequencialDocumento=36585
09.391.823/0001-60;2014-01-01;2;SANTO ANTONIO ENERGIA S.A.;023388;FCA;36752;2014-05-06;http://www.rad.cvm.gov.br/ENETCONSULTA/frmDownloadDocumento.aspx?CodigoInstituicao=1&NumeroSequencialDocumento=36752
09.391.823/0001-60;2014-01-01;3;SANTO ANTONIO ENERGIA S.A.;023388;FCA;37863;2014-05-15;http://www.rad.cvm.gov.br/ENETCONSULTA/frmDownloadDocumento.aspx?CodigoInstituicao=1&NumeroSequencialDocumento=37863
09.391.823/0001-60;2014-01-01;4;SANTO ANTONIO ENERGIA S.A.;023388;FCA;38142;2014-05-22;http://www.rad.cvm.gov.br/ENETCONSULTA/frmDownloadDocumento.aspx?CodigoInstituicao=1&NumeroSequencialDocumento=38142
09.391.823/0001-60;2014-01-01;5;SANTO ANTONIO ENERGIA S.A.;023388;FCA;40038;2014-08-01;http://www.rad.cvm.gov.br/ENETCONSULTA/frmDownloadDocumento.aspx?CodigoInstituicao=1&NumeroSequencialDocumento=40038
09.391.823/0001-60;2014-01-01;6;SANTO ANTONIO ENERGIA S.A.;023388;FCA;40129;2014-08-05;http://www.rad.cvm.gov.br/ENETCONSULTA/frmDownloadDocumento.aspx?CodigoInstituicao=1&NumeroSequencialDocumento=40129
09.391.823/0001-60;2014-01-01;7;SANTO ANTONIO ENERGIA S.A.;023388;FCA;41525;2014-10-03;http://www.rad.cvm.gov.br/ENETCONSULTA/frmDownloadDocumento.aspx?CodigoInstituicao=1&NumeroSequencialDocumento=41525
09.391.823/0001-60;2014-01-01;8;SANTO ANTONIO ENERGIA S.A.;023388;FCA;41580;2014-10-08;http://www.rad.cvm.gov.br/ENETCONSULTA/frmDownloadDocumento.aspx?CodigoInstituicao=1&NumeroSequencialDocumento=41580
09.391.823/0001-60;2014-01-01;9;SANTO ANTONIO ENERGIA S.A.;023388;FCA;41587;2014-10-09;http://www.rad.cvm.gov.br/ENETCONSULTA/frmDownloadDocumento.aspx?CodigoInstituicao=1&NumeroSequencialDocumento=41587
09.391.823/0001-60;2014-01-01;10;SANTO ANTONIO ENERGIA S.A.;023388;FCA;41879;2014-10-30;http://www.rad.cvm.gov.br/ENETCONSULTA/frmDownloadDocumento.aspx?CodigoInstituicao=1&NumeroSequencialDocumento=41879
09.400.937/0001-29;2014-01-01;1;BERNA PARTICIPAÇÕES SA;021563;FCA;35009;2014-03-06;http://www.rad.cvm.gov.br/ENETCONSULTA/frmDownloadDocumento.aspx?CodigoInstituicao=1&NumeroSequencialDocumento=35009
09.400.937/0001-29;2014-01-01;2;BERNA PARTICIPAÇÕES SA;021563;FCA;37917;2014-05-15;http://www.rad.cvm.gov.br/ENETCONSULTA/frmDownloadDocumento.aspx?CodigoInstituicao=1&NumeroSequencialDocumento=37917
09.414.761/0001-64;2014-01-01;1;K-INFRA RODOVIA DO AÇO S.A.;022446;FCA;35303;2014-03-19;http://www.rad.cvm.gov.br/ENETCONSULTA/frmDownloadDocumento.aspx?CodigoInstituicao=1&NumeroSequencialDocumento=35303
09.414.761/0001-64;2014-01-01;2;K-INFRA RODOVIA DO AÇO S.A.;022446;FCA;37206;2014-05-12;http://www.rad.cvm.gov.br/ENETCONSULTA/frmDownloadDocumento.aspx?CodigoInstituicao=1&NumeroSequencialDocumento=37206
09.414.761/0001-64;2014-01-01;3;K-INFRA RODOVIA DO AÇO S.A.;022446;FCA;40261;2014-08-11;http://www.rad.cvm.gov.br/ENETCONSULTA/frmDownloadDocumento.aspx?CodigoInstituicao=1&NumeroSequencialDocumento=40261
09.439.783/0001-89;2014-01-01;1;ÁQUILLA SECURITIZADORA S.A.;021512;FCA;35886;2014-03-31;http://www.rad.cvm.gov.br/ENETCONSULTA/frmDownloadDocumento.aspx?CodigoInstituicao=1&NumeroSequencialDocumento=35886
09.439.783/0001-89;2014-01-01;2;ÁQUILLA SECURITIZADORA S.A.;021512;FCA;37826;2014-05-15;http://www.rad.cvm.gov.br/ENETCONSULTA/frmDownloadDocumento.aspx?CodigoInstituicao=1&NumeroSequencialDocumento=37826
09.439.783/0001-89;2014-01-01;3;ÁQUILLA SECURITIZADORA S.A.;021512;FCA;40615;2014-08-14;http://www.rad.cvm.gov.br/ENETCONSULTA/frmDownloadDocumento.aspx?CodigoInstituicao=1&NumeroSequencialDocumento=40615
09.439.783/0001-89;2014-01-01;4;ÁQUILLA SECURITIZADORA S.A.;021512;FCA;42331;2014-11-13;http://www.rad.cvm.gov.br/ENETCONSULTA/frmDownloadDocumento.aspx?CodigoInstituicao=1&NumeroSequencialDocumento=42331
09.462.140/0001-56;2014-01-01;1;BASEL PARTICIPAÇÕES S/A;021601;FCA;35954;2014-03-31;http://www.rad.cvm.gov.br/ENETCONSULTA/frmDownloadDocumento.aspx?CodigoInstituicao=1&NumeroSequencialDocumento=35954
09.462.140/0001-56;2014-01-01;2;BASEL PARTICIPAÇÕES S/A;021601;FCA;37362;2014-05-12;http://www.rad.cvm.gov.br/ENETCONSULTA/frmDownloadDocumento.aspx?CodigoInstituicao=1&NumeroSequencialDocumento=37362
09.462.140/0001-56;2014-01-01;3;BASEL PARTICIPAÇÕES S/A;021601;FCA;41167;2014-09-05;http://www.rad.cvm.gov.br/ENETCONSULTA/frmDownloadDocumento.aspx?CodigoInstituicao=1&NumeroSequencialDocumento=41167
09.462.890/0001-28;2014-01-01;1;BELMONTE PARTICIPAÇÕES SA;021580;FCA;35808;2014-03-28;http://www.rad.cvm.gov.br/ENETCONSULTA/frmDownloadDocumento.aspx?CodigoInstituicao=1&NumeroSequencialDocumento=35808
09.462.890/0001-28;2014-01-01;2;BELMONTE PARTICIPAÇÕES SA;021580;FCA;36550;2014-04-30;http://www.rad.cvm.gov.br/ENETCONSULTA/frmDownloadDocumento.aspx?CodigoInstituicao=1&NumeroSequencialDocumento=36550
09.462.890/0001-28;2014-01-01;3;BELMONTE PARTICIPAÇÕES SA;021580;FCA;39013;2014-05-30;http://www.rad.cvm.gov.br/ENETCONSULTA/frmDownloadDocumento.aspx?CodigoInstituicao=1&NumeroSequencialDocumento=39013
09.462.890/0001-28;2014-01-01;4;BELMONTE PARTICIPAÇÕES SA;021580;FCA;42834;2014-11-24;http://www.rad.cvm.gov.br/ENETCONSULTA/frmDownloadDocumento.aspx?CodigoInstituicao=1&NumeroSequencialDocumento=42834
09.462.890/0001-28;2014-01-01;5;BELMONTE PARTICIPAÇÕES SA;021580;FCA;42843;2014-11-25;http://www.rad.cvm.gov.br/ENETCONSULTA/frmDownloadDocumento.aspx?CodigoInstituicao=1&NumeroSequencialDocumento=42843
09.462.890/0001-28;2014-01-01;6;BELMONTE PARTICIPAÇÕES SA;021580;FCA;42849;2014-11-26;http://www.rad.cvm.gov.br/ENETCONSULTA/frmDownloadDocumento.aspx?CodigoInstituicao=1&NumeroSequencialDocumento=42849
09.538.973/0001-53;2014-01-01;1;PDG COMPANHIA SECURITIZADORA;021644;FCA;33918;2014-01-09;http://www.rad.cvm.gov.br/ENETCONSULTA/frmDownloadDocumento.aspx?CodigoInstituicao=1&NumeroSequencialDocumento=33918
09.538.973/0001-53;2014-01-01;2;PDG COMPANHIA SECURITIZADORA;021644;FCA;36742;2014-05-06;http://www.rad.cvm.gov.br/ENETCONSULTA/frmDownloadDocumento.aspx?CodigoInstituicao=1&NumeroSequencialDocumento=36742
09.594.796/0001-22;2014-01-01;1;AGV HOLDING S/A;021806;FCA;34462;2014-02-11;http://www.rad.cvm.gov.br/ENETCONSULTA/frmDownloadDocumento.aspx?CodigoInstituicao=1&NumeroSequencialDocumento=34462
09.601.322/0001-60;2014-01-01;1;CTX PARTICIPAÇÕES S/A;021652;FCA;34727;2014-02-21;http://www.rad.cvm.gov.br/ENETCONSULTA/frmDownloadDocumento.aspx?CodigoInstituicao=1&NumeroSequencialDocumento=34727
09.601.322/0001-60;2014-01-01;2;CTX PARTICIPAÇÕES S/A;021652;FCA;36170;2014-04-09;http://www.rad.cvm.gov.br/ENETCONSULTA/frmDownloadDocumento.aspx?CodigoInstituicao=1&NumeroSequencialDocumento=36170
09.601.322/0001-60;2014-01-01;3;CTX PARTICIPAÇÕES S/A;021652;FCA;38395;2014-05-28;http://www.rad.cvm.gov.br/ENETCONSULTA/frmDownloadDocumento.aspx?CodigoInstituicao=1&NumeroSequencialDocumento=38395
09.601.322/0001-60;2014-01-01;4;CTX PARTICIPAÇÕES S/A;021652;FCA;39909;2014-07-25;http://www.rad.cvm.gov.br/ENETCONSULTA/frmDownloadDocumento.aspx?CodigoInstituicao=1&NumeroSequencialDocumento=39909
09.601.322/0001-60;2014-01-01;5;CTX PARTICIPAÇÕES S/A;021652;FCA;40412;2014-08-13;http://www.rad.cvm.gov.br/ENETCONSULTA/frmDownloadDocumento.aspx?CodigoInstituicao=1&NumeroSequencialDocumento=40412
09.601.322/0001-60;2014-01-01;6;CTX PARTICIPAÇÕES S/A;021652;FCA;42725;2014-11-17;http://www.rad.cvm.gov.br/ENETCONSULTA/frmDownloadDocumento.aspx?CodigoInstituicao=1&NumeroSequencialDocumento=42725
10.215.988/0001-60;2014-01-01;1;COMPANHIA DE LOCAÇÃO DAS AMÉRICAS;022691;FCA;35353;2014-03-20;http://www.rad.cvm.gov.br/ENETCONSULTA/frmDownloadDocumento.aspx?CodigoInstituicao=1&NumeroSequencialDocumento=35353
10.215.988/0001-60;2014-01-01;2;COMPANHIA DE LOCAÇÃO DAS AMÉRICAS;022691;FCA;38934;2014-05-30;http://www.rad.cvm.gov.br/ENETCONSULTA/frmDownloadDocumento.aspx?CodigoInstituicao=1&NumeroSequencialDocumento=38934
10.215.988/0001-60;2014-01-01;3;COMPANHIA DE LOCAÇÃO DAS AMÉRICAS;022691;FCA;39183;2014-06-04;http://www.rad.cvm.gov.br/ENETCONSULTA/frmDownloadDocumento.aspx?CodigoInstituicao=1&NumeroSequencialDocumento=39183
10.215.988/0001-60;2014-01-01;4;COMPANHIA DE LOCAÇÃO DAS AMÉRICAS;022691;FCA;42689;2014-11-14;http://www.rad.cvm.gov.br/ENETCONSULTA/frmDownloadDocumento.aspx?CodigoInstituicao=1&NumeroSequencialDocumento=42689
10.215.988/0001-60;2014-01-01;5;COMPANHIA DE LOCAÇÃO DAS AMÉRICAS;022691;FCA;43023;2014-12-10;http://www.rad.cvm.gov.br/ENETCONSULTA/frmDownloadDocumento.aspx?CodigoInstituicao=1&NumeroSequencialDocumento=43023
10.242.478/0001-81;2014-01-01;1;INVITEL LEGACY SA - EM LIQUIDAÇÃO;021687;FCA;35719;2014-03-28;http://www.rad.cvm.gov.br/ENETCONSULTA/frmDownloadDocumento.aspx?CodigoInstituicao=1&NumeroSequencialDocumento=35719
10.242.478/0001-81;2014-01-01;2;INVITEL LEGACY SA - EM LIQUIDAÇÃO;021687;FCA;37522;2014-05-14;http://www.rad.cvm.gov.br/ENETCONSULTA/frmDownloadDocumento.aspx?CodigoInstituicao=1&NumeroSequencialDocumento=37522
10.324.624/0001-18;2014-01-01;1;CONCESSÃO METROVIÁRIA DO RIO DE JANEIRO S.A.;022144;FCA;33839;2014-01-07;http://www.rad.cvm.gov.br/ENETCONSULTA/frmDownloadDocumento.aspx?CodigoInstituicao=1&NumeroSequencialDocumento=33839
10.324.624/0001-18;2014-01-01;2;CONCESSÃO METROVIÁRIA DO RIO DE JANEIRO S.A.;022144;FCA;34693;2014-02-20;http://www.rad.cvm.gov.br/ENETCONSULTA/frmDownloadDocumento.aspx?CodigoInstituicao=1&NumeroSequencialDocumento=34693
10.324.624/0001-18;2014-01-01;3;CONCESSÃO METROVIÁRIA DO RIO DE JANEIRO S.A.;022144;FCA;38733;2014-05-30;http://www.rad.cvm.gov.br/ENETCONSULTA/frmDownloadDocumento.aspx?CodigoInstituicao=1&NumeroSequencialDocumento=38733
10.324.624/0001-18;2014-01-01;4;CONCESSÃO METROVIÁRIA DO RIO DE JANEIRO S.A.;022144;FCA;41032;2014-08-26;http://www.rad.cvm.gov.br/ENETCONSULTA/frmDownloadDocumento.aspx?CodigoInstituicao=1&NumeroSequencialDocumento=41032
10.337.440/0001-92;2014-01-01;1;NPF SECURITIZADORA S/A;021695;FCA;35985;2014-03-31;http://www.rad.cvm.gov.br/ENETCONSULTA/frmDownloadDocumento.aspx?CodigoInstituicao=1&NumeroSequencialDocumento=35985
10.337.440/0001-92;2014-01-01;2;NPF SECURITIZADORA S/A;021695;FCA;37135;2014-05-09;http://www.rad.cvm.gov.br/ENETCONSULTA/frmDownloadDocumento.aspx?CodigoInstituicao=1&NumeroSequencialDocumento=37135
10.337.440/0001-92;2014-01-01;3;NPF SECURITIZADORA S/A;021695;FCA;41573;2014-10-08;http://www.rad.cvm.gov.br/ENETCONSULTA/frmDownloadDocumento.aspx?CodigoInstituicao=1&NumeroSequencialDocumento=41573
10.338.320/0001-00;2014-01-01;1;AFLUENTE TRANSMISSÃO DE ENERGIA ELÉTRICA S/A;022179;FCA;34257;2014-01-31;http://www.rad.cvm.gov.br/ENETCONSULTA/frmDownloadDocumento.aspx?CodigoInstituicao=1&NumeroSequencialDocumento=34257
10.338.320/0001-00;2014-01-01;2;AFLUENTE TRANSMISSÃO DE ENERGIA ELÉTRICA S/A;022179;FCA;37434;2014-05-13;http://www.rad.cvm.gov.br/ENETCONSULTA/frmDownloadDocumento.aspx?CodigoInstituicao=1&NumeroSequencialDocumento=37434
10.345.009/0001-98;2014-01-01;1;ADVANCED DIGITAL HEALTH MEDICINA PREVENTIVA S.A.;021725;FCA;34942;2014-02-28;http://www.rad.cvm.gov.br/ENETCONSULTA/frmDownloadDocumento.aspx?CodigoInstituicao=1&NumeroSequencialDocumento=34942
10.345.009/0001-98;2014-01-01;2;ADVANCED DIGITAL HEALTH MEDICINA PREVENTIVA S.A.;021725;FCA;34981;2014-03-05;http://www.rad.cvm.gov.br/ENETCONSULTA/frmDownloadDocumento.aspx?CodigoInstituicao=1&NumeroSequencialDocumento=34981
10.345.009/0001-98;2014-01-01;3;ADVANCED DIGITAL HEALTH MEDICINA PREVENTIVA S.A.;021725;FCA;38031;2014-05-19;http://www.rad.cvm.gov.br/ENETCONSULTA/frmDownloadDocumento.aspx?CodigoInstituicao=1&NumeroSequencialDocumento=38031
10.345.009/0001-98;2014-01-01;4;ADVANCED DIGITAL HEALTH MEDICINA PREVENTIVA S.A.;021725;FCA;39186;2014-06-04;http://www.rad.cvm.gov.br/ENETCONSULTA/frmDownloadDocumento.aspx?CodigoInstituicao=1&NumeroSequencialDocumento=39186
10.345.009/0001-98;2014-01-01;5;ADVANCED DIGITAL HEALTH MEDICINA PREVENTIVA S.A.;021725;FCA;39461;2014-06-23;http://www.rad.cvm.gov.br/ENETCONSULTA/frmDownloadDocumento.aspx?CodigoInstituicao=1&NumeroSequencialDocumento=39461
10.382.341/0001-22;2014-01-01;1;METROPOLIS EMPREENDIMENTOS IMOBILIÁRIOS S/A;022047;FCA;33762;2014-01-02;http://www.rad.cvm.gov.br/ENETCONSULTA/frmDownloadDocumento.aspx?CodigoInstituicao=1&NumeroSequencialDocumento=33762
10.382.341/0001-22;2014-01-01;2;METROPOLIS EMPREENDIMENTOS IMOBILIÁRIOS S/A;022047;FCA;34015;2014-01-16;http://www.rad.cvm.gov.br/ENETCONSULTA/frmDownloadDocumento.aspx?CodigoInstituicao=1&NumeroSequencialDocumento=34015
10.382.341/0001-22;2014-01-01;3;METROPOLIS EMPREENDIMENTOS IMOBILIÁRIOS S/A;022047;FCA;34042;2014-01-17;http://www.rad.cvm.gov.br/ENETCONSULTA/frmDownloadDocumento.aspx?CodigoInstituicao=1&NumeroSequencialDocumento=34042
10.382.341/0001-22;2014-01-01;4;METROPOLIS EMPREENDIMENTOS IMOBILIÁRIOS S/A;022047;FCA;35162;2014-03-13;http://www.rad.cvm.gov.br/ENETCONSULTA/frmDownloadDocumento.aspx?CodigoInstituicao=1&NumeroSequencialDocumento=35162
10.382.341/0001-22;2014-01-01;5;METROPOLIS EMPREENDIMENTOS IMOBILIÁRIOS S/A;022047;FCA;37694;2014-05-15;http://www.rad.cvm.gov.br/ENETCONSULTA/frmDownloadDocumento.aspx?CodigoInstituicao=1&NumeroSequencialDocumento=37694
10.382.341/0001-22;2014-01-01;6;METROPOLIS EMPREENDIMENTOS IMOBILIÁRIOS S/A;022047;FCA;39187;2014-06-04;http://www.rad.cvm.gov.br/ENETCONSULTA/frmDownloadDocumento.aspx?CodigoInstituicao=1&NumeroSequencialDocumento=39187
10.488.244/0001-19;2014-01-01;1;INFRASEC SECURITIZADORA S.A.;021750;FCA;35403;2014-03-21;http://www.rad.cvm.gov.br/ENETCONSULTA/frmDownloadDocumento.aspx?CodigoInstituicao=1&NumeroSequencialDocumento=35403
10.488.244/0001-19;2014-01-01;2;INFRASEC SECURITIZADORA S.A.;021750;FCA;37502;2014-05-14;http://www.rad.cvm.gov.br/ENETCONSULTA/frmDownloadDocumento.aspx?CodigoInstituicao=1&NumeroSequencialDocumento=37502
10.488.244/0001-19;2014-01-01;3;INFRASEC SECURITIZADORA S.A.;021750;FCA;41169;2014-09-05;http://www.rad.cvm.gov.br/ENETCONSULTA/frmDownloadDocumento.aspx?CodigoInstituicao=1&NumeroSequencialDocumento=41169
10.502.676/0001-37;2014-01-01;1;TERMELÉTRICA PERNAMBUCO III S.A.;023329;FCA;36104;2014-04-04;http://www.rad.cvm.gov.br/ENETCONSULTA/frmDownloadDocumento.aspx?CodigoInstituicao=1&NumeroSequencialDocumento=36104
10.502.676/0001-37;2014-01-01;2;TERMELÉTRICA PERNAMBUCO III S.A.;023329;FCA;41503;2014-10-02;http://www.rad.cvm.gov.br/ENETCONSULTA/frmDownloadDocumento.aspx?CodigoInstituicao=1&NumeroSequencialDocumento=41503
10.531.501/0001-58;2014-01-01;1;CONC AUTO RAPOSO TAVARES S.A.;022268;FCA;33737;2014-01-02;http://www.rad.cvm.gov.br/ENETCONSULTA/frmDownloadDocumento.aspx?CodigoInstituicao=1&NumeroSequencialDocumento=33737
10.531.501/0001-58;2014-01-01;2;CONC AUTO RAPOSO TAVARES S.A.;022268;FCA;37064;2014-05-08;http://www.rad.cvm.gov.br/ENETCONSULTA/frmDownloadDocumento.aspx?CodigoInstituicao=1&NumeroSequencialDocumento=37064
10.531.501/0001-58;2014-01-01;3;CONC AUTO RAPOSO TAVARES S.A.;022268;FCA;38953;2014-05-30;http://www.rad.cvm.gov.br/ENETCONSULTA/frmDownloadDocumento.aspx?CodigoInstituicao=1&NumeroSequencialDocumento=38953
10.531.501/0001-58;2014-01-01;4;CONC AUTO RAPOSO TAVARES S.A.;022268;FCA;41748;2014-10-21;http://www.rad.cvm.gov.br/ENETCONSULTA/frmDownloadDocumento.aspx?CodigoInstituicao=1&NumeroSequencialDocumento=41748
10.608.405/0001-60;2014-01-01;1;BARI SECURITIZADORA S.A.;021920;FCA;34424;2014-02-10;http://www.rad.cvm.gov.br/ENETCONSULTA/frmDownloadDocumento.aspx?CodigoInstituicao=1&NumeroSequencialDocumento=34424
10.608.405/0001-60;2014-01-01;2;BARI SECURITIZADORA S.A.;021920;FCA;36739;2014-05-06;http://www.rad.cvm.gov.br/ENETCONSULTA/frmDownloadDocumento.aspx?CodigoInstituicao=1&NumeroSequencialDocumento=36739
10.608.405/0001-60;2014-01-01;3;BARI SECURITIZADORA S.A.;021920;FCA;37210;2014-05-12;http://www.rad.cvm.gov.br/ENETCONSULTA/frmDownloadDocumento.aspx?CodigoInstituicao=1&NumeroSequencialDocumento=37210
10.629.105/0001-68;2014-01-01;1;PRIO S.A.;022187;FCA;33739;2014-01-02;http://www.rad.cvm.gov.br/ENETCONSULTA/frmDownloadDocumento.aspx?CodigoInstituicao=1&NumeroSequencialDocumento=33739
10.629.105/0001-68;2014-01-01;2;PRIO S.A.;022187;FCA;35659;2014-03-27;http://www.rad.cvm.gov.br/ENETCONSULTA/frmDownloadDocumento.aspx?CodigoInstituicao=1&NumeroSequencialDocumento=35659
10.629.105/0001-68;2014-01-01;3;PRIO S.A.;022187;FCA;39128;2014-06-03;http://www.rad.cvm.gov.br/ENETCONSULTA/frmDownloadDocumento.aspx?CodigoInstituicao=1&NumeroSequencialDocumento=39128
10.629.105/0001-68;2014-01-01;4;PRIO S.A.;022187;FCA;41225;2014-09-10;http://www.rad.cvm.gov.br/ENETCONSULTA/frmDownloadDocumento.aspx?CodigoInstituicao=1&NumeroSequencialDocumento=41225
10.629.105/0001-68;2014-01-01;5;PRIO S.A.;022187;FCA;43008;2014-12-09;http://www.rad.cvm.gov.br/ENETCONSULTA/frmDownloadDocumento.aspx?CodigoInstituicao=1&NumeroSequencialDocumento=43008
10.629.105/0001-68;2014-01-01;6;PRIO S.A.;022187;FCA;43106;2014-12-16;http://www.rad.cvm.gov.br/ENETCONSULTA/frmDownloadDocumento.aspx?CodigoInstituicao=1&NumeroSequencialDocumento=43106
10.635.691/0001-53;2014-01-01;1;VIARONDON CONCESSIONÁRIA DE RODOVIA S.A.;022543;FCA;35540;2014-03-26;http://www.rad.cvm.gov.br/ENETCONSULTA/frmDownloadDocumento.aspx?CodigoInstituicao=1&NumeroSequencialDocumento=35540
10.635.691/0001-53;2014-01-01;2;VIARONDON CONCESSIONÁRIA DE RODOVIA S.A.;022543;FCA;39099;2014-06-02;http://www.rad.cvm.gov.br/ENETCONSULTA/frmDownloadDocumento.aspx?CodigoInstituicao=1&NumeroSequencialDocumento=39099
10.647.979/0001-48;2014-01-01;1;CONC ROTA DAS BANDEIRAS S.A.;022071;FCA;33824;2014-01-06;http://www.rad.cvm.gov.br/ENETCONSULTA/frmDownloadDocumento.aspx?CodigoInstituicao=1&NumeroSequencialDocumento=33824
10.647.979/0001-48;2014-01-01;2;CONC ROTA DAS BANDEIRAS S.A.;022071;FCA;38099;2014-05-22;http://www.rad.cvm.gov.br/ENETCONSULTA/frmDownloadDocumento.aspx?CodigoInstituicao=1&NumeroSequencialDocumento=38099
10.647.979/0001-48;2014-01-01;3;CONC ROTA DAS BANDEIRAS S.A.;022071;FCA;39899;2014-07-24;http://www.rad.cvm.gov.br/ENETCONSULTA/frmDownloadDocumento.aspx?CodigoInstituicao=1&NumeroSequencialDocumento=39899
10.647.979/0001-48;2014-01-01;4;CONC ROTA DAS BANDEIRAS S.A.;022071;FCA;40210;2014-08-07;http://www.rad.cvm.gov.br/ENETCONSULTA/frmDownloadDocumento.aspx?CodigoInstituicao=1&NumeroSequencialDocumento=40210
10.670.314/0001-55;2014-01-01;1;VIABAHIA CONCESSIONÁRIA DE RODOVIAS SA;022926;FCA;33756;2014-01-02;http://www.rad.cvm.gov.br/ENETCONSULTA/frmDownloadDocumento.aspx?CodigoInstituicao=1&NumeroSequencialDocumento=33756
10.670.314/0001-55;2014-01-01;2;VIABAHIA CONCESSIONÁRIA DE RODOVIAS SA;022926;FCA;38101;2014-05-22;http://www.rad.cvm.gov.br/ENETCONSULTA/frmDownloadDocumento.aspx?CodigoInstituicao=1&NumeroSequencialDocumento=38101
10.678.505/0001-63;2014-01-01;1;CONC RODOVIAS DO TIETÊ S.A.- EM RECUPERAÇÃO JUDICIAL;022721;FCA;34960;2014-02-28;http://www.rad.cvm.gov.br/ENETCONSULTA/frmDownloadDocumento.aspx?CodigoInstituicao=1&NumeroSequencialDocumento=34960
10.678.505/0001-63;2014-01-01;2;CONC RODOVIAS DO TIETÊ S.A.- EM RECUPERAÇÃO JUDICIAL;022721;FCA;37017;2014-05-08;http://www.rad.cvm.gov.br/ENETCONSULTA/frmDownloadDocumento.aspx?CodigoInstituicao=1&NumeroSequencialDocumento=37017
10.753.164/0001-43;2014-01-01;1;ECO SECURITIZADORA DIREITOS CRED AGRONEGÓCIO S.A.;021741;FCA;35410;2014-03-21;http://www.rad.cvm.gov.br/ENETCONSULTA/frmDownloadDocumento.aspx?CodigoInstituicao=1&NumeroSequencialDocumento=35410
10.753.164/0001-43;2014-01-01;2;ECO SECURITIZADORA DIREITOS CRED AGRONEGÓCIO S.A.;021741;FCA;36976;2014-05-08;http://www.rad.cvm.gov.br/ENETCONSULTA/frmDownloadDocumento.aspx?CodigoInstituicao=1&NumeroSequencialDocumento=36976
10.753.164/0001-43;2014-01-01;3;ECO SECURITIZADORA DIREITOS CRED AGRONEGÓCIO S.A.;021741;FCA;41193;2014-09-08;http://www.rad.cvm.gov.br/ENETCONSULTA/frmDownloadDocumento.aspx?CodigoInstituicao=1&NumeroSequencialDocumento=41193
10.760.260/0001-19;2014-01-01;1;CVC BRASIL OPERADORA E AGÊNCIA DE VIAGENS S.A.;023310;FCA;34047;2014-01-17;http://www.rad.cvm.gov.br/ENETCONSULTA/frmDownloadDocumento.aspx?CodigoInstituicao=1&NumeroSequencialDocumento=34047
10.760.260/0001-19;2014-01-01;2;CVC BRASIL OPERADORA E AGÊNCIA DE VIAGENS S.A.;023310;FCA;38492;2014-05-29;http://www.rad.cvm.gov.br/ENETCONSULTA/frmDownloadDocumento.aspx?CodigoInstituicao=1&NumeroSequencialDocumento=38492
10.826.798/0001-89;2014-01-01;1;BRAZAL BRASIL ALIMENTOS SA;021865;FCA;39211;2014-06-06;http://www.rad.cvm.gov.br/ENETCONSULTA/frmDownloadDocumento.aspx?CodigoInstituicao=1&NumeroSequencialDocumento=39211
10.826.798/0001-89;2014-01-01;2;BRAZAL BRASIL ALIMENTOS SA;021865;FCA;43100;2014-12-15;http://www.rad.cvm.gov.br/ENETCONSULTA/frmDownloadDocumento.aspx?CodigoInstituicao=1&NumeroSequencialDocumento=43100
10.835.932/0001-08;2014-01-01;1;CIA ENERGETICA DE PERNAMBUCO - CELPE;014362;FCA;34221;2014-01-29;http://www.rad.cvm.gov.br/ENETCONSULTA/frmDownloadDocumento.aspx?CodigoInstituicao=1&NumeroSequencialDocumento=34221
10.835.932/0001-08;2014-01-01;2;CIA ENERGETICA DE PERNAMBUCO - CELPE;014362;FCA;36862;2014-05-07;http://www.rad.cvm.gov.br/ENETCONSULTA/frmDownloadDocumento.aspx?CodigoInstituicao=1&NumeroSequencialDocumento=36862
10.841.050/0001-55;2014-01-01;1;CONC ROD AYRTON SENNA E CARV PINTO S.A.-ECOPISTAS;022411;FCA;33746;2014-01-02;http://www.rad.cvm.gov.br/ENETCONSULTA/frmDownloadDocumento.aspx?CodigoInstituicao=1&NumeroSequencialDocumento=33746
10.841.050/0001-55;2014-01-01;2;CONC ROD AYRTON SENNA E CARV PINTO S.A.-ECOPISTAS;022411;FCA;35109;2014-03-11;http://www.rad.cvm.gov.br/ENETCONSULTA/frmDownloadDocumento.aspx?CodigoInstituicao=1&NumeroSequencialDocumento=35109
10.841.050/0001-55;2014-01-01;3;CONC ROD AYRTON SENNA E CARV PINTO S.A.-ECOPISTAS;022411;FCA;38849;2014-05-30;http://www.rad.cvm.gov.br/ENETCONSULTA/frmDownloadDocumento.aspx?CodigoInstituicao=1&NumeroSequencialDocumento=38849
10.841.050/0001-55;2014-01-01;4;CONC ROD AYRTON SENNA E CARV PINTO S.A.-ECOPISTAS;022411;FCA;41176;2014-09-05;http://www.rad.cvm.gov.br/ENETCONSULTA/frmDownloadDocumento.aspx?CodigoInstituicao=1&NumeroSequencialDocumento=41176
10.847.761/0001-37;2014-01-01;1;EBX BRASIL S.A.;021784;FCA;34241;2014-01-30;http://www.rad.cvm.gov.br/ENETCONSULTA/frmDownloadDocumento.aspx?CodigoInstituicao=1&NumeroSequencialDocumento=34241
10.894.123/0001-77;2014-01-01;1;BOLERO PARTICIPAÇÕES S/A;022039;FCA;34460;2014-02-11;http://www.rad.cvm.gov.br/ENETCONSULTA/frmDownloadDocumento.aspx?CodigoInstituicao=1&NumeroSequencialDocumento=34460
11.094.546/0001-75;2014-01-01;1;MULTIPLUS S.A.;021946;FCA;33873;2014-01-08;http://www.rad.cvm.gov.br/ENETCONSULTA/frmDownloadDocumento.aspx?CodigoInstituicao=1&NumeroSequencialDocumento=33873
11.094.546/0001-75;2014-01-01;2;MULTIPLUS S.A.;021946;FCA;38980;2014-05-30;http://www.rad.cvm.gov.br/ENETCONSULTA/frmDownloadDocumento.aspx?CodigoInstituicao=1&NumeroSequencialDocumento=38980
11.181.400/0001-67;2014-01-01;1;SUL INVEST SECURITIZADORA S/A;023345;FCA;34989;2014-03-05;http://www.rad.cvm.gov.br/ENETCONSULTA/frmDownloadDocumento.aspx?CodigoInstituicao=1&NumeroSequencialDocumento=34989
11.181.400/0001-67;2014-01-01;2;SUL INVEST SECURITIZADORA S/A;023345;FCA;36417;2014-04-25;http://www.rad.cvm.gov.br/ENETCONSULTA/frmDownloadDocumento.aspx?CodigoInstituicao=1&NumeroSequencialDocumento=36417
11.181.400/0001-67;2014-01-01;3;SUL INVEST SECURITIZADORA S/A;023345;FCA;39265;2014-06-10;http://www.rad.cvm.gov.br/ENETCONSULTA/frmDownloadDocumento.aspx?CodigoInstituicao=1&NumeroSequencialDocumento=39265
11.193.684/0001-01;2014-01-01;1;GAVEA SECURITIZADORA S/A;023418;FCA;39533;2014-06-30;http://www.rad.cvm.gov.br/ENETCONSULTA/frmDownloadDocumento.aspx?CodigoInstituicao=1&NumeroSequencialDocumento=39533
11.257.352/0001-43;2014-01-01;1;BSI CAPITAL SECURITIZADORA S.A.;023132;FCA;34111;2014-01-22;http://www.rad.cvm.gov.br/ENETCONSULTA/frmDownloadDocumento.aspx?CodigoInstituicao=1&NumeroSequencialDocumento=34111
11.257.352/0001-43;2014-01-01;2;BSI CAPITAL SECURITIZADORA S.A.;023132;FCA;35500;2014-03-25;http://www.rad.cvm.gov.br/ENETCONSULTA/frmDownloadDocumento.aspx?CodigoInstituicao=1&NumeroSequencialDocumento=35500
11.257.352/0001-43;2014-01-01;3;BSI CAPITAL SECURITIZADORA S.A.;023132;FCA;38604;2014-05-30;http://www.rad.cvm.gov.br/ENETCONSULTA/frmDownloadDocumento.aspx?CodigoInstituicao=1&NumeroSequencialDocumento=38604
11.274.829/0001-07;2014-01-01;1;COMPANHIA PAULISTA DE SECURITIZAÇÃO;022080;FCA;35943;2014-03-31;http://www.rad.cvm.gov.br/ENETCONSULTA/frmDownloadDocumento.aspx?CodigoInstituicao=1&NumeroSequencialDocumento=35943
11.274.829/0001-07;2014-01-01;2;COMPANHIA PAULISTA DE SECURITIZAÇÃO;022080;FCA;38947;2014-05-30;http://www.rad.cvm.gov.br/ENETCONSULTA/frmDownloadDocumento.aspx?CodigoInstituicao=1&NumeroSequencialDocumento=38947
11.395.624/0001-71;2014-01-01;1;MASSA FALIDA DA BRASIL PHARMA S.A.;022500;FCA;34452;2014-02-11;http://www.rad.cvm.gov.br/ENETCONSULTA/frmDownloadDocumento.aspx?CodigoInstituicao=1&NumeroSequencialDocumento=34452
11.395.624/0001-71;2014-01-01;2;MASSA FALIDA DA BRASIL PHARMA S.A.;022500;FCA;35136;2014-03-12;http://www.rad.cvm.gov.br/ENETCONSULTA/frmDownloadDocumento.aspx?CodigoInstituicao=1&NumeroSequencialDocumento=35136
11.395.624/0001-71;2014-01-01;3;MASSA FALIDA DA BRASIL PHARMA S.A.;022500;FCA;36197;2014-04-10;http://www.rad.cvm.gov.br/ENETCONSULTA/frmDownloadDocumento.aspx?CodigoInstituicao=1&NumeroSequencialDocumento=36197
11.395.624/0001-71;2014-01-01;4;MASSA FALIDA DA BRASIL PHARMA S.A.;022500;FCA;38063;2014-05-20;http://www.rad.cvm.gov.br/ENETCONSULTA/frmDownloadDocumento.aspx?CodigoInstituicao=1&NumeroSequencialDocumento=38063
11.395.624/0001-71;2014-01-01;5;MASSA FALIDA DA BRASIL PHARMA S.A.;022500;FCA;42057;2014-11-05;http://www.rad.cvm.gov.br/ENETCONSULTA/frmDownloadDocumento.aspx?CodigoInstituicao=1&NumeroSequencialDocumento=42057
11.396.633/0001-87;2014-01-01;1;3A COMPANHIA SECURITIZADORA;021954;FCA;35743;2014-03-28;http://www.rad.cvm.gov.br/ENETCONSULTA/frmDownloadDocumento.aspx?CodigoInstituicao=1&NumeroSequencialDocumento=35743
11.396.633/0001-87;2014-01-01;2;3A COMPANHIA SECURITIZADORA;021954;FCA;37568;2014-05-14;http://www.rad.cvm.gov.br/ENETCONSULTA/frmDownloadDocumento.aspx?CodigoInstituicao=1&NumeroSequencialDocumento=37568
11.423.623/0001-93;2014-01-01;1;DUFRY A.G.;080110;FCA;33789;2014-01-03;http://www.rad.cvm.gov.br/ENETCONSULTA/frmDownloadDocumento.aspx?CodigoInstituicao=1&NumeroSequencialDocumento=33789
11.423.623/0001-93;2014-01-01;2;DUFRY A.G.;080110;FCA;36557;2014-04-30;http://www.rad.cvm.gov.br/ENETCONSULTA/frmDownloadDocumento.aspx?CodigoInstituicao=1&NumeroSequencialDocumento=36557
11.423.623/0001-93;2014-01-01;3;DUFRY A.G.;080110;FCA;37469;2014-05-13;http://www.rad.cvm.gov.br/ENETCONSULTA/frmDownloadDocumento.aspx?CodigoInstituicao=1&NumeroSequencialDocumento=37469
11.423.623/0001-93;2014-01-01;4;DUFRY A.G.;080110;FCA;41337;2014-09-18;http://www.rad.cvm.gov.br/ENETCONSULTA/frmDownloadDocumento.aspx?CodigoInstituicao=1&NumeroSequencialDocumento=41337
11.423.623/0001-93;2014-01-01;5;DUFRY A.G.;080110;FCA;41340;2014-09-19;http://www.rad.cvm.gov.br/ENETCONSULTA/frmDownloadDocumento.aspx?CodigoInstituicao=1&NumeroSequencialDocumento=41340
11.566.501/0001-56;2014-01-01;1;TEREOS INTERNACIONAL S/A;022136;FCA;34510;2014-02-12;http://www.rad.cvm.gov.br/ENETCONSULTA/frmDownloadDocumento.aspx?CodigoInstituicao=1&NumeroSequencialDocumento=34510
11.566.501/0001-56;2014-01-01;2;TEREOS INTERNACIONAL S/A;022136;FCA;38440;2014-05-29;http://www.rad.cvm.gov.br/ENETCONSULTA/frmDownloadDocumento.aspx?CodigoInstituicao=1&NumeroSequencialDocumento=38440
11.566.501/0001-56;2014-01-01;3;TEREOS INTERNACIONAL S/A;022136;FCA;39262;2014-06-10;http://www.rad.cvm.gov.br/ENETCONSULTA/frmDownloadDocumento.aspx?CodigoInstituicao=1&NumeroSequencialDocumento=39262
11.566.501/0001-56;2014-01-01;4;TEREOS INTERNACIONAL S/A;022136;FCA;41026;2014-08-25;http://www.rad.cvm.gov.br/ENETCONSULTA/frmDownloadDocumento.aspx?CodigoInstituicao=1&NumeroSequencialDocumento=41026
11.616.840/0001-08;2014-01-01;1;SAAG INVESTIMENTOS S.A.;022756;FCA;33826;2014-01-06;http://www.rad.cvm.gov.br/ENETCONSULTA/frmDownloadDocumento.aspx?CodigoInstituicao=1&NumeroSequencialDocumento=33826
11.616.840/0001-08;2014-01-01;2;SAAG INVESTIMENTOS S.A.;022756;FCA;37760;2014-05-15;http://www.rad.cvm.gov.br/ENETCONSULTA/frmDownloadDocumento.aspx?CodigoInstituicao=1&NumeroSequencialDocumento=37760
11.616.840/0001-08;2014-01-01;3;SAAG INVESTIMENTOS S.A.;022756;FCA;38607;2014-05-30;http://www.rad.cvm.gov.br/ENETCONSULTA/frmDownloadDocumento.aspx?CodigoInstituicao=1&NumeroSequencialDocumento=38607
11.616.840/0001-08;2014-01-01;4;SAAG INVESTIMENTOS S.A.;022756;FCA;39378;2014-06-16;http://www.rad.cvm.gov.br/ENETCONSULTA/frmDownloadDocumento.aspx?CodigoInstituicao=1&NumeroSequencialDocumento=39378
11.669.021/0001-10;2014-01-01;1;ENAUTA PARTICIPAÇÕES S.A.;022365;FCA;34310;2014-02-04;http://www.rad.cvm.gov.br/ENETCONSULTA/frmDownloadDocumento.aspx?CodigoInstituicao=1&NumeroSequencialDocumento=34310
11.669.021/0001-10;2014-01-01;2;ENAUTA PARTICIPAÇÕES S.A.;022365;FCA;39083;2014-06-02;http://www.rad.cvm.gov.br/ENETCONSULTA/frmDownloadDocumento.aspx?CodigoInstituicao=1&NumeroSequencialDocumento=39083
11.716.471/0001-17;2014-01-01;1;TRX SECURITIZADORA S.A.;022420;FCA;34132;2014-01-23;http://www.rad.cvm.gov.br/ENETCONSULTA/frmDownloadDocumento.aspx?CodigoInstituicao=1&NumeroSequencialDocumento=34132
11.716.471/0001-17;2014-01-01;2;TRX SECURITIZADORA S.A.;022420;FCA;35439;2014-03-24;http://www.rad.cvm.gov.br/ENETCONSULTA/frmDownloadDocumento.aspx?CodigoInstituicao=1&NumeroSequencialDocumento=35439
11.716.471/0001-17;2014-01-01;3;TRX SECURITIZADORA S.A.;022420;FCA;36075;2014-04-03;http://www.rad.cvm.gov.br/ENETCONSULTA/frmDownloadDocumento.aspx?CodigoInstituicao=1&NumeroSequencialDocumento=36075
11.716.471/0001-17;2014-01-01;4;TRX SECURITIZADORA S.A.;022420;FCA;36195;2014-04-10;http://www.rad.cvm.gov.br/ENETCONSULTA/frmDownloadDocumento.aspx?CodigoInstituicao=1&NumeroSequencialDocumento=36195
11.716.471/0001-17;2014-01-01;5;TRX SECURITIZADORA S.A.;022420;FCA;38469;2014-05-29;http://www.rad.cvm.gov.br/ENETCONSULTA/frmDownloadDocumento.aspx?CodigoInstituicao=1&NumeroSequencialDocumento=38469
11.716.471/0001-17;2014-01-01;6;TRX SECURITIZADORA S.A.;022420;FCA;39629;2014-07-10;http://www.rad.cvm.gov.br/ENETCONSULTA/frmDownloadDocumento.aspx?CodigoInstituicao=1&NumeroSequencialDocumento=39629
11.721.921/0001-60;2014-01-01;1;ALPER CONSULTORIA E CORRETORA DE SEGUROS S.A.;022217;FCA;34136;2014-01-24;http://www.rad.cvm.gov.br/ENETCONSULTA/frmDownloadDocumento.aspx?CodigoInstituicao=1&NumeroSequencialDocumento=34136
11.721.921/0001-60;2014-01-01;2;ALPER CONSULTORIA E CORRETORA DE SEGUROS S.A.;022217;FCA;38765;2014-05-30;http://www.rad.cvm.gov.br/ENETCONSULTA/frmDownloadDocumento.aspx?CodigoInstituicao=1&NumeroSequencialDocumento=38765
11.721.921/0001-60;2014-01-01;3;ALPER CONSULTORIA E CORRETORA DE SEGUROS S.A.;022217;FCA;41185;2014-09-05;http://www.rad.cvm.gov.br/ENETCONSULTA/frmDownloadDocumento.aspx?CodigoInstituicao=1&NumeroSequencialDocumento=41185
11.992.680/0001-93;2014-01-01;1;QUALICORP CONSULTORIA E CORRETORA DE SEGUROS S.A.;022497;FCA;34226;2014-01-29;http://www.rad.cvm.gov.br/ENETCONSULTA/frmDownloadDocumento.aspx?CodigoInstituicao=1&NumeroSequencialDocumento=34226
11.992.680/0001-93;2014-01-01;2;QUALICORP CONSULTORIA E CORRETORA DE SEGUROS S.A.;022497;FCA;37026;2014-05-08;http://www.rad.cvm.gov.br/ENETCONSULTA/frmDownloadDocumento.aspx?CodigoInstituicao=1&NumeroSequencialDocumento=37026
11.992.680/0001-93;2014-01-01;3;QUALICORP CONSULTORIA E CORRETORA DE SEGUROS S.A.;022497;FCA;38046;2014-05-20;http://www.rad.cvm.gov.br/ENETCONSULTA/frmDownloadDocumento.aspx?CodigoInstituicao=1&NumeroSequencialDocumento=38046
11.992.680/0001-93;2014-01-01;4;QUALICORP CONSULTORIA E CORRETORA DE SEGUROS S.A.;022497;FCA;40998;2014-08-22;http://www.rad.cvm.gov.br/ENETCONSULTA/frmDownloadDocumento.aspx?CodigoInstituicao=1&NumeroSequencialDocumento=40998
11.995.753/0001-09;2014-01-01;1;PASCRO PARTICIPAÇÕES S.A.;022209;FCA;35414;2014-03-21;http://www.rad.cvm.gov.br/ENETCONSULTA/frmDownloadDocumento.aspx?CodigoInstituicao=1&NumeroSequencialDocumento=35414
11.995.753/0001-09;2014-01-01;2;PASCRO PARTICIPAÇÕES S.A.;022209;FCA;35499;2014-03-25;http://www.rad.cvm.gov.br/ENETCONSULTA/frmDownloadDocumento.aspx?CodigoInstituicao=1&NumeroSequencialDocumento=35499
11.995.753/0001-09;2014-01-01;3;PASCRO PARTICIPAÇÕES S.A.;022209;FCA;38631;2014-05-30;http://www.rad.cvm.gov.br/ENETCONSULTA/frmDownloadDocumento.aspx?CodigoInstituicao=1&NumeroSequencialDocumento=38631
12.049.631/0001-84;2014-01-01;1;MOURA DUBEUX ENGENHARIA S/A;021067;FCA;35869;2014-03-30;http://www.rad.cvm.gov.br/ENETCONSULTA/frmDownloadDocumento.aspx?CodigoInstituicao=1&NumeroSequencialDocumento=35869
12.049.631/0001-84;2014-01-01;2;MOURA DUBEUX ENGENHARIA S/A;021067;FCA;38370;2014-05-28;http://www.rad.cvm.gov.br/ENETCONSULTA/frmDownloadDocumento.aspx?CodigoInstituicao=1&NumeroSequencialDocumento=38370
12.078.880/0001-06;2014-01-01;1;COMPANHIA AURIFERA BRASILEIRA S.A.;022870;FCA;35995;2014-03-31;http://www.rad.cvm.gov.br/ENETCONSULTA/frmDownloadDocumento.aspx?CodigoInstituicao=1&NumeroSequencialDocumento=35995
12.078.880/0001-06;2014-01-01;2;COMPANHIA AURIFERA BRASILEIRA S.A.;022870;FCA;36111;2014-04-04;http://www.rad.cvm.gov.br/ENETCONSULTA/frmDownloadDocumento.aspx?CodigoInstituicao=1&NumeroSequencialDocumento=36111
12.078.880/0001-06;2014-01-01;3;COMPANHIA AURIFERA BRASILEIRA S.A.;022870;FCA;38306;2014-05-27;http://www.rad.cvm.gov.br/ENETCONSULTA/frmDownloadDocumento.aspx?CodigoInstituicao=1&NumeroSequencialDocumento=38306
12.078.880/0001-06;2014-01-01;4;COMPANHIA AURIFERA BRASILEIRA S.A.;022870;FCA;39627;2014-07-09;http://www.rad.cvm.gov.br/ENETCONSULTA/frmDownloadDocumento.aspx?CodigoInstituicao=1&NumeroSequencialDocumento=39627
12.126.500/0001-53;2014-01-01;1;REDENTOR ENERGIA S/A;022128;FCA;34801;2014-02-25;http://www.rad.cvm.gov.br/ENETCONSULTA/frmDownloadDocumento.aspx?CodigoInstituicao=1&NumeroSequencialDocumento=34801
12.126.500/0001-53;2014-01-01;2;REDENTOR ENERGIA S/A;022128;FCA;38722;2014-05-30;http://www.rad.cvm.gov.br/ENETCONSULTA/frmDownloadDocumento.aspx?CodigoInstituicao=1&NumeroSequencialDocumento=38722
12.130.744/0001-00;2014-01-01;1;TRUE SECURITIZADORA S.A.;022276;FCA;35653;2014-03-27;http://www.rad.cvm.gov.br/ENETCONSULTA/frmDownloadDocumento.aspx?CodigoInstituicao=1&NumeroSequencialDocumento=35653
12.130.744/0001-00;2014-01-01;2;TRUE SECURITIZADORA S.A.;022276;FCA;37615;2014-05-14;http://www.rad.cvm.gov.br/ENETCONSULTA/frmDownloadDocumento.aspx?CodigoInstituicao=1&NumeroSequencialDocumento=37615
12.130.744/0001-00;2014-01-01;3;TRUE SECURITIZADORA S.A.;022276;FCA;39421;2014-06-18;http://www.rad.cvm.gov.br/ENETCONSULTA/frmDownloadDocumento.aspx?CodigoInstituicao=1&NumeroSequencialDocumento=39421
12.130.744/0001-00;2014-01-01;4;TRUE SECURITIZADORA S.A.;022276;FCA;40930;2014-08-19;http://www.rad.cvm.gov.br/ENETCONSULTA/frmDownloadDocumento.aspx?CodigoInstituicao=1&NumeroSequencialDocumento=40930
12.130.744/0001-00;2014-01-01;5;TRUE SECURITIZADORA S.A.;022276;FCA;42900;2014-12-01;http://www.rad.cvm.gov.br/ENETCONSULTA/frmDownloadDocumento.aspx?CodigoInstituicao=1&NumeroSequencialDocumento=42900
12.139.922/0001-63;2014-01-01;1;OCTANTE SECURITIZADORA S.A.;022390;FCA;33811;2014-01-06;http://www.rad.cvm.gov.br/ENETCONSULTA/frmDownloadDocumento.aspx?CodigoInstituicao=1&NumeroSequencialDocumento=33811
12.139.922/0001-63;2014-01-01;2;OCTANTE SECURITIZADORA S.A.;022390;FCA;38131;2014-05-22;http://www.rad.cvm.gov.br/ENETCONSULTA/frmDownloadDocumento.aspx?CodigoInstituicao=1&NumeroSequencialDocumento=38131
12.261.588/0001-16;2014-01-01;1;POLO CAPITAL SECURITIZADORA S.A;022160;FCA;35491;2014-03-25;http://www.rad.cvm.gov.br/ENETCONSULTA/frmDownloadDocumento.aspx?CodigoInstituicao=1&NumeroSequencialDocumento=35491
12.261.588/0001-16;2014-01-01;2;POLO CAPITAL SECURITIZADORA S.A;022160;FCA;38204;2014-05-23;http://www.rad.cvm.gov.br/ENETCONSULTA/frmDownloadDocumento.aspx?CodigoInstituicao=1&NumeroSequencialDocumento=38204
12.261.588/0001-16;2014-01-01;3;POLO CAPITAL SECURITIZADORA S.A;022160;FCA;41204;2014-09-08;http://www.rad.cvm.gov.br/ENETCONSULTA/frmDownloadDocumento.aspx?CodigoInstituicao=1&NumeroSequencialDocumento=41204
12.320.349/0001-90;2014-01-01;1;ORE  SECURITIZADORA SA;022250;FCA;35593;2014-03-27;http://www.rad.cvm.gov.br/ENETCONSULTA/frmDownloadDocumento.aspx?CodigoInstituicao=1&NumeroSequencialDocumento=35593
12.320.349/0001-90;2014-01-01;2;ORE  SECURITIZADORA SA;022250;FCA;36824;2014-05-07;http://www.rad.cvm.gov.br/ENETCONSULTA/frmDownloadDocumento.aspx?CodigoInstituicao=1&NumeroSequencialDocumento=36824
12.320.349/0001-90;2014-01-01;3;ORE  SECURITIZADORA SA;022250;FCA;41949;2014-11-03;http://www.rad.cvm.gov.br/ENETCONSULTA/frmDownloadDocumento.aspx?CodigoInstituicao=1&NumeroSequencialDocumento=41949
12.394.916/0001-52;2014-01-01;1;INTERMULTIMODAL S.A.;023086;FCA;38112;2014-05-22;http://www.rad.cvm.gov.br/ENETCONSULTA/frmDownloadDocumento.aspx?CodigoInstituicao=1&NumeroSequencialDocumento=38112
12.394.936/0001-23;2014-01-01;1;EOX ENERGIA EÓLICA S.A.;023078;FCA;38314;2014-05-28;http://www.rad.cvm.gov.br/ENETCONSULTA/frmDownloadDocumento.aspx?CodigoInstituicao=1&NumeroSequencialDocumento=38314
12.394.972/0001-97;2014-01-01;1;LOUCOS POR FUTEBOL S.A.;023027;FCA;34753;2014-02-24;http://www.rad.cvm.gov.br/ENETCONSULTA/frmDownloadDocumento.aspx?CodigoInstituicao=1&NumeroSequencialDocumento=34753
12.394.972/0001-97;2014-01-01;2;LOUCOS POR FUTEBOL S.A.;023027;FCA;38310;2014-05-28;http://www.rad.cvm.gov.br/ENETCONSULTA/frmDownloadDocumento.aspx?CodigoInstituicao=1&NumeroSequencialDocumento=38310
12.394.991/0001-13;2014-01-01;1;UTILIUM PARTICIPAÇÕES S.A.;023094;FCA;33867;2014-01-08;http://www.rad.cvm.gov.br/ENETCONSULTA/frmDownloadDocumento.aspx?CodigoInstituicao=1&NumeroSequencialDocumento=33867
12.394.991/0001-13;2014-01-01;2;UTILIUM PARTICIPAÇÕES S.A.;023094;FCA;34146;2014-01-26;http://www.rad.cvm.gov.br/ENETCONSULTA/frmDownloadDocumento.aspx?CodigoInstituicao=1&NumeroSequencialDocumento=34146
12.394.991/0001-13;2014-01-01;3;UTILIUM PARTICIPAÇÕES S.A.;023094;FCA;37230;2014-05-12;http://www.rad.cvm.gov.br/ENETCONSULTA/frmDownloadDocumento.aspx?CodigoInstituicao=1&NumeroSequencialDocumento=37230
12.394.991/0001-13;2014-01-01;4;UTILIUM PARTICIPAÇÕES S.A.;023094;FCA;39576;2014-07-03;http://www.rad.cvm.gov.br/ENETCONSULTA/frmDownloadDocumento.aspx?CodigoInstituicao=1&NumeroSequencialDocumento=39576
12.395.010/0001-52;2014-01-01;1;DELUXE MOTORS S.A.;023191;FCA;38318;2014-05-28;http://www.rad.cvm.gov.br/ENETCONSULTA/frmDownloadDocumento.aspx?CodigoInstituicao=1&NumeroSequencialDocumento=38318
12.395.063/0001-73;2014-01-01;1;INTELLECTUAL SERVICES S.A - GESTÃO DE ATIVOS DO CONHECIMENTO;023043;FCA;39021;2014-05-30;http://www.rad.cvm.gov.br/ENETCONSULTA/frmDownloadDocumento.aspx?CodigoInstituicao=1&NumeroSequencialDocumento=39021
12.489.315/0001-23;2014-01-01;1;FERREIRA GOMES ENERGIA S.A.;022977;FCA;34351;2014-02-05;http://www.rad.cvm.gov.br/ENETCONSULTA/frmDownloadDocumento.aspx?CodigoInstituicao=1&NumeroSequencialDocumento=34351
12.489.315/0001-23;2014-01-01;2;FERREIRA GOMES ENERGIA S.A.;022977;FCA;34886;2014-02-26;http://www.rad.cvm.gov.br/ENETCONSULTA/frmDownloadDocumento.aspx?CodigoInstituicao=1&NumeroSequencialDocumento=34886
12.489.315/0001-23;2014-01-01;3;FERREIRA GOMES ENERGIA S.A.;022977;FCA;37610;2014-05-14;http://www.rad.cvm.gov.br/ENETCONSULTA/frmDownloadDocumento.aspx?CodigoInstituicao=1&NumeroSequencialDocumento=37610
12.489.315/0001-23;2014-01-01;4;FERREIRA GOMES ENERGIA S.A.;022977;FCA;38256;2014-05-26;http://www.rad.cvm.gov.br/ENETCONSULTA/frmDownloadDocumento.aspx?CodigoInstituicao=1&NumeroSequencialDocumento=38256
12.489.315/0001-23;2014-01-01;5;FERREIRA GOMES ENERGIA S.A.;022977;FCA;39105;2014-06-02;http://www.rad.cvm.gov.br/ENETCONSULTA/frmDownloadDocumento.aspx?CodigoInstituicao=1&NumeroSequencialDocumento=39105
12.489.315/0001-23;2014-01-01;6;FERREIRA GOMES ENERGIA S.A.;022977;FCA;41292;2014-09-16;http://www.rad.cvm.gov.br/ENETCONSULTA/frmDownloadDocumento.aspx?CodigoInstituicao=1&NumeroSequencialDocumento=41292
12.492.734/0001-14;2014-01-01;1;DROGARIAS AMERICANAS S.A.;022837;FCA;38017;2014-05-19;http://www.rad.cvm.gov.br/ENETCONSULTA/frmDownloadDocumento.aspx?CodigoInstituicao=1&NumeroSequencialDocumento=38017
12.610.097/0001-33;2014-01-01;1;EKOPARKING S.A.;022896;FCA;38109;2014-05-22;http://www.rad.cvm.gov.br/ENETCONSULTA/frmDownloadDocumento.aspx?CodigoInstituicao=1&NumeroSequencialDocumento=38109
12.610.116/0001-21;2014-01-01;1;INTERCOSMETIC HOLDING S.A.;022888;FCA;38308;2014-05-27;http://www.rad.cvm.gov.br/ENETCONSULTA/frmDownloadDocumento.aspx?CodigoInstituicao=1&NumeroSequencialDocumento=38308
12.610.165/0001-64;2014-01-01;1;ATLETAS BRASILEIROS S.A.;022934;FCA;34342;2014-02-05;http://www.rad.cvm.gov.br/ENETCONSULTA/frmDownloadDocumento.aspx?CodigoInstituicao=1&NumeroSequencialDocumento=34342
12.610.165/0001-64;2014-01-01;2;ATLETAS BRASILEIROS S.A.;022934;FCA;37180;2014-05-09;http://www.rad.cvm.gov.br/ENETCONSULTA/frmDownloadDocumento.aspx?CodigoInstituicao=1&NumeroSequencialDocumento=37180
12.610.165/0001-64;2014-01-01;3;ATLETAS BRASILEIROS S.A.;022934;FCA;38215;2014-05-25;http://www.rad.cvm.gov.br/ENETCONSULTA/frmDownloadDocumento.aspx?CodigoInstituicao=1&NumeroSequencialDocumento=38215
12.610.165/0001-64;2014-01-01;4;ATLETAS BRASILEIROS S.A.;022934;FCA;39651;2014-07-10;http://www.rad.cvm.gov.br/ENETCONSULTA/frmDownloadDocumento.aspx?CodigoInstituicao=1&NumeroSequencialDocumento=39651
12.610.165/0001-64;2014-01-01;5;ATLETAS BRASILEIROS S.A.;022934;FCA;40319;2014-08-11;http://www.rad.cvm.gov.br/ENETCONSULTA/frmDownloadDocumento.aspx?CodigoInstituicao=1&NumeroSequencialDocumento=40319
12.610.165/0001-64;2014-01-01;6;ATLETAS BRASILEIROS S.A.;022934;FCA;42703;2014-11-14;http://www.rad.cvm.gov.br/ENETCONSULTA/frmDownloadDocumento.aspx?CodigoInstituicao=1&NumeroSequencialDocumento=42703
12.610.165/0001-64;2014-01-01;7;ATLETAS BRASILEIROS S.A.;022934;FCA;43081;2014-12-12;http://www.rad.cvm.gov.br/ENETCONSULTA/frmDownloadDocumento.aspx?CodigoInstituicao=1&NumeroSequencialDocumento=43081
12.610.764/0001-88;2014-01-01;1;BRASIL PLURAL SECURITIZADORA S.A.;022233;FCA;35594;2014-03-27;http://www.rad.cvm.gov.br/ENETCONSULTA/frmDownloadDocumento.aspx?CodigoInstituicao=1&NumeroSequencialDocumento=35594
12.610.764/0001-88;2014-01-01;2;BRASIL PLURAL SECURITIZADORA S.A.;022233;FCA;36740;2014-05-06;http://www.rad.cvm.gov.br/ENETCONSULTA/frmDownloadDocumento.aspx?CodigoInstituicao=1&NumeroSequencialDocumento=36740
12.646.054/0001-08;2014-01-01;1;COMPANHIA FERRIFERA BRASILEIRA S.A.;023124;FCA;35048;2014-03-07;http://www.rad.cvm.gov.br/ENETCONSULTA/frmDownloadDocumento.aspx?CodigoInstituicao=1&NumeroSequencialDocumento=35048
12.646.054/0001-08;2014-01-01;2;COMPANHIA FERRIFERA BRASILEIRA S.A.;023124;FCA;38316;2014-05-28;http://www.rad.cvm.gov.br/ENETCONSULTA/frmDownloadDocumento.aspx?CodigoInstituicao=1&NumeroSequencialDocumento=38316
12.648.327/0001-53;2014-01-01;1;HIDROVIAS DO BRASIL S.A.;022675;FCA;34959;2014-02-28;http://www.rad.cvm.gov.br/ENETCONSULTA/frmDownloadDocumento.aspx?CodigoInstituicao=1&NumeroSequencialDocumento=34959
12.648.327/0001-53;2014-01-01;2;HIDROVIAS DO BRASIL S.A.;022675;FCA;38657;2014-05-30;http://www.rad.cvm.gov.br/ENETCONSULTA/frmDownloadDocumento.aspx?CodigoInstituicao=1&NumeroSequencialDocumento=38657
12.648.327/0001-53;2014-01-01;3;HIDROVIAS DO BRASIL S.A.;022675;FCA;39414;2014-06-18;http://www.rad.cvm.gov.br/ENETCONSULTA/frmDownloadDocumento.aspx?CodigoInstituicao=1&NumeroSequencialDocumento=39414
12.648.327/0001-53;2014-01-01;4;HIDROVIAS DO BRASIL S.A.;022675;FCA;39415;2014-06-18;http://www.rad.cvm.gov.br/ENETCONSULTA/frmDownloadDocumento.aspx?CodigoInstituicao=1&NumeroSequencialDocumento=39415
12.979.898/0001-70;2014-01-01;1;FORTE SECURITIZADORA S.A.;022489;FCA;35707;2014-03-28;http://www.rad.cvm.gov.br/ENETCONSULTA/frmDownloadDocumento.aspx?CodigoInstituicao=1&NumeroSequencialDocumento=35707
12.979.898/0001-70;2014-01-01;2;FORTE SECURITIZADORA S.A.;022489;FCA;37003;2014-05-08;http://www.rad.cvm.gov.br/ENETCONSULTA/frmDownloadDocumento.aspx?CodigoInstituicao=1&NumeroSequencialDocumento=37003
13.009.717/0001-46;2014-01-01;1;BCO ESTADO DE SERGIPE S.A. - BANESE;001120;FCA;34663;2014-02-19;http://www.rad.cvm.gov.br/ENETCONSULTA/frmDownloadDocumento.aspx?CodigoInstituicao=1&NumeroSequencialDocumento=34663
13.009.717/0001-46;2014-01-01;2;BCO ESTADO DE SERGIPE S.A. - BANESE;001120;FCA;36238;2014-04-14;http://www.rad.cvm.gov.br/ENETCONSULTA/frmDownloadDocumento.aspx?CodigoInstituicao=1&NumeroSequencialDocumento=36238
13.009.717/0001-46;2014-01-01;3;BCO ESTADO DE SERGIPE S.A. - BANESE;001120;FCA;37735;2014-05-15;http://www.rad.cvm.gov.br/ENETCONSULTA/frmDownloadDocumento.aspx?CodigoInstituicao=1&NumeroSequencialDocumento=37735
13.017.462/0001-63;2014-01-01;1;ENERGISA SERGIPE - DISTRIBUIDORA DE ENERGIA S/A;018996;FCA;35266;2014-03-18;http://www.rad.cvm.gov.br/ENETCONSULTA/frmDownloadDocumento.aspx?CodigoInstituicao=1&NumeroSequencialDocumento=35266
13.017.462/0001-63;2014-01-01;2;ENERGISA SERGIPE - DISTRIBUIDORA DE ENERGIA S/A;018996;FCA;36625;2014-05-05;http://www.rad.cvm.gov.br/ENETCONSULTA/frmDownloadDocumento.aspx?CodigoInstituicao=1&NumeroSequencialDocumento=36625
13.017.462/0001-63;2014-01-01;3;ENERGISA SERGIPE - DISTRIBUIDORA DE ENERGIA S/A;018996;FCA;41439;2014-09-26;http://www.rad.cvm.gov.br/ENETCONSULTA/frmDownloadDocumento.aspx?CodigoInstituicao=1&NumeroSequencialDocumento=41439
13.324.184/0001-97;2014-01-01;1;VIGOR ALIMENTOS S.A.;022772;FCA;34330;2014-02-04;http://www.rad.cvm.gov.br/ENETCONSULTA/frmDownloadDocumento.aspx?CodigoInstituicao=1&NumeroSequencialDocumento=34330
13.324.184/0001-97;2014-01-01;2;VIGOR ALIMENTOS S.A.;022772;FCA;37260;2014-05-12;http://www.rad.cvm.gov.br/ENETCONSULTA/frmDownloadDocumento.aspx?CodigoInstituicao=1&NumeroSequencialDocumento=37260
13.324.184/0001-97;2014-01-01;3;VIGOR ALIMENTOS S.A.;022772;FCA;38866;2014-05-30;http://www.rad.cvm.gov.br/ENETCONSULTA/frmDownloadDocumento.aspx?CodigoInstituicao=1&NumeroSequencialDocumento=38866
13.324.184/0001-97;2014-01-01;4;VIGOR ALIMENTOS S.A.;022772;FCA;39431;2014-06-18;http://www.rad.cvm.gov.br/ENETCONSULTA/frmDownloadDocumento.aspx?CodigoInstituicao=1&NumeroSequencialDocumento=39431
13.324.184/0001-97;2014-01-01;5;VIGOR ALIMENTOS S.A.;022772;FCA;41683;2014-10-16;http://www.rad.cvm.gov.br/ENETCONSULTA/frmDownloadDocumento.aspx?CodigoInstituicao=1&NumeroSequencialDocumento=41683
13.324.184/0001-97;2014-01-01;6;VIGOR ALIMENTOS S.A.;022772;FCA;41971;2014-11-03;http://www.rad.cvm.gov.br/ENETCONSULTA/frmDownloadDocumento.aspx?CodigoInstituicao=1&NumeroSequencialDocumento=41971
13.349.677/0001-81;2014-01-01;1;REIT SECURITIZADORA S/A;022802;FCA;33829;2014-01-07;http://www.rad.cvm.gov.br/ENETCONSULTA/frmDownloadDocumento.aspx?CodigoInstituicao=1&NumeroSequencialDocumento=33829
13.349.677/0001-81;2014-01-01;2;REIT SECURITIZADORA S/A;022802;FCA;33885;2014-01-08;http://www.rad.cvm.gov.br/ENETCONSULTA/frmDownloadDocumento.aspx?CodigoInstituicao=1&NumeroSequencialDocumento=33885
13.349.677/0001-81;2014-01-01;3;REIT SECURITIZADORA S/A;022802;FCA;37090;2014-05-09;http://www.rad.cvm.gov.br/ENETCONSULTA/frmDownloadDocumento.aspx?CodigoInstituicao=1&NumeroSequencialDocumento=37090
13.407.573/0001-86;2014-01-01;1;HARPIA ÔMEGA PARTICIPAÇÕES S.A.;022578;FCA;34112;2014-01-22;http://www.rad.cvm.gov.br/ENETCONSULTA/frmDownloadDocumento.aspx?CodigoInstituicao=1&NumeroSequencialDocumento=34112
13.407.573/0001-86;2014-01-01;2;HARPIA ÔMEGA PARTICIPAÇÕES S.A.;022578;FCA;35442;2014-03-24;http://www.rad.cvm.gov.br/ENETCONSULTA/frmDownloadDocumento.aspx?CodigoInstituicao=1&NumeroSequencialDocumento=35442
13.407.573/0001-86;2014-01-01;3;HARPIA ÔMEGA PARTICIPAÇÕES S.A.;022578;FCA;38430;2014-05-29;http://www.rad.cvm.gov.br/ENETCONSULTA/frmDownloadDocumento.aspx?CodigoInstituicao=1&NumeroSequencialDocumento=38430
13.407.573/0001-86;2014-01-01;4;HARPIA ÔMEGA PARTICIPAÇÕES S.A.;022578;FCA;39143;2014-06-03;http://www.rad.cvm.gov.br/ENETCONSULTA/frmDownloadDocumento.aspx?CodigoInstituicao=1&NumeroSequencialDocumento=39143
13.444.994/0001-87;2014-01-01;1;MLOG S.A.;022586;FCA;34560;2014-02-14;http://www.rad.cvm.gov.br/ENETCONSULTA/frmDownloadDocumento.aspx?CodigoInstituicao=1&NumeroSequencialDocumento=34560
13.444.994/0001-87;2014-01-01;2;MLOG S.A.;022586;FCA;38084;2014-05-21;http://www.rad.cvm.gov.br/ENETCONSULTA/frmDownloadDocumento.aspx?CodigoInstituicao=1&NumeroSequencialDocumento=38084
13.720.879/0001-98;2014-01-01;1;TECNO WASTE S.A.;023051;FCA;38312;2014-05-28;http://www.rad.cvm.gov.br/ENETCONSULTA/frmDownloadDocumento.aspx?CodigoInstituicao=1&NumeroSequencialDocumento=38312
13.720.879/0001-98;2014-01-01;2;TECNO WASTE S.A.;023051;FCA;40438;2014-08-13;http://www.rad.cvm.gov.br/ENETCONSULTA/frmDownloadDocumento.aspx?CodigoInstituicao=1&NumeroSequencialDocumento=40438
13.720.918/0001-57;2014-01-01;1;ATIVOS BRASILEIROS S.A.;022918;FCA;38371;2014-05-28;http://www.rad.cvm.gov.br/ENETCONSULTA/frmDownloadDocumento.aspx?CodigoInstituicao=1&NumeroSequencialDocumento=38371
13.720.918/0001-57;2014-01-01;2;ATIVOS BRASILEIROS S.A.;022918;FCA;39898;2014-07-24;http://www.rad.cvm.gov.br/ENETCONSULTA/frmDownloadDocumento.aspx?CodigoInstituicao=1&NumeroSequencialDocumento=39898
13.788.120/0001-47;2014-01-01;1;ELEKEIROZ S.A.;004359;FCA;34115;2014-01-23;http://www.rad.cvm.gov.br/ENETCONSULTA/frmDownloadDocumento.aspx?CodigoInstituicao=1&NumeroSequencialDocumento=34115
13.788.120/0001-47;2014-01-01;2;ELEKEIROZ S.A.;004359;FCA;38664;2014-05-30;http://www.rad.cvm.gov.br/ENETCONSULTA/frmDownloadDocumento.aspx?CodigoInstituicao=1&NumeroSequencialDocumento=38664
13.788.120/0001-47;2014-01-01;3;ELEKEIROZ S.A.;004359;FCA;42796;2014-11-19;http://www.rad.cvm.gov.br/ENETCONSULTA/frmDownloadDocumento.aspx?CodigoInstituicao=1&NumeroSequencialDocumento=42796
14.042.551/0001-22;2014-01-01;1;SEABRAS SERVIÇOS DE PETRÓLEO S.A;022730;FCA;36018;2014-04-01;http://www.rad.cvm.gov.br/ENETCONSULTA/frmDownloadDocumento.aspx?CodigoInstituicao=1&NumeroSequencialDocumento=36018
14.200.537/0001-00;2014-01-01;1;NISA PARTICIPACOES S.A.;022640;FCA;35276;2014-03-18;http://www.rad.cvm.gov.br/ENETCONSULTA/frmDownloadDocumento.aspx?CodigoInstituicao=1&NumeroSequencialDocumento=35276
14.200.537/0001-00;2014-01-01;2;NISA PARTICIPACOES S.A.;022640;FCA;37365;2014-05-12;http://www.rad.cvm.gov.br/ENETCONSULTA/frmDownloadDocumento.aspx?CodigoInstituicao=1&NumeroSequencialDocumento=37365
14.200.586/0001-42;2014-01-01;1;NAOMI PARTICIPAÇÕES S.A.;022667;FCA;37368;2014-05-12;http://www.rad.cvm.gov.br/ENETCONSULTA/frmDownloadDocumento.aspx?CodigoInstituicao=1&NumeroSequencialDocumento=37368
14.200.618/0001-00;2014-01-01;1;BELEZA PARTICIPAÇÕES S.A.;022632;FCA;36006;2014-03-31;http://www.rad.cvm.gov.br/ENETCONSULTA/frmDownloadDocumento.aspx?CodigoInstituicao=1&NumeroSequencialDocumento=36006
14.200.618/0001-00;2014-01-01;2;BELEZA PARTICIPAÇÕES S.A.;022632;FCA;36102;2014-04-04;http://www.rad.cvm.gov.br/ENETCONSULTA/frmDownloadDocumento.aspx?CodigoInstituicao=1&NumeroSequencialDocumento=36102
14.200.618/0001-00;2014-01-01;3;BELEZA PARTICIPAÇÕES S.A.;022632;FCA;39028;2014-05-31;http://www.rad.cvm.gov.br/ENETCONSULTA/frmDownloadDocumento.aspx?CodigoInstituicao=1&NumeroSequencialDocumento=39028
14.200.699/0001-48;2014-01-01;1;NOAH PARTICIPAÇÕES S.A.;022659;FCA;35825;2014-03-28;http://www.rad.cvm.gov.br/ENETCONSULTA/frmDownloadDocumento.aspx?CodigoInstituicao=1&NumeroSequencialDocumento=35825
14.200.699/0001-48;2014-01-01;2;NOAH PARTICIPAÇÕES S.A.;022659;FCA;37373;2014-05-12;http://www.rad.cvm.gov.br/ENETCONSULTA/frmDownloadDocumento.aspx?CodigoInstituicao=1&NumeroSequencialDocumento=37373
14.200.699/0001-48;2014-01-01;3;NOAH PARTICIPAÇÕES S.A.;022659;FCA;42999;2014-12-09;http://www.rad.cvm.gov.br/ENETCONSULTA/frmDownloadDocumento.aspx?CodigoInstituicao=1&NumeroSequencialDocumento=42999
14.206.371/0001-39;2014-01-01;1;BR TOWERS SPE1 S.A;023205;FCA;35312;2014-03-19;http://www.rad.cvm.gov.br/ENETCONSULTA/frmDownloadDocumento.aspx?CodigoInstituicao=1&NumeroSequencialDocumento=35312
14.206.371/0001-39;2014-01-01;2;BR TOWERS SPE1 S.A;023205;FCA;38373;2014-05-28;http://www.rad.cvm.gov.br/ENETCONSULTA/frmDownloadDocumento.aspx?CodigoInstituicao=1&NumeroSequencialDocumento=38373
14.206.371/0001-39;2014-01-01;3;BR TOWERS SPE1 S.A;023205;FCA;42823;2014-11-24;http://www.rad.cvm.gov.br/ENETCONSULTA/frmDownloadDocumento.aspx?CodigoInstituicao=1&NumeroSequencialDocumento=42823
14.206.371/0001-39;2014-01-01;4;BR TOWERS SPE1 S.A;023205;FCA;42842;2014-11-25;http://www.rad.cvm.gov.br/ENETCONSULTA/frmDownloadDocumento.aspx?CodigoInstituicao=1&NumeroSequencialDocumento=42842
14.212.464/0001-76;2014-01-01;1;TGLT S/A;080136;FCA;35359;2014-03-20;http://www.rad.cvm.gov.br/ENETCONSULTA/frmDownloadDocumento.aspx?CodigoInstituicao=1&NumeroSequencialDocumento=35359
14.212.464/0001-76;2014-01-01;2;TGLT S/A;080136;FCA;36252;2014-04-15;http://www.rad.cvm.gov.br/ENETCONSULTA/frmDownloadDocumento.aspx?CodigoInstituicao=1&NumeroSequencialDocumento=36252
14.212.464/0001-76;2014-01-01;3;TGLT S/A;080136;FCA;39060;2014-05-31;http://www.rad.cvm.gov.br/ENETCONSULTA/frmDownloadDocumento.aspx?CodigoInstituicao=1&NumeroSequencialDocumento=39060
14.308.514/0001-13;2014-01-01;1;PARTICIPAÇÕES INDUST. DO NORDESTE S.A.;001597;FCA;35532;2014-03-26;http://www.rad.cvm.gov.br/ENETCONSULTA/frmDownloadDocumento.aspx?CodigoInstituicao=1&NumeroSequencialDocumento=35532
14.308.514/0001-13;2014-01-01;2;PARTICIPAÇÕES INDUST. DO NORDESTE S.A.;001597;FCA;37091;2014-05-09;http://www.rad.cvm.gov.br/ENETCONSULTA/frmDownloadDocumento.aspx?CodigoInstituicao=1&NumeroSequencialDocumento=37091
14.333.683/0001-03;2014-01-01;1;FONTAINE VILLE PARTICIPAÇÕES S/A;023019;FCA;36023;2014-04-01;http://www.rad.cvm.gov.br/ENETCONSULTA/frmDownloadDocumento.aspx?CodigoInstituicao=1&NumeroSequencialDocumento=36023
14.333.683/0001-03;2014-01-01;2;FONTAINE VILLE PARTICIPAÇÕES S/A;023019;FCA;38262;2014-05-27;http://www.rad.cvm.gov.br/ENETCONSULTA/frmDownloadDocumento.aspx?CodigoInstituicao=1&NumeroSequencialDocumento=38262
14.388.334/0001-99;2014-01-01;1;PARANA BCO S.A.;020729;FCA;34816;2014-02-25;http://www.rad.cvm.gov.br/ENETCONSULTA/frmDownloadDocumento.aspx?CodigoInstituicao=1&NumeroSequencialDocumento=34816
14.388.334/0001-99;2014-01-01;2;PARANA BCO S.A.;020729;FCA;36260;2014-04-15;http://www.rad.cvm.gov.br/ENETCONSULTA/frmDownloadDocumento.aspx?CodigoInstituicao=1&NumeroSequencialDocumento=36260
14.388.334/0001-99;2014-01-01;3;PARANA BCO S.A.;020729;FCA;36347;2014-04-22;http://www.rad.cvm.gov.br/ENETCONSULTA/frmDownloadDocumento.aspx?CodigoInstituicao=1&NumeroSequencialDocumento=36347
14.388.334/0001-99;2014-01-01;4;PARANA BCO S.A.;020729;FCA;38758;2014-05-30;http://www.rad.cvm.gov.br/ENETCONSULTA/frmDownloadDocumento.aspx?CodigoInstituicao=1&NumeroSequencialDocumento=38758
14.388.334/0001-99;2014-01-01;5;PARANA BCO S.A.;020729;FCA;39654;2014-07-11;http://www.rad.cvm.gov.br/ENETCONSULTA/frmDownloadDocumento.aspx?CodigoInstituicao=1&NumeroSequencialDocumento=39654
14.388.520/0001-28;2014-01-01;1;PACIFIC RUBIALES ENERGY CORP.;080144;FCA;35164;2014-03-13;http://www.rad.cvm.gov.br/ENETCONSULTA/frmDownloadDocumento.aspx?CodigoInstituicao=1&NumeroSequencialDocumento=35164
14.388.520/0001-28;2014-01-01;2;PACIFIC RUBIALES ENERGY CORP.;080144;FCA;39047;2014-05-31;http://www.rad.cvm.gov.br/ENETCONSULTA/frmDownloadDocumento.aspx?CodigoInstituicao=1&NumeroSequencialDocumento=39047
14.807.945/0001-24;2014-01-01;1;SANSUY S.A. INDUSTRIA DE PLASTICOS;012696;FCA;35686;2014-03-28;http://www.rad.cvm.gov.br/ENETCONSULTA/frmDownloadDocumento.aspx?CodigoInstituicao=1&NumeroSequencialDocumento=35686
14.807.945/0001-24;2014-01-01;2;SANSUY S.A. INDUSTRIA DE PLASTICOS;012696;FCA;38014;2014-05-19;http://www.rad.cvm.gov.br/ENETCONSULTA/frmDownloadDocumento.aspx?CodigoInstituicao=1&NumeroSequencialDocumento=38014
14.876.090/0001-93;2014-01-01;1;GAIA IMPACTO SECURITIZADORA S.A.;022764;FCA;34567;2014-02-14;http://www.rad.cvm.gov.br/ENETCONSULTA/frmDownloadDocumento.aspx?CodigoInstituicao=1&NumeroSequencialDocumento=34567
14.876.090/0001-93;2014-01-01;2;GAIA IMPACTO SECURITIZADORA S.A.;022764;FCA;36395;2014-04-24;http://www.rad.cvm.gov.br/ENETCONSULTA/frmDownloadDocumento.aspx?CodigoInstituicao=1&NumeroSequencialDocumento=36395
14.876.090/0001-93;2014-01-01;3;GAIA IMPACTO SECURITIZADORA S.A.;022764;FCA;39197;2014-06-05;http://www.rad.cvm.gov.br/ENETCONSULTA/frmDownloadDocumento.aspx?CodigoInstituicao=1&NumeroSequencialDocumento=39197
14.962.356/0001-10;2014-01-01;1;FRIGOL FOODS PARTICIPAÇÕES S.A.;022853;FCA;35043;2014-03-07;http://www.rad.cvm.gov.br/ENETCONSULTA/frmDownloadDocumento.aspx?CodigoInstituicao=1&NumeroSequencialDocumento=35043
14.962.356/0001-10;2014-01-01;2;FRIGOL FOODS PARTICIPAÇÕES S.A.;022853;FCA;37499;2014-05-14;http://www.rad.cvm.gov.br/ENETCONSULTA/frmDownloadDocumento.aspx?CodigoInstituicao=1&NumeroSequencialDocumento=37499
14.969.641/0001-63;2014-01-01;1;RIO MONSARÁS PARTICIPAÇÕES S.A.;022969;FCA;35775;2014-03-28;http://www.rad.cvm.gov.br/ENETCONSULTA/frmDownloadDocumento.aspx?CodigoInstituicao=1&NumeroSequencialDocumento=35775
14.969.641/0001-63;2014-01-01;2;RIO MONSARÁS PARTICIPAÇÕES S.A.;022969;FCA;38403;2014-05-28;http://www.rad.cvm.gov.br/ENETCONSULTA/frmDownloadDocumento.aspx?CodigoInstituicao=1&NumeroSequencialDocumento=38403
14.998.371/0001-19;2014-01-01;1;J. MACEDO S.A.;021156;FCA;34012;2014-01-16;http://www.rad.cvm.gov.br/ENETCONSULTA/frmDownloadDocumento.aspx?CodigoInstituicao=1&NumeroSequencialDocumento=34012
14.998.371/0001-19;2014-01-01;2;J. MACEDO S.A.;021156;FCA;35004;2014-03-06;http://www.rad.cvm.gov.br/ENETCONSULTA/frmDownloadDocumento.aspx?CodigoInstituicao=1&NumeroSequencialDocumento=35004
14.998.371/0001-19;2014-01-01;3;J. MACEDO S.A.;021156;FCA;36524;2014-04-30;http://www.rad.cvm.gov.br/ENETCONSULTA/frmDownloadDocumento.aspx?CodigoInstituicao=1&NumeroSequencialDocumento=36524
14.998.371/0001-19;2014-01-01;4;J. MACEDO S.A.;021156;FCA;38178;2014-05-23;http://www.rad.cvm.gov.br/ENETCONSULTA/frmDownloadDocumento.aspx?CodigoInstituicao=1&NumeroSequencialDocumento=38178
14.998.371/0001-19;2014-01-01;5;J. MACEDO S.A.;021156;FCA;39349;2014-06-13;http://www.rad.cvm.gov.br/ENETCONSULTA/frmDownloadDocumento.aspx?CodigoInstituicao=1&NumeroSequencialDocumento=39349
15.073.274/0001-88;2014-01-01;1;PPLA PARTICIPATIONS LTD.;080152;FCA;34633;2014-02-18;http://www.rad.cvm.gov.br/ENETCONSULTA/frmDownloadDocumento.aspx?CodigoInstituicao=1&NumeroSequencialDocumento=34633
15.073.274/0001-88;2014-01-01;2;PPLA PARTICIPATIONS LTD.;080152;FCA;36720;2014-05-06;http://www.rad.cvm.gov.br/ENETCONSULTA/frmDownloadDocumento.aspx?CodigoInstituicao=1&NumeroSequencialDocumento=36720
15.073.274/0001-88;2014-01-01;3;PPLA PARTICIPATIONS LTD.;080152;FCA;39141;2014-06-03;http://www.rad.cvm.gov.br/ENETCONSULTA/frmDownloadDocumento.aspx?CodigoInstituicao=1&NumeroSequencialDocumento=39141
15.101.405/0001-93;2014-01-01;1;CORREA RIBEIRO S.A. COMERCIO E INDUSTRIA;004863;FCA;35490;2014-03-25;http://www.rad.cvm.gov.br/ENETCONSULTA/frmDownloadDocumento.aspx?CodigoInstituicao=1&NumeroSequencialDocumento=35490
15.101.405/0001-93;2014-01-01;2;CORREA RIBEIRO S.A. COMERCIO E INDUSTRIA;004863;FCA;36866;2014-05-07;http://www.rad.cvm.gov.br/ENETCONSULTA/frmDownloadDocumento.aspx?CodigoInstituicao=1&NumeroSequencialDocumento=36866
15.101.405/0001-93;2014-01-01;3;CORREA RIBEIRO S.A. COMERCIO E INDUSTRIA;004863;FCA;40840;2014-08-15;http://www.rad.cvm.gov.br/ENETCONSULTA/frmDownloadDocumento.aspx?CodigoInstituicao=1&NumeroSequencialDocumento=40840
15.101.405/0001-93;2014-01-01;4;CORREA RIBEIRO S.A. COMERCIO E INDUSTRIA;004863;FCA;40935;2014-08-20;http://www.rad.cvm.gov.br/ENETCONSULTA/frmDownloadDocumento.aspx?CodigoInstituicao=1&NumeroSequencialDocumento=40935
15.115.504/0001-24;2014-01-01;1;TRONOX PIGMENTOS DO BRASIL S.A.;011398;FCA;33889;2014-01-09;http://www.rad.cvm.gov.br/ENETCONSULTA/frmDownloadDocumento.aspx?CodigoInstituicao=1&NumeroSequencialDocumento=33889
15.115.504/0001-24;2014-01-01;2;TRONOX PIGMENTOS DO BRASIL S.A.;011398;FCA;36527;2014-04-30;http://www.rad.cvm.gov.br/ENETCONSULTA/frmDownloadDocumento.aspx?CodigoInstituicao=1&NumeroSequencialDocumento=36527
15.115.504/0001-24;2014-01-01;3;TRONOX PIGMENTOS DO BRASIL S.A.;011398;FCA;36531;2014-04-30;http://www.rad.cvm.gov.br/ENETCONSULTA/frmDownloadDocumento.aspx?CodigoInstituicao=1&NumeroSequencialDocumento=36531
15.115.504/0001-24;2014-01-01;4;TRONOX PIGMENTOS DO BRASIL S.A.;011398;FCA;38094;2014-05-22;http://www.rad.cvm.gov.br/ENETCONSULTA/frmDownloadDocumento.aspx?CodigoInstituicao=1&NumeroSequencialDocumento=38094
15.115.504/0001-24;2014-01-01;5;TRONOX PIGMENTOS DO BRASIL S.A.;011398;FCA;38152;2014-05-23;http://www.rad.cvm.gov.br/ENETCONSULTA/frmDownloadDocumento.aspx?CodigoInstituicao=1&NumeroSequencialDocumento=38152
15.124.464/0001-87;2014-01-01;1;BANCO BESA S.A.;001244;FCA;38119;2014-05-22;http://www.rad.cvm.gov.br/ENETCONSULTA/frmDownloadDocumento.aspx?CodigoInstituicao=1&NumeroSequencialDocumento=38119
15.126.626/0001-16;2014-01-01;1;IND AZULEJOS BAHIA SA;006955;FCA;35314;2014-03-19;http://www.rad.cvm.gov.br/ENETCONSULTA/frmDownloadDocumento.aspx?CodigoInstituicao=1&NumeroSequencialDocumento=35314
15.126.626/0001-16;2014-01-01;2;IND AZULEJOS BAHIA SA;006955;FCA;37712;2014-05-15;http://www.rad.cvm.gov.br/ENETCONSULTA/frmDownloadDocumento.aspx?CodigoInstituicao=1&NumeroSequencialDocumento=37712
15.139.629/0001-94;2014-01-01;1;CIA ELETRICIDADE EST. DA BAHIA - COELBA;014524;FCA;34261;2014-01-31;http://www.rad.cvm.gov.br/ENETCONSULTA/frmDownloadDocumento.aspx?CodigoInstituicao=1&NumeroSequencialDocumento=34261
15.139.629/0001-94;2014-01-01;2;CIA ELETRICIDADE EST. DA BAHIA - COELBA;014524;FCA;36751;2014-05-06;http://www.rad.cvm.gov.br/ENETCONSULTA/frmDownloadDocumento.aspx?CodigoInstituicao=1&NumeroSequencialDocumento=36751
15.139.629/0001-94;2014-01-01;3;CIA ELETRICIDADE EST. DA BAHIA - COELBA;014524;FCA;42950;2014-12-03;http://www.rad.cvm.gov.br/ENETCONSULTA/frmDownloadDocumento.aspx?CodigoInstituicao=1&NumeroSequencialDocumento=42950
15.139.629/0001-94;2014-01-01;4;CIA ELETRICIDADE EST. DA BAHIA - COELBA;014524;FCA;43243;2014-12-29;http://www.rad.cvm.gov.br/ENETCONSULTA/frmDownloadDocumento.aspx?CodigoInstituicao=1&NumeroSequencialDocumento=43243
15.139.629/0001-94;2014-01-01;5;CIA ELETRICIDADE EST. DA BAHIA - COELBA;014524;FCA;43247;2014-12-29;http://www.rad.cvm.gov.br/ENETCONSULTA/frmDownloadDocumento.aspx?CodigoInstituicao=1&NumeroSequencialDocumento=43247
15.141.799/0001-03;2014-01-01;1;CIA FERRO LIGAS DA BAHIA - FERBASA;003069;FCA;35383;2014-03-20;http://www.rad.cvm.gov.br/ENETCONSULTA/frmDownloadDocumento.aspx?CodigoInstituicao=1&NumeroSequencialDocumento=35383
15.141.799/0001-03;2014-01-01;2;CIA FERRO LIGAS DA BAHIA - FERBASA;003069;FCA;37004;2014-05-08;http://www.rad.cvm.gov.br/ENETCONSULTA/frmDownloadDocumento.aspx?CodigoInstituicao=1&NumeroSequencialDocumento=37004
15.141.799/0001-03;2014-01-01;3;CIA FERRO LIGAS DA BAHIA - FERBASA;003069;FCA;38175;2014-05-23;http://www.rad.cvm.gov.br/ENETCONSULTA/frmDownloadDocumento.aspx?CodigoInstituicao=1&NumeroSequencialDocumento=38175
15.141.799/0001-03;2014-01-01;4;CIA FERRO LIGAS DA BAHIA - FERBASA;003069;FCA;40277;2014-08-11;http://www.rad.cvm.gov.br/ENETCONSULTA/frmDownloadDocumento.aspx?CodigoInstituicao=1&NumeroSequencialDocumento=40277
15.144.017/0001-90;2014-01-01;1;CIA SEGUROS ALIANCA DA BAHIA;003115;FCA;34247;2014-01-30;http://www.rad.cvm.gov.br/ENETCONSULTA/frmDownloadDocumento.aspx?CodigoInstituicao=1&NumeroSequencialDocumento=34247
15.144.017/0001-90;2014-01-01;2;CIA SEGUROS ALIANCA DA BAHIA;003115;FCA;36835;2014-05-07;http://www.rad.cvm.gov.br/ENETCONSULTA/frmDownloadDocumento.aspx?CodigoInstituicao=1&NumeroSequencialDocumento=36835
15.229.110/0001-05;2014-01-01;1;CAPITALE SECURITIZADORA DE CRÉDITO S/A;023353;FCA;35063;2014-03-10;http://www.rad.cvm.gov.br/ENETCONSULTA/frmDownloadDocumento.aspx?CodigoInstituicao=1&NumeroSequencialDocumento=35063
15.229.110/0001-05;2014-01-01;2;CAPITALE SECURITIZADORA DE CRÉDITO S/A;023353;FCA;38835;2014-05-30;http://www.rad.cvm.gov.br/ENETCONSULTA/frmDownloadDocumento.aspx?CodigoInstituicao=1&NumeroSequencialDocumento=38835
15.413.826/0001-50;2014-01-01;1;ENERGISA MATO GROSSO DO SUL - DIST DE ENERGIA S.A.;005576;FCA;34324;2014-02-04;http://www.rad.cvm.gov.br/ENETCONSULTA/frmDownloadDocumento.aspx?CodigoInstituicao=1&NumeroSequencialDocumento=34324
15.413.826/0001-50;2014-01-01;2;ENERGISA MATO GROSSO DO SUL - DIST DE ENERGIA S.A.;005576;FCA;36336;2014-04-22;http://www.rad.cvm.gov.br/ENETCONSULTA/frmDownloadDocumento.aspx?CodigoInstituicao=1&NumeroSequencialDocumento=36336
15.413.826/0001-50;2014-01-01;3;ENERGISA MATO GROSSO DO SUL - DIST DE ENERGIA S.A.;005576;FCA;37402;2014-05-13;http://www.rad.cvm.gov.br/ENETCONSULTA/frmDownloadDocumento.aspx?CodigoInstituicao=1&NumeroSequencialDocumento=37402
15.413.826/0001-50;2014-01-01;4;ENERGISA MATO GROSSO DO SUL - DIST DE ENERGIA S.A.;005576;FCA;39389;2014-06-16;http://www.rad.cvm.gov.br/ENETCONSULTA/frmDownloadDocumento.aspx?CodigoInstituicao=1&NumeroSequencialDocumento=39389
15.463.423/0001-15;2014-01-01;1;JP PARTICIPAÇÕES S.A.;023299;FCA;34292;2014-02-03;http://www.rad.cvm.gov.br/ENETCONSULTA/frmDownloadDocumento.aspx?CodigoInstituicao=1&NumeroSequencialDocumento=34292
15.463.423/0001-15;2014-01-01;2;JP PARTICIPAÇÕES S.A.;023299;FCA;35674;2014-03-27;http://www.rad.cvm.gov.br/ENETCONSULTA/frmDownloadDocumento.aspx?CodigoInstituicao=1&NumeroSequencialDocumento=35674
15.463.423/0001-15;2014-01-01;3;JP PARTICIPAÇÕES S.A.;023299;FCA;37117;2014-05-09;http://www.rad.cvm.gov.br/ENETCONSULTA/frmDownloadDocumento.aspx?CodigoInstituicao=1&NumeroSequencialDocumento=37117
15.463.423/0001-15;2014-01-01;4;JP PARTICIPAÇÕES S.A.;023299;FCA;41484;2014-10-01;http://www.rad.cvm.gov.br/ENETCONSULTA/frmDownloadDocumento.aspx?CodigoInstituicao=1&NumeroSequencialDocumento=41484
15.483.430/0001-89;2014-01-01;1;BPMB I PARTICIPAÇÕES S.A.;023108;FCA;35446;2014-03-24;http://www.rad.cvm.gov.br/ENETCONSULTA/frmDownloadDocumento.aspx?CodigoInstituicao=1&NumeroSequencialDocumento=35446
15.483.430/0001-89;2014-01-01;2;BPMB I PARTICIPAÇÕES S.A.;023108;FCA;38938;2014-05-30;http://www.rad.cvm.gov.br/ENETCONSULTA/frmDownloadDocumento.aspx?CodigoInstituicao=1&NumeroSequencialDocumento=38938
15.483.430/0001-89;2014-01-01;3;BPMB I PARTICIPAÇÕES S.A.;023108;FCA;39145;2014-06-03;http://www.rad.cvm.gov.br/ENETCONSULTA/frmDownloadDocumento.aspx?CodigoInstituicao=1&NumeroSequencialDocumento=39145
15.527.906/0001-36;2014-01-01;1;BIOSEV S.A.;022845;FCA;34530;2014-02-13;http://www.rad.cvm.gov.br/ENETCONSULTA/frmDownloadDocumento.aspx?CodigoInstituicao=1&NumeroSequencialDocumento=34530
15.527.906/0001-36;2014-01-01;2;BIOSEV S.A.;022845;FCA;37973;2014-05-16;http://www.rad.cvm.gov.br/ENETCONSULTA/frmDownloadDocumento.aspx?CodigoInstituicao=1&NumeroSequencialDocumento=37973
15.527.906/0001-36;2014-01-01;3;BIOSEV S.A.;022845;FCA;39509;2014-06-27;http://www.rad.cvm.gov.br/ENETCONSULTA/frmDownloadDocumento.aspx?CodigoInstituicao=1&NumeroSequencialDocumento=39509
15.527.906/0001-36;2014-01-01;4;BIOSEV S.A.;022845;FCA;40567;2014-08-14;http://www.rad.cvm.gov.br/ENETCONSULTA/frmDownloadDocumento.aspx?CodigoInstituicao=1&NumeroSequencialDocumento=40567
15.578.569/0001-06;2014-01-01;1;CONC DO AEROPORTO INTERNACIONAL DE GUARULHOS S.A.;023515;FCA;41831;2014-10-28;http://www.rad.cvm.gov.br/ENETCONSULTA/frmDownloadDocumento.aspx?CodigoInstituicao=1&NumeroSequencialDocumento=41831
15.688.041/0001-90;2014-01-01;1;MBK SECURITIZADORA SA;022861;FCA;33777;2014-01-03;http://www.rad.cvm.gov.br/ENETCONSULTA/frmDownloadDocumento.aspx?CodigoInstituicao=1&NumeroSequencialDocumento=33777
15.688.041/0001-90;2014-01-01;2;MBK SECURITIZADORA SA;022861;FCA;38270;2014-05-27;http://www.rad.cvm.gov.br/ENETCONSULTA/frmDownloadDocumento.aspx?CodigoInstituicao=1&NumeroSequencialDocumento=38270
15.688.041/0001-90;2014-01-01;3;MBK SECURITIZADORA SA;022861;FCA;41219;2014-09-09;http://www.rad.cvm.gov.br/ENETCONSULTA/frmDownloadDocumento.aspx?CodigoInstituicao=1&NumeroSequencialDocumento=41219
15.912.764/0001-20;2014-01-01;1;SMILES S.A.;023140;FCA;33949;2014-01-10;http://www.rad.cvm.gov.br/ENETCONSULTA/frmDownloadDocumento.aspx?CodigoInstituicao=1&NumeroSequencialDocumento=33949
15.912.764/0001-20;2014-01-01;2;SMILES S.A.;023140;FCA;36415;2014-04-25;http://www.rad.cvm.gov.br/ENETCONSULTA/frmDownloadDocumento.aspx?CodigoInstituicao=1&NumeroSequencialDocumento=36415
15.912.764/0001-20;2014-01-01;3;SMILES S.A.;023140;FCA;38541;2014-05-29;http://www.rad.cvm.gov.br/ENETCONSULTA/frmDownloadDocumento.aspx?CodigoInstituicao=1&NumeroSequencialDocumento=38541
16.103.773/0001-33;2014-01-01;1;FINPAR PARTICIPAÇÕES S/A;023116;FCA;34751;2014-02-24;http://www.rad.cvm.gov.br/ENETCONSULTA/frmDownloadDocumento.aspx?CodigoInstituicao=1&NumeroSequencialDocumento=34751
16.103.773/0001-33;2014-01-01;2;FINPAR PARTICIPAÇÕES S/A;023116;FCA;35041;2014-03-07;http://www.rad.cvm.gov.br/ENETCONSULTA/frmDownloadDocumento.aspx?CodigoInstituicao=1&NumeroSequencialDocumento=35041
16.103.773/0001-33;2014-01-01;3;FINPAR PARTICIPAÇÕES S/A;023116;FCA;35999;2014-03-31;http://www.rad.cvm.gov.br/ENETCONSULTA/frmDownloadDocumento.aspx?CodigoInstituicao=1&NumeroSequencialDocumento=35999
16.103.773/0001-33;2014-01-01;4;FINPAR PARTICIPAÇÕES S/A;023116;FCA;37212;2014-05-12;http://www.rad.cvm.gov.br/ENETCONSULTA/frmDownloadDocumento.aspx?CodigoInstituicao=1&NumeroSequencialDocumento=37212
16.103.773/0001-33;2014-01-01;5;FINPAR PARTICIPAÇÕES S/A;023116;FCA;41175;2014-09-05;http://www.rad.cvm.gov.br/ENETCONSULTA/frmDownloadDocumento.aspx?CodigoInstituicao=1&NumeroSequencialDocumento=41175
16.234.171/0001-15;2014-01-01;1;METANOR SA METANOL DO NE;008745;FCA;35685;2014-03-28;http://www.rad.cvm.gov.br/ENETCONSULTA/frmDownloadDocumento.aspx?CodigoInstituicao=1&NumeroSequencialDocumento=35685
16.234.171/0001-15;2014-01-01;2;METANOR SA METANOL DO NE;008745;FCA;38603;2014-05-30;http://www.rad.cvm.gov.br/ENETCONSULTA/frmDownloadDocumento.aspx?CodigoInstituicao=1&NumeroSequencialDocumento=38603
16.404.287/0001-55;2014-01-01;1;SUZANO S.A.;013986;FCA;33799;2014-01-06;http://www.rad.cvm.gov.br/ENETCONSULTA/frmDownloadDocumento.aspx?CodigoInstituicao=1&NumeroSequencialDocumento=33799
16.404.287/0001-55;2014-01-01;2;SUZANO S.A.;013986;FCA;36080;2014-04-03;http://www.rad.cvm.gov.br/ENETCONSULTA/frmDownloadDocumento.aspx?CodigoInstituicao=1&NumeroSequencialDocumento=36080
16.404.287/0001-55;2014-01-01;3;SUZANO S.A.;013986;FCA;39110;2014-06-02;http://www.rad.cvm.gov.br/ENETCONSULTA/frmDownloadDocumento.aspx?CodigoInstituicao=1&NumeroSequencialDocumento=39110
16.404.287/0001-55;2014-01-01;4;SUZANO S.A.;013986;FCA;43151;2014-12-18;http://www.rad.cvm.gov.br/ENETCONSULTA/frmDownloadDocumento.aspx?CodigoInstituicao=1&NumeroSequencialDocumento=43151
16.590.234/0001-76;2014-01-01;1;AREZZO INDÚSTRIA E COMÉRCIO S.A.;022349;FCA;34525;2014-02-13;http://www.rad.cvm.gov.br/ENETCONSULTA/frmDownloadDocumento.aspx?CodigoInstituicao=1&NumeroSequencialDocumento=34525
16.590.234/0001-76;2014-01-01;2;AREZZO INDÚSTRIA E COMÉRCIO S.A.;022349;FCA;36163;2014-04-09;http://www.rad.cvm.gov.br/ENETCONSULTA/frmDownloadDocumento.aspx?CodigoInstituicao=1&NumeroSequencialDocumento=36163
16.590.234/0001-76;2014-01-01;3;AREZZO INDÚSTRIA E COMÉRCIO S.A.;022349;FCA;37451;2014-05-13;http://www.rad.cvm.gov.br/ENETCONSULTA/frmDownloadDocumento.aspx?CodigoInstituicao=1&NumeroSequencialDocumento=37451
16.614.075/0001-00;2014-01-01;1;DIRECIONAL ENGENHARIA S.A.;021350;FCA;35237;2014-03-17;http://www.rad.cvm.gov.br/ENETCONSULTA/frmDownloadDocumento.aspx?CodigoInstituicao=1&NumeroSequencialDocumento=35237
16.614.075/0001-00;2014-01-01;2;DIRECIONAL ENGENHARIA S.A.;021350;FCA;37311;2014-05-12;http://www.rad.cvm.gov.br/ENETCONSULTA/frmDownloadDocumento.aspx?CodigoInstituicao=1&NumeroSequencialDocumento=37311
16.614.075/0001-00;2014-01-01;3;DIRECIONAL ENGENHARIA S.A.;021350;FCA;41008;2014-08-25;http://www.rad.cvm.gov.br/ENETCONSULTA/frmDownloadDocumento.aspx?CodigoInstituicao=1&NumeroSequencialDocumento=41008
16.614.075/0001-00;2014-01-01;4;DIRECIONAL ENGENHARIA S.A.;021350;FCA;42915;2014-12-01;http://www.rad.cvm.gov.br/ENETCONSULTA/frmDownloadDocumento.aspx?CodigoInstituicao=1&NumeroSequencialDocumento=42915
16.670.085/0001-55;2014-01-01;1;LOCALIZA RENT A CAR S.A.;019739;FCA;34682;2014-02-20;http://www.rad.cvm.gov.br/ENETCONSULTA/frmDownloadDocumento.aspx?CodigoInstituicao=1&NumeroSequencialDocumento=34682
16.670.085/0001-55;2014-01-01;2;LOCALIZA RENT A CAR S.A.;019739;FCA;37130;2014-05-09;http://www.rad.cvm.gov.br/ENETCONSULTA/frmDownloadDocumento.aspx?CodigoInstituicao=1&NumeroSequencialDocumento=37130
16.670.085/0001-55;2014-01-01;3;LOCALIZA RENT A CAR S.A.;019739;FCA;38202;2014-05-23;http://www.rad.cvm.gov.br/ENETCONSULTA/frmDownloadDocumento.aspx?CodigoInstituicao=1&NumeroSequencialDocumento=38202
17.155.730/0001-64;2014-01-01;1;CIA ENERGETICA DE MINAS GERAIS - CEMIG;002453;FCA;33835;2014-01-07;http://www.rad.cvm.gov.br/ENETCONSULTA/frmDownloadDocumento.aspx?CodigoInstituicao=1&NumeroSequencialDocumento=33835
17.155.730/0001-64;2014-01-01;2;CIA ENERGETICA DE MINAS GERAIS - CEMIG;002453;FCA;38266;2014-05-27;http://www.rad.cvm.gov.br/ENETCONSULTA/frmDownloadDocumento.aspx?CodigoInstituicao=1&NumeroSequencialDocumento=38266
17.159.005/0001-64;2014-01-01;1;FIACAO E TECELAGEM SAO JOSE SA EM RECUPERACAO JUDICIAL;005983;FCA;35875;2014-03-30;http://www.rad.cvm.gov.br/ENETCONSULTA/frmDownloadDocumento.aspx?CodigoInstituicao=1&NumeroSequencialDocumento=35875
17.159.005/0001-64;2014-01-01;2;FIACAO E TECELAGEM SAO JOSE SA EM RECUPERACAO JUDICIAL;005983;FCA;36539;2014-04-30;http://www.rad.cvm.gov.br/ENETCONSULTA/frmDownloadDocumento.aspx?CodigoInstituicao=1&NumeroSequencialDocumento=36539
17.159.005/0001-64;2014-01-01;3;FIACAO E TECELAGEM SAO JOSE SA EM RECUPERACAO JUDICIAL;005983;FCA;38174;2014-05-23;http://www.rad.cvm.gov.br/ENETCONSULTA/frmDownloadDocumento.aspx?CodigoInstituicao=1&NumeroSequencialDocumento=38174
17.161.241/0001-15;2014-01-01;1;MINASMAQUINAS S.A.;008818;FCA;35035;2014-03-07;http://www.rad.cvm.gov.br/ENETCONSULTA/frmDownloadDocumento.aspx?CodigoInstituicao=1&NumeroSequencialDocumento=35035
17.161.241/0001-15;2014-01-01;2;MINASMAQUINAS S.A.;008818;FCA;36936;2014-05-08;http://www.rad.cvm.gov.br/ENETCONSULTA/frmDownloadDocumento.aspx?CodigoInstituicao=1&NumeroSequencialDocumento=36936
17.162.082/0001-73;2014-01-01;1;MENDES JUNIOR ENGENHARIA S.A.;004782;FCA;34284;2014-02-03;http://www.rad.cvm.gov.br/ENETCONSULTA/frmDownloadDocumento.aspx?CodigoInstituicao=1&NumeroSequencialDocumento=34284
17.162.082/0001-73;2014-01-01;2;MENDES JUNIOR ENGENHARIA S.A.;004782;FCA;38096;2014-05-22;http://www.rad.cvm.gov.br/ENETCONSULTA/frmDownloadDocumento.aspx?CodigoInstituicao=1&NumeroSequencialDocumento=38096
17.167.396/0001-69;2014-01-01;1;ALFA HOLDINGS S.A.;009954;FCA;34017;2014-01-16;http://www.rad.cvm.gov.br/ENETCONSULTA/frmDownloadDocumento.aspx?CodigoInstituicao=1&NumeroSequencialDocumento=34017
17.167.396/0001-69;2014-01-01;2;ALFA HOLDINGS S.A.;009954;FCA;39123;2014-06-03;http://www.rad.cvm.gov.br/ENETCONSULTA/frmDownloadDocumento.aspx?CodigoInstituicao=1&NumeroSequencialDocumento=39123
17.167.396/0001-69;2014-01-01;3;ALFA HOLDINGS S.A.;009954;FCA;42897;2014-12-01;http://www.rad.cvm.gov.br/ENETCONSULTA/frmDownloadDocumento.aspx?CodigoInstituicao=1&NumeroSequencialDocumento=42897
17.167.412/0001-13;2014-01-01;1;FINANCEIRA ALFA S.A.- CRED FINANC E INVS;003891;FCA;34860;2014-02-26;http://www.rad.cvm.gov.br/ENETCONSULTA/frmDownloadDocumento.aspx?CodigoInstituicao=1&NumeroSequencialDocumento=34860
17.167.412/0001-13;2014-01-01;2;FINANCEIRA ALFA S.A.- CRED FINANC E INVS;003891;FCA;38453;2014-05-29;http://www.rad.cvm.gov.br/ENETCONSULTA/frmDownloadDocumento.aspx?CodigoInstituicao=1&NumeroSequencialDocumento=38453
17.167.412/0001-13;2014-01-01;3;FINANCEIRA ALFA S.A.- CRED FINANC E INVS;003891;FCA;42895;2014-12-01;http://www.rad.cvm.gov.br/ENETCONSULTA/frmDownloadDocumento.aspx?CodigoInstituicao=1&NumeroSequencialDocumento=42895
17.184.037/0001-10;2014-01-01;1;BCO MERCANTIL DO BRASIL S.A.;001325;FCA;34793;2014-02-25;http://www.rad.cvm.gov.br/ENETCONSULTA/frmDownloadDocumento.aspx?CodigoInstituicao=1&NumeroSequencialDocumento=34793
17.184.037/0001-10;2014-01-01;2;BCO MERCANTIL DO BRASIL S.A.;001325;FCA;36325;2014-04-17;http://www.rad.cvm.gov.br/ENETCONSULTA/frmDownloadDocumento.aspx?CodigoInstituicao=1&NumeroSequencialDocumento=36325
17.184.037/0001-10;2014-01-01;3;BCO MERCANTIL DO BRASIL S.A.;001325;FCA;36612;2014-05-03;http://www.rad.cvm.gov.br/ENETCONSULTA/frmDownloadDocumento.aspx?CodigoInstituicao=1&NumeroSequencialDocumento=36612
17.184.037/0001-10;2014-01-01;4;BCO MERCANTIL DO BRASIL S.A.;001325;FCA;39547;2014-07-02;http://www.rad.cvm.gov.br/ENETCONSULTA/frmDownloadDocumento.aspx?CodigoInstituicao=1&NumeroSequencialDocumento=39547
17.184.037/0001-10;2014-01-01;5;BCO MERCANTIL DO BRASIL S.A.;001325;FCA;42970;2014-12-05;http://www.rad.cvm.gov.br/ENETCONSULTA/frmDownloadDocumento.aspx?CodigoInstituicao=1&NumeroSequencialDocumento=42970
17.193.806/0001-46;2014-01-01;1;CONSORCIO ALFA DE ADMINISTRACAO S.A.;004707;FCA;34016;2014-01-16;http://www.rad.cvm.gov.br/ENETCONSULTA/frmDownloadDocumento.aspx?CodigoInstituicao=1&NumeroSequencialDocumento=34016
17.193.806/0001-46;2014-01-01;2;CONSORCIO ALFA DE ADMINISTRACAO S.A.;004707;FCA;39130;2014-06-03;http://www.rad.cvm.gov.br/ENETCONSULTA/frmDownloadDocumento.aspx?CodigoInstituicao=1&NumeroSequencialDocumento=39130
17.193.806/0001-46;2014-01-01;3;CONSORCIO ALFA DE ADMINISTRACAO S.A.;004707;FCA;42896;2014-12-01;http://www.rad.cvm.gov.br/ENETCONSULTA/frmDownloadDocumento.aspx?CodigoInstituicao=1&NumeroSequencialDocumento=42896
17.234.244/0001-31;2014-01-01;1;FTL - FERROVIA TRANSNORDESTINA LOGÍSTICA S.A.;023370;FCA;37388;2014-05-13;http://www.rad.cvm.gov.br/ENETCONSULTA/frmDownloadDocumento.aspx?CodigoInstituicao=1&NumeroSequencialDocumento=37388
17.245.234/0001-00;2014-01-01;1;CIA FIACAO TECIDOS CEDRO CACHOEIRA;003077;FCA;33723;2014-01-02;http://www.rad.cvm.gov.br/ENETCONSULTA/frmDownloadDocumento.aspx?CodigoInstituicao=1&NumeroSequencialDocumento=33723
17.245.234/0001-00;2014-01-01;2;CIA FIACAO TECIDOS CEDRO CACHOEIRA;003077;FCA;38123;2014-05-22;http://www.rad.cvm.gov.br/ENETCONSULTA/frmDownloadDocumento.aspx?CodigoInstituicao=1&NumeroSequencialDocumento=38123
17.281.106/0001-03;2014-01-01;1;CIA SANEAMENTO DE MINAS GERAIS-COPASA MG;019445;FCA;34022;2014-01-17;http://www.rad.cvm.gov.br/ENETCONSULTA/frmDownloadDocumento.aspx?CodigoInstituicao=1&NumeroSequencialDocumento=34022
17.281.106/0001-03;2014-01-01;2;CIA SANEAMENTO DE MINAS GERAIS-COPASA MG;019445;FCA;36797;2014-05-07;http://www.rad.cvm.gov.br/ENETCONSULTA/frmDownloadDocumento.aspx?CodigoInstituicao=1&NumeroSequencialDocumento=36797
17.344.597/0001-94;2014-01-01;1;BB SEGURIDADE PARTICIPAÇÕES S.A.;023159;FCA;34438;2014-02-11;http://www.rad.cvm.gov.br/ENETCONSULTA/frmDownloadDocumento.aspx?CodigoInstituicao=1&NumeroSequencialDocumento=34438
17.344.597/0001-94;2014-01-01;2;BB SEGURIDADE PARTICIPAÇÕES S.A.;023159;FCA;37392;2014-05-13;http://www.rad.cvm.gov.br/ENETCONSULTA/frmDownloadDocumento.aspx?CodigoInstituicao=1&NumeroSequencialDocumento=37392
17.344.597/0001-94;2014-01-01;3;BB SEGURIDADE PARTICIPAÇÕES S.A.;023159;FCA;39712;2014-07-15;http://www.rad.cvm.gov.br/ENETCONSULTA/frmDownloadDocumento.aspx?CodigoInstituicao=1&NumeroSequencialDocumento=39712
17.344.597/0001-94;2014-01-01;4;BB SEGURIDADE PARTICIPAÇÕES S.A.;023159;FCA;41765;2014-10-22;http://www.rad.cvm.gov.br/ENETCONSULTA/frmDownloadDocumento.aspx?CodigoInstituicao=1&NumeroSequencialDocumento=41765
17.344.597/0001-94;2014-01-01;5;BB SEGURIDADE PARTICIPAÇÕES S.A.;023159;FCA;42003;2014-11-04;http://www.rad.cvm.gov.br/ENETCONSULTA/frmDownloadDocumento.aspx?CodigoInstituicao=1&NumeroSequencialDocumento=42003
17.346.997/0001-39;2014-01-01;1;COSAN LOGISTICA S.A.;023485;FCA;41259;2014-09-12;http://www.rad.cvm.gov.br/ENETCONSULTA/frmDownloadDocumento.aspx?CodigoInstituicao=1&NumeroSequencialDocumento=41259
17.346.997/0001-39;2014-01-01;2;COSAN LOGISTICA S.A.;023485;FCA;41401;2014-09-23;http://www.rad.cvm.gov.br/ENETCONSULTA/frmDownloadDocumento.aspx?CodigoInstituicao=1&NumeroSequencialDocumento=41401
17.346.997/0001-39;2014-01-01;3;COSAN LOGISTICA S.A.;023485;FCA;41404;2014-09-24;http://www.rad.cvm.gov.br/ENETCONSULTA/frmDownloadDocumento.aspx?CodigoInstituicao=1&NumeroSequencialDocumento=41404
17.346.997/0001-39;2014-01-01;4;COSAN LOGISTICA S.A.;023485;FCA;42034;2014-11-05;http://www.rad.cvm.gov.br/ENETCONSULTA/frmDownloadDocumento.aspx?CodigoInstituicao=1&NumeroSequencialDocumento=42034
17.568.683/0001-80;2014-01-01;1;ISEC BRASIL SECURITIZADORA S/A;023337;FCA;34081;2014-01-21;http://www.rad.cvm.gov.br/ENETCONSULTA/frmDownloadDocumento.aspx?CodigoInstituicao=1&NumeroSequencialDocumento=34081
17.568.683/0001-80;2014-01-01;2;ISEC BRASIL SECURITIZADORA S/A;023337;FCA;35101;2014-03-11;http://www.rad.cvm.gov.br/ENETCONSULTA/frmDownloadDocumento.aspx?CodigoInstituicao=1&NumeroSequencialDocumento=35101
17.568.683/0001-80;2014-01-01;3;ISEC BRASIL SECURITIZADORA S/A;023337;FCA;38362;2014-05-28;http://www.rad.cvm.gov.br/ENETCONSULTA/frmDownloadDocumento.aspx?CodigoInstituicao=1&NumeroSequencialDocumento=38362
17.632.564/0001-40;2014-01-01;1;CONSULT SECURITIZADORA S/A;023256;FCA;35735;2014-03-28;http://www.rad.cvm.gov.br/ENETCONSULTA/frmDownloadDocumento.aspx?CodigoInstituicao=1&NumeroSequencialDocumento=35735
17.632.564/0001-40;2014-01-01;2;CONSULT SECURITIZADORA S/A;023256;FCA;37676;2014-05-15;http://www.rad.cvm.gov.br/ENETCONSULTA/frmDownloadDocumento.aspx?CodigoInstituicao=1&NumeroSequencialDocumento=37676
18.494.485/0001-82;2014-01-01;1;PORTO SUDESTE V.M. S.A.;023523;FCA;42415;2014-11-13;http://www.rad.cvm.gov.br/ENETCONSULTA/frmDownloadDocumento.aspx?CodigoInstituicao=1&NumeroSequencialDocumento=42415
19.288.959/0001-00;2014-01-01;1;SCCA - SECURITIZADORA DE CRÉDITOS DO AGRONEGÓCIO S.A.;023400;FCA;38454;2014-05-29;http://www.rad.cvm.gov.br/ENETCONSULTA/frmDownloadDocumento.aspx?CodigoInstituicao=1&NumeroSequencialDocumento=38454
19.296.342/0001-29;2014-01-01;1;MGI - MINAS GERAIS PARTICIPAÇÕES S.A.;022942;FCA;33924;2014-01-10;http://www.rad.cvm.gov.br/ENETCONSULTA/frmDownloadDocumento.aspx?CodigoInstituicao=1&NumeroSequencialDocumento=33924
19.296.342/0001-29;2014-01-01;2;MGI - MINAS GERAIS PARTICIPAÇÕES S.A.;022942;FCA;36201;2014-04-10;http://www.rad.cvm.gov.br/ENETCONSULTA/frmDownloadDocumento.aspx?CodigoInstituicao=1&NumeroSequencialDocumento=36201
19.296.342/0001-29;2014-01-01;3;MGI - MINAS GERAIS PARTICIPAÇÕES S.A.;022942;FCA;39178;2014-06-04;http://www.rad.cvm.gov.br/ENETCONSULTA/frmDownloadDocumento.aspx?CodigoInstituicao=1&NumeroSequencialDocumento=39178
19.511.433/0001-30;2014-01-01;1;SPE AKRO SECURITIZADORA S.A.;023361;FCA;35603;2014-03-27;http://www.rad.cvm.gov.br/ENETCONSULTA/frmDownloadDocumento.aspx?CodigoInstituicao=1&NumeroSequencialDocumento=35603
19.511.433/0001-30;2014-01-01;2;SPE AKRO SECURITIZADORA S.A.;023361;FCA;38383;2014-05-28;http://www.rad.cvm.gov.br/ENETCONSULTA/frmDownloadDocumento.aspx?CodigoInstituicao=1&NumeroSequencialDocumento=38383
19.526.748/0001-50;2014-01-01;1;CIA INDUSTRIAL CATAGUASES;003395;FCA;35022;2014-03-06;http://www.rad.cvm.gov.br/ENETCONSULTA/frmDownloadDocumento.aspx?CodigoInstituicao=1&NumeroSequencialDocumento=35022
19.526.748/0001-50;2014-01-01;2;CIA INDUSTRIAL CATAGUASES;003395;FCA;36285;2014-04-16;http://www.rad.cvm.gov.br/ENETCONSULTA/frmDownloadDocumento.aspx?CodigoInstituicao=1&NumeroSequencialDocumento=36285
19.526.748/0001-50;2014-01-01;3;CIA INDUSTRIAL CATAGUASES;003395;FCA;39116;2014-06-03;http://www.rad.cvm.gov.br/ENETCONSULTA/frmDownloadDocumento.aspx?CodigoInstituicao=1&NumeroSequencialDocumento=39116
19.527.639/0001-58;2014-01-01;1;ENERGISA MINAS RIO - DISTRIBUIDORA DE ENERGIA S/A;003271;FCA;35265;2014-03-18;http://www.rad.cvm.gov.br/ENETCONSULTA/frmDownloadDocumento.aspx?CodigoInstituicao=1&NumeroSequencialDocumento=35265
19.527.639/0001-58;2014-01-01;2;ENERGISA MINAS RIO - DISTRIBUIDORA DE ENERGIA S/A;003271;FCA;36626;2014-05-05;http://www.rad.cvm.gov.br/ENETCONSULTA/frmDownloadDocumento.aspx?CodigoInstituicao=1&NumeroSequencialDocumento=36626
19.527.639/0001-58;2014-01-01;3;ENERGISA MINAS RIO - DISTRIBUIDORA DE ENERGIA S/A;003271;FCA;41437;2014-09-26;http://www.rad.cvm.gov.br/ENETCONSULTA/frmDownloadDocumento.aspx?CodigoInstituicao=1&NumeroSequencialDocumento=41437
19.851.496/0001-35;2014-01-01;1;LOGOS COMPANHIA SECURITIZADORA S/A;023477;FCA;41160;2014-09-05;http://www.rad.cvm.gov.br/ENETCONSULTA/frmDownloadDocumento.aspx?CodigoInstituicao=1&NumeroSequencialDocumento=41160
19.851.496/0001-35;2014-01-01;2;LOGOS COMPANHIA SECURITIZADORA S/A;023477;FCA;42489;2014-11-14;http://www.rad.cvm.gov.br/ENETCONSULTA/frmDownloadDocumento.aspx?CodigoInstituicao=1&NumeroSequencialDocumento=42489
20.258.278/0001-70;2014-01-01;1;OURO FINO SAUDE ANIMAL PARTICIPACOES S.A.;023507;FCA;41730;2014-10-21;http://www.rad.cvm.gov.br/ENETCONSULTA/frmDownloadDocumento.aspx?CodigoInstituicao=1&NumeroSequencialDocumento=41730
20.258.278/0001-70;2014-01-01;2;OURO FINO SAUDE ANIMAL PARTICIPACOES S.A.;023507;FCA;41780;2014-10-23;http://www.rad.cvm.gov.br/ENETCONSULTA/frmDownloadDocumento.aspx?CodigoInstituicao=1&NumeroSequencialDocumento=41780
20.258.278/0001-70;2014-01-01;3;OURO FINO SAUDE ANIMAL PARTICIPACOES S.A.;023507;FCA;41858;2014-10-29;http://www.rad.cvm.gov.br/ENETCONSULTA/frmDownloadDocumento.aspx?CodigoInstituicao=1&NumeroSequencialDocumento=41858
21.255.567/0001-89;2014-01-01;1;CIA TECIDOS SANTANENSE;004081;FCA;34447;2014-02-11;http://www.rad.cvm.gov.br/ENETCONSULTA/frmDownloadDocumento.aspx?CodigoInstituicao=1&NumeroSequencialDocumento=34447
21.255.567/0001-89;2014-01-01;2;CIA TECIDOS SANTANENSE;004081;FCA;37975;2014-05-16;http://www.rad.cvm.gov.br/ENETCONSULTA/frmDownloadDocumento.aspx?CodigoInstituicao=1&NumeroSequencialDocumento=37975
22.164.990/0001-36;2014-01-01;1;ELETROSOM S/A;022373;FCA;33747;2014-01-02;http://www.rad.cvm.gov.br/ENETCONSULTA/frmDownloadDocumento.aspx?CodigoInstituicao=1&NumeroSequencialDocumento=33747
22.164.990/0001-36;2014-01-01;2;ELETROSOM S/A;022373;FCA;33750;2014-01-02;http://www.rad.cvm.gov.br/ENETCONSULTA/frmDownloadDocumento.aspx?CodigoInstituicao=1&NumeroSequencialDocumento=33750
22.164.990/0001-36;2014-01-01;3;ELETROSOM S/A;022373;FCA;37447;2014-05-13;http://www.rad.cvm.gov.br/ENETCONSULTA/frmDownloadDocumento.aspx?CodigoInstituicao=1&NumeroSequencialDocumento=37447
22.164.990/0001-36;2014-01-01;4;ELETROSOM S/A;022373;FCA;39539;2014-07-01;http://www.rad.cvm.gov.br/ENETCONSULTA/frmDownloadDocumento.aspx?CodigoInstituicao=1&NumeroSequencialDocumento=39539
22.164.990/0001-36;2014-01-01;5;ELETROSOM S/A;022373;FCA;40353;2014-08-12;http://www.rad.cvm.gov.br/ENETCONSULTA/frmDownloadDocumento.aspx?CodigoInstituicao=1&NumeroSequencialDocumento=40353
22.164.990/0001-36;2014-01-01;6;ELETROSOM S/A;022373;FCA;41500;2014-10-02;http://www.rad.cvm.gov.br/ENETCONSULTA/frmDownloadDocumento.aspx?CodigoInstituicao=1&NumeroSequencialDocumento=41500
22.164.990/0001-36;2014-01-01;7;ELETROSOM S/A;022373;FCA;42964;2014-12-05;http://www.rad.cvm.gov.br/ENETCONSULTA/frmDownloadDocumento.aspx?CodigoInstituicao=1&NumeroSequencialDocumento=42964
22.266.175/0001-88;2014-01-01;1;FERTILIZANTES HERINGER S.A.;020621;FCA;33728;2014-01-02;http://www.rad.cvm.gov.br/ENETCONSULTA/frmDownloadDocumento.aspx?CodigoInstituicao=1&NumeroSequencialDocumento=33728
22.266.175/0001-88;2014-01-01;2;FERTILIZANTES HERINGER S.A.;020621;FCA;33729;2014-01-02;http://www.rad.cvm.gov.br/ENETCONSULTA/frmDownloadDocumento.aspx?CodigoInstituicao=1&NumeroSequencialDocumento=33729
22.266.175/0001-88;2014-01-01;3;FERTILIZANTES HERINGER S.A.;020621;FCA;36199;2014-04-10;http://www.rad.cvm.gov.br/ENETCONSULTA/frmDownloadDocumento.aspx?CodigoInstituicao=1&NumeroSequencialDocumento=36199
22.266.175/0001-88;2014-01-01;4;FERTILIZANTES HERINGER S.A.;020621;FCA;38822;2014-05-30;http://www.rad.cvm.gov.br/ENETCONSULTA/frmDownloadDocumento.aspx?CodigoInstituicao=1&NumeroSequencialDocumento=38822
22.266.175/0001-88;2014-01-01;5;FERTILIZANTES HERINGER S.A.;020621;FCA;40042;2014-08-01;http://www.rad.cvm.gov.br/ENETCONSULTA/frmDownloadDocumento.aspx?CodigoInstituicao=1&NumeroSequencialDocumento=40042
22.266.175/0001-88;2014-01-01;6;FERTILIZANTES HERINGER S.A.;020621;FCA;40054;2014-08-04;http://www.rad.cvm.gov.br/ENETCONSULTA/frmDownloadDocumento.aspx?CodigoInstituicao=1&NumeroSequencialDocumento=40054
22.677.520/0001-76;2014-01-01;1;CIA TECIDOS NORTE DE MINAS COTEMINAS;003158;FCA;34410;2014-02-10;http://www.rad.cvm.gov.br/ENETCONSULTA/frmDownloadDocumento.aspx?CodigoInstituicao=1&NumeroSequencialDocumento=34410
22.677.520/0001-76;2014-01-01;2;CIA TECIDOS NORTE DE MINAS COTEMINAS;003158;FCA;37323;2014-05-12;http://www.rad.cvm.gov.br/ENETCONSULTA/frmDownloadDocumento.aspx?CodigoInstituicao=1&NumeroSequencialDocumento=37323
22.677.520/0001-76;2014-01-01;3;CIA TECIDOS NORTE DE MINAS COTEMINAS;003158;FCA;37341;2014-05-12;http://www.rad.cvm.gov.br/ENETCONSULTA/frmDownloadDocumento.aspx?CodigoInstituicao=1&NumeroSequencialDocumento=37341
22.770.366/0001-82;2014-01-01;1;TEC TOY S.A.;014133;FCA;35271;2014-03-18;http://www.rad.cvm.gov.br/ENETCONSULTA/frmDownloadDocumento.aspx?CodigoInstituicao=1&NumeroSequencialDocumento=35271
22.770.366/0001-82;2014-01-01;2;TEC TOY S.A.;014133;FCA;36808;2014-05-07;http://www.rad.cvm.gov.br/ENETCONSULTA/frmDownloadDocumento.aspx?CodigoInstituicao=1&NumeroSequencialDocumento=36808
22.770.366/0001-82;2014-01-01;3;TEC TOY S.A.;014133;FCA;38223;2014-05-26;http://www.rad.cvm.gov.br/ENETCONSULTA/frmDownloadDocumento.aspx?CodigoInstituicao=1&NumeroSequencialDocumento=38223
24.956.666/0001-86;2014-01-01;1;CLARION S/A AGROINDUSTRIAL;018490;FCA;41342;2014-09-19;http://www.rad.cvm.gov.br/ENETCONSULTA/frmDownloadDocumento.aspx?CodigoInstituicao=1&NumeroSequencialDocumento=41342
24.962.466/0001-36;2014-01-01;1;RUMO MALHA NORTE S.A.;015300;FCA;35657;2014-03-27;http://www.rad.cvm.gov.br/ENETCONSULTA/frmDownloadDocumento.aspx?CodigoInstituicao=1&NumeroSequencialDocumento=35657
24.962.466/0001-36;2014-01-01;2;RUMO MALHA NORTE S.A.;015300;FCA;36565;2014-04-30;http://www.rad.cvm.gov.br/ENETCONSULTA/frmDownloadDocumento.aspx?CodigoInstituicao=1&NumeroSequencialDocumento=36565
25.329.319/0001-96;2014-01-01;1;WEMBLEY SOCIEDADE ANÔNIMA;011800;FCA;34445;2014-02-11;http://www.rad.cvm.gov.br/ENETCONSULTA/frmDownloadDocumento.aspx?CodigoInstituicao=1&NumeroSequencialDocumento=34445
25.329.319/0001-96;2014-01-01;2;WEMBLEY SOCIEDADE ANÔNIMA;011800;FCA;37978;2014-05-16;http://www.rad.cvm.gov.br/ENETCONSULTA/frmDownloadDocumento.aspx?CodigoInstituicao=1&NumeroSequencialDocumento=37978
26.386.169/0001-15;2014-01-01;1;MERCANTIL DO BRASIL LEASING SA;015890;FCA;35139;2014-03-12;http://www.rad.cvm.gov.br/ENETCONSULTA/frmDownloadDocumento.aspx?CodigoInstituicao=1&NumeroSequencialDocumento=35139
26.386.169/0001-15;2014-01-01;2;MERCANTIL DO BRASIL LEASING SA;015890;FCA;36614;2014-05-03;http://www.rad.cvm.gov.br/ENETCONSULTA/frmDownloadDocumento.aspx?CodigoInstituicao=1&NumeroSequencialDocumento=36614
27.093.558/0001-15;2014-01-01;1;MILLS LOCAÇÃO, SERVIÇOS E LOGÍSTICA S.A.;022012;FCA;33738;2014-01-02;http://www.rad.cvm.gov.br/ENETCONSULTA/frmDownloadDocumento.aspx?CodigoInstituicao=1&NumeroSequencialDocumento=33738
27.093.558/0001-15;2014-01-01;2;MILLS LOCAÇÃO, SERVIÇOS E LOGÍSTICA S.A.;022012;FCA;36564;2014-04-30;http://www.rad.cvm.gov.br/ENETCONSULTA/frmDownloadDocumento.aspx?CodigoInstituicao=1&NumeroSequencialDocumento=36564
27.093.558/0001-15;2014-01-01;3;MILLS LOCAÇÃO, SERVIÇOS E LOGÍSTICA S.A.;022012;FCA;38290;2014-05-27;http://www.rad.cvm.gov.br/ENETCONSULTA/frmDownloadDocumento.aspx?CodigoInstituicao=1&NumeroSequencialDocumento=38290
28.127.603/0001-78;2014-01-01;1;BANESTES S.A. - BCO EST ESPIRITO SANTO;001155;FCA;33798;2014-01-06;http://www.rad.cvm.gov.br/ENETCONSULTA/frmDownloadDocumento.aspx?CodigoInstituicao=1&NumeroSequencialDocumento=33798
28.127.603/0001-78;2014-01-01;2;BANESTES S.A. - BCO EST ESPIRITO SANTO;001155;FCA;36092;2014-04-04;http://www.rad.cvm.gov.br/ENETCONSULTA/frmDownloadDocumento.aspx?CodigoInstituicao=1&NumeroSequencialDocumento=36092
28.127.603/0001-78;2014-01-01;3;BANESTES S.A. - BCO EST ESPIRITO SANTO;001155;FCA;38229;2014-05-26;http://www.rad.cvm.gov.br/ENETCONSULTA/frmDownloadDocumento.aspx?CodigoInstituicao=1&NumeroSequencialDocumento=38229
28.127.603/0001-78;2014-01-01;4;BANESTES S.A. - BCO EST ESPIRITO SANTO;001155;FCA;39835;2014-07-22;http://www.rad.cvm.gov.br/ENETCONSULTA/frmDownloadDocumento.aspx?CodigoInstituicao=1&NumeroSequencialDocumento=39835
28.152.650/0001-71;2014-01-01;1;EDP ESPIRITO SANTO DISTRIBUIÇÃO DE ENERGIA S.A.;015342;FCA;34872;2014-02-26;http://www.rad.cvm.gov.br/ENETCONSULTA/frmDownloadDocumento.aspx?CodigoInstituicao=1&NumeroSequencialDocumento=34872
28.152.650/0001-71;2014-01-01;2;EDP ESPIRITO SANTO DISTRIBUIÇÃO DE ENERGIA S.A.;015342;FCA;38726;2014-05-30;http://www.rad.cvm.gov.br/ENETCONSULTA/frmDownloadDocumento.aspx?CodigoInstituicao=1&NumeroSequencialDocumento=38726
28.152.650/0001-71;2014-01-01;3;EDP ESPIRITO SANTO DISTRIBUIÇÃO DE ENERGIA S.A.;015342;FCA;39284;2014-06-12;http://www.rad.cvm.gov.br/ENETCONSULTA/frmDownloadDocumento.aspx?CodigoInstituicao=1&NumeroSequencialDocumento=39284
28.152.650/0001-71;2014-01-01;4;EDP ESPIRITO SANTO DISTRIBUIÇÃO DE ENERGIA S.A.;015342;FCA;41157;2014-09-05;http://www.rad.cvm.gov.br/ENETCONSULTA/frmDownloadDocumento.aspx?CodigoInstituicao=1&NumeroSequencialDocumento=41157
28.195.667/0001-06;2014-01-01;1;BCO ABC BRASIL S.A.;020958;FCA;34338;2014-02-05;http://www.rad.cvm.gov.br/ENETCONSULTA/frmDownloadDocumento.aspx?CodigoInstituicao=1&NumeroSequencialDocumento=34338
28.195.667/0001-06;2014-01-01;2;BCO ABC BRASIL S.A.;020958;FCA;35774;2014-03-28;http://www.rad.cvm.gov.br/ENETCONSULTA/frmDownloadDocumento.aspx?CodigoInstituicao=1&NumeroSequencialDocumento=35774
28.195.667/0001-06;2014-01-01;3;BCO ABC BRASIL S.A.;020958;FCA;38481;2014-05-29;http://www.rad.cvm.gov.br/ENETCONSULTA/frmDownloadDocumento.aspx?CodigoInstituicao=1&NumeroSequencialDocumento=38481
28.500.320/0001-20;2014-01-01;1;INDÚSTRIA VEROLME S.A. - IVESA;012866;FCA;35720;2014-03-28;http://www.rad.cvm.gov.br/ENETCONSULTA/frmDownloadDocumento.aspx?CodigoInstituicao=1&NumeroSequencialDocumento=35720
28.500.320/0001-20;2014-01-01;2;INDÚSTRIA VEROLME S.A. - IVESA;012866;FCA;37395;2014-05-13;http://www.rad.cvm.gov.br/ENETCONSULTA/frmDownloadDocumento.aspx?CodigoInstituicao=1&NumeroSequencialDocumento=37395
28.500.320/0001-20;2014-01-01;3;INDÚSTRIA VEROLME S.A. - IVESA;012866;FCA;40326;2014-08-12;http://www.rad.cvm.gov.br/ENETCONSULTA/frmDownloadDocumento.aspx?CodigoInstituicao=1&NumeroSequencialDocumento=40326
28.500.320/0001-20;2014-01-01;4;INDÚSTRIA VEROLME S.A. - IVESA;012866;FCA;42982;2014-12-08;http://www.rad.cvm.gov.br/ENETCONSULTA/frmDownloadDocumento.aspx?CodigoInstituicao=1&NumeroSequencialDocumento=42982
28.573.830/0001-27;2014-01-01;1;TAIPE TRANCOSO EMPREENDIMENTOS S/A;020508;FCA;41282;2014-09-15;http://www.rad.cvm.gov.br/ENETCONSULTA/frmDownloadDocumento.aspx?CodigoInstituicao=1&NumeroSequencialDocumento=41282
29.780.061/0001-09;2014-01-01;1;SAO CARLOS EMPREEND E PARTICIPACOES S.A.;013781;FCA;35188;2014-03-13;http://www.rad.cvm.gov.br/ENETCONSULTA/frmDownloadDocumento.aspx?CodigoInstituicao=1&NumeroSequencialDocumento=35188
29.780.061/0001-09;2014-01-01;2;SAO CARLOS EMPREEND E PARTICIPACOES S.A.;013781;FCA;36630;2014-05-05;http://www.rad.cvm.gov.br/ENETCONSULTA/frmDownloadDocumento.aspx?CodigoInstituicao=1&NumeroSequencialDocumento=36630
29.780.061/0001-09;2014-01-01;3;SAO CARLOS EMPREEND E PARTICIPACOES S.A.;013781;FCA;42809;2014-11-21;http://www.rad.cvm.gov.br/ENETCONSULTA/frmDownloadDocumento.aspx?CodigoInstituicao=1&NumeroSequencialDocumento=42809
29.950.060/0001-57;2014-01-01;1;NORTEC QUÍMICA S.A.;022985;FCA;34741;2014-02-24;http://www.rad.cvm.gov.br/ENETCONSULTA/frmDownloadDocumento.aspx?CodigoInstituicao=1&NumeroSequencialDocumento=34741
29.950.060/0001-57;2014-01-01;2;NORTEC QUÍMICA S.A.;022985;FCA;38001;2014-05-19;http://www.rad.cvm.gov.br/ENETCONSULTA/frmDownloadDocumento.aspx?CodigoInstituicao=1&NumeroSequencialDocumento=38001
29.950.060/0001-57;2014-01-01;3;NORTEC QUÍMICA S.A.;022985;FCA;41159;2014-09-05;http://www.rad.cvm.gov.br/ENETCONSULTA/frmDownloadDocumento.aspx?CodigoInstituicao=1&NumeroSequencialDocumento=41159
29.978.814/0001-87;2014-01-01;1;SUL AMERICA S.A.;021121;FCA;34008;2014-01-15;http://www.rad.cvm.gov.br/ENETCONSULTA/frmDownloadDocumento.aspx?CodigoInstituicao=1&NumeroSequencialDocumento=34008
29.978.814/0001-87;2014-01-01;2;SUL AMERICA S.A.;021121;FCA;35222;2014-03-17;http://www.rad.cvm.gov.br/ENETCONSULTA/frmDownloadDocumento.aspx?CodigoInstituicao=1&NumeroSequencialDocumento=35222
29.978.814/0001-87;2014-01-01;3;SUL AMERICA S.A.;021121;FCA;36058;2014-04-02;http://www.rad.cvm.gov.br/ENETCONSULTA/frmDownloadDocumento.aspx?CodigoInstituicao=1&NumeroSequencialDocumento=36058
29.978.814/0001-87;2014-01-01;4;SUL AMERICA S.A.;021121;FCA;36060;2014-04-02;http://www.rad.cvm.gov.br/ENETCONSULTA/frmDownloadDocumento.aspx?CodigoInstituicao=1&NumeroSequencialDocumento=36060
29.978.814/0001-87;2014-01-01;5;SUL AMERICA S.A.;021121;FCA;38634;2014-05-30;http://www.rad.cvm.gov.br/ENETCONSULTA/frmDownloadDocumento.aspx?CodigoInstituicao=1&NumeroSequencialDocumento=38634
29.978.814/0001-87;2014-01-01;6;SUL AMERICA S.A.;021121;FCA;43102;2014-12-15;http://www.rad.cvm.gov.br/ENETCONSULTA/frmDownloadDocumento.aspx?CodigoInstituicao=1&NumeroSequencialDocumento=43102
30.306.294/0001-45;2014-01-01;1;BCO BTG PACTUAL S.A.;022616;FCA;34635;2014-02-18;http://www.rad.cvm.gov.br/ENETCONSULTA/frmDownloadDocumento.aspx?CodigoInstituicao=1&NumeroSequencialDocumento=34635
30.306.294/0001-45;2014-01-01;2;BCO BTG PACTUAL S.A.;022616;FCA;36718;2014-05-06;http://www.rad.cvm.gov.br/ENETCONSULTA/frmDownloadDocumento.aspx?CodigoInstituicao=1&NumeroSequencialDocumento=36718
30.306.294/0001-45;2014-01-01;3;BCO BTG PACTUAL S.A.;022616;FCA;39139;2014-06-03;http://www.rad.cvm.gov.br/ENETCONSULTA/frmDownloadDocumento.aspx?CodigoInstituicao=1&NumeroSequencialDocumento=39139
30.540.991/0001-66;2014-01-01;1;HAGA S.A. INDUSTRIA E COMERCIO;013366;FCA;35279;2014-03-18;http://www.rad.cvm.gov.br/ENETCONSULTA/frmDownloadDocumento.aspx?CodigoInstituicao=1&NumeroSequencialDocumento=35279
30.540.991/0001-66;2014-01-01;2;HAGA S.A. INDUSTRIA E COMERCIO;013366;FCA;37458;2014-05-13;http://www.rad.cvm.gov.br/ENETCONSULTA/frmDownloadDocumento.aspx?CodigoInstituicao=1&NumeroSequencialDocumento=37458
31.895.683/0001-16;2014-01-01;1;BANCO INDUSTRIAL DO BRASIL;021377;FCA;34192;2014-01-27;http://www.rad.cvm.gov.br/ENETCONSULTA/frmDownloadDocumento.aspx?CodigoInstituicao=1&NumeroSequencialDocumento=34192
31.895.683/0001-16;2014-01-01;2;BANCO INDUSTRIAL DO BRASIL;021377;FCA;38105;2014-05-22;http://www.rad.cvm.gov.br/ENETCONSULTA/frmDownloadDocumento.aspx?CodigoInstituicao=1&NumeroSequencialDocumento=38105
32.681.371/0001-72;2014-01-01;1;VIX LOGÍSTICA S.A.;021202;FCA;35479;2014-03-25;http://www.rad.cvm.gov.br/ENETCONSULTA/frmDownloadDocumento.aspx?CodigoInstituicao=1&NumeroSequencialDocumento=35479
32.681.371/0001-72;2014-01-01;2;VIX LOGÍSTICA S.A.;021202;FCA;37140;2014-05-09;http://www.rad.cvm.gov.br/ENETCONSULTA/frmDownloadDocumento.aspx?CodigoInstituicao=1&NumeroSequencialDocumento=37140
33.000.167/0001-01;2014-01-01;1;PETROLEO BRASILEIRO S.A. PETROBRAS;009512;FCA;33772;2014-01-03;http://www.rad.cvm.gov.br/ENETCONSULTA/frmDownloadDocumento.aspx?CodigoInstituicao=1&NumeroSequencialDocumento=33772
33.000.167/0001-01;2014-01-01;2;PETROLEO BRASILEIRO S.A. PETROBRAS;009512;FCA;37153;2014-05-09;http://www.rad.cvm.gov.br/ENETCONSULTA/frmDownloadDocumento.aspx?CodigoInstituicao=1&NumeroSequencialDocumento=37153
33.009.911/0001-39;2014-01-01;1;SOUZA CRUZ SA;004057;FCA;33730;2014-01-02;http://www.rad.cvm.gov.br/ENETCONSULTA/frmDownloadDocumento.aspx?CodigoInstituicao=1&NumeroSequencialDocumento=33730
33.009.911/0001-39;2014-01-01;2;SOUZA CRUZ SA;004057;FCA;38390;2014-05-28;http://www.rad.cvm.gov.br/ENETCONSULTA/frmDownloadDocumento.aspx?CodigoInstituicao=1&NumeroSequencialDocumento=38390
33.009.911/0001-39;2014-01-01;3;SOUZA CRUZ SA;004057;FCA;39968;2014-07-29;http://www.rad.cvm.gov.br/ENETCONSULTA/frmDownloadDocumento.aspx?CodigoInstituicao=1&NumeroSequencialDocumento=39968
33.014.556/0001-96;2014-01-01;1;LOJAS AMERICANAS S.A.;008087;FCA;33788;2014-01-03;http://www.rad.cvm.gov.br/ENETCONSULTA/frmDownloadDocumento.aspx?CodigoInstituicao=1&NumeroSequencialDocumento=33788
33.014.556/0001-96;2014-01-01;2;LOJAS AMERICANAS S.A.;008087;FCA;36999;2014-05-08;http://www.rad.cvm.gov.br/ENETCONSULTA/frmDownloadDocumento.aspx?CodigoInstituicao=1&NumeroSequencialDocumento=36999
33.035.536/0001-00;2014-01-01;1;JOAO FORTES ENGENHARIA S.A. - EM RECUPERAÇÃO JUDICIAL;007811;FCA;35163;2014-03-13;http://www.rad.cvm.gov.br/ENETCONSULTA/frmDownloadDocumento.aspx?CodigoInstituicao=1&NumeroSequencialDocumento=35163
33.035.536/0001-00;2014-01-01;2;JOAO FORTES ENGENHARIA S.A. - EM RECUPERAÇÃO JUDICIAL;007811;FCA;38601;2014-05-30;http://www.rad.cvm.gov.br/ENETCONSULTA/frmDownloadDocumento.aspx?CodigoInstituicao=1&NumeroSequencialDocumento=38601
33.035.536/0001-00;2014-01-01;3;JOAO FORTES ENGENHARIA S.A. - EM RECUPERAÇÃO JUDICIAL;007811;FCA;39593;2014-07-07;http://www.rad.cvm.gov.br/ENETCONSULTA/frmDownloadDocumento.aspx?CodigoInstituicao=1&NumeroSequencialDocumento=39593
33.035.536/0001-00;2014-01-01;4;JOAO FORTES ENGENHARIA S.A. - EM RECUPERAÇÃO JUDICIAL;007811;FCA;43111;2014-12-16;http://www.rad.cvm.gov.br/ENETCONSULTA/frmDownloadDocumento.aspx?CodigoInstituicao=1&NumeroSequencialDocumento=43111
33.039.223/0001-11;2014-01-01;1;CIMENTO TUPI S.A.;022829;FCA;33980;2014-01-14;http://www.rad.cvm.gov.br/ENETCONSULTA/frmDownloadDocumento.aspx?CodigoInstituicao=1&NumeroSequencialDocumento=33980
33.039.223/0001-11;2014-01-01;2;CIMENTO TUPI S.A.;022829;FCA;36836;2014-05-07;http://www.rad.cvm.gov.br/ENETCONSULTA/frmDownloadDocumento.aspx?CodigoInstituicao=1&NumeroSequencialDocumento=36836
33.039.223/0001-11;2014-01-01;3;CIMENTO TUPI S.A.;022829;FCA;36851;2014-05-07;http://www.rad.cvm.gov.br/ENETCONSULTA/frmDownloadDocumento.aspx?CodigoInstituicao=1&NumeroSequencialDocumento=36851
33.039.223/0001-11;2014-01-01;4;CIMENTO TUPI S.A.;022829;FCA;36954;2014-05-08;http://www.rad.cvm.gov.br/ENETCONSULTA/frmDownloadDocumento.aspx?CodigoInstituicao=1&NumeroSequencialDocumento=36954
33.039.223/0001-11;2014-01-01;5;CIMENTO TUPI S.A.;022829;FCA;36971;2014-05-08;http://www.rad.cvm.gov.br/ENETCONSULTA/frmDownloadDocumento.aspx?CodigoInstituicao=1&NumeroSequencialDocumento=36971
33.039.223/0001-11;2014-01-01;6;CIMENTO TUPI S.A.;022829;FCA;38424;2014-05-29;http://www.rad.cvm.gov.br/ENETCONSULTA/frmDownloadDocumento.aspx?CodigoInstituicao=1&NumeroSequencialDocumento=38424
33.039.223/0001-11;2014-01-01;7;CIMENTO TUPI S.A.;022829;FCA;38472;2014-05-29;http://www.rad.cvm.gov.br/ENETCONSULTA/frmDownloadDocumento.aspx?CodigoInstituicao=1&NumeroSequencialDocumento=38472
33.039.223/0001-11;2014-01-01;8;CIMENTO TUPI S.A.;022829;FCA;39359;2014-06-13;http://www.rad.cvm.gov.br/ENETCONSULTA/frmDownloadDocumento.aspx?CodigoInstituicao=1&NumeroSequencialDocumento=39359
33.039.223/0001-11;2014-01-01;9;CIMENTO TUPI S.A.;022829;FCA;39361;2014-06-13;http://www.rad.cvm.gov.br/ENETCONSULTA/frmDownloadDocumento.aspx?CodigoInstituicao=1&NumeroSequencialDocumento=39361
33.040.601/0001-87;2014-01-01;1;CREDITAQUI FINANCEIRA S.A. - C.F.I.;008540;FCA;34000;2014-01-15;http://www.rad.cvm.gov.br/ENETCONSULTA/frmDownloadDocumento.aspx?CodigoInstituicao=1&NumeroSequencialDocumento=34000
33.040.601/0001-87;2014-01-01;2;CREDITAQUI FINANCEIRA S.A. - C.F.I.;008540;FCA;36613;2014-05-03;http://www.rad.cvm.gov.br/ENETCONSULTA/frmDownloadDocumento.aspx?CodigoInstituicao=1&NumeroSequencialDocumento=36613
33.040.601/0001-87;2014-01-01;3;CREDITAQUI FINANCEIRA S.A. - C.F.I.;008540;FCA;42963;2014-12-05;http://www.rad.cvm.gov.br/ENETCONSULTA/frmDownloadDocumento.aspx?CodigoInstituicao=1&NumeroSequencialDocumento=42963
33.041.260/0652-90;2014-01-01;1;GRUPO CASAS BAHIA S.A.;006505;FCA;33821;2014-01-06;http://www.rad.cvm.gov.br/ENETCONSULTA/frmDownloadDocumento.aspx?CodigoInstituicao=1&NumeroSequencialDocumento=33821
33.041.260/0652-90;2014-01-01;2;GRUPO CASAS BAHIA S.A.;006505;FCA;36069;2014-04-03;http://www.rad.cvm.gov.br/ENETCONSULTA/frmDownloadDocumento.aspx?CodigoInstituicao=1&NumeroSequencialDocumento=36069
33.041.260/0652-90;2014-01-01;3;GRUPO CASAS BAHIA S.A.;006505;FCA;38102;2014-05-22;http://www.rad.cvm.gov.br/ENETCONSULTA/frmDownloadDocumento.aspx?CodigoInstituicao=1&NumeroSequencialDocumento=38102
33.041.260/0652-90;2014-01-01;4;GRUPO CASAS BAHIA S.A.;006505;FCA;38905;2014-05-30;http://www.rad.cvm.gov.br/ENETCONSULTA/frmDownloadDocumento.aspx?CodigoInstituicao=1&NumeroSequencialDocumento=38905
33.042.730/0001-04;2014-01-01;1;CIA SIDERURGICA NACIONAL;004030;FCA;33955;2014-01-13;http://www.rad.cvm.gov.br/ENETCONSULTA/frmDownloadDocumento.aspx?CodigoInstituicao=1&NumeroSequencialDocumento=33955
33.042.730/0001-04;2014-01-01;2;CIA SIDERURGICA NACIONAL;004030;FCA;38268;2014-05-27;http://www.rad.cvm.gov.br/ENETCONSULTA/frmDownloadDocumento.aspx?CodigoInstituicao=1&NumeroSequencialDocumento=38268
33.050.071/0001-58;2014-01-01;1;AMPLA ENERGIA E SERVICOS S.A.;003050;FCA;34571;2014-02-14;http://www.rad.cvm.gov.br/ENETCONSULTA/frmDownloadDocumento.aspx?CodigoInstituicao=1&NumeroSequencialDocumento=34571
33.050.196/0001-88;2014-01-01;1;CIA PAULISTA DE FORCA E LUZ;003824;FCA;35589;2014-03-27;http://www.rad.cvm.gov.br/ENETCONSULTA/frmDownloadDocumento.aspx?CodigoInstituicao=1&NumeroSequencialDocumento=35589
33.050.196/0001-88;2014-01-01;2;CIA PAULISTA DE FORCA E LUZ;003824;FCA;38179;2014-05-23;http://www.rad.cvm.gov.br/ENETCONSULTA/frmDownloadDocumento.aspx?CodigoInstituicao=1&NumeroSequencialDocumento=38179
33.050.196/0001-88;2014-01-01;3;CIA PAULISTA DE FORCA E LUZ;003824;FCA;41489;2014-10-01;http://www.rad.cvm.gov.br/ENETCONSULTA/frmDownloadDocumento.aspx?CodigoInstituicao=1&NumeroSequencialDocumento=41489
33.050.196/0001-88;2014-01-01;4;CIA PAULISTA DE FORCA E LUZ;003824;FCA;41550;2014-10-07;http://www.rad.cvm.gov.br/ENETCONSULTA/frmDownloadDocumento.aspx?CodigoInstituicao=1&NumeroSequencialDocumento=41550
33.102.476/0001-92;2014-01-01;1;MONTEIRO ARANHA S.A.;008893;FCA;35990;2014-03-31;http://www.rad.cvm.gov.br/ENETCONSULTA/frmDownloadDocumento.aspx?CodigoInstituicao=1&NumeroSequencialDocumento=35990
33.102.476/0001-92;2014-01-01;2;MONTEIRO ARANHA S.A.;008893;FCA;38679;2014-05-30;http://www.rad.cvm.gov.br/ENETCONSULTA/frmDownloadDocumento.aspx?CodigoInstituicao=1&NumeroSequencialDocumento=38679
33.111.246/0001-90;2014-01-01;1;TECNOSOLO ENGENHARIA S.A. - EMPRESA FALIDA;011207;FCA;36113;2014-04-04;http://www.rad.cvm.gov.br/ENETCONSULTA/frmDownloadDocumento.aspx?CodigoInstituicao=1&NumeroSequencialDocumento=36113
33.111.246/0001-90;2014-01-01;2;TECNOSOLO ENGENHARIA S.A. - EMPRESA FALIDA;011207;FCA;38210;2014-05-23;http://www.rad.cvm.gov.br/ENETCONSULTA/frmDownloadDocumento.aspx?CodigoInstituicao=1&NumeroSequencialDocumento=38210
33.111.246/0001-90;2014-01-01;3;TECNOSOLO ENGENHARIA S.A. - EMPRESA FALIDA;011207;FCA;39298;2014-06-12;http://www.rad.cvm.gov.br/ENETCONSULTA/frmDownloadDocumento.aspx?CodigoInstituicao=1&NumeroSequencialDocumento=39298
33.111.246/0001-90;2014-01-01;4;TECNOSOLO ENGENHARIA S.A. - EMPRESA FALIDA;011207;FCA;41463;2014-09-29;http://www.rad.cvm.gov.br/ENETCONSULTA/frmDownloadDocumento.aspx?CodigoInstituicao=1&NumeroSequencialDocumento=41463
33.113.309/0001-47;2014-01-01;1;VALID SOLUÇÕES S.A.;020028;FCA;33751;2014-01-02;http://www.rad.cvm.gov.br/ENETCONSULTA/frmDownloadDocumento.aspx?CodigoInstituicao=1&NumeroSequencialDocumento=33751
33.113.309/0001-47;2014-01-01;2;VALID SOLUÇÕES S.A.;020028;FCA;40929;2014-08-19;http://www.rad.cvm.gov.br/ENETCONSULTA/frmDownloadDocumento.aspx?CodigoInstituicao=1&NumeroSequencialDocumento=40929
33.161.340/0001-53;2014-01-01;1;SERGEN SERVS GERAIS DE ENG SA;010596;FCA;42995;2014-12-09;http://www.rad.cvm.gov.br/ENETCONSULTA/frmDownloadDocumento.aspx?CodigoInstituicao=1&NumeroSequencialDocumento=42995
33.200.049/0001-47;2014-01-01;1;HOTEIS OTHON S.A. - EM RECUPERAÇÃO JUDICIAL;006700;FCA;34620;2014-02-18;http://www.rad.cvm.gov.br/ENETCONSULTA/frmDownloadDocumento.aspx?CodigoInstituicao=1&NumeroSequencialDocumento=34620
33.228.024/0001-51;2014-01-01;1;WLM PART. E COMÉRCIO DE MÁQUINAS E VEÍCULOS S.A.;011070;FCA;35625;2014-03-27;http://www.rad.cvm.gov.br/ENETCONSULTA/frmDownloadDocumento.aspx?CodigoInstituicao=1&NumeroSequencialDocumento=35625
33.228.024/0001-51;2014-01-01;2;WLM PART. E COMÉRCIO DE MÁQUINAS E VEÍCULOS S.A.;011070;FCA;36153;2014-04-08;http://www.rad.cvm.gov.br/ENETCONSULTA/frmDownloadDocumento.aspx?CodigoInstituicao=1&NumeroSequencialDocumento=36153
33.228.024/0001-51;2014-01-01;3;WLM PART. E COMÉRCIO DE MÁQUINAS E VEÍCULOS S.A.;011070;FCA;37526;2014-05-14;http://www.rad.cvm.gov.br/ENETCONSULTA/frmDownloadDocumento.aspx?CodigoInstituicao=1&NumeroSequencialDocumento=37526
33.256.439/0001-39;2014-01-01;1;ULTRAPAR PARTICIPACOES S.A.;018465;FCA;34448;2014-02-11;http://www.rad.cvm.gov.br/ENETCONSULTA/frmDownloadDocumento.aspx?CodigoInstituicao=1&NumeroSequencialDocumento=34448
33.256.439/0001-39;2014-01-01;2;ULTRAPAR PARTICIPACOES S.A.;018465;FCA;38225;2014-05-26;http://www.rad.cvm.gov.br/ENETCONSULTA/frmDownloadDocumento.aspx?CodigoInstituicao=1&NumeroSequencialDocumento=38225
33.352.394/0001-04;2014-01-01;1;CIA ESTADUAL DE ÁGUAS E ESGOTOS - CEDAE;016373;FCA;35916;2014-03-31;http://www.rad.cvm.gov.br/ENETCONSULTA/frmDownloadDocumento.aspx?CodigoInstituicao=1&NumeroSequencialDocumento=35916
33.352.394/0001-04;2014-01-01;2;CIA ESTADUAL DE ÁGUAS E ESGOTOS - CEDAE;016373;FCA;36947;2014-05-08;http://www.rad.cvm.gov.br/ENETCONSULTA/frmDownloadDocumento.aspx?CodigoInstituicao=1&NumeroSequencialDocumento=36947
33.386.210/0001-19;2014-01-01;1;SONDOTECNICA ENGENHARIA SOLOS S.A.;010880;FCA;35574;2014-03-27;http://www.rad.cvm.gov.br/ENETCONSULTA/frmDownloadDocumento.aspx?CodigoInstituicao=1&NumeroSequencialDocumento=35574
33.386.210/0001-19;2014-01-01;2;SONDOTECNICA ENGENHARIA SOLOS S.A.;010880;FCA;37149;2014-05-09;http://www.rad.cvm.gov.br/ENETCONSULTA/frmDownloadDocumento.aspx?CodigoInstituicao=1&NumeroSequencialDocumento=37149
33.412.081/0001-96;2014-01-01;1;REFINARIA DE PETROLEOS MANGUINHOS S.A.;009989;FCA;34245;2014-01-30;http://www.rad.cvm.gov.br/ENETCONSULTA/frmDownloadDocumento.aspx?CodigoInstituicao=1&NumeroSequencialDocumento=34245
33.433.665/0001-48;2014-01-01;1;DOCAS INVESTIMENTOS SA;003182;FCA;35716;2014-03-28;http://www.rad.cvm.gov.br/ENETCONSULTA/frmDownloadDocumento.aspx?CodigoInstituicao=1&NumeroSequencialDocumento=35716
33.433.665/0001-48;2014-01-01;2;DOCAS INVESTIMENTOS SA;003182;FCA;37105;2014-05-09;http://www.rad.cvm.gov.br/ENETCONSULTA/frmDownloadDocumento.aspx?CodigoInstituicao=1&NumeroSequencialDocumento=37105
33.467.572/0001-34;2014-01-01;1;TEKNO S.A. - INDUSTRIA E COMERCIO;011231;FCA;35538;2014-03-26;http://www.rad.cvm.gov.br/ENETCONSULTA/frmDownloadDocumento.aspx?CodigoInstituicao=1&NumeroSequencialDocumento=35538
33.467.572/0001-34;2014-01-01;2;TEKNO S.A. - INDUSTRIA E COMERCIO;011231;FCA;37119;2014-05-09;http://www.rad.cvm.gov.br/ENETCONSULTA/frmDownloadDocumento.aspx?CodigoInstituicao=1&NumeroSequencialDocumento=37119
33.467.572/0001-34;2014-01-01;3;TEKNO S.A. - INDUSTRIA E COMERCIO;011231;FCA;38671;2014-05-30;http://www.rad.cvm.gov.br/ENETCONSULTA/frmDownloadDocumento.aspx?CodigoInstituicao=1&NumeroSequencialDocumento=38671
33.541.368/0001-16;2014-01-01;1;CIA HIDRO ELÉTRICA DO SÃO FRANCISCO;003328;FCA;34851;2014-02-26;http://www.rad.cvm.gov.br/ENETCONSULTA/frmDownloadDocumento.aspx?CodigoInstituicao=1&NumeroSequencialDocumento=34851
33.541.368/0001-16;2014-01-01;2;CIA HIDRO ELÉTRICA DO SÃO FRANCISCO;003328;FCA;36189;2014-04-10;http://www.rad.cvm.gov.br/ENETCONSULTA/frmDownloadDocumento.aspx?CodigoInstituicao=1&NumeroSequencialDocumento=36189
33.541.368/0001-16;2014-01-01;3;CIA HIDRO ELÉTRICA DO SÃO FRANCISCO;003328;FCA;36906;2014-05-07;http://www.rad.cvm.gov.br/ENETCONSULTA/frmDownloadDocumento.aspx?CodigoInstituicao=1&NumeroSequencialDocumento=36906
33.541.368/0001-16;2014-01-01;4;CIA HIDRO ELÉTRICA DO SÃO FRANCISCO;003328;FCA;36974;2014-05-08;http://www.rad.cvm.gov.br/ENETCONSULTA/frmDownloadDocumento.aspx?CodigoInstituicao=1&NumeroSequencialDocumento=36974
33.592.510/0001-54;2014-01-01;1;VALE S.A.;004170;FCA;33754;2014-01-02;http://www.rad.cvm.gov.br/ENETCONSULTA/frmDownloadDocumento.aspx?CodigoInstituicao=1&NumeroSequencialDocumento=33754
33.592.510/0001-54;2014-01-01;2;VALE S.A.;004170;FCA;36882;2014-05-07;http://www.rad.cvm.gov.br/ENETCONSULTA/frmDownloadDocumento.aspx?CodigoInstituicao=1&NumeroSequencialDocumento=36882
33.611.500/0001-19;2014-01-01;1;GERDAU S.A.;003980;FCA;34721;2014-02-21;http://www.rad.cvm.gov.br/ENETCONSULTA/frmDownloadDocumento.aspx?CodigoInstituicao=1&NumeroSequencialDocumento=34721
33.611.500/0001-19;2014-01-01;2;GERDAU S.A.;003980;FCA;38321;2014-05-28;http://www.rad.cvm.gov.br/ENETCONSULTA/frmDownloadDocumento.aspx?CodigoInstituicao=1&NumeroSequencialDocumento=38321
33.937.681/0001-78;2014-01-01;1;LATAM AIRLINES GROUP S.A.;080128;FCA;35256;2014-03-17;http://www.rad.cvm.gov.br/ENETCONSULTA/frmDownloadDocumento.aspx?CodigoInstituicao=1&NumeroSequencialDocumento=35256
33.937.681/0001-78;2014-01-01;2;LATAM AIRLINES GROUP S.A.;080128;FCA;38051;2014-05-20;http://www.rad.cvm.gov.br/ENETCONSULTA/frmDownloadDocumento.aspx?CodigoInstituicao=1&NumeroSequencialDocumento=38051
33.937.681/0001-78;2014-01-01;3;LATAM AIRLINES GROUP S.A.;080128;FCA;40401;2014-08-13;http://www.rad.cvm.gov.br/ENETCONSULTA/frmDownloadDocumento.aspx?CodigoInstituicao=1&NumeroSequencialDocumento=40401
33.937.681/0001-78;2014-01-01;4;LATAM AIRLINES GROUP S.A.;080128;FCA;41246;2014-09-11;http://www.rad.cvm.gov.br/ENETCONSULTA/frmDownloadDocumento.aspx?CodigoInstituicao=1&NumeroSequencialDocumento=41246
33.938.119/0001-69;2014-01-01;1;CIA DISTRIB DE GAS DO RIO DE JANEIRO-CEG;016616;FCA;35737;2014-03-28;http://www.rad.cvm.gov.br/ENETCONSULTA/frmDownloadDocumento.aspx?CodigoInstituicao=1&NumeroSequencialDocumento=35737
33.938.119/0001-69;2014-01-01;2;CIA DISTRIB DE GAS DO RIO DE JANEIRO-CEG;016616;FCA;38914;2014-05-30;http://www.rad.cvm.gov.br/ENETCONSULTA/frmDownloadDocumento.aspx?CodigoInstituicao=1&NumeroSequencialDocumento=38914
33.958.695/0001-78;2014-01-01;1;UNIPAR CARBOCLORO S.A.;011592;FCA;33891;2014-01-09;http://www.rad.cvm.gov.br/ENETCONSULTA/frmDownloadDocumento.aspx?CodigoInstituicao=1&NumeroSequencialDocumento=33891
33.958.695/0001-78;2014-01-01;2;UNIPAR CARBOCLORO S.A.;011592;FCA;37167;2014-05-09;http://www.rad.cvm.gov.br/ENETCONSULTA/frmDownloadDocumento.aspx?CodigoInstituicao=1&NumeroSequencialDocumento=37167
34.169.557/0001-72;2014-01-01;1;BCO MERCANTIL DE INVESTIMENTOS S.A.;001309;FCA;35138;2014-03-12;http://www.rad.cvm.gov.br/ENETCONSULTA/frmDownloadDocumento.aspx?CodigoInstituicao=1&NumeroSequencialDocumento=35138
34.169.557/0001-72;2014-01-01;2;BCO MERCANTIL DE INVESTIMENTOS S.A.;001309;FCA;36611;2014-05-03;http://www.rad.cvm.gov.br/ENETCONSULTA/frmDownloadDocumento.aspx?CodigoInstituicao=1&NumeroSequencialDocumento=36611
34.169.557/0001-72;2014-01-01;3;BCO MERCANTIL DE INVESTIMENTOS S.A.;001309;FCA;42962;2014-12-05;http://www.rad.cvm.gov.br/ENETCONSULTA/frmDownloadDocumento.aspx?CodigoInstituicao=1&NumeroSequencialDocumento=42962
34.265.561/0001-34;2014-01-01;1;BMG LEASING S.A. - ARREND. MERCANTIL;001724;FCA;34487;2014-02-12;http://www.rad.cvm.gov.br/ENETCONSULTA/frmDownloadDocumento.aspx?CodigoInstituicao=1&NumeroSequencialDocumento=34487
34.265.561/0001-34;2014-01-01;2;BMG LEASING S.A. - ARREND. MERCANTIL;001724;FCA;38128;2014-05-22;http://www.rad.cvm.gov.br/ENETCONSULTA/frmDownloadDocumento.aspx?CodigoInstituicao=1&NumeroSequencialDocumento=38128
35.791.391/0001-94;2014-01-01;1;QUALITY SOFTWARE S.A.;023302;FCA;35700;2014-03-28;http://www.rad.cvm.gov.br/ENETCONSULTA/frmDownloadDocumento.aspx?CodigoInstituicao=1&NumeroSequencialDocumento=35700
35.791.391/0001-94;2014-01-01;2;QUALITY SOFTWARE S.A.;023302;FCA;42853;2014-11-26;http://www.rad.cvm.gov.br/ENETCONSULTA/frmDownloadDocumento.aspx?CodigoInstituicao=1&NumeroSequencialDocumento=42853
39.115.514/0001-28;2014-01-01;1;RUMO MALHA OESTE S.A.;017850;FCA;35664;2014-03-27;http://www.rad.cvm.gov.br/ENETCONSULTA/frmDownloadDocumento.aspx?CodigoInstituicao=1&NumeroSequencialDocumento=35664
39.115.514/0001-28;2014-01-01;2;RUMO MALHA OESTE S.A.;017850;FCA;36599;2014-05-02;http://www.rad.cvm.gov.br/ENETCONSULTA/frmDownloadDocumento.aspx?CodigoInstituicao=1&NumeroSequencialDocumento=36599
42.150.391/0001-70;2014-01-01;1;BRASKEM S.A.;004820;FCA;34501;2014-02-12;http://www.rad.cvm.gov.br/ENETCONSULTA/frmDownloadDocumento.aspx?CodigoInstituicao=1&NumeroSequencialDocumento=34501
42.150.391/0001-70;2014-01-01;2;BRASKEM S.A.;004820;FCA;38781;2014-05-30;http://www.rad.cvm.gov.br/ENETCONSULTA/frmDownloadDocumento.aspx?CodigoInstituicao=1&NumeroSequencialDocumento=38781
42.278.291/0001-24;2014-01-01;1;LOG-IN LOGISTICA INTERMODAL S.A.;020710;FCA;33893;2014-01-09;http://www.rad.cvm.gov.br/ENETCONSULTA/frmDownloadDocumento.aspx?CodigoInstituicao=1&NumeroSequencialDocumento=33893
42.278.291/0001-24;2014-01-01;2;LOG-IN LOGISTICA INTERMODAL S.A.;020710;FCA;35824;2014-03-28;http://www.rad.cvm.gov.br/ENETCONSULTA/frmDownloadDocumento.aspx?CodigoInstituicao=1&NumeroSequencialDocumento=35824
42.278.291/0001-24;2014-01-01;3;LOG-IN LOGISTICA INTERMODAL S.A.;020710;FCA;36110;2014-04-04;http://www.rad.cvm.gov.br/ENETCONSULTA/frmDownloadDocumento.aspx?CodigoInstituicao=1&NumeroSequencialDocumento=36110
42.278.291/0001-24;2014-01-01;4;LOG-IN LOGISTICA INTERMODAL S.A.;020710;FCA;36334;2014-04-20;http://www.rad.cvm.gov.br/ENETCONSULTA/frmDownloadDocumento.aspx?CodigoInstituicao=1&NumeroSequencialDocumento=36334
42.278.291/0001-24;2014-01-01;5;LOG-IN LOGISTICA INTERMODAL S.A.;020710;FCA;38170;2014-05-23;http://www.rad.cvm.gov.br/ENETCONSULTA/frmDownloadDocumento.aspx?CodigoInstituicao=1&NumeroSequencialDocumento=38170
42.331.462/0001-31;2014-01-01;1;EMBPAR PARTICIPAÇÕES S/A;015458;FCA;35205;2014-03-14;http://www.rad.cvm.gov.br/ENETCONSULTA/frmDownloadDocumento.aspx?CodigoInstituicao=1&NumeroSequencialDocumento=35205
42.331.462/0001-31;2014-01-01;2;EMBPAR PARTICIPAÇÕES S/A;015458;FCA;36409;2014-04-25;http://www.rad.cvm.gov.br/ENETCONSULTA/frmDownloadDocumento.aspx?CodigoInstituicao=1&NumeroSequencialDocumento=36409
42.331.462/0001-31;2014-01-01;3;EMBPAR PARTICIPAÇÕES S/A;015458;FCA;38466;2014-05-29;http://www.rad.cvm.gov.br/ENETCONSULTA/frmDownloadDocumento.aspx?CodigoInstituicao=1&NumeroSequencialDocumento=38466
43.185.362/0001-07;2014-01-01;1;IGB ELETRONICA S.A - EM RECUPERACAO JUDICIAL;006815;FCA;34433;2014-02-10;http://www.rad.cvm.gov.br/ENETCONSULTA/frmDownloadDocumento.aspx?CodigoInstituicao=1&NumeroSequencialDocumento=34433
43.185.362/0001-07;2014-01-01;2;IGB ELETRONICA S.A - EM RECUPERACAO JUDICIAL;006815;FCA;39931;2014-07-28;http://www.rad.cvm.gov.br/ENETCONSULTA/frmDownloadDocumento.aspx?CodigoInstituicao=1&NumeroSequencialDocumento=39931
43.185.362/0001-07;2014-01-01;3;IGB ELETRONICA S.A - EM RECUPERACAO JUDICIAL;006815;FCA;39938;2014-07-28;http://www.rad.cvm.gov.br/ENETCONSULTA/frmDownloadDocumento.aspx?CodigoInstituicao=1&NumeroSequencialDocumento=39938
43.185.362/0001-07;2014-01-01;4;IGB ELETRONICA S.A - EM RECUPERACAO JUDICIAL;006815;FCA;41051;2014-08-26;http://www.rad.cvm.gov.br/ENETCONSULTA/frmDownloadDocumento.aspx?CodigoInstituicao=1&NumeroSequencialDocumento=41051
43.185.362/0001-07;2014-01-01;5;IGB ELETRONICA S.A - EM RECUPERACAO JUDICIAL;006815;FCA;41778;2014-10-23;http://www.rad.cvm.gov.br/ENETCONSULTA/frmDownloadDocumento.aspx?CodigoInstituicao=1&NumeroSequencialDocumento=41778
43.470.988/0001-65;2014-01-01;1;EVEN CONSTRUTORA E INCORPORADORA S.A.;020524;FCA;34763;2014-02-24;http://www.rad.cvm.gov.br/ENETCONSULTA/frmDownloadDocumento.aspx?CodigoInstituicao=1&NumeroSequencialDocumento=34763
43.470.988/0001-65;2014-01-01;2;EVEN CONSTRUTORA E INCORPORADORA S.A.;020524;FCA;36818;2014-05-07;http://www.rad.cvm.gov.br/ENETCONSULTA/frmDownloadDocumento.aspx?CodigoInstituicao=1&NumeroSequencialDocumento=36818
43.470.988/0001-65;2014-01-01;3;EVEN CONSTRUTORA E INCORPORADORA S.A.;020524;FCA;38510;2014-05-29;http://www.rad.cvm.gov.br/ENETCONSULTA/frmDownloadDocumento.aspx?CodigoInstituicao=1&NumeroSequencialDocumento=38510
43.776.517/0001-80;2014-01-01;1;CIA SANEAMENTO BASICO EST SAO PAULO;014443;FCA;35847;2014-03-28;http://www.rad.cvm.gov.br/ENETCONSULTA/frmDownloadDocumento.aspx?CodigoInstituicao=1&NumeroSequencialDocumento=35847
43.776.517/0001-80;2014-01-01;2;CIA SANEAMENTO BASICO EST SAO PAULO;014443;FCA;36920;2014-05-07;http://www.rad.cvm.gov.br/ENETCONSULTA/frmDownloadDocumento.aspx?CodigoInstituicao=1&NumeroSequencialDocumento=36920
43.776.517/0001-80;2014-01-01;3;CIA SANEAMENTO BASICO EST SAO PAULO;014443;FCA;39586;2014-07-03;http://www.rad.cvm.gov.br/ENETCONSULTA/frmDownloadDocumento.aspx?CodigoInstituicao=1&NumeroSequencialDocumento=39586
45.453.214/0001-51;2014-01-01;1;PROFARMA DISTRIB PROD FARMACEUTICOS S.A.;020346;FCA;35649;2014-03-27;http://www.rad.cvm.gov.br/ENETCONSULTA/frmDownloadDocumento.aspx?CodigoInstituicao=1&NumeroSequencialDocumento=35649
45.453.214/0001-51;2014-01-01;2;PROFARMA DISTRIB PROD FARMACEUTICOS S.A.;020346;FCA;39122;2014-06-03;http://www.rad.cvm.gov.br/ENETCONSULTA/frmDownloadDocumento.aspx?CodigoInstituicao=1&NumeroSequencialDocumento=39122
45.987.245/0001-92;2014-01-01;1;BAHEMA EDUCAÇÃO S.A.;000701;FCA;34457;2014-02-11;http://www.rad.cvm.gov.br/ENETCONSULTA/frmDownloadDocumento.aspx?CodigoInstituicao=1&NumeroSequencialDocumento=34457
45.987.245/0001-92;2014-01-01;2;BAHEMA EDUCAÇÃO S.A.;000701;FCA;38020;2014-05-19;http://www.rad.cvm.gov.br/ENETCONSULTA/frmDownloadDocumento.aspx?CodigoInstituicao=1&NumeroSequencialDocumento=38020
45.987.245/0001-92;2014-01-01;3;BAHEMA EDUCAÇÃO S.A.;000701;FCA;38097;2014-05-22;http://www.rad.cvm.gov.br/ENETCONSULTA/frmDownloadDocumento.aspx?CodigoInstituicao=1&NumeroSequencialDocumento=38097
46.014.635/0001-49;2014-01-01;1;CONSTRUTORA LIX DA CUNHA S.A.;004774;FCA;35764;2014-03-28;http://www.rad.cvm.gov.br/ENETCONSULTA/frmDownloadDocumento.aspx?CodigoInstituicao=1&NumeroSequencialDocumento=35764
46.014.635/0001-49;2014-01-01;2;CONSTRUTORA LIX DA CUNHA S.A.;004774;FCA;38630;2014-05-30;http://www.rad.cvm.gov.br/ENETCONSULTA/frmDownloadDocumento.aspx?CodigoInstituicao=1&NumeroSequencialDocumento=38630
46.119.855/0001-37;2014-01-01;1;SOCIEDADE ABASTECIMENTO DE ÁGUA E SANEAMENTO S.A - SANASA;016241;FCA;35407;2014-03-21;http://www.rad.cvm.gov.br/ENETCONSULTA/frmDownloadDocumento.aspx?CodigoInstituicao=1&NumeroSequencialDocumento=35407
46.119.855/0001-37;2014-01-01;2;SOCIEDADE ABASTECIMENTO DE ÁGUA E SANEAMENTO S.A - SANASA;016241;FCA;37098;2014-05-09;http://www.rad.cvm.gov.br/ENETCONSULTA/frmDownloadDocumento.aspx?CodigoInstituicao=1&NumeroSequencialDocumento=37098
47.193.149/0001-06;2014-01-01;1;SANTANDER LEASING S.A. ARRENDAMENTO MERCANTIL;020559;FCA;34359;2014-02-06;http://www.rad.cvm.gov.br/ENETCONSULTA/frmDownloadDocumento.aspx?CodigoInstituicao=1&NumeroSequencialDocumento=34359
47.193.149/0001-06;2014-01-01;2;SANTANDER LEASING S.A. ARRENDAMENTO MERCANTIL;020559;FCA;38665;2014-05-30;http://www.rad.cvm.gov.br/ENETCONSULTA/frmDownloadDocumento.aspx?CodigoInstituicao=1&NumeroSequencialDocumento=38665
47.193.149/0001-06;2014-01-01;3;SANTANDER LEASING S.A. ARRENDAMENTO MERCANTIL;020559;FCA;42935;2014-12-02;http://www.rad.cvm.gov.br/ENETCONSULTA/frmDownloadDocumento.aspx?CodigoInstituicao=1&NumeroSequencialDocumento=42935
47.508.411/0001-56;2014-01-01;1;CIA BRASILEIRA DE DISTRIBUICAO;014826;FCA;34208;2014-01-28;http://www.rad.cvm.gov.br/ENETCONSULTA/frmDownloadDocumento.aspx?CodigoInstituicao=1&NumeroSequencialDocumento=34208
47.508.411/0001-56;2014-01-01;2;CIA BRASILEIRA DE DISTRIBUICAO;014826;FCA;38791;2014-05-30;http://www.rad.cvm.gov.br/ENETCONSULTA/frmDownloadDocumento.aspx?CodigoInstituicao=1&NumeroSequencialDocumento=38791
47.509.120/0001-82;2014-01-01;1;BRADESCO LEASING S.A. ARREND MERCANTIL;019640;FCA;34575;2014-02-17;http://www.rad.cvm.gov.br/ENETCONSULTA/frmDownloadDocumento.aspx?CodigoInstituicao=1&NumeroSequencialDocumento=34575
47.509.120/0001-82;2014-01-01;2;BRADESCO LEASING S.A. ARREND MERCANTIL;019640;FCA;37441;2014-05-13;http://www.rad.cvm.gov.br/ENETCONSULTA/frmDownloadDocumento.aspx?CodigoInstituicao=1&NumeroSequencialDocumento=37441
47.960.950/0001-21;2014-01-01;1;MAGAZINE LUIZA S.A.;022470;FCA;34129;2014-01-23;http://www.rad.cvm.gov.br/ENETCONSULTA/frmDownloadDocumento.aspx?CodigoInstituicao=1&NumeroSequencialDocumento=34129
47.960.950/0001-21;2014-01-01;2;MAGAZINE LUIZA S.A.;022470;FCA;38864;2014-05-30;http://www.rad.cvm.gov.br/ENETCONSULTA/frmDownloadDocumento.aspx?CodigoInstituicao=1&NumeroSequencialDocumento=38864
47.960.950/0001-21;2014-01-01;3;MAGAZINE LUIZA S.A.;022470;FCA;39829;2014-07-21;http://www.rad.cvm.gov.br/ENETCONSULTA/frmDownloadDocumento.aspx?CodigoInstituicao=1&NumeroSequencialDocumento=39829
49.263.189/0001-02;2014-01-01;1;HELBOR EMPREENDIMENTOS S.A.;020877;FCA;35296;2014-03-18;http://www.rad.cvm.gov.br/ENETCONSULTA/frmDownloadDocumento.aspx?CodigoInstituicao=1&NumeroSequencialDocumento=35296
49.263.189/0001-02;2014-01-01;2;HELBOR EMPREENDIMENTOS S.A.;020877;FCA;35322;2014-03-19;http://www.rad.cvm.gov.br/ENETCONSULTA/frmDownloadDocumento.aspx?CodigoInstituicao=1&NumeroSequencialDocumento=35322
49.263.189/0001-02;2014-01-01;3;HELBOR EMPREENDIMENTOS S.A.;020877;FCA;35328;2014-03-19;http://www.rad.cvm.gov.br/ENETCONSULTA/frmDownloadDocumento.aspx?CodigoInstituicao=1&NumeroSequencialDocumento=35328
49.263.189/0001-02;2014-01-01;4;HELBOR EMPREENDIMENTOS S.A.;020877;FCA;38484;2014-05-29;http://www.rad.cvm.gov.br/ENETCONSULTA/frmDownloadDocumento.aspx?CodigoInstituicao=1&NumeroSequencialDocumento=38484
49.669.856/0001-43;2014-01-01;1;VESTE S.A. ESTILO;021440;FCA;34701;2014-02-20;http://www.rad.cvm.gov.br/ENETCONSULTA/frmDownloadDocumento.aspx?CodigoInstituicao=1&NumeroSequencialDocumento=34701
49.669.856/0001-43;2014-01-01;2;VESTE S.A. ESTILO;021440;FCA;38482;2014-05-29;http://www.rad.cvm.gov.br/ENETCONSULTA/frmDownloadDocumento.aspx?CodigoInstituicao=1&NumeroSequencialDocumento=38482
50.564.053/0001-03;2014-01-01;1;BOMBRIL S.A.;012190;FCA;34673;2014-02-19;http://www.rad.cvm.gov.br/ENETCONSULTA/frmDownloadDocumento.aspx?CodigoInstituicao=1&NumeroSequencialDocumento=34673
50.564.053/0001-03;2014-01-01;2;BOMBRIL S.A.;012190;FCA;37268;2014-05-12;http://www.rad.cvm.gov.br/ENETCONSULTA/frmDownloadDocumento.aspx?CodigoInstituicao=1&NumeroSequencialDocumento=37268
50.746.577/0001-15;2014-01-01;1;COSAN S.A.;019836;FCA;34895;2014-02-26;http://www.rad.cvm.gov.br/ENETCONSULTA/frmDownloadDocumento.aspx?CodigoInstituicao=1&NumeroSequencialDocumento=34895
50.746.577/0001-15;2014-01-01;2;COSAN S.A.;019836;FCA;36665;2014-05-05;http://www.rad.cvm.gov.br/ENETCONSULTA/frmDownloadDocumento.aspx?CodigoInstituicao=1&NumeroSequencialDocumento=36665
50.746.577/0001-15;2014-01-01;3;COSAN S.A.;019836;FCA;40298;2014-08-11;http://www.rad.cvm.gov.br/ENETCONSULTA/frmDownloadDocumento.aspx?CodigoInstituicao=1&NumeroSequencialDocumento=40298
50.746.577/0001-15;2014-01-01;4;COSAN S.A.;019836;FCA;42024;2014-11-05;http://www.rad.cvm.gov.br/ENETCONSULTA/frmDownloadDocumento.aspx?CodigoInstituicao=1&NumeroSequencialDocumento=42024
50.926.955/0001-42;2014-01-01;1;VULCABRAS S.A.;011762;FCA;34014;2014-01-16;http://www.rad.cvm.gov.br/ENETCONSULTA/frmDownloadDocumento.aspx?CodigoInstituicao=1&NumeroSequencialDocumento=34014
50.926.955/0001-42;2014-01-01;2;VULCABRAS S.A.;011762;FCA;37563;2014-05-14;http://www.rad.cvm.gov.br/ENETCONSULTA/frmDownloadDocumento.aspx?CodigoInstituicao=1&NumeroSequencialDocumento=37563
50.926.955/0001-42;2014-01-01;3;VULCABRAS S.A.;011762;FCA;39381;2014-06-16;http://www.rad.cvm.gov.br/ENETCONSULTA/frmDownloadDocumento.aspx?CodigoInstituicao=1&NumeroSequencialDocumento=39381
51.128.999/0001-90;2014-01-01;1;NUTRIPLANT INDUSTRIA E COMERCIO S.A.;021334;FCA;35122;2014-03-12;http://www.rad.cvm.gov.br/ENETCONSULTA/frmDownloadDocumento.aspx?CodigoInstituicao=1&NumeroSequencialDocumento=35122
51.128.999/0001-90;2014-01-01;2;NUTRIPLANT INDUSTRIA E COMERCIO S.A.;021334;FCA;36363;2014-04-23;http://www.rad.cvm.gov.br/ENETCONSULTA/frmDownloadDocumento.aspx?CodigoInstituicao=1&NumeroSequencialDocumento=36363
51.128.999/0001-90;2014-01-01;3;NUTRIPLANT INDUSTRIA E COMERCIO S.A.;021334;FCA;36622;2014-05-05;http://www.rad.cvm.gov.br/ENETCONSULTA/frmDownloadDocumento.aspx?CodigoInstituicao=1&NumeroSequencialDocumento=36622
51.128.999/0001-90;2014-01-01;4;NUTRIPLANT INDUSTRIA E COMERCIO S.A.;021334;FCA;40945;2014-08-20;http://www.rad.cvm.gov.br/ENETCONSULTA/frmDownloadDocumento.aspx?CodigoInstituicao=1&NumeroSequencialDocumento=40945
51.218.147/0001-93;2014-01-01;1;IGUATEMI EMPRESA DE SHOPPING CENTERS S.A;020494;FCA;35096;2014-03-11;http://www.rad.cvm.gov.br/ENETCONSULTA/frmDownloadDocumento.aspx?CodigoInstituicao=1&NumeroSequencialDocumento=35096
51.218.147/0001-93;2014-01-01;2;IGUATEMI EMPRESA DE SHOPPING CENTERS S.A;020494;FCA;38697;2014-05-30;http://www.rad.cvm.gov.br/ENETCONSULTA/frmDownloadDocumento.aspx?CodigoInstituicao=1&NumeroSequencialDocumento=38697
51.466.860/0001-56;2014-01-01;1;SAO MARTINHO S.A.;020516;FCA;34535;2014-02-13;http://www.rad.cvm.gov.br/ENETCONSULTA/frmDownloadDocumento.aspx?CodigoInstituicao=1&NumeroSequencialDocumento=34535
51.466.860/0001-56;2014-01-01;2;SAO MARTINHO S.A.;020516;FCA;37097;2014-05-09;http://www.rad.cvm.gov.br/ENETCONSULTA/frmDownloadDocumento.aspx?CodigoInstituicao=1&NumeroSequencialDocumento=37097
51.466.860/0001-56;2014-01-01;3;SAO MARTINHO S.A.;020516;FCA;40044;2014-08-01;http://www.rad.cvm.gov.br/ENETCONSULTA/frmDownloadDocumento.aspx?CodigoInstituicao=1&NumeroSequencialDocumento=40044
51.466.860/0001-56;2014-01-01;4;SAO MARTINHO S.A.;020516;FCA;41328;2014-09-18;http://www.rad.cvm.gov.br/ENETCONSULTA/frmDownloadDocumento.aspx?CodigoInstituicao=1&NumeroSequencialDocumento=41328
51.928.174/0001-50;2014-01-01;1;PLASCAR PARTICIPACOES INDUSTRIAIS S.A.;013471;FCA;33992;2014-01-15;http://www.rad.cvm.gov.br/ENETCONSULTA/frmDownloadDocumento.aspx?CodigoInstituicao=1&NumeroSequencialDocumento=33992
51.928.174/0001-50;2014-01-01;2;PLASCAR PARTICIPACOES INDUSTRIAIS S.A.;013471;FCA;38232;2014-05-26;http://www.rad.cvm.gov.br/ENETCONSULTA/frmDownloadDocumento.aspx?CodigoInstituicao=1&NumeroSequencialDocumento=38232
51.928.174/0001-50;2014-01-01;3;PLASCAR PARTICIPACOES INDUSTRIAIS S.A.;013471;FCA;39878;2014-07-24;http://www.rad.cvm.gov.br/ENETCONSULTA/frmDownloadDocumento.aspx?CodigoInstituicao=1&NumeroSequencialDocumento=39878
52.548.435/0001-79;2014-01-01;1;JSL S.A.;022020;FCA;34827;2014-02-25;http://www.rad.cvm.gov.br/ENETCONSULTA/frmDownloadDocumento.aspx?CodigoInstituicao=1&NumeroSequencialDocumento=34827
52.548.435/0001-79;2014-01-01;2;JSL S.A.;022020;FCA;36407;2014-04-24;http://www.rad.cvm.gov.br/ENETCONSULTA/frmDownloadDocumento.aspx?CodigoInstituicao=1&NumeroSequencialDocumento=36407
52.548.435/0001-79;2014-01-01;3;JSL S.A.;022020;FCA;36848;2014-05-07;http://www.rad.cvm.gov.br/ENETCONSULTA/frmDownloadDocumento.aspx?CodigoInstituicao=1&NumeroSequencialDocumento=36848
52.548.435/0001-79;2014-01-01;4;JSL S.A.;022020;FCA;37865;2014-05-15;http://www.rad.cvm.gov.br/ENETCONSULTA/frmDownloadDocumento.aspx?CodigoInstituicao=1&NumeroSequencialDocumento=37865
52.548.435/0001-79;2014-01-01;5;JSL S.A.;022020;FCA;42961;2014-12-05;http://www.rad.cvm.gov.br/ENETCONSULTA/frmDownloadDocumento.aspx?CodigoInstituicao=1&NumeroSequencialDocumento=42961
52.736.840/0001-10;2014-01-01;1;CERAMICA CHIARELLI SA;002488;FCA;35015;2014-03-06;http://www.rad.cvm.gov.br/ENETCONSULTA/frmDownloadDocumento.aspx?CodigoInstituicao=1&NumeroSequencialDocumento=35015
52.736.840/0001-10;2014-01-01;2;CERAMICA CHIARELLI SA;002488;FCA;41709;2014-10-20;http://www.rad.cvm.gov.br/ENETCONSULTA/frmDownloadDocumento.aspx?CodigoInstituicao=1&NumeroSequencialDocumento=41709
53.113.791/0001-22;2014-01-01;1;TOTVS S.A.;019992;FCA;33866;2014-01-08;http://www.rad.cvm.gov.br/ENETCONSULTA/frmDownloadDocumento.aspx?CodigoInstituicao=1&NumeroSequencialDocumento=33866
53.113.791/0001-22;2014-01-01;2;TOTVS S.A.;019992;FCA;38010;2014-05-19;http://www.rad.cvm.gov.br/ENETCONSULTA/frmDownloadDocumento.aspx?CodigoInstituicao=1&NumeroSequencialDocumento=38010
53.113.791/0001-22;2014-01-01;3;TOTVS S.A.;019992;FCA;41917;2014-10-31;http://www.rad.cvm.gov.br/ENETCONSULTA/frmDownloadDocumento.aspx?CodigoInstituicao=1&NumeroSequencialDocumento=41917
53.518.684/0001-84;2014-01-01;1;HSBC LEASING ARRENDAMENTO MERCANTIL (BRASIL) S/A;019755;FCA;34198;2014-01-28;http://www.rad.cvm.gov.br/ENETCONSULTA/frmDownloadDocumento.aspx?CodigoInstituicao=1&NumeroSequencialDocumento=34198
53.518.684/0001-84;2014-01-01;2;HSBC LEASING ARRENDAMENTO MERCANTIL (BRASIL) S/A;019755;FCA;36817;2014-05-07;http://www.rad.cvm.gov.br/ENETCONSULTA/frmDownloadDocumento.aspx?CodigoInstituicao=1&NumeroSequencialDocumento=36817
53.790.218/0001-53;2014-01-01;1;JPSP INVESTIMENTOS E PARTICIPAÇÕES S/A;012262;FCA;35523;2014-03-25;http://www.rad.cvm.gov.br/ENETCONSULTA/frmDownloadDocumento.aspx?CodigoInstituicao=1&NumeroSequencialDocumento=35523
53.790.218/0001-53;2014-01-01;2;JPSP INVESTIMENTOS E PARTICIPAÇÕES S/A;012262;FCA;37131;2014-05-09;http://www.rad.cvm.gov.br/ENETCONSULTA/frmDownloadDocumento.aspx?CodigoInstituicao=1&NumeroSequencialDocumento=37131
54.526.082/0001-31;2014-01-01;1;ITAUTEC S.A. - GRUPO ITAUTEC;012530;FCA;34126;2014-01-23;http://www.rad.cvm.gov.br/ENETCONSULTA/frmDownloadDocumento.aspx?CodigoInstituicao=1&NumeroSequencialDocumento=34126
54.526.082/0001-31;2014-01-01;2;ITAUTEC S.A. - GRUPO ITAUTEC;012530;FCA;38910;2014-05-30;http://www.rad.cvm.gov.br/ENETCONSULTA/frmDownloadDocumento.aspx?CodigoInstituicao=1&NumeroSequencialDocumento=38910
54.526.082/0001-31;2014-01-01;3;ITAUTEC S.A. - GRUPO ITAUTEC;012530;FCA;42739;2014-11-17;http://www.rad.cvm.gov.br/ENETCONSULTA/frmDownloadDocumento.aspx?CodigoInstituicao=1&NumeroSequencialDocumento=42739
56.444.250/0001-75;2014-01-01;1;HAUSCENTER SA;014850;FCA;35546;2014-03-26;http://www.rad.cvm.gov.br/ENETCONSULTA/frmDownloadDocumento.aspx?CodigoInstituicao=1&NumeroSequencialDocumento=35546
56.444.250/0001-75;2014-01-01;2;HAUSCENTER SA;014850;FCA;36856;2014-05-07;http://www.rad.cvm.gov.br/ENETCONSULTA/frmDownloadDocumento.aspx?CodigoInstituicao=1&NumeroSequencialDocumento=36856
56.444.250/0001-75;2014-01-01;3;HAUSCENTER SA;014850;FCA;41097;2014-08-30;http://www.rad.cvm.gov.br/ENETCONSULTA/frmDownloadDocumento.aspx?CodigoInstituicao=1&NumeroSequencialDocumento=41097
56.643.018/0001-66;2014-01-01;1;EUCATEX S.A. INDUSTRIA E COMERCIO;005770;FCA;34564;2014-02-14;http://www.rad.cvm.gov.br/ENETCONSULTA/frmDownloadDocumento.aspx?CodigoInstituicao=1&NumeroSequencialDocumento=34564
56.643.018/0001-66;2014-01-01;2;EUCATEX S.A. INDUSTRIA E COMERCIO;005770;FCA;36639;2014-05-05;http://www.rad.cvm.gov.br/ENETCONSULTA/frmDownloadDocumento.aspx?CodigoInstituicao=1&NumeroSequencialDocumento=36639
56.643.018/0001-66;2014-01-01;3;EUCATEX S.A. INDUSTRIA E COMERCIO;005770;FCA;37020;2014-05-08;http://www.rad.cvm.gov.br/ENETCONSULTA/frmDownloadDocumento.aspx?CodigoInstituicao=1&NumeroSequencialDocumento=37020
56.643.018/0001-66;2014-01-01;4;EUCATEX S.A. INDUSTRIA E COMERCIO;005770;FCA;38253;2014-05-26;http://www.rad.cvm.gov.br/ENETCONSULTA/frmDownloadDocumento.aspx?CodigoInstituicao=1&NumeroSequencialDocumento=38253
56.720.428/0001-63;2014-01-01;1;ROMI S.A.;007510;FCA;34476;2014-02-11;http://www.rad.cvm.gov.br/ENETCONSULTA/frmDownloadDocumento.aspx?CodigoInstituicao=1&NumeroSequencialDocumento=34476
56.720.428/0001-63;2014-01-01;2;ROMI S.A.;007510;FCA;38260;2014-05-27;http://www.rad.cvm.gov.br/ENETCONSULTA/frmDownloadDocumento.aspx?CodigoInstituicao=1&NumeroSequencialDocumento=38260
56.806.656/0001-50;2014-01-01;1;M&G POLIÉSTER SA;014559;FCA;35200;2014-03-14;http://www.rad.cvm.gov.br/ENETCONSULTA/frmDownloadDocumento.aspx?CodigoInstituicao=1&NumeroSequencialDocumento=35200
56.806.656/0001-50;2014-01-01;2;M&G POLIÉSTER SA;014559;FCA;37476;2014-05-13;http://www.rad.cvm.gov.br/ENETCONSULTA/frmDownloadDocumento.aspx?CodigoInstituicao=1&NumeroSequencialDocumento=37476
56.992.423/0001-90;2014-01-01;1;BICICLETAS MONARK S.A.;001694;FCA;35431;2014-03-23;http://www.rad.cvm.gov.br/ENETCONSULTA/frmDownloadDocumento.aspx?CodigoInstituicao=1&NumeroSequencialDocumento=35431
56.992.423/0001-90;2014-01-01;2;BICICLETAS MONARK S.A.;001694;FCA;37507;2014-05-14;http://www.rad.cvm.gov.br/ENETCONSULTA/frmDownloadDocumento.aspx?CodigoInstituicao=1&NumeroSequencialDocumento=37507
56.992.423/0001-90;2014-01-01;3;BICICLETAS MONARK S.A.;001694;FCA;42182;2014-11-10;http://www.rad.cvm.gov.br/ENETCONSULTA/frmDownloadDocumento.aspx?CodigoInstituicao=1&NumeroSequencialDocumento=42182
56.994.924/0001-05;2014-01-01;1;PRÓ METALURGIA SA;001686;FCA;33953;2014-01-13;http://www.rad.cvm.gov.br/ENETCONSULTA/frmDownloadDocumento.aspx?CodigoInstituicao=1&NumeroSequencialDocumento=33953
56.994.924/0001-05;2014-01-01;2;PRÓ METALURGIA SA;001686;FCA;36310;2014-04-17;http://www.rad.cvm.gov.br/ENETCONSULTA/frmDownloadDocumento.aspx?CodigoInstituicao=1&NumeroSequencialDocumento=36310
56.994.924/0001-05;2014-01-01;3;PRÓ METALURGIA SA;001686;FCA;36635;2014-05-05;http://www.rad.cvm.gov.br/ENETCONSULTA/frmDownloadDocumento.aspx?CodigoInstituicao=1&NumeroSequencialDocumento=36635
56.994.924/0001-05;2014-01-01;4;PRÓ METALURGIA SA;001686;FCA;41324;2014-09-18;http://www.rad.cvm.gov.br/ENETCONSULTA/frmDownloadDocumento.aspx?CodigoInstituicao=1&NumeroSequencialDocumento=41324
58.119.199/0001-51;2014-01-01;1;ODONTOPREV S.A.;020125;FCA;33973;2014-01-13;http://www.rad.cvm.gov.br/ENETCONSULTA/frmDownloadDocumento.aspx?CodigoInstituicao=1&NumeroSequencialDocumento=33973
58.119.199/0001-51;2014-01-01;2;ODONTOPREV S.A.;020125;FCA;36073;2014-04-03;http://www.rad.cvm.gov.br/ENETCONSULTA/frmDownloadDocumento.aspx?CodigoInstituicao=1&NumeroSequencialDocumento=36073
58.119.199/0001-51;2014-01-01;3;ODONTOPREV S.A.;020125;FCA;36937;2014-05-08;http://www.rad.cvm.gov.br/ENETCONSULTA/frmDownloadDocumento.aspx?CodigoInstituicao=1&NumeroSequencialDocumento=36937
59.104.513/0001-95;2014-01-01;1;AUTOMETAL S.A.;022381;FCA;33909;2014-01-09;http://www.rad.cvm.gov.br/ENETCONSULTA/frmDownloadDocumento.aspx?CodigoInstituicao=1&NumeroSequencialDocumento=33909
59.104.513/0001-95;2014-01-01;2;AUTOMETAL S.A.;022381;FCA;36424;2014-04-25;http://www.rad.cvm.gov.br/ENETCONSULTA/frmDownloadDocumento.aspx?CodigoInstituicao=1&NumeroSequencialDocumento=36424
59.104.513/0001-95;2014-01-01;3;AUTOMETAL S.A.;022381;FCA;36569;2014-04-30;http://www.rad.cvm.gov.br/ENETCONSULTA/frmDownloadDocumento.aspx?CodigoInstituicao=1&NumeroSequencialDocumento=36569
59.104.513/0001-95;2014-01-01;4;AUTOMETAL S.A.;022381;FCA;38702;2014-05-30;http://www.rad.cvm.gov.br/ENETCONSULTA/frmDownloadDocumento.aspx?CodigoInstituicao=1&NumeroSequencialDocumento=38702
59.104.513/0001-95;2014-01-01;5;AUTOMETAL S.A.;022381;FCA;39257;2014-06-10;http://www.rad.cvm.gov.br/ENETCONSULTA/frmDownloadDocumento.aspx?CodigoInstituicao=1&NumeroSequencialDocumento=39257
59.105.999/0001-86;2014-01-01;1;WHIRLPOOL S.A.;014346;FCA;34639;2014-02-19;http://www.rad.cvm.gov.br/ENETCONSULTA/frmDownloadDocumento.aspx?CodigoInstituicao=1&NumeroSequencialDocumento=34639
59.105.999/0001-86;2014-01-01;2;WHIRLPOOL S.A.;014346;FCA;36451;2014-04-28;http://www.rad.cvm.gov.br/ENETCONSULTA/frmDownloadDocumento.aspx?CodigoInstituicao=1&NumeroSequencialDocumento=36451
59.105.999/0001-86;2014-01-01;3;WHIRLPOOL S.A.;014346;FCA;38408;2014-05-29;http://www.rad.cvm.gov.br/ENETCONSULTA/frmDownloadDocumento.aspx?CodigoInstituicao=1&NumeroSequencialDocumento=38408
59.105.999/0001-86;2014-01-01;4;WHIRLPOOL S.A.;014346;FCA;39867;2014-07-23;http://www.rad.cvm.gov.br/ENETCONSULTA/frmDownloadDocumento.aspx?CodigoInstituicao=1&NumeroSequencialDocumento=39867
59.285.411/0001-13;2014-01-01;1;BCO PAN S.A.;021199;FCA;34555;2014-02-14;http://www.rad.cvm.gov.br/ENETCONSULTA/frmDownloadDocumento.aspx?CodigoInstituicao=1&NumeroSequencialDocumento=34555
59.285.411/0001-13;2014-01-01;2;BCO PAN S.A.;021199;FCA;34970;2014-02-28;http://www.rad.cvm.gov.br/ENETCONSULTA/frmDownloadDocumento.aspx?CodigoInstituicao=1&NumeroSequencialDocumento=34970
59.285.411/0001-13;2014-01-01;3;BCO PAN S.A.;021199;FCA;38527;2014-05-29;http://www.rad.cvm.gov.br/ENETCONSULTA/frmDownloadDocumento.aspx?CodigoInstituicao=1&NumeroSequencialDocumento=38527
59.285.411/0001-13;2014-01-01;4;BCO PAN S.A.;021199;FCA;40022;2014-07-31;http://www.rad.cvm.gov.br/ENETCONSULTA/frmDownloadDocumento.aspx?CodigoInstituicao=1&NumeroSequencialDocumento=40022
59.789.545/0001-71;2014-01-01;1;POLPAR S.A.;013447;FCA;35637;2014-03-27;http://www.rad.cvm.gov.br/ENETCONSULTA/frmDownloadDocumento.aspx?CodigoInstituicao=1&NumeroSequencialDocumento=35637
59.789.545/0001-71;2014-01-01;2;POLPAR S.A.;013447;FCA;38506;2014-05-29;http://www.rad.cvm.gov.br/ENETCONSULTA/frmDownloadDocumento.aspx?CodigoInstituicao=1&NumeroSequencialDocumento=38506
60.398.369/0004-79;2014-01-01;1;PARANAPANEMA S.A. - EM RECUPERAÇÃO JUDICIAL;009393;FCA;34875;2014-02-26;http://www.rad.cvm.gov.br/ENETCONSULTA/frmDownloadDocumento.aspx?CodigoInstituicao=1&NumeroSequencialDocumento=34875
60.398.369/0004-79;2014-01-01;2;PARANAPANEMA S.A. - EM RECUPERAÇÃO JUDICIAL;009393;FCA;38272;2014-05-27;http://www.rad.cvm.gov.br/ENETCONSULTA/frmDownloadDocumento.aspx?CodigoInstituicao=1&NumeroSequencialDocumento=38272
60.398.369/0004-79;2014-01-01;3;PARANAPANEMA S.A. - EM RECUPERAÇÃO JUDICIAL;009393;FCA;41535;2014-10-06;http://www.rad.cvm.gov.br/ENETCONSULTA/frmDownloadDocumento.aspx?CodigoInstituicao=1&NumeroSequencialDocumento=41535
60.444.437/0001-46;2014-01-01;1;LIGHT SERVICOS DE ELETRICIDADE S.A.;008036;FCA;35089;2014-03-10;http://www.rad.cvm.gov.br/ENETCONSULTA/frmDownloadDocumento.aspx?CodigoInstituicao=1&NumeroSequencialDocumento=35089
60.444.437/0001-46;2014-01-01;2;LIGHT SERVICOS DE ELETRICIDADE S.A.;008036;FCA;37271;2014-05-12;http://www.rad.cvm.gov.br/ENETCONSULTA/frmDownloadDocumento.aspx?CodigoInstituicao=1&NumeroSequencialDocumento=37271
60.476.884/0001-87;2014-01-01;1;MAHLE-METAL LEVE S.A.;008575;FCA;35212;2014-03-14;http://www.rad.cvm.gov.br/ENETCONSULTA/frmDownloadDocumento.aspx?CodigoInstituicao=1&NumeroSequencialDocumento=35212
60.476.884/0001-87;2014-01-01;2;MAHLE-METAL LEVE S.A.;008575;FCA;37250;2014-05-12;http://www.rad.cvm.gov.br/ENETCONSULTA/frmDownloadDocumento.aspx?CodigoInstituicao=1&NumeroSequencialDocumento=37250
60.500.139/0001-26;2014-01-01;1;SARAIVA LIVREIROS S.A. - EM RECUPERAÇÃO JUDICIAL;010472;FCA;34353;2014-02-05;http://www.rad.cvm.gov.br/ENETCONSULTA/frmDownloadDocumento.aspx?CodigoInstituicao=1&NumeroSequencialDocumento=34353
60.500.139/0001-26;2014-01-01;2;SARAIVA LIVREIROS S.A. - EM RECUPERAÇÃO JUDICIAL;010472;FCA;38627;2014-05-30;http://www.rad.cvm.gov.br/ENETCONSULTA/frmDownloadDocumento.aspx?CodigoInstituicao=1&NumeroSequencialDocumento=38627
60.500.139/0001-26;2014-01-01;3;SARAIVA LIVREIROS S.A. - EM RECUPERAÇÃO JUDICIAL;010472;FCA;40996;2014-08-22;http://www.rad.cvm.gov.br/ENETCONSULTA/frmDownloadDocumento.aspx?CodigoInstituicao=1&NumeroSequencialDocumento=40996
60.500.139/0001-26;2014-01-01;4;SARAIVA LIVREIROS S.A. - EM RECUPERAÇÃO JUDICIAL;010472;FCA;41028;2014-08-25;http://www.rad.cvm.gov.br/ENETCONSULTA/frmDownloadDocumento.aspx?CodigoInstituicao=1&NumeroSequencialDocumento=41028
60.543.816/0001-93;2014-01-01;1;IGUATEMI S.A.;008672;FCA;34269;2014-01-31;http://www.rad.cvm.gov.br/ENETCONSULTA/frmDownloadDocumento.aspx?CodigoInstituicao=1&NumeroSequencialDocumento=34269
60.543.816/0001-93;2014-01-01;2;IGUATEMI S.A.;008672;FCA;39019;2014-05-30;http://www.rad.cvm.gov.br/ENETCONSULTA/frmDownloadDocumento.aspx?CodigoInstituicao=1&NumeroSequencialDocumento=39019
60.637.238/0001-54;2014-01-01;1;BLUE TECH SOLUTIONS EQI S.A.;012319;FCA;34263;2014-01-31;http://www.rad.cvm.gov.br/ENETCONSULTA/frmDownloadDocumento.aspx?CodigoInstituicao=1&NumeroSequencialDocumento=34263
60.637.238/0001-54;2014-01-01;2;BLUE TECH SOLUTIONS EQI S.A.;012319;FCA;36292;2014-04-16;http://www.rad.cvm.gov.br/ENETCONSULTA/frmDownloadDocumento.aspx?CodigoInstituicao=1&NumeroSequencialDocumento=36292
60.637.238/0001-54;2014-01-01;3;BLUE TECH SOLUTIONS EQI S.A.;012319;FCA;38278;2014-05-27;http://www.rad.cvm.gov.br/ENETCONSULTA/frmDownloadDocumento.aspx?CodigoInstituicao=1&NumeroSequencialDocumento=38278
60.637.238/0001-54;2014-01-01;4;BLUE TECH SOLUTIONS EQI S.A.;012319;FCA;39570;2014-07-03;http://www.rad.cvm.gov.br/ENETCONSULTA/frmDownloadDocumento.aspx?CodigoInstituicao=1&NumeroSequencialDocumento=39570
60.637.238/0001-54;2014-01-01;5;BLUE TECH SOLUTIONS EQI S.A.;012319;FCA;39904;2014-07-25;http://www.rad.cvm.gov.br/ENETCONSULTA/frmDownloadDocumento.aspx?CodigoInstituicao=1&NumeroSequencialDocumento=39904
60.637.238/0001-54;2014-01-01;6;BLUE TECH SOLUTIONS EQI S.A.;012319;FCA;42755;2014-11-18;http://www.rad.cvm.gov.br/ENETCONSULTA/frmDownloadDocumento.aspx?CodigoInstituicao=1&NumeroSequencialDocumento=42755
60.643.228/0001-21;2014-01-01;1;FIBRIA CELULOSE S.A.;012793;FCA;34069;2014-01-20;http://www.rad.cvm.gov.br/ENETCONSULTA/frmDownloadDocumento.aspx?CodigoInstituicao=1&NumeroSequencialDocumento=34069
60.643.228/0001-21;2014-01-01;2;FIBRIA CELULOSE S.A.;012793;FCA;36619;2014-05-05;http://www.rad.cvm.gov.br/ENETCONSULTA/frmDownloadDocumento.aspx?CodigoInstituicao=1&NumeroSequencialDocumento=36619
60.643.228/0001-21;2014-01-01;3;FIBRIA CELULOSE S.A.;012793;FCA;42152;2014-11-07;http://www.rad.cvm.gov.br/ENETCONSULTA/frmDownloadDocumento.aspx?CodigoInstituicao=1&NumeroSequencialDocumento=42152
60.643.228/0001-21;2014-01-01;4;FIBRIA CELULOSE S.A.;012793;FCA;42526;2014-11-14;http://www.rad.cvm.gov.br/ENETCONSULTA/frmDownloadDocumento.aspx?CodigoInstituicao=1&NumeroSequencialDocumento=42526
60.651.809/0001-05;2014-01-01;1;SUZANO HOLDING S.A.;009067;FCA;35634;2014-03-27;http://www.rad.cvm.gov.br/ENETCONSULTA/frmDownloadDocumento.aspx?CodigoInstituicao=1&NumeroSequencialDocumento=35634
60.651.809/0001-05;2014-01-01;2;SUZANO HOLDING S.A.;009067;FCA;38500;2014-05-29;http://www.rad.cvm.gov.br/ENETCONSULTA/frmDownloadDocumento.aspx?CodigoInstituicao=1&NumeroSequencialDocumento=38500
60.730.348/0001-66;2014-01-01;1;CIA MELHORAMENTOS DE SAO PAULO;003654;FCA;35554;2014-03-26;http://www.rad.cvm.gov.br/ENETCONSULTA/frmDownloadDocumento.aspx?CodigoInstituicao=1&NumeroSequencialDocumento=35554
60.730.348/0001-66;2014-01-01;2;CIA MELHORAMENTOS DE SAO PAULO;003654;FCA;38125;2014-05-22;http://www.rad.cvm.gov.br/ENETCONSULTA/frmDownloadDocumento.aspx?CodigoInstituicao=1&NumeroSequencialDocumento=38125
60.746.948/0001-12;2014-01-01;1;BCO BRADESCO S.A.;000906;FCA;34107;2014-01-22;http://www.rad.cvm.gov.br/ENETCONSULTA/frmDownloadDocumento.aspx?CodigoInstituicao=1&NumeroSequencialDocumento=34107
60.746.948/0001-12;2014-01-01;2;BCO BRADESCO S.A.;000906;FCA;37440;2014-05-13;http://www.rad.cvm.gov.br/ENETCONSULTA/frmDownloadDocumento.aspx?CodigoInstituicao=1&NumeroSequencialDocumento=37440
60.770.336/0001-65;2014-01-01;1;BCO ALFA DE INVESTIMENTO S.A.;001384;FCA;34859;2014-02-26;http://www.rad.cvm.gov.br/ENETCONSULTA/frmDownloadDocumento.aspx?CodigoInstituicao=1&NumeroSequencialDocumento=34859
60.770.336/0001-65;2014-01-01;2;BCO ALFA DE INVESTIMENTO S.A.;001384;FCA;38450;2014-05-29;http://www.rad.cvm.gov.br/ENETCONSULTA/frmDownloadDocumento.aspx?CodigoInstituicao=1&NumeroSequencialDocumento=38450
60.770.336/0001-65;2014-01-01;3;BCO ALFA DE INVESTIMENTO S.A.;001384;FCA;42893;2014-12-01;http://www.rad.cvm.gov.br/ENETCONSULTA/frmDownloadDocumento.aspx?CodigoInstituicao=1&NumeroSequencialDocumento=42893
60.840.055/0001-31;2014-01-01;1;FLEURY S.A.;021881;FCA;35173;2014-03-13;http://www.rad.cvm.gov.br/ENETCONSULTA/frmDownloadDocumento.aspx?CodigoInstituicao=1&NumeroSequencialDocumento=35173
60.840.055/0001-31;2014-01-01;2;FLEURY S.A.;021881;FCA;39005;2014-05-30;http://www.rad.cvm.gov.br/ENETCONSULTA/frmDownloadDocumento.aspx?CodigoInstituicao=1&NumeroSequencialDocumento=39005
60.851.615/0001-53;2014-01-01;1;BARDELLA S.A. INDUSTRIAS MECANICAS EM RECUPERAÇÃO JUDICIAL;001520;FCA;35583;2014-03-27;http://www.rad.cvm.gov.br/ENETCONSULTA/frmDownloadDocumento.aspx?CodigoInstituicao=1&NumeroSequencialDocumento=35583
60.851.615/0001-53;2014-01-01;2;BARDELLA S.A. INDUSTRIAS MECANICAS EM RECUPERAÇÃO JUDICIAL;001520;FCA;36992;2014-05-08;http://www.rad.cvm.gov.br/ENETCONSULTA/frmDownloadDocumento.aspx?CodigoInstituicao=1&NumeroSequencialDocumento=36992
60.851.615/0001-53;2014-01-01;3;BARDELLA S.A. INDUSTRIAS MECANICAS EM RECUPERAÇÃO JUDICIAL;001520;FCA;39506;2014-06-27;http://www.rad.cvm.gov.br/ENETCONSULTA/frmDownloadDocumento.aspx?CodigoInstituicao=1&NumeroSequencialDocumento=39506
60.851.615/0001-53;2014-01-01;4;BARDELLA S.A. INDUSTRIAS MECANICAS EM RECUPERAÇÃO JUDICIAL;001520;FCA;41425;2014-09-25;http://www.rad.cvm.gov.br/ENETCONSULTA/frmDownloadDocumento.aspx?CodigoInstituicao=1&NumeroSequencialDocumento=41425
60.872.504/0001-23;2014-01-01;1;ITAU UNIBANCO HOLDING S.A.;019348;FCA;33916;2014-01-09;http://www.rad.cvm.gov.br/ENETCONSULTA/frmDownloadDocumento.aspx?CodigoInstituicao=1&NumeroSequencialDocumento=33916
60.872.504/0001-23;2014-01-01;2;ITAU UNIBANCO HOLDING S.A.;019348;FCA;37246;2014-05-12;http://www.rad.cvm.gov.br/ENETCONSULTA/frmDownloadDocumento.aspx?CodigoInstituicao=1&NumeroSequencialDocumento=37246
60.872.504/0001-23;2014-01-01;3;ITAU UNIBANCO HOLDING S.A.;019348;FCA;41458;2014-09-29;http://www.rad.cvm.gov.br/ENETCONSULTA/frmDownloadDocumento.aspx?CodigoInstituicao=1&NumeroSequencialDocumento=41458
60.872.504/0001-23;2014-01-01;4;ITAU UNIBANCO HOLDING S.A.;019348;FCA;41579;2014-10-08;http://www.rad.cvm.gov.br/ENETCONSULTA/frmDownloadDocumento.aspx?CodigoInstituicao=1&NumeroSequencialDocumento=41579
60.884.319/0001-59;2014-01-01;1;NORDON INDUSTRIAS METALURGICAS S.A.;009083;FCA;35690;2014-03-28;http://www.rad.cvm.gov.br/ENETCONSULTA/frmDownloadDocumento.aspx?CodigoInstituicao=1&NumeroSequencialDocumento=35690
60.884.319/0001-59;2014-01-01;2;NORDON INDUSTRIAS METALURGICAS S.A.;009083;FCA;36716;2014-05-06;http://www.rad.cvm.gov.br/ENETCONSULTA/frmDownloadDocumento.aspx?CodigoInstituicao=1&NumeroSequencialDocumento=36716
60.889.128/0001-80;2014-01-01;1;BANCO SOFISA SA;020680;FCA;35669;2014-03-27;http://www.rad.cvm.gov.br/ENETCONSULTA/frmDownloadDocumento.aspx?CodigoInstituicao=1&NumeroSequencialDocumento=35669
60.889.128/0001-80;2014-01-01;2;BANCO SOFISA SA;020680;FCA;36248;2014-04-15;http://www.rad.cvm.gov.br/ENETCONSULTA/frmDownloadDocumento.aspx?CodigoInstituicao=1&NumeroSequencialDocumento=36248
60.889.128/0001-80;2014-01-01;3;BANCO SOFISA SA;020680;FCA;38162;2014-05-23;http://www.rad.cvm.gov.br/ENETCONSULTA/frmDownloadDocumento.aspx?CodigoInstituicao=1&NumeroSequencialDocumento=38162
60.889.128/0001-80;2014-01-01;4;BANCO SOFISA SA;020680;FCA;38168;2014-05-23;http://www.rad.cvm.gov.br/ENETCONSULTA/frmDownloadDocumento.aspx?CodigoInstituicao=1&NumeroSequencialDocumento=38168
60.889.128/0001-80;2014-01-01;5;BANCO SOFISA SA;020680;FCA;40585;2014-08-14;http://www.rad.cvm.gov.br/ENETCONSULTA/frmDownloadDocumento.aspx?CodigoInstituicao=1&NumeroSequencialDocumento=40585
60.889.128/0001-80;2014-01-01;6;BANCO SOFISA SA;020680;FCA;42280;2014-11-12;http://www.rad.cvm.gov.br/ENETCONSULTA/frmDownloadDocumento.aspx?CodigoInstituicao=1&NumeroSequencialDocumento=42280
60.894.730/0001-05;2014-01-01;1;USINAS SID DE MINAS GERAIS S.A.-USIMINAS;014320;FCA;34473;2014-02-11;http://www.rad.cvm.gov.br/ENETCONSULTA/frmDownloadDocumento.aspx?CodigoInstituicao=1&NumeroSequencialDocumento=34473
60.894.730/0001-05;2014-01-01;2;USINAS SID DE MINAS GERAIS S.A.-USIMINAS;014320;FCA;38396;2014-05-28;http://www.rad.cvm.gov.br/ENETCONSULTA/frmDownloadDocumento.aspx?CodigoInstituicao=1&NumeroSequencialDocumento=38396
60.933.603/0001-78;2014-01-01;1;CESP - CIA ENERGETICA DE SAO PAULO;002577;FCA;35317;2014-03-19;http://www.rad.cvm.gov.br/ENETCONSULTA/frmDownloadDocumento.aspx?CodigoInstituicao=1&NumeroSequencialDocumento=35317
60.933.603/0001-78;2014-01-01;2;CESP - CIA ENERGETICA DE SAO PAULO;002577;FCA;36438;2014-04-28;http://www.rad.cvm.gov.br/ENETCONSULTA/frmDownloadDocumento.aspx?CodigoInstituicao=1&NumeroSequencialDocumento=36438
60.933.603/0001-78;2014-01-01;3;CESP - CIA ENERGETICA DE SAO PAULO;002577;FCA;36963;2014-05-08;http://www.rad.cvm.gov.br/ENETCONSULTA/frmDownloadDocumento.aspx?CodigoInstituicao=1&NumeroSequencialDocumento=36963
61.022.042/0001-18;2014-01-01;1;CONSTRUTORA ADOLPHO LINDENBERG S.A.;004723;FCA;34624;2014-02-18;http://www.rad.cvm.gov.br/ENETCONSULTA/frmDownloadDocumento.aspx?CodigoInstituicao=1&NumeroSequencialDocumento=34624
61.022.042/0001-18;2014-01-01;2;CONSTRUTORA ADOLPHO LINDENBERG S.A.;004723;FCA;38812;2014-05-30;http://www.rad.cvm.gov.br/ENETCONSULTA/frmDownloadDocumento.aspx?CodigoInstituicao=1&NumeroSequencialDocumento=38812
61.024.352/0001-71;2014-01-01;1;BCO INDUSVAL S.A.;020885;FCA;33740;2014-01-02;http://www.rad.cvm.gov.br/ENETCONSULTA/frmDownloadDocumento.aspx?CodigoInstituicao=1&NumeroSequencialDocumento=33740
61.024.352/0001-71;2014-01-01;2;BCO INDUSVAL S.A.;020885;FCA;38103;2014-05-22;http://www.rad.cvm.gov.br/ENETCONSULTA/frmDownloadDocumento.aspx?CodigoInstituicao=1&NumeroSequencialDocumento=38103
61.065.298/0001-02;2014-01-01;1;MANGELS INDUSTRIAL S.A.;008397;FCA;34124;2014-01-23;http://www.rad.cvm.gov.br/ENETCONSULTA/frmDownloadDocumento.aspx?CodigoInstituicao=1&NumeroSequencialDocumento=34124
61.065.298/0001-02;2014-01-01;2;MANGELS INDUSTRIAL S.A.;008397;FCA;34125;2014-01-23;http://www.rad.cvm.gov.br/ENETCONSULTA/frmDownloadDocumento.aspx?CodigoInstituicao=1&NumeroSequencialDocumento=34125
61.065.298/0001-02;2014-01-01;3;MANGELS INDUSTRIAL S.A.;008397;FCA;34134;2014-01-24;http://www.rad.cvm.gov.br/ENETCONSULTA/frmDownloadDocumento.aspx?CodigoInstituicao=1&NumeroSequencialDocumento=34134
61.065.298/0001-02;2014-01-01;4;MANGELS INDUSTRIAL S.A.;008397;FCA;36472;2014-04-29;http://www.rad.cvm.gov.br/ENETCONSULTA/frmDownloadDocumento.aspx?CodigoInstituicao=1&NumeroSequencialDocumento=36472
61.065.298/0001-02;2014-01-01;5;MANGELS INDUSTRIAL S.A.;008397;FCA;36650;2014-05-05;http://www.rad.cvm.gov.br/ENETCONSULTA/frmDownloadDocumento.aspx?CodigoInstituicao=1&NumeroSequencialDocumento=36650
61.065.298/0001-02;2014-01-01;6;MANGELS INDUSTRIAL S.A.;008397;FCA;38496;2014-05-29;http://www.rad.cvm.gov.br/ENETCONSULTA/frmDownloadDocumento.aspx?CodigoInstituicao=1&NumeroSequencialDocumento=38496
61.065.298/0001-02;2014-01-01;7;MANGELS INDUSTRIAL S.A.;008397;FCA;41950;2014-11-03;http://www.rad.cvm.gov.br/ENETCONSULTA/frmDownloadDocumento.aspx?CodigoInstituicao=1&NumeroSequencialDocumento=41950
61.065.751/0001-80;2014-01-01;1;ROSSI RESIDENCIAL S.A. - EM RECUPERAÇÃO JUDICIAL;016306;FCA;34328;2014-02-04;http://www.rad.cvm.gov.br/ENETCONSULTA/frmDownloadDocumento.aspx?CodigoInstituicao=1&NumeroSequencialDocumento=34328
61.065.751/0001-80;2014-01-01;2;ROSSI RESIDENCIAL S.A. - EM RECUPERAÇÃO JUDICIAL;016306;FCA;35677;2014-03-27;http://www.rad.cvm.gov.br/ENETCONSULTA/frmDownloadDocumento.aspx?CodigoInstituicao=1&NumeroSequencialDocumento=35677
61.065.751/0001-80;2014-01-01;3;ROSSI RESIDENCIAL S.A. - EM RECUPERAÇÃO JUDICIAL;016306;FCA;38820;2014-05-30;http://www.rad.cvm.gov.br/ENETCONSULTA/frmDownloadDocumento.aspx?CodigoInstituicao=1&NumeroSequencialDocumento=38820
61.067.161/0001-97;2014-01-01;1;NADIR FIGUEIREDO IND E COM S.A.;009040;FCA;35860;2014-03-28;http://www.rad.cvm.gov.br/ENETCONSULTA/frmDownloadDocumento.aspx?CodigoInstituicao=1&NumeroSequencialDocumento=35860
61.067.161/0001-97;2014-01-01;2;NADIR FIGUEIREDO IND E COM S.A.;009040;FCA;37128;2014-05-09;http://www.rad.cvm.gov.br/ENETCONSULTA/frmDownloadDocumento.aspx?CodigoInstituicao=1&NumeroSequencialDocumento=37128
61.079.117/0001-05;2014-01-01;1;ALPARGATAS S.A.;010456;FCA;34583;2014-02-17;http://www.rad.cvm.gov.br/ENETCONSULTA/frmDownloadDocumento.aspx?CodigoInstituicao=1&NumeroSequencialDocumento=34583
61.079.117/0001-05;2014-01-01;2;ALPARGATAS S.A.;010456;FCA;36664;2014-05-05;http://www.rad.cvm.gov.br/ENETCONSULTA/frmDownloadDocumento.aspx?CodigoInstituicao=1&NumeroSequencialDocumento=36664
61.079.117/0001-05;2014-01-01;3;ALPARGATAS S.A.;010456;FCA;37146;2014-05-09;http://www.rad.cvm.gov.br/ENETCONSULTA/frmDownloadDocumento.aspx?CodigoInstituicao=1&NumeroSequencialDocumento=37146
61.079.117/0001-05;2014-01-01;4;ALPARGATAS S.A.;010456;FCA;41992;2014-11-04;http://www.rad.cvm.gov.br/ENETCONSULTA/frmDownloadDocumento.aspx?CodigoInstituicao=1&NumeroSequencialDocumento=41992
61.080.313/0001-91;2014-01-01;1;COBRASMA S.A.;004448;FCA;35497;2014-03-25;http://www.rad.cvm.gov.br/ENETCONSULTA/frmDownloadDocumento.aspx?CodigoInstituicao=1&NumeroSequencialDocumento=35497
61.080.313/0001-91;2014-01-01;2;COBRASMA S.A.;004448;FCA;37103;2014-05-09;http://www.rad.cvm.gov.br/ENETCONSULTA/frmDownloadDocumento.aspx?CodigoInstituicao=1&NumeroSequencialDocumento=37103
61.082.004/0001-50;2014-01-01;1;MANUFATURA DE BRINQUEDOS ESTRELA S.A.;008427;FCA;35739;2014-03-28;http://www.rad.cvm.gov.br/ENETCONSULTA/frmDownloadDocumento.aspx?CodigoInstituicao=1&NumeroSequencialDocumento=35739
61.082.004/0001-50;2014-01-01;2;MANUFATURA DE BRINQUEDOS ESTRELA S.A.;008427;FCA;37415;2014-05-13;http://www.rad.cvm.gov.br/ENETCONSULTA/frmDownloadDocumento.aspx?CodigoInstituicao=1&NumeroSequencialDocumento=37415
61.084.984/0001-20;2014-01-01;1;BRASMOTOR SA;001970;FCA;34640;2014-02-19;http://www.rad.cvm.gov.br/ENETCONSULTA/frmDownloadDocumento.aspx?CodigoInstituicao=1&NumeroSequencialDocumento=34640
61.084.984/0001-20;2014-01-01;2;BRASMOTOR SA;001970;FCA;36450;2014-04-28;http://www.rad.cvm.gov.br/ENETCONSULTA/frmDownloadDocumento.aspx?CodigoInstituicao=1&NumeroSequencialDocumento=36450
61.084.984/0001-20;2014-01-01;3;BRASMOTOR SA;001970;FCA;38328;2014-05-28;http://www.rad.cvm.gov.br/ENETCONSULTA/frmDownloadDocumento.aspx?CodigoInstituicao=1&NumeroSequencialDocumento=38328
61.084.984/0001-20;2014-01-01;4;BRASMOTOR SA;001970;FCA;39861;2014-07-23;http://www.rad.cvm.gov.br/ENETCONSULTA/frmDownloadDocumento.aspx?CodigoInstituicao=1&NumeroSequencialDocumento=39861
61.088.894/0001-08;2014-01-01;1;CAMBUCI S.A.;002100;FCA;34463;2014-02-11;http://www.rad.cvm.gov.br/ENETCONSULTA/frmDownloadDocumento.aspx?CodigoInstituicao=1&NumeroSequencialDocumento=34463
61.088.894/0001-08;2014-01-01;2;CAMBUCI S.A.;002100;FCA;38426;2014-05-29;http://www.rad.cvm.gov.br/ENETCONSULTA/frmDownloadDocumento.aspx?CodigoInstituicao=1&NumeroSequencialDocumento=38426
61.088.894/0001-08;2014-01-01;3;CAMBUCI S.A.;002100;FCA;39457;2014-06-23;http://www.rad.cvm.gov.br/ENETCONSULTA/frmDownloadDocumento.aspx?CodigoInstituicao=1&NumeroSequencialDocumento=39457
61.092.037/0001-81;2014-01-01;1;ETERNIT S.A. - EM RECUPERAÇÃO JUDICIAL;005762;FCA;35231;2014-03-17;http://www.rad.cvm.gov.br/ENETCONSULTA/frmDownloadDocumento.aspx?CodigoInstituicao=1&NumeroSequencialDocumento=35231
61.092.037/0001-81;2014-01-01;2;ETERNIT S.A. - EM RECUPERAÇÃO JUDICIAL;005762;FCA;38754;2014-05-30;http://www.rad.cvm.gov.br/ENETCONSULTA/frmDownloadDocumento.aspx?CodigoInstituicao=1&NumeroSequencialDocumento=38754
61.101.895/0001-45;2014-01-01;1;SANTHER FAB DE PAPEL STA THEREZINHA S.A.;014923;FCA;34036;2014-01-17;http://www.rad.cvm.gov.br/ENETCONSULTA/frmDownloadDocumento.aspx?CodigoInstituicao=1&NumeroSequencialDocumento=34036
61.101.895/0001-45;2014-01-01;2;SANTHER FAB DE PAPEL STA THEREZINHA S.A.;014923;FCA;38718;2014-05-30;http://www.rad.cvm.gov.br/ENETCONSULTA/frmDownloadDocumento.aspx?CodigoInstituicao=1&NumeroSequencialDocumento=38718
61.101.895/0001-45;2014-01-01;3;SANTHER FAB DE PAPEL STA THEREZINHA S.A.;014923;FCA;40545;2014-08-14;http://www.rad.cvm.gov.br/ENETCONSULTA/frmDownloadDocumento.aspx?CodigoInstituicao=1&NumeroSequencialDocumento=40545
61.156.113/0001-75;2014-01-01;1;IOCHPE MAXION S.A.;011932;FCA;33837;2014-01-07;http://www.rad.cvm.gov.br/ENETCONSULTA/frmDownloadDocumento.aspx?CodigoInstituicao=1&NumeroSequencialDocumento=33837
61.156.113/0001-75;2014-01-01;2;IOCHPE MAXION S.A.;011932;FCA;35003;2014-03-06;http://www.rad.cvm.gov.br/ENETCONSULTA/frmDownloadDocumento.aspx?CodigoInstituicao=1&NumeroSequencialDocumento=35003
61.156.113/0001-75;2014-01-01;3;IOCHPE MAXION S.A.;011932;FCA;35349;2014-03-20;http://www.rad.cvm.gov.br/ENETCONSULTA/frmDownloadDocumento.aspx?CodigoInstituicao=1&NumeroSequencialDocumento=35349
61.156.113/0001-75;2014-01-01;4;IOCHPE MAXION S.A.;011932;FCA;35478;2014-03-25;http://www.rad.cvm.gov.br/ENETCONSULTA/frmDownloadDocumento.aspx?CodigoInstituicao=1&NumeroSequencialDocumento=35478
61.156.113/0001-75;2014-01-01;5;IOCHPE MAXION S.A.;011932;FCA;35578;2014-03-27;http://www.rad.cvm.gov.br/ENETCONSULTA/frmDownloadDocumento.aspx?CodigoInstituicao=1&NumeroSequencialDocumento=35578
61.156.113/0001-75;2014-01-01;6;IOCHPE MAXION S.A.;011932;FCA;38019;2014-05-19;http://www.rad.cvm.gov.br/ENETCONSULTA/frmDownloadDocumento.aspx?CodigoInstituicao=1&NumeroSequencialDocumento=38019
61.156.931/0001-78;2014-01-01;1;SIDERURGICA J. L. ALIPERTI S.A.;012823;FCA;35753;2014-03-28;http://www.rad.cvm.gov.br/ENETCONSULTA/frmDownloadDocumento.aspx?CodigoInstituicao=1&NumeroSequencialDocumento=35753
61.156.931/0001-78;2014-01-01;2;SIDERURGICA J. L. ALIPERTI S.A.;012823;FCA;38284;2014-05-27;http://www.rad.cvm.gov.br/ENETCONSULTA/frmDownloadDocumento.aspx?CodigoInstituicao=1&NumeroSequencialDocumento=38284
61.189.288/0001-89;2014-01-01;1;MARISA LOJAS S.A.;022055;FCA;33815;2014-01-06;http://www.rad.cvm.gov.br/ENETCONSULTA/frmDownloadDocumento.aspx?CodigoInstituicao=1&NumeroSequencialDocumento=33815
61.189.288/0001-89;2014-01-01;2;MARISA LOJAS S.A.;022055;FCA;37061;2014-05-08;http://www.rad.cvm.gov.br/ENETCONSULTA/frmDownloadDocumento.aspx?CodigoInstituicao=1&NumeroSequencialDocumento=37061
61.189.288/0001-89;2014-01-01;3;MARISA LOJAS S.A.;022055;FCA;38823;2014-05-30;http://www.rad.cvm.gov.br/ENETCONSULTA/frmDownloadDocumento.aspx?CodigoInstituicao=1&NumeroSequencialDocumento=38823
61.189.288/0001-89;2014-01-01;4;MARISA LOJAS S.A.;022055;FCA;41496;2014-10-01;http://www.rad.cvm.gov.br/ENETCONSULTA/frmDownloadDocumento.aspx?CodigoInstituicao=1&NumeroSequencialDocumento=41496
61.189.288/0001-89;2014-01-01;5;MARISA LOJAS S.A.;022055;FCA;42237;2014-11-11;http://www.rad.cvm.gov.br/ENETCONSULTA/frmDownloadDocumento.aspx?CodigoInstituicao=1&NumeroSequencialDocumento=42237
61.192.373/0001-04;2014-01-01;1;CONSTRUTORA BETER SA;004758;FCA;41276;2014-09-15;http://www.rad.cvm.gov.br/ENETCONSULTA/frmDownloadDocumento.aspx?CodigoInstituicao=1&NumeroSequencialDocumento=41276
61.351.532/0001-68;2014-01-01;1;AZEVEDO E TRAVASSOS S.A.;011975;FCA;35274;2014-03-18;http://www.rad.cvm.gov.br/ENETCONSULTA/frmDownloadDocumento.aspx?CodigoInstituicao=1&NumeroSequencialDocumento=35274
61.351.532/0001-68;2014-01-01;2;AZEVEDO E TRAVASSOS S.A.;011975;FCA;38222;2014-05-26;http://www.rad.cvm.gov.br/ENETCONSULTA/frmDownloadDocumento.aspx?CodigoInstituicao=1&NumeroSequencialDocumento=38222
61.374.161/0001-30;2014-01-01;1;BAUMER S.A.;001562;FCA;35988;2014-03-31;http://www.rad.cvm.gov.br/ENETCONSULTA/frmDownloadDocumento.aspx?CodigoInstituicao=1&NumeroSequencialDocumento=35988
61.374.161/0001-30;2014-01-01;2;BAUMER S.A.;001562;FCA;39068;2014-06-01;http://www.rad.cvm.gov.br/ENETCONSULTA/frmDownloadDocumento.aspx?CodigoInstituicao=1&NumeroSequencialDocumento=39068
61.410.395/0001-95;2014-01-01;1;FIBAM COMPANHIA INDUSTRIAL;006017;FCA;34279;2014-02-03;http://www.rad.cvm.gov.br/ENETCONSULTA/frmDownloadDocumento.aspx?CodigoInstituicao=1&NumeroSequencialDocumento=34279
61.410.395/0001-95;2014-01-01;2;FIBAM COMPANHIA INDUSTRIAL;006017;FCA;36382;2014-04-24;http://www.rad.cvm.gov.br/ENETCONSULTA/frmDownloadDocumento.aspx?CodigoInstituicao=1&NumeroSequencialDocumento=36382
61.410.395/0001-95;2014-01-01;3;FIBAM COMPANHIA INDUSTRIAL;006017;FCA;42779;2014-11-19;http://www.rad.cvm.gov.br/ENETCONSULTA/frmDownloadDocumento.aspx?CodigoInstituicao=1&NumeroSequencialDocumento=42779
61.486.650/0001-83;2014-01-01;1;DIAGNOSTICOS DA AMERICA S.A.;019623;FCA;34362;2014-02-06;http://www.rad.cvm.gov.br/ENETCONSULTA/frmDownloadDocumento.aspx?CodigoInstituicao=1&NumeroSequencialDocumento=34362
61.486.650/0001-83;2014-01-01;2;DIAGNOSTICOS DA AMERICA S.A.;019623;FCA;38303;2014-05-27;http://www.rad.cvm.gov.br/ENETCONSULTA/frmDownloadDocumento.aspx?CodigoInstituicao=1&NumeroSequencialDocumento=38303
61.532.644/0001-15;2014-01-01;1;ITAÚSA S.A.;007617;FCA;34087;2014-01-21;http://www.rad.cvm.gov.br/ENETCONSULTA/frmDownloadDocumento.aspx?CodigoInstituicao=1&NumeroSequencialDocumento=34087
61.532.644/0001-15;2014-01-01;2;ITAÚSA S.A.;007617;FCA;36903;2014-05-07;http://www.rad.cvm.gov.br/ENETCONSULTA/frmDownloadDocumento.aspx?CodigoInstituicao=1&NumeroSequencialDocumento=36903
61.565.222/0001-46;2014-01-01;1;PARAMOUNT TEXTEIS INDUSTRIA E COMERCIO S/A;019798;FCA;36156;2014-04-08;http://www.rad.cvm.gov.br/ENETCONSULTA/frmDownloadDocumento.aspx?CodigoInstituicao=1&NumeroSequencialDocumento=36156
61.565.222/0001-46;2014-01-01;2;PARAMOUNT TEXTEIS INDUSTRIA E COMERCIO S/A;019798;FCA;38117;2014-05-22;http://www.rad.cvm.gov.br/ENETCONSULTA/frmDownloadDocumento.aspx?CodigoInstituicao=1&NumeroSequencialDocumento=38117
61.584.140/0001-49;2014-01-01;1;REDE ENERGIA PARTICIPAÇÕES S.A.;003190;FCA;35025;2014-03-06;http://www.rad.cvm.gov.br/ENETCONSULTA/frmDownloadDocumento.aspx?CodigoInstituicao=1&NumeroSequencialDocumento=35025
61.584.140/0001-49;2014-01-01;2;REDE ENERGIA PARTICIPAÇÕES S.A.;003190;FCA;37970;2014-05-16;http://www.rad.cvm.gov.br/ENETCONSULTA/frmDownloadDocumento.aspx?CodigoInstituicao=1&NumeroSequencialDocumento=37970
61.584.140/0001-49;2014-01-01;3;REDE ENERGIA PARTICIPAÇÕES S.A.;003190;FCA;39411;2014-06-18;http://www.rad.cvm.gov.br/ENETCONSULTA/frmDownloadDocumento.aspx?CodigoInstituicao=1&NumeroSequencialDocumento=39411
61.584.140/0001-49;2014-01-01;4;REDE ENERGIA PARTICIPAÇÕES S.A.;003190;FCA;39987;2014-07-30;http://www.rad.cvm.gov.br/ENETCONSULTA/frmDownloadDocumento.aspx?CodigoInstituicao=1&NumeroSequencialDocumento=39987
61.584.140/0001-49;2014-01-01;5;REDE ENERGIA PARTICIPAÇÕES S.A.;003190;FCA;41436;2014-09-26;http://www.rad.cvm.gov.br/ENETCONSULTA/frmDownloadDocumento.aspx?CodigoInstituicao=1&NumeroSequencialDocumento=41436
61.585.865/0001-51;2014-01-01;1;RAIA DROGASIL S.A.;005258;FCA;34984;2014-03-05;http://www.rad.cvm.gov.br/ENETCONSULTA/frmDownloadDocumento.aspx?CodigoInstituicao=1&NumeroSequencialDocumento=34984
61.585.865/0001-51;2014-01-01;2;RAIA DROGASIL S.A.;005258;FCA;35236;2014-03-17;http://www.rad.cvm.gov.br/ENETCONSULTA/frmDownloadDocumento.aspx?CodigoInstituicao=1&NumeroSequencialDocumento=35236
61.585.865/0001-51;2014-01-01;3;RAIA DROGASIL S.A.;005258;FCA;38721;2014-05-30;http://www.rad.cvm.gov.br/ENETCONSULTA/frmDownloadDocumento.aspx?CodigoInstituicao=1&NumeroSequencialDocumento=38721
61.695.227/0001-93;2014-01-01;1;ELETROPAULO METROP. ELET. SAO PAULO S.A.;014176;FCA;33802;2014-01-06;http://www.rad.cvm.gov.br/ENETCONSULTA/frmDownloadDocumento.aspx?CodigoInstituicao=1&NumeroSequencialDocumento=33802
61.695.227/0001-93;2014-01-01;2;ELETROPAULO METROP. ELET. SAO PAULO S.A.;014176;FCA;36865;2014-05-07;http://www.rad.cvm.gov.br/ENETCONSULTA/frmDownloadDocumento.aspx?CodigoInstituicao=1&NumeroSequencialDocumento=36865
61.695.227/0001-93;2014-01-01;3;ELETROPAULO METROP. ELET. SAO PAULO S.A.;014176;FCA;43005;2014-12-09;http://www.rad.cvm.gov.br/ENETCONSULTA/frmDownloadDocumento.aspx?CodigoInstituicao=1&NumeroSequencialDocumento=43005
61.784.278/0001-91;2014-01-01;1;COMPANHIA DE CRÉDITO FINANCIAMENTO E INVESTIMENTO RCI BRASIL;022993;FCA;34454;2014-02-11;http://www.rad.cvm.gov.br/ENETCONSULTA/frmDownloadDocumento.aspx?CodigoInstituicao=1&NumeroSequencialDocumento=34454
61.784.278/0001-91;2014-01-01;2;COMPANHIA DE CRÉDITO FINANCIAMENTO E INVESTIMENTO RCI BRASIL;022993;FCA;34626;2014-02-18;http://www.rad.cvm.gov.br/ENETCONSULTA/frmDownloadDocumento.aspx?CodigoInstituicao=1&NumeroSequencialDocumento=34626
61.784.278/0001-91;2014-01-01;3;COMPANHIA DE CRÉDITO FINANCIAMENTO E INVESTIMENTO RCI BRASIL;022993;FCA;38790;2014-05-30;http://www.rad.cvm.gov.br/ENETCONSULTA/frmDownloadDocumento.aspx?CodigoInstituicao=1&NumeroSequencialDocumento=38790
61.856.571/0001-17;2014-01-01;1;CIA GAS DE SAO PAULO - COMGAS;015636;FCA;34804;2014-02-25;http://www.rad.cvm.gov.br/ENETCONSULTA/frmDownloadDocumento.aspx?CodigoInstituicao=1&NumeroSequencialDocumento=34804
61.856.571/0001-17;2014-01-01;2;CIA GAS DE SAO PAULO - COMGAS;015636;FCA;37822;2014-05-15;http://www.rad.cvm.gov.br/ENETCONSULTA/frmDownloadDocumento.aspx?CodigoInstituicao=1&NumeroSequencialDocumento=37822
61.856.571/0001-17;2014-01-01;3;CIA GAS DE SAO PAULO - COMGAS;015636;FCA;42011;2014-11-04;http://www.rad.cvm.gov.br/ENETCONSULTA/frmDownloadDocumento.aspx?CodigoInstituicao=1&NumeroSequencialDocumento=42011
62.002.886/0001-60;2014-01-01;1;SAO PAULO TURISMO S.A.;009415;FCA;33863;2014-01-08;http://www.rad.cvm.gov.br/ENETCONSULTA/frmDownloadDocumento.aspx?CodigoInstituicao=1&NumeroSequencialDocumento=33863
62.002.886/0001-60;2014-01-01;2;SAO PAULO TURISMO S.A.;009415;FCA;36413;2014-04-25;http://www.rad.cvm.gov.br/ENETCONSULTA/frmDownloadDocumento.aspx?CodigoInstituicao=1&NumeroSequencialDocumento=36413
62.002.886/0001-60;2014-01-01;3;SAO PAULO TURISMO S.A.;009415;FCA;41419;2014-09-25;http://www.rad.cvm.gov.br/ENETCONSULTA/frmDownloadDocumento.aspx?CodigoInstituicao=1&NumeroSequencialDocumento=41419
62.063.177/0001-94;2014-01-01;1;SAFRA LEASING SA ARRENDAMENTO MERCANTIL;019844;FCA;34948;2014-02-28;http://www.rad.cvm.gov.br/ENETCONSULTA/frmDownloadDocumento.aspx?CodigoInstituicao=1&NumeroSequencialDocumento=34948
62.063.177/0001-94;2014-01-01;2;SAFRA LEASING SA ARRENDAMENTO MERCANTIL;019844;FCA;36582;2014-05-02;http://www.rad.cvm.gov.br/ENETCONSULTA/frmDownloadDocumento.aspx?CodigoInstituicao=1&NumeroSequencialDocumento=36582
62.063.177/0001-94;2014-01-01;3;SAFRA LEASING SA ARRENDAMENTO MERCANTIL;019844;FCA;38740;2014-05-30;http://www.rad.cvm.gov.br/ENETCONSULTA/frmDownloadDocumento.aspx?CodigoInstituicao=1&NumeroSequencialDocumento=38740
62.144.175/0001-20;2014-01-01;1;BCO PINE S.A;020567;FCA;33741;2014-01-02;http://www.rad.cvm.gov.br/ENETCONSULTA/frmDownloadDocumento.aspx?CodigoInstituicao=1&NumeroSequencialDocumento=33741
62.144.175/0001-20;2014-01-01;2;BCO PINE S.A;020567;FCA;37284;2014-05-12;http://www.rad.cvm.gov.br/ENETCONSULTA/frmDownloadDocumento.aspx?CodigoInstituicao=1&NumeroSequencialDocumento=37284
62.144.175/0001-20;2014-01-01;3;BCO PINE S.A;020567;FCA;39582;2014-07-03;http://www.rad.cvm.gov.br/ENETCONSULTA/frmDownloadDocumento.aspx?CodigoInstituicao=1&NumeroSequencialDocumento=39582
62.144.175/0001-20;2014-01-01;4;BCO PINE S.A;020567;FCA;40966;2014-08-21;http://www.rad.cvm.gov.br/ENETCONSULTA/frmDownloadDocumento.aspx?CodigoInstituicao=1&NumeroSequencialDocumento=40966
62.232.889/0001-90;2014-01-01;1;BCO DAYCOVAL S.A.;020796;FCA;33894;2014-01-09;http://www.rad.cvm.gov.br/ENETCONSULTA/frmDownloadDocumento.aspx?CodigoInstituicao=1&NumeroSequencialDocumento=33894
62.232.889/0001-90;2014-01-01;2;BCO DAYCOVAL S.A.;020796;FCA;36175;2014-04-09;http://www.rad.cvm.gov.br/ENETCONSULTA/frmDownloadDocumento.aspx?CodigoInstituicao=1&NumeroSequencialDocumento=36175
62.232.889/0001-90;2014-01-01;3;BCO DAYCOVAL S.A.;020796;FCA;38300;2014-05-27;http://www.rad.cvm.gov.br/ENETCONSULTA/frmDownloadDocumento.aspx?CodigoInstituicao=1&NumeroSequencialDocumento=38300
62.307.848/0001-15;2014-01-01;1;BANCO RCI BRASIL S.A.;021466;FCA;34456;2014-02-11;http://www.rad.cvm.gov.br/ENETCONSULTA/frmDownloadDocumento.aspx?CodigoInstituicao=1&NumeroSequencialDocumento=34456
62.307.848/0001-15;2014-01-01;2;BANCO RCI BRASIL S.A.;021466;FCA;34623;2014-02-18;http://www.rad.cvm.gov.br/ENETCONSULTA/frmDownloadDocumento.aspx?CodigoInstituicao=1&NumeroSequencialDocumento=34623
62.307.848/0001-15;2014-01-01;3;BANCO RCI BRASIL S.A.;021466;FCA;38843;2014-05-30;http://www.rad.cvm.gov.br/ENETCONSULTA/frmDownloadDocumento.aspx?CodigoInstituicao=1&NumeroSequencialDocumento=38843
65.654.303/0001-73;2014-01-01;1;DIBENS LEASING S.A. - ARREND.MERCANTIL;014214;FCA;34067;2014-01-20;http://www.rad.cvm.gov.br/ENETCONSULTA/frmDownloadDocumento.aspx?CodigoInstituicao=1&NumeroSequencialDocumento=34067
65.654.303/0001-73;2014-01-01;2;DIBENS LEASING S.A. - ARREND.MERCANTIL;014214;FCA;37244;2014-05-12;http://www.rad.cvm.gov.br/ENETCONSULTA/frmDownloadDocumento.aspx?CodigoInstituicao=1&NumeroSequencialDocumento=37244
65.654.303/0001-73;2014-01-01;3;DIBENS LEASING S.A. - ARREND.MERCANTIL;014214;FCA;39511;2014-06-27;http://www.rad.cvm.gov.br/ENETCONSULTA/frmDownloadDocumento.aspx?CodigoInstituicao=1&NumeroSequencialDocumento=39511
65.654.303/0001-73;2014-01-01;4;DIBENS LEASING S.A. - ARREND.MERCANTIL;014214;FCA;41457;2014-09-29;http://www.rad.cvm.gov.br/ENETCONSULTA/frmDownloadDocumento.aspx?CodigoInstituicao=1&NumeroSequencialDocumento=41457
67.010.660/0001-24;2014-01-01;1;RNI NEGÓCIOS IMOBILIÁRIOS S.A.;020451;FCA;35132;2014-03-12;http://www.rad.cvm.gov.br/ENETCONSULTA/frmDownloadDocumento.aspx?CodigoInstituicao=1&NumeroSequencialDocumento=35132
67.010.660/0001-24;2014-01-01;2;RNI NEGÓCIOS IMOBILIÁRIOS S.A.;020451;FCA;39088;2014-06-02;http://www.rad.cvm.gov.br/ENETCONSULTA/frmDownloadDocumento.aspx?CodigoInstituicao=1&NumeroSequencialDocumento=39088
67.010.660/0001-24;2014-01-01;3;RNI NEGÓCIOS IMOBILIÁRIOS S.A.;020451;FCA;40244;2014-08-08;http://www.rad.cvm.gov.br/ENETCONSULTA/frmDownloadDocumento.aspx?CodigoInstituicao=1&NumeroSequencialDocumento=40244
67.437.434/0001-24;2014-01-01;1;TC SECURITIES CIA DE SECURITIZAÇÃO;020389;FCA;35671;2014-03-27;http://www.rad.cvm.gov.br/ENETCONSULTA/frmDownloadDocumento.aspx?CodigoInstituicao=1&NumeroSequencialDocumento=35671
67.437.434/0001-24;2014-01-01;2;TC SECURITIES CIA DE SECURITIZAÇÃO;020389;FCA;37707;2014-05-15;http://www.rad.cvm.gov.br/ENETCONSULTA/frmDownloadDocumento.aspx?CodigoInstituicao=1&NumeroSequencialDocumento=37707
67.437.434/0001-24;2014-01-01;3;TC SECURITIES CIA DE SECURITIZAÇÃO;020389;FCA;39797;2014-07-17;http://www.rad.cvm.gov.br/ENETCONSULTA/frmDownloadDocumento.aspx?CodigoInstituicao=1&NumeroSequencialDocumento=39797
67.437.434/0001-24;2014-01-01;4;TC SECURITIES CIA DE SECURITIZAÇÃO;020389;FCA;40145;2014-08-06;http://www.rad.cvm.gov.br/ENETCONSULTA/frmDownloadDocumento.aspx?CodigoInstituicao=1&NumeroSequencialDocumento=40145
67.437.434/0001-24;2014-01-01;5;TC SECURITIES CIA DE SECURITIZAÇÃO;020389;FCA;41794;2014-10-24;http://www.rad.cvm.gov.br/ENETCONSULTA/frmDownloadDocumento.aspx?CodigoInstituicao=1&NumeroSequencialDocumento=41794
67.571.414/0001-41;2014-01-01;1;VIVER INCORPORADORA E CONSTRUTORA S.A.;020702;FCA;35047;2014-03-07;http://www.rad.cvm.gov.br/ENETCONSULTA/frmDownloadDocumento.aspx?CodigoInstituicao=1&NumeroSequencialDocumento=35047
67.571.414/0001-41;2014-01-01;2;VIVER INCORPORADORA E CONSTRUTORA S.A.;020702;FCA;36842;2014-05-07;http://www.rad.cvm.gov.br/ENETCONSULTA/frmDownloadDocumento.aspx?CodigoInstituicao=1&NumeroSequencialDocumento=36842
67.620.377/0001-14;2014-01-01;1;MINERVA S.A.;020931;FCA;34978;2014-03-03;http://www.rad.cvm.gov.br/ENETCONSULTA/frmDownloadDocumento.aspx?CodigoInstituicao=1&NumeroSequencialDocumento=34978
67.620.377/0001-14;2014-01-01;2;MINERVA S.A.;020931;FCA;38555;2014-05-30;http://www.rad.cvm.gov.br/ENETCONSULTA/frmDownloadDocumento.aspx?CodigoInstituicao=1&NumeroSequencialDocumento=38555
67.620.377/0001-14;2014-01-01;3;MINERVA S.A.;020931;FCA;40170;2014-08-06;http://www.rad.cvm.gov.br/ENETCONSULTA/frmDownloadDocumento.aspx?CodigoInstituicao=1&NumeroSequencialDocumento=40170
69.720.910/0001-45;2014-01-01;1;CCB BRASIL ARRENDAMENTO MERCANTIL S.A.;015121;FCA;34220;2014-01-29;http://www.rad.cvm.gov.br/ENETCONSULTA/frmDownloadDocumento.aspx?CodigoInstituicao=1&NumeroSequencialDocumento=34220
69.720.910/0001-45;2014-01-01;2;CCB BRASIL ARRENDAMENTO MERCANTIL S.A.;015121;FCA;38441;2014-05-29;http://www.rad.cvm.gov.br/ENETCONSULTA/frmDownloadDocumento.aspx?CodigoInstituicao=1&NumeroSequencialDocumento=38441
71.208.516/0001-74;2014-01-01;1;ALGAR TELECOM S/A;021032;FCA;33904;2014-01-09;http://www.rad.cvm.gov.br/ENETCONSULTA/frmDownloadDocumento.aspx?CodigoInstituicao=1&NumeroSequencialDocumento=33904
71.208.516/0001-74;2014-01-01;2;ALGAR TELECOM S/A;021032;FCA;36723;2014-05-06;http://www.rad.cvm.gov.br/ENETCONSULTA/frmDownloadDocumento.aspx?CodigoInstituicao=1&NumeroSequencialDocumento=36723
71.208.516/0001-74;2014-01-01;3;ALGAR TELECOM S/A;021032;FCA;40952;2014-08-21;http://www.rad.cvm.gov.br/ENETCONSULTA/frmDownloadDocumento.aspx?CodigoInstituicao=1&NumeroSequencialDocumento=40952
71.476.527/0001-35;2014-01-01;1;CONSTRUTORA TENDA S.A.;021148;FCA;33852;2014-01-07;http://www.rad.cvm.gov.br/ENETCONSULTA/frmDownloadDocumento.aspx?CodigoInstituicao=1&NumeroSequencialDocumento=33852
71.476.527/0001-35;2014-01-01;2;CONSTRUTORA TENDA S.A.;021148;FCA;35088;2014-03-10;http://www.rad.cvm.gov.br/ENETCONSULTA/frmDownloadDocumento.aspx?CodigoInstituicao=1&NumeroSequencialDocumento=35088
71.476.527/0001-35;2014-01-01;3;CONSTRUTORA TENDA S.A.;021148;FCA;35177;2014-03-13;http://www.rad.cvm.gov.br/ENETCONSULTA/frmDownloadDocumento.aspx?CodigoInstituicao=1&NumeroSequencialDocumento=35177
71.476.527/0001-35;2014-01-01;4;CONSTRUTORA TENDA S.A.;021148;FCA;38145;2014-05-22;http://www.rad.cvm.gov.br/ENETCONSULTA/frmDownloadDocumento.aspx?CodigoInstituicao=1&NumeroSequencialDocumento=38145
71.476.527/0001-35;2014-01-01;5;CONSTRUTORA TENDA S.A.;021148;FCA;39398;2014-06-16;http://www.rad.cvm.gov.br/ENETCONSULTA/frmDownloadDocumento.aspx?CodigoInstituicao=1&NumeroSequencialDocumento=39398
71.476.527/0001-35;2014-01-01;6;CONSTRUTORA TENDA S.A.;021148;FCA;39493;2014-06-25;http://www.rad.cvm.gov.br/ENETCONSULTA/frmDownloadDocumento.aspx?CodigoInstituicao=1&NumeroSequencialDocumento=39493
71.476.527/0001-35;2014-01-01;7;CONSTRUTORA TENDA S.A.;021148;FCA;39994;2014-07-30;http://www.rad.cvm.gov.br/ENETCONSULTA/frmDownloadDocumento.aspx?CodigoInstituicao=1&NumeroSequencialDocumento=39994
71.550.388/0001-42;2014-01-01;1;RUMO LOGÍSTICA OPERADORA MULTIMODAL S.A.;023450;FCA;40265;2014-08-11;http://www.rad.cvm.gov.br/ENETCONSULTA/frmDownloadDocumento.aspx?CodigoInstituicao=1&NumeroSequencialDocumento=40265
71.550.388/0001-42;2014-01-01;2;RUMO LOGÍSTICA OPERADORA MULTIMODAL S.A.;023450;FCA;42040;2014-11-05;http://www.rad.cvm.gov.br/ENETCONSULTA/frmDownloadDocumento.aspx?CodigoInstituicao=1&NumeroSequencialDocumento=42040
71.673.990/0001-77;2014-01-01;1;NATURA COSMETICOS S.A.;019550;FCA;33972;2014-01-13;http://www.rad.cvm.gov.br/ENETCONSULTA/frmDownloadDocumento.aspx?CodigoInstituicao=1&NumeroSequencialDocumento=33972
71.673.990/0001-77;2014-01-01;2;NATURA COSMETICOS S.A.;019550;FCA;42946;2014-12-03;http://www.rad.cvm.gov.br/ENETCONSULTA/frmDownloadDocumento.aspx?CodigoInstituicao=1&NumeroSequencialDocumento=42946
73.178.600/0001-18;2014-01-01;1;CYRELA BRAZIL REALTY S.A.EMPREEND E PART;014460;FCA;33940;2014-01-10;http://www.rad.cvm.gov.br/ENETCONSULTA/frmDownloadDocumento.aspx?CodigoInstituicao=1&NumeroSequencialDocumento=33940
73.903.718/0001-61;2014-01-01;1;SNB PARTICIPACOES SA;014303;FCA;33796;2014-01-06;http://www.rad.cvm.gov.br/ENETCONSULTA/frmDownloadDocumento.aspx?CodigoInstituicao=1&NumeroSequencialDocumento=33796
73.903.718/0001-61;2014-01-01;2;SNB PARTICIPACOES SA;014303;FCA;38819;2014-05-30;http://www.rad.cvm.gov.br/ENETCONSULTA/frmDownloadDocumento.aspx?CodigoInstituicao=1&NumeroSequencialDocumento=38819
74.409.467/0001-26;2014-01-01;1;FENICIAPAR S/A;015024;FCA;34186;2014-01-27;http://www.rad.cvm.gov.br/ENETCONSULTA/frmDownloadDocumento.aspx?CodigoInstituicao=1&NumeroSequencialDocumento=34186
74.409.467/0001-26;2014-01-01;2;FENICIAPAR S/A;015024;FCA;36719;2014-05-06;http://www.rad.cvm.gov.br/ENETCONSULTA/frmDownloadDocumento.aspx?CodigoInstituicao=1&NumeroSequencialDocumento=36719
75.609.123/0001-23;2014-01-01;1;UNIDAS LOCAÇÕES E SERVIÇOS S.A.;023280;FCA;34143;2014-01-24;http://www.rad.cvm.gov.br/ENETCONSULTA/frmDownloadDocumento.aspx?CodigoInstituicao=1&NumeroSequencialDocumento=34143
75.609.123/0001-23;2014-01-01;2;UNIDAS LOCAÇÕES E SERVIÇOS S.A.;023280;FCA;36070;2014-04-03;http://www.rad.cvm.gov.br/ENETCONSULTA/frmDownloadDocumento.aspx?CodigoInstituicao=1&NumeroSequencialDocumento=36070
75.609.123/0001-23;2014-01-01;3;UNIDAS LOCAÇÕES E SERVIÇOS S.A.;023280;FCA;38288;2014-05-27;http://www.rad.cvm.gov.br/ENETCONSULTA/frmDownloadDocumento.aspx?CodigoInstituicao=1&NumeroSequencialDocumento=38288
75.609.123/0001-23;2014-01-01;4;UNIDAS LOCAÇÕES E SERVIÇOS S.A.;023280;FCA;39625;2014-07-09;http://www.rad.cvm.gov.br/ENETCONSULTA/frmDownloadDocumento.aspx?CodigoInstituicao=1&NumeroSequencialDocumento=39625
75.609.123/0001-23;2014-01-01;5;UNIDAS LOCAÇÕES E SERVIÇOS S.A.;023280;FCA;41631;2014-10-13;http://www.rad.cvm.gov.br/ENETCONSULTA/frmDownloadDocumento.aspx?CodigoInstituicao=1&NumeroSequencialDocumento=41631
76.255.926/0001-90;2014-01-01;1;CIA. IGUAÇU DE CAFÉ SOLÚVEL;003336;FCA;34486;2014-02-12;http://www.rad.cvm.gov.br/ENETCONSULTA/frmDownloadDocumento.aspx?CodigoInstituicao=1&NumeroSequencialDocumento=34486
76.255.926/0001-90;2014-01-01;2;CIA. IGUAÇU DE CAFÉ SOLÚVEL;003336;FCA;36160;2014-04-09;http://www.rad.cvm.gov.br/ENETCONSULTA/frmDownloadDocumento.aspx?CodigoInstituicao=1&NumeroSequencialDocumento=36160
76.255.926/0001-90;2014-01-01;3;CIA. IGUAÇU DE CAFÉ SOLÚVEL;003336;FCA;38422;2014-05-29;http://www.rad.cvm.gov.br/ENETCONSULTA/frmDownloadDocumento.aspx?CodigoInstituicao=1&NumeroSequencialDocumento=38422
76.483.817/0001-20;2014-01-01;1;CIA PARANAENSE DE ENERGIA - COPEL;014311;FCA;35074;2014-03-10;http://www.rad.cvm.gov.br/ENETCONSULTA/frmDownloadDocumento.aspx?CodigoInstituicao=1&NumeroSequencialDocumento=35074
76.483.817/0001-20;2014-01-01;2;CIA PARANAENSE DE ENERGIA - COPEL;014311;FCA;35146;2014-03-12;http://www.rad.cvm.gov.br/ENETCONSULTA/frmDownloadDocumento.aspx?CodigoInstituicao=1&NumeroSequencialDocumento=35146
76.483.817/0001-20;2014-01-01;3;CIA PARANAENSE DE ENERGIA - COPEL;014311;FCA;36737;2014-05-06;http://www.rad.cvm.gov.br/ENETCONSULTA/frmDownloadDocumento.aspx?CodigoInstituicao=1&NumeroSequencialDocumento=36737
76.483.817/0001-20;2014-01-01;4;CIA PARANAENSE DE ENERGIA - COPEL;014311;FCA;37427;2014-05-13;http://www.rad.cvm.gov.br/ENETCONSULTA/frmDownloadDocumento.aspx?CodigoInstituicao=1&NumeroSequencialDocumento=37427
76.483.817/0001-20;2014-01-01;5;CIA PARANAENSE DE ENERGIA - COPEL;014311;FCA;39160;2014-06-04;http://www.rad.cvm.gov.br/ENETCONSULTA/frmDownloadDocumento.aspx?CodigoInstituicao=1&NumeroSequencialDocumento=39160
76.484.013/0001-45;2014-01-01;1;CIA SANEAMENTO DO PARANA - SANEPAR;018627;FCA;34197;2014-01-28;http://www.rad.cvm.gov.br/ENETCONSULTA/frmDownloadDocumento.aspx?CodigoInstituicao=1&NumeroSequencialDocumento=34197
76.484.013/0001-45;2014-01-01;2;CIA SANEAMENTO DO PARANA - SANEPAR;018627;FCA;34759;2014-02-24;http://www.rad.cvm.gov.br/ENETCONSULTA/frmDownloadDocumento.aspx?CodigoInstituicao=1&NumeroSequencialDocumento=34759
76.484.013/0001-45;2014-01-01;3;CIA SANEAMENTO DO PARANA - SANEPAR;018627;FCA;36294;2014-04-16;http://www.rad.cvm.gov.br/ENETCONSULTA/frmDownloadDocumento.aspx?CodigoInstituicao=1&NumeroSequencialDocumento=36294
76.484.013/0001-45;2014-01-01;4;CIA SANEAMENTO DO PARANA - SANEPAR;018627;FCA;36816;2014-05-07;http://www.rad.cvm.gov.br/ENETCONSULTA/frmDownloadDocumento.aspx?CodigoInstituicao=1&NumeroSequencialDocumento=36816
76.484.013/0001-45;2014-01-01;5;CIA SANEAMENTO DO PARANA - SANEPAR;018627;FCA;41301;2014-09-16;http://www.rad.cvm.gov.br/ENETCONSULTA/frmDownloadDocumento.aspx?CodigoInstituicao=1&NumeroSequencialDocumento=41301
76.500.180/0001-32;2014-01-01;1;COMPANHIA PROVIDENCIA IND E COMERCIO;020974;FCA;34421;2014-02-10;http://www.rad.cvm.gov.br/ENETCONSULTA/frmDownloadDocumento.aspx?CodigoInstituicao=1&NumeroSequencialDocumento=34421
76.500.180/0001-32;2014-01-01;2;COMPANHIA PROVIDENCIA IND E COMERCIO;020974;FCA;36025;2014-04-01;http://www.rad.cvm.gov.br/ENETCONSULTA/frmDownloadDocumento.aspx?CodigoInstituicao=1&NumeroSequencialDocumento=36025
76.500.180/0001-32;2014-01-01;3;COMPANHIA PROVIDENCIA IND E COMERCIO;020974;FCA;38164;2014-05-23;http://www.rad.cvm.gov.br/ENETCONSULTA/frmDownloadDocumento.aspx?CodigoInstituicao=1&NumeroSequencialDocumento=38164
76.500.180/0001-32;2014-01-01;4;COMPANHIA PROVIDENCIA IND E COMERCIO;020974;FCA;40335;2014-08-12;http://www.rad.cvm.gov.br/ENETCONSULTA/frmDownloadDocumento.aspx?CodigoInstituicao=1&NumeroSequencialDocumento=40335
76.500.180/0001-32;2014-01-01;5;COMPANHIA PROVIDENCIA IND E COMERCIO;020974;FCA;40471;2014-08-13;http://www.rad.cvm.gov.br/ENETCONSULTA/frmDownloadDocumento.aspx?CodigoInstituicao=1&NumeroSequencialDocumento=40471
76.535.764/0001-43;2014-01-01;1;OI S.A. - EM RECUPERAÇÃO JUDICIAL;011312;FCA;34030;2014-01-17;http://www.rad.cvm.gov.br/ENETCONSULTA/frmDownloadDocumento.aspx?CodigoInstituicao=1&NumeroSequencialDocumento=34030
76.535.764/0001-43;2014-01-01;2;OI S.A. - EM RECUPERAÇÃO JUDICIAL;011312;FCA;39104;2014-06-02;http://www.rad.cvm.gov.br/ENETCONSULTA/frmDownloadDocumento.aspx?CodigoInstituicao=1&NumeroSequencialDocumento=39104
76.627.504/0001-06;2014-01-01;1;INEPAR S.A. INDUSTRIA E CONSTRUCOES EM RECUPERACAO JUDICIAL;007595;FCA;34054;2014-01-20;http://www.rad.cvm.gov.br/ENETCONSULTA/frmDownloadDocumento.aspx?CodigoInstituicao=1&NumeroSequencialDocumento=34054
76.627.504/0001-06;2014-01-01;2;INEPAR S.A. INDUSTRIA E CONSTRUCOES EM RECUPERACAO JUDICIAL;007595;FCA;36628;2014-05-05;http://www.rad.cvm.gov.br/ENETCONSULTA/frmDownloadDocumento.aspx?CodigoInstituicao=1&NumeroSequencialDocumento=36628
76.627.504/0001-06;2014-01-01;3;INEPAR S.A. INDUSTRIA E CONSTRUCOES EM RECUPERACAO JUDICIAL;007595;FCA;41347;2014-09-19;http://www.rad.cvm.gov.br/ENETCONSULTA/frmDownloadDocumento.aspx?CodigoInstituicao=1&NumeroSequencialDocumento=41347
78.588.415/0001-15;2014-01-01;1;CIA CACIQUE CAFE SOLUVEL;002909;FCA;35402;2014-03-21;http://www.rad.cvm.gov.br/ENETCONSULTA/frmDownloadDocumento.aspx?CodigoInstituicao=1&NumeroSequencialDocumento=35402
78.588.415/0001-15;2014-01-01;2;CIA CACIQUE CAFE SOLUVEL;002909;FCA;36990;2014-05-08;http://www.rad.cvm.gov.br/ENETCONSULTA/frmDownloadDocumento.aspx?CodigoInstituicao=1&NumeroSequencialDocumento=36990
78.588.415/0001-15;2014-01-01;3;CIA CACIQUE CAFE SOLUVEL;002909;FCA;37001;2014-05-08;http://www.rad.cvm.gov.br/ENETCONSULTA/frmDownloadDocumento.aspx?CodigoInstituicao=1&NumeroSequencialDocumento=37001
78.876.950/0001-71;2014-01-01;1;CIA HERING;014761;FCA;33771;2014-01-03;http://www.rad.cvm.gov.br/ENETCONSULTA/frmDownloadDocumento.aspx?CodigoInstituicao=1&NumeroSequencialDocumento=33771
78.876.950/0001-71;2014-01-01;2;CIA HERING;014761;FCA;34070;2014-01-20;http://www.rad.cvm.gov.br/ENETCONSULTA/frmDownloadDocumento.aspx?CodigoInstituicao=1&NumeroSequencialDocumento=34070
78.876.950/0001-71;2014-01-01;3;CIA HERING;014761;FCA;37084;2014-05-09;http://www.rad.cvm.gov.br/ENETCONSULTA/frmDownloadDocumento.aspx?CodigoInstituicao=1&NumeroSequencialDocumento=37084
80.227.184/0001-66;2014-01-01;1;METALGRAFICA IGUACU S.A.;008605;FCA;35357;2014-03-20;http://www.rad.cvm.gov.br/ENETCONSULTA/frmDownloadDocumento.aspx?CodigoInstituicao=1&NumeroSequencialDocumento=35357
80.227.184/0001-66;2014-01-01;2;METALGRAFICA IGUACU S.A.;008605;FCA;38240;2014-05-26;http://www.rad.cvm.gov.br/ENETCONSULTA/frmDownloadDocumento.aspx?CodigoInstituicao=1&NumeroSequencialDocumento=38240
81.243.735/0001-48;2014-01-01;1;POSITIVO TECNOLOGIA S.A.;020362;FCA;33759;2014-01-02;http://www.rad.cvm.gov.br/ENETCONSULTA/frmDownloadDocumento.aspx?CodigoInstituicao=1&NumeroSequencialDocumento=33759
81.243.735/0001-48;2014-01-01;2;POSITIVO TECNOLOGIA S.A.;020362;FCA;38243;2014-05-26;http://www.rad.cvm.gov.br/ENETCONSULTA/frmDownloadDocumento.aspx?CodigoInstituicao=1&NumeroSequencialDocumento=38243
81.304.727/0001-64;2014-01-01;1;IGUACU CELULOSE PAPEL SA;015113;FCA;36486;2014-04-29;http://www.rad.cvm.gov.br/ENETCONSULTA/frmDownloadDocumento.aspx?CodigoInstituicao=1&NumeroSequencialDocumento=36486
81.304.727/0001-64;2014-01-01;2;IGUACU CELULOSE PAPEL SA;015113;FCA;38259;2014-05-27;http://www.rad.cvm.gov.br/ENETCONSULTA/frmDownloadDocumento.aspx?CodigoInstituicao=1&NumeroSequencialDocumento=38259
82.373.077/0001-71;2014-01-01;1;BEMATECH IND COM EQUIP ELETRONICOS SA;020656;FCA;34085;2014-01-21;http://www.rad.cvm.gov.br/ENETCONSULTA/frmDownloadDocumento.aspx?CodigoInstituicao=1&NumeroSequencialDocumento=34085
82.373.077/0001-71;2014-01-01;2;BEMATECH IND COM EQUIP ELETRONICOS SA;020656;FCA;36823;2014-05-07;http://www.rad.cvm.gov.br/ENETCONSULTA/frmDownloadDocumento.aspx?CodigoInstituicao=1&NumeroSequencialDocumento=36823
82.508.433/0001-17;2014-01-01;1;CIA CATARINENSE DE AGUAS E SANEAM.-CASAN;016861;FCA;35487;2014-03-25;http://www.rad.cvm.gov.br/ENETCONSULTA/frmDownloadDocumento.aspx?CodigoInstituicao=1&NumeroSequencialDocumento=35487
82.508.433/0001-17;2014-01-01;2;CIA CATARINENSE DE AGUAS E SANEAM.-CASAN;016861;FCA;38115;2014-05-22;http://www.rad.cvm.gov.br/ENETCONSULTA/frmDownloadDocumento.aspx?CodigoInstituicao=1&NumeroSequencialDocumento=38115
82.636.986/0001-55;2014-01-01;1;TEKA-TECELAGEM KUEHNRICH S.A. - EM RECUPERAÇÃO JUDICIAL;011223;FCA;34051;2014-01-20;http://www.rad.cvm.gov.br/ENETCONSULTA/frmDownloadDocumento.aspx?CodigoInstituicao=1&NumeroSequencialDocumento=34051
82.636.986/0001-55;2014-01-01;2;TEKA-TECELAGEM KUEHNRICH S.A. - EM RECUPERAÇÃO JUDICIAL;011223;FCA;37214;2014-05-12;http://www.rad.cvm.gov.br/ENETCONSULTA/frmDownloadDocumento.aspx?CodigoInstituicao=1&NumeroSequencialDocumento=37214
82.636.986/0001-55;2014-01-01;3;TEKA-TECELAGEM KUEHNRICH S.A. - EM RECUPERAÇÃO JUDICIAL;011223;FCA;41387;2014-09-23;http://www.rad.cvm.gov.br/ENETCONSULTA/frmDownloadDocumento.aspx?CodigoInstituicao=1&NumeroSequencialDocumento=41387
82.640.558/0001-04;2014-01-01;1;KARSTEN S.A.;004146;FCA;35368;2014-03-20;http://www.rad.cvm.gov.br/ENETCONSULTA/frmDownloadDocumento.aspx?CodigoInstituicao=1&NumeroSequencialDocumento=35368
82.640.558/0001-04;2014-01-01;2;KARSTEN S.A.;004146;FCA;36766;2014-05-06;http://www.rad.cvm.gov.br/ENETCONSULTA/frmDownloadDocumento.aspx?CodigoInstituicao=1&NumeroSequencialDocumento=36766
82.640.558/0001-04;2014-01-01;3;KARSTEN S.A.;004146;FCA;40009;2014-07-31;http://www.rad.cvm.gov.br/ENETCONSULTA/frmDownloadDocumento.aspx?CodigoInstituicao=1&NumeroSequencialDocumento=40009
82.640.558/0001-04;2014-01-01;4;KARSTEN S.A.;004146;FCA;41470;2014-09-30;http://www.rad.cvm.gov.br/ENETCONSULTA/frmDownloadDocumento.aspx?CodigoInstituicao=1&NumeroSequencialDocumento=41470
82.640.632/0001-84;2014-01-01;1;LOJAS HERING S.A.;008117;FCA;35409;2014-03-21;http://www.rad.cvm.gov.br/ENETCONSULTA/frmDownloadDocumento.aspx?CodigoInstituicao=1&NumeroSequencialDocumento=35409
82.640.632/0001-84;2014-01-01;2;LOJAS HERING S.A.;008117;FCA;38325;2014-05-28;http://www.rad.cvm.gov.br/ENETCONSULTA/frmDownloadDocumento.aspx?CodigoInstituicao=1&NumeroSequencialDocumento=38325
82.641.325/0001-18;2014-01-01;1;CREMER SA;020141;FCA;33784;2014-01-03;http://www.rad.cvm.gov.br/ENETCONSULTA/frmDownloadDocumento.aspx?CodigoInstituicao=1&NumeroSequencialDocumento=33784
82.641.325/0001-18;2014-01-01;2;CREMER SA;020141;FCA;34952;2014-02-28;http://www.rad.cvm.gov.br/ENETCONSULTA/frmDownloadDocumento.aspx?CodigoInstituicao=1&NumeroSequencialDocumento=34952
82.641.325/0001-18;2014-01-01;3;CREMER SA;020141;FCA;36389;2014-04-24;http://www.rad.cvm.gov.br/ENETCONSULTA/frmDownloadDocumento.aspx?CodigoInstituicao=1&NumeroSequencialDocumento=36389
82.641.325/0001-18;2014-01-01;4;CREMER SA;020141;FCA;38563;2014-05-30;http://www.rad.cvm.gov.br/ENETCONSULTA/frmDownloadDocumento.aspx?CodigoInstituicao=1&NumeroSequencialDocumento=38563
82.641.325/0001-18;2014-01-01;5;CREMER SA;020141;FCA;39945;2014-07-29;http://www.rad.cvm.gov.br/ENETCONSULTA/frmDownloadDocumento.aspx?CodigoInstituicao=1&NumeroSequencialDocumento=39945
82.643.537/0001-34;2014-01-01;1;ELECTRO ACO ALTONA S.A.;005380;FCA;33959;2014-01-13;http://www.rad.cvm.gov.br/ENETCONSULTA/frmDownloadDocumento.aspx?CodigoInstituicao=1&NumeroSequencialDocumento=33959
82.643.537/0001-34;2014-01-01;2;ELECTRO ACO ALTONA S.A.;005380;FCA;36636;2014-05-05;http://www.rad.cvm.gov.br/ENETCONSULTA/frmDownloadDocumento.aspx?CodigoInstituicao=1&NumeroSequencialDocumento=36636
82.981.812/0001-20;2014-01-01;1;BUETTNER SA IND E COMERCIO - EM RECUPERAÇÃO JUDICIAL;002038;FCA;35542;2014-03-26;http://www.rad.cvm.gov.br/ENETCONSULTA/frmDownloadDocumento.aspx?CodigoInstituicao=1&NumeroSequencialDocumento=35542
82.981.929/0001-03;2014-01-01;1;CIA INDUSTRIAL SCHLOSSER S.A.;003549;FCA;35631;2014-03-27;http://www.rad.cvm.gov.br/ENETCONSULTA/frmDownloadDocumento.aspx?CodigoInstituicao=1&NumeroSequencialDocumento=35631
82.982.075/0001-80;2014-01-01;1;TEXTIL RENAUXVIEW S.A.;007544;FCA;35356;2014-03-20;http://www.rad.cvm.gov.br/ENETCONSULTA/frmDownloadDocumento.aspx?CodigoInstituicao=1&NumeroSequencialDocumento=35356
82.982.075/0001-80;2014-01-01;2;TEXTIL RENAUXVIEW S.A.;007544;FCA;38032;2014-05-20;http://www.rad.cvm.gov.br/ENETCONSULTA/frmDownloadDocumento.aspx?CodigoInstituicao=1&NumeroSequencialDocumento=38032
83.475.913/0001-91;2014-01-01;1;PBG S/A;013773;FCA;35517;2014-03-25;http://www.rad.cvm.gov.br/ENETCONSULTA/frmDownloadDocumento.aspx?CodigoInstituicao=1&NumeroSequencialDocumento=35517
83.475.913/0001-91;2014-01-01;2;PBG S/A;013773;FCA;37813;2014-05-15;http://www.rad.cvm.gov.br/ENETCONSULTA/frmDownloadDocumento.aspx?CodigoInstituicao=1&NumeroSequencialDocumento=37813
83.878.892/0001-55;2014-01-01;1;CENTRAIS ELET DE SANTA CATARINA S.A.;002461;FCA;35862;2014-03-28;http://www.rad.cvm.gov.br/ENETCONSULTA/frmDownloadDocumento.aspx?CodigoInstituicao=1&NumeroSequencialDocumento=35862
83.878.892/0001-55;2014-01-01;2;CENTRAIS ELET DE SANTA CATARINA S.A.;002461;FCA;36365;2014-04-23;http://www.rad.cvm.gov.br/ENETCONSULTA/frmDownloadDocumento.aspx?CodigoInstituicao=1&NumeroSequencialDocumento=36365
83.878.892/0001-55;2014-01-01;3;CENTRAIS ELET DE SANTA CATARINA S.A.;002461;FCA;38118;2014-05-22;http://www.rad.cvm.gov.br/ENETCONSULTA/frmDownloadDocumento.aspx?CodigoInstituicao=1&NumeroSequencialDocumento=38118
84.208.123/0001-02;2014-01-01;1;CIA DOCAS DE IMBITUBA;003174;FCA;36933;2014-05-08;http://www.rad.cvm.gov.br/ENETCONSULTA/frmDownloadDocumento.aspx?CodigoInstituicao=1&NumeroSequencialDocumento=36933
84.208.123/0001-02;2014-01-01;2;CIA DOCAS DE IMBITUBA;003174;FCA;36945;2014-05-08;http://www.rad.cvm.gov.br/ENETCONSULTA/frmDownloadDocumento.aspx?CodigoInstituicao=1&NumeroSequencialDocumento=36945
84.429.695/0001-11;2014-01-01;1;WEG S.A.;005410;FCA;33921;2014-01-10;http://www.rad.cvm.gov.br/ENETCONSULTA/frmDownloadDocumento.aspx?CodigoInstituicao=1&NumeroSequencialDocumento=33921
84.429.695/0001-11;2014-01-01;2;WEG S.A.;005410;FCA;36804;2014-05-07;http://www.rad.cvm.gov.br/ENETCONSULTA/frmDownloadDocumento.aspx?CodigoInstituicao=1&NumeroSequencialDocumento=36804
84.429.695/0001-11;2014-01-01;3;WEG S.A.;005410;FCA;39469;2014-06-24;http://www.rad.cvm.gov.br/ENETCONSULTA/frmDownloadDocumento.aspx?CodigoInstituicao=1&NumeroSequencialDocumento=39469
84.683.374/0001-49;2014-01-01;1;TUPY S.A.;006343;FCA;33813;2014-01-06;http://www.rad.cvm.gov.br/ENETCONSULTA/frmDownloadDocumento.aspx?CodigoInstituicao=1&NumeroSequencialDocumento=33813
84.683.374/0001-49;2014-01-01;2;TUPY S.A.;006343;FCA;36385;2014-04-24;http://www.rad.cvm.gov.br/ENETCONSULTA/frmDownloadDocumento.aspx?CodigoInstituicao=1&NumeroSequencialDocumento=36385
84.683.374/0001-49;2014-01-01;3;TUPY S.A.;006343;FCA;38133;2014-05-22;http://www.rad.cvm.gov.br/ENETCONSULTA/frmDownloadDocumento.aspx?CodigoInstituicao=1&NumeroSequencialDocumento=38133
84.683.374/0001-49;2014-01-01;4;TUPY S.A.;006343;FCA;40149;2014-08-06;http://www.rad.cvm.gov.br/ENETCONSULTA/frmDownloadDocumento.aspx?CodigoInstituicao=1&NumeroSequencialDocumento=40149
84.683.408/0001-03;2014-01-01;1;DOHLER S.A.;005207;FCA;33858;2014-01-08;http://www.rad.cvm.gov.br/ENETCONSULTA/frmDownloadDocumento.aspx?CodigoInstituicao=1&NumeroSequencialDocumento=33858
84.683.408/0001-03;2014-01-01;2;DOHLER S.A.;005207;FCA;36941;2014-05-08;http://www.rad.cvm.gov.br/ENETCONSULTA/frmDownloadDocumento.aspx?CodigoInstituicao=1&NumeroSequencialDocumento=36941
84.683.671/0001-94;2014-01-01;1;WETZEL S.A.;011991;FCA;35580;2014-03-27;http://www.rad.cvm.gov.br/ENETCONSULTA/frmDownloadDocumento.aspx?CodigoInstituicao=1&NumeroSequencialDocumento=35580
84.683.671/0001-94;2014-01-01;2;WETZEL S.A.;011991;FCA;38568;2014-05-30;http://www.rad.cvm.gov.br/ENETCONSULTA/frmDownloadDocumento.aspx?CodigoInstituicao=1&NumeroSequencialDocumento=38568
84.683.671/0001-94;2014-01-01;3;WETZEL S.A.;011991;FCA;42926;2014-12-02;http://www.rad.cvm.gov.br/ENETCONSULTA/frmDownloadDocumento.aspx?CodigoInstituicao=1&NumeroSequencialDocumento=42926
84.683.762/0001-20;2014-01-01;1;METALURGICA DUQUE SA;008648;FCA;34802;2014-02-25;http://www.rad.cvm.gov.br/ENETCONSULTA/frmDownloadDocumento.aspx?CodigoInstituicao=1&NumeroSequencialDocumento=34802
84.683.762/0001-20;2014-01-01;2;METALURGICA DUQUE SA;008648;FCA;38332;2014-05-28;http://www.rad.cvm.gov.br/ENETCONSULTA/frmDownloadDocumento.aspx?CodigoInstituicao=1&NumeroSequencialDocumento=38332
84.693.183/0001-68;2014-01-01;1;SCHULZ S.A.;014664;FCA;34680;2014-02-20;http://www.rad.cvm.gov.br/ENETCONSULTA/frmDownloadDocumento.aspx?CodigoInstituicao=1&NumeroSequencialDocumento=34680
84.693.183/0001-68;2014-01-01;2;SCHULZ S.A.;014664;FCA;36758;2014-05-06;http://www.rad.cvm.gov.br/ENETCONSULTA/frmDownloadDocumento.aspx?CodigoInstituicao=1&NumeroSequencialDocumento=36758
84.693.183/0001-68;2014-01-01;3;SCHULZ S.A.;014664;FCA;38173;2014-05-23;http://www.rad.cvm.gov.br/ENETCONSULTA/frmDownloadDocumento.aspx?CodigoInstituicao=1&NumeroSequencialDocumento=38173
85.041.333/0001-11;2014-01-01;1;PORTO PONTA DO FELIX S/A;015407;FCA;34696;2014-02-20;http://www.rad.cvm.gov.br/ENETCONSULTA/frmDownloadDocumento.aspx?CodigoInstituicao=1&NumeroSequencialDocumento=34696
85.041.333/0001-11;2014-01-01;2;PORTO PONTA DO FELIX S/A;015407;FCA;39232;2014-06-09;http://www.rad.cvm.gov.br/ENETCONSULTA/frmDownloadDocumento.aspx?CodigoInstituicao=1&NumeroSequencialDocumento=39232
85.778.074/0001-06;2014-01-01;1;METALURGICA RIOSULENSE S.A.;013439;FCA;35885;2014-03-31;http://www.rad.cvm.gov.br/ENETCONSULTA/frmDownloadDocumento.aspx?CodigoInstituicao=1&NumeroSequencialDocumento=35885
85.778.074/0001-06;2014-01-01;2;METALURGICA RIOSULENSE S.A.;013439;FCA;37705;2014-05-15;http://www.rad.cvm.gov.br/ENETCONSULTA/frmDownloadDocumento.aspx?CodigoInstituicao=1&NumeroSequencialDocumento=37705
86.375.425/0001-09;2014-01-01;1;METISA METALURGICA TIMBOENSE S.A.;008753;FCA;35397;2014-03-21;http://www.rad.cvm.gov.br/ENETCONSULTA/frmDownloadDocumento.aspx?CodigoInstituicao=1&NumeroSequencialDocumento=35397
86.375.425/0001-09;2014-01-01;2;METISA METALURGICA TIMBOENSE S.A.;008753;FCA;36785;2014-05-06;http://www.rad.cvm.gov.br/ENETCONSULTA/frmDownloadDocumento.aspx?CodigoInstituicao=1&NumeroSequencialDocumento=36785
86.550.951/0001-50;2014-01-01;1;POMIFRUTAS S/A EM RECUPERACAO JUDICIAL;019658;FCA;34766;2014-02-24;http://www.rad.cvm.gov.br/ENETCONSULTA/frmDownloadDocumento.aspx?CodigoInstituicao=1&NumeroSequencialDocumento=34766
86.550.951/0001-50;2014-01-01;2;POMIFRUTAS S/A EM RECUPERACAO JUDICIAL;019658;FCA;39120;2014-06-03;http://www.rad.cvm.gov.br/ENETCONSULTA/frmDownloadDocumento.aspx?CodigoInstituicao=1&NumeroSequencialDocumento=39120
86.550.951/0001-50;2014-01-01;3;POMIFRUTAS S/A EM RECUPERACAO JUDICIAL;019658;FCA;40359;2014-08-12;http://www.rad.cvm.gov.br/ENETCONSULTA/frmDownloadDocumento.aspx?CodigoInstituicao=1&NumeroSequencialDocumento=40359
86.550.951/0001-50;2014-01-01;4;POMIFRUTAS S/A EM RECUPERACAO JUDICIAL;019658;FCA;42780;2014-11-19;http://www.rad.cvm.gov.br/ENETCONSULTA/frmDownloadDocumento.aspx?CodigoInstituicao=1&NumeroSequencialDocumento=42780
87.043.832/0001-73;2014-01-01;1;SEIVA S.A. - FLORESTAS E INDÚSTRIAS;010561;FCA;35049;2014-03-07;http://www.rad.cvm.gov.br/ENETCONSULTA/frmDownloadDocumento.aspx?CodigoInstituicao=1&NumeroSequencialDocumento=35049
87.043.832/0001-73;2014-01-01;2;SEIVA S.A. - FLORESTAS E INDÚSTRIAS;010561;FCA;38323;2014-05-28;http://www.rad.cvm.gov.br/ENETCONSULTA/frmDownloadDocumento.aspx?CodigoInstituicao=1&NumeroSequencialDocumento=38323
87.456.562/0001-22;2014-01-01;1;JOSAPAR-JOAQUIM OLIVEIRA S.A. - PARTICIP;013285;FCA;34032;2014-01-17;http://www.rad.cvm.gov.br/ENETCONSULTA/frmDownloadDocumento.aspx?CodigoInstituicao=1&NumeroSequencialDocumento=34032
87.762.563/0001-03;2014-01-01;1;CIA HABITASUL DE PARTICIPACOES;003298;FCA;35711;2014-03-28;http://www.rad.cvm.gov.br/ENETCONSULTA/frmDownloadDocumento.aspx?CodigoInstituicao=1&NumeroSequencialDocumento=35711
87.762.563/0001-03;2014-01-01;2;CIA HABITASUL DE PARTICIPACOES;003298;FCA;37403;2014-05-13;http://www.rad.cvm.gov.br/ENETCONSULTA/frmDownloadDocumento.aspx?CodigoInstituicao=1&NumeroSequencialDocumento=37403
88.610.126/0001-29;2014-01-01;1;FRAS-LE S.A.;006211;FCA;34027;2014-01-17;http://www.rad.cvm.gov.br/ENETCONSULTA/frmDownloadDocumento.aspx?CodigoInstituicao=1&NumeroSequencialDocumento=34027
88.610.126/0001-29;2014-01-01;2;FRAS-LE S.A.;006211;FCA;35313;2014-03-19;http://www.rad.cvm.gov.br/ENETCONSULTA/frmDownloadDocumento.aspx?CodigoInstituicao=1&NumeroSequencialDocumento=35313
88.610.126/0001-29;2014-01-01;3;FRAS-LE S.A.;006211;FCA;37398;2014-05-13;http://www.rad.cvm.gov.br/ENETCONSULTA/frmDownloadDocumento.aspx?CodigoInstituicao=1&NumeroSequencialDocumento=37398
88.610.126/0001-29;2014-01-01;4;FRAS-LE S.A.;006211;FCA;41948;2014-11-03;http://www.rad.cvm.gov.br/ENETCONSULTA/frmDownloadDocumento.aspx?CodigoInstituicao=1&NumeroSequencialDocumento=41948
88.610.191/0001-54;2014-01-01;1;MUNDIAL S.A. - PRODUTOS DE CONSUMO;005312;FCA;33986;2014-01-14;http://www.rad.cvm.gov.br/ENETCONSULTA/frmDownloadDocumento.aspx?CodigoInstituicao=1&NumeroSequencialDocumento=33986
88.610.191/0001-54;2014-01-01;2;MUNDIAL S.A. - PRODUTOS DE CONSUMO;005312;FCA;37007;2014-05-08;http://www.rad.cvm.gov.br/ENETCONSULTA/frmDownloadDocumento.aspx?CodigoInstituicao=1&NumeroSequencialDocumento=37007
88.611.835/0001-29;2014-01-01;1;MARCOPOLO S.A.;008451;FCA;34784;2014-02-25;http://www.rad.cvm.gov.br/ENETCONSULTA/frmDownloadDocumento.aspx?CodigoInstituicao=1&NumeroSequencialDocumento=34784
88.611.835/0001-29;2014-01-01;2;MARCOPOLO S.A.;008451;FCA;36014;2014-04-01;http://www.rad.cvm.gov.br/ENETCONSULTA/frmDownloadDocumento.aspx?CodigoInstituicao=1&NumeroSequencialDocumento=36014
88.611.835/0001-29;2014-01-01;3;MARCOPOLO S.A.;008451;FCA;38264;2014-05-27;http://www.rad.cvm.gov.br/ENETCONSULTA/frmDownloadDocumento.aspx?CodigoInstituicao=1&NumeroSequencialDocumento=38264
88.613.658/0001-10;2014-01-01;1;PETTENATI S.A. INDUSTRIA TEXTIL;009539;FCA;34373;2014-02-07;http://www.rad.cvm.gov.br/ENETCONSULTA/frmDownloadDocumento.aspx?CodigoInstituicao=1&NumeroSequencialDocumento=34373
88.613.658/0001-10;2014-01-01;2;PETTENATI S.A. INDUSTRIA TEXTIL;009539;FCA;37668;2014-05-15;http://www.rad.cvm.gov.br/ENETCONSULTA/frmDownloadDocumento.aspx?CodigoInstituicao=1&NumeroSequencialDocumento=37668
89.086.144/0001-16;2014-01-01;1;RANDON S.A. IMPLEMENTOS E PARTICIPACOES;014109;FCA;33725;2014-01-02;http://www.rad.cvm.gov.br/ENETCONSULTA/frmDownloadDocumento.aspx?CodigoInstituicao=1&NumeroSequencialDocumento=33725
89.086.144/0001-16;2014-01-01;2;RANDON S.A. IMPLEMENTOS E PARTICIPACOES;014109;FCA;35306;2014-03-19;http://www.rad.cvm.gov.br/ENETCONSULTA/frmDownloadDocumento.aspx?CodigoInstituicao=1&NumeroSequencialDocumento=35306
89.086.144/0001-16;2014-01-01;3;RANDON S.A. IMPLEMENTOS E PARTICIPACOES;014109;FCA;36638;2014-05-05;http://www.rad.cvm.gov.br/ENETCONSULTA/frmDownloadDocumento.aspx?CodigoInstituicao=1&NumeroSequencialDocumento=36638
89.086.144/0001-16;2014-01-01;4;RANDON S.A. IMPLEMENTOS E PARTICIPACOES;014109;FCA;37385;2014-05-13;http://www.rad.cvm.gov.br/ENETCONSULTA/frmDownloadDocumento.aspx?CodigoInstituicao=1&NumeroSequencialDocumento=37385
89.096.457/0001-55;2014-01-01;1;SLC AGRICOLA S.A.;020745;FCA;35154;2014-03-12;http://www.rad.cvm.gov.br/ENETCONSULTA/frmDownloadDocumento.aspx?CodigoInstituicao=1&NumeroSequencialDocumento=35154
89.096.457/0001-55;2014-01-01;2;SLC AGRICOLA S.A.;020745;FCA;36437;2014-04-28;http://www.rad.cvm.gov.br/ENETCONSULTA/frmDownloadDocumento.aspx?CodigoInstituicao=1&NumeroSequencialDocumento=36437
89.096.457/0001-55;2014-01-01;3;SLC AGRICOLA S.A.;020745;FCA;39124;2014-06-03;http://www.rad.cvm.gov.br/ENETCONSULTA/frmDownloadDocumento.aspx?CodigoInstituicao=1&NumeroSequencialDocumento=39124
89.463.822/0001-12;2014-01-01;1;LUPATECH S.A;020060;FCA;33734;2014-01-02;http://www.rad.cvm.gov.br/ENETCONSULTA/frmDownloadDocumento.aspx?CodigoInstituicao=1&NumeroSequencialDocumento=33734
89.463.822/0001-12;2014-01-01;2;LUPATECH S.A;020060;FCA;38345;2014-05-28;http://www.rad.cvm.gov.br/ENETCONSULTA/frmDownloadDocumento.aspx?CodigoInstituicao=1&NumeroSequencialDocumento=38345
89.463.822/0001-12;2014-01-01;3;LUPATECH S.A;020060;FCA;39270;2014-06-11;http://www.rad.cvm.gov.br/ENETCONSULTA/frmDownloadDocumento.aspx?CodigoInstituicao=1&NumeroSequencialDocumento=39270
89.463.822/0001-12;2014-01-01;4;LUPATECH S.A;020060;FCA;41585;2014-10-09;http://www.rad.cvm.gov.br/ENETCONSULTA/frmDownloadDocumento.aspx?CodigoInstituicao=1&NumeroSequencialDocumento=41585
89.547.269/0001-04;2014-01-01;1;DIGITEL SA INDUSTRIA ELETRONICA;012858;FCA;35902;2014-03-31;http://www.rad.cvm.gov.br/ENETCONSULTA/frmDownloadDocumento.aspx?CodigoInstituicao=1&NumeroSequencialDocumento=35902
89.547.269/0001-04;2014-01-01;2;DIGITEL SA INDUSTRIA ELETRONICA;012858;FCA;39082;2014-06-02;http://www.rad.cvm.gov.br/ENETCONSULTA/frmDownloadDocumento.aspx?CodigoInstituicao=1&NumeroSequencialDocumento=39082
89.637.490/0001-45;2014-01-01;1;KLABIN S.A.;012653;FCA;33994;2014-01-15;http://www.rad.cvm.gov.br/ENETCONSULTA/frmDownloadDocumento.aspx?CodigoInstituicao=1&NumeroSequencialDocumento=33994
89.637.490/0001-45;2014-01-01;2;KLABIN S.A.;012653;FCA;38038;2014-05-20;http://www.rad.cvm.gov.br/ENETCONSULTA/frmDownloadDocumento.aspx?CodigoInstituicao=1&NumeroSequencialDocumento=38038
89.637.490/0001-45;2014-01-01;3;KLABIN S.A.;012653;FCA;39269;2014-06-11;http://www.rad.cvm.gov.br/ENETCONSULTA/frmDownloadDocumento.aspx?CodigoInstituicao=1&NumeroSequencialDocumento=39269
89.723.993/0001-33;2014-01-01;1;CONSTRUTORA SULTEPA S.A. - EM RECUPERAÇÃO JUDICIAL;013030;FCA;38382;2014-05-28;http://www.rad.cvm.gov.br/ENETCONSULTA/frmDownloadDocumento.aspx?CodigoInstituicao=1&NumeroSequencialDocumento=38382
89.723.993/0001-33;2014-01-01;2;CONSTRUTORA SULTEPA S.A. - EM RECUPERAÇÃO JUDICIAL;013030;FCA;41141;2014-09-03;http://www.rad.cvm.gov.br/ENETCONSULTA/frmDownloadDocumento.aspx?CodigoInstituicao=1&NumeroSequencialDocumento=41141
89.850.341/0001-60;2014-01-01;1;GRENDENE S.A.;019615;FCA;33770;2014-01-03;http://www.rad.cvm.gov.br/ENETCONSULTA/frmDownloadDocumento.aspx?CodigoInstituicao=1&NumeroSequencialDocumento=33770
89.850.341/0001-60;2014-01-01;2;GRENDENE S.A.;019615;FCA;37092;2014-05-09;http://www.rad.cvm.gov.br/ENETCONSULTA/frmDownloadDocumento.aspx?CodigoInstituicao=1&NumeroSequencialDocumento=37092
89.850.341/0001-60;2014-01-01;3;GRENDENE S.A.;019615;FCA;39922;2014-07-28;http://www.rad.cvm.gov.br/ENETCONSULTA/frmDownloadDocumento.aspx?CodigoInstituicao=1&NumeroSequencialDocumento=39922
90.076.886/0001-40;2014-01-01;1;MINUPAR PARTICIPACOES S.A.;013765;FCA;34910;2014-02-27;http://www.rad.cvm.gov.br/ENETCONSULTA/frmDownloadDocumento.aspx?CodigoInstituicao=1&NumeroSequencialDocumento=34910
90.076.886/0001-40;2014-01-01;2;MINUPAR PARTICIPACOES S.A.;013765;FCA;36290;2014-04-16;http://www.rad.cvm.gov.br/ENETCONSULTA/frmDownloadDocumento.aspx?CodigoInstituicao=1&NumeroSequencialDocumento=36290
90.076.886/0001-40;2014-01-01;3;MINUPAR PARTICIPACOES S.A.;013765;FCA;39131;2014-06-03;http://www.rad.cvm.gov.br/ENETCONSULTA/frmDownloadDocumento.aspx?CodigoInstituicao=1&NumeroSequencialDocumento=39131
90.400.888/0001-42;2014-01-01;1;BCO SANTANDER (BRASIL) S.A.;020532;FCA;33881;2014-01-08;http://www.rad.cvm.gov.br/ENETCONSULTA/frmDownloadDocumento.aspx?CodigoInstituicao=1&NumeroSequencialDocumento=33881
90.400.888/0001-42;2014-01-01;2;BCO SANTANDER (BRASIL) S.A.;020532;FCA;37291;2014-05-12;http://www.rad.cvm.gov.br/ENETCONSULTA/frmDownloadDocumento.aspx?CodigoInstituicao=1&NumeroSequencialDocumento=37291
90.400.888/0001-42;2014-01-01;3;BCO SANTANDER (BRASIL) S.A.;020532;FCA;41375;2014-09-22;http://www.rad.cvm.gov.br/ENETCONSULTA/frmDownloadDocumento.aspx?CodigoInstituicao=1&NumeroSequencialDocumento=41375
90.400.888/0001-42;2014-01-01;4;BCO SANTANDER (BRASIL) S.A.;020532;FCA;42360;2014-11-13;http://www.rad.cvm.gov.br/ENETCONSULTA/frmDownloadDocumento.aspx?CodigoInstituicao=1&NumeroSequencialDocumento=42360
90.400.888/0001-42;2014-01-01;5;BCO SANTANDER (BRASIL) S.A.;020532;FCA;43215;2014-12-23;http://www.rad.cvm.gov.br/ENETCONSULTA/frmDownloadDocumento.aspx?CodigoInstituicao=1&NumeroSequencialDocumento=43215
90.441.460/0001-48;2014-01-01;1;UNICASA INDÚSTRIA DE MÓVEIS S.A.;022780;FCA;33832;2014-01-07;http://www.rad.cvm.gov.br/ENETCONSULTA/frmDownloadDocumento.aspx?CodigoInstituicao=1&NumeroSequencialDocumento=33832
90.441.460/0001-48;2014-01-01;2;UNICASA INDÚSTRIA DE MÓVEIS S.A.;022780;FCA;36590;2014-05-02;http://www.rad.cvm.gov.br/ENETCONSULTA/frmDownloadDocumento.aspx?CodigoInstituicao=1&NumeroSequencialDocumento=36590
90.441.460/0001-48;2014-01-01;3;UNICASA INDÚSTRIA DE MÓVEIS S.A.;022780;FCA;39062;2014-05-31;http://www.rad.cvm.gov.br/ENETCONSULTA/frmDownloadDocumento.aspx?CodigoInstituicao=1&NumeroSequencialDocumento=39062
90.441.460/0001-48;2014-01-01;4;UNICASA INDÚSTRIA DE MÓVEIS S.A.;022780;FCA;39885;2014-07-24;http://www.rad.cvm.gov.br/ENETCONSULTA/frmDownloadDocumento.aspx?CodigoInstituicao=1&NumeroSequencialDocumento=39885
91.333.666/0001-17;2014-01-01;1;RECRUSUL S.A.;012572;FCA;35907;2014-03-31;http://www.rad.cvm.gov.br/ENETCONSULTA/frmDownloadDocumento.aspx?CodigoInstituicao=1&NumeroSequencialDocumento=35907
91.333.666/0001-17;2014-01-01;2;RECRUSUL S.A.;012572;FCA;37421;2014-05-13;http://www.rad.cvm.gov.br/ENETCONSULTA/frmDownloadDocumento.aspx?CodigoInstituicao=1&NumeroSequencialDocumento=37421
91.669.747/0001-92;2014-01-01;1;DM FINANCEIRA S.A. - CRÉDITO, FINANCIAMENTO E INVESTIMENTO;006076;FCA;33800;2014-01-06;http://www.rad.cvm.gov.br/ENETCONSULTA/frmDownloadDocumento.aspx?CodigoInstituicao=1&NumeroSequencialDocumento=33800
91.669.747/0001-92;2014-01-01;2;DM FINANCEIRA S.A. - CRÉDITO, FINANCIAMENTO E INVESTIMENTO;006076;FCA;36476;2014-04-29;http://www.rad.cvm.gov.br/ENETCONSULTA/frmDownloadDocumento.aspx?CodigoInstituicao=1&NumeroSequencialDocumento=36476
91.669.747/0001-92;2014-01-01;3;DM FINANCEIRA S.A. - CRÉDITO, FINANCIAMENTO E INVESTIMENTO;006076;FCA;36926;2014-05-08;http://www.rad.cvm.gov.br/ENETCONSULTA/frmDownloadDocumento.aspx?CodigoInstituicao=1&NumeroSequencialDocumento=36926
91.820.068/0001-72;2014-01-01;1;ÉVORA SA;013412;FCA;34764;2014-02-24;http://www.rad.cvm.gov.br/ENETCONSULTA/frmDownloadDocumento.aspx?CodigoInstituicao=1&NumeroSequencialDocumento=34764
91.820.068/0001-72;2014-01-01;2;ÉVORA SA;013412;FCA;38221;2014-05-26;http://www.rad.cvm.gov.br/ENETCONSULTA/frmDownloadDocumento.aspx?CodigoInstituicao=1&NumeroSequencialDocumento=38221
91.983.056/0001-69;2014-01-01;1;KEPLER WEBER S.A.;007870;FCA;34119;2014-01-23;http://www.rad.cvm.gov.br/ENETCONSULTA/frmDownloadDocumento.aspx?CodigoInstituicao=1&NumeroSequencialDocumento=34119
91.983.056/0001-69;2014-01-01;2;KEPLER WEBER S.A.;007870;FCA;36184;2014-04-09;http://www.rad.cvm.gov.br/ENETCONSULTA/frmDownloadDocumento.aspx?CodigoInstituicao=1&NumeroSequencialDocumento=36184
91.983.056/0001-69;2014-01-01;3;KEPLER WEBER S.A.;007870;FCA;36895;2014-05-07;http://www.rad.cvm.gov.br/ENETCONSULTA/frmDownloadDocumento.aspx?CodigoInstituicao=1&NumeroSequencialDocumento=36895
91.983.056/0001-69;2014-01-01;4;KEPLER WEBER S.A.;007870;FCA;38354;2014-05-28;http://www.rad.cvm.gov.br/ENETCONSULTA/frmDownloadDocumento.aspx?CodigoInstituicao=1&NumeroSequencialDocumento=38354
92.012.467/0001-70;2014-01-01;1;GRAZZIOTIN S.A.;004537;FCA;33966;2014-01-13;http://www.rad.cvm.gov.br/ENETCONSULTA/frmDownloadDocumento.aspx?CodigoInstituicao=1&NumeroSequencialDocumento=33966
92.012.467/0001-70;2014-01-01;2;GRAZZIOTIN S.A.;004537;FCA;37195;2014-05-12;http://www.rad.cvm.gov.br/ENETCONSULTA/frmDownloadDocumento.aspx?CodigoInstituicao=1&NumeroSequencialDocumento=37195
92.660.570/0001-26;2014-01-01;1;TREVISA INVESTIMENTOS S.A.;008192;FCA;35435;2014-03-24;http://www.rad.cvm.gov.br/ENETCONSULTA/frmDownloadDocumento.aspx?CodigoInstituicao=1&NumeroSequencialDocumento=35435
92.660.570/0001-26;2014-01-01;2;TREVISA INVESTIMENTOS S.A.;008192;FCA;38625;2014-05-30;http://www.rad.cvm.gov.br/ENETCONSULTA/frmDownloadDocumento.aspx?CodigoInstituicao=1&NumeroSequencialDocumento=38625
92.665.611/0001-77;2014-01-01;1;DIMED S.A. DISTRIBUIDORA DE MEDICAMENTOS;009342;FCA;35703;2014-03-28;http://www.rad.cvm.gov.br/ENETCONSULTA/frmDownloadDocumento.aspx?CodigoInstituicao=1&NumeroSequencialDocumento=35703
92.665.611/0001-77;2014-01-01;2;DIMED S.A. DISTRIBUIDORA DE MEDICAMENTOS;009342;FCA;37280;2014-05-12;http://www.rad.cvm.gov.br/ENETCONSULTA/frmDownloadDocumento.aspx?CodigoInstituicao=1&NumeroSequencialDocumento=37280
92.665.611/0001-77;2014-01-01;3;DIMED S.A. DISTRIBUIDORA DE MEDICAMENTOS;009342;FCA;38892;2014-05-30;http://www.rad.cvm.gov.br/ENETCONSULTA/frmDownloadDocumento.aspx?CodigoInstituicao=1&NumeroSequencialDocumento=38892
92.665.611/0001-77;2014-01-01;4;DIMED S.A. DISTRIBUIDORA DE MEDICAMENTOS;009342;FCA;41497;2014-10-01;http://www.rad.cvm.gov.br/ENETCONSULTA/frmDownloadDocumento.aspx?CodigoInstituicao=1&NumeroSequencialDocumento=41497
92.665.611/0001-77;2014-01-01;5;DIMED S.A. DISTRIBUIDORA DE MEDICAMENTOS;009342;FCA;43263;2014-12-30;http://www.rad.cvm.gov.br/ENETCONSULTA/frmDownloadDocumento.aspx?CodigoInstituicao=1&NumeroSequencialDocumento=43263
92.690.783/0001-09;2014-01-01;1;METALURGICA GERDAU S.A.;008656;FCA;34723;2014-02-21;http://www.rad.cvm.gov.br/ENETCONSULTA/frmDownloadDocumento.aspx?CodigoInstituicao=1&NumeroSequencialDocumento=34723
92.690.783/0001-09;2014-01-01;2;METALURGICA GERDAU S.A.;008656;FCA;38322;2014-05-28;http://www.rad.cvm.gov.br/ENETCONSULTA/frmDownloadDocumento.aspx?CodigoInstituicao=1&NumeroSequencialDocumento=38322
92.693.019/0001-89;2014-01-01;1;PANATLANTICA S.A.;000094;FCA;35235;2014-03-17;http://www.rad.cvm.gov.br/ENETCONSULTA/frmDownloadDocumento.aspx?CodigoInstituicao=1&NumeroSequencialDocumento=35235
92.693.019/0001-89;2014-01-01;2;PANATLANTICA S.A.;000094;FCA;38379;2014-05-28;http://www.rad.cvm.gov.br/ENETCONSULTA/frmDownloadDocumento.aspx?CodigoInstituicao=1&NumeroSequencialDocumento=38379
92.702.067/0001-96;2014-01-01;1;BCO ESTADO DO RIO GRANDE DO SUL S.A.;001210;FCA;34483;2014-02-12;http://www.rad.cvm.gov.br/ENETCONSULTA/frmDownloadDocumento.aspx?CodigoInstituicao=1&NumeroSequencialDocumento=34483
92.702.067/0001-96;2014-01-01;2;BCO ESTADO DO RIO GRANDE DO SUL S.A.;001210;FCA;36307;2014-04-17;http://www.rad.cvm.gov.br/ENETCONSULTA/frmDownloadDocumento.aspx?CodigoInstituicao=1&NumeroSequencialDocumento=36307
92.702.067/0001-96;2014-01-01;3;BCO ESTADO DO RIO GRANDE DO SUL S.A.;001210;FCA;36617;2014-05-05;http://www.rad.cvm.gov.br/ENETCONSULTA/frmDownloadDocumento.aspx?CodigoInstituicao=1&NumeroSequencialDocumento=36617
92.715.812/0001-31;2014-01-01;1;CIA ESTADUAL DE TRANSMISSÃO DE ENERGIA ELETRICA - CEEE-T;003204;FCA;35880;2014-03-31;http://www.rad.cvm.gov.br/ENETCONSULTA/frmDownloadDocumento.aspx?CodigoInstituicao=1&NumeroSequencialDocumento=35880
92.715.812/0001-31;2014-01-01;2;CIA ESTADUAL DE TRANSMISSÃO DE ENERGIA ELETRICA - CEEE-T;003204;FCA;37497;2014-05-14;http://www.rad.cvm.gov.br/ENETCONSULTA/frmDownloadDocumento.aspx?CodigoInstituicao=1&NumeroSequencialDocumento=37497
92.715.812/0001-31;2014-01-01;3;CIA ESTADUAL DE TRANSMISSÃO DE ENERGIA ELETRICA - CEEE-T;003204;FCA;42348;2014-11-13;http://www.rad.cvm.gov.br/ENETCONSULTA/frmDownloadDocumento.aspx?CodigoInstituicao=1&NumeroSequencialDocumento=42348
92.721.232/0001-57;2014-01-01;1;BANRISUL ARMAZENS GERAIS SA;015822;FCA;35228;2014-03-17;http://www.rad.cvm.gov.br/ENETCONSULTA/frmDownloadDocumento.aspx?CodigoInstituicao=1&NumeroSequencialDocumento=35228
92.721.232/0001-57;2014-01-01;2;BANRISUL ARMAZENS GERAIS SA;015822;FCA;36360;2014-04-23;http://www.rad.cvm.gov.br/ENETCONSULTA/frmDownloadDocumento.aspx?CodigoInstituicao=1&NumeroSequencialDocumento=36360
92.721.232/0001-57;2014-01-01;3;BANRISUL ARMAZENS GERAIS SA;015822;FCA;36744;2014-05-06;http://www.rad.cvm.gov.br/ENETCONSULTA/frmDownloadDocumento.aspx?CodigoInstituicao=1&NumeroSequencialDocumento=36744
92.721.232/0001-57;2014-01-01;4;BANRISUL ARMAZENS GERAIS SA;015822;FCA;38039;2014-05-20;http://www.rad.cvm.gov.br/ENETCONSULTA/frmDownloadDocumento.aspx?CodigoInstituicao=1&NumeroSequencialDocumento=38039
92.721.232/0001-57;2014-01-01;5;BANRISUL ARMAZENS GERAIS SA;015822;FCA;39193;2014-06-05;http://www.rad.cvm.gov.br/ENETCONSULTA/frmDownloadDocumento.aspx?CodigoInstituicao=1&NumeroSequencialDocumento=39193
92.721.232/0001-57;2014-01-01;6;BANRISUL ARMAZENS GERAIS SA;015822;FCA;41326;2014-09-18;http://www.rad.cvm.gov.br/ENETCONSULTA/frmDownloadDocumento.aspx?CodigoInstituicao=1&NumeroSequencialDocumento=41326
92.749.225/0001-63;2014-01-01;1;HERCULES S.A. FABRICA DE TALHERES;006629;FCA;36321;2014-04-17;http://www.rad.cvm.gov.br/ENETCONSULTA/frmDownloadDocumento.aspx?CodigoInstituicao=1&NumeroSequencialDocumento=36321
92.749.225/0001-63;2014-01-01;2;HERCULES S.A. FABRICA DE TALHERES;006629;FCA;38531;2014-05-29;http://www.rad.cvm.gov.br/ENETCONSULTA/frmDownloadDocumento.aspx?CodigoInstituicao=1&NumeroSequencialDocumento=38531
92.754.738/0001-62;2014-01-01;1;LOJAS RENNER S.A.;008133;FCA;34684;2014-02-20;http://www.rad.cvm.gov.br/ENETCONSULTA/frmDownloadDocumento.aspx?CodigoInstituicao=1&NumeroSequencialDocumento=34684
92.754.738/0001-62;2014-01-01;2;LOJAS RENNER S.A.;008133;FCA;37493;2014-05-14;http://www.rad.cvm.gov.br/ENETCONSULTA/frmDownloadDocumento.aspx?CodigoInstituicao=1&NumeroSequencialDocumento=37493
92.754.738/0001-62;2014-01-01;3;LOJAS RENNER S.A.;008133;FCA;39837;2014-07-22;http://www.rad.cvm.gov.br/ENETCONSULTA/frmDownloadDocumento.aspx?CodigoInstituicao=1&NumeroSequencialDocumento=39837
92.781.335/0001-02;2014-01-01;1;TAURUS ARMAS S.A.;006173;FCA;34392;2014-02-07;http://www.rad.cvm.gov.br/ENETCONSULTA/frmDownloadDocumento.aspx?CodigoInstituicao=1&NumeroSequencialDocumento=34392
92.781.335/0001-02;2014-01-01;2;TAURUS ARMAS S.A.;006173;FCA;36050;2014-04-02;http://www.rad.cvm.gov.br/ENETCONSULTA/frmDownloadDocumento.aspx?CodigoInstituicao=1&NumeroSequencialDocumento=36050
92.781.335/0001-02;2014-01-01;3;TAURUS ARMAS S.A.;006173;FCA;36972;2014-05-08;http://www.rad.cvm.gov.br/ENETCONSULTA/frmDownloadDocumento.aspx?CodigoInstituicao=1&NumeroSequencialDocumento=36972
92.791.243/0001-03;2014-01-01;1;IRANI PAPEL E EMBALAGEM S.A.;002429;FCA;34791;2014-02-25;http://www.rad.cvm.gov.br/ENETCONSULTA/frmDownloadDocumento.aspx?CodigoInstituicao=1&NumeroSequencialDocumento=34791
92.791.243/0001-03;2014-01-01;2;IRANI PAPEL E EMBALAGEM S.A.;002429;FCA;38483;2014-05-29;http://www.rad.cvm.gov.br/ENETCONSULTA/frmDownloadDocumento.aspx?CodigoInstituicao=1&NumeroSequencialDocumento=38483
92.791.243/0001-03;2014-01-01;3;IRANI PAPEL E EMBALAGEM S.A.;002429;FCA;39824;2014-07-21;http://www.rad.cvm.gov.br/ENETCONSULTA/frmDownloadDocumento.aspx?CodigoInstituicao=1&NumeroSequencialDocumento=39824
92.791.243/0001-03;2014-01-01;4;IRANI PAPEL E EMBALAGEM S.A.;002429;FCA;40012;2014-07-31;http://www.rad.cvm.gov.br/ENETCONSULTA/frmDownloadDocumento.aspx?CodigoInstituicao=1&NumeroSequencialDocumento=40012
92.791.243/0001-03;2014-01-01;5;IRANI PAPEL E EMBALAGEM S.A.;002429;FCA;41646;2014-10-14;http://www.rad.cvm.gov.br/ENETCONSULTA/frmDownloadDocumento.aspx?CodigoInstituicao=1&NumeroSequencialDocumento=41646
92.802.784/0001-90;2014-01-01;1;CIA RIOGRANDENSE DE SANEAMENTO;016748;FCA;34206;2014-01-28;http://www.rad.cvm.gov.br/ENETCONSULTA/frmDownloadDocumento.aspx?CodigoInstituicao=1&NumeroSequencialDocumento=34206
92.802.784/0001-90;2014-01-01;2;CIA RIOGRANDENSE DE SANEAMENTO;016748;FCA;38468;2014-05-29;http://www.rad.cvm.gov.br/ENETCONSULTA/frmDownloadDocumento.aspx?CodigoInstituicao=1&NumeroSequencialDocumento=38468
92.802.784/0001-90;2014-01-01;3;CIA RIOGRANDENSE DE SANEAMENTO;016748;FCA;39356;2014-06-13;http://www.rad.cvm.gov.br/ENETCONSULTA/frmDownloadDocumento.aspx?CodigoInstituicao=1&NumeroSequencialDocumento=39356
92.825.900/0001-96;2014-01-01;1;DHB IND E COMERCIO SA;005150;FCA;34029;2014-01-17;http://www.rad.cvm.gov.br/ENETCONSULTA/frmDownloadDocumento.aspx?CodigoInstituicao=1&NumeroSequencialDocumento=34029
92.825.900/0001-96;2014-01-01;2;DHB IND E COMERCIO SA;005150;FCA;41558;2014-10-07;http://www.rad.cvm.gov.br/ENETCONSULTA/frmDownloadDocumento.aspx?CodigoInstituicao=1&NumeroSequencialDocumento=41558
92.859.974/0001-43;2014-01-01;1;ALTUS SISTEMAS DE AUTOMAÇÃO S.A.;023183;FCA;35326;2014-03-19;http://www.rad.cvm.gov.br/ENETCONSULTA/frmDownloadDocumento.aspx?CodigoInstituicao=1&NumeroSequencialDocumento=35326
92.859.974/0001-43;2014-01-01;2;ALTUS SISTEMAS DE AUTOMAÇÃO S.A.;023183;FCA;38444;2014-05-29;http://www.rad.cvm.gov.br/ENETCONSULTA/frmDownloadDocumento.aspx?CodigoInstituicao=1&NumeroSequencialDocumento=38444
92.929.520/0001-00;2014-01-01;1;SPRINGER S.A.;010960;FCA;36044;2014-04-02;http://www.rad.cvm.gov.br/ENETCONSULTA/frmDownloadDocumento.aspx?CodigoInstituicao=1&NumeroSequencialDocumento=36044
92.929.520/0001-00;2014-01-01;2;SPRINGER S.A.;010960;FCA;37990;2014-05-16;http://www.rad.cvm.gov.br/ENETCONSULTA/frmDownloadDocumento.aspx?CodigoInstituicao=1&NumeroSequencialDocumento=37990
93.167.658/0001-73;2014-01-01;1;SDV ADM-DE SHOPPING CENTERS SA;013790;FCA;35544;2014-03-26;http://www.rad.cvm.gov.br/ENETCONSULTA/frmDownloadDocumento.aspx?CodigoInstituicao=1&NumeroSequencialDocumento=35544
93.167.658/0001-73;2014-01-01;2;SDV ADM-DE SHOPPING CENTERS SA;013790;FCA;41557;2014-10-07;http://www.rad.cvm.gov.br/ENETCONSULTA/frmDownloadDocumento.aspx?CodigoInstituicao=1&NumeroSequencialDocumento=41557
93.828.986/0001-73;2014-01-01;1;CEMEPE INVESTIMENTOS S.A.;013854;FCA;34649;2014-02-19;http://www.rad.cvm.gov.br/ENETCONSULTA/frmDownloadDocumento.aspx?CodigoInstituicao=1&NumeroSequencialDocumento=34649
93.828.986/0001-73;2014-01-01;2;CEMEPE INVESTIMENTOS S.A.;013854;FCA;38415;2014-05-29;http://www.rad.cvm.gov.br/ENETCONSULTA/frmDownloadDocumento.aspx?CodigoInstituicao=1&NumeroSequencialDocumento=38415
95.426.862/0001-97;2014-01-01;1;EXCELSIOR ALIMENTOS S.A.;001570;FCA;35453;2014-03-24;http://www.rad.cvm.gov.br/ENETCONSULTA/frmDownloadDocumento.aspx?CodigoInstituicao=1&NumeroSequencialDocumento=35453
95.426.862/0001-97;2014-01-01;2;EXCELSIOR ALIMENTOS S.A.;001570;FCA;35488;2014-03-25;http://www.rad.cvm.gov.br/ENETCONSULTA/frmDownloadDocumento.aspx?CodigoInstituicao=1&NumeroSequencialDocumento=35488
95.426.862/0001-97;2014-01-01;3;EXCELSIOR ALIMENTOS S.A.;001570;FCA;36948;2014-05-08;http://www.rad.cvm.gov.br/ENETCONSULTA/frmDownloadDocumento.aspx?CodigoInstituicao=1&NumeroSequencialDocumento=36948
97.191.902/0001-94;2014-01-01;1;CONSERVAS ODERICH S.A.;004693;FCA;35509;2014-03-25;http://www.rad.cvm.gov.br/ENETCONSULTA/frmDownloadDocumento.aspx?CodigoInstituicao=1&NumeroSequencialDocumento=35509
97.191.902/0001-94;2014-01-01;2;CONSERVAS ODERICH S.A.;004693;FCA;37232;2014-05-12;http://www.rad.cvm.gov.br/ENETCONSULTA/frmDownloadDocumento.aspx?CodigoInstituicao=1&NumeroSequencialDocumento=37232
97.837.181/0001-47;2014-01-01;1;DEXCO S.A.;021091;FCA;33780;2014-01-03;http://www.rad.cvm.gov.br/ENETCONSULTA/frmDownloadDocumento.aspx?CodigoInstituicao=1&NumeroSequencialDocumento=33780
97.837.181/0001-47;2014-01-01;2;DEXCO S.A.;021091;FCA;36575;2014-04-30;http://www.rad.cvm.gov.br/ENETCONSULTA/frmDownloadDocumento.aspx?CodigoInstituicao=1&NumeroSequencialDocumento=36575
97.837.181/0001-47;2014-01-01;3;DEXCO S.A.;021091;FCA;38814;2014-05-30;http://www.rad.cvm.gov.br/ENETCONSULTA/frmDownloadDocumento.aspx?CodigoInstituicao=1&NumeroSequencialDocumento=38814
