CNPJ_CIA;DT_REFER;VERSAO;DENOM_CIA;CD_CVM;CATEG_DOC;ID_DOC;DT_RECEB;LINK_DOC
00.000.000/0001-91;2015-01-01;1;BCO BRASIL S.A.;001023;FCA;43576;2015-01-20;http://www.rad.cvm.gov.br/ENETCONSULTA/frmDownloadDocumento.aspx?CodigoInstituicao=1&NumeroSequencialDocumento=43576
00.000.000/0001-91;2015-01-01;2;BCO BRASIL S.A.;001023;FCA;43977;2015-02-10;http://www.rad.cvm.gov.br/ENETCONSULTA/frmDownloadDocumento.aspx?CodigoInstituicao=1&NumeroSequencialDocumento=43977
00.000.000/0001-91;2015-01-01;3;BCO BRASIL S.A.;001023;FCA;44006;2015-02-11;http://www.rad.cvm.gov.br/ENETCONSULTA/frmDownloadDocumento.aspx?CodigoInstituicao=1&NumeroSequencialDocumento=44006
00.000.000/0001-91;2015-01-01;4;BCO BRASIL S.A.;001023;FCA;44187;2015-02-23;http://www.rad.cvm.gov.br/ENETCONSULTA/frmDownloadDocumento.aspx?CodigoInstituicao=1&NumeroSequencialDocumento=44187
00.000.208/0001-00;2015-01-01;1;BRB BANCO DE BRASILIA S.A.;014206;FCA;43417;2015-01-12;http://www.rad.cvm.gov.br/ENETCONSULTA/frmDownloadDocumento.aspx?CodigoInstituicao=1&NumeroSequencialDocumento=43417
00.000.208/0001-00;2015-01-01;2;BRB BANCO DE BRASILIA S.A.;014206;FCA;45770;2015-04-01;http://www.rad.cvm.gov.br/ENETCONSULTA/frmDownloadDocumento.aspx?CodigoInstituicao=1&NumeroSequencialDocumento=45770
00.000.208/0001-00;2015-01-01;3;BRB BANCO DE BRASILIA S.A.;014206;FCA;46823;2015-05-11;http://www.rad.cvm.gov.br/ENETCONSULTA/frmDownloadDocumento.aspx?CodigoInstituicao=1&NumeroSequencialDocumento=46823
00.001.180/0001-26;2015-01-01;1;CENTRAIS ELET BRAS S.A. - ELETROBRAS;002437;FCA;45470;2015-03-27;http://www.rad.cvm.gov.br/ENETCONSULTA/frmDownloadDocumento.aspx?CodigoInstituicao=1&NumeroSequencialDocumento=45470
00.070.698/0001-11;2015-01-01;1;COMPANHIA ENERGÉTICA DE BRASÍLIA - CEB;014451;FCA;43395;2015-01-09;http://www.rad.cvm.gov.br/ENETCONSULTA/frmDownloadDocumento.aspx?CodigoInstituicao=1&NumeroSequencialDocumento=43395
00.070.698/0001-11;2015-01-01;2;COMPANHIA ENERGÉTICA DE BRASÍLIA - CEB;014451;FCA;43425;2015-01-12;http://www.rad.cvm.gov.br/ENETCONSULTA/frmDownloadDocumento.aspx?CodigoInstituicao=1&NumeroSequencialDocumento=43425
00.070.698/0001-11;2015-01-01;3;COMPANHIA ENERGÉTICA DE BRASÍLIA - CEB;014451;FCA;46287;2015-05-04;http://www.rad.cvm.gov.br/ENETCONSULTA/frmDownloadDocumento.aspx?CodigoInstituicao=1&NumeroSequencialDocumento=46287
00.070.698/0001-11;2015-01-01;4;COMPANHIA ENERGÉTICA DE BRASÍLIA - CEB;014451;FCA;48781;2015-06-24;http://www.rad.cvm.gov.br/ENETCONSULTA/frmDownloadDocumento.aspx?CodigoInstituicao=1&NumeroSequencialDocumento=48781
00.070.698/0001-11;2015-01-01;5;COMPANHIA ENERGÉTICA DE BRASÍLIA - CEB;014451;FCA;50443;2015-09-02;http://www.rad.cvm.gov.br/ENETCONSULTA/frmDownloadDocumento.aspx?CodigoInstituicao=1&NumeroSequencialDocumento=50443
00.070.698/0001-11;2015-01-01;6;COMPANHIA ENERGÉTICA DE BRASÍLIA - CEB;014451;FCA;50968;2015-10-16;http://www.rad.cvm.gov.br/ENETCONSULTA/frmDownloadDocumento.aspx?CodigoInstituicao=1&NumeroSequencialDocumento=50968
00.070.698/0001-11;2015-01-01;7;COMPANHIA ENERGÉTICA DE BRASÍLIA - CEB;014451;FCA;51142;2015-10-28;http://www.rad.cvm.gov.br/ENETCONSULTA/frmDownloadDocumento.aspx?CodigoInstituicao=1&NumeroSequencialDocumento=51142
00.070.698/0001-11;2015-01-01;8;COMPANHIA ENERGÉTICA DE BRASÍLIA - CEB;014451;FCA;51996;2015-11-16;http://www.rad.cvm.gov.br/ENETCONSULTA/frmDownloadDocumento.aspx?CodigoInstituicao=1&NumeroSequencialDocumento=51996
00.115.890/0001-87;2015-01-01;1;SHOPPING CENTER TACARUNA SA;015733;FCA;45477;2015-03-28;http://www.rad.cvm.gov.br/ENETCONSULTA/frmDownloadDocumento.aspx?CodigoInstituicao=1&NumeroSequencialDocumento=45477
00.115.890/0001-87;2015-01-01;2;SHOPPING CENTER TACARUNA SA;015733;FCA;48342;2015-05-29;http://www.rad.cvm.gov.br/ENETCONSULTA/frmDownloadDocumento.aspx?CodigoInstituicao=1&NumeroSequencialDocumento=48342
00.185.475/0001-08;2015-01-01;1;PARCOM PARTICIPACOES S.A. - EM LIQUIDAÇÃO;014680;FCA;43525;2015-01-16;http://www.rad.cvm.gov.br/ENETCONSULTA/frmDownloadDocumento.aspx?CodigoInstituicao=1&NumeroSequencialDocumento=43525
00.185.475/0001-08;2015-01-01;2;PARCOM PARTICIPACOES S.A. - EM LIQUIDAÇÃO;014680;FCA;46645;2015-05-08;http://www.rad.cvm.gov.br/ENETCONSULTA/frmDownloadDocumento.aspx?CodigoInstituicao=1&NumeroSequencialDocumento=46645
00.192.769/0001-59;2015-01-01;1;NEUMARKT TRADE AND FINANCIAL CENTER S/A;014613;FCA;45521;2015-03-30;http://www.rad.cvm.gov.br/ENETCONSULTA/frmDownloadDocumento.aspx?CodigoInstituicao=1&NumeroSequencialDocumento=45521
00.192.769/0001-59;2015-01-01;2;NEUMARKT TRADE AND FINANCIAL CENTER S/A;014613;FCA;46616;2015-05-07;http://www.rad.cvm.gov.br/ENETCONSULTA/frmDownloadDocumento.aspx?CodigoInstituicao=1&NumeroSequencialDocumento=46616
00.249.786/0001-85;2015-01-01;1;FORPART S.A. - EM LIQUIDAÇÃO;014796;FCA;43526;2015-01-16;http://www.rad.cvm.gov.br/ENETCONSULTA/frmDownloadDocumento.aspx?CodigoInstituicao=1&NumeroSequencialDocumento=43526
00.249.786/0001-85;2015-01-01;2;FORPART S.A. - EM LIQUIDAÇÃO;014796;FCA;46646;2015-05-08;http://www.rad.cvm.gov.br/ENETCONSULTA/frmDownloadDocumento.aspx?CodigoInstituicao=1&NumeroSequencialDocumento=46646
00.272.185/0001-93;2015-01-01;1;CIMS S.A.;014818;FCA;44235;2015-02-24;http://www.rad.cvm.gov.br/ENETCONSULTA/frmDownloadDocumento.aspx?CodigoInstituicao=1&NumeroSequencialDocumento=44235
00.336.701/0001-04;2015-01-01;1;TELEC BRASILEIRAS S.A. TELEBRAS;011258;FCA;43967;2015-02-10;http://www.rad.cvm.gov.br/ENETCONSULTA/frmDownloadDocumento.aspx?CodigoInstituicao=1&NumeroSequencialDocumento=43967
00.336.701/0001-04;2015-01-01;2;TELEC BRASILEIRAS S.A. TELEBRAS;011258;FCA;45794;2015-04-02;http://www.rad.cvm.gov.br/ENETCONSULTA/frmDownloadDocumento.aspx?CodigoInstituicao=1&NumeroSequencialDocumento=45794
00.336.701/0001-04;2015-01-01;3;TELEC BRASILEIRAS S.A. TELEBRAS;011258;FCA;46251;2015-04-30;http://www.rad.cvm.gov.br/ENETCONSULTA/frmDownloadDocumento.aspx?CodigoInstituicao=1&NumeroSequencialDocumento=46251
00.336.701/0001-04;2015-01-01;4;TELEC BRASILEIRAS S.A. TELEBRAS;011258;FCA;51234;2015-11-03;http://www.rad.cvm.gov.br/ENETCONSULTA/frmDownloadDocumento.aspx?CodigoInstituicao=1&NumeroSequencialDocumento=51234
00.354.053/0001-00;2015-01-01;1;KOSMOS COMÉRCIO DE VESTUÁRIO S/A - EM RECUPERAÇÃO JUDICIAL;015083;FCA;45308;2015-03-26;http://www.rad.cvm.gov.br/ENETCONSULTA/frmDownloadDocumento.aspx?CodigoInstituicao=1&NumeroSequencialDocumento=45308
00.354.053/0001-00;2015-01-01;2;KOSMOS COMÉRCIO DE VESTUÁRIO S/A - EM RECUPERAÇÃO JUDICIAL;015083;FCA;47326;2015-05-15;http://www.rad.cvm.gov.br/ENETCONSULTA/frmDownloadDocumento.aspx?CodigoInstituicao=1&NumeroSequencialDocumento=47326
00.354.053/0001-00;2015-01-01;3;KOSMOS COMÉRCIO DE VESTUÁRIO S/A - EM RECUPERAÇÃO JUDICIAL;015083;FCA;47583;2015-05-19;http://www.rad.cvm.gov.br/ENETCONSULTA/frmDownloadDocumento.aspx?CodigoInstituicao=1&NumeroSequencialDocumento=47583
00.359.742/0001-08;2015-01-01;1;ATOM EMPREENDIMENTOS E PARTICIPAÇÕES S.A.;015423;FCA;46921;2015-05-12;http://www.rad.cvm.gov.br/ENETCONSULTA/frmDownloadDocumento.aspx?CodigoInstituicao=1&NumeroSequencialDocumento=46921
00.359.742/0001-08;2015-01-01;2;ATOM EMPREENDIMENTOS E PARTICIPAÇÕES S.A.;015423;FCA;48498;2015-06-03;http://www.rad.cvm.gov.br/ENETCONSULTA/frmDownloadDocumento.aspx?CodigoInstituicao=1&NumeroSequencialDocumento=48498
00.359.742/0001-08;2015-01-01;3;ATOM EMPREENDIMENTOS E PARTICIPAÇÕES S.A.;015423;FCA;50838;2015-10-06;http://www.rad.cvm.gov.br/ENETCONSULTA/frmDownloadDocumento.aspx?CodigoInstituicao=1&NumeroSequencialDocumento=50838
00.359.742/0001-08;2015-01-01;4;ATOM EMPREENDIMENTOS E PARTICIPAÇÕES S.A.;015423;FCA;50888;2015-10-09;http://www.rad.cvm.gov.br/ENETCONSULTA/frmDownloadDocumento.aspx?CodigoInstituicao=1&NumeroSequencialDocumento=50888
00.383.281/0001-09;2015-01-01;1;BNDES PARTICIPACOES S.A. - BNDESPAR;016772;FCA;43610;2015-01-22;http://www.rad.cvm.gov.br/ENETCONSULTA/frmDownloadDocumento.aspx?CodigoInstituicao=1&NumeroSequencialDocumento=43610
00.514.998/0001-42;2015-01-01;1;ELETRON S.A.;016209;FCA;43524;2015-01-16;http://www.rad.cvm.gov.br/ENETCONSULTA/frmDownloadDocumento.aspx?CodigoInstituicao=1&NumeroSequencialDocumento=43524
00.545.378/0001-70;2015-01-01;1;SERRA AZUL WATER PARK SA;014966;FCA;45681;2015-03-31;http://www.rad.cvm.gov.br/ENETCONSULTA/frmDownloadDocumento.aspx?CodigoInstituicao=1&NumeroSequencialDocumento=45681
00.545.378/0001-70;2015-01-01;2;SERRA AZUL WATER PARK SA;014966;FCA;47702;2015-05-25;http://www.rad.cvm.gov.br/ENETCONSULTA/frmDownloadDocumento.aspx?CodigoInstituicao=1&NumeroSequencialDocumento=47702
00.622.416/0001-41;2015-01-01;1;STATKRAFT ENERGIAS RENOVAVEIS S.A.;022594;FCA;43665;2015-01-28;http://www.rad.cvm.gov.br/ENETCONSULTA/frmDownloadDocumento.aspx?CodigoInstituicao=1&NumeroSequencialDocumento=43665
00.622.416/0001-41;2015-01-01;2;STATKRAFT ENERGIAS RENOVAVEIS S.A.;022594;FCA;49158;2015-07-21;http://www.rad.cvm.gov.br/ENETCONSULTA/frmDownloadDocumento.aspx?CodigoInstituicao=1&NumeroSequencialDocumento=49158
00.622.416/0001-41;2015-01-01;3;STATKRAFT ENERGIAS RENOVAVEIS S.A.;022594;FCA;51078;2015-10-23;http://www.rad.cvm.gov.br/ENETCONSULTA/frmDownloadDocumento.aspx?CodigoInstituicao=1&NumeroSequencialDocumento=51078
00.644.907/0001-93;2015-01-01;1;INVESTCO S.A.;018589;FCA;44409;2015-02-28;http://www.rad.cvm.gov.br/ENETCONSULTA/frmDownloadDocumento.aspx?CodigoInstituicao=1&NumeroSequencialDocumento=44409
00.644.907/0001-93;2015-01-01;2;INVESTCO S.A.;018589;FCA;49469;2015-08-05;http://www.rad.cvm.gov.br/ENETCONSULTA/frmDownloadDocumento.aspx?CodigoInstituicao=1&NumeroSequencialDocumento=49469
00.649.881/0001-76;2015-01-01;1;GTD PARTICIPACOES SA;014915;FCA;44773;2015-03-05;http://www.rad.cvm.gov.br/ENETCONSULTA/frmDownloadDocumento.aspx?CodigoInstituicao=1&NumeroSequencialDocumento=44773
00.743.065/0001-27;2015-01-01;1;LITEL PARTICIPACOES S.A.;015091;FCA;44776;2015-03-05;http://www.rad.cvm.gov.br/ENETCONSULTA/frmDownloadDocumento.aspx?CodigoInstituicao=1&NumeroSequencialDocumento=44776
00.743.065/0001-27;2015-01-01;2;LITEL PARTICIPACOES S.A.;015091;FCA;46848;2015-05-11;http://www.rad.cvm.gov.br/ENETCONSULTA/frmDownloadDocumento.aspx?CodigoInstituicao=1&NumeroSequencialDocumento=46848
00.743.065/0001-27;2015-01-01;3;LITEL PARTICIPACOES S.A.;015091;FCA;47591;2015-05-19;http://www.rad.cvm.gov.br/ENETCONSULTA/frmDownloadDocumento.aspx?CodigoInstituicao=1&NumeroSequencialDocumento=47591
00.743.065/0001-27;2015-01-01;4;LITEL PARTICIPACOES S.A.;015091;FCA;49120;2015-07-17;http://www.rad.cvm.gov.br/ENETCONSULTA/frmDownloadDocumento.aspx?CodigoInstituicao=1&NumeroSequencialDocumento=49120
00.776.574/0001-56;2015-01-01;1;AMERICANAS S.A. - EM RECUPERAÇÃO JUDICIAL;020990;FCA;43550;2015-01-16;http://www.rad.cvm.gov.br/ENETCONSULTA/frmDownloadDocumento.aspx?CodigoInstituicao=1&NumeroSequencialDocumento=43550
00.776.574/0001-56;2015-01-01;2;AMERICANAS S.A. - EM RECUPERAÇÃO JUDICIAL;020990;FCA;50255;2015-08-17;http://www.rad.cvm.gov.br/ENETCONSULTA/frmDownloadDocumento.aspx?CodigoInstituicao=1&NumeroSequencialDocumento=50255
00.861.626/0001-92;2015-01-01;1;CONC RODOVIA PRES. DUTRA S.A.;019577;FCA;43568;2015-01-19;http://www.rad.cvm.gov.br/ENETCONSULTA/frmDownloadDocumento.aspx?CodigoInstituicao=1&NumeroSequencialDocumento=43568
00.864.214/0001-06;2015-01-01;1;ENERGISA S.A.;015253;FCA;43661;2015-01-27;http://www.rad.cvm.gov.br/ENETCONSULTA/frmDownloadDocumento.aspx?CodigoInstituicao=1&NumeroSequencialDocumento=43661
00.864.214/0001-06;2015-01-01;2;ENERGISA S.A.;015253;FCA;46374;2015-05-05;http://www.rad.cvm.gov.br/ENETCONSULTA/frmDownloadDocumento.aspx?CodigoInstituicao=1&NumeroSequencialDocumento=46374
00.866.577/0001-80;2015-01-01;1;SAUIPE SA;015261;FCA;43820;2015-02-05;http://www.rad.cvm.gov.br/ENETCONSULTA/frmDownloadDocumento.aspx?CodigoInstituicao=1&NumeroSequencialDocumento=43820
00.897.864/0001-58;2015-01-01;1;SANTA CATARINA PART INVEST SA;015199;FCA;44672;2015-03-04;http://www.rad.cvm.gov.br/ENETCONSULTA/frmDownloadDocumento.aspx?CodigoInstituicao=1&NumeroSequencialDocumento=44672
00.897.864/0001-58;2015-01-01;2;SANTA CATARINA PART INVEST SA;015199;FCA;47822;2015-05-28;http://www.rad.cvm.gov.br/ENETCONSULTA/frmDownloadDocumento.aspx?CodigoInstituicao=1&NumeroSequencialDocumento=47822
00.897.864/0001-58;2015-01-01;3;SANTA CATARINA PART INVEST SA;015199;FCA;103035;2021-04-23;http://www.rad.cvm.gov.br/ENETCONSULTA/frmDownloadDocumento.aspx?CodigoInstituicao=1&NumeroSequencialDocumento=103035
00.924.429/0001-75;2015-01-01;1;FERROVIA CENTRO-ATLANTICA S.A.;015369;FCA;45250;2015-03-25;http://www.rad.cvm.gov.br/ENETCONSULTA/frmDownloadDocumento.aspx?CodigoInstituicao=1&NumeroSequencialDocumento=45250
00.924.429/0001-75;2015-01-01;2;FERROVIA CENTRO-ATLANTICA S.A.;015369;FCA;50390;2015-08-27;http://www.rad.cvm.gov.br/ENETCONSULTA/frmDownloadDocumento.aspx?CodigoInstituicao=1&NumeroSequencialDocumento=50390
00.924.432/0001-99;2015-01-01;1;HOPI HARI SA;015377;FCA;45556;2015-03-30;http://www.rad.cvm.gov.br/ENETCONSULTA/frmDownloadDocumento.aspx?CodigoInstituicao=1&NumeroSequencialDocumento=45556
00.924.432/0001-99;2015-01-01;2;HOPI HARI SA;015377;FCA;49100;2015-07-16;http://www.rad.cvm.gov.br/ENETCONSULTA/frmDownloadDocumento.aspx?CodigoInstituicao=1&NumeroSequencialDocumento=49100
00.924.432/0001-99;2015-01-01;3;HOPI HARI SA;015377;FCA;50290;2015-08-18;http://www.rad.cvm.gov.br/ENETCONSULTA/frmDownloadDocumento.aspx?CodigoInstituicao=1&NumeroSequencialDocumento=50290
00.924.432/0001-99;2015-01-01;4;HOPI HARI SA;015377;FCA;50341;2015-08-21;http://www.rad.cvm.gov.br/ENETCONSULTA/frmDownloadDocumento.aspx?CodigoInstituicao=1&NumeroSequencialDocumento=50341
00.924.432/0001-99;2015-01-01;5;HOPI HARI SA;015377;FCA;51869;2015-11-13;http://www.rad.cvm.gov.br/ENETCONSULTA/frmDownloadDocumento.aspx?CodigoInstituicao=1&NumeroSequencialDocumento=51869
00.938.574/0001-05;2015-01-01;1;CONC RIO-TERESOPOLIS S.A.;019208;FCA;43708;2015-01-30;http://www.rad.cvm.gov.br/ENETCONSULTA/frmDownloadDocumento.aspx?CodigoInstituicao=1&NumeroSequencialDocumento=43708
00.938.574/0001-05;2015-01-01;2;CONC RIO-TERESOPOLIS S.A.;019208;FCA;46300;2015-05-04;http://www.rad.cvm.gov.br/ENETCONSULTA/frmDownloadDocumento.aspx?CodigoInstituicao=1&NumeroSequencialDocumento=46300
00.979.969/0001-56;2015-01-01;1;CAIXA ADM DIV PUB ESTADUAL SA;015717;FCA;43688;2015-01-29;http://www.rad.cvm.gov.br/ENETCONSULTA/frmDownloadDocumento.aspx?CodigoInstituicao=1&NumeroSequencialDocumento=43688
00.979.969/0001-56;2015-01-01;2;CAIXA ADM DIV PUB ESTADUAL SA;015717;FCA;49433;2015-08-04;http://www.rad.cvm.gov.br/ENETCONSULTA/frmDownloadDocumento.aspx?CodigoInstituicao=1&NumeroSequencialDocumento=49433
00.979.969/0001-56;2015-01-01;3;CAIXA ADM DIV PUB ESTADUAL SA;015717;FCA;51442;2015-11-10;http://www.rad.cvm.gov.br/ENETCONSULTA/frmDownloadDocumento.aspx?CodigoInstituicao=1&NumeroSequencialDocumento=51442
00.994.533/0001-36;2015-01-01;1;COMERCIAL QUINTELLA COM EXP SA EM LIQUIDAÇÃO;015652;FCA;45905;2015-04-09;http://www.rad.cvm.gov.br/ENETCONSULTA/frmDownloadDocumento.aspx?CodigoInstituicao=1&NumeroSequencialDocumento=45905
00.994.533/0001-36;2015-01-01;2;COMERCIAL QUINTELLA COM EXP SA EM LIQUIDAÇÃO;015652;FCA;47084;2015-05-13;http://www.rad.cvm.gov.br/ENETCONSULTA/frmDownloadDocumento.aspx?CodigoInstituicao=1&NumeroSequencialDocumento=47084
00.994.533/0001-36;2015-01-01;3;COMERCIAL QUINTELLA COM EXP SA EM LIQUIDAÇÃO;015652;FCA;50797;2015-10-02;http://www.rad.cvm.gov.br/ENETCONSULTA/frmDownloadDocumento.aspx?CodigoInstituicao=1&NumeroSequencialDocumento=50797
00.994.533/0001-36;2015-01-01;4;COMERCIAL QUINTELLA COM EXP SA EM LIQUIDAÇÃO;015652;FCA;50993;2015-10-19;http://www.rad.cvm.gov.br/ENETCONSULTA/frmDownloadDocumento.aspx?CodigoInstituicao=1&NumeroSequencialDocumento=50993
01.027.058/0001-91;2015-01-01;1;CIELO S.A. -  INSTITUIÇÃO DE PAGAMENTO;021733;FCA;43379;2015-01-08;http://www.rad.cvm.gov.br/ENETCONSULTA/frmDownloadDocumento.aspx?CodigoInstituicao=1&NumeroSequencialDocumento=43379
01.027.058/0001-91;2015-01-01;2;CIELO S.A. -  INSTITUIÇÃO DE PAGAMENTO;021733;FCA;51337;2015-11-05;http://www.rad.cvm.gov.br/ENETCONSULTA/frmDownloadDocumento.aspx?CodigoInstituicao=1&NumeroSequencialDocumento=51337
01.083.200/0001-18;2015-01-01;1;NEOENERGIA S.A.;015539;FCA;44278;2015-02-25;http://www.rad.cvm.gov.br/ENETCONSULTA/frmDownloadDocumento.aspx?CodigoInstituicao=1&NumeroSequencialDocumento=44278
01.083.200/0001-18;2015-01-01;2;NEOENERGIA S.A.;015539;FCA;48681;2015-06-17;http://www.rad.cvm.gov.br/ENETCONSULTA/frmDownloadDocumento.aspx?CodigoInstituicao=1&NumeroSequencialDocumento=48681
01.083.200/0001-18;2015-01-01;3;NEOENERGIA S.A.;015539;FCA;48830;2015-06-29;http://www.rad.cvm.gov.br/ENETCONSULTA/frmDownloadDocumento.aspx?CodigoInstituicao=1&NumeroSequencialDocumento=48830
01.083.200/0001-18;2015-01-01;4;NEOENERGIA S.A.;015539;FCA;48996;2015-07-09;http://www.rad.cvm.gov.br/ENETCONSULTA/frmDownloadDocumento.aspx?CodigoInstituicao=1&NumeroSequencialDocumento=48996
01.083.200/0001-18;2015-01-01;5;NEOENERGIA S.A.;015539;FCA;49022;2015-07-10;http://www.rad.cvm.gov.br/ENETCONSULTA/frmDownloadDocumento.aspx?CodigoInstituicao=1&NumeroSequencialDocumento=49022
01.083.200/0001-18;2015-01-01;6;NEOENERGIA S.A.;015539;FCA;50671;2015-09-23;http://www.rad.cvm.gov.br/ENETCONSULTA/frmDownloadDocumento.aspx?CodigoInstituicao=1&NumeroSequencialDocumento=50671
01.104.937/0001-70;2015-01-01;1;ELETROBRÁS PARTICIPAÇÕES S.A. - ELETROPAR;015784;FCA;45423;2015-03-27;http://www.rad.cvm.gov.br/ENETCONSULTA/frmDownloadDocumento.aspx?CodigoInstituicao=1&NumeroSequencialDocumento=45423
01.104.937/0001-70;2015-01-01;2;ELETROBRÁS PARTICIPAÇÕES S.A. - ELETROPAR;015784;FCA;46206;2015-04-29;http://www.rad.cvm.gov.br/ENETCONSULTA/frmDownloadDocumento.aspx?CodigoInstituicao=1&NumeroSequencialDocumento=46206
01.104.937/0001-70;2015-01-01;3;ELETROBRÁS PARTICIPAÇÕES S.A. - ELETROPAR;015784;FCA;47575;2015-05-19;http://www.rad.cvm.gov.br/ENETCONSULTA/frmDownloadDocumento.aspx?CodigoInstituicao=1&NumeroSequencialDocumento=47575
01.258.943/0001-81;2015-01-01;1;ITAITINGA PARTICIPACOES S.A.;015865;FCA;45444;2015-03-27;http://www.rad.cvm.gov.br/ENETCONSULTA/frmDownloadDocumento.aspx?CodigoInstituicao=1&NumeroSequencialDocumento=45444
01.258.943/0001-81;2015-01-01;2;ITAITINGA PARTICIPACOES S.A.;015865;FCA;46905;2015-05-12;http://www.rad.cvm.gov.br/ENETCONSULTA/frmDownloadDocumento.aspx?CodigoInstituicao=1&NumeroSequencialDocumento=46905
01.258.944/0001-26;2015-01-01;1;RUMO MALHA SUL S.A.;015709;FCA;43368;2015-01-08;http://www.rad.cvm.gov.br/ENETCONSULTA/frmDownloadDocumento.aspx?CodigoInstituicao=1&NumeroSequencialDocumento=43368
01.258.944/0001-26;2015-01-01;2;RUMO MALHA SUL S.A.;015709;FCA;45859;2015-04-07;http://www.rad.cvm.gov.br/ENETCONSULTA/frmDownloadDocumento.aspx?CodigoInstituicao=1&NumeroSequencialDocumento=45859
01.258.944/0001-26;2015-01-01;3;RUMO MALHA SUL S.A.;015709;FCA;46725;2015-05-08;http://www.rad.cvm.gov.br/ENETCONSULTA/frmDownloadDocumento.aspx?CodigoInstituicao=1&NumeroSequencialDocumento=46725
01.258.945/0001-70;2015-01-01;1;GRUCAI PARTICIPACOES S.A.;015695;FCA;45435;2015-03-27;http://www.rad.cvm.gov.br/ENETCONSULTA/frmDownloadDocumento.aspx?CodigoInstituicao=1&NumeroSequencialDocumento=45435
01.258.945/0001-70;2015-01-01;2;GRUCAI PARTICIPACOES S.A.;015695;FCA;46886;2015-05-12;http://www.rad.cvm.gov.br/ENETCONSULTA/frmDownloadDocumento.aspx?CodigoInstituicao=1&NumeroSequencialDocumento=46886
01.319.044/0001-41;2015-01-01;1;WTC AMAZONAS SUITE HOTEL S.A.;015741;FCA;45651;2015-03-31;http://www.rad.cvm.gov.br/ENETCONSULTA/frmDownloadDocumento.aspx?CodigoInstituicao=1&NumeroSequencialDocumento=45651
01.319.044/0001-41;2015-01-01;2;WTC AMAZONAS SUITE HOTEL S.A.;015741;FCA;47175;2015-05-14;http://www.rad.cvm.gov.br/ENETCONSULTA/frmDownloadDocumento.aspx?CodigoInstituicao=1&NumeroSequencialDocumento=47175
01.414.107/0001-49;2015-01-01;1;ENERGIPAR PARTICIPAÇÕES S.A.;015849;FCA;44305;2015-02-26;http://www.rad.cvm.gov.br/ENETCONSULTA/frmDownloadDocumento.aspx?CodigoInstituicao=1&NumeroSequencialDocumento=44305
01.414.107/0001-49;2015-01-01;2;ENERGIPAR PARTICIPAÇÕES S.A.;015849;FCA;52425;2015-12-11;http://www.rad.cvm.gov.br/ENETCONSULTA/frmDownloadDocumento.aspx?CodigoInstituicao=1&NumeroSequencialDocumento=52425
01.417.222/0001-77;2015-01-01;1;MRS LOGISTICA S.A.;017949;FCA;43372;2015-01-08;http://www.rad.cvm.gov.br/ENETCONSULTA/frmDownloadDocumento.aspx?CodigoInstituicao=1&NumeroSequencialDocumento=43372
01.417.222/0001-77;2015-01-01;2;MRS LOGISTICA S.A.;017949;FCA;46783;2015-05-11;http://www.rad.cvm.gov.br/ENETCONSULTA/frmDownloadDocumento.aspx?CodigoInstituicao=1&NumeroSequencialDocumento=46783
01.545.826/0001-07;2015-01-01;1;GAFISA S.A.;016101;FCA;43290;2015-01-05;http://www.rad.cvm.gov.br/ENETCONSULTA/frmDownloadDocumento.aspx?CodigoInstituicao=1&NumeroSequencialDocumento=43290
01.545.826/0001-07;2015-01-01;2;GAFISA S.A.;016101;FCA;48044;2015-05-29;http://www.rad.cvm.gov.br/ENETCONSULTA/frmDownloadDocumento.aspx?CodigoInstituicao=1&NumeroSequencialDocumento=48044
01.547.749/0001-16;2015-01-01;1;521 PARTICIPACOES S.A. - EM LIQUIDAÇÃO EXTRAJUDICIAL;016330;FCA;45655;2015-03-31;http://www.rad.cvm.gov.br/ENETCONSULTA/frmDownloadDocumento.aspx?CodigoInstituicao=1&NumeroSequencialDocumento=45655
01.547.749/0001-16;2015-01-01;2;521 PARTICIPACOES S.A. - EM LIQUIDAÇÃO EXTRAJUDICIAL;016330;FCA;46147;2015-04-27;http://www.rad.cvm.gov.br/ENETCONSULTA/frmDownloadDocumento.aspx?CodigoInstituicao=1&NumeroSequencialDocumento=46147
01.547.749/0001-16;2015-01-01;3;521 PARTICIPACOES S.A. - EM LIQUIDAÇÃO EXTRAJUDICIAL;016330;FCA;47061;2015-05-13;http://www.rad.cvm.gov.br/ENETCONSULTA/frmDownloadDocumento.aspx?CodigoInstituicao=1&NumeroSequencialDocumento=47061
01.547.749/0001-16;2015-01-01;4;521 PARTICIPACOES S.A. - EM LIQUIDAÇÃO EXTRAJUDICIAL;016330;FCA;49699;2015-08-12;http://www.rad.cvm.gov.br/ENETCONSULTA/frmDownloadDocumento.aspx?CodigoInstituicao=1&NumeroSequencialDocumento=49699
01.547.749/0001-16;2015-01-01;5;521 PARTICIPACOES S.A. - EM LIQUIDAÇÃO EXTRAJUDICIAL;016330;FCA;50332;2015-08-20;http://www.rad.cvm.gov.br/ENETCONSULTA/frmDownloadDocumento.aspx?CodigoInstituicao=1&NumeroSequencialDocumento=50332
01.548.981/0001-79;2015-01-01;1;INVESTIMENTOS BEMGE S.A.;006041;FCA;43736;2015-02-02;http://www.rad.cvm.gov.br/ENETCONSULTA/frmDownloadDocumento.aspx?CodigoInstituicao=1&NumeroSequencialDocumento=43736
01.548.981/0001-79;2015-01-01;2;INVESTIMENTOS BEMGE S.A.;006041;FCA;44852;2015-03-09;http://www.rad.cvm.gov.br/ENETCONSULTA/frmDownloadDocumento.aspx?CodigoInstituicao=1&NumeroSequencialDocumento=44852
01.548.981/0001-79;2015-01-01;3;INVESTIMENTOS BEMGE S.A.;006041;FCA;46953;2015-05-12;http://www.rad.cvm.gov.br/ENETCONSULTA/frmDownloadDocumento.aspx?CodigoInstituicao=1&NumeroSequencialDocumento=46953
01.548.981/0001-79;2015-01-01;4;INVESTIMENTOS BEMGE S.A.;006041;FCA;47757;2015-05-26;http://www.rad.cvm.gov.br/ENETCONSULTA/frmDownloadDocumento.aspx?CodigoInstituicao=1&NumeroSequencialDocumento=47757
01.608.571/0001-76;2015-01-01;1;BELAPART SA;016233;FCA;43527;2015-01-16;http://www.rad.cvm.gov.br/ENETCONSULTA/frmDownloadDocumento.aspx?CodigoInstituicao=1&NumeroSequencialDocumento=43527
01.616.929/0001-02;2015-01-01;1;SANEAMENTO DE GOIAS SA;019186;FCA;47963;2015-05-29;http://www.rad.cvm.gov.br/ENETCONSULTA/frmDownloadDocumento.aspx?CodigoInstituicao=1&NumeroSequencialDocumento=47963
01.654.604/0001-14;2015-01-01;1;CONCES DA ROD OSÓRIO-POA S/A - CONCEPA;017590;FCA;45274;2015-03-26;http://www.rad.cvm.gov.br/ENETCONSULTA/frmDownloadDocumento.aspx?CodigoInstituicao=1&NumeroSequencialDocumento=45274
01.654.604/0001-14;2015-01-01;2;CONCES DA ROD OSÓRIO-POA S/A - CONCEPA;017590;FCA;46504;2015-05-06;http://www.rad.cvm.gov.br/ENETCONSULTA/frmDownloadDocumento.aspx?CodigoInstituicao=1&NumeroSequencialDocumento=46504
01.772.313/0001-20;2015-01-01;1;VALETRON SA;016225;FCA;43552;2015-01-19;http://www.rad.cvm.gov.br/ENETCONSULTA/frmDownloadDocumento.aspx?CodigoInstituicao=1&NumeroSequencialDocumento=43552
01.838.723/0001-27;2015-01-01;1;BRF S.A.;016292;FCA;43499;2015-01-15;http://www.rad.cvm.gov.br/ENETCONSULTA/frmDownloadDocumento.aspx?CodigoInstituicao=1&NumeroSequencialDocumento=43499
01.838.723/0001-27;2015-01-01;2;BRF S.A.;016292;FCA;48082;2015-05-29;http://www.rad.cvm.gov.br/ENETCONSULTA/frmDownloadDocumento.aspx?CodigoInstituicao=1&NumeroSequencialDocumento=48082
01.838.723/0001-27;2015-01-01;3;BRF S.A.;016292;FCA;49048;2015-07-13;http://www.rad.cvm.gov.br/ENETCONSULTA/frmDownloadDocumento.aspx?CodigoInstituicao=1&NumeroSequencialDocumento=49048
01.838.723/0001-27;2015-01-01;4;BRF S.A.;016292;FCA;52295;2015-12-03;http://www.rad.cvm.gov.br/ENETCONSULTA/frmDownloadDocumento.aspx?CodigoInstituicao=1&NumeroSequencialDocumento=52295
01.851.771/0001-55;2015-01-01;1;524 PARTICIPACOES S.A.;016284;FCA;43534;2015-01-16;http://www.rad.cvm.gov.br/ENETCONSULTA/frmDownloadDocumento.aspx?CodigoInstituicao=1&NumeroSequencialDocumento=43534
01.851.771/0001-55;2015-01-01;2;524 PARTICIPACOES S.A.;016284;FCA;43542;2015-01-16;http://www.rad.cvm.gov.br/ENETCONSULTA/frmDownloadDocumento.aspx?CodigoInstituicao=1&NumeroSequencialDocumento=43542
01.858.774/0001-10;2015-01-01;1;BV LEASING - ARRENDAMENTO MERCANTIL S.A.;020133;FCA;43320;2015-01-07;http://www.rad.cvm.gov.br/ENETCONSULTA/frmDownloadDocumento.aspx?CodigoInstituicao=1&NumeroSequencialDocumento=43320
01.858.774/0001-10;2015-01-01;2;BV LEASING - ARRENDAMENTO MERCANTIL S.A.;020133;FCA;48147;2015-05-29;http://www.rad.cvm.gov.br/ENETCONSULTA/frmDownloadDocumento.aspx?CodigoInstituicao=1&NumeroSequencialDocumento=48147
01.896.779/0001-38;2015-01-01;1;CSU DIGITAL S.A.;020044;FCA;44870;2015-03-10;http://www.rad.cvm.gov.br/ENETCONSULTA/frmDownloadDocumento.aspx?CodigoInstituicao=1&NumeroSequencialDocumento=44870
01.917.705/0001-30;2015-01-01;1;AES ELPA S.A.;019313;FCA;43851;2015-02-06;http://www.rad.cvm.gov.br/ENETCONSULTA/frmDownloadDocumento.aspx?CodigoInstituicao=1&NumeroSequencialDocumento=43851
01.917.705/0001-30;2015-01-01;2;AES ELPA S.A.;019313;FCA;45810;2015-04-02;http://www.rad.cvm.gov.br/ENETCONSULTA/frmDownloadDocumento.aspx?CodigoInstituicao=1&NumeroSequencialDocumento=45810
01.917.818/0001-36;2015-01-01;1;LIGHT ENERGIA S.A.;023000;FCA;43469;2015-01-13;http://www.rad.cvm.gov.br/ENETCONSULTA/frmDownloadDocumento.aspx?CodigoInstituicao=1&NumeroSequencialDocumento=43469
01.917.818/0001-36;2015-01-01;2;LIGHT ENERGIA S.A.;023000;FCA;44490;2015-03-03;http://www.rad.cvm.gov.br/ENETCONSULTA/frmDownloadDocumento.aspx?CodigoInstituicao=1&NumeroSequencialDocumento=44490
01.938.783/0001-11;2015-01-01;1;CIA PARTICIPACOES ALIANCA DA BAHIA;018708;FCA;45360;2015-03-27;http://www.rad.cvm.gov.br/ENETCONSULTA/frmDownloadDocumento.aspx?CodigoInstituicao=1&NumeroSequencialDocumento=45360
01.957.772/0001-89;2015-01-01;1;SUL 116 PARTICIPACOES S.A.;016438;FCA;43350;2015-01-08;http://www.rad.cvm.gov.br/ENETCONSULTA/frmDownloadDocumento.aspx?CodigoInstituicao=1&NumeroSequencialDocumento=43350
01.957.772/0001-89;2015-01-01;2;SUL 116 PARTICIPACOES S.A.;016438;FCA;47379;2015-05-15;http://www.rad.cvm.gov.br/ENETCONSULTA/frmDownloadDocumento.aspx?CodigoInstituicao=1&NumeroSequencialDocumento=47379
01.971.614/0001-83;2015-01-01;1;EMPRESA NAC COM REDITO PART S.A.ENCORPAR;016497;FCA;45511;2015-03-30;http://www.rad.cvm.gov.br/ENETCONSULTA/frmDownloadDocumento.aspx?CodigoInstituicao=1&NumeroSequencialDocumento=45511
01.971.614/0001-83;2015-01-01;2;EMPRESA NAC COM REDITO PART S.A.ENCORPAR;016497;FCA;47881;2015-05-28;http://www.rad.cvm.gov.br/ENETCONSULTA/frmDownloadDocumento.aspx?CodigoInstituicao=1&NumeroSequencialDocumento=47881
01.989.044/0001-59;2015-01-01;1;WTC RIO EMPREEND. E PARTICIPAÇÕES S.A.;016551;FCA;45657;2015-03-31;http://www.rad.cvm.gov.br/ENETCONSULTA/frmDownloadDocumento.aspx?CodigoInstituicao=1&NumeroSequencialDocumento=45657
01.989.044/0001-59;2015-01-01;2;WTC RIO EMPREEND. E PARTICIPAÇÕES S.A.;016551;FCA;47181;2015-05-14;http://www.rad.cvm.gov.br/ENETCONSULTA/frmDownloadDocumento.aspx?CodigoInstituicao=1&NumeroSequencialDocumento=47181
02.016.439/0001-38;2015-01-01;1;RIO GRANDE ENERGIA SA;016535;FCA;45270;2015-03-26;http://www.rad.cvm.gov.br/ENETCONSULTA/frmDownloadDocumento.aspx?CodigoInstituicao=1&NumeroSequencialDocumento=45270
02.016.439/0001-38;2015-01-01;2;RIO GRANDE ENERGIA SA;016535;FCA;46312;2015-05-04;http://www.rad.cvm.gov.br/ENETCONSULTA/frmDownloadDocumento.aspx?CodigoInstituicao=1&NumeroSequencialDocumento=46312
02.016.439/0001-38;2015-01-01;3;RIO GRANDE ENERGIA SA;016535;FCA;47639;2015-05-21;http://www.rad.cvm.gov.br/ENETCONSULTA/frmDownloadDocumento.aspx?CodigoInstituicao=1&NumeroSequencialDocumento=47639
02.016.439/0001-38;2015-01-01;4;RIO GRANDE ENERGIA SA;016535;FCA;52273;2015-12-02;http://www.rad.cvm.gov.br/ENETCONSULTA/frmDownloadDocumento.aspx?CodigoInstituicao=1&NumeroSequencialDocumento=52273
02.016.440/0001-62;2015-01-01;1;RGE SUL DISTRIBUIDORA DE ENERGIA S.A.;016527;FCA;43838;2015-02-05;http://www.rad.cvm.gov.br/ENETCONSULTA/frmDownloadDocumento.aspx?CodigoInstituicao=1&NumeroSequencialDocumento=43838
02.016.440/0001-62;2015-01-01;2;RGE SUL DISTRIBUIDORA DE ENERGIA S.A.;016527;FCA;45155;2015-03-23;http://www.rad.cvm.gov.br/ENETCONSULTA/frmDownloadDocumento.aspx?CodigoInstituicao=1&NumeroSequencialDocumento=45155
02.016.440/0001-62;2015-01-01;3;RGE SUL DISTRIBUIDORA DE ENERGIA S.A.;016527;FCA;51095;2015-10-26;http://www.rad.cvm.gov.br/ENETCONSULTA/frmDownloadDocumento.aspx?CodigoInstituicao=1&NumeroSequencialDocumento=51095
02.062.747/0001-08;2015-01-01;1;SUDESTE S.A.;016586;FCA;43533;2015-01-16;http://www.rad.cvm.gov.br/ENETCONSULTA/frmDownloadDocumento.aspx?CodigoInstituicao=1&NumeroSequencialDocumento=43533
02.084.220/0001-76;2015-01-01;1;NUMERAL 80 PARTICIPAÇÕES S.A.;016446;FCA;43567;2015-01-19;http://www.rad.cvm.gov.br/ENETCONSULTA/frmDownloadDocumento.aspx?CodigoInstituicao=1&NumeroSequencialDocumento=43567
02.105.040/0001-23;2015-01-01;1;VIRGO II COMPANHIA DE SECURITIZACAO;018287;FCA;44743;2015-03-05;http://www.rad.cvm.gov.br/ENETCONSULTA/frmDownloadDocumento.aspx?CodigoInstituicao=1&NumeroSequencialDocumento=44743
02.105.040/0001-23;2015-01-01;2;VIRGO II COMPANHIA DE SECURITIZACAO;018287;FCA;46728;2015-05-08;http://www.rad.cvm.gov.br/ENETCONSULTA/frmDownloadDocumento.aspx?CodigoInstituicao=1&NumeroSequencialDocumento=46728
02.107.946/0001-87;2015-01-01;1;TELEMAR PARTICIPAÇÕES SA;018678;FCA;45279;2015-03-26;http://www.rad.cvm.gov.br/ENETCONSULTA/frmDownloadDocumento.aspx?CodigoInstituicao=1&NumeroSequencialDocumento=45279
02.117.801/0001-67;2015-01-01;1;BONAIRE PARTICIPACOES S.A. - EM LIQUIDAÇÃO;016560;FCA;44777;2015-03-05;http://www.rad.cvm.gov.br/ENETCONSULTA/frmDownloadDocumento.aspx?CodigoInstituicao=1&NumeroSequencialDocumento=44777
02.117.801/0001-67;2015-01-01;2;BONAIRE PARTICIPACOES S.A. - EM LIQUIDAÇÃO;016560;FCA;47660;2015-05-22;http://www.rad.cvm.gov.br/ENETCONSULTA/frmDownloadDocumento.aspx?CodigoInstituicao=1&NumeroSequencialDocumento=47660
02.117.801/0001-67;2015-01-01;3;BONAIRE PARTICIPACOES S.A. - EM LIQUIDAÇÃO;016560;FCA;49380;2015-07-31;http://www.rad.cvm.gov.br/ENETCONSULTA/frmDownloadDocumento.aspx?CodigoInstituicao=1&NumeroSequencialDocumento=49380
02.117.801/0001-67;2015-01-01;4;BONAIRE PARTICIPACOES S.A. - EM LIQUIDAÇÃO;016560;FCA;49419;2015-08-04;http://www.rad.cvm.gov.br/ENETCONSULTA/frmDownloadDocumento.aspx?CodigoInstituicao=1&NumeroSequencialDocumento=49419
02.117.801/0001-67;2015-01-01;5;BONAIRE PARTICIPACOES S.A. - EM LIQUIDAÇÃO;016560;FCA;52262;2015-12-01;http://www.rad.cvm.gov.br/ENETCONSULTA/frmDownloadDocumento.aspx?CodigoInstituicao=1&NumeroSequencialDocumento=52262
02.149.205/0001-69;2015-01-01;1;PORTO SEGURO S.A.;016659;FCA;44086;2015-02-13;http://www.rad.cvm.gov.br/ENETCONSULTA/frmDownloadDocumento.aspx?CodigoInstituicao=1&NumeroSequencialDocumento=44086
02.149.205/0001-69;2015-01-01;2;PORTO SEGURO S.A.;016659;FCA;46087;2015-04-23;http://www.rad.cvm.gov.br/ENETCONSULTA/frmDownloadDocumento.aspx?CodigoInstituicao=1&NumeroSequencialDocumento=46087
02.162.616/0001-94;2015-01-01;1;UPTICK PARTICIPACOES S.A.;016624;FCA;44779;2015-03-05;http://www.rad.cvm.gov.br/ENETCONSULTA/frmDownloadDocumento.aspx?CodigoInstituicao=1&NumeroSequencialDocumento=44779
02.162.616/0001-94;2015-01-01;2;UPTICK PARTICIPACOES S.A.;016624;FCA;47534;2015-05-18;http://www.rad.cvm.gov.br/ENETCONSULTA/frmDownloadDocumento.aspx?CodigoInstituicao=1&NumeroSequencialDocumento=47534
02.162.616/0001-94;2015-01-01;3;UPTICK PARTICIPACOES S.A.;016624;FCA;50446;2015-09-02;http://www.rad.cvm.gov.br/ENETCONSULTA/frmDownloadDocumento.aspx?CodigoInstituicao=1&NumeroSequencialDocumento=50446
02.193.750/0001-52;2015-01-01;1;DEXXOS PARTICIPAÇÕES S.A.;016632;FCA;44215;2015-02-24;http://www.rad.cvm.gov.br/ENETCONSULTA/frmDownloadDocumento.aspx?CodigoInstituicao=1&NumeroSequencialDocumento=44215
02.201.787/0001-85;2015-01-01;1;CEL PARTICIPAÇÕES S.A. - CELPAR;016675;FCA;45642;2015-03-31;http://www.rad.cvm.gov.br/ENETCONSULTA/frmDownloadDocumento.aspx?CodigoInstituicao=1&NumeroSequencialDocumento=45642
02.217.319/0001-07;2015-01-01;1;YBYRÁ CAPITAL S.A.;016705;FCA;43536;2015-01-16;http://www.rad.cvm.gov.br/ENETCONSULTA/frmDownloadDocumento.aspx?CodigoInstituicao=1&NumeroSequencialDocumento=43536
02.217.319/0001-07;2015-01-01;2;YBYRÁ CAPITAL S.A.;016705;FCA;46571;2015-05-07;http://www.rad.cvm.gov.br/ENETCONSULTA/frmDownloadDocumento.aspx?CodigoInstituicao=1&NumeroSequencialDocumento=46571
02.221.531/0001-30;2015-01-01;1;RDN CONCESSÕES E PARTICIPAÇÕES S.A.;019151;FCA;44377;2015-02-27;http://www.rad.cvm.gov.br/ENETCONSULTA/frmDownloadDocumento.aspx?CodigoInstituicao=1&NumeroSequencialDocumento=44377
02.221.531/0001-30;2015-01-01;2;RDN CONCESSÕES E PARTICIPAÇÕES S.A.;019151;FCA;46614;2015-05-07;http://www.rad.cvm.gov.br/ENETCONSULTA/frmDownloadDocumento.aspx?CodigoInstituicao=1&NumeroSequencialDocumento=46614
02.221.531/0001-30;2015-01-01;3;RDN CONCESSÕES E PARTICIPAÇÕES S.A.;019151;FCA;46891;2015-05-12;http://www.rad.cvm.gov.br/ENETCONSULTA/frmDownloadDocumento.aspx?CodigoInstituicao=1&NumeroSequencialDocumento=46891
02.222.736/0001-30;2015-01-01;1;EMPRESA CONC RODOV DO NORTE S.A.ECONORTE;019011;FCA;45217;2015-03-25;http://www.rad.cvm.gov.br/ENETCONSULTA/frmDownloadDocumento.aspx?CodigoInstituicao=1&NumeroSequencialDocumento=45217
02.258.422/0001-97;2015-01-01;1;INEPAR EQUIPAMENTOS E MONTAGENS S/A - EM RECUPERACAO JUDICIA;017868;FCA;43694;2015-01-29;http://www.rad.cvm.gov.br/ENETCONSULTA/frmDownloadDocumento.aspx?CodigoInstituicao=1&NumeroSequencialDocumento=43694
02.258.422/0001-97;2015-01-01;2;INEPAR EQUIPAMENTOS E MONTAGENS S/A - EM RECUPERACAO JUDICIA;017868;FCA;46908;2015-05-12;http://www.rad.cvm.gov.br/ENETCONSULTA/frmDownloadDocumento.aspx?CodigoInstituicao=1&NumeroSequencialDocumento=46908
02.258.422/0001-97;2015-01-01;3;INEPAR EQUIPAMENTOS E MONTAGENS S/A - EM RECUPERACAO JUDICIA;017868;FCA;48572;2015-06-10;http://www.rad.cvm.gov.br/ENETCONSULTA/frmDownloadDocumento.aspx?CodigoInstituicao=1&NumeroSequencialDocumento=48572
02.258.422/0001-97;2015-01-01;4;INEPAR EQUIPAMENTOS E MONTAGENS S/A - EM RECUPERACAO JUDICIA;017868;FCA;49093;2015-07-16;http://www.rad.cvm.gov.br/ENETCONSULTA/frmDownloadDocumento.aspx?CodigoInstituicao=1&NumeroSequencialDocumento=49093
02.281.836/0001-37;2015-01-01;1;TRANSNORDESTINA LOGISTICA SA;020443;FCA;44826;2015-03-06;http://www.rad.cvm.gov.br/ENETCONSULTA/frmDownloadDocumento.aspx?CodigoInstituicao=1&NumeroSequencialDocumento=44826
02.281.836/0001-37;2015-01-01;2;TRANSNORDESTINA LOGISTICA SA;020443;FCA;47798;2015-05-27;http://www.rad.cvm.gov.br/ENETCONSULTA/frmDownloadDocumento.aspx?CodigoInstituicao=1&NumeroSequencialDocumento=47798
02.281.836/0001-37;2015-01-01;3;TRANSNORDESTINA LOGISTICA SA;020443;FCA;50320;2015-08-20;http://www.rad.cvm.gov.br/ENETCONSULTA/frmDownloadDocumento.aspx?CodigoInstituicao=1&NumeroSequencialDocumento=50320
02.286.509/0001-78;2015-01-01;1;SUBESTAÇÃO ELETROMETRÔ S/A;017787;FCA;43292;2015-01-06;http://www.rad.cvm.gov.br/ENETCONSULTA/frmDownloadDocumento.aspx?CodigoInstituicao=1&NumeroSequencialDocumento=43292
02.286.509/0001-78;2015-01-01;2;SUBESTAÇÃO ELETROMETRÔ S/A;017787;FCA;44502;2015-03-03;http://www.rad.cvm.gov.br/ENETCONSULTA/frmDownloadDocumento.aspx?CodigoInstituicao=1&NumeroSequencialDocumento=44502
02.291.077/0001-93;2015-01-01;1;PRODUTORES ENERGET.DE MANSO S.A.- PROMAN;019232;FCA;44939;2015-03-12;http://www.rad.cvm.gov.br/ENETCONSULTA/frmDownloadDocumento.aspx?CodigoInstituicao=1&NumeroSequencialDocumento=44939
02.291.077/0001-93;2015-01-01;2;PRODUTORES ENERGET.DE MANSO S.A.- PROMAN;019232;FCA;46305;2015-05-04;http://www.rad.cvm.gov.br/ENETCONSULTA/frmDownloadDocumento.aspx?CodigoInstituicao=1&NumeroSequencialDocumento=46305
02.291.077/0001-93;2015-01-01;3;PRODUTORES ENERGET.DE MANSO S.A.- PROMAN;019232;FCA;46787;2015-05-11;http://www.rad.cvm.gov.br/ENETCONSULTA/frmDownloadDocumento.aspx?CodigoInstituicao=1&NumeroSequencialDocumento=46787
02.291.077/0001-93;2015-01-01;4;PRODUTORES ENERGET.DE MANSO S.A.- PROMAN;019232;FCA;47127;2015-05-14;http://www.rad.cvm.gov.br/ENETCONSULTA/frmDownloadDocumento.aspx?CodigoInstituicao=1&NumeroSequencialDocumento=47127
02.291.077/0001-93;2015-01-01;5;PRODUTORES ENERGET.DE MANSO S.A.- PROMAN;019232;FCA;49685;2015-08-12;http://www.rad.cvm.gov.br/ENETCONSULTA/frmDownloadDocumento.aspx?CodigoInstituicao=1&NumeroSequencialDocumento=49685
02.291.077/0001-93;2015-01-01;6;PRODUTORES ENERGET.DE MANSO S.A.- PROMAN;019232;FCA;51390;2015-11-08;http://www.rad.cvm.gov.br/ENETCONSULTA/frmDownloadDocumento.aspx?CodigoInstituicao=1&NumeroSequencialDocumento=51390
02.302.100/0001-06;2015-01-01;1;EDP SÃO PAULO DISTRIBUIÇÃO DE ENERGIA S.A.;016985;FCA;44408;2015-02-28;http://www.rad.cvm.gov.br/ENETCONSULTA/frmDownloadDocumento.aspx?CodigoInstituicao=1&NumeroSequencialDocumento=44408
02.302.100/0001-06;2015-01-01;2;EDP SÃO PAULO DISTRIBUIÇÃO DE ENERGIA S.A.;016985;FCA;49468;2015-08-05;http://www.rad.cvm.gov.br/ENETCONSULTA/frmDownloadDocumento.aspx?CodigoInstituicao=1&NumeroSequencialDocumento=49468
02.302.101/0001-42;2015-01-01;1;EMAE - EMPRESA METROP.AGUAS ENERGIA S.A.;016993;FCA;43453;2015-01-13;http://www.rad.cvm.gov.br/ENETCONSULTA/frmDownloadDocumento.aspx?CodigoInstituicao=1&NumeroSequencialDocumento=43453
02.302.101/0001-42;2015-01-01;2;EMAE - EMPRESA METROP.AGUAS ENERGIA S.A.;016993;FCA;48091;2015-05-29;http://www.rad.cvm.gov.br/ENETCONSULTA/frmDownloadDocumento.aspx?CodigoInstituicao=1&NumeroSequencialDocumento=48091
02.302.101/0001-42;2015-01-01;3;EMAE - EMPRESA METROP.AGUAS ENERGIA S.A.;016993;FCA;50448;2015-09-02;http://www.rad.cvm.gov.br/ENETCONSULTA/frmDownloadDocumento.aspx?CodigoInstituicao=1&NumeroSequencialDocumento=50448
02.312.604/0001-07;2015-01-01;1;DALETH PARTICIPAÇÕES SA - EM LIQUIDAÇÃO;016950;FCA;44822;2015-03-06;http://www.rad.cvm.gov.br/ENETCONSULTA/frmDownloadDocumento.aspx?CodigoInstituicao=1&NumeroSequencialDocumento=44822
02.312.604/0001-07;2015-01-01;2;DALETH PARTICIPAÇÕES SA - EM LIQUIDAÇÃO;016950;FCA;45048;2015-03-18;http://www.rad.cvm.gov.br/ENETCONSULTA/frmDownloadDocumento.aspx?CodigoInstituicao=1&NumeroSequencialDocumento=45048
02.318.346/0001-68;2015-01-01;1;OPPORTUNITY ENERGIA E PARTICIPACOES S.A. - EM LIQUIDAÇÃO;016942;FCA;43535;2015-01-16;http://www.rad.cvm.gov.br/ENETCONSULTA/frmDownloadDocumento.aspx?CodigoInstituicao=1&NumeroSequencialDocumento=43535
02.318.346/0001-68;2015-01-01;2;OPPORTUNITY ENERGIA E PARTICIPACOES S.A. - EM LIQUIDAÇÃO;016942;FCA;44737;2015-03-05;http://www.rad.cvm.gov.br/ENETCONSULTA/frmDownloadDocumento.aspx?CodigoInstituicao=1&NumeroSequencialDocumento=44737
02.318.346/0001-68;2015-01-01;3;OPPORTUNITY ENERGIA E PARTICIPACOES S.A. - EM LIQUIDAÇÃO;016942;FCA;44865;2015-03-10;http://www.rad.cvm.gov.br/ENETCONSULTA/frmDownloadDocumento.aspx?CodigoInstituicao=1&NumeroSequencialDocumento=44865
02.328.280/0001-97;2015-01-01;1;ELEKTRO REDES S.A.;017485;FCA;44154;2015-02-19;http://www.rad.cvm.gov.br/ENETCONSULTA/frmDownloadDocumento.aspx?CodigoInstituicao=1&NumeroSequencialDocumento=44154
02.328.280/0001-97;2015-01-01;2;ELEKTRO REDES S.A.;017485;FCA;47745;2015-05-26;http://www.rad.cvm.gov.br/ENETCONSULTA/frmDownloadDocumento.aspx?CodigoInstituicao=1&NumeroSequencialDocumento=47745
02.335.514/0001-23;2015-01-01;1;FIAGO PARTICIPACOES SA;016896;FCA;47627;2015-05-20;http://www.rad.cvm.gov.br/ENETCONSULTA/frmDownloadDocumento.aspx?CodigoInstituicao=1&NumeroSequencialDocumento=47627
02.338.534/0001-58;2015-01-01;1;LONGDIS S.A.;017434;FCA;45453;2015-03-27;http://www.rad.cvm.gov.br/ENETCONSULTA/frmDownloadDocumento.aspx?CodigoInstituicao=1&NumeroSequencialDocumento=45453
02.351.144/0001-18;2015-01-01;1;TEGMA GESTAO LOGISTICA S.A.;020800;FCA;43815;2015-02-05;http://www.rad.cvm.gov.br/ENETCONSULTA/frmDownloadDocumento.aspx?CodigoInstituicao=1&NumeroSequencialDocumento=43815
02.351.144/0001-18;2015-01-01;2;TEGMA GESTAO LOGISTICA S.A.;020800;FCA;45238;2015-03-25;http://www.rad.cvm.gov.br/ENETCONSULTA/frmDownloadDocumento.aspx?CodigoInstituicao=1&NumeroSequencialDocumento=45238
02.351.144/0001-18;2015-01-01;3;TEGMA GESTAO LOGISTICA S.A.;020800;FCA;48866;2015-06-30;http://www.rad.cvm.gov.br/ENETCONSULTA/frmDownloadDocumento.aspx?CodigoInstituicao=1&NumeroSequencialDocumento=48866
02.363.917/0001-86;2015-01-01;1;RET PARTICIPACOES S.A.;017337;FCA;45441;2015-03-27;http://www.rad.cvm.gov.br/ENETCONSULTA/frmDownloadDocumento.aspx?CodigoInstituicao=1&NumeroSequencialDocumento=45441
02.363.918/0001-20;2015-01-01;1;ZAIN PARTICIPACOES S.A.;017361;FCA;45614;2015-03-30;http://www.rad.cvm.gov.br/ENETCONSULTA/frmDownloadDocumento.aspx?CodigoInstituicao=1&NumeroSequencialDocumento=45614
02.363.918/0001-20;2015-01-01;2;ZAIN PARTICIPACOES S.A.;017361;FCA;47383;2015-05-15;http://www.rad.cvm.gov.br/ENETCONSULTA/frmDownloadDocumento.aspx?CodigoInstituicao=1&NumeroSequencialDocumento=47383
02.365.069/0001-44;2015-01-01;1;PADTEC HOLDING S.A.;018414;FCA;43428;2015-01-12;http://www.rad.cvm.gov.br/ENETCONSULTA/frmDownloadDocumento.aspx?CodigoInstituicao=1&NumeroSequencialDocumento=43428
02.366.097/0001-86;2015-01-01;1;VIANORTE S/A;021830;FCA;44352;2015-02-26;http://www.rad.cvm.gov.br/ENETCONSULTA/frmDownloadDocumento.aspx?CodigoInstituicao=1&NumeroSequencialDocumento=44352
02.366.097/0001-86;2015-01-01;2;VIANORTE S/A;021830;FCA;44775;2015-03-05;http://www.rad.cvm.gov.br/ENETCONSULTA/frmDownloadDocumento.aspx?CodigoInstituicao=1&NumeroSequencialDocumento=44775
02.366.097/0001-86;2015-01-01;3;VIANORTE S/A;021830;FCA;50571;2015-09-15;http://www.rad.cvm.gov.br/ENETCONSULTA/frmDownloadDocumento.aspx?CodigoInstituicao=1&NumeroSequencialDocumento=50571
02.373.517/0001-51;2015-01-01;1;LIBRA TERMINAL RIO S.A. - EM RECUPERAÇÃO JUDICIAL;023434;FCA;45648;2015-03-31;http://www.rad.cvm.gov.br/ENETCONSULTA/frmDownloadDocumento.aspx?CodigoInstituicao=1&NumeroSequencialDocumento=45648
02.373.517/0001-51;2015-01-01;2;LIBRA TERMINAL RIO S.A. - EM RECUPERAÇÃO JUDICIAL;023434;FCA;46950;2015-05-12;http://www.rad.cvm.gov.br/ENETCONSULTA/frmDownloadDocumento.aspx?CodigoInstituicao=1&NumeroSequencialDocumento=46950
02.382.073/0001-10;2015-01-01;1;PROLAGOS S/A - CONC.DE SERVICOS PÚBLICOS DE ÁGUA E ESGOTO;023469;FCA;43603;2015-01-22;http://www.rad.cvm.gov.br/ENETCONSULTA/frmDownloadDocumento.aspx?CodigoInstituicao=1&NumeroSequencialDocumento=43603
02.387.241/0001-60;2015-01-01;1;RUMO S.A.;017450;FCA;43364;2015-01-08;http://www.rad.cvm.gov.br/ENETCONSULTA/frmDownloadDocumento.aspx?CodigoInstituicao=1&NumeroSequencialDocumento=43364
02.387.241/0001-60;2015-01-01;2;RUMO S.A.;017450;FCA;45324;2015-03-26;http://www.rad.cvm.gov.br/ENETCONSULTA/frmDownloadDocumento.aspx?CodigoInstituicao=1&NumeroSequencialDocumento=45324
02.387.241/0001-60;2015-01-01;3;RUMO S.A.;017450;FCA;45855;2015-04-07;http://www.rad.cvm.gov.br/ENETCONSULTA/frmDownloadDocumento.aspx?CodigoInstituicao=1&NumeroSequencialDocumento=45855
02.387.241/0001-60;2015-01-01;4;RUMO S.A.;017450;FCA;46417;2015-05-05;http://www.rad.cvm.gov.br/ENETCONSULTA/frmDownloadDocumento.aspx?CodigoInstituicao=1&NumeroSequencialDocumento=46417
02.397.080/0001-96;2015-01-01;1;ITAPEBI GERACAO DE ENERGIA S.A.;019364;FCA;44276;2015-02-25;http://www.rad.cvm.gov.br/ENETCONSULTA/frmDownloadDocumento.aspx?CodigoInstituicao=1&NumeroSequencialDocumento=44276
02.397.080/0001-96;2015-01-01;2;ITAPEBI GERACAO DE ENERGIA S.A.;019364;FCA;48631;2015-06-15;http://www.rad.cvm.gov.br/ENETCONSULTA/frmDownloadDocumento.aspx?CodigoInstituicao=1&NumeroSequencialDocumento=48631
02.397.080/0001-96;2015-01-01;3;ITAPEBI GERACAO DE ENERGIA S.A.;019364;FCA;48850;2015-06-29;http://www.rad.cvm.gov.br/ENETCONSULTA/frmDownloadDocumento.aspx?CodigoInstituicao=1&NumeroSequencialDocumento=48850
02.397.080/0001-96;2015-01-01;4;ITAPEBI GERACAO DE ENERGIA S.A.;019364;FCA;49003;2015-07-09;http://www.rad.cvm.gov.br/ENETCONSULTA/frmDownloadDocumento.aspx?CodigoInstituicao=1&NumeroSequencialDocumento=49003
02.397.080/0001-96;2015-01-01;5;ITAPEBI GERACAO DE ENERGIA S.A.;019364;FCA;49033;2015-07-10;http://www.rad.cvm.gov.br/ENETCONSULTA/frmDownloadDocumento.aspx?CodigoInstituicao=1&NumeroSequencialDocumento=49033
02.397.080/0001-96;2015-01-01;6;ITAPEBI GERACAO DE ENERGIA S.A.;019364;FCA;50669;2015-09-23;http://www.rad.cvm.gov.br/ENETCONSULTA/frmDownloadDocumento.aspx?CodigoInstituicao=1&NumeroSequencialDocumento=50669
02.415.408/0001-50;2015-01-01;1;CONC ROD.OESTE SP VIAOESTE S.A;021024;FCA;44415;2015-03-02;http://www.rad.cvm.gov.br/ENETCONSULTA/frmDownloadDocumento.aspx?CodigoInstituicao=1&NumeroSequencialDocumento=44415
02.415.408/0001-50;2015-01-01;2;CONC ROD.OESTE SP VIAOESTE S.A;021024;FCA;48229;2015-05-29;http://www.rad.cvm.gov.br/ENETCONSULTA/frmDownloadDocumento.aspx?CodigoInstituicao=1&NumeroSequencialDocumento=48229
02.429.144/0001-93;2015-01-01;1;CPFL ENERGIA S.A.;018660;FCA;45277;2015-03-26;http://www.rad.cvm.gov.br/ENETCONSULTA/frmDownloadDocumento.aspx?CodigoInstituicao=1&NumeroSequencialDocumento=45277
02.429.144/0001-93;2015-01-01;2;CPFL ENERGIA S.A.;018660;FCA;46292;2015-05-04;http://www.rad.cvm.gov.br/ENETCONSULTA/frmDownloadDocumento.aspx?CodigoInstituicao=1&NumeroSequencialDocumento=46292
02.429.144/0001-93;2015-01-01;3;CPFL ENERGIA S.A.;018660;FCA;47642;2015-05-21;http://www.rad.cvm.gov.br/ENETCONSULTA/frmDownloadDocumento.aspx?CodigoInstituicao=1&NumeroSequencialDocumento=47642
02.451.848/0001-62;2015-01-01;1;CONC SIST ANHANG-BANDEIRANT S.A. AUTOBAN;020192;FCA;44269;2015-02-25;http://www.rad.cvm.gov.br/ENETCONSULTA/frmDownloadDocumento.aspx?CodigoInstituicao=1&NumeroSequencialDocumento=44269
02.451.848/0001-62;2015-01-01;2;CONC SIST ANHANG-BANDEIRANT S.A. AUTOBAN;020192;FCA;50302;2015-08-19;http://www.rad.cvm.gov.br/ENETCONSULTA/frmDownloadDocumento.aspx?CodigoInstituicao=1&NumeroSequencialDocumento=50302
02.451.848/0001-62;2015-01-01;3;CONC SIST ANHANG-BANDEIRANT S.A. AUTOBAN;020192;FCA;50535;2015-09-11;http://www.rad.cvm.gov.br/ENETCONSULTA/frmDownloadDocumento.aspx?CodigoInstituicao=1&NumeroSequencialDocumento=50535
02.465.783/0001-04;2015-01-01;1;FUTURETEL S.A. - EM LIQUIDAÇÃO;017388;FCA;43343;2015-01-08;http://www.rad.cvm.gov.br/ENETCONSULTA/frmDownloadDocumento.aspx?CodigoInstituicao=1&NumeroSequencialDocumento=43343
02.465.783/0001-04;2015-01-01;2;FUTURETEL S.A. - EM LIQUIDAÇÃO;017388;FCA;47375;2015-05-15;http://www.rad.cvm.gov.br/ENETCONSULTA/frmDownloadDocumento.aspx?CodigoInstituicao=1&NumeroSequencialDocumento=47375
02.474.103/0001-19;2015-01-01;1;ENGIE BRASIL ENERGIA S.A.;017329;FCA;43641;2015-01-26;http://www.rad.cvm.gov.br/ENETCONSULTA/frmDownloadDocumento.aspx?CodigoInstituicao=1&NumeroSequencialDocumento=43641
02.474.103/0001-19;2015-01-01;2;ENGIE BRASIL ENERGIA S.A.;017329;FCA;51274;2015-11-04;http://www.rad.cvm.gov.br/ENETCONSULTA/frmDownloadDocumento.aspx?CodigoInstituicao=1&NumeroSequencialDocumento=51274
02.476.710/0001-18;2015-01-01;1;TELINVEST S.A.;017418;FCA;45438;2015-03-27;http://www.rad.cvm.gov.br/ENETCONSULTA/frmDownloadDocumento.aspx?CodigoInstituicao=1&NumeroSequencialDocumento=45438
02.502.844/0001-66;2015-01-01;1;RUMO MALHA PAULISTA S.A.;017930;FCA;43391;2015-01-09;http://www.rad.cvm.gov.br/ENETCONSULTA/frmDownloadDocumento.aspx?CodigoInstituicao=1&NumeroSequencialDocumento=43391
02.502.844/0001-66;2015-01-01;2;RUMO MALHA PAULISTA S.A.;017930;FCA;45858;2015-04-07;http://www.rad.cvm.gov.br/ENETCONSULTA/frmDownloadDocumento.aspx?CodigoInstituicao=1&NumeroSequencialDocumento=45858
02.502.844/0001-66;2015-01-01;3;RUMO MALHA PAULISTA S.A.;017930;FCA;46723;2015-05-08;http://www.rad.cvm.gov.br/ENETCONSULTA/frmDownloadDocumento.aspx?CodigoInstituicao=1&NumeroSequencialDocumento=46723
02.509.186/0001-34;2015-01-01;1;TRIÂNGULO DO SOL AUTO-ESTRADAS S.A.;023060;FCA;45064;2015-03-18;http://www.rad.cvm.gov.br/ENETCONSULTA/frmDownloadDocumento.aspx?CodigoInstituicao=1&NumeroSequencialDocumento=45064
02.509.186/0001-34;2015-01-01;2;TRIÂNGULO DO SOL AUTO-ESTRADAS S.A.;023060;FCA;47545;2015-05-18;http://www.rad.cvm.gov.br/ENETCONSULTA/frmDownloadDocumento.aspx?CodigoInstituicao=1&NumeroSequencialDocumento=47545
02.509.491/0001-26;2015-01-01;1;CONC ECOVIAS IMIGRANTES S.A.;020397;FCA;43402;2015-01-09;http://www.rad.cvm.gov.br/ENETCONSULTA/frmDownloadDocumento.aspx?CodigoInstituicao=1&NumeroSequencialDocumento=43402
02.509.491/0001-26;2015-01-01;2;CONC ECOVIAS IMIGRANTES S.A.;020397;FCA;45775;2015-04-01;http://www.rad.cvm.gov.br/ENETCONSULTA/frmDownloadDocumento.aspx?CodigoInstituicao=1&NumeroSequencialDocumento=45775
02.509.491/0001-26;2015-01-01;3;CONC ECOVIAS IMIGRANTES S.A.;020397;FCA;48102;2015-05-29;http://www.rad.cvm.gov.br/ENETCONSULTA/frmDownloadDocumento.aspx?CodigoInstituicao=1&NumeroSequencialDocumento=48102
02.535.295/0001-26;2015-01-01;1;MAORI SA;017779;FCA;45497;2015-03-30;http://www.rad.cvm.gov.br/ENETCONSULTA/frmDownloadDocumento.aspx?CodigoInstituicao=1&NumeroSequencialDocumento=45497
02.535.295/0001-26;2015-01-01;2;MAORI SA;017779;FCA;47834;2015-05-28;http://www.rad.cvm.gov.br/ENETCONSULTA/frmDownloadDocumento.aspx?CodigoInstituicao=1&NumeroSequencialDocumento=47834
02.541.982/0001-54;2015-01-01;1;SOMOS EDUCAÇÃO S.A.;022551;FCA;44053;2015-02-12;http://www.rad.cvm.gov.br/ENETCONSULTA/frmDownloadDocumento.aspx?CodigoInstituicao=1&NumeroSequencialDocumento=44053
02.541.982/0001-54;2015-01-01;2;SOMOS EDUCAÇÃO S.A.;022551;FCA;47855;2015-05-28;http://www.rad.cvm.gov.br/ENETCONSULTA/frmDownloadDocumento.aspx?CodigoInstituicao=1&NumeroSequencialDocumento=47855
02.541.982/0001-54;2015-01-01;3;SOMOS EDUCAÇÃO S.A.;022551;FCA;48978;2015-07-08;http://www.rad.cvm.gov.br/ENETCONSULTA/frmDownloadDocumento.aspx?CodigoInstituicao=1&NumeroSequencialDocumento=48978
02.541.982/0001-54;2015-01-01;4;SOMOS EDUCAÇÃO S.A.;022551;FCA;49210;2015-07-24;http://www.rad.cvm.gov.br/ENETCONSULTA/frmDownloadDocumento.aspx?CodigoInstituicao=1&NumeroSequencialDocumento=49210
02.541.982/0001-54;2015-01-01;5;SOMOS EDUCAÇÃO S.A.;022551;FCA;49211;2015-07-24;http://www.rad.cvm.gov.br/ENETCONSULTA/frmDownloadDocumento.aspx?CodigoInstituicao=1&NumeroSequencialDocumento=49211
02.555.926/0001-79;2015-01-01;1;CENTROVIAS-SISTEMAS RODOVIARIOS S/A;021857;FCA;44346;2015-02-26;http://www.rad.cvm.gov.br/ENETCONSULTA/frmDownloadDocumento.aspx?CodigoInstituicao=1&NumeroSequencialDocumento=44346
02.555.926/0001-79;2015-01-01;2;CENTROVIAS-SISTEMAS RODOVIARIOS S/A;021857;FCA;44742;2015-03-05;http://www.rad.cvm.gov.br/ENETCONSULTA/frmDownloadDocumento.aspx?CodigoInstituicao=1&NumeroSequencialDocumento=44742
02.555.926/0001-79;2015-01-01;3;CENTROVIAS-SISTEMAS RODOVIARIOS S/A;021857;FCA;50573;2015-09-15;http://www.rad.cvm.gov.br/ENETCONSULTA/frmDownloadDocumento.aspx?CodigoInstituicao=1&NumeroSequencialDocumento=50573
02.558.115/0001-21;2015-01-01;1;TIM PARTICIPACOES S.A.;017639;FCA;43312;2015-01-06;http://www.rad.cvm.gov.br/ENETCONSULTA/frmDownloadDocumento.aspx?CodigoInstituicao=1&NumeroSequencialDocumento=43312
02.558.157/0001-62;2015-01-01;1;TELEFÔNICA BRASIL S.A;017671;FCA;44239;2015-02-24;http://www.rad.cvm.gov.br/ENETCONSULTA/frmDownloadDocumento.aspx?CodigoInstituicao=1&NumeroSequencialDocumento=44239
02.558.157/0001-62;2015-01-01;2;TELEFÔNICA BRASIL S.A;017671;FCA;44663;2015-03-04;http://www.rad.cvm.gov.br/ENETCONSULTA/frmDownloadDocumento.aspx?CodigoInstituicao=1&NumeroSequencialDocumento=44663
02.558.157/0001-62;2015-01-01;3;TELEFÔNICA BRASIL S.A;017671;FCA;50648;2015-09-22;http://www.rad.cvm.gov.br/ENETCONSULTA/frmDownloadDocumento.aspx?CodigoInstituicao=1&NumeroSequencialDocumento=50648
02.558.157/0001-62;2015-01-01;4;TELEFÔNICA BRASIL S.A;017671;FCA;51022;2015-10-21;http://www.rad.cvm.gov.br/ENETCONSULTA/frmDownloadDocumento.aspx?CodigoInstituicao=1&NumeroSequencialDocumento=51022
02.591.787/0001-39;2015-01-01;1;CAPITALPART PARTICIPACOES S.A.;017493;FCA;45447;2015-03-27;http://www.rad.cvm.gov.br/ENETCONSULTA/frmDownloadDocumento.aspx?CodigoInstituicao=1&NumeroSequencialDocumento=45447
02.604.860/0001-60;2015-01-01;1;INNCORP S.A.;017558;FCA;45455;2015-03-27;http://www.rad.cvm.gov.br/ENETCONSULTA/frmDownloadDocumento.aspx?CodigoInstituicao=1&NumeroSequencialDocumento=45455
02.604.997/0001-14;2015-01-01;1;NEWTEL PARTICIPACOES S.A.;017540;FCA;43345;2015-01-08;http://www.rad.cvm.gov.br/ENETCONSULTA/frmDownloadDocumento.aspx?CodigoInstituicao=1&NumeroSequencialDocumento=43345
02.604.997/0001-14;2015-01-01;2;NEWTEL PARTICIPACOES S.A.;017540;FCA;47372;2015-05-15;http://www.rad.cvm.gov.br/ENETCONSULTA/frmDownloadDocumento.aspx?CodigoInstituicao=1&NumeroSequencialDocumento=47372
02.643.896/0001-52;2015-01-01;1;REAL AI PIC SEC DE CREDITOS IMOBILIARIO S.A.;018430;FCA;43971;2015-02-10;http://www.rad.cvm.gov.br/ENETCONSULTA/frmDownloadDocumento.aspx?CodigoInstituicao=1&NumeroSequencialDocumento=43971
02.643.896/0001-52;2015-01-01;2;REAL AI PIC SEC DE CREDITOS IMOBILIARIO S.A.;018430;FCA;46089;2015-04-23;http://www.rad.cvm.gov.br/ENETCONSULTA/frmDownloadDocumento.aspx?CodigoInstituicao=1&NumeroSequencialDocumento=46089
02.643.896/0001-52;2015-01-01;3;REAL AI PIC SEC DE CREDITOS IMOBILIARIO S.A.;018430;FCA;46090;2015-04-23;http://www.rad.cvm.gov.br/ENETCONSULTA/frmDownloadDocumento.aspx?CodigoInstituicao=1&NumeroSequencialDocumento=46090
02.664.042/0001-52;2015-01-01;1;TERMINAL GARAGEM MENEZES CORTES S.A.;018538;FCA;44024;2015-02-12;http://www.rad.cvm.gov.br/ENETCONSULTA/frmDownloadDocumento.aspx?CodigoInstituicao=1&NumeroSequencialDocumento=44024
02.664.042/0001-52;2015-01-01;2;TERMINAL GARAGEM MENEZES CORTES S.A.;018538;FCA;47361;2015-05-15;http://www.rad.cvm.gov.br/ENETCONSULTA/frmDownloadDocumento.aspx?CodigoInstituicao=1&NumeroSequencialDocumento=47361
02.679.185/0001-38;2015-01-01;1;AUTOVIAS S/A;021822;FCA;44344;2015-02-26;http://www.rad.cvm.gov.br/ENETCONSULTA/frmDownloadDocumento.aspx?CodigoInstituicao=1&NumeroSequencialDocumento=44344
02.679.185/0001-38;2015-01-01;2;AUTOVIAS S/A;021822;FCA;44764;2015-03-05;http://www.rad.cvm.gov.br/ENETCONSULTA/frmDownloadDocumento.aspx?CodigoInstituicao=1&NumeroSequencialDocumento=44764
02.679.185/0001-38;2015-01-01;3;AUTOVIAS S/A;021822;FCA;50570;2015-09-15;http://www.rad.cvm.gov.br/ENETCONSULTA/frmDownloadDocumento.aspx?CodigoInstituicao=1&NumeroSequencialDocumento=50570
02.682.287/0001-02;2015-01-01;1;PAN FINANCEIRA S.A. - CRÉDITO, FINANCIAMENTO E INVESTIMENTO;018554;FCA;43955;2015-02-09;http://www.rad.cvm.gov.br/ENETCONSULTA/frmDownloadDocumento.aspx?CodigoInstituicao=1&NumeroSequencialDocumento=43955
02.682.287/0001-02;2015-01-01;2;PAN FINANCEIRA S.A. - CRÉDITO, FINANCIAMENTO E INVESTIMENTO;018554;FCA;48022;2015-05-29;http://www.rad.cvm.gov.br/ENETCONSULTA/frmDownloadDocumento.aspx?CodigoInstituicao=1&NumeroSequencialDocumento=48022
02.724.983/0001-34;2015-01-01;1;SANESALTO SANEAMENTO S.A.;019593;FCA;44030;2015-02-12;http://www.rad.cvm.gov.br/ENETCONSULTA/frmDownloadDocumento.aspx?CodigoInstituicao=1&NumeroSequencialDocumento=44030
02.724.983/0001-34;2015-01-01;2;SANESALTO SANEAMENTO S.A.;019593;FCA;47290;2015-05-15;http://www.rad.cvm.gov.br/ENETCONSULTA/frmDownloadDocumento.aspx?CodigoInstituicao=1&NumeroSequencialDocumento=47290
02.724.983/0001-34;2015-01-01;3;SANESALTO SANEAMENTO S.A.;019593;FCA;50023;2015-08-14;http://www.rad.cvm.gov.br/ENETCONSULTA/frmDownloadDocumento.aspx?CodigoInstituicao=1&NumeroSequencialDocumento=50023
02.736.470/0001-43;2015-01-01;1;CONFIANZA SECURITIZADORA SA;018236;FCA;45370;2015-03-27;http://www.rad.cvm.gov.br/ENETCONSULTA/frmDownloadDocumento.aspx?CodigoInstituicao=1&NumeroSequencialDocumento=45370
02.762.113/0001-50;2015-01-01;1;BRAZILIAN FINANCE E REAL ESTATE S.A.;017922;FCA;43302;2015-01-06;http://www.rad.cvm.gov.br/ENETCONSULTA/frmDownloadDocumento.aspx?CodigoInstituicao=1&NumeroSequencialDocumento=43302
02.762.113/0001-50;2015-01-01;2;BRAZILIAN FINANCE E REAL ESTATE S.A.;017922;FCA;47766;2015-05-27;http://www.rad.cvm.gov.br/ENETCONSULTA/frmDownloadDocumento.aspx?CodigoInstituicao=1&NumeroSequencialDocumento=47766
02.762.115/0001-49;2015-01-01;1;MMX MINERACAO E METALICOS S.A. - EM RECUPERAÇÃO JUDICIAL;017914;FCA;43448;2015-01-13;http://www.rad.cvm.gov.br/ENETCONSULTA/frmDownloadDocumento.aspx?CodigoInstituicao=1&NumeroSequencialDocumento=43448
02.762.115/0001-49;2015-01-01;2;MMX MINERACAO E METALICOS S.A. - EM RECUPERAÇÃO JUDICIAL;017914;FCA;48838;2015-06-29;http://www.rad.cvm.gov.br/ENETCONSULTA/frmDownloadDocumento.aspx?CodigoInstituicao=1&NumeroSequencialDocumento=48838
02.762.115/0001-49;2015-01-01;3;MMX MINERACAO E METALICOS S.A. - EM RECUPERAÇÃO JUDICIAL;017914;FCA;49869;2015-08-13;http://www.rad.cvm.gov.br/ENETCONSULTA/frmDownloadDocumento.aspx?CodigoInstituicao=1&NumeroSequencialDocumento=49869
02.762.121/0001-04;2015-01-01;1;SANTOS BRASIL PARTICIPACOES S.A.;017892;FCA;43566;2015-01-19;http://www.rad.cvm.gov.br/ENETCONSULTA/frmDownloadDocumento.aspx?CodigoInstituicao=1&NumeroSequencialDocumento=43566
02.762.124/0001-30;2015-01-01;1;BETAPART PARTICIPACOES S.A.;017884;FCA;43528;2015-01-16;http://www.rad.cvm.gov.br/ENETCONSULTA/frmDownloadDocumento.aspx?CodigoInstituicao=1&NumeroSequencialDocumento=43528
02.762.124/0001-30;2015-01-01;2;BETAPART PARTICIPACOES S.A.;017884;FCA;43605;2015-01-22;http://www.rad.cvm.gov.br/ENETCONSULTA/frmDownloadDocumento.aspx?CodigoInstituicao=1&NumeroSequencialDocumento=43605
02.773.542/0001-22;2015-01-01;1;OPEA SECURITIZADORA S.A.;018406;FCA;45109;2015-03-19;http://www.rad.cvm.gov.br/ENETCONSULTA/frmDownloadDocumento.aspx?CodigoInstituicao=1&NumeroSequencialDocumento=45109
02.773.542/0001-22;2015-01-01;2;OPEA SECURITIZADORA S.A.;018406;FCA;45110;2015-03-19;http://www.rad.cvm.gov.br/ENETCONSULTA/frmDownloadDocumento.aspx?CodigoInstituicao=1&NumeroSequencialDocumento=45110
02.773.542/0001-22;2015-01-01;3;OPEA SECURITIZADORA S.A.;018406;FCA;47861;2015-05-28;http://www.rad.cvm.gov.br/ENETCONSULTA/frmDownloadDocumento.aspx?CodigoInstituicao=1&NumeroSequencialDocumento=47861
02.783.423/0001-50;2015-01-01;1;ALTERE SECURITIZADORA S.A.;018066;FCA;45547;2015-03-30;http://www.rad.cvm.gov.br/ENETCONSULTA/frmDownloadDocumento.aspx?CodigoInstituicao=1&NumeroSequencialDocumento=45547
02.783.423/0001-50;2015-01-01;2;ALTERE SECURITIZADORA S.A.;018066;FCA;46802;2015-05-11;http://www.rad.cvm.gov.br/ENETCONSULTA/frmDownloadDocumento.aspx?CodigoInstituicao=1&NumeroSequencialDocumento=46802
02.796.775/0001-40;2015-01-01;1;GAMA PARTICIPACOES S.A.;017965;FCA;43537;2015-01-16;http://www.rad.cvm.gov.br/ENETCONSULTA/frmDownloadDocumento.aspx?CodigoInstituicao=1&NumeroSequencialDocumento=43537
02.800.026/0001-40;2015-01-01;1;COGNA EDUCAÇÃO S.A.;017973;FCA;43523;2015-01-16;http://www.rad.cvm.gov.br/ENETCONSULTA/frmDownloadDocumento.aspx?CodigoInstituicao=1&NumeroSequencialDocumento=43523
02.800.026/0001-40;2015-01-01;2;COGNA EDUCAÇÃO S.A.;017973;FCA;44521;2015-03-03;http://www.rad.cvm.gov.br/ENETCONSULTA/frmDownloadDocumento.aspx?CodigoInstituicao=1&NumeroSequencialDocumento=44521
02.800.026/0001-40;2015-01-01;3;COGNA EDUCAÇÃO S.A.;017973;FCA;45087;2015-03-19;http://www.rad.cvm.gov.br/ENETCONSULTA/frmDownloadDocumento.aspx?CodigoInstituicao=1&NumeroSequencialDocumento=45087
02.800.026/0001-40;2015-01-01;4;COGNA EDUCAÇÃO S.A.;017973;FCA;45148;2015-03-23;http://www.rad.cvm.gov.br/ENETCONSULTA/frmDownloadDocumento.aspx?CodigoInstituicao=1&NumeroSequencialDocumento=45148
02.800.026/0001-40;2015-01-01;5;COGNA EDUCAÇÃO S.A.;017973;FCA;46583;2015-05-07;http://www.rad.cvm.gov.br/ENETCONSULTA/frmDownloadDocumento.aspx?CodigoInstituicao=1&NumeroSequencialDocumento=46583
02.808.481/0001-91;2015-01-01;1;AETATIS SECURITIZADORA S.A.;018104;FCA;45160;2015-03-23;http://www.rad.cvm.gov.br/ENETCONSULTA/frmDownloadDocumento.aspx?CodigoInstituicao=1&NumeroSequencialDocumento=45160
02.808.481/0001-91;2015-01-01;2;AETATIS SECURITIZADORA S.A.;018104;FCA;48211;2015-05-29;http://www.rad.cvm.gov.br/ENETCONSULTA/frmDownloadDocumento.aspx?CodigoInstituicao=1&NumeroSequencialDocumento=48211
02.846.056/0001-97;2015-01-01;1;CCR S.A.;018821;FCA;44549;2015-03-03;http://www.rad.cvm.gov.br/ENETCONSULTA/frmDownloadDocumento.aspx?CodigoInstituicao=1&NumeroSequencialDocumento=44549
02.860.694/0001-62;2015-01-01;1;T4F ENTRETENIMENTO S.A.;022454;FCA;43538;2015-01-16;http://www.rad.cvm.gov.br/ENETCONSULTA/frmDownloadDocumento.aspx?CodigoInstituicao=1&NumeroSequencialDocumento=43538
02.860.694/0001-62;2015-01-01;2;T4F ENTRETENIMENTO S.A.;022454;FCA;49531;2015-08-07;http://www.rad.cvm.gov.br/ENETCONSULTA/frmDownloadDocumento.aspx?CodigoInstituicao=1&NumeroSequencialDocumento=49531
02.916.265/0001-60;2015-01-01;1;JBS S.A.;020575;FCA;43555;2015-01-19;http://www.rad.cvm.gov.br/ENETCONSULTA/frmDownloadDocumento.aspx?CodigoInstituicao=1&NumeroSequencialDocumento=43555
02.916.265/0001-60;2015-01-01;2;JBS S.A.;020575;FCA;47701;2015-05-25;http://www.rad.cvm.gov.br/ENETCONSULTA/frmDownloadDocumento.aspx?CodigoInstituicao=1&NumeroSequencialDocumento=47701
02.919.555/0001-67;2015-01-01;1;ARTERIS S.A.;019771;FCA;44338;2015-02-26;http://www.rad.cvm.gov.br/ENETCONSULTA/frmDownloadDocumento.aspx?CodigoInstituicao=1&NumeroSequencialDocumento=44338
02.919.555/0001-67;2015-01-01;2;ARTERIS S.A.;019771;FCA;44713;2015-03-05;http://www.rad.cvm.gov.br/ENETCONSULTA/frmDownloadDocumento.aspx?CodigoInstituicao=1&NumeroSequencialDocumento=44713
02.919.555/0001-67;2015-01-01;3;ARTERIS S.A.;019771;FCA;50555;2015-09-14;http://www.rad.cvm.gov.br/ENETCONSULTA/frmDownloadDocumento.aspx?CodigoInstituicao=1&NumeroSequencialDocumento=50555
02.919.555/0001-67;2015-01-01;4;ARTERIS S.A.;019771;FCA;51183;2015-10-29;http://www.rad.cvm.gov.br/ENETCONSULTA/frmDownloadDocumento.aspx?CodigoInstituicao=1&NumeroSequencialDocumento=51183
02.932.074/0001-91;2015-01-01;1;HYPERA S.A.;021431;FCA;43370;2015-01-08;http://www.rad.cvm.gov.br/ENETCONSULTA/frmDownloadDocumento.aspx?CodigoInstituicao=1&NumeroSequencialDocumento=43370
02.950.811/0001-89;2015-01-01;1;PDG REALTY S.A. EMPREEND E PARTICIPACOES;020478;FCA;43887;2015-02-06;http://www.rad.cvm.gov.br/ENETCONSULTA/frmDownloadDocumento.aspx?CodigoInstituicao=1&NumeroSequencialDocumento=43887
02.950.811/0001-89;2015-01-01;2;PDG REALTY S.A. EMPREEND E PARTICIPACOES;020478;FCA;46153;2015-04-27;http://www.rad.cvm.gov.br/ENETCONSULTA/frmDownloadDocumento.aspx?CodigoInstituicao=1&NumeroSequencialDocumento=46153
02.950.811/0001-89;2015-01-01;3;PDG REALTY S.A. EMPREEND E PARTICIPACOES;020478;FCA;46799;2015-05-11;http://www.rad.cvm.gov.br/ENETCONSULTA/frmDownloadDocumento.aspx?CodigoInstituicao=1&NumeroSequencialDocumento=46799
02.950.811/0001-89;2015-01-01;4;PDG REALTY S.A. EMPREEND E PARTICIPACOES;020478;FCA;48941;2015-07-06;http://www.rad.cvm.gov.br/ENETCONSULTA/frmDownloadDocumento.aspx?CodigoInstituicao=1&NumeroSequencialDocumento=48941
02.950.811/0001-89;2015-01-01;5;PDG REALTY S.A. EMPREEND E PARTICIPACOES;020478;FCA;49304;2015-07-29;http://www.rad.cvm.gov.br/ENETCONSULTA/frmDownloadDocumento.aspx?CodigoInstituicao=1&NumeroSequencialDocumento=49304
02.983.428/0001-27;2015-01-01;1;CEMIG TELECOMUNICAÇÕES S.A.;018716;FCA;43297;2015-01-06;http://www.rad.cvm.gov.br/ENETCONSULTA/frmDownloadDocumento.aspx?CodigoInstituicao=1&NumeroSequencialDocumento=43297
02.983.428/0001-27;2015-01-01;2;CEMIG TELECOMUNICAÇÕES S.A.;018716;FCA;44528;2015-03-03;http://www.rad.cvm.gov.br/ENETCONSULTA/frmDownloadDocumento.aspx?CodigoInstituicao=1&NumeroSequencialDocumento=44528
02.983.428/0001-27;2015-01-01;3;CEMIG TELECOMUNICAÇÕES S.A.;018716;FCA;46774;2015-05-11;http://www.rad.cvm.gov.br/ENETCONSULTA/frmDownloadDocumento.aspx?CodigoInstituicao=1&NumeroSequencialDocumento=46774
02.992.449/0001-09;2015-01-01;1;PROMPT PARTICIPACOES S.A.;018333;FCA;43554;2015-01-19;http://www.rad.cvm.gov.br/ENETCONSULTA/frmDownloadDocumento.aspx?CodigoInstituicao=1&NumeroSequencialDocumento=43554
02.992.449/0001-09;2015-01-01;2;PROMPT PARTICIPACOES S.A.;018333;FCA;45321;2015-03-26;http://www.rad.cvm.gov.br/ENETCONSULTA/frmDownloadDocumento.aspx?CodigoInstituicao=1&NumeroSequencialDocumento=45321
02.998.301/0001-81;2015-01-01;1;RIO PARANAPANEMA ENERGIA S.A.;018368;FCA;44899;2015-03-11;http://www.rad.cvm.gov.br/ENETCONSULTA/frmDownloadDocumento.aspx?CodigoInstituicao=1&NumeroSequencialDocumento=44899
02.998.301/0001-81;2015-01-01;2;RIO PARANAPANEMA ENERGIA S.A.;018368;FCA;46408;2015-05-05;http://www.rad.cvm.gov.br/ENETCONSULTA/frmDownloadDocumento.aspx?CodigoInstituicao=1&NumeroSequencialDocumento=46408
02.998.609/0001-27;2015-01-01;1;AES TIETE SA;018350;FCA;43837;2015-02-05;http://www.rad.cvm.gov.br/ENETCONSULTA/frmDownloadDocumento.aspx?CodigoInstituicao=1&NumeroSequencialDocumento=43837
02.998.609/0001-27;2015-01-01;2;AES TIETE SA;018350;FCA;45807;2015-04-02;http://www.rad.cvm.gov.br/ENETCONSULTA/frmDownloadDocumento.aspx?CodigoInstituicao=1&NumeroSequencialDocumento=45807
02.998.609/0001-27;2015-01-01;3;AES TIETE SA;018350;FCA;51111;2015-10-27;http://www.rad.cvm.gov.br/ENETCONSULTA/frmDownloadDocumento.aspx?CodigoInstituicao=1&NumeroSequencialDocumento=51111
02.998.609/0001-27;2015-01-01;4;AES TIETE SA;018350;FCA;51157;2015-10-28;http://www.rad.cvm.gov.br/ENETCONSULTA/frmDownloadDocumento.aspx?CodigoInstituicao=1&NumeroSequencialDocumento=51157
02.998.609/0001-27;2015-01-01;5;AES TIETE SA;018350;FCA;51338;2015-11-05;http://www.rad.cvm.gov.br/ENETCONSULTA/frmDownloadDocumento.aspx?CodigoInstituicao=1&NumeroSequencialDocumento=51338
02.998.609/0001-27;2015-01-01;6;AES TIETE SA;018350;FCA;51345;2015-11-05;http://www.rad.cvm.gov.br/ENETCONSULTA/frmDownloadDocumento.aspx?CodigoInstituicao=1&NumeroSequencialDocumento=51345
02.998.609/0001-27;2015-01-01;7;AES TIETE SA;018350;FCA;51481;2015-11-10;http://www.rad.cvm.gov.br/ENETCONSULTA/frmDownloadDocumento.aspx?CodigoInstituicao=1&NumeroSequencialDocumento=51481
02.998.609/0001-27;2015-01-01;8;AES TIETE SA;018350;FCA;51485;2015-11-10;http://www.rad.cvm.gov.br/ENETCONSULTA/frmDownloadDocumento.aspx?CodigoInstituicao=1&NumeroSequencialDocumento=51485
02.998.611/0001-04;2015-01-01;1;CTEEP - CIA TRANSMISSÃO ENERGIA ELÉTRICA PAULISTA;018376;FCA;44326;2015-02-26;http://www.rad.cvm.gov.br/ENETCONSULTA/frmDownloadDocumento.aspx?CodigoInstituicao=1&NumeroSequencialDocumento=44326
03.014.553/0001-91;2015-01-01;1;TPI - TRIUNFO PARTICIP. E INVEST. S.A.;019330;FCA;43985;2015-02-10;http://www.rad.cvm.gov.br/ENETCONSULTA/frmDownloadDocumento.aspx?CodigoInstituicao=1&NumeroSequencialDocumento=43985
03.014.553/0001-91;2015-01-01;2;TPI - TRIUNFO PARTICIP. E INVEST. S.A.;019330;FCA;48721;2015-06-18;http://www.rad.cvm.gov.br/ENETCONSULTA/frmDownloadDocumento.aspx?CodigoInstituicao=1&NumeroSequencialDocumento=48721
03.014.553/0001-91;2015-01-01;3;TPI - TRIUNFO PARTICIP. E INVEST. S.A.;019330;FCA;52094;2015-11-18;http://www.rad.cvm.gov.br/ENETCONSULTA/frmDownloadDocumento.aspx?CodigoInstituicao=1&NumeroSequencialDocumento=52094
03.025.305/0001-46;2015-01-01;1;RODOVIAS DAS COLINAS S.A.;023167;FCA;45063;2015-03-18;http://www.rad.cvm.gov.br/ENETCONSULTA/frmDownloadDocumento.aspx?CodigoInstituicao=1&NumeroSequencialDocumento=45063
03.025.305/0001-46;2015-01-01;2;RODOVIAS DAS COLINAS S.A.;023167;FCA;47531;2015-05-18;http://www.rad.cvm.gov.br/ENETCONSULTA/frmDownloadDocumento.aspx?CodigoInstituicao=1&NumeroSequencialDocumento=47531
03.025.305/0001-46;2015-01-01;3;RODOVIAS DAS COLINAS S.A.;023167;FCA;47539;2015-05-18;http://www.rad.cvm.gov.br/ENETCONSULTA/frmDownloadDocumento.aspx?CodigoInstituicao=1&NumeroSequencialDocumento=47539
03.025.305/0001-46;2015-01-01;4;RODOVIAS DAS COLINAS S.A.;023167;FCA;47544;2015-05-18;http://www.rad.cvm.gov.br/ENETCONSULTA/frmDownloadDocumento.aspx?CodigoInstituicao=1&NumeroSequencialDocumento=47544
03.025.305/0001-46;2015-01-01;5;RODOVIAS DAS COLINAS S.A.;023167;FCA;48270;2015-05-29;http://www.rad.cvm.gov.br/ENETCONSULTA/frmDownloadDocumento.aspx?CodigoInstituicao=1&NumeroSequencialDocumento=48270
03.052.673/0001-83;2015-01-01;1;ELETRONET S/A;018740;FCA;47350;2015-05-15;http://www.rad.cvm.gov.br/ENETCONSULTA/frmDownloadDocumento.aspx?CodigoInstituicao=1&NumeroSequencialDocumento=47350
03.207.703/0001-83;2015-01-01;1;CONCESSIONARIA DE RODOVIAS DO INTERIOR PAULISTA S/A;021849;FCA;44348;2015-02-26;http://www.rad.cvm.gov.br/ENETCONSULTA/frmDownloadDocumento.aspx?CodigoInstituicao=1&NumeroSequencialDocumento=44348
03.207.703/0001-83;2015-01-01;2;CONCESSIONARIA DE RODOVIAS DO INTERIOR PAULISTA S/A;021849;FCA;44792;2015-03-05;http://www.rad.cvm.gov.br/ENETCONSULTA/frmDownloadDocumento.aspx?CodigoInstituicao=1&NumeroSequencialDocumento=44792
03.207.703/0001-83;2015-01-01;3;CONCESSIONARIA DE RODOVIAS DO INTERIOR PAULISTA S/A;021849;FCA;50572;2015-09-15;http://www.rad.cvm.gov.br/ENETCONSULTA/frmDownloadDocumento.aspx?CodigoInstituicao=1&NumeroSequencialDocumento=50572
03.220.438/0001-73;2015-01-01;1;EQUATORIAL ENERGIA S.A.;020010;FCA;43511;2015-01-15;http://www.rad.cvm.gov.br/ENETCONSULTA/frmDownloadDocumento.aspx?CodigoInstituicao=1&NumeroSequencialDocumento=43511
03.220.438/0001-73;2015-01-01;2;EQUATORIAL ENERGIA S.A.;020010;FCA;48231;2015-05-29;http://www.rad.cvm.gov.br/ENETCONSULTA/frmDownloadDocumento.aspx?CodigoInstituicao=1&NumeroSequencialDocumento=48231
03.303.999/0001-36;2015-01-01;1;DTCOM - DIRECT TO COMPANY S.A.;018597;FCA;43584;2015-01-21;http://www.rad.cvm.gov.br/ENETCONSULTA/frmDownloadDocumento.aspx?CodigoInstituicao=1&NumeroSequencialDocumento=43584
03.303.999/0001-36;2015-01-01;2;DTCOM - DIRECT TO COMPANY S.A.;018597;FCA;47781;2015-05-27;http://www.rad.cvm.gov.br/ENETCONSULTA/frmDownloadDocumento.aspx?CodigoInstituicao=1&NumeroSequencialDocumento=47781
03.378.521/0001-75;2015-01-01;1;LIGHT S.A. - EM RECUPERAÇÃO JUDICIAL;019879;FCA;43458;2015-01-13;http://www.rad.cvm.gov.br/ENETCONSULTA/frmDownloadDocumento.aspx?CodigoInstituicao=1&NumeroSequencialDocumento=43458
03.467.321/0001-99;2015-01-01;1;ENERGISA MATO GROSSO-DISTRIBUIDORA DE ENERGIA S/A;014605;FCA;43721;2015-02-02;http://www.rad.cvm.gov.br/ENETCONSULTA/frmDownloadDocumento.aspx?CodigoInstituicao=1&NumeroSequencialDocumento=43721
03.467.321/0001-99;2015-01-01;2;ENERGISA MATO GROSSO-DISTRIBUIDORA DE ENERGIA S/A;014605;FCA;43752;2015-02-03;http://www.rad.cvm.gov.br/ENETCONSULTA/frmDownloadDocumento.aspx?CodigoInstituicao=1&NumeroSequencialDocumento=43752
03.467.321/0001-99;2015-01-01;3;ENERGISA MATO GROSSO-DISTRIBUIDORA DE ENERGIA S/A;014605;FCA;46375;2015-05-05;http://www.rad.cvm.gov.br/ENETCONSULTA/frmDownloadDocumento.aspx?CodigoInstituicao=1&NumeroSequencialDocumento=46375
03.467.321/0001-99;2015-01-01;4;ENERGISA MATO GROSSO-DISTRIBUIDORA DE ENERGIA S/A;014605;FCA;49148;2015-07-21;http://www.rad.cvm.gov.br/ENETCONSULTA/frmDownloadDocumento.aspx?CodigoInstituicao=1&NumeroSequencialDocumento=49148
03.538.833/0001-07;2015-01-01;1;XX DE NOVEMBRO INVESTIMENTOS E PARTICIPAÇÕES S.A.;020001;FCA;43553;2015-01-19;http://www.rad.cvm.gov.br/ENETCONSULTA/frmDownloadDocumento.aspx?CodigoInstituicao=1&NumeroSequencialDocumento=43553
03.538.833/0001-07;2015-01-01;2;XX DE NOVEMBRO INVESTIMENTOS E PARTICIPAÇÕES S.A.;020001;FCA;46648;2015-05-08;http://www.rad.cvm.gov.br/ENETCONSULTA/frmDownloadDocumento.aspx?CodigoInstituicao=1&NumeroSequencialDocumento=46648
03.559.006/0001-91;2015-01-01;1;RB CAPITAL SECURITIZADORA S.A.;019860;FCA;43774;2015-02-03;http://www.rad.cvm.gov.br/ENETCONSULTA/frmDownloadDocumento.aspx?CodigoInstituicao=1&NumeroSequencialDocumento=43774
03.559.006/0001-91;2015-01-01;2;RB CAPITAL SECURITIZADORA S.A.;019860;FCA;44458;2015-03-02;http://www.rad.cvm.gov.br/ENETCONSULTA/frmDownloadDocumento.aspx?CodigoInstituicao=1&NumeroSequencialDocumento=44458
03.559.006/0001-91;2015-01-01;3;RB CAPITAL SECURITIZADORA S.A.;019860;FCA;47875;2015-05-28;http://www.rad.cvm.gov.br/ENETCONSULTA/frmDownloadDocumento.aspx?CodigoInstituicao=1&NumeroSequencialDocumento=47875
03.601.314/0001-38;2015-01-01;1;ANDRADE GUTIERREZ CONCESSOES S.A.;019437;FCA;45705;2015-03-31;http://www.rad.cvm.gov.br/ENETCONSULTA/frmDownloadDocumento.aspx?CodigoInstituicao=1&NumeroSequencialDocumento=45705
03.601.314/0001-38;2015-01-01;2;ANDRADE GUTIERREZ CONCESSOES S.A.;019437;FCA;48264;2015-05-29;http://www.rad.cvm.gov.br/ENETCONSULTA/frmDownloadDocumento.aspx?CodigoInstituicao=1&NumeroSequencialDocumento=48264
03.758.318/0001-24;2015-01-01;1;INVESTIMENTOS E PARTICIP. EM INFRA S.A. - INVEPAR;018775;FCA;43341;2015-01-07;http://www.rad.cvm.gov.br/ENETCONSULTA/frmDownloadDocumento.aspx?CodigoInstituicao=1&NumeroSequencialDocumento=43341
03.758.318/0001-24;2015-01-01;2;INVESTIMENTOS E PARTICIP. EM INFRA S.A. - INVEPAR;018775;FCA;47234;2015-05-14;http://www.rad.cvm.gov.br/ENETCONSULTA/frmDownloadDocumento.aspx?CodigoInstituicao=1&NumeroSequencialDocumento=47234
03.758.318/0001-24;2015-01-01;3;INVESTIMENTOS E PARTICIP. EM INFRA S.A. - INVEPAR;018775;FCA;51620;2015-11-12;http://www.rad.cvm.gov.br/ENETCONSULTA/frmDownloadDocumento.aspx?CodigoInstituicao=1&NumeroSequencialDocumento=51620
03.767.538/0001-14;2015-01-01;1;BRAZILIAN SECURITIES CIA SECURITIZACAO;018759;FCA;43308;2015-01-06;http://www.rad.cvm.gov.br/ENETCONSULTA/frmDownloadDocumento.aspx?CodigoInstituicao=1&NumeroSequencialDocumento=43308
03.767.538/0001-14;2015-01-01;2;BRAZILIAN SECURITIES CIA SECURITIZACAO;018759;FCA;48019;2015-05-29;http://www.rad.cvm.gov.br/ENETCONSULTA/frmDownloadDocumento.aspx?CodigoInstituicao=1&NumeroSequencialDocumento=48019
03.767.538/0001-14;2015-01-01;3;BRAZILIAN SECURITIES CIA SECURITIZACAO;018759;FCA;49045;2015-07-13;http://www.rad.cvm.gov.br/ENETCONSULTA/frmDownloadDocumento.aspx?CodigoInstituicao=1&NumeroSequencialDocumento=49045
03.767.538/0001-14;2015-01-01;4;BRAZILIAN SECURITIES CIA SECURITIZACAO;018759;FCA;50382;2015-08-26;http://www.rad.cvm.gov.br/ENETCONSULTA/frmDownloadDocumento.aspx?CodigoInstituicao=1&NumeroSequencialDocumento=50382
03.795.050/0001-09;2015-01-01;1;TERMOPERNAMBUCO S.A.;019852;FCA;44277;2015-02-25;http://www.rad.cvm.gov.br/ENETCONSULTA/frmDownloadDocumento.aspx?CodigoInstituicao=1&NumeroSequencialDocumento=44277
03.795.050/0001-09;2015-01-01;2;TERMOPERNAMBUCO S.A.;019852;FCA;48627;2015-06-15;http://www.rad.cvm.gov.br/ENETCONSULTA/frmDownloadDocumento.aspx?CodigoInstituicao=1&NumeroSequencialDocumento=48627
03.795.050/0001-09;2015-01-01;3;TERMOPERNAMBUCO S.A.;019852;FCA;48852;2015-06-29;http://www.rad.cvm.gov.br/ENETCONSULTA/frmDownloadDocumento.aspx?CodigoInstituicao=1&NumeroSequencialDocumento=48852
03.795.050/0001-09;2015-01-01;4;TERMOPERNAMBUCO S.A.;019852;FCA;49004;2015-07-09;http://www.rad.cvm.gov.br/ENETCONSULTA/frmDownloadDocumento.aspx?CodigoInstituicao=1&NumeroSequencialDocumento=49004
03.795.050/0001-09;2015-01-01;5;TERMOPERNAMBUCO S.A.;019852;FCA;49031;2015-07-10;http://www.rad.cvm.gov.br/ENETCONSULTA/frmDownloadDocumento.aspx?CodigoInstituicao=1&NumeroSequencialDocumento=49031
03.795.050/0001-09;2015-01-01;6;TERMOPERNAMBUCO S.A.;019852;FCA;50670;2015-09-23;http://www.rad.cvm.gov.br/ENETCONSULTA/frmDownloadDocumento.aspx?CodigoInstituicao=1&NumeroSequencialDocumento=50670
03.847.461/0001-92;2015-01-01;1;BRADESPAR S.A.;018724;FCA;45076;2015-03-19;http://www.rad.cvm.gov.br/ENETCONSULTA/frmDownloadDocumento.aspx?CodigoInstituicao=1&NumeroSequencialDocumento=45076
03.847.461/0001-92;2015-01-01;2;BRADESPAR S.A.;018724;FCA;46204;2015-04-29;http://www.rad.cvm.gov.br/ENETCONSULTA/frmDownloadDocumento.aspx?CodigoInstituicao=1&NumeroSequencialDocumento=46204
03.847.461/0001-92;2015-01-01;3;BRADESPAR S.A.;018724;FCA;47704;2015-05-25;http://www.rad.cvm.gov.br/ENETCONSULTA/frmDownloadDocumento.aspx?CodigoInstituicao=1&NumeroSequencialDocumento=47704
03.847.461/0001-92;2015-01-01;4;BRADESPAR S.A.;018724;FCA;51214;2015-10-30;http://www.rad.cvm.gov.br/ENETCONSULTA/frmDownloadDocumento.aspx?CodigoInstituicao=1&NumeroSequencialDocumento=51214
03.853.896/0001-40;2015-01-01;1;MARFRIG GLOBAL FOODS S.A.;020788;FCA;44257;2015-02-25;http://www.rad.cvm.gov.br/ENETCONSULTA/frmDownloadDocumento.aspx?CodigoInstituicao=1&NumeroSequencialDocumento=44257
03.853.896/0001-40;2015-01-01;2;MARFRIG GLOBAL FOODS S.A.;020788;FCA;45761;2015-04-01;http://www.rad.cvm.gov.br/ENETCONSULTA/frmDownloadDocumento.aspx?CodigoInstituicao=1&NumeroSequencialDocumento=45761
03.853.896/0001-40;2015-01-01;3;MARFRIG GLOBAL FOODS S.A.;020788;FCA;48214;2015-05-29;http://www.rad.cvm.gov.br/ENETCONSULTA/frmDownloadDocumento.aspx?CodigoInstituicao=1&NumeroSequencialDocumento=48214
03.870.455/0005-80;2015-01-01;1;FORNO DE MINAS ALIMENTOS S.A.;023736;FCA;50979;2015-10-19;http://www.rad.cvm.gov.br/ENETCONSULTA/frmDownloadDocumento.aspx?CodigoInstituicao=1&NumeroSequencialDocumento=50979
03.953.509/0001-47;2015-01-01;1;CPFL GERACAO DE ENERGIA S.A.;018953;FCA;45285;2015-03-26;http://www.rad.cvm.gov.br/ENETCONSULTA/frmDownloadDocumento.aspx?CodigoInstituicao=1&NumeroSequencialDocumento=45285
03.953.509/0001-47;2015-01-01;2;CPFL GERACAO DE ENERGIA S.A.;018953;FCA;46307;2015-05-04;http://www.rad.cvm.gov.br/ENETCONSULTA/frmDownloadDocumento.aspx?CodigoInstituicao=1&NumeroSequencialDocumento=46307
03.953.509/0001-47;2015-01-01;3;CPFL GERACAO DE ENERGIA S.A.;018953;FCA;47638;2015-05-21;http://www.rad.cvm.gov.br/ENETCONSULTA/frmDownloadDocumento.aspx?CodigoInstituicao=1&NumeroSequencialDocumento=47638
03.953.509/0001-47;2015-01-01;4;CPFL GERACAO DE ENERGIA S.A.;018953;FCA;52274;2015-12-02;http://www.rad.cvm.gov.br/ENETCONSULTA/frmDownloadDocumento.aspx?CodigoInstituicao=1&NumeroSequencialDocumento=52274
03.983.431/0001-03;2015-01-01;1;EDP - ENERGIAS DO BRASIL S.A.;019763;FCA;44410;2015-02-28;http://www.rad.cvm.gov.br/ENETCONSULTA/frmDownloadDocumento.aspx?CodigoInstituicao=1&NumeroSequencialDocumento=44410
03.983.431/0001-03;2015-01-01;2;EDP - ENERGIAS DO BRASIL S.A.;019763;FCA;45952;2015-04-13;http://www.rad.cvm.gov.br/ENETCONSULTA/frmDownloadDocumento.aspx?CodigoInstituicao=1&NumeroSequencialDocumento=45952
03.983.431/0001-03;2015-01-01;3;EDP - ENERGIAS DO BRASIL S.A.;019763;FCA;48054;2015-05-29;http://www.rad.cvm.gov.br/ENETCONSULTA/frmDownloadDocumento.aspx?CodigoInstituicao=1&NumeroSequencialDocumento=48054
03.983.431/0001-03;2015-01-01;4;EDP - ENERGIAS DO BRASIL S.A.;019763;FCA;49455;2015-08-05;http://www.rad.cvm.gov.br/ENETCONSULTA/frmDownloadDocumento.aspx?CodigoInstituicao=1&NumeroSequencialDocumento=49455
04.030.182/0001-02;2015-01-01;1;CABINDA PARTICIPACOES S.A.;019119;FCA;45448;2015-03-27;http://www.rad.cvm.gov.br/ENETCONSULTA/frmDownloadDocumento.aspx?CodigoInstituicao=1&NumeroSequencialDocumento=45448
04.030.182/0001-02;2015-01-01;2;CABINDA PARTICIPACOES S.A.;019119;FCA;46983;2015-05-12;http://www.rad.cvm.gov.br/ENETCONSULTA/frmDownloadDocumento.aspx?CodigoInstituicao=1&NumeroSequencialDocumento=46983
04.031.213/0001-31;2015-01-01;1;CACONDE PARTICIPACOES S.A.;019135;FCA;45451;2015-03-27;http://www.rad.cvm.gov.br/ENETCONSULTA/frmDownloadDocumento.aspx?CodigoInstituicao=1&NumeroSequencialDocumento=45451
04.031.213/0001-31;2015-01-01;2;CACONDE PARTICIPACOES S.A.;019135;FCA;46998;2015-05-12;http://www.rad.cvm.gov.br/ENETCONSULTA/frmDownloadDocumento.aspx?CodigoInstituicao=1&NumeroSequencialDocumento=46998
04.031.960/0001-70;2015-01-01;1;ANDRADE GUTIERREZ PARTICIPACOES S.A.;019062;FCA;45716;2015-03-31;http://www.rad.cvm.gov.br/ENETCONSULTA/frmDownloadDocumento.aspx?CodigoInstituicao=1&NumeroSequencialDocumento=45716
04.031.960/0001-70;2015-01-01;2;ANDRADE GUTIERREZ PARTICIPACOES S.A.;019062;FCA;48377;2015-05-29;http://www.rad.cvm.gov.br/ENETCONSULTA/frmDownloadDocumento.aspx?CodigoInstituicao=1&NumeroSequencialDocumento=48377
04.032.433/0001-80;2015-01-01;1;ATMA PARTICIPAÇÕES S.A. - EM RECUPERAÇÃO JUDICIAL;019100;FCA;44787;2015-03-05;http://www.rad.cvm.gov.br/ENETCONSULTA/frmDownloadDocumento.aspx?CodigoInstituicao=1&NumeroSequencialDocumento=44787
04.032.433/0001-80;2015-01-01;2;ATMA PARTICIPAÇÕES S.A. - EM RECUPERAÇÃO JUDICIAL;019100;FCA;46963;2015-05-12;http://www.rad.cvm.gov.br/ENETCONSULTA/frmDownloadDocumento.aspx?CodigoInstituicao=1&NumeroSequencialDocumento=46963
04.032.433/0001-80;2015-01-01;3;ATMA PARTICIPAÇÕES S.A. - EM RECUPERAÇÃO JUDICIAL;019100;FCA;49095;2015-07-16;http://www.rad.cvm.gov.br/ENETCONSULTA/frmDownloadDocumento.aspx?CodigoInstituicao=1&NumeroSequencialDocumento=49095
04.032.433/0001-80;2015-01-01;4;ATMA PARTICIPAÇÕES S.A. - EM RECUPERAÇÃO JUDICIAL;019100;FCA;52226;2015-11-27;http://www.rad.cvm.gov.br/ENETCONSULTA/frmDownloadDocumento.aspx?CodigoInstituicao=1&NumeroSequencialDocumento=52226
04.034.792/0001-76;2015-01-01;1;DOMMO EMPREENDIMENTOS IMOBILIÁRIOS S.A;019070;FCA;43430;2015-01-12;http://www.rad.cvm.gov.br/ENETCONSULTA/frmDownloadDocumento.aspx?CodigoInstituicao=1&NumeroSequencialDocumento=43430
04.034.792/0001-76;2015-01-01;2;DOMMO EMPREENDIMENTOS IMOBILIÁRIOS S.A;019070;FCA;46842;2015-05-11;http://www.rad.cvm.gov.br/ENETCONSULTA/frmDownloadDocumento.aspx?CodigoInstituicao=1&NumeroSequencialDocumento=46842
04.034.792/0001-76;2015-01-01;3;DOMMO EMPREENDIMENTOS IMOBILIÁRIOS S.A;019070;FCA;48010;2015-05-29;http://www.rad.cvm.gov.br/ENETCONSULTA/frmDownloadDocumento.aspx?CodigoInstituicao=1&NumeroSequencialDocumento=48010
04.034.792/0001-76;2015-01-01;4;DOMMO EMPREENDIMENTOS IMOBILIÁRIOS S.A;019070;FCA;49483;2015-08-05;http://www.rad.cvm.gov.br/ENETCONSULTA/frmDownloadDocumento.aspx?CodigoInstituicao=1&NumeroSequencialDocumento=49483
04.034.792/0001-76;2015-01-01;5;DOMMO EMPREENDIMENTOS IMOBILIÁRIOS S.A;019070;FCA;52223;2015-11-27;http://www.rad.cvm.gov.br/ENETCONSULTA/frmDownloadDocumento.aspx?CodigoInstituicao=1&NumeroSequencialDocumento=52223
04.038.763/0001-82;2015-01-01;1;CAIANDA PARTICIPACOES S.A.;019097;FCA;45443;2015-03-27;http://www.rad.cvm.gov.br/ENETCONSULTA/frmDownloadDocumento.aspx?CodigoInstituicao=1&NumeroSequencialDocumento=45443
04.038.763/0001-82;2015-01-01;2;CAIANDA PARTICIPACOES S.A.;019097;FCA;46939;2015-05-12;http://www.rad.cvm.gov.br/ENETCONSULTA/frmDownloadDocumento.aspx?CodigoInstituicao=1&NumeroSequencialDocumento=46939
04.065.791/0001-99;2015-01-01;1;SINQIA S.A.;022799;FCA;45061;2015-03-18;http://www.rad.cvm.gov.br/ENETCONSULTA/frmDownloadDocumento.aspx?CodigoInstituicao=1&NumeroSequencialDocumento=45061
04.065.791/0001-99;2015-01-01;2;SINQIA S.A.;022799;FCA;45817;2015-04-06;http://www.rad.cvm.gov.br/ENETCONSULTA/frmDownloadDocumento.aspx?CodigoInstituicao=1&NumeroSequencialDocumento=45817
04.065.791/0001-99;2015-01-01;3;SINQIA S.A.;022799;FCA;46466;2015-05-06;http://www.rad.cvm.gov.br/ENETCONSULTA/frmDownloadDocumento.aspx?CodigoInstituicao=1&NumeroSequencialDocumento=46466
04.065.791/0001-99;2015-01-01;4;SINQIA S.A.;022799;FCA;50228;2015-08-17;http://www.rad.cvm.gov.br/ENETCONSULTA/frmDownloadDocumento.aspx?CodigoInstituicao=1&NumeroSequencialDocumento=50228
04.089.570/0001-50;2015-01-01;1;ÁGUAS GUARIROBA S.A;023442;FCA;43590;2015-01-21;http://www.rad.cvm.gov.br/ENETCONSULTA/frmDownloadDocumento.aspx?CodigoInstituicao=1&NumeroSequencialDocumento=43590
04.128.563/0001-10;2015-01-01;1;AES TIETE ENERGIA SA;018970;FCA;43848;2015-02-06;http://www.rad.cvm.gov.br/ENETCONSULTA/frmDownloadDocumento.aspx?CodigoInstituicao=1&NumeroSequencialDocumento=43848
04.128.563/0001-10;2015-01-01;2;AES TIETE ENERGIA SA;018970;FCA;45808;2015-04-02;http://www.rad.cvm.gov.br/ENETCONSULTA/frmDownloadDocumento.aspx?CodigoInstituicao=1&NumeroSequencialDocumento=45808
04.128.563/0001-10;2015-01-01;3;AES TIETE ENERGIA SA;018970;FCA;52571;2015-12-23;http://www.rad.cvm.gov.br/ENETCONSULTA/frmDownloadDocumento.aspx?CodigoInstituicao=1&NumeroSequencialDocumento=52571
04.149.454/0001-80;2015-01-01;1;ECORODOVIAS INFRAESTRUTURA E LOGÍSTICA S.A.;019453;FCA;43398;2015-01-09;http://www.rad.cvm.gov.br/ENETCONSULTA/frmDownloadDocumento.aspx?CodigoInstituicao=1&NumeroSequencialDocumento=43398
04.149.454/0001-80;2015-01-01;2;ECORODOVIAS INFRAESTRUTURA E LOGÍSTICA S.A.;019453;FCA;48213;2015-05-29;http://www.rad.cvm.gov.br/ENETCONSULTA/frmDownloadDocumento.aspx?CodigoInstituicao=1&NumeroSequencialDocumento=48213
04.149.454/0001-80;2015-01-01;3;ECORODOVIAS INFRAESTRUTURA E LOGÍSTICA S.A.;019453;FCA;52585;2015-12-23;http://www.rad.cvm.gov.br/ENETCONSULTA/frmDownloadDocumento.aspx?CodigoInstituicao=1&NumeroSequencialDocumento=52585
04.172.213/0001-51;2015-01-01;1;CIA PIRATININGA DE FORCA E LUZ;019275;FCA;45272;2015-03-26;http://www.rad.cvm.gov.br/ENETCONSULTA/frmDownloadDocumento.aspx?CodigoInstituicao=1&NumeroSequencialDocumento=45272
04.172.213/0001-51;2015-01-01;2;CIA PIRATININGA DE FORCA E LUZ;019275;FCA;46311;2015-05-04;http://www.rad.cvm.gov.br/ENETCONSULTA/frmDownloadDocumento.aspx?CodigoInstituicao=1&NumeroSequencialDocumento=46311
04.172.213/0001-51;2015-01-01;3;CIA PIRATININGA DE FORCA E LUZ;019275;FCA;47640;2015-05-21;http://www.rad.cvm.gov.br/ENETCONSULTA/frmDownloadDocumento.aspx?CodigoInstituicao=1&NumeroSequencialDocumento=47640
04.172.213/0001-51;2015-01-01;4;CIA PIRATININGA DE FORCA E LUZ;019275;FCA;52276;2015-12-02;http://www.rad.cvm.gov.br/ENETCONSULTA/frmDownloadDocumento.aspx?CodigoInstituicao=1&NumeroSequencialDocumento=52276
04.200.649/0001-07;2015-01-01;1;COMPANHIA PROVINCIA DE SECURITIZACAO;019429;FCA;45245;2015-03-25;http://www.rad.cvm.gov.br/ENETCONSULTA/frmDownloadDocumento.aspx?CodigoInstituicao=1&NumeroSequencialDocumento=45245
04.200.649/0001-07;2015-01-01;2;COMPANHIA PROVINCIA DE SECURITIZACAO;019429;FCA;46306;2015-05-04;http://www.rad.cvm.gov.br/ENETCONSULTA/frmDownloadDocumento.aspx?CodigoInstituicao=1&NumeroSequencialDocumento=46306
04.370.082/0001-17;2015-01-01;1;BRPR 53 SECURITIZADORA DE CRÉDITOS IMOBILIÁRIOS S.A.;019380;FCA;43923;2015-02-09;http://www.rad.cvm.gov.br/ENETCONSULTA/frmDownloadDocumento.aspx?CodigoInstituicao=1&NumeroSequencialDocumento=43923
04.370.082/0001-17;2015-01-01;2;BRPR 53 SECURITIZADORA DE CRÉDITOS IMOBILIÁRIOS S.A.;019380;FCA;48443;2015-06-01;http://www.rad.cvm.gov.br/ENETCONSULTA/frmDownloadDocumento.aspx?CodigoInstituicao=1&NumeroSequencialDocumento=48443
04.370.082/0001-17;2015-01-01;3;BRPR 53 SECURITIZADORA DE CRÉDITOS IMOBILIÁRIOS S.A.;019380;FCA;50227;2015-08-17;http://www.rad.cvm.gov.br/ENETCONSULTA/frmDownloadDocumento.aspx?CodigoInstituicao=1&NumeroSequencialDocumento=50227
04.370.450/0001-27;2015-01-01;1;REC SÃO BERNARDO SECURITIZADORA DE CRÉDITOS IMOBILIÁRIOS S.A;019356;FCA;43922;2015-02-09;http://www.rad.cvm.gov.br/ENETCONSULTA/frmDownloadDocumento.aspx?CodigoInstituicao=1&NumeroSequencialDocumento=43922
04.370.450/0001-27;2015-01-01;2;REC SÃO BERNARDO SECURITIZADORA DE CRÉDITOS IMOBILIÁRIOS S.A;019356;FCA;48435;2015-06-01;http://www.rad.cvm.gov.br/ENETCONSULTA/frmDownloadDocumento.aspx?CodigoInstituicao=1&NumeroSequencialDocumento=48435
04.370.450/0001-27;2015-01-01;3;REC SÃO BERNARDO SECURITIZADORA DE CRÉDITOS IMOBILIÁRIOS S.A;019356;FCA;50084;2015-08-14;http://www.rad.cvm.gov.br/ENETCONSULTA/frmDownloadDocumento.aspx?CodigoInstituicao=1&NumeroSequencialDocumento=50084
04.423.567/0001-21;2015-01-01;1;ENEVA S.A;021237;FCA;43422;2015-01-12;http://www.rad.cvm.gov.br/ENETCONSULTA/frmDownloadDocumento.aspx?CodigoInstituicao=1&NumeroSequencialDocumento=43422
04.423.567/0001-21;2015-01-01;2;ENEVA S.A;021237;FCA;47979;2015-05-29;http://www.rad.cvm.gov.br/ENETCONSULTA/frmDownloadDocumento.aspx?CodigoInstituicao=1&NumeroSequencialDocumento=47979
04.423.567/0001-21;2015-01-01;3;ENEVA S.A;021237;FCA;48715;2015-06-18;http://www.rad.cvm.gov.br/ENETCONSULTA/frmDownloadDocumento.aspx?CodigoInstituicao=1&NumeroSequencialDocumento=48715
04.423.567/0001-21;2015-01-01;4;ENEVA S.A;021237;FCA;48745;2015-06-19;http://www.rad.cvm.gov.br/ENETCONSULTA/frmDownloadDocumento.aspx?CodigoInstituicao=1&NumeroSequencialDocumento=48745
04.423.567/0001-21;2015-01-01;5;ENEVA S.A;021237;FCA;52501;2015-12-17;http://www.rad.cvm.gov.br/ENETCONSULTA/frmDownloadDocumento.aspx?CodigoInstituicao=1&NumeroSequencialDocumento=52501
04.437.534/0001-30;2015-01-01;1;LOCAMÉRICA RENT-A-CAR S.A.;021555;FCA;44727;2015-03-05;http://www.rad.cvm.gov.br/ENETCONSULTA/frmDownloadDocumento.aspx?CodigoInstituicao=1&NumeroSequencialDocumento=44727
04.437.534/0001-30;2015-01-01;2;LOCAMÉRICA RENT-A-CAR S.A.;021555;FCA;47613;2015-05-20;http://www.rad.cvm.gov.br/ENETCONSULTA/frmDownloadDocumento.aspx?CodigoInstituicao=1&NumeroSequencialDocumento=47613
04.437.534/0001-30;2015-01-01;3;LOCAMÉRICA RENT-A-CAR S.A.;021555;FCA;50457;2015-09-02;http://www.rad.cvm.gov.br/ENETCONSULTA/frmDownloadDocumento.aspx?CodigoInstituicao=1&NumeroSequencialDocumento=50457
04.437.534/0001-30;2015-01-01;4;LOCAMÉRICA RENT-A-CAR S.A.;021555;FCA;51314;2015-11-05;http://www.rad.cvm.gov.br/ENETCONSULTA/frmDownloadDocumento.aspx?CodigoInstituicao=1&NumeroSequencialDocumento=51314
04.437.534/0001-30;2015-01-01;5;LOCAMÉRICA RENT-A-CAR S.A.;021555;FCA;52543;2015-12-21;http://www.rad.cvm.gov.br/ENETCONSULTA/frmDownloadDocumento.aspx?CodigoInstituicao=1&NumeroSequencialDocumento=52543
04.437.534/0001-30;2015-01-01;6;LOCAMÉRICA RENT-A-CAR S.A.;021555;FCA;52613;2015-12-28;http://www.rad.cvm.gov.br/ENETCONSULTA/frmDownloadDocumento.aspx?CodigoInstituicao=1&NumeroSequencialDocumento=52613
04.634.250/0001-34;2015-01-01;1;NOVA ACAO PARTICIPACOES S.A.;019224;FCA;44527;2015-03-03;http://www.rad.cvm.gov.br/ENETCONSULTA/frmDownloadDocumento.aspx?CodigoInstituicao=1&NumeroSequencialDocumento=44527
04.634.250/0001-34;2015-01-01;2;NOVA ACAO PARTICIPACOES S.A.;019224;FCA;47106;2015-05-14;http://www.rad.cvm.gov.br/ENETCONSULTA/frmDownloadDocumento.aspx?CodigoInstituicao=1&NumeroSequencialDocumento=47106
04.752.991/0001-10;2015-01-01;1;BIOMM S.A.;019305;FCA;44800;2015-03-05;http://www.rad.cvm.gov.br/ENETCONSULTA/frmDownloadDocumento.aspx?CodigoInstituicao=1&NumeroSequencialDocumento=44800
04.752.991/0001-10;2015-01-01;2;BIOMM S.A.;019305;FCA;50436;2015-09-01;http://www.rad.cvm.gov.br/ENETCONSULTA/frmDownloadDocumento.aspx?CodigoInstituicao=1&NumeroSequencialDocumento=50436
04.781.143/0001-39;2015-01-01;1;BAESA-ENERGETICA BARRA GRANDE SA;019607;FCA;44220;2015-02-24;http://www.rad.cvm.gov.br/ENETCONSULTA/frmDownloadDocumento.aspx?CodigoInstituicao=1&NumeroSequencialDocumento=44220
04.781.143/0001-39;2015-01-01;2;BAESA-ENERGETICA BARRA GRANDE SA;019607;FCA;47665;2015-05-22;http://www.rad.cvm.gov.br/ENETCONSULTA/frmDownloadDocumento.aspx?CodigoInstituicao=1&NumeroSequencialDocumento=47665
04.800.265/0001-25;2015-01-01;1;BRPR 51 SECURITIZADORA DE CRÉDITOS IMOBILIÁRIOS S.A.;019372;FCA;43654;2015-01-27;http://www.rad.cvm.gov.br/ENETCONSULTA/frmDownloadDocumento.aspx?CodigoInstituicao=1&NumeroSequencialDocumento=43654
04.800.265/0001-25;2015-01-01;2;BRPR 51 SECURITIZADORA DE CRÉDITOS IMOBILIÁRIOS S.A.;019372;FCA;48440;2015-06-01;http://www.rad.cvm.gov.br/ENETCONSULTA/frmDownloadDocumento.aspx?CodigoInstituicao=1&NumeroSequencialDocumento=48440
04.800.265/0001-25;2015-01-01;3;BRPR 51 SECURITIZADORA DE CRÉDITOS IMOBILIÁRIOS S.A.;019372;FCA;50213;2015-08-17;http://www.rad.cvm.gov.br/ENETCONSULTA/frmDownloadDocumento.aspx?CodigoInstituicao=1&NumeroSequencialDocumento=50213
04.821.041/0001-08;2015-01-01;1;METALFRIO SOLUTIONS S.A.;020613;FCA;44248;2015-02-25;http://www.rad.cvm.gov.br/ENETCONSULTA/frmDownloadDocumento.aspx?CodigoInstituicao=1&NumeroSequencialDocumento=44248
04.821.041/0001-08;2015-01-01;2;METALFRIO SOLUTIONS S.A.;020613;FCA;49496;2015-08-06;http://www.rad.cvm.gov.br/ENETCONSULTA/frmDownloadDocumento.aspx?CodigoInstituicao=1&NumeroSequencialDocumento=49496
04.895.728/0001-80;2015-01-01;1;EQUATORIAL PARÁ DISTRIBUIDORA DE ENERGIA S.A.;018309;FCA;44081;2015-02-13;http://www.rad.cvm.gov.br/ENETCONSULTA/frmDownloadDocumento.aspx?CodigoInstituicao=1&NumeroSequencialDocumento=44081
04.895.728/0001-80;2015-01-01;2;EQUATORIAL PARÁ DISTRIBUIDORA DE ENERGIA S.A.;018309;FCA;46270;2015-04-30;http://www.rad.cvm.gov.br/ENETCONSULTA/frmDownloadDocumento.aspx?CodigoInstituicao=1&NumeroSequencialDocumento=46270
04.895.728/0001-80;2015-01-01;3;EQUATORIAL PARÁ DISTRIBUIDORA DE ENERGIA S.A.;018309;FCA;48278;2015-05-29;http://www.rad.cvm.gov.br/ENETCONSULTA/frmDownloadDocumento.aspx?CodigoInstituicao=1&NumeroSequencialDocumento=48278
04.902.979/0001-44;2015-01-01;1;BCO AMAZONIA S.A.;000922;FCA;44020;2015-02-12;http://www.rad.cvm.gov.br/ENETCONSULTA/frmDownloadDocumento.aspx?CodigoInstituicao=1&NumeroSequencialDocumento=44020
04.902.979/0001-44;2015-01-01;2;BCO AMAZONIA S.A.;000922;FCA;46113;2015-04-24;http://www.rad.cvm.gov.br/ENETCONSULTA/frmDownloadDocumento.aspx?CodigoInstituicao=1&NumeroSequencialDocumento=46113
04.902.979/0001-44;2015-01-01;3;BCO AMAZONIA S.A.;000922;FCA;48046;2015-05-29;http://www.rad.cvm.gov.br/ENETCONSULTA/frmDownloadDocumento.aspx?CodigoInstituicao=1&NumeroSequencialDocumento=48046
04.902.979/0001-44;2015-01-01;4;BCO AMAZONIA S.A.;000922;FCA;50349;2015-08-21;http://www.rad.cvm.gov.br/ENETCONSULTA/frmDownloadDocumento.aspx?CodigoInstituicao=1&NumeroSequencialDocumento=50349
04.902.979/0001-44;2015-01-01;5;BCO AMAZONIA S.A.;000922;FCA;51126;2015-10-27;http://www.rad.cvm.gov.br/ENETCONSULTA/frmDownloadDocumento.aspx?CodigoInstituicao=1&NumeroSequencialDocumento=51126
04.902.979/0001-44;2015-01-01;6;BCO AMAZONIA S.A.;000922;FCA;52148;2015-11-24;http://www.rad.cvm.gov.br/ENETCONSULTA/frmDownloadDocumento.aspx?CodigoInstituicao=1&NumeroSequencialDocumento=52148
04.912.242/0001-02;2015-01-01;1;PORTUENSE FERRAGENS S/A;009717;FCA;45391;2015-03-27;http://www.rad.cvm.gov.br/ENETCONSULTA/frmDownloadDocumento.aspx?CodigoInstituicao=1&NumeroSequencialDocumento=45391
04.912.242/0001-02;2015-01-01;2;PORTUENSE FERRAGENS S/A;009717;FCA;48078;2015-05-29;http://www.rad.cvm.gov.br/ENETCONSULTA/frmDownloadDocumento.aspx?CodigoInstituicao=1&NumeroSequencialDocumento=48078
04.913.711/0001-08;2015-01-01;1;BCO ESTADO DO PARA S.A.;001171;FCA;44367;2015-02-27;http://www.rad.cvm.gov.br/ENETCONSULTA/frmDownloadDocumento.aspx?CodigoInstituicao=1&NumeroSequencialDocumento=44367
04.913.711/0001-08;2015-01-01;2;BCO ESTADO DO PARA S.A.;001171;FCA;48142;2015-05-29;http://www.rad.cvm.gov.br/ENETCONSULTA/frmDownloadDocumento.aspx?CodigoInstituicao=1&NumeroSequencialDocumento=48142
04.913.711/0001-08;2015-01-01;3;BCO ESTADO DO PARA S.A.;001171;FCA;52411;2015-12-10;http://www.rad.cvm.gov.br/ENETCONSULTA/frmDownloadDocumento.aspx?CodigoInstituicao=1&NumeroSequencialDocumento=52411
04.913.711/0001-08;2015-01-01;4;BCO ESTADO DO PARA S.A.;001171;FCA;52607;2015-12-24;http://www.rad.cvm.gov.br/ENETCONSULTA/frmDownloadDocumento.aspx?CodigoInstituicao=1&NumeroSequencialDocumento=52607
04.986.320/0001-13;2015-01-01;1;SER EDUCACIONAL S.A.;023221;FCA;43948;2015-02-09;http://www.rad.cvm.gov.br/ENETCONSULTA/frmDownloadDocumento.aspx?CodigoInstituicao=1&NumeroSequencialDocumento=43948
04.986.320/0001-13;2015-01-01;2;SER EDUCACIONAL S.A.;023221;FCA;43950;2015-02-09;http://www.rad.cvm.gov.br/ENETCONSULTA/frmDownloadDocumento.aspx?CodigoInstituicao=1&NumeroSequencialDocumento=43950
04.986.320/0001-13;2015-01-01;3;SER EDUCACIONAL S.A.;023221;FCA;49282;2015-07-28;http://www.rad.cvm.gov.br/ENETCONSULTA/frmDownloadDocumento.aspx?CodigoInstituicao=1&NumeroSequencialDocumento=49282
04.986.320/0001-13;2015-01-01;4;SER EDUCACIONAL S.A.;023221;FCA;49296;2015-07-29;http://www.rad.cvm.gov.br/ENETCONSULTA/frmDownloadDocumento.aspx?CodigoInstituicao=1&NumeroSequencialDocumento=49296
05.336.882/0001-84;2015-01-01;1;CACHOEIRA PAULISTA TRANSMISSORA ENERGIA S.A.;022683;FCA;45644;2015-03-31;http://www.rad.cvm.gov.br/ENETCONSULTA/frmDownloadDocumento.aspx?CodigoInstituicao=1&NumeroSequencialDocumento=45644
05.336.882/0001-84;2015-01-01;2;CACHOEIRA PAULISTA TRANSMISSORA ENERGIA S.A.;022683;FCA;46920;2015-05-12;http://www.rad.cvm.gov.br/ENETCONSULTA/frmDownloadDocumento.aspx?CodigoInstituicao=1&NumeroSequencialDocumento=46920
05.341.549/0001-63;2015-01-01;1;TARPON INVESTIMENTOS S.A.;021717;FCA;43986;2015-02-10;http://www.rad.cvm.gov.br/ENETCONSULTA/frmDownloadDocumento.aspx?CodigoInstituicao=1&NumeroSequencialDocumento=43986
05.341.549/0001-63;2015-01-01;2;TARPON INVESTIMENTOS S.A.;021717;FCA;48340;2015-05-29;http://www.rad.cvm.gov.br/ENETCONSULTA/frmDownloadDocumento.aspx?CodigoInstituicao=1&NumeroSequencialDocumento=48340
05.707.616/0001-10;2015-01-01;1;BANCO SANTANDER S.A.;080160;FCA;43581;2015-01-20;http://www.rad.cvm.gov.br/ENETCONSULTA/frmDownloadDocumento.aspx?CodigoInstituicao=1&NumeroSequencialDocumento=43581
05.707.616/0001-10;2015-01-01;2;BANCO SANTANDER S.A.;080160;FCA;43586;2015-01-21;http://www.rad.cvm.gov.br/ENETCONSULTA/frmDownloadDocumento.aspx?CodigoInstituicao=1&NumeroSequencialDocumento=43586
05.707.616/0001-10;2015-01-01;3;BANCO SANTANDER S.A.;080160;FCA;44355;2015-02-26;http://www.rad.cvm.gov.br/ENETCONSULTA/frmDownloadDocumento.aspx?CodigoInstituicao=1&NumeroSequencialDocumento=44355
05.707.616/0001-10;2015-01-01;4;BANCO SANTANDER S.A.;080160;FCA;48415;2015-05-30;http://www.rad.cvm.gov.br/ENETCONSULTA/frmDownloadDocumento.aspx?CodigoInstituicao=1&NumeroSequencialDocumento=48415
05.711.813/0001-03;2015-01-01;1;SOLVAY INDUPA SAIC;080101;FCA;45983;2015-04-15;http://www.rad.cvm.gov.br/ENETCONSULTA/frmDownloadDocumento.aspx?CodigoInstituicao=1&NumeroSequencialDocumento=45983
05.721.735/0001-28;2015-01-01;1;WILSON SONS LTD.;080047;FCA;45183;2015-03-24;http://www.rad.cvm.gov.br/ENETCONSULTA/frmDownloadDocumento.aspx?CodigoInstituicao=1&NumeroSequencialDocumento=45183
05.799.312/0001-20;2015-01-01;1;TERRA SANTA AGRO S.A.;020354;FCA;44757;2015-03-05;http://www.rad.cvm.gov.br/ENETCONSULTA/frmDownloadDocumento.aspx?CodigoInstituicao=1&NumeroSequencialDocumento=44757
05.799.312/0001-20;2015-01-01;2;TERRA SANTA AGRO S.A.;020354;FCA;46383;2015-05-05;http://www.rad.cvm.gov.br/ENETCONSULTA/frmDownloadDocumento.aspx?CodigoInstituicao=1&NumeroSequencialDocumento=46383
05.799.312/0001-20;2015-01-01;3;TERRA SANTA AGRO S.A.;020354;FCA;46865;2015-05-12;http://www.rad.cvm.gov.br/ENETCONSULTA/frmDownloadDocumento.aspx?CodigoInstituicao=1&NumeroSequencialDocumento=46865
05.799.312/0001-20;2015-01-01;4;TERRA SANTA AGRO S.A.;020354;FCA;49274;2015-07-28;http://www.rad.cvm.gov.br/ENETCONSULTA/frmDownloadDocumento.aspx?CodigoInstituicao=1&NumeroSequencialDocumento=49274
05.799.312/0001-20;2015-01-01;5;TERRA SANTA AGRO S.A.;020354;FCA;51205;2015-10-30;http://www.rad.cvm.gov.br/ENETCONSULTA/frmDownloadDocumento.aspx?CodigoInstituicao=1&NumeroSequencialDocumento=51205
05.878.397/0001-32;2015-01-01;1;ALLOS S.A.;022357;FCA;43493;2015-01-14;http://www.rad.cvm.gov.br/ENETCONSULTA/frmDownloadDocumento.aspx?CodigoInstituicao=1&NumeroSequencialDocumento=43493
05.878.397/0001-32;2015-01-01;2;ALLOS S.A.;022357;FCA;46465;2015-05-06;http://www.rad.cvm.gov.br/ENETCONSULTA/frmDownloadDocumento.aspx?CodigoInstituicao=1&NumeroSequencialDocumento=46465
05.889.284/0001-32;2015-01-01;1;CSA-COMPANHIA SECURITIZADORA DE ATIVOS;019470;FCA;45395;2015-03-27;http://www.rad.cvm.gov.br/ENETCONSULTA/frmDownloadDocumento.aspx?CodigoInstituicao=1&NumeroSequencialDocumento=45395
05.889.284/0001-32;2015-01-01;2;CSA-COMPANHIA SECURITIZADORA DE ATIVOS;019470;FCA;47815;2015-05-27;http://www.rad.cvm.gov.br/ENETCONSULTA/frmDownloadDocumento.aspx?CodigoInstituicao=1&NumeroSequencialDocumento=47815
05.918.309/0001-89;2015-01-01;1;PIPA CIA SECURITIZADORA DE CRÉDITOS IMOBILIÁRIOS;019518;FCA;45236;2015-03-25;http://www.rad.cvm.gov.br/ENETCONSULTA/frmDownloadDocumento.aspx?CodigoInstituicao=1&NumeroSequencialDocumento=45236
05.918.309/0001-89;2015-01-01;2;PIPA CIA SECURITIZADORA DE CRÉDITOS IMOBILIÁRIOS;019518;FCA;47856;2015-05-28;http://www.rad.cvm.gov.br/ENETCONSULTA/frmDownloadDocumento.aspx?CodigoInstituicao=1&NumeroSequencialDocumento=47856
06.018.000/0001-03;2015-01-01;1;FIBRA CIA SECURITIZADORA CRED IMOB;019542;FCA;43623;2015-01-23;http://www.rad.cvm.gov.br/ENETCONSULTA/frmDownloadDocumento.aspx?CodigoInstituicao=1&NumeroSequencialDocumento=43623
06.018.000/0001-03;2015-01-01;2;FIBRA CIA SECURITIZADORA CRED IMOB;019542;FCA;43626;2015-01-23;http://www.rad.cvm.gov.br/ENETCONSULTA/frmDownloadDocumento.aspx?CodigoInstituicao=1&NumeroSequencialDocumento=43626
06.033.448/0001-98;2015-01-01;1;TESLA COMPANHIA SECURITIZADORA DE CRÉDITOS;019526;FCA;44859;2015-03-09;http://www.rad.cvm.gov.br/ENETCONSULTA/frmDownloadDocumento.aspx?CodigoInstituicao=1&NumeroSequencialDocumento=44859
06.033.448/0001-98;2015-01-01;2;TESLA COMPANHIA SECURITIZADORA DE CRÉDITOS;019526;FCA;44889;2015-03-10;http://www.rad.cvm.gov.br/ENETCONSULTA/frmDownloadDocumento.aspx?CodigoInstituicao=1&NumeroSequencialDocumento=44889
06.033.448/0001-98;2015-01-01;3;TESLA COMPANHIA SECURITIZADORA DE CRÉDITOS;019526;FCA;48083;2015-05-29;http://www.rad.cvm.gov.br/ENETCONSULTA/frmDownloadDocumento.aspx?CodigoInstituicao=1&NumeroSequencialDocumento=48083
06.033.448/0001-98;2015-01-01;4;TESLA COMPANHIA SECURITIZADORA DE CRÉDITOS;019526;FCA;48613;2015-06-12;http://www.rad.cvm.gov.br/ENETCONSULTA/frmDownloadDocumento.aspx?CodigoInstituicao=1&NumeroSequencialDocumento=48613
06.033.448/0001-98;2015-01-01;5;TESLA COMPANHIA SECURITIZADORA DE CRÉDITOS;019526;FCA;50881;2015-10-08;http://www.rad.cvm.gov.br/ENETCONSULTA/frmDownloadDocumento.aspx?CodigoInstituicao=1&NumeroSequencialDocumento=50881
06.082.980/0001-03;2015-01-01;1;ALIANSCE SHOPPING CENTERS S.A.;021300;FCA;45331;2015-03-26;http://www.rad.cvm.gov.br/ENETCONSULTA/frmDownloadDocumento.aspx?CodigoInstituicao=1&NumeroSequencialDocumento=45331
06.082.980/0001-03;2015-01-01;2;ALIANSCE SHOPPING CENTERS S.A.;021300;FCA;48287;2015-05-29;http://www.rad.cvm.gov.br/ENETCONSULTA/frmDownloadDocumento.aspx?CodigoInstituicao=1&NumeroSequencialDocumento=48287
06.137.677/0001-52;2015-01-01;1;BRPR 56 SECURITIZADORA CRED IMOB S.A.;019984;FCA;43929;2015-02-09;http://www.rad.cvm.gov.br/ENETCONSULTA/frmDownloadDocumento.aspx?CodigoInstituicao=1&NumeroSequencialDocumento=43929
06.137.677/0001-52;2015-01-01;2;BRPR 56 SECURITIZADORA CRED IMOB S.A.;019984;FCA;48449;2015-06-01;http://www.rad.cvm.gov.br/ENETCONSULTA/frmDownloadDocumento.aspx?CodigoInstituicao=1&NumeroSequencialDocumento=48449
06.137.677/0001-52;2015-01-01;3;BRPR 56 SECURITIZADORA CRED IMOB S.A.;019984;FCA;50237;2015-08-17;http://www.rad.cvm.gov.br/ENETCONSULTA/frmDownloadDocumento.aspx?CodigoInstituicao=1&NumeroSequencialDocumento=50237
06.164.253/0001-87;2015-01-01;1;GOL LINHAS AEREAS INTELIGENTES S.A.;019569;FCA;44077;2015-02-12;http://www.rad.cvm.gov.br/ENETCONSULTA/frmDownloadDocumento.aspx?CodigoInstituicao=1&NumeroSequencialDocumento=44077
06.272.793/0001-84;2015-01-01;1;EQUATORIAL MARANHÃO DISTRIBUIDORA DE ENERGIA S.A.;016608;FCA;44080;2015-02-13;http://www.rad.cvm.gov.br/ENETCONSULTA/frmDownloadDocumento.aspx?CodigoInstituicao=1&NumeroSequencialDocumento=44080
06.272.793/0001-84;2015-01-01;2;EQUATORIAL MARANHÃO DISTRIBUIDORA DE ENERGIA S.A.;016608;FCA;48311;2015-05-29;http://www.rad.cvm.gov.br/ENETCONSULTA/frmDownloadDocumento.aspx?CodigoInstituicao=1&NumeroSequencialDocumento=48311
06.349.242/0001-71;2015-01-01;1;BRPR 44 SECURITIZADORA DE CRÉDITOS IMOBILIÁRIOS S.A.;019810;FCA;44301;2015-02-26;http://www.rad.cvm.gov.br/ENETCONSULTA/frmDownloadDocumento.aspx?CodigoInstituicao=1&NumeroSequencialDocumento=44301
06.349.242/0001-71;2015-01-01;2;BRPR 44 SECURITIZADORA DE CRÉDITOS IMOBILIÁRIOS S.A.;019810;FCA;48362;2015-05-29;http://www.rad.cvm.gov.br/ENETCONSULTA/frmDownloadDocumento.aspx?CodigoInstituicao=1&NumeroSequencialDocumento=48362
06.349.242/0001-71;2015-01-01;3;BRPR 44 SECURITIZADORA DE CRÉDITOS IMOBILIÁRIOS S.A.;019810;FCA;48796;2015-06-25;http://www.rad.cvm.gov.br/ENETCONSULTA/frmDownloadDocumento.aspx?CodigoInstituicao=1&NumeroSequencialDocumento=48796
06.626.253/0001-51;2015-01-01;1;EMPREENDIMENTOS PAGUE MENOS S.A.;022608;FCA;45313;2015-03-26;http://www.rad.cvm.gov.br/ENETCONSULTA/frmDownloadDocumento.aspx?CodigoInstituicao=1&NumeroSequencialDocumento=45313
06.626.253/0001-51;2015-01-01;2;EMPREENDIMENTOS PAGUE MENOS S.A.;022608;FCA;48040;2015-05-29;http://www.rad.cvm.gov.br/ENETCONSULTA/frmDownloadDocumento.aspx?CodigoInstituicao=1&NumeroSequencialDocumento=48040
06.948.969/0001-75;2015-01-01;1;LINX S.A.;023035;FCA;43970;2015-02-10;http://www.rad.cvm.gov.br/ENETCONSULTA/frmDownloadDocumento.aspx?CodigoInstituicao=1&NumeroSequencialDocumento=43970
06.948.969/0001-75;2015-01-01;2;LINX S.A.;023035;FCA;48039;2015-05-29;http://www.rad.cvm.gov.br/ENETCONSULTA/frmDownloadDocumento.aspx?CodigoInstituicao=1&NumeroSequencialDocumento=48039
06.977.739/0001-34;2015-01-01;1;TEMPO PARTICIPAÇOES S/A;019917;FCA;43333;2015-01-07;http://www.rad.cvm.gov.br/ENETCONSULTA/frmDownloadDocumento.aspx?CodigoInstituicao=1&NumeroSequencialDocumento=43333
06.977.739/0001-34;2015-01-01;2;TEMPO PARTICIPAÇOES S/A;019917;FCA;48935;2015-07-06;http://www.rad.cvm.gov.br/ENETCONSULTA/frmDownloadDocumento.aspx?CodigoInstituicao=1&NumeroSequencialDocumento=48935
06.977.745/0001-91;2015-01-01;1;BR MALLS PARTICIPACOES S.A.;019909;FCA;43349;2015-01-08;http://www.rad.cvm.gov.br/ENETCONSULTA/frmDownloadDocumento.aspx?CodigoInstituicao=1&NumeroSequencialDocumento=43349
06.977.751/0001-49;2015-01-01;1;BR PROPERTIES S.A.;019925;FCA;43925;2015-02-09;http://www.rad.cvm.gov.br/ENETCONSULTA/frmDownloadDocumento.aspx?CodigoInstituicao=1&NumeroSequencialDocumento=43925
06.977.751/0001-49;2015-01-01;2;BR PROPERTIES S.A.;019925;FCA;48436;2015-06-01;http://www.rad.cvm.gov.br/ENETCONSULTA/frmDownloadDocumento.aspx?CodigoInstituicao=1&NumeroSequencialDocumento=48436
06.977.751/0001-49;2015-01-01;3;BR PROPERTIES S.A.;019925;FCA;50038;2015-08-14;http://www.rad.cvm.gov.br/ENETCONSULTA/frmDownloadDocumento.aspx?CodigoInstituicao=1&NumeroSequencialDocumento=50038
06.981.176/0001-58;2015-01-01;1;CEMIG GERACAO E TRANSMISSAO S.A.;020320;FCA;43288;2015-01-05;http://www.rad.cvm.gov.br/ENETCONSULTA/frmDownloadDocumento.aspx?CodigoInstituicao=1&NumeroSequencialDocumento=43288
06.981.176/0001-58;2015-01-01;2;CEMIG GERACAO E TRANSMISSAO S.A.;020320;FCA;43714;2015-01-30;http://www.rad.cvm.gov.br/ENETCONSULTA/frmDownloadDocumento.aspx?CodigoInstituicao=1&NumeroSequencialDocumento=43714
06.981.176/0001-58;2015-01-01;3;CEMIG GERACAO E TRANSMISSAO S.A.;020320;FCA;46669;2015-05-08;http://www.rad.cvm.gov.br/ENETCONSULTA/frmDownloadDocumento.aspx?CodigoInstituicao=1&NumeroSequencialDocumento=46669
06.981.180/0001-16;2015-01-01;1;CEMIG DISTRIBUICAO S.A.;020303;FCA;43711;2015-01-30;http://www.rad.cvm.gov.br/ENETCONSULTA/frmDownloadDocumento.aspx?CodigoInstituicao=1&NumeroSequencialDocumento=43711
06.981.180/0001-16;2015-01-01;2;CEMIG DISTRIBUICAO S.A.;020303;FCA;46672;2015-05-08;http://www.rad.cvm.gov.br/ENETCONSULTA/frmDownloadDocumento.aspx?CodigoInstituicao=1&NumeroSequencialDocumento=46672
07.021.459/0001-10;2015-01-01;1;BETA SECURITIZADORA S.A.;019747;FCA;43310;2015-01-06;http://www.rad.cvm.gov.br/ENETCONSULTA/frmDownloadDocumento.aspx?CodigoInstituicao=1&NumeroSequencialDocumento=43310
07.021.459/0001-10;2015-01-01;2;BETA SECURITIZADORA S.A.;019747;FCA;47480;2015-05-15;http://www.rad.cvm.gov.br/ENETCONSULTA/frmDownloadDocumento.aspx?CodigoInstituicao=1&NumeroSequencialDocumento=47480
07.021.459/0001-10;2015-01-01;3;BETA SECURITIZADORA S.A.;019747;FCA;47617;2015-05-20;http://www.rad.cvm.gov.br/ENETCONSULTA/frmDownloadDocumento.aspx?CodigoInstituicao=1&NumeroSequencialDocumento=47617
07.033.882/0001-30;2015-01-01;1;BRPR 52 SECURITIZADORA DE CRÉDITOS IMOBILIÁRIOS S.A.;019976;FCA;43927;2015-02-09;http://www.rad.cvm.gov.br/ENETCONSULTA/frmDownloadDocumento.aspx?CodigoInstituicao=1&NumeroSequencialDocumento=43927
07.033.882/0001-30;2015-01-01;2;BRPR 52 SECURITIZADORA DE CRÉDITOS IMOBILIÁRIOS S.A.;019976;FCA;48441;2015-06-01;http://www.rad.cvm.gov.br/ENETCONSULTA/frmDownloadDocumento.aspx?CodigoInstituicao=1&NumeroSequencialDocumento=48441
07.033.882/0001-30;2015-01-01;3;BRPR 52 SECURITIZADORA DE CRÉDITOS IMOBILIÁRIOS S.A.;019976;FCA;50224;2015-08-17;http://www.rad.cvm.gov.br/ENETCONSULTA/frmDownloadDocumento.aspx?CodigoInstituicao=1&NumeroSequencialDocumento=50224
07.040.108/0001-57;2015-01-01;1;CAGECE - CIA DE AGUA E ESGOTO DO CEARA;018546;FCA;43482;2015-01-14;http://www.rad.cvm.gov.br/ENETCONSULTA/frmDownloadDocumento.aspx?CodigoInstituicao=1&NumeroSequencialDocumento=43482
07.040.108/0001-57;2015-01-01;2;CAGECE - CIA DE AGUA E ESGOTO DO CEARA;018546;FCA;44844;2015-03-09;http://www.rad.cvm.gov.br/ENETCONSULTA/frmDownloadDocumento.aspx?CodigoInstituicao=1&NumeroSequencialDocumento=44844
07.043.628/0001-13;2015-01-01;1;CLARO TELECOM PARTICIPAÇÕES S.A.;023531;FCA;45252;2015-03-25;http://www.rad.cvm.gov.br/ENETCONSULTA/frmDownloadDocumento.aspx?CodigoInstituicao=1&NumeroSequencialDocumento=45252
07.043.628/0001-13;2015-01-01;2;CLARO TELECOM PARTICIPAÇÕES S.A.;023531;FCA;47730;2015-05-26;http://www.rad.cvm.gov.br/ENETCONSULTA/frmDownloadDocumento.aspx?CodigoInstituicao=1&NumeroSequencialDocumento=47730
07.043.628/0001-13;2015-01-01;3;CLARO TELECOM PARTICIPAÇÕES S.A.;023531;FCA;48542;2015-06-09;http://www.rad.cvm.gov.br/ENETCONSULTA/frmDownloadDocumento.aspx?CodigoInstituicao=1&NumeroSequencialDocumento=48542
07.047.251/0001-70;2015-01-01;1;CIA ENERGETICA DO CEARA - COELCE;014869;FCA;43592;2015-01-21;http://www.rad.cvm.gov.br/ENETCONSULTA/frmDownloadDocumento.aspx?CodigoInstituicao=1&NumeroSequencialDocumento=43592
07.047.251/0001-70;2015-01-01;2;CIA ENERGETICA DO CEARA - COELCE;014869;FCA;46463;2015-05-06;http://www.rad.cvm.gov.br/ENETCONSULTA/frmDownloadDocumento.aspx?CodigoInstituicao=1&NumeroSequencialDocumento=46463
07.088.416/0001-52;2015-01-01;1;BRPR 45 SECURITIZADORA DE CRÉDITOS IMOBILIÁRIOS S.A.;019895;FCA;43924;2015-02-09;http://www.rad.cvm.gov.br/ENETCONSULTA/frmDownloadDocumento.aspx?CodigoInstituicao=1&NumeroSequencialDocumento=43924
07.088.416/0001-52;2015-01-01;2;BRPR 45 SECURITIZADORA DE CRÉDITOS IMOBILIÁRIOS S.A.;019895;FCA;48438;2015-06-01;http://www.rad.cvm.gov.br/ENETCONSULTA/frmDownloadDocumento.aspx?CodigoInstituicao=1&NumeroSequencialDocumento=48438
07.088.416/0001-52;2015-01-01;3;BRPR 45 SECURITIZADORA DE CRÉDITOS IMOBILIÁRIOS S.A.;019895;FCA;49959;2015-08-14;http://www.rad.cvm.gov.br/ENETCONSULTA/frmDownloadDocumento.aspx?CodigoInstituicao=1&NumeroSequencialDocumento=49959
07.110.438/0001-71;2015-01-01;1;BTG PACTUAL SECURITIZADORA S.A;019690;FCA;45621;2015-03-30;http://www.rad.cvm.gov.br/ENETCONSULTA/frmDownloadDocumento.aspx?CodigoInstituicao=1&NumeroSequencialDocumento=45621
07.112.325/0001-05;2015-01-01;1;B.I. COMPANHIA SECURITIZADORA S/A;019704;FCA;48295;2015-05-29;http://www.rad.cvm.gov.br/ENETCONSULTA/frmDownloadDocumento.aspx?CodigoInstituicao=1&NumeroSequencialDocumento=48295
07.112.325/0001-05;2015-01-01;2;B.I. COMPANHIA SECURITIZADORA S/A;019704;FCA;48593;2015-06-11;http://www.rad.cvm.gov.br/ENETCONSULTA/frmDownloadDocumento.aspx?CodigoInstituicao=1&NumeroSequencialDocumento=48593
07.119.838/0001-48;2015-01-01;1;SECME - COMPANHIA SECURITIZADORA DE CRÉDITOS IMOBILIÁRIOS;019720;FCA;45085;2015-03-19;http://www.rad.cvm.gov.br/ENETCONSULTA/frmDownloadDocumento.aspx?CodigoInstituicao=1&NumeroSequencialDocumento=45085
07.119.838/0001-48;2015-01-01;2;SECME - COMPANHIA SECURITIZADORA DE CRÉDITOS IMOBILIÁRIOS;019720;FCA;47125;2015-05-14;http://www.rad.cvm.gov.br/ENETCONSULTA/frmDownloadDocumento.aspx?CodigoInstituicao=1&NumeroSequencialDocumento=47125
07.206.816/0001-15;2015-01-01;1;M.DIAS BRANCO S.A. IND COM DE ALIMENTOS;020338;FCA;44389;2015-02-27;http://www.rad.cvm.gov.br/ENETCONSULTA/frmDownloadDocumento.aspx?CodigoInstituicao=1&NumeroSequencialDocumento=44389
07.206.816/0001-15;2015-01-01;2;M.DIAS BRANCO S.A. IND COM DE ALIMENTOS;020338;FCA;47710;2015-05-25;http://www.rad.cvm.gov.br/ENETCONSULTA/frmDownloadDocumento.aspx?CodigoInstituicao=1&NumeroSequencialDocumento=47710
07.237.373/0001-20;2015-01-01;1;BCO NORDESTE DO BRASIL S.A.;001228;FCA;44192;2015-02-23;http://www.rad.cvm.gov.br/ENETCONSULTA/frmDownloadDocumento.aspx?CodigoInstituicao=1&NumeroSequencialDocumento=44192
07.237.373/0001-20;2015-01-01;2;BCO NORDESTE DO BRASIL S.A.;001228;FCA;45919;2015-04-10;http://www.rad.cvm.gov.br/ENETCONSULTA/frmDownloadDocumento.aspx?CodigoInstituicao=1&NumeroSequencialDocumento=45919
07.237.373/0001-20;2015-01-01;3;BCO NORDESTE DO BRASIL S.A.;001228;FCA;46055;2015-04-22;http://www.rad.cvm.gov.br/ENETCONSULTA/frmDownloadDocumento.aspx?CodigoInstituicao=1&NumeroSequencialDocumento=46055
07.253.321/0001-47;2015-01-01;1;CARBOMIL SA MINER. E INDUSTRIA;014168;FCA;45543;2015-03-30;http://www.rad.cvm.gov.br/ENETCONSULTA/frmDownloadDocumento.aspx?CodigoInstituicao=1&NumeroSequencialDocumento=45543
07.253.321/0001-47;2015-01-01;2;CARBOMIL SA MINER. E INDUSTRIA;014168;FCA;47809;2015-05-27;http://www.rad.cvm.gov.br/ENETCONSULTA/frmDownloadDocumento.aspx?CodigoInstituicao=1&NumeroSequencialDocumento=47809
07.275.159/0001-68;2015-01-01;1;PETROLEO LUB DO NORDESTE SA;009520;FCA;44763;2015-03-05;http://www.rad.cvm.gov.br/ENETCONSULTA/frmDownloadDocumento.aspx?CodigoInstituicao=1&NumeroSequencialDocumento=44763
07.275.159/0001-68;2015-01-01;2;PETROLEO LUB DO NORDESTE SA;009520;FCA;46663;2015-05-08;http://www.rad.cvm.gov.br/ENETCONSULTA/frmDownloadDocumento.aspx?CodigoInstituicao=1&NumeroSequencialDocumento=46663
07.334.600/0001-35;2015-01-01;1;MARINA DE IRACEMA PARK SA;016268;FCA;44988;2015-03-16;http://www.rad.cvm.gov.br/ENETCONSULTA/frmDownloadDocumento.aspx?CodigoInstituicao=1&NumeroSequencialDocumento=44988
07.334.600/0001-35;2015-01-01;2;MARINA DE IRACEMA PARK SA;016268;FCA;46482;2015-05-06;http://www.rad.cvm.gov.br/ENETCONSULTA/frmDownloadDocumento.aspx?CodigoInstituicao=1&NumeroSequencialDocumento=46482
07.334.600/0001-35;2015-01-01;3;MARINA DE IRACEMA PARK SA;016268;FCA;49152;2015-07-21;http://www.rad.cvm.gov.br/ENETCONSULTA/frmDownloadDocumento.aspx?CodigoInstituicao=1&NumeroSequencialDocumento=49152
07.401.436/0001-31;2015-01-01;1;ELDORADO BRASIL CELULOSE S.A.;022810;FCA;44333;2015-02-26;http://www.rad.cvm.gov.br/ENETCONSULTA/frmDownloadDocumento.aspx?CodigoInstituicao=1&NumeroSequencialDocumento=44333
07.401.436/0001-31;2015-01-01;2;ELDORADO BRASIL CELULOSE S.A.;022810;FCA;48821;2015-06-26;http://www.rad.cvm.gov.br/ENETCONSULTA/frmDownloadDocumento.aspx?CodigoInstituicao=1&NumeroSequencialDocumento=48821
07.401.436/0001-31;2015-01-01;3;ELDORADO BRASIL CELULOSE S.A.;022810;FCA;48822;2015-06-26;http://www.rad.cvm.gov.br/ENETCONSULTA/frmDownloadDocumento.aspx?CodigoInstituicao=1&NumeroSequencialDocumento=48822
07.401.436/0001-31;2015-01-01;4;ELDORADO BRASIL CELULOSE S.A.;022810;FCA;51336;2015-11-05;http://www.rad.cvm.gov.br/ENETCONSULTA/frmDownloadDocumento.aspx?CodigoInstituicao=1&NumeroSequencialDocumento=51336
07.450.604/0001-89;2015-01-01;1;BANCO INDUSTRIAL E COMERCIAL S/A;021113;FCA;43818;2015-02-05;http://www.rad.cvm.gov.br/ENETCONSULTA/frmDownloadDocumento.aspx?CodigoInstituicao=1&NumeroSequencialDocumento=43818
07.450.604/0001-89;2015-01-01;2;BANCO INDUSTRIAL E COMERCIAL S/A;021113;FCA;48446;2015-06-01;http://www.rad.cvm.gov.br/ENETCONSULTA/frmDownloadDocumento.aspx?CodigoInstituicao=1&NumeroSequencialDocumento=48446
07.526.557/0001-00;2015-01-01;1;AMBEV S.A.;023264;FCA;43434;2015-01-12;http://www.rad.cvm.gov.br/ENETCONSULTA/frmDownloadDocumento.aspx?CodigoInstituicao=1&NumeroSequencialDocumento=43434
07.526.557/0001-00;2015-01-01;2;AMBEV S.A.;023264;FCA;47805;2015-05-27;http://www.rad.cvm.gov.br/ENETCONSULTA/frmDownloadDocumento.aspx?CodigoInstituicao=1&NumeroSequencialDocumento=47805
07.526.557/0001-00;2015-01-01;3;AMBEV S.A.;023264;FCA;51482;2015-11-10;http://www.rad.cvm.gov.br/ENETCONSULTA/frmDownloadDocumento.aspx?CodigoInstituicao=1&NumeroSequencialDocumento=51482
07.526.557/0001-00;2015-01-01;4;AMBEV S.A.;023264;FCA;52021;2015-11-16;http://www.rad.cvm.gov.br/ENETCONSULTA/frmDownloadDocumento.aspx?CodigoInstituicao=1&NumeroSequencialDocumento=52021
07.587.384/0001-30;2015-01-01;1;PLANETA SECURITIZADORA S.A.;020222;FCA;44130;2015-02-13;http://www.rad.cvm.gov.br/ENETCONSULTA/frmDownloadDocumento.aspx?CodigoInstituicao=1&NumeroSequencialDocumento=44130
07.587.384/0001-30;2015-01-01;2;PLANETA SECURITIZADORA S.A.;020222;FCA;46474;2015-05-06;http://www.rad.cvm.gov.br/ENETCONSULTA/frmDownloadDocumento.aspx?CodigoInstituicao=1&NumeroSequencialDocumento=46474
07.587.384/0001-30;2015-01-01;3;PLANETA SECURITIZADORA S.A.;020222;FCA;50645;2015-09-21;http://www.rad.cvm.gov.br/ENETCONSULTA/frmDownloadDocumento.aspx?CodigoInstituicao=1&NumeroSequencialDocumento=50645
07.587.384/0001-30;2015-01-01;4;PLANETA SECURITIZADORA S.A.;020222;FCA;50741;2015-09-29;http://www.rad.cvm.gov.br/ENETCONSULTA/frmDownloadDocumento.aspx?CodigoInstituicao=1&NumeroSequencialDocumento=50741
07.587.384/0001-30;2015-01-01;5;PLANETA SECURITIZADORA S.A.;020222;FCA;50795;2015-10-01;http://www.rad.cvm.gov.br/ENETCONSULTA/frmDownloadDocumento.aspx?CodigoInstituicao=1&NumeroSequencialDocumento=50795
07.587.384/0001-30;2015-01-01;6;PLANETA SECURITIZADORA S.A.;020222;FCA;50945;2015-10-15;http://www.rad.cvm.gov.br/ENETCONSULTA/frmDownloadDocumento.aspx?CodigoInstituicao=1&NumeroSequencialDocumento=50945
07.620.094/0001-40;2015-01-01;1;AFLUENTE G&T DE ENERGIA ELÉTRICA S/A;020150;FCA;44275;2015-02-25;http://www.rad.cvm.gov.br/ENETCONSULTA/frmDownloadDocumento.aspx?CodigoInstituicao=1&NumeroSequencialDocumento=44275
07.620.094/0001-40;2015-01-01;2;AFLUENTE G&T DE ENERGIA ELÉTRICA S/A;020150;FCA;48648;2015-06-16;http://www.rad.cvm.gov.br/ENETCONSULTA/frmDownloadDocumento.aspx?CodigoInstituicao=1&NumeroSequencialDocumento=48648
07.620.094/0001-40;2015-01-01;3;AFLUENTE G&T DE ENERGIA ELÉTRICA S/A;020150;FCA;48831;2015-06-29;http://www.rad.cvm.gov.br/ENETCONSULTA/frmDownloadDocumento.aspx?CodigoInstituicao=1&NumeroSequencialDocumento=48831
07.620.094/0001-40;2015-01-01;4;AFLUENTE G&T DE ENERGIA ELÉTRICA S/A;020150;FCA;48998;2015-07-09;http://www.rad.cvm.gov.br/ENETCONSULTA/frmDownloadDocumento.aspx?CodigoInstituicao=1&NumeroSequencialDocumento=48998
07.620.094/0001-40;2015-01-01;5;AFLUENTE G&T DE ENERGIA ELÉTRICA S/A;020150;FCA;49039;2015-07-10;http://www.rad.cvm.gov.br/ENETCONSULTA/frmDownloadDocumento.aspx?CodigoInstituicao=1&NumeroSequencialDocumento=49039
07.620.094/0001-40;2015-01-01;6;AFLUENTE G&T DE ENERGIA ELÉTRICA S/A;020150;FCA;50667;2015-09-23;http://www.rad.cvm.gov.br/ENETCONSULTA/frmDownloadDocumento.aspx?CodigoInstituicao=1&NumeroSequencialDocumento=50667
07.628.528/0001-59;2015-01-01;1;BRASILAGRO - CIA BRAS DE PROP AGRICOLAS;020036;FCA;43960;2015-02-09;http://www.rad.cvm.gov.br/ENETCONSULTA/frmDownloadDocumento.aspx?CodigoInstituicao=1&NumeroSequencialDocumento=43960
07.659.538/0001-51;2015-01-01;1;DINAMICA ENERGIA S.A.;020052;FCA;45694;2015-03-31;http://www.rad.cvm.gov.br/ENETCONSULTA/frmDownloadDocumento.aspx?CodigoInstituicao=1&NumeroSequencialDocumento=45694
07.659.538/0001-51;2015-01-01;2;DINAMICA ENERGIA S.A.;020052;FCA;47983;2015-05-29;http://www.rad.cvm.gov.br/ENETCONSULTA/frmDownloadDocumento.aspx?CodigoInstituicao=1&NumeroSequencialDocumento=47983
07.689.002/0001-89;2015-01-01;1;EMBRAER S.A.;020087;FCA;43403;2015-01-09;http://www.rad.cvm.gov.br/ENETCONSULTA/frmDownloadDocumento.aspx?CodigoInstituicao=1&NumeroSequencialDocumento=43403
07.689.002/0001-89;2015-01-01;2;EMBRAER S.A.;020087;FCA;50776;2015-10-01;http://www.rad.cvm.gov.br/ENETCONSULTA/frmDownloadDocumento.aspx?CodigoInstituicao=1&NumeroSequencialDocumento=50776
07.689.002/0001-89;2015-01-01;3;EMBRAER S.A.;020087;FCA;50823;2015-10-05;http://www.rad.cvm.gov.br/ENETCONSULTA/frmDownloadDocumento.aspx?CodigoInstituicao=1&NumeroSequencialDocumento=50823
07.700.557/0001-84;2015-01-01;1;BROOKFIELD INCORPORAÇÕES S.A.;020265;FCA;43298;2015-01-06;http://www.rad.cvm.gov.br/ENETCONSULTA/frmDownloadDocumento.aspx?CodigoInstituicao=1&NumeroSequencialDocumento=43298
07.700.557/0001-84;2015-01-01;2;BROOKFIELD INCORPORAÇÕES S.A.;020265;FCA;47209;2015-05-14;http://www.rad.cvm.gov.br/ENETCONSULTA/frmDownloadDocumento.aspx?CodigoInstituicao=1&NumeroSequencialDocumento=47209
07.700.557/0001-84;2015-01-01;3;BROOKFIELD INCORPORAÇÕES S.A.;020265;FCA;49350;2015-07-30;http://www.rad.cvm.gov.br/ENETCONSULTA/frmDownloadDocumento.aspx?CodigoInstituicao=1&NumeroSequencialDocumento=49350
07.700.557/0001-84;2015-01-01;4;BROOKFIELD INCORPORAÇÕES S.A.;020265;FCA;50287;2015-08-18;http://www.rad.cvm.gov.br/ENETCONSULTA/frmDownloadDocumento.aspx?CodigoInstituicao=1&NumeroSequencialDocumento=50287
07.700.557/0001-84;2015-01-01;5;BROOKFIELD INCORPORAÇÕES S.A.;020265;FCA;50654;2015-09-22;http://www.rad.cvm.gov.br/ENETCONSULTA/frmDownloadDocumento.aspx?CodigoInstituicao=1&NumeroSequencialDocumento=50654
07.710.591/0001-30;2015-01-01;1;BRPR 55 SECURITIZADORA CRED IMOB S.A.;019941;FCA;43926;2015-02-09;http://www.rad.cvm.gov.br/ENETCONSULTA/frmDownloadDocumento.aspx?CodigoInstituicao=1&NumeroSequencialDocumento=43926
07.710.591/0001-30;2015-01-01;2;BRPR 55 SECURITIZADORA CRED IMOB S.A.;019941;FCA;48448;2015-06-01;http://www.rad.cvm.gov.br/ENETCONSULTA/frmDownloadDocumento.aspx?CodigoInstituicao=1&NumeroSequencialDocumento=48448
07.710.591/0001-30;2015-01-01;3;BRPR 55 SECURITIZADORA CRED IMOB S.A.;019941;FCA;50234;2015-08-17;http://www.rad.cvm.gov.br/ENETCONSULTA/frmDownloadDocumento.aspx?CodigoInstituicao=1&NumeroSequencialDocumento=50234
07.718.269/0001-57;2015-01-01;1;SPRINGS GLOBAL PARTICIPACOES S.A.;020966;FCA;45262;2015-03-25;http://www.rad.cvm.gov.br/ENETCONSULTA/frmDownloadDocumento.aspx?CodigoInstituicao=1&NumeroSequencialDocumento=45262
07.718.269/0001-57;2015-01-01;2;SPRINGS GLOBAL PARTICIPACOES S.A.;020966;FCA;47851;2015-05-28;http://www.rad.cvm.gov.br/ENETCONSULTA/frmDownloadDocumento.aspx?CodigoInstituicao=1&NumeroSequencialDocumento=47851
07.718.269/0001-57;2015-01-01;3;SPRINGS GLOBAL PARTICIPACOES S.A.;020966;FCA;48546;2015-06-09;http://www.rad.cvm.gov.br/ENETCONSULTA/frmDownloadDocumento.aspx?CodigoInstituicao=1&NumeroSequencialDocumento=48546
07.718.269/0001-57;2015-01-01;4;SPRINGS GLOBAL PARTICIPACOES S.A.;020966;FCA;52313;2015-12-04;http://www.rad.cvm.gov.br/ENETCONSULTA/frmDownloadDocumento.aspx?CodigoInstituicao=1&NumeroSequencialDocumento=52313
07.718.269/0001-57;2015-01-01;5;SPRINGS GLOBAL PARTICIPACOES S.A.;020966;FCA;52314;2015-12-04;http://www.rad.cvm.gov.br/ENETCONSULTA/frmDownloadDocumento.aspx?CodigoInstituicao=1&NumeroSequencialDocumento=52314
07.816.890/0001-53;2015-01-01;1;MULTIPLAN - EMPREEND IMOBILIARIOS S.A.;020982;FCA;44227;2015-02-24;http://www.rad.cvm.gov.br/ENETCONSULTA/frmDownloadDocumento.aspx?CodigoInstituicao=1&NumeroSequencialDocumento=44227
07.816.890/0001-53;2015-01-01;2;MULTIPLAN - EMPREEND IMOBILIARIOS S.A.;020982;FCA;46528;2015-05-06;http://www.rad.cvm.gov.br/ENETCONSULTA/frmDownloadDocumento.aspx?CodigoInstituicao=1&NumeroSequencialDocumento=46528
07.820.907/0001-46;2015-01-01;1;FICA EMPREENDIMENTOS IMOBILIÁRIOS S.A.;020630;FCA;45001;2015-03-16;http://www.rad.cvm.gov.br/ENETCONSULTA/frmDownloadDocumento.aspx?CodigoInstituicao=1&NumeroSequencialDocumento=45001
07.820.907/0001-46;2015-01-01;2;FICA EMPREENDIMENTOS IMOBILIÁRIOS S.A.;020630;FCA;48731;2015-06-19;http://www.rad.cvm.gov.br/ENETCONSULTA/frmDownloadDocumento.aspx?CodigoInstituicao=1&NumeroSequencialDocumento=48731
07.820.907/0001-46;2015-01-01;3;FICA EMPREENDIMENTOS IMOBILIÁRIOS S.A.;020630;FCA;52460;2015-12-15;http://www.rad.cvm.gov.br/ENETCONSULTA/frmDownloadDocumento.aspx?CodigoInstituicao=1&NumeroSequencialDocumento=52460
07.825.881/0001-29;2015-01-01;1;ACRUX SECURITIZADORA S/A;020230;FCA;44124;2015-02-13;http://www.rad.cvm.gov.br/ENETCONSULTA/frmDownloadDocumento.aspx?CodigoInstituicao=1&NumeroSequencialDocumento=44124
07.825.881/0001-29;2015-01-01;2;ACRUX SECURITIZADORA S/A;020230;FCA;47580;2015-05-19;http://www.rad.cvm.gov.br/ENETCONSULTA/frmDownloadDocumento.aspx?CodigoInstituicao=1&NumeroSequencialDocumento=47580
07.857.850/0001-50;2015-01-01;1;GP INVESTMENTS, LTD.;080020;FCA;43657;2015-01-27;http://www.rad.cvm.gov.br/ENETCONSULTA/frmDownloadDocumento.aspx?CodigoInstituicao=1&NumeroSequencialDocumento=43657
07.857.850/0001-50;2015-01-01;2;GP INVESTMENTS, LTD.;080020;FCA;46679;2015-05-08;http://www.rad.cvm.gov.br/ENETCONSULTA/frmDownloadDocumento.aspx?CodigoInstituicao=1&NumeroSequencialDocumento=46679
07.859.971/0001-30;2015-01-01;1;TRANSMISSORA ALIANÇA DE ENERGIA ELÉTRICA S.A.;020257;FCA;43384;2015-01-09;http://www.rad.cvm.gov.br/ENETCONSULTA/frmDownloadDocumento.aspx?CodigoInstituicao=1&NumeroSequencialDocumento=43384
07.859.971/0001-30;2015-01-01;2;TRANSMISSORA ALIANÇA DE ENERGIA ELÉTRICA S.A.;020257;FCA;51424;2015-11-09;http://www.rad.cvm.gov.br/ENETCONSULTA/frmDownloadDocumento.aspx?CodigoInstituicao=1&NumeroSequencialDocumento=51424
07.859.971/0001-30;2015-01-01;3;TRANSMISSORA ALIANÇA DE ENERGIA ELÉTRICA S.A.;020257;FCA;52291;2015-12-02;http://www.rad.cvm.gov.br/ENETCONSULTA/frmDownloadDocumento.aspx?CodigoInstituicao=1&NumeroSequencialDocumento=52291
07.950.674/0001-04;2015-01-01;1;CCX CARVÃO DA COLÔMBIA S.A. - EM LIQUIDAÇÃO;020184;FCA;45619;2015-03-30;http://www.rad.cvm.gov.br/ENETCONSULTA/frmDownloadDocumento.aspx?CodigoInstituicao=1&NumeroSequencialDocumento=45619
07.950.674/0001-04;2015-01-01;2;CCX CARVÃO DA COLÔMBIA S.A. - EM LIQUIDAÇÃO;020184;FCA;47909;2015-05-28;http://www.rad.cvm.gov.br/ENETCONSULTA/frmDownloadDocumento.aspx?CodigoInstituicao=1&NumeroSequencialDocumento=47909
07.957.093/0001-96;2015-01-01;1;ÓLEO E GÁS PARTICIPAÇÕES S.A.;020168;FCA;43717;2015-01-30;http://www.rad.cvm.gov.br/ENETCONSULTA/frmDownloadDocumento.aspx?CodigoInstituicao=1&NumeroSequencialDocumento=43717
07.957.093/0001-96;2015-01-01;2;ÓLEO E GÁS PARTICIPAÇÕES S.A.;020168;FCA;47595;2015-05-19;http://www.rad.cvm.gov.br/ENETCONSULTA/frmDownloadDocumento.aspx?CodigoInstituicao=1&NumeroSequencialDocumento=47595
08.065.557/0001-12;2015-01-01;1;TECNISA S.A.;020435;FCA;44270;2015-02-25;http://www.rad.cvm.gov.br/ENETCONSULTA/frmDownloadDocumento.aspx?CodigoInstituicao=1&NumeroSequencialDocumento=44270
08.065.557/0001-12;2015-01-01;2;TECNISA S.A.;020435;FCA;48201;2015-05-29;http://www.rad.cvm.gov.br/ENETCONSULTA/frmDownloadDocumento.aspx?CodigoInstituicao=1&NumeroSequencialDocumento=48201
08.065.557/0001-12;2015-01-01;3;TECNISA S.A.;020435;FCA;49275;2015-07-28;http://www.rad.cvm.gov.br/ENETCONSULTA/frmDownloadDocumento.aspx?CodigoInstituicao=1&NumeroSequencialDocumento=49275
08.070.508/0001-78;2015-01-01;1;RAIZEN ENERGIA S.A.;023230;FCA;43999;2015-02-11;http://www.rad.cvm.gov.br/ENETCONSULTA/frmDownloadDocumento.aspx?CodigoInstituicao=1&NumeroSequencialDocumento=43999
08.070.508/0001-78;2015-01-01;2;RAIZEN ENERGIA S.A.;023230;FCA;46324;2015-05-04;http://www.rad.cvm.gov.br/ENETCONSULTA/frmDownloadDocumento.aspx?CodigoInstituicao=1&NumeroSequencialDocumento=46324
08.078.847/0001-09;2015-01-01;1;LPS BRASIL - CONSULTORIA DE IMOVEIS S.A.;020370;FCA;45550;2015-03-30;http://www.rad.cvm.gov.br/ENETCONSULTA/frmDownloadDocumento.aspx?CodigoInstituicao=1&NumeroSequencialDocumento=45550
08.078.847/0001-09;2015-01-01;2;LPS BRASIL - CONSULTORIA DE IMOVEIS S.A.;020370;FCA;47577;2015-05-19;http://www.rad.cvm.gov.br/ENETCONSULTA/frmDownloadDocumento.aspx?CodigoInstituicao=1&NumeroSequencialDocumento=47577
08.159.965/0001-33;2015-01-01;1;IGUA SANEAMENTO S.A.;023175;FCA;43794;2015-02-04;http://www.rad.cvm.gov.br/ENETCONSULTA/frmDownloadDocumento.aspx?CodigoInstituicao=1&NumeroSequencialDocumento=43794
08.159.965/0001-33;2015-01-01;2;IGUA SANEAMENTO S.A.;023175;FCA;46476;2015-05-06;http://www.rad.cvm.gov.br/ENETCONSULTA/frmDownloadDocumento.aspx?CodigoInstituicao=1&NumeroSequencialDocumento=46476
08.219.477/0001-74;2015-01-01;1;ITAQUI GERAÇÃO DE ENERGIA S.A.;023213;FCA;45436;2015-03-27;http://www.rad.cvm.gov.br/ENETCONSULTA/frmDownloadDocumento.aspx?CodigoInstituicao=1&NumeroSequencialDocumento=45436
08.219.477/0001-74;2015-01-01;2;ITAQUI GERAÇÃO DE ENERGIA S.A.;023213;FCA;48097;2015-05-29;http://www.rad.cvm.gov.br/ENETCONSULTA/frmDownloadDocumento.aspx?CodigoInstituicao=1&NumeroSequencialDocumento=48097
08.281.683/0001-04;2015-01-01;1;RJ CAPITAL PARTNERS S.A.;022330;FCA;44447;2015-03-02;http://www.rad.cvm.gov.br/ENETCONSULTA/frmDownloadDocumento.aspx?CodigoInstituicao=1&NumeroSequencialDocumento=44447
08.294.224/0001-65;2015-01-01;1;JHSF PARTICIPACOES S.A.;020605;FCA;43738;2015-02-02;http://www.rad.cvm.gov.br/ENETCONSULTA/frmDownloadDocumento.aspx?CodigoInstituicao=1&NumeroSequencialDocumento=43738
08.294.224/0001-65;2015-01-01;2;JHSF PARTICIPACOES S.A.;020605;FCA;50611;2015-09-18;http://www.rad.cvm.gov.br/ENETCONSULTA/frmDownloadDocumento.aspx?CodigoInstituicao=1&NumeroSequencialDocumento=50611
08.294.224/0001-65;2015-01-01;3;JHSF PARTICIPACOES S.A.;020605;FCA;51355;2015-11-06;http://www.rad.cvm.gov.br/ENETCONSULTA/frmDownloadDocumento.aspx?CodigoInstituicao=1&NumeroSequencialDocumento=51355
08.312.229/0001-73;2015-01-01;1;EZ TEC EMPREEND. E PARTICIPACOES S.A.;020770;FCA;45020;2015-03-17;http://www.rad.cvm.gov.br/ENETCONSULTA/frmDownloadDocumento.aspx?CodigoInstituicao=1&NumeroSequencialDocumento=45020
08.312.229/0001-73;2015-01-01;2;EZ TEC EMPREEND. E PARTICIPACOES S.A.;020770;FCA;46078;2015-04-22;http://www.rad.cvm.gov.br/ENETCONSULTA/frmDownloadDocumento.aspx?CodigoInstituicao=1&NumeroSequencialDocumento=46078
08.312.229/0001-73;2015-01-01;3;EZ TEC EMPREEND. E PARTICIPACOES S.A.;020770;FCA;47554;2015-05-18;http://www.rad.cvm.gov.br/ENETCONSULTA/frmDownloadDocumento.aspx?CodigoInstituicao=1&NumeroSequencialDocumento=47554
08.312.229/0001-73;2015-01-01;4;EZ TEC EMPREEND. E PARTICIPACOES S.A.;020770;FCA;49618;2015-08-10;http://www.rad.cvm.gov.br/ENETCONSULTA/frmDownloadDocumento.aspx?CodigoInstituicao=1&NumeroSequencialDocumento=49618
08.324.196/0001-81;2015-01-01;1;CIA ENERGETICA DO RIO GDE NORTE - COSERN;018139;FCA;44264;2015-02-25;http://www.rad.cvm.gov.br/ENETCONSULTA/frmDownloadDocumento.aspx?CodigoInstituicao=1&NumeroSequencialDocumento=44264
08.324.196/0001-81;2015-01-01;2;CIA ENERGETICA DO RIO GDE NORTE - COSERN;018139;FCA;48675;2015-06-17;http://www.rad.cvm.gov.br/ENETCONSULTA/frmDownloadDocumento.aspx?CodigoInstituicao=1&NumeroSequencialDocumento=48675
08.324.196/0001-81;2015-01-01;3;CIA ENERGETICA DO RIO GDE NORTE - COSERN;018139;FCA;48845;2015-06-29;http://www.rad.cvm.gov.br/ENETCONSULTA/frmDownloadDocumento.aspx?CodigoInstituicao=1&NumeroSequencialDocumento=48845
08.324.196/0001-81;2015-01-01;4;CIA ENERGETICA DO RIO GDE NORTE - COSERN;018139;FCA;48914;2015-07-03;http://www.rad.cvm.gov.br/ENETCONSULTA/frmDownloadDocumento.aspx?CodigoInstituicao=1&NumeroSequencialDocumento=48914
08.324.196/0001-81;2015-01-01;5;CIA ENERGETICA DO RIO GDE NORTE - COSERN;018139;FCA;49002;2015-07-09;http://www.rad.cvm.gov.br/ENETCONSULTA/frmDownloadDocumento.aspx?CodigoInstituicao=1&NumeroSequencialDocumento=49002
08.324.196/0001-81;2015-01-01;6;CIA ENERGETICA DO RIO GDE NORTE - COSERN;018139;FCA;49030;2015-07-10;http://www.rad.cvm.gov.br/ENETCONSULTA/frmDownloadDocumento.aspx?CodigoInstituicao=1&NumeroSequencialDocumento=49030
08.343.492/0001-20;2015-01-01;1;MRV ENGENHARIA E PARTICIPACOES S.A.;020915;FCA;43347;2015-01-08;http://www.rad.cvm.gov.br/ENETCONSULTA/frmDownloadDocumento.aspx?CodigoInstituicao=1&NumeroSequencialDocumento=43347
08.343.492/0001-20;2015-01-01;2;MRV ENGENHARIA E PARTICIPACOES S.A.;020915;FCA;44719;2015-03-05;http://www.rad.cvm.gov.br/ENETCONSULTA/frmDownloadDocumento.aspx?CodigoInstituicao=1&NumeroSequencialDocumento=44719
08.343.492/0001-20;2015-01-01;3;MRV ENGENHARIA E PARTICIPACOES S.A.;020915;FCA;48832;2015-06-29;http://www.rad.cvm.gov.br/ENETCONSULTA/frmDownloadDocumento.aspx?CodigoInstituicao=1&NumeroSequencialDocumento=48832
08.343.492/0001-20;2015-01-01;4;MRV ENGENHARIA E PARTICIPACOES S.A.;020915;FCA;49081;2015-07-15;http://www.rad.cvm.gov.br/ENETCONSULTA/frmDownloadDocumento.aspx?CodigoInstituicao=1&NumeroSequencialDocumento=49081
08.364.948/0001-38;2015-01-01;1;ALUPAR INVESTIMENTO S/A;021490;FCA;44699;2015-03-04;http://www.rad.cvm.gov.br/ENETCONSULTA/frmDownloadDocumento.aspx?CodigoInstituicao=1&NumeroSequencialDocumento=44699
08.364.948/0001-38;2015-01-01;2;ALUPAR INVESTIMENTO S/A;021490;FCA;46412;2015-05-05;http://www.rad.cvm.gov.br/ENETCONSULTA/frmDownloadDocumento.aspx?CodigoInstituicao=1&NumeroSequencialDocumento=46412
08.364.948/0001-38;2015-01-01;3;ALUPAR INVESTIMENTO S/A;021490;FCA;48532;2015-06-08;http://www.rad.cvm.gov.br/ENETCONSULTA/frmDownloadDocumento.aspx?CodigoInstituicao=1&NumeroSequencialDocumento=48532
08.402.943/0001-52;2015-01-01;1;GUARARAPES CONFECCOES S.A.;004669;FCA;44322;2015-02-26;http://www.rad.cvm.gov.br/ENETCONSULTA/frmDownloadDocumento.aspx?CodigoInstituicao=1&NumeroSequencialDocumento=44322
08.402.943/0001-52;2015-01-01;2;GUARARAPES CONFECCOES S.A.;004669;FCA;44463;2015-03-02;http://www.rad.cvm.gov.br/ENETCONSULTA/frmDownloadDocumento.aspx?CodigoInstituicao=1&NumeroSequencialDocumento=44463
08.424.178/0001-71;2015-01-01;1;TECBLU TECELAGEM BLUMENAU S.A.;011215;FCA;45498;2015-03-30;http://www.rad.cvm.gov.br/ENETCONSULTA/frmDownloadDocumento.aspx?CodigoInstituicao=1&NumeroSequencialDocumento=45498
08.424.178/0001-71;2015-01-01;2;TECBLU TECELAGEM BLUMENAU S.A.;011215;FCA;47799;2015-05-27;http://www.rad.cvm.gov.br/ENETCONSULTA/frmDownloadDocumento.aspx?CodigoInstituicao=1&NumeroSequencialDocumento=47799
08.439.659/0001-50;2015-01-01;1;CPFL ENERGIAS RENOVÁVEIS S.A.;020540;FCA;45210;2015-03-24;http://www.rad.cvm.gov.br/ENETCONSULTA/frmDownloadDocumento.aspx?CodigoInstituicao=1&NumeroSequencialDocumento=45210
08.439.659/0001-50;2015-01-01;2;CPFL ENERGIAS RENOVÁVEIS S.A.;020540;FCA;45986;2015-04-15;http://www.rad.cvm.gov.br/ENETCONSULTA/frmDownloadDocumento.aspx?CodigoInstituicao=1&NumeroSequencialDocumento=45986
08.439.659/0001-50;2015-01-01;3;CPFL ENERGIAS RENOVÁVEIS S.A.;020540;FCA;46350;2015-05-04;http://www.rad.cvm.gov.br/ENETCONSULTA/frmDownloadDocumento.aspx?CodigoInstituicao=1&NumeroSequencialDocumento=46350
08.467.115/0001-00;2015-01-01;1;CIA ESTADUAL DE DISTRIB ENER ELET-CEEE-D;020648;FCA;43506;2015-01-15;http://www.rad.cvm.gov.br/ENETCONSULTA/frmDownloadDocumento.aspx?CodigoInstituicao=1&NumeroSequencialDocumento=43506
08.467.115/0001-00;2015-01-01;2;CIA ESTADUAL DE DISTRIB ENER ELET-CEEE-D;020648;FCA;43690;2015-01-29;http://www.rad.cvm.gov.br/ENETCONSULTA/frmDownloadDocumento.aspx?CodigoInstituicao=1&NumeroSequencialDocumento=43690
08.467.115/0001-00;2015-01-01;3;CIA ESTADUAL DE DISTRIB ENER ELET-CEEE-D;020648;FCA;46772;2015-05-11;http://www.rad.cvm.gov.br/ENETCONSULTA/frmDownloadDocumento.aspx?CodigoInstituicao=1&NumeroSequencialDocumento=46772
08.467.115/0001-00;2015-01-01;4;CIA ESTADUAL DE DISTRIB ENER ELET-CEEE-D;020648;FCA;49269;2015-07-28;http://www.rad.cvm.gov.br/ENETCONSULTA/frmDownloadDocumento.aspx?CodigoInstituicao=1&NumeroSequencialDocumento=49269
08.493.364/0001-62;2015-01-01;1;CIA MINEIRA DE AÇUCAR E ALCOOL PARTICIPAÇÕES;021709;FCA;43993;2015-02-11;http://www.rad.cvm.gov.br/ENETCONSULTA/frmDownloadDocumento.aspx?CodigoInstituicao=1&NumeroSequencialDocumento=43993
08.493.364/0001-62;2015-01-01;2;CIA MINEIRA DE AÇUCAR E ALCOOL PARTICIPAÇÕES;021709;FCA;47738;2015-05-26;http://www.rad.cvm.gov.br/ENETCONSULTA/frmDownloadDocumento.aspx?CodigoInstituicao=1&NumeroSequencialDocumento=47738
08.534.605/0001-74;2015-01-01;1;RENOVA ENERGIA S.A. - EM RECUPERAÇÃO JUDICIAL;021636;FCA;43433;2015-01-12;http://www.rad.cvm.gov.br/ENETCONSULTA/frmDownloadDocumento.aspx?CodigoInstituicao=1&NumeroSequencialDocumento=43433
08.534.605/0001-74;2015-01-01;2;RENOVA ENERGIA S.A. - EM RECUPERAÇÃO JUDICIAL;021636;FCA;52202;2015-11-26;http://www.rad.cvm.gov.br/ENETCONSULTA/frmDownloadDocumento.aspx?CodigoInstituicao=1&NumeroSequencialDocumento=52202
08.560.444/0001-93;2015-01-01;1;CIA CELG DE PARTICIPACOES - CELGPAR;021393;FCA;43522;2015-01-16;http://www.rad.cvm.gov.br/ENETCONSULTA/frmDownloadDocumento.aspx?CodigoInstituicao=1&NumeroSequencialDocumento=43522
08.560.444/0001-93;2015-01-01;2;CIA CELG DE PARTICIPACOES - CELGPAR;021393;FCA;47751;2015-05-26;http://www.rad.cvm.gov.br/ENETCONSULTA/frmDownloadDocumento.aspx?CodigoInstituicao=1&NumeroSequencialDocumento=47751
08.560.444/0001-93;2015-01-01;3;CIA CELG DE PARTICIPACOES - CELGPAR;021393;FCA;50214;2015-08-17;http://www.rad.cvm.gov.br/ENETCONSULTA/frmDownloadDocumento.aspx?CodigoInstituicao=1&NumeroSequencialDocumento=50214
08.560.444/0001-93;2015-01-01;4;CIA CELG DE PARTICIPACOES - CELGPAR;021393;FCA;52162;2015-11-24;http://www.rad.cvm.gov.br/ENETCONSULTA/frmDownloadDocumento.aspx?CodigoInstituicao=1&NumeroSequencialDocumento=52162
08.613.550/0001-98;2015-01-01;1;NEXPE PARTICIPAÇÕES S.A;021180;FCA;44067;2015-02-12;http://www.rad.cvm.gov.br/ENETCONSULTA/frmDownloadDocumento.aspx?CodigoInstituicao=1&NumeroSequencialDocumento=44067
08.613.550/0001-98;2015-01-01;2;NEXPE PARTICIPAÇÕES S.A;021180;FCA;50375;2015-08-25;http://www.rad.cvm.gov.br/ENETCONSULTA/frmDownloadDocumento.aspx?CodigoInstituicao=1&NumeroSequencialDocumento=50375
08.648.295/0001-19;2015-01-01;1;ALLIS PARTICIPAÇÕES S.A.;020850;FCA;43670;2015-01-28;http://www.rad.cvm.gov.br/ENETCONSULTA/frmDownloadDocumento.aspx?CodigoInstituicao=1&NumeroSequencialDocumento=43670
08.648.295/0001-19;2015-01-01;2;ALLIS PARTICIPAÇÕES S.A.;020850;FCA;46285;2015-05-03;http://www.rad.cvm.gov.br/ENETCONSULTA/frmDownloadDocumento.aspx?CodigoInstituicao=1&NumeroSequencialDocumento=46285
08.653.753/0001-08;2015-01-01;1;BRC SECURITIZADORA S.A.;020672;FCA;44964;2015-03-13;http://www.rad.cvm.gov.br/ENETCONSULTA/frmDownloadDocumento.aspx?CodigoInstituicao=1&NumeroSequencialDocumento=44964
08.653.753/0001-08;2015-01-01;2;BRC SECURITIZADORA S.A.;020672;FCA;45038;2015-03-18;http://www.rad.cvm.gov.br/ENETCONSULTA/frmDownloadDocumento.aspx?CodigoInstituicao=1&NumeroSequencialDocumento=45038
08.653.753/0001-08;2015-01-01;3;BRC SECURITIZADORA S.A.;020672;FCA;46009;2015-04-17;http://www.rad.cvm.gov.br/ENETCONSULTA/frmDownloadDocumento.aspx?CodigoInstituicao=1&NumeroSequencialDocumento=46009
08.684.547/0001-65;2015-01-01;1;MAGNESITA REFRATARIOS S.A.;020842;FCA;45005;2015-03-16;http://www.rad.cvm.gov.br/ENETCONSULTA/frmDownloadDocumento.aspx?CodigoInstituicao=1&NumeroSequencialDocumento=45005
08.723.106/0001-25;2015-01-01;1;BHG S.A. - BRAZIL HOSPITALITY GROUP;020907;FCA;44150;2015-02-19;http://www.rad.cvm.gov.br/ENETCONSULTA/frmDownloadDocumento.aspx?CodigoInstituicao=1&NumeroSequencialDocumento=44150
08.723.106/0001-25;2015-01-01;2;BHG S.A. - BRAZIL HOSPITALITY GROUP;020907;FCA;47774;2015-05-27;http://www.rad.cvm.gov.br/ENETCONSULTA/frmDownloadDocumento.aspx?CodigoInstituicao=1&NumeroSequencialDocumento=47774
08.741.499/0001-08;2015-01-01;1;PRUMO LOGISTICA SA;021482;FCA;43279;2015-01-05;http://www.rad.cvm.gov.br/ENETCONSULTA/frmDownloadDocumento.aspx?CodigoInstituicao=1&NumeroSequencialDocumento=43279
08.741.499/0001-08;2015-01-01;2;PRUMO LOGISTICA SA;021482;FCA;46934;2015-05-12;http://www.rad.cvm.gov.br/ENETCONSULTA/frmDownloadDocumento.aspx?CodigoInstituicao=1&NumeroSequencialDocumento=46934
08.764.621/0001-53;2015-01-01;1;GENERAL SHOPPING E OUTLETS DO BRASIL BRASIL S.A.;021008;FCA;43606;2015-01-22;http://www.rad.cvm.gov.br/ENETCONSULTA/frmDownloadDocumento.aspx?CodigoInstituicao=1&NumeroSequencialDocumento=43606
08.764.621/0001-53;2015-01-01;2;GENERAL SHOPPING E OUTLETS DO BRASIL BRASIL S.A.;021008;FCA;48235;2015-05-29;http://www.rad.cvm.gov.br/ENETCONSULTA/frmDownloadDocumento.aspx?CodigoInstituicao=1&NumeroSequencialDocumento=48235
08.769.451/0001-08;2015-01-01;1;VIRGO COMPANHIA DE SECURITIZAÇÃO;020818;FCA;45282;2015-03-26;http://www.rad.cvm.gov.br/ENETCONSULTA/frmDownloadDocumento.aspx?CodigoInstituicao=1&NumeroSequencialDocumento=45282
08.795.211/0001-70;2015-01-01;1;MAESTRO LOCADORA DE VEICULOS S.A.;023612;FCA;47829;2015-05-28;http://www.rad.cvm.gov.br/ENETCONSULTA/frmDownloadDocumento.aspx?CodigoInstituicao=1&NumeroSequencialDocumento=47829
08.801.621/0001-86;2015-01-01;1;SYN PROP & TECH S.A.;021040;FCA;44416;2015-03-02;http://www.rad.cvm.gov.br/ENETCONSULTA/frmDownloadDocumento.aspx?CodigoInstituicao=1&NumeroSequencialDocumento=44416
08.807.432/0001-10;2015-01-01;1;YDUQS PARTICIPACOES S.A.;021016;FCA;43503;2015-01-15;http://www.rad.cvm.gov.br/ENETCONSULTA/frmDownloadDocumento.aspx?CodigoInstituicao=1&NumeroSequencialDocumento=43503
08.811.643/0001-27;2015-01-01;1;TRISUL S.A.;021130;FCA;43396;2015-01-09;http://www.rad.cvm.gov.br/ENETCONSULTA/frmDownloadDocumento.aspx?CodigoInstituicao=1&NumeroSequencialDocumento=43396
08.827.501/0001-58;2015-01-01;1;AEGEA SANEAMENTO E PARTICIPAÇÕES S.A.;023396;FCA;44405;2015-02-28;http://www.rad.cvm.gov.br/ENETCONSULTA/frmDownloadDocumento.aspx?CodigoInstituicao=1&NumeroSequencialDocumento=44405
08.873.873/0001-10;2015-01-01;1;ECORODOVIAS CONCESSÕES E SERVIÇOS S.A.;021903;FCA;43400;2015-01-09;http://www.rad.cvm.gov.br/ENETCONSULTA/frmDownloadDocumento.aspx?CodigoInstituicao=1&NumeroSequencialDocumento=43400
08.873.873/0001-10;2015-01-01;2;ECORODOVIAS CONCESSÕES E SERVIÇOS S.A.;021903;FCA;48062;2015-05-29;http://www.rad.cvm.gov.br/ENETCONSULTA/frmDownloadDocumento.aspx?CodigoInstituicao=1&NumeroSequencialDocumento=48062
08.884.213/0001-35;2015-01-01;1;BCO PATAGONIA S.A.;080063;FCA;44312;2015-02-26;http://www.rad.cvm.gov.br/ENETCONSULTA/frmDownloadDocumento.aspx?CodigoInstituicao=1&NumeroSequencialDocumento=44312
08.884.213/0001-35;2015-01-01;2;BCO PATAGONIA S.A.;080063;FCA;48028;2015-05-29;http://www.rad.cvm.gov.br/ENETCONSULTA/frmDownloadDocumento.aspx?CodigoInstituicao=1&NumeroSequencialDocumento=48028
08.887.330/0001-52;2015-01-01;1;COSAN LIMITED;080071;FCA;44110;2015-02-13;http://www.rad.cvm.gov.br/ENETCONSULTA/frmDownloadDocumento.aspx?CodigoInstituicao=1&NumeroSequencialDocumento=44110
08.887.330/0001-52;2015-01-01;2;COSAN LIMITED;080071;FCA;46529;2015-05-06;http://www.rad.cvm.gov.br/ENETCONSULTA/frmDownloadDocumento.aspx?CodigoInstituicao=1&NumeroSequencialDocumento=46529
08.887.330/0001-52;2015-01-01;3;COSAN LIMITED;080071;FCA;48559;2015-06-09;http://www.rad.cvm.gov.br/ENETCONSULTA/frmDownloadDocumento.aspx?CodigoInstituicao=1&NumeroSequencialDocumento=48559
08.903.116/0001-42;2015-01-01;1;NOVA SECURITIZACAO S.A.;021105;FCA;43508;2015-01-15;http://www.rad.cvm.gov.br/ENETCONSULTA/frmDownloadDocumento.aspx?CodigoInstituicao=1&NumeroSequencialDocumento=43508
08.903.116/0001-42;2015-01-01;2;NOVA SECURITIZACAO S.A.;021105;FCA;46381;2015-05-05;http://www.rad.cvm.gov.br/ENETCONSULTA/frmDownloadDocumento.aspx?CodigoInstituicao=1&NumeroSequencialDocumento=46381
08.926.302/0001-05;2015-01-01;1;DOMMO ENERGIA S.A.;023493;FCA;43718;2015-01-30;http://www.rad.cvm.gov.br/ENETCONSULTA/frmDownloadDocumento.aspx?CodigoInstituicao=1&NumeroSequencialDocumento=43718
08.926.302/0001-05;2015-01-01;2;DOMMO ENERGIA S.A.;023493;FCA;46824;2015-05-11;http://www.rad.cvm.gov.br/ENETCONSULTA/frmDownloadDocumento.aspx?CodigoInstituicao=1&NumeroSequencialDocumento=46824
08.935.054/0001-50;2015-01-01;1;MULTINER S/A;021520;FCA;45723;2015-03-31;http://www.rad.cvm.gov.br/ENETCONSULTA/frmDownloadDocumento.aspx?CodigoInstituicao=1&NumeroSequencialDocumento=45723
08.935.054/0001-50;2015-01-01;2;MULTINER S/A;021520;FCA;45753;2015-04-01;http://www.rad.cvm.gov.br/ENETCONSULTA/frmDownloadDocumento.aspx?CodigoInstituicao=1&NumeroSequencialDocumento=45753
08.936.792/0001-12;2015-01-01;1;INTERNATIONAL MEAL COMPANY HOLDINGS S/A;022438;FCA;43813;2015-02-05;http://www.rad.cvm.gov.br/ENETCONSULTA/frmDownloadDocumento.aspx?CodigoInstituicao=1&NumeroSequencialDocumento=43813
08.937.002/0001-13;2015-01-01;1;VISION SECURITIZADORA S.A.;021075;FCA;45534;2015-03-30;http://www.rad.cvm.gov.br/ENETCONSULTA/frmDownloadDocumento.aspx?CodigoInstituicao=1&NumeroSequencialDocumento=45534
08.937.002/0001-13;2015-01-01;2;VISION SECURITIZADORA S.A.;021075;FCA;47709;2015-05-25;http://www.rad.cvm.gov.br/ENETCONSULTA/frmDownloadDocumento.aspx?CodigoInstituicao=1&NumeroSequencialDocumento=47709
09.041.168/0001-10;2015-01-01;1;LOG COMMERCIAL PROPERTIES E PARTICIPAÇÕES;023272;FCA;44384;2015-02-27;http://www.rad.cvm.gov.br/ENETCONSULTA/frmDownloadDocumento.aspx?CodigoInstituicao=1&NumeroSequencialDocumento=44384
09.041.168/0001-10;2015-01-01;2;LOG COMMERCIAL PROPERTIES E PARTICIPAÇÕES;023272;FCA;45886;2015-04-09;http://www.rad.cvm.gov.br/ENETCONSULTA/frmDownloadDocumento.aspx?CodigoInstituicao=1&NumeroSequencialDocumento=45886
09.054.385/0001-44;2015-01-01;1;INBRANDS S.A.;022560;FCA;43988;2015-02-10;http://www.rad.cvm.gov.br/ENETCONSULTA/frmDownloadDocumento.aspx?CodigoInstituicao=1&NumeroSequencialDocumento=43988
09.074.183/0001-64;2015-01-01;1;TRANSBRASILIANA CONCESSIONÁRIA DE RODOVIA S.A;022225;FCA;43716;2015-01-30;http://www.rad.cvm.gov.br/ENETCONSULTA/frmDownloadDocumento.aspx?CodigoInstituicao=1&NumeroSequencialDocumento=43716
09.074.183/0001-64;2015-01-01;2;TRANSBRASILIANA CONCESSIONÁRIA DE RODOVIA S.A;022225;FCA;47176;2015-05-14;http://www.rad.cvm.gov.br/ENETCONSULTA/frmDownloadDocumento.aspx?CodigoInstituicao=1&NumeroSequencialDocumento=47176
09.095.183/0001-40;2015-01-01;1;ENERGISA PARAÍBA - DISTRIBUIDORA DE ENERGIA S/A;021938;FCA;43723;2015-02-02;http://www.rad.cvm.gov.br/ENETCONSULTA/frmDownloadDocumento.aspx?CodigoInstituicao=1&NumeroSequencialDocumento=43723
09.095.183/0001-40;2015-01-01;2;ENERGISA PARAÍBA - DISTRIBUIDORA DE ENERGIA S/A;021938;FCA;46370;2015-05-05;http://www.rad.cvm.gov.br/ENETCONSULTA/frmDownloadDocumento.aspx?CodigoInstituicao=1&NumeroSequencialDocumento=46370
09.112.685/0001-32;2015-01-01;1;OSX BRASIL S.A. - EM RECUPERAÇÃO JUDICIAL;021342;FCA;43825;2015-02-05;http://www.rad.cvm.gov.br/ENETCONSULTA/frmDownloadDocumento.aspx?CodigoInstituicao=1&NumeroSequencialDocumento=43825
09.112.685/0001-32;2015-01-01;2;OSX BRASIL S.A. - EM RECUPERAÇÃO JUDICIAL;021342;FCA;44316;2015-02-26;http://www.rad.cvm.gov.br/ENETCONSULTA/frmDownloadDocumento.aspx?CodigoInstituicao=1&NumeroSequencialDocumento=44316
09.112.685/0001-32;2015-01-01;3;OSX BRASIL S.A. - EM RECUPERAÇÃO JUDICIAL;021342;FCA;44821;2015-03-06;http://www.rad.cvm.gov.br/ENETCONSULTA/frmDownloadDocumento.aspx?CodigoInstituicao=1&NumeroSequencialDocumento=44821
09.112.685/0001-32;2015-01-01;4;OSX BRASIL S.A. - EM RECUPERAÇÃO JUDICIAL;021342;FCA;45926;2015-04-10;http://www.rad.cvm.gov.br/ENETCONSULTA/frmDownloadDocumento.aspx?CodigoInstituicao=1&NumeroSequencialDocumento=45926
09.112.685/0001-32;2015-01-01;5;OSX BRASIL S.A. - EM RECUPERAÇÃO JUDICIAL;021342;FCA;47808;2015-05-27;http://www.rad.cvm.gov.br/ENETCONSULTA/frmDownloadDocumento.aspx?CodigoInstituicao=1&NumeroSequencialDocumento=47808
09.112.685/0001-32;2015-01-01;6;OSX BRASIL S.A. - EM RECUPERAÇÃO JUDICIAL;021342;FCA;50428;2015-09-01;http://www.rad.cvm.gov.br/ENETCONSULTA/frmDownloadDocumento.aspx?CodigoInstituicao=1&NumeroSequencialDocumento=50428
09.112.685/0001-32;2015-01-01;7;OSX BRASIL S.A. - EM RECUPERAÇÃO JUDICIAL;021342;FCA;50713;2015-09-25;http://www.rad.cvm.gov.br/ENETCONSULTA/frmDownloadDocumento.aspx?CodigoInstituicao=1&NumeroSequencialDocumento=50713
09.116.278/0001-01;2015-01-01;1;CONPEL CIA NORDESTINA PAPEL - EM RECUPERAÇÃO JUDICIAL;004685;FCA;45421;2015-03-27;http://www.rad.cvm.gov.br/ENETCONSULTA/frmDownloadDocumento.aspx?CodigoInstituicao=1&NumeroSequencialDocumento=45421
09.116.278/0001-01;2015-01-01;2;CONPEL CIA NORDESTINA PAPEL - EM RECUPERAÇÃO JUDICIAL;004685;FCA;46677;2015-05-08;http://www.rad.cvm.gov.br/ENETCONSULTA/frmDownloadDocumento.aspx?CodigoInstituicao=1&NumeroSequencialDocumento=46677
09.149.503/0001-06;2015-01-01;1;SERENA GERAÇÃO S.A.;023426;FCA;44219;2015-02-24;http://www.rad.cvm.gov.br/ENETCONSULTA/frmDownloadDocumento.aspx?CodigoInstituicao=1&NumeroSequencialDocumento=44219
09.149.503/0001-06;2015-01-01;2;SERENA GERAÇÃO S.A.;023426;FCA;50853;2015-10-07;http://www.rad.cvm.gov.br/ENETCONSULTA/frmDownloadDocumento.aspx?CodigoInstituicao=1&NumeroSequencialDocumento=50853
09.257.877/0001-37;2015-01-01;1;FERROVIA NORTE SUL S/A;021814;FCA;45247;2015-03-25;http://www.rad.cvm.gov.br/ENETCONSULTA/frmDownloadDocumento.aspx?CodigoInstituicao=1&NumeroSequencialDocumento=45247
09.257.877/0001-37;2015-01-01;2;FERROVIA NORTE SUL S/A;021814;FCA;50389;2015-08-27;http://www.rad.cvm.gov.br/ENETCONSULTA/frmDownloadDocumento.aspx?CodigoInstituicao=1&NumeroSequencialDocumento=50389
09.257.877/0001-37;2015-01-01;3;FERROVIA NORTE SUL S/A;021814;FCA;50395;2015-08-27;http://www.rad.cvm.gov.br/ENETCONSULTA/frmDownloadDocumento.aspx?CodigoInstituicao=1&NumeroSequencialDocumento=50395
09.288.252/0001-32;2015-01-01;1;ANIMA HOLDING S.A.;023248;FCA;43517;2015-01-15;http://www.rad.cvm.gov.br/ENETCONSULTA/frmDownloadDocumento.aspx?CodigoInstituicao=1&NumeroSequencialDocumento=43517
09.295.063/0001-97;2015-01-01;1;TECHNOS S.A.;022519;FCA;43519;2015-01-16;http://www.rad.cvm.gov.br/ENETCONSULTA/frmDownloadDocumento.aspx?CodigoInstituicao=1&NumeroSequencialDocumento=43519
09.304.427/0001-58;2015-01-01;1;HABITASEC SECURITIZADORA SA;021628;FCA;45387;2015-03-27;http://www.rad.cvm.gov.br/ENETCONSULTA/frmDownloadDocumento.aspx?CodigoInstituicao=1&NumeroSequencialDocumento=45387
09.313.969/0001-97;2015-01-01;1;AUTOPISTA LITORAL SUL;021997;FCA;43732;2015-02-02;http://www.rad.cvm.gov.br/ENETCONSULTA/frmDownloadDocumento.aspx?CodigoInstituicao=1&NumeroSequencialDocumento=43732
09.313.969/0001-97;2015-01-01;2;AUTOPISTA LITORAL SUL;021997;FCA;44766;2015-03-05;http://www.rad.cvm.gov.br/ENETCONSULTA/frmDownloadDocumento.aspx?CodigoInstituicao=1&NumeroSequencialDocumento=44766
09.313.969/0001-97;2015-01-01;3;AUTOPISTA LITORAL SUL;021997;FCA;50558;2015-09-14;http://www.rad.cvm.gov.br/ENETCONSULTA/frmDownloadDocumento.aspx?CodigoInstituicao=1&NumeroSequencialDocumento=50558
09.324.949/0001-11;2015-01-01;1;AUTOPISTA FLUMINENSE SA;022004;FCA;44304;2015-02-26;http://www.rad.cvm.gov.br/ENETCONSULTA/frmDownloadDocumento.aspx?CodigoInstituicao=1&NumeroSequencialDocumento=44304
09.324.949/0001-11;2015-01-01;2;AUTOPISTA FLUMINENSE SA;022004;FCA;44778;2015-03-05;http://www.rad.cvm.gov.br/ENETCONSULTA/frmDownloadDocumento.aspx?CodigoInstituicao=1&NumeroSequencialDocumento=44778
09.324.949/0001-11;2015-01-01;3;AUTOPISTA FLUMINENSE SA;022004;FCA;50646;2015-09-22;http://www.rad.cvm.gov.br/ENETCONSULTA/frmDownloadDocumento.aspx?CodigoInstituicao=1&NumeroSequencialDocumento=50646
09.325.109/0001-73;2015-01-01;1;AUTOPISTA PLANALTO SUL SA;021970;FCA;44303;2015-02-26;http://www.rad.cvm.gov.br/ENETCONSULTA/frmDownloadDocumento.aspx?CodigoInstituicao=1&NumeroSequencialDocumento=44303
09.325.109/0001-73;2015-01-01;2;AUTOPISTA PLANALTO SUL SA;021970;FCA;44771;2015-03-05;http://www.rad.cvm.gov.br/ENETCONSULTA/frmDownloadDocumento.aspx?CodigoInstituicao=1&NumeroSequencialDocumento=44771
09.325.109/0001-73;2015-01-01;3;AUTOPISTA PLANALTO SUL SA;021970;FCA;50568;2015-09-14;http://www.rad.cvm.gov.br/ENETCONSULTA/frmDownloadDocumento.aspx?CodigoInstituicao=1&NumeroSequencialDocumento=50568
09.326.342/0001-70;2015-01-01;1;AUTOPISTA FERNÃO DIAS SA;021989;FCA;43801;2015-02-04;http://www.rad.cvm.gov.br/ENETCONSULTA/frmDownloadDocumento.aspx?CodigoInstituicao=1&NumeroSequencialDocumento=43801
09.326.342/0001-70;2015-01-01;2;AUTOPISTA FERNÃO DIAS SA;021989;FCA;44781;2015-03-05;http://www.rad.cvm.gov.br/ENETCONSULTA/frmDownloadDocumento.aspx?CodigoInstituicao=1&NumeroSequencialDocumento=44781
09.326.342/0001-70;2015-01-01;3;AUTOPISTA FERNÃO DIAS SA;021989;FCA;50556;2015-09-14;http://www.rad.cvm.gov.br/ENETCONSULTA/frmDownloadDocumento.aspx?CodigoInstituicao=1&NumeroSequencialDocumento=50556
09.336.431/0001-06;2015-01-01;1;AUTOPISTA REGIS BITTENCOURT SA;021962;FCA;44298;2015-02-26;http://www.rad.cvm.gov.br/ENETCONSULTA/frmDownloadDocumento.aspx?CodigoInstituicao=1&NumeroSequencialDocumento=44298
09.336.431/0001-06;2015-01-01;2;AUTOPISTA REGIS BITTENCOURT SA;021962;FCA;44793;2015-03-05;http://www.rad.cvm.gov.br/ENETCONSULTA/frmDownloadDocumento.aspx?CodigoInstituicao=1&NumeroSequencialDocumento=44793
09.336.431/0001-06;2015-01-01;3;AUTOPISTA REGIS BITTENCOURT SA;021962;FCA;50557;2015-09-14;http://www.rad.cvm.gov.br/ENETCONSULTA/frmDownloadDocumento.aspx?CodigoInstituicao=1&NumeroSequencialDocumento=50557
09.346.601/0001-25;2015-01-01;1;B3 S.A. - BRASIL, BOLSA, BALCÃO;021610;FCA;43991;2015-02-10;http://www.rad.cvm.gov.br/ENETCONSULTA/frmDownloadDocumento.aspx?CodigoInstituicao=1&NumeroSequencialDocumento=43991
09.346.601/0001-25;2015-01-01;2;B3 S.A. - BRASIL, BOLSA, BALCÃO;021610;FCA;44007;2015-02-11;http://www.rad.cvm.gov.br/ENETCONSULTA/frmDownloadDocumento.aspx?CodigoInstituicao=1&NumeroSequencialDocumento=44007
09.358.105/0001-91;2015-01-01;1;CETIP S.A. - BALCÃO ORGANIZADO DE ATIVOS E DERIVATIVOS;021792;FCA;44210;2015-02-24;http://www.rad.cvm.gov.br/ENETCONSULTA/frmDownloadDocumento.aspx?CodigoInstituicao=1&NumeroSequencialDocumento=44210
09.391.823/0001-60;2015-01-01;1;SANTO ANTONIO ENERGIA S.A.;023388;FCA;45219;2015-03-25;http://www.rad.cvm.gov.br/ENETCONSULTA/frmDownloadDocumento.aspx?CodigoInstituicao=1&NumeroSequencialDocumento=45219
09.391.823/0001-60;2015-01-01;2;SANTO ANTONIO ENERGIA S.A.;023388;FCA;45703;2015-03-31;http://www.rad.cvm.gov.br/ENETCONSULTA/frmDownloadDocumento.aspx?CodigoInstituicao=1&NumeroSequencialDocumento=45703
09.391.823/0001-60;2015-01-01;3;SANTO ANTONIO ENERGIA S.A.;023388;FCA;46326;2015-05-04;http://www.rad.cvm.gov.br/ENETCONSULTA/frmDownloadDocumento.aspx?CodigoInstituicao=1&NumeroSequencialDocumento=46326
09.391.823/0001-60;2015-01-01;4;SANTO ANTONIO ENERGIA S.A.;023388;FCA;47797;2015-05-27;http://www.rad.cvm.gov.br/ENETCONSULTA/frmDownloadDocumento.aspx?CodigoInstituicao=1&NumeroSequencialDocumento=47797
09.391.823/0001-60;2015-01-01;5;SANTO ANTONIO ENERGIA S.A.;023388;FCA;47984;2015-05-29;http://www.rad.cvm.gov.br/ENETCONSULTA/frmDownloadDocumento.aspx?CodigoInstituicao=1&NumeroSequencialDocumento=47984
09.391.823/0001-60;2015-01-01;6;SANTO ANTONIO ENERGIA S.A.;023388;FCA;48716;2015-06-18;http://www.rad.cvm.gov.br/ENETCONSULTA/frmDownloadDocumento.aspx?CodigoInstituicao=1&NumeroSequencialDocumento=48716
09.391.823/0001-60;2015-01-01;7;SANTO ANTONIO ENERGIA S.A.;023388;FCA;49465;2015-08-05;http://www.rad.cvm.gov.br/ENETCONSULTA/frmDownloadDocumento.aspx?CodigoInstituicao=1&NumeroSequencialDocumento=49465
09.391.823/0001-60;2015-01-01;8;SANTO ANTONIO ENERGIA S.A.;023388;FCA;49532;2015-08-07;http://www.rad.cvm.gov.br/ENETCONSULTA/frmDownloadDocumento.aspx?CodigoInstituicao=1&NumeroSequencialDocumento=49532
09.391.823/0001-60;2015-01-01;9;SANTO ANTONIO ENERGIA S.A.;023388;FCA;50934;2015-10-14;http://www.rad.cvm.gov.br/ENETCONSULTA/frmDownloadDocumento.aspx?CodigoInstituicao=1&NumeroSequencialDocumento=50934
09.391.823/0001-60;2015-01-01;10;SANTO ANTONIO ENERGIA S.A.;023388;FCA;51417;2015-11-09;http://www.rad.cvm.gov.br/ENETCONSULTA/frmDownloadDocumento.aspx?CodigoInstituicao=1&NumeroSequencialDocumento=51417
09.414.761/0001-64;2015-01-01;1;K-INFRA RODOVIA DO AÇO S.A.;022446;FCA;46095;2015-04-23;http://www.rad.cvm.gov.br/ENETCONSULTA/frmDownloadDocumento.aspx?CodigoInstituicao=1&NumeroSequencialDocumento=46095
09.414.761/0001-64;2015-01-01;2;K-INFRA RODOVIA DO AÇO S.A.;022446;FCA;47776;2015-05-27;http://www.rad.cvm.gov.br/ENETCONSULTA/frmDownloadDocumento.aspx?CodigoInstituicao=1&NumeroSequencialDocumento=47776
09.439.783/0001-89;2015-01-01;1;ÁQUILLA SECURITIZADORA S.A.;021512;FCA;45296;2015-03-26;http://www.rad.cvm.gov.br/ENETCONSULTA/frmDownloadDocumento.aspx?CodigoInstituicao=1&NumeroSequencialDocumento=45296
09.439.783/0001-89;2015-01-01;2;ÁQUILLA SECURITIZADORA S.A.;021512;FCA;50085;2015-08-14;http://www.rad.cvm.gov.br/ENETCONSULTA/frmDownloadDocumento.aspx?CodigoInstituicao=1&NumeroSequencialDocumento=50085
09.462.140/0001-56;2015-01-01;1;BASEL PARTICIPAÇÕES S/A;021601;FCA;45226;2015-03-25;http://www.rad.cvm.gov.br/ENETCONSULTA/frmDownloadDocumento.aspx?CodigoInstituicao=1&NumeroSequencialDocumento=45226
09.462.140/0001-56;2015-01-01;2;BASEL PARTICIPAÇÕES S/A;021601;FCA;47010;2015-05-12;http://www.rad.cvm.gov.br/ENETCONSULTA/frmDownloadDocumento.aspx?CodigoInstituicao=1&NumeroSequencialDocumento=47010
09.538.973/0001-53;2015-01-01;1;PDG COMPANHIA SECURITIZADORA;021644;FCA;45033;2015-03-17;http://www.rad.cvm.gov.br/ENETCONSULTA/frmDownloadDocumento.aspx?CodigoInstituicao=1&NumeroSequencialDocumento=45033
09.538.973/0001-53;2015-01-01;2;PDG COMPANHIA SECURITIZADORA;021644;FCA;49309;2015-07-29;http://www.rad.cvm.gov.br/ENETCONSULTA/frmDownloadDocumento.aspx?CodigoInstituicao=1&NumeroSequencialDocumento=49309
09.538.973/0001-53;2015-01-01;3;PDG COMPANHIA SECURITIZADORA;021644;FCA;52490;2015-12-17;http://www.rad.cvm.gov.br/ENETCONSULTA/frmDownloadDocumento.aspx?CodigoInstituicao=1&NumeroSequencialDocumento=52490
09.601.322/0001-60;2015-01-01;1;CTX PARTICIPAÇÕES S/A;021652;FCA;43853;2015-02-06;http://www.rad.cvm.gov.br/ENETCONSULTA/frmDownloadDocumento.aspx?CodigoInstituicao=1&NumeroSequencialDocumento=43853
09.601.322/0001-60;2015-01-01;2;CTX PARTICIPAÇÕES S/A;021652;FCA;50711;2015-09-25;http://www.rad.cvm.gov.br/ENETCONSULTA/frmDownloadDocumento.aspx?CodigoInstituicao=1&NumeroSequencialDocumento=50711
09.601.322/0001-60;2015-01-01;3;CTX PARTICIPAÇÕES S/A;021652;FCA;52224;2015-11-27;http://www.rad.cvm.gov.br/ENETCONSULTA/frmDownloadDocumento.aspx?CodigoInstituicao=1&NumeroSequencialDocumento=52224
10.215.988/0001-60;2015-01-01;1;COMPANHIA DE LOCAÇÃO DAS AMÉRICAS;022691;FCA;43546;2015-01-16;http://www.rad.cvm.gov.br/ENETCONSULTA/frmDownloadDocumento.aspx?CodigoInstituicao=1&NumeroSequencialDocumento=43546
10.215.988/0001-60;2015-01-01;2;COMPANHIA DE LOCAÇÃO DAS AMÉRICAS;022691;FCA;48238;2015-05-29;http://www.rad.cvm.gov.br/ENETCONSULTA/frmDownloadDocumento.aspx?CodigoInstituicao=1&NumeroSequencialDocumento=48238
10.215.988/0001-60;2015-01-01;3;COMPANHIA DE LOCAÇÃO DAS AMÉRICAS;022691;FCA;52605;2015-12-24;http://www.rad.cvm.gov.br/ENETCONSULTA/frmDownloadDocumento.aspx?CodigoInstituicao=1&NumeroSequencialDocumento=52605
10.234.027/0001-00;2015-01-01;1;LINHAS DE MACAPÁ TRANSMISSORA DE ENERGIA S/A;023680;FCA;49862;2015-08-13;http://www.rad.cvm.gov.br/ENETCONSULTA/frmDownloadDocumento.aspx?CodigoInstituicao=1&NumeroSequencialDocumento=49862
10.240.186/0001-00;2015-01-01;1;LINHAS DE XINGU TRANSMISSORA DE ENERGIA S/A;023671;FCA;49980;2015-08-14;http://www.rad.cvm.gov.br/ENETCONSULTA/frmDownloadDocumento.aspx?CodigoInstituicao=1&NumeroSequencialDocumento=49980
10.242.478/0001-81;2015-01-01;1;INVITEL LEGACY SA - EM LIQUIDAÇÃO;021687;FCA;45611;2015-03-30;http://www.rad.cvm.gov.br/ENETCONSULTA/frmDownloadDocumento.aspx?CodigoInstituicao=1&NumeroSequencialDocumento=45611
10.242.478/0001-81;2015-01-01;2;INVITEL LEGACY SA - EM LIQUIDAÇÃO;021687;FCA;47381;2015-05-15;http://www.rad.cvm.gov.br/ENETCONSULTA/frmDownloadDocumento.aspx?CodigoInstituicao=1&NumeroSequencialDocumento=47381
10.324.624/0001-18;2015-01-01;1;CONCESSÃO METROVIÁRIA DO RIO DE JANEIRO S.A.;022144;FCA;45079;2015-03-19;http://www.rad.cvm.gov.br/ENETCONSULTA/frmDownloadDocumento.aspx?CodigoInstituicao=1&NumeroSequencialDocumento=45079
10.324.624/0001-18;2015-01-01;2;CONCESSÃO METROVIÁRIA DO RIO DE JANEIRO S.A.;022144;FCA;47167;2015-05-14;http://www.rad.cvm.gov.br/ENETCONSULTA/frmDownloadDocumento.aspx?CodigoInstituicao=1&NumeroSequencialDocumento=47167
10.337.440/0001-92;2015-01-01;1;NPF SECURITIZADORA S/A;021695;FCA;45185;2015-03-24;http://www.rad.cvm.gov.br/ENETCONSULTA/frmDownloadDocumento.aspx?CodigoInstituicao=1&NumeroSequencialDocumento=45185
10.337.440/0001-92;2015-01-01;2;NPF SECURITIZADORA S/A;021695;FCA;46011;2015-04-17;http://www.rad.cvm.gov.br/ENETCONSULTA/frmDownloadDocumento.aspx?CodigoInstituicao=1&NumeroSequencialDocumento=46011
10.338.320/0001-00;2015-01-01;1;AFLUENTE TRANSMISSÃO DE ENERGIA ELÉTRICA S/A;022179;FCA;44274;2015-02-25;http://www.rad.cvm.gov.br/ENETCONSULTA/frmDownloadDocumento.aspx?CodigoInstituicao=1&NumeroSequencialDocumento=44274
10.338.320/0001-00;2015-01-01;2;AFLUENTE TRANSMISSÃO DE ENERGIA ELÉTRICA S/A;022179;FCA;48650;2015-06-16;http://www.rad.cvm.gov.br/ENETCONSULTA/frmDownloadDocumento.aspx?CodigoInstituicao=1&NumeroSequencialDocumento=48650
10.338.320/0001-00;2015-01-01;3;AFLUENTE TRANSMISSÃO DE ENERGIA ELÉTRICA S/A;022179;FCA;48651;2015-06-16;http://www.rad.cvm.gov.br/ENETCONSULTA/frmDownloadDocumento.aspx?CodigoInstituicao=1&NumeroSequencialDocumento=48651
10.338.320/0001-00;2015-01-01;4;AFLUENTE TRANSMISSÃO DE ENERGIA ELÉTRICA S/A;022179;FCA;48836;2015-06-29;http://www.rad.cvm.gov.br/ENETCONSULTA/frmDownloadDocumento.aspx?CodigoInstituicao=1&NumeroSequencialDocumento=48836
10.338.320/0001-00;2015-01-01;5;AFLUENTE TRANSMISSÃO DE ENERGIA ELÉTRICA S/A;022179;FCA;49000;2015-07-09;http://www.rad.cvm.gov.br/ENETCONSULTA/frmDownloadDocumento.aspx?CodigoInstituicao=1&NumeroSequencialDocumento=49000
10.338.320/0001-00;2015-01-01;6;AFLUENTE TRANSMISSÃO DE ENERGIA ELÉTRICA S/A;022179;FCA;49021;2015-07-10;http://www.rad.cvm.gov.br/ENETCONSULTA/frmDownloadDocumento.aspx?CodigoInstituicao=1&NumeroSequencialDocumento=49021
10.338.320/0001-00;2015-01-01;7;AFLUENTE TRANSMISSÃO DE ENERGIA ELÉTRICA S/A;022179;FCA;50668;2015-09-23;http://www.rad.cvm.gov.br/ENETCONSULTA/frmDownloadDocumento.aspx?CodigoInstituicao=1&NumeroSequencialDocumento=50668
10.345.009/0001-98;2015-01-01;1;ADVANCED DIGITAL HEALTH MEDICINA PREVENTIVA S.A.;021725;FCA;44452;2015-03-02;http://www.rad.cvm.gov.br/ENETCONSULTA/frmDownloadDocumento.aspx?CodigoInstituicao=1&NumeroSequencialDocumento=44452
10.345.009/0001-98;2015-01-01;2;ADVANCED DIGITAL HEALTH MEDICINA PREVENTIVA S.A.;021725;FCA;48594;2015-06-11;http://www.rad.cvm.gov.br/ENETCONSULTA/frmDownloadDocumento.aspx?CodigoInstituicao=1&NumeroSequencialDocumento=48594
10.345.009/0001-98;2015-01-01;3;ADVANCED DIGITAL HEALTH MEDICINA PREVENTIVA S.A.;021725;FCA;48859;2015-06-30;http://www.rad.cvm.gov.br/ENETCONSULTA/frmDownloadDocumento.aspx?CodigoInstituicao=1&NumeroSequencialDocumento=48859
10.345.009/0001-98;2015-01-01;4;ADVANCED DIGITAL HEALTH MEDICINA PREVENTIVA S.A.;021725;FCA;49214;2015-07-24;http://www.rad.cvm.gov.br/ENETCONSULTA/frmDownloadDocumento.aspx?CodigoInstituicao=1&NumeroSequencialDocumento=49214
10.345.009/0001-98;2015-01-01;5;ADVANCED DIGITAL HEALTH MEDICINA PREVENTIVA S.A.;021725;FCA;49216;2015-07-24;http://www.rad.cvm.gov.br/ENETCONSULTA/frmDownloadDocumento.aspx?CodigoInstituicao=1&NumeroSequencialDocumento=49216
10.345.009/0001-98;2015-01-01;6;ADVANCED DIGITAL HEALTH MEDICINA PREVENTIVA S.A.;021725;FCA;50599;2015-09-17;http://www.rad.cvm.gov.br/ENETCONSULTA/frmDownloadDocumento.aspx?CodigoInstituicao=1&NumeroSequencialDocumento=50599
10.345.009/0001-98;2015-01-01;7;ADVANCED DIGITAL HEALTH MEDICINA PREVENTIVA S.A.;021725;FCA;50753;2015-09-30;http://www.rad.cvm.gov.br/ENETCONSULTA/frmDownloadDocumento.aspx?CodigoInstituicao=1&NumeroSequencialDocumento=50753
10.345.009/0001-98;2015-01-01;8;ADVANCED DIGITAL HEALTH MEDICINA PREVENTIVA S.A.;021725;FCA;52468;2015-12-15;http://www.rad.cvm.gov.br/ENETCONSULTA/frmDownloadDocumento.aspx?CodigoInstituicao=1&NumeroSequencialDocumento=52468
10.345.009/0001-98;2015-01-01;9;ADVANCED DIGITAL HEALTH MEDICINA PREVENTIVA S.A.;021725;FCA;52469;2015-12-15;http://www.rad.cvm.gov.br/ENETCONSULTA/frmDownloadDocumento.aspx?CodigoInstituicao=1&NumeroSequencialDocumento=52469
10.382.341/0001-22;2015-01-01;1;METROPOLIS EMPREENDIMENTOS IMOBILIÁRIOS S/A;022047;FCA;43741;2015-02-02;http://www.rad.cvm.gov.br/ENETCONSULTA/frmDownloadDocumento.aspx?CodigoInstituicao=1&NumeroSequencialDocumento=43741
10.382.341/0001-22;2015-01-01;2;METROPOLIS EMPREENDIMENTOS IMOBILIÁRIOS S/A;022047;FCA;50690;2015-09-24;http://www.rad.cvm.gov.br/ENETCONSULTA/frmDownloadDocumento.aspx?CodigoInstituicao=1&NumeroSequencialDocumento=50690
10.488.244/0001-19;2015-01-01;1;INFRASEC SECURITIZADORA S.A.;021750;FCA;45514;2015-03-30;http://www.rad.cvm.gov.br/ENETCONSULTA/frmDownloadDocumento.aspx?CodigoInstituicao=1&NumeroSequencialDocumento=45514
10.488.244/0001-19;2015-01-01;2;INFRASEC SECURITIZADORA S.A.;021750;FCA;47289;2015-05-15;http://www.rad.cvm.gov.br/ENETCONSULTA/frmDownloadDocumento.aspx?CodigoInstituicao=1&NumeroSequencialDocumento=47289
10.502.676/0001-37;2015-01-01;1;TERMELÉTRICA PERNAMBUCO III S.A.;023329;FCA;43560;2015-01-19;http://www.rad.cvm.gov.br/ENETCONSULTA/frmDownloadDocumento.aspx?CodigoInstituicao=1&NumeroSequencialDocumento=43560
10.502.676/0001-37;2015-01-01;2;TERMELÉTRICA PERNAMBUCO III S.A.;023329;FCA;48887;2015-07-01;http://www.rad.cvm.gov.br/ENETCONSULTA/frmDownloadDocumento.aspx?CodigoInstituicao=1&NumeroSequencialDocumento=48887
10.502.676/0001-37;2015-01-01;3;TERMELÉTRICA PERNAMBUCO III S.A.;023329;FCA;48995;2015-07-09;http://www.rad.cvm.gov.br/ENETCONSULTA/frmDownloadDocumento.aspx?CodigoInstituicao=1&NumeroSequencialDocumento=48995
10.502.676/0001-37;2015-01-01;4;TERMELÉTRICA PERNAMBUCO III S.A.;023329;FCA;49313;2015-07-29;http://www.rad.cvm.gov.br/ENETCONSULTA/frmDownloadDocumento.aspx?CodigoInstituicao=1&NumeroSequencialDocumento=49313
10.502.676/0001-37;2015-01-01;5;TERMELÉTRICA PERNAMBUCO III S.A.;023329;FCA;50719;2015-09-28;http://www.rad.cvm.gov.br/ENETCONSULTA/frmDownloadDocumento.aspx?CodigoInstituicao=1&NumeroSequencialDocumento=50719
10.502.676/0001-37;2015-01-01;6;TERMELÉTRICA PERNAMBUCO III S.A.;023329;FCA;50739;2015-09-29;http://www.rad.cvm.gov.br/ENETCONSULTA/frmDownloadDocumento.aspx?CodigoInstituicao=1&NumeroSequencialDocumento=50739
10.531.501/0001-58;2015-01-01;1;CONC AUTO RAPOSO TAVARES S.A.;022268;FCA;43782;2015-02-04;http://www.rad.cvm.gov.br/ENETCONSULTA/frmDownloadDocumento.aspx?CodigoInstituicao=1&NumeroSequencialDocumento=43782
10.531.501/0001-58;2015-01-01;2;CONC AUTO RAPOSO TAVARES S.A.;022268;FCA;47145;2015-05-14;http://www.rad.cvm.gov.br/ENETCONSULTA/frmDownloadDocumento.aspx?CodigoInstituicao=1&NumeroSequencialDocumento=47145
10.603.674/0001-34;2015-01-01;1;BS&C EMPREENDIMENTOS E PARTICIPAÇÕES S.A.;023779;FCA;52156;2015-11-24;http://www.rad.cvm.gov.br/ENETCONSULTA/frmDownloadDocumento.aspx?CodigoInstituicao=1&NumeroSequencialDocumento=52156
10.608.405/0001-60;2015-01-01;1;BARI SECURITIZADORA S.A.;021920;FCA;43473;2015-01-13;http://www.rad.cvm.gov.br/ENETCONSULTA/frmDownloadDocumento.aspx?CodigoInstituicao=1&NumeroSequencialDocumento=43473
10.608.405/0001-60;2015-01-01;2;BARI SECURITIZADORA S.A.;021920;FCA;45679;2015-03-31;http://www.rad.cvm.gov.br/ENETCONSULTA/frmDownloadDocumento.aspx?CodigoInstituicao=1&NumeroSequencialDocumento=45679
10.608.405/0001-60;2015-01-01;3;BARI SECURITIZADORA S.A.;021920;FCA;46053;2015-04-20;http://www.rad.cvm.gov.br/ENETCONSULTA/frmDownloadDocumento.aspx?CodigoInstituicao=1&NumeroSequencialDocumento=46053
10.608.405/0001-60;2015-01-01;4;BARI SECURITIZADORA S.A.;021920;FCA;48855;2015-06-29;http://www.rad.cvm.gov.br/ENETCONSULTA/frmDownloadDocumento.aspx?CodigoInstituicao=1&NumeroSequencialDocumento=48855
10.608.405/0001-60;2015-01-01;5;BARI SECURITIZADORA S.A.;021920;FCA;48922;2015-07-03;http://www.rad.cvm.gov.br/ENETCONSULTA/frmDownloadDocumento.aspx?CodigoInstituicao=1&NumeroSequencialDocumento=48922
10.608.405/0001-60;2015-01-01;6;BARI SECURITIZADORA S.A.;021920;FCA;49639;2015-08-11;http://www.rad.cvm.gov.br/ENETCONSULTA/frmDownloadDocumento.aspx?CodigoInstituicao=1&NumeroSequencialDocumento=49639
10.608.405/0001-60;2015-01-01;7;BARI SECURITIZADORA S.A.;021920;FCA;51008;2015-10-20;http://www.rad.cvm.gov.br/ENETCONSULTA/frmDownloadDocumento.aspx?CodigoInstituicao=1&NumeroSequencialDocumento=51008
10.608.405/0001-60;2015-01-01;8;BARI SECURITIZADORA S.A.;021920;FCA;51402;2015-11-09;http://www.rad.cvm.gov.br/ENETCONSULTA/frmDownloadDocumento.aspx?CodigoInstituicao=1&NumeroSequencialDocumento=51402
10.629.105/0001-68;2015-01-01;1;PRIO S.A.;022187;FCA;43765;2015-02-03;http://www.rad.cvm.gov.br/ENETCONSULTA/frmDownloadDocumento.aspx?CodigoInstituicao=1&NumeroSequencialDocumento=43765
10.629.105/0001-68;2015-01-01;2;PRIO S.A.;022187;FCA;43788;2015-02-04;http://www.rad.cvm.gov.br/ENETCONSULTA/frmDownloadDocumento.aspx?CodigoInstituicao=1&NumeroSequencialDocumento=43788
10.629.105/0001-68;2015-01-01;3;PRIO S.A.;022187;FCA;48273;2015-05-29;http://www.rad.cvm.gov.br/ENETCONSULTA/frmDownloadDocumento.aspx?CodigoInstituicao=1&NumeroSequencialDocumento=48273
10.629.105/0001-68;2015-01-01;4;PRIO S.A.;022187;FCA;48738;2015-06-19;http://www.rad.cvm.gov.br/ENETCONSULTA/frmDownloadDocumento.aspx?CodigoInstituicao=1&NumeroSequencialDocumento=48738
10.629.105/0001-68;2015-01-01;5;PRIO S.A.;022187;FCA;49665;2015-08-11;http://www.rad.cvm.gov.br/ENETCONSULTA/frmDownloadDocumento.aspx?CodigoInstituicao=1&NumeroSequencialDocumento=49665
10.629.105/0001-68;2015-01-01;6;PRIO S.A.;022187;FCA;50233;2015-08-17;http://www.rad.cvm.gov.br/ENETCONSULTA/frmDownloadDocumento.aspx?CodigoInstituicao=1&NumeroSequencialDocumento=50233
10.629.105/0001-68;2015-01-01;7;PRIO S.A.;022187;FCA;51076;2015-10-23;http://www.rad.cvm.gov.br/ENETCONSULTA/frmDownloadDocumento.aspx?CodigoInstituicao=1&NumeroSequencialDocumento=51076
10.635.691/0001-53;2015-01-01;1;VIARONDON CONCESSIONÁRIA DE RODOVIA S.A.;022543;FCA;45652;2015-03-31;http://www.rad.cvm.gov.br/ENETCONSULTA/frmDownloadDocumento.aspx?CodigoInstituicao=1&NumeroSequencialDocumento=45652
10.635.691/0001-53;2015-01-01;2;VIARONDON CONCESSIONÁRIA DE RODOVIA S.A.;022543;FCA;52632;2015-12-29;http://www.rad.cvm.gov.br/ENETCONSULTA/frmDownloadDocumento.aspx?CodigoInstituicao=1&NumeroSequencialDocumento=52632
10.647.979/0001-48;2015-01-01;1;CONC ROTA DAS BANDEIRAS S.A.;022071;FCA;43283;2015-01-05;http://www.rad.cvm.gov.br/ENETCONSULTA/frmDownloadDocumento.aspx?CodigoInstituicao=1&NumeroSequencialDocumento=43283
10.647.979/0001-48;2015-01-01;2;CONC ROTA DAS BANDEIRAS S.A.;022071;FCA;45949;2015-04-13;http://www.rad.cvm.gov.br/ENETCONSULTA/frmDownloadDocumento.aspx?CodigoInstituicao=1&NumeroSequencialDocumento=45949
10.670.314/0001-55;2015-01-01;1;VIABAHIA CONCESSIONÁRIA DE RODOVIAS SA;022926;FCA;43617;2015-01-22;http://www.rad.cvm.gov.br/ENETCONSULTA/frmDownloadDocumento.aspx?CodigoInstituicao=1&NumeroSequencialDocumento=43617
10.670.314/0001-55;2015-01-01;2;VIABAHIA CONCESSIONÁRIA DE RODOVIAS SA;022926;FCA;50376;2015-08-25;http://www.rad.cvm.gov.br/ENETCONSULTA/frmDownloadDocumento.aspx?CodigoInstituicao=1&NumeroSequencialDocumento=50376
10.670.314/0001-55;2015-01-01;3;VIABAHIA CONCESSIONÁRIA DE RODOVIAS SA;022926;FCA;52334;2015-12-04;http://www.rad.cvm.gov.br/ENETCONSULTA/frmDownloadDocumento.aspx?CodigoInstituicao=1&NumeroSequencialDocumento=52334
10.670.314/0001-55;2015-01-01;4;VIABAHIA CONCESSIONÁRIA DE RODOVIAS SA;022926;FCA;52386;2015-12-09;http://www.rad.cvm.gov.br/ENETCONSULTA/frmDownloadDocumento.aspx?CodigoInstituicao=1&NumeroSequencialDocumento=52386
10.678.505/0001-63;2015-01-01;1;CONC RODOVIAS DO TIETÊ S.A.- EM RECUPERAÇÃO JUDICIAL;022721;FCA;43672;2015-01-28;http://www.rad.cvm.gov.br/ENETCONSULTA/frmDownloadDocumento.aspx?CodigoInstituicao=1&NumeroSequencialDocumento=43672
10.678.505/0001-63;2015-01-01;2;CONC RODOVIAS DO TIETÊ S.A.- EM RECUPERAÇÃO JUDICIAL;022721;FCA;49295;2015-07-29;http://www.rad.cvm.gov.br/ENETCONSULTA/frmDownloadDocumento.aspx?CodigoInstituicao=1&NumeroSequencialDocumento=49295
10.678.505/0001-63;2015-01-01;3;CONC RODOVIAS DO TIETÊ S.A.- EM RECUPERAÇÃO JUDICIAL;022721;FCA;50662;2015-09-22;http://www.rad.cvm.gov.br/ENETCONSULTA/frmDownloadDocumento.aspx?CodigoInstituicao=1&NumeroSequencialDocumento=50662
10.678.505/0001-63;2015-01-01;4;CONC RODOVIAS DO TIETÊ S.A.- EM RECUPERAÇÃO JUDICIAL;022721;FCA;52115;2015-11-19;http://www.rad.cvm.gov.br/ENETCONSULTA/frmDownloadDocumento.aspx?CodigoInstituicao=1&NumeroSequencialDocumento=52115
10.747.021/0001-29;2015-01-01;1;PRÁTICA PARTICIPAÇÕES S/A;023728;FCA;50915;2015-10-13;http://www.rad.cvm.gov.br/ENETCONSULTA/frmDownloadDocumento.aspx?CodigoInstituicao=1&NumeroSequencialDocumento=50915
10.747.021/0001-29;2015-01-01;2;PRÁTICA PARTICIPAÇÕES S/A;023728;FCA;51093;2015-10-26;http://www.rad.cvm.gov.br/ENETCONSULTA/frmDownloadDocumento.aspx?CodigoInstituicao=1&NumeroSequencialDocumento=51093
10.753.164/0001-43;2015-01-01;1;ECO SECURITIZADORA DIREITOS CRED AGRONEGÓCIO S.A.;021741;FCA;45299;2015-03-26;http://www.rad.cvm.gov.br/ENETCONSULTA/frmDownloadDocumento.aspx?CodigoInstituicao=1&NumeroSequencialDocumento=45299
10.753.164/0001-43;2015-01-01;2;ECO SECURITIZADORA DIREITOS CRED AGRONEGÓCIO S.A.;021741;FCA;50293;2015-08-18;http://www.rad.cvm.gov.br/ENETCONSULTA/frmDownloadDocumento.aspx?CodigoInstituicao=1&NumeroSequencialDocumento=50293
10.760.260/0001-19;2015-01-01;1;CVC BRASIL OPERADORA E AGÊNCIA DE VIAGENS S.A.;023310;FCA;43841;2015-02-05;http://www.rad.cvm.gov.br/ENETCONSULTA/frmDownloadDocumento.aspx?CodigoInstituicao=1&NumeroSequencialDocumento=43841
10.760.260/0001-19;2015-01-01;2;CVC BRASIL OPERADORA E AGÊNCIA DE VIAGENS S.A.;023310;FCA;48434;2015-06-01;http://www.rad.cvm.gov.br/ENETCONSULTA/frmDownloadDocumento.aspx?CodigoInstituicao=1&NumeroSequencialDocumento=48434
10.826.798/0001-89;2015-01-01;1;BRAZAL BRASIL ALIMENTOS SA;021865;FCA;43666;2015-01-28;http://www.rad.cvm.gov.br/ENETCONSULTA/frmDownloadDocumento.aspx?CodigoInstituicao=1&NumeroSequencialDocumento=43666
10.826.798/0001-89;2015-01-01;2;BRAZAL BRASIL ALIMENTOS SA;021865;FCA;43772;2015-02-03;http://www.rad.cvm.gov.br/ENETCONSULTA/frmDownloadDocumento.aspx?CodigoInstituicao=1&NumeroSequencialDocumento=43772
10.826.798/0001-89;2015-01-01;3;BRAZAL BRASIL ALIMENTOS SA;021865;FCA;43790;2015-02-04;http://www.rad.cvm.gov.br/ENETCONSULTA/frmDownloadDocumento.aspx?CodigoInstituicao=1&NumeroSequencialDocumento=43790
10.826.798/0001-89;2015-01-01;4;BRAZAL BRASIL ALIMENTOS SA;021865;FCA;44262;2015-02-25;http://www.rad.cvm.gov.br/ENETCONSULTA/frmDownloadDocumento.aspx?CodigoInstituicao=1&NumeroSequencialDocumento=44262
10.826.798/0001-89;2015-01-01;5;BRAZAL BRASIL ALIMENTOS SA;021865;FCA;44842;2015-03-09;http://www.rad.cvm.gov.br/ENETCONSULTA/frmDownloadDocumento.aspx?CodigoInstituicao=1&NumeroSequencialDocumento=44842
10.826.798/0001-89;2015-01-01;6;BRAZAL BRASIL ALIMENTOS SA;021865;FCA;46671;2015-05-08;http://www.rad.cvm.gov.br/ENETCONSULTA/frmDownloadDocumento.aspx?CodigoInstituicao=1&NumeroSequencialDocumento=46671
10.826.798/0001-89;2015-01-01;7;BRAZAL BRASIL ALIMENTOS SA;021865;FCA;49270;2015-07-28;http://www.rad.cvm.gov.br/ENETCONSULTA/frmDownloadDocumento.aspx?CodigoInstituicao=1&NumeroSequencialDocumento=49270
10.826.798/0001-89;2015-01-01;8;BRAZAL BRASIL ALIMENTOS SA;021865;FCA;52252;2015-12-01;http://www.rad.cvm.gov.br/ENETCONSULTA/frmDownloadDocumento.aspx?CodigoInstituicao=1&NumeroSequencialDocumento=52252
10.835.932/0001-08;2015-01-01;1;CIA ENERGETICA DE PERNAMBUCO - CELPE;014362;FCA;44263;2015-02-25;http://www.rad.cvm.gov.br/ENETCONSULTA/frmDownloadDocumento.aspx?CodigoInstituicao=1&NumeroSequencialDocumento=44263
10.835.932/0001-08;2015-01-01;2;CIA ENERGETICA DE PERNAMBUCO - CELPE;014362;FCA;47065;2015-05-13;http://www.rad.cvm.gov.br/ENETCONSULTA/frmDownloadDocumento.aspx?CodigoInstituicao=1&NumeroSequencialDocumento=47065
10.835.932/0001-08;2015-01-01;3;CIA ENERGETICA DE PERNAMBUCO - CELPE;014362;FCA;48661;2015-06-16;http://www.rad.cvm.gov.br/ENETCONSULTA/frmDownloadDocumento.aspx?CodigoInstituicao=1&NumeroSequencialDocumento=48661
10.835.932/0001-08;2015-01-01;4;CIA ENERGETICA DE PERNAMBUCO - CELPE;014362;FCA;48663;2015-06-16;http://www.rad.cvm.gov.br/ENETCONSULTA/frmDownloadDocumento.aspx?CodigoInstituicao=1&NumeroSequencialDocumento=48663
10.835.932/0001-08;2015-01-01;5;CIA ENERGETICA DE PERNAMBUCO - CELPE;014362;FCA;48842;2015-06-29;http://www.rad.cvm.gov.br/ENETCONSULTA/frmDownloadDocumento.aspx?CodigoInstituicao=1&NumeroSequencialDocumento=48842
10.835.932/0001-08;2015-01-01;6;CIA ENERGETICA DE PERNAMBUCO - CELPE;014362;FCA;49001;2015-07-09;http://www.rad.cvm.gov.br/ENETCONSULTA/frmDownloadDocumento.aspx?CodigoInstituicao=1&NumeroSequencialDocumento=49001
10.835.932/0001-08;2015-01-01;7;CIA ENERGETICA DE PERNAMBUCO - CELPE;014362;FCA;49028;2015-07-10;http://www.rad.cvm.gov.br/ENETCONSULTA/frmDownloadDocumento.aspx?CodigoInstituicao=1&NumeroSequencialDocumento=49028
10.841.050/0001-55;2015-01-01;1;CONC ROD AYRTON SENNA E CARV PINTO S.A.-ECOPISTAS;022411;FCA;43281;2015-01-05;http://www.rad.cvm.gov.br/ENETCONSULTA/frmDownloadDocumento.aspx?CodigoInstituicao=1&NumeroSequencialDocumento=43281
10.841.050/0001-55;2015-01-01;2;CONC ROD AYRTON SENNA E CARV PINTO S.A.-ECOPISTAS;022411;FCA;45771;2015-04-01;http://www.rad.cvm.gov.br/ENETCONSULTA/frmDownloadDocumento.aspx?CodigoInstituicao=1&NumeroSequencialDocumento=45771
10.841.050/0001-55;2015-01-01;3;CONC ROD AYRTON SENNA E CARV PINTO S.A.-ECOPISTAS;022411;FCA;48114;2015-05-29;http://www.rad.cvm.gov.br/ENETCONSULTA/frmDownloadDocumento.aspx?CodigoInstituicao=1&NumeroSequencialDocumento=48114
10.894.123/0001-77;2015-01-01;1;BOLERO PARTICIPAÇÕES S/A;022039;FCA;46870;2015-05-12;http://www.rad.cvm.gov.br/ENETCONSULTA/frmDownloadDocumento.aspx?CodigoInstituicao=1&NumeroSequencialDocumento=46870
11.094.546/0001-75;2015-01-01;1;MULTIPLUS S.A.;021946;FCA;44349;2015-02-26;http://www.rad.cvm.gov.br/ENETCONSULTA/frmDownloadDocumento.aspx?CodigoInstituicao=1&NumeroSequencialDocumento=44349
11.094.546/0001-75;2015-01-01;2;MULTIPLUS S.A.;021946;FCA;48442;2015-06-01;http://www.rad.cvm.gov.br/ENETCONSULTA/frmDownloadDocumento.aspx?CodigoInstituicao=1&NumeroSequencialDocumento=48442
11.094.546/0001-75;2015-01-01;3;MULTIPLUS S.A.;021946;FCA;48453;2015-06-01;http://www.rad.cvm.gov.br/ENETCONSULTA/frmDownloadDocumento.aspx?CodigoInstituicao=1&NumeroSequencialDocumento=48453
11.094.546/0001-75;2015-01-01;4;MULTIPLUS S.A.;021946;FCA;51200;2015-10-30;http://www.rad.cvm.gov.br/ENETCONSULTA/frmDownloadDocumento.aspx?CodigoInstituicao=1&NumeroSequencialDocumento=51200
11.094.546/0001-75;2015-01-01;5;MULTIPLUS S.A.;021946;FCA;51203;2015-10-30;http://www.rad.cvm.gov.br/ENETCONSULTA/frmDownloadDocumento.aspx?CodigoInstituicao=1&NumeroSequencialDocumento=51203
11.102.250/0001-59;2015-01-01;1;BR HOME CENTERS S.A.;023710;FCA;50787;2015-10-01;http://www.rad.cvm.gov.br/ENETCONSULTA/frmDownloadDocumento.aspx?CodigoInstituicao=1&NumeroSequencialDocumento=50787
11.102.250/0001-59;2015-01-01;2;BR HOME CENTERS S.A.;023710;FCA;50931;2015-10-14;http://www.rad.cvm.gov.br/ENETCONSULTA/frmDownloadDocumento.aspx?CodigoInstituicao=1&NumeroSequencialDocumento=50931
11.181.400/0001-67;2015-01-01;1;SUL INVEST SECURITIZADORA S/A;023345;FCA;45206;2015-03-24;http://www.rad.cvm.gov.br/ENETCONSULTA/frmDownloadDocumento.aspx?CodigoInstituicao=1&NumeroSequencialDocumento=45206
11.181.400/0001-67;2015-01-01;2;SUL INVEST SECURITIZADORA S/A;023345;FCA;47286;2015-05-15;http://www.rad.cvm.gov.br/ENETCONSULTA/frmDownloadDocumento.aspx?CodigoInstituicao=1&NumeroSequencialDocumento=47286
11.193.684/0001-01;2015-01-01;1;GAVEA SECURITIZADORA S/A;023418;FCA;43769;2015-02-03;http://www.rad.cvm.gov.br/ENETCONSULTA/frmDownloadDocumento.aspx?CodigoInstituicao=1&NumeroSequencialDocumento=43769
11.193.684/0001-01;2015-01-01;2;GAVEA SECURITIZADORA S/A;023418;FCA;48447;2015-06-01;http://www.rad.cvm.gov.br/ENETCONSULTA/frmDownloadDocumento.aspx?CodigoInstituicao=1&NumeroSequencialDocumento=48447
11.257.352/0001-43;2015-01-01;1;BSI CAPITAL SECURITIZADORA S.A.;023132;FCA;44725;2015-03-05;http://www.rad.cvm.gov.br/ENETCONSULTA/frmDownloadDocumento.aspx?CodigoInstituicao=1&NumeroSequencialDocumento=44725
11.274.829/0001-07;2015-01-01;1;COMPANHIA PAULISTA DE SECURITIZAÇÃO;022080;FCA;43413;2015-01-09;http://www.rad.cvm.gov.br/ENETCONSULTA/frmDownloadDocumento.aspx?CodigoInstituicao=1&NumeroSequencialDocumento=43413
11.274.829/0001-07;2015-01-01;2;COMPANHIA PAULISTA DE SECURITIZAÇÃO;022080;FCA;43917;2015-02-07;http://www.rad.cvm.gov.br/ENETCONSULTA/frmDownloadDocumento.aspx?CodigoInstituicao=1&NumeroSequencialDocumento=43917
11.274.829/0001-07;2015-01-01;3;COMPANHIA PAULISTA DE SECURITIZAÇÃO;022080;FCA;44190;2015-02-23;http://www.rad.cvm.gov.br/ENETCONSULTA/frmDownloadDocumento.aspx?CodigoInstituicao=1&NumeroSequencialDocumento=44190
11.274.829/0001-07;2015-01-01;4;COMPANHIA PAULISTA DE SECURITIZAÇÃO;022080;FCA;46469;2015-05-06;http://www.rad.cvm.gov.br/ENETCONSULTA/frmDownloadDocumento.aspx?CodigoInstituicao=1&NumeroSequencialDocumento=46469
11.274.829/0001-07;2015-01-01;5;COMPANHIA PAULISTA DE SECURITIZAÇÃO;022080;FCA;50808;2015-10-02;http://www.rad.cvm.gov.br/ENETCONSULTA/frmDownloadDocumento.aspx?CodigoInstituicao=1&NumeroSequencialDocumento=50808
11.274.829/0001-07;2015-01-01;6;COMPANHIA PAULISTA DE SECURITIZAÇÃO;022080;FCA;50812;2015-10-02;http://www.rad.cvm.gov.br/ENETCONSULTA/frmDownloadDocumento.aspx?CodigoInstituicao=1&NumeroSequencialDocumento=50812
11.284.204/0001-18;2015-01-01;1;YOU INC INCORPORADORA E PARTICIPAÇÃO S.A;023604;FCA;48492;2015-06-03;http://www.rad.cvm.gov.br/ENETCONSULTA/frmDownloadDocumento.aspx?CodigoInstituicao=1&NumeroSequencialDocumento=48492
11.395.624/0001-71;2015-01-01;1;MASSA FALIDA DA BRASIL PHARMA S.A.;022500;FCA;44063;2015-02-12;http://www.rad.cvm.gov.br/ENETCONSULTA/frmDownloadDocumento.aspx?CodigoInstituicao=1&NumeroSequencialDocumento=44063
11.395.624/0001-71;2015-01-01;2;MASSA FALIDA DA BRASIL PHARMA S.A.;022500;FCA;48404;2015-05-30;http://www.rad.cvm.gov.br/ENETCONSULTA/frmDownloadDocumento.aspx?CodigoInstituicao=1&NumeroSequencialDocumento=48404
11.395.624/0001-71;2015-01-01;3;MASSA FALIDA DA BRASIL PHARMA S.A.;022500;FCA;48563;2015-06-09;http://www.rad.cvm.gov.br/ENETCONSULTA/frmDownloadDocumento.aspx?CodigoInstituicao=1&NumeroSequencialDocumento=48563
11.395.624/0001-71;2015-01-01;4;MASSA FALIDA DA BRASIL PHARMA S.A.;022500;FCA;49345;2015-07-30;http://www.rad.cvm.gov.br/ENETCONSULTA/frmDownloadDocumento.aspx?CodigoInstituicao=1&NumeroSequencialDocumento=49345
11.395.624/0001-71;2015-01-01;5;MASSA FALIDA DA BRASIL PHARMA S.A.;022500;FCA;52050;2015-11-17;http://www.rad.cvm.gov.br/ENETCONSULTA/frmDownloadDocumento.aspx?CodigoInstituicao=1&NumeroSequencialDocumento=52050
11.396.633/0001-87;2015-01-01;1;3A COMPANHIA SECURITIZADORA;021954;FCA;45505;2015-03-30;http://www.rad.cvm.gov.br/ENETCONSULTA/frmDownloadDocumento.aspx?CodigoInstituicao=1&NumeroSequencialDocumento=45505
11.423.623/0001-93;2015-01-01;1;DUFRY A.G.;080110;FCA;43431;2015-01-12;http://www.rad.cvm.gov.br/ENETCONSULTA/frmDownloadDocumento.aspx?CodigoInstituicao=1&NumeroSequencialDocumento=43431
11.423.623/0001-93;2015-01-01;2;DUFRY A.G.;080110;FCA;46608;2015-05-07;http://www.rad.cvm.gov.br/ENETCONSULTA/frmDownloadDocumento.aspx?CodigoInstituicao=1&NumeroSequencialDocumento=46608
11.566.501/0001-56;2015-01-01;1;TEREOS INTERNACIONAL S/A;022136;FCA;44070;2015-02-12;http://www.rad.cvm.gov.br/ENETCONSULTA/frmDownloadDocumento.aspx?CodigoInstituicao=1&NumeroSequencialDocumento=44070
11.669.021/0001-10;2015-01-01;1;ENAUTA PARTICIPAÇÕES S.A.;022365;FCA;43868;2015-02-06;http://www.rad.cvm.gov.br/ENETCONSULTA/frmDownloadDocumento.aspx?CodigoInstituicao=1&NumeroSequencialDocumento=43868
11.669.021/0001-10;2015-01-01;2;ENAUTA PARTICIPAÇÕES S.A.;022365;FCA;44212;2015-02-24;http://www.rad.cvm.gov.br/ENETCONSULTA/frmDownloadDocumento.aspx?CodigoInstituicao=1&NumeroSequencialDocumento=44212
11.669.021/0001-10;2015-01-01;3;ENAUTA PARTICIPAÇÕES S.A.;022365;FCA;45055;2015-03-18;http://www.rad.cvm.gov.br/ENETCONSULTA/frmDownloadDocumento.aspx?CodigoInstituicao=1&NumeroSequencialDocumento=45055
11.669.021/0001-10;2015-01-01;4;ENAUTA PARTICIPAÇÕES S.A.;022365;FCA;45121;2015-03-20;http://www.rad.cvm.gov.br/ENETCONSULTA/frmDownloadDocumento.aspx?CodigoInstituicao=1&NumeroSequencialDocumento=45121
11.669.021/0001-10;2015-01-01;5;ENAUTA PARTICIPAÇÕES S.A.;022365;FCA;46080;2015-04-22;http://www.rad.cvm.gov.br/ENETCONSULTA/frmDownloadDocumento.aspx?CodigoInstituicao=1&NumeroSequencialDocumento=46080
11.669.021/0001-10;2015-01-01;6;ENAUTA PARTICIPAÇÕES S.A.;022365;FCA;51409;2015-11-09;http://www.rad.cvm.gov.br/ENETCONSULTA/frmDownloadDocumento.aspx?CodigoInstituicao=1&NumeroSequencialDocumento=51409
11.716.471/0001-17;2015-01-01;1;TRX SECURITIZADORA S.A.;022420;FCA;45525;2015-03-30;http://www.rad.cvm.gov.br/ENETCONSULTA/frmDownloadDocumento.aspx?CodigoInstituicao=1&NumeroSequencialDocumento=45525
11.716.471/0001-17;2015-01-01;2;TRX SECURITIZADORA S.A.;022420;FCA;47821;2015-05-28;http://www.rad.cvm.gov.br/ENETCONSULTA/frmDownloadDocumento.aspx?CodigoInstituicao=1&NumeroSequencialDocumento=47821
11.716.471/0001-17;2015-01-01;3;TRX SECURITIZADORA S.A.;022420;FCA;49125;2015-07-20;http://www.rad.cvm.gov.br/ENETCONSULTA/frmDownloadDocumento.aspx?CodigoInstituicao=1&NumeroSequencialDocumento=49125
11.716.471/0001-17;2015-01-01;4;TRX SECURITIZADORA S.A.;022420;FCA;50692;2015-09-24;http://www.rad.cvm.gov.br/ENETCONSULTA/frmDownloadDocumento.aspx?CodigoInstituicao=1&NumeroSequencialDocumento=50692
11.721.921/0001-60;2015-01-01;1;ALPER CONSULTORIA E CORRETORA DE SEGUROS S.A.;022217;FCA;43785;2015-02-04;http://www.rad.cvm.gov.br/ENETCONSULTA/frmDownloadDocumento.aspx?CodigoInstituicao=1&NumeroSequencialDocumento=43785
11.721.921/0001-60;2015-01-01;2;ALPER CONSULTORIA E CORRETORA DE SEGUROS S.A.;022217;FCA;49050;2015-07-13;http://www.rad.cvm.gov.br/ENETCONSULTA/frmDownloadDocumento.aspx?CodigoInstituicao=1&NumeroSequencialDocumento=49050
11.992.680/0001-93;2015-01-01;1;QUALICORP CONSULTORIA E CORRETORA DE SEGUROS S.A.;022497;FCA;44033;2015-02-12;http://www.rad.cvm.gov.br/ENETCONSULTA/frmDownloadDocumento.aspx?CodigoInstituicao=1&NumeroSequencialDocumento=44033
11.992.680/0001-93;2015-01-01;2;QUALICORP CONSULTORIA E CORRETORA DE SEGUROS S.A.;022497;FCA;44199;2015-02-24;http://www.rad.cvm.gov.br/ENETCONSULTA/frmDownloadDocumento.aspx?CodigoInstituicao=1&NumeroSequencialDocumento=44199
11.992.680/0001-93;2015-01-01;3;QUALICORP CONSULTORIA E CORRETORA DE SEGUROS S.A.;022497;FCA;44403;2015-02-27;http://www.rad.cvm.gov.br/ENETCONSULTA/frmDownloadDocumento.aspx?CodigoInstituicao=1&NumeroSequencialDocumento=44403
11.992.680/0001-93;2015-01-01;4;QUALICORP CONSULTORIA E CORRETORA DE SEGUROS S.A.;022497;FCA;44539;2015-03-03;http://www.rad.cvm.gov.br/ENETCONSULTA/frmDownloadDocumento.aspx?CodigoInstituicao=1&NumeroSequencialDocumento=44539
11.992.680/0001-93;2015-01-01;5;QUALICORP CONSULTORIA E CORRETORA DE SEGUROS S.A.;022497;FCA;46579;2015-05-07;http://www.rad.cvm.gov.br/ENETCONSULTA/frmDownloadDocumento.aspx?CodigoInstituicao=1&NumeroSequencialDocumento=46579
12.049.631/0001-84;2015-01-01;1;MOURA DUBEUX ENGENHARIA S/A;021067;FCA;45673;2015-03-31;http://www.rad.cvm.gov.br/ENETCONSULTA/frmDownloadDocumento.aspx?CodigoInstituicao=1&NumeroSequencialDocumento=45673
12.049.631/0001-84;2015-01-01;2;MOURA DUBEUX ENGENHARIA S/A;021067;FCA;48087;2015-05-29;http://www.rad.cvm.gov.br/ENETCONSULTA/frmDownloadDocumento.aspx?CodigoInstituicao=1&NumeroSequencialDocumento=48087
12.078.880/0001-06;2015-01-01;1;COMPANHIA AURIFERA BRASILEIRA S.A.;022870;FCA;45659;2015-03-31;http://www.rad.cvm.gov.br/ENETCONSULTA/frmDownloadDocumento.aspx?CodigoInstituicao=1&NumeroSequencialDocumento=45659
12.078.880/0001-06;2015-01-01;2;COMPANHIA AURIFERA BRASILEIRA S.A.;022870;FCA;47469;2015-05-15;http://www.rad.cvm.gov.br/ENETCONSULTA/frmDownloadDocumento.aspx?CodigoInstituicao=1&NumeroSequencialDocumento=47469
12.126.500/0001-53;2015-01-01;1;REDENTOR ENERGIA S/A;022128;FCA;45317;2015-03-26;http://www.rad.cvm.gov.br/ENETCONSULTA/frmDownloadDocumento.aspx?CodigoInstituicao=1&NumeroSequencialDocumento=45317
12.126.500/0001-53;2015-01-01;2;REDENTOR ENERGIA S/A;022128;FCA;46674;2015-05-08;http://www.rad.cvm.gov.br/ENETCONSULTA/frmDownloadDocumento.aspx?CodigoInstituicao=1&NumeroSequencialDocumento=46674
12.126.500/0001-53;2015-01-01;3;REDENTOR ENERGIA S/A;022128;FCA;50630;2015-09-21;http://www.rad.cvm.gov.br/ENETCONSULTA/frmDownloadDocumento.aspx?CodigoInstituicao=1&NumeroSequencialDocumento=50630
12.126.500/0001-53;2015-01-01;4;REDENTOR ENERGIA S/A;022128;FCA;50673;2015-09-23;http://www.rad.cvm.gov.br/ENETCONSULTA/frmDownloadDocumento.aspx?CodigoInstituicao=1&NumeroSequencialDocumento=50673
12.130.744/0001-00;2015-01-01;1;TRUE SECURITIZADORA S.A.;022276;FCA;43419;2015-01-12;http://www.rad.cvm.gov.br/ENETCONSULTA/frmDownloadDocumento.aspx?CodigoInstituicao=1&NumeroSequencialDocumento=43419
12.130.744/0001-00;2015-01-01;2;TRUE SECURITIZADORA S.A.;022276;FCA;43724;2015-02-02;http://www.rad.cvm.gov.br/ENETCONSULTA/frmDownloadDocumento.aspx?CodigoInstituicao=1&NumeroSequencialDocumento=43724
12.130.744/0001-00;2015-01-01;3;TRUE SECURITIZADORA S.A.;022276;FCA;45729;2015-03-31;http://www.rad.cvm.gov.br/ENETCONSULTA/frmDownloadDocumento.aspx?CodigoInstituicao=1&NumeroSequencialDocumento=45729
12.130.744/0001-00;2015-01-01;4;TRUE SECURITIZADORA S.A.;022276;FCA;46418;2015-05-05;http://www.rad.cvm.gov.br/ENETCONSULTA/frmDownloadDocumento.aspx?CodigoInstituicao=1&NumeroSequencialDocumento=46418
12.130.744/0001-00;2015-01-01;5;TRUE SECURITIZADORA S.A.;022276;FCA;51437;2015-11-10;http://www.rad.cvm.gov.br/ENETCONSULTA/frmDownloadDocumento.aspx?CodigoInstituicao=1&NumeroSequencialDocumento=51437
12.139.922/0001-63;2015-01-01;1;OCTANTE SECURITIZADORA S.A.;022390;FCA;43561;2015-01-19;http://www.rad.cvm.gov.br/ENETCONSULTA/frmDownloadDocumento.aspx?CodigoInstituicao=1&NumeroSequencialDocumento=43561
12.139.922/0001-63;2015-01-01;2;OCTANTE SECURITIZADORA S.A.;022390;FCA;48283;2015-05-29;http://www.rad.cvm.gov.br/ENETCONSULTA/frmDownloadDocumento.aspx?CodigoInstituicao=1&NumeroSequencialDocumento=48283
12.139.922/0001-63;2015-01-01;3;OCTANTE SECURITIZADORA S.A.;022390;FCA;49286;2015-07-28;http://www.rad.cvm.gov.br/ENETCONSULTA/frmDownloadDocumento.aspx?CodigoInstituicao=1&NumeroSequencialDocumento=49286
12.139.922/0001-63;2015-01-01;4;OCTANTE SECURITIZADORA S.A.;022390;FCA;49341;2015-07-30;http://www.rad.cvm.gov.br/ENETCONSULTA/frmDownloadDocumento.aspx?CodigoInstituicao=1&NumeroSequencialDocumento=49341
12.139.922/0001-63;2015-01-01;5;OCTANTE SECURITIZADORA S.A.;022390;FCA;51589;2015-11-12;http://www.rad.cvm.gov.br/ENETCONSULTA/frmDownloadDocumento.aspx?CodigoInstituicao=1&NumeroSequencialDocumento=51589
12.261.588/0001-16;2015-01-01;1;POLO CAPITAL SECURITIZADORA S.A;022160;FCA;45485;2015-03-30;http://www.rad.cvm.gov.br/ENETCONSULTA/frmDownloadDocumento.aspx?CodigoInstituicao=1&NumeroSequencialDocumento=45485
12.261.588/0001-16;2015-01-01;2;POLO CAPITAL SECURITIZADORA S.A;022160;FCA;45985;2015-04-15;http://www.rad.cvm.gov.br/ENETCONSULTA/frmDownloadDocumento.aspx?CodigoInstituicao=1&NumeroSequencialDocumento=45985
12.261.588/0001-16;2015-01-01;3;POLO CAPITAL SECURITIZADORA S.A;022160;FCA;46715;2015-05-08;http://www.rad.cvm.gov.br/ENETCONSULTA/frmDownloadDocumento.aspx?CodigoInstituicao=1&NumeroSequencialDocumento=46715
12.320.349/0001-90;2015-01-01;1;ORE  SECURITIZADORA SA;022250;FCA;43386;2015-01-09;http://www.rad.cvm.gov.br/ENETCONSULTA/frmDownloadDocumento.aspx?CodigoInstituicao=1&NumeroSequencialDocumento=43386
12.320.349/0001-90;2015-01-01;2;ORE  SECURITIZADORA SA;022250;FCA;47706;2015-05-25;http://www.rad.cvm.gov.br/ENETCONSULTA/frmDownloadDocumento.aspx?CodigoInstituicao=1&NumeroSequencialDocumento=47706
12.320.349/0001-90;2015-01-01;3;ORE  SECURITIZADORA SA;022250;FCA;50415;2015-08-31;http://www.rad.cvm.gov.br/ENETCONSULTA/frmDownloadDocumento.aspx?CodigoInstituicao=1&NumeroSequencialDocumento=50415
12.394.991/0001-13;2015-01-01;1;UTILIUM PARTICIPAÇÕES S.A.;023094;FCA;45791;2015-04-01;http://www.rad.cvm.gov.br/ENETCONSULTA/frmDownloadDocumento.aspx?CodigoInstituicao=1&NumeroSequencialDocumento=45791
12.394.991/0001-13;2015-01-01;2;UTILIUM PARTICIPAÇÕES S.A.;023094;FCA;48013;2015-05-29;http://www.rad.cvm.gov.br/ENETCONSULTA/frmDownloadDocumento.aspx?CodigoInstituicao=1&NumeroSequencialDocumento=48013
12.489.315/0001-23;2015-01-01;1;FERREIRA GOMES ENERGIA S.A.;022977;FCA;44711;2015-03-05;http://www.rad.cvm.gov.br/ENETCONSULTA/frmDownloadDocumento.aspx?CodigoInstituicao=1&NumeroSequencialDocumento=44711
12.489.315/0001-23;2015-01-01;2;FERREIRA GOMES ENERGIA S.A.;022977;FCA;48898;2015-07-01;http://www.rad.cvm.gov.br/ENETCONSULTA/frmDownloadDocumento.aspx?CodigoInstituicao=1&NumeroSequencialDocumento=48898
12.610.165/0001-64;2015-01-01;1;ATLETAS BRASILEIROS S.A.;022934;FCA;46730;2015-05-08;http://www.rad.cvm.gov.br/ENETCONSULTA/frmDownloadDocumento.aspx?CodigoInstituicao=1&NumeroSequencialDocumento=46730
12.610.764/0001-88;2015-01-01;1;BRASIL PLURAL SECURITIZADORA S.A.;022233;FCA;45243;2015-03-25;http://www.rad.cvm.gov.br/ENETCONSULTA/frmDownloadDocumento.aspx?CodigoInstituicao=1&NumeroSequencialDocumento=45243
12.610.764/0001-88;2015-01-01;2;BRASIL PLURAL SECURITIZADORA S.A.;022233;FCA;47707;2015-05-25;http://www.rad.cvm.gov.br/ENETCONSULTA/frmDownloadDocumento.aspx?CodigoInstituicao=1&NumeroSequencialDocumento=47707
12.648.327/0001-53;2015-01-01;1;HIDROVIAS DO BRASIL S.A.;022675;FCA;45172;2015-03-24;http://www.rad.cvm.gov.br/ENETCONSULTA/frmDownloadDocumento.aspx?CodigoInstituicao=1&NumeroSequencialDocumento=45172
12.648.327/0001-53;2015-01-01;2;HIDROVIAS DO BRASIL S.A.;022675;FCA;47754;2015-05-26;http://www.rad.cvm.gov.br/ENETCONSULTA/frmDownloadDocumento.aspx?CodigoInstituicao=1&NumeroSequencialDocumento=47754
12.979.898/0001-70;2015-01-01;1;FORTE SECURITIZADORA S.A.;022489;FCA;45740;2015-03-31;http://www.rad.cvm.gov.br/ENETCONSULTA/frmDownloadDocumento.aspx?CodigoInstituicao=1&NumeroSequencialDocumento=45740
12.979.898/0001-70;2015-01-01;2;FORTE SECURITIZADORA S.A.;022489;FCA;46656;2015-05-08;http://www.rad.cvm.gov.br/ENETCONSULTA/frmDownloadDocumento.aspx?CodigoInstituicao=1&NumeroSequencialDocumento=46656
12.979.898/0001-70;2015-01-01;3;FORTE SECURITIZADORA S.A.;022489;FCA;47796;2015-05-27;http://www.rad.cvm.gov.br/ENETCONSULTA/frmDownloadDocumento.aspx?CodigoInstituicao=1&NumeroSequencialDocumento=47796
13.009.717/0001-46;2015-01-01;1;BCO ESTADO DE SERGIPE S.A. - BANESE;001120;FCA;43796;2015-02-04;http://www.rad.cvm.gov.br/ENETCONSULTA/frmDownloadDocumento.aspx?CodigoInstituicao=1&NumeroSequencialDocumento=43796
13.009.717/0001-46;2015-01-01;2;BCO ESTADO DE SERGIPE S.A. - BANESE;001120;FCA;44816;2015-03-06;http://www.rad.cvm.gov.br/ENETCONSULTA/frmDownloadDocumento.aspx?CodigoInstituicao=1&NumeroSequencialDocumento=44816
13.009.717/0001-46;2015-01-01;3;BCO ESTADO DE SERGIPE S.A. - BANESE;001120;FCA;46070;2015-04-22;http://www.rad.cvm.gov.br/ENETCONSULTA/frmDownloadDocumento.aspx?CodigoInstituicao=1&NumeroSequencialDocumento=46070
13.009.717/0001-46;2015-01-01;4;BCO ESTADO DE SERGIPE S.A. - BANESE;001120;FCA;47976;2015-05-29;http://www.rad.cvm.gov.br/ENETCONSULTA/frmDownloadDocumento.aspx?CodigoInstituicao=1&NumeroSequencialDocumento=47976
13.009.717/0001-46;2015-01-01;5;BCO ESTADO DE SERGIPE S.A. - BANESE;001120;FCA;50880;2015-10-08;http://www.rad.cvm.gov.br/ENETCONSULTA/frmDownloadDocumento.aspx?CodigoInstituicao=1&NumeroSequencialDocumento=50880
13.017.462/0001-63;2015-01-01;1;ENERGISA SERGIPE - DISTRIBUIDORA DE ENERGIA S/A;018996;FCA;43725;2015-02-02;http://www.rad.cvm.gov.br/ENETCONSULTA/frmDownloadDocumento.aspx?CodigoInstituicao=1&NumeroSequencialDocumento=43725
13.017.462/0001-63;2015-01-01;2;ENERGISA SERGIPE - DISTRIBUIDORA DE ENERGIA S/A;018996;FCA;46371;2015-05-05;http://www.rad.cvm.gov.br/ENETCONSULTA/frmDownloadDocumento.aspx?CodigoInstituicao=1&NumeroSequencialDocumento=46371
13.324.184/0001-97;2015-01-01;1;VIGOR ALIMENTOS S.A.;022772;FCA;44581;2015-03-03;http://www.rad.cvm.gov.br/ENETCONSULTA/frmDownloadDocumento.aspx?CodigoInstituicao=1&NumeroSequencialDocumento=44581
13.349.677/0001-81;2015-01-01;1;REIT SECURITIZADORA S/A;022802;FCA;45289;2015-03-26;http://www.rad.cvm.gov.br/ENETCONSULTA/frmDownloadDocumento.aspx?CodigoInstituicao=1&NumeroSequencialDocumento=45289
13.407.573/0001-86;2015-01-01;1;HARPIA ÔMEGA PARTICIPAÇÕES S.A.;022578;FCA;45613;2015-03-30;http://www.rad.cvm.gov.br/ENETCONSULTA/frmDownloadDocumento.aspx?CodigoInstituicao=1&NumeroSequencialDocumento=45613
13.407.573/0001-86;2015-01-01;2;HARPIA ÔMEGA PARTICIPAÇÕES S.A.;022578;FCA;47624;2015-05-20;http://www.rad.cvm.gov.br/ENETCONSULTA/frmDownloadDocumento.aspx?CodigoInstituicao=1&NumeroSequencialDocumento=47624
13.407.573/0001-86;2015-01-01;3;HARPIA ÔMEGA PARTICIPAÇÕES S.A.;022578;FCA;47626;2015-05-20;http://www.rad.cvm.gov.br/ENETCONSULTA/frmDownloadDocumento.aspx?CodigoInstituicao=1&NumeroSequencialDocumento=47626
13.444.994/0001-87;2015-01-01;1;MLOG S.A.;022586;FCA;43608;2015-01-22;http://www.rad.cvm.gov.br/ENETCONSULTA/frmDownloadDocumento.aspx?CodigoInstituicao=1&NumeroSequencialDocumento=43608
13.444.994/0001-87;2015-01-01;2;MLOG S.A.;022586;FCA;49283;2015-07-28;http://www.rad.cvm.gov.br/ENETCONSULTA/frmDownloadDocumento.aspx?CodigoInstituicao=1&NumeroSequencialDocumento=49283
13.444.994/0001-87;2015-01-01;3;MLOG S.A.;022586;FCA;50549;2015-09-11;http://www.rad.cvm.gov.br/ENETCONSULTA/frmDownloadDocumento.aspx?CodigoInstituicao=1&NumeroSequencialDocumento=50549
13.788.120/0001-47;2015-01-01;1;ELEKEIROZ S.A.;004359;FCA;43583;2015-01-21;http://www.rad.cvm.gov.br/ENETCONSULTA/frmDownloadDocumento.aspx?CodigoInstituicao=1&NumeroSequencialDocumento=43583
14.200.586/0001-42;2015-01-01;1;NAOMI PARTICIPAÇÕES S.A.;022667;FCA;47064;2015-05-13;http://www.rad.cvm.gov.br/ENETCONSULTA/frmDownloadDocumento.aspx?CodigoInstituicao=1&NumeroSequencialDocumento=47064
14.200.586/0001-42;2015-01-01;2;NAOMI PARTICIPAÇÕES S.A.;022667;FCA;48961;2015-07-07;http://www.rad.cvm.gov.br/ENETCONSULTA/frmDownloadDocumento.aspx?CodigoInstituicao=1&NumeroSequencialDocumento=48961
14.200.586/0001-42;2015-01-01;3;NAOMI PARTICIPAÇÕES S.A.;022667;FCA;50363;2015-08-24;http://www.rad.cvm.gov.br/ENETCONSULTA/frmDownloadDocumento.aspx?CodigoInstituicao=1&NumeroSequencialDocumento=50363
14.200.586/0001-42;2015-01-01;4;NAOMI PARTICIPAÇÕES S.A.;022667;FCA;51725;2015-11-13;http://www.rad.cvm.gov.br/ENETCONSULTA/frmDownloadDocumento.aspx?CodigoInstituicao=1&NumeroSequencialDocumento=51725
14.200.618/0001-00;2015-01-01;1;BELEZA PARTICIPAÇÕES S.A.;022632;FCA;45570;2015-03-30;http://www.rad.cvm.gov.br/ENETCONSULTA/frmDownloadDocumento.aspx?CodigoInstituicao=1&NumeroSequencialDocumento=45570
14.200.618/0001-00;2015-01-01;2;BELEZA PARTICIPAÇÕES S.A.;022632;FCA;47005;2015-05-12;http://www.rad.cvm.gov.br/ENETCONSULTA/frmDownloadDocumento.aspx?CodigoInstituicao=1&NumeroSequencialDocumento=47005
14.200.699/0001-48;2015-01-01;1;NOAH PARTICIPAÇÕES S.A.;022659;FCA;43337;2015-01-07;http://www.rad.cvm.gov.br/ENETCONSULTA/frmDownloadDocumento.aspx?CodigoInstituicao=1&NumeroSequencialDocumento=43337
14.200.699/0001-48;2015-01-01;2;NOAH PARTICIPAÇÕES S.A.;022659;FCA;46916;2015-05-12;http://www.rad.cvm.gov.br/ENETCONSULTA/frmDownloadDocumento.aspx?CodigoInstituicao=1&NumeroSequencialDocumento=46916
14.206.371/0001-39;2015-01-01;1;BR TOWERS SPE1 S.A;023205;FCA;45393;2015-03-27;http://www.rad.cvm.gov.br/ENETCONSULTA/frmDownloadDocumento.aspx?CodigoInstituicao=1&NumeroSequencialDocumento=45393
14.206.371/0001-39;2015-01-01;2;BR TOWERS SPE1 S.A;023205;FCA;48510;2015-06-05;http://www.rad.cvm.gov.br/ENETCONSULTA/frmDownloadDocumento.aspx?CodigoInstituicao=1&NumeroSequencialDocumento=48510
14.212.464/0001-76;2015-01-01;1;TGLT S/A;080136;FCA;43274;2015-01-02;http://www.rad.cvm.gov.br/ENETCONSULTA/frmDownloadDocumento.aspx?CodigoInstituicao=1&NumeroSequencialDocumento=43274
14.212.464/0001-76;2015-01-01;2;TGLT S/A;080136;FCA;43311;2015-01-06;http://www.rad.cvm.gov.br/ENETCONSULTA/frmDownloadDocumento.aspx?CodigoInstituicao=1&NumeroSequencialDocumento=43311
14.212.464/0001-76;2015-01-01;3;TGLT S/A;080136;FCA;46597;2015-05-07;http://www.rad.cvm.gov.br/ENETCONSULTA/frmDownloadDocumento.aspx?CodigoInstituicao=1&NumeroSequencialDocumento=46597
14.212.464/0001-76;2015-01-01;4;TGLT S/A;080136;FCA;48155;2015-05-29;http://www.rad.cvm.gov.br/ENETCONSULTA/frmDownloadDocumento.aspx?CodigoInstituicao=1&NumeroSequencialDocumento=48155
14.308.514/0001-13;2015-01-01;1;PARTICIPAÇÕES INDUST. DO NORDESTE S.A.;001597;FCA;45017;2015-03-17;http://www.rad.cvm.gov.br/ENETCONSULTA/frmDownloadDocumento.aspx?CodigoInstituicao=1&NumeroSequencialDocumento=45017
14.333.683/0001-03;2015-01-01;1;FONTAINE VILLE PARTICIPAÇÕES S/A;023019;FCA;45404;2015-03-27;http://www.rad.cvm.gov.br/ENETCONSULTA/frmDownloadDocumento.aspx?CodigoInstituicao=1&NumeroSequencialDocumento=45404
14.333.683/0001-03;2015-01-01;2;FONTAINE VILLE PARTICIPAÇÕES S/A;023019;FCA;47470;2015-05-15;http://www.rad.cvm.gov.br/ENETCONSULTA/frmDownloadDocumento.aspx?CodigoInstituicao=1&NumeroSequencialDocumento=47470
14.388.334/0001-99;2015-01-01;1;PARANA BCO S.A.;020729;FCA;44317;2015-02-26;http://www.rad.cvm.gov.br/ENETCONSULTA/frmDownloadDocumento.aspx?CodigoInstituicao=1&NumeroSequencialDocumento=44317
14.388.334/0001-99;2015-01-01;2;PARANA BCO S.A.;020729;FCA;47585;2015-05-19;http://www.rad.cvm.gov.br/ENETCONSULTA/frmDownloadDocumento.aspx?CodigoInstituicao=1&NumeroSequencialDocumento=47585
14.388.334/0001-99;2015-01-01;3;PARANA BCO S.A.;020729;FCA;51042;2015-10-22;http://www.rad.cvm.gov.br/ENETCONSULTA/frmDownloadDocumento.aspx?CodigoInstituicao=1&NumeroSequencialDocumento=51042
14.807.945/0001-24;2015-01-01;1;SANSUY S.A. INDUSTRIA DE PLASTICOS;012696;FCA;45356;2015-03-27;http://www.rad.cvm.gov.br/ENETCONSULTA/frmDownloadDocumento.aspx?CodigoInstituicao=1&NumeroSequencialDocumento=45356
14.807.945/0001-24;2015-01-01;2;SANSUY S.A. INDUSTRIA DE PLASTICOS;012696;FCA;47681;2015-05-22;http://www.rad.cvm.gov.br/ENETCONSULTA/frmDownloadDocumento.aspx?CodigoInstituicao=1&NumeroSequencialDocumento=47681
14.876.090/0001-93;2015-01-01;1;GAIA IMPACTO SECURITIZADORA S.A.;022764;FCA;44127;2015-02-13;http://www.rad.cvm.gov.br/ENETCONSULTA/frmDownloadDocumento.aspx?CodigoInstituicao=1&NumeroSequencialDocumento=44127
14.876.090/0001-93;2015-01-01;2;GAIA IMPACTO SECURITIZADORA S.A.;022764;FCA;46475;2015-05-06;http://www.rad.cvm.gov.br/ENETCONSULTA/frmDownloadDocumento.aspx?CodigoInstituicao=1&NumeroSequencialDocumento=46475
14.882.295/0001-81;2015-01-01;1;CBO HOLDING S.A.;023620;FCA;48754;2015-06-22;http://www.rad.cvm.gov.br/ENETCONSULTA/frmDownloadDocumento.aspx?CodigoInstituicao=1&NumeroSequencialDocumento=48754
14.882.295/0001-81;2015-01-01;2;CBO HOLDING S.A.;023620;FCA;48769;2015-06-23;http://www.rad.cvm.gov.br/ENETCONSULTA/frmDownloadDocumento.aspx?CodigoInstituicao=1&NumeroSequencialDocumento=48769
14.882.295/0001-81;2015-01-01;3;CBO HOLDING S.A.;023620;FCA;50444;2015-09-02;http://www.rad.cvm.gov.br/ENETCONSULTA/frmDownloadDocumento.aspx?CodigoInstituicao=1&NumeroSequencialDocumento=50444
14.962.356/0001-10;2015-01-01;1;FRIGOL FOODS PARTICIPAÇÕES S.A.;022853;FCA;44369;2015-02-27;http://www.rad.cvm.gov.br/ENETCONSULTA/frmDownloadDocumento.aspx?CodigoInstituicao=1&NumeroSequencialDocumento=44369
14.962.356/0001-10;2015-01-01;2;FRIGOL FOODS PARTICIPAÇÕES S.A.;022853;FCA;49797;2015-08-13;http://www.rad.cvm.gov.br/ENETCONSULTA/frmDownloadDocumento.aspx?CodigoInstituicao=1&NumeroSequencialDocumento=49797
14.998.371/0001-19;2015-01-01;1;J. MACEDO S.A.;021156;FCA;43322;2015-01-07;http://www.rad.cvm.gov.br/ENETCONSULTA/frmDownloadDocumento.aspx?CodigoInstituicao=1&NumeroSequencialDocumento=43322
14.998.371/0001-19;2015-01-01;2;J. MACEDO S.A.;021156;FCA;47900;2015-05-28;http://www.rad.cvm.gov.br/ENETCONSULTA/frmDownloadDocumento.aspx?CodigoInstituicao=1&NumeroSequencialDocumento=47900
14.998.371/0001-19;2015-01-01;3;J. MACEDO S.A.;021156;FCA;47960;2015-05-29;http://www.rad.cvm.gov.br/ENETCONSULTA/frmDownloadDocumento.aspx?CodigoInstituicao=1&NumeroSequencialDocumento=47960
14.998.371/0001-19;2015-01-01;4;J. MACEDO S.A.;021156;FCA;48812;2015-06-26;http://www.rad.cvm.gov.br/ENETCONSULTA/frmDownloadDocumento.aspx?CodigoInstituicao=1&NumeroSequencialDocumento=48812
15.073.274/0001-88;2015-01-01;1;PPLA PARTICIPATIONS LTD.;080152;FCA;44233;2015-02-24;http://www.rad.cvm.gov.br/ENETCONSULTA/frmDownloadDocumento.aspx?CodigoInstituicao=1&NumeroSequencialDocumento=44233
15.101.405/0001-93;2015-01-01;1;CORREA RIBEIRO S.A. COMERCIO E INDUSTRIA;004863;FCA;44907;2015-03-11;http://www.rad.cvm.gov.br/ENETCONSULTA/frmDownloadDocumento.aspx?CodigoInstituicao=1&NumeroSequencialDocumento=44907
15.101.405/0001-93;2015-01-01;2;CORREA RIBEIRO S.A. COMERCIO E INDUSTRIA;004863;FCA;47039;2015-05-13;http://www.rad.cvm.gov.br/ENETCONSULTA/frmDownloadDocumento.aspx?CodigoInstituicao=1&NumeroSequencialDocumento=47039
15.115.504/0001-24;2015-01-01;1;TRONOX PIGMENTOS DO BRASIL S.A.;011398;FCA;43497;2015-01-15;http://www.rad.cvm.gov.br/ENETCONSULTA/frmDownloadDocumento.aspx?CodigoInstituicao=1&NumeroSequencialDocumento=43497
15.115.504/0001-24;2015-01-01;2;TRONOX PIGMENTOS DO BRASIL S.A.;011398;FCA;45169;2015-03-24;http://www.rad.cvm.gov.br/ENETCONSULTA/frmDownloadDocumento.aspx?CodigoInstituicao=1&NumeroSequencialDocumento=45169
15.115.504/0001-24;2015-01-01;3;TRONOX PIGMENTOS DO BRASIL S.A.;011398;FCA;46310;2015-05-04;http://www.rad.cvm.gov.br/ENETCONSULTA/frmDownloadDocumento.aspx?CodigoInstituicao=1&NumeroSequencialDocumento=46310
15.115.504/0001-24;2015-01-01;4;TRONOX PIGMENTOS DO BRASIL S.A.;011398;FCA;49421;2015-08-04;http://www.rad.cvm.gov.br/ENETCONSULTA/frmDownloadDocumento.aspx?CodigoInstituicao=1&NumeroSequencialDocumento=49421
15.115.504/0001-24;2015-01-01;5;TRONOX PIGMENTOS DO BRASIL S.A.;011398;FCA;51788;2015-11-13;http://www.rad.cvm.gov.br/ENETCONSULTA/frmDownloadDocumento.aspx?CodigoInstituicao=1&NumeroSequencialDocumento=51788
15.124.464/0001-87;2015-01-01;1;BANCO BESA S.A.;001244;FCA;47672;2015-05-22;http://www.rad.cvm.gov.br/ENETCONSULTA/frmDownloadDocumento.aspx?CodigoInstituicao=1&NumeroSequencialDocumento=47672
15.126.626/0001-16;2015-01-01;1;IND AZULEJOS BAHIA SA;006955;FCA;44837;2015-03-09;http://www.rad.cvm.gov.br/ENETCONSULTA/frmDownloadDocumento.aspx?CodigoInstituicao=1&NumeroSequencialDocumento=44837
15.126.626/0001-16;2015-01-01;2;IND AZULEJOS BAHIA SA;006955;FCA;47307;2015-05-15;http://www.rad.cvm.gov.br/ENETCONSULTA/frmDownloadDocumento.aspx?CodigoInstituicao=1&NumeroSequencialDocumento=47307
15.139.629/0001-94;2015-01-01;1;CIA ELETRICIDADE EST. DA BAHIA - COELBA;014524;FCA;44267;2015-02-25;http://www.rad.cvm.gov.br/ENETCONSULTA/frmDownloadDocumento.aspx?CodigoInstituicao=1&NumeroSequencialDocumento=44267
15.139.629/0001-94;2015-01-01;2;CIA ELETRICIDADE EST. DA BAHIA - COELBA;014524;FCA;48664;2015-06-16;http://www.rad.cvm.gov.br/ENETCONSULTA/frmDownloadDocumento.aspx?CodigoInstituicao=1&NumeroSequencialDocumento=48664
15.139.629/0001-94;2015-01-01;3;CIA ELETRICIDADE EST. DA BAHIA - COELBA;014524;FCA;48839;2015-06-29;http://www.rad.cvm.gov.br/ENETCONSULTA/frmDownloadDocumento.aspx?CodigoInstituicao=1&NumeroSequencialDocumento=48839
15.139.629/0001-94;2015-01-01;4;CIA ELETRICIDADE EST. DA BAHIA - COELBA;014524;FCA;48999;2015-07-09;http://www.rad.cvm.gov.br/ENETCONSULTA/frmDownloadDocumento.aspx?CodigoInstituicao=1&NumeroSequencialDocumento=48999
15.139.629/0001-94;2015-01-01;5;CIA ELETRICIDADE EST. DA BAHIA - COELBA;014524;FCA;49026;2015-07-10;http://www.rad.cvm.gov.br/ENETCONSULTA/frmDownloadDocumento.aspx?CodigoInstituicao=1&NumeroSequencialDocumento=49026
15.141.799/0001-03;2015-01-01;1;CIA FERRO LIGAS DA BAHIA - FERBASA;003069;FCA;44381;2015-02-27;http://www.rad.cvm.gov.br/ENETCONSULTA/frmDownloadDocumento.aspx?CodigoInstituicao=1&NumeroSequencialDocumento=44381
15.141.799/0001-03;2015-01-01;2;CIA FERRO LIGAS DA BAHIA - FERBASA;003069;FCA;46806;2015-05-11;http://www.rad.cvm.gov.br/ENETCONSULTA/frmDownloadDocumento.aspx?CodigoInstituicao=1&NumeroSequencialDocumento=46806
15.141.799/0001-03;2015-01-01;3;CIA FERRO LIGAS DA BAHIA - FERBASA;003069;FCA;48366;2015-05-29;http://www.rad.cvm.gov.br/ENETCONSULTA/frmDownloadDocumento.aspx?CodigoInstituicao=1&NumeroSequencialDocumento=48366
15.141.799/0001-03;2015-01-01;4;CIA FERRO LIGAS DA BAHIA - FERBASA;003069;FCA;49551;2015-08-07;http://www.rad.cvm.gov.br/ENETCONSULTA/frmDownloadDocumento.aspx?CodigoInstituicao=1&NumeroSequencialDocumento=49551
15.141.799/0001-03;2015-01-01;5;CIA FERRO LIGAS DA BAHIA - FERBASA;003069;FCA;51379;2015-11-06;http://www.rad.cvm.gov.br/ENETCONSULTA/frmDownloadDocumento.aspx?CodigoInstituicao=1&NumeroSequencialDocumento=51379
15.141.799/0001-03;2015-01-01;6;CIA FERRO LIGAS DA BAHIA - FERBASA;003069;FCA;52327;2015-12-04;http://www.rad.cvm.gov.br/ENETCONSULTA/frmDownloadDocumento.aspx?CodigoInstituicao=1&NumeroSequencialDocumento=52327
15.144.017/0001-90;2015-01-01;1;CIA SEGUROS ALIANCA DA BAHIA;003115;FCA;44365;2015-02-27;http://www.rad.cvm.gov.br/ENETCONSULTA/frmDownloadDocumento.aspx?CodigoInstituicao=1&NumeroSequencialDocumento=44365
15.229.110/0001-05;2015-01-01;1;CAPITALE SECURITIZADORA DE CRÉDITO S/A;023353;FCA;43856;2015-02-06;http://www.rad.cvm.gov.br/ENETCONSULTA/frmDownloadDocumento.aspx?CodigoInstituicao=1&NumeroSequencialDocumento=43856
15.413.826/0001-50;2015-01-01;1;ENERGISA MATO GROSSO DO SUL - DIST DE ENERGIA S.A.;005576;FCA;43726;2015-02-02;http://www.rad.cvm.gov.br/ENETCONSULTA/frmDownloadDocumento.aspx?CodigoInstituicao=1&NumeroSequencialDocumento=43726
15.413.826/0001-50;2015-01-01;2;ENERGISA MATO GROSSO DO SUL - DIST DE ENERGIA S.A.;005576;FCA;43753;2015-02-03;http://www.rad.cvm.gov.br/ENETCONSULTA/frmDownloadDocumento.aspx?CodigoInstituicao=1&NumeroSequencialDocumento=43753
15.413.826/0001-50;2015-01-01;3;ENERGISA MATO GROSSO DO SUL - DIST DE ENERGIA S.A.;005576;FCA;46376;2015-05-05;http://www.rad.cvm.gov.br/ENETCONSULTA/frmDownloadDocumento.aspx?CodigoInstituicao=1&NumeroSequencialDocumento=46376
15.413.826/0001-50;2015-01-01;4;ENERGISA MATO GROSSO DO SUL - DIST DE ENERGIA S.A.;005576;FCA;49149;2015-07-21;http://www.rad.cvm.gov.br/ENETCONSULTA/frmDownloadDocumento.aspx?CodigoInstituicao=1&NumeroSequencialDocumento=49149
15.483.430/0001-89;2015-01-01;1;BPMB I PARTICIPAÇÕES S.A.;023108;FCA;45007;2015-03-16;http://www.rad.cvm.gov.br/ENETCONSULTA/frmDownloadDocumento.aspx?CodigoInstituicao=1&NumeroSequencialDocumento=45007
15.483.430/0001-89;2015-01-01;2;BPMB I PARTICIPAÇÕES S.A.;023108;FCA;45019;2015-03-17;http://www.rad.cvm.gov.br/ENETCONSULTA/frmDownloadDocumento.aspx?CodigoInstituicao=1&NumeroSequencialDocumento=45019
15.483.430/0001-89;2015-01-01;3;BPMB I PARTICIPAÇÕES S.A.;023108;FCA;46721;2015-05-08;http://www.rad.cvm.gov.br/ENETCONSULTA/frmDownloadDocumento.aspx?CodigoInstituicao=1&NumeroSequencialDocumento=46721
15.483.430/0001-89;2015-01-01;4;BPMB I PARTICIPAÇÕES S.A.;023108;FCA;47625;2015-05-20;http://www.rad.cvm.gov.br/ENETCONSULTA/frmDownloadDocumento.aspx?CodigoInstituicao=1&NumeroSequencialDocumento=47625
15.484.093/0001-44;2015-01-01;1;ECO101 CONCESSIONÁRIA DE RODOVIAS S.A.;023582;FCA;45996;2015-04-15;http://www.rad.cvm.gov.br/ENETCONSULTA/frmDownloadDocumento.aspx?CodigoInstituicao=1&NumeroSequencialDocumento=45996
15.484.093/0001-44;2015-01-01;2;ECO101 CONCESSIONÁRIA DE RODOVIAS S.A.;023582;FCA;48180;2015-05-29;http://www.rad.cvm.gov.br/ENETCONSULTA/frmDownloadDocumento.aspx?CodigoInstituicao=1&NumeroSequencialDocumento=48180
15.494.541/0001-90;2015-01-01;1;SALUS INFRAESTRUTURA PORTUARIA SA;023540;FCA;43319;2015-01-07;http://www.rad.cvm.gov.br/ENETCONSULTA/frmDownloadDocumento.aspx?CodigoInstituicao=1&NumeroSequencialDocumento=43319
15.494.541/0001-90;2015-01-01;2;SALUS INFRAESTRUTURA PORTUARIA SA;023540;FCA;47920;2015-05-28;http://www.rad.cvm.gov.br/ENETCONSULTA/frmDownloadDocumento.aspx?CodigoInstituicao=1&NumeroSequencialDocumento=47920
15.527.906/0001-36;2015-01-01;1;BIOSEV S.A.;022845;FCA;43359;2015-01-08;http://www.rad.cvm.gov.br/ENETCONSULTA/frmDownloadDocumento.aspx?CodigoInstituicao=1&NumeroSequencialDocumento=43359
15.527.906/0001-36;2015-01-01;2;BIOSEV S.A.;022845;FCA;48545;2015-06-09;http://www.rad.cvm.gov.br/ENETCONSULTA/frmDownloadDocumento.aspx?CodigoInstituicao=1&NumeroSequencialDocumento=48545
15.578.569/0001-06;2015-01-01;1;CONC DO AEROPORTO INTERNACIONAL DE GUARULHOS S.A.;023515;FCA;45439;2015-03-27;http://www.rad.cvm.gov.br/ENETCONSULTA/frmDownloadDocumento.aspx?CodigoInstituicao=1&NumeroSequencialDocumento=45439
15.578.569/0001-06;2015-01-01;2;CONC DO AEROPORTO INTERNACIONAL DE GUARULHOS S.A.;023515;FCA;46626;2015-05-07;http://www.rad.cvm.gov.br/ENETCONSULTA/frmDownloadDocumento.aspx?CodigoInstituicao=1&NumeroSequencialDocumento=46626
15.578.569/0001-06;2015-01-01;3;CONC DO AEROPORTO INTERNACIONAL DE GUARULHOS S.A.;023515;FCA;46888;2015-05-12;http://www.rad.cvm.gov.br/ENETCONSULTA/frmDownloadDocumento.aspx?CodigoInstituicao=1&NumeroSequencialDocumento=46888
15.578.569/0001-06;2015-01-01;4;CONC DO AEROPORTO INTERNACIONAL DE GUARULHOS S.A.;023515;FCA;47923;2015-05-28;http://www.rad.cvm.gov.br/ENETCONSULTA/frmDownloadDocumento.aspx?CodigoInstituicao=1&NumeroSequencialDocumento=47923
15.688.041/0001-90;2015-01-01;1;MBK SECURITIZADORA SA;022861;FCA;45234;2015-03-25;http://www.rad.cvm.gov.br/ENETCONSULTA/frmDownloadDocumento.aspx?CodigoInstituicao=1&NumeroSequencialDocumento=45234
15.912.764/0001-20;2015-01-01;1;SMILES S.A.;023140;FCA;44039;2015-02-12;http://www.rad.cvm.gov.br/ENETCONSULTA/frmDownloadDocumento.aspx?CodigoInstituicao=1&NumeroSequencialDocumento=44039
16.103.773/0001-33;2015-01-01;1;FINPAR PARTICIPAÇÕES S/A;023116;FCA;45195;2015-03-24;http://www.rad.cvm.gov.br/ENETCONSULTA/frmDownloadDocumento.aspx?CodigoInstituicao=1&NumeroSequencialDocumento=45195
16.103.773/0001-33;2015-01-01;2;FINPAR PARTICIPAÇÕES S/A;023116;FCA;46013;2015-04-17;http://www.rad.cvm.gov.br/ENETCONSULTA/frmDownloadDocumento.aspx?CodigoInstituicao=1&NumeroSequencialDocumento=46013
16.234.171/0001-15;2015-01-01;1;METANOR SA METANOL DO NE;008745;FCA;45352;2015-03-27;http://www.rad.cvm.gov.br/ENETCONSULTA/frmDownloadDocumento.aspx?CodigoInstituicao=1&NumeroSequencialDocumento=45352
16.234.171/0001-15;2015-01-01;2;METANOR SA METANOL DO NE;008745;FCA;47104;2015-05-14;http://www.rad.cvm.gov.br/ENETCONSULTA/frmDownloadDocumento.aspx?CodigoInstituicao=1&NumeroSequencialDocumento=47104
16.234.171/0001-15;2015-01-01;3;METANOR SA METANOL DO NE;008745;FCA;48652;2015-06-16;http://www.rad.cvm.gov.br/ENETCONSULTA/frmDownloadDocumento.aspx?CodigoInstituicao=1&NumeroSequencialDocumento=48652
16.404.287/0001-55;2015-01-01;1;SUZANO S.A.;013986;FCA;44754;2015-03-05;http://www.rad.cvm.gov.br/ENETCONSULTA/frmDownloadDocumento.aspx?CodigoInstituicao=1&NumeroSequencialDocumento=44754
16.404.287/0001-55;2015-01-01;2;SUZANO S.A.;013986;FCA;46448;2015-05-06;http://www.rad.cvm.gov.br/ENETCONSULTA/frmDownloadDocumento.aspx?CodigoInstituicao=1&NumeroSequencialDocumento=46448
16.590.234/0001-76;2015-01-01;1;AREZZO INDÚSTRIA E COMÉRCIO S.A.;022349;FCA;44178;2015-02-23;http://www.rad.cvm.gov.br/ENETCONSULTA/frmDownloadDocumento.aspx?CodigoInstituicao=1&NumeroSequencialDocumento=44178
16.590.234/0001-76;2015-01-01;2;AREZZO INDÚSTRIA E COMÉRCIO S.A.;022349;FCA;47731;2015-05-26;http://www.rad.cvm.gov.br/ENETCONSULTA/frmDownloadDocumento.aspx?CodigoInstituicao=1&NumeroSequencialDocumento=47731
16.614.075/0001-00;2015-01-01;1;DIRECIONAL ENGENHARIA S.A.;021350;FCA;44998;2015-03-16;http://www.rad.cvm.gov.br/ENETCONSULTA/frmDownloadDocumento.aspx?CodigoInstituicao=1&NumeroSequencialDocumento=44998
16.614.075/0001-00;2015-01-01;2;DIRECIONAL ENGENHARIA S.A.;021350;FCA;46025;2015-04-17;http://www.rad.cvm.gov.br/ENETCONSULTA/frmDownloadDocumento.aspx?CodigoInstituicao=1&NumeroSequencialDocumento=46025
16.670.085/0001-55;2015-01-01;1;LOCALIZA RENT A CAR S.A.;019739;FCA;44797;2015-03-05;http://www.rad.cvm.gov.br/ENETCONSULTA/frmDownloadDocumento.aspx?CodigoInstituicao=1&NumeroSequencialDocumento=44797
17.155.730/0001-64;2015-01-01;1;CIA ENERGETICA DE MINAS GERAIS - CEMIG;002453;FCA;43712;2015-01-30;http://www.rad.cvm.gov.br/ENETCONSULTA/frmDownloadDocumento.aspx?CodigoInstituicao=1&NumeroSequencialDocumento=43712
17.155.730/0001-64;2015-01-01;2;CIA ENERGETICA DE MINAS GERAIS - CEMIG;002453;FCA;46667;2015-05-08;http://www.rad.cvm.gov.br/ENETCONSULTA/frmDownloadDocumento.aspx?CodigoInstituicao=1&NumeroSequencialDocumento=46667
17.159.005/0001-64;2015-01-01;1;FIACAO E TECELAGEM SAO JOSE SA EM RECUPERACAO JUDICIAL;005983;FCA;45737;2015-03-31;http://www.rad.cvm.gov.br/ENETCONSULTA/frmDownloadDocumento.aspx?CodigoInstituicao=1&NumeroSequencialDocumento=45737
17.159.005/0001-64;2015-01-01;2;FIACAO E TECELAGEM SAO JOSE SA EM RECUPERACAO JUDICIAL;005983;FCA;48129;2015-05-29;http://www.rad.cvm.gov.br/ENETCONSULTA/frmDownloadDocumento.aspx?CodigoInstituicao=1&NumeroSequencialDocumento=48129
17.161.241/0001-15;2015-01-01;1;MINASMAQUINAS S.A.;008818;FCA;44774;2015-03-05;http://www.rad.cvm.gov.br/ENETCONSULTA/frmDownloadDocumento.aspx?CodigoInstituicao=1&NumeroSequencialDocumento=44774
17.162.082/0001-73;2015-01-01;1;MENDES JUNIOR ENGENHARIA S.A.;004782;FCA;43307;2015-01-06;http://www.rad.cvm.gov.br/ENETCONSULTA/frmDownloadDocumento.aspx?CodigoInstituicao=1&NumeroSequencialDocumento=43307
17.162.082/0001-73;2015-01-01;2;MENDES JUNIOR ENGENHARIA S.A.;004782;FCA;48254;2015-05-29;http://www.rad.cvm.gov.br/ENETCONSULTA/frmDownloadDocumento.aspx?CodigoInstituicao=1&NumeroSequencialDocumento=48254
17.162.082/0001-73;2015-01-01;3;MENDES JUNIOR ENGENHARIA S.A.;004782;FCA;50445;2015-09-02;http://www.rad.cvm.gov.br/ENETCONSULTA/frmDownloadDocumento.aspx?CodigoInstituicao=1&NumeroSequencialDocumento=50445
17.167.396/0001-69;2015-01-01;1;ALFA HOLDINGS S.A.;009954;FCA;43763;2015-02-03;http://www.rad.cvm.gov.br/ENETCONSULTA/frmDownloadDocumento.aspx?CodigoInstituicao=1&NumeroSequencialDocumento=43763
17.167.396/0001-69;2015-01-01;2;ALFA HOLDINGS S.A.;009954;FCA;47332;2015-05-15;http://www.rad.cvm.gov.br/ENETCONSULTA/frmDownloadDocumento.aspx?CodigoInstituicao=1&NumeroSequencialDocumento=47332
17.167.396/0001-69;2015-01-01;3;ALFA HOLDINGS S.A.;009954;FCA;52253;2015-12-01;http://www.rad.cvm.gov.br/ENETCONSULTA/frmDownloadDocumento.aspx?CodigoInstituicao=1&NumeroSequencialDocumento=52253
17.167.396/0001-69;2015-01-01;4;ALFA HOLDINGS S.A.;009954;FCA;52365;2015-12-08;http://www.rad.cvm.gov.br/ENETCONSULTA/frmDownloadDocumento.aspx?CodigoInstituicao=1&NumeroSequencialDocumento=52365
17.167.412/0001-13;2015-01-01;1;FINANCEIRA ALFA S.A.- CRED FINANC E INVS;003891;FCA;43759;2015-02-03;http://www.rad.cvm.gov.br/ENETCONSULTA/frmDownloadDocumento.aspx?CodigoInstituicao=1&NumeroSequencialDocumento=43759
17.167.412/0001-13;2015-01-01;2;FINANCEIRA ALFA S.A.- CRED FINANC E INVS;003891;FCA;47346;2015-05-15;http://www.rad.cvm.gov.br/ENETCONSULTA/frmDownloadDocumento.aspx?CodigoInstituicao=1&NumeroSequencialDocumento=47346
17.184.037/0001-10;2015-01-01;1;BCO MERCANTIL DO BRASIL S.A.;001325;FCA;43934;2015-02-09;http://www.rad.cvm.gov.br/ENETCONSULTA/frmDownloadDocumento.aspx?CodigoInstituicao=1&NumeroSequencialDocumento=43934
17.184.037/0001-10;2015-01-01;2;BCO MERCANTIL DO BRASIL S.A.;001325;FCA;46494;2015-05-06;http://www.rad.cvm.gov.br/ENETCONSULTA/frmDownloadDocumento.aspx?CodigoInstituicao=1&NumeroSequencialDocumento=46494
17.193.806/0001-46;2015-01-01;1;CONSORCIO ALFA DE ADMINISTRACAO S.A.;004707;FCA;43762;2015-02-03;http://www.rad.cvm.gov.br/ENETCONSULTA/frmDownloadDocumento.aspx?CodigoInstituicao=1&NumeroSequencialDocumento=43762
17.193.806/0001-46;2015-01-01;2;CONSORCIO ALFA DE ADMINISTRACAO S.A.;004707;FCA;47337;2015-05-15;http://www.rad.cvm.gov.br/ENETCONSULTA/frmDownloadDocumento.aspx?CodigoInstituicao=1&NumeroSequencialDocumento=47337
17.234.244/0001-31;2015-01-01;1;FTL - FERROVIA TRANSNORDESTINA LOGÍSTICA S.A.;023370;FCA;44828;2015-03-06;http://www.rad.cvm.gov.br/ENETCONSULTA/frmDownloadDocumento.aspx?CodigoInstituicao=1&NumeroSequencialDocumento=44828
17.234.244/0001-31;2015-01-01;2;FTL - FERROVIA TRANSNORDESTINA LOGÍSTICA S.A.;023370;FCA;47800;2015-05-27;http://www.rad.cvm.gov.br/ENETCONSULTA/frmDownloadDocumento.aspx?CodigoInstituicao=1&NumeroSequencialDocumento=47800
17.234.244/0001-31;2015-01-01;3;FTL - FERROVIA TRANSNORDESTINA LOGÍSTICA S.A.;023370;FCA;50322;2015-08-20;http://www.rad.cvm.gov.br/ENETCONSULTA/frmDownloadDocumento.aspx?CodigoInstituicao=1&NumeroSequencialDocumento=50322
17.245.234/0001-00;2015-01-01;1;CIA FIACAO TECIDOS CEDRO CACHOEIRA;003077;FCA;43501;2015-01-15;http://www.rad.cvm.gov.br/ENETCONSULTA/frmDownloadDocumento.aspx?CodigoInstituicao=1&NumeroSequencialDocumento=43501
17.245.234/0001-00;2015-01-01;2;CIA FIACAO TECIDOS CEDRO CACHOEIRA;003077;FCA;47540;2015-05-18;http://www.rad.cvm.gov.br/ENETCONSULTA/frmDownloadDocumento.aspx?CodigoInstituicao=1&NumeroSequencialDocumento=47540
17.245.234/0001-00;2015-01-01;3;CIA FIACAO TECIDOS CEDRO CACHOEIRA;003077;FCA;50039;2015-08-14;http://www.rad.cvm.gov.br/ENETCONSULTA/frmDownloadDocumento.aspx?CodigoInstituicao=1&NumeroSequencialDocumento=50039
17.281.106/0001-03;2015-01-01;1;CIA SANEAMENTO DE MINAS GERAIS-COPASA MG;019445;FCA;43407;2015-01-09;http://www.rad.cvm.gov.br/ENETCONSULTA/frmDownloadDocumento.aspx?CodigoInstituicao=1&NumeroSequencialDocumento=43407
17.281.106/0001-03;2015-01-01;2;CIA SANEAMENTO DE MINAS GERAIS-COPASA MG;019445;FCA;43549;2015-01-16;http://www.rad.cvm.gov.br/ENETCONSULTA/frmDownloadDocumento.aspx?CodigoInstituicao=1&NumeroSequencialDocumento=43549
17.281.106/0001-03;2015-01-01;3;CIA SANEAMENTO DE MINAS GERAIS-COPASA MG;019445;FCA;43804;2015-02-05;http://www.rad.cvm.gov.br/ENETCONSULTA/frmDownloadDocumento.aspx?CodigoInstituicao=1&NumeroSequencialDocumento=43804
17.281.106/0001-03;2015-01-01;4;CIA SANEAMENTO DE MINAS GERAIS-COPASA MG;019445;FCA;43833;2015-02-05;http://www.rad.cvm.gov.br/ENETCONSULTA/frmDownloadDocumento.aspx?CodigoInstituicao=1&NumeroSequencialDocumento=43833
17.281.106/0001-03;2015-01-01;5;CIA SANEAMENTO DE MINAS GERAIS-COPASA MG;019445;FCA;44256;2015-02-25;http://www.rad.cvm.gov.br/ENETCONSULTA/frmDownloadDocumento.aspx?CodigoInstituicao=1&NumeroSequencialDocumento=44256
17.281.106/0001-03;2015-01-01;6;CIA SANEAMENTO DE MINAS GERAIS-COPASA MG;019445;FCA;46289;2015-05-04;http://www.rad.cvm.gov.br/ENETCONSULTA/frmDownloadDocumento.aspx?CodigoInstituicao=1&NumeroSequencialDocumento=46289
17.281.106/0001-03;2015-01-01;7;CIA SANEAMENTO DE MINAS GERAIS-COPASA MG;019445;FCA;46290;2015-05-04;http://www.rad.cvm.gov.br/ENETCONSULTA/frmDownloadDocumento.aspx?CodigoInstituicao=1&NumeroSequencialDocumento=46290
17.314.329/0001-20;2015-01-01;1;INTERNATIONAL MEAL COMPANY ALIMENTACAO S.A.;023574;FCA;45175;2015-03-24;http://www.rad.cvm.gov.br/ENETCONSULTA/frmDownloadDocumento.aspx?CodigoInstituicao=1&NumeroSequencialDocumento=45175
17.314.329/0001-20;2015-01-01;2;INTERNATIONAL MEAL COMPANY ALIMENTACAO S.A.;023574;FCA;52416;2015-12-10;http://www.rad.cvm.gov.br/ENETCONSULTA/frmDownloadDocumento.aspx?CodigoInstituicao=1&NumeroSequencialDocumento=52416
17.344.597/0001-94;2015-01-01;1;BB SEGURIDADE PARTICIPAÇÕES S.A.;023159;FCA;43963;2015-02-10;http://www.rad.cvm.gov.br/ENETCONSULTA/frmDownloadDocumento.aspx?CodigoInstituicao=1&NumeroSequencialDocumento=43963
17.344.597/0001-94;2015-01-01;2;BB SEGURIDADE PARTICIPAÇÕES S.A.;023159;FCA;50661;2015-09-22;http://www.rad.cvm.gov.br/ENETCONSULTA/frmDownloadDocumento.aspx?CodigoInstituicao=1&NumeroSequencialDocumento=50661
17.346.997/0001-39;2015-01-01;1;COSAN LOGISTICA S.A.;023485;FCA;44103;2015-02-13;http://www.rad.cvm.gov.br/ENETCONSULTA/frmDownloadDocumento.aspx?CodigoInstituicao=1&NumeroSequencialDocumento=44103
17.346.997/0001-39;2015-01-01;2;COSAN LOGISTICA S.A.;023485;FCA;45943;2015-04-13;http://www.rad.cvm.gov.br/ENETCONSULTA/frmDownloadDocumento.aspx?CodigoInstituicao=1&NumeroSequencialDocumento=45943
17.346.997/0001-39;2015-01-01;3;COSAN LOGISTICA S.A.;023485;FCA;46076;2015-04-22;http://www.rad.cvm.gov.br/ENETCONSULTA/frmDownloadDocumento.aspx?CodigoInstituicao=1&NumeroSequencialDocumento=46076
17.346.997/0001-39;2015-01-01;4;COSAN LOGISTICA S.A.;023485;FCA;47280;2015-05-15;http://www.rad.cvm.gov.br/ENETCONSULTA/frmDownloadDocumento.aspx?CodigoInstituicao=1&NumeroSequencialDocumento=47280
17.346.997/0001-39;2015-01-01;5;COSAN LOGISTICA S.A.;023485;FCA;50685;2015-09-24;http://www.rad.cvm.gov.br/ENETCONSULTA/frmDownloadDocumento.aspx?CodigoInstituicao=1&NumeroSequencialDocumento=50685
17.568.683/0001-80;2015-01-01;1;ISEC BRASIL SECURITIZADORA S/A;023337;FCA;44116;2015-02-13;http://www.rad.cvm.gov.br/ENETCONSULTA/frmDownloadDocumento.aspx?CodigoInstituicao=1&NumeroSequencialDocumento=44116
17.568.683/0001-80;2015-01-01;2;ISEC BRASIL SECURITIZADORA S/A;023337;FCA;44914;2015-03-11;http://www.rad.cvm.gov.br/ENETCONSULTA/frmDownloadDocumento.aspx?CodigoInstituicao=1&NumeroSequencialDocumento=44914
17.568.683/0001-80;2015-01-01;3;ISEC BRASIL SECURITIZADORA S/A;023337;FCA;46340;2015-05-04;http://www.rad.cvm.gov.br/ENETCONSULTA/frmDownloadDocumento.aspx?CodigoInstituicao=1&NumeroSequencialDocumento=46340
17.568.683/0001-80;2015-01-01;4;ISEC BRASIL SECURITIZADORA S/A;023337;FCA;49643;2015-08-11;http://www.rad.cvm.gov.br/ENETCONSULTA/frmDownloadDocumento.aspx?CodigoInstituicao=1&NumeroSequencialDocumento=49643
17.568.683/0001-80;2015-01-01;5;ISEC BRASIL SECURITIZADORA S/A;023337;FCA;50297;2015-08-18;http://www.rad.cvm.gov.br/ENETCONSULTA/frmDownloadDocumento.aspx?CodigoInstituicao=1&NumeroSequencialDocumento=50297
18.494.485/0001-82;2015-01-01;1;PORTO SUDESTE V.M. S.A.;023523;FCA;43275;2015-01-02;http://www.rad.cvm.gov.br/ENETCONSULTA/frmDownloadDocumento.aspx?CodigoInstituicao=1&NumeroSequencialDocumento=43275
18.494.485/0001-82;2015-01-01;2;PORTO SUDESTE V.M. S.A.;023523;FCA;43409;2015-01-09;http://www.rad.cvm.gov.br/ENETCONSULTA/frmDownloadDocumento.aspx?CodigoInstituicao=1&NumeroSequencialDocumento=43409
18.494.485/0001-82;2015-01-01;3;PORTO SUDESTE V.M. S.A.;023523;FCA;43629;2015-01-23;http://www.rad.cvm.gov.br/ENETCONSULTA/frmDownloadDocumento.aspx?CodigoInstituicao=1&NumeroSequencialDocumento=43629
19.133.012/0001-12;2015-01-01;1;RENOVA COMPANHIA SECURITIZADORA DE CRÉDITOS FINANCEIROS S.A.;023744;FCA;51096;2015-10-26;http://www.rad.cvm.gov.br/ENETCONSULTA/frmDownloadDocumento.aspx?CodigoInstituicao=1&NumeroSequencialDocumento=51096
19.133.012/0001-12;2015-01-01;2;RENOVA COMPANHIA SECURITIZADORA DE CRÉDITOS FINANCEIROS S.A.;023744;FCA;51099;2015-10-26;http://www.rad.cvm.gov.br/ENETCONSULTA/frmDownloadDocumento.aspx?CodigoInstituicao=1&NumeroSequencialDocumento=51099
19.288.959/0001-00;2015-01-01;1;SCCA - SECURITIZADORA DE CRÉDITOS DO AGRONEGÓCIO S.A.;023400;FCA;45733;2015-03-31;http://www.rad.cvm.gov.br/ENETCONSULTA/frmDownloadDocumento.aspx?CodigoInstituicao=1&NumeroSequencialDocumento=45733
19.288.959/0001-00;2015-01-01;2;SCCA - SECURITIZADORA DE CRÉDITOS DO AGRONEGÓCIO S.A.;023400;FCA;46320;2015-05-04;http://www.rad.cvm.gov.br/ENETCONSULTA/frmDownloadDocumento.aspx?CodigoInstituicao=1&NumeroSequencialDocumento=46320
19.296.342/0001-29;2015-01-01;1;MGI - MINAS GERAIS PARTICIPAÇÕES S.A.;022942;FCA;43845;2015-02-06;http://www.rad.cvm.gov.br/ENETCONSULTA/frmDownloadDocumento.aspx?CodigoInstituicao=1&NumeroSequencialDocumento=43845
19.296.342/0001-29;2015-01-01;2;MGI - MINAS GERAIS PARTICIPAÇÕES S.A.;022942;FCA;44598;2015-03-04;http://www.rad.cvm.gov.br/ENETCONSULTA/frmDownloadDocumento.aspx?CodigoInstituicao=1&NumeroSequencialDocumento=44598
19.296.342/0001-29;2015-01-01;3;MGI - MINAS GERAIS PARTICIPAÇÕES S.A.;022942;FCA;46027;2015-04-17;http://www.rad.cvm.gov.br/ENETCONSULTA/frmDownloadDocumento.aspx?CodigoInstituicao=1&NumeroSequencialDocumento=46027
19.296.342/0001-29;2015-01-01;4;MGI - MINAS GERAIS PARTICIPAÇÕES S.A.;022942;FCA;46438;2015-05-06;http://www.rad.cvm.gov.br/ENETCONSULTA/frmDownloadDocumento.aspx?CodigoInstituicao=1&NumeroSequencialDocumento=46438
19.296.342/0001-29;2015-01-01;5;MGI - MINAS GERAIS PARTICIPAÇÕES S.A.;022942;FCA;47889;2015-05-28;http://www.rad.cvm.gov.br/ENETCONSULTA/frmDownloadDocumento.aspx?CodigoInstituicao=1&NumeroSequencialDocumento=47889
19.296.342/0001-29;2015-01-01;6;MGI - MINAS GERAIS PARTICIPAÇÕES S.A.;022942;FCA;49964;2015-08-14;http://www.rad.cvm.gov.br/ENETCONSULTA/frmDownloadDocumento.aspx?CodigoInstituicao=1&NumeroSequencialDocumento=49964
19.511.433/0001-30;2015-01-01;1;SPE AKRO SECURITIZADORA S.A.;023361;FCA;45047;2015-03-18;http://www.rad.cvm.gov.br/ENETCONSULTA/frmDownloadDocumento.aspx?CodigoInstituicao=1&NumeroSequencialDocumento=45047
19.526.748/0001-50;2015-01-01;1;CIA INDUSTRIAL CATAGUASES;003395;FCA;44981;2015-03-16;http://www.rad.cvm.gov.br/ENETCONSULTA/frmDownloadDocumento.aspx?CodigoInstituicao=1&NumeroSequencialDocumento=44981
19.526.748/0001-50;2015-01-01;2;CIA INDUSTRIAL CATAGUASES;003395;FCA;46568;2015-05-07;http://www.rad.cvm.gov.br/ENETCONSULTA/frmDownloadDocumento.aspx?CodigoInstituicao=1&NumeroSequencialDocumento=46568
19.527.639/0001-58;2015-01-01;1;ENERGISA MINAS RIO - DISTRIBUIDORA DE ENERGIA S/A;003271;FCA;43722;2015-02-02;http://www.rad.cvm.gov.br/ENETCONSULTA/frmDownloadDocumento.aspx?CodigoInstituicao=1&NumeroSequencialDocumento=43722
19.527.639/0001-58;2015-01-01;2;ENERGISA MINAS RIO - DISTRIBUIDORA DE ENERGIA S/A;003271;FCA;46368;2015-05-05;http://www.rad.cvm.gov.br/ENETCONSULTA/frmDownloadDocumento.aspx?CodigoInstituicao=1&NumeroSequencialDocumento=46368
19.851.496/0001-35;2015-01-01;1;LOGOS COMPANHIA SECURITIZADORA S/A;023477;FCA;44359;2015-02-27;http://www.rad.cvm.gov.br/ENETCONSULTA/frmDownloadDocumento.aspx?CodigoInstituicao=1&NumeroSequencialDocumento=44359
19.851.496/0001-35;2015-01-01;2;LOGOS COMPANHIA SECURITIZADORA S/A;023477;FCA;45241;2015-03-25;http://www.rad.cvm.gov.br/ENETCONSULTA/frmDownloadDocumento.aspx?CodigoInstituicao=1&NumeroSequencialDocumento=45241
20.258.278/0001-70;2015-01-01;1;OURO FINO SAUDE ANIMAL PARTICIPACOES S.A.;023507;FCA;43376;2015-01-08;http://www.rad.cvm.gov.br/ENETCONSULTA/frmDownloadDocumento.aspx?CodigoInstituicao=1&NumeroSequencialDocumento=43376
20.258.278/0001-70;2015-01-01;2;OURO FINO SAUDE ANIMAL PARTICIPACOES S.A.;023507;FCA;48369;2015-05-29;http://www.rad.cvm.gov.br/ENETCONSULTA/frmDownloadDocumento.aspx?CodigoInstituicao=1&NumeroSequencialDocumento=48369
20.445.827/0001-16;2015-01-01;1;SEC TWO COMPANHIA SECURITIZADORA DE CRÉDITOS;023752;FCA;51616;2015-11-12;http://www.rad.cvm.gov.br/ENETCONSULTA/frmDownloadDocumento.aspx?CodigoInstituicao=1&NumeroSequencialDocumento=51616
20.445.827/0001-16;2015-01-01;2;SEC TWO COMPANHIA SECURITIZADORA DE CRÉDITOS;023752;FCA;51641;2015-11-12;http://www.rad.cvm.gov.br/ENETCONSULTA/frmDownloadDocumento.aspx?CodigoInstituicao=1&NumeroSequencialDocumento=51641
20.451.953/0001-83;2015-01-01;1;BLUM COMPANHIA DE SECURITIZAÇÃO DE CRÉDITOS S.A;023760;FCA;51995;2015-11-16;http://www.rad.cvm.gov.br/ENETCONSULTA/frmDownloadDocumento.aspx?CodigoInstituicao=1&NumeroSequencialDocumento=51995
20.451.953/0001-83;2015-01-01;2;BLUM COMPANHIA DE SECURITIZAÇÃO DE CRÉDITOS S.A;023760;FCA;52359;2015-12-08;http://www.rad.cvm.gov.br/ENETCONSULTA/frmDownloadDocumento.aspx?CodigoInstituicao=1&NumeroSequencialDocumento=52359
21.255.567/0001-89;2015-01-01;1;CIA TECIDOS SANTANENSE;004081;FCA;45311;2015-03-26;http://www.rad.cvm.gov.br/ENETCONSULTA/frmDownloadDocumento.aspx?CodigoInstituicao=1&NumeroSequencialDocumento=45311
21.255.567/0001-89;2015-01-01;2;CIA TECIDOS SANTANENSE;004081;FCA;47863;2015-05-28;http://www.rad.cvm.gov.br/ENETCONSULTA/frmDownloadDocumento.aspx?CodigoInstituicao=1&NumeroSequencialDocumento=47863
21.262.638/0001-70;2015-01-01;1;ENCALSO PARTICIPAÇÕES EM CONCESSÕES S/A;023701;FCA;50524;2015-09-09;http://www.rad.cvm.gov.br/ENETCONSULTA/frmDownloadDocumento.aspx?CodigoInstituicao=1&NumeroSequencialDocumento=50524
21.414.457/0001-12;2015-01-01;1;LEADS CIA. SECURITIZADORA;023558;FCA;43847;2015-02-06;http://www.rad.cvm.gov.br/ENETCONSULTA/frmDownloadDocumento.aspx?CodigoInstituicao=1&NumeroSequencialDocumento=43847
21.414.457/0001-12;2015-01-01;2;LEADS CIA. SECURITIZADORA;023558;FCA;48153;2015-05-29;http://www.rad.cvm.gov.br/ENETCONSULTA/frmDownloadDocumento.aspx?CodigoInstituicao=1&NumeroSequencialDocumento=48153
21.610.416/0001-00;2015-01-01;1;FORTUNATO SECURITIZADORA S/A;023566;FCA;44847;2015-03-09;http://www.rad.cvm.gov.br/ENETCONSULTA/frmDownloadDocumento.aspx?CodigoInstituicao=1&NumeroSequencialDocumento=44847
21.610.416/0001-00;2015-01-01;2;FORTUNATO SECURITIZADORA S/A;023566;FCA;48212;2015-05-29;http://www.rad.cvm.gov.br/ENETCONSULTA/frmDownloadDocumento.aspx?CodigoInstituicao=1&NumeroSequencialDocumento=48212
21.610.416/0001-00;2015-01-01;3;FORTUNATO SECURITIZADORA S/A;023566;FCA;49791;2015-08-13;http://www.rad.cvm.gov.br/ENETCONSULTA/frmDownloadDocumento.aspx?CodigoInstituicao=1&NumeroSequencialDocumento=49791
21.987.030/0001-03;2015-01-01;1;FINSBURY PARTICIPAÇÕES S.A.;023639;FCA;49059;2015-07-13;http://www.rad.cvm.gov.br/ENETCONSULTA/frmDownloadDocumento.aspx?CodigoInstituicao=1&NumeroSequencialDocumento=49059
21.987.041/0001-93;2015-01-01;1;FOXFIELD PARTICIPAÇÕES S.A.;023663;FCA;49239;2015-07-27;http://www.rad.cvm.gov.br/ENETCONSULTA/frmDownloadDocumento.aspx?CodigoInstituicao=1&NumeroSequencialDocumento=49239
21.987.053/0001-18;2015-01-01;1;FOURSTONES PARTICIPAÇÕES S.A.;023655;FCA;49243;2015-07-27;http://www.rad.cvm.gov.br/ENETCONSULTA/frmDownloadDocumento.aspx?CodigoInstituicao=1&NumeroSequencialDocumento=49243
21.987.068/0001-86;2015-01-01;1;FRIESTON PARTICIPAÇÕES S.A.;023647;FCA;49245;2015-07-27;http://www.rad.cvm.gov.br/ENETCONSULTA/frmDownloadDocumento.aspx?CodigoInstituicao=1&NumeroSequencialDocumento=49245
22.131.736/0001-31;2015-01-01;1;RR CASA DE INVESTIMENTOS E PARTICIPAÇÕES S.A.;023787;FCA;52387;2015-12-09;http://www.rad.cvm.gov.br/ENETCONSULTA/frmDownloadDocumento.aspx?CodigoInstituicao=1&NumeroSequencialDocumento=52387
22.164.990/0001-36;2015-01-01;1;ELETROSOM S/A;022373;FCA;45914;2015-04-10;http://www.rad.cvm.gov.br/ENETCONSULTA/frmDownloadDocumento.aspx?CodigoInstituicao=1&NumeroSequencialDocumento=45914
22.164.990/0001-36;2015-01-01;2;ELETROSOM S/A;022373;FCA;48807;2015-06-26;http://www.rad.cvm.gov.br/ENETCONSULTA/frmDownloadDocumento.aspx?CodigoInstituicao=1&NumeroSequencialDocumento=48807
22.266.175/0001-88;2015-01-01;1;FERTILIZANTES HERINGER S.A.;020621;FCA;43601;2015-01-22;http://www.rad.cvm.gov.br/ENETCONSULTA/frmDownloadDocumento.aspx?CodigoInstituicao=1&NumeroSequencialDocumento=43601
22.495.265/0001-40;2015-01-01;1;SENECA COMPANHIA SECURITIZADORA;023698;FCA;50327;2015-08-20;http://www.rad.cvm.gov.br/ENETCONSULTA/frmDownloadDocumento.aspx?CodigoInstituicao=1&NumeroSequencialDocumento=50327
22.495.265/0001-40;2015-01-01;2;SENECA COMPANHIA SECURITIZADORA;023698;FCA;50344;2015-08-21;http://www.rad.cvm.gov.br/ENETCONSULTA/frmDownloadDocumento.aspx?CodigoInstituicao=1&NumeroSequencialDocumento=50344
22.495.265/0001-40;2015-01-01;3;SENECA COMPANHIA SECURITIZADORA;023698;FCA;51769;2015-11-13;http://www.rad.cvm.gov.br/ENETCONSULTA/frmDownloadDocumento.aspx?CodigoInstituicao=1&NumeroSequencialDocumento=51769
22.543.331/0001-00;2015-01-01;1;CAIXA SEGURIDADE PARTICIPAÇÕES S.A.;023795;FCA;52517;2015-12-18;http://www.rad.cvm.gov.br/ENETCONSULTA/frmDownloadDocumento.aspx?CodigoInstituicao=1&NumeroSequencialDocumento=52517
22.677.520/0001-76;2015-01-01;1;CIA TECIDOS NORTE DE MINAS COTEMINAS;003158;FCA;45508;2015-03-30;http://www.rad.cvm.gov.br/ENETCONSULTA/frmDownloadDocumento.aspx?CodigoInstituicao=1&NumeroSequencialDocumento=45508
22.677.520/0001-76;2015-01-01;2;CIA TECIDOS NORTE DE MINAS COTEMINAS;003158;FCA;47854;2015-05-28;http://www.rad.cvm.gov.br/ENETCONSULTA/frmDownloadDocumento.aspx?CodigoInstituicao=1&NumeroSequencialDocumento=47854
22.770.366/0001-82;2015-01-01;1;TEC TOY S.A.;014133;FCA;43663;2015-01-28;http://www.rad.cvm.gov.br/ENETCONSULTA/frmDownloadDocumento.aspx?CodigoInstituicao=1&NumeroSequencialDocumento=43663
22.770.366/0001-82;2015-01-01;2;TEC TOY S.A.;014133;FCA;46255;2015-04-30;http://www.rad.cvm.gov.br/ENETCONSULTA/frmDownloadDocumento.aspx?CodigoInstituicao=1&NumeroSequencialDocumento=46255
22.770.366/0001-82;2015-01-01;3;TEC TOY S.A.;014133;FCA;49436;2015-08-04;http://www.rad.cvm.gov.br/ENETCONSULTA/frmDownloadDocumento.aspx?CodigoInstituicao=1&NumeroSequencialDocumento=49436
22.770.366/0001-82;2015-01-01;4;TEC TOY S.A.;014133;FCA;52493;2015-12-17;http://www.rad.cvm.gov.br/ENETCONSULTA/frmDownloadDocumento.aspx?CodigoInstituicao=1&NumeroSequencialDocumento=52493
24.956.666/0001-86;2015-01-01;1;CLARION S/A AGROINDUSTRIAL;018490;FCA;48708;2015-06-18;http://www.rad.cvm.gov.br/ENETCONSULTA/frmDownloadDocumento.aspx?CodigoInstituicao=1&NumeroSequencialDocumento=48708
24.962.466/0001-36;2015-01-01;1;RUMO MALHA NORTE S.A.;015300;FCA;43366;2015-01-08;http://www.rad.cvm.gov.br/ENETCONSULTA/frmDownloadDocumento.aspx?CodigoInstituicao=1&NumeroSequencialDocumento=43366
24.962.466/0001-36;2015-01-01;2;RUMO MALHA NORTE S.A.;015300;FCA;45856;2015-04-07;http://www.rad.cvm.gov.br/ENETCONSULTA/frmDownloadDocumento.aspx?CodigoInstituicao=1&NumeroSequencialDocumento=45856
24.962.466/0001-36;2015-01-01;3;RUMO MALHA NORTE S.A.;015300;FCA;46521;2015-05-06;http://www.rad.cvm.gov.br/ENETCONSULTA/frmDownloadDocumento.aspx?CodigoInstituicao=1&NumeroSequencialDocumento=46521
25.089.509/0001-83;2015-01-01;1;COMPANHIA DE SANEAMENTO DO TOCANTINS - SANEATINS;023809;FCA;52567;2015-12-22;http://www.rad.cvm.gov.br/ENETCONSULTA/frmDownloadDocumento.aspx?CodigoInstituicao=1&NumeroSequencialDocumento=52567
25.329.319/0001-96;2015-01-01;1;WEMBLEY SOCIEDADE ANÔNIMA;011800;FCA;45513;2015-03-30;http://www.rad.cvm.gov.br/ENETCONSULTA/frmDownloadDocumento.aspx?CodigoInstituicao=1&NumeroSequencialDocumento=45513
25.329.319/0001-96;2015-01-01;2;WEMBLEY SOCIEDADE ANÔNIMA;011800;FCA;47876;2015-05-28;http://www.rad.cvm.gov.br/ENETCONSULTA/frmDownloadDocumento.aspx?CodigoInstituicao=1&NumeroSequencialDocumento=47876
26.386.169/0001-15;2015-01-01;1;MERCANTIL DO BRASIL LEASING SA;015890;FCA;44739;2015-03-05;http://www.rad.cvm.gov.br/ENETCONSULTA/frmDownloadDocumento.aspx?CodigoInstituicao=1&NumeroSequencialDocumento=44739
26.386.169/0001-15;2015-01-01;2;MERCANTIL DO BRASIL LEASING SA;015890;FCA;46460;2015-05-06;http://www.rad.cvm.gov.br/ENETCONSULTA/frmDownloadDocumento.aspx?CodigoInstituicao=1&NumeroSequencialDocumento=46460
27.093.558/0001-15;2015-01-01;1;MILLS LOCAÇÃO, SERVIÇOS E LOGÍSTICA S.A.;022012;FCA;43284;2015-01-05;http://www.rad.cvm.gov.br/ENETCONSULTA/frmDownloadDocumento.aspx?CodigoInstituicao=1&NumeroSequencialDocumento=43284
27.093.558/0001-15;2015-01-01;2;MILLS LOCAÇÃO, SERVIÇOS E LOGÍSTICA S.A.;022012;FCA;47705;2015-05-25;http://www.rad.cvm.gov.br/ENETCONSULTA/frmDownloadDocumento.aspx?CodigoInstituicao=1&NumeroSequencialDocumento=47705
27.093.558/0001-15;2015-01-01;3;MILLS LOCAÇÃO, SERVIÇOS E LOGÍSTICA S.A.;022012;FCA;50608;2015-09-18;http://www.rad.cvm.gov.br/ENETCONSULTA/frmDownloadDocumento.aspx?CodigoInstituicao=1&NumeroSequencialDocumento=50608
27.093.558/0001-15;2015-01-01;4;MILLS LOCAÇÃO, SERVIÇOS E LOGÍSTICA S.A.;022012;FCA;50702;2015-09-25;http://www.rad.cvm.gov.br/ENETCONSULTA/frmDownloadDocumento.aspx?CodigoInstituicao=1&NumeroSequencialDocumento=50702
27.093.558/0001-15;2015-01-01;5;MILLS LOCAÇÃO, SERVIÇOS E LOGÍSTICA S.A.;022012;FCA;50717;2015-09-28;http://www.rad.cvm.gov.br/ENETCONSULTA/frmDownloadDocumento.aspx?CodigoInstituicao=1&NumeroSequencialDocumento=50717
27.093.558/0001-15;2015-01-01;6;MILLS LOCAÇÃO, SERVIÇOS E LOGÍSTICA S.A.;022012;FCA;50932;2015-10-14;http://www.rad.cvm.gov.br/ENETCONSULTA/frmDownloadDocumento.aspx?CodigoInstituicao=1&NumeroSequencialDocumento=50932
27.093.558/0001-15;2015-01-01;7;MILLS LOCAÇÃO, SERVIÇOS E LOGÍSTICA S.A.;022012;FCA;52081;2015-11-18;http://www.rad.cvm.gov.br/ENETCONSULTA/frmDownloadDocumento.aspx?CodigoInstituicao=1&NumeroSequencialDocumento=52081
27.093.558/0001-15;2015-01-01;8;MILLS LOCAÇÃO, SERVIÇOS E LOGÍSTICA S.A.;022012;FCA;52540;2015-12-21;http://www.rad.cvm.gov.br/ENETCONSULTA/frmDownloadDocumento.aspx?CodigoInstituicao=1&NumeroSequencialDocumento=52540
28.127.603/0001-78;2015-01-01;1;BANESTES S.A. - BCO EST ESPIRITO SANTO;001155;FCA;43399;2015-01-09;http://www.rad.cvm.gov.br/ENETCONSULTA/frmDownloadDocumento.aspx?CodigoInstituicao=1&NumeroSequencialDocumento=43399
28.127.603/0001-78;2015-01-01;2;BANESTES S.A. - BCO EST ESPIRITO SANTO;001155;FCA;45564;2015-03-30;http://www.rad.cvm.gov.br/ENETCONSULTA/frmDownloadDocumento.aspx?CodigoInstituicao=1&NumeroSequencialDocumento=45564
28.127.603/0001-78;2015-01-01;3;BANESTES S.A. - BCO EST ESPIRITO SANTO;001155;FCA;48872;2015-06-30;http://www.rad.cvm.gov.br/ENETCONSULTA/frmDownloadDocumento.aspx?CodigoInstituicao=1&NumeroSequencialDocumento=48872
28.152.650/0001-71;2015-01-01;1;EDP ESPIRITO SANTO DISTRIBUIÇÃO DE ENERGIA S.A.;015342;FCA;44407;2015-02-28;http://www.rad.cvm.gov.br/ENETCONSULTA/frmDownloadDocumento.aspx?CodigoInstituicao=1&NumeroSequencialDocumento=44407
28.152.650/0001-71;2015-01-01;2;EDP ESPIRITO SANTO DISTRIBUIÇÃO DE ENERGIA S.A.;015342;FCA;49467;2015-08-05;http://www.rad.cvm.gov.br/ENETCONSULTA/frmDownloadDocumento.aspx?CodigoInstituicao=1&NumeroSequencialDocumento=49467
28.195.667/0001-06;2015-01-01;1;BCO ABC BRASIL S.A.;020958;FCA;43540;2015-01-16;http://www.rad.cvm.gov.br/ENETCONSULTA/frmDownloadDocumento.aspx?CodigoInstituicao=1&NumeroSequencialDocumento=43540
28.195.667/0001-06;2015-01-01;2;BCO ABC BRASIL S.A.;020958;FCA;43633;2015-01-26;http://www.rad.cvm.gov.br/ENETCONSULTA/frmDownloadDocumento.aspx?CodigoInstituicao=1&NumeroSequencialDocumento=43633
28.195.667/0001-06;2015-01-01;3;BCO ABC BRASIL S.A.;020958;FCA;46301;2015-05-04;http://www.rad.cvm.gov.br/ENETCONSULTA/frmDownloadDocumento.aspx?CodigoInstituicao=1&NumeroSequencialDocumento=46301
28.500.320/0001-20;2015-01-01;1;INDÚSTRIA VEROLME S.A. - IVESA;012866;FCA;43329;2015-01-07;http://www.rad.cvm.gov.br/ENETCONSULTA/frmDownloadDocumento.aspx?CodigoInstituicao=1&NumeroSequencialDocumento=43329
28.500.320/0001-20;2015-01-01;2;INDÚSTRIA VEROLME S.A. - IVESA;012866;FCA;44550;2015-03-03;http://www.rad.cvm.gov.br/ENETCONSULTA/frmDownloadDocumento.aspx?CodigoInstituicao=1&NumeroSequencialDocumento=44550
28.573.830/0001-27;2015-01-01;1;TAIPE TRANCOSO EMPREENDIMENTOS S/A;020508;FCA;48889;2015-07-01;http://www.rad.cvm.gov.br/ENETCONSULTA/frmDownloadDocumento.aspx?CodigoInstituicao=1&NumeroSequencialDocumento=48889
28.573.830/0001-27;2015-01-01;2;TAIPE TRANCOSO EMPREENDIMENTOS S/A;020508;FCA;50952;2015-10-15;http://www.rad.cvm.gov.br/ENETCONSULTA/frmDownloadDocumento.aspx?CodigoInstituicao=1&NumeroSequencialDocumento=50952
29.780.061/0001-09;2015-01-01;1;SAO CARLOS EMPREEND E PARTICIPACOES S.A.;013781;FCA;43514;2015-01-15;http://www.rad.cvm.gov.br/ENETCONSULTA/frmDownloadDocumento.aspx?CodigoInstituicao=1&NumeroSequencialDocumento=43514
29.780.061/0001-09;2015-01-01;2;SAO CARLOS EMPREEND E PARTICIPACOES S.A.;013781;FCA;44890;2015-03-10;http://www.rad.cvm.gov.br/ENETCONSULTA/frmDownloadDocumento.aspx?CodigoInstituicao=1&NumeroSequencialDocumento=44890
29.950.060/0001-57;2015-01-01;1;NORTEC QUÍMICA S.A.;022985;FCA;43293;2015-01-06;http://www.rad.cvm.gov.br/ENETCONSULTA/frmDownloadDocumento.aspx?CodigoInstituicao=1&NumeroSequencialDocumento=43293
29.950.060/0001-57;2015-01-01;2;NORTEC QUÍMICA S.A.;022985;FCA;47827;2015-05-28;http://www.rad.cvm.gov.br/ENETCONSULTA/frmDownloadDocumento.aspx?CodigoInstituicao=1&NumeroSequencialDocumento=47827
29.978.814/0001-87;2015-01-01;1;SUL AMERICA S.A.;021121;FCA;44324;2015-02-26;http://www.rad.cvm.gov.br/ENETCONSULTA/frmDownloadDocumento.aspx?CodigoInstituicao=1&NumeroSequencialDocumento=44324
29.978.814/0001-87;2015-01-01;2;SUL AMERICA S.A.;021121;FCA;45877;2015-04-08;http://www.rad.cvm.gov.br/ENETCONSULTA/frmDownloadDocumento.aspx?CodigoInstituicao=1&NumeroSequencialDocumento=45877
29.978.814/0001-87;2015-01-01;3;SUL AMERICA S.A.;021121;FCA;46228;2015-04-29;http://www.rad.cvm.gov.br/ENETCONSULTA/frmDownloadDocumento.aspx?CodigoInstituicao=1&NumeroSequencialDocumento=46228
29.978.814/0001-87;2015-01-01;4;SUL AMERICA S.A.;021121;FCA;48135;2015-05-29;http://www.rad.cvm.gov.br/ENETCONSULTA/frmDownloadDocumento.aspx?CodigoInstituicao=1&NumeroSequencialDocumento=48135
30.306.294/0001-45;2015-01-01;1;BCO BTG PACTUAL S.A.;022616;FCA;44228;2015-02-24;http://www.rad.cvm.gov.br/ENETCONSULTA/frmDownloadDocumento.aspx?CodigoInstituicao=1&NumeroSequencialDocumento=44228
30.540.991/0001-66;2015-01-01;1;HAGA S.A. INDUSTRIA E COMERCIO;013366;FCA;45197;2015-03-24;http://www.rad.cvm.gov.br/ENETCONSULTA/frmDownloadDocumento.aspx?CodigoInstituicao=1&NumeroSequencialDocumento=45197
31.895.683/0001-16;2015-01-01;1;BANCO INDUSTRIAL DO BRASIL;021377;FCA;43648;2015-01-27;http://www.rad.cvm.gov.br/ENETCONSULTA/frmDownloadDocumento.aspx?CodigoInstituicao=1&NumeroSequencialDocumento=43648
32.681.371/0001-72;2015-01-01;1;VIX LOGÍSTICA S.A.;021202;FCA;43728;2015-02-02;http://www.rad.cvm.gov.br/ENETCONSULTA/frmDownloadDocumento.aspx?CodigoInstituicao=1&NumeroSequencialDocumento=43728
33.000.167/0001-01;2015-01-01;1;PETROLEO BRASILEIRO S.A. PETROBRAS;009512;FCA;43570;2015-01-19;http://www.rad.cvm.gov.br/ENETCONSULTA/frmDownloadDocumento.aspx?CodigoInstituicao=1&NumeroSequencialDocumento=43570
33.000.167/0001-01;2015-01-01;2;PETROLEO BRASILEIRO S.A. PETROBRAS;009512;FCA;44114;2015-02-13;http://www.rad.cvm.gov.br/ENETCONSULTA/frmDownloadDocumento.aspx?CodigoInstituicao=1&NumeroSequencialDocumento=44114
33.000.167/0001-01;2015-01-01;3;PETROLEO BRASILEIRO S.A. PETROBRAS;009512;FCA;44189;2015-02-23;http://www.rad.cvm.gov.br/ENETCONSULTA/frmDownloadDocumento.aspx?CodigoInstituicao=1&NumeroSequencialDocumento=44189
33.000.167/0001-01;2015-01-01;4;PETROLEO BRASILEIRO S.A. PETROBRAS;009512;FCA;50501;2015-09-09;http://www.rad.cvm.gov.br/ENETCONSULTA/frmDownloadDocumento.aspx?CodigoInstituicao=1&NumeroSequencialDocumento=50501
33.009.911/0001-39;2015-01-01;1;SOUZA CRUZ SA;004057;FCA;43612;2015-01-22;http://www.rad.cvm.gov.br/ENETCONSULTA/frmDownloadDocumento.aspx?CodigoInstituicao=1&NumeroSequencialDocumento=43612
33.009.911/0001-39;2015-01-01;2;SOUZA CRUZ SA;004057;FCA;45927;2015-04-10;http://www.rad.cvm.gov.br/ENETCONSULTA/frmDownloadDocumento.aspx?CodigoInstituicao=1&NumeroSequencialDocumento=45927
33.014.556/0001-96;2015-01-01;1;LOJAS AMERICANAS S.A.;008087;FCA;44949;2015-03-12;http://www.rad.cvm.gov.br/ENETCONSULTA/frmDownloadDocumento.aspx?CodigoInstituicao=1&NumeroSequencialDocumento=44949
33.035.536/0001-00;2015-01-01;1;JOAO FORTES ENGENHARIA S.A. - EM RECUPERAÇÃO JUDICIAL;007811;FCA;43276;2015-01-05;http://www.rad.cvm.gov.br/ENETCONSULTA/frmDownloadDocumento.aspx?CodigoInstituicao=1&NumeroSequencialDocumento=43276
33.035.536/0001-00;2015-01-01;2;JOAO FORTES ENGENHARIA S.A. - EM RECUPERAÇÃO JUDICIAL;007811;FCA;46790;2015-05-11;http://www.rad.cvm.gov.br/ENETCONSULTA/frmDownloadDocumento.aspx?CodigoInstituicao=1&NumeroSequencialDocumento=46790
33.039.223/0001-11;2015-01-01;1;CIMENTO TUPI S.A.;022829;FCA;45672;2015-03-31;http://www.rad.cvm.gov.br/ENETCONSULTA/frmDownloadDocumento.aspx?CodigoInstituicao=1&NumeroSequencialDocumento=45672
33.039.223/0001-11;2015-01-01;2;CIMENTO TUPI S.A.;022829;FCA;47816;2015-05-28;http://www.rad.cvm.gov.br/ENETCONSULTA/frmDownloadDocumento.aspx?CodigoInstituicao=1&NumeroSequencialDocumento=47816
33.040.601/0001-87;2015-01-01;1;CREDITAQUI FINANCEIRA S.A. - C.F.I.;008540;FCA;44734;2015-03-05;http://www.rad.cvm.gov.br/ENETCONSULTA/frmDownloadDocumento.aspx?CodigoInstituicao=1&NumeroSequencialDocumento=44734
33.040.601/0001-87;2015-01-01;2;CREDITAQUI FINANCEIRA S.A. - C.F.I.;008540;FCA;46464;2015-05-06;http://www.rad.cvm.gov.br/ENETCONSULTA/frmDownloadDocumento.aspx?CodigoInstituicao=1&NumeroSequencialDocumento=46464
33.041.260/0652-90;2015-01-01;1;GRUPO CASAS BAHIA S.A.;006505;FCA;43361;2015-01-08;http://www.rad.cvm.gov.br/ENETCONSULTA/frmDownloadDocumento.aspx?CodigoInstituicao=1&NumeroSequencialDocumento=43361
33.042.730/0001-04;2015-01-01;1;CIA SIDERURGICA NACIONAL;004030;FCA;43624;2015-01-23;http://www.rad.cvm.gov.br/ENETCONSULTA/frmDownloadDocumento.aspx?CodigoInstituicao=1&NumeroSequencialDocumento=43624
33.042.730/0001-04;2015-01-01;2;CIA SIDERURGICA NACIONAL;004030;FCA;47055;2015-05-13;http://www.rad.cvm.gov.br/ENETCONSULTA/frmDownloadDocumento.aspx?CodigoInstituicao=1&NumeroSequencialDocumento=47055
33.042.730/0001-04;2015-01-01;3;CIA SIDERURGICA NACIONAL;004030;FCA;49169;2015-07-21;http://www.rad.cvm.gov.br/ENETCONSULTA/frmDownloadDocumento.aspx?CodigoInstituicao=1&NumeroSequencialDocumento=49169
33.050.071/0001-58;2015-01-01;1;AMPLA ENERGIA E SERVICOS S.A.;003050;FCA;43593;2015-01-21;http://www.rad.cvm.gov.br/ENETCONSULTA/frmDownloadDocumento.aspx?CodigoInstituicao=1&NumeroSequencialDocumento=43593
33.050.071/0001-58;2015-01-01;2;AMPLA ENERGIA E SERVICOS S.A.;003050;FCA;47806;2015-05-27;http://www.rad.cvm.gov.br/ENETCONSULTA/frmDownloadDocumento.aspx?CodigoInstituicao=1&NumeroSequencialDocumento=47806
33.050.196/0001-88;2015-01-01;1;CIA PAULISTA DE FORCA E LUZ;003824;FCA;45275;2015-03-26;http://www.rad.cvm.gov.br/ENETCONSULTA/frmDownloadDocumento.aspx?CodigoInstituicao=1&NumeroSequencialDocumento=45275
33.050.196/0001-88;2015-01-01;2;CIA PAULISTA DE FORCA E LUZ;003824;FCA;46322;2015-05-04;http://www.rad.cvm.gov.br/ENETCONSULTA/frmDownloadDocumento.aspx?CodigoInstituicao=1&NumeroSequencialDocumento=46322
33.050.196/0001-88;2015-01-01;3;CIA PAULISTA DE FORCA E LUZ;003824;FCA;47641;2015-05-21;http://www.rad.cvm.gov.br/ENETCONSULTA/frmDownloadDocumento.aspx?CodigoInstituicao=1&NumeroSequencialDocumento=47641
33.050.196/0001-88;2015-01-01;4;CIA PAULISTA DE FORCA E LUZ;003824;FCA;52272;2015-12-02;http://www.rad.cvm.gov.br/ENETCONSULTA/frmDownloadDocumento.aspx?CodigoInstituicao=1&NumeroSequencialDocumento=52272
33.102.476/0001-92;2015-01-01;1;MONTEIRO ARANHA S.A.;008893;FCA;43780;2015-02-04;http://www.rad.cvm.gov.br/ENETCONSULTA/frmDownloadDocumento.aspx?CodigoInstituicao=1&NumeroSequencialDocumento=43780
33.102.476/0001-92;2015-01-01;2;MONTEIRO ARANHA S.A.;008893;FCA;47587;2015-05-19;http://www.rad.cvm.gov.br/ENETCONSULTA/frmDownloadDocumento.aspx?CodigoInstituicao=1&NumeroSequencialDocumento=47587
33.111.246/0001-90;2015-01-01;1;TECNOSOLO ENGENHARIA S.A. - EMPRESA FALIDA;011207;FCA;43415;2015-01-12;http://www.rad.cvm.gov.br/ENETCONSULTA/frmDownloadDocumento.aspx?CodigoInstituicao=1&NumeroSequencialDocumento=43415
33.111.246/0001-90;2015-01-01;2;TECNOSOLO ENGENHARIA S.A. - EMPRESA FALIDA;011207;FCA;48402;2015-05-30;http://www.rad.cvm.gov.br/ENETCONSULTA/frmDownloadDocumento.aspx?CodigoInstituicao=1&NumeroSequencialDocumento=48402
33.113.309/0001-47;2015-01-01;1;VALID SOLUÇÕES S.A.;020028;FCA;44747;2015-03-05;http://www.rad.cvm.gov.br/ENETCONSULTA/frmDownloadDocumento.aspx?CodigoInstituicao=1&NumeroSequencialDocumento=44747
33.113.309/0001-47;2015-01-01;2;VALID SOLUÇÕES S.A.;020028;FCA;48016;2015-05-29;http://www.rad.cvm.gov.br/ENETCONSULTA/frmDownloadDocumento.aspx?CodigoInstituicao=1&NumeroSequencialDocumento=48016
33.161.340/0001-53;2015-01-01;1;SERGEN SERVS GERAIS DE ENG SA;010596;FCA;48682;2015-06-17;http://www.rad.cvm.gov.br/ENETCONSULTA/frmDownloadDocumento.aspx?CodigoInstituicao=1&NumeroSequencialDocumento=48682
33.200.049/0001-47;2015-01-01;1;HOTEIS OTHON S.A. - EM RECUPERAÇÃO JUDICIAL;006700;FCA;43529;2015-01-16;http://www.rad.cvm.gov.br/ENETCONSULTA/frmDownloadDocumento.aspx?CodigoInstituicao=1&NumeroSequencialDocumento=43529
33.200.049/0001-47;2015-01-01;2;HOTEIS OTHON S.A. - EM RECUPERAÇÃO JUDICIAL;006700;FCA;46388;2015-05-05;http://www.rad.cvm.gov.br/ENETCONSULTA/frmDownloadDocumento.aspx?CodigoInstituicao=1&NumeroSequencialDocumento=46388
33.228.024/0001-51;2015-01-01;1;WLM PART. E COMÉRCIO DE MÁQUINAS E VEÍCULOS S.A.;011070;FCA;45302;2015-03-26;http://www.rad.cvm.gov.br/ENETCONSULTA/frmDownloadDocumento.aspx?CodigoInstituicao=1&NumeroSequencialDocumento=45302
33.256.439/0001-39;2015-01-01;1;ULTRAPAR PARTICIPACOES S.A.;018465;FCA;44196;2015-02-23;http://www.rad.cvm.gov.br/ENETCONSULTA/frmDownloadDocumento.aspx?CodigoInstituicao=1&NumeroSequencialDocumento=44196
33.256.439/0001-39;2015-01-01;2;ULTRAPAR PARTICIPACOES S.A.;018465;FCA;49260;2015-07-27;http://www.rad.cvm.gov.br/ENETCONSULTA/frmDownloadDocumento.aspx?CodigoInstituicao=1&NumeroSequencialDocumento=49260
33.352.394/0001-04;2015-01-01;1;CIA ESTADUAL DE ÁGUAS E ESGOTOS - CEDAE;016373;FCA;43317;2015-01-07;http://www.rad.cvm.gov.br/ENETCONSULTA/frmDownloadDocumento.aspx?CodigoInstituicao=1&NumeroSequencialDocumento=43317
33.352.394/0001-04;2015-01-01;2;CIA ESTADUAL DE ÁGUAS E ESGOTOS - CEDAE;016373;FCA;46620;2015-05-07;http://www.rad.cvm.gov.br/ENETCONSULTA/frmDownloadDocumento.aspx?CodigoInstituicao=1&NumeroSequencialDocumento=46620
33.386.210/0001-19;2015-01-01;1;SONDOTECNICA ENGENHARIA SOLOS S.A.;010880;FCA;45532;2015-03-30;http://www.rad.cvm.gov.br/ENETCONSULTA/frmDownloadDocumento.aspx?CodigoInstituicao=1&NumeroSequencialDocumento=45532
33.386.210/0001-19;2015-01-01;2;SONDOTECNICA ENGENHARIA SOLOS S.A.;010880;FCA;47148;2015-05-14;http://www.rad.cvm.gov.br/ENETCONSULTA/frmDownloadDocumento.aspx?CodigoInstituicao=1&NumeroSequencialDocumento=47148
33.412.081/0001-96;2015-01-01;1;REFINARIA DE PETROLEOS MANGUINHOS S.A.;009989;FCA;43789;2015-02-04;http://www.rad.cvm.gov.br/ENETCONSULTA/frmDownloadDocumento.aspx?CodigoInstituicao=1&NumeroSequencialDocumento=43789
33.412.081/0001-96;2015-01-01;2;REFINARIA DE PETROLEOS MANGUINHOS S.A.;009989;FCA;48496;2015-06-03;http://www.rad.cvm.gov.br/ENETCONSULTA/frmDownloadDocumento.aspx?CodigoInstituicao=1&NumeroSequencialDocumento=48496
33.412.081/0001-96;2015-01-01;3;REFINARIA DE PETROLEOS MANGUINHOS S.A.;009989;FCA;48649;2015-06-16;http://www.rad.cvm.gov.br/ENETCONSULTA/frmDownloadDocumento.aspx?CodigoInstituicao=1&NumeroSequencialDocumento=48649
33.412.081/0001-96;2015-01-01;4;REFINARIA DE PETROLEOS MANGUINHOS S.A.;009989;FCA;48674;2015-06-17;http://www.rad.cvm.gov.br/ENETCONSULTA/frmDownloadDocumento.aspx?CodigoInstituicao=1&NumeroSequencialDocumento=48674
33.412.081/0001-96;2015-01-01;5;REFINARIA DE PETROLEOS MANGUINHOS S.A.;009989;FCA;49337;2015-07-30;http://www.rad.cvm.gov.br/ENETCONSULTA/frmDownloadDocumento.aspx?CodigoInstituicao=1&NumeroSequencialDocumento=49337
33.467.572/0001-34;2015-01-01;1;TEKNO S.A. - INDUSTRIA E COMERCIO;011231;FCA;44810;2015-03-06;http://www.rad.cvm.gov.br/ENETCONSULTA/frmDownloadDocumento.aspx?CodigoInstituicao=1&NumeroSequencialDocumento=44810
33.467.572/0001-34;2015-01-01;2;TEKNO S.A. - INDUSTRIA E COMERCIO;011231;FCA;46006;2015-04-16;http://www.rad.cvm.gov.br/ENETCONSULTA/frmDownloadDocumento.aspx?CodigoInstituicao=1&NumeroSequencialDocumento=46006
33.467.572/0001-34;2015-01-01;3;TEKNO S.A. - INDUSTRIA E COMERCIO;011231;FCA;50490;2015-09-08;http://www.rad.cvm.gov.br/ENETCONSULTA/frmDownloadDocumento.aspx?CodigoInstituicao=1&NumeroSequencialDocumento=50490
33.541.368/0001-16;2015-01-01;1;CIA HIDRO ELÉTRICA DO SÃO FRANCISCO;003328;FCA;45301;2015-03-26;http://www.rad.cvm.gov.br/ENETCONSULTA/frmDownloadDocumento.aspx?CodigoInstituicao=1&NumeroSequencialDocumento=45301
33.541.368/0001-16;2015-01-01;2;CIA HIDRO ELÉTRICA DO SÃO FRANCISCO;003328;FCA;47657;2015-05-22;http://www.rad.cvm.gov.br/ENETCONSULTA/frmDownloadDocumento.aspx?CodigoInstituicao=1&NumeroSequencialDocumento=47657
33.541.368/0001-16;2015-01-01;3;CIA HIDRO ELÉTRICA DO SÃO FRANCISCO;003328;FCA;48792;2015-06-25;http://www.rad.cvm.gov.br/ENETCONSULTA/frmDownloadDocumento.aspx?CodigoInstituicao=1&NumeroSequencialDocumento=48792
33.541.368/0001-16;2015-01-01;4;CIA HIDRO ELÉTRICA DO SÃO FRANCISCO;003328;FCA;49585;2015-08-10;http://www.rad.cvm.gov.br/ENETCONSULTA/frmDownloadDocumento.aspx?CodigoInstituicao=1&NumeroSequencialDocumento=49585
33.592.510/0001-54;2015-01-01;1;VALE S.A.;004170;FCA;43445;2015-01-13;http://www.rad.cvm.gov.br/ENETCONSULTA/frmDownloadDocumento.aspx?CodigoInstituicao=1&NumeroSequencialDocumento=43445
33.592.510/0001-54;2015-01-01;2;VALE S.A.;004170;FCA;47562;2015-05-18;http://www.rad.cvm.gov.br/ENETCONSULTA/frmDownloadDocumento.aspx?CodigoInstituicao=1&NumeroSequencialDocumento=47562
33.592.510/0001-54;2015-01-01;3;VALE S.A.;004170;FCA;52620;2015-12-28;http://www.rad.cvm.gov.br/ENETCONSULTA/frmDownloadDocumento.aspx?CodigoInstituicao=1&NumeroSequencialDocumento=52620
33.611.500/0001-19;2015-01-01;1;GERDAU S.A.;003980;FCA;43301;2015-01-06;http://www.rad.cvm.gov.br/ENETCONSULTA/frmDownloadDocumento.aspx?CodigoInstituicao=1&NumeroSequencialDocumento=43301
33.611.500/0001-19;2015-01-01;2;GERDAU S.A.;003980;FCA;49103;2015-07-16;http://www.rad.cvm.gov.br/ENETCONSULTA/frmDownloadDocumento.aspx?CodigoInstituicao=1&NumeroSequencialDocumento=49103
33.937.681/0001-78;2015-01-01;1;LATAM AIRLINES GROUP S.A.;080128;FCA;43411;2015-01-09;http://www.rad.cvm.gov.br/ENETCONSULTA/frmDownloadDocumento.aspx?CodigoInstituicao=1&NumeroSequencialDocumento=43411
33.937.681/0001-78;2015-01-01;2;LATAM AIRLINES GROUP S.A.;080128;FCA;46733;2015-05-08;http://www.rad.cvm.gov.br/ENETCONSULTA/frmDownloadDocumento.aspx?CodigoInstituicao=1&NumeroSequencialDocumento=46733
33.938.119/0001-69;2015-01-01;1;CIA DISTRIB DE GAS DO RIO DE JANEIRO-CEG;016616;FCA;45194;2015-03-24;http://www.rad.cvm.gov.br/ENETCONSULTA/frmDownloadDocumento.aspx?CodigoInstituicao=1&NumeroSequencialDocumento=45194
33.938.119/0001-69;2015-01-01;2;CIA DISTRIB DE GAS DO RIO DE JANEIRO-CEG;016616;FCA;48203;2015-05-29;http://www.rad.cvm.gov.br/ENETCONSULTA/frmDownloadDocumento.aspx?CodigoInstituicao=1&NumeroSequencialDocumento=48203
33.938.119/0001-69;2015-01-01;3;CIA DISTRIB DE GAS DO RIO DE JANEIRO-CEG;016616;FCA;51319;2015-11-05;http://www.rad.cvm.gov.br/ENETCONSULTA/frmDownloadDocumento.aspx?CodigoInstituicao=1&NumeroSequencialDocumento=51319
33.958.695/0001-78;2015-01-01;1;UNIPAR CARBOCLORO S.A.;011592;FCA;43378;2015-01-08;http://www.rad.cvm.gov.br/ENETCONSULTA/frmDownloadDocumento.aspx?CodigoInstituicao=1&NumeroSequencialDocumento=43378
34.169.557/0001-72;2015-01-01;1;BCO MERCANTIL DE INVESTIMENTOS S.A.;001309;FCA;44733;2015-03-05;http://www.rad.cvm.gov.br/ENETCONSULTA/frmDownloadDocumento.aspx?CodigoInstituicao=1&NumeroSequencialDocumento=44733
34.169.557/0001-72;2015-01-01;2;BCO MERCANTIL DE INVESTIMENTOS S.A.;001309;FCA;46468;2015-05-06;http://www.rad.cvm.gov.br/ENETCONSULTA/frmDownloadDocumento.aspx?CodigoInstituicao=1&NumeroSequencialDocumento=46468
34.265.561/0001-34;2015-01-01;1;BMG LEASING S.A. - ARREND. MERCANTIL;001724;FCA;44135;2015-02-18;http://www.rad.cvm.gov.br/ENETCONSULTA/frmDownloadDocumento.aspx?CodigoInstituicao=1&NumeroSequencialDocumento=44135
34.265.561/0001-34;2015-01-01;2;BMG LEASING S.A. - ARREND. MERCANTIL;001724;FCA;46941;2015-05-12;http://www.rad.cvm.gov.br/ENETCONSULTA/frmDownloadDocumento.aspx?CodigoInstituicao=1&NumeroSequencialDocumento=46941
35.791.391/0001-94;2015-01-01;1;QUALITY SOFTWARE S.A.;023302;FCA;45430;2015-03-27;http://www.rad.cvm.gov.br/ENETCONSULTA/frmDownloadDocumento.aspx?CodigoInstituicao=1&NumeroSequencialDocumento=45430
35.791.391/0001-94;2015-01-01;2;QUALITY SOFTWARE S.A.;023302;FCA;48025;2015-05-29;http://www.rad.cvm.gov.br/ENETCONSULTA/frmDownloadDocumento.aspx?CodigoInstituicao=1&NumeroSequencialDocumento=48025
39.115.514/0001-28;2015-01-01;1;RUMO MALHA OESTE S.A.;017850;FCA;43373;2015-01-08;http://www.rad.cvm.gov.br/ENETCONSULTA/frmDownloadDocumento.aspx?CodigoInstituicao=1&NumeroSequencialDocumento=43373
39.115.514/0001-28;2015-01-01;2;RUMO MALHA OESTE S.A.;017850;FCA;45857;2015-04-07;http://www.rad.cvm.gov.br/ENETCONSULTA/frmDownloadDocumento.aspx?CodigoInstituicao=1&NumeroSequencialDocumento=45857
39.115.514/0001-28;2015-01-01;3;RUMO MALHA OESTE S.A.;017850;FCA;46531;2015-05-06;http://www.rad.cvm.gov.br/ENETCONSULTA/frmDownloadDocumento.aspx?CodigoInstituicao=1&NumeroSequencialDocumento=46531
42.150.391/0001-70;2015-01-01;1;BRASKEM S.A.;004820;FCA;43942;2015-02-09;http://www.rad.cvm.gov.br/ENETCONSULTA/frmDownloadDocumento.aspx?CodigoInstituicao=1&NumeroSequencialDocumento=43942
42.278.291/0001-24;2015-01-01;1;LOG-IN LOGISTICA INTERMODAL S.A.;020710;FCA;44387;2015-02-27;http://www.rad.cvm.gov.br/ENETCONSULTA/frmDownloadDocumento.aspx?CodigoInstituicao=1&NumeroSequencialDocumento=44387
42.278.291/0001-24;2015-01-01;2;LOG-IN LOGISTICA INTERMODAL S.A.;020710;FCA;48148;2015-05-29;http://www.rad.cvm.gov.br/ENETCONSULTA/frmDownloadDocumento.aspx?CodigoInstituicao=1&NumeroSequencialDocumento=48148
42.278.473/0001-03;2015-01-01;1;WIZ CO PARTICIPAÇÕES E CORRETAGEM DE SEGUROS S.A.;023590;FCA;47025;2015-05-13;http://www.rad.cvm.gov.br/ENETCONSULTA/frmDownloadDocumento.aspx?CodigoInstituicao=1&NumeroSequencialDocumento=47025
42.278.473/0001-03;2015-01-01;2;WIZ CO PARTICIPAÇÕES E CORRETAGEM DE SEGUROS S.A.;023590;FCA;48701;2015-06-18;http://www.rad.cvm.gov.br/ENETCONSULTA/frmDownloadDocumento.aspx?CodigoInstituicao=1&NumeroSequencialDocumento=48701
42.331.462/0001-31;2015-01-01;1;EMBPAR PARTICIPAÇÕES S/A;015458;FCA;43634;2015-01-26;http://www.rad.cvm.gov.br/ENETCONSULTA/frmDownloadDocumento.aspx?CodigoInstituicao=1&NumeroSequencialDocumento=43634
42.331.462/0001-31;2015-01-01;2;EMBPAR PARTICIPAÇÕES S/A;015458;FCA;52570;2015-12-22;http://www.rad.cvm.gov.br/ENETCONSULTA/frmDownloadDocumento.aspx?CodigoInstituicao=1&NumeroSequencialDocumento=52570
43.185.362/0001-07;2015-01-01;1;IGB ELETRONICA S.A - EM RECUPERACAO JUDICIAL;006815;FCA;43426;2015-01-12;http://www.rad.cvm.gov.br/ENETCONSULTA/frmDownloadDocumento.aspx?CodigoInstituicao=1&NumeroSequencialDocumento=43426
43.470.988/0001-65;2015-01-01;1;EVEN CONSTRUTORA E INCORPORADORA S.A.;020524;FCA;44891;2015-03-10;http://www.rad.cvm.gov.br/ENETCONSULTA/frmDownloadDocumento.aspx?CodigoInstituicao=1&NumeroSequencialDocumento=44891
43.776.517/0001-80;2015-01-01;1;CIA SANEAMENTO BASICO EST SAO PAULO;014443;FCA;43579;2015-01-20;http://www.rad.cvm.gov.br/ENETCONSULTA/frmDownloadDocumento.aspx?CodigoInstituicao=1&NumeroSequencialDocumento=43579
43.776.517/0001-80;2015-01-01;2;CIA SANEAMENTO BASICO EST SAO PAULO;014443;FCA;44674;2015-03-04;http://www.rad.cvm.gov.br/ENETCONSULTA/frmDownloadDocumento.aspx?CodigoInstituicao=1&NumeroSequencialDocumento=44674
43.776.517/0001-80;2015-01-01;3;CIA SANEAMENTO BASICO EST SAO PAULO;014443;FCA;47009;2015-05-12;http://www.rad.cvm.gov.br/ENETCONSULTA/frmDownloadDocumento.aspx?CodigoInstituicao=1&NumeroSequencialDocumento=47009
45.453.214/0001-51;2015-01-01;1;PROFARMA DISTRIB PROD FARMACEUTICOS S.A.;020346;FCA;43775;2015-02-04;http://www.rad.cvm.gov.br/ENETCONSULTA/frmDownloadDocumento.aspx?CodigoInstituicao=1&NumeroSequencialDocumento=43775
45.987.245/0001-92;2015-01-01;1;BAHEMA EDUCAÇÃO S.A.;000701;FCA;45479;2015-03-28;http://www.rad.cvm.gov.br/ENETCONSULTA/frmDownloadDocumento.aspx?CodigoInstituicao=1&NumeroSequencialDocumento=45479
45.987.245/0001-92;2015-01-01;2;BAHEMA EDUCAÇÃO S.A.;000701;FCA;46308;2015-05-04;http://www.rad.cvm.gov.br/ENETCONSULTA/frmDownloadDocumento.aspx?CodigoInstituicao=1&NumeroSequencialDocumento=46308
46.014.635/0001-49;2015-01-01;1;CONSTRUTORA LIX DA CUNHA S.A.;004774;FCA;45666;2015-03-31;http://www.rad.cvm.gov.br/ENETCONSULTA/frmDownloadDocumento.aspx?CodigoInstituicao=1&NumeroSequencialDocumento=45666
46.014.635/0001-49;2015-01-01;2;CONSTRUTORA LIX DA CUNHA S.A.;004774;FCA;47297;2015-05-15;http://www.rad.cvm.gov.br/ENETCONSULTA/frmDownloadDocumento.aspx?CodigoInstituicao=1&NumeroSequencialDocumento=47297
46.119.855/0001-37;2015-01-01;1;SOCIEDADE ABASTECIMENTO DE ÁGUA E SANEAMENTO S.A - SANASA;016241;FCA;43754;2015-02-03;http://www.rad.cvm.gov.br/ENETCONSULTA/frmDownloadDocumento.aspx?CodigoInstituicao=1&NumeroSequencialDocumento=43754
46.119.855/0001-37;2015-01-01;2;SOCIEDADE ABASTECIMENTO DE ÁGUA E SANEAMENTO S.A - SANASA;016241;FCA;46766;2015-05-11;http://www.rad.cvm.gov.br/ENETCONSULTA/frmDownloadDocumento.aspx?CodigoInstituicao=1&NumeroSequencialDocumento=46766
47.193.149/0001-06;2015-01-01;1;SANTANDER LEASING S.A. ARRENDAMENTO MERCANTIL;020559;FCA;43331;2015-01-07;http://www.rad.cvm.gov.br/ENETCONSULTA/frmDownloadDocumento.aspx?CodigoInstituicao=1&NumeroSequencialDocumento=43331
47.193.149/0001-06;2015-01-01;2;SANTANDER LEASING S.A. ARRENDAMENTO MERCANTIL;020559;FCA;48149;2015-05-29;http://www.rad.cvm.gov.br/ENETCONSULTA/frmDownloadDocumento.aspx?CodigoInstituicao=1&NumeroSequencialDocumento=48149
47.508.411/0001-56;2015-01-01;1;CIA BRASILEIRA DE DISTRIBUICAO;014826;FCA;43355;2015-01-08;http://www.rad.cvm.gov.br/ENETCONSULTA/frmDownloadDocumento.aspx?CodigoInstituicao=1&NumeroSequencialDocumento=43355
47.509.120/0001-82;2015-01-01;1;BRADESCO LEASING S.A. ARREND MERCANTIL;019640;FCA;44164;2015-02-20;http://www.rad.cvm.gov.br/ENETCONSULTA/frmDownloadDocumento.aspx?CodigoInstituicao=1&NumeroSequencialDocumento=44164
47.509.120/0001-82;2015-01-01;2;BRADESCO LEASING S.A. ARREND MERCANTIL;019640;FCA;46923;2015-05-12;http://www.rad.cvm.gov.br/ENETCONSULTA/frmDownloadDocumento.aspx?CodigoInstituicao=1&NumeroSequencialDocumento=46923
47.960.950/0001-21;2015-01-01;1;MAGAZINE LUIZA S.A.;022470;FCA;44331;2015-02-26;http://www.rad.cvm.gov.br/ENETCONSULTA/frmDownloadDocumento.aspx?CodigoInstituicao=1&NumeroSequencialDocumento=44331
47.960.950/0001-21;2015-01-01;2;MAGAZINE LUIZA S.A.;022470;FCA;48228;2015-05-29;http://www.rad.cvm.gov.br/ENETCONSULTA/frmDownloadDocumento.aspx?CodigoInstituicao=1&NumeroSequencialDocumento=48228
47.960.950/0001-21;2015-01-01;3;MAGAZINE LUIZA S.A.;022470;FCA;51352;2015-11-06;http://www.rad.cvm.gov.br/ENETCONSULTA/frmDownloadDocumento.aspx?CodigoInstituicao=1&NumeroSequencialDocumento=51352
49.263.189/0001-02;2015-01-01;1;HELBOR EMPREENDIMENTOS S.A.;020877;FCA;44893;2015-03-10;http://www.rad.cvm.gov.br/ENETCONSULTA/frmDownloadDocumento.aspx?CodigoInstituicao=1&NumeroSequencialDocumento=44893
49.669.856/0001-43;2015-01-01;1;VESTE S.A. ESTILO;021440;FCA;44963;2015-03-13;http://www.rad.cvm.gov.br/ENETCONSULTA/frmDownloadDocumento.aspx?CodigoInstituicao=1&NumeroSequencialDocumento=44963
49.669.856/0001-43;2015-01-01;2;VESTE S.A. ESTILO;021440;FCA;48479;2015-06-02;http://www.rad.cvm.gov.br/ENETCONSULTA/frmDownloadDocumento.aspx?CodigoInstituicao=1&NumeroSequencialDocumento=48479
50.564.053/0001-03;2015-01-01;1;BOMBRIL S.A.;012190;FCA;43814;2015-02-05;http://www.rad.cvm.gov.br/ENETCONSULTA/frmDownloadDocumento.aspx?CodigoInstituicao=1&NumeroSequencialDocumento=43814
50.564.053/0001-03;2015-01-01;2;BOMBRIL S.A.;012190;FCA;47632;2015-05-21;http://www.rad.cvm.gov.br/ENETCONSULTA/frmDownloadDocumento.aspx?CodigoInstituicao=1&NumeroSequencialDocumento=47632
50.746.577/0001-15;2015-01-01;1;COSAN S.A.;019836;FCA;44107;2015-02-13;http://www.rad.cvm.gov.br/ENETCONSULTA/frmDownloadDocumento.aspx?CodigoInstituicao=1&NumeroSequencialDocumento=44107
50.746.577/0001-15;2015-01-01;2;COSAN S.A.;019836;FCA;45799;2015-04-02;http://www.rad.cvm.gov.br/ENETCONSULTA/frmDownloadDocumento.aspx?CodigoInstituicao=1&NumeroSequencialDocumento=45799
50.746.577/0001-15;2015-01-01;3;COSAN S.A.;019836;FCA;46074;2015-04-22;http://www.rad.cvm.gov.br/ENETCONSULTA/frmDownloadDocumento.aspx?CodigoInstituicao=1&NumeroSequencialDocumento=46074
50.746.577/0001-15;2015-01-01;4;COSAN S.A.;019836;FCA;46530;2015-05-06;http://www.rad.cvm.gov.br/ENETCONSULTA/frmDownloadDocumento.aspx?CodigoInstituicao=1&NumeroSequencialDocumento=46530
50.926.955/0001-42;2015-01-01;1;VULCABRAS S.A.;011762;FCA;44969;2015-03-13;http://www.rad.cvm.gov.br/ENETCONSULTA/frmDownloadDocumento.aspx?CodigoInstituicao=1&NumeroSequencialDocumento=44969
50.926.955/0001-42;2015-01-01;2;VULCABRAS S.A.;011762;FCA;46864;2015-05-12;http://www.rad.cvm.gov.br/ENETCONSULTA/frmDownloadDocumento.aspx?CodigoInstituicao=1&NumeroSequencialDocumento=46864
51.128.999/0001-90;2015-01-01;1;NUTRIPLANT INDUSTRIA E COMERCIO S.A.;021334;FCA;45139;2015-03-20;http://www.rad.cvm.gov.br/ENETCONSULTA/frmDownloadDocumento.aspx?CodigoInstituicao=1&NumeroSequencialDocumento=45139
51.128.999/0001-90;2015-01-01;2;NUTRIPLANT INDUSTRIA E COMERCIO S.A.;021334;FCA;46846;2015-05-11;http://www.rad.cvm.gov.br/ENETCONSULTA/frmDownloadDocumento.aspx?CodigoInstituicao=1&NumeroSequencialDocumento=46846
51.218.147/0001-93;2015-01-01;1;IGUATEMI EMPRESA DE SHOPPING CENTERS S.A;020494;FCA;45030;2015-03-17;http://www.rad.cvm.gov.br/ENETCONSULTA/frmDownloadDocumento.aspx?CodigoInstituicao=1&NumeroSequencialDocumento=45030
51.466.860/0001-56;2015-01-01;1;SAO MARTINHO S.A.;020516;FCA;43946;2015-02-09;http://www.rad.cvm.gov.br/ENETCONSULTA/frmDownloadDocumento.aspx?CodigoInstituicao=1&NumeroSequencialDocumento=43946
51.466.860/0001-56;2015-01-01;2;SAO MARTINHO S.A.;020516;FCA;50409;2015-08-28;http://www.rad.cvm.gov.br/ENETCONSULTA/frmDownloadDocumento.aspx?CodigoInstituicao=1&NumeroSequencialDocumento=50409
51.928.174/0001-50;2015-01-01;1;PLASCAR PARTICIPACOES INDUSTRIAIS S.A.;013471;FCA;43843;2015-02-06;http://www.rad.cvm.gov.br/ENETCONSULTA/frmDownloadDocumento.aspx?CodigoInstituicao=1&NumeroSequencialDocumento=43843
52.548.435/0001-79;2015-01-01;1;JSL S.A.;022020;FCA;43532;2015-01-16;http://www.rad.cvm.gov.br/ENETCONSULTA/frmDownloadDocumento.aspx?CodigoInstituicao=1&NumeroSequencialDocumento=43532
53.113.791/0001-22;2015-01-01;1;TOTVS S.A.;019992;FCA;43544;2015-01-16;http://www.rad.cvm.gov.br/ENETCONSULTA/frmDownloadDocumento.aspx?CodigoInstituicao=1&NumeroSequencialDocumento=43544
53.518.684/0001-84;2015-01-01;1;HSBC LEASING ARRENDAMENTO MERCANTIL (BRASIL) S/A;019755;FCA;43737;2015-02-02;http://www.rad.cvm.gov.br/ENETCONSULTA/frmDownloadDocumento.aspx?CodigoInstituicao=1&NumeroSequencialDocumento=43737
53.518.684/0001-84;2015-01-01;2;HSBC LEASING ARRENDAMENTO MERCANTIL (BRASIL) S/A;019755;FCA;46294;2015-05-04;http://www.rad.cvm.gov.br/ENETCONSULTA/frmDownloadDocumento.aspx?CodigoInstituicao=1&NumeroSequencialDocumento=46294
53.790.218/0001-53;2015-01-01;1;JPSP INVESTIMENTOS E PARTICIPAÇÕES S/A;012262;FCA;45475;2015-03-27;http://www.rad.cvm.gov.br/ENETCONSULTA/frmDownloadDocumento.aspx?CodigoInstituicao=1&NumeroSequencialDocumento=45475
53.790.218/0001-53;2015-01-01;2;JPSP INVESTIMENTOS E PARTICIPAÇÕES S/A;012262;FCA;48391;2015-05-30;http://www.rad.cvm.gov.br/ENETCONSULTA/frmDownloadDocumento.aspx?CodigoInstituicao=1&NumeroSequencialDocumento=48391
54.526.082/0001-31;2015-01-01;1;ITAUTEC S.A. - GRUPO ITAUTEC;012530;FCA;43646;2015-01-27;http://www.rad.cvm.gov.br/ENETCONSULTA/frmDownloadDocumento.aspx?CodigoInstituicao=1&NumeroSequencialDocumento=43646
54.526.082/0001-31;2015-01-01;2;ITAUTEC S.A. - GRUPO ITAUTEC;012530;FCA;46239;2015-04-30;http://www.rad.cvm.gov.br/ENETCONSULTA/frmDownloadDocumento.aspx?CodigoInstituicao=1&NumeroSequencialDocumento=46239
56.444.250/0001-75;2015-01-01;1;HAUSCENTER SA;014850;FCA;45640;2015-03-31;http://www.rad.cvm.gov.br/ENETCONSULTA/frmDownloadDocumento.aspx?CodigoInstituicao=1&NumeroSequencialDocumento=45640
56.444.250/0001-75;2015-01-01;2;HAUSCENTER SA;014850;FCA;46754;2015-05-09;http://www.rad.cvm.gov.br/ENETCONSULTA/frmDownloadDocumento.aspx?CodigoInstituicao=1&NumeroSequencialDocumento=46754
56.643.018/0001-66;2015-01-01;1;EUCATEX S.A. INDUSTRIA E COMERCIO;005770;FCA;44253;2015-02-25;http://www.rad.cvm.gov.br/ENETCONSULTA/frmDownloadDocumento.aspx?CodigoInstituicao=1&NumeroSequencialDocumento=44253
56.643.018/0001-66;2015-01-01;2;EUCATEX S.A. INDUSTRIA E COMERCIO;005770;FCA;46297;2015-05-04;http://www.rad.cvm.gov.br/ENETCONSULTA/frmDownloadDocumento.aspx?CodigoInstituicao=1&NumeroSequencialDocumento=46297
56.720.428/0001-63;2015-01-01;1;ROMI S.A.;007510;FCA;43931;2015-02-09;http://www.rad.cvm.gov.br/ENETCONSULTA/frmDownloadDocumento.aspx?CodigoInstituicao=1&NumeroSequencialDocumento=43931
56.720.428/0001-63;2015-01-01;2;ROMI S.A.;007510;FCA;46260;2015-04-30;http://www.rad.cvm.gov.br/ENETCONSULTA/frmDownloadDocumento.aspx?CodigoInstituicao=1&NumeroSequencialDocumento=46260
56.992.423/0001-90;2015-01-01;1;BICICLETAS MONARK S.A.;001694;FCA;45269;2015-03-26;http://www.rad.cvm.gov.br/ENETCONSULTA/frmDownloadDocumento.aspx?CodigoInstituicao=1&NumeroSequencialDocumento=45269
56.992.423/0001-90;2015-01-01;2;BICICLETAS MONARK S.A.;001694;FCA;47786;2015-05-27;http://www.rad.cvm.gov.br/ENETCONSULTA/frmDownloadDocumento.aspx?CodigoInstituicao=1&NumeroSequencialDocumento=47786
56.994.924/0001-05;2015-01-01;1;PRÓ METALURGIA SA;001686;FCA;44005;2015-02-11;http://www.rad.cvm.gov.br/ENETCONSULTA/frmDownloadDocumento.aspx?CodigoInstituicao=1&NumeroSequencialDocumento=44005
56.994.924/0001-05;2015-01-01;2;PRÓ METALURGIA SA;001686;FCA;45385;2015-03-27;http://www.rad.cvm.gov.br/ENETCONSULTA/frmDownloadDocumento.aspx?CodigoInstituicao=1&NumeroSequencialDocumento=45385
58.119.199/0001-51;2015-01-01;1;ODONTOPREV S.A.;020125;FCA;43352;2015-01-08;http://www.rad.cvm.gov.br/ENETCONSULTA/frmDownloadDocumento.aspx?CodigoInstituicao=1&NumeroSequencialDocumento=43352
59.105.999/0001-86;2015-01-01;1;WHIRLPOOL S.A.;014346;FCA;43829;2015-02-05;http://www.rad.cvm.gov.br/ENETCONSULTA/frmDownloadDocumento.aspx?CodigoInstituicao=1&NumeroSequencialDocumento=43829
59.105.999/0001-86;2015-01-01;2;WHIRLPOOL S.A.;014346;FCA;48988;2015-07-08;http://www.rad.cvm.gov.br/ENETCONSULTA/frmDownloadDocumento.aspx?CodigoInstituicao=1&NumeroSequencialDocumento=48988
59.105.999/0001-86;2015-01-01;3;WHIRLPOOL S.A.;014346;FCA;50521;2015-09-09;http://www.rad.cvm.gov.br/ENETCONSULTA/frmDownloadDocumento.aspx?CodigoInstituicao=1&NumeroSequencialDocumento=50521
59.285.411/0001-13;2015-01-01;1;BCO PAN S.A.;021199;FCA;43637;2015-01-26;http://www.rad.cvm.gov.br/ENETCONSULTA/frmDownloadDocumento.aspx?CodigoInstituicao=1&NumeroSequencialDocumento=43637
59.285.411/0001-13;2015-01-01;2;BCO PAN S.A.;021199;FCA;47697;2015-05-25;http://www.rad.cvm.gov.br/ENETCONSULTA/frmDownloadDocumento.aspx?CodigoInstituicao=1&NumeroSequencialDocumento=47697
59.285.411/0001-13;2015-01-01;3;BCO PAN S.A.;021199;FCA;49596;2015-08-10;http://www.rad.cvm.gov.br/ENETCONSULTA/frmDownloadDocumento.aspx?CodigoInstituicao=1&NumeroSequencialDocumento=49596
59.285.411/0001-13;2015-01-01;4;BCO PAN S.A.;021199;FCA;51014;2015-10-20;http://www.rad.cvm.gov.br/ENETCONSULTA/frmDownloadDocumento.aspx?CodigoInstituicao=1&NumeroSequencialDocumento=51014
59.789.545/0001-71;2015-01-01;1;POLPAR S.A.;013447;FCA;45589;2015-03-30;http://www.rad.cvm.gov.br/ENETCONSULTA/frmDownloadDocumento.aspx?CodigoInstituicao=1&NumeroSequencialDocumento=45589
59.789.545/0001-71;2015-01-01;2;POLPAR S.A.;013447;FCA;48119;2015-05-29;http://www.rad.cvm.gov.br/ENETCONSULTA/frmDownloadDocumento.aspx?CodigoInstituicao=1&NumeroSequencialDocumento=48119
60.398.369/0004-79;2015-01-01;1;PARANAPANEMA S.A. - EM RECUPERAÇÃO JUDICIAL;009393;FCA;43859;2015-02-06;http://www.rad.cvm.gov.br/ENETCONSULTA/frmDownloadDocumento.aspx?CodigoInstituicao=1&NumeroSequencialDocumento=43859
60.398.369/0004-79;2015-01-01;2;PARANAPANEMA S.A. - EM RECUPERAÇÃO JUDICIAL;009393;FCA;44325;2015-02-26;http://www.rad.cvm.gov.br/ENETCONSULTA/frmDownloadDocumento.aspx?CodigoInstituicao=1&NumeroSequencialDocumento=44325
60.398.369/0004-79;2015-01-01;3;PARANAPANEMA S.A. - EM RECUPERAÇÃO JUDICIAL;009393;FCA;49080;2015-07-15;http://www.rad.cvm.gov.br/ENETCONSULTA/frmDownloadDocumento.aspx?CodigoInstituicao=1&NumeroSequencialDocumento=49080
60.444.437/0001-46;2015-01-01;1;LIGHT SERVICOS DE ELETRICIDADE S.A.;008036;FCA;43460;2015-01-13;http://www.rad.cvm.gov.br/ENETCONSULTA/frmDownloadDocumento.aspx?CodigoInstituicao=1&NumeroSequencialDocumento=43460
60.444.437/0001-46;2015-01-01;2;LIGHT SERVICOS DE ELETRICIDADE S.A.;008036;FCA;44479;2015-03-03;http://www.rad.cvm.gov.br/ENETCONSULTA/frmDownloadDocumento.aspx?CodigoInstituicao=1&NumeroSequencialDocumento=44479
60.476.884/0001-87;2015-01-01;1;MAHLE-METAL LEVE S.A.;008575;FCA;44993;2015-03-16;http://www.rad.cvm.gov.br/ENETCONSULTA/frmDownloadDocumento.aspx?CodigoInstituicao=1&NumeroSequencialDocumento=44993
60.476.884/0001-87;2015-01-01;2;MAHLE-METAL LEVE S.A.;008575;FCA;49590;2015-08-10;http://www.rad.cvm.gov.br/ENETCONSULTA/frmDownloadDocumento.aspx?CodigoInstituicao=1&NumeroSequencialDocumento=49590
60.500.139/0001-26;2015-01-01;1;SARAIVA LIVREIROS S.A. - EM RECUPERAÇÃO JUDICIAL;010472;FCA;44909;2015-03-11;http://www.rad.cvm.gov.br/ENETCONSULTA/frmDownloadDocumento.aspx?CodigoInstituicao=1&NumeroSequencialDocumento=44909
60.500.139/0001-26;2015-01-01;2;SARAIVA LIVREIROS S.A. - EM RECUPERAÇÃO JUDICIAL;010472;FCA;47804;2015-05-27;http://www.rad.cvm.gov.br/ENETCONSULTA/frmDownloadDocumento.aspx?CodigoInstituicao=1&NumeroSequencialDocumento=47804
60.543.816/0001-93;2015-01-01;1;IGUATEMI S.A.;008672;FCA;45482;2015-03-30;http://www.rad.cvm.gov.br/ENETCONSULTA/frmDownloadDocumento.aspx?CodigoInstituicao=1&NumeroSequencialDocumento=45482
60.543.816/0001-93;2015-01-01;2;IGUATEMI S.A.;008672;FCA;48393;2015-05-30;http://www.rad.cvm.gov.br/ENETCONSULTA/frmDownloadDocumento.aspx?CodigoInstituicao=1&NumeroSequencialDocumento=48393
60.637.238/0001-54;2015-01-01;1;BLUE TECH SOLUTIONS EQI S.A.;012319;FCA;45486;2015-03-30;http://www.rad.cvm.gov.br/ENETCONSULTA/frmDownloadDocumento.aspx?CodigoInstituicao=1&NumeroSequencialDocumento=45486
60.637.238/0001-54;2015-01-01;2;BLUE TECH SOLUTIONS EQI S.A.;012319;FCA;47417;2015-05-15;http://www.rad.cvm.gov.br/ENETCONSULTA/frmDownloadDocumento.aspx?CodigoInstituicao=1&NumeroSequencialDocumento=47417
60.643.228/0001-21;2015-01-01;1;FIBRIA CELULOSE S.A.;012793;FCA;43659;2015-01-27;http://www.rad.cvm.gov.br/ENETCONSULTA/frmDownloadDocumento.aspx?CodigoInstituicao=1&NumeroSequencialDocumento=43659
60.643.228/0001-21;2015-01-01;2;FIBRIA CELULOSE S.A.;012793;FCA;46710;2015-05-08;http://www.rad.cvm.gov.br/ENETCONSULTA/frmDownloadDocumento.aspx?CodigoInstituicao=1&NumeroSequencialDocumento=46710
60.651.809/0001-05;2015-01-01;1;SUZANO HOLDING S.A.;009067;FCA;43357;2015-01-08;http://www.rad.cvm.gov.br/ENETCONSULTA/frmDownloadDocumento.aspx?CodigoInstituicao=1&NumeroSequencialDocumento=43357
60.651.809/0001-05;2015-01-01;2;SUZANO HOLDING S.A.;009067;FCA;48095;2015-05-29;http://www.rad.cvm.gov.br/ENETCONSULTA/frmDownloadDocumento.aspx?CodigoInstituicao=1&NumeroSequencialDocumento=48095
60.730.348/0001-66;2015-01-01;1;CIA MELHORAMENTOS DE SAO PAULO;003654;FCA;45086;2015-03-19;http://www.rad.cvm.gov.br/ENETCONSULTA/frmDownloadDocumento.aspx?CodigoInstituicao=1&NumeroSequencialDocumento=45086
60.746.948/0001-12;2015-01-01;1;BCO BRADESCO S.A.;000906;FCA;43572;2015-01-20;http://www.rad.cvm.gov.br/ENETCONSULTA/frmDownloadDocumento.aspx?CodigoInstituicao=1&NumeroSequencialDocumento=43572
60.746.948/0001-12;2015-01-01;2;BCO BRADESCO S.A.;000906;FCA;44173;2015-02-20;http://www.rad.cvm.gov.br/ENETCONSULTA/frmDownloadDocumento.aspx?CodigoInstituicao=1&NumeroSequencialDocumento=44173
60.746.948/0001-12;2015-01-01;3;BCO BRADESCO S.A.;000906;FCA;47726;2015-05-26;http://www.rad.cvm.gov.br/ENETCONSULTA/frmDownloadDocumento.aspx?CodigoInstituicao=1&NumeroSequencialDocumento=47726
60.770.336/0001-65;2015-01-01;1;BCO ALFA DE INVESTIMENTO S.A.;001384;FCA;43668;2015-01-28;http://www.rad.cvm.gov.br/ENETCONSULTA/frmDownloadDocumento.aspx?CodigoInstituicao=1&NumeroSequencialDocumento=43668
60.770.336/0001-65;2015-01-01;2;BCO ALFA DE INVESTIMENTO S.A.;001384;FCA;43761;2015-02-03;http://www.rad.cvm.gov.br/ENETCONSULTA/frmDownloadDocumento.aspx?CodigoInstituicao=1&NumeroSequencialDocumento=43761
60.770.336/0001-65;2015-01-01;3;BCO ALFA DE INVESTIMENTO S.A.;001384;FCA;44876;2015-03-10;http://www.rad.cvm.gov.br/ENETCONSULTA/frmDownloadDocumento.aspx?CodigoInstituicao=1&NumeroSequencialDocumento=44876
60.770.336/0001-65;2015-01-01;4;BCO ALFA DE INVESTIMENTO S.A.;001384;FCA;47322;2015-05-15;http://www.rad.cvm.gov.br/ENETCONSULTA/frmDownloadDocumento.aspx?CodigoInstituicao=1&NumeroSequencialDocumento=47322
60.840.055/0001-31;2015-01-01;1;FLEURY S.A.;021881;FCA;44180;2015-02-23;http://www.rad.cvm.gov.br/ENETCONSULTA/frmDownloadDocumento.aspx?CodigoInstituicao=1&NumeroSequencialDocumento=44180
60.840.055/0001-31;2015-01-01;2;FLEURY S.A.;021881;FCA;44419;2015-03-02;http://www.rad.cvm.gov.br/ENETCONSULTA/frmDownloadDocumento.aspx?CodigoInstituicao=1&NumeroSequencialDocumento=44419
60.840.055/0001-31;2015-01-01;3;FLEURY S.A.;021881;FCA;44438;2015-03-02;http://www.rad.cvm.gov.br/ENETCONSULTA/frmDownloadDocumento.aspx?CodigoInstituicao=1&NumeroSequencialDocumento=44438
60.840.055/0001-31;2015-01-01;4;FLEURY S.A.;021881;FCA;52610;2015-12-24;http://www.rad.cvm.gov.br/ENETCONSULTA/frmDownloadDocumento.aspx?CodigoInstituicao=1&NumeroSequencialDocumento=52610
60.851.615/0001-53;2015-01-01;1;BARDELLA S.A. INDUSTRIAS MECANICAS EM RECUPERAÇÃO JUDICIAL;001520;FCA;43443;2015-01-13;http://www.rad.cvm.gov.br/ENETCONSULTA/frmDownloadDocumento.aspx?CodigoInstituicao=1&NumeroSequencialDocumento=43443
60.851.615/0001-53;2015-01-01;2;BARDELLA S.A. INDUSTRIAS MECANICAS EM RECUPERAÇÃO JUDICIAL;001520;FCA;44768;2015-03-05;http://www.rad.cvm.gov.br/ENETCONSULTA/frmDownloadDocumento.aspx?CodigoInstituicao=1&NumeroSequencialDocumento=44768
60.851.615/0001-53;2015-01-01;3;BARDELLA S.A. INDUSTRIAS MECANICAS EM RECUPERAÇÃO JUDICIAL;001520;FCA;46062;2015-04-22;http://www.rad.cvm.gov.br/ENETCONSULTA/frmDownloadDocumento.aspx?CodigoInstituicao=1&NumeroSequencialDocumento=46062
60.851.615/0001-53;2015-01-01;4;BARDELLA S.A. INDUSTRIAS MECANICAS EM RECUPERAÇÃO JUDICIAL;001520;FCA;46567;2015-05-07;http://www.rad.cvm.gov.br/ENETCONSULTA/frmDownloadDocumento.aspx?CodigoInstituicao=1&NumeroSequencialDocumento=46567
60.872.504/0001-23;2015-01-01;1;ITAU UNIBANCO HOLDING S.A.;019348;FCA;43734;2015-02-02;http://www.rad.cvm.gov.br/ENETCONSULTA/frmDownloadDocumento.aspx?CodigoInstituicao=1&NumeroSequencialDocumento=43734
60.872.504/0001-23;2015-01-01;2;ITAU UNIBANCO HOLDING S.A.;019348;FCA;44855;2015-03-09;http://www.rad.cvm.gov.br/ENETCONSULTA/frmDownloadDocumento.aspx?CodigoInstituicao=1&NumeroSequencialDocumento=44855
60.884.319/0001-59;2015-01-01;1;NORDON INDUSTRIAS METALURGICAS S.A.;009083;FCA;45286;2015-03-26;http://www.rad.cvm.gov.br/ENETCONSULTA/frmDownloadDocumento.aspx?CodigoInstituicao=1&NumeroSequencialDocumento=45286
60.884.319/0001-59;2015-01-01;2;NORDON INDUSTRIAS METALURGICAS S.A.;009083;FCA;48006;2015-05-29;http://www.rad.cvm.gov.br/ENETCONSULTA/frmDownloadDocumento.aspx?CodigoInstituicao=1&NumeroSequencialDocumento=48006
60.889.128/0001-80;2015-01-01;1;BANCO SOFISA SA;020680;FCA;43678;2015-01-28;http://www.rad.cvm.gov.br/ENETCONSULTA/frmDownloadDocumento.aspx?CodigoInstituicao=1&NumeroSequencialDocumento=43678
60.889.128/0001-80;2015-01-01;2;BANCO SOFISA SA;020680;FCA;47789;2015-05-27;http://www.rad.cvm.gov.br/ENETCONSULTA/frmDownloadDocumento.aspx?CodigoInstituicao=1&NumeroSequencialDocumento=47789
60.894.730/0001-05;2015-01-01;1;USINAS SID DE MINAS GERAIS S.A.-USIMINAS;014320;FCA;44021;2015-02-12;http://www.rad.cvm.gov.br/ENETCONSULTA/frmDownloadDocumento.aspx?CodigoInstituicao=1&NumeroSequencialDocumento=44021
60.933.603/0001-78;2015-01-01;1;CESP - CIA ENERGETICA DE SAO PAULO;002577;FCA;43597;2015-01-22;http://www.rad.cvm.gov.br/ENETCONSULTA/frmDownloadDocumento.aspx?CodigoInstituicao=1&NumeroSequencialDocumento=43597
61.022.042/0001-18;2015-01-01;1;CONSTRUTORA ADOLPHO LINDENBERG S.A.;004723;FCA;44147;2015-02-19;http://www.rad.cvm.gov.br/ENETCONSULTA/frmDownloadDocumento.aspx?CodigoInstituicao=1&NumeroSequencialDocumento=44147
61.022.042/0001-18;2015-01-01;2;CONSTRUTORA ADOLPHO LINDENBERG S.A.;004723;FCA;44401;2015-02-27;http://www.rad.cvm.gov.br/ENETCONSULTA/frmDownloadDocumento.aspx?CodigoInstituicao=1&NumeroSequencialDocumento=44401
61.022.042/0001-18;2015-01-01;3;CONSTRUTORA ADOLPHO LINDENBERG S.A.;004723;FCA;48242;2015-05-29;http://www.rad.cvm.gov.br/ENETCONSULTA/frmDownloadDocumento.aspx?CodigoInstituicao=1&NumeroSequencialDocumento=48242
61.024.352/0001-71;2015-01-01;1;BCO INDUSVAL S.A.;020885;FCA;44803;2015-03-05;http://www.rad.cvm.gov.br/ENETCONSULTA/frmDownloadDocumento.aspx?CodigoInstituicao=1&NumeroSequencialDocumento=44803
61.024.352/0001-71;2015-01-01;2;BCO INDUSVAL S.A.;020885;FCA;46389;2015-05-05;http://www.rad.cvm.gov.br/ENETCONSULTA/frmDownloadDocumento.aspx?CodigoInstituicao=1&NumeroSequencialDocumento=46389
61.065.298/0001-02;2015-01-01;1;MANGELS INDUSTRIAL S.A.;008397;FCA;45654;2015-03-31;http://www.rad.cvm.gov.br/ENETCONSULTA/frmDownloadDocumento.aspx?CodigoInstituicao=1&NumeroSequencialDocumento=45654
61.065.298/0001-02;2015-01-01;2;MANGELS INDUSTRIAL S.A.;008397;FCA;45675;2015-03-31;http://www.rad.cvm.gov.br/ENETCONSULTA/frmDownloadDocumento.aspx?CodigoInstituicao=1&NumeroSequencialDocumento=45675
61.065.298/0001-02;2015-01-01;3;MANGELS INDUSTRIAL S.A.;008397;FCA;52426;2015-12-11;http://www.rad.cvm.gov.br/ENETCONSULTA/frmDownloadDocumento.aspx?CodigoInstituicao=1&NumeroSequencialDocumento=52426
61.065.751/0001-80;2015-01-01;1;ROSSI RESIDENCIAL S.A. - EM RECUPERAÇÃO JUDICIAL;016306;FCA;44140;2015-02-18;http://www.rad.cvm.gov.br/ENETCONSULTA/frmDownloadDocumento.aspx?CodigoInstituicao=1&NumeroSequencialDocumento=44140
61.065.751/0001-80;2015-01-01;2;ROSSI RESIDENCIAL S.A. - EM RECUPERAÇÃO JUDICIAL;016306;FCA;48291;2015-05-29;http://www.rad.cvm.gov.br/ENETCONSULTA/frmDownloadDocumento.aspx?CodigoInstituicao=1&NumeroSequencialDocumento=48291
61.065.751/0001-80;2015-01-01;3;ROSSI RESIDENCIAL S.A. - EM RECUPERAÇÃO JUDICIAL;016306;FCA;48881;2015-07-01;http://www.rad.cvm.gov.br/ENETCONSULTA/frmDownloadDocumento.aspx?CodigoInstituicao=1&NumeroSequencialDocumento=48881
61.065.751/0001-80;2015-01-01;4;ROSSI RESIDENCIAL S.A. - EM RECUPERAÇÃO JUDICIAL;016306;FCA;50362;2015-08-24;http://www.rad.cvm.gov.br/ENETCONSULTA/frmDownloadDocumento.aspx?CodigoInstituicao=1&NumeroSequencialDocumento=50362
61.067.161/0001-97;2015-01-01;1;NADIR FIGUEIREDO IND E COM S.A.;009040;FCA;45433;2015-03-27;http://www.rad.cvm.gov.br/ENETCONSULTA/frmDownloadDocumento.aspx?CodigoInstituicao=1&NumeroSequencialDocumento=45433
61.067.161/0001-97;2015-01-01;2;NADIR FIGUEIREDO IND E COM S.A.;009040;FCA;46959;2015-05-12;http://www.rad.cvm.gov.br/ENETCONSULTA/frmDownloadDocumento.aspx?CodigoInstituicao=1&NumeroSequencialDocumento=46959
61.079.117/0001-05;2015-01-01;1;ALPARGATAS S.A.;010456;FCA;43742;2015-02-02;http://www.rad.cvm.gov.br/ENETCONSULTA/frmDownloadDocumento.aspx?CodigoInstituicao=1&NumeroSequencialDocumento=43742
61.079.117/0001-05;2015-01-01;2;ALPARGATAS S.A.;010456;FCA;46058;2015-04-22;http://www.rad.cvm.gov.br/ENETCONSULTA/frmDownloadDocumento.aspx?CodigoInstituicao=1&NumeroSequencialDocumento=46058
61.079.117/0001-05;2015-01-01;3;ALPARGATAS S.A.;010456;FCA;47030;2015-05-13;http://www.rad.cvm.gov.br/ENETCONSULTA/frmDownloadDocumento.aspx?CodigoInstituicao=1&NumeroSequencialDocumento=47030
61.079.117/0001-05;2015-01-01;4;ALPARGATAS S.A.;010456;FCA;52614;2015-12-28;http://www.rad.cvm.gov.br/ENETCONSULTA/frmDownloadDocumento.aspx?CodigoInstituicao=1&NumeroSequencialDocumento=52614
61.080.313/0001-91;2015-01-01;1;COBRASMA S.A.;004448;FCA;44903;2015-03-11;http://www.rad.cvm.gov.br/ENETCONSULTA/frmDownloadDocumento.aspx?CodigoInstituicao=1&NumeroSequencialDocumento=44903
61.080.313/0001-91;2015-01-01;2;COBRASMA S.A.;004448;FCA;47593;2015-05-19;http://www.rad.cvm.gov.br/ENETCONSULTA/frmDownloadDocumento.aspx?CodigoInstituicao=1&NumeroSequencialDocumento=47593
61.082.004/0001-50;2015-01-01;1;MANUFATURA DE BRINQUEDOS ESTRELA S.A.;008427;FCA;44111;2015-02-13;http://www.rad.cvm.gov.br/ENETCONSULTA/frmDownloadDocumento.aspx?CodigoInstituicao=1&NumeroSequencialDocumento=44111
61.084.984/0001-20;2015-01-01;1;BRASMOTOR SA;001970;FCA;43826;2015-02-05;http://www.rad.cvm.gov.br/ENETCONSULTA/frmDownloadDocumento.aspx?CodigoInstituicao=1&NumeroSequencialDocumento=43826
61.084.984/0001-20;2015-01-01;2;BRASMOTOR SA;001970;FCA;44361;2015-02-27;http://www.rad.cvm.gov.br/ENETCONSULTA/frmDownloadDocumento.aspx?CodigoInstituicao=1&NumeroSequencialDocumento=44361
61.084.984/0001-20;2015-01-01;3;BRASMOTOR SA;001970;FCA;48987;2015-07-08;http://www.rad.cvm.gov.br/ENETCONSULTA/frmDownloadDocumento.aspx?CodigoInstituicao=1&NumeroSequencialDocumento=48987
61.084.984/0001-20;2015-01-01;4;BRASMOTOR SA;001970;FCA;50438;2015-09-01;http://www.rad.cvm.gov.br/ENETCONSULTA/frmDownloadDocumento.aspx?CodigoInstituicao=1&NumeroSequencialDocumento=50438
61.088.894/0001-08;2015-01-01;1;CAMBUCI S.A.;002100;FCA;45593;2015-03-30;http://www.rad.cvm.gov.br/ENETCONSULTA/frmDownloadDocumento.aspx?CodigoInstituicao=1&NumeroSequencialDocumento=45593
61.088.894/0001-08;2015-01-01;2;CAMBUCI S.A.;002100;FCA;46045;2015-04-17;http://www.rad.cvm.gov.br/ENETCONSULTA/frmDownloadDocumento.aspx?CodigoInstituicao=1&NumeroSequencialDocumento=46045
61.088.894/0001-08;2015-01-01;3;CAMBUCI S.A.;002100;FCA;50537;2015-09-11;http://www.rad.cvm.gov.br/ENETCONSULTA/frmDownloadDocumento.aspx?CodigoInstituicao=1&NumeroSequencialDocumento=50537
61.092.037/0001-81;2015-01-01;1;ETERNIT S.A. - EM RECUPERAÇÃO JUDICIAL;005762;FCA;44880;2015-03-10;http://www.rad.cvm.gov.br/ENETCONSULTA/frmDownloadDocumento.aspx?CodigoInstituicao=1&NumeroSequencialDocumento=44880
61.101.895/0001-45;2015-01-01;1;SANTHER FAB DE PAPEL STA THEREZINHA S.A.;014923;FCA;45727;2015-03-31;http://www.rad.cvm.gov.br/ENETCONSULTA/frmDownloadDocumento.aspx?CodigoInstituicao=1&NumeroSequencialDocumento=45727
61.101.895/0001-45;2015-01-01;2;SANTHER FAB DE PAPEL STA THEREZINHA S.A.;014923;FCA;48005;2015-05-29;http://www.rad.cvm.gov.br/ENETCONSULTA/frmDownloadDocumento.aspx?CodigoInstituicao=1&NumeroSequencialDocumento=48005
61.156.113/0001-75;2015-01-01;1;IOCHPE MAXION S.A.;011932;FCA;43441;2015-01-13;http://www.rad.cvm.gov.br/ENETCONSULTA/frmDownloadDocumento.aspx?CodigoInstituicao=1&NumeroSequencialDocumento=43441
61.156.931/0001-78;2015-01-01;1;SIDERURGICA J. L. ALIPERTI S.A.;012823;FCA;44841;2015-03-09;http://www.rad.cvm.gov.br/ENETCONSULTA/frmDownloadDocumento.aspx?CodigoInstituicao=1&NumeroSequencialDocumento=44841
61.156.931/0001-78;2015-01-01;2;SIDERURGICA J. L. ALIPERTI S.A.;012823;FCA;46254;2015-04-30;http://www.rad.cvm.gov.br/ENETCONSULTA/frmDownloadDocumento.aspx?CodigoInstituicao=1&NumeroSequencialDocumento=46254
61.189.288/0001-89;2015-01-01;1;MARISA LOJAS S.A.;022055;FCA;43620;2015-01-23;http://www.rad.cvm.gov.br/ENETCONSULTA/frmDownloadDocumento.aspx?CodigoInstituicao=1&NumeroSequencialDocumento=43620
61.189.288/0001-89;2015-01-01;2;MARISA LOJAS S.A.;022055;FCA;47678;2015-05-22;http://www.rad.cvm.gov.br/ENETCONSULTA/frmDownloadDocumento.aspx?CodigoInstituicao=1&NumeroSequencialDocumento=47678
61.192.373/0001-04;2015-01-01;1;CONSTRUTORA BETER SA;004758;FCA;47528;2015-05-16;http://www.rad.cvm.gov.br/ENETCONSULTA/frmDownloadDocumento.aspx?CodigoInstituicao=1&NumeroSequencialDocumento=47528
61.192.373/0001-04;2015-01-01;2;CONSTRUTORA BETER SA;004758;FCA;49136;2015-07-20;http://www.rad.cvm.gov.br/ENETCONSULTA/frmDownloadDocumento.aspx?CodigoInstituicao=1&NumeroSequencialDocumento=49136
61.192.373/0001-04;2015-01-01;3;CONSTRUTORA BETER SA;004758;FCA;52120;2015-11-20;http://www.rad.cvm.gov.br/ENETCONSULTA/frmDownloadDocumento.aspx?CodigoInstituicao=1&NumeroSequencialDocumento=52120
61.192.373/0001-04;2015-01-01;4;CONSTRUTORA BETER SA;004758;FCA;52212;2015-11-26;http://www.rad.cvm.gov.br/ENETCONSULTA/frmDownloadDocumento.aspx?CodigoInstituicao=1&NumeroSequencialDocumento=52212
61.351.532/0001-68;2015-01-01;1;AZEVEDO E TRAVASSOS S.A.;011975;FCA;44979;2015-03-16;http://www.rad.cvm.gov.br/ENETCONSULTA/frmDownloadDocumento.aspx?CodigoInstituicao=1&NumeroSequencialDocumento=44979
61.374.161/0001-30;2015-01-01;1;BAUMER S.A.;001562;FCA;45624;2015-03-30;http://www.rad.cvm.gov.br/ENETCONSULTA/frmDownloadDocumento.aspx?CodigoInstituicao=1&NumeroSequencialDocumento=45624
61.410.395/0001-95;2015-01-01;1;FIBAM COMPANHIA INDUSTRIAL;006017;FCA;45215;2015-03-25;http://www.rad.cvm.gov.br/ENETCONSULTA/frmDownloadDocumento.aspx?CodigoInstituicao=1&NumeroSequencialDocumento=45215
61.410.395/0001-95;2015-01-01;2;FIBAM COMPANHIA INDUSTRIAL;006017;FCA;46198;2015-04-29;http://www.rad.cvm.gov.br/ENETCONSULTA/frmDownloadDocumento.aspx?CodigoInstituicao=1&NumeroSequencialDocumento=46198
61.410.395/0001-95;2015-01-01;3;FIBAM COMPANHIA INDUSTRIAL;006017;FCA;46396;2015-05-05;http://www.rad.cvm.gov.br/ENETCONSULTA/frmDownloadDocumento.aspx?CodigoInstituicao=1&NumeroSequencialDocumento=46396
61.486.650/0001-83;2015-01-01;1;DIAGNOSTICOS DA AMERICA S.A.;019623;FCA;43556;2015-01-19;http://www.rad.cvm.gov.br/ENETCONSULTA/frmDownloadDocumento.aspx?CodigoInstituicao=1&NumeroSequencialDocumento=43556
61.486.650/0001-83;2015-01-01;2;DIAGNOSTICOS DA AMERICA S.A.;019623;FCA;48723;2015-06-19;http://www.rad.cvm.gov.br/ENETCONSULTA/frmDownloadDocumento.aspx?CodigoInstituicao=1&NumeroSequencialDocumento=48723
61.486.650/0001-83;2015-01-01;3;DIAGNOSTICOS DA AMERICA S.A.;019623;FCA;51688;2015-11-12;http://www.rad.cvm.gov.br/ENETCONSULTA/frmDownloadDocumento.aspx?CodigoInstituicao=1&NumeroSequencialDocumento=51688
61.532.644/0001-15;2015-01-01;1;ITAÚSA S.A.;007617;FCA;43703;2015-01-30;http://www.rad.cvm.gov.br/ENETCONSULTA/frmDownloadDocumento.aspx?CodigoInstituicao=1&NumeroSequencialDocumento=43703
61.532.644/0001-15;2015-01-01;2;ITAÚSA S.A.;007617;FCA;44088;2015-02-13;http://www.rad.cvm.gov.br/ENETCONSULTA/frmDownloadDocumento.aspx?CodigoInstituicao=1&NumeroSequencialDocumento=44088
61.532.644/0001-15;2015-01-01;3;ITAÚSA S.A.;007617;FCA;47001;2015-05-12;http://www.rad.cvm.gov.br/ENETCONSULTA/frmDownloadDocumento.aspx?CodigoInstituicao=1&NumeroSequencialDocumento=47001
61.584.140/0001-49;2015-01-01;1;REDE ENERGIA PARTICIPAÇÕES S.A.;003190;FCA;43727;2015-02-02;http://www.rad.cvm.gov.br/ENETCONSULTA/frmDownloadDocumento.aspx?CodigoInstituicao=1&NumeroSequencialDocumento=43727
61.584.140/0001-49;2015-01-01;2;REDE ENERGIA PARTICIPAÇÕES S.A.;003190;FCA;46377;2015-05-05;http://www.rad.cvm.gov.br/ENETCONSULTA/frmDownloadDocumento.aspx?CodigoInstituicao=1&NumeroSequencialDocumento=46377
61.584.140/0001-49;2015-01-01;3;REDE ENERGIA PARTICIPAÇÕES S.A.;003190;FCA;49150;2015-07-21;http://www.rad.cvm.gov.br/ENETCONSULTA/frmDownloadDocumento.aspx?CodigoInstituicao=1&NumeroSequencialDocumento=49150
61.585.865/0001-51;2015-01-01;1;RAIA DROGASIL S.A.;005258;FCA;44306;2015-02-26;http://www.rad.cvm.gov.br/ENETCONSULTA/frmDownloadDocumento.aspx?CodigoInstituicao=1&NumeroSequencialDocumento=44306
61.585.865/0001-51;2015-01-01;2;RAIA DROGASIL S.A.;005258;FCA;46209;2015-04-29;http://www.rad.cvm.gov.br/ENETCONSULTA/frmDownloadDocumento.aspx?CodigoInstituicao=1&NumeroSequencialDocumento=46209
61.585.865/0001-51;2015-01-01;3;RAIA DROGASIL S.A.;005258;FCA;47987;2015-05-29;http://www.rad.cvm.gov.br/ENETCONSULTA/frmDownloadDocumento.aspx?CodigoInstituicao=1&NumeroSequencialDocumento=47987
61.695.227/0001-93;2015-01-01;1;ELETROPAULO METROP. ELET. SAO PAULO S.A.;014176;FCA;43596;2015-01-22;http://www.rad.cvm.gov.br/ENETCONSULTA/frmDownloadDocumento.aspx?CodigoInstituicao=1&NumeroSequencialDocumento=43596
61.695.227/0001-93;2015-01-01;2;ELETROPAULO METROP. ELET. SAO PAULO S.A.;014176;FCA;45806;2015-04-02;http://www.rad.cvm.gov.br/ENETCONSULTA/frmDownloadDocumento.aspx?CodigoInstituicao=1&NumeroSequencialDocumento=45806
61.784.278/0001-91;2015-01-01;1;COMPANHIA DE CRÉDITO FINANCIAMENTO E INVESTIMENTO RCI BRASIL;022993;FCA;44392;2015-02-27;http://www.rad.cvm.gov.br/ENETCONSULTA/frmDownloadDocumento.aspx?CodigoInstituicao=1&NumeroSequencialDocumento=44392
61.784.278/0001-91;2015-01-01;2;COMPANHIA DE CRÉDITO FINANCIAMENTO E INVESTIMENTO RCI BRASIL;022993;FCA;48014;2015-05-29;http://www.rad.cvm.gov.br/ENETCONSULTA/frmDownloadDocumento.aspx?CodigoInstituicao=1&NumeroSequencialDocumento=48014
61.784.278/0001-91;2015-01-01;3;COMPANHIA DE CRÉDITO FINANCIAMENTO E INVESTIMENTO RCI BRASIL;022993;FCA;51999;2015-11-16;http://www.rad.cvm.gov.br/ENETCONSULTA/frmDownloadDocumento.aspx?CodigoInstituicao=1&NumeroSequencialDocumento=51999
61.856.571/0001-17;2015-01-01;1;CIA GAS DE SAO PAULO - COMGAS;015636;FCA;45013;2015-03-17;http://www.rad.cvm.gov.br/ENETCONSULTA/frmDownloadDocumento.aspx?CodigoInstituicao=1&NumeroSequencialDocumento=45013
61.856.571/0001-17;2015-01-01;2;CIA GAS DE SAO PAULO - COMGAS;015636;FCA;46015;2015-04-17;http://www.rad.cvm.gov.br/ENETCONSULTA/frmDownloadDocumento.aspx?CodigoInstituicao=1&NumeroSequencialDocumento=46015
61.856.571/0001-17;2015-01-01;3;CIA GAS DE SAO PAULO - COMGAS;015636;FCA;46877;2015-05-12;http://www.rad.cvm.gov.br/ENETCONSULTA/frmDownloadDocumento.aspx?CodigoInstituicao=1&NumeroSequencialDocumento=46877
61.856.571/0001-17;2015-01-01;4;CIA GAS DE SAO PAULO - COMGAS;015636;FCA;51389;2015-11-08;http://www.rad.cvm.gov.br/ENETCONSULTA/frmDownloadDocumento.aspx?CodigoInstituicao=1&NumeroSequencialDocumento=51389
61.856.571/0001-17;2015-01-01;5;CIA GAS DE SAO PAULO - COMGAS;015636;FCA;51973;2015-11-15;http://www.rad.cvm.gov.br/ENETCONSULTA/frmDownloadDocumento.aspx?CodigoInstituicao=1&NumeroSequencialDocumento=51973
62.002.886/0001-60;2015-01-01;1;SAO PAULO TURISMO S.A.;009415;FCA;43335;2015-01-07;http://www.rad.cvm.gov.br/ENETCONSULTA/frmDownloadDocumento.aspx?CodigoInstituicao=1&NumeroSequencialDocumento=43335
62.002.886/0001-60;2015-01-01;2;SAO PAULO TURISMO S.A.;009415;FCA;44557;2015-03-03;http://www.rad.cvm.gov.br/ENETCONSULTA/frmDownloadDocumento.aspx?CodigoInstituicao=1&NumeroSequencialDocumento=44557
62.002.886/0001-60;2015-01-01;3;SAO PAULO TURISMO S.A.;009415;FCA;48009;2015-05-29;http://www.rad.cvm.gov.br/ENETCONSULTA/frmDownloadDocumento.aspx?CodigoInstituicao=1&NumeroSequencialDocumento=48009
62.002.886/0001-60;2015-01-01;4;SAO PAULO TURISMO S.A.;009415;FCA;51045;2015-10-22;http://www.rad.cvm.gov.br/ENETCONSULTA/frmDownloadDocumento.aspx?CodigoInstituicao=1&NumeroSequencialDocumento=51045
62.063.177/0001-94;2015-01-01;1;SAFRA LEASING SA ARRENDAMENTO MERCANTIL;019844;FCA;43855;2015-02-06;http://www.rad.cvm.gov.br/ENETCONSULTA/frmDownloadDocumento.aspx?CodigoInstituicao=1&NumeroSequencialDocumento=43855
62.063.177/0001-94;2015-01-01;2;SAFRA LEASING SA ARRENDAMENTO MERCANTIL;019844;FCA;47631;2015-05-21;http://www.rad.cvm.gov.br/ENETCONSULTA/frmDownloadDocumento.aspx?CodigoInstituicao=1&NumeroSequencialDocumento=47631
62.063.177/0001-94;2015-01-01;3;SAFRA LEASING SA ARRENDAMENTO MERCANTIL;019844;FCA;51605;2015-11-12;http://www.rad.cvm.gov.br/ENETCONSULTA/frmDownloadDocumento.aspx?CodigoInstituicao=1&NumeroSequencialDocumento=51605
62.144.175/0001-20;2015-01-01;1;BCO PINE S.A;020567;FCA;43920;2015-02-09;http://www.rad.cvm.gov.br/ENETCONSULTA/frmDownloadDocumento.aspx?CodigoInstituicao=1&NumeroSequencialDocumento=43920
62.144.175/0001-20;2015-01-01;2;BCO PINE S.A;020567;FCA;44904;2015-03-11;http://www.rad.cvm.gov.br/ENETCONSULTA/frmDownloadDocumento.aspx?CodigoInstituicao=1&NumeroSequencialDocumento=44904
62.144.175/0001-20;2015-01-01;3;BCO PINE S.A;020567;FCA;48073;2015-05-29;http://www.rad.cvm.gov.br/ENETCONSULTA/frmDownloadDocumento.aspx?CodigoInstituicao=1&NumeroSequencialDocumento=48073
62.232.889/0001-90;2015-01-01;1;BCO DAYCOVAL S.A.;020796;FCA;43447;2015-01-13;http://www.rad.cvm.gov.br/ENETCONSULTA/frmDownloadDocumento.aspx?CodigoInstituicao=1&NumeroSequencialDocumento=43447
62.232.889/0001-90;2015-01-01;2;BCO DAYCOVAL S.A.;020796;FCA;48023;2015-05-29;http://www.rad.cvm.gov.br/ENETCONSULTA/frmDownloadDocumento.aspx?CodigoInstituicao=1&NumeroSequencialDocumento=48023
62.307.848/0001-15;2015-01-01;1;BANCO RCI BRASIL S.A.;021466;FCA;44391;2015-02-27;http://www.rad.cvm.gov.br/ENETCONSULTA/frmDownloadDocumento.aspx?CodigoInstituicao=1&NumeroSequencialDocumento=44391
62.307.848/0001-15;2015-01-01;2;BANCO RCI BRASIL S.A.;021466;FCA;48056;2015-05-29;http://www.rad.cvm.gov.br/ENETCONSULTA/frmDownloadDocumento.aspx?CodigoInstituicao=1&NumeroSequencialDocumento=48056
62.307.848/0001-15;2015-01-01;3;BANCO RCI BRASIL S.A.;021466;FCA;49435;2015-08-04;http://www.rad.cvm.gov.br/ENETCONSULTA/frmDownloadDocumento.aspx?CodigoInstituicao=1&NumeroSequencialDocumento=49435
62.307.848/0001-15;2015-01-01;4;BANCO RCI BRASIL S.A.;021466;FCA;51994;2015-11-16;http://www.rad.cvm.gov.br/ENETCONSULTA/frmDownloadDocumento.aspx?CodigoInstituicao=1&NumeroSequencialDocumento=51994
65.654.303/0001-73;2015-01-01;1;DIBENS LEASING S.A. - ARREND.MERCANTIL;014214;FCA;43735;2015-02-02;http://www.rad.cvm.gov.br/ENETCONSULTA/frmDownloadDocumento.aspx?CodigoInstituicao=1&NumeroSequencialDocumento=43735
65.654.303/0001-73;2015-01-01;2;DIBENS LEASING S.A. - ARREND.MERCANTIL;014214;FCA;44853;2015-03-09;http://www.rad.cvm.gov.br/ENETCONSULTA/frmDownloadDocumento.aspx?CodigoInstituicao=1&NumeroSequencialDocumento=44853
65.654.303/0001-73;2015-01-01;3;DIBENS LEASING S.A. - ARREND.MERCANTIL;014214;FCA;46954;2015-05-12;http://www.rad.cvm.gov.br/ENETCONSULTA/frmDownloadDocumento.aspx?CodigoInstituicao=1&NumeroSequencialDocumento=46954
67.010.660/0001-24;2015-01-01;1;RNI NEGÓCIOS IMOBILIÁRIOS S.A.;020451;FCA;43314;2015-01-06;http://www.rad.cvm.gov.br/ENETCONSULTA/frmDownloadDocumento.aspx?CodigoInstituicao=1&NumeroSequencialDocumento=43314
67.010.660/0001-24;2015-01-01;2;RNI NEGÓCIOS IMOBILIÁRIOS S.A.;020451;FCA;47779;2015-05-27;http://www.rad.cvm.gov.br/ENETCONSULTA/frmDownloadDocumento.aspx?CodigoInstituicao=1&NumeroSequencialDocumento=47779
67.437.434/0001-24;2015-01-01;1;TC SECURITIES CIA DE SECURITIZAÇÃO;020389;FCA;43574;2015-01-20;http://www.rad.cvm.gov.br/ENETCONSULTA/frmDownloadDocumento.aspx?CodigoInstituicao=1&NumeroSequencialDocumento=43574
67.437.434/0001-24;2015-01-01;2;TC SECURITIES CIA DE SECURITIZAÇÃO;020389;FCA;45293;2015-03-26;http://www.rad.cvm.gov.br/ENETCONSULTA/frmDownloadDocumento.aspx?CodigoInstituicao=1&NumeroSequencialDocumento=45293
67.437.434/0001-24;2015-01-01;3;TC SECURITIES CIA DE SECURITIZAÇÃO;020389;FCA;49079;2015-07-15;http://www.rad.cvm.gov.br/ENETCONSULTA/frmDownloadDocumento.aspx?CodigoInstituicao=1&NumeroSequencialDocumento=49079
67.437.434/0001-24;2015-01-01;4;TC SECURITIES CIA DE SECURITIZAÇÃO;020389;FCA;50956;2015-10-16;http://www.rad.cvm.gov.br/ENETCONSULTA/frmDownloadDocumento.aspx?CodigoInstituicao=1&NumeroSequencialDocumento=50956
67.571.414/0001-41;2015-01-01;1;VIVER INCORPORADORA E CONSTRUTORA S.A.;020702;FCA;45119;2015-03-20;http://www.rad.cvm.gov.br/ENETCONSULTA/frmDownloadDocumento.aspx?CodigoInstituicao=1&NumeroSequencialDocumento=45119
67.571.414/0001-41;2015-01-01;2;VIVER INCORPORADORA E CONSTRUTORA S.A.;020702;FCA;50283;2015-08-18;http://www.rad.cvm.gov.br/ENETCONSULTA/frmDownloadDocumento.aspx?CodigoInstituicao=1&NumeroSequencialDocumento=50283
67.620.377/0001-14;2015-01-01;1;MINERVA S.A.;020931;FCA;43943;2015-02-09;http://www.rad.cvm.gov.br/ENETCONSULTA/frmDownloadDocumento.aspx?CodigoInstituicao=1&NumeroSequencialDocumento=43943
67.620.377/0001-14;2015-01-01;2;MINERVA S.A.;020931;FCA;44709;2015-03-04;http://www.rad.cvm.gov.br/ENETCONSULTA/frmDownloadDocumento.aspx?CodigoInstituicao=1&NumeroSequencialDocumento=44709
67.620.377/0001-14;2015-01-01;3;MINERVA S.A.;020931;FCA;47771;2015-05-27;http://www.rad.cvm.gov.br/ENETCONSULTA/frmDownloadDocumento.aspx?CodigoInstituicao=1&NumeroSequencialDocumento=47771
69.720.910/0001-45;2015-01-01;1;CCB BRASIL ARRENDAMENTO MERCANTIL S.A.;015121;FCA;44978;2015-03-16;http://www.rad.cvm.gov.br/ENETCONSULTA/frmDownloadDocumento.aspx?CodigoInstituicao=1&NumeroSequencialDocumento=44978
69.720.910/0001-45;2015-01-01;2;CCB BRASIL ARRENDAMENTO MERCANTIL S.A.;015121;FCA;48445;2015-06-01;http://www.rad.cvm.gov.br/ENETCONSULTA/frmDownloadDocumento.aspx?CodigoInstituicao=1&NumeroSequencialDocumento=48445
69.720.910/0001-45;2015-01-01;3;CCB BRASIL ARRENDAMENTO MERCANTIL S.A.;015121;FCA;52643;2015-12-30;http://www.rad.cvm.gov.br/ENETCONSULTA/frmDownloadDocumento.aspx?CodigoInstituicao=1&NumeroSequencialDocumento=52643
70.216.429/0001-04;2015-01-01;1;BRAMEX - BRASIL MERCANTIL S.A.;518700;FCA;46562;2015-05-07;http://www.rad.cvm.gov.br/ENETCONSULTA/frmDownloadDocumento.aspx?CodigoInstituicao=1&NumeroSequencialDocumento=46562
71.208.516/0001-74;2015-01-01;1;ALGAR TELECOM S/A;021032;FCA;44185;2015-02-23;http://www.rad.cvm.gov.br/ENETCONSULTA/frmDownloadDocumento.aspx?CodigoInstituicao=1&NumeroSequencialDocumento=44185
71.208.516/0001-74;2015-01-01;2;ALGAR TELECOM S/A;021032;FCA;48251;2015-05-29;http://www.rad.cvm.gov.br/ENETCONSULTA/frmDownloadDocumento.aspx?CodigoInstituicao=1&NumeroSequencialDocumento=48251
71.208.516/0001-74;2015-01-01;3;ALGAR TELECOM S/A;021032;FCA;50800;2015-10-02;http://www.rad.cvm.gov.br/ENETCONSULTA/frmDownloadDocumento.aspx?CodigoInstituicao=1&NumeroSequencialDocumento=50800
71.476.527/0001-35;2015-01-01;1;CONSTRUTORA TENDA S.A.;021148;FCA;44397;2015-02-27;http://www.rad.cvm.gov.br/ENETCONSULTA/frmDownloadDocumento.aspx?CodigoInstituicao=1&NumeroSequencialDocumento=44397
71.476.527/0001-35;2015-01-01;2;CONSTRUTORA TENDA S.A.;021148;FCA;48055;2015-05-29;http://www.rad.cvm.gov.br/ENETCONSULTA/frmDownloadDocumento.aspx?CodigoInstituicao=1&NumeroSequencialDocumento=48055
71.476.527/0001-35;2015-01-01;3;CONSTRUTORA TENDA S.A.;021148;FCA;50666;2015-09-23;http://www.rad.cvm.gov.br/ENETCONSULTA/frmDownloadDocumento.aspx?CodigoInstituicao=1&NumeroSequencialDocumento=50666
71.550.388/0001-42;2015-01-01;1;RUMO LOGÍSTICA OPERADORA MULTIMODAL S.A.;023450;FCA;44106;2015-02-13;http://www.rad.cvm.gov.br/ENETCONSULTA/frmDownloadDocumento.aspx?CodigoInstituicao=1&NumeroSequencialDocumento=44106
71.550.388/0001-42;2015-01-01;2;RUMO LOGÍSTICA OPERADORA MULTIMODAL S.A.;023450;FCA;44571;2015-03-03;http://www.rad.cvm.gov.br/ENETCONSULTA/frmDownloadDocumento.aspx?CodigoInstituicao=1&NumeroSequencialDocumento=44571
71.550.388/0001-42;2015-01-01;3;RUMO LOGÍSTICA OPERADORA MULTIMODAL S.A.;023450;FCA;45373;2015-03-27;http://www.rad.cvm.gov.br/ENETCONSULTA/frmDownloadDocumento.aspx?CodigoInstituicao=1&NumeroSequencialDocumento=45373
71.550.388/0001-42;2015-01-01;4;RUMO LOGÍSTICA OPERADORA MULTIMODAL S.A.;023450;FCA;46075;2015-04-22;http://www.rad.cvm.gov.br/ENETCONSULTA/frmDownloadDocumento.aspx?CodigoInstituicao=1&NumeroSequencialDocumento=46075
71.550.388/0001-42;2015-01-01;5;RUMO LOGÍSTICA OPERADORA MULTIMODAL S.A.;023450;FCA;47279;2015-05-15;http://www.rad.cvm.gov.br/ENETCONSULTA/frmDownloadDocumento.aspx?CodigoInstituicao=1&NumeroSequencialDocumento=47279
71.673.990/0001-77;2015-01-01;1;NATURA COSMETICOS S.A.;019550;FCA;43451;2015-01-13;http://www.rad.cvm.gov.br/ENETCONSULTA/frmDownloadDocumento.aspx?CodigoInstituicao=1&NumeroSequencialDocumento=43451
71.673.990/0001-77;2015-01-01;2;NATURA COSMETICOS S.A.;019550;FCA;45214;2015-03-24;http://www.rad.cvm.gov.br/ENETCONSULTA/frmDownloadDocumento.aspx?CodigoInstituicao=1&NumeroSequencialDocumento=45214
71.673.990/0001-77;2015-01-01;3;NATURA COSMETICOS S.A.;019550;FCA;46593;2015-05-07;http://www.rad.cvm.gov.br/ENETCONSULTA/frmDownloadDocumento.aspx?CodigoInstituicao=1&NumeroSequencialDocumento=46593
73.178.600/0001-18;2015-01-01;1;CYRELA BRAZIL REALTY S.A.EMPREEND E PART;014460;FCA;43392;2015-01-09;http://www.rad.cvm.gov.br/ENETCONSULTA/frmDownloadDocumento.aspx?CodigoInstituicao=1&NumeroSequencialDocumento=43392
73.178.600/0001-18;2015-01-01;2;CYRELA BRAZIL REALTY S.A.EMPREEND E PART;014460;FCA;46462;2015-05-06;http://www.rad.cvm.gov.br/ENETCONSULTA/frmDownloadDocumento.aspx?CodigoInstituicao=1&NumeroSequencialDocumento=46462
73.903.718/0001-61;2015-01-01;1;SNB PARTICIPACOES SA;014303;FCA;45519;2015-03-30;http://www.rad.cvm.gov.br/ENETCONSULTA/frmDownloadDocumento.aspx?CodigoInstituicao=1&NumeroSequencialDocumento=45519
74.409.467/0001-26;2015-01-01;1;FENICIAPAR S/A;015024;FCA;45304;2015-03-26;http://www.rad.cvm.gov.br/ENETCONSULTA/frmDownloadDocumento.aspx?CodigoInstituicao=1&NumeroSequencialDocumento=45304
74.409.467/0001-26;2015-01-01;2;FENICIAPAR S/A;015024;FCA;47131;2015-05-14;http://www.rad.cvm.gov.br/ENETCONSULTA/frmDownloadDocumento.aspx?CodigoInstituicao=1&NumeroSequencialDocumento=47131
74.409.467/0001-26;2015-01-01;3;FENICIAPAR S/A;015024;FCA;47584;2015-05-19;http://www.rad.cvm.gov.br/ENETCONSULTA/frmDownloadDocumento.aspx?CodigoInstituicao=1&NumeroSequencialDocumento=47584
75.609.123/0001-23;2015-01-01;1;UNIDAS LOCAÇÕES E SERVIÇOS S.A.;023280;FCA;43793;2015-02-04;http://www.rad.cvm.gov.br/ENETCONSULTA/frmDownloadDocumento.aspx?CodigoInstituicao=1&NumeroSequencialDocumento=43793
76.483.817/0001-20;2015-01-01;1;CIA PARANAENSE DE ENERGIA - COPEL;014311;FCA;43295;2015-01-06;http://www.rad.cvm.gov.br/ENETCONSULTA/frmDownloadDocumento.aspx?CodigoInstituicao=1&NumeroSequencialDocumento=43295
76.483.817/0001-20;2015-01-01;2;CIA PARANAENSE DE ENERGIA - COPEL;014311;FCA;46398;2015-05-05;http://www.rad.cvm.gov.br/ENETCONSULTA/frmDownloadDocumento.aspx?CodigoInstituicao=1&NumeroSequencialDocumento=46398
76.484.013/0001-45;2015-01-01;1;CIA SANEAMENTO DO PARANA - SANEPAR;018627;FCA;43440;2015-01-13;http://www.rad.cvm.gov.br/ENETCONSULTA/frmDownloadDocumento.aspx?CodigoInstituicao=1&NumeroSequencialDocumento=43440
76.484.013/0001-45;2015-01-01;2;CIA SANEAMENTO DO PARANA - SANEPAR;018627;FCA;43599;2015-01-22;http://www.rad.cvm.gov.br/ENETCONSULTA/frmDownloadDocumento.aspx?CodigoInstituicao=1&NumeroSequencialDocumento=43599
76.484.013/0001-45;2015-01-01;3;CIA SANEAMENTO DO PARANA - SANEPAR;018627;FCA;43869;2015-02-06;http://www.rad.cvm.gov.br/ENETCONSULTA/frmDownloadDocumento.aspx?CodigoInstituicao=1&NumeroSequencialDocumento=43869
76.484.013/0001-45;2015-01-01;4;CIA SANEAMENTO DO PARANA - SANEPAR;018627;FCA;46688;2015-05-08;http://www.rad.cvm.gov.br/ENETCONSULTA/frmDownloadDocumento.aspx?CodigoInstituicao=1&NumeroSequencialDocumento=46688
76.484.013/0001-45;2015-01-01;5;CIA SANEAMENTO DO PARANA - SANEPAR;018627;FCA;51368;2015-11-06;http://www.rad.cvm.gov.br/ENETCONSULTA/frmDownloadDocumento.aspx?CodigoInstituicao=1&NumeroSequencialDocumento=51368
76.500.180/0001-32;2015-01-01;1;COMPANHIA PROVIDENCIA IND E COMERCIO;020974;FCA;44095;2015-02-13;http://www.rad.cvm.gov.br/ENETCONSULTA/frmDownloadDocumento.aspx?CodigoInstituicao=1&NumeroSequencialDocumento=44095
76.500.180/0001-32;2015-01-01;2;COMPANHIA PROVIDENCIA IND E COMERCIO;020974;FCA;49298;2015-07-29;http://www.rad.cvm.gov.br/ENETCONSULTA/frmDownloadDocumento.aspx?CodigoInstituicao=1&NumeroSequencialDocumento=49298
76.535.764/0001-43;2015-01-01;1;OI S.A. - EM RECUPERAÇÃO JUDICIAL;011312;FCA;43471;2015-01-13;http://www.rad.cvm.gov.br/ENETCONSULTA/frmDownloadDocumento.aspx?CodigoInstituicao=1&NumeroSequencialDocumento=43471
76.535.764/0001-43;2015-01-01;2;OI S.A. - EM RECUPERAÇÃO JUDICIAL;011312;FCA;46162;2015-04-27;http://www.rad.cvm.gov.br/ENETCONSULTA/frmDownloadDocumento.aspx?CodigoInstituicao=1&NumeroSequencialDocumento=46162
76.535.764/0001-43;2015-01-01;3;OI S.A. - EM RECUPERAÇÃO JUDICIAL;011312;FCA;48414;2015-05-30;http://www.rad.cvm.gov.br/ENETCONSULTA/frmDownloadDocumento.aspx?CodigoInstituicao=1&NumeroSequencialDocumento=48414
76.627.504/0001-06;2015-01-01;1;INEPAR S.A. INDUSTRIA E CONSTRUCOES EM RECUPERACAO JUDICIAL;007595;FCA;43644;2015-01-27;http://www.rad.cvm.gov.br/ENETCONSULTA/frmDownloadDocumento.aspx?CodigoInstituicao=1&NumeroSequencialDocumento=43644
76.627.504/0001-06;2015-01-01;2;INEPAR S.A. INDUSTRIA E CONSTRUCOES EM RECUPERACAO JUDICIAL;007595;FCA;46910;2015-05-12;http://www.rad.cvm.gov.br/ENETCONSULTA/frmDownloadDocumento.aspx?CodigoInstituicao=1&NumeroSequencialDocumento=46910
76.627.504/0001-06;2015-01-01;3;INEPAR S.A. INDUSTRIA E CONSTRUCOES EM RECUPERACAO JUDICIAL;007595;FCA;48470;2015-06-02;http://www.rad.cvm.gov.br/ENETCONSULTA/frmDownloadDocumento.aspx?CodigoInstituicao=1&NumeroSequencialDocumento=48470
76.627.504/0001-06;2015-01-01;4;INEPAR S.A. INDUSTRIA E CONSTRUCOES EM RECUPERACAO JUDICIAL;007595;FCA;48573;2015-06-10;http://www.rad.cvm.gov.br/ENETCONSULTA/frmDownloadDocumento.aspx?CodigoInstituicao=1&NumeroSequencialDocumento=48573
78.588.415/0001-15;2015-01-01;1;CIA CACIQUE CAFE SOLUVEL;002909;FCA;45136;2015-03-20;http://www.rad.cvm.gov.br/ENETCONSULTA/frmDownloadDocumento.aspx?CodigoInstituicao=1&NumeroSequencialDocumento=45136
78.876.950/0001-71;2015-01-01;1;CIA HERING;014761;FCA;44327;2015-02-26;http://www.rad.cvm.gov.br/ENETCONSULTA/frmDownloadDocumento.aspx?CodigoInstituicao=1&NumeroSequencialDocumento=44327
78.876.950/0001-71;2015-01-01;2;CIA HERING;014761;FCA;49195;2015-07-23;http://www.rad.cvm.gov.br/ENETCONSULTA/frmDownloadDocumento.aspx?CodigoInstituicao=1&NumeroSequencialDocumento=49195
80.227.184/0001-66;2015-01-01;1;METALGRAFICA IGUACU S.A.;008605;FCA;45362;2015-03-27;http://www.rad.cvm.gov.br/ENETCONSULTA/frmDownloadDocumento.aspx?CodigoInstituicao=1&NumeroSequencialDocumento=45362
80.227.184/0001-66;2015-01-01;2;METALGRAFICA IGUACU S.A.;008605;FCA;47564;2015-05-19;http://www.rad.cvm.gov.br/ENETCONSULTA/frmDownloadDocumento.aspx?CodigoInstituicao=1&NumeroSequencialDocumento=47564
80.227.184/0001-66;2015-01-01;3;METALGRAFICA IGUACU S.A.;008605;FCA;49434;2015-08-04;http://www.rad.cvm.gov.br/ENETCONSULTA/frmDownloadDocumento.aspx?CodigoInstituicao=1&NumeroSequencialDocumento=49434
81.243.735/0001-48;2015-01-01;1;POSITIVO TECNOLOGIA S.A.;020362;FCA;43965;2015-02-10;http://www.rad.cvm.gov.br/ENETCONSULTA/frmDownloadDocumento.aspx?CodigoInstituicao=1&NumeroSequencialDocumento=43965
81.243.735/0001-48;2015-01-01;2;POSITIVO TECNOLOGIA S.A.;020362;FCA;46858;2015-05-11;http://www.rad.cvm.gov.br/ENETCONSULTA/frmDownloadDocumento.aspx?CodigoInstituicao=1&NumeroSequencialDocumento=46858
81.243.735/0001-48;2015-01-01;3;POSITIVO TECNOLOGIA S.A.;020362;FCA;49696;2015-08-12;http://www.rad.cvm.gov.br/ENETCONSULTA/frmDownloadDocumento.aspx?CodigoInstituicao=1&NumeroSequencialDocumento=49696
81.304.727/0001-64;2015-01-01;1;IGUACU CELULOSE PAPEL SA;015113;FCA;45357;2015-03-27;http://www.rad.cvm.gov.br/ENETCONSULTA/frmDownloadDocumento.aspx?CodigoInstituicao=1&NumeroSequencialDocumento=45357
82.373.077/0001-71;2015-01-01;1;BEMATECH IND COM EQUIP ELETRONICOS SA;020656;FCA;43462;2015-01-13;http://www.rad.cvm.gov.br/ENETCONSULTA/frmDownloadDocumento.aspx?CodigoInstituicao=1&NumeroSequencialDocumento=43462
82.373.077/0001-71;2015-01-01;2;BEMATECH IND COM EQUIP ELETRONICOS SA;020656;FCA;46212;2015-04-29;http://www.rad.cvm.gov.br/ENETCONSULTA/frmDownloadDocumento.aspx?CodigoInstituicao=1&NumeroSequencialDocumento=46212
82.373.077/0001-71;2015-01-01;3;BEMATECH IND COM EQUIP ELETRONICOS SA;020656;FCA;47116;2015-05-14;http://www.rad.cvm.gov.br/ENETCONSULTA/frmDownloadDocumento.aspx?CodigoInstituicao=1&NumeroSequencialDocumento=47116
82.508.433/0001-17;2015-01-01;1;CIA CATARINENSE DE AGUAS E SANEAM.-CASAN;016861;FCA;43520;2015-01-16;http://www.rad.cvm.gov.br/ENETCONSULTA/frmDownloadDocumento.aspx?CodigoInstituicao=1&NumeroSequencialDocumento=43520
82.636.986/0001-55;2015-01-01;1;TEKA-TECELAGEM KUEHNRICH S.A. - EM RECUPERAÇÃO JUDICIAL;011223;FCA;45546;2015-03-30;http://www.rad.cvm.gov.br/ENETCONSULTA/frmDownloadDocumento.aspx?CodigoInstituicao=1&NumeroSequencialDocumento=45546
82.640.558/0001-04;2015-01-01;1;KARSTEN S.A.;004146;FCA;44965;2015-03-13;http://www.rad.cvm.gov.br/ENETCONSULTA/frmDownloadDocumento.aspx?CodigoInstituicao=1&NumeroSequencialDocumento=44965
82.640.558/0001-04;2015-01-01;2;KARSTEN S.A.;004146;FCA;46046;2015-04-20;http://www.rad.cvm.gov.br/ENETCONSULTA/frmDownloadDocumento.aspx?CodigoInstituicao=1&NumeroSequencialDocumento=46046
82.640.558/0001-04;2015-01-01;3;KARSTEN S.A.;004146;FCA;46580;2015-05-07;http://www.rad.cvm.gov.br/ENETCONSULTA/frmDownloadDocumento.aspx?CodigoInstituicao=1&NumeroSequencialDocumento=46580
82.640.558/0001-04;2015-01-01;4;KARSTEN S.A.;004146;FCA;46658;2015-05-08;http://www.rad.cvm.gov.br/ENETCONSULTA/frmDownloadDocumento.aspx?CodigoInstituicao=1&NumeroSequencialDocumento=46658
82.640.632/0001-84;2015-01-01;1;LOJAS HERING S.A.;008117;FCA;45518;2015-03-30;http://www.rad.cvm.gov.br/ENETCONSULTA/frmDownloadDocumento.aspx?CodigoInstituicao=1&NumeroSequencialDocumento=45518
82.641.325/0001-18;2015-01-01;1;CREMER SA;020141;FCA;44013;2015-02-11;http://www.rad.cvm.gov.br/ENETCONSULTA/frmDownloadDocumento.aspx?CodigoInstituicao=1&NumeroSequencialDocumento=44013
82.641.325/0001-18;2015-01-01;2;CREMER SA;020141;FCA;47901;2015-05-28;http://www.rad.cvm.gov.br/ENETCONSULTA/frmDownloadDocumento.aspx?CodigoInstituicao=1&NumeroSequencialDocumento=47901
82.643.537/0001-34;2015-01-01;1;ELECTRO ACO ALTONA S.A.;005380;FCA;43685;2015-01-29;http://www.rad.cvm.gov.br/ENETCONSULTA/frmDownloadDocumento.aspx?CodigoInstituicao=1&NumeroSequencialDocumento=43685
82.643.537/0001-34;2015-01-01;2;ELECTRO ACO ALTONA S.A.;005380;FCA;46286;2015-05-04;http://www.rad.cvm.gov.br/ENETCONSULTA/frmDownloadDocumento.aspx?CodigoInstituicao=1&NumeroSequencialDocumento=46286
82.981.812/0001-20;2015-01-01;1;BUETTNER SA IND E COMERCIO - EM RECUPERAÇÃO JUDICIAL;002038;FCA;45280;2015-03-26;http://www.rad.cvm.gov.br/ENETCONSULTA/frmDownloadDocumento.aspx?CodigoInstituicao=1&NumeroSequencialDocumento=45280
82.981.812/0001-20;2015-01-01;2;BUETTNER SA IND E COMERCIO - EM RECUPERAÇÃO JUDICIAL;002038;FCA;46205;2015-04-29;http://www.rad.cvm.gov.br/ENETCONSULTA/frmDownloadDocumento.aspx?CodigoInstituicao=1&NumeroSequencialDocumento=46205
82.981.929/0001-03;2015-01-01;1;CIA INDUSTRIAL SCHLOSSER S.A.;003549;FCA;44204;2015-02-24;http://www.rad.cvm.gov.br/ENETCONSULTA/frmDownloadDocumento.aspx?CodigoInstituicao=1&NumeroSequencialDocumento=44204
82.982.075/0001-80;2015-01-01;1;TEXTIL RENAUXVIEW S.A.;007544;FCA;45493;2015-03-30;http://www.rad.cvm.gov.br/ENETCONSULTA/frmDownloadDocumento.aspx?CodigoInstituicao=1&NumeroSequencialDocumento=45493
83.475.913/0001-91;2015-01-01;1;PBG S/A;013773;FCA;45156;2015-03-23;http://www.rad.cvm.gov.br/ENETCONSULTA/frmDownloadDocumento.aspx?CodigoInstituicao=1&NumeroSequencialDocumento=45156
83.475.913/0001-91;2015-01-01;2;PBG S/A;013773;FCA;48074;2015-05-29;http://www.rad.cvm.gov.br/ENETCONSULTA/frmDownloadDocumento.aspx?CodigoInstituicao=1&NumeroSequencialDocumento=48074
83.475.913/0001-91;2015-01-01;3;PBG S/A;013773;FCA;52463;2015-12-15;http://www.rad.cvm.gov.br/ENETCONSULTA/frmDownloadDocumento.aspx?CodigoInstituicao=1&NumeroSequencialDocumento=52463
83.878.892/0001-55;2015-01-01;1;CENTRAIS ELET DE SANTA CATARINA S.A.;002461;FCA;43277;2015-01-05;http://www.rad.cvm.gov.br/ENETCONSULTA/frmDownloadDocumento.aspx?CodigoInstituicao=1&NumeroSequencialDocumento=43277
83.878.892/0001-55;2015-01-01;2;CENTRAIS ELET DE SANTA CATARINA S.A.;002461;FCA;50781;2015-10-01;http://www.rad.cvm.gov.br/ENETCONSULTA/frmDownloadDocumento.aspx?CodigoInstituicao=1&NumeroSequencialDocumento=50781
83.878.892/0001-55;2015-01-01;3;CENTRAIS ELET DE SANTA CATARINA S.A.;002461;FCA;51398;2015-11-09;http://www.rad.cvm.gov.br/ENETCONSULTA/frmDownloadDocumento.aspx?CodigoInstituicao=1&NumeroSequencialDocumento=51398
84.208.123/0001-02;2015-01-01;1;CIA DOCAS DE IMBITUBA;003174;FCA;45937;2015-04-13;http://www.rad.cvm.gov.br/ENETCONSULTA/frmDownloadDocumento.aspx?CodigoInstituicao=1&NumeroSequencialDocumento=45937
84.208.123/0001-02;2015-01-01;2;CIA DOCAS DE IMBITUBA;003174;FCA;46557;2015-05-07;http://www.rad.cvm.gov.br/ENETCONSULTA/frmDownloadDocumento.aspx?CodigoInstituicao=1&NumeroSequencialDocumento=46557
84.208.123/0001-02;2015-01-01;3;CIA DOCAS DE IMBITUBA;003174;FCA;48529;2015-06-08;http://www.rad.cvm.gov.br/ENETCONSULTA/frmDownloadDocumento.aspx?CodigoInstituicao=1&NumeroSequencialDocumento=48529
84.208.123/0001-02;2015-01-01;4;CIA DOCAS DE IMBITUBA;003174;FCA;49196;2015-07-23;http://www.rad.cvm.gov.br/ENETCONSULTA/frmDownloadDocumento.aspx?CodigoInstituicao=1&NumeroSequencialDocumento=49196
84.208.123/0001-02;2015-01-01;5;CIA DOCAS DE IMBITUBA;003174;FCA;50209;2015-08-15;http://www.rad.cvm.gov.br/ENETCONSULTA/frmDownloadDocumento.aspx?CodigoInstituicao=1&NumeroSequencialDocumento=50209
84.429.695/0001-11;2015-01-01;1;WEG S.A.;005410;FCA;43382;2015-01-09;http://www.rad.cvm.gov.br/ENETCONSULTA/frmDownloadDocumento.aspx?CodigoInstituicao=1&NumeroSequencialDocumento=43382
84.429.695/0001-11;2015-01-01;2;WEG S.A.;005410;FCA;44425;2015-03-02;http://www.rad.cvm.gov.br/ENETCONSULTA/frmDownloadDocumento.aspx?CodigoInstituicao=1&NumeroSequencialDocumento=44425
84.683.374/0001-49;2015-01-01;1;TUPY S.A.;006343;FCA;44182;2015-02-23;http://www.rad.cvm.gov.br/ENETCONSULTA/frmDownloadDocumento.aspx?CodigoInstituicao=1&NumeroSequencialDocumento=44182
84.683.374/0001-49;2015-01-01;2;TUPY S.A.;006343;FCA;48539;2015-06-09;http://www.rad.cvm.gov.br/ENETCONSULTA/frmDownloadDocumento.aspx?CodigoInstituicao=1&NumeroSequencialDocumento=48539
84.683.374/0001-49;2015-01-01;3;TUPY S.A.;006343;FCA;50508;2015-09-09;http://www.rad.cvm.gov.br/ENETCONSULTA/frmDownloadDocumento.aspx?CodigoInstituicao=1&NumeroSequencialDocumento=50508
84.683.408/0001-03;2015-01-01;1;DOHLER S.A.;005207;FCA;43316;2015-01-07;http://www.rad.cvm.gov.br/ENETCONSULTA/frmDownloadDocumento.aspx?CodigoInstituicao=1&NumeroSequencialDocumento=43316
84.683.408/0001-03;2015-01-01;2;DOHLER S.A.;005207;FCA;47732;2015-05-26;http://www.rad.cvm.gov.br/ENETCONSULTA/frmDownloadDocumento.aspx?CodigoInstituicao=1&NumeroSequencialDocumento=47732
84.683.671/0001-94;2015-01-01;1;WETZEL S.A.;011991;FCA;45044;2015-03-18;http://www.rad.cvm.gov.br/ENETCONSULTA/frmDownloadDocumento.aspx?CodigoInstituicao=1&NumeroSequencialDocumento=45044
84.683.671/0001-94;2015-01-01;2;WETZEL S.A.;011991;FCA;47362;2015-05-15;http://www.rad.cvm.gov.br/ENETCONSULTA/frmDownloadDocumento.aspx?CodigoInstituicao=1&NumeroSequencialDocumento=47362
84.683.762/0001-20;2015-01-01;1;METALURGICA DUQUE SA;008648;FCA;44308;2015-02-26;http://www.rad.cvm.gov.br/ENETCONSULTA/frmDownloadDocumento.aspx?CodigoInstituicao=1&NumeroSequencialDocumento=44308
84.683.762/0001-20;2015-01-01;2;METALURGICA DUQUE SA;008648;FCA;44440;2015-03-02;http://www.rad.cvm.gov.br/ENETCONSULTA/frmDownloadDocumento.aspx?CodigoInstituicao=1&NumeroSequencialDocumento=44440
84.693.183/0001-68;2015-01-01;1;SCHULZ S.A.;014664;FCA;44982;2015-03-16;http://www.rad.cvm.gov.br/ENETCONSULTA/frmDownloadDocumento.aspx?CodigoInstituicao=1&NumeroSequencialDocumento=44982
84.693.183/0001-68;2015-01-01;2;SCHULZ S.A.;014664;FCA;46373;2015-05-05;http://www.rad.cvm.gov.br/ENETCONSULTA/frmDownloadDocumento.aspx?CodigoInstituicao=1&NumeroSequencialDocumento=46373
85.041.333/0001-11;2015-01-01;1;PORTO PONTA DO FELIX S/A;015407;FCA;44028;2015-02-12;http://www.rad.cvm.gov.br/ENETCONSULTA/frmDownloadDocumento.aspx?CodigoInstituicao=1&NumeroSequencialDocumento=44028
85.041.333/0001-11;2015-01-01;2;PORTO PONTA DO FELIX S/A;015407;FCA;47724;2015-05-26;http://www.rad.cvm.gov.br/ENETCONSULTA/frmDownloadDocumento.aspx?CodigoInstituicao=1&NumeroSequencialDocumento=47724
85.778.074/0001-06;2015-01-01;1;METALURGICA RIOSULENSE S.A.;013439;FCA;46023;2015-04-17;http://www.rad.cvm.gov.br/ENETCONSULTA/frmDownloadDocumento.aspx?CodigoInstituicao=1&NumeroSequencialDocumento=46023
85.778.074/0001-06;2015-01-01;2;METALURGICA RIOSULENSE S.A.;013439;FCA;46576;2015-05-07;http://www.rad.cvm.gov.br/ENETCONSULTA/frmDownloadDocumento.aspx?CodigoInstituicao=1&NumeroSequencialDocumento=46576
86.375.425/0001-09;2015-01-01;1;METISA METALURGICA TIMBOENSE S.A.;008753;FCA;43480;2015-01-14;http://www.rad.cvm.gov.br/ENETCONSULTA/frmDownloadDocumento.aspx?CodigoInstituicao=1&NumeroSequencialDocumento=43480
86.375.425/0001-09;2015-01-01;2;METISA METALURGICA TIMBOENSE S.A.;008753;FCA;46647;2015-05-08;http://www.rad.cvm.gov.br/ENETCONSULTA/frmDownloadDocumento.aspx?CodigoInstituicao=1&NumeroSequencialDocumento=46647
86.550.951/0001-50;2015-01-01;1;POMIFRUTAS S/A EM RECUPERACAO JUDICIAL;019658;FCA;44871;2015-03-10;http://www.rad.cvm.gov.br/ENETCONSULTA/frmDownloadDocumento.aspx?CodigoInstituicao=1&NumeroSequencialDocumento=44871
86.550.951/0001-50;2015-01-01;2;POMIFRUTAS S/A EM RECUPERACAO JUDICIAL;019658;FCA;49303;2015-07-29;http://www.rad.cvm.gov.br/ENETCONSULTA/frmDownloadDocumento.aspx?CodigoInstituicao=1&NumeroSequencialDocumento=49303
87.043.832/0001-73;2015-01-01;1;SEIVA S.A. - FLORESTAS E INDÚSTRIAS;010561;FCA;44717;2015-03-05;http://www.rad.cvm.gov.br/ENETCONSULTA/frmDownloadDocumento.aspx?CodigoInstituicao=1&NumeroSequencialDocumento=44717
87.043.832/0001-73;2015-01-01;2;SEIVA S.A. - FLORESTAS E INDÚSTRIAS;010561;FCA;49105;2015-07-16;http://www.rad.cvm.gov.br/ENETCONSULTA/frmDownloadDocumento.aspx?CodigoInstituicao=1&NumeroSequencialDocumento=49105
87.456.562/0001-22;2015-01-01;1;JOSAPAR-JOAQUIM OLIVEIRA S.A. - PARTICIP;013285;FCA;45187;2015-03-24;http://www.rad.cvm.gov.br/ENETCONSULTA/frmDownloadDocumento.aspx?CodigoInstituicao=1&NumeroSequencialDocumento=45187
87.456.562/0001-22;2015-01-01;2;JOSAPAR-JOAQUIM OLIVEIRA S.A. - PARTICIP;013285;FCA;46477;2015-05-06;http://www.rad.cvm.gov.br/ENETCONSULTA/frmDownloadDocumento.aspx?CodigoInstituicao=1&NumeroSequencialDocumento=46477
87.762.563/0001-03;2015-01-01;1;CIA HABITASUL DE PARTICIPACOES;003298;FCA;45396;2015-03-27;http://www.rad.cvm.gov.br/ENETCONSULTA/frmDownloadDocumento.aspx?CodigoInstituicao=1&NumeroSequencialDocumento=45396
87.762.563/0001-03;2015-01-01;2;CIA HABITASUL DE PARTICIPACOES;003298;FCA;48076;2015-05-29;http://www.rad.cvm.gov.br/ENETCONSULTA/frmDownloadDocumento.aspx?CodigoInstituicao=1&NumeroSequencialDocumento=48076
88.610.126/0001-29;2015-01-01;1;FRAS-LE S.A.;006211;FCA;43388;2015-01-09;http://www.rad.cvm.gov.br/ENETCONSULTA/frmDownloadDocumento.aspx?CodigoInstituicao=1&NumeroSequencialDocumento=43388
88.610.126/0001-29;2015-01-01;2;FRAS-LE S.A.;006211;FCA;46380;2015-05-05;http://www.rad.cvm.gov.br/ENETCONSULTA/frmDownloadDocumento.aspx?CodigoInstituicao=1&NumeroSequencialDocumento=46380
88.610.126/0001-29;2015-01-01;3;FRAS-LE S.A.;006211;FCA;48467;2015-06-02;http://www.rad.cvm.gov.br/ENETCONSULTA/frmDownloadDocumento.aspx?CodigoInstituicao=1&NumeroSequencialDocumento=48467
88.610.126/0001-29;2015-01-01;4;FRAS-LE S.A.;006211;FCA;48789;2015-06-25;http://www.rad.cvm.gov.br/ENETCONSULTA/frmDownloadDocumento.aspx?CodigoInstituicao=1&NumeroSequencialDocumento=48789
88.610.126/0001-29;2015-01-01;5;FRAS-LE S.A.;006211;FCA;51388;2015-11-07;http://www.rad.cvm.gov.br/ENETCONSULTA/frmDownloadDocumento.aspx?CodigoInstituicao=1&NumeroSequencialDocumento=51388
88.610.191/0001-54;2015-01-01;1;MUNDIAL S.A. - PRODUTOS DE CONSUMO;005312;FCA;45707;2015-03-31;http://www.rad.cvm.gov.br/ENETCONSULTA/frmDownloadDocumento.aspx?CodigoInstituicao=1&NumeroSequencialDocumento=45707
88.610.191/0001-54;2015-01-01;2;MUNDIAL S.A. - PRODUTOS DE CONSUMO;005312;FCA;48659;2015-06-16;http://www.rad.cvm.gov.br/ENETCONSULTA/frmDownloadDocumento.aspx?CodigoInstituicao=1&NumeroSequencialDocumento=48659
88.610.191/0001-54;2015-01-01;3;MUNDIAL S.A. - PRODUTOS DE CONSUMO;005312;FCA;52322;2015-12-04;http://www.rad.cvm.gov.br/ENETCONSULTA/frmDownloadDocumento.aspx?CodigoInstituicao=1&NumeroSequencialDocumento=52322
88.610.191/0001-54;2015-01-01;4;MUNDIAL S.A. - PRODUTOS DE CONSUMO;005312;FCA;52372;2015-12-09;http://www.rad.cvm.gov.br/ENETCONSULTA/frmDownloadDocumento.aspx?CodigoInstituicao=1&NumeroSequencialDocumento=52372
88.611.835/0001-29;2015-01-01;1;MARCOPOLO S.A.;008451;FCA;44167;2015-02-20;http://www.rad.cvm.gov.br/ENETCONSULTA/frmDownloadDocumento.aspx?CodigoInstituicao=1&NumeroSequencialDocumento=44167
88.611.835/0001-29;2015-01-01;2;MARCOPOLO S.A.;008451;FCA;46106;2015-04-24;http://www.rad.cvm.gov.br/ENETCONSULTA/frmDownloadDocumento.aspx?CodigoInstituicao=1&NumeroSequencialDocumento=46106
88.611.835/0001-29;2015-01-01;3;MARCOPOLO S.A.;008451;FCA;46452;2015-05-06;http://www.rad.cvm.gov.br/ENETCONSULTA/frmDownloadDocumento.aspx?CodigoInstituicao=1&NumeroSequencialDocumento=46452
88.611.835/0001-29;2015-01-01;4;MARCOPOLO S.A.;008451;FCA;50625;2015-09-21;http://www.rad.cvm.gov.br/ENETCONSULTA/frmDownloadDocumento.aspx?CodigoInstituicao=1&NumeroSequencialDocumento=50625
88.613.658/0001-10;2015-01-01;1;PETTENATI S.A. INDUSTRIA TEXTIL;009539;FCA;44090;2015-02-13;http://www.rad.cvm.gov.br/ENETCONSULTA/frmDownloadDocumento.aspx?CodigoInstituicao=1&NumeroSequencialDocumento=44090
88.613.658/0001-10;2015-01-01;2;PETTENATI S.A. INDUSTRIA TEXTIL;009539;FCA;47629;2015-05-21;http://www.rad.cvm.gov.br/ENETCONSULTA/frmDownloadDocumento.aspx?CodigoInstituicao=1&NumeroSequencialDocumento=47629
89.086.144/0001-16;2015-01-01;1;RANDON S.A. IMPLEMENTOS E PARTICIPACOES;014109;FCA;43437;2015-01-13;http://www.rad.cvm.gov.br/ENETCONSULTA/frmDownloadDocumento.aspx?CodigoInstituicao=1&NumeroSequencialDocumento=43437
89.086.144/0001-16;2015-01-01;2;RANDON S.A. IMPLEMENTOS E PARTICIPACOES;014109;FCA;47949;2015-05-29;http://www.rad.cvm.gov.br/ENETCONSULTA/frmDownloadDocumento.aspx?CodigoInstituicao=1&NumeroSequencialDocumento=47949
89.086.144/0001-16;2015-01-01;3;RANDON S.A. IMPLEMENTOS E PARTICIPACOES;014109;FCA;48538;2015-06-09;http://www.rad.cvm.gov.br/ENETCONSULTA/frmDownloadDocumento.aspx?CodigoInstituicao=1&NumeroSequencialDocumento=48538
89.096.457/0001-55;2015-01-01;1;SLC AGRICOLA S.A.;020745;FCA;44920;2015-03-11;http://www.rad.cvm.gov.br/ENETCONSULTA/frmDownloadDocumento.aspx?CodigoInstituicao=1&NumeroSequencialDocumento=44920
89.096.457/0001-55;2015-01-01;2;SLC AGRICOLA S.A.;020745;FCA;46795;2015-05-11;http://www.rad.cvm.gov.br/ENETCONSULTA/frmDownloadDocumento.aspx?CodigoInstituicao=1&NumeroSequencialDocumento=46795
89.463.822/0001-12;2015-01-01;1;LUPATECH S.A;020060;FCA;43485;2015-01-14;http://www.rad.cvm.gov.br/ENETCONSULTA/frmDownloadDocumento.aspx?CodigoInstituicao=1&NumeroSequencialDocumento=43485
89.463.822/0001-12;2015-01-01;2;LUPATECH S.A;020060;FCA;48867;2015-06-30;http://www.rad.cvm.gov.br/ENETCONSULTA/frmDownloadDocumento.aspx?CodigoInstituicao=1&NumeroSequencialDocumento=48867
89.547.269/0001-04;2015-01-01;1;DIGITEL SA INDUSTRIA ELETRONICA;012858;FCA;46124;2015-04-24;http://www.rad.cvm.gov.br/ENETCONSULTA/frmDownloadDocumento.aspx?CodigoInstituicao=1&NumeroSequencialDocumento=46124
89.637.490/0001-45;2015-01-01;1;KLABIN S.A.;012653;FCA;43995;2015-02-11;http://www.rad.cvm.gov.br/ENETCONSULTA/frmDownloadDocumento.aspx?CodigoInstituicao=1&NumeroSequencialDocumento=43995
89.637.490/0001-45;2015-01-01;2;KLABIN S.A.;012653;FCA;46582;2015-05-07;http://www.rad.cvm.gov.br/ENETCONSULTA/frmDownloadDocumento.aspx?CodigoInstituicao=1&NumeroSequencialDocumento=46582
89.723.993/0001-33;2015-01-01;1;CONSTRUTORA SULTEPA S.A. - EM RECUPERAÇÃO JUDICIAL;013030;FCA;50514;2015-09-09;http://www.rad.cvm.gov.br/ENETCONSULTA/frmDownloadDocumento.aspx?CodigoInstituicao=1&NumeroSequencialDocumento=50514
89.723.993/0001-33;2015-01-01;2;CONSTRUTORA SULTEPA S.A. - EM RECUPERAÇÃO JUDICIAL;013030;FCA;51031;2015-10-21;http://www.rad.cvm.gov.br/ENETCONSULTA/frmDownloadDocumento.aspx?CodigoInstituicao=1&NumeroSequencialDocumento=51031
89.723.993/0001-33;2015-01-01;3;CONSTRUTORA SULTEPA S.A. - EM RECUPERAÇÃO JUDICIAL;013030;FCA;51397;2015-11-09;http://www.rad.cvm.gov.br/ENETCONSULTA/frmDownloadDocumento.aspx?CodigoInstituicao=1&NumeroSequencialDocumento=51397
89.723.993/0001-33;2015-01-01;4;CONSTRUTORA SULTEPA S.A. - EM RECUPERAÇÃO JUDICIAL;013030;FCA;52061;2015-11-17;http://www.rad.cvm.gov.br/ENETCONSULTA/frmDownloadDocumento.aspx?CodigoInstituicao=1&NumeroSequencialDocumento=52061
89.850.341/0001-60;2015-01-01;1;GRENDENE S.A.;019615;FCA;43622;2015-01-23;http://www.rad.cvm.gov.br/ENETCONSULTA/frmDownloadDocumento.aspx?CodigoInstituicao=1&NumeroSequencialDocumento=43622
89.850.341/0001-60;2015-01-01;2;GRENDENE S.A.;019615;FCA;46555;2015-05-07;http://www.rad.cvm.gov.br/ENETCONSULTA/frmDownloadDocumento.aspx?CodigoInstituicao=1&NumeroSequencialDocumento=46555
90.076.886/0001-40;2015-01-01;1;MINUPAR PARTICIPACOES S.A.;013765;FCA;44955;2015-03-13;http://www.rad.cvm.gov.br/ENETCONSULTA/frmDownloadDocumento.aspx?CodigoInstituicao=1&NumeroSequencialDocumento=44955
90.076.886/0001-40;2015-01-01;2;MINUPAR PARTICIPACOES S.A.;013765;FCA;46047;2015-04-20;http://www.rad.cvm.gov.br/ENETCONSULTA/frmDownloadDocumento.aspx?CodigoInstituicao=1&NumeroSequencialDocumento=46047
90.400.888/0001-42;2015-01-01;1;BCO SANTANDER (BRASIL) S.A.;020532;FCA;43705;2015-01-30;http://www.rad.cvm.gov.br/ENETCONSULTA/frmDownloadDocumento.aspx?CodigoInstituicao=1&NumeroSequencialDocumento=43705
90.400.888/0001-42;2015-01-01;2;BCO SANTANDER (BRASIL) S.A.;020532;FCA;46801;2015-05-11;http://www.rad.cvm.gov.br/ENETCONSULTA/frmDownloadDocumento.aspx?CodigoInstituicao=1&NumeroSequencialDocumento=46801
90.441.460/0001-48;2015-01-01;1;UNICASA INDÚSTRIA DE MÓVEIS S.A.;022780;FCA;45100;2015-03-19;http://www.rad.cvm.gov.br/ENETCONSULTA/frmDownloadDocumento.aspx?CodigoInstituicao=1&NumeroSequencialDocumento=45100
91.333.666/0001-17;2015-01-01;1;RECRUSUL S.A.;012572;FCA;44542;2015-03-03;http://www.rad.cvm.gov.br/ENETCONSULTA/frmDownloadDocumento.aspx?CodigoInstituicao=1&NumeroSequencialDocumento=44542
91.333.666/0001-17;2015-01-01;2;RECRUSUL S.A.;012572;FCA;47316;2015-05-15;http://www.rad.cvm.gov.br/ENETCONSULTA/frmDownloadDocumento.aspx?CodigoInstituicao=1&NumeroSequencialDocumento=47316
91.333.666/0001-17;2015-01-01;3;RECRUSUL S.A.;012572;FCA;50466;2015-09-03;http://www.rad.cvm.gov.br/ENETCONSULTA/frmDownloadDocumento.aspx?CodigoInstituicao=1&NumeroSequencialDocumento=50466
91.669.747/0001-92;2015-01-01;1;DM FINANCEIRA S.A. - CRÉDITO, FINANCIAMENTO E INVESTIMENTO;006076;FCA;43930;2015-02-09;http://www.rad.cvm.gov.br/ENETCONSULTA/frmDownloadDocumento.aspx?CodigoInstituicao=1&NumeroSequencialDocumento=43930
91.669.747/0001-92;2015-01-01;2;DM FINANCEIRA S.A. - CRÉDITO, FINANCIAMENTO E INVESTIMENTO;006076;FCA;44161;2015-02-20;http://www.rad.cvm.gov.br/ENETCONSULTA/frmDownloadDocumento.aspx?CodigoInstituicao=1&NumeroSequencialDocumento=44161
91.669.747/0001-92;2015-01-01;3;DM FINANCEIRA S.A. - CRÉDITO, FINANCIAMENTO E INVESTIMENTO;006076;FCA;47765;2015-05-27;http://www.rad.cvm.gov.br/ENETCONSULTA/frmDownloadDocumento.aspx?CodigoInstituicao=1&NumeroSequencialDocumento=47765
91.669.747/0001-92;2015-01-01;4;DM FINANCEIRA S.A. - CRÉDITO, FINANCIAMENTO E INVESTIMENTO;006076;FCA;49634;2015-08-11;http://www.rad.cvm.gov.br/ENETCONSULTA/frmDownloadDocumento.aspx?CodigoInstituicao=1&NumeroSequencialDocumento=49634
91.820.068/0001-72;2015-01-01;1;ÉVORA SA;013412;FCA;44216;2015-02-24;http://www.rad.cvm.gov.br/ENETCONSULTA/frmDownloadDocumento.aspx?CodigoInstituicao=1&NumeroSequencialDocumento=44216
91.820.068/0001-72;2015-01-01;2;ÉVORA SA;013412;FCA;51508;2015-11-11;http://www.rad.cvm.gov.br/ENETCONSULTA/frmDownloadDocumento.aspx?CodigoInstituicao=1&NumeroSequencialDocumento=51508
91.983.056/0001-69;2015-01-01;1;KEPLER WEBER S.A.;007870;FCA;43867;2015-02-06;http://www.rad.cvm.gov.br/ENETCONSULTA/frmDownloadDocumento.aspx?CodigoInstituicao=1&NumeroSequencialDocumento=43867
92.012.467/0001-70;2015-01-01;1;GRAZZIOTIN S.A.;004537;FCA;43667;2015-01-28;http://www.rad.cvm.gov.br/ENETCONSULTA/frmDownloadDocumento.aspx?CodigoInstituicao=1&NumeroSequencialDocumento=43667
92.012.467/0001-70;2015-01-01;2;GRAZZIOTIN S.A.;004537;FCA;45959;2015-04-14;http://www.rad.cvm.gov.br/ENETCONSULTA/frmDownloadDocumento.aspx?CodigoInstituicao=1&NumeroSequencialDocumento=45959
92.660.570/0001-26;2015-01-01;1;TREVISA INVESTIMENTOS S.A.;008192;FCA;45127;2015-03-20;http://www.rad.cvm.gov.br/ENETCONSULTA/frmDownloadDocumento.aspx?CodigoInstituicao=1&NumeroSequencialDocumento=45127
92.660.570/0001-26;2015-01-01;2;TREVISA INVESTIMENTOS S.A.;008192;FCA;47859;2015-05-28;http://www.rad.cvm.gov.br/ENETCONSULTA/frmDownloadDocumento.aspx?CodigoInstituicao=1&NumeroSequencialDocumento=47859
92.665.611/0001-77;2015-01-01;1;DIMED S.A. DISTRIBUIDORA DE MEDICAMENTOS;009342;FCA;45432;2015-03-27;http://www.rad.cvm.gov.br/ENETCONSULTA/frmDownloadDocumento.aspx?CodigoInstituicao=1&NumeroSequencialDocumento=45432
92.690.783/0001-09;2015-01-01;1;METALURGICA GERDAU S.A.;008656;FCA;43304;2015-01-06;http://www.rad.cvm.gov.br/ENETCONSULTA/frmDownloadDocumento.aspx?CodigoInstituicao=1&NumeroSequencialDocumento=43304
92.690.783/0001-09;2015-01-01;2;METALURGICA GERDAU S.A.;008656;FCA;49104;2015-07-16;http://www.rad.cvm.gov.br/ENETCONSULTA/frmDownloadDocumento.aspx?CodigoInstituicao=1&NumeroSequencialDocumento=49104
92.693.019/0001-89;2015-01-01;1;PANATLANTICA S.A.;000094;FCA;44744;2015-03-05;http://www.rad.cvm.gov.br/ENETCONSULTA/frmDownloadDocumento.aspx?CodigoInstituicao=1&NumeroSequencialDocumento=44744
92.693.019/0001-89;2015-01-01;2;PANATLANTICA S.A.;000094;FCA;48069;2015-05-29;http://www.rad.cvm.gov.br/ENETCONSULTA/frmDownloadDocumento.aspx?CodigoInstituicao=1&NumeroSequencialDocumento=48069
92.702.067/0001-96;2015-01-01;1;BCO ESTADO DO RIO GRANDE DO SUL S.A.;001210;FCA;43630;2015-01-26;http://www.rad.cvm.gov.br/ENETCONSULTA/frmDownloadDocumento.aspx?CodigoInstituicao=1&NumeroSequencialDocumento=43630
92.702.067/0001-96;2015-01-01;2;BCO ESTADO DO RIO GRANDE DO SUL S.A.;001210;FCA;46874;2015-05-12;http://www.rad.cvm.gov.br/ENETCONSULTA/frmDownloadDocumento.aspx?CodigoInstituicao=1&NumeroSequencialDocumento=46874
92.715.812/0001-31;2015-01-01;1;CIA ESTADUAL DE TRANSMISSÃO DE ENERGIA ELETRICA - CEEE-T;003204;FCA;43505;2015-01-15;http://www.rad.cvm.gov.br/ENETCONSULTA/frmDownloadDocumento.aspx?CodigoInstituicao=1&NumeroSequencialDocumento=43505
92.715.812/0001-31;2015-01-01;2;CIA ESTADUAL DE TRANSMISSÃO DE ENERGIA ELETRICA - CEEE-T;003204;FCA;43692;2015-01-29;http://www.rad.cvm.gov.br/ENETCONSULTA/frmDownloadDocumento.aspx?CodigoInstituicao=1&NumeroSequencialDocumento=43692
92.715.812/0001-31;2015-01-01;3;CIA ESTADUAL DE TRANSMISSÃO DE ENERGIA ELETRICA - CEEE-T;003204;FCA;46773;2015-05-11;http://www.rad.cvm.gov.br/ENETCONSULTA/frmDownloadDocumento.aspx?CodigoInstituicao=1&NumeroSequencialDocumento=46773
92.721.232/0001-57;2015-01-01;1;BANRISUL ARMAZENS GERAIS SA;015822;FCA;45010;2015-03-17;http://www.rad.cvm.gov.br/ENETCONSULTA/frmDownloadDocumento.aspx?CodigoInstituicao=1&NumeroSequencialDocumento=45010
92.721.232/0001-57;2015-01-01;2;BANRISUL ARMAZENS GERAIS SA;015822;FCA;46016;2015-04-17;http://www.rad.cvm.gov.br/ENETCONSULTA/frmDownloadDocumento.aspx?CodigoInstituicao=1&NumeroSequencialDocumento=46016
92.721.232/0001-57;2015-01-01;3;BANRISUL ARMAZENS GERAIS SA;015822;FCA;46259;2015-04-30;http://www.rad.cvm.gov.br/ENETCONSULTA/frmDownloadDocumento.aspx?CodigoInstituicao=1&NumeroSequencialDocumento=46259
92.721.232/0001-57;2015-01-01;4;BANRISUL ARMAZENS GERAIS SA;015822;FCA;46453;2015-05-06;http://www.rad.cvm.gov.br/ENETCONSULTA/frmDownloadDocumento.aspx?CodigoInstituicao=1&NumeroSequencialDocumento=46453
92.721.232/0001-57;2015-01-01;5;BANRISUL ARMAZENS GERAIS SA;015822;FCA;47853;2015-05-28;http://www.rad.cvm.gov.br/ENETCONSULTA/frmDownloadDocumento.aspx?CodigoInstituicao=1&NumeroSequencialDocumento=47853
92.721.232/0001-57;2015-01-01;6;BANRISUL ARMAZENS GERAIS SA;015822;FCA;50326;2015-08-20;http://www.rad.cvm.gov.br/ENETCONSULTA/frmDownloadDocumento.aspx?CodigoInstituicao=1&NumeroSequencialDocumento=50326
92.749.225/0001-63;2015-01-01;1;HERCULES S.A. FABRICA DE TALHERES;006629;FCA;45819;2015-04-06;http://www.rad.cvm.gov.br/ENETCONSULTA/frmDownloadDocumento.aspx?CodigoInstituicao=1&NumeroSequencialDocumento=45819
92.749.225/0001-63;2015-01-01;2;HERCULES S.A. FABRICA DE TALHERES;006629;FCA;52324;2015-12-04;http://www.rad.cvm.gov.br/ENETCONSULTA/frmDownloadDocumento.aspx?CodigoInstituicao=1&NumeroSequencialDocumento=52324
92.754.738/0001-62;2015-01-01;1;LOJAS RENNER S.A.;008133;FCA;44025;2015-02-12;http://www.rad.cvm.gov.br/ENETCONSULTA/frmDownloadDocumento.aspx?CodigoInstituicao=1&NumeroSequencialDocumento=44025
92.754.738/0001-62;2015-01-01;2;LOJAS RENNER S.A.;008133;FCA;45083;2015-03-19;http://www.rad.cvm.gov.br/ENETCONSULTA/frmDownloadDocumento.aspx?CodigoInstituicao=1&NumeroSequencialDocumento=45083
92.781.335/0001-02;2015-01-01;1;TAURUS ARMAS S.A.;006173;FCA;43286;2015-01-05;http://www.rad.cvm.gov.br/ENETCONSULTA/frmDownloadDocumento.aspx?CodigoInstituicao=1&NumeroSequencialDocumento=43286
92.781.335/0001-02;2015-01-01;2;TAURUS ARMAS S.A.;006173;FCA;43756;2015-02-03;http://www.rad.cvm.gov.br/ENETCONSULTA/frmDownloadDocumento.aspx?CodigoInstituicao=1&NumeroSequencialDocumento=43756
92.781.335/0001-02;2015-01-01;3;TAURUS ARMAS S.A.;006173;FCA;43757;2015-02-03;http://www.rad.cvm.gov.br/ENETCONSULTA/frmDownloadDocumento.aspx?CodigoInstituicao=1&NumeroSequencialDocumento=43757
92.781.335/0001-02;2015-01-01;4;TAURUS ARMAS S.A.;006173;FCA;50877;2015-10-08;http://www.rad.cvm.gov.br/ENETCONSULTA/frmDownloadDocumento.aspx?CodigoInstituicao=1&NumeroSequencialDocumento=50877
92.781.335/0001-02;2015-01-01;5;TAURUS ARMAS S.A.;006173;FCA;52404;2015-12-10;http://www.rad.cvm.gov.br/ENETCONSULTA/frmDownloadDocumento.aspx?CodigoInstituicao=1&NumeroSequencialDocumento=52404
92.781.335/0001-02;2015-01-01;6;TAURUS ARMAS S.A.;006173;FCA;52406;2015-12-10;http://www.rad.cvm.gov.br/ENETCONSULTA/frmDownloadDocumento.aspx?CodigoInstituicao=1&NumeroSequencialDocumento=52406
92.791.243/0001-03;2015-01-01;1;IRANI PAPEL E EMBALAGEM S.A.;002429;FCA;43339;2015-01-07;http://www.rad.cvm.gov.br/ENETCONSULTA/frmDownloadDocumento.aspx?CodigoInstituicao=1&NumeroSequencialDocumento=43339
92.791.243/0001-03;2015-01-01;2;IRANI PAPEL E EMBALAGEM S.A.;002429;FCA;47897;2015-05-28;http://www.rad.cvm.gov.br/ENETCONSULTA/frmDownloadDocumento.aspx?CodigoInstituicao=1&NumeroSequencialDocumento=47897
92.791.243/0001-03;2015-01-01;3;IRANI PAPEL E EMBALAGEM S.A.;002429;FCA;49128;2015-07-20;http://www.rad.cvm.gov.br/ENETCONSULTA/frmDownloadDocumento.aspx?CodigoInstituicao=1&NumeroSequencialDocumento=49128
92.802.784/0001-90;2015-01-01;1;CIA RIOGRANDENSE DE SANEAMENTO;016748;FCA;43463;2015-01-13;http://www.rad.cvm.gov.br/ENETCONSULTA/frmDownloadDocumento.aspx?CodigoInstituicao=1&NumeroSequencialDocumento=43463
92.802.784/0001-90;2015-01-01;2;CIA RIOGRANDENSE DE SANEAMENTO;016748;FCA;43710;2015-01-30;http://www.rad.cvm.gov.br/ENETCONSULTA/frmDownloadDocumento.aspx?CodigoInstituicao=1&NumeroSequencialDocumento=43710
92.802.784/0001-90;2015-01-01;3;CIA RIOGRANDENSE DE SANEAMENTO;016748;FCA;48043;2015-05-29;http://www.rad.cvm.gov.br/ENETCONSULTA/frmDownloadDocumento.aspx?CodigoInstituicao=1&NumeroSequencialDocumento=48043
92.859.974/0001-43;2015-01-01;1;ALTUS SISTEMAS DE AUTOMAÇÃO S.A.;023183;FCA;45049;2015-03-18;http://www.rad.cvm.gov.br/ENETCONSULTA/frmDownloadDocumento.aspx?CodigoInstituicao=1&NumeroSequencialDocumento=45049
92.859.974/0001-43;2015-01-01;2;ALTUS SISTEMAS DE AUTOMAÇÃO S.A.;023183;FCA;49151;2015-07-21;http://www.rad.cvm.gov.br/ENETCONSULTA/frmDownloadDocumento.aspx?CodigoInstituicao=1&NumeroSequencialDocumento=49151
92.859.974/0001-43;2015-01-01;3;ALTUS SISTEMAS DE AUTOMAÇÃO S.A.;023183;FCA;49700;2015-08-12;http://www.rad.cvm.gov.br/ENETCONSULTA/frmDownloadDocumento.aspx?CodigoInstituicao=1&NumeroSequencialDocumento=49700
92.929.520/0001-00;2015-01-01;1;SPRINGER S.A.;010960;FCA;44756;2015-03-05;http://www.rad.cvm.gov.br/ENETCONSULTA/frmDownloadDocumento.aspx?CodigoInstituicao=1&NumeroSequencialDocumento=44756
92.929.520/0001-00;2015-01-01;2;SPRINGER S.A.;010960;FCA;47721;2015-05-26;http://www.rad.cvm.gov.br/ENETCONSULTA/frmDownloadDocumento.aspx?CodigoInstituicao=1&NumeroSequencialDocumento=47721
93.828.986/0001-73;2015-01-01;1;CEMEPE INVESTIMENTOS S.A.;013854;FCA;45506;2015-03-30;http://www.rad.cvm.gov.br/ENETCONSULTA/frmDownloadDocumento.aspx?CodigoInstituicao=1&NumeroSequencialDocumento=45506
93.828.986/0001-73;2015-01-01;2;CEMEPE INVESTIMENTOS S.A.;013854;FCA;47819;2015-05-28;http://www.rad.cvm.gov.br/ENETCONSULTA/frmDownloadDocumento.aspx?CodigoInstituicao=1&NumeroSequencialDocumento=47819
95.426.862/0001-97;2015-01-01;1;EXCELSIOR ALIMENTOS S.A.;001570;FCA;44996;2015-03-16;http://www.rad.cvm.gov.br/ENETCONSULTA/frmDownloadDocumento.aspx?CodigoInstituicao=1&NumeroSequencialDocumento=44996
95.426.862/0001-97;2015-01-01;2;EXCELSIOR ALIMENTOS S.A.;001570;FCA;47699;2015-05-25;http://www.rad.cvm.gov.br/ENETCONSULTA/frmDownloadDocumento.aspx?CodigoInstituicao=1&NumeroSequencialDocumento=47699
97.191.902/0001-94;2015-01-01;1;CONSERVAS ODERICH S.A.;004693;FCA;45401;2015-03-27;http://www.rad.cvm.gov.br/ENETCONSULTA/frmDownloadDocumento.aspx?CodigoInstituicao=1&NumeroSequencialDocumento=45401
97.191.902/0001-94;2015-01-01;2;CONSERVAS ODERICH S.A.;004693;FCA;47615;2015-05-20;http://www.rad.cvm.gov.br/ENETCONSULTA/frmDownloadDocumento.aspx?CodigoInstituicao=1&NumeroSequencialDocumento=47615
97.837.181/0001-47;2015-01-01;1;DEXCO S.A.;021091;FCA;43704;2015-01-30;http://www.rad.cvm.gov.br/ENETCONSULTA/frmDownloadDocumento.aspx?CodigoInstituicao=1&NumeroSequencialDocumento=43704
