CNPJ_Companhia;Data_Referencia;Versao;ID_Documento;Nome_Empresarial;Valor_Mobiliario;Sigla_Classe_Acao_Preferencial;Classe_Acao_Preferencial;Codigo_Negociacao;Composicao_BDR_Unit;Mercado;Sigla_Entidade_Administradora;Entidade_Administradora;Data_Inicio_Negociacao;Data_Fim_Negociacao;Segmento;Data_Inicio_Listagem;Data_Fim_Listagem
00.000.000/0001-91;2016-01-01;4;59704;BANCO DO BRASIL S.A.;Ações Ordinárias;;;;;Bolsa;BM&FBOVESPA;BM&FBOVESPA S.A. - Bolsa de Valores, Mercadorias e Futuros;2006-05-31;;Nível 1 de Governança Corporativa;1977-07-20;
00.000.208/0001-00;2016-01-01;2;59553;BRB-BANCO DE BRASILIA SA;Ações Ordinárias;;;;;Bolsa;BM&FBOVESPA;BM&FBOVESPA S.A. - Bolsa de Valores, Mercadorias e Futuros;2010-01-01;;Nível 2 de Governança Corporativa;2010-01-01;
00.001.180/0001-26;2016-01-01;1;52789;CENTRAIS ELETRICAS BRASILEIRAS SA;Ações Ordinárias;;;;;Bolsa;BM&FBOVESPA;BM&FBOVESPA S.A. - Bolsa de Valores, Mercadorias e Futuros;2006-09-26;;Bovespa Mais;1983-09-01;
00.070.698/0001-11;2016-01-01;3;55402;COMPANHIA ENERGÉTICA DE BRASÍLIA - CEB;Ações Ordinárias;;;;;Bolsa;BM&FBOVESPA;BM&FBOVESPA S.A. - Bolsa de Valores, Mercadorias e Futuros;1994-07-04;;Nível 2 de Governança Corporativa;1994-07-04;
00.185.475/0001-08;2016-01-01;3;59484;PARCOM PARTICIPACOES SA;Ações Ordinárias;;;;;Balcão Organizado;BM&FBOVESPA;BM&FBOVESPA S.A. - Bolsa de Valores, Mercadorias e Futuros;1998-06-17;;;1998-06-17;
00.192.769/0001-59;2016-01-01;2;59616;NEUMARKT TRADE AND FINANCIAL CENTER S/A;Debêntures;;;;;Balcão Não-Organizado;;;;;;1998-04-07;
00.249.786/0001-85;2016-01-01;2;57950;FORPART S.A. - EM LIQUIDAÇÃO;Ações Ordinárias;;;;;Balcão Não-Organizado;;;;;;1995-02-21;
00.272.185/0001-93;2016-01-01;2;57567;CIMS SA;Ações Ordinárias;;;;;Bolsa;BM&FBOVESPA;BM&FBOVESPA S.A. - Bolsa de Valores, Mercadorias e Futuros;1995-03-14;;Nível 2 de Governança Corporativa;1995-03-14;
00.336.701/0001-04;2016-01-01;8;61186;TELEC. BRASILEIRAS S.A. - TELEBRÁS;Ações Ordinárias;;;;;Bolsa;BM&FBOVESPA;BM&FBOVESPA S.A. - Bolsa de Valores, Mercadorias e Futuros;1989-03-01;;Nível 2 de Governança Corporativa;1989-03-01;
00.354.053/0001-00;2016-01-01;2;56286;Kosmos Comércio de Vestuário S/A - Em Recuperação Judicial;Ações Ordinárias;;;;;Balcão Organizado;BM&FBOVESPA;BM&FBOVESPA S.A. - Bolsa de Valores, Mercadorias e Futuros;1995-10-09;;;1995-10-09;
00.359.742/0001-08;2016-01-01;2;55979;ATOM Participações S.A. - Em Recuperação Judicial;Ações Ordinárias;;;;;;;;;;;;
00.514.998/0001-42;2016-01-01;2;57936;ELETRON SA;Ações Ordinárias;;;;;Balcão Organizado;BM&FBOVESPA;BM&FBOVESPA S.A. - Bolsa de Valores, Mercadorias e Futuros;1999-05-11;;;1999-05-11;
00.545.378/0001-70;2016-01-01;2;56678;SERRA AZUL WATER PARK SA;Ações Ordinárias;;;;;Balcão Não-Organizado;;;;;;1995-07-26;2010-04-30
00.622.416/0001-41;2016-01-01;5;58596;STATKRAFT ENERGIAS RENOVÁVEIS S/A;Ações Ordinárias;;;;;Bolsa;BM&FBOVESPA;BM&FBOVESPA S.A. - Bolsa de Valores, Mercadorias e Futuros;2011-10-03;;;2011-09-19;
00.644.907/0001-93;2016-01-01;2;61474;INVESTCO S/A;Ações Ordinárias;;;;;Bolsa;BM&FBOVESPA;BM&FBOVESPA S.A. - Bolsa de Valores, Mercadorias e Futuros;2000-02-04;;Nível 2 de Governança Corporativa;2000-02-04;
00.743.065/0001-27;2016-01-01;1;53967;LITEL PARTICIPACOES SA;Ações Ordinárias;;;;;Balcão Organizado;BM&FBOVESPA;BM&FBOVESPA S.A. - Bolsa de Valores, Mercadorias e Futuros;2000-10-18;;;2000-10-18;
00.776.574/0001-56;2016-01-01;3;56526;B2W - COMPANHIA DIGITAL;Ações Ordinárias;;;;;Bolsa;BM&FBOVESPA;BM&FBOVESPA S.A. - Bolsa de Valores, Mercadorias e Futuros;2007-08-08;;Nível 1 de Governança Corporativa;2007-08-08;
00.864.214/0001-06;2016-01-01;3;58550;ENERGISA SA;Ações Ordinárias;;;;;Bolsa;BM&FBOVESPA;BM&FBOVESPA S.A. - Bolsa de Valores, Mercadorias e Futuros;2016-07-28;;Bovespa Mais N2;2016-07-28;
00.864.214/0001-06;2016-01-01;3;58550;ENERGISA SA;Bônus de Subscrição;;;;;Bolsa;BM&FBOVESPA;BM&FBOVESPA S.A. - Bolsa de Valores, Mercadorias e Futuros;2016-07-28;;;2016-07-28;
00.864.214/0001-06;2016-01-01;3;58550;ENERGISA SA;Debêntures;;;;;Bolsa;BM&FBOVESPA;BM&FBOVESPA S.A. - Bolsa de Valores, Mercadorias e Futuros;2010-10-15;;;2010-10-15;
00.866.577/0001-80;2016-01-01;2;56989;SAUIPE SA;Ações Ordinárias;;;;;;;;;;;;
00.897.864/0001-58;2016-01-01;2;103036;SANTA CATARINA PART INVEST SA;Debêntures;;;;;Balcão Organizado;BM&FBOVESPA;BM&FBOVESPA S.A. - Bolsa de Valores, Mercadorias e Futuros;1995-12-14;1995-12-14;;1995-12-14;1995-12-14
00.924.429/0001-75;2016-01-01;1;52703;FERROVIA CENTRO ATLANTICA SA;Ações Ordinárias;;;;;Bolsa;BM&FBOVESPA;BM&FBOVESPA S.A. - Bolsa de Valores, Mercadorias e Futuros;1996-02-14;;Nível 2 de Governança Corporativa;1996-02-14;
00.924.432/0001-99;2016-01-01;5;60060;HOPI HARI SA;Debêntures;;;;;Balcão Organizado;CETIP;CETIP;1997-03-10;;;1997-03-10;
00.938.574/0001-05;2016-01-01;2;55460;CONCESSIONARIA RIO-TERESOPOLIS SA;Debêntures Conversíveis;;;;;Bolsa;BM&FBOVESPA;BM&FBOVESPA S.A. - Bolsa de Valores, Mercadorias e Futuros;2001-12-26;;;2001-12-26;
00.994.533/0001-36;2016-01-01;4;61396;COMERCIAL QUINTELLA COM EXP SA EM LIQUIDAÇÃO;Debêntures;;;;;Balcão Não-Organizado;;;;;;2016-11-30;2016-12-01
01.027.058/0001-91;2016-01-01;3;60029;CIELO S.A.;Ações Ordinárias;;;;;Bolsa;BM&FBOVESPA;BM&FBOVESPA S.A. - Bolsa de Valores, Mercadorias e Futuros;2009-06-29;;Nível 1 de Governança Corporativa;2009-06-29;
01.083.200/0001-18;2016-01-01;3;57931;NEOENERGIA S.A;Ações Ordinárias;;;;;Bolsa;BM&FBOVESPA;BM&FBOVESPA S.A. - Bolsa de Valores, Mercadorias e Futuros;1996-06-21;;Nível 2 de Governança Corporativa;1996-08-08;
01.104.937/0001-70;2016-01-01;1;54768;ELETROBRÁS PARTICIPAÇÕES S.A. - ELETROPAR;Ações Ordinárias;;;;;Bolsa;BM&FBOVESPA;BM&FBOVESPA S.A. - Bolsa de Valores, Mercadorias e Futuros;1996-09-30;;Nível 2 de Governança Corporativa;1996-09-30;
01.258.943/0001-81;2016-01-01;1;54325;ITAITINGA PARTICIPACOES SA;Ações Ordinárias;;;;;;;;;;;;
01.258.944/0001-26;2016-01-01;1;54425;ALL - AMÉRICA LATINA LOGÍSTICA MALHA SUL S.A.;Debêntures;;;;;Balcão Organizado;CETIP;CETIP;2000-02-09;;;2000-02-09;
01.258.945/0001-70;2016-01-01;1;54317;GRUÇAI PARTICIPAÇÕES SA;Ações Ordinárias;;;;;;;;;;;;
01.417.222/0001-77;2016-01-01;2;56643;MRS LOGÍSTICA S/A;Ações Ordinárias;;;;;Balcão Organizado;BM&FBOVESPA;BM&FBOVESPA S.A. - Bolsa de Valores, Mercadorias e Futuros;1998-12-18;;;1998-12-18;
01.417.222/0001-77;2016-01-01;2;56643;MRS LOGÍSTICA S/A;Debêntures;;;;;Balcão Organizado;CETIP;CETIP;2000-10-11;;;2000-10-11;
01.545.826/0001-07;2016-01-01;1;52937;GAFISA SA;Ações Ordinárias;;;;;Bolsa;BM&FBOVESPA;BM&FBOVESPA S.A. - Bolsa de Valores, Mercadorias e Futuros;2008-04-01;;Nível 1 de Governança Corporativa;2006-02-17;
01.545.826/0001-07;2016-01-01;1;52937;GAFISA SA;Debêntures;;;;;Balcão Organizado;CETIP;CETIP;2008-05-05;;;2008-05-05;
01.548.981/0001-79;2016-01-01;1;53115;INVESTIMENTOS BEMGE S.A.;Ações Ordinárias;;;;;Bolsa;BM&FBOVESPA;BM&FBOVESPA S.A. - Bolsa de Valores, Mercadorias e Futuros;1977-07-20;;Nível 2 de Governança Corporativa;1977-07-20;
01.608.571/0001-76;2016-01-01;2;57942;BELAPART SA;Ações Ordinárias;;;;;Balcão Não-Organizado;;;;;;1998-04-23;
01.616.929/0001-02;2016-01-01;5;59562;SANEAMENTO DE GOIAS SA;Debêntures;;;;;Balcão Organizado;CETIP;CETIP;2015-08-07;;;2015-08-07;
01.838.723/0001-27;2016-01-01;4;58150;BRF SA;Ações Ordinárias;;;;;Bolsa;BM&FBOVESPA;BM&FBOVESPA S.A. - Bolsa de Valores, Mercadorias e Futuros;2006-02-17;;Nível 1 de Governança Corporativa;2006-02-17;
01.851.771/0001-55;2016-01-01;4;58012;524 PARTICIPAÇOES SA;Ações Ordinárias;;;;;Balcão Não-Organizado;;;;;;1997-05-30;
01.896.779/0001-38;2016-01-01;2;55073;CSU CARDSYSTEM S/A;Ações Ordinárias;;;;;Bolsa;BM&FBOVESPA;BM&FBOVESPA S.A. - Bolsa de Valores, Mercadorias e Futuros;2006-05-02;;Nível 1 de Governança Corporativa;2006-05-02;
01.917.705/0001-30;2016-01-01;3;55085;AES ELPA SA;Ações Ordinárias;;;;;Bolsa;BM&FBOVESPA;BM&FBOVESPA S.A. - Bolsa de Valores, Mercadorias e Futuros;2002-11-06;;Nível 2 de Governança Corporativa;2002-11-06;
01.938.783/0001-11;2016-01-01;2;55795;CIA DE PARTICIPAÇÕES ALIANÇA DA BAHIA;Ações Ordinárias;;;;;Bolsa;BM&FBOVESPA;BM&FBOVESPA S.A. - Bolsa de Valores, Mercadorias e Futuros;2000-07-26;;Nível 2 de Governança Corporativa;2000-07-26;
01.957.772/0001-89;2016-01-01;1;53912;SUL 116 PARTICIPAÇÕES S.A.;Ações Ordinárias;;;;;Balcão Organizado;BM&FBOVESPA;BM&FBOVESPA S.A. - Bolsa de Valores, Mercadorias e Futuros;1998-02-20;;;1997-09-03;
01.971.614/0001-83;2016-01-01;2;59882;EMP.NAC.C., RÉDITO E PART. S.A. ENCORPAR;Ações Ordinárias;;;;;Bolsa;BM&FBOVESPA;BM&FBOVESPA S.A. - Bolsa de Valores, Mercadorias e Futuros;1997-10-07;;Nível 2 de Governança Corporativa;1997-10-07;
02.016.439/0001-38;2016-01-01;1;53411;RIO GRANDE ENERGIA SA;Debêntures;;;;;Balcão Organizado;CETIP;CETIP;2005-05-10;;;2005-05-10;
02.062.747/0001-08;2016-01-01;2;57944;SUDESTE SA;Ações Ordinárias;;;;;Balcão Organizado;BM&FBOVESPA;BM&FBOVESPA S.A. - Bolsa de Valores, Mercadorias e Futuros;1997-11-26;;;1997-11-26;
02.084.220/0001-76;2016-01-01;3;60262;Numeral 80 Participações S.A.;Ações Ordinárias;;;;;Bolsa;BM&FBOVESPA;BM&FBOVESPA S.A. - Bolsa de Valores, Mercadorias e Futuros;2007-10-24;;Nível 2 de Governança Corporativa;2007-10-24;
02.105.040/0001-23;2016-01-01;3;55581;CIBRASEC CIA BRASILEIRA DE SECURITIZAÇÃO;Certificados de Recebíveis Imobiliários;;;;;Balcão Organizado;CETIP;CETIP;1999-11-23;;;1999-11-23;
02.117.801/0001-67;2016-01-01;1;53968;BONAIRE PARTICIPAÇOES SA;Ações Ordinárias;;;;;Balcão Organizado;BM&FBOVESPA;BM&FBOVESPA S.A. - Bolsa de Valores, Mercadorias e Futuros;2000-10-18;;;2000-10-18;
02.149.205/0001-69;2016-01-01;1;53159;PORTO SEGURO SA;Ações Ordinárias;;;;;Bolsa;BM&FBOVESPA;BM&FBOVESPA S.A. - Bolsa de Valores, Mercadorias e Futuros;2004-10-27;;Nível 1 de Governança Corporativa;2004-10-27;
02.162.616/0001-94;2016-01-01;2;61203;UPTICK PARTICIPACOES SA;Ações Ordinárias;;;;;Balcão Organizado;BM&FBOVESPA;BM&FBOVESPA S.A. - Bolsa de Valores, Mercadorias e Futuros;2000-10-18;;;2000-10-18;
02.193.750/0001-52;2016-01-01;1;53671;GPC PARTICIPACOES SA;Ações Ordinárias;;;;;Bolsa;BM&FBOVESPA;BM&FBOVESPA S.A. - Bolsa de Valores, Mercadorias e Futuros;1997-11-20;;Nível 2 de Governança Corporativa;1997-11-20;
02.217.319/0001-07;2016-01-01;2;57945;ALEF SA;Ações Ordinárias;;;;;Balcão Não-Organizado;;;;;;1997-12-08;
02.258.422/0001-97;2016-01-01;4;59457;INEPAR EQUIPAMENTOS E MONTAGENS S.A.-EM RECUPERAÇÃO JUDICIAL;Ações Ordinárias;;;;;;;;1998-10-23;2004-04-26;;;
02.291.077/0001-93;2016-01-01;8;60506;PRODUTORES ENERGETICOS DE MANSO SA;Debêntures Conversíveis;;;;;Balcão Organizado;CETIP;CETIP;2002-02-07;;;2002-02-07;
02.302.100/0001-06;2016-01-01;2;58235;BANDEIRANTE ENERGIA S/A;Debêntures;;;;;Balcão Organizado;CETIP;CETIP;2014-04-30;;;2014-04-30;
02.302.101/0001-42;2016-01-01;1;52689;EMAE-EMP.METROPOLITANA ÁGUAS ENERGIA S.A;Ações Ordinárias;;;;;Bolsa;BM&FBOVESPA;BM&FBOVESPA S.A. - Bolsa de Valores, Mercadorias e Futuros;1998-03-31;;Nível 1 de Governança Corporativa;1998-03-27;
02.318.346/0001-68;2016-01-01;2;57953;OPPORTUNITY ENERGIA E PARTICIPAÇÕES S.A.;Ações Ordinárias;;;;;Balcão Organizado;BM&FBOVESPA;BM&FBOVESPA S.A. - Bolsa de Valores, Mercadorias e Futuros;1999-10-22;;;1999-10-22;
02.328.280/0001-97;2016-01-01;3;59497;ELEKTRO REDES S.A.;Ações Ordinárias;;;;;Bolsa;BM&FBOVESPA;BM&FBOVESPA S.A. - Bolsa de Valores, Mercadorias e Futuros;1998-07-08;;Nível 2 de Governança Corporativa;1998-07-08;
02.328.280/0001-97;2016-01-01;3;59497;ELEKTRO REDES S.A.;Debêntures;;;;;Balcão Organizado;CETIP;CETIP;2005-10-24;;;2005-10-24;
02.338.534/0001-58;2016-01-01;1;53786;LONGDIS SA;Ações Ordinárias;;;;;Balcão Organizado;BM&FBOVESPA;BM&FBOVESPA S.A. - Bolsa de Valores, Mercadorias e Futuros;1998-07-22;;;1998-06-30;
02.351.144/0001-18;2016-01-01;1;52778;TEGMA GESTÃO LOGÍSTICA SA;Ações Ordinárias;;;;;Bolsa;BM&FBOVESPA;BM&FBOVESPA S.A. - Bolsa de Valores, Mercadorias e Futuros;2007-08-03;;Nível 1 de Governança Corporativa;2007-08-03;
02.363.917/0001-86;2016-01-01;1;53218;RET PARTICIPAÇÕES S/A;Ações Ordinárias;;;;;Balcão Organizado;BM&FBOVESPA;BM&FBOVESPA S.A. - Bolsa de Valores, Mercadorias e Futuros;1998-06-09;;;1998-05-28;
02.363.918/0001-20;2016-01-01;1;53906;ZAIN PARTICIPAÇÕES S/A;Ações Ordinárias;;;;;Balcão Organizado;BM&FBOVESPA;BM&FBOVESPA S.A. - Bolsa de Valores, Mercadorias e Futuros;1998-06-18;;;1998-06-15;
02.365.069/0001-44;2016-01-01;2;54357;IDEIASNET SA;Ações Ordinárias;;;;;Bolsa;BM&FBOVESPA;BM&FBOVESPA S.A. - Bolsa de Valores, Mercadorias e Futuros;2008-01-15;;Nível 1 de Governança Corporativa;2000-06-08;
02.387.241/0001-60;2016-01-01;7;61079;RUMO S.A.;Debêntures;;;;;Balcão Organizado;CETIP;CETIP;2000-11-24;;;2000-11-24;
02.415.408/0001-50;2016-01-01;2;53481;CONCESSIONARIA DE RODOVIAS DO OESTE DE SP-VIA OESTE SA;Debêntures;;;;;Balcão Organizado;BM&FBOVESPA;BM&FBOVESPA S.A. - Bolsa de Valores, Mercadorias e Futuros;2007-07-27;;;2007-07-27;
02.415.408/0001-50;2016-01-01;2;53481;CONCESSIONARIA DE RODOVIAS DO OESTE DE SP-VIA OESTE SA;Nota Comercial;;;;;Balcão Organizado;CETIP;CETIP;2013-10-11;;;2013-10-11;
02.429.144/0001-93;2016-01-01;1;54171;CPFL ENERGIA SA;Ações Ordinárias;;;;;Bolsa;BM&FBOVESPA;BM&FBOVESPA S.A. - Bolsa de Valores, Mercadorias e Futuros;2004-09-29;;Nível 1 de Governança Corporativa;2004-09-29;
02.429.144/0001-93;2016-01-01;1;54171;CPFL ENERGIA SA;Debêntures;;;;;Balcão Organizado;CETIP;CETIP;2000-05-19;;;2000-05-18;
02.451.848/0001-62;2016-01-01;5;53642;CONCESSIONÁRIA SO SISTEMA ANHANGUERA BANDEIRANTES S/A;Debêntures;;;;;Bolsa;BM&FBOVESPA;BM&FBOVESPA S.A. - Bolsa de Valores, Mercadorias e Futuros;2006-08-01;;;2006-08-01;
02.451.848/0001-62;2016-01-01;5;53642;CONCESSIONÁRIA SO SISTEMA ANHANGUERA BANDEIRANTES S/A;Debêntures;;;;;Balcão Organizado;CETIP;CETIP;2006-08-01;;;2006-08-01;
02.465.783/0001-04;2016-01-01;1;53909;FUTURETEL SA;Ações Ordinárias;;;;;Balcão Organizado;BM&FBOVESPA;BM&FBOVESPA S.A. - Bolsa de Valores, Mercadorias e Futuros;1998-07-02;;;1998-07-02;
02.474.103/0001-19;2016-01-01;3;60436;ENGIE BRASIL ENERGIA S.A.;Ações Ordinárias;;;;;Bolsa;BM&FBOVESPA;BM&FBOVESPA S.A. - Bolsa de Valores, Mercadorias e Futuros;2005-11-16;;Nível 1 de Governança Corporativa;1998-05-28;
02.474.103/0001-19;2016-01-01;3;60436;ENGIE BRASIL ENERGIA S.A.;Debêntures;;;;;Balcão Organizado;CETIP;CETIP;2014-12-15;;;2014-12-15;
02.476.710/0001-18;2016-01-01;1;53783;TELINVEST SA;Ações Ordinárias;;;;;Balcão Organizado;BM&FBOVESPA;BM&FBOVESPA S.A. - Bolsa de Valores, Mercadorias e Futuros;1998-06-18;;;1998-06-18;
02.509.186/0001-34;2016-01-01;1;53627;TRIÂNGULO DO SOL AUTO-ESTRADAS S/A.;Debêntures;;;;;Balcão Organizado;CETIP;CETIP;2013-02-26;;;2013-02-26;
02.509.491/0001-26;2016-01-01;2;57183;CONCESSIONARIA ECOVIAS DOS IMIGRANTES SA;Debêntures;;;;;Balcão Organizado;CETIP;CETIP;2013-04-15;;;2013-04-15;
02.535.295/0001-26;2016-01-01;2;54687;MAORI SA;Ações Ordinárias;;;;;Balcão Organizado;BM&FBOVESPA;BM&FBOVESPA S.A. - Bolsa de Valores, Mercadorias e Futuros;1998-09-23;;;1998-09-23;
02.541.982/0001-54;2016-01-01;2;53277;SOMOS EDUCAÇÃO S.A.;Ações Ordinárias;;;;;Bolsa;BM&FBOVESPA;BM&FBOVESPA S.A. - Bolsa de Valores, Mercadorias e Futuros;2014-10-23;;Nível 1 de Governança Corporativa;2011-07-26;
02.558.115/0001-21;2016-01-01;5;58362;TIM PARTICIPAÇÕES SA;Ações Ordinárias;;;;;Bolsa;BM&FBOVESPA;BM&FBOVESPA S.A. - Bolsa de Valores, Mercadorias e Futuros;1998-09-21;;Nível 1 de Governança Corporativa;1998-09-21;
02.558.157/0001-62;2016-01-01;4;55301;TELEFÔNICA BRASIL S.A.;Ações Ordinárias;;;;;Bolsa;BM&FBOVESPA;BM&FBOVESPA S.A. - Bolsa de Valores, Mercadorias e Futuros;1998-08-19;;Nível 2 de Governança Corporativa;1998-08-19;
02.591.787/0001-39;2016-01-01;1;53784;CAPITALPART PARTICIPAÇÕES SA;Ações Ordinárias;;;;;Balcão Organizado;BM&FBOVESPA;BM&FBOVESPA S.A. - Bolsa de Valores, Mercadorias e Futuros;1998-07-20;;;1998-07-09;
02.604.860/0001-60;2016-01-01;2;56149;SELECTPART PARTICIPACOES SA;Ações Ordinárias;;;;;Balcão Organizado;BM&FBOVESPA;BM&FBOVESPA S.A. - Bolsa de Valores, Mercadorias e Futuros;1998-07-22;;;1998-07-20;
02.604.997/0001-14;2016-01-01;1;53907;NEWTEL PARTICIPACOES SA;Ações Ordinárias;;;;;Balcão Organizado;BM&FBOVESPA;BM&FBOVESPA S.A. - Bolsa de Valores, Mercadorias e Futuros;1998-07-22;;;1998-07-20;
02.643.896/0001-52;2016-01-01;4;55428;REAL AI PIC SEC DE CREDITOS IMOBILIARIO S.A.;Certificados de Recebíveis Imobiliários;;;;;Balcão Organizado;BM&FBOVESPA;BM&FBOVESPA S.A. - Bolsa de Valores, Mercadorias e Futuros;2008-05-20;;;2008-05-20;
02.664.042/0001-52;2016-01-01;2;56627;TERMINAL GARAGEM MENEZES CORTES SA;Ações Ordinárias;;;;;;;;;;;;
02.724.983/0001-34;2016-01-01;2;55945;SANESALTO SANEAMENTO SA;Debêntures;;;;;Balcão Organizado;BM&FBOVESPA;BM&FBOVESPA S.A. - Bolsa de Valores, Mercadorias e Futuros;2005-06-01;;;2005-06-01;
02.762.113/0001-50;2016-01-01;4;61252;BRAZILIAN FINANCE & REAL ESTATE S.A.;Ações Ordinárias;;;;;Bolsa;BM&FBOVESPA;BM&FBOVESPA S.A. - Bolsa de Valores, Mercadorias e Futuros;2012-07-16;;Nível 2 de Governança Corporativa;2012-07-16;
02.762.115/0001-49;2016-01-01;4;61338;MMX MINERAÇÃO E METÁLICOS S.A.;Ações Ordinárias;;;;;Bolsa;BM&FBOVESPA;BM&FBOVESPA S.A. - Bolsa de Valores, Mercadorias e Futuros;2006-07-24;;Nível 1 de Governança Corporativa;2006-07-24;
02.762.121/0001-04;2016-01-01;3;60263;SANTOS BRASIL PARTICIPAÇÕES S.A.;Ações Ordinárias;;;;;Bolsa;BM&FBOVESPA;BM&FBOVESPA S.A. - Bolsa de Valores, Mercadorias e Futuros;2016-08-22;;Nível 1 de Governança Corporativa;2016-08-22;
02.762.124/0001-30;2016-01-01;2;57948;BETAPART PARTICIPAÇÕES SA;Ações Ordinárias;;;;;Balcão Não-Organizado;;;;;;1998-11-06;
02.773.542/0001-22;2016-01-01;4;59910;RB CAPITAL COMPANHIA DE SECURITIZAÇÃO;Certificados de Recebíveis Imobiliários;;;;;Balcão Organizado;CETIP;CETIP;2007-03-17;;;2007-03-17;
02.773.542/0001-22;2016-01-01;4;59910;RB CAPITAL COMPANHIA DE SECURITIZAÇÃO;Certificado de Recebíveis do Agronegócio;;;;;Bolsa;BM&FBOVESPA;BM&FBOVESPA S.A. - Bolsa de Valores, Mercadorias e Futuros;2015-05-27;;;2015-05-27;
02.773.542/0001-22;2016-01-01;4;59910;RB CAPITAL COMPANHIA DE SECURITIZAÇÃO;Certificados de Recebíveis Imobiliários;;;;;Bolsa;BM&FBOVESPA;BM&FBOVESPA S.A. - Bolsa de Valores, Mercadorias e Futuros;2004-03-25;;;2004-03-25;
02.773.542/0001-22;2016-01-01;4;59910;RB CAPITAL COMPANHIA DE SECURITIZAÇÃO;Certificado de Recebíveis do Agronegócio;;;;;Balcão Organizado;CETIP;CETIP;2015-05-27;;;2015-05-27;
02.773.542/0001-22;2016-01-01;4;59910;RB CAPITAL COMPANHIA DE SECURITIZAÇÃO;Certificado de Recebíveis do Agronegócio;;;;;Balcão Organizado;BM&FBOVESPA;BM&FBOVESPA S.A. - Bolsa de Valores, Mercadorias e Futuros;2015-05-27;;;2015-05-27;
02.783.423/0001-50;2016-01-01;1;53774;ALTERE SECURITIZADORA S.A.;Certificados de Recebíveis Imobiliários;;;;;Balcão Organizado;CETIP;CETIP;2009-03-25;;;2009-03-25;
02.783.423/0001-50;2016-01-01;1;53774;ALTERE SECURITIZADORA S.A.;Certificados de Recebíveis Imobiliários;;;;;Balcão Organizado;BM&FBOVESPA;BM&FBOVESPA S.A. - Bolsa de Valores, Mercadorias e Futuros;2003-07-30;;;2003-07-30;
02.796.775/0001-40;2016-01-01;2;57946;GAMA PARTICIPAÇÕES S.A.;Ações Ordinárias;;;;;Balcão Não-Organizado;;;;;;2002-12-31;
02.800.026/0001-40;2016-01-01;2;58598;KROTON EDUCACIONAL S.A.;Ações Ordinárias;;;;;Bolsa;BM&FBOVESPA;BM&FBOVESPA S.A. - Bolsa de Valores, Mercadorias e Futuros;2012-11-30;;Nível 1 de Governança Corporativa;2012-11-30;
02.846.056/0001-97;2016-01-01;5;58434;CCR S.A.;Ações Ordinárias;;;;;Bolsa;BM&FBOVESPA;BM&FBOVESPA S.A. - Bolsa de Valores, Mercadorias e Futuros;2002-02-01;;Nível 1 de Governança Corporativa;2002-02-01;
02.860.694/0001-62;2016-01-01;2;54527;T4F ENTRETENIMENTO SA;Ações Ordinárias;;;;;Bolsa;BM&FBOVESPA;BM&FBOVESPA S.A. - Bolsa de Valores, Mercadorias e Futuros;2011-04-11;;Nível 1 de Governança Corporativa;2011-04-11;
02.916.265/0001-60;2016-01-01;2;56573;JBS SA;Ações Ordinárias;;;;;Bolsa;BM&FBOVESPA;BM&FBOVESPA S.A. - Bolsa de Valores, Mercadorias e Futuros;2007-03-29;;Nível 1 de Governança Corporativa;2007-03-29;
02.919.555/0001-67;2016-01-01;4;59424;ARTERIS S.A.;Debêntures;;;;;Balcão Organizado;CETIP;CETIP;2013-10-07;;;2013-10-04;
02.932.074/0001-91;2016-01-01;1;53324;HYPERMARCAS S/A;Ações Ordinárias;;;;;Bolsa;BM&FBOVESPA;BM&FBOVESPA S.A. - Bolsa de Valores, Mercadorias e Futuros;2008-04-17;;Nível 1 de Governança Corporativa;2008-04-17;
02.950.811/0001-89;2016-01-01;7;60959;PDG REALTY SA EMPREENDIMENTOS E PARTS;Ações Ordinárias;;;;;Bolsa;BM&FBOVESPA;BM&FBOVESPA S.A. - Bolsa de Valores, Mercadorias e Futuros;2007-01-26;;Nível 1 de Governança Corporativa;2007-01-26;
02.983.428/0001-27;2016-01-01;2;55429;CEMIG TELECOMUNICAÇÕES S.A.;Nota Comercial;;;;;Balcão Organizado;CETIP;CETIP;2015-12-23;;;2015-12-23;
02.992.449/0001-09;2016-01-01;2;57947;PROMPT PARTICIPAÇÕES S.A.;Ações Ordinárias;;;;;Balcão Não-Organizado;;;;;;1999-06-18;
02.998.301/0001-81;2016-01-01;1;54456;DUKE ENERGY INT,GERAÇÃO PARANAPANEMA SA;Ações Ordinárias;;;;;Bolsa;BM&FBOVESPA;BM&FBOVESPA S.A. - Bolsa de Valores, Mercadorias e Futuros;1999-07-26;;Nível 2 de Governança Corporativa;1999-07-26;
02.998.301/0001-81;2016-01-01;1;54456;DUKE ENERGY INT,GERAÇÃO PARANAPANEMA SA;Debêntures;;;;;Balcão Organizado;CETIP;CETIP;2008-09-15;;;2008-09-15;
02.998.611/0001-04;2016-01-01;2;59588;CTEEP-CIA TRANSM ENERGIA ELÉTR. PAULISTA;Ações Ordinárias;;;;;;;;;;;;
03.014.553/0001-91;2016-01-01;2;57974;TPI - TRIUNFO PARTICIPACOES E INVESTIMENTOS S.A.;Ações Ordinárias;;;;;Bolsa;BM&FBOVESPA;BM&FBOVESPA S.A. - Bolsa de Valores, Mercadorias e Futuros;2007-07-20;;Nível 1 de Governança Corporativa;2007-07-20;
03.025.305/0001-46;2016-01-01;2;55195;RODOVIAS DAS COLINAS S.A.;Debêntures;;;;;Balcão Organizado;CETIP;CETIP;2013-04-25;;;2013-04-25;
03.052.673/0001-83;2016-01-01;2;55258;ELETRONET S/A;Ações Ordinárias;;;;;Balcão Não-Organizado;;;;;;2000-08-31;
03.220.438/0001-73;2016-01-01;1;52843;EQUATORIAL ENERGIA S/A;Ações Ordinárias;;;;;Bolsa;BM&FBOVESPA;BM&FBOVESPA S.A. - Bolsa de Valores, Mercadorias e Futuros;2008-04-23;;Nível 1 de Governança Corporativa;2006-03-30;
03.303.999/0001-36;2016-01-01;2;56886;DTCOM - DIRECT TO COMPANY S.A.;Ações Ordinárias;;;;;Bolsa;BM&FBOVESPA;BM&FBOVESPA S.A. - Bolsa de Valores, Mercadorias e Futuros;2000-12-31;;Nível 2 de Governança Corporativa;2000-12-31;
03.378.521/0001-75;2016-01-01;2;54084;LIGHT SA;Ações Ordinárias;;;;;Bolsa;BM&FBOVESPA;BM&FBOVESPA S.A. - Bolsa de Valores, Mercadorias e Futuros;2005-12-12;;Nível 1 de Governança Corporativa;2005-12-12;
03.467.321/0001-99;2016-01-01;2;55415;Energisa Mato Grosso - Distribuidora de Energia S/A;Ações Ordinárias;;;;;Bolsa;BM&FBOVESPA;BM&FBOVESPA S.A. - Bolsa de Valores, Mercadorias e Futuros;1994-10-25;;Nível 2 de Governança Corporativa;1994-10-25;
03.467.321/0001-99;2016-01-01;2;55415;Energisa Mato Grosso - Distribuidora de Energia S/A;Debêntures;;;;;Balcão Organizado;CETIP;CETIP;2014-05-15;;;2014-05-15;
03.538.833/0001-07;2016-01-01;2;57949;XX DE NOVEMBRO INVESTIMENTOS E PARTICIPAÇÕES S.A.;Certificados de Recebíveis Imobiliários;;;;;Balcão Organizado;BM&FBOVESPA;BM&FBOVESPA S.A. - Bolsa de Valores, Mercadorias e Futuros;2006-06-08;;;2006-06-08;
03.601.314/0001-38;2016-01-01;3;59294;ANDRADE GUTIERREZ CONCESSOES SA;Debêntures;;;;;Balcão Organizado;CETIP;CETIP;2013-05-02;;;2013-05-02;
03.758.318/0001-24;2016-01-01;2;58124;INVEST.E PART.EM INFRA-ESTR.S/A-INVEPAR;Debêntures;;;;;Balcão Organizado;CETIP;CETIP;2015-10-15;2015-11-11;;2015-10-15;2015-11-11
03.767.538/0001-14;2016-01-01;4;61253;BRAZILIAN SECURITIES CIA SECURITIZAÇÃO;Certificados de Recebíveis Imobiliários;;;;;Balcão Organizado;CETIP;CETIP;2001-03-13;;;2001-03-13;
03.847.461/0001-92;2016-01-01;2;56746;BRADESPAR S/A;Ações Ordinárias;;;;;Bolsa;BM&FBOVESPA;BM&FBOVESPA S.A. - Bolsa de Valores, Mercadorias e Futuros;2001-06-26;;Bovespa Mais;2000-08-10;
03.847.461/0001-92;2016-01-01;2;56746;BRADESPAR S/A;Debêntures;;;;;Balcão Organizado;CETIP;CETIP;2009-07-13;;;2009-07-13;
03.853.896/0001-40;2016-01-01;4;61542;MARFRIG GLOBAL FOODS SA;Ações Ordinárias;;;;;Bolsa;BM&FBOVESPA;BM&FBOVESPA S.A. - Bolsa de Valores, Mercadorias e Futuros;2007-06-29;;Nível 1 de Governança Corporativa;2007-06-29;
03.853.896/0001-40;2016-01-01;4;61542;MARFRIG GLOBAL FOODS SA;Debêntures Conversíveis;;;;;Balcão Não-Organizado;;;;;;2010-07-15;
03.870.455/0005-80;2016-01-01;2;56005;FORNO DE MINAS ALIMENTOS S.A.;Valor Mobiliário Não Registrado;;;;;Bolsa;;;;;;;
03.953.509/0001-47;2016-01-01;1;54162;CPFL GERAÇÃO DE ENERGIA S/A;Debêntures;;;;;Balcão Organizado;CETIP;CETIP;2009-04-14;;;2009-04-14;
03.983.431/0001-03;2016-01-01;3;61476;EDP ENERGIAS DO BRASIL S/A;Ações Ordinárias;;;;;Bolsa;BM&FBOVESPA;BM&FBOVESPA S.A. - Bolsa de Valores, Mercadorias e Futuros;2005-07-05;;Nível 1 de Governança Corporativa;2005-07-05;
03.983.431/0001-03;2016-01-01;3;61476;EDP ENERGIAS DO BRASIL S/A;Debêntures;;;;;Balcão Organizado;CETIP;CETIP;2015-09-15;;;2015-09-15;
03.983.431/0001-03;2016-01-01;3;61476;EDP ENERGIAS DO BRASIL S/A;Debêntures;;;;;Bolsa;BM&FBOVESPA;BM&FBOVESPA S.A. - Bolsa de Valores, Mercadorias e Futuros;2015-09-15;;;2015-09-15;
04.030.182/0001-02;2016-01-01;1;54310;CABINDA PARTICIPAÇÕES SA;Ações Ordinárias;;;;;;;;;;;;
04.031.213/0001-31;2016-01-01;1;54332;CACONDE PARTICIPAÇÕES SA;Ações Ordinárias;;;;;;;;;;;;
04.031.960/0001-70;2016-01-01;2;59296;ANDRADE GUTIERREZ PARTICIPAÇÕES SA;Debêntures;;;;;Balcão Organizado;CETIP;CETIP;2012-06-15;;;2012-06-15;
04.032.433/0001-80;2016-01-01;6;58393;CONTAX PARTICIPAÇÕES S.A.;Ações Ordinárias;;;;;Bolsa;BM&FBOVESPA;BM&FBOVESPA S.A. - Bolsa de Valores, Mercadorias e Futuros;2016-07-21;;Nível 1 de Governança Corporativa;2016-07-21;
04.032.433/0001-80;2016-01-01;6;58393;CONTAX PARTICIPAÇÕES S.A.;Debêntures;;;;;Balcão Organizado;CETIP;CETIP;2011-12-15;;;2011-12-15;
04.034.792/0001-76;2016-01-01;3;59723;DOMMO EMPREENDIMENTOS IMOBILIÁRIOS S.A;Ações Ordinárias;;;;;;;;;;;;
04.038.763/0001-82;2016-01-01;1;54329;CAIANDA PARTICIPAÇÕES SA;Ações Ordinárias;;;;;;;;;;;;
04.065.791/0001-99;2016-01-01;1;53749;SENIOR SOLUTION S.A.;Ações Ordinárias;;;;;Bolsa;BM&FBOVESPA;BM&FBOVESPA S.A. - Bolsa de Valores, Mercadorias e Futuros;2012-05-10;;;2012-05-10;
04.128.563/0001-10;2016-01-01;3;52866;AES TIETÊ ENERGIA S.A.;Ações Ordinárias;;;;;Bolsa;BM&FBOVESPA;BM&FBOVESPA S.A. - Bolsa de Valores, Mercadorias e Futuros;2016-01-04;;Bovespa Mais N2;2016-01-04;
04.128.563/0001-10;2016-01-01;3;52866;AES TIETÊ ENERGIA S.A.;Debêntures;;;;;Bolsa;BM&FBOVESPA;BM&FBOVESPA S.A. - Bolsa de Valores, Mercadorias e Futuros;2001-10-05;2011-12-29;;2001-10-05;2011-12-29
04.128.563/0001-10;2016-01-01;3;52866;AES TIETÊ ENERGIA S.A.;Certificados de Depósito de Valores Mobiliários;;;;;Bolsa;BM&FBOVESPA;BM&FBOVESPA S.A. - Bolsa de Valores, Mercadorias e Futuros;2016-01-04;;;2016-01-04;
04.149.454/0001-80;2016-01-01;2;57174;ECORODOVIAS INFRAESTRUTURA E LOGÍSTICA S.A.;Ações Ordinárias;;;;;Bolsa;BM&FBOVESPA;BM&FBOVESPA S.A. - Bolsa de Valores, Mercadorias e Futuros;2010-04-01;;Nível 1 de Governança Corporativa;2010-04-01;
04.149.454/0001-80;2016-01-01;2;57174;ECORODOVIAS INFRAESTRUTURA E LOGÍSTICA S.A.;Nota Comercial;;;;;Balcão Organizado;CETIP;CETIP;2014-05-02;2015-04-27;;2014-05-02;2015-04-27
04.149.454/0001-80;2016-01-01;2;57174;ECORODOVIAS INFRAESTRUTURA E LOGÍSTICA S.A.;Debêntures;;;;;Balcão Organizado;CETIP;CETIP;2015-04-15;;;2015-04-15;
04.233.319/0001-18;2016-01-01;2;61511;NCF Participações S.A.;Debêntures;;;;;Balcão Organizado;CETIP;CETIP;2015-12-23;;;2015-12-23;
04.423.567/0001-21;2016-01-01;7;61506;ENEVA SA;Ações Ordinárias;;;;;Bolsa;BM&FBOVESPA;BM&FBOVESPA S.A. - Bolsa de Valores, Mercadorias e Futuros;2007-12-13;;Nível 1 de Governança Corporativa;2007-12-13;
04.437.534/0001-30;2016-01-01;7;61287;UNIDAS S/A;Debêntures;;;;;Balcão Organizado;CETIP;CETIP;2013-11-14;2013-11-14;;2013-11-14;2013-11-14
04.437.534/0001-30;2016-01-01;7;61287;UNIDAS S/A;Debêntures;;;;;Balcão Organizado;CETIP;CETIP;2015-07-27;2015-07-27;;2015-07-27;2015-07-27
04.437.534/0001-30;2016-01-01;7;61287;UNIDAS S/A;Debêntures;;;;;Balcão Organizado;CETIP;CETIP;2016-11-14;2016-11-14;;2016-11-14;2016-11-14
04.437.534/0001-30;2016-01-01;7;61287;UNIDAS S/A;Debêntures;;;;;Balcão Organizado;CETIP;CETIP;2013-03-26;2013-03-26;;2013-03-26;2013-03-26
04.437.534/0001-30;2016-01-01;7;61287;UNIDAS S/A;Debêntures;;;;;Balcão Organizado;CETIP;CETIP;2016-06-20;2016-06-20;;2016-06-20;2016-06-20
04.437.534/0001-30;2016-01-01;7;61287;UNIDAS S/A;Debêntures;;;;;Balcão Organizado;CETIP;CETIP;2014-09-13;2014-09-13;;2014-09-13;2014-09-13
04.437.534/0001-30;2016-01-01;7;61287;UNIDAS S/A;Nota Comercial;;;;;Balcão Organizado;CETIP;CETIP;2016-05-19;2016-05-19;;2016-05-19;2016-05-19
04.437.534/0001-30;2016-01-01;7;61287;UNIDAS S/A;Nota Comercial;;;;;Balcão Organizado;CETIP;CETIP;2015-12-15;2015-12-15;;2015-12-15;2015-12-15
04.752.991/0001-10;2016-01-01;1;53862;BIOMM SA;Ações Ordinárias;;;;;Balcão Organizado;BM&FBOVESPA;BM&FBOVESPA S.A. - Bolsa de Valores, Mercadorias e Futuros;2014-01-02;;;2014-01-02;
04.821.041/0001-08;2016-01-01;3;61193;METALFRIO SOLUTIONS S/A;Ações Ordinárias;;;;;Bolsa;BM&FBOVESPA;BM&FBOVESPA S.A. - Bolsa de Valores, Mercadorias e Futuros;2007-04-13;;Nível 1 de Governança Corporativa;2007-04-13;
04.895.728/0001-80;2016-01-01;4;60254;CENTRAIS ELÉTRICAS DO PARÁ S.A - CELPA;Ações Ordinárias;;;;;Bolsa;BM&FBOVESPA;BM&FBOVESPA S.A. - Bolsa de Valores, Mercadorias e Futuros;1999-08-05;;Bovespa Mais N2;1999-08-05;
04.895.728/0001-80;2016-01-01;4;60254;CENTRAIS ELÉTRICAS DO PARÁ S.A - CELPA;Nota Comercial;;;;;Balcão Organizado;CETIP;CETIP;2012-11-21;;;2012-11-21;
04.902.979/0001-44;2016-01-01;7;61027;BANCO DA AMAZÔNIA S.A.;Ações Ordinárias;;;;;Bolsa;BM&FBOVESPA;BM&FBOVESPA S.A. - Bolsa de Valores, Mercadorias e Futuros;1977-07-20;;Nível 2 de Governança Corporativa;1977-07-20;
04.912.242/0001-02;2016-01-01;1;54271;PORTUENSE FERRAGENS S/A;Ações Ordinárias;;;;;Balcão Não-Organizado;;;;;;1985-01-01;
04.913.711/0001-08;2016-01-01;1;53720;BANCO DO ESTADO DO PARÁ S/A.;Ações Ordinárias;;;;;Bolsa;BM&FBOVESPA;BM&FBOVESPA S.A. - Bolsa de Valores, Mercadorias e Futuros;1977-07-20;;Nível 2 de Governança Corporativa;1977-07-20;
04.986.320/0001-13;2016-01-01;1;52696;SER EDUCACIONAL S.A.;Ações Ordinárias;;;;;Bolsa;BM&FBOVESPA;BM&FBOVESPA S.A. - Bolsa de Valores, Mercadorias e Futuros;2013-10-29;;Nível 1 de Governança Corporativa;2013-10-29;
05.341.549/0001-63;2016-01-01;2;57461;TARPON INVESTIMENTOS S/A;Ações Ordinárias;;;;;Bolsa;BM&FBOVESPA;BM&FBOVESPA S.A. - Bolsa de Valores, Mercadorias e Futuros;2009-05-27;;Nível 1 de Governança Corporativa;2009-05-27;
05.707.616/0001-10;2016-01-01;2;55012;Banco Santander, S.A.;Certificados de depósito de valores mobiliários;;;;;Bolsa;BM&FBOVESPA;BM&FBOVESPA S.A. - Bolsa de Valores, Mercadorias e Futuros;2014-08-26;;;2014-08-26;
05.711.813/0001-03;2016-01-01;2;55586;SOLVAY INDUPA SAIC;Certificados de depósito de valores mobiliários;;;;;;;;;;;;
05.721.735/0001-28;2016-01-01;3;59252;WILSON SONS LIMITED;Certificados de depósito de valores mobiliários;;;;;Bolsa;BM&FBOVESPA;BM&FBOVESPA S.A. - Bolsa de Valores, Mercadorias e Futuros;2007-04-25;;;2007-04-25;
05.799.312/0001-20;2016-01-01;4;61639;TERRA SANTA AGRO S.A.;Ações Ordinárias;;;;;Bolsa;BM&FBOVESPA;BM&FBOVESPA S.A. - Bolsa de Valores, Mercadorias e Futuros;2006-11-22;;Nível 1 de Governança Corporativa;2006-11-22;
05.878.397/0001-32;2016-01-01;2;54240;SONAE SIERRA BRASIL S.A.;Ações Ordinárias;;;;;Bolsa;BM&FBOVESPA;BM&FBOVESPA S.A. - Bolsa de Valores, Mercadorias e Futuros;2011-02-02;;Nível 1 de Governança Corporativa;2011-02-02;
05.878.397/0001-32;2016-01-01;2;54240;SONAE SIERRA BRASIL S.A.;Debêntures;;;;;Balcão Organizado;CETIP;CETIP;2012-03-02;;;2012-03-02;
06.082.980/0001-03;2016-01-01;1;54363;ALIANSCE SHOPPING CENTERS S/A;Ações Ordinárias;;;;;Bolsa;BM&FBOVESPA;BM&FBOVESPA S.A. - Bolsa de Valores, Mercadorias e Futuros;2010-01-29;;Nível 1 de Governança Corporativa;2010-01-29;
06.164.253/0001-87;2016-01-01;3;59322;GOL LINHAS AEREAS INTELIGENTES SA;Ações Ordinárias;;;;;Bolsa;BM&FBOVESPA;BM&FBOVESPA S.A. - Bolsa de Valores, Mercadorias e Futuros;2004-06-23;;Bovespa Mais N2;2004-06-23;
06.164.253/0001-87;2016-01-01;3;59322;GOL LINHAS AEREAS INTELIGENTES SA;Debêntures;;;;;Balcão Organizado;CETIP;CETIP;2015-09-29;;;2015-09-29;
06.272.793/0001-84;2016-01-01;3;59654;COMPANHIA ENERGÉTICA DO MARANHÃO CEMAR;Ações Ordinárias;;;;;Balcão Organizado;BM&FBOVESPA;BM&FBOVESPA S.A. - Bolsa de Valores, Mercadorias e Futuros;1997-11-13;;;1997-11-13;
06.272.793/0001-84;2016-01-01;3;59654;COMPANHIA ENERGÉTICA DO MARANHÃO CEMAR;Debêntures;;;;;Balcão Organizado;CETIP;CETIP;2001-06-01;;;2001-06-01;
06.626.253/0001-51;2016-01-01;2;57221;EMPREENDIMENTOS PAGUE MENOS S.A.;Debêntures;;;;;Balcão Organizado;CETIP;CETIP;2012-05-18;2016-05-18;;2012-05-18;2016-05-18
06.948.969/0001-75;2016-01-01;5;59631;LINX S.A.;Ações Ordinárias;;;;;Bolsa;BM&FBOVESPA;BM&FBOVESPA S.A. - Bolsa de Valores, Mercadorias e Futuros;2013-02-08;;Nível 1 de Governança Corporativa;2013-02-08;
06.977.739/0001-34;2016-01-01;3;54063;TEMPO PARTICIPAÇOES S/A;Ações Ordinárias;;;;;Bolsa;BM&FBOVESPA;BM&FBOVESPA S.A. - Bolsa de Valores, Mercadorias e Futuros;2007-12-19;;Nível 1 de Governança Corporativa;2007-12-19;
06.977.745/0001-91;2016-01-01;1;52730;BR MALLS PARTICIPAÇOES S.A.;Ações Ordinárias;;;;;Bolsa;BM&FBOVESPA;BM&FBOVESPA S.A. - Bolsa de Valores, Mercadorias e Futuros;2006-01-04;;Nível 1 de Governança Corporativa;2006-01-04;
06.977.751/0001-49;2016-01-01;3;57058;BR PROPERTIES S.A.;Ações Ordinárias;;;;;Bolsa;BM&FBOVESPA;BM&FBOVESPA S.A. - Bolsa de Valores, Mercadorias e Futuros;2010-03-08;;Nível 1 de Governança Corporativa;2010-03-08;
06.977.751/0001-49;2016-01-01;3;57058;BR PROPERTIES S.A.;Debêntures;;;;;Balcão Organizado;CETIP;CETIP;2012-07-31;;;2012-07-31;
06.977.751/0001-49;2016-01-01;3;57058;BR PROPERTIES S.A.;Título de Investimento Coletivo;;;;;Balcão Não-Organizado;;;;;;2010-10-07;
06.981.180/0001-16;2016-01-01;3;61601;CEMIG DISTRIBUIÇÃO S/A;Debêntures;;;;;Balcão Organizado;CETIP;CETIP;2007-12-19;;;2007-12-19;
06.981.180/0001-16;2016-01-01;3;61601;CEMIG DISTRIBUIÇÃO S/A;Debêntures;;;;;Balcão Organizado;BM&FBOVESPA;BM&FBOVESPA S.A. - Bolsa de Valores, Mercadorias e Futuros;2007-12-27;;;2007-12-27;
06.981.180/0001-16;2016-01-01;3;61601;CEMIG DISTRIBUIÇÃO S/A;Nota Comercial;;;;;Balcão Organizado;CETIP;CETIP;2012-07-02;;;2012-07-02;
06.981.381/0001-13;2016-01-01;1;59394;CTC - CENTRO DE TECNOLOGIA CANAVIEIRA S.A.;Ações Ordinárias;;;;;;;;;;;;
07.040.108/0001-57;2016-01-01;1;52916;COMPANHIA DE ÁGUA E ESGOTO DO CEARÁ;Ações Ordinárias;;;;;;;;;;;;
07.043.628/0001-13;2016-01-01;3;60333;CLARO TELECOM PARTICIPAÇÕES S.A.;Ações Ordinárias;;;;;Balcão Não-Organizado;;;;;;2004-09-27;
07.047.251/0001-70;2016-01-01;7;61423;CIA ENERG CEARA - COELCE;Ações Ordinárias;;;;;Bolsa;BM&FBOVESPA;BM&FBOVESPA S.A. - Bolsa de Valores, Mercadorias e Futuros;1995-10-09;;Nível 2 de Governança Corporativa;1995-10-09;
07.047.251/0001-70;2016-01-01;7;61423;CIA ENERG CEARA - COELCE;Debêntures;;;;;Balcão Organizado;CETIP;CETIP;2004-10-08;;;2004-10-08;
07.119.838/0001-48;2016-01-01;4;60364;BRAZIL REALTY CIA SECURITIZADORA DE CREDITOS IMOBILIARIOS;Debêntures;;;;;Bolsa;BM&FBOVESPA;BM&FBOVESPA S.A. - Bolsa de Valores, Mercadorias e Futuros;2007-05-08;;;2007-05-08;
07.119.838/0001-48;2016-01-01;4;60364;BRAZIL REALTY CIA SECURITIZADORA DE CREDITOS IMOBILIARIOS;Certificados de Recebíveis Imobiliários;;;;;Bolsa;BM&FBOVESPA;BM&FBOVESPA S.A. - Bolsa de Valores, Mercadorias e Futuros;2011-06-01;;;2011-06-01;
07.206.816/0001-15;2016-01-01;3;57009;M DIAS BRANCO SA IND E COM DE ALIMENTOS;Ações Ordinárias;;;;;Bolsa;BM&FBOVESPA;BM&FBOVESPA S.A. - Bolsa de Valores, Mercadorias e Futuros;2006-10-18;;Nível 1 de Governança Corporativa;2006-10-18;
07.237.373/0001-20;2016-01-01;1;53307;BANCO DO NORDESTE DO BRASIL SA;Ações Ordinárias;;;;;;;;;;;;
07.275.159/0001-68;2016-01-01;4;56751;PETROLEO LUB DO NORDESTE SA;Ações Ordinárias;;;;;;;;;;;;
07.334.600/0001-35;2016-01-01;2;55675;MARINA DE IRACEMA PARK SA;Debêntures;;;;;;;;;;;;
07.437.016/0001-05;2016-01-01;1;58203;CINESYSTEM S.A.;Ações Ordinárias;;;;;;;;;;;;
07.526.557/0001-00;2016-01-01;3;60224;AMBEV S.A.;Ações Ordinárias;;;;;Bolsa;BM&FBOVESPA;BM&FBOVESPA S.A. - Bolsa de Valores, Mercadorias e Futuros;2013-11-11;;Nível 2 de Governança Corporativa;2013-11-11;
07.526.557/0001-00;2016-01-01;3;60224;AMBEV S.A.;Debêntures;;;;;Balcão Organizado;CETIP;CETIP;2015-11-04;;;2015-11-04;
07.587.384/0001-30;2016-01-01;3;60852;GAIA SECURITIZADORA S/A;Certificados de Recebíveis Imobiliários;;;;;Balcão Organizado;CETIP;CETIP;2009-08-10;;;2009-08-10;
07.587.384/0001-30;2016-01-01;3;60852;GAIA SECURITIZADORA S/A;Certificados de Recebíveis Imobiliários;;;;;Bolsa;BM&FBOVESPA;BM&FBOVESPA S.A. - Bolsa de Valores, Mercadorias e Futuros;2009-08-10;;;2009-08-10;
07.620.094/0001-40;2016-01-01;4;57933;AFLUENTE G&T DE ENERGIA ELÉTRICA S/A;Ações Ordinárias;;;;;Bolsa;BM&FBOVESPA;BM&FBOVESPA S.A. - Bolsa de Valores, Mercadorias e Futuros;2006-07-13;;Nível 2 de Governança Corporativa;2006-07-31;
07.628.528/0001-59;2016-01-01;2;59301;BRASILAGRO CIA BRAS DE PROP AGRICOLAS;Ações Ordinárias;;;;;Bolsa;BM&FBOVESPA;BM&FBOVESPA S.A. - Bolsa de Valores, Mercadorias e Futuros;2006-04-25;;Nível 1 de Governança Corporativa;2006-04-25;
07.628.528/0001-59;2016-01-01;2;59301;BRASILAGRO CIA BRAS DE PROP AGRICOLAS;Bônus de Subscrição;;;;;Balcão Não-Organizado;;;;;;2006-04-25;
07.689.002/0001-89;2016-01-01;2;57383;EMBRAER S/A;Ações Ordinárias;;;;;Bolsa;BM&FBOVESPA;BM&FBOVESPA S.A. - Bolsa de Valores, Mercadorias e Futuros;2006-05-23;;Nível 1 de Governança Corporativa;2006-05-23;
07.718.269/0001-57;2016-01-01;2;59883;SPRINGS GLOBAL PARTICIPAÇÕES S/A;Ações Ordinárias;;;;;Bolsa;BM&FBOVESPA;BM&FBOVESPA S.A. - Bolsa de Valores, Mercadorias e Futuros;2007-07-27;;Nível 1 de Governança Corporativa;2007-07-27;
07.816.890/0001-53;2016-01-01;1;53533;MULTIPLAN EMP. IMOBILIARIOS S/A;Ações Ordinárias;;;;;Bolsa;BM&FBOVESPA;BM&FBOVESPA S.A. - Bolsa de Valores, Mercadorias e Futuros;2007-07-27;;Bovespa Mais N2;2007-07-27;
07.816.890/0001-53;2016-01-01;1;53533;MULTIPLAN EMP. IMOBILIARIOS S/A;Debêntures;;;;;Balcão Organizado;CETIP;CETIP;2014-10-15;;;2014-10-15;
07.820.907/0001-46;2016-01-01;1;54093;CR2 EMPREENDIMENTOS IMOBILIÁRIOS S/A;Ações Ordinárias;;;;;Bolsa;BM&FBOVESPA;BM&FBOVESPA S.A. - Bolsa de Valores, Mercadorias e Futuros;2007-04-23;;Nível 1 de Governança Corporativa;2007-04-23;
07.825.881/0001-29;2016-01-01;1;54895;ACRUX SECURITIZADORA S/A;Certificados de Recebíveis Imobiliários;;;;;Balcão Organizado;CETIP;CETIP;2008-08-12;;;2008-08-12;
07.857.850/0001-50;2016-01-01;1;53236;GP INVESTMENTS, LTD;Certificados de depósito de valores mobiliários;;;;;Bolsa;BM&FBOVESPA;BM&FBOVESPA S.A. - Bolsa de Valores, Mercadorias e Futuros;2006-05-30;;;2006-05-30;
07.859.971/0001-30;2016-01-01;2;55579;TRANSMISSORA ALIANÇA DE ENERGIA ELÉTRICA S.A.;Nota Comercial;;;;;Balcão Organizado;CETIP;CETIP;2009-10-06;;;2009-10-06;
07.859.971/0001-30;2016-01-01;2;55579;TRANSMISSORA ALIANÇA DE ENERGIA ELÉTRICA S.A.;Debêntures;;;;;Balcão Organizado;CETIP;CETIP;2010-07-20;;;2010-07-20;
07.859.971/0001-30;2016-01-01;2;55579;TRANSMISSORA ALIANÇA DE ENERGIA ELÉTRICA S.A.;Certificados de Depósito de Valores Mobiliários;;;;;Bolsa;BM&FBOVESPA;BM&FBOVESPA S.A. - Bolsa de Valores, Mercadorias e Futuros;2006-10-27;;;2006-10-06;
07.950.674/0001-04;2016-01-01;3;61539;CCX CARVÃO DA COLÔMBIA S.A.;Ações Ordinárias;;;;;Bolsa;BM&FBOVESPA;BM&FBOVESPA S.A. - Bolsa de Valores, Mercadorias e Futuros;2012-12-21;;Nível 1 de Governança Corporativa;2012-12-21;
07.957.093/0001-96;2016-01-01;4;59461;ÓLEO E GÁS PARTICIPAÇÕES S/A;Ações Ordinárias;;;;;Bolsa;BM&FBOVESPA;BM&FBOVESPA S.A. - Bolsa de Valores, Mercadorias e Futuros;2008-06-13;;Nível 1 de Governança Corporativa;2008-06-13;
08.065.557/0001-12;2016-01-01;1;53546;TECNISA S/A;Debêntures;;;;;Balcão Organizado;CETIP;CETIP;2009-11-23;;;2009-11-23;
08.065.557/0001-12;2016-01-01;1;53546;TECNISA S/A;Ações Ordinárias;;;;;Bolsa;BM&FBOVESPA;BM&FBOVESPA S.A. - Bolsa de Valores, Mercadorias e Futuros;2007-02-01;;Nível 1 de Governança Corporativa;2007-02-01;
08.078.847/0001-09;2016-01-01;1;52667;LPS BRASIL CONSULTORIA DE IMOVEIS S/A;Ações Ordinárias;;;;;Bolsa;BM&FBOVESPA;BM&FBOVESPA S.A. - Bolsa de Valores, Mercadorias e Futuros;2006-12-18;;Nível 1 de Governança Corporativa;2006-12-18;
08.159.965/0001-33;2016-01-01;2;54717;COMPANHIA DE ÁGUAS DO BRASIL - CAB AMBIENTAL;Ações Ordinárias;;;;;Bolsa;BM&FBOVESPA;BM&FBOVESPA S.A. - Bolsa de Valores, Mercadorias e Futuros;2013-05-13;;;2013-05-13;
08.281.683/0001-04;2016-01-01;2;60239;RJ Capital Partners S.A.;Ações Ordinárias;;;;;Bolsa;BM&FBOVESPA;BM&FBOVESPA S.A. - Bolsa de Valores, Mercadorias e Futuros;2011-06-20;;Nível 2 de Governança Corporativa;2011-06-20;
08.294.224/0001-65;2016-01-01;1;54478;JHSF PARTICIPAÇÕES SA;Ações Ordinárias;;;;;Bolsa;BM&FBOVESPA;BM&FBOVESPA S.A. - Bolsa de Valores, Mercadorias e Futuros;2007-04-11;;Nível 1 de Governança Corporativa;2007-04-11;
08.294.224/0001-65;2016-01-01;1;54478;JHSF PARTICIPAÇÕES SA;Debêntures;;;;;Balcão Organizado;CETIP;CETIP;2009-11-12;;;2009-11-12;
08.312.229/0001-73;2016-01-01;3;61353;EZ TEC EMPREEND. E PARTICIPAÇÕES S/A;Ações Ordinárias;;;;;Bolsa;BM&FBOVESPA;BM&FBOVESPA S.A. - Bolsa de Valores, Mercadorias e Futuros;2007-06-27;;Nível 1 de Governança Corporativa;2007-06-27;
08.324.196/0001-81;2016-01-01;4;57941;CIA ENERGÉTICA DO RIO GRANDE DO NORTE;Ações Ordinárias;;;;;Bolsa;BM&FBOVESPA;BM&FBOVESPA S.A. - Bolsa de Valores, Mercadorias e Futuros;1999-01-04;;Nível 2 de Governança Corporativa;1999-05-17;
08.343.492/0001-20;2016-01-01;1;52785;MRV ENGENHARIA E PARTICIPAÇÕES S/A;Ações Ordinárias;;;;;Bolsa;BM&FBOVESPA;BM&FBOVESPA S.A. - Bolsa de Valores, Mercadorias e Futuros;2007-07-23;;Nível 1 de Governança Corporativa;2007-07-19;
08.343.492/0001-20;2016-01-01;1;52785;MRV ENGENHARIA E PARTICIPAÇÕES S/A;Debêntures;;;;;Balcão Organizado;CETIP;CETIP;2008-07-29;;;2008-07-25;
08.364.948/0001-38;2016-01-01;1;52868;ALUPAR INVESTIMENTO S/A;Ações Ordinárias;;;;;Bolsa;BM&FBOVESPA;BM&FBOVESPA S.A. - Bolsa de Valores, Mercadorias e Futuros;2013-04-25;;Bovespa Mais N2;2013-04-25;
08.364.948/0001-38;2016-01-01;1;52868;ALUPAR INVESTIMENTO S/A;Debêntures;;;;;Balcão Organizado;CETIP;CETIP;2015-04-24;;;2015-04-24;
08.402.943/0001-52;2016-01-01;1;53379;GUARARAPES CONFECÇÕES SA;Ações Ordinárias;;;;;Bolsa;BM&FBOVESPA;BM&FBOVESPA S.A. - Bolsa de Valores, Mercadorias e Futuros;1973-05-14;;Nível 2 de Governança Corporativa;1972-01-03;
08.424.178/0001-71;2016-01-01;2;56765;TECBLU - TECELAGEM BLUMENAU S/A.;Ações Ordinárias;;;;;Bolsa;BM&FBOVESPA;BM&FBOVESPA S.A. - Bolsa de Valores, Mercadorias e Futuros;1971-04-28;;Nível 2 de Governança Corporativa;1971-04-28;
08.439.659/0001-50;2016-01-01;4;58002;CPFL ENERGIAS RENOVAVEIS S.A.;Ações Ordinárias;;;;;Bolsa;BM&FBOVESPA;BM&FBOVESPA S.A. - Bolsa de Valores, Mercadorias e Futuros;2013-07-19;;Nível 1 de Governança Corporativa;2013-07-19;
08.439.659/0001-50;2016-01-01;4;58002;CPFL ENERGIAS RENOVAVEIS S.A.;Debêntures;;;;;Balcão Organizado;CETIP;CETIP;2012-06-15;;;2012-06-15;
08.467.115/0001-00;2016-01-01;1;52961;CIA ESTADUAL DE DISTRIBUIÇÃO DE ENERGIA ELETRICA;Ações Ordinárias;;;;;Bolsa;BM&FBOVESPA;BM&FBOVESPA S.A. - Bolsa de Valores, Mercadorias e Futuros;2010-12-23;;Bovespa Mais;2010-12-23;
08.534.605/0001-74;2016-01-01;1;52717;RENOVA ENERGIA S/A;Ações Ordinárias;;;;;Bolsa;BM&FBOVESPA;BM&FBOVESPA S.A. - Bolsa de Valores, Mercadorias e Futuros;2010-07-13;;Bovespa Mais N2;2010-07-13;
08.560.444/0001-93;2016-01-01;4;59770;COMPANHIA CELG DE PARTICIPAÇÕES;Ações Ordinárias;;;;;Bolsa;BM&FBOVESPA;BM&FBOVESPA S.A. - Bolsa de Valores, Mercadorias e Futuros;2008-03-14;;Nível 2 de Governança Corporativa;2008-03-14;
08.613.550/0001-98;2016-01-01;5;61421;BRASIL BROKERS PARTICIPAÇÕES SA;Ações Ordinárias;;;;;Bolsa;BM&FBOVESPA;BM&FBOVESPA S.A. - Bolsa de Valores, Mercadorias e Futuros;2007-10-29;;Nível 1 de Governança Corporativa;2007-10-29;
08.653.753/0001-08;2016-01-01;1;54567;BRC SECURITIZADORA SA;Certificados de Recebíveis Imobiliários;;;;;Balcão Organizado;CETIP;CETIP;2007-04-20;;;2007-04-20;
08.684.547/0001-65;2016-01-01;1;53204;MAGNESITA REFRATARIOS S.A.;Ações Ordinárias;;;;;Bolsa;BM&FBOVESPA;BM&FBOVESPA S.A. - Bolsa de Valores, Mercadorias e Futuros;2008-04-02;;Nível 1 de Governança Corporativa;2007-07-02;
08.741.499/0001-08;2016-01-01;2;57585;PRUMO LOGISTICA SA;Ações Ordinárias;;;;;Bolsa;BM&FBOVESPA;BM&FBOVESPA S.A. - Bolsa de Valores, Mercadorias e Futuros;2008-07-28;;Nível 1 de Governança Corporativa;2008-07-28;
08.764.621/0001-53;2016-01-01;2;55794;GENERAL SHOPPING BRASIL SA;Ações Ordinárias;;;;;Bolsa;BM&FBOVESPA;BM&FBOVESPA S.A. - Bolsa de Valores, Mercadorias e Futuros;2007-07-27;;Nível 1 de Governança Corporativa;2007-07-27;
08.769.451/0001-08;2016-01-01;1;53198;ISEC SECURITIZADORA S.A.;Certificados de Recebíveis Imobiliários;;;;;Balcão Organizado;CETIP;CETIP;2012-11-22;;;2012-11-22;
08.773.191/0001-36;2016-01-01;2;57859;BRASILIANA PARTICIPAÇÕES S.A.;Ações Ordinárias;;;;;;;;;;;;
08.795.211/0001-70;2016-01-01;2;55351;MAESTRO LOCADORA DE VEICULOS S.A.;Debêntures;;;;;Balcão Organizado;CETIP;CETIP;2015-02-06;;;2015-02-06;
08.801.621/0001-86;2016-01-01;4;59956;CYRELA COMMERCIAL PROPERTIES SA EMP PART;Ações Ordinárias;;;;;Bolsa;BM&FBOVESPA;BM&FBOVESPA S.A. - Bolsa de Valores, Mercadorias e Futuros;2007-08-09;;Nível 1 de Governança Corporativa;2007-08-09;
08.801.621/0001-86;2016-01-01;4;59956;CYRELA COMMERCIAL PROPERTIES SA EMP PART;Debêntures;;;;;Balcão Organizado;CETIP;CETIP;2010-03-15;;;2010-03-15;
08.807.432/0001-10;2016-01-01;4;58889;ESTACIO PARTICIPAÇÕES SA;Ações Ordinárias;;;;;Bolsa;BM&FBOVESPA;BM&FBOVESPA S.A. - Bolsa de Valores, Mercadorias e Futuros;2008-07-11;;Nível 1 de Governança Corporativa;2007-07-30;
08.807.432/0001-10;2016-01-01;4;58889;ESTACIO PARTICIPAÇÕES SA;Debêntures;;;;;Balcão Organizado;CETIP;CETIP;2011-11-25;;;2011-11-25;
08.811.643/0001-27;2016-01-01;2;53165;TRISUL S/A;Ações Ordinárias;;;;;Bolsa;BM&FBOVESPA;BM&FBOVESPA S.A. - Bolsa de Valores, Mercadorias e Futuros;2007-10-15;;Nível 1 de Governança Corporativa;2007-10-15;
08.811.643/0001-27;2016-01-01;2;53165;TRISUL S/A;Debêntures;;;;;Balcão Organizado;CETIP;CETIP;2008-07-25;;;2008-07-25;
08.811.643/0001-27;2016-01-01;2;53165;TRISUL S/A;Nota Comercial;;;;;Balcão Organizado;CETIP;CETIP;2013-05-22;;;2013-05-22;
08.873.873/0001-10;2016-01-01;2;57187;ECORODOVIAS CONCESSÕES E SERVIÇOS S/A;Debêntures;;;;;Balcão Organizado;CETIP;CETIP;2012-10-15;;;2012-10-15;
08.873.873/0001-10;2016-01-01;2;57187;ECORODOVIAS CONCESSÕES E SERVIÇOS S/A;Nota Comercial;;;;;Balcão Organizado;CETIP;CETIP;2015-11-24;;;2015-11-24;
08.884.213/0001-35;2016-01-01;2;57141;BANCO PATAGONIA SA;Certificados de depósito de valores mobiliários;;;;;Bolsa;BM&FBOVESPA;BM&FBOVESPA S.A. - Bolsa de Valores, Mercadorias e Futuros;2007-07-09;;;2007-07-09;
08.887.330/0001-52;2016-01-01;3;55350;COSAN LIMITED;Certificados de depósito de valores mobiliários;;;;;Bolsa;BM&FBOVESPA;BM&FBOVESPA S.A. - Bolsa de Valores, Mercadorias e Futuros;2007-08-15;;;2007-08-15;
08.926.302/0001-05;2016-01-01;3;55642;OGX PETRÓLEO E GÁS S/A - EM RECUPERAÇÃO JUDICIAL;Ações Ordinárias;;;;;;;;;;;;
08.926.302/0001-05;2016-01-01;3;55642;OGX PETRÓLEO E GÁS S/A - EM RECUPERAÇÃO JUDICIAL;Debêntures;;;;;;;;;;;;
08.926.302/0001-05;2016-01-01;3;55642;OGX PETRÓLEO E GÁS S/A - EM RECUPERAÇÃO JUDICIAL;Debêntures Conversíveis;;;;;;;;;;;;
08.935.054/0001-50;2016-01-01;6;61652;MULTINER S/A;Debêntures;;;;;Balcão Organizado;CETIP;CETIP;2008-07-10;;;2010-06-01;
09.041.168/0001-10;2016-01-01;3;59656;LOG COMMERCIAL PROPERTIES E PARTICIPAÇÕES;Debêntures;;;;;Balcão Organizado;CETIP;CETIP;2011-05-16;;;2011-05-16;
09.041.168/0001-10;2016-01-01;3;59656;LOG COMMERCIAL PROPERTIES E PARTICIPAÇÕES;Nota Comercial;;;;;Balcão Organizado;CETIP;CETIP;2016-06-23;2016-08-26;;2016-06-23;2016-08-26
09.054.385/0001-44;2016-01-01;2;57435;INBRANDS S.A.;Debêntures;;;;;Balcão Organizado;CETIP;CETIP;2011-12-26;;;2011-12-22;
09.112.685/0001-32;2016-01-01;4;57263;OSX BRASIL S.A. - em Recuperação Judicial;Ações Ordinárias;;;;;Bolsa;BM&FBOVESPA;BM&FBOVESPA S.A. - Bolsa de Valores, Mercadorias e Futuros;2010-03-22;;Nível 1 de Governança Corporativa;2010-03-22;
09.116.278/0001-01;2016-01-01;2;56519;CONPEL CIA NORDESTINA PAPEL;Ações Ordinárias;;;;;Balcão Não-Organizado;;;;;;1977-07-20;1977-07-20
09.149.503/0001-06;2016-01-01;1;54878;OMEGA GERAÇÃO S.A.;Ações Ordinárias;;;;;;;;;;;;
09.288.252/0001-32;2016-01-01;2;60291;GAEC EDUCAÇÃO S/A;Ações Ordinárias;;;;;Bolsa;BM&FBOVESPA;BM&FBOVESPA S.A. - Bolsa de Valores, Mercadorias e Futuros;2013-10-28;;Nível 1 de Governança Corporativa;2013-10-28;
09.295.063/0001-97;2016-01-01;1;53655;TECHNOS S.A.;Ações Ordinárias;;;;;Bolsa;BM&FBOVESPA;BM&FBOVESPA S.A. - Bolsa de Valores, Mercadorias e Futuros;2011-07-01;;Nível 1 de Governança Corporativa;2011-07-01;
09.346.601/0001-25;2016-01-01;3;55999;BM&F BOVESPA S/A - BOLSA DE VALORES, MERCADORIAS E FUTUROS;Ações Ordinárias;;;;;Bolsa;BM&FBOVESPA;BM&FBOVESPA S.A. - Bolsa de Valores, Mercadorias e Futuros;2008-08-20;;Nível 1 de Governança Corporativa;2008-08-20;
09.358.105/0001-91;2016-01-01;2;53920;CETIP S.A. - BALCÃO ORGANIZADO DE ATIVOS E DERIVATIVOS;Ações Ordinárias;;;;;Bolsa;BM&FBOVESPA;BM&FBOVESPA S.A. - Bolsa de Valores, Mercadorias e Futuros;2009-10-28;;Nível 1 de Governança Corporativa;2009-10-28;
09.358.105/0001-91;2016-01-01;2;53920;CETIP S.A. - BALCÃO ORGANIZADO DE ATIVOS E DERIVATIVOS;Debêntures;;;;;Balcão Organizado;CETIP;CETIP;2014-09-12;;;2014-09-12;
09.462.140/0001-56;2016-01-01;2;55859;BASEL PARTICIPAÇÕES S/A;Ações Ordinárias;;;;;;;;;;;;
09.601.322/0001-60;2016-01-01;1;53263;CTX PARTICIPAÇÕES S/A;Debêntures;;;;;Balcão Organizado;CETIP;CETIP;2011-09-19;;;2011-09-19;
10.215.988/0001-60;2016-01-01;2;61676;COMPANHIA DE LOCAÇÃO DAS AMÉRICAS;Ações Ordinárias;;;;;Bolsa;BM&FBOVESPA;BM&FBOVESPA S.A. - Bolsa de Valores, Mercadorias e Futuros;2012-04-23;;Nível 1 de Governança Corporativa;2012-04-23;
10.215.988/0001-60;2016-01-01;2;61676;COMPANHIA DE LOCAÇÃO DAS AMÉRICAS;Debêntures;;;;;Balcão Organizado;CETIP;CETIP;2011-12-30;;;2011-12-30;
10.215.988/0001-60;2016-01-01;2;61676;COMPANHIA DE LOCAÇÃO DAS AMÉRICAS;Nota Comercial;;;;;Balcão Organizado;CETIP;CETIP;2012-11-30;;;2012-11-30;
10.234.027/0001-00;2016-01-01;1;54817;LINHAS DE MACAPÁ TRANSMISSORA DE ENERGIA S/A;Valor Mobiliário Não Registrado;;;;;;;;;;;;
10.240.186/0001-00;2016-01-01;1;54815;LINHAS DE XINGU TRANSMISSORA DE ENERGIA S/A;Valor Mobiliário Não Registrado;;;;;;;;;;;;
10.338.320/0001-00;2016-01-01;4;57934;AFLUENTE TRANSMISSÃO DE ENERGIA ELETRICA S/A;Ações Ordinárias;;;;;Bolsa;BM&FBOVESPA;BM&FBOVESPA S.A. - Bolsa de Valores, Mercadorias e Futuros;2010-09-24;;Nível 2 de Governança Corporativa;2010-10-25;
10.345.009/0001-98;2016-01-01;10;61633;ADVANCED DIGITAL HEALTH MEDICINA PREVENTIVA S.A.;Ações Ordinárias;;;;;Bolsa;BM&FBOVESPA;BM&FBOVESPA S.A. - Bolsa de Valores, Mercadorias e Futuros;2009-12-17;;Nível 2 de Governança Corporativa;2009-12-17;
10.488.244/0001-19;2016-01-01;1;54228;INFRASEC SECURITIZADORA S/A;Certificados de Recebíveis Imobiliários;;;;;Balcão Organizado;CETIP;CETIP;2011-04-14;;;2011-04-14;
10.502.676/0001-37;2016-01-01;4;61141;TERMELÉTRICA PERNAMBUCO III S/A;Debêntures;;;;;Balcão Organizado;BM&FBOVESPA;BM&FBOVESPA S.A. - Bolsa de Valores, Mercadorias e Futuros;2013-12-20;;;2013-12-20;
10.502.676/0001-37;2016-01-01;4;61141;TERMELÉTRICA PERNAMBUCO III S/A;Debêntures;;;;;Balcão Organizado;CETIP;CETIP;2013-12-20;;;2013-12-20;
10.603.674/0001-34;2016-01-01;1;54395;BS&C EMPREENDIMENTOS E PARTICIPAÇÕES S.A.;Ações Ordinárias;;;;;Bolsa;BM&FBOVESPA;BM&FBOVESPA S.A. - Bolsa de Valores, Mercadorias e Futuros;2015-12-28;;;2015-12-28;
10.608.405/0001-60;2016-01-01;1;54026;BARIGUI SECURITIZADORA SA;Certificados de Recebíveis Imobiliários;;;;;Balcão Organizado;CETIP;CETIP;2013-12-15;;;2013-12-15;
10.629.105/0001-68;2016-01-01;1;53506;PETRO RIO S.A.;Ações Ordinárias;;;;;Bolsa;BM&FBOVESPA;BM&FBOVESPA S.A. - Bolsa de Valores, Mercadorias e Futuros;2010-10-25;;Nível 1 de Governança Corporativa;2010-10-25;
10.647.979/0001-48;2016-01-01;3;59272;CONCESSIONÁRIA ROTA DAS BANDEIRAS S.A.;Debêntures;;;;;Bolsa;BM&FBOVESPA;BM&FBOVESPA S.A. - Bolsa de Valores, Mercadorias e Futuros;2010-07-30;;;2010-07-30;
10.647.979/0001-48;2016-01-01;3;59272;CONCESSIONÁRIA ROTA DAS BANDEIRAS S.A.;Debêntures;;;;;Balcão Organizado;CETIP;CETIP;2010-07-30;;;2010-07-30;
10.747.021/0001-29;2016-01-01;2;57632;PRÁTICA PARTICIPAÇÕES S/A;Ações Ordinárias;;;;;Bolsa;BM&FBOVESPA;BM&FBOVESPA S.A. - Bolsa de Valores, Mercadorias e Futuros;2015-10-20;;;2015-10-20;
10.753.164/0001-43;2016-01-01;2;54990;ECO. SEC. DTOS. CREDIT. AGRONEGÓCIOS S/A;Certificado de Recebíveis do Agronegócio;;;;;Balcão Organizado;CETIP;CETIP;2010-07-30;;;2010-07-30;
10.753.164/0001-43;2016-01-01;2;54990;ECO. SEC. DTOS. CREDIT. AGRONEGÓCIOS S/A;Certificado de Recebíveis do Agronegócio;;;;;Balcão Organizado;BM&FBOVESPA;BM&FBOVESPA S.A. - Bolsa de Valores, Mercadorias e Futuros;2015-06-29;;;2015-06-29;
10.760.260/0001-19;2016-01-01;2;57354;CVC BRASIL OPERADORA E AGÊNCIA DE VIAGENS S/A;Ações Ordinárias;;;;;Bolsa;BM&FBOVESPA;BM&FBOVESPA S.A. - Bolsa de Valores, Mercadorias e Futuros;2013-12-09;;Nível 1 de Governança Corporativa;2013-12-09;
10.835.932/0001-08;2016-01-01;4;57929;CIA ENERGÉTICA DE PERNAMBUCO - CELPE;Ações Ordinárias;;;;;Bolsa;BM&FBOVESPA;BM&FBOVESPA S.A. - Bolsa de Valores, Mercadorias e Futuros;1998-05-05;;Nível 2 de Governança Corporativa;1998-05-27;
10.841.050/0001-55;2016-01-01;2;57190;CONC ROD AYRTON SENNA E CARV PINTO S.A;Debêntures;;;;;Balcão Organizado;CETIP;CETIP;2011-02-22;;;2011-02-22;
11.094.546/0001-75;2016-01-01;2;57835;MULTIPLUS SA;Ações Ordinárias;;;;;Bolsa;BM&FBOVESPA;BM&FBOVESPA S.A. - Bolsa de Valores, Mercadorias e Futuros;2010-02-04;;Nível 1 de Governança Corporativa;2010-02-04;
11.102.250/0001-59;2016-01-01;1;54387;BR HOME CENTERS S.A.;Ações Ordinárias;;;;;;;;;;;;
11.181.400/0001-67;2016-01-01;2;56318;SUL INVEST SECURITIZADORA S/A;Debêntures;;;;;Balcão Não-Organizado;;;;;;2015-03-01;
11.193.684/0001-01;2016-01-01;3;58930;GAVEA SECURITIZADORA S/A;Debêntures;;;;;Balcão Não-Organizado;;;;;;2014-06-20;
11.257.352/0001-43;2016-01-01;2;57401;BSI CAPITAL SECURITIZADORA S.A.;Certificados de Recebíveis Imobiliários;;;;;Balcão Organizado;CETIP;CETIP;2014-03-14;;;2014-03-14;
11.274.829/0001-07;2016-01-01;1;54172;COMPANHIA PAULISTA DE SECURITIZAÇÃO;Debêntures;;;;;Balcão Organizado;CETIP;CETIP;2014-12-30;;;2014-12-30;
11.395.624/0001-71;2016-01-01;3;58353;BRASIL PHARMA S.A.;Ações Ordinárias;;;;;Bolsa;BM&FBOVESPA;BM&FBOVESPA S.A. - Bolsa de Valores, Mercadorias e Futuros;2011-06-22;;Nível 1 de Governança Corporativa;2011-06-22;
11.395.624/0001-71;2016-01-01;3;58353;BRASIL PHARMA S.A.;Debêntures;;;;;Balcão Organizado;CETIP;CETIP;2012-04-02;;;2012-04-02;
11.395.624/0001-71;2016-01-01;3;58353;BRASIL PHARMA S.A.;Bônus de Subscrição;;;;;Bolsa;BM&FBOVESPA;BM&FBOVESPA S.A. - Bolsa de Valores, Mercadorias e Futuros;2014-06-25;;;2014-06-25;
11.423.623/0001-93;2016-01-01;3;55849;DUFRY AG;Certificados de depósito de valores mobiliários;;;;;Bolsa;BM&FBOVESPA;BM&FBOVESPA S.A. - Bolsa de Valores, Mercadorias e Futuros;2010-04-07;;;2010-04-07;
11.566.501/0001-56;2016-01-01;3;58608;TEREOS INTERNACIONAL S/A;Ações Ordinárias;;;;;Bolsa;BM&FBOVESPA;BM&FBOVESPA S.A. - Bolsa de Valores, Mercadorias e Futuros;2011-08-13;;Nível 1 de Governança Corporativa;2011-08-13;
11.669.021/0001-10;2016-01-01;2;55403;QGEP PARTICIPAÇÕES SA;Ações Ordinárias;;;;;Bolsa;BM&FBOVESPA;BM&FBOVESPA S.A. - Bolsa de Valores, Mercadorias e Futuros;2011-02-09;;Nível 1 de Governança Corporativa;2011-02-09;
11.716.471/0001-17;2016-01-01;1;52688;TRX Securitizadora S.A.;Certificados de Recebíveis Imobiliários;;;;;Balcão Organizado;CETIP;CETIP;2011-10-10;;;2011-10-10;
11.721.921/0001-60;2016-01-01;6;59831;BR INSURANCE CORRETORA DE SEGUROS S.A.;Ações Ordinárias;;;;;Bolsa;BM&FBOVESPA;BM&FBOVESPA S.A. - Bolsa de Valores, Mercadorias e Futuros;2010-10-29;;Nível 1 de Governança Corporativa;2010-10-29;
11.992.680/0001-93;2016-01-01;2;56068;QUALICORP S.A.;Ações Ordinárias;;;;;Bolsa;BM&FBOVESPA;BM&FBOVESPA S.A. - Bolsa de Valores, Mercadorias e Futuros;2011-06-28;;Nível 1 de Governança Corporativa;2011-06-28;
11.992.680/0001-93;2016-01-01;2;56068;QUALICORP S.A.;Debêntures;;;;;Balcão Organizado;CETIP;CETIP;2014-09-29;;;2014-09-29;
12.049.631/0001-84;2016-01-01;2;56914;MOURA DUBEUX ENGENHARIA S/A;Debêntures;;;;;Balcão Organizado;CETIP;CETIP;2009-10-01;2014-10-01;;2009-10-01;2014-10-01
12.078.880/0001-06;2016-01-01;1;54791;COMPANHIA AURIFERA BRASILEIRA S.A.;Ações Ordinárias;;;;;;;;;;;;
12.130.744/0001-00;2016-01-01;4;59363;Ápice Securitizadora S.A.;Certificados de Recebíveis Imobiliários;;;;;Balcão Organizado;CETIP;CETIP;2013-01-15;;;2013-01-15;
12.130.744/0001-00;2016-01-01;4;59363;Ápice Securitizadora S.A.;Certificado de Recebíveis do Agronegócio;;;;;Balcão Organizado;CETIP;CETIP;2016-08-19;;;2016-08-19;
12.139.922/0001-63;2016-01-01;2;55568;Octante Securitizadora S.A.;Certificado de Recebíveis do Agronegócio;;;;;Balcão Organizado;CETIP;CETIP;2012-05-02;;;2012-05-02;
12.139.922/0001-63;2016-01-01;2;55568;Octante Securitizadora S.A.;Certificado de Recebíveis do Agronegócio;;;;;Balcão Organizado;BM&FBOVESPA;BM&FBOVESPA S.A. - Bolsa de Valores, Mercadorias e Futuros;2012-08-02;;;2012-08-02;
12.139.922/0001-63;2016-01-01;2;55568;Octante Securitizadora S.A.;Certificados de Recebíveis Imobiliários;;;;;Balcão Organizado;CETIP;CETIP;2015-04-02;;;2015-04-02;
12.394.991/0001-13;2016-01-01;1;55896;UTILIUM PARTICIPAÇÕES S.A.;Ações Ordinárias;;;;;Balcão Não-Organizado;;;;;;2013-12-10;2014-12-31
12.489.315/0001-23;2016-01-01;1;53766;FERREIRA GOMES ENERGIA S.A.;Nota Comercial;;;;;Balcão Organizado;CETIP;CETIP;2014-05-27;;;2014-05-27;
12.610.165/0001-64;2016-01-01;1;58384;ATLETAS BRASILEIROS S.A.;Ações Ordinárias;;;;;;;;;;;;
12.648.327/0001-53;2016-01-01;2;55974;HIDROVIAS DO BRASIL S.A.;Ações Ordinárias;;;;;;;;;;;;
12.919.786/0001-24;2016-01-01;2;61084;TCP - TERMINAL DE CONTÊINERES DE PARANAGUÁ S.A.;Debêntures;;;;;Balcão Organizado;CETIP;CETIP;2016-11-07;;;2016-11-07;
13.009.717/0001-46;2016-01-01;2;55611;BANCO ESTADO SERGIPE SA;Ações Ordinárias;;;;;Bolsa;BM&FBOVESPA;BM&FBOVESPA S.A. - Bolsa de Valores, Mercadorias e Futuros;1977-07-20;;Nível 2 de Governança Corporativa;1977-07-20;
13.017.462/0001-63;2016-01-01;2;55423;ENERGISA SERGIPE - DISTRIBUIDORA DE ENERGIA S/A;Debêntures;;;;;Balcão Organizado;CETIP;CETIP;2013-10-30;;;2013-10-30;
13.324.184/0001-97;2016-01-01;1;54097;VIGOR ALIMENTOS S.A.;Ações Ordinárias;;;;;Bolsa;BM&FBOVESPA;BM&FBOVESPA S.A. - Bolsa de Valores, Mercadorias e Futuros;2012-04-17;;Nível 1 de Governança Corporativa;2012-04-17;
13.407.573/0001-86;2016-01-01;1;54019;HARPIA ÔMEGA PARTICIPAÇÕES S.A.;Ações Ordinárias;;;;;Balcão Organizado;BM&FBOVESPA;BM&FBOVESPA S.A. - Bolsa de Valores, Mercadorias e Futuros;2012-10-02;;;2012-10-02;
13.444.994/0001-87;2016-01-01;6;60502;MLOG S.A.;Ações Ordinárias;;;;;Bolsa;BM&FBOVESPA;BM&FBOVESPA S.A. - Bolsa de Valores, Mercadorias e Futuros;2011-09-12;;Nível 2 de Governança Corporativa;2011-09-12;
13.584.310/0001-42;2016-01-01;3;61239;SUGOI INCORPORADORA E CONSTRUTORA S.A;Valor Mobiliário Não Registrado;;;;;Balcão Organizado;;;;;;;
13.788.120/0001-47;2016-01-01;2;54009;ELEKEIROZ S/A;Ações Ordinárias;;;;;Bolsa;BM&FBOVESPA;BM&FBOVESPA S.A. - Bolsa de Valores, Mercadorias e Futuros;1987-02-16;;Nível 2 de Governança Corporativa;1987-02-16;
14.200.586/0001-42;2016-01-01;3;60996;NAOMI PARTICIPAÇÕES S.A.;Ações Ordinárias;;;;;;;;;;;;
14.200.618/0001-00;2016-01-01;4;60753;BELEZA PARTICIPAÇÕES S.A.;Ações Ordinárias;;;;;;;;;;;;
14.200.699/0001-48;2016-01-01;1;54321;NOAH PARTICIPAÇÕES S.A.;Ações Ordinárias;;;;;;;;;;;;
14.212.464/0001-76;2016-01-01;1;54203;TGLT S/A;Certificados de depósito de valores mobiliários;;;;;Bolsa;BM&FBOVESPA;BM&FBOVESPA S.A. - Bolsa de Valores, Mercadorias e Futuros;2011-11-04;;;2011-11-04;
14.308.514/0001-13;2016-01-01;1;54362;PARTICIPAÇÕES INDUST. DO NORDESTE S.A.;Ações Ordinárias;;;;;;;;;;;;
14.388.334/0001-99;2016-01-01;1;52878;PARANA BANCO S.A.;Ações Ordinárias;;;;;Bolsa;BM&FBOVESPA;BM&FBOVESPA S.A. - Bolsa de Valores, Mercadorias e Futuros;2007-06-13;;Bovespa Mais;2007-06-13;
14.807.945/0001-24;2016-01-01;2;57117;SANSUY SA INDÚSTRIA DE PLASTICOS;Ações Ordinárias;;;;;Bolsa;BM&FBOVESPA;BM&FBOVESPA S.A. - Bolsa de Valores, Mercadorias e Futuros;1986-05-06;;Nível 2 de Governança Corporativa;1986-05-06;
14.876.090/0001-93;2016-01-01;2;61288;GAIA FLORESTAL SECURITIZADORA S.A.;Certificados de Recebíveis Imobiliários;;;;;Balcão Organizado;CETIP;CETIP;2013-02-19;;;2013-02-19;
14.876.090/0001-93;2016-01-01;2;61288;GAIA FLORESTAL SECURITIZADORA S.A.;Certificado de Recebíveis do Agronegócio;;;;;Balcão Organizado;CETIP;CETIP;2013-01-24;;;2013-01-24;
14.882.295/0001-81;2016-01-01;2;60055;OCEANA OFFSHORE S.A.;Ações Ordinárias;;;;;;;;;;;;
14.962.356/0001-10;2016-01-01;5;60738;FRIGOL FOODS PARTICIPAÇÕES S.A.;Ações Ordinárias;;;;;Bolsa;BM&FBOVESPA;BM&FBOVESPA S.A. - Bolsa de Valores, Mercadorias e Futuros;2012-10-01;2015-12-31;;2012-10-01;2015-12-31
15.073.274/0001-88;2016-01-01;1;53509;BTG PACTUAL PARTICIPATIONS, LTD;Certificados de depósito de valores mobiliários;;;;;Bolsa;BM&FBOVESPA;BM&FBOVESPA S.A. - Bolsa de Valores, Mercadorias e Futuros;2012-04-26;;;2012-04-26;
15.101.405/0001-93;2016-01-01;2;55375;CORREA RIBEIRO SA COM IND;Ações Ordinárias;;;;;Bolsa;BM&FBOVESPA;BM&FBOVESPA S.A. - Bolsa de Valores, Mercadorias e Futuros;2010-01-01;;Bovespa Mais;1977-07-20;
15.115.504/0001-24;2016-01-01;3;57119;CRISTAL PIGMENTOS DO BRASIL S.A;Ações Ordinárias;;;;;Bolsa;BM&FBOVESPA;BM&FBOVESPA S.A. - Bolsa de Valores, Mercadorias e Futuros;1970-12-23;;Nível 2 de Governança Corporativa;1970-12-23;
15.124.464/0001-87;2016-01-01;1;57123;BANCO ECONOMICO SA - EM LIQUIDAÇÃO EXTRAJUDICIAL;Ações Ordinárias;;;;;;;;;;;;
15.126.626/0001-16;2016-01-01;2;55695;IND AZULEJOS BAHIA SA;Ações Ordinárias;;;;;;;;;;;;
15.139.629/0001-94;2016-01-01;4;57930;CIA ELETRICIDADE DA BAHIA;Ações Ordinárias;;;;;Bolsa;BM&FBOVESPA;BM&FBOVESPA S.A. - Bolsa de Valores, Mercadorias e Futuros;1994-07-28;;Nível 2 de Governança Corporativa;1995-05-23;
15.141.799/0001-03;2016-01-01;4;61344;CIA FERRO LIGAS BAHIA FERBASA;Ações Ordinárias;;;;;Bolsa;BM&FBOVESPA;BM&FBOVESPA S.A. - Bolsa de Valores, Mercadorias e Futuros;2011-01-05;;Bovespa Mais;1977-01-01;
15.144.017/0001-90;2016-01-01;1;53686;CIA SEGUROS ALIANCA BAHIA;Ações Ordinárias;;;;;Bolsa;BM&FBOVESPA;BM&FBOVESPA S.A. - Bolsa de Valores, Mercadorias e Futuros;1977-07-20;;Nível 2 de Governança Corporativa;1977-07-20;
15.413.826/0001-50;2016-01-01;2;55445;Energisa Mato Grosso do Sul - Distribuidora de Energia S/A;Debêntures;;;;;Balcão Organizado;CETIP;CETIP;2014-05-31;;;2014-05-31;
15.527.906/0001-36;2016-01-01;1;53320;Biosev S.A.;Ações Ordinárias;;;;;Bolsa;BM&FBOVESPA;BM&FBOVESPA S.A. - Bolsa de Valores, Mercadorias e Futuros;2013-04-19;;Nível 1 de Governança Corporativa;2013-04-19;
15.578.569/0001-06;2016-01-01;17;60797;CONC. DO AEROPORTO INTERNACIONAL DE GUARULHOS S.A.;Debêntures;;;;;Bolsa;BM&FBOVESPA;BM&FBOVESPA S.A. - Bolsa de Valores, Mercadorias e Futuros;2014-10-27;;;2014-10-27;
15.578.569/0001-06;2016-01-01;17;60797;CONC. DO AEROPORTO INTERNACIONAL DE GUARULHOS S.A.;Debêntures;;;;;Balcão Organizado;CETIP;CETIP;2014-10-27;;;2014-10-27;
15.688.041/0001-90;2016-01-01;1;54592;MBK SECURITIZADORA SA;Certificados de Recebíveis Imobiliários;;;;;Balcão Organizado;CETIP;CETIP;2013-09-13;;;2013-09-13;
15.912.764/0001-20;2016-01-01;4;59823;SMILES S.A.;Ações Ordinárias;;;;;Bolsa;BM&FBOVESPA;BM&FBOVESPA S.A. - Bolsa de Valores, Mercadorias e Futuros;2013-04-26;;Nível 1 de Governança Corporativa;2013-04-26;
15.914.972/0001-69;2016-01-01;4;59376;AR CAPITAL SECURITIES COMPANHIA SECURITIZADORA S.A.;Certificados de Recebíveis Imobiliários;;;;;Balcão Organizado;CETIP;CETIP;2014-03-26;;;2014-03-26;
16.234.171/0001-15;2016-01-01;2;56930;METANOR SA METANOL DO NE;Ações Ordinárias;;;;;Balcão Não-Organizado;;;;;;1974-12-26;
16.234.627/0001-47;2016-01-01;1;57496;COMPANHIA PETROQUÍMICA DO NORDESTE;Letras Financeiras;;;;;Balcão Não-Organizado;;;;;;;
16.404.287/0001-55;2016-01-01;2;57146;SUZANO PAPEL E CELULOSE SA;Ações Ordinárias;;;;;Bolsa;BM&FBOVESPA;BM&FBOVESPA S.A. - Bolsa de Valores, Mercadorias e Futuros;2004-07-26;;Bovespa Mais;1992-04-15;
16.590.234/0001-76;2016-01-01;3;55713;AREZZO INDÚSTRIA E COMERCIO S/A;Ações Ordinárias;;;;;Bolsa;BM&FBOVESPA;BM&FBOVESPA S.A. - Bolsa de Valores, Mercadorias e Futuros;2011-02-02;;Nível 1 de Governança Corporativa;2011-02-02;
16.614.075/0001-00;2016-01-01;1;54040;DIRECIONAL ENGENHARIA SA;Ações Ordinárias;;;;;Bolsa;BM&FBOVESPA;BM&FBOVESPA S.A. - Bolsa de Valores, Mercadorias e Futuros;2009-11-19;;Nível 1 de Governança Corporativa;2009-11-19;
16.614.075/0001-00;2016-01-01;1;54040;DIRECIONAL ENGENHARIA SA;Debêntures;;;;;Balcão Organizado;CETIP;CETIP;2013-04-29;;;2013-04-29;
16.670.085/0001-55;2016-01-01;1;53781;LOCALIZA RENT A CAR SA;Ações Ordinárias;;;;;Bolsa;BM&FBOVESPA;BM&FBOVESPA S.A. - Bolsa de Valores, Mercadorias e Futuros;2005-05-23;;Nível 1 de Governança Corporativa;2005-05-06;
16.670.085/0001-55;2016-01-01;1;53781;LOCALIZA RENT A CAR SA;Debêntures;;;;;Bolsa;BM&FBOVESPA;BM&FBOVESPA S.A. - Bolsa de Valores, Mercadorias e Futuros;2007-07-10;;;2007-07-02;
16.670.085/0001-55;2016-01-01;1;53781;LOCALIZA RENT A CAR SA;Debêntures;;;;;Balcão Organizado;CETIP;CETIP;2010-05-10;;;2010-05-05;
16.670.085/0001-55;2016-01-01;1;53781;LOCALIZA RENT A CAR SA;Nota Comercial;;;;;Balcão Organizado;CETIP;CETIP;2010-12-29;;;2010-12-29;
17.155.730/0001-64;2016-01-01;3;61598;CIA ENERG MINAS GERAIS - CEMIG;Ações Ordinárias;;;;;Bolsa;BM&FBOVESPA;BM&FBOVESPA S.A. - Bolsa de Valores, Mercadorias e Futuros;2001-10-01;;Bovespa Mais;1972-01-14;
17.159.005/0001-64;2016-01-01;4;61267;FIACAO TECELAGEM SAO JOSE SA - EM RECUPERAÇÃO JUDICIAL;Ações Ordinárias;;;;;Bolsa;BM&FBOVESPA;BM&FBOVESPA S.A. - Bolsa de Valores, Mercadorias e Futuros;1972-01-18;;Nível 2 de Governança Corporativa;1972-01-18;
17.161.241/0001-15;2016-01-01;1;53880;MINASMAQUINAS SA;Ações Ordinárias;;;;;Bolsa;BM&FBOVESPA;BM&FBOVESPA S.A. - Bolsa de Valores, Mercadorias e Futuros;2015-01-01;2015-12-31;Bovespa Mais;2015-01-01;2015-12-31
17.162.082/0001-73;2016-01-01;3;59963;MENDES JUNIOR ENGENHARIA SA;Ações Ordinárias;;;;;Bolsa;BM&FBOVESPA;BM&FBOVESPA S.A. - Bolsa de Valores, Mercadorias e Futuros;1977-07-20;;Nível 2 de Governança Corporativa;1977-07-20;
17.162.082/0001-73;2016-01-01;3;59963;MENDES JUNIOR ENGENHARIA SA;Debêntures;;;;;Balcão Organizado;CETIP;CETIP;1977-07-20;;;1977-07-20;
17.167.396/0001-69;2016-01-01;2;55311;ALFA HOLDINGS SA;Ações Ordinárias;;;;;Bolsa;BM&FBOVESPA;BM&FBOVESPA S.A. - Bolsa de Valores, Mercadorias e Futuros;1977-07-20;;Nível 2 de Governança Corporativa;1977-07-20;
17.167.412/0001-13;2016-01-01;2;55310;FINANCEIRA ALFA S.A.- C.F.I;Ações Ordinárias;;;;;Bolsa;BM&FBOVESPA;BM&FBOVESPA S.A. - Bolsa de Valores, Mercadorias e Futuros;1977-07-20;;Nível 2 de Governança Corporativa;1977-07-20;
17.184.037/0001-10;2016-01-01;2;55418;BANCO MERCANTIL BRASIL SA;Ações Ordinárias;;;;;Bolsa;BM&FBOVESPA;BM&FBOVESPA S.A. - Bolsa de Valores, Mercadorias e Futuros;1977-07-20;;Nível 2 de Governança Corporativa;1977-07-20;
17.193.806/0001-46;2016-01-01;2;55312;CONSORCIO ALFA DE ADMINISTRAÇÃO SA;Ações Ordinárias;;;;;Bolsa;BM&FBOVESPA;BM&FBOVESPA S.A. - Bolsa de Valores, Mercadorias e Futuros;1977-07-20;;Nível 2 de Governança Corporativa;1977-07-20;
17.245.234/0001-00;2016-01-01;2;56867;COMPANHIA DE FIACAO E TECIDOS CEDRO E CACHOEIRA;Ações Ordinárias;;;;;Bolsa;BM&FBOVESPA;BM&FBOVESPA S.A. - Bolsa de Valores, Mercadorias e Futuros;2003-09-01;;Bovespa Mais;1971-12-22;
17.281.106/0001-03;2016-01-01;3;58047;COMPANHIA DE SANEAMENTO DE MINAS GERAIS;Ações Ordinárias;;;;;Bolsa;BM&FBOVESPA;BM&FBOVESPA S.A. - Bolsa de Valores, Mercadorias e Futuros;2006-02-08;;Nível 1 de Governança Corporativa;2006-02-08;
17.314.329/0001-20;2016-01-01;3;55069;INTERNATIONAL MEAL COMPANY ALIMENTAÇÃO S.A.;Ações Ordinárias;;;;;Bolsa;BM&FBOVESPA;BM&FBOVESPA S.A. - Bolsa de Valores, Mercadorias e Futuros;2015-03-23;;Nível 1 de Governança Corporativa;2015-03-23;
17.344.597/0001-94;2016-01-01;3;59877;BB SEGURIDADE PARTICIPAÇÕES S.A.;Ações Ordinárias;;;;;Bolsa;BM&FBOVESPA;BM&FBOVESPA S.A. - Bolsa de Valores, Mercadorias e Futuros;2013-04-29;;Nível 1 de Governança Corporativa;2013-04-29;
17.346.997/0001-39;2016-01-01;4;57756;COSAN LOGISTICA S.A.;Ações Ordinárias;;;;;;;;;;;;
19.133.012/0001-12;2016-01-01;2;61463;RENOVA COMPANHIA SECURITIZADORA DE CRÉDITOS FINANCEIROS S.A.;Debêntures;;;;;Balcão Organizado;CETIP;CETIP;2014-04-24;;;2014-04-24;
19.526.748/0001-50;2016-01-01;4;57890;COMPANHIA INDUSTRIAL CATAGUASES;Ações Ordinárias;;;;;Balcão Não-Organizado;;;;;;2014-01-01;
19.642.306/0001-70;2016-01-01;7;61502;CONCESSIONÁRIA DE RODOVIA SUL-MATOGROSSENSE S.A.;Valor Mobiliário Não Registrado;;;;;;;;;;;;
19.851.496/0001-35;2016-01-01;2;58397;LOGOS COMPANHIA SECURITIZADORA S/A;Certificados de Recebíveis Imobiliários;;;;;Balcão Organizado;CETIP;CETIP;2014-10-24;;;2014-10-24;
20.258.278/0001-70;2016-01-01;3;59411;OURO FINO SAUDE ANIMAL PARTICIPACOES S.A.;Ações Ordinárias;;;;;Bolsa;BM&FBOVESPA;BM&FBOVESPA S.A. - Bolsa de Valores, Mercadorias e Futuros;2014-10-17;;Nível 1 de Governança Corporativa;2014-10-21;
20.646.442/0001-17;2016-01-01;2;61519;GAIA CRED SECURITIZADORA DE CRÉDITOS FINANCEIROS S.A.;Debêntures;;;;;Balcão Organizado;CETIP;CETIP;2015-12-16;;;2015-12-16;
21.255.567/0001-89;2016-01-01;2;59880;CIA TECIDOS SANTANENSE;Ações Ordinárias;;;;;Bolsa;BM&FBOVESPA;BM&FBOVESPA S.A. - Bolsa de Valores, Mercadorias e Futuros;1984-12-20;;Nível 2 de Governança Corporativa;1984-12-20;
21.262.638/0001-70;2016-01-01;2;57064;ENCALSO PARTICIPAÇÕES EM CONCESSÕES S/A;Valor Mobiliário Não Registrado;;;;;Bolsa;;;;;;;
21.314.559/0001-66;2016-01-01;3;60018;MOVIDA PARTICIPAÇÕES S.A.;Ações Ordinárias;;;;;;;;;;;;
21.610.416/0001-00;2016-01-01;2;57277;FORTUNATO SECURITIZADORA S/A;Debêntures;;;;;Balcão Não-Organizado;;;;;;2015-03-16;
21.948.105/0001-47;2016-01-01;1;53650;BTGI Quartzo Participações S.A.;Ações Ordinárias;;;;;Balcão Não-Organizado;;;;;;2016-02-19;
21.976.510/0001-79;2016-01-01;1;53765;BTGI Safira Participações S.A.;Ações Ordinárias;;;;;Balcão Não-Organizado;;;;;;2016-02-19;
21.987.030/0001-03;2016-01-01;2;56419;FINSBURY PARTICIPAÇÕES S.A.;Ações Ordinárias;;;;;;;;;;;;
21.987.041/0001-93;2016-01-01;2;56459;FOXFIELD PARTICIPAÇÕES S.A.;Ações Ordinárias;;;;;;;;;;;;
21.987.053/0001-18;2016-01-01;2;56453;FOURSTONES PARTICIPAÇÕES S.A.;Ações Ordinárias;;;;;;;;;;;;
21.987.068/0001-86;2016-01-01;2;56447;FRIESTON PARTICIPAÇÕES S.A.;Ações Ordinárias;;;;;;;;;;;;
22.131.736/0001-31;2016-01-01;2;55098;RR Casa de Investimentos e Participações S.A.;Valor Mobiliário Não Registrado;;;;;;;;;;;;
22.266.175/0001-88;2016-01-01;1;53975;FERTILIZANTES HERINGER SA;Ações Ordinárias;;;;;Bolsa;BM&FBOVESPA;BM&FBOVESPA S.A. - Bolsa de Valores, Mercadorias e Futuros;2007-04-10;;Nível 1 de Governança Corporativa;2007-04-10;
22.495.265/0001-40;2016-01-01;2;57400;SENECA COMPANHIA SECURITIZADORA;Debêntures;;;;;Balcão Não-Organizado;;;;;;2015-09-09;
22.543.331/0001-00;2016-01-01;3;56219;CAIXA SEGURIDADE PARTICIPAÇÕES S.A.;Ações Ordinárias;;;;;;;;;;;;
22.677.520/0001-76;2016-01-01;2;59879;CIA TECIDOS NORTE DE MINAS - COTEMINAS;Ações Ordinárias;;;;;Bolsa;BM&FBOVESPA;BM&FBOVESPA S.A. - Bolsa de Valores, Mercadorias e Futuros;1971-02-11;;Nível 2 de Governança Corporativa;1971-02-11;
22.770.366/0001-82;2016-01-01;2;55775;TEC TOY S/A;Ações Ordinárias;;;;;Bolsa;BM&FBOVESPA;BM&FBOVESPA S.A. - Bolsa de Valores, Mercadorias e Futuros;2001-03-31;;Nível 2 de Governança Corporativa;2001-03-31;
24.955.657/0001-70;2016-01-01;1;59920;TRIUNFO SECURITIZADORA DE ATIVOS S/A;Debêntures;;;;;Balcão Não-Organizado;;;;;;2016-06-20;
24.962.466/0001-36;2016-01-01;3;58819;ALL - AMÉRICA LATINA LOGÍSTICA MALHA NORTE S.A.;Debêntures;;;;;;;;;;;;
25.089.509/0001-83;2016-01-01;1;53053;Companhia de Saneamento do Tocantins - SANEATINS;Debêntures;;;;;Balcão Organizado;CETIP;CETIP;2012-09-27;;;2012-09-27;
25.089.509/0001-83;2016-01-01;1;53053;Companhia de Saneamento do Tocantins - SANEATINS;Nota Comercial;;;;;Balcão Organizado;CETIP;CETIP;2015-06-09;;;2015-06-09;
25.329.319/0001-96;2016-01-01;2;59881;WEMBLEY SOCIEDADE ANÔNIMA;Ações Ordinárias;;;;;Bolsa;BM&FBOVESPA;BM&FBOVESPA S.A. - Bolsa de Valores, Mercadorias e Futuros;1973-10-08;;Nível 2 de Governança Corporativa;1973-10-08;
27.093.558/0001-15;2016-01-01;5;56567;MILLS ESTRUTURAS E SERVI?OS DE ENGENHARIA S/A;Ações Ordinárias;;;;;Bolsa;BM&FBOVESPA;BM&FBOVESPA S.A. - Bolsa de Valores, Mercadorias e Futuros;2010-04-14;;Nível 1 de Governança Corporativa;2010-04-14;
28.127.603/0001-78;2016-01-01;2;60066;BANESTES SA BANCO DO ESTADO DO ESPIRITO SANTO;Ações Ordinárias;;;;;Bolsa;BM&FBOVESPA;BM&FBOVESPA S.A. - Bolsa de Valores, Mercadorias e Futuros;1977-07-20;;Nível 2 de Governança Corporativa;1977-07-20;
28.152.650/0001-71;2016-01-01;4;58237;ESPIRITO SANTO CENTRAIS ELETRICAS SA;Debêntures;;;;;Balcão Organizado;CETIP;CETIP;2014-08-27;;;2014-08-27;
28.195.667/0001-06;2016-01-01;3;58547;BANCO ABC BRASIL S/A;Ações Ordinárias;;;;;Bolsa;BM&FBOVESPA;BM&FBOVESPA S.A. - Bolsa de Valores, Mercadorias e Futuros;2007-07-23;;Bovespa Mais N2;2007-07-23;
29.780.061/0001-09;2016-01-01;3;55482;SÃO CARLOS EMPREENDS E PARTICIPAÇÕES S.A;Ações Ordinárias;;;;;Bolsa;BM&FBOVESPA;BM&FBOVESPA S.A. - Bolsa de Valores, Mercadorias e Futuros;2006-12-13;;Nível 1 de Governança Corporativa;1999-09-20;
29.950.060/0001-57;2016-01-01;2;55043;NORTEC QUÍMICA S.A.;Ações Ordinárias;;;;;;;;;;;;
29.978.814/0001-87;2016-01-01;1;53587;SUL AMERICA S/A;Debêntures;;;;;Balcão Organizado;CETIP;CETIP;2012-02-17;;;2012-02-17;
29.978.814/0001-87;2016-01-01;1;53587;SUL AMERICA S/A;Certificados de Depósito de Valores Mobiliários;;;;;Bolsa;BM&FBOVESPA;BM&FBOVESPA S.A. - Bolsa de Valores, Mercadorias e Futuros;2007-10-05;;;2007-10-05;
30.306.294/0001-45;2016-01-01;1;53508;BANCO BTG PACTUAL S/A;Certificados de Depósito de Valores Mobiliários;;;;;Bolsa;BM&FBOVESPA;BM&FBOVESPA S.A. - Bolsa de Valores, Mercadorias e Futuros;2012-04-26;;;2012-04-26;
30.540.991/0001-66;2016-01-01;1;54479;HAGA S.A. INDÚSTRIA E COMÉRCIO;Ações Ordinárias;;;;;Bolsa;BM&FBOVESPA;BM&FBOVESPA S.A. - Bolsa de Valores, Mercadorias e Futuros;1988-09-01;;Nível 2 de Governança Corporativa;1988-09-01;
32.681.371/0001-72;2016-01-01;3;56339;VIX LOGÍSTICA S/A;Debêntures;;;;;Balcão Organizado;CETIP;CETIP;2010-09-10;;;2010-09-10;
33.000.167/0001-01;2016-01-01;4;58020;PETRÓLEO BRASILEIRO S.A. - PETROBRAS;Ações Ordinárias;;;;;Bolsa;BM&FBOVESPA;BM&FBOVESPA S.A. - Bolsa de Valores, Mercadorias e Futuros;1968-08-27;;Nível 2 de Governança Corporativa;1968-08-27;
33.000.167/0001-01;2016-01-01;4;58020;PETRÓLEO BRASILEIRO S.A. - PETROBRAS;Debêntures;;;;;Balcão Organizado;CETIP;CETIP;2014-06-13;;;2014-06-13;
33.014.556/0001-96;2016-01-01;2;55031;LOJAS AMERICANAS SA;Ações Ordinárias;;;;;Bolsa;BM&FBOVESPA;BM&FBOVESPA S.A. - Bolsa de Valores, Mercadorias e Futuros;1977-07-20;;Nível 2 de Governança Corporativa;1977-07-20;
33.035.536/0001-00;2016-01-01;1;54658;JOAO FORTES ENGENHARIA SA;Ações Ordinárias;;;;;Bolsa;BM&FBOVESPA;BM&FBOVESPA S.A. - Bolsa de Valores, Mercadorias e Futuros;1973-09-17;;Nível 2 de Governança Corporativa;1973-09-17;
33.040.601/0001-87;2016-01-01;2;55421;MERCANTIL DO BR FINC SA CFI;Ações Ordinárias;;;;;Bolsa;BM&FBOVESPA;BM&FBOVESPA S.A. - Bolsa de Valores, Mercadorias e Futuros;1977-07-20;;Nível 2 de Governança Corporativa;1977-07-20;
33.041.260/0652-90;2016-01-01;3;60311;VIA VAREJO S/A;Ações Ordinárias;;;;;Bolsa;BM&FBOVESPA;BM&FBOVESPA S.A. - Bolsa de Valores, Mercadorias e Futuros;1981-11-24;;Nível 2 de Governança Corporativa;1981-11-24;
33.041.260/0652-90;2016-01-01;3;60311;VIA VAREJO S/A;Debêntures;;;;;Balcão Organizado;CETIP;CETIP;2012-01-31;;;2012-01-31;
33.042.730/0001-04;2016-01-01;6;61610;CIA SIDERURGICA NACIONAL;Ações Ordinárias;;;;;Bolsa;BM&FBOVESPA;BM&FBOVESPA S.A. - Bolsa de Valores, Mercadorias e Futuros;1973-07-09;;Nível 2 de Governança Corporativa;1973-07-09;
33.042.730/0001-04;2016-01-01;6;61610;CIA SIDERURGICA NACIONAL;Debêntures;;;;;Balcão Organizado;CETIP;CETIP;2011-07-20;;;2011-07-20;
33.050.071/0001-58;2016-01-01;7;61481;AMPLA ENERGIA E SERVIÇOS S.A.;Ações Ordinárias;;;;;Bolsa;BM&FBOVESPA;BM&FBOVESPA S.A. - Bolsa de Valores, Mercadorias e Futuros;1973-11-30;;Nível 2 de Governança Corporativa;1969-08-15;
33.050.071/0001-58;2016-01-01;7;61481;AMPLA ENERGIA E SERVIÇOS S.A.;Debêntures;;;;;Balcão Organizado;CETIP;CETIP;1999-01-07;;;1999-01-07;
33.066.408/0001-15;2016-01-01;1;54946;CIA MODELO;Ações Ordinárias;;;;;;;;;;;;
33.102.476/0001-92;2016-01-01;3;59592;MONTEIRO ARANHA SA;Ações Ordinárias;;;;;Bolsa;BM&FBOVESPA;BM&FBOVESPA S.A. - Bolsa de Valores, Mercadorias e Futuros;1989-06-22;;Nível 2 de Governança Corporativa;1989-06-22;
33.111.246/0001-90;2016-01-01;2;56261;TECNOSOLO S/A - EM RECUPERAÇÃO JUDICIAL;Ações Ordinárias;;;;;Bolsa;BM&FBOVESPA;BM&FBOVESPA S.A. - Bolsa de Valores, Mercadorias e Futuros;1977-07-20;;Nível 2 de Governança Corporativa;1977-07-20;
33.113.309/0001-47;2016-01-01;1;54073;VALID SOLUÇÕES E SERV. SEG. MEIOS PAG. IDENT. S.A.;Ações Ordinárias;;;;;Bolsa;BM&FBOVESPA;BM&FBOVESPA S.A. - Bolsa de Valores, Mercadorias e Futuros;2006-04-27;;Nível 1 de Governança Corporativa;2006-04-27;
33.200.049/0001-47;2016-01-01;3;59380;HOTEIS OTHON SA;Ações Ordinárias;;;;;Bolsa;BM&FBOVESPA;BM&FBOVESPA S.A. - Bolsa de Valores, Mercadorias e Futuros;1980-08-08;;Nível 2 de Governança Corporativa;1980-08-08;
33.228.024/0001-51;2016-01-01;3;58309;WLM INDÚSTRIA E COMÉRCIO S.A.;Ações Ordinárias;;;;;Bolsa;BM&FBOVESPA;BM&FBOVESPA S.A. - Bolsa de Valores, Mercadorias e Futuros;1971-01-07;;Nível 2 de Governança Corporativa;1971-01-07;
33.256.439/0001-39;2016-01-01;3;60511;ULTRAPAR PARTICIPAÇÕES SA;Debêntures;;;;;Balcão Organizado;CETIP;CETIP;2009-05-13;;;2009-05-13;
33.256.439/0001-39;2016-01-01;3;60511;ULTRAPAR PARTICIPAÇÕES SA;Ações Ordinárias;;;;;Bolsa;BM&FBOVESPA;BM&FBOVESPA S.A. - Bolsa de Valores, Mercadorias e Futuros;2011-08-17;;Nível 1 de Governança Corporativa;2011-08-17;
33.352.394/0001-04;2016-01-01;4;59472;CIA ESTADUAL DE ÁGUAS E ESGOTOS - CEDAE;Debêntures;;;;;Balcão Organizado;CETIP;CETIP;2012-03-08;;;2012-03-08;
33.386.210/0001-19;2016-01-01;2;57081;SONDOTECNICA ENGENHARIA DE SOLOS S/A.;Ações Ordinárias;;;;;Bolsa;BM&FBOVESPA;BM&FBOVESPA S.A. - Bolsa de Valores, Mercadorias e Futuros;1980-08-19;;Nível 2 de Governança Corporativa;1980-08-19;
33.412.081/0001-96;2016-01-01;4;59260;REFINARIA PET MANGUINHOS SA;Ações Ordinárias;;;;;Bolsa;BM&FBOVESPA;BM&FBOVESPA S.A. - Bolsa de Valores, Mercadorias e Futuros;1973-09-28;;Nível 2 de Governança Corporativa;1972-06-23;
33.467.572/0001-34;2016-01-01;1;54549;TEKNO S.A. INDÚSTRIA E COMÉRCIO;Ações Ordinárias;;;;;Bolsa;BM&FBOVESPA;BM&FBOVESPA S.A. - Bolsa de Valores, Mercadorias e Futuros;1977-07-20;;Nível 2 de Governança Corporativa;1977-07-20;
33.541.368/0001-16;2016-01-01;2;55546;CIA HIDRO ELÉTRICA DO SÃO FRANCISCO;Ações Ordinárias;;;;;Balcão Não-Organizado;;;;;;1969-12-19;
33.592.510/0001-54;2016-01-01;5;58358;VALE S.A.;Ações Ordinárias;;;;;Bolsa;BM&FBOVESPA;BM&FBOVESPA S.A. - Bolsa de Valores, Mercadorias e Futuros;2003-12-12;;Bovespa Mais;1968-04-01;
33.592.510/0001-54;2016-01-01;5;58358;VALE S.A.;Debêntures;;;;;Balcão Organizado;CETIP;CETIP;2002-10-28;;;2002-10-28;
33.611.500/0001-19;2016-01-01;1;53629;GERDAU SA;Ações Ordinárias;;;;;Bolsa;BM&FBOVESPA;BM&FBOVESPA S.A. - Bolsa de Valores, Mercadorias e Futuros;2001-06-26;;Bovespa Mais;1980-09-03;
33.937.681/0001-78;2016-01-01;2;54564;LATAM AIRLINES GROUP S.A.;Certificados de depósito de valores mobiliários;;;;;Bolsa;BM&FBOVESPA;BM&FBOVESPA S.A. - Bolsa de Valores, Mercadorias e Futuros;2012-06-27;;;2012-02-27;
33.938.119/0001-69;2016-01-01;1;54483;CIA. DISTRIB. DE GÁS DO RIO DE JANEIRO;Ações Ordinárias;;;;;Bolsa;BM&FBOVESPA;BM&FBOVESPA S.A. - Bolsa de Valores, Mercadorias e Futuros;1997-11-17;;Nível 2 de Governança Corporativa;1997-11-17;
33.958.695/0001-78;2016-01-01;2;58069;UNIPAR CARBOCLORO S.A.;Ações Ordinárias;;;;;Bolsa;BM&FBOVESPA;BM&FBOVESPA S.A. - Bolsa de Valores, Mercadorias e Futuros;1980-06-04;;Nível 2 de Governança Corporativa;1980-06-04;
34.169.557/0001-72;2016-01-01;4;61160;BCO MERCANTIL INVS SA;Ações Ordinárias;;;;;Bolsa;BM&FBOVESPA;BM&FBOVESPA S.A. - Bolsa de Valores, Mercadorias e Futuros;1977-07-20;;Nível 2 de Governança Corporativa;1977-07-20;
34.265.561/0001-34;2016-01-01;3;58123;BMG LEASING S.A. - ARREND. MERCANTIL;Debêntures;;;;;Balcão Não-Organizado;;;;;;2010-01-01;
35.791.391/0001-94;2016-01-01;3;59578;QUALITY SOFTWARE S.A.;Ações Ordinárias;;;;;Bolsa;BM&FBOVESPA;BM&FBOVESPA S.A. - Bolsa de Valores, Mercadorias e Futuros;2013-12-03;2013-12-03;;2013-12-03;2013-12-03
36.542.025/0001-64;2016-01-01;5;57169;BRQ SOLUCOES EM INFORMATICA S.A;Ações Ordinárias;;;;;Bolsa;BM&FBOVESPA;BM&FBOVESPA S.A. - Bolsa de Valores, Mercadorias e Futuros;2016-01-13;;;2016-01-11;
42.150.391/0001-70;2016-01-01;2;54943;BRASKEM S.A.;Ações Ordinárias;;;;;Bolsa;BM&FBOVESPA;BM&FBOVESPA S.A. - Bolsa de Valores, Mercadorias e Futuros;1980-11-11;;Bovespa Mais;1978-12-18;
42.278.291/0001-24;2016-01-01;3;61413;LOG-IN LOGISTICA INTERMODAL SA;Ações Ordinárias;;;;;Bolsa;BM&FBOVESPA;BM&FBOVESPA S.A. - Bolsa de Valores, Mercadorias e Futuros;2007-06-21;;Nível 1 de Governança Corporativa;2007-06-21;
42.278.291/0001-24;2016-01-01;3;61413;LOG-IN LOGISTICA INTERMODAL SA;Bônus de Subscrição;;;;;Bolsa;BM&FBOVESPA;BM&FBOVESPA S.A. - Bolsa de Valores, Mercadorias e Futuros;2016-09-29;;;2016-09-29;
42.278.473/0001-03;2016-01-01;2;59630;FPC PAR CORRETORA DE SEGUROS S.A.;Ações Ordinárias;;;;;Bolsa;BM&FBOVESPA;BM&FBOVESPA S.A. - Bolsa de Valores, Mercadorias e Futuros;2015-06-05;;Nível 1 de Governança Corporativa;2015-06-05;
42.331.462/0001-31;2016-01-01;2;56119;BATTISTELLA ADM E PARTICIPAÇÕES S A;Ações Ordinárias;;;;;Bolsa;BM&FBOVESPA;BM&FBOVESPA S.A. - Bolsa de Valores, Mercadorias e Futuros;1996-03-14;;Nível 2 de Governança Corporativa;1996-03-14;
42.771.949/0001-35;2016-01-01;2;60477;Centro de Imagem Diagnósticos S.A;Ações Ordinárias;;;;;Bolsa;BM&FBOVESPA;BM&FBOVESPA S.A. - Bolsa de Valores, Mercadorias e Futuros;2016-10-28;;Nível 1 de Governança Corporativa;2016-10-28;
43.185.362/0001-07;2016-01-01;1;56732;GRADIENTE ELETRONICA S A;Ações Ordinárias;;;;;Bolsa;BM&FBOVESPA;BM&FBOVESPA S.A. - Bolsa de Valores, Mercadorias e Futuros;1973-12-19;;Nível 2 de Governança Corporativa;1973-12-19;
43.470.988/0001-65;2016-01-01;1;52653;EVEN CONSTRUTORA E INCORPORADORA S/A;Ações Ordinárias;;;;;Bolsa;BM&FBOVESPA;BM&FBOVESPA S.A. - Bolsa de Valores, Mercadorias e Futuros;2007-03-02;;Nível 1 de Governança Corporativa;2007-03-02;
43.776.517/0001-80;2016-01-01;3;61350;CIA SANEAMENTO BÁSICO ESTADO SÃO PAULO;Ações Ordinárias;;;;;Bolsa;BM&FBOVESPA;BM&FBOVESPA S.A. - Bolsa de Valores, Mercadorias e Futuros;2002-04-24;;Nível 1 de Governança Corporativa;1997-06-04;
43.776.517/0001-80;2016-01-01;3;61350;CIA SANEAMENTO BÁSICO ESTADO SÃO PAULO;Debêntures;;;;;Balcão Organizado;CETIP;CETIP;2012-02-15;;;2012-02-15;
45.453.214/0001-51;2016-01-01;3;57821;PROFARMA DISTRIB. PRODUTOS FARMACEUTICOS;Ações Ordinárias;;;;;Bolsa;BM&FBOVESPA;BM&FBOVESPA S.A. - Bolsa de Valores, Mercadorias e Futuros;2006-11-16;;Nível 1 de Governança Corporativa;2006-11-16;
45.987.245/0001-92;2016-01-01;5;59775;BAHEMA SA;Ações Ordinárias;;;;;Bolsa;BM&FBOVESPA;BM&FBOVESPA S.A. - Bolsa de Valores, Mercadorias e Futuros;1974-01-02;;Nível 2 de Governança Corporativa;1974-01-02;
46.014.635/0001-49;2016-01-01;2;59906;CONST LIX DA CUNHA SA;Ações Ordinárias;;;;;Bolsa;BM&FBOVESPA;BM&FBOVESPA S.A. - Bolsa de Valores, Mercadorias e Futuros;1977-07-20;;Nível 2 de Governança Corporativa;1977-07-20;
46.119.855/0001-37;2016-01-01;2;55749;SOC.DE ABASTEC.DE ÁGUA E SANEAMENTO S.A.;Debêntures;;;;;;;;;;;;
47.193.149/0001-06;2016-01-01;4;59782;SANTANDER LEASING S.A. ARRENDAMENTO MERCANTIL;Debêntures;;;;;Balcão Organizado;CETIP;CETIP;2012-07-25;;;2012-07-25;
47.508.411/0001-56;2016-01-01;5;60233;COMPANHIA BRASILEIRA DE DISTRIBUIÇÃO;Ações Ordinárias;;;;;Bolsa;BM&FBOVESPA;BM&FBOVESPA S.A. - Bolsa de Valores, Mercadorias e Futuros;2003-03-31;;Bovespa Mais;1995-09-22;
47.509.120/0001-82;2016-01-01;4;61496;BRADESCO LEASING S.A. - ARRENDAMENTO MERCANTIL;Debêntures;;;;;Balcão Organizado;CETIP;CETIP;2004-11-24;;;2004-11-24;
47.960.950/0001-21;2016-01-01;2;57225;MAGAZINE LUIZA S.A;Ações Ordinárias;;;;;Bolsa;BM&FBOVESPA;BM&FBOVESPA S.A. - Bolsa de Valores, Mercadorias e Futuros;2011-05-02;;Nível 1 de Governança Corporativa;2011-05-02;
49.263.189/0001-02;2016-01-01;3;61265;HELBOR EMPREENDIMENTOS S/A;Ações Ordinárias;;;;;Bolsa;BM&FBOVESPA;BM&FBOVESPA S.A. - Bolsa de Valores, Mercadorias e Futuros;2007-10-29;;Nível 1 de Governança Corporativa;2007-10-29;
49.669.856/0001-43;2016-01-01;2;54132;RESTOQUE COMÉRCIO E CONFECÇÕES DE ROUPAS S.A.;Ações Ordinárias;;;;;Bolsa;BM&FBOVESPA;BM&FBOVESPA S.A. - Bolsa de Valores, Mercadorias e Futuros;2008-04-29;;Nível 1 de Governança Corporativa;2008-04-28;
50.564.053/0001-03;2016-01-01;2;55557;BOMBRIL SA;Ações Ordinárias;;;;;Bolsa;BM&FBOVESPA;BM&FBOVESPA S.A. - Bolsa de Valores, Mercadorias e Futuros;1984-09-26;;Nível 2 de Governança Corporativa;1984-09-26;
50.746.577/0001-15;2016-01-01;5;58086;COSAN SA INDUSTRIA E COMERCIO;Ações Ordinárias;;;;;Bolsa;BM&FBOVESPA;BM&FBOVESPA S.A. - Bolsa de Valores, Mercadorias e Futuros;2005-11-17;;Nível 1 de Governança Corporativa;2005-11-17;
50.926.955/0001-42;2016-01-01;2;60604;VULCABRAS SA;Ações Ordinárias;;;;;Bolsa;BM&FBOVESPA;BM&FBOVESPA S.A. - Bolsa de Valores, Mercadorias e Futuros;1977-07-20;;Nível 2 de Governança Corporativa;1977-07-20;
51.128.999/0001-90;2016-01-01;3;56417;NUTRIPLANT INDUSTRIA E COMÉRCIO S/A;Ações Ordinárias;;;;;Bolsa;BM&FBOVESPA;BM&FBOVESPA S.A. - Bolsa de Valores, Mercadorias e Futuros;2008-02-13;;;2008-02-13;
51.218.147/0001-93;2016-01-01;2;55533;IGUATEMI EMPRESA DE SHOPPING CENTERS S/A;Ações Ordinárias;;;;;Bolsa;BM&FBOVESPA;BM&FBOVESPA S.A. - Bolsa de Valores, Mercadorias e Futuros;2007-07-02;;Nível 1 de Governança Corporativa;2007-07-02;
51.466.860/0001-56;2016-01-01;1;52885;SÃO MARTINHO SA;Ações Ordinárias;;;;;Bolsa;BM&FBOVESPA;BM&FBOVESPA S.A. - Bolsa de Valores, Mercadorias e Futuros;2007-02-09;;Nível 1 de Governança Corporativa;2007-02-09;
51.928.174/0001-50;2016-01-01;1;53163;PLASCAR PARTICIPAÇÕES INDUSTRIAIS S.A;Ações Ordinárias;;;;;Bolsa;BM&FBOVESPA;BM&FBOVESPA S.A. - Bolsa de Valores, Mercadorias e Futuros;1989-04-19;;Nível 2 de Governança Corporativa;1989-04-19;
52.548.435/0001-79;2016-01-01;2;56145;JSL S.A.;Ações Ordinárias;;;;;Bolsa;BM&FBOVESPA;BM&FBOVESPA S.A. - Bolsa de Valores, Mercadorias e Futuros;2010-04-20;;Nível 1 de Governança Corporativa;2010-04-20;
52.548.435/0001-79;2016-01-01;2;56145;JSL S.A.;Debêntures;;;;;Balcão Organizado;CETIP;CETIP;2010-12-20;;;2010-12-20;
53.113.791/0001-22;2016-01-01;2;61638;TOTVS S.A;Ações Ordinárias;;;;;Bolsa;BM&FBOVESPA;BM&FBOVESPA S.A. - Bolsa de Valores, Mercadorias e Futuros;2006-03-07;;Nível 1 de Governança Corporativa;2006-03-07;
53.790.218/0001-53;2016-01-01;3;55735;JEREISSATI TELECOM S/A;Ações Ordinárias;;;;;Bolsa;BM&FBOVESPA;BM&FBOVESPA S.A. - Bolsa de Valores, Mercadorias e Futuros;1985-01-04;;Nível 2 de Governança Corporativa;1985-01-04;
54.526.082/0001-31;2016-01-01;2;55027;ITAUTEC S.A. - GRUPO ITAUTEC;Ações Ordinárias;;;;;Bolsa;BM&FBOVESPA;BM&FBOVESPA S.A. - Bolsa de Valores, Mercadorias e Futuros;1985-11-14;;Nível 2 de Governança Corporativa;1985-11-14;
56.643.018/0001-66;2016-01-01;3;55487;EUCATEX SA IND E COMERCIO;Ações Ordinárias;;;;;Bolsa;BM&FBOVESPA;BM&FBOVESPA S.A. - Bolsa de Valores, Mercadorias e Futuros;2012-07-01;;Bovespa Mais;1969-08-20;
56.720.428/0001-63;2016-01-01;1;53390;INDÚSTRIAS ROMI S.A.;Ações Ordinárias;;;;;Bolsa;BM&FBOVESPA;BM&FBOVESPA S.A. - Bolsa de Valores, Mercadorias e Futuros;2007-03-23;;Nível 1 de Governança Corporativa;1972-05-15;
56.992.423/0001-90;2016-01-01;2;56033;BICICLETAS MONARK SA;Ações Ordinárias;;;;;Bolsa;BM&FBOVESPA;BM&FBOVESPA S.A. - Bolsa de Valores, Mercadorias e Futuros;1973-11-28;;Nível 2 de Governança Corporativa;1973-11-28;
58.119.199/0001-51;2016-01-01;2;57514;ODONTOPREV S/A;Ações Ordinárias;;;;;Bolsa;BM&FBOVESPA;BM&FBOVESPA S.A. - Bolsa de Valores, Mercadorias e Futuros;2006-11-30;;Nível 1 de Governança Corporativa;2006-11-30;
59.105.999/0001-86;2016-01-01;2;59549;WHIRLPOOL S.A;Ações Ordinárias;;;;;Bolsa;BM&FBOVESPA;BM&FBOVESPA S.A. - Bolsa de Valores, Mercadorias e Futuros;1994-04-26;;Nível 2 de Governança Corporativa;1994-04-26;
59.285.411/0001-13;2016-01-01;4;61380;BANCO PAN SA;Ações Ordinárias;;;;;Bolsa;BM&FBOVESPA;BM&FBOVESPA S.A. - Bolsa de Valores, Mercadorias e Futuros;2010-01-01;;Bovespa Mais;2007-11-19;
59.789.545/0001-71;2016-01-01;2;57212;POLPAR S.A.;Ações Ordinárias;;;;;Bolsa;BM&FBOVESPA;BM&FBOVESPA S.A. - Bolsa de Valores, Mercadorias e Futuros;1989-05-31;;Nível 2 de Governança Corporativa;1989-05-31;
60.398.369/0004-79;2016-01-01;4;60039;PARANAPANEMA SA;Ações Ordinárias;;;;;Bolsa;BM&FBOVESPA;BM&FBOVESPA S.A. - Bolsa de Valores, Mercadorias e Futuros;2012-02-15;;Nível 1 de Governança Corporativa;1971-03-15;
60.476.884/0001-87;2016-01-01;3;59780;MAHLE METAL LEVE S.A.;Ações Ordinárias;;;;;Bolsa;BM&FBOVESPA;BM&FBOVESPA S.A. - Bolsa de Valores, Mercadorias e Futuros;2011-07-05;;Nível 1 de Governança Corporativa;1977-07-20;
60.500.139/0001-26;2016-01-01;2;59269;SARAIVA SA LIVREIROS EDITORES;Ações Ordinárias;;;;;Bolsa;BM&FBOVESPA;BM&FBOVESPA S.A. - Bolsa de Valores, Mercadorias e Futuros;2006-04-12;;Bovespa Mais N2;1972-03-14;
60.543.816/0001-93;2016-01-01;2;55740;JEREISSATI PARTICIPAÇÕES S/A;Ações Ordinárias;;;;;Bolsa;BM&FBOVESPA;BM&FBOVESPA S.A. - Bolsa de Valores, Mercadorias e Futuros;1946-03-12;;Nível 2 de Governança Corporativa;1946-03-12;
60.637.238/0001-54;2016-01-01;1;55597;INDS J B DUARTE SA;Ações Ordinárias;;;;;Bolsa;BM&FBOVESPA;BM&FBOVESPA S.A. - Bolsa de Valores, Mercadorias e Futuros;1985-05-28;;Nível 2 de Governança Corporativa;1985-05-28;
60.643.228/0001-21;2016-01-01;6;61123;FIBRIA CELULOSE S.A.;Ações Ordinárias;;;;;Bolsa;BM&FBOVESPA;BM&FBOVESPA S.A. - Bolsa de Valores, Mercadorias e Futuros;2010-05-20;;Nível 1 de Governança Corporativa;2010-05-20;
60.651.809/0001-05;2016-01-01;2;57195;SUZANO HOLDING S.A. (EX-NEMOFEFFER S.A.);Ações Ordinárias;;;;;Bolsa;BM&FBOVESPA;BM&FBOVESPA S.A. - Bolsa de Valores, Mercadorias e Futuros;1982-12-22;;Nível 2 de Governança Corporativa;1982-12-22;
60.730.348/0001-66;2016-01-01;2;57294;COMPANHIA MELHORAMENTOS DE SÃO PAULO;Ações Ordinárias;;;;;;;;;;;;
60.746.948/0001-12;2016-01-01;3;61494;BANCO BRADESCO S.A.;Ações Ordinárias;;;;;Bolsa;BM&FBOVESPA;BM&FBOVESPA S.A. - Bolsa de Valores, Mercadorias e Futuros;2001-06-26;;Bovespa Mais;1946-11-26;
60.770.336/0001-65;2016-01-01;2;55309;BANCO ALFA DE INVESTIMENTO SA;Ações Ordinárias;;;;;Bolsa;BM&FBOVESPA;BM&FBOVESPA S.A. - Bolsa de Valores, Mercadorias e Futuros;1977-07-20;;Nível 2 de Governança Corporativa;1977-07-20;
60.840.055/0001-31;2016-01-01;2;54884;FLEURY SA;Ações Ordinárias;;;;;Bolsa;BM&FBOVESPA;BM&FBOVESPA S.A. - Bolsa de Valores, Mercadorias e Futuros;2009-12-16;;Nível 1 de Governança Corporativa;2009-12-16;
60.840.055/0001-31;2016-01-01;2;54884;FLEURY SA;Debêntures;;;;;Balcão Organizado;CETIP;CETIP;2011-12-12;;;2011-12-12;
60.851.615/0001-53;2016-01-01;2;56568;BARDELLA SA INDS MECANICAS;Ações Ordinárias;;;;;Bolsa;BM&FBOVESPA;BM&FBOVESPA S.A. - Bolsa de Valores, Mercadorias e Futuros;1969-11-26;;Nível 2 de Governança Corporativa;1969-11-26;
60.872.504/0001-23;2016-01-01;1;53113;ITAÚ UNIBANCO HOLDING S.A.;Ações Ordinárias;;;;;Bolsa;BM&FBOVESPA;BM&FBOVESPA S.A. - Bolsa de Valores, Mercadorias e Futuros;2001-06-22;;Bovespa Mais;1944-10-20;
60.884.319/0001-59;2016-01-01;2;56596;NORDON INDS METALURGICAS SA;Ações Ordinárias;;;;;Bolsa;BM&FBOVESPA;BM&FBOVESPA S.A. - Bolsa de Valores, Mercadorias e Futuros;1988-04-28;;Nível 2 de Governança Corporativa;1988-04-28;
60.889.128/0001-80;2016-01-01;5;57244;BANCO SOFISA SA;Ações Ordinárias;;;;;Bolsa;BM&FBOVESPA;BM&FBOVESPA S.A. - Bolsa de Valores, Mercadorias e Futuros;2008-11-27;;Bovespa Mais N2;2007-04-26;
60.894.730/0001-05;2016-01-01;1;53111;USINAS SIDERURGICAS DE MINAS GERAIS SA;Ações Ordinárias;;;;;Bolsa;BM&FBOVESPA;BM&FBOVESPA S.A. - Bolsa de Valores, Mercadorias e Futuros;2007-10-11;;Bovespa Mais;1994-04-11;
60.894.730/0001-05;2016-01-01;1;53111;USINAS SIDERURGICAS DE MINAS GERAIS SA;Debêntures;;;;;Balcão Organizado;CETIP;CETIP;1998-10-31;;;1998-10-31;
60.933.603/0001-78;2016-01-01;1;52654;CESP - COMPANHIA ENERGÉTICA DE SÃO PAULO;Ações Ordinárias;;;;;Bolsa;BM&FBOVESPA;BM&FBOVESPA S.A. - Bolsa de Valores, Mercadorias e Futuros;2006-07-28;;Bovespa Mais;1971-09-27;
61.022.042/0001-18;2016-01-01;2;57103;CONST ADOLPHO LINDENBERG SA;Ações Ordinárias;;;;;Bolsa;BM&FBOVESPA;BM&FBOVESPA S.A. - Bolsa de Valores, Mercadorias e Futuros;1977-07-20;;Nível 2 de Governança Corporativa;1977-07-20;
61.024.352/0001-71;2016-01-01;1;52913;BANCO INDUSVAL SA;Ações Ordinárias;;;;;Bolsa;BM&FBOVESPA;BM&FBOVESPA S.A. - Bolsa de Valores, Mercadorias e Futuros;2012-03-01;;Bovespa Mais N2;2007-07-12;
61.065.298/0001-02;2016-01-01;2;58095;MANGELS INDUSTRIAL SA;Ações Ordinárias;;;;;Bolsa;BM&FBOVESPA;BM&FBOVESPA S.A. - Bolsa de Valores, Mercadorias e Futuros;1973-05-02;;Nível 2 de Governança Corporativa;1973-05-02;
61.065.751/0001-80;2016-01-01;6;61277;ROSSI RESIDENCIAL SA;Ações Ordinárias;;;;;Bolsa;BM&FBOVESPA;BM&FBOVESPA S.A. - Bolsa de Valores, Mercadorias e Futuros;2010-01-01;;Nível 1 de Governança Corporativa;2010-01-01;
61.067.161/0001-97;2016-01-01;1;54379;NADIR FIGUEIREDO IND E COM SA;Ações Ordinárias;;;;;Bolsa;BM&FBOVESPA;BM&FBOVESPA S.A. - Bolsa de Valores, Mercadorias e Futuros;1971-05-18;;Nível 2 de Governança Corporativa;1971-05-18;
61.079.117/0001-05;2016-01-01;1;52705;ALPARGATAS SA;Ações Ordinárias;;;;;Bolsa;BM&FBOVESPA;BM&FBOVESPA S.A. - Bolsa de Valores, Mercadorias e Futuros;2003-07-01;;Bovespa Mais;1977-07-20;
61.080.313/0001-91;2016-01-01;1;54750;COBRASMA SA;Ações Ordinárias;;;;;Bolsa;BM&FBOVESPA;BM&FBOVESPA S.A. - Bolsa de Valores, Mercadorias e Futuros;1979-12-12;;Nível 2 de Governança Corporativa;1979-12-12;
61.082.004/0001-50;2016-01-01;1;52768;MANUFATURA DE BRINQUEDOS ESTRELA SA;Ações Ordinárias;;;;;Bolsa;BM&FBOVESPA;BM&FBOVESPA S.A. - Bolsa de Valores, Mercadorias e Futuros;1968-06-28;;Nível 2 de Governança Corporativa;1968-06-28;
61.084.984/0001-20;2016-01-01;2;59550;BRASMOTOR SA;Ações Ordinárias;;;;;Bolsa;BM&FBOVESPA;BM&FBOVESPA S.A. - Bolsa de Valores, Mercadorias e Futuros;1975-12-05;;Nível 2 de Governança Corporativa;1975-12-05;
61.088.894/0001-08;2016-01-01;2;55845;CAMBUCI SA;Ações Ordinárias;;;;;Bolsa;BM&FBOVESPA;BM&FBOVESPA S.A. - Bolsa de Valores, Mercadorias e Futuros;1985-01-05;;Nível 2 de Governança Corporativa;1985-01-05;
61.092.037/0001-81;2016-01-01;1;54445;ETERNIT SA;Ações Ordinárias;;;;;Bolsa;BM&FBOVESPA;BM&FBOVESPA S.A. - Bolsa de Valores, Mercadorias e Futuros;2006-08-17;;Nível 1 de Governança Corporativa;1948-11-25;
61.101.895/0001-45;2016-01-01;2;57339;SANTHER FAB.DE PAPEL SANTA THEREZINHA SA;Debêntures;;;;;Balcão Organizado;BM&FBOVESPA;BM&FBOVESPA S.A. - Bolsa de Valores, Mercadorias e Futuros;2012-01-01;2015-12-31;;2012-01-01;2015-12-31
61.156.113/0001-75;2016-01-01;3;59878;IOCHPE-MAXION SA;Ações Ordinárias;;;;;Bolsa;BM&FBOVESPA;BM&FBOVESPA S.A. - Bolsa de Valores, Mercadorias e Futuros;2008-03-24;;Nível 1 de Governança Corporativa;1984-07-17;
61.156.113/0001-75;2016-01-01;3;59878;IOCHPE-MAXION SA;Debêntures;;;;;Balcão Organizado;CETIP;CETIP;2013-03-15;;;2013-03-15;
61.156.113/0001-75;2016-01-01;3;59878;IOCHPE-MAXION SA;Debêntures Conversíveis;;;;;Balcão Organizado;BM&FBOVESPA;BM&FBOVESPA S.A. - Bolsa de Valores, Mercadorias e Futuros;2013-04-01;;;2013-04-01;
61.156.113/0001-75;2016-01-01;3;59878;IOCHPE-MAXION SA;Debêntures Conversíveis;;;;;Balcão Organizado;CETIP;CETIP;2013-04-01;;;2013-04-01;
61.156.113/0001-75;2016-01-01;3;59878;IOCHPE-MAXION SA;Debêntures;;;;;Balcão Organizado;BM&FBOVESPA;BM&FBOVESPA S.A. - Bolsa de Valores, Mercadorias e Futuros;2014-04-01;;;2014-04-01;
61.156.113/0001-75;2016-01-01;3;59878;IOCHPE-MAXION SA;Bônus de Subscrição;;;;;Bolsa;BM&FBOVESPA;BM&FBOVESPA S.A. - Bolsa de Valores, Mercadorias e Futuros;2014-04-01;;;2014-04-01;
61.156.931/0001-78;2016-01-01;3;59718;SIDERURGICA J L ALIPERTI SA;Ações Ordinárias;;;;;Bolsa;BM&FBOVESPA;BM&FBOVESPA S.A. - Bolsa de Valores, Mercadorias e Futuros;1986-06-06;;Nível 2 de Governança Corporativa;1986-06-06;
61.189.288/0001-89;2016-01-01;3;55498;MARISA LOJAS SA;Ações Ordinárias;;;;;Bolsa;BM&FBOVESPA;BM&FBOVESPA S.A. - Bolsa de Valores, Mercadorias e Futuros;2010-06-14;;Nível 1 de Governança Corporativa;2010-06-14;
61.189.288/0001-89;2016-01-01;3;55498;MARISA LOJAS SA;Debêntures;;;;;Balcão Organizado;CETIP;CETIP;2011-06-21;;;2011-06-21;
61.192.373/0001-04;2016-01-01;1;56791;CONSTRUTORA BETER SA;Ações Ordinárias;;;;;Balcão Organizado;BM&FBOVESPA;BM&FBOVESPA S.A. - Bolsa de Valores, Mercadorias e Futuros;2010-01-01;;;2010-01-01;
61.351.532/0001-68;2016-01-01;2;55293;AZEVEDO & TRAVASSOS SA;Ações Ordinárias;;;;;Bolsa;BM&FBOVESPA;BM&FBOVESPA S.A. - Bolsa de Valores, Mercadorias e Futuros;1984-08-20;;Nível 2 de Governança Corporativa;1984-08-20;
61.374.161/0001-30;2016-01-01;1;54907;BAUMER SA;Ações Ordinárias;;;;;Bolsa;BM&FBOVESPA;BM&FBOVESPA S.A. - Bolsa de Valores, Mercadorias e Futuros;1970-05-20;;Nível 2 de Governança Corporativa;1970-05-20;
61.410.395/0001-95;2016-01-01;3;56661;FIBAM CIA INDUSTRIAL;Ações Ordinárias;;;;;Bolsa;BM&FBOVESPA;BM&FBOVESPA S.A. - Bolsa de Valores, Mercadorias e Futuros;1955-02-25;;Nível 2 de Governança Corporativa;1955-02-25;
61.486.650/0001-83;2016-01-01;4;61241;DIAGNOSTICOS DA AMERICA SA;Ações Ordinárias;;;;;Bolsa;BM&FBOVESPA;BM&FBOVESPA S.A. - Bolsa de Valores, Mercadorias e Futuros;2016-02-02;;Nível 2 de Governança Corporativa;2016-02-02;
61.486.650/0001-83;2016-01-01;4;61241;DIAGNOSTICOS DA AMERICA SA;Debêntures;;;;;Balcão Organizado;CETIP;CETIP;2006-04-01;;;2006-04-01;
61.532.644/0001-15;2016-01-01;1;53373;ITAÚSA - INVESTIMENTOS ITAÚ S.A.;Ações Ordinárias;;;;;Bolsa;BM&FBOVESPA;BM&FBOVESPA S.A. - Bolsa de Valores, Mercadorias e Futuros;2001-06-26;;Bovespa Mais;1978-06-30;
61.584.140/0001-49;2016-01-01;3;59731;REDE ENERGIA S.A. - EM RECUPERAÇÃO JUDICIAL;Ações Ordinárias;;;;;Bolsa;BM&FBOVESPA;BM&FBOVESPA S.A. - Bolsa de Valores, Mercadorias e Futuros;1969-10-16;;Nível 2 de Governança Corporativa;1969-10-16;
61.584.140/0001-49;2016-01-01;3;59731;REDE ENERGIA S.A. - EM RECUPERAÇÃO JUDICIAL;Debêntures;;;;;Balcão Organizado;CETIP;CETIP;2009-12-22;;;2009-12-22;
61.585.865/0001-51;2016-01-01;2;57432;RAIA DROGASIL SA;Ações Ordinárias;;;;;Bolsa;BM&FBOVESPA;BM&FBOVESPA S.A. - Bolsa de Valores, Mercadorias e Futuros;2007-06-29;;Nível 1 de Governança Corporativa;2007-06-29;
61.695.227/0001-93;2016-01-01;2;53575;ELETROPAULO METROPOLITANA EL.S.PAULO S.A;Ações Ordinárias;;;;;Bolsa;BM&FBOVESPA;BM&FBOVESPA S.A. - Bolsa de Valores, Mercadorias e Futuros;2003-12-14;;Bovespa Mais N2;1994-12-29;
61.695.227/0001-93;2016-01-01;2;53575;ELETROPAULO METROPOLITANA EL.S.PAULO S.A;Debêntures;;;;;Balcão Organizado;CETIP;CETIP;2005-12-23;;;2005-12-23;
61.856.571/0001-17;2016-01-01;3;59898;COMPANHIA DE GÁS DE SÃO PAULO - COMGÁS;Ações Ordinárias;;;;;Bolsa;BM&FBOVESPA;BM&FBOVESPA S.A. - Bolsa de Valores, Mercadorias e Futuros;1997-09-11;;Nível 2 de Governança Corporativa;1997-09-11;
61.856.571/0001-17;2016-01-01;3;59898;COMPANHIA DE GÁS DE SÃO PAULO - COMGÁS;Debêntures;;;;;Balcão Organizado;CETIP;CETIP;2008-08-05;;;2008-08-05;
61.856.571/0001-17;2016-01-01;3;59898;COMPANHIA DE GÁS DE SÃO PAULO - COMGÁS;Debêntures;;;;;Bolsa;BM&FBOVESPA;BM&FBOVESPA S.A. - Bolsa de Valores, Mercadorias e Futuros;2013-10-08;;;2013-10-08;
62.002.886/0001-60;2016-01-01;2;55929;SÃO PAULO TURISMO S. A.;Ações Ordinárias;;;;;Bolsa;BM&FBOVESPA;BM&FBOVESPA S.A. - Bolsa de Valores, Mercadorias e Futuros;2015-08-05;;Nível 2 de Governança Corporativa;2015-08-05;
62.144.175/0001-20;2016-01-01;1;53308;BANCO PINE S/A;Ações Ordinárias;;;;;Bolsa;BM&FBOVESPA;BM&FBOVESPA S.A. - Bolsa de Valores, Mercadorias e Futuros;2012-03-30;;Bovespa Mais N2;2007-04-02;
62.144.175/0001-20;2016-01-01;1;53308;BANCO PINE S/A;Letras Financeiras;;;;;Balcão Organizado;CETIP;CETIP;2012-11-14;;;2012-11-14;
65.654.303/0001-73;2016-01-01;1;53114;DIBENS LEASING S.A.- ARREND. MERCANTIL;Debêntures;;;;;Bolsa;BM&FBOVESPA;BM&FBOVESPA S.A. - Bolsa de Valores, Mercadorias e Futuros;1993-09-28;;;1993-09-28;
67.010.660/0001-24;2016-01-01;2;61451;RODOBENS NEGOCIOS IMOBILIARIOS SA;Ações Ordinárias;;;;;Bolsa;BM&FBOVESPA;BM&FBOVESPA S.A. - Bolsa de Valores, Mercadorias e Futuros;2007-01-29;;Nível 1 de Governança Corporativa;2007-01-29;
67.571.414/0001-41;2016-01-01;4;60186;VIVER INCORPORADORA E CONSTRUTORA S.A.;Ações Ordinárias;;;;;Bolsa;BM&FBOVESPA;BM&FBOVESPA S.A. - Bolsa de Valores, Mercadorias e Futuros;2007-06-06;;Nível 1 de Governança Corporativa;2007-06-06;
67.620.377/0001-14;2016-01-01;2;55270;MINERVA S/A;Ações Ordinárias;;;;;Bolsa;BM&FBOVESPA;BM&FBOVESPA S.A. - Bolsa de Valores, Mercadorias e Futuros;2007-07-18;;Nível 1 de Governança Corporativa;2007-07-18;
71.476.527/0001-35;2016-01-01;3;61227;CONSTRUTORA TENDA S/A;Ações Ordinárias;;;;;;;;;;;;
71.550.388/0001-42;2016-01-01;5;57714;RUMO LOGÍSTICA OPERADORA MULTIMODAL S.A.;Ações Ordinárias;;;;;;;;;;;;
71.673.990/0001-77;2016-01-01;3;60219;NATURA COSMETICOS SA;Ações Ordinárias;;;;;;;;;;;;
73.178.600/0001-18;2016-01-01;4;59645;CYRELA BRAZIL REALTY SA EMPRS E PARTS;Ações Ordinárias;;;;;Bolsa;BM&FBOVESPA;BM&FBOVESPA S.A. - Bolsa de Valores, Mercadorias e Futuros;2005-09-22;;Nível 1 de Governança Corporativa;2005-09-22;
73.903.718/0001-61;2016-01-01;2;59613;SNB PARTICIPACOES SA;Debêntures;;;;;Balcão Não-Organizado;;;;;;1998-04-07;
74.409.467/0001-26;2016-01-01;2;56281;FENICIAPAR S/A;Debêntures;;;;;Balcão Organizado;CETIP;CETIP;1995-09-15;;;1995-09-15;
75.609.123/0001-23;2016-01-01;2;60159;OURO VERDE LOCAÇÃO E SERVIÇO S.A.;Debêntures;;;;;Balcão Organizado;CETIP;CETIP;2014-03-15;;;2014-03-15;
75.609.123/0001-23;2016-01-01;2;60159;OURO VERDE LOCAÇÃO E SERVIÇO S.A.;Nota Comercial;;;;;Balcão Organizado;CETIP;CETIP;2016-09-12;;;2016-09-12;
76.483.817/0001-20;2016-01-01;2;55786;COMPANHIA PARANAENSE DE ENERGIA;Ações Ordinárias;;;;;;;;;;;;
76.484.013/0001-45;2016-01-01;4;61176;CIA. DE SANEAMENTO DO PARANÁ - SANEPAR;Ações Ordinárias;;;;;Bolsa;BM&FBOVESPA;BM&FBOVESPA S.A. - Bolsa de Valores, Mercadorias e Futuros;2000-03-10;;Nível 2 de Governança Corporativa;2000-03-10;
76.535.764/0001-43;2016-01-01;5;59715;OI S.A. - EM RECUPERAÇÃO JUDICIAL;Ações Ordinárias;;;;;;;;;;;;
76.627.504/0001-06;2016-01-01;4;59456;INEPAR SA INDÚSTRIA E CONSTRUÇÕES - EM RECUPERAÇÃO JUDICIAL;Ações Ordinárias;;;;;Bolsa;BM&FBOVESPA;BM&FBOVESPA S.A. - Bolsa de Valores, Mercadorias e Futuros;2011-03-31;;Bovespa Mais;1980-01-22;
78.876.950/0001-71;2016-01-01;1;53486;CIA HERING;Ações Ordinárias;;;;;Bolsa;BM&FBOVESPA;BM&FBOVESPA S.A. - Bolsa de Valores, Mercadorias e Futuros;2007-05-16;;Nível 1 de Governança Corporativa;2007-05-16;
80.227.184/0001-66;2016-01-01;2;56853;METALGRAFICA IGUACU SA;Ações Ordinárias;;;;;Bolsa;BM&FBOVESPA;BM&FBOVESPA S.A. - Bolsa de Valores, Mercadorias e Futuros;2015-01-01;2015-12-31;Nível 2 de Governança Corporativa;2015-01-01;2015-12-31
81.243.735/0001-48;2016-01-01;1;54389;POSITIVO INFORMATICA SA;Ações Ordinárias;;;;;Bolsa;BM&FBOVESPA;BM&FBOVESPA S.A. - Bolsa de Valores, Mercadorias e Futuros;2006-12-11;;Nível 1 de Governança Corporativa;2006-12-11;
81.304.727/0001-64;2016-01-01;1;55292;IGUACU CELULOSE PAPEL SA;Debêntures;;;;;Balcão Não-Organizado;;;;;;1995-12-01;2007-03-01
82.373.077/0001-71;2016-01-01;1;53160;BEMATECH IND COM EQUIP ELETRONICOS SA;Ações Ordinárias;;;;;Bolsa;BM&FBOVESPA;BM&FBOVESPA S.A. - Bolsa de Valores, Mercadorias e Futuros;2007-04-19;;Nível 1 de Governança Corporativa;2007-04-19;
82.508.433/0001-17;2016-01-01;2;55684;CIA CAT. DE ÁGUAS E SANEAMENTO - CASAN;Ações Ordinárias;;;;;Bolsa;BM&FBOVESPA;BM&FBOVESPA S.A. - Bolsa de Valores, Mercadorias e Futuros;1998-02-06;;Nível 2 de Governança Corporativa;1998-02-06;
82.636.986/0001-55;2016-01-01;2;58153;TEKA TECELAGEM KUEHNRICH SA - Em Recuperação Judicial;Ações Ordinárias;;;;;Bolsa;BM&FBOVESPA;BM&FBOVESPA S.A. - Bolsa de Valores, Mercadorias e Futuros;1988-04-21;;Nível 2 de Governança Corporativa;1988-04-21;
82.640.558/0001-04;2016-01-01;3;58654;KARSTEN SA;Ações Ordinárias;;;;;Bolsa;BM&FBOVESPA;BM&FBOVESPA S.A. - Bolsa de Valores, Mercadorias e Futuros;1971-12-29;;Nível 2 de Governança Corporativa;1971-12-29;
82.640.632/0001-84;2016-01-01;1;54218;LOJAS HERING SA;Ações Ordinárias;;;;;Bolsa;BM&FBOVESPA;BM&FBOVESPA S.A. - Bolsa de Valores, Mercadorias e Futuros;2002-01-01;;Bovespa Mais;2002-01-01;
82.641.325/0001-18;2016-01-01;1;53192;CREMER SA;Ações Ordinárias;;;;;Bolsa;BM&FBOVESPA;BM&FBOVESPA S.A. - Bolsa de Valores, Mercadorias e Futuros;2014-07-04;;Nível 2 de Governança Corporativa;2006-07-10;
82.643.537/0001-34;2016-01-01;2;55411;ELECTRO AÇO ALTONA S/A;Ações Ordinárias;;;;;Bolsa;BM&FBOVESPA;BM&FBOVESPA S.A. - Bolsa de Valores, Mercadorias e Futuros;1974-04-20;;Nível 2 de Governança Corporativa;1974-04-20;
82.981.812/0001-20;2016-01-01;1;54349;BUETTNER SA IND E COMERCIO - EM RECUPERAÇÃO JUDICIAL;Ações Ordinárias;;;;;Bolsa;BM&FBOVESPA;BM&FBOVESPA S.A. - Bolsa de Valores, Mercadorias e Futuros;1980-01-01;;Nível 2 de Governança Corporativa;1980-01-01;
82.981.929/0001-03;2016-01-01;3;61256;COMPANHIA INDUSTRIAL SCHLOSSER SA - EM RECUPERAÇÃO JUDICIAL;Ações Ordinárias;;;;;Bolsa;BM&FBOVESPA;BM&FBOVESPA S.A. - Bolsa de Valores, Mercadorias e Futuros;1985-06-28;;Nível 2 de Governança Corporativa;1985-06-28;
82.982.075/0001-80;2016-01-01;1;54555;TÊXTIL RENAUXVIEW S/A;Ações Ordinárias;;;;;Bolsa;BM&FBOVESPA;BM&FBOVESPA S.A. - Bolsa de Valores, Mercadorias e Futuros;1926-04-27;;Nível 2 de Governança Corporativa;1926-04-27;
83.475.913/0001-91;2016-01-01;2;56786;PBG S/A;Ações Ordinárias;;;;;Bolsa;BM&FBOVESPA;BM&FBOVESPA S.A. - Bolsa de Valores, Mercadorias e Futuros;2008-04-30;;Nível 1 de Governança Corporativa;2008-04-30;
83.878.892/0001-55;2016-01-01;1;53040;CENTRAIS ELETRICAS DE SANTA CATARINA S.A;Ações Ordinárias;;;;;;;;;;;;
84.429.695/0001-11;2016-01-01;1;53545;WEG SA;Ações Ordinárias;;;;;Bolsa;BM&FBOVESPA;BM&FBOVESPA S.A. - Bolsa de Valores, Mercadorias e Futuros;2007-06-22;;Nível 1 de Governança Corporativa;1982-02-09;
84.583.137/0001-06;2016-01-01;1;59637;GRAMAZON GRANITOS DA AMAZÔNIA S.A.;Debêntures;;;;;Bolsa;BM&FBOVESPA;BM&FBOVESPA S.A. - Bolsa de Valores, Mercadorias e Futuros;2016-09-01;2016-09-01;;2016-09-01;2016-09-01
84.683.374/0001-49;2016-01-01;2;55396;TUPY SA;Ações Ordinárias;;;;;Bolsa;BM&FBOVESPA;BM&FBOVESPA S.A. - Bolsa de Valores, Mercadorias e Futuros;2013-10-17;;Nível 1 de Governança Corporativa;1966-07-01;
84.683.408/0001-03;2016-01-01;2;55804;DOHLER S.A.;Ações Ordinárias;;;;;Bolsa;BM&FBOVESPA;BM&FBOVESPA S.A. - Bolsa de Valores, Mercadorias e Futuros;1973-12-26;;Nível 2 de Governança Corporativa;1973-12-26;
84.683.671/0001-94;2016-01-01;5;57552;WETZEL S.A. - EM RECUPERAÇÃO JUDICIAL;Ações Ordinárias;;;;;Bolsa;BM&FBOVESPA;BM&FBOVESPA S.A. - Bolsa de Valores, Mercadorias e Futuros;1984-10-09;;Nível 2 de Governança Corporativa;1984-10-09;
84.693.183/0001-68;2016-01-01;3;55661;SCHULZ SA;Ações Ordinárias;;;;;Bolsa;BM&FBOVESPA;BM&FBOVESPA S.A. - Bolsa de Valores, Mercadorias e Futuros;1994-12-19;;Nível 2 de Governança Corporativa;1994-12-19;
85.041.333/0001-11;2016-01-01;2;55472;TERMINAIS PORT. DA PONTA DO FÉLIX S/A;Ações Ordinárias;;;;;Bolsa;BM&FBOVESPA;BM&FBOVESPA S.A. - Bolsa de Valores, Mercadorias e Futuros;2010-01-01;;Nível 1 de Governança Corporativa;1996-02-27;
85.778.074/0001-06;2016-01-01;1;54554;METALURGICA RIOSULENSE SA;Ações Ordinárias;;;;;Bolsa;BM&FBOVESPA;BM&FBOVESPA S.A. - Bolsa de Valores, Mercadorias e Futuros;1988-11-29;;Nível 2 de Governança Corporativa;1988-11-29;
86.375.425/0001-09;2016-01-01;3;55827;METISA METALÚRGICA TIMBOENSE SA;Ações Ordinárias;;;;;Bolsa;BM&FBOVESPA;BM&FBOVESPA S.A. - Bolsa de Valores, Mercadorias e Futuros;1971-05-18;;Nível 2 de Governança Corporativa;1971-05-18;
86.550.951/0001-50;2016-01-01;3;61070;RENAR MAÇAS SA;Ações Ordinárias;;;;;Bolsa;BM&FBOVESPA;BM&FBOVESPA S.A. - Bolsa de Valores, Mercadorias e Futuros;2005-02-28;;Nível 1 de Governança Corporativa;2005-02-28;
87.043.832/0001-73;2016-01-01;1;53630;SEIVA S.A. - FLORESTAS E INDÚSTRIAS;Ações Ordinárias;;;;;Balcão Não-Organizado;;;;;;1981-12-11;
87.456.562/0001-22;2016-01-01;3;58433;JOSAPAR- JOAQUIM OLIVEIRA S/A PARTICIP;Ações Ordinárias;;;;;Bolsa;BM&FBOVESPA;BM&FBOVESPA S.A. - Bolsa de Valores, Mercadorias e Futuros;2010-12-31;;Nível 2 de Governança Corporativa;1997-12-17;
87.762.563/0001-03;2016-01-01;1;52933;COMPANHIIA HABITASUL DE PARTICIPAÇÕES;Ações Ordinárias;;;;;Bolsa;BM&FBOVESPA;BM&FBOVESPA S.A. - Bolsa de Valores, Mercadorias e Futuros;1982-04-19;;Nível 2 de Governança Corporativa;1982-04-19;
88.610.126/0001-29;2016-01-01;3;60290;FRAS-LE SA;Ações Ordinárias;;;;;Bolsa;BM&FBOVESPA;BM&FBOVESPA S.A. - Bolsa de Valores, Mercadorias e Futuros;2010-01-01;;Bovespa Mais;1977-07-20;
88.610.191/0001-54;2016-01-01;1;53687;MUNDIAL S.A - PRODUTOS DE CONSUMO;Ações Ordinárias;;;;;Bolsa;BM&FBOVESPA;BM&FBOVESPA S.A. - Bolsa de Valores, Mercadorias e Futuros;1979-12-12;;Nível 2 de Governança Corporativa;1979-12-12;
88.611.835/0001-29;2016-01-01;3;56926;MARCOPOLO SA;Ações Ordinárias;;;;;Bolsa;BM&FBOVESPA;BM&FBOVESPA S.A. - Bolsa de Valores, Mercadorias e Futuros;2002-09-03;;Bovespa Mais N2;1978-04-24;
88.613.658/0001-10;2016-01-01;2;61454;PETTENATI SA IND TEXTIL;Ações Ordinárias;;;;;Bolsa;BM&FBOVESPA;BM&FBOVESPA S.A. - Bolsa de Valores, Mercadorias e Futuros;1981-02-04;;Nível 2 de Governança Corporativa;1981-02-04;
89.086.144/0001-16;2016-01-01;3;60288;RANDON S.A. IMPLEMENTOS E PARTICIPAÇÕES;Ações Ordinárias;;;;;Bolsa;BM&FBOVESPA;BM&FBOVESPA S.A. - Bolsa de Valores, Mercadorias e Futuros;2001-06-21;;Bovespa Mais;2001-06-21;
89.096.457/0001-55;2016-01-01;1;53949;SLC AGRICOLA SA;Ações Ordinárias;;;;;Bolsa;BM&FBOVESPA;BM&FBOVESPA S.A. - Bolsa de Valores, Mercadorias e Futuros;2007-06-12;;Nível 1 de Governança Corporativa;2007-06-12;
89.463.822/0001-12;2016-01-01;3;61314;LUPATECH S/A;Ações Ordinárias;;;;;Bolsa;BM&FBOVESPA;BM&FBOVESPA S.A. - Bolsa de Valores, Mercadorias e Futuros;2006-05-15;;Nível 1 de Governança Corporativa;2006-05-15;
89.547.269/0001-04;2016-01-01;1;55508;DIGITEL SA INDUSTRIA ELETRONICA;Ações Ordinárias;;;;;Balcão Não-Organizado;;;;;;1986-06-20;2015-12-31
89.637.490/0001-45;2016-01-01;2;58239;KLABIN S.A.;Certificados de Depósito de Valores Mobiliários;;;;;Bolsa;BM&FBOVESPA;BM&FBOVESPA S.A. - Bolsa de Valores, Mercadorias e Futuros;2014-01-09;;;2014-01-09;
89.723.993/0001-33;2016-01-01;1;53634;CONST SULTEPA SA - EM RECUPERAÇÃO JUDICIAL;Ações Ordinárias;;;;;;;;;;;;
89.850.341/0001-60;2016-01-01;3;61115;GRENDENE SA;Ações Ordinárias;;;;;Bolsa;BM&FBOVESPA;BM&FBOVESPA S.A. - Bolsa de Valores, Mercadorias e Futuros;2004-10-28;;Nível 1 de Governança Corporativa;2004-10-28;
90.076.886/0001-40;2016-01-01;3;57555;MINUPAR PARTICIPACOES SA;Ações Ordinárias;;;;;Bolsa;BM&FBOVESPA;BM&FBOVESPA S.A. - Bolsa de Valores, Mercadorias e Futuros;1990-12-21;;Nível 2 de Governança Corporativa;1990-12-21;
90.400.888/0001-42;2016-01-01;3;59662;BANCO SANTANDER (BRASIL) S.A.;Ações Ordinárias;;;;;Bolsa;BM&FBOVESPA;BM&FBOVESPA S.A. - Bolsa de Valores, Mercadorias e Futuros;2014-10-31;;Nível 2 de Governança Corporativa;2009-10-07;
90.441.460/0001-48;2016-01-01;3;60482;UNICASA  INDUSTRIA DE MOVEIS S.A.;Ações Ordinárias;;;;;Bolsa;BM&FBOVESPA;BM&FBOVESPA S.A. - Bolsa de Valores, Mercadorias e Futuros;2012-04-27;;Nível 1 de Governança Corporativa;2012-04-27;
91.333.666/0001-17;2016-01-01;6;61270;RECRUSUL SA;Ações Ordinárias;;;;;Bolsa;BM&FBOVESPA;BM&FBOVESPA S.A. - Bolsa de Valores, Mercadorias e Futuros;1985-12-20;;Nível 2 de Governança Corporativa;1985-12-20;
91.669.747/0001-92;2016-01-01;2;55599;FINANSINOS S/A-CRÉDITO, FINAN. E INVEST.;Ações Ordinárias;;;;;Balcão Não-Organizado;;;;;;2015-01-01;2015-12-31
91.820.068/0001-72;2016-01-01;2;53141;ÉVORA SA;Ações Ordinárias;;;;;Bolsa;BM&FBOVESPA;BM&FBOVESPA S.A. - Bolsa de Valores, Mercadorias e Futuros;1988-11-22;;Nível 2 de Governança Corporativa;1988-11-22;
91.983.056/0001-69;2016-01-01;1;52953;KEPLER WEBER SA;Ações Ordinárias;;;;;Bolsa;BM&FBOVESPA;BM&FBOVESPA S.A. - Bolsa de Valores, Mercadorias e Futuros;1980-12-15;;Nível 2 de Governança Corporativa;1980-12-15;
91.983.056/0001-69;2016-01-01;1;52953;KEPLER WEBER SA;Bônus de Subscrição;;;;;Bolsa;BM&FBOVESPA;BM&FBOVESPA S.A. - Bolsa de Valores, Mercadorias e Futuros;2014-10-10;;;2014-10-10;
92.012.467/0001-70;2016-01-01;1;53697;GRAZZIOTIN SA;Ações Ordinárias;;;;;Bolsa;BM&FBOVESPA;BM&FBOVESPA S.A. - Bolsa de Valores, Mercadorias e Futuros;1979-01-31;;Nível 2 de Governança Corporativa;1979-01-31;
92.660.570/0001-26;2016-01-01;2;56024;TREVISA INVESTIMENTOS SA;Ações Ordinárias;;;;;Bolsa;BM&FBOVESPA;BM&FBOVESPA S.A. - Bolsa de Valores, Mercadorias e Futuros;1980-12-15;;Nível 2 de Governança Corporativa;1980-12-15;
92.665.611/0001-77;2016-01-01;3;61578;DIMED SA DISTRIBUIDORA DE MEDICAMENTOS;Ações Ordinárias;;;;;Bolsa;BM&FBOVESPA;BM&FBOVESPA S.A. - Bolsa de Valores, Mercadorias e Futuros;2016-01-01;2016-12-22;Nível 2 de Governança Corporativa;2016-01-01;2016-12-22
92.690.783/0001-09;2016-01-01;1;53624;METALURGICA GERDAU SA;Ações Ordinárias;;;;;Bolsa;BM&FBOVESPA;BM&FBOVESPA S.A. - Bolsa de Valores, Mercadorias e Futuros;2003-05-09;;Bovespa Mais;1968-05-17;
92.693.019/0001-89;2016-01-01;1;53493;PANATLANTICA SA;Ações Ordinárias;;;;;Bolsa;BM&FBOVESPA;BM&FBOVESPA S.A. - Bolsa de Valores, Mercadorias e Futuros;1971-12-29;;Nível 2 de Governança Corporativa;1971-12-29;
92.702.067/0001-96;2016-01-01;3;55468;BANCO DO ESTADO DO RIO GRANDE DO SUL SA;Ações Ordinárias;;;;;Bolsa;BM&FBOVESPA;BM&FBOVESPA S.A. - Bolsa de Valores, Mercadorias e Futuros;2007-07-31;;Bovespa Mais;1931-09-16;
92.715.812/0001-31;2016-01-01;1;52712;CIA ESTADUAL DE GERACAO E TRANSMISSAO DE ENERGIA ELETRICA;Ações Ordinárias;;;;;Bolsa;BM&FBOVESPA;BM&FBOVESPA S.A. - Bolsa de Valores, Mercadorias e Futuros;2010-12-23;;Bovespa Mais;2010-12-23;
92.721.232/0001-57;2016-01-01;3;55583;BANRISUL ARMAZENS GERAIS SA;Ações Ordinárias;;;;;Balcão Não-Organizado;;;;;;1998-04-07;
92.749.225/0001-63;2016-01-01;1;56782;HERCULES S/A - FABRICA DE TALHERES;Ações Ordinárias;;;;;Bolsa;BM&FBOVESPA;BM&FBOVESPA S.A. - Bolsa de Valores, Mercadorias e Futuros;1968-11-01;;Nível 2 de Governança Corporativa;1968-11-01;
92.754.738/0001-62;2016-01-01;1;52839;LOJAS RENNER SA;Ações Ordinárias;;;;;Bolsa;BM&FBOVESPA;BM&FBOVESPA S.A. - Bolsa de Valores, Mercadorias e Futuros;2005-07-01;;Nível 1 de Governança Corporativa;1988-04-07;
92.754.738/0001-62;2016-01-01;1;52839;LOJAS RENNER SA;Debêntures;;;;;Balcão Organizado;CETIP;CETIP;2011-08-01;;;2011-08-01;
92.754.738/0001-62;2016-01-01;1;52839;LOJAS RENNER SA;Debêntures;;;;;Bolsa;BM&FBOVESPA;BM&FBOVESPA S.A. - Bolsa de Valores, Mercadorias e Futuros;2011-08-01;;;2011-08-01;
92.781.335/0001-02;2016-01-01;2;54199;FORJAS TAURUS SA;Ações Ordinárias;;;;;Bolsa;BM&FBOVESPA;BM&FBOVESPA S.A. - Bolsa de Valores, Mercadorias e Futuros;2011-07-08;;Bovespa Mais N2;1982-03-02;
92.781.335/0001-02;2016-01-01;2;54199;FORJAS TAURUS SA;Debêntures;;;;;Balcão Organizado;CETIP;CETIP;2010-04-15;;;2010-04-15;
92.781.335/0001-02;2016-01-01;2;54199;FORJAS TAURUS SA;Bônus de Subscrição;;;;;Bolsa;BM&FBOVESPA;BM&FBOVESPA S.A. - Bolsa de Valores, Mercadorias e Futuros;2015-10-01;;;2015-10-01;
92.791.243/0001-03;2016-01-01;3;56810;CELULOSE IRANI SA;Ações Ordinárias;;;;;Bolsa;BM&FBOVESPA;BM&FBOVESPA S.A. - Bolsa de Valores, Mercadorias e Futuros;1977-07-20;;Nível 2 de Governança Corporativa;1977-07-20;
92.791.243/0001-03;2016-01-01;3;56810;CELULOSE IRANI SA;Debêntures;;;;;Balcão Organizado;CETIP;CETIP;2010-04-12;;;2010-03-19;
92.859.974/0001-43;2016-01-01;2;58978;ALTUS SISTEMAS DE AUTOMAÇÃO S.A.;Ações Ordinárias;;;;;;;;;;;;
92.929.520/0001-00;2016-01-01;1;54858;SPRINGER SA;Ações Ordinárias;;;;;Bolsa;BM&FBOVESPA;BM&FBOVESPA S.A. - Bolsa de Valores, Mercadorias e Futuros;1968-10-24;;Nível 2 de Governança Corporativa;1968-10-24;
93.828.986/0001-73;2016-01-01;3;57684;CEMEPE INVESTIMENTOS SA;Ações Ordinárias;;;;;Bolsa;BM&FBOVESPA;BM&FBOVESPA S.A. - Bolsa de Valores, Mercadorias e Futuros;1991-06-28;;Bovespa Mais;1991-06-28;
95.426.862/0001-97;2016-01-01;1;52968;EXCELSIOR ALIMENTOS SA.;Ações Ordinárias;;;;;Bolsa;BM&FBOVESPA;BM&FBOVESPA S.A. - Bolsa de Valores, Mercadorias e Futuros;1995-08-01;;Nível 2 de Governança Corporativa;1995-08-01;
97.191.902/0001-94;2016-01-01;1;54348;CONSERVAS ODERICH SA;Ações Ordinárias;;;;;;;;;;;;
97.837.181/0001-47;2016-01-01;3;59404;DURATEX S.A.;Ações Ordinárias;;;;;Bolsa;BM&FBOVESPA;BM&FBOVESPA S.A. - Bolsa de Valores, Mercadorias e Futuros;2007-09-21;;Nível 1 de Governança Corporativa;2007-09-21;
97.837.181/0001-47;2016-01-01;3;59404;DURATEX S.A.;Debêntures Conversíveis;;;;;Bolsa;BM&FBOVESPA;BM&FBOVESPA S.A. - Bolsa de Valores, Mercadorias e Futuros;2012-02-15;;;2012-02-15;
