CNPJ_Companhia;Data_Referencia;Versao;ID_Documento;Nome_Empresarial;Valor_Mobiliario;Sigla_Classe_Acao_Preferencial;Classe_Acao_Preferencial;Codigo_Negociacao;Composicao_BDR_Unit;Mercado;Sigla_Entidade_Administradora;Entidade_Administradora;Data_Inicio_Negociacao;Data_Fim_Negociacao;Segmento;Data_Inicio_Listagem;Data_Fim_Listagem
00.000.000/0001-91;2025-01-01;1;146477;BCO BRASIL S.A.;Ações Ordinárias;;;BBAS3;;Bolsa;B3;B3 S.A. - Brasil, Bolsa, Balcão.;2006-05-31;;Novo Mercado;1977-07-20;
00.000.208/0001-00;2025-01-01;3;153632;BRB BANCO DE BRASILIA S.A.;Ações Ordinárias;;;BSLI3;;Bolsa;B3;B3 S.A. - Brasil, Bolsa, Balcão.;2010-01-01;;Básico;1993-09-24;
00.000.208/0001-00;2025-01-01;3;153632;BRB BANCO DE BRASILIA S.A.;Ações Preferenciais;;;BSLI4;;Bolsa;B3;B3 S.A. - Brasil, Bolsa, Balcão.;2010-01-01;;Básico;1993-09-24;
00.001.180/0001-26;2025-01-01;4;150856;CENTRAIS ELET BRAS S.A. - ELETROBRAS;Ações Ordinárias;;;ELET3;;Bolsa;B3;B3 S.A. - Brasil, Bolsa, Balcão.;1971-09-07;;Nível 1 de Governança Corporativa;1971-09-07;
00.001.180/0001-26;2025-01-01;4;150856;CENTRAIS ELET BRAS S.A. - ELETROBRAS;Debêntures;;;;;Balcão Organizado;B3;B3 S.A. - Brasil, Bolsa, Balcão.;2024-10-17;;Básico;2024-09-15;
00.001.180/0001-26;2025-01-01;4;150856;CENTRAIS ELET BRAS S.A. - ELETROBRAS;Ações Preferenciais;PNB;Preferencial Classe B;ELET6;;Bolsa;B3;B3 S.A. - Brasil, Bolsa, Balcão.;2006-09-29;;Nível 1 de Governança Corporativa;1971-09-07;
00.001.180/0001-26;2025-01-01;4;150856;CENTRAIS ELET BRAS S.A. - ELETROBRAS;Ações Preferenciais;PNA;Preferencial Classe A;ELET5;;Bolsa;B3;B3 S.A. - Brasil, Bolsa, Balcão.;2006-09-29;;Nível 1 de Governança Corporativa;1971-09-07;
00.070.698/0001-11;2025-01-01;1;150598;COMPANHIA ENERGÉTICA DE BRASÍLIA - CEB;Ações Ordinárias;;;CEBR3;;Bolsa;B3;B3 S.A. - Brasil, Bolsa, Balcão.;1994-07-04;;Básico;1994-07-04;
00.070.698/0001-11;2025-01-01;1;150598;COMPANHIA ENERGÉTICA DE BRASÍLIA - CEB;Ações Preferenciais;PNB;Preferencial Classe B;CEBR6;;Bolsa;B3;B3 S.A. - Brasil, Bolsa, Balcão.;1994-07-04;;Básico;1994-07-04;
00.070.698/0001-11;2025-01-01;1;150598;COMPANHIA ENERGÉTICA DE BRASÍLIA - CEB;Ações Preferenciais;PNA;Preferencial Classe A;CEBR5;;Bolsa;B3;B3 S.A. - Brasil, Bolsa, Balcão.;1994-07-04;;Básico;1994-07-04;
00.080.671/0001-00;2025-01-01;2;144960;CARAMURU ALIMENTOS S.A.;Ações Ordinárias;;;;;;;;;;;;
00.185.475/0001-08;2025-01-01;4;149963;PARCOM PARTICIPACOES S.A. - EM LIQUIDAÇÃO;Ações Ordinárias;;;NÃO HÁ;;Balcão Organizado;B3;B3 S.A. - Brasil, Bolsa, Balcão.;1998-06-17;2012-12-27;Básico;1998-06-17;2012-12-27
00.194.724/0001-13;2025-01-01;2;151509;Auren Operações S.A.;Ações Ordinárias;;;AESO3;;Bolsa;B3;B3 S.A. - Brasil, Bolsa, Balcão.;2021-12-03;;Básico;2021-07-23;
00.242.184/0001-04;2025-01-01;1;144425;ARMAC LOCAÇÃO, LOGÍSTICA E SERVIÇOS S.A.;Ações Ordinárias;;;ARML3;;Bolsa;B3;B3 S.A. - Brasil, Bolsa, Balcão.;2021-07-28;;Novo Mercado;2021-07-27;
00.242.184/0001-04;2025-01-01;1;144425;ARMAC LOCAÇÃO, LOGÍSTICA E SERVIÇOS S.A.;Debêntures;;;;;Balcão Organizado;B3;B3 S.A. - Brasil, Bolsa, Balcão.;2021-05-06;;Básico;2021-04-28;
00.242.184/0001-04;2025-01-01;1;144425;ARMAC LOCAÇÃO, LOGÍSTICA E SERVIÇOS S.A.;Certificado de Recebíveis do Agronegócio;;;;;Balcão Organizado;B3;B3 S.A. - Brasil, Bolsa, Balcão.;2022-06-15;;Básico;2022-06-15;
00.249.786/0001-85;2025-01-01;4;149960;FORPART S.A. - EM LIQUIDAÇÃO;Ações Ordinárias;;;NÃO HÁ;;Balcão Não-Organizado;;;;;;1995-02-21;2012-12-27
00.336.701/0001-04;2025-01-01;1;147779;TELEC BRASILEIRAS S.A. TELEBRAS;Ações Ordinárias;;;TELB3;;Bolsa;B3;B3 S.A. - Brasil, Bolsa, Balcão.;1989-03-09;;Básico;1989-02-28;
00.336.701/0001-04;2025-01-01;1;147779;TELEC BRASILEIRAS S.A. TELEBRAS;Ações Preferenciais;PNA;Preferencial Classe A;TELB4;;Bolsa;B3;B3 S.A. - Brasil, Bolsa, Balcão.;1989-03-09;;Básico;1989-02-28;
00.357.038/0001-16;2025-01-01;3;153986;Centrais Elétricas do Norte do Brasil S.A.;Debêntures;;;;;Balcão Organizado;B3;B3 S.A. - Brasil, Bolsa, Balcão.;2024-10-07;;Básico;2024-09-15;
00.359.742/0001-08;2025-01-01;5;149878;FICTOR ALIMENTOS S.A.;Ações Ordinárias;;;FICT3;;Bolsa;B3;B3 S.A. - Brasil, Bolsa, Balcão.;1996-02-28;;Básico;1996-02-28;
00.389.481/0001-79;2025-01-01;1;149894;LM TRANSPORTES INTERESTADUAIS SERVIÇOS E COMÉRCIO S.A.;Debêntures;;;;;Balcão Organizado;B3;B3 S.A. - Brasil, Bolsa, Balcão.;2023-12-15;;Básico;2023-12-15;
00.644.907/0001-93;2025-01-01;1;147197;INVESTCO S.A.;Ações Preferenciais;PNC;Preferencial Classe C;00;;Balcão Não-Organizado;;;;;;2000-02-04;
00.644.907/0001-93;2025-01-01;1;147197;INVESTCO S.A.;Ações Preferenciais;PNA;Preferencial Classe A;00;;Balcão Não-Organizado;;;;;;2000-02-04;
00.644.907/0001-93;2025-01-01;1;147197;INVESTCO S.A.;Ações Preferenciais;PNR;Preferencial Classe R;00;;Balcão Não-Organizado;;;;;;2000-02-04;
00.644.907/0001-93;2025-01-01;1;147197;INVESTCO S.A.;Ações Preferenciais;PNB;Preferencial Classe B;00;;Balcão Não-Organizado;;;;;;2000-02-04;
00.743.065/0001-27;2025-01-01;1;148120;LITEL PARTICIPACOES S.A.;Ações Ordinárias;;;LTEL3B;;Balcão Organizado;B3;B3 S.A. - Brasil, Bolsa, Balcão.;2000-10-18;;Básico;2000-10-18;
00.776.574/0001-56;2025-01-01;2;153698;AMERICANAS S.A. - em Recuperação Judicial;Ações Ordinárias;;;AMER3;;Bolsa;B3;B3 S.A. - Brasil, Bolsa, Balcão.;2007-08-08;;Novo Mercado;2007-08-08;
00.776.574/0001-56;2025-01-01;2;153698;AMERICANAS S.A. - em Recuperação Judicial;Debêntures;;;;;Balcão Organizado;B3;B3 S.A. - Brasil, Bolsa, Balcão.;2020-11-15;;Básico;2020-11-15;
00.864.214/0001-06;2025-01-01;1;148559;ENERGISA S.A.;Ações Ordinárias;;;ENGI3;;Bolsa;B3;B3 S.A. - Brasil, Bolsa, Balcão.;1995-12-20;;Nível 2 de Governança Corporativa;1995-12-20;
00.864.214/0001-06;2025-01-01;1;148559;ENERGISA S.A.;Debêntures;;;;;Bolsa;B3;B3 S.A. - Brasil, Bolsa, Balcão.;2016-02-19;;Nível 2 de Governança Corporativa;2016-02-19;
00.864.214/0001-06;2025-01-01;1;148559;ENERGISA S.A.;Nota Comercial;;;;;Bolsa;B3;B3 S.A. - Brasil, Bolsa, Balcão.;2019-06-14;;Nível 2 de Governança Corporativa;2019-06-14;
00.864.214/0001-06;2025-01-01;1;148559;ENERGISA S.A.;Ações Preferenciais;;;ENGI4;;Bolsa;B3;B3 S.A. - Brasil, Bolsa, Balcão.;1995-12-20;;Nível 2 de Governança Corporativa;1995-12-20;
00.864.214/0001-06;2025-01-01;1;148559;ENERGISA S.A.;Units;;;ENGI11;1 ação ordinária e 4 ações preferenciais;Bolsa;B3;B3 S.A. - Brasil, Bolsa, Balcão.;1995-12-20;;Nível 2 de Governança Corporativa;1995-12-20;
00.873.894/0001-24;2025-01-01;1;149122;Lets Rent a Car S/A;Debêntures;;;;;Balcão Organizado;B3;B3 S.A. - Brasil, Bolsa, Balcão.;2015-03-03;;Básico;2015-03-03;
00.897.864/0001-58;2025-01-01;1;148727;SANTA CATARINA PART INVEST SA;Debêntures;;;;;Balcão Organizado;B3;B3 S.A. - Brasil, Bolsa, Balcão.;1995-12-14;1995-12-14;Básico;1995-12-14;1995-12-14
00.924.429/0001-75;2025-01-01;3;152578;FERROVIA CENTRO-ATLANTICA S.A.;Ações Ordinárias;;;VSPT3;;Bolsa;B3;B3 S.A. - Brasil, Bolsa, Balcão.;1996-02-14;;Básico;1996-02-14;
00.924.429/0001-75;2025-01-01;3;152578;FERROVIA CENTRO-ATLANTICA S.A.;Debêntures;;;;;Balcão Organizado;B3;B3 S.A. - Brasil, Bolsa, Balcão.;2022-06-20;;Básico;2022-06-20;
00.924.429/0001-75;2025-01-01;3;152578;FERROVIA CENTRO-ATLANTICA S.A.;Ações Preferenciais;;;VSPT4;;Bolsa;B3;B3 S.A. - Brasil, Bolsa, Balcão.;1996-02-14;;Básico;1996-02-14;
00.938.574/0001-05;2025-01-01;1;148067;CONC RIO-TERESOPOLIS S.A.;Ações Ordinárias;;;CRTE3;;Bolsa;B3;B3 S.A. - Brasil, Bolsa, Balcão.;2023-10-11;;Básico;2001-12-26;
00.938.574/0001-05;2025-01-01;1;148067;CONC RIO-TERESOPOLIS S.A.;Debêntures Conversíveis;;;;;Bolsa;B3;B3 S.A. - Brasil, Bolsa, Balcão.;2023-10-11;;Básico;2001-12-26;
00.938.574/0001-05;2025-01-01;1;148067;CONC RIO-TERESOPOLIS S.A.;Ações Preferenciais;ONA;Ordinária Classe A;CRTE3;;Bolsa;B3;B3 S.A. - Brasil, Bolsa, Balcão.;2023-10-11;;Básico;2001-12-26;
00.974.211/0001-25;2025-01-01;1;144365;Linha Amarela S.A. - LAMSA;Debêntures;;;;;Balcão Organizado;B3;B3 S.A. - Brasil, Bolsa, Balcão.;2012-05-31;;Básico;2012-05-31;
01.027.058/0001-91;2025-01-01;1;148800;CIELO S.A. -  Instituição de Pagamento;Debêntures;;;;;Balcão Organizado;B3;B3 S.A. - Brasil, Bolsa, Balcão.;2022-09-20;;Básico;2022-09-20;
01.083.200/0001-18;2025-01-01;2;152299;NEOENERGIA S.A.;Ações Ordinárias;;;NEOE3;;Bolsa;B3;B3 S.A. - Brasil, Bolsa, Balcão.;2019-07-01;;Novo Mercado;2019-07-01;
01.083.200/0001-18;2025-01-01;2;152299;NEOENERGIA S.A.;Debêntures;;;;;Bolsa;B3;B3 S.A. - Brasil, Bolsa, Balcão.;2004-12-01;;Básico;2004-12-01;
01.107.327/0001-20;2025-01-01;2;150564;BBM Logística S.A.;Ações Ordinárias;;;BBML3;;Bolsa;B3;B3 S.A. - Brasil, Bolsa, Balcão.;2019-03-11;;Bovespa Mais;2019-02-27;
01.107.327/0001-20;2025-01-01;2;150564;BBM Logística S.A.;Debêntures;;;;;Balcão Organizado;B3;B3 S.A. - Brasil, Bolsa, Balcão.;2022-05-16;;Básico;2022-05-16;
01.319.044/0001-41;2025-01-01;2;148304;WTC AMAZONAS SUITE HOTEL S.A.;Debêntures;;;;;Balcão Não-Organizado;;;;;;1996-09-18;
01.417.222/0001-77;2025-01-01;2;149838;MRS LOGISTICA S.A.;Ações Ordinárias;;;MRSA3;;Balcão Organizado;B3;B3 S.A. - Brasil, Bolsa, Balcão.;1998-12-18;;Básico;1998-12-18;
01.417.222/0001-77;2025-01-01;2;149838;MRS LOGISTICA S.A.;Debêntures;;;;;Balcão Organizado;B3;B3 S.A. - Brasil, Bolsa, Balcão.;2000-10-11;;Básico;2000-10-11;
01.417.222/0001-77;2025-01-01;2;149838;MRS LOGISTICA S.A.;Ações Preferenciais;PNA;Preferencial Classe A;MRSA5;;Balcão Organizado;B3;B3 S.A. - Brasil, Bolsa, Balcão.;1998-12-18;;Básico;1998-12-18;
01.417.222/0001-77;2025-01-01;2;149838;MRS LOGISTICA S.A.;Ações Preferenciais;PNB;Preferencial Classe B;MRSA6;;Balcão Organizado;B3;B3 S.A. - Brasil, Bolsa, Balcão.;1998-12-18;;Básico;1998-12-18;
01.543.032/0001-04;2025-01-01;1;146767;EQUATORIAL GOIÁS DISTRIBUIDORA DE ENERGIA S.A.;Nota Comercial;;;;;Balcão Organizado;B3;B3 S.A. - Brasil, Bolsa, Balcão.;2019-11-08;;Básico;2019-11-08;
01.543.032/0001-04;2025-01-01;1;146767;EQUATORIAL GOIÁS DISTRIBUIDORA DE ENERGIA S.A.;Nota Comercial;;;;;Balcão Organizado;B3;B3 S.A. - Brasil, Bolsa, Balcão.;2019-11-08;;Básico;2019-11-08;
01.545.826/0001-07;2025-01-01;1;144125;GAFISA S.A.;Ações Ordinárias;;;GFSA3;;Bolsa;B3;B3 S.A. - Brasil, Bolsa, Balcão.;2006-02-16;;Novo Mercado;2006-02-16;
01.545.826/0001-07;2025-01-01;1;144125;GAFISA S.A.;Bônus de Subscrição;;;;1 ação;Bolsa;B3;B3 S.A. - Brasil, Bolsa, Balcão.;2023-04-26;;Novo Mercado;2023-04-26;
01.548.981/0001-79;2025-01-01;1;145296;INVESTIMENTOS BEMGE S.A.;Ações Ordinárias;;;FIGE3;;Bolsa;B3;B3 S.A. - Brasil, Bolsa, Balcão.;1977-07-20;;Básico;1977-07-20;
01.548.981/0001-79;2025-01-01;1;145296;INVESTIMENTOS BEMGE S.A.;Ações Preferenciais;;;FIGE4;;Bolsa;B3;B3 S.A. - Brasil, Bolsa, Balcão.;1977-07-20;;Básico;1977-07-20;
01.599.101/0001-93;2025-01-01;2;149281;SEQUOIA LOGÍSTICA E TRANSPORTES S.A.;Ações Ordinárias;;;SEQL3;;Bolsa;B3;B3 S.A. - Brasil, Bolsa, Balcão.;2020-10-05;;Novo Mercado;2020-10-05;
01.616.929/0001-02;2025-01-01;1;147561;SANEAMENTO DE GOIAS SA;Debêntures;;;;;Balcão Organizado;B3;B3 S.A. - Brasil, Bolsa, Balcão.;2001-12-11;;Básico;2001-12-11;
01.637.895/0001-32;2025-01-01;1;145128;Votorantim Cimentos S.A.;Debêntures;;;;;Balcão Organizado;B3;B3 S.A. - Brasil, Bolsa, Balcão.;2021-03-05;;Básico;2021-03-05;
01.838.723/0001-27;2025-01-01;6;153988;BRF S.A.;Ações Ordinárias;;;BRFS3;;Bolsa;B3;B3 S.A. - Brasil, Bolsa, Balcão.;2006-02-17;2025-09-22;Novo Mercado;2006-02-17;
01.851.771/0001-55;2025-01-01;4;149958;524 PARTICIPACOES S.A.;Ações Ordinárias;;;QVQP3;;Bolsa;B3;B3 S.A. - Brasil, Bolsa, Balcão.;2023-10-11;;Básico;1997-05-30;
01.896.779/0001-38;2025-01-01;1;148925;CSU DIGITAL S.A.;Ações Ordinárias;;;CSUD3;;Bolsa;B3;B3 S.A. - Brasil, Bolsa, Balcão.;2006-04-25;;Novo Mercado;2006-04-25;
01.917.818/0001-36;2025-01-01;2;154109;LIGHT ENERGIA S.A.;Debêntures;;;;;Balcão Não-Organizado;B3;B3 S.A. - Brasil, Bolsa, Balcão.;2021-08-05;;Básico;2021-08-05;
01.938.783/0001-11;2025-01-01;1;148434;CIA PARTICIPACOES ALIANCA DA BAHIA;Ações Ordinárias;;;PEAB3;;Bolsa;B3;B3 S.A. - Brasil, Bolsa, Balcão.;2000-07-26;;Básico;2000-07-26;
01.938.783/0001-11;2025-01-01;1;148434;CIA PARTICIPACOES ALIANCA DA BAHIA;Debêntures;;;;;Balcão Organizado;B3;B3 S.A. - Brasil, Bolsa, Balcão.;2021-06-08;;Básico;2021-06-08;
01.938.783/0001-11;2025-01-01;1;148434;CIA PARTICIPACOES ALIANCA DA BAHIA;Ações Preferenciais;;;PEAB4;;Bolsa;B3;B3 S.A. - Brasil, Bolsa, Balcão.;2000-07-26;;Básico;2000-07-26;
01.957.772/0001-89;2025-01-01;1;148473;SUL 116 PARTICIPACOES S.A.;Ações Ordinárias;;;OPTS3;;Bolsa;B3;B3 S.A. - Brasil, Bolsa, Balcão.;2023-10-11;;Básico;1997-09-03;
01.968.293/0001-68;2025-01-01;1;148462;Eletroriver S.A.;Debêntures;;;;;Balcão Organizado;B3;B3 S.A. - Brasil, Bolsa, Balcão.;2021-09-15;2021-11-29;Básico;2021-09-15;2021-11-29
01.989.044/0001-59;2025-01-01;3;148307;WTC RIO EMPREEND. E PARTICIPAÇÕES S.A.;Debêntures;;;;;Balcão Não-Organizado;;;;;;1997-10-30;
02.016.440/0001-62;2025-01-01;3;150847;RGE SUL DISTRIBUIDORA DE ENERGIA S.A.;Debêntures;;;;;Balcão Organizado;B3;B3 S.A. - Brasil, Bolsa, Balcão.;2012-11-08;;Básico;2012-11-07;
02.016.507/0001-69;2025-01-01;3;153984;Cia de Ger. e Trans. de Energia Elétrica do Sul do Brasil;Debêntures;;;;;Balcão Organizado;B3;B3 S.A. - Brasil, Bolsa, Balcão.;2023-09-13;;Básico;2023-08-31;
02.041.460/0001-93;2025-01-01;1;145327;V. Tal - Rede Neutra de Telecomunicações S.A.;Debêntures;;;;;Balcão Organizado;B3;B3 S.A. - Brasil, Bolsa, Balcão.;2022-06-21;;Básico;2022-06-21;
02.062.747/0001-08;2025-01-01;4;149962;SUDESTE S.A.;Ações Ordinárias;;;OPSE3;;Bolsa;B3;B3 S.A. - Brasil, Bolsa, Balcão.;2023-11-10;;Básico;1997-11-26;
02.117.801/0001-67;2025-01-01;1;148069;BONAIRE PARTICIPACOES S.A. - EM LIQUIDAÇÃO;Ações Ordinárias;;;BNPA3B;;Balcão Organizado;B3;B3 S.A. - Brasil, Bolsa, Balcão.;2000-10-18;;Básico;2000-10-18;
02.149.205/0001-69;2025-01-01;1;148651;PORTO SEGURO S.A.;Ações Ordinárias;;;PSSA3;;Bolsa;B3;B3 S.A. - Brasil, Bolsa, Balcão.;2004-11-22;;Novo Mercado;2004-11-22;
02.193.750/0001-52;2025-01-01;2;148430;DEXXOS PARTICIPAÇÕES S.A.;Ações Ordinárias;;;DEXP3;;Bolsa;B3;B3 S.A. - Brasil, Bolsa, Balcão.;1997-11-21;;Básico;1997-11-20;
02.193.750/0001-52;2025-01-01;2;148430;DEXXOS PARTICIPAÇÕES S.A.;Ações Preferenciais;PNA;Preferencial Classe A;DEXP4;;Bolsa;B3;B3 S.A. - Brasil, Bolsa, Balcão.;2016-11-18;;Básico;2016-11-18;
02.217.319/0001-07;2025-01-01;5;152905;YBYRÁ CAPITAL S.A.;Ações Ordinárias;;;YBRA3;;Balcão Não-Organizado;;;;;;1997-12-08;2025-01-24
02.217.319/0001-07;2025-01-01;5;152905;YBYRÁ CAPITAL S.A.;Ações Preferenciais;ONA;Ordinária Classe A;YBRA4;;Balcão Não-Organizado;;;;;;2023-06-28;2025-01-24
02.255.187/0001-08;2025-01-01;2;148708;Unifique Telecomunicações S.A.;Ações Ordinárias;;;FIQE3;;Bolsa;B3;B3 S.A. - Brasil, Bolsa, Balcão.;2021-07-27;;Novo Mercado;2021-07-27;
02.255.187/0001-08;2025-01-01;2;148708;Unifique Telecomunicações S.A.;Debêntures;;;;;Balcão Não-Organizado;B3;B3 S.A. - Brasil, Bolsa, Balcão.;2021-03-31;;Novo Mercado;2021-03-31;
02.258.422/0001-97;2025-01-01;1;148316;INEPAR EQUIPAMENTOS E MONTAGENS S/A - EM RECUPERACAO JUDICIA;Ações Ordinárias;;;;;;;;;;;1998-10-23;
02.258.422/0001-97;2025-01-01;1;148316;INEPAR EQUIPAMENTOS E MONTAGENS S/A - EM RECUPERACAO JUDICIA;Ações Preferenciais;;;;;;;;;;;1998-10-23;
02.286.479/0001-08;2025-01-01;1;148347;Localiza Fleet S.A.;Debêntures;;;;;Balcão Organizado;B3;B3 S.A. - Brasil, Bolsa, Balcão.;2009-09-30;;Básico;2009-09-30;
02.291.077/0001-93;2025-01-01;2;147040;PRODUTORES ENERGET.DE MANSO S.A.- PROMAN;Ações Ordinárias;;;PRMN3B;;Balcão Organizado;B3;B3 S.A. - Brasil, Bolsa, Balcão.;2004-01-28;;Básico;2004-01-28;
02.291.077/0001-93;2025-01-01;2;147040;PRODUTORES ENERGET.DE MANSO S.A.- PROMAN;Debêntures Conversíveis;;;;;Balcão Organizado;B3;B3 S.A. - Brasil, Bolsa, Balcão.;2002-02-07;;Básico;2002-02-07;
02.302.100/0001-06;2025-01-01;2;149435;EDP SÃO PAULO DISTRIBUIÇÃO DE ENERGIA S.A.;Debêntures;;;;;Balcão Organizado;B3;B3 S.A. - Brasil, Bolsa, Balcão.;2014-04-30;;Básico;2014-04-30;
02.302.101/0001-42;2025-01-01;6;152500;EMAE - EMPRESA METROP.AGUAS ENERGIA S.A.;Ações Ordinárias;;;EMAE3;;Bolsa;B3;B3 S.A. - Brasil, Bolsa, Balcão.;1998-03-31;;Básico;1998-03-27;
02.302.101/0001-42;2025-01-01;6;152500;EMAE - EMPRESA METROP.AGUAS ENERGIA S.A.;Ações Preferenciais;;;EMAE4;;Bolsa;B3;B3 S.A. - Brasil, Bolsa, Balcão.;1998-03-31;;Básico;1998-03-27;
02.328.280/0001-97;2025-01-01;2;152295;ELEKTRO REDES S.A.;Ações Ordinárias;;;EKTR3;;Bolsa;B3;B3 S.A. - Brasil, Bolsa, Balcão.;1998-07-08;;Nível 2 de Governança Corporativa;1998-07-08;
02.328.280/0001-97;2025-01-01;2;152295;ELEKTRO REDES S.A.;Debêntures;;;;;Bolsa;B3;B3 S.A. - Brasil, Bolsa, Balcão.;2005-09-01;;Básico;2005-09-01;
02.328.280/0001-97;2025-01-01;2;152295;ELEKTRO REDES S.A.;Ações Preferenciais;;;EKTR4;;Bolsa;B3;B3 S.A. - Brasil, Bolsa, Balcão.;1998-07-08;;Nível 2 de Governança Corporativa;1998-07-08;
02.338.534/0001-58;2025-01-01;8;153718;LONGDIS S.A.;Ações Ordinárias;;;SPRT3B;;Balcão Organizado;B3;B3 S.A. - Brasil, Bolsa, Balcão.;1998-06-30;2020-07-20;Básico;1998-06-30;2020-07-20
02.351.144/0001-18;2025-01-01;1;148769;TEGMA GESTAO LOGISTICA S.A.;Ações Ordinárias;;;tgma3;;Bolsa;B3;B3 S.A. - Brasil, Bolsa, Balcão.;2007-08-03;;Novo Mercado;2007-08-03;
02.351.877/0001-52;2025-01-01;1;147625;LWSA S/A;Ações Ordinárias;;;LWSA3;;Bolsa;B3;B3 S.A. - Brasil, Bolsa, Balcão.;2020-02-06;;Novo Mercado;2020-02-06;
02.357.251/0001-53;2025-01-01;1;150019;LIFEMED INDUSTRIAL DE EQUIP. E ART. MEDICOS E HOSP. S.A;Ações Ordinárias;;;LMED;;Bolsa;B3;B3 S.A. - Brasil, Bolsa, Balcão.;2020-01-06;;Bovespa Mais;2020-01-06;
02.357.251/0001-53;2025-01-01;1;150019;LIFEMED INDUSTRIAL DE EQUIP. E ART. MEDICOS E HOSP. S.A;Nota Comercial;;;;;Balcão Organizado;B3;B3 S.A. - Brasil, Bolsa, Balcão.;2023-08-28;2023-09-01;Básico;2023-08-28;2023-09-01
02.365.069/0001-44;2025-01-01;2;149981;PADTEC HOLDING S.A.;Ações Ordinárias;;;PDTC3;;Bolsa;B3;B3 S.A. - Brasil, Bolsa, Balcão.;2018-01-08;2021-05-07;Básico;2000-06-08;
02.365.069/0001-44;2025-01-01;2;149981;PADTEC HOLDING S.A.;Ações Ordinárias;;;PDTC3;;Bolsa;B3;B3 S.A. - Brasil, Bolsa, Balcão.;2021-05-10;;Novo Mercado;2000-06-08;
02.382.073/0001-10;2025-01-01;1;144606;PROLAGOS S/A - CONC.DE SERVICOS PÚBLICOS DE ÁGUA E ESGOTO;Debêntures;;;;;Balcão Organizado;B3;B3 S.A. - Brasil, Bolsa, Balcão.;2018-01-08;;Básico;2017-10-10;
02.387.241/0001-60;2025-01-01;3;150936;RUMO S.A.;Ações Ordinárias;;;RAIL3;;Bolsa;B3;B3 S.A. - Brasil, Bolsa, Balcão.;2015-04-01;;Novo Mercado;2015-04-01;
02.387.241/0001-60;2025-01-01;3;150936;RUMO S.A.;Debêntures;;;;;Balcão Organizado;B3;B3 S.A. - Brasil, Bolsa, Balcão.;2019-03-20;;Básico;2019-03-20;
02.397.080/0001-96;2025-01-01;2;152300;ITAPEBI GERACAO DE ENERGIA S.A.;Debêntures;;;;;Bolsa;B3;B3 S.A. - Brasil, Bolsa, Balcão.;2017-05-10;;Básico;2017-05-10;
02.421.421/0001-11;2025-01-01;2;150554;TIM S.A.;Ações Ordinárias;;;TIMS3;;Bolsa;B3;B3 S.A. - Brasil, Bolsa, Balcão.;2020-10-13;;Novo Mercado;2020-10-13;
02.429.144/0001-93;2025-01-01;2;150841;CPFL ENERGIA S.A.;Ações Ordinárias;;;CPFE3;;Bolsa;B3;B3 S.A. - Brasil, Bolsa, Balcão.;2004-09-29;;Novo Mercado;2004-09-29;
02.429.144/0001-93;2025-01-01;2;150841;CPFL ENERGIA S.A.;Debêntures;;;;;Balcão Organizado;B3;B3 S.A. - Brasil, Bolsa, Balcão.;2000-05-19;;Básico;2000-05-18;
02.451.848/0001-62;2025-01-01;1;145846;CONC SIST ANHANG-BANDEIRANT S.A. AUTOBAN;Debêntures;;;;;Balcão Organizado;B3;B3 S.A. - Brasil, Bolsa, Balcão.;2006-08-01;;Básico;2006-08-01;
02.451.848/0001-62;2025-01-01;1;145846;CONC SIST ANHANG-BANDEIRANT S.A. AUTOBAN;Debêntures;;;;;Bolsa;B3;B3 S.A. - Brasil, Bolsa, Balcão.;2016-08-01;;Básico;2016-08-01;
02.451.848/0001-62;2025-01-01;1;145846;CONC SIST ANHANG-BANDEIRANT S.A. AUTOBAN;Nota Comercial;;;;;Balcão Organizado;B3;B3 S.A. - Brasil, Bolsa, Balcão.;2016-11-17;;Básico;2016-11-17;
02.474.103/0001-19;2025-01-01;2;149679;ENGIE BRASIL ENERGIA S.A.;Ações Ordinárias;;;EGIE3;;Bolsa;B3;B3 S.A. - Brasil, Bolsa, Balcão.;2005-11-16;;Novo Mercado;1998-05-28;
02.474.103/0001-19;2025-01-01;2;149679;ENGIE BRASIL ENERGIA S.A.;Debêntures;;;;;Balcão Organizado;B3;B3 S.A. - Brasil, Bolsa, Balcão.;2014-12-15;;Básico;2014-12-15;
02.474.103/0001-19;2025-01-01;2;149679;ENGIE BRASIL ENERGIA S.A.;Debêntures;;;;;Balcão Não-Organizado;B3;B3 S.A. - Brasil, Bolsa, Balcão.;2018-07-15;;Básico;2018-07-15;
02.502.844/0001-66;2025-01-01;3;148874;RUMO MALHA PAULISTA S.A.;Debêntures;;;;;Balcão Organizado;B3;B3 S.A. - Brasil, Bolsa, Balcão.;2021-04-30;;Básico;2021-04-15;
02.509.491/0001-26;2025-01-01;2;154011;CONC ECOVIAS IMIGRANTES S.A.;Debêntures;;;;;Balcão Organizado;B3;B3 S.A. - Brasil, Bolsa, Balcão.;2006-12-18;;Básico;2006-12-18;
02.536.066/0001-26;2025-01-01;1;148492;Vital Engenharia Ambiental S.A.;Ações Ordinárias;;;;;;;;;;;;
02.536.066/0001-26;2025-01-01;1;148492;Vital Engenharia Ambiental S.A.;Ações Preferenciais;;;;;;;;;;;;
02.558.157/0001-62;2025-01-01;1;144156;TELEFÔNICA BRASIL S.A;Ações Ordinárias;;;VIVT3;;Bolsa;B3;B3 S.A. - Brasil, Bolsa, Balcão.;1998-08-19;;Básico;1998-08-19;
02.560.878/0001-07;2025-01-01;1;146461;HOSPITAL ANCHIETA S.A.;Valor Mobiliário Não Registrado;;;;;;;;;;;;
02.591.787/0001-39;2025-01-01;2;146085;CAPITALPART PARTICIPACOES S.A.;Ações Ordinárias;;;CPTP3B;;Bolsa;B3;B3 S.A. - Brasil, Bolsa, Balcão.;1998-07-20;2020-07-20;Básico;1998-07-09;2020-07-20
02.600.854/0001-34;2025-01-01;2;150555;Tim Brasil Serviços e Participações S.A.;Debêntures;;;;;Balcão Organizado;B3;B3 S.A. - Brasil, Bolsa, Balcão.;2025-07-23;;Básico;2025-07-23;
02.635.522/0001-95;2025-01-01;2;149850;Jalles Machado S.A.;Ações Ordinárias;;;JALL3;;Bolsa;B3;B3 S.A. - Brasil, Bolsa, Balcão.;2021-02-08;;Novo Mercado;2021-02-08;
02.664.042/0001-52;2025-01-01;3;153924;TERMINAL GARAGEM MENEZES CORTES S.A.;Ações Ordinárias;;;MNZC3;;Bolsa;B3;B3 S.A. - Brasil, Bolsa, Balcão.;2023-10-11;2025-11-04;Básico;2000-07-20;2025-12-17
02.762.115/0001-49;2025-01-01;1;146220;MASSA FALIDA DA MMX MINERACAO E METALICOS S.A.;Ações Ordinárias;;;MMXM3;;Bolsa;B3;B3 S.A. - Brasil, Bolsa, Balcão.;2006-07-24;2021-05-19;Novo Mercado;2006-07-24;2021-05-19
02.762.121/0001-04;2025-01-01;2;152167;SANTOS BRASIL PARTICIPACOES S.A.;Debêntures;;;;;Balcão Organizado;B3;B3 S.A. - Brasil, Bolsa, Balcão.;2019-04-30;;Básico;2019-03-25;
02.762.124/0001-30;2025-01-01;4;149959;BETAPART PARTICIPACOES S.A.;Ações Ordinárias;;;BETP3;;Bolsa;B3;B3 S.A. - Brasil, Bolsa, Balcão.;2023-10-11;;Básico;1998-11-06;
02.796.775/0001-40;2025-01-01;4;149961;GAMA PARTICIPACOES S.A.;Ações Ordinárias;;;OPGM3;;Bolsa;B3;B3 S.A. - Brasil, Bolsa, Balcão.;2023-10-11;;Básico;2002-12-31;
02.800.026/0001-40;2025-01-01;1;144296;COGNA EDUCAÇÃO S.A.;Ações Ordinárias;;;COGN3;;Bolsa;B3;B3 S.A. - Brasil, Bolsa, Balcão.;2012-11-30;;Novo Mercado;2007-07-23;
02.846.056/0001-97;2025-01-01;3;148918;MOTIVA INFRAESTRUTURA DE MOBILIDADE S.A.;Ações Ordinárias;;;MOTV3;;Bolsa;B3;B3 S.A. - Brasil, Bolsa, Balcão.;2002-01-31;;Novo Mercado;2002-01-31;
02.860.694/0001-62;2025-01-01;1;150152;T4F ENTRETENIMENTO S.A.;Ações Ordinárias;;;SHOW3;;Bolsa;B3;B3 S.A. - Brasil, Bolsa, Balcão.;2011-04-11;;Novo Mercado;2011-04-11;
02.916.265/0001-60;2025-01-01;1;149199;JBS S.A.;Ações Ordinárias;;;JBSS3;;Bolsa;B3;B3 S.A. - Brasil, Bolsa, Balcão.;2007-03-29;;Novo Mercado;2007-03-29;
02.932.074/0001-91;2025-01-01;1;146194;HYPERA S.A.;Ações Ordinárias;;;HYPE3;;Bolsa;B3;B3 S.A. - Brasil, Bolsa, Balcão.;2008-04-17;;Novo Mercado;2008-04-17;
02.950.811/0001-89;2025-01-01;1;144604;PDG REALTY S.A. EMPREEND E PARTICIPACOES;Ações Ordinárias;;;PDGR3;;Bolsa;B3;B3 S.A. - Brasil, Bolsa, Balcão.;2007-01-26;;Novo Mercado;2007-01-26;
02.992.449/0001-09;2025-01-01;4;149964;PROMPT PARTICIPACOES S.A.;Ações Ordinárias;;;PRPT3;;Bolsa;B3;B3 S.A. - Brasil, Bolsa, Balcão.;2023-10-11;;Básico;1999-06-18;
02.998.301/0001-81;2025-01-01;1;149104;RIO PARANAPANEMA ENERGIA S.A.;Ações Ordinárias;;;GEPA3;;Bolsa;B3;B3 S.A. - Brasil, Bolsa, Balcão.;1999-07-26;;Básico;1999-07-26;
02.998.301/0001-81;2025-01-01;1;149104;RIO PARANAPANEMA ENERGIA S.A.;Debêntures;;;;;Balcão Organizado;B3;B3 S.A. - Brasil, Bolsa, Balcão.;2008-09-15;;Básico;2008-09-15;
02.998.301/0001-81;2025-01-01;1;149104;RIO PARANAPANEMA ENERGIA S.A.;Ações Preferenciais;;;GEPA4;;Bolsa;B3;B3 S.A. - Brasil, Bolsa, Balcão.;1999-07-26;;Básico;1999-07-26;
02.998.611/0001-04;2025-01-01;1;149909;ISA ENERGIA BRASIL;Ações Ordinárias;;;ISAE3;;Bolsa;B3;B3 S.A. - Brasil, Bolsa, Balcão.;2002-09-18;;Nível 1 de Governança Corporativa;2002-09-18;
02.998.611/0001-04;2025-01-01;1;149909;ISA ENERGIA BRASIL;Debêntures;;;;;Balcão Organizado;B3;B3 S.A. - Brasil, Bolsa, Balcão.;2014-03-26;;Básico;2013-12-27;
02.998.611/0001-04;2025-01-01;1;149909;ISA ENERGIA BRASIL;Ações Preferenciais;PNA;Preferencial Classe A;ISAE4;;Bolsa;B3;B3 S.A. - Brasil, Bolsa, Balcão.;2002-09-18;;Nível 1 de Governança Corporativa;2002-09-18;
03.014.553/0001-91;2025-01-01;2;146839;TPI - TRIUNFO PARTICIP. E INVEST. S.A.;Ações Ordinárias;;;TPIS3;;Bolsa;B3;B3 S.A. - Brasil, Bolsa, Balcão.;2007-07-20;;Novo Mercado;2007-07-20;
03.025.305/0001-46;2025-01-01;1;149231;RODOVIAS DAS COLINAS S.A.;Debêntures;;;;;Balcão Organizado;B3;B3 S.A. - Brasil, Bolsa, Balcão.;2013-04-25;;Básico;2013-04-25;
03.207.703/0001-83;2025-01-01;1;146369;CONCESSIONARIA DE RODOVIAS DO INTERIOR PAULISTA S/A;Debêntures;;;;;Balcão Organizado;B3;B3 S.A. - Brasil, Bolsa, Balcão.;2024-05-20;2024-05-20;Básico;2024-05-15;
03.220.438/0001-73;2025-01-01;3;147325;EQUATORIAL S.A.;Ações Ordinárias;;;EQTL3;;Bolsa;B3;B3 S.A. - Brasil, Bolsa, Balcão.;2008-04-23;;Novo Mercado;2006-04-03;
03.279.285/0001-30;2025-01-01;1;149140;Orizon Meio Ambiente S.A.;Debêntures;;;;;Balcão Organizado;B3;B3 S.A. - Brasil, Bolsa, Balcão.;2021-11-15;;Básico;2021-11-15;
03.303.999/0001-36;2025-01-01;1;144950;DTCOM - DIRECT TO COMPANY S.A.;Ações Ordinárias;;;DTCY3;;Bolsa;B3;B3 S.A. - Brasil, Bolsa, Balcão.;2000-12-31;;Básico;2000-12-31;
03.303.999/0001-36;2025-01-01;1;144950;DTCOM - DIRECT TO COMPANY S.A.;Ações Preferenciais;PNA;Preferencial Classe A;DTCY;;Balcão Organizado;B3;B3 S.A. - Brasil, Bolsa, Balcão.;2000-12-31;;Básico;2000-12-31;
03.342.704/0001-30;2025-01-01;1;145369;PETRORECÔNCAVO S.A.;Ações Ordinárias;;;RECV3;;Bolsa;B3;B3 S.A. - Brasil, Bolsa, Balcão.;2021-05-05;;Novo Mercado;2021-05-05;
03.378.521/0001-75;2025-01-01;2;154110;LIGHT S.A. - Em Recuperação Judicial;Ações Ordinárias;;;LIGT3;;Bolsa;B3;B3 S.A. - Brasil, Bolsa, Balcão.;2005-12-12;;Novo Mercado;2005-12-12;
03.467.321/0001-99;2025-01-01;1;148556;ENERGISA MATO GROSSO-DISTRIBUIDORA DE ENERGIA S/A;Ações Ordinárias;;;ENMT3;;Bolsa;B3;B3 S.A. - Brasil, Bolsa, Balcão.;1994-10-25;;Básico;1994-10-25;
03.467.321/0001-99;2025-01-01;1;148556;ENERGISA MATO GROSSO-DISTRIBUIDORA DE ENERGIA S/A;Debêntures;;;;;Bolsa;B3;B3 S.A. - Brasil, Bolsa, Balcão.;2018-02-15;;Básico;2018-02-15;
03.467.321/0001-99;2025-01-01;1;148556;ENERGISA MATO GROSSO-DISTRIBUIDORA DE ENERGIA S/A;Nota Comercial;;;;;Bolsa;B3;B3 S.A. - Brasil, Bolsa, Balcão.;2019-04-03;;Básico;2019-04-03;
03.467.321/0001-99;2025-01-01;1;148556;ENERGISA MATO GROSSO-DISTRIBUIDORA DE ENERGIA S/A;Ações Preferenciais;;;ENMT4;;Bolsa;B3;B3 S.A. - Brasil, Bolsa, Balcão.;1994-10-25;;Básico;1994-10-25;
03.494.776/0001-01;2025-01-01;2;144725;AMMO VAREJO S.A.;Ações Ordinárias;;;;;;;;;;;;
03.758.318/0001-24;2025-01-01;2;146025;INVESTIMENTOS E PARTICIP. EM INFRA S.A. - INVEPAR;Ações Ordinárias;;;IVPR3;;Balcão Organizado;B3;B3 S.A. - Brasil, Bolsa, Balcão.;2000-09-29;;Básico;2000-09-29;
03.758.318/0001-24;2025-01-01;2;146025;INVESTIMENTOS E PARTICIP. EM INFRA S.A. - INVEPAR;Debêntures;;;;;Balcão Organizado;B3;B3 S.A. - Brasil, Bolsa, Balcão.;2010-03-15;2015-11-12;Básico;2010-03-15;2015-11-12
03.758.318/0001-24;2025-01-01;2;146025;INVESTIMENTOS E PARTICIP. EM INFRA S.A. - INVEPAR;Debêntures Conversíveis;;;;;Balcão Organizado;B3;B3 S.A. - Brasil, Bolsa, Balcão.;2015-10-15;;Básico;2015-10-15;
03.758.318/0001-24;2025-01-01;2;146025;INVESTIMENTOS E PARTICIP. EM INFRA S.A. - INVEPAR;Ações Preferenciais;;;IVPR4;;Balcão Organizado;B3;B3 S.A. - Brasil, Bolsa, Balcão.;2000-09-29;;Básico;2000-09-29;
03.767.538/0001-14;2025-01-01;1;148664;BRAZILIAN SECURITIES CIA SECURITIZACAO;Certificados de Recebíveis Imobiliários;;;;;Balcão Não-Organizado;;;;;;2001-03-13;
03.795.050/0001-09;2025-01-01;2;152297;TERMOPERNAMBUCO S.A.;Debêntures;;;;;Bolsa;B3;B3 S.A. - Brasil, Bolsa, Balcão.;2005-11-06;;Básico;2005-11-06;
03.802.115/0001-98;2025-01-01;1;144464;CLEAR SALE S.A.;Ações Ordinárias;;;CLSA3;;Bolsa;B3;B3 S.A. - Brasil, Bolsa, Balcão.;2021-07-30;;Novo Mercado;2021-07-30;
03.820.456/0001-96;2025-01-01;1;148464;BSB Energética S.A.;Debêntures;;;;;Balcão Organizado;B3;B3 S.A. - Brasil, Bolsa, Balcão.;2021-09-15;2021-11-29;Básico;2021-09-15;2021-11-29
03.847.461/0001-92;2025-01-01;1;148199;BRADESPAR S.A.;Ações Ordinárias;;;BRAP3;;Bolsa;B3;B3 S.A. - Brasil, Bolsa, Balcão.;2001-06-26;;Nível 1 de Governança Corporativa;2000-08-10;
03.847.461/0001-92;2025-01-01;1;148199;BRADESPAR S.A.;Ações Preferenciais;;;BRAP4;;Bolsa;B3;B3 S.A. - Brasil, Bolsa, Balcão.;2001-06-26;;Nível 1 de Governança Corporativa;2000-08-10;
03.853.896/0001-40;2025-01-01;2;151994;MARFRIG GLOBAL FOODS S.A.;Ações Ordinárias;;;ADR;;Bolsa;B3;B3 S.A. - Brasil, Bolsa, Balcão.;2007-06-29;;Novo Mercado;2007-06-29;
03.953.509/0001-47;2025-01-01;2;150844;CPFL GERACAO DE ENERGIA S.A.;Debêntures;;;;;Balcão Organizado;B3;B3 S.A. - Brasil, Bolsa, Balcão.;2012-11-08;;Básico;2012-11-07;
03.983.431/0001-03;2025-01-01;2;149431;EDP - ENERGIAS DO BRASIL S.A.;Debêntures;;;;;Balcão Organizado;B3;B3 S.A. - Brasil, Bolsa, Balcão.;2015-09-15;;Básico;2015-09-15;
04.030.182/0001-02;2025-01-01;1;146815;CABINDA PARTICIPACOES S.A.;Ações Ordinárias;;;;;;;;;;;;
04.030.182/0001-02;2025-01-01;1;146815;CABINDA PARTICIPACOES S.A.;Ações Preferenciais;;;;;;;;;;;;
04.031.213/0001-31;2025-01-01;1;146816;CACONDE PARTICIPACOES S.A.;Ações Ordinárias;;;;;;;;;;;;
04.031.213/0001-31;2025-01-01;1;146816;CACONDE PARTICIPACOES S.A.;Ações Preferenciais;;;;;;;;;;;;
04.032.433/0001-80;2025-01-01;1;148095;CONTAX PARTICIPAÇÕES S.A. - EM RECUPERAÇÃO JUDICIAL;Ações Ordinárias;;;ATMP3;;Bolsa;B3;B3 S.A. - Brasil, Bolsa, Balcão.;2023-05-02;;Básico;2023-05-02;
04.038.763/0001-82;2025-01-01;1;146817;CAIANDA PARTICIPACOES S.A.;Ações Ordinárias;;;;;;;;;;;;
04.038.763/0001-82;2025-01-01;1;146817;CAIANDA PARTICIPACOES S.A.;Ações Preferenciais;;;;;;;;;;;;
04.065.053/0001-41;2025-01-01;2;151544;BRZ Empreendimentos e Construções S.A.;Ações Ordinárias;;;;;;;;;;;;
04.069.709/0001-02;2025-01-01;3;150933;Bionexo S.A.;Ações Ordinárias;;;;;;;;;;;;
04.089.570/0001-50;2025-01-01;1;144605;ÁGUAS GUARIROBA S.A;Debêntures;;;;;Balcão Organizado;B3;B3 S.A. - Brasil, Bolsa, Balcão.;2018-02-15;;Básico;2017-11-17;
04.149.454/0001-80;2025-01-01;2;154012;ECORODOVIAS INFRAESTRUTURA E LOGÍSTICA S.A.;Ações Ordinárias;;;ECOR3;;Bolsa;B3;B3 S.A. - Brasil, Bolsa, Balcão.;2010-04-01;;Novo Mercado;2010-04-01;
04.149.454/0001-80;2025-01-01;2;154012;ECORODOVIAS INFRAESTRUTURA E LOGÍSTICA S.A.;Debêntures;;;;;Balcão Organizado;B3;B3 S.A. - Brasil, Bolsa, Balcão.;2015-04-25;;Básico;2015-04-25;
04.172.213/0001-51;2025-01-01;2;150846;CIA PIRATININGA DE FORCA E LUZ;Debêntures;;;;;Balcão Organizado;B3;B3 S.A. - Brasil, Bolsa, Balcão.;2012-11-08;;Básico;2012-11-07;
04.212.396/0001-91;2025-01-01;1;144161;Voke S.A.;Debêntures;;;;;Balcão Organizado;B3;B3 S.A. - Brasil, Bolsa, Balcão.;2024-03-15;;Básico;2024-03-05;
04.212.396/0001-91;2025-01-01;1;144161;Voke S.A.;Nota Comercial;;;;;Balcão Organizado;B3;B3 S.A. - Brasil, Bolsa, Balcão.;2024-10-02;;Básico;2024-10-02;
04.368.865/0001-66;2025-01-01;1;146331;Ligga Telecomunicações S.A.;Debêntures;;;;;Balcão Organizado;B3;B3 S.A. - Brasil, Bolsa, Balcão.;2022-09-05;2022-09-05;Básico;2022-09-05;2022-10-10
04.368.898/0001-06;2025-01-01;1;146684;Copel Distribuição S.A.;Debêntures;;;;;Balcão Organizado;B3;B3 S.A. - Brasil, Bolsa, Balcão.;2017-10-20;;Básico;2017-10-20;
04.370.282/0001-70;2025-01-01;1;146683;COPEL GERAÇÃO E TRANSMISSÃO S.A.;Debêntures;;;;;Balcão Não-Organizado;B3;B3 S.A. - Brasil, Bolsa, Balcão.;2017-10-20;;Básico;2017-10-20;
04.423.567/0001-21;2025-01-01;1;146170;ENEVA S.A;Ações Ordinárias;;;ENEV3;;Bolsa;B3;B3 S.A. - Brasil, Bolsa, Balcão.;2007-12-14;;Novo Mercado;2007-12-14;
04.601.397/0001-28;2025-01-01;1;144343;BRISANET SERVIÇOS DE TELECOMUNICAÇÕES S.A.;Ações Ordinárias;;;BRST3;;Balcão Não-Organizado;B3;B3 S.A. - Brasil, Bolsa, Balcão.;2024-12-05;;Novo Mercado;2024-07-29;
04.739.720/0001-24;2025-01-01;1;149091;USINA TERMELÉTRICA PAMPA SUL S.A.;Debêntures;;;;;Balcão Organizado;B3;B3 S.A. - Brasil, Bolsa, Balcão.;2020-09-23;;Básico;2020-09-23;
04.752.991/0001-10;2025-01-01;1;146747;BIOMM S.A.;Ações Ordinárias;;;BIOM3;;Bolsa;B3;B3 S.A. - Brasil, Bolsa, Balcão.;2014-01-02;;Bovespa Mais;2014-01-02;
04.821.041/0001-08;2025-01-01;2;146402;METALFRIO SOLUTIONS S.A.;Ações Ordinárias;;;FRIO3;;Bolsa;B3;B3 S.A. - Brasil, Bolsa, Balcão.;2007-04-13;;Novo Mercado;2007-04-13;
04.895.728/0001-80;2025-01-01;3;147207;EQUATORIAL PARÁ DISTRIBUIDORA DE ENERGIA S.A.;Ações Ordinárias;;;CELP3;;Bolsa;B3;B3 S.A. - Brasil, Bolsa, Balcão.;1999-08-05;;Básico;1999-08-05;
04.895.728/0001-80;2025-01-01;3;147207;EQUATORIAL PARÁ DISTRIBUIDORA DE ENERGIA S.A.;Ações Preferenciais;PNC;Preferencial Classe C;CELP7;;Bolsa;B3;B3 S.A. - Brasil, Bolsa, Balcão.;1999-08-05;;Básico;1999-08-05;
04.895.728/0001-80;2025-01-01;3;147207;EQUATORIAL PARÁ DISTRIBUIDORA DE ENERGIA S.A.;Ações Preferenciais;PNA;Preferencial Classe A;CELP5;;Bolsa;B3;B3 S.A. - Brasil, Bolsa, Balcão.;1999-08-05;;Básico;1999-08-05;
04.895.728/0001-80;2025-01-01;3;147207;EQUATORIAL PARÁ DISTRIBUIDORA DE ENERGIA S.A.;Ações Preferenciais;PNB;Preferencial Classe B;CELP6;;Bolsa;B3;B3 S.A. - Brasil, Bolsa, Balcão.;1999-08-05;;Básico;1999-08-05;
04.902.979/0001-44;2025-01-01;1;144088;BCO AMAZONIA S.A.;Ações Ordinárias;;;BAZA3;;Bolsa;B3;B3 S.A. - Brasil, Bolsa, Balcão.;1977-07-20;;Básico;1977-07-20;
04.913.711/0001-08;2025-01-01;1;148729;BCO ESTADO DO PARA S.A.;Ações Ordinárias;;;BPAR3;;Bolsa;B3;B3 S.A. - Brasil, Bolsa, Balcão.;1977-07-20;;Básico;1977-07-20;
04.972.092/0001-22;2025-01-01;1;149046;GRUPO FARTURA DE HORTIFRUT S.A.;Debêntures;;;;;Balcão Organizado;B3;B3 S.A. - Brasil, Bolsa, Balcão.;2018-09-10;;Básico;2018-09-10;
04.986.188/0001-40;2025-01-01;1;149966;AGROINDUSTRIAL VERA CRUZ S.A.;Ações Ordinárias;;;PNC;;Bolsa;B3;B3 S.A. - Brasil, Bolsa, Balcão.;1996-11-05;1996-11-05;Básico;1996-11-05;1996-11-05
04.986.320/0001-13;2025-01-01;3;151260;SER EDUCACIONAL S.A.;Ações Ordinárias;;;SEER3;;Bolsa;B3;B3 S.A. - Brasil, Bolsa, Balcão.;2013-10-29;;Novo Mercado;2013-10-29;
04.992.714/0001-84;2025-01-01;3;151751;Nova Transportadora do Sudeste S.A. - NTS;Debêntures;;;;;Balcão Organizado;B3;B3 S.A. - Brasil, Bolsa, Balcão.;2025-08-25;;Básico;2025-08-25;
05.197.443/0001-38;2025-01-01;1;148130;HAPVIDA PARTICIPAÇÕES E INVESTIMENTOS S.A.;Ações Ordinárias;;;HAPV3;;Bolsa;B3;B3 S.A. - Brasil, Bolsa, Balcão.;2018-04-25;;Novo Mercado;2018-04-25;
05.197.443/0001-38;2025-01-01;1;148130;HAPVIDA PARTICIPAÇÕES E INVESTIMENTOS S.A.;Debêntures;;;;;Balcão Organizado;B3;B3 S.A. - Brasil, Bolsa, Balcão.;2019-07-10;;Básico;2019-07-10;
05.303.439/0001-07;2025-01-01;1;149385;Unigel Participações S.A.;Debêntures;;;;;Balcão Organizado;B3;B3 S.A. - Brasil, Bolsa, Balcão.;2022-04-08;;Básico;2022-04-08;
05.336.882/0001-84;2025-01-01;1;148703;CACHOEIRA PAULISTA TRANSMISSORA ENERGIA S.A.;Debêntures;;;;;Balcão Organizado;B3;B3 S.A. - Brasil, Bolsa, Balcão.;2021-07-21;;Básico;2021-06-23;2021-07-22
05.495.546/0001-84;2025-01-01;1;148122;Litela Participações S.A. - Em Liquidação;Ações Ordinárias;;;LTLA;;Balcão Organizado;B3;B3 S.A. - Brasil, Bolsa, Balcão.;2019-09-05;;Básico;2019-09-05;
05.878.397/0001-32;2025-01-01;3;152923;ALLOS S.A.;Ações Ordinárias;;;ALOS3;;Bolsa;B3;B3 S.A. - Brasil, Bolsa, Balcão.;2011-02-02;;Novo Mercado;2011-02-02;
05.878.397/0001-32;2025-01-01;3;152923;ALLOS S.A.;Debêntures;;;;;Balcão Organizado;B3;B3 S.A. - Brasil, Bolsa, Balcão.;2012-02-15;;Básico;2012-02-15;
05.917.486/0001-40;2025-01-01;2;149574;LIVETECH DA BAHIA INDÚSTRIA E COMÉRCIO S.A.;Ações Ordinárias;;;N/A;;Bolsa;B3;B3 S.A. - Brasil, Bolsa, Balcão.;2021-07-23;;Novo Mercado;2021-07-23;
05.917.486/0001-40;2025-01-01;2;149574;LIVETECH DA BAHIA INDÚSTRIA E COMÉRCIO S.A.;Debêntures;;;;;Balcão Não-Organizado;;;;;;2019-12-26;
05.917.486/0001-40;2025-01-01;2;149574;LIVETECH DA BAHIA INDÚSTRIA E COMÉRCIO S.A.;Nota Comercial;;;;;Balcão Não-Organizado;;;;;;2025-05-30;
06.047.087/0001-39;2025-01-01;1;149150;Rede D'Or São Luiz S.A.;Ações Ordinárias;;;RDOR3;;Bolsa;B3;B3 S.A. - Brasil, Bolsa, Balcão.;2020-12-10;;Novo Mercado;2020-12-10;
06.047.087/0001-39;2025-01-01;1;149150;Rede D'Or São Luiz S.A.;Debêntures;;;;;Balcão Organizado;B3;B3 S.A. - Brasil, Bolsa, Balcão.;2011-12-10;2011-12-10;Básico;2011-12-10;
06.047.087/0001-39;2025-01-01;1;149150;Rede D'Or São Luiz S.A.;Nota Comercial;;;;;Balcão Organizado;B3;B3 S.A. - Brasil, Bolsa, Balcão.;2018-04-24;2018-04-24;Básico;2018-04-24;
06.057.223/0001-71;2025-01-01;1;146509;SENDAS DISTRIBUIDORA S.A.;Ações Ordinárias;;;ASAI3;;Bolsa;B3;B3 S.A. - Brasil, Bolsa, Balcão.;2021-03-01;;Novo Mercado;2021-02-10;
06.164.253/0001-87;2025-01-01;3;151630;GOL LINHAS AEREAS INTELIGENTES S.A.;Bônus de Subscrição;;;GOLL80;Não Aplicável;Bolsa;B3;B3 S.A. - Brasil, Bolsa, Balcão.;2019-04-24;;Nível 2 de Governança Corporativa;2019-04-24;
06.164.253/0001-87;2025-01-01;3;151630;GOL LINHAS AEREAS INTELIGENTES S.A.;Ações Preferenciais;;;GOLL54;;Bolsa;B3;B3 S.A. - Brasil, Bolsa, Balcão.;2004-06-23;;Nível 2 de Governança Corporativa;2004-06-23;
06.267.630/0001-03;2025-01-01;1;153854;Companhia Brasileira de Educação e Sistema de Ensino S.A.;Debêntures;;;;;Balcão Organizado;B3;B3 S.A. - Brasil, Bolsa, Balcão.;2021-08-20;;Básico;2021-08-20;
06.272.793/0001-84;2025-01-01;3;147208;EQUATORIAL MARANHÃO DISTRIBUIDORA DE ENERGIA S.A.;Ações Ordinárias;;;EQMA3B;;Balcão Organizado;B3;B3 S.A. - Brasil, Bolsa, Balcão.;1997-11-13;;Básico;1997-11-13;
06.272.793/0001-84;2025-01-01;3;147208;EQUATORIAL MARANHÃO DISTRIBUIDORA DE ENERGIA S.A.;Ações Preferenciais;ONA;Ordinária Classe A;EQMA5B;;Balcão Organizado;B3;B3 S.A. - Brasil, Bolsa, Balcão.;1997-11-13;;Básico;1997-11-13;
06.272.793/0001-84;2025-01-01;3;147208;EQUATORIAL MARANHÃO DISTRIBUIDORA DE ENERGIA S.A.;Ações Preferenciais;ONB;Ordinária Classe B;EQMA6B;;Balcão Organizado;B3;B3 S.A. - Brasil, Bolsa, Balcão.;1997-11-13;;Básico;1997-11-13;
06.347.409/0001-65;2025-01-01;1;148432;SBF Comércio de Produtos Esportivos S.A.;Debêntures;;;;;Balcão Organizado;B3;B3 S.A. - Brasil, Bolsa, Balcão.;2020-06-29;;Básico;2020-06-29;
06.626.253/0001-51;2025-01-01;1;149100;EMPREENDIMENTOS PAGUE MENOS S.A.;Ações Ordinárias;;;PGMN3;;Bolsa;B3;B3 S.A. - Brasil, Bolsa, Balcão.;2020-09-02;;Novo Mercado;2020-09-02;
06.626.253/0001-51;2025-01-01;1;149100;EMPREENDIMENTOS PAGUE MENOS S.A.;Debêntures;;;;;Balcão Organizado;B3;B3 S.A. - Brasil, Bolsa, Balcão.;2019-07-21;;Básico;2019-07-21;
06.977.745/0001-91;2025-01-01;1;147473;BR MALLS PARTICIPACOES S.A.;Ações Ordinárias;;;BRML3;;Bolsa;B3;B3 S.A. - Brasil, Bolsa, Balcão.;2006-01-04;;Novo Mercado;2006-01-04;
06.977.745/0001-91;2025-01-01;1;147473;BR MALLS PARTICIPACOES S.A.;Debêntures;;;;;Balcão Organizado;B3;B3 S.A. - Brasil, Bolsa, Balcão.;2006-01-04;;Básico;2006-01-04;
06.977.745/0001-91;2025-01-01;1;147473;BR MALLS PARTICIPACOES S.A.;Certificados de Recebíveis Imobiliários;;;;;Balcão Organizado;B3;B3 S.A. - Brasil, Bolsa, Balcão.;2006-01-04;;Básico;2006-01-04;
06.981.381/0001-13;2025-01-01;2;152116;CTC - CENTRO DE TECNOLOGIA CANAVIEIRA S.A.;Ações Ordinárias;;;CTCA3;;Bolsa;B3;B3 S.A. - Brasil, Bolsa, Balcão.;2016-08-30;;Bovespa Mais;2016-08-30;
07.040.108/0001-57;2025-01-01;1;147457;CAGECE - CIA DE AGUA E ESGOTO DO CEARA;Debêntures;;;;;Balcão Organizado;B3;B3 S.A. - Brasil, Bolsa, Balcão.;2021-03-15;;Básico;2021-03-15;
07.043.628/0001-13;2025-01-01;2;148129;CLARO TELECOM PARTICIPAÇÕES S.A.;Ações Ordinárias;;;NÃO;;Balcão Não-Organizado;;;;;;2014-12-05;
07.047.251/0001-70;2025-01-01;2;146247;CIA ENERGETICA DO CEARA - COELCE;Ações Ordinárias;;;COCE3;;Bolsa;B3;B3 S.A. - Brasil, Bolsa, Balcão.;1995-10-09;;Básico;1995-10-09;
07.047.251/0001-70;2025-01-01;2;146247;CIA ENERGETICA DO CEARA - COELCE;Ações Preferenciais;PNA;Preferencial Classe A;COCE5;;Bolsa;B3;B3 S.A. - Brasil, Bolsa, Balcão.;1995-10-09;;Básico;1995-10-09;
07.206.816/0001-15;2025-01-01;1;144168;M.DIAS BRANCO S.A. IND COM DE ALIMENTOS;Ações Ordinárias;;;MDIA3;;Bolsa;B3;B3 S.A. - Brasil, Bolsa, Balcão.;2006-10-18;;Novo Mercado;2006-10-18;
07.237.373/0001-20;2025-01-01;1;144612;BCO NORDESTE DO BRASIL S.A.;Ações Ordinárias;;;BNBR3;;Bolsa;B3;B3 S.A. - Brasil, Bolsa, Balcão.;1968-05-02;;Básico;1968-05-02;
07.237.373/0001-20;2025-01-01;1;144612;BCO NORDESTE DO BRASIL S.A.;Letras Financeiras;;;;;Balcão Organizado;B3;B3 S.A. - Brasil, Bolsa, Balcão.;2019-06-11;;Básico;2019-06-11;
07.253.321/0001-47;2025-01-01;1;145783;CARBOMIL SA MINER. E INDUSTRIA;Debêntures;;;;;Balcão Não-Organizado;;;;;;1992-11-01;1995-11-01
07.275.159/0001-68;2025-01-01;2;152673;PETROLEO LUB DO NORDESTE SA;Ações Ordinárias;;;;;;;;;;;;
07.282.377/0001-20;2025-01-01;1;148561;ENERGISA SUL-SUDESTE - DISTRIBUIDORA DE ENERGIA S/A;Debêntures;;;;;Balcão Não-Organizado;B3;B3 S.A. - Brasil, Bolsa, Balcão.;2018-09-15;;Básico;2018-09-15;
07.334.600/0001-35;2025-01-01;2;148060;MARINA DE IRACEMA PARK SA;Debêntures;;;;;;;;;;;;
07.415.333/0001-20;2025-01-01;1;148628;SIMPAR S.A.;Ações Ordinárias;;;SIMH3;;Bolsa;B3;B3 S.A. - Brasil, Bolsa, Balcão.;2020-09-18;;Novo Mercado;2020-09-11;
07.526.557/0001-00;2025-01-01;1;146101;AMBEV S.A.;Ações Ordinárias;;;ABEV3;;Bolsa;B3;B3 S.A. - Brasil, Bolsa, Balcão.;2013-11-11;;Básico;2013-10-31;
07.594.978/0001-78;2025-01-01;1;148815;SMARTFIT ESCOLA DE GINÁSTICA E DANÇA S.A.;Ações Ordinárias;;;SMFT3;;Bolsa;B3;B3 S.A. - Brasil, Bolsa, Balcão.;2021-07-14;;Novo Mercado;2018-02-15;
07.594.978/0001-78;2025-01-01;1;148815;SMARTFIT ESCOLA DE GINÁSTICA E DANÇA S.A.;Debêntures;;;;;Balcão Organizado;B3;B3 S.A. - Brasil, Bolsa, Balcão.;2021-12-21;;Básico;2021-12-21;
07.628.528/0001-59;2025-01-01;1;149147;BRASILAGRO - CIA BRAS DE PROP AGRICOLAS;Ações Ordinárias;;;AGRO3;;Bolsa;B3;B3 S.A. - Brasil, Bolsa, Balcão.;2006-05-02;;Novo Mercado;2006-05-02;
07.636.657/0001-99;2025-01-01;2;149368;Aço Verde do Brasil S.A;Debêntures;;;;;Balcão Organizado;B3;B3 S.A. - Brasil, Bolsa, Balcão.;2023-07-20;;Básico;2023-07-20;
07.689.002/0001-89;2025-01-01;2;152841;EMBRAER S.A.;Ações Ordinárias;;;EMBJ3;;Bolsa;B3;B3 S.A. - Brasil, Bolsa, Balcão.;2006-05-23;;Novo Mercado;2006-05-23;
07.714.104/0001-07;2025-01-01;1;148499;Giga Mais Fibra Telecomunicações S.A.;Debêntures;;;;;Balcão Organizado;B3;B3 S.A. - Brasil, Bolsa, Balcão.;2021-05-28;;Básico;2021-05-28;
07.714.104/0001-07;2025-01-01;1;148499;Giga Mais Fibra Telecomunicações S.A.;Nota Comercial;;;;;Balcão Não-Organizado;B3;B3 S.A. - Brasil, Bolsa, Balcão.;2023-12-27;;Básico;2023-12-27;
07.718.269/0001-57;2025-01-01;2;144715;SPRINGS GLOBAL PARTICIPACOES S.A.;Ações Ordinárias;;;SGPS3;;Bolsa;B3;B3 S.A. - Brasil, Bolsa, Balcão.;2010-01-01;;Novo Mercado;2010-01-01;
07.802.794/0001-56;2025-01-01;2;149174;ESSENTIA PCHS S.A.;Debêntures;;;;;Balcão Não-Organizado;;;;;;2018-06-15;
07.816.890/0001-53;2025-01-01;1;149899;MULTIPLAN - EMPREEND IMOBILIARIOS S.A.;Ações Ordinárias;;;MULT3;;Bolsa;B3;B3 S.A. - Brasil, Bolsa, Balcão.;2007-07-27;;Nível 2 de Governança Corporativa;2007-07-27;
07.816.890/0001-53;2025-01-01;1;149899;MULTIPLAN - EMPREEND IMOBILIARIOS S.A.;Debêntures;;;;;Balcão Organizado;B3;B3 S.A. - Brasil, Bolsa, Balcão.;2014-10-15;;Básico;2014-10-15;
07.820.907/0001-46;2025-01-01;1;149640;FICA EMPREENDIMENTOS IMOBILIÁRIOS S.A.;Ações Ordinárias;;;CRDE3;;Bolsa;B3;B3 S.A. - Brasil, Bolsa, Balcão.;2020-03-04;;Básico;2007-04-23;
07.820.907/0001-46;2025-01-01;1;149640;FICA EMPREENDIMENTOS IMOBILIÁRIOS S.A.;Ações Ordinárias;;;FIEI3;;Bolsa;B3;B3 S.A. - Brasil, Bolsa, Balcão.;2007-04-23;2020-03-03;Novo Mercado;2007-04-23;
07.823.262/0001-03;2025-01-01;1;149927;Foz do Rio Claro Energia S.A.;Valor Mobiliário Não Registrado;;;;;;;;;;;;
07.857.093/0001-14;2025-01-01;2;149179;AURA MINERALS INC.;Certificados de depósito de valores mobiliários;;;;;Bolsa;B3;B3 S.A. - Brasil, Bolsa, Balcão.;2020-06-23;;Básico;2020-06-23;
07.857.850/0001-50;2025-01-01;2;151559;GP INVESTMENTS, LTD.;Certificados de depósito de valores mobiliários;;;;;Bolsa;B3;B3 S.A. - Brasil, Bolsa, Balcão.;2006-05-30;2025-08-11;Básico;2006-05-30;2025-08-18
07.859.971/0001-30;2025-01-01;1;144682;TRANSMISSORA ALIANÇA DE ENERGIA ELÉTRICA S.A.;Ações Ordinárias;;;TAEE3;;Bolsa;B3;B3 S.A. - Brasil, Bolsa, Balcão.;2006-10-27;;Nível 2 de Governança Corporativa;2006-10-26;
07.859.971/0001-30;2025-01-01;1;144682;TRANSMISSORA ALIANÇA DE ENERGIA ELÉTRICA S.A.;Debêntures;;;;;Balcão Organizado;B3;B3 S.A. - Brasil, Bolsa, Balcão.;2012-10-15;;Básico;2012-10-15;
07.859.971/0001-30;2025-01-01;1;144682;TRANSMISSORA ALIANÇA DE ENERGIA ELÉTRICA S.A.;Ações Preferenciais;;;TAEE4;;Bolsa;B3;B3 S.A. - Brasil, Bolsa, Balcão.;2006-10-27;;Nível 2 de Governança Corporativa;2006-10-26;
07.859.971/0001-30;2025-01-01;1;144682;TRANSMISSORA ALIANÇA DE ENERGIA ELÉTRICA S.A.;Units;;;TAEE11;1 ON / 2 PN;Bolsa;B3;B3 S.A. - Brasil, Bolsa, Balcão.;2006-10-27;;Nível 2 de Governança Corporativa;2006-10-26;
07.882.930/0001-65;2025-01-01;1;148539;Mitre Realty Empreendimentos e Participações S.A.;Ações Ordinárias;;;MTRE3;;Bolsa;B3;B3 S.A. - Brasil, Bolsa, Balcão.;2020-02-05;;Novo Mercado;2020-02-03;
08.065.557/0001-12;2025-01-01;1;149455;TECNISA S.A.;Ações Ordinárias;;;TCSA3;;Bolsa;B3;B3 S.A. - Brasil, Bolsa, Balcão.;2007-02-01;;Novo Mercado;2007-01-09;
08.065.557/0001-12;2025-01-01;1;149455;TECNISA S.A.;Debêntures;;;;;Balcão Organizado;B3;B3 S.A. - Brasil, Bolsa, Balcão.;2018-10-05;2021-04-16;Básico;2018-09-14;2021-04-16
08.070.508/0001-78;2025-01-01;3;153656;RAIZEN ENERGIA S.A.;Debêntures;;;;;Balcão Organizado;B3;B3 S.A. - Brasil, Bolsa, Balcão.;2022-04-13;;Básico;2022-04-13;
08.078.847/0001-09;2025-01-01;1;147058;LPS BRASIL - CONSULTORIA DE IMOVEIS S.A.;Ações Ordinárias;;;LPSB3;;Bolsa;B3;B3 S.A. - Brasil, Bolsa, Balcão.;2006-12-18;;Novo Mercado;2006-12-18;
08.100.057/0001-74;2025-01-01;2;149726;Tecnogera-Locação e Transformação de Energia S.A.;Debêntures;;;;;Balcão Organizado;B3;B3 S.A. - Brasil, Bolsa, Balcão.;2024-04-03;;Básico;2024-04-03;
08.159.965/0001-33;2025-01-01;3;149696;IGUA SANEAMENTO S.A.;Ações Ordinárias;;;023175;;Bolsa;B3;B3 S.A. - Brasil, Bolsa, Balcão.;2013-05-13;;Bovespa Mais;2013-05-13;
08.170.849/0001-15;2025-01-01;2;153744;DESKTOP S.A.;Ações Ordinárias;;;DESK3;;Bolsa;B3;B3 S.A. - Brasil, Bolsa, Balcão.;2021-07-21;;Novo Mercado;2021-07-20;
08.170.849/0001-15;2025-01-01;2;153744;DESKTOP S.A.;Debêntures;;;;;Balcão Organizado;B3;B3 S.A. - Brasil, Bolsa, Balcão.;2021-03-30;;Básico;2021-03-30;
08.213.823/0001-07;2025-01-01;1;149168;AURA ALMAS MINERAÇÃO S.A.;Debêntures;;;;;Balcão Organizado;B3;B3 S.A. - Brasil, Bolsa, Balcão.;2021-07-13;;Básico;2021-07-13;
08.294.224/0001-65;2025-01-01;2;151971;JHSF PARTICIPACOES S.A.;Ações Ordinárias;;;JHSF3;;Bolsa;B3;B3 S.A. - Brasil, Bolsa, Balcão.;2007-04-11;;Novo Mercado;2007-04-11;
08.312.229/0001-73;2025-01-01;1;148781;EZ TEC EMPREEND. E PARTICIPACOES S.A.;Ações Ordinárias;;;EZTC3;;Bolsa;B3;B3 S.A. - Brasil, Bolsa, Balcão.;2007-06-20;;Novo Mercado;2007-06-20;
08.322.396/0001-03;2025-01-01;1;148079;CERRADINHO BIOENERGIA S.A.;Debêntures;;;;;Balcão Organizado;B3;B3 S.A. - Brasil, Bolsa, Balcão.;2018-09-05;;Básico;2018-09-05;
08.324.196/0001-81;2025-01-01;2;152298;CIA ENERGETICA DO RIO GDE NORTE - COSERN;Debêntures;;;;;Bolsa;B3;B3 S.A. - Brasil, Bolsa, Balcão.;2007-12-01;;Básico;2007-12-01;
08.343.492/0001-20;2025-01-01;1;147485;MRV ENGENHARIA E PARTICIPACOES S.A.;Ações Ordinárias;;;MRVE3;;Bolsa;B3;B3 S.A. - Brasil, Bolsa, Balcão.;2007-07-23;;Novo Mercado;2007-07-19;
08.343.492/0001-20;2025-01-01;1;147485;MRV ENGENHARIA E PARTICIPACOES S.A.;Debêntures;;;;;Balcão Não-Organizado;;;;;;2008-07-29;
08.364.948/0001-38;2025-01-01;1;144679;ALUPAR INVESTIMENTO S/A;Units;;;ALUP11;1 ON E 2 PN;Bolsa;B3;B3 S.A. - Brasil, Bolsa, Balcão.;2013-04-23;;Nível 2 de Governança Corporativa;2013-04-23;
08.397.078/0001-01;2025-01-01;2;152788;GSH CORP Participações S.A.;Debêntures;;;;;Balcão Organizado;B3;B3 S.A. - Brasil, Bolsa, Balcão.;2023-12-07;;Básico;2023-12-07;
08.402.943/0001-52;2025-01-01;1;148223;GUARARAPES CONFECCOES S.A.;Ações Ordinárias;;;GUAR3;;Bolsa;B3;B3 S.A. - Brasil, Bolsa, Balcão.;1973-05-14;;Básico;1972-01-03;
08.402.943/0001-52;2025-01-01;1;148223;GUARARAPES CONFECCOES S.A.;Ações Ordinárias;;;GUAR3;;Bolsa;B3;B3 S.A. - Brasil, Bolsa, Balcão.;2022-04-05;;Novo Mercado;1972-01-03;
08.402.943/0001-52;2025-01-01;1;148223;GUARARAPES CONFECCOES S.A.;Debêntures;;;;;Balcão Organizado;B3;B3 S.A. - Brasil, Bolsa, Balcão.;2018-05-14;;Básico;2018-05-14;
08.424.178/0001-71;2025-01-01;1;148421;TECBLU TECELAGEM BLUMENAU S.A.;Ações Preferenciais;PNA;Preferencial Classe A;11215;;Balcão Não-Organizado;;;;;;2017-03-02;
08.439.659/0001-50;2025-01-01;2;150843;CPFL ENERGIAS RENOVÁVEIS S.A.;Debêntures;;;;;Balcão Organizado;B3;B3 S.A. - Brasil, Bolsa, Balcão.;2012-12-08;;Básico;2012-11-07;
08.467.115/0001-00;2025-01-01;3;146764;CIA ESTADUAL DE DISTRIB ENER ELET-CEEE-D;Ações Ordinárias;;;CEED3;;Bolsa;B3;B3 S.A. - Brasil, Bolsa, Balcão.;2010-12-23;;Básico;2010-12-23;
08.467.115/0001-00;2025-01-01;3;146764;CIA ESTADUAL DE DISTRIB ENER ELET-CEEE-D;Ações Preferenciais;;;CEED4;;Bolsa;B3;B3 S.A. - Brasil, Bolsa, Balcão.;2010-12-23;;Básico;2010-12-23;
08.534.605/0001-74;2025-01-01;4;153742;RENOVA ENERGIA S.A.;Ações Ordinárias;;;RNEW3;;Bolsa;B3;B3 S.A. - Brasil, Bolsa, Balcão.;2010-07-13;;Nível 2 de Governança Corporativa;2010-07-13;
08.534.605/0001-74;2025-01-01;4;153742;RENOVA ENERGIA S.A.;Ações Preferenciais;PNA;Preferencial Classe A;RNEW4;;Bolsa;B3;B3 S.A. - Brasil, Bolsa, Balcão.;2010-07-13;;Nível 2 de Governança Corporativa;2010-07-13;
08.534.605/0001-74;2025-01-01;4;153742;RENOVA ENERGIA S.A.;Units;;;RNEW11;1 ON+ 2PN;Bolsa;B3;B3 S.A. - Brasil, Bolsa, Balcão.;2010-07-13;;Nível 2 de Governança Corporativa;2010-07-13;
08.560.444/0001-93;2025-01-01;2;152255;CIA CELG DE PARTICIPACOES - CELGPAR;Ações Ordinárias;;;GPAR3;;Bolsa;B3;B3 S.A. - Brasil, Bolsa, Balcão.;2008-03-14;;Básico;2008-03-14;
08.574.411/0001-00;2025-01-01;1;149038;PRÁTICA PRODUTOS S.A.;Ações Ordinárias;;;PTCA3;;Bolsa;B3;B3 S.A. - Brasil, Bolsa, Balcão.;2018-10-04;;Bovespa Mais N2;2018-09-27;
08.613.550/0001-98;2025-01-01;3;153586;Nexpe Participações S.A;Ações Ordinárias;;;NEXP3;;Bolsa;B3;B3 S.A. - Brasil, Bolsa, Balcão.;2007-10-29;2024-04-29;Novo Mercado;2007-10-29;2024-04-29
08.613.550/0001-98;2025-01-01;3;153586;Nexpe Participações S.A;Ações Ordinárias;;;NEXP3;;Bolsa;B3;B3 S.A. - Brasil, Bolsa, Balcão.;2024-04-30;;Básico;2024-04-30;
08.764.621/0001-53;2025-01-01;1;148668;GENERAL SHOPPING E OUTLETS DO BRASIL BRASIL S.A.;Ações Ordinárias;;;GSHP3;;Bolsa;B3;B3 S.A. - Brasil, Bolsa, Balcão.;2007-07-27;2021-07-15;Novo Mercado;2007-07-27;
08.764.621/0001-53;2025-01-01;1;148668;GENERAL SHOPPING E OUTLETS DO BRASIL BRASIL S.A.;Ações Ordinárias;;;GSHP3;;Bolsa;B3;B3 S.A. - Brasil, Bolsa, Balcão.;2021-07-16;;Básico;2007-07-27;
08.764.621/0001-53;2025-01-01;1;148668;GENERAL SHOPPING E OUTLETS DO BRASIL BRASIL S.A.;Debêntures;;;;;Balcão Organizado;B3;B3 S.A. - Brasil, Bolsa, Balcão.;2019-04-09;;Básico;2019-04-09;
08.773.135/0001-00;2025-01-01;3;150824;2W Ecobank S.A. - Em Recuperação Judicial;Ações Ordinárias;;;;;;;;;;;;
08.795.211/0001-70;2025-01-01;1;148640;MAESTRO LOCADORA DE VEICULOS S.A.;Ações Ordinárias;;;MSRO3;;Bolsa;B3;B3 S.A. - Brasil, Bolsa, Balcão.;2015-05-28;2024-09-26;Bovespa Mais;2015-05-28;
08.795.211/0001-70;2025-01-01;1;148640;MAESTRO LOCADORA DE VEICULOS S.A.;Debêntures;;;;;Balcão Organizado;B3;B3 S.A. - Brasil, Bolsa, Balcão.;2015-05-26;;Básico;2015-05-26;
08.797.760/0001-83;2025-01-01;1;145591;Cury Construtora e Incorporadora S.A.;Ações Ordinárias;;;CURY3;;Bolsa;B3;B3 S.A. - Brasil, Bolsa, Balcão.;2020-09-21;;Novo Mercado;2020-09-17;
08.797.760/0001-83;2025-01-01;1;145591;Cury Construtora e Incorporadora S.A.;Debêntures;;;;;Bolsa;B3;B3 S.A. - Brasil, Bolsa, Balcão.;2022-07-12;;Novo Mercado;2022-07-12;
08.801.621/0001-86;2025-01-01;1;148159;SYN PROP & TECH S.A.;Ações Ordinárias;;;SYNE3;;Bolsa;B3;B3 S.A. - Brasil, Bolsa, Balcão.;2007-08-09;;Novo Mercado;2007-08-09;
08.801.621/0001-86;2025-01-01;1;148159;SYN PROP & TECH S.A.;Debêntures;;;;;Balcão Organizado;B3;B3 S.A. - Brasil, Bolsa, Balcão.;2010-03-15;;Básico;2010-03-15;
08.807.432/0001-10;2025-01-01;2;150180;YDUQS PARTICIPACOES S.A.;Ações Ordinárias;;;YDUQ3;;Bolsa;B3;B3 S.A. - Brasil, Bolsa, Balcão.;2008-06-13;;Novo Mercado;2007-07-30;
08.807.432/0001-10;2025-01-01;2;150180;YDUQS PARTICIPACOES S.A.;Debêntures;;;;;Balcão Organizado;B3;B3 S.A. - Brasil, Bolsa, Balcão.;2019-02-15;;Básico;2019-02-15;
08.811.643/0001-27;2025-01-01;1;146468;TRISUL S.A.;Ações Ordinárias;;;TRIS3;;Bolsa;B3;B3 S.A. - Brasil, Bolsa, Balcão.;2007-10-15;;Novo Mercado;2007-10-15;
08.811.643/0001-27;2025-01-01;1;146468;TRISUL S.A.;Debêntures;;;;;Balcão Organizado;B3;B3 S.A. - Brasil, Bolsa, Balcão.;2008-07-25;;Básico;2008-07-25;
08.811.643/0001-27;2025-01-01;1;146468;TRISUL S.A.;Nota Comercial;;;;;Balcão Organizado;B3;B3 S.A. - Brasil, Bolsa, Balcão.;2013-05-22;;Básico;2013-05-22;
08.822.767/0001-08;2025-01-01;1;149232;CONCESSIONÁRIA DA RODOVIA MG-050 S.A.;Debêntures;;;;;Balcão Organizado;B3;B3 S.A. - Brasil, Bolsa, Balcão.;2017-03-06;;Básico;2017-03-06;
08.827.501/0001-58;2025-01-01;1;144611;AEGEA SANEAMENTO E PARTICIPAÇÕES S.A.;Debêntures;;;;;Balcão Organizado;B3;B3 S.A. - Brasil, Bolsa, Balcão.;2018-10-24;;Básico;2018-07-26;
08.845.676/0001-98;2025-01-01;1;148885;Corpóreos - Serviços Terapêuticos S.A.;Debêntures;;;;;Balcão Organizado;B3;B3 S.A. - Brasil, Bolsa, Balcão.;2024-02-16;;Básico;2024-02-16;
08.873.873/0001-10;2025-01-01;2;154013;ECORODOVIAS CONCESSÕES E SERVIÇOS S.A.;Debêntures;;;;;Balcão Organizado;B3;B3 S.A. - Brasil, Bolsa, Balcão.;2009-12-22;;Básico;2009-12-22;
08.902.291/0001-15;2025-01-01;1;147177;CSN MINERAÇÃO S.A.;Ações Ordinárias;;;25585;;Bolsa;B3;B3 S.A. - Brasil, Bolsa, Balcão.;2021-02-12;;Nível 2 de Governança Corporativa;2021-02-12;
09.041.168/0001-10;2025-01-01;2;144709;LOG COMMERCIAL PROPERTIES E PARTICIPAÇÕES;Ações Ordinárias;;;LOGG3;;Bolsa;B3;B3 S.A. - Brasil, Bolsa, Balcão.;2018-12-21;;Novo Mercado;2018-12-21;
09.042.817/0001-05;2025-01-01;1;149875;BEMOBI MOBILE TECH S.A.;Ações Ordinárias;;;BMOB3;;Bolsa;B3;B3 S.A. - Brasil, Bolsa, Balcão.;2021-02-10;;Novo Mercado;2021-02-10;
09.053.134/0001-45;2025-01-01;1;145659;Elfa Medicamentos S.A.;Ações Ordinárias;;;;;;;;;;;;
09.054.385/0001-44;2025-01-01;1;148841;INBRANDS S.A.;Debêntures;;;;;Balcão Organizado;B3;B3 S.A. - Brasil, Bolsa, Balcão.;2016-08-12;;Básico;2016-08-12;
09.095.183/0001-40;2025-01-01;1;148558;ENERGISA PARAÍBA - DISTRIBUIDORA DE ENERGIA S/A;Debêntures;;;;;Bolsa;B3;B3 S.A. - Brasil, Bolsa, Balcão.;2018-02-15;;Básico;2018-02-15;
09.112.685/0001-32;2025-01-01;1;149063;OSX BRASIL S.A. - Em Recuperação Judicial;Ações Ordinárias;;;OSXB3;;Bolsa;B3;B3 S.A. - Brasil, Bolsa, Balcão.;2010-03-19;;Novo Mercado;2010-03-19;
09.114.805/0001-30;2025-01-01;1;144716;Oceanpact Serviços Maritimos S.A.;Ações Ordinárias;;;OPCT3;;Bolsa;B3;B3 S.A. - Brasil, Bolsa, Balcão.;2021-02-12;;Novo Mercado;2021-02-12;
09.116.278/0001-01;2025-01-01;1;149570;CONPEL CIA NORDESTINA PAPEL - Em Recuperação Judicial;Ações Ordinárias;;;468-5;;Balcão Não-Organizado;;;;;;1977-07-20;1977-07-20
09.146.451/0001-06;2025-01-01;1;149918;KALLAS INCORPORAÇÕES E CONSTRUÇÕES S.A.;Ações Ordinárias;;;KLAS3;;Bolsa;B3;B3 S.A. - Brasil, Bolsa, Balcão.;2021-05-24;;Básico;2021-05-24;
09.146.451/0001-06;2025-01-01;1;149918;KALLAS INCORPORAÇÕES E CONSTRUÇÕES S.A.;Debêntures;;;;;Bolsa;B3;B3 S.A. - Brasil, Bolsa, Balcão.;2021-09-02;;Básico;2021-09-02;
09.229.201/0001-30;2025-01-01;1;144211;GPS PARTICIPAÇÕES E EMPREENDIMENTOS S.A.;Ações Ordinárias;;;GGPS3;;Bolsa;B3;B3 S.A. - Brasil, Bolsa, Balcão.;2021-04-26;;Novo Mercado;2021-04-26;
09.257.877/0001-37;2025-01-01;3;152576;FERROVIA NORTE SUL S/A;Debêntures;;;;;Balcão Organizado;B3;B3 S.A. - Brasil, Bolsa, Balcão.;2024-03-22;;Básico;2024-03-22;
09.288.252/0001-32;2025-01-01;2;145194;ANIMA HOLDING S.A.;Ações Ordinárias;;;ANIM3;;Bolsa;B3;B3 S.A. - Brasil, Bolsa, Balcão.;2013-10-28;;Novo Mercado;2013-10-28;
09.288.252/0001-32;2025-01-01;2;145194;ANIMA HOLDING S.A.;Debêntures;;;;;Balcão Não-Organizado;B3;B3 S.A. - Brasil, Bolsa, Balcão.;2018-05-29;;Básico;2018-05-29;
09.295.063/0001-97;2025-01-01;1;148592;TECHNOS S.A.;Ações Ordinárias;;;TECN3;;Bolsa;B3;B3 S.A. - Brasil, Bolsa, Balcão.;2011-07-01;;Novo Mercado;2011-07-01;
09.305.994/0001-29;2025-01-01;1;146356;AZUL S.A.;Ações Preferenciais;;;AZUL4;;Bolsa;B3;B3 S.A. - Brasil, Bolsa, Balcão.;2017-04-11;;Nível 2 de Governança Corporativa;2017-04-11;
09.346.601/0001-25;2025-01-01;1;144895;B3 S.A. - BRASIL, BOLSA, BALCÃO;Ações Ordinárias;;;B3SA3;;Bolsa;B3;B3 S.A. - Brasil, Bolsa, Balcão.;2008-08-20;;Novo Mercado;2008-08-11;
09.346.601/0001-25;2025-01-01;1;144895;B3 S.A. - BRASIL, BOLSA, BALCÃO;Debêntures;;;;;Balcão Organizado;B3;B3 S.A. - Brasil, Bolsa, Balcão.;2019-05-03;;Básico;2019-05-03;
09.347.516/0001-81;2025-01-01;1;148802;ELETROMIDIA S.A.;Ações Ordinárias;;;ELMD3;;Bolsa;B3;B3 S.A. - Brasil, Bolsa, Balcão.;2021-02-17;;Básico;2021-02-11;
09.359.927/0001-97;2025-01-01;1;149170;ASA BRANCA HOLDING S.A.;Debêntures;;;;;Balcão Não-Organizado;;;;;;2021-06-22;
09.391.823/0001-60;2025-01-01;5;156805;SANTO ANTONIO ENERGIA S.A.;Debêntures;;;;;Balcão Não-Organizado;B3;B3 S.A. - Brasil, Bolsa, Balcão.;2014-04-29;2023-04-15;Básico;2014-04-29;
09.478.309/0001-66;2025-01-01;1;148449;Brasil BioFuels S.A.;Debêntures;;;;;Balcão Organizado;B3;B3 S.A. - Brasil, Bolsa, Balcão.;2022-05-25;;Básico;2022-05-25;
09.527.023/0001-23;2025-01-01;4;153455;ENVIRONMENTAL ESG PARTICIPAÇÕES S.A.;Ações Ordinárias;;;;;;;;;;;;
09.527.023/0001-23;2025-01-01;4;153455;ENVIRONMENTAL ESG PARTICIPAÇÕES S.A.;Debêntures;;;;;Balcão Organizado;B3;B3 S.A. - Brasil, Bolsa, Balcão.;2021-06-25;;Básico;2021-06-25;
09.538.973/0001-53;2025-01-01;1;145066;PDG COMPANHIA SECURITIZADORA;Certificados de Recebíveis Imobiliários;;;;;Balcão Organizado;B3;B3 S.A. - Brasil, Bolsa, Balcão.;2009-07-13;;Básico;2009-07-13;
09.584.854/0001-37;2025-01-01;1;148278;MANAUS TRANSMISSORA DE ENERGIA S.A;Debêntures;;;;;Balcão Organizado;B3;B3 S.A. - Brasil, Bolsa, Balcão.;2021-04-28;;Básico;2021-04-28;
09.611.768/0001-76;2025-01-01;2;149032;INC EMPREENDIMENTOS IMOBILIÁRIOS S.A.;Ações Ordinárias;;;INNC3;;Bolsa;B3;B3 S.A. - Brasil, Bolsa, Balcão.;2018-03-02;;Bovespa Mais;2018-02-26;
09.625.321/0001-56;2025-01-01;1;148279;Norte Brasil Transmissora de Energia S.A.;Debêntures;;;;;Balcão Organizado;B3;B3 S.A. - Brasil, Bolsa, Balcão.;2013-09-15;;Básico;2013-09-15;
09.625.321/0001-56;2025-01-01;1;148279;Norte Brasil Transmissora de Energia S.A.;Nota Comercial;;;;;Balcão Organizado;B3;B3 S.A. - Brasil, Bolsa, Balcão.;2019-12-26;;Básico;2019-12-26;
09.813.204/0001-16;2025-01-01;1;148437;W2W E-COMMERCE DE VINHOS S.A.;Ações Ordinárias;;;;;;;;;;;;
09.813.204/0001-16;2025-01-01;1;148437;W2W E-COMMERCE DE VINHOS S.A.;Debêntures;;;;;;;;;;;;
09.813.204/0001-16;2025-01-01;1;148437;W2W E-COMMERCE DE VINHOS S.A.;Nota Comercial;;;;;;;;;;;;
10.139.870/0001-08;2025-01-01;2;148566;NEOGRID PARTICIPAÇÕES S.A.;Ações Ordinárias;;;NGRD3;;Bolsa;B3;B3 S.A. - Brasil, Bolsa, Balcão.;2020-12-17;;Novo Mercado;2020-12-15;
10.158.356/0001-01;2025-01-01;2;149678;CPX Distribuidora S.A.;Debêntures;;;;;Balcão Organizado;B3;B3 S.A. - Brasil, Bolsa, Balcão.;2023-03-15;;Básico;2023-03-15;
10.215.988/0001-60;2025-01-01;1;148348;Companhia de Locação das Américas;Ações Ordinárias;;;LCAM3;;Bolsa;B3;B3 S.A. - Brasil, Bolsa, Balcão.;2012-04-23;2022-07-01;Novo Mercado;2012-04-23;2022-07-01
10.215.988/0001-60;2025-01-01;1;148348;Companhia de Locação das Américas;Debêntures;;;;;Balcão Organizado;B3;B3 S.A. - Brasil, Bolsa, Balcão.;2012-04-23;2024-03-01;Básico;2012-04-23;2024-03-01
10.234.027/0001-00;2025-01-01;1;148565;LINHAS DE MACAPÁ TRANSMISSORA DE ENERGIA S/A;Debêntures;;;;;Balcão Não-Organizado;;;;;;2012-01-24;
10.240.186/0001-00;2025-01-01;1;148563;LINHAS DE XINGU TRANSMISSORA DE ENERGIA S/A;Debêntures;;;;;Balcão Não-Organizado;B3;B3 S.A. - Brasil, Bolsa, Balcão.;2021-03-31;;Básico;2021-03-15;
10.319.900/0001-50;2025-01-01;3;153803;REGENERA RIO S.A.;Debêntures;;;;;Balcão Não-Organizado;B3;B3 S.A. - Brasil, Bolsa, Balcão.;2021-12-27;;Básico;2021-12-27;
10.319.900/0001-50;2025-01-01;3;153803;REGENERA RIO S.A.;Nota Comercial;;;;;Balcão Não-Organizado;B3;B3 S.A. - Brasil, Bolsa, Balcão.;2019-06-28;;Básico;2019-06-28;
10.324.624/0001-18;2025-01-01;1;149163;CONCESSÃO METROVIÁRIA DO RIO DE JANEIRO S.A.;Debêntures;;;;;Balcão Organizado;B3;B3 S.A. - Brasil, Bolsa, Balcão.;2012-03-14;;Básico;2012-03-14;
10.338.320/0001-00;2025-01-01;2;152296;AFLUENTE TRANSMISSÃO DE ENERGIA ELÉTRICA S/A;Ações Ordinárias;;;AFLT3;;Bolsa;B3;B3 S.A. - Brasil, Bolsa, Balcão.;2010-10-25;;Básico;2010-10-25;
10.452.416/0001-02;2025-01-01;5;152737;Reag Capital Holding S.A.;Valor Mobiliário Não Registrado;;;;;;;;;;;;
10.488.244/0001-19;2025-01-01;1;148013;INFRASEC SECURITIZADORA S.A.;Certificados de Recebíveis Imobiliários;;;;;Balcão Organizado;B3;B3 S.A. - Brasil, Bolsa, Balcão.;2011-04-14;2011-10-11;Básico;2011-04-14;2011-05-02
10.488.244/0001-19;2025-01-01;1;148013;INFRASEC SECURITIZADORA S.A.;Certificados de Recebíveis Imobiliários;;;;;Balcão Organizado;B3;B3 S.A. - Brasil, Bolsa, Balcão.;2012-04-27;2014-10-27;Básico;2012-04-27;2012-05-10
10.502.676/0001-37;2025-01-01;2;153015;TERMELÉTRICA PERNAMBUCO III S.A.;Debêntures;;;;;Bolsa;B3;B3 S.A. - Brasil, Bolsa, Balcão.;2013-12-20;;Básico;2013-12-20;
10.531.501/0001-58;2025-01-01;2;153310;CONC AUTO RAPOSO TAVARES S.A.;Debêntures;;;;;Balcão Não-Organizado;B3;B3 S.A. - Brasil, Bolsa, Balcão.;2012-12-15;;Básico;2012-12-15;
10.531.501/0001-58;2025-01-01;2;153310;CONC AUTO RAPOSO TAVARES S.A.;Debêntures;;;;;Balcão Organizado;B3;B3 S.A. - Brasil, Bolsa, Balcão.;2012-12-15;;Básico;2012-12-15;
10.571.175/0001-02;2025-01-01;1;149271;URBA DESENVOLVIMENTO URBANO S.A.;Valor Mobiliário Não Registrado;;;;;;;;;;;;
10.629.105/0001-68;2025-01-01;1;146431;PRIO S.A.;Ações Ordinárias;;;PRIO3;;Bolsa;B3;B3 S.A. - Brasil, Bolsa, Balcão.;2010-10-25;;Novo Mercado;2010-10-25;
10.647.979/0001-48;2025-01-01;2;147198;CONC ROTA DAS BANDEIRAS S.A.;Debêntures;;;;;Balcão Organizado;B3;B3 S.A. - Brasil, Bolsa, Balcão.;2013-10-15;;Básico;2010-06-30;
10.739.356/0001-03;2025-01-01;2;154059;BRBI BR Partners S.A;Units;;;BRBI11;2 ações preferenciais e 1 ação ordinária;Bolsa;B3;B3 S.A. - Brasil, Bolsa, Balcão.;2021-06-21;;Nível 2 de Governança Corporativa;2021-05-13;
10.760.260/0001-19;2025-01-01;2;149519;CVC BRASIL OPERADORA E AGÊNCIA DE VIAGENS S.A.;Ações Ordinárias;;;CVCB3;;Bolsa;B3;B3 S.A. - Brasil, Bolsa, Balcão.;2013-12-09;;Novo Mercado;2013-12-09;
10.760.260/0001-19;2025-01-01;2;149519;CVC BRASIL OPERADORA E AGÊNCIA DE VIAGENS S.A.;Debêntures;;;;;Balcão Organizado;B3;B3 S.A. - Brasil, Bolsa, Balcão.;2019-04-18;;Básico;2019-04-18;
10.807.374/0001-77;2025-01-01;1;148057;BOA SAFRA SEMENTES S.A.;Ações Ordinárias;;;SOJA3;;Bolsa;B3;B3 S.A. - Brasil, Bolsa, Balcão.;2021-04-29;;Novo Mercado;2021-04-29;
10.835.932/0001-08;2025-01-01;2;152294;CIA ENERGETICA DE PERNAMBUCO - CELPE;Debêntures;;;;;Bolsa;B3;B3 S.A. - Brasil, Bolsa, Balcão.;1998-05-27;;Básico;1998-05-27;
10.841.050/0001-55;2025-01-01;2;154014;CONC ROD AYRTON SENNA E CARV PINTO S.A.-ECOPISTAS;Debêntures;;;;;Balcão Organizado;B3;B3 S.A. - Brasil, Bolsa, Balcão.;2011-02-22;;Básico;2011-02-22;
11.284.204/0001-18;2025-01-01;4;149308;YOU INC INCORPORADORA E PARTICIPAÇÃO S.A;Ações Ordinárias;;;;;;;;;;;;
11.284.204/0001-18;2025-01-01;4;149308;YOU INC INCORPORADORA E PARTICIPAÇÃO S.A;Ações Ordinárias;;;;;;;;;;;;
11.284.204/0001-18;2025-01-01;4;149308;YOU INC INCORPORADORA E PARTICIPAÇÃO S.A;Debêntures;;;;;;;;;;;;
11.395.624/0001-71;2025-01-01;3;149409;MASSA FALIDA DA BRASIL PHARMA S.A.;Ações Ordinárias;;;BPHA3;;Bolsa;B3;B3 S.A. - Brasil, Bolsa, Balcão.;2011-06-22;;Novo Mercado;2011-06-22;
11.421.994/0001-36;2025-01-01;1;148964;Orizon Valorização de Resíduos S.A.;Ações Ordinárias;;;ORVR3;;Bolsa;B3;B3 S.A. - Brasil, Bolsa, Balcão.;2021-02-17;;Novo Mercado;2021-02-17;
11.421.994/0001-36;2025-01-01;1;148964;Orizon Valorização de Resíduos S.A.;Debêntures;;;;;Balcão Organizado;B3;B3 S.A. - Brasil, Bolsa, Balcão.;2013-02-18;;Básico;2013-02-18;2013-02-18
11.992.680/0001-93;2025-01-01;2;146264;QUALICORP CONSULTORIA E CORRETORA DE SEGUROS S.A.;Ações Ordinárias;;;QUAL3;;Bolsa;B3;B3 S.A. - Brasil, Bolsa, Balcão.;2011-06-28;;Novo Mercado;2011-06-28;
11.992.680/0001-93;2025-01-01;2;146264;QUALICORP CONSULTORIA E CORRETORA DE SEGUROS S.A.;Debêntures;;;;;Balcão Organizado;B3;B3 S.A. - Brasil, Bolsa, Balcão.;2022-06-09;;Básico;2022-06-09;
12.049.631/0001-84;2025-01-01;1;148790;MOURA DUBEUX ENGENHARIA S/A;Ações Ordinárias;;;MDNE3;;Bolsa;B3;B3 S.A. - Brasil, Bolsa, Balcão.;2020-02-13;;Novo Mercado;2020-02-10;
12.091.809/0001-55;2025-01-01;3;153618;Brava Energia S.A.;Ações Ordinárias;;;BRAV3;;Bolsa;B3;B3 S.A. - Brasil, Bolsa, Balcão.;2020-11-12;;Novo Mercado;2020-11-12;
12.091.809/0001-55;2025-01-01;3;153618;Brava Energia S.A.;Debêntures;;;;;Balcão Organizado;B3;B3 S.A. - Brasil, Bolsa, Balcão.;2022-09-16;;Básico;2022-09-16;
12.104.241/0004-02;2025-01-01;2;151522;ONCOCLÍNICAS DO BRASIL SERVIÇOS MÉDICOS S.A.;Ações Ordinárias;;;ONCO3;;Bolsa;B3;B3 S.A. - Brasil, Bolsa, Balcão.;2021-08-06;;Novo Mercado;2021-08-06;
12.104.241/0004-02;2025-01-01;2;151522;ONCOCLÍNICAS DO BRASIL SERVIÇOS MÉDICOS S.A.;Debêntures;;;;;Balcão Organizado;B3;B3 S.A. - Brasil, Bolsa, Balcão.;2022-11-25;;Básico;2022-11-25;
12.108.897/0001-50;2025-01-01;2;149036;D1000 VAREJO FARMA PARTICIPAÇÕES S.A.;Ações Ordinárias;;;DMVF3;;Bolsa;B3;B3 S.A. - Brasil, Bolsa, Balcão.;2020-08-10;;Novo Mercado;2020-08-10;
12.181.987/0001-77;2025-01-01;1;149249;Melnick Desenvolvimento Imobiliário S.A.;Ações Ordinárias;;;MELK3;;Bolsa;B3;B3 S.A. - Brasil, Bolsa, Balcão.;2020-09-28;;Novo Mercado;2020-09-28;
12.300.288/0001-07;2025-01-01;1;147633;NORTE ENERGIA S.A.;Debêntures;;;;;Balcão Organizado;B3;B3 S.A. - Brasil, Bolsa, Balcão.;2020-06-29;;Básico;2020-06-29;
12.420.164/0001-57;2025-01-01;3;153747;CM Hospitalar S.A;Ações Ordinárias;;;VVEO3;;Bolsa;B3;B3 S.A. - Brasil, Bolsa, Balcão.;2021-08-06;;Novo Mercado;2021-08-06;
12.420.164/0001-57;2025-01-01;3;153747;CM Hospitalar S.A;Debêntures;;;;;Balcão Organizado;B3;B3 S.A. - Brasil, Bolsa, Balcão.;2020-05-27;;Básico;2020-05-27;
12.528.708/0001-07;2025-01-01;2;150053;AERIS IND. E COM. DE EQUIP. PARA GER. DE ENG. S.A.;Ações Ordinárias;;;AERI3;;Bolsa;B3;B3 S.A. - Brasil, Bolsa, Balcão.;2020-11-11;;Novo Mercado;2020-11-11;
12.528.708/0001-07;2025-01-01;2;150053;AERIS IND. E COM. DE EQUIP. PARA GER. DE ENG. S.A.;Debêntures;;;;;Balcão Organizado;B3;B3 S.A. - Brasil, Bolsa, Balcão.;2021-08-16;;Básico;2021-08-16;
12.648.266/0001-24;2025-01-01;4;152585;AMBIPAR PARTICIPAÇÕES E EMPREENDIMENTOS S.A.;Ações Ordinárias;;;AMBP3;;Bolsa;B3;B3 S.A. - Brasil, Bolsa, Balcão.;2020-07-13;;Novo Mercado;2020-07-13;
12.648.266/0001-24;2025-01-01;4;152585;AMBIPAR PARTICIPAÇÕES E EMPREENDIMENTOS S.A.;Debêntures;;;;;Balcão Organizado;B3;B3 S.A. - Brasil, Bolsa, Balcão.;2021-07-15;;Básico;2021-07-15;
12.648.327/0001-53;2025-01-01;1;148897;HIDROVIAS DO BRASIL S.A.;Ações Ordinárias;;;HBSA3;;Bolsa;B3;B3 S.A. - Brasil, Bolsa, Balcão.;2020-09-24;;Novo Mercado;2020-09-24;
12.919.786/0001-24;2025-01-01;1;144478;TCP TERMINAL DE CONTEINERES DE PARANAGUA SA;Debêntures;;;;;Balcão Organizado;B3;B3 S.A. - Brasil, Bolsa, Balcão.;2016-11-07;2016-11-07;Básico;2016-11-07;2016-11-07
13.009.717/0001-46;2025-01-01;2;148121;BCO ESTADO DE SERGIPE S.A. - BANESE;Ações Ordinárias;;;BGIP3;;Bolsa;B3;B3 S.A. - Brasil, Bolsa, Balcão.;1977-07-20;;Básico;1977-07-20;
13.009.717/0001-46;2025-01-01;2;148121;BCO ESTADO DE SERGIPE S.A. - BANESE;Ações Preferenciais;;;BGIP4;;Bolsa;B3;B3 S.A. - Brasil, Bolsa, Balcão.;1977-07-20;;Básico;1977-07-20;
13.017.462/0001-63;2025-01-01;1;148560;ENERGISA SERGIPE - DISTRIBUIDORA DE ENERGIA S/A;Debêntures;;;;;Bolsa;B3;B3 S.A. - Brasil, Bolsa, Balcão.;2018-09-15;;Básico;2018-09-15;
13.017.462/0001-63;2025-01-01;1;148560;ENERGISA SERGIPE - DISTRIBUIDORA DE ENERGIA S/A;Nota Comercial;;;;;Bolsa;B3;B3 S.A. - Brasil, Bolsa, Balcão.;2017-04-13;;Básico;2017-04-13;
13.217.485/0001-11;2025-01-01;1;148431;Grupo SBF S.A.;Ações Ordinárias;;;SBFG3;;Bolsa;B3;B3 S.A. - Brasil, Bolsa, Balcão.;2019-04-17;;Novo Mercado;2019-04-17;
13.270.520/0001-66;2025-01-01;4;154259;Kora Saúde Participações S.A.;Debêntures;;;;;Balcão Organizado;B3;B3 S.A. - Brasil, Bolsa, Balcão.;2022-08-02;;Básico;2022-05-04;
13.270.520/0001-66;2025-01-01;4;154259;Kora Saúde Participações S.A.;Debêntures;;;;;Balcão Organizado;B3;B3 S.A. - Brasil, Bolsa, Balcão.;2025-01-28;;Básico;2024-10-30;
13.444.994/0001-87;2025-01-01;3;150293;MLOG S.A.;Ações Ordinárias;;;000000;;Bolsa;B3;B3 S.A. - Brasil, Bolsa, Balcão.;2011-09-12;2017-01-05;Nível 2 de Governança Corporativa;2011-09-12;2017-01-05
13.574.594/0001-96;2025-01-01;2;153442;ZAMP SA;Ações Ordinárias;;;ZAMP3;;Bolsa;B3;B3 S.A. - Brasil, Bolsa, Balcão.;2017-12-18;;Básico;2017-12-18;
13.584.310/0001-42;2025-01-01;2;152849;SUGOI S.A.;Ações Preferenciais;;;;;;;;;;;;
13.783.221/0004-78;2025-01-01;1;147452;MADERO INDÚSTRIA E COMÉRCIO S.A.;Nota Comercial;;;;;Balcão Organizado;B3;B3 S.A. - Brasil, Bolsa, Balcão.;2024-07-12;;Básico;2024-07-12;
13.783.221/0004-78;2025-01-01;1;147452;MADERO INDÚSTRIA E COMÉRCIO S.A.;Debêntures;;;;;Balcão Organizado;B3;B3 S.A. - Brasil, Bolsa, Balcão.;2025-02-25;;Básico;2025-02-25;
14.110.585/0001-07;2025-01-01;1;148526;MÉLIUZ S.A.;Ações Ordinárias;;;CASH3;;Bolsa;B3;B3 S.A. - Brasil, Bolsa, Balcão.;2020-11-05;;Novo Mercado;2020-11-04;
14.127.813/0001-51;2025-01-01;10;153694;Arandu Investimentos S.A.;Ações Ordinárias;;;ARND3;;Bolsa;B3;B3 S.A. - Brasil, Bolsa, Balcão.;2021-05-17;;Novo Mercado;2021-05-17;
14.191.427/0001-29;2025-01-01;1;148158;GranBio Investimentos S.A.;Ações Ordinárias;;;;;;;;;;;;
14.292.540/0001-09;2025-01-01;1;147761;Brazil Tower, Cessão de Infra-Estruturas S.A;Debêntures;;;;;Balcão Organizado;B3;B3 S.A. - Brasil, Bolsa, Balcão.;2022-12-28;;Básico;2022-12-28;
14.388.334/0001-99;2025-01-01;1;144649;PARANA BCO S.A.;Letras Financeiras;;;;;Balcão Organizado;B3;B3 S.A. - Brasil, Bolsa, Balcão.;2019-11-08;;Básico;2019-11-08;
14.388.334/0001-99;2025-01-01;1;144649;PARANA BCO S.A.;Ações Preferenciais;;;PRBC4;;Bolsa;B3;B3 S.A. - Brasil, Bolsa, Balcão.;2007-06-12;2017-10-17;Nível 1 de Governança Corporativa;2007-06-12;2017-10-17
14.776.142/0001-50;2025-01-01;1;147627;WESTWING COMÉRCIO VAREJISTA S.A.;Ações Ordinárias;;;WEST3;;Bolsa;B3;B3 S.A. - Brasil, Bolsa, Balcão.;2021-02-11;;Novo Mercado;2021-02-11;
14.785.152/0001-51;2025-01-01;1;147455;HBR Realty Empreendimentos Imobiliários S.A.;Ações Ordinárias;;;HBRE3;;Bolsa;B3;B3 S.A. - Brasil, Bolsa, Balcão.;2021-01-26;;Novo Mercado;2021-01-26;
14.807.945/0001-24;2025-01-01;1;149118;SANSUY S.A. INDUSTRIA DE PLASTICOS;Ações Ordinárias;;;SNSY3;;Bolsa;B3;B3 S.A. - Brasil, Bolsa, Balcão.;1986-05-06;;Básico;1986-05-06;
14.807.945/0001-24;2025-01-01;1;149118;SANSUY S.A. INDUSTRIA DE PLASTICOS;Ações Preferenciais;PNA;Preferencial Classe A;SNSY5;;Bolsa;B3;B3 S.A. - Brasil, Bolsa, Balcão.;1986-05-06;;Básico;1986-05-06;
14.807.945/0001-24;2025-01-01;1;149118;SANSUY S.A. INDUSTRIA DE PLASTICOS;Ações Preferenciais;PNB;Preferencial Classe B;SNSY6;;Bolsa;B3;B3 S.A. - Brasil, Bolsa, Balcão.;1986-05-06;;Básico;1986-05-06;
14.882.295/0001-81;2025-01-01;1;144129;CBO HOLDING S.A.;Ações Ordinárias;;;;;;;;;;;;
14.998.371/0001-19;2025-01-01;1;146395;J. MACEDO S.A.;Debêntures;;;;;Balcão Não-Organizado;;;;;;2021-10-15;
14.998.371/0001-19;2025-01-01;1;146395;J. MACEDO S.A.;Debêntures;;;;;Balcão Não-Organizado;;;;;;2023-03-31;
15.073.274/0001-88;2025-01-01;1;149448;PPLA PARTICIPATIONS LTD.;Certificados de depósito de valores mobiliários;;;;;Bolsa;B3;B3 S.A. - Brasil, Bolsa, Balcão.;2012-04-26;;Básico;2012-04-26;
15.114.494/0001-02;2025-01-01;1;148310;Corredor Logística e Infraestrutura S.A.;Debêntures;;;;;Balcão Não-Organizado;;;;;;2022-11-14;
15.115.504/0001-24;2025-01-01;2;152095;TRONOX PIGMENTOS DO BRASIL S.A.;Ações Ordinárias;;;CRPG3;;Bolsa;B3;B3 S.A. - Brasil, Bolsa, Balcão.;1970-12-23;;Básico;1970-12-23;
15.115.504/0001-24;2025-01-01;2;152095;TRONOX PIGMENTOS DO BRASIL S.A.;Ações Preferenciais;PNB;Preferencial Classe B;CRPG6;;Bolsa;B3;B3 S.A. - Brasil, Bolsa, Balcão.;1970-12-23;;Básico;1970-12-23;
15.115.504/0001-24;2025-01-01;2;152095;TRONOX PIGMENTOS DO BRASIL S.A.;Ações Preferenciais;PNA;Preferencial Classe A;CRPG5;;Bolsa;B3;B3 S.A. - Brasil, Bolsa, Balcão.;1970-12-23;;Básico;1970-12-23;
15.139.629/0001-94;2025-01-01;2;152293;CIA ELETRICIDADE EST. DA BAHIA - COELBA;Ações Ordinárias;;;CEEB3;;Bolsa;B3;B3 S.A. - Brasil, Bolsa, Balcão.;1995-05-23;;Básico;1994-07-28;
15.139.629/0001-94;2025-01-01;2;152293;CIA ELETRICIDADE EST. DA BAHIA - COELBA;Debêntures;;;;;Bolsa;B3;B3 S.A. - Brasil, Bolsa, Balcão.;2005-06-01;;Básico;2005-06-01;
15.139.629/0001-94;2025-01-01;2;152293;CIA ELETRICIDADE EST. DA BAHIA - COELBA;Ações Preferenciais;PNA;Preferencial Classe A;CEEB5;;Bolsa;B3;B3 S.A. - Brasil, Bolsa, Balcão.;1995-05-23;;Básico;1994-07-28;
15.139.629/0001-94;2025-01-01;2;152293;CIA ELETRICIDADE EST. DA BAHIA - COELBA;Ações Preferenciais;PNB;Preferencial Classe B;CEEB6;;Bolsa;B3;B3 S.A. - Brasil, Bolsa, Balcão.;1995-05-23;;Básico;1994-07-28;
15.141.799/0001-03;2025-01-01;1;148764;CIA FERRO LIGAS DA BAHIA - FERBASA;Ações Ordinárias;;;FESA3;;Bolsa;B3;B3 S.A. - Brasil, Bolsa, Balcão.;2011-01-05;;Nível 1 de Governança Corporativa;1977-01-01;
15.141.799/0001-03;2025-01-01;1;148764;CIA FERRO LIGAS DA BAHIA - FERBASA;Ações Preferenciais;;;FESA4;;Bolsa;B3;B3 S.A. - Brasil, Bolsa, Balcão.;2011-01-05;;Nível 1 de Governança Corporativa;1977-01-01;
15.385.166/0001-40;2025-01-01;1;146669;Equipav Saneamento S.A.;Debêntures;;;;;Balcão Organizado;B3;B3 S.A. - Brasil, Bolsa, Balcão.;2024-03-20;;Básico;2024-03-20;
15.413.826/0001-50;2025-01-01;1;148555;ENERGISA MATO GROSSO DO SUL - DIST DE ENERGIA S.A.;Debêntures;;;;;Bolsa;B3;B3 S.A. - Brasil, Bolsa, Balcão.;2017-09-15;;Básico;2017-09-15;
15.413.826/0001-50;2025-01-01;1;148555;ENERGISA MATO GROSSO DO SUL - DIST DE ENERGIA S.A.;Nota Comercial;;;;;Bolsa;B3;B3 S.A. - Brasil, Bolsa, Balcão.;2020-03-16;;Básico;2020-03-16;
15.494.541/0001-90;2025-01-01;2;149660;SALUS INFRAESTRUTURA PORTUARIA SA;Debêntures;;;;;Balcão Organizado;B3;B3 S.A. - Brasil, Bolsa, Balcão.;2015-03-23;2024-10-15;Básico;2015-03-23;2024-10-15
15.578.569/0001-06;2025-01-01;3;152603;CONC DO AEROPORTO INTERNACIONAL DE GUARULHOS S.A.;Debêntures;;;;;Balcão Organizado;B3;B3 S.A. - Brasil, Bolsa, Balcão.;2014-10-24;;Básico;2014-10-24;
16.233.389/0001-55;2025-01-01;1;149109;CVLB Brasil S.A;Debêntures;;;;;Balcão Não-Organizado;;;;;;2013-11-14;
16.233.389/0001-55;2025-01-01;1;149109;CVLB Brasil S.A;Nota Comercial;;;;;Balcão Não-Organizado;;;;;;2024-03-22;
16.234.171/0001-15;2025-01-01;2;149550;METANOR SA METANOL DO NE;Ações Ordinárias;;;NÃO;;Balcão Não-Organizado;;;;;;1974-12-26;
16.404.287/0001-55;2025-01-01;1;148219;SUZANO S.A.;Ações Ordinárias;;;SUZB3;;Bolsa;B3;B3 S.A. - Brasil, Bolsa, Balcão.;2017-11-10;;Novo Mercado;2004-07-26;
16.590.234/0001-76;2025-01-01;4;151917;AZZAS 2154 S.A.;Ações Ordinárias;;;AZZA3;;Bolsa;B3;B3 S.A. - Brasil, Bolsa, Balcão.;2011-02-02;;Novo Mercado;2011-02-02;
16.590.234/0001-76;2025-01-01;4;151917;AZZAS 2154 S.A.;Debêntures;;;;;Balcão Não-Organizado;B3;B3 S.A. - Brasil, Bolsa, Balcão.;2025-08-15;;Novo Mercado;2025-08-15;
16.614.075/0001-00;2025-01-01;3;150595;DIRECIONAL ENGENHARIA S.A.;Ações Ordinárias;;;DIRR3;;Bolsa;B3;B3 S.A. - Brasil, Bolsa, Balcão.;2009-11-19;;Novo Mercado;2009-11-19;
16.670.085/0001-55;2025-01-01;1;148346;Localiza Rent a Car S.A.;Ações Ordinárias;;;RENT3;;Bolsa;B3;B3 S.A. - Brasil, Bolsa, Balcão.;2005-05-23;;Novo Mercado;2005-05-06;
16.670.085/0001-55;2025-01-01;1;148346;Localiza Rent a Car S.A.;Debêntures;;;;;Balcão Organizado;B3;B3 S.A. - Brasil, Bolsa, Balcão.;2005-05-19;;Básico;2005-05-19;
16.676.520/0001-59;2025-01-01;1;148321;HOSPITAL MATER DEI S.A.;Ações Ordinárias;;;MATD3;;Bolsa;B3;B3 S.A. - Brasil, Bolsa, Balcão.;2021-04-14;;Novo Mercado;2021-04-14;
16.676.520/0001-59;2025-01-01;1;148321;HOSPITAL MATER DEI S.A.;Debêntures;;;;;Balcão Organizado;B3;B3 S.A. - Brasil, Bolsa, Balcão.;2021-11-04;;Básico;2021-11-04;
16.811.931/0001-00;2025-01-01;1;148493;ALPHAVILLE S.A.;Ações Ordinárias;;;AVLL3;;Bolsa;B3;B3 S.A. - Brasil, Bolsa, Balcão.;2020-12-11;;Novo Mercado;2020-12-05;
16.811.931/0001-00;2025-01-01;1;148493;ALPHAVILLE S.A.;Bônus de Subscrição;;;;N/A;Bolsa;B3;B3 S.A. - Brasil, Bolsa, Balcão.;2023-05-24;;Novo Mercado;2023-05-20;
16.838.421/0001-26;2025-01-01;2;148977;XP Investimentos S.A.;Debêntures;;;;;Balcão Organizado;B3;B3 S.A. - Brasil, Bolsa, Balcão.;2022-07-19;2025-01-30;Básico;2021-05-06;2025-01-30
16.838.421/0001-26;2025-01-01;2;148977;XP Investimentos S.A.;Nota Comercial;;;;;Balcão Organizado;B3;B3 S.A. - Brasil, Bolsa, Balcão.;2025-01-29;;Básico;2025-01-21;
16.922.038/0001-51;2025-01-01;1;144448;ENJOEI S.A.;Ações Ordinárias;;;ENJU3;;Bolsa;B3;B3 S.A. - Brasil, Bolsa, Balcão.;2020-11-09;;Novo Mercado;2020-11-09;
17.155.730/0001-64;2025-01-01;1;148054;CIA ENERGETICA DE MINAS GERAIS - CEMIG;Ações Ordinárias;;;CMIG3;;Bolsa;B3;B3 S.A. - Brasil, Bolsa, Balcão.;2001-10-01;;Nível 1 de Governança Corporativa;1972-01-14;
17.155.730/0001-64;2025-01-01;1;148054;CIA ENERGETICA DE MINAS GERAIS - CEMIG;Ações Preferenciais;PNA;Preferencial Classe A;CMIG4;;Bolsa;B3;B3 S.A. - Brasil, Bolsa, Balcão.;2001-10-01;;Nível 1 de Governança Corporativa;1972-01-14;
17.159.005/0001-64;2025-01-01;1;149306;FIACAO E TECELAGEM SAO JOSE SA EM RECUPERACAO JUDICIAL;Ações Ordinárias;;;SJOS;;Bolsa;B3;B3 S.A. - Brasil, Bolsa, Balcão.;1972-01-18;2017-03-06;Básico;1972-01-18;2017-03-06
17.159.005/0001-64;2025-01-01;1;149306;FIACAO E TECELAGEM SAO JOSE SA EM RECUPERACAO JUDICIAL;Ações Preferenciais;PNA;Preferencial Classe A;SJOS;;Bolsa;B3;B3 S.A. - Brasil, Bolsa, Balcão.;1972-01-18;2017-03-06;Básico;1972-01-18;2017-03-06
17.159.229/0001-76;2025-01-01;1;148286;LABORATÓRIO TEUTO BRASILEIRO S.A.;Debêntures;;;;;Balcão Não-Organizado;B3;B3 S.A. - Brasil, Bolsa, Balcão.;2025-05-15;;Básico;2025-05-15;
17.161.241/0001-15;2025-01-01;1;145137;MINASMAQUINAS S.A.;Ações Ordinárias;;;MMAQ3;;Bolsa;B3;B3 S.A. - Brasil, Bolsa, Balcão.;1972-01-13;;Básico;1972-01-13;
17.161.241/0001-15;2025-01-01;1;145137;MINASMAQUINAS S.A.;Ações Preferenciais;;;MMAQ4;;Bolsa;B3;B3 S.A. - Brasil, Bolsa, Balcão.;1972-01-13;;Básico;1972-01-13;
17.162.082/0001-73;2025-01-01;2;150024;MENDES JUNIOR ENGENHARIA S.A.;Ações Ordinárias;;;MEND3;;Bolsa;B3;B3 S.A. - Brasil, Bolsa, Balcão.;1977-07-20;2020-01-11;Básico;1977-07-20;2020-01-11
17.162.082/0001-73;2025-01-01;2;150024;MENDES JUNIOR ENGENHARIA S.A.;Ações Ordinárias;;;MEND3;;Balcão Não-Organizado;;;;;;1977-07-20;
17.162.082/0001-73;2025-01-01;2;150024;MENDES JUNIOR ENGENHARIA S.A.;Ações Preferenciais;PNB;Preferencial Classe B;MEND6;;Bolsa;B3;B3 S.A. - Brasil, Bolsa, Balcão.;1977-07-20;2020-01-11;Básico;1977-07-20;2020-01-11
17.162.082/0001-73;2025-01-01;2;150024;MENDES JUNIOR ENGENHARIA S.A.;Ações Preferenciais;PNA;Preferencial Classe A;MEND5;;Bolsa;B3;B3 S.A. - Brasil, Bolsa, Balcão.;1977-07-20;2020-01-11;Básico;1977-07-20;2020-01-11
17.162.082/0001-73;2025-01-01;2;150024;MENDES JUNIOR ENGENHARIA S.A.;Ações Preferenciais;PNB;Preferencial Classe B;MEND6;;Balcão Não-Organizado;;;;;;1977-07-20;
17.162.082/0001-73;2025-01-01;2;150024;MENDES JUNIOR ENGENHARIA S.A.;Ações Preferenciais;PNA;Preferencial Classe A;MEND5;;Balcão Não-Organizado;;;;;;1977-07-20;
17.167.396/0001-69;2025-01-01;2;146280;ALFA HOLDINGS S.A.;Ações Ordinárias;;;RPAD3;;Bolsa;B3;B3 S.A. - Brasil, Bolsa, Balcão.;1977-07-20;;Básico;1977-07-20;
17.167.396/0001-69;2025-01-01;2;146280;ALFA HOLDINGS S.A.;Ações Preferenciais;PNB;Preferencial Classe B;RPAD6;;Bolsa;B3;B3 S.A. - Brasil, Bolsa, Balcão.;1977-07-20;;Básico;1977-07-20;
17.167.396/0001-69;2025-01-01;2;146280;ALFA HOLDINGS S.A.;Ações Preferenciais;PNA;Preferencial Classe A;RPAD5;;Bolsa;B3;B3 S.A. - Brasil, Bolsa, Balcão.;1977-07-20;;Básico;1977-07-20;
17.184.037/0001-10;2025-01-01;1;148823;BCO MERCANTIL DO BRASIL S.A.;Ações Ordinárias;;;BMEB3;;Bolsa;B3;B3 S.A. - Brasil, Bolsa, Balcão.;1977-07-20;;Básico;1977-07-20;
17.184.037/0001-10;2025-01-01;1;148823;BCO MERCANTIL DO BRASIL S.A.;Ações Ordinárias;;;BMEB3;;Bolsa;B3;B3 S.A. - Brasil, Bolsa, Balcão.;2021-01-04;;Nível 1 de Governança Corporativa;2021-01-04;
17.184.037/0001-10;2025-01-01;1;148823;BCO MERCANTIL DO BRASIL S.A.;Ações Preferenciais;;;BMEB4;;Bolsa;B3;B3 S.A. - Brasil, Bolsa, Balcão.;1977-07-20;;Básico;1977-07-20;
17.184.037/0001-10;2025-01-01;1;148823;BCO MERCANTIL DO BRASIL S.A.;Ações Preferenciais;;;BMEB4;;Bolsa;B3;B3 S.A. - Brasil, Bolsa, Balcão.;2021-01-04;;Nível 1 de Governança Corporativa;2021-01-04;
17.245.234/0001-00;2025-01-01;1;147467;CIA FIACAO TECIDOS CEDRO CACHOEIRA;Ações Ordinárias;;;CEDO3;;Bolsa;B3;B3 S.A. - Brasil, Bolsa, Balcão.;2003-09-01;;Nível 1 de Governança Corporativa;2003-09-01;
17.245.234/0001-00;2025-01-01;1;147467;CIA FIACAO TECIDOS CEDRO CACHOEIRA;Ações Preferenciais;;;CEDO4;;Bolsa;B3;B3 S.A. - Brasil, Bolsa, Balcão.;2003-09-01;;Nível 1 de Governança Corporativa;2003-09-01;
17.281.106/0001-03;2025-01-01;2;148933;CIA SANEAMENTO DE MINAS GERAIS-COPASA MG;Ações Ordinárias;;;CSMG3;;Bolsa;B3;B3 S.A. - Brasil, Bolsa, Balcão.;2006-02-08;;Novo Mercado;2006-02-08;
17.281.106/0001-03;2025-01-01;2;148933;CIA SANEAMENTO DE MINAS GERAIS-COPASA MG;Debêntures;;;;;Balcão Organizado;B3;B3 S.A. - Brasil, Bolsa, Balcão.;2014-04-15;;Básico;2014-04-15;
17.314.329/0001-20;2025-01-01;1;146139;INTERNATIONAL MEAL COMPANY ALIMENTACAO S.A.;Ações Ordinárias;;;MEAL3;;Bolsa;B3;B3 S.A. - Brasil, Bolsa, Balcão.;2015-03-23;;Novo Mercado;2015-03-23;
17.344.597/0001-94;2025-01-01;1;149148;BB SEGURIDADE PARTICIPAÇÕES S.A.;Ações Ordinárias;;;BBSE3;;Bolsa;B3;B3 S.A. - Brasil, Bolsa, Balcão.;2013-04-29;;Novo Mercado;2013-04-29;
17.359.233/0001-88;2025-01-01;1;146703;TECIDOS E ARMARINHOS MIGUEL BARTOLOMEU S.A.;Valor Mobiliário Não Registrado;;;;;;;;;;;;
17.765.891/0001-70;2025-01-01;3;152266;Grupo Salta Educação S.A.;Ações Ordinárias;;;SALT3;;Bolsa;B3;B3 S.A. - Brasil, Bolsa, Balcão.;2025-10-10;;Nível 2 de Governança Corporativa;2025-09-29;
17.765.891/0001-70;2025-01-01;3;152266;Grupo Salta Educação S.A.;Ações Preferenciais;;;SALT4;;Bolsa;B3;B3 S.A. - Brasil, Bolsa, Balcão.;2025-10-10;;Nível 2 de Governança Corporativa;2025-09-29;
17.765.891/0001-70;2025-01-01;3;152266;Grupo Salta Educação S.A.;Debêntures;;;;;Bolsa;B3;B3 S.A. - Brasil, Bolsa, Balcão.;2021-06-16;;Básico;2021-06-16;
18.080.368/0001-72;2025-01-01;4;152239;OZN Health SPE S.A.;Debêntures;;;;;Balcão Organizado;B3;B3 S.A. - Brasil, Bolsa, Balcão.;2024-11-26;;Básico;2024-11-26;
18.174.270/0001-84;2025-01-01;1;148500;Dotz S.A.;Ações Ordinárias;;;DOTZ3;;Bolsa;B3;B3 S.A. - Brasil, Bolsa, Balcão.;2021-05-31;;Novo Mercado;2021-05-31;
18.328.118/0001-09;2025-01-01;1;148487;Pet Center Comércio e Participações S.A.;Ações Ordinárias;;;PETZ3;;Bolsa;B3;B3 S.A. - Brasil, Bolsa, Balcão.;2020-09-11;;Novo Mercado;2020-09-11;
18.328.118/0001-09;2025-01-01;1;148487;Pet Center Comércio e Participações S.A.;Debêntures;;;;;Balcão Organizado;B3;B3 S.A. - Brasil, Bolsa, Balcão.;2019-06-28;;Básico;2018-07-10;
18.483.666/0001-03;2025-01-01;1;149226;Humberg Agribrasil Comércio e Exportação de Grãos S.A.;Ações Ordinárias;;;GRAO3;;Bolsa;B3;B3 S.A. - Brasil, Bolsa, Balcão.;2021-06-21;;Bovespa Mais;2021-06-21;
18.494.485/0001-82;2025-01-01;1;149979;PORTO SUDESTE V.M. S.A.;Título de Investimento Coletivo;;;;;Bolsa;B3;B3 S.A. - Brasil, Bolsa, Balcão.;2015-05-26;;Básico;2015-02-26;
18.593.815/0001-97;2025-01-01;2;146745;PRINER SERVIÇOS INDUSTRIAIS S.A.;Ações Ordinárias;;;PRNR3;;Bolsa;B3;B3 S.A. - Brasil, Bolsa, Balcão.;2017-11-24;2020-02-17;Bovespa Mais;2017-11-24;2020-02-17
18.593.815/0001-97;2025-01-01;2;146745;PRINER SERVIÇOS INDUSTRIAIS S.A.;Ações Ordinárias;;;PRNR3;;Bolsa;B3;B3 S.A. - Brasil, Bolsa, Balcão.;2020-02-17;;Novo Mercado;2020-02-17;
18.593.815/0001-97;2025-01-01;2;146745;PRINER SERVIÇOS INDUSTRIAIS S.A.;Debêntures;;;;;Balcão Organizado;B3;B3 S.A. - Brasil, Bolsa, Balcão.;2025-03-28;;Básico;2025-03-15;
18.903.785/0001-78;2025-01-01;3;154022;HOLDING DO ARAGUAIA S.A.;Debêntures;;;;;Balcão Organizado;B3;B3 S.A. - Brasil, Bolsa, Balcão.;2021-10-15;;Básico;2021-10-15;
18.903.785/0001-78;2025-01-01;3;154022;HOLDING DO ARAGUAIA S.A.;Nota Comercial;;;;;Balcão Organizado;B3;B3 S.A. - Brasil, Bolsa, Balcão.;2021-08-12;;Básico;2021-08-12;
19.014.221/0001-47;2025-01-01;1;144563;China Three Gorges Brasil Energia S.A.;Valor Mobiliário Não Registrado;;;;;;;;;;;;
19.208.022/0001-70;2025-01-01;2;154019;ECO050 CONCESSIONÁRIA DE RODOVIAS S.A.;Debêntures;;;;;Balcão Organizado;B3;B3 S.A. - Brasil, Bolsa, Balcão.;2018-03-03;;Básico;2018-03-03;
19.403.252/0001-90;2025-01-01;2;154070;EMCCAMP RESIDENCIAL S.A.;Debêntures;;;;;Balcão Não-Organizado;B3;B3 S.A. - Brasil, Bolsa, Balcão.;2021-09-15;;Básico;2021-09-15;
19.403.252/0001-90;2025-01-01;2;154070;EMCCAMP RESIDENCIAL S.A.;Nota Comercial;;;;;Balcão Organizado;B3;B3 S.A. - Brasil, Bolsa, Balcão.;2024-09-12;;Básico;2024-09-12;
19.521.322/0001-04;2025-01-01;1;148739;CONCESSIONÁRIA ROTA DO OESTE S.A.;Debêntures;;;;;Balcão Organizado;B3;B3 S.A. - Brasil, Bolsa, Balcão.;2024-12-17;;Básico;2024-12-06;
19.526.748/0001-50;2025-01-01;1;145325;COMPANHIA INDUSTRIAL CATAGUASES;Ações Ordinárias;;;CATA3;;Balcão Não-Organizado;;;;;;1973-12-17;
19.527.586/0001-75;2025-01-01;1;144992;COMPANHIA ENERGÉTICA SINOP S/A;Debêntures;;;;;Balcão Organizado;B3;B3 S.A. - Brasil, Bolsa, Balcão.;2018-10-03;;Básico;2018-06-29;
19.527.639/0001-58;2025-01-01;1;148557;ENERGISA MINAS RIO - DISTRIBUIDORA DE ENERGIA S/A;Debêntures;;;;;Bolsa;B3;B3 S.A. - Brasil, Bolsa, Balcão.;2018-09-15;;Básico;2018-09-15;
19.851.496/0001-35;2025-01-01;1;146607;LOGOS COMPANHIA SECURITIZADORA S/A;Certificados de Recebíveis Imobiliários;;;;;Balcão Organizado;B3;B3 S.A. - Brasil, Bolsa, Balcão.;2014-10-24;;Básico;2014-10-24;
19.851.496/0001-35;2025-01-01;1;146607;LOGOS COMPANHIA SECURITIZADORA S/A;Certificado de Recebíveis do Agronegócio;;;;;Balcão Organizado;B3;B3 S.A. - Brasil, Bolsa, Balcão.;2020-12-10;;Básico;2020-12-10;
20.247.322/0001-47;2025-01-01;2;151891;ALLIED TECNOLOGIA S.A.;Ações Ordinárias;;;ALLD3;;Bolsa;B3;B3 S.A. - Brasil, Bolsa, Balcão.;2021-04-14;;Novo Mercado;2021-04-14;
20.247.322/0001-47;2025-01-01;2;151891;ALLIED TECNOLOGIA S.A.;Debêntures;;;;;Balcão Organizado;B3;B3 S.A. - Brasil, Bolsa, Balcão.;2019-12-25;;Básico;2019-12-25;
20.247.322/0001-47;2025-01-01;2;151891;ALLIED TECNOLOGIA S.A.;Debêntures;;;;;Balcão Não-Organizado;B3;B3 S.A. - Brasil, Bolsa, Balcão.;2023-12-15;;Novo Mercado;2023-12-15;
20.258.278/0001-70;2025-01-01;1;148466;OUROFINO S.A.;Ações Ordinárias;;;OFSA3;;Bolsa;B3;B3 S.A. - Brasil, Bolsa, Balcão.;2014-10-21;;Novo Mercado;2014-10-21;
20.512.706/0001-40;2025-01-01;2;153782;VITRU EDUCAÇÃO S.A.;Ações Ordinárias;;;VTRU3;;Bolsa;B3;B3 S.A. - Brasil, Bolsa, Balcão.;2024-06-10;;Novo Mercado;2024-06-10;
20.512.706/0001-40;2025-01-01;2;153782;VITRU EDUCAÇÃO S.A.;Debêntures;;;;;Balcão Não-Organizado;B3;B3 S.A. - Brasil, Bolsa, Balcão.;2022-08-17;;Básico;2022-08-17;
20.514.555/0001-69;2025-01-01;2;153874;Argo VI Transmissão de Energia S.A.;Debêntures;;;;;Balcão Organizado;B3;B3 S.A. - Brasil, Bolsa, Balcão.;2017-11-15;;Básico;2017-11-15;
20.514.590/0001-88;2025-01-01;2;153873;Argo V Transmissão de Energia S.A.;Debêntures;;;;;Balcão Organizado;B3;B3 S.A. - Brasil, Bolsa, Balcão.;2017-11-15;;Básico;2017-11-15;
21.110.778/0001-23;2025-01-01;1;148365;OLIVEIRA TRUST S.A.;Ações Ordinárias;;;;;;;;;;;;
21.110.778/0001-23;2025-01-01;1;148365;OLIVEIRA TRUST S.A.;Ações Preferenciais;;;;;;;;;;;;
21.110.778/0001-23;2025-01-01;1;148365;OLIVEIRA TRUST S.A.;Units;;;;;;;;;;;;
21.240.146/0001-84;2025-01-01;2;152174;Agrogalaxy Participações S.A. - Em Recuperação Judicial;Ações Ordinárias;;;AGXY3;;Bolsa;B3;B3 S.A. - Brasil, Bolsa, Balcão.;2021-07-26;;Novo Mercado;2021-07-26;
21.240.146/0001-84;2025-01-01;2;152174;Agrogalaxy Participações S.A. - Em Recuperação Judicial;Debêntures;;;;;Balcão Não-Organizado;;;;;;2022-09-15;
21.254.073/0001-80;2025-01-01;1;148463;Companhia Itaunense Energia e Participações;Ações Ordinárias;;;0;;;;;2013-03-01;;;1911-05-01;
21.255.567/0001-89;2025-01-01;2;144714;CIA TECIDOS SANTANENSE em Recuperação Judicial;Ações Ordinárias;;;CTSA3;;Bolsa;B3;B3 S.A. - Brasil, Bolsa, Balcão.;1984-12-20;;Básico;1984-12-20;
21.255.567/0001-89;2025-01-01;2;144714;CIA TECIDOS SANTANENSE em Recuperação Judicial;Ações Preferenciais;;;CTSA4;;Bolsa;B3;B3 S.A. - Brasil, Bolsa, Balcão.;1984-12-20;;Básico;1984-12-20;
21.255.567/0001-89;2025-01-01;2;144714;CIA TECIDOS SANTANENSE em Recuperação Judicial;Ações Preferenciais;PND;Preferencial Classe D;;;;;;;;;;
21.314.559/0001-66;2025-01-01;1;144866;MOVIDA PARTICIPACOES SA;Ações Ordinárias;;;MOVI3;;Bolsa;B3;B3 S.A. - Brasil, Bolsa, Balcão.;2017-02-08;;Novo Mercado;2017-02-08;
21.314.559/0001-66;2025-01-01;1;144866;MOVIDA PARTICIPACOES SA;Debêntures;;;MOVI11;;Balcão Organizado;B3;B3 S.A. - Brasil, Bolsa, Balcão.;2017-07-15;;Básico;2017-07-15;
21.314.559/0001-66;2025-01-01;1;144866;MOVIDA PARTICIPACOES SA;Nota Comercial;;;;;Balcão Não-Organizado;;;2017-07-15;;;2017-11-17;
21.389.501/0001-81;2025-01-01;2;148591;Compass Gás e Energia S.A.;Ações Ordinárias;;;PASS3;;Bolsa;B3;B3 S.A. - Brasil, Bolsa, Balcão.;2020-09-11;;Básico;2020-09-11;
21.389.501/0001-81;2025-01-01;2;148591;Compass Gás e Energia S.A.;Debêntures;;;;;Balcão Organizado;B3;B3 S.A. - Brasil, Bolsa, Balcão.;2021-12-23;;Básico;2021-12-23;
21.389.501/0001-81;2025-01-01;2;148591;Compass Gás e Energia S.A.;Ações Preferenciais;PNA;Preferencial Classe A;PASS5;;Bolsa;B3;B3 S.A. - Brasil, Bolsa, Balcão.;2021-08-20;;Básico;2021-08-20;
21.389.501/0001-81;2025-01-01;2;148591;Compass Gás e Energia S.A.;Ações Preferenciais;ONB;Ordinária Classe B;PASS6;;Bolsa;B3;B3 S.A. - Brasil, Bolsa, Balcão.;2021-08-20;;Básico;2021-08-20;
21.728.083/0001-00;2025-01-01;2;153875;Transmissora José Maria de Macedo de Eletricidade S.A.;Debêntures;;;;;Balcão Organizado;B3;B3 S.A. - Brasil, Bolsa, Balcão.;2018-06-15;;Básico;2018-06-15;
21.748.188/0001-20;2025-01-01;2;147373;TERP GLBL BRASIL I PARTICIPAÇÕES S.A.;Debêntures;;;;;Balcão Organizado;B3;B3 S.A. - Brasil, Bolsa, Balcão.;2024-12-05;;Básico;2024-12-05;
22.163.297/0001-49;2025-01-01;3;154018;CONCESSIONÁRIA PONTE RIO-NITERÓI S.A. - ECOPONTE;Debêntures;;;;;Balcão Organizado;B3;B3 S.A. - Brasil, Bolsa, Balcão.;2019-11-20;;Básico;2019-11-20;
22.261.473/0001-85;2025-01-01;1;148891;COMPANHIA DE GÁS DE MINAS GERAIS - GASMIG;Debêntures;;;;;Balcão Organizado;B3;B3 S.A. - Brasil, Bolsa, Balcão.;2020-10-06;;Básico;2020-10-06;
22.266.175/0001-88;2025-01-01;7;151974;FERTILIZANTES HERINGER S.A.;Ações Ordinárias;;;FHER3;;Bolsa;B3;B3 S.A. - Brasil, Bolsa, Balcão.;2007-04-10;;Novo Mercado;2007-04-10;
22.543.331/0001-00;2025-01-01;2;150098;CAIXA SEGURIDADE PARTICIPAÇÕES S.A.;Ações Ordinárias;;;CXSE3;;Bolsa;B3;B3 S.A. - Brasil, Bolsa, Balcão.;2021-04-29;;Novo Mercado;2021-04-29;
22.677.520/0001-76;2025-01-01;2;144724;CIA TECIDOS NORTE DE MINAS COTEMINAS;Ações Ordinárias;;;CTNM3;;Bolsa;B3;B3 S.A. - Brasil, Bolsa, Balcão.;1971-02-11;;Básico;1971-02-11;
22.677.520/0001-76;2025-01-01;2;144724;CIA TECIDOS NORTE DE MINAS COTEMINAS;Ações Preferenciais;;;CTNM4;;Bolsa;B3;B3 S.A. - Brasil, Bolsa, Balcão.;1971-02-11;;Básico;1971-02-11;
23.041.875/0001-37;2025-01-01;1;149025;Almacenes Éxito S.A.;Certificados de depósito de valores mobiliários;;;;;Balcão Organizado;B3;B3 S.A. - Brasil, Bolsa, Balcão.;2023-08-22;;Básico;2022-12-30;
23.096.269/0001-19;2025-01-01;2;147319;Rio Parana Energia S.A.;Debêntures;;;;;Balcão Organizado;B3;B3 S.A. - Brasil, Bolsa, Balcão.;2018-06-14;;Básico;2018-06-14;
23.236.821/0001-27;2025-01-01;1;145787;PATRIMAR ENGENHARIA S.A.;Ações Ordinárias;;;;;;;;;;;;
23.373.000/0001-32;2025-01-01;1;147736;VAMOS LOCAÇÃO DE CAMINHÕES, MÁQUINAS E EQUIPAMENTOS S.A.;Ações Ordinárias;;;VAMO3;;Bolsa;B3;B3 S.A. - Brasil, Bolsa, Balcão.;2021-01-29;;Novo Mercado;2021-01-28;
23.373.000/0001-32;2025-01-01;1;147736;VAMOS LOCAÇÃO DE CAMINHÕES, MÁQUINAS E EQUIPAMENTOS S.A.;Debêntures;;;;;Bolsa;B3;B3 S.A. - Brasil, Bolsa, Balcão.;2019-08-20;;Novo Mercado;2019-08-20;
23.438.929/0001-00;2025-01-01;2;153483;Alares Internet Participações S/A;Ações Ordinárias;;;;;;;;;;;;
23.438.929/0001-00;2025-01-01;2;153483;Alares Internet Participações S/A;Debêntures;;;;;Balcão Não-Organizado;B3;B3 S.A. - Brasil, Bolsa, Balcão.;2025-10-15;;Básico;2025-10-15;
23.994.857/0001-70;2025-01-01;1;149128;Atom Educação e Editora S.A.;Ações Ordinárias;;;ATED3;;Bolsa;B3;B3 S.A. - Brasil, Bolsa, Balcão.;2024-07-26;;Básico;2024-07-26;
24.230.275/0001-80;2025-01-01;1;146415;Plano & Plano Desenvolvimento Imobiliário S.A.;Ações Ordinárias;;;PLPL3;;Bolsa;B3;B3 S.A. - Brasil, Bolsa, Balcão.;2020-09-17;;Novo Mercado;2020-09-17;
24.396.489/0001-20;2025-01-01;3;153946;BRK AMBIENTAL PARTICIPAÇÕES S.A.;Debêntures;;;;;Balcão Organizado;B3;B3 S.A. - Brasil, Bolsa, Balcão.;2020-10-02;;Básico;2020-10-02;
24.624.490/0001-65;2025-01-01;2;153871;ARGO TRANSMISSÃO DE ENERGIA S/A;Debêntures;;;;;Balcão Organizado;B3;B3 S.A. - Brasil, Bolsa, Balcão.;2018-11-23;;Básico;2018-08-24;
24.624.551/0001-94;2025-01-01;2;153870;ARGO ENERGIA EMPREENDIMENTOS E PARTICIPAÇÕES S/A;Nota Comercial;;;;;Balcão Organizado;B3;B3 S.A. - Brasil, Bolsa, Balcão.;2022-01-27;2022-01-27;Básico;2022-01-27;2022-01-27
24.921.465/0001-43;2025-01-01;2;148074;BLUEFIT ACADEMIAS DE GINÁSTICA E PARTICIPAÇÕES S.A.;Debêntures;;;;;Balcão Organizado;B3;B3 S.A. - Brasil, Bolsa, Balcão.;2024-10-16;2024-10-28;Básico;2024-10-16;
24.921.465/0001-43;2025-01-01;2;148074;BLUEFIT ACADEMIAS DE GINÁSTICA E PARTICIPAÇÕES S.A.;Nota Comercial;;;;;Balcão Organizado;B3;B3 S.A. - Brasil, Bolsa, Balcão.;2023-10-02;2024-11-30;Básico;2023-09-25;2024-11-30
24.962.466/0001-36;2025-01-01;3;148860;RUMO MALHA NORTE S.A.;Ações Ordinárias;;;FRRN3B;;Balcão Organizado;B3;B3 S.A. - Brasil, Bolsa, Balcão.;2005-06-01;;Básico;1996-12-27;
24.962.466/0001-36;2025-01-01;3;148860;RUMO MALHA NORTE S.A.;Debêntures;;;;;Balcão Organizado;B3;B3 S.A. - Brasil, Bolsa, Balcão.;2019-02-22;;Básico;2019-02-15;
24.962.466/0001-36;2025-01-01;3;148860;RUMO MALHA NORTE S.A.;Ações Preferenciais;;;FRRN5B;;Balcão Organizado;B3;B3 S.A. - Brasil, Bolsa, Balcão.;2005-06-01;;Básico;1996-12-27;
24.990.777/0001-09;2025-01-01;2;146534;GRUPO MATEUS S.A.;Ações Ordinárias;;;GMAT3;;Bolsa;B3;B3 S.A. - Brasil, Bolsa, Balcão.;2020-10-13;;Novo Mercado;2020-10-13;
24.990.777/0001-09;2025-01-01;2;146534;GRUPO MATEUS S.A.;Debêntures;;;;;Balcão Organizado;B3;B3 S.A. - Brasil, Bolsa, Balcão.;2018-11-14;;Básico;2017-01-10;
25.249.439/0001-83;2025-01-01;2;152241;Hospital Care Caledonia S.A.;Ações Ordinárias;;;;;;;;;;;;
25.369.840/0001-57;2025-01-01;3;145470;COMERC ENERGIA S.A.;Ações Ordinárias;;;;;;;;;;;;
26.072.786/0001-46;2025-01-01;1;150047;Qestra Tecnologia Administração e Participações S.A.;Ações Ordinárias;;;;;;;;;;;;
26.345.998/0001-50;2025-01-01;1;148896;TC S.A.;Ações Ordinárias;;;TRAD3;;Bolsa;B3;B3 S.A. - Brasil, Bolsa, Balcão.;2021-07-26;;Novo Mercado;2021-07-26;
26.462.693/0001-28;2025-01-01;2;146488;Lavvi Empreendimentos Imobiliários S.A.;Ações Ordinárias;;;LAVV3;;Bolsa;B3;B3 S.A. - Brasil, Bolsa, Balcão.;2020-09-02;;Novo Mercado;2020-08-31;
26.462.693/0001-28;2025-01-01;2;146488;Lavvi Empreendimentos Imobiliários S.A.;Nota Comercial;;;;;Balcão Não-Organizado;;;;;;2024-01-22;
26.462.693/0001-28;2025-01-01;2;146488;Lavvi Empreendimentos Imobiliários S.A.;Nota Comercial;;;;;Balcão Não-Organizado;;;;;;2024-11-12;
26.609.050/0001-64;2025-01-01;1;148435;Travessia Securitizadora S.A.;Debêntures;;;;;Balcão Organizado;B3;B3 S.A. - Brasil, Bolsa, Balcão.;2023-03-20;;Básico;2023-03-20;
26.609.050/0001-64;2025-01-01;1;148435;Travessia Securitizadora S.A.;Certificados de Recebíveis Imobiliários;;;;;Balcão Organizado;B3;B3 S.A. - Brasil, Bolsa, Balcão.;2017-09-27;;Básico;2017-09-27;
26.609.050/0001-64;2025-01-01;1;148435;Travessia Securitizadora S.A.;Certificado de Recebíveis do Agronegócio;;;;;Balcão Organizado;B3;B3 S.A. - Brasil, Bolsa, Balcão.;2020-01-29;;Básico;2020-01-29;
26.659.061/0001-59;2025-01-01;1;148768;MPM Corpóreos S.A.;Ações Ordinárias;;;ESPA3;;Bolsa;B3;B3 S.A. - Brasil, Bolsa, Balcão.;2021-02-01;;Novo Mercado;2021-02-01;
26.659.061/0001-59;2025-01-01;1;148768;MPM Corpóreos S.A.;Debêntures;;;;;Balcão Organizado;B3;B3 S.A. - Brasil, Bolsa, Balcão.;2024-02-16;;Básico;2024-02-16;
26.664.057/0001-89;2025-01-01;2;153311;ENTREVIAS CONCESSIONÁRIA DE RODOVIAS S.A.;Debêntures;;;;;Balcão Organizado;B3;B3 S.A. - Brasil, Bolsa, Balcão.;2018-03-13;;Básico;2018-03-13;
26.845.702/0001-60;2025-01-01;2;149204;Belém Transmissora de Energia S.A;Debêntures;;;;;Balcão Não-Organizado;;;;;;2018-06-14;
26.845.702/0001-60;2025-01-01;2;149204;Belém Transmissora de Energia S.A;Nota Comercial;;;;;Balcão Não-Organizado;;;;;;2018-06-14;
26.982.634/0001-80;2025-01-01;1;149180;Turbi Compartilhamento de Veículos S.A.;Debêntures;;;;;Balcão Não-Organizado;B3;B3 S.A. - Brasil, Bolsa, Balcão.;2022-10-03;;Básico;2022-10-03;
27.093.558/0001-15;2025-01-01;2;153901;MILLS LOCAÇÃO, SERVIÇOS E LOGÍSTICA S.A.;Ações Ordinárias;;;MILS3;;Bolsa;B3;B3 S.A. - Brasil, Bolsa, Balcão.;2010-04-14;;Novo Mercado;2010-04-14;
27.093.558/0001-15;2025-01-01;2;153901;MILLS LOCAÇÃO, SERVIÇOS E LOGÍSTICA S.A.;Debêntures;;;;;Balcão Organizado;B3;B3 S.A. - Brasil, Bolsa, Balcão.;2020-03-03;;Básico;2020-03-03;
27.137.879/0001-74;2025-01-01;1;144581;CIA SEC DE CRÉDITOS FINANCEIROS CARTÕES CONSIGNADOS I;Debêntures;;;;;Balcão Organizado;B3;B3 S.A. - Brasil, Bolsa, Balcão.;2017-06-15;;Básico;2017-06-15;
27.157.474/0001-06;2025-01-01;1;144607;ÁGUAS DE TERESINA SANEAMENTO SPE S.A.;Debêntures;;;;;Balcão Organizado;B3;B3 S.A. - Brasil, Bolsa, Balcão.;2018-02-27;;Básico;2018-02-27;
27.743.642/0001-37;2025-01-01;2;154091;Construtora Metrocasa S.A.;Ações Ordinárias;;;;;;;;;;;;
27.743.642/0001-37;2025-01-01;2;154091;Construtora Metrocasa S.A.;Ações Preferenciais;ONA;Ordinária Classe A;;;;;;;;;;
27.902.165/0002-96;2025-01-01;2;150637;Highline Brasil II Infraestrutura de Telecomunicações S.A.;Debêntures;;;;;Balcão Organizado;B3;B3 S.A. - Brasil, Bolsa, Balcão.;2024-10-25;;Básico;2024-10-25;
27.956.690/0001-03;2025-01-01;4;149827;AUZZA SECURITIZADORA S. A.;Certificado de Recebíveis do Agronegócio;;;;;Balcão Organizado;B3;B3 S.A. - Brasil, Bolsa, Balcão.;2024-04-08;;Básico;2024-04-08;
28.019.100/0001-89;2025-01-01;1;146361;VIAPAULISTA S.A.;Debêntures;;;;;Balcão Organizado;B3;B3 S.A. - Brasil, Bolsa, Balcão.;2019-06-20;2019-06-20;Básico;2019-06-17;
28.127.603/0001-78;2025-01-01;3;153763;BANESTES S.A. - BCO EST ESPIRITO SANTO;Ações Ordinárias;;;BEES3;;Bolsa;B3;B3 S.A. - Brasil, Bolsa, Balcão.;1977-07-20;;Básico;1977-07-20;
28.127.603/0001-78;2025-01-01;3;153763;BANESTES S.A. - BCO EST ESPIRITO SANTO;Ações Preferenciais;;;BEES4;;Bolsa;B3;B3 S.A. - Brasil, Bolsa, Balcão.;2008-05-26;;Básico;2008-05-26;
28.152.650/0001-71;2025-01-01;2;149433;EDP ESPIRITO SANTO DISTRIBUIÇÃO DE ENERGIA S.A.;Debêntures;;;;;Balcão Organizado;B3;B3 S.A. - Brasil, Bolsa, Balcão.;2014-08-27;;Básico;2014-08-27;
28.195.667/0001-06;2025-01-01;2;145219;BCO ABC BRASIL S.A.;Ações Preferenciais;PNA;Preferencial Classe A;ABCB4;;Bolsa;B3;B3 S.A. - Brasil, Bolsa, Balcão.;2007-07-23;;Nível 2 de Governança Corporativa;2007-07-23;
28.201.130/0001-01;2025-01-01;1;148562;Energisa Transmissão de Energia S/A;Debêntures;;;;;Bolsa;B3;B3 S.A. - Brasil, Bolsa, Balcão.;2018-12-15;;Básico;2018-12-15;
28.367.479/0001-18;2025-01-01;2;149980;Quantum Participações S.A;Debêntures;;;;;Balcão Organizado;B3;B3 S.A. - Brasil, Bolsa, Balcão.;2024-12-19;;Básico;2024-12-19;
28.594.234/0001-23;2025-01-01;2;151504;Auren Energia S.A.;Ações Ordinárias;;;AURE3;;Bolsa;B3;B3 S.A. - Brasil, Bolsa, Balcão.;2022-03-28;;Novo Mercado;2021-12-10;
28.594.234/0001-23;2025-01-01;2;151504;Auren Energia S.A.;Debêntures;;;;;Balcão Organizado;B3;B3 S.A. - Brasil, Bolsa, Balcão.;2024-10-10;;Básico;2024-10-10;
28.925.264/0001-75;2025-01-01;1;144499;COMPANHIA ENERGÉTICA JAGUARA;Debêntures;;;;;Balcão Organizado;B3;B3 S.A. - Brasil, Bolsa, Balcão.;2018-06-28;;Básico;2018-06-28;
28.942.127/0001-49;2025-01-01;1;144500;COMPANHIA ENERGÉTICA MIRANDA;Debêntures;;;;;Balcão Organizado;B3;B3 S.A. - Brasil, Bolsa, Balcão.;2018-06-28;;Básico;2018-06-28;
29.780.061/0001-09;2025-01-01;1;147470;SAO CARLOS EMPREEND E PARTICIPACOES S.A.;Ações Ordinárias;;;SCAR3;;Bolsa;B3;B3 S.A. - Brasil, Bolsa, Balcão.;2006-12-13;;Novo Mercado;1999-09-20;
29.780.061/0001-09;2025-01-01;1;147470;SAO CARLOS EMPREEND E PARTICIPACOES S.A.;Debêntures;;;;;Balcão Não-Organizado;B3;B3 S.A. - Brasil, Bolsa, Balcão.;2019-11-05;;Básico;2019-11-05;
29.884.545/0001-90;2025-01-01;3;154021;EcoRioMinas Concessionária de Rodovias S.A.;Debêntures;;;;;Balcão Organizado;B3;B3 S.A. - Brasil, Bolsa, Balcão.;2023-09-11;2023-09-18;Básico;2023-08-31;
29.950.060/0001-57;2025-01-01;1;146338;NORTEC QUÍMICA S.A.;Ações Ordinárias;;;NRTQ3;;Bolsa;B3;B3 S.A. - Brasil, Bolsa, Balcão.;2021-06-24;;Básico;2021-06-23;
29.980.141/0001-08;2025-01-01;1;148951;Oceânica Engenharia e Consultoria S.A.;Debêntures;;;;;Balcão Organizado;B3;B3 S.A. - Brasil, Bolsa, Balcão.;2021-09-28;;Básico;2021-09-28;
29.980.141/0001-08;2025-01-01;1;148951;Oceânica Engenharia e Consultoria S.A.;Nota Comercial;;;;;Balcão Não-Organizado;;;;;;2022-06-01;
30.213.493/0001-09;2025-01-01;2;153922;TEGRA INCORPORADORA S.A.;Ações Ordinárias;;;TEGA;;Bolsa;B3;B3 S.A. - Brasil, Bolsa, Balcão.;2021-05-24;;Básico;2021-05-18;
30.306.294/0001-45;2025-01-01;1;148494;BCO BTG PACTUAL S.A.;Units;;;000000;1 ON E 2 PNA;Bolsa;B3;B3 S.A. - Brasil, Bolsa, Balcão.;2012-04-26;;Nível 2 de Governança Corporativa;2012-04-26;
30.540.991/0001-66;2025-01-01;1;145284;HAGA S.A. INDUSTRIA E COMERCIO;Ações Preferenciais;PNA;Preferencial Classe A;2;;Bolsa;B3;B3 S.A. - Brasil, Bolsa, Balcão.;1988-09-01;;Básico;1988-09-01;
31.001.230/0001-07;2025-01-01;1;148746;CELEO REDES TRANSMISSÃO DE ENERGIA S.A.;Debêntures;;;;;Balcão Organizado;B3;B3 S.A. - Brasil, Bolsa, Balcão.;2023-10-25;;Básico;2023-03-01;
31.553.627/0001-01;2025-01-01;2;149633;GRUPO TOKY S.A.;Ações Ordinárias;;;TOKY3;;Bolsa;B3;B3 S.A. - Brasil, Bolsa, Balcão.;2021-02-05;;Novo Mercado;2021-02-05;
31.553.627/0001-01;2025-01-01;2;149633;GRUPO TOKY S.A.;Bônus de Subscrição;;;TOKY12;0,555556;Bolsa;B3;B3 S.A. - Brasil, Bolsa, Balcão.;2024-12-12;;Novo Mercado;2024-12-12;
31.748.174/0001-60;2025-01-01;3;153592;Vero S.A.;Debêntures;;;;;Balcão Não-Organizado;B3;B3 S.A. - Brasil, Bolsa, Balcão.;2021-12-12;;Básico;2021-11-30;
32.021.201/0001-61;2025-01-01;2;148770;ORIGEM ENERGIA S.A.;Debêntures;;;;;Balcão Organizado;B3;B3 S.A. - Brasil, Bolsa, Balcão.;2023-12-28;;Básico;2023-12-28;
32.431.519/0001-10;2025-01-01;2;145706;HÉLIO VALGAS SOLAR PARTICIPAÇÕES S.A.;Debêntures;;;;;Balcão Organizado;B3;B3 S.A. - Brasil, Bolsa, Balcão.;2022-04-15;;Básico;2022-04-15;
32.681.371/0001-72;2025-01-01;1;149123;VIX LOGÍSTICA S.A.;Debêntures;;;;;Balcão Não-Organizado;B3;B3 S.A. - Brasil, Bolsa, Balcão.;2018-12-06;;Novo Mercado;2018-12-06;
32.785.497/0001-97;2025-01-01;2;148032;Natura &Co Holding S.A.;Ações Ordinárias;;;NTCO3;;Bolsa;B3;B3 S.A. - Brasil, Bolsa, Balcão.;2019-12-18;;Novo Mercado;2019-12-18;
33.000.167/0001-01;2025-01-01;1;147760;PETROLEO BRASILEIRO S.A. PETROBRAS;Ações Ordinárias;;;PETR3;;Bolsa;B3;B3 S.A. - Brasil, Bolsa, Balcão.;2018-05-14;;Nível 2 de Governança Corporativa;1977-07-20;
33.000.167/0001-01;2025-01-01;1;147760;PETROLEO BRASILEIRO S.A. PETROBRAS;Debêntures;;;;;Balcão Não-Organizado;B3;B3 S.A. - Brasil, Bolsa, Balcão.;2019-02-12;;Básico;2019-02-12;
33.000.167/0001-01;2025-01-01;1;147760;PETROLEO BRASILEIRO S.A. PETROBRAS;Nota Comercial;;;;;Balcão Organizado;B3;B3 S.A. - Brasil, Bolsa, Balcão.;2022-12-14;;Básico;2022-09-12;
33.000.167/0001-01;2025-01-01;1;147760;PETROLEO BRASILEIRO S.A. PETROBRAS;Ações Preferenciais;;;PETR4;;Bolsa;B3;B3 S.A. - Brasil, Bolsa, Balcão.;2018-05-14;;Nível 2 de Governança Corporativa;1977-07-20;
33.035.536/0001-00;2025-01-01;1;145428;JOAO FORTES ENGENHARIA S.A. - Em Recuperação Judicial;Ações Ordinárias;;;JFEN3;;Bolsa;B3;B3 S.A. - Brasil, Bolsa, Balcão.;1973-09-17;;Básico;1973-09-17;
33.040.601/0001-87;2025-01-01;2;152243;Mercantil Financeira S.A. - Soc. Crédito, Financ e Investime;Ações Ordinárias;;;MERC3;;Bolsa;B3;B3 S.A. - Brasil, Bolsa, Balcão.;1977-07-20;;Básico;1977-07-20;
33.040.601/0001-87;2025-01-01;2;152243;Mercantil Financeira S.A. - Soc. Crédito, Financ e Investime;Ações Preferenciais;;;MERC4;;Bolsa;B3;B3 S.A. - Brasil, Bolsa, Balcão.;1977-07-20;;Básico;1977-07-20;
33.041.260/0652-90;2025-01-01;3;145403;Grupo Casas Bahia S.A.;Ações Ordinárias;;;BHIA3;;Bolsa;B3;B3 S.A. - Brasil, Bolsa, Balcão.;2018-11-26;;Novo Mercado;2018-11-26;
33.041.260/0652-90;2025-01-01;3;145403;Grupo Casas Bahia S.A.;Debêntures;;;;;Balcão Organizado;B3;B3 S.A. - Brasil, Bolsa, Balcão.;2024-04-28;;Básico;2024-04-28;
33.042.730/0001-04;2025-01-01;1;149040;CIA SIDERURGICA NACIONAL;Ações Ordinárias;;;4030;;Bolsa;B3;B3 S.A. - Brasil, Bolsa, Balcão.;1973-07-09;;Básico;1973-07-09;
33.042.730/0001-04;2025-01-01;1;149040;CIA SIDERURGICA NACIONAL;Debêntures;;;;;Balcão Organizado;B3;B3 S.A. - Brasil, Bolsa, Balcão.;2011-07-20;;Básico;2011-07-20;
33.050.071/0001-58;2025-01-01;4;152331;AMPLA ENERGIA E SERVICOS S.A.;Ações Ordinárias;;;CBEE3;;Bolsa;B3;B3 S.A. - Brasil, Bolsa, Balcão.;1973-11-30;;Básico;1969-08-15;
33.050.196/0001-88;2025-01-01;2;150845;CIA PAULISTA DE FORCA E LUZ;Debêntures;;;;;Balcão Organizado;B3;B3 S.A. - Brasil, Bolsa, Balcão.;2012-11-08;;Básico;2012-11-07;
33.102.476/0001-92;2025-01-01;1;148269;MONTEIRO ARANHA S.A.;Ações Ordinárias;;;MOAR3;;Bolsa;B3;B3 S.A. - Brasil, Bolsa, Balcão.;1987-09-14;;Básico;1987-07-23;
33.102.476/0001-92;2025-01-01;1;148269;MONTEIRO ARANHA S.A.;Debêntures;;;;;Balcão Organizado;B3;B3 S.A. - Brasil, Bolsa, Balcão.;2022-02-08;;Básico;2021-11-10;
33.113.309/0001-47;2025-01-01;2;150670;VALID SOLUÇÕES S.A.;Ações Ordinárias;;;VLID3;;Bolsa;B3;B3 S.A. - Brasil, Bolsa, Balcão.;2006-04-27;;Novo Mercado;2006-04-26;
33.130.691/0001-05;2025-01-01;1;146422;Wilson Sons S.A.;Ações Ordinárias;;;PORT3;;Bolsa;B3;B3 S.A. - Brasil, Bolsa, Balcão.;2021-10-25;;Novo Mercado;2021-09-29;
33.200.049/0001-47;2025-01-01;1;148112;HOTEIS OTHON S.A. - EM RECUPERAÇÃO JUDICIAL;Ações Preferenciais;PNA;Preferencial Classe A;HOOT4;;Bolsa;B3;B3 S.A. - Brasil, Bolsa, Balcão.;1980-08-08;;Básico;1980-08-08;
33.228.024/0001-51;2025-01-01;1;148173;WLM PART. E COMÉRCIO DE MÁQUINAS E VEÍCULOS S.A.;Ações Ordinárias;;;WLMM3;;Bolsa;B3;B3 S.A. - Brasil, Bolsa, Balcão.;1971-01-07;;Básico;1971-01-07;
33.228.024/0001-51;2025-01-01;1;148173;WLM PART. E COMÉRCIO DE MÁQUINAS E VEÍCULOS S.A.;Ações Preferenciais;PNA;Preferencial Classe A;WLMM4;;Bolsa;B3;B3 S.A. - Brasil, Bolsa, Balcão.;1971-01-07;;Básico;1971-01-07;
33.256.439/0001-39;2025-01-01;2;151484;ULTRAPAR PARTICIPACOES S.A.;Ações Ordinárias;;;UGPA3;;Bolsa;B3;B3 S.A. - Brasil, Bolsa, Balcão.;2011-08-17;;Novo Mercado;1999-10-06;
33.352.394/0001-04;2025-01-01;1;144299;CIA ESTADUAL DE ÁGUAS E ESGOTOS - CEDAE;Debêntures;;;;;Balcão Organizado;B3;B3 S.A. - Brasil, Bolsa, Balcão.;2015-12-29;2020-12-29;Básico;2015-12-29;2020-12-29
33.376.989/0001-91;2025-01-01;1;145762;IRB - BRASIL RESSEGUROS S.A.;Ações Ordinárias;;;IRBR3;;Bolsa;B3;B3 S.A. - Brasil, Bolsa, Balcão.;2017-07-31;;Novo Mercado;2017-07-31;
33.376.989/0001-91;2025-01-01;1;145762;IRB - BRASIL RESSEGUROS S.A.;Debêntures;;;;;Balcão Organizado;B3;B3 S.A. - Brasil, Bolsa, Balcão.;2020-10-28;;Básico;2020-10-28;
33.386.210/0001-19;2025-01-01;1;147046;SONDOTECNICA ENGENHARIA SOLOS S.A.;Ações Ordinárias;;;SOND3;;Bolsa;B3;B3 S.A. - Brasil, Bolsa, Balcão.;1980-08-19;;Básico;1980-08-19;
33.386.210/0001-19;2025-01-01;1;147046;SONDOTECNICA ENGENHARIA SOLOS S.A.;Ações Preferenciais;PNB;Preferencial Classe B;SOND6;;Bolsa;B3;B3 S.A. - Brasil, Bolsa, Balcão.;1980-08-19;;Básico;1980-08-19;
33.386.210/0001-19;2025-01-01;1;147046;SONDOTECNICA ENGENHARIA SOLOS S.A.;Ações Preferenciais;PNA;Preferencial Classe A;SOND5;;Bolsa;B3;B3 S.A. - Brasil, Bolsa, Balcão.;1980-08-19;;Básico;1980-08-19;
33.412.081/0001-96;2025-01-01;2;146279;REFINARIA DE PETROLEOS MANGUINHOS S.A.;Ações Ordinárias;;;RPMG3;;Bolsa;B3;B3 S.A. - Brasil, Bolsa, Balcão.;1973-09-28;;Básico;1972-06-23;
33.453.598/0001-23;2025-01-01;3;153654;RAÍZEN S.A.;Debêntures;;;;;Balcão Organizado;B3;B3 S.A. - Brasil, Bolsa, Balcão.;2024-10-08;;Básico;2024-10-08;
33.453.598/0001-23;2025-01-01;3;153654;RAÍZEN S.A.;Ações Preferenciais;;;RAIZ4;;Bolsa;B3;B3 S.A. - Brasil, Bolsa, Balcão.;2021-08-05;2021-09-10;Nível 2 de Governança Corporativa;2021-08-05;
33.467.572/0001-34;2025-01-01;3;153099;TEKNO S.A. - INDUSTRIA E COMERCIO;Ações Ordinárias;;;TKNO3;;Bolsa;B3;B3 S.A. - Brasil, Bolsa, Balcão.;1977-07-20;;Básico;1977-07-20;
33.467.572/0001-34;2025-01-01;3;153099;TEKNO S.A. - INDUSTRIA E COMERCIO;Ações Preferenciais;;;TKNO4;;Bolsa;B3;B3 S.A. - Brasil, Bolsa, Balcão.;1977-07-20;;Básico;1977-07-20;
33.541.368/0001-16;2025-01-01;2;153987;CIA HIDRO ELÉTRICA DO SÃO FRANCISCO;Ações Ordinárias;;;;;;;;;;;;
33.541.368/0001-16;2025-01-01;2;153987;CIA HIDRO ELÉTRICA DO SÃO FRANCISCO;Debêntures;;;;;Balcão Organizado;B3;B3 S.A. - Brasil, Bolsa, Balcão.;2024-10-07;;Básico;2024-09-15;
33.541.368/0001-16;2025-01-01;2;153987;CIA HIDRO ELÉTRICA DO SÃO FRANCISCO;Ações Preferenciais;;;;;;;;;;;;
33.592.510/0001-54;2025-01-01;1;146330;VALE S.A.;Ações Ordinárias;;;VALE3;;Bolsa;B3;B3 S.A. - Brasil, Bolsa, Balcão.;2017-12-22;;Novo Mercado;1968-04-01;
33.592.510/0001-54;2025-01-01;1;146330;VALE S.A.;Debêntures;;;;;Balcão Organizado;B3;B3 S.A. - Brasil, Bolsa, Balcão.;2002-10-28;;Básico;2002-10-28;
33.611.500/0001-19;2025-01-01;2;149318;GERDAU S.A.;Ações Ordinárias;;;GGBR3;;Bolsa;B3;B3 S.A. - Brasil, Bolsa, Balcão.;1980-09-03;;Nível 1 de Governança Corporativa;1980-09-03;
33.611.500/0001-19;2025-01-01;2;149318;GERDAU S.A.;Ações Preferenciais;;;GGBR4;;Bolsa;B3;B3 S.A. - Brasil, Bolsa, Balcão.;1980-09-03;;Nível 1 de Governança Corporativa;1980-09-03;
33.839.910/0001-11;2025-01-01;1;145002;Vivara Participações S.A.;Ações Ordinárias;;;VIVA3;;Bolsa;B3;B3 S.A. - Brasil, Bolsa, Balcão.;2019-10-10;;Novo Mercado;2019-10-08;
33.938.119/0001-69;2025-01-01;1;144190;CIA DISTRIB DE GAS DO RIO DE JANEIRO-CEG;Ações Ordinárias;;;CEGR3;;Bolsa;B3;B3 S.A. - Brasil, Bolsa, Balcão.;1997-11-17;;Básico;1997-11-17;
33.958.695/0001-78;2025-01-01;1;148771;UNIPAR CARBOCLORO S.A.;Ações Ordinárias;;;UNIP3;;Bolsa;B3;B3 S.A. - Brasil, Bolsa, Balcão.;1980-06-04;;Básico;1980-06-04;
33.958.695/0001-78;2025-01-01;1;148771;UNIPAR CARBOCLORO S.A.;Debêntures;;;;;Balcão Organizado;B3;B3 S.A. - Brasil, Bolsa, Balcão.;2018-03-28;;Básico;2018-03-28;
33.958.695/0001-78;2025-01-01;1;148771;UNIPAR CARBOCLORO S.A.;Ações Preferenciais;PNB;Preferencial Classe B;UNIP6;;Bolsa;B3;B3 S.A. - Brasil, Bolsa, Balcão.;1980-06-04;;Básico;1980-06-04;
33.958.695/0001-78;2025-01-01;1;148771;UNIPAR CARBOCLORO S.A.;Ações Preferenciais;PNA;Preferencial Classe A;UNIP5;;Bolsa;B3;B3 S.A. - Brasil, Bolsa, Balcão.;1980-06-04;;Básico;1980-06-04;
34.169.557/0001-72;2025-01-01;1;148820;BCO MERCANTIL DE INVESTIMENTOS S.A.;Ações Ordinárias;;;BMIN3;;Bolsa;B3;B3 S.A. - Brasil, Bolsa, Balcão.;1977-07-20;;Básico;1977-07-20;
34.169.557/0001-72;2025-01-01;1;148820;BCO MERCANTIL DE INVESTIMENTOS S.A.;Ações Preferenciais;;;BMIN4;;Bolsa;B3;B3 S.A. - Brasil, Bolsa, Balcão.;1977-07-20;;Básico;1977-07-20;
34.274.233/0001-02;2025-01-01;1;147362;VIBRA ENERGIA S/A;Ações Ordinárias;;;VBBR3;;Bolsa;B3;B3 S.A. - Brasil, Bolsa, Balcão.;2017-12-15;;Novo Mercado;2017-12-15;
34.274.233/0001-02;2025-01-01;1;147362;VIBRA ENERGIA S/A;Debêntures;;;;;Balcão Organizado;B3;B3 S.A. - Brasil, Bolsa, Balcão.;2017-12-15;;Básico;2017-12-15;
35.522.178/0001-87;2025-01-01;1;144582;CIA SECURITIZADORA DE CRED. FIN. CARTÕES CONSIGNADOS II;Debêntures;;;;;Balcão Organizado;B3;B3 S.A. - Brasil, Bolsa, Balcão.;2020-12-17;;Básico;2020-12-17;
35.593.905/0001-05;2025-01-01;2;154017;CONCESSIONÁRIA ECOVIAS DO CERRADO S.A.;Debêntures;;;;;Balcão Organizado;B3;B3 S.A. - Brasil, Bolsa, Balcão.;2022-09-15;;Básico;2022-09-15;
35.654.688/0001-08;2025-01-01;5;149675;Automob Participações S.A.;Ações Ordinárias;;;AMOB3;;Bolsa;B3;B3 S.A. - Brasil, Bolsa, Balcão.;2024-12-16;;Novo Mercado;2024-12-16;
35.727.157/0001-06;2025-01-01;1;148817;EZ INC Incorporações S.A.;Ações Ordinárias;;;;;;;;;;;;
35.764.708/0001-01;2025-01-01;1;148983;Brasil Tecnologia e Participações S.A.;Debêntures;;;;;Balcão Organizado;B3;B3 S.A. - Brasil, Bolsa, Balcão.;2023-03-15;;Básico;2023-03-15;
35.764.708/0001-01;2025-01-01;1;148983;Brasil Tecnologia e Participações S.A.;Nota Comercial;;;;;Balcão Organizado;B3;B3 S.A. - Brasil, Bolsa, Balcão.;2023-12-20;;Básico;2023-12-20;
35.791.391/0001-94;2025-01-01;1;144466;QUALITY SOFTWARE S.A.;Ações Ordinárias;;;QUSW3;;Bolsa;B3;B3 S.A. - Brasil, Bolsa, Balcão.;2013-12-03;;Bovespa Mais;2013-12-03;
35.822.503/0001-27;2025-01-01;1;144548;Inspirali Educação S.A.;Debêntures;;;;;Balcão Não-Organizado;;;;;;2022-03-31;2024-07-05
35.822.503/0001-27;2025-01-01;1;144548;Inspirali Educação S.A.;Debêntures;;;;;Balcão Organizado;B3;B3 S.A. - Brasil, Bolsa, Balcão.;2024-05-27;;Básico;2024-05-15;
36.146.575/0001-64;2025-01-01;2;153323;Eixo SP Concessionária de Rodovias S.A.;Debêntures;;;;;Balcão Organizado;B3;B3 S.A. - Brasil, Bolsa, Balcão.;2021-01-15;;Básico;2021-01-15;
36.542.025/0001-64;2025-01-01;1;146472;BRQ SOLUCOES EM INFORMATICA S.A.;Ações Ordinárias;;;BRQB;;Bolsa;B3;B3 S.A. - Brasil, Bolsa, Balcão.;2016-01-13;;Bovespa Mais;2016-01-13;
36.542.025/0001-64;2025-01-01;1;146472;BRQ SOLUCOES EM INFORMATICA S.A.;Debêntures;;;;;Balcão Organizado;B3;B3 S.A. - Brasil, Bolsa, Balcão.;2020-03-18;2025-03-18;Básico;2020-03-17;
37.702.340/0001-74;2025-01-01;1;148600;Monte Rodovias S.A.;Ações Ordinárias;;;N/A;;Balcão Não-Organizado;;;;;;2020-07-13;
38.042.694/0001-00;2025-01-01;1;148237;TRAVESSIA SECURITIZADORA DE CRÉDITOS FINANCEIROS S.A.;Debêntures;;;;;Balcão Organizado;B3;B3 S.A. - Brasil, Bolsa, Balcão.;2021-03-04;;Básico;2021-03-04;
38.199.406/0001-18;2025-01-01;4;152809;RIO ALTO ENERGIAS RENOVÁVEIS S.A.;Debêntures;;;;;Balcão Não-Organizado;B3;B3 S.A. - Brasil, Bolsa, Balcão.;2021-04-26;;Básico;2021-04-26;
38.199.406/0001-18;2025-01-01;4;152809;RIO ALTO ENERGIAS RENOVÁVEIS S.A.;Ações Ordinárias;;;RIOS3;;Balcão Organizado;B3;B3 S.A. - Brasil, Bolsa, Balcão.;2025-11-04;;Básico;2025-11-04;
38.286.323/0001-66;2025-01-01;2;152388;Assuruá 4 e 5 Holding Energia S.A.;Debêntures;;;;;Balcão Organizado;B3;B3 S.A. - Brasil, Bolsa, Balcão.;2024-03-22;;Básico;2024-03-22;
38.307.135/0001-77;2025-01-01;2;153715;G2D Investments, Ltd.;Certificados de depósito de valores mobiliários;;;;;Bolsa;B3;B3 S.A. - Brasil, Bolsa, Balcão.;2021-05-17;;Básico;2021-05-17;
38.456.921/0001-36;2025-01-01;2;152088;INFRACOMMERCE CXAAS S.A.;Ações Ordinárias;;;IFCM3;;Bolsa;B3;B3 S.A. - Brasil, Bolsa, Balcão.;2021-05-04;;Novo Mercado;2021-05-04;
38.456.921/0001-36;2025-01-01;2;152088;INFRACOMMERCE CXAAS S.A.;Debêntures;;;;;Balcão Organizado;B3;B3 S.A. - Brasil, Bolsa, Balcão.;2021-11-11;;Básico;2021-11-11;
38.456.921/0001-36;2025-01-01;2;152088;INFRACOMMERCE CXAAS S.A.;Bônus de Subscrição;;;IFCM11;1 (um)  Bônus de Subscrição para cada 3 (três) novas Ações subscritas, totalizando a emissão de até  83.333.333;Bolsa;B3;B3 S.A. - Brasil, Bolsa, Balcão.;2023-12-18;;Novo Mercado;2023-12-18;
38.456.921/0001-36;2025-01-01;2;152088;INFRACOMMERCE CXAAS S.A.;Nota Comercial;;;;;Balcão Organizado;B3;B3 S.A. - Brasil, Bolsa, Balcão.;2022-06-21;;Básico;2022-06-21;
39.580.673/0001-01;2025-01-01;2;150124;BRK Ambiental - Região Metropolitana de Maceió S.A.;Debêntures;;;;;Balcão Organizado;B3;B3 S.A. - Brasil, Bolsa, Balcão.;2022-10-15;;Básico;2022-10-15;
40.159.947/0001-64;2025-01-01;1;149162;HMOBI Participações S.A.;Ações Ordinárias;;;HMOB3;;Bolsa;B3;B3 S.A. - Brasil, Bolsa, Balcão.;2021-12-30;;Básico;2021-12-23;
40.263.170/0001-83;2025-01-01;1;148976;Solvi Essencis Ambiental S.A.;Debêntures;;;;;Balcão Organizado;B3;B3 S.A. - Brasil, Bolsa, Balcão.;2023-06-28;;Básico;2023-06-28;
40.337.136/0001-06;2025-01-01;3;153493;Terra Santa Propriedades Agrícolas S.A.;Ações Ordinárias;;;LAND3;;Bolsa;B3;B3 S.A. - Brasil, Bolsa, Balcão.;2021-08-02;;Novo Mercado;2021-07-15;
40.480.481/0001-02;2025-01-01;2;149969;Rio Alto STL Holding I S.A.;Debêntures;;;;;Balcão Não-Organizado;B3;B3 S.A. - Brasil, Bolsa, Balcão.;2022-11-09;;Básico;2022-11-09;
40.997.635/0001-20;2025-01-01;1;148210;PORTO DE VITORIA COMPANHIA SECURITIZADORA DE CREDITOS FINANC;Debêntures;;;;;Balcão Não-Organizado;B3;B3 S.A. - Brasil, Bolsa, Balcão.;2022-08-16;;Básico;2022-08-16;
41.052.420/0001-07;2025-01-01;1;148926;Solar Bebidas S.A.;Valor Mobiliário Não Registrado;;;;;;;;;;;;
41.096.674/0001-19;2025-01-01;1;149229;CANTU STORE S.A.;Valor Mobiliário Não Registrado;;;;;;;;;;;;
41.508.382/0001-46;2025-01-01;2;148004;RODOVIAS DO BRASIL HOLDING S.A.;Debêntures;;;;;Balcão Organizado;B3;B3 S.A. - Brasil, Bolsa, Balcão.;2021-05-18;;Básico;2021-05-18;
41.570.356/0001-48;2025-01-01;3;149736;VRENTAL LOCAÇÃO DE MÁQUINAS E EQUIPAMENTOS S.A.;Debêntures;;;;;Balcão Organizado;B3;B3 S.A. - Brasil, Bolsa, Balcão.;2023-02-22;;Básico;2022-11-21;
41.886.692/0001-02;2025-01-01;4;152518;Concessionaria Rota de Santa Maria S.A;Debêntures;;;;;Balcão Não-Organizado;B3;B3 S.A. - Brasil, Bolsa, Balcão.;2023-06-07;;Básico;2023-06-07;
42.150.391/0001-70;2025-01-01;1;148889;BRASKEM S.A.;Ações Ordinárias;;;BRKM3;;Bolsa;B3;B3 S.A. - Brasil, Bolsa, Balcão.;2003-02-13;;Nível 1 de Governança Corporativa;1978-12-18;
42.150.391/0001-70;2025-01-01;1;148889;BRASKEM S.A.;Ações Preferenciais;PNB;Preferencial Classe B;BRKM6;;Bolsa;B3;B3 S.A. - Brasil, Bolsa, Balcão.;2003-02-13;;Nível 1 de Governança Corporativa;1978-12-18;
42.150.391/0001-70;2025-01-01;1;148889;BRASKEM S.A.;Ações Preferenciais;PNA;Preferencial Classe A;BRKM5;;Bolsa;B3;B3 S.A. - Brasil, Bolsa, Balcão.;2003-02-13;;Nível 1 de Governança Corporativa;1978-12-18;
42.233.757/0001-75;2025-01-01;1;148903;ALVAREZ & MARSAL INVESTIMENTOS I S.A.;Ações Ordinárias;;;;;;;;;;;;
42.278.291/0001-24;2025-01-01;2;152365;LOG-IN LOGISTICA INTERMODAL S.A.;Ações Ordinárias;;;LOGN3;;Bolsa;B3;B3 S.A. - Brasil, Bolsa, Balcão.;2007-06-21;;Novo Mercado;2007-06-21;
42.278.291/0001-24;2025-01-01;2;152365;LOG-IN LOGISTICA INTERMODAL S.A.;Bônus de Subscrição;;;;;Bolsa;B3;B3 S.A. - Brasil, Bolsa, Balcão.;2016-09-29;2019-09-30;Novo Mercado;2016-09-29;2019-09-30
42.278.473/0001-03;2025-01-01;3;148810;WIZ CO PARTICIPAÇÕES E CORRETAGEM DE SEGUROS S.A.;Ações Ordinárias;;;WIZC3;;Bolsa;B3;B3 S.A. - Brasil, Bolsa, Balcão.;2015-06-05;;Novo Mercado;2015-06-05;
42.278.473/0001-03;2025-01-01;3;148810;WIZ CO PARTICIPAÇÕES E CORRETAGEM DE SEGUROS S.A.;Debêntures;;;;;Balcão Organizado;B3;B3 S.A. - Brasil, Bolsa, Balcão.;2025-01-20;;Básico;2025-01-20;
42.292.007/0001-74;2025-01-01;1;149206;RIO+ SANEAMENTO BL 3 S.A.;Debêntures;;;;;Balcão Organizado;B3;B3 S.A. - Brasil, Bolsa, Balcão.;2023-11-15;;Básico;2023-11-15;
42.310.775/0001-03;2025-01-01;1;144608;Águas do Rio 1 SPE S.A.;Debêntures;;;;;Balcão Organizado;B3;B3 S.A. - Brasil, Bolsa, Balcão.;2021-07-30;;Básico;2021-07-30;
42.331.462/0001-31;2025-01-01;2;149411;EMBPAR PARTICIPAÇÕES S/A;Ações Ordinárias;;;1545-8;;Bolsa;B3;B3 S.A. - Brasil, Bolsa, Balcão.;1996-03-14;;Básico;1996-03-14;
42.353.180/0001-35;2025-01-01;3;152919;IGUÁ RIO DE JANEIRO S.A.;Debêntures;;;;;Balcão Organizado;B3;B3 S.A. - Brasil, Bolsa, Balcão.;2021-07-31;;Básico;2021-07-31;
42.500.384/0001-51;2025-01-01;6;153667;SERENA ENERGIA S.A.;Ações Ordinárias;;;SRNA3;;Bolsa;B3;B3 S.A. - Brasil, Bolsa, Balcão.;2021-12-27;2025-11-04;Novo Mercado;2021-12-27;2025-11-04
42.644.220/0001-06;2025-01-01;1;144609;ÁGUAS DO RIO 4 SPE S.A.;Debêntures;;;;;Balcão Organizado;B3;B3 S.A. - Brasil, Bolsa, Balcão.;2021-07-30;;Básico;2021-07-22;
42.737.954/0001-21;2025-01-01;1;148427;Inter & Co, Inc.;BDRs;;;INBR32;Class A Shares;Bolsa;B3;B3 S.A. - Brasil, Bolsa, Balcão.;2022-06-20;;Básico;2021-07-16;
42.771.949/0001-35;2025-01-01;3;153624;ALLIANÇA SAÚDE E PARTICIPAÇÕES S.A.;Ações Ordinárias;;;AALR3;;Bolsa;B3;B3 S.A. - Brasil, Bolsa, Balcão.;2016-10-28;;Novo Mercado;2016-10-28;
43.283.811/0001-50;2025-01-01;1;145532;Kalunga S.A;Ações Ordinárias;;;;;;;;;;;;
43.335.774/0001-86;2025-01-01;1;148205;Travessia Securitizadora de Créditos Mercantis VI S.A.;Debêntures;;;;;Balcão Organizado;B3;B3 S.A. - Brasil, Bolsa, Balcão.;2021-12-14;;Básico;2021-12-14;
43.470.988/0001-65;2025-01-01;3;148685;EVEN CONSTRUTORA E INCORPORADORA S.A.;Ações Ordinárias;;;EVEN3;;Bolsa;B3;B3 S.A. - Brasil, Bolsa, Balcão.;2019-04-02;;Novo Mercado;2019-04-02;
43.514.079/0001-81;2025-01-01;1;148309;CLI Sul S.A.;Debêntures;;;;;Balcão Não-Organizado;;;;;;2022-11-14;
43.776.517/0001-80;2025-01-01;4;151613;CIA SANEAMENTO BASICO EST SAO PAULO;Ações Ordinárias;;;SBSP3;;Bolsa;B3;B3 S.A. - Brasil, Bolsa, Balcão.;2002-02-24;;Novo Mercado;1997-06-04;
43.776.517/0001-80;2025-01-01;4;151613;CIA SANEAMENTO BASICO EST SAO PAULO;Debêntures;;;;;Balcão Organizado;B3;B3 S.A. - Brasil, Bolsa, Balcão.;1994-06-27;;Básico;1994-06-27;
43.948.405/0001-69;2025-01-01;1;148826;LUPO S.A.;Valor Mobiliário Não Registrado;;;;;;;;;;;;
44.067.725/0001-72;2025-01-01;4;151928;Via Brasil BR 163 Concessionária de Rodovias S.A.;Valor Mobiliário Não Registrado;;;;;Balcão Não-Organizado;;;;;;2022-03-29;
44.319.688/0001-42;2025-01-01;2;153920;Concessionária do Sistema Rodoviário Rio-São Paulo S.A;Debêntures;;;;;Bolsa;B3;B3 S.A. - Brasil, Bolsa, Balcão.;2021-12-15;;Básico;2021-12-15;
44.854.238/0001-50;2025-01-01;1;144610;Parsan S.A.;Debêntures;;;;;Balcão Organizado;B3;B3 S.A. - Brasil, Bolsa, Balcão.;2023-05-19;;Básico;2023-03-23;
45.242.914/0001-05;2025-01-01;1;149340;C&A Modas S.A.;Ações Ordinárias;;;CEAB3;;Bolsa;B3;B3 S.A. - Brasil, Bolsa, Balcão.;2019-10-28;2019-10-28;Novo Mercado;2019-10-24;
45.365.558/0001-09;2025-01-01;3;152207;VITTIA S.A.;Ações Ordinárias;;;VITT3;;Bolsa;B3;B3 S.A. - Brasil, Bolsa, Balcão.;2021-09-02;;Novo Mercado;2021-09-01;
45.453.214/0001-51;2025-01-01;1;145669;PROFARMA DISTRIB PROD FARMACEUTICOS S.A.;Ações Ordinárias;;;PFRM3;;Bolsa;B3;B3 S.A. - Brasil, Bolsa, Balcão.;2006-10-26;;Novo Mercado;2006-10-26;
45.456.117/0001-12;2025-01-01;1;148742;Águas do Sertão S.A.;Debêntures;;;;;Balcão Organizado;B3;B3 S.A. - Brasil, Bolsa, Balcão.;2022-08-24;;Básico;2022-08-24;
45.736.131/0001-70;2025-01-01;1;149209;Unidas Locadora S.A.;Debêntures;;;;;Balcão Organizado;B3;B3 S.A. - Brasil, Bolsa, Balcão.;2022-09-27;;Básico;2022-09-27;
45.987.245/0001-92;2025-01-01;3;149316;BIOMA EDUCAÇÃO S.A.;Ações Ordinárias;;;BIED3;;Bolsa;B3;B3 S.A. - Brasil, Bolsa, Balcão.;2018-01-26;;Bovespa Mais;1974-01-02;
46.119.855/0001-37;2025-01-01;1;145827;SOCIEDADE ABASTECIMENTO DE ÁGUA E SANEAMENTO S.A - SANASA;Debêntures;;;;;;;;;;;;
46.568.486/0001-60;2025-01-01;2;153868;QUANTUM MANTIQUEIRA PARTICIPAÇÕES S.A.;Debêntures;;;;;Balcão Organizado;B3;B3 S.A. - Brasil, Bolsa, Balcão.;2025-04-15;;Básico;2025-04-15;
46.573.272/0001-81;2025-01-01;1;148637;Porto Saúde Participações S.A.;Ações Ordinárias;;;;;;;;;;;;
47.508.411/0001-56;2025-01-01;2;150157;CIA BRASILEIRA DE DISTRIBUICAO;Ações Ordinárias;;;PCAR3;;Bolsa;B3;B3 S.A. - Brasil, Bolsa, Balcão.;1995-09-22;;Novo Mercado;1995-09-22;
47.508.411/0001-56;2025-01-01;2;150157;CIA BRASILEIRA DE DISTRIBUICAO;Debêntures;;;;;Balcão Organizado;B3;B3 S.A. - Brasil, Bolsa, Balcão.;2018-09-10;;Básico;2018-09-10;
47.509.120/0001-82;2025-01-01;2;151221;BRADESCO LEASING S.A. ARREND MERCANTIL;Debêntures;;;;;Balcão Organizado;B3;B3 S.A. - Brasil, Bolsa, Balcão.;2005-02-01;;Básico;2005-02-01;
47.960.950/0001-21;2025-01-01;1;149020;MAGAZINE LUIZA S.A.;Ações Preferenciais;PNA;Preferencial Classe A;MGLU3;;Bolsa;B3;B3 S.A. - Brasil, Bolsa, Balcão.;2011-05-02;;Novo Mercado;2011-05-02;
48.127.008/0001-40;2025-01-01;1;148515;Concessionária Rodovias do Sul de Minas SPE S.A.;Debêntures;;;;;Balcão Organizado;B3;B3 S.A. - Brasil, Bolsa, Balcão.;2023-02-15;;Básico;2023-02-15;
48.127.012/0001-08;2025-01-01;1;148688;Concessionária Rodovias do Triângulo SPE S.A.;Debêntures;;;;;Balcão Organizado;B3;B3 S.A. - Brasil, Bolsa, Balcão.;2023-02-13;;Básico;2023-02-13;
48.710.127/0001-20;2025-01-01;3;153250;SPE Novo Norte Aeroportos S.A;Debêntures;;;;;Bolsa;B3;B3 S.A. - Brasil, Bolsa, Balcão.;2023-12-29;;Básico;2023-12-29;
48.851.242/0001-15;2025-01-01;1;145397;CONCESSIONARIA DAS RODOVIAS DO LESTE MS S/A;Debêntures;;;;;Balcão Organizado;B3;B3 S.A. - Brasil, Bolsa, Balcão.;2023-04-25;2023-10-13;Básico;2023-04-25;2023-10-13
48.851.242/0001-15;2025-01-01;1;145397;CONCESSIONARIA DAS RODOVIAS DO LESTE MS S/A;Debêntures;;;;;Balcão Organizado;B3;B3 S.A. - Brasil, Bolsa, Balcão.;2024-04-15;2024-10-04;Básico;2024-04-15;2024-10-04
49.115.815/0001-05;2025-01-01;3;150833;JBS N.V.;BDRs;;;;;;;;;;;;
49.263.189/0001-02;2025-01-01;1;149828;HELBOR EMPREENDIMENTOS S.A.;Ações Ordinárias;;;HBOR3;;Bolsa;B3;B3 S.A. - Brasil, Bolsa, Balcão.;2007-10-29;;Novo Mercado;2007-10-29;
49.314.049/0001-08;2025-01-01;3;154015;Concessionária de Rodovias Noroeste Paulista S.A;Debêntures;;;;;Balcão Organizado;B3;B3 S.A. - Brasil, Bolsa, Balcão.;2023-04-04;2023-04-06;Básico;2023-03-27;
49.669.856/0001-43;2025-01-01;2;144843;VESTE S.A. ESTILO;Ações Ordinárias;;;VSTE3;;Bolsa;B3;B3 S.A. - Brasil, Bolsa, Balcão.;2008-04-29;;Novo Mercado;2008-04-28;
49.703.913/0001-63;2025-01-01;1;153800;Platão Capital S.A.;Debêntures;;;;;Bolsa;B3;B3 S.A. - Brasil, Bolsa, Balcão.;2023-03-08;;Básico;2023-03-08;
50.564.053/0001-03;2025-01-01;4;153815;BOMBRIL S.A. - Em recuperação Judicial;Ações Ordinárias;;;BOBR3;;Bolsa;B3;B3 S.A. - Brasil, Bolsa, Balcão.;1984-09-26;;Básico;1984-09-26;
50.564.053/0001-03;2025-01-01;4;153815;BOMBRIL S.A. - Em recuperação Judicial;Ações Preferenciais;;;BOBR4;;Bolsa;B3;B3 S.A. - Brasil, Bolsa, Balcão.;1984-09-26;;Básico;1984-09-26;
50.746.577/0001-15;2025-01-01;4;153770;COSAN S.A.;Ações Ordinárias;;;CSAN3;;Bolsa;B3;B3 S.A. - Brasil, Bolsa, Balcão.;2005-11-17;;Novo Mercado;2005-11-17;
50.746.577/0001-15;2025-01-01;4;153770;COSAN S.A.;Debêntures;;;;;Balcão Organizado;B3;B3 S.A. - Brasil, Bolsa, Balcão.;2020-08-26;;Básico;2020-08-26;
50.926.955/0001-42;2025-01-01;1;145279;VULCABRAS S.A.;Ações Ordinárias;;;VULC3;;Bolsa;B3;B3 S.A. - Brasil, Bolsa, Balcão.;2017-10-26;;Novo Mercado;1977-07-20;
51.128.999/0001-90;2025-01-01;2;146203;NUTRIPLANT INDUSTRIA E COMERCIO S.A.;Ações Ordinárias;;;NUTR3;;Bolsa;B3;B3 S.A. - Brasil, Bolsa, Balcão.;2008-02-13;;Bovespa Mais;2008-02-13;
51.136.974/0001-38;2025-01-01;1;148618;EPR Infraestrutura PR S.A.;Debêntures;;;;;Balcão Organizado;B3;B3 S.A. - Brasil, Bolsa, Balcão.;2023-12-04;;Básico;2023-12-04;
51.218.147/0001-93;2025-01-01;1;148950;IGUATEMI EMPRESA DE SHOPPING CENTERS S.A;Ações Ordinárias;;;IGTA3;;Bolsa;B3;B3 S.A. - Brasil, Bolsa, Balcão.;2007-02-07;;Nível 1 de Governança Corporativa;2007-02-07;
51.430.503/0001-38;2025-01-01;2;149492;Porto Serviço S.A;Ações Ordinárias;;;;;;;;;;;;
51.466.860/0001-56;2025-01-01;2;150579;SAO MARTINHO S.A.;Ações Ordinárias;;;SMTO3;;Bolsa;B3;B3 S.A. - Brasil, Bolsa, Balcão.;2007-02-09;;Novo Mercado;2007-02-09;
51.742.485/0001-20;2025-01-01;1;148517;Concessionária Rodovias do Café SPE S.A.;Debêntures;;;;;Balcão Organizado;B3;B3 S.A. - Brasil, Bolsa, Balcão.;2023-10-09;;Básico;2023-10-09;
51.928.174/0001-50;2025-01-01;2;150631;PLASCAR PARTICIPACOES INDUSTRIAIS S.A.;Ações Ordinárias;;;B3;;Bolsa;B3;B3 S.A. - Brasil, Bolsa, Balcão.;1989-04-19;;Básico;1989-04-19;
52.017.473/0001-03;2025-01-01;2;144829;Azevedo & Travassos Energia S.A.;Ações Ordinárias;;;AZTE3;;Bolsa;B3;B3 S.A. - Brasil, Bolsa, Balcão.;2025-02-17;;Básico;2025-02-14;
52.270.350/0001-71;2025-01-01;9;153544;Companhia Brasileira de Serviços Financeiros;Ações Ordinárias;;;ADMF3;;Bolsa;B3;B3 S.A. - Brasil, Bolsa, Balcão.;2025-02-28;;Novo Mercado;2025-02-28;
52.475.549/0001-36;2025-01-01;6;152364;R/HOLDINGS S.A.;Ações Ordinárias;;;0000;;Bolsa;B3;B3 S.A. - Brasil, Bolsa, Balcão.;2025-10-09;;Básico;2025-10-09;
52.548.435/0001-79;2025-01-01;1;148900;JSL S.A.;Ações Ordinárias;;;JSLG3;;Bolsa;B3;B3 S.A. - Brasil, Bolsa, Balcão.;2010-04-20;;Novo Mercado;2010-04-20;
52.548.435/0001-79;2025-01-01;1;148900;JSL S.A.;Debêntures;;;;;Balcão Organizado;B3;B3 S.A. - Brasil, Bolsa, Balcão.;2010-12-20;;Básico;2010-12-20;
52.805.925/0001-03;2025-01-01;15;154096;Belora RDVC City Desenvolvimento Imobiliário S.A.;Ações Ordinárias;;;CCTY3;;Bolsa;B3;B3 S.A. - Brasil, Bolsa, Balcão.;2025-04-29;;Novo Mercado;2025-04-29;
52.810.883/0001-07;2025-01-01;7;152545;REVEE MCO S.A.;Ações Ordinárias;;;0000;;Bolsa;B3;B3 S.A. - Brasil, Bolsa, Balcão.;2025-02-06;;Básico;2025-02-06;
52.841.191/0001-18;2025-01-01;12;154104;REVEE S.A.;Ações Ordinárias;;;RVEE3;;Bolsa;B3;B3 S.A. - Brasil, Bolsa, Balcão.;2025-04-22;;Novo Mercado;2025-04-17;
53.113.791/0001-22;2025-01-01;1;148947;TOTVS S.A.;Ações Ordinárias;;;TOTS3;;Bolsa;B3;B3 S.A. - Brasil, Bolsa, Balcão.;2006-03-07;;Novo Mercado;2006-03-07;
53.113.791/0001-22;2025-01-01;1;148947;TOTVS S.A.;Debêntures;;;;;Bolsa;B3;B3 S.A. - Brasil, Bolsa, Balcão.;2024-08-09;;Novo Mercado;2024-07-19;
53.153.938/0001-08;2025-01-01;3;151897;Cobasi Comércio de Produtos Básicos e Industrializados S.A.;Ações Ordinárias;;;;;;;;;;;;
56.444.250/0001-75;2025-01-01;2;148303;HAUSCENTER SA;Debêntures;;;;;Balcão Não-Organizado;;;;;;1995-05-02;
56.643.018/0001-66;2025-01-01;1;144054;EUCATEX S.A. INDUSTRIA E COMERCIO;Ações Ordinárias;;;EUCA3;;Bolsa;B3;B3 S.A. - Brasil, Bolsa, Balcão.;2012-07-01;;Nível 1 de Governança Corporativa;1969-08-20;
56.643.018/0001-66;2025-01-01;1;144054;EUCATEX S.A. INDUSTRIA E COMERCIO;Ações Preferenciais;PNA;Preferencial Classe A;EUCA4;;Bolsa;B3;B3 S.A. - Brasil, Bolsa, Balcão.;2012-07-01;;Nível 1 de Governança Corporativa;1969-08-20;
56.720.428/0001-63;2025-01-01;1;144146;ROMI S.A.;Ações Ordinárias;;;ROMI3;;Bolsa;B3;B3 S.A. - Brasil, Bolsa, Balcão.;2007-03-23;;Novo Mercado;2007-03-23;
56.992.423/0001-90;2025-01-01;1;148311;BICICLETAS MONARK S.A.;Ações Ordinárias;;;BMKS3;;Bolsa;B3;B3 S.A. - Brasil, Bolsa, Balcão.;1973-11-28;;Básico;1973-11-28;
58.056.046/0001-02;2025-01-01;3;152422;EPR Iguaçu S.A.;Debêntures;;;;;Balcão Organizado;B3;B3 S.A. - Brasil, Bolsa, Balcão.;2025-04-17;;Básico;2025-02-28;
58.070.452/0001-20;2025-01-01;4;152920;Iguá Sergipe S.A.;Debêntures;;;;;Balcão Organizado;B3;B3 S.A. - Brasil, Bolsa, Balcão.;2024-12-01;;Básico;2024-12-01;
58.119.199/0001-51;2025-01-01;1;146977;ODONTOPREV S.A.;Ações Ordinárias;;;ODPV3;;Bolsa;B3;B3 S.A. - Brasil, Bolsa, Balcão.;2006-11-30;;Novo Mercado;2006-11-30;
58.430.828/0001-60;2025-01-01;1;144457;Blau Farmacêutica S.A.;Ações Ordinárias;;;BLAU3;;Bolsa;B3;B3 S.A. - Brasil, Bolsa, Balcão.;2021-04-19;;Novo Mercado;2021-04-19;
58.430.828/0001-60;2025-01-01;1;144457;Blau Farmacêutica S.A.;Debêntures;;;;;Balcão Organizado;B3;B3 S.A. - Brasil, Bolsa, Balcão.;2018-06-20;;Básico;2018-06-20;
59.105.999/0001-86;2025-01-01;4;152846;WHIRLPOOL S.A.;Ações Ordinárias;;;WHRL3;;Bolsa;B3;B3 S.A. - Brasil, Bolsa, Balcão.;1994-04-26;;Básico;1994-04-26;
59.105.999/0001-86;2025-01-01;4;152846;WHIRLPOOL S.A.;Ações Preferenciais;;;WHRL4;;Bolsa;B3;B3 S.A. - Brasil, Bolsa, Balcão.;1994-04-26;;Básico;1994-04-26;
59.115.685/0001-64;2025-01-01;2;152564;Tupi Energias Renováveis S.A.;Debêntures;;;;;Balcão Organizado;B3;B3 S.A. - Brasil, Bolsa, Balcão.;2025-04-16;;Básico;2025-04-16;
59.196.897/0001-13;2025-01-01;2;151574;Concessionária de Rodovias PRVias S.A.;Debêntures;;;;;Bolsa;B3;B3 S.A. - Brasil, Bolsa, Balcão.;2025-02-27;;Básico;2025-02-27;
59.285.411/0001-13;2025-01-01;1;148662;BCO PAN S.A.;Ações Preferenciais;PNA;Preferencial Classe A;BPAN4;;Bolsa;B3;B3 S.A. - Brasil, Bolsa, Balcão.;2010-01-01;;Nível 1 de Governança Corporativa;2007-11-19;
59.418.806/0001-47;2025-01-01;1;148188;TRACK & FIELD CO S.A.;Ações Preferenciais;;;TFCO4;;Bolsa;B3;B3 S.A. - Brasil, Bolsa, Balcão.;2020-10-26;;Nível 2 de Governança Corporativa;2020-10-26;
59.546.515/0001-34;2025-01-01;2;150088;Fisia Comércio de Produtos Esportivos S.A.;Debêntures;;;;;Balcão Organizado;B3;B3 S.A. - Brasil, Bolsa, Balcão.;2025-07-18;;Básico;2025-07-18;
59.693.110/0001-29;2025-01-01;5;152384;ORANJEBTC S.A. - EDUCAÇÃO E INVESTIMENTO;Ações Ordinárias;;;OBTC;;Bolsa;B3;B3 S.A. - Brasil, Bolsa, Balcão.;2025-09-05;;Básico;2025-09-05;
59.717.553/0001-02;2025-01-01;2;153500;GRUPO MULTI S.A.;Ações Ordinárias;;;MLAS3;;;B3;B3 S.A. - Brasil, Bolsa, Balcão.;2021-07-21;;Novo Mercado;2021-07-21;
59.789.545/0001-71;2025-01-01;2;149438;POLPAR S.A.;Ações Ordinárias;;;PPAR3;;Bolsa;B3;B3 S.A. - Brasil, Bolsa, Balcão.;1989-05-31;;Básico;1989-05-31;
59.981.829/0001-65;2025-01-01;1;146489;Rodobens SA;Debêntures;;;;;Bolsa;B3;B3 S.A. - Brasil, Bolsa, Balcão.;2021-12-24;;Básico;2021-12-23;
59.981.829/0001-65;2025-01-01;1;146489;Rodobens SA;Units;;;RBNS;1 ON e 2PNs;Bolsa;B3;B3 S.A. - Brasil, Bolsa, Balcão.;2021-07-26;;Básico;2021-07-15;
60.398.369/0004-79;2025-01-01;1;144517;PARANAPANEMA S.A. - EM RECUPERAÇÃO JUDICIAL;Ações Ordinárias;;;PMAM3;;Bolsa;B3;B3 S.A. - Brasil, Bolsa, Balcão.;2012-02-15;;Novo Mercado;1971-03-15;
60.398.369/0004-79;2025-01-01;1;144517;PARANAPANEMA S.A. - EM RECUPERAÇÃO JUDICIAL;Debêntures Conversíveis;;;;;Balcão Organizado;B3;B3 S.A. - Brasil, Bolsa, Balcão.;2017-12-22;;Básico;2017-09-01;
60.444.437/0001-46;2025-01-01;2;154111;LIGHT SERVICOS DE ELETRICIDADE S.A.;Debêntures;;;;;Balcão Não-Organizado;B3;B3 S.A. - Brasil, Bolsa, Balcão.;2013-06-15;;Básico;2013-06-15;
60.444.437/0001-46;2025-01-01;2;154111;LIGHT SERVICOS DE ELETRICIDADE S.A.;Nota Comercial;;;;;Balcão Não-Organizado;B3;B3 S.A. - Brasil, Bolsa, Balcão.;2017-12-21;;Básico;2017-12-21;
60.476.884/0001-87;2025-01-01;1;145358;MAHLE METAL LEVE S.A.;Ações Ordinárias;;;LEVE3;;Bolsa;B3;B3 S.A. - Brasil, Bolsa, Balcão.;2011-07-05;;Novo Mercado;1977-07-20;
60.537.263/0001-66;2025-01-01;1;145453;ALLPARK EMPREENDIMENTOS, PARTICIPAÇÕES E SERVIÇOS S.A.;Ações Ordinárias;;;ALPK3;;Bolsa;B3;B3 S.A. - Brasil, Bolsa, Balcão.;2020-05-15;;Novo Mercado;2020-05-14;
60.537.263/0001-66;2025-01-01;1;145453;ALLPARK EMPREENDIMENTOS, PARTICIPAÇÕES E SERVIÇOS S.A.;Debêntures;;;;;Balcão Organizado;B3;B3 S.A. - Brasil, Bolsa, Balcão.;2019-08-07;;Básico;2019-05-09;
60.543.816/0001-93;2025-01-01;1;148942;IGUATEMI S.A.;Ações Ordinárias;;;IGTI3;;Bolsa;B3;B3 S.A. - Brasil, Bolsa, Balcão.;2021-11-22;;Nível 1 de Governança Corporativa;2021-11-22;
60.543.816/0001-93;2025-01-01;1;148942;IGUATEMI S.A.;Ações Preferenciais;;;IGTI4;;Bolsa;B3;B3 S.A. - Brasil, Bolsa, Balcão.;2022-09-22;;Nível 1 de Governança Corporativa;2022-09-22;
60.543.816/0001-93;2025-01-01;1;148942;IGUATEMI S.A.;Units;;;IGTI11;1 ON e 2 PN;Bolsa;B3;B3 S.A. - Brasil, Bolsa, Balcão.;2021-11-22;;Nível 1 de Governança Corporativa;2021-11-22;
60.651.809/0001-05;2025-01-01;1;148012;SUZANO HOLDING S.A.;Ações Ordinárias;;;NEMO3;;Bolsa;B3;B3 S.A. - Brasil, Bolsa, Balcão.;1982-12-22;;Básico;1982-12-21;
60.651.809/0001-05;2025-01-01;1;148012;SUZANO HOLDING S.A.;Ações Preferenciais;PNA;Preferencial Classe A;NEMO5;;Bolsa;B3;B3 S.A. - Brasil, Bolsa, Balcão.;2010-04-09;;Básico;1982-12-21;
60.651.809/0001-05;2025-01-01;1;148012;SUZANO HOLDING S.A.;Ações Preferenciais;PNB;Preferencial Classe B;NEMO6;;Bolsa;B3;B3 S.A. - Brasil, Bolsa, Balcão.;2011-05-18;;Básico;1982-12-21;
60.665.981/0001-18;2025-01-01;1;149080;União Química Farmacêutica Nacional S.A.;Valor Mobiliário Não Registrado;;;;;Balcão Organizado;B3;B3 S.A. - Brasil, Bolsa, Balcão.;2022-01-16;;Básico;2021-10-08;
60.730.348/0001-66;2025-01-01;1;144599;CIA MELHORAMENTOS DE SAO PAULO;Ações Ordinárias;;;MSPA3;;Bolsa;B3;B3 S.A. - Brasil, Bolsa, Balcão.;1977-07-20;;Básico;1977-07-20;
60.730.348/0001-66;2025-01-01;1;144599;CIA MELHORAMENTOS DE SAO PAULO;Ações Preferenciais;ONA;Ordinária Classe A;MSPA4;;Bolsa;B3;B3 S.A. - Brasil, Bolsa, Balcão.;1977-07-20;;Básico;1977-07-20;
60.746.948/0001-12;2025-01-01;1;148197;BCO BRADESCO S.A.;Ações Ordinárias;;;BBDC3;;Bolsa;B3;B3 S.A. - Brasil, Bolsa, Balcão.;2001-06-26;;Nível 1 de Governança Corporativa;1946-11-26;
60.746.948/0001-12;2025-01-01;1;148197;BCO BRADESCO S.A.;Ações Preferenciais;;;BBDC4;;Bolsa;B3;B3 S.A. - Brasil, Bolsa, Balcão.;2001-06-26;;Nível 1 de Governança Corporativa;1946-11-26;
60.840.055/0001-31;2025-01-01;3;153937;FLEURY S.A.;Ações Ordinárias;;;FLRY3;;Bolsa;B3;B3 S.A. - Brasil, Bolsa, Balcão.;2009-12-16;;Novo Mercado;2009-12-16;
60.851.615/0001-53;2025-01-01;2;151944;BARDELLA S.A. INDUSTRIAS MECANICAS EM RECUPERAÇÃO JUDICIAL;Ações Ordinárias;;;BDLL3;;Bolsa;B3;B3 S.A. - Brasil, Bolsa, Balcão.;1969-11-26;;Básico;1969-11-26;
60.851.615/0001-53;2025-01-01;2;151944;BARDELLA S.A. INDUSTRIAS MECANICAS EM RECUPERAÇÃO JUDICIAL;Ações Preferenciais;PNA;Preferencial Classe A;BDLL4;;Bolsa;B3;B3 S.A. - Brasil, Bolsa, Balcão.;1969-11-26;;Básico;1969-11-26;
60.872.504/0001-23;2025-01-01;1;145293;ITAU UNIBANCO HOLDING S.A.;Ações Ordinárias;;;ITUB3;;Bolsa;B3;B3 S.A. - Brasil, Bolsa, Balcão.;2002-12-30;;Nível 1 de Governança Corporativa;2002-12-30;
60.872.504/0001-23;2025-01-01;1;145293;ITAU UNIBANCO HOLDING S.A.;Ações Preferenciais;;;ITUB4;;Bolsa;B3;B3 S.A. - Brasil, Bolsa, Balcão.;2002-12-30;;Nível 1 de Governança Corporativa;2002-12-30;
60.884.319/0001-59;2025-01-01;1;147839;NORDON INDUSTRIAS METALURGICAS S.A.;Ações Ordinárias;;;1;;Bolsa;B3;B3 S.A. - Brasil, Bolsa, Balcão.;1988-04-28;;Básico;1988-04-28;
60.894.730/0001-05;2025-01-01;1;144814;USINAS SID DE MINAS GERAIS S.A.-USIMINAS;Ações Ordinárias;;;USIM3;;Bolsa;B3;B3 S.A. - Brasil, Bolsa, Balcão.;2007-10-11;;Nível 1 de Governança Corporativa;1994-04-11;
60.894.730/0001-05;2025-01-01;1;144814;USINAS SID DE MINAS GERAIS S.A.-USIMINAS;Debêntures;;;;;Balcão Organizado;B3;B3 S.A. - Brasil, Bolsa, Balcão.;2022-05-23;;Básico;2022-05-23;
60.894.730/0001-05;2025-01-01;1;144814;USINAS SID DE MINAS GERAIS S.A.-USIMINAS;Ações Preferenciais;PNB;Preferencial Classe B;USIM6;;Bolsa;B3;B3 S.A. - Brasil, Bolsa, Balcão.;2007-10-11;;Nível 1 de Governança Corporativa;1994-04-11;
60.894.730/0001-05;2025-01-01;1;144814;USINAS SID DE MINAS GERAIS S.A.-USIMINAS;Ações Preferenciais;PNA;Preferencial Classe A;USIM5;;Bolsa;B3;B3 S.A. - Brasil, Bolsa, Balcão.;2007-10-11;;Nível 1 de Governança Corporativa;1994-04-11;
60.933.603/0001-78;2025-01-01;3;153877;CESP - CIA ENERGETICA DE SAO PAULO;Debêntures;;;;;Balcão Organizado;B3;B3 S.A. - Brasil, Bolsa, Balcão.;2019-04-09;;Básico;2019-04-09;
61.022.042/0001-18;2025-01-01;1;144820;CONSTRUTORA ADOLPHO LINDENBERG S.A.;Ações Ordinárias;;;CALI3;;Bolsa;B3;B3 S.A. - Brasil, Bolsa, Balcão.;1977-07-20;;Básico;1977-07-20;
61.022.042/0001-18;2025-01-01;1;144820;CONSTRUTORA ADOLPHO LINDENBERG S.A.;Bônus de Subscrição;;;CALI11;383.768;Bolsa;B3;B3 S.A. - Brasil, Bolsa, Balcão.;2025-01-31;;Básico;2022-04-28;
61.065.298/0001-02;2025-01-01;3;147968;MANGELS INDUSTRIAL S.A.;Ações Ordinárias;;;MGEL3;;Bolsa;B3;B3 S.A. - Brasil, Bolsa, Balcão.;1971-12-28;;Básico;1971-12-28;
61.065.298/0001-02;2025-01-01;3;147968;MANGELS INDUSTRIAL S.A.;Ações Preferenciais;;;MGEL4;;Bolsa;B3;B3 S.A. - Brasil, Bolsa, Balcão.;1971-12-28;;Básico;1971-12-28;
61.065.751/0001-80;2025-01-01;3;150575;ROSSI RESIDENCIAL S.A. - EM RECUPERAÇÃO JUDICIAL;Ações Ordinárias;;;RSID3;;Bolsa;B3;B3 S.A. - Brasil, Bolsa, Balcão.;2006-01-27;;Novo Mercado;1997-07-22;
61.067.901/0001-95;2025-01-01;1;152134;ÁGUAS DO PARÁ A SPE S.A;Debêntures;;;;;Balcão Organizado;B3;B3 S.A. - Brasil, Bolsa, Balcão.;2025-06-24;;Básico;2025-06-20;
61.067.901/0001-95;2025-01-01;1;152134;ÁGUAS DO PARÁ A SPE S.A;Debêntures;;;;;Balcão Organizado;B3;B3 S.A. - Brasil, Bolsa, Balcão.;2025-06-24;;Básico;2025-06-20;
61.067.902/0001-30;2025-01-01;1;152130;ÁGUAS DO PARÁ B SPE S.A.;Debêntures;;;;;Balcão Organizado;B3;B3 S.A. - Brasil, Bolsa, Balcão.;2025-06-25;;Básico;2025-06-20;
61.067.902/0001-30;2025-01-01;1;152130;ÁGUAS DO PARÁ B SPE S.A.;Debêntures;;;;;Balcão Organizado;B3;B3 S.A. - Brasil, Bolsa, Balcão.;2025-06-25;;Básico;2025-06-20;
61.067.904/0001-29;2025-01-01;1;152123;ÁGUAS DO PARÁ D SPE S.A.;Debêntures;;;;;Balcão Organizado;B3;B3 S.A. - Brasil, Bolsa, Balcão.;2025-06-24;;Básico;2025-06-20;
61.067.904/0001-29;2025-01-01;1;152123;ÁGUAS DO PARÁ D SPE S.A.;Debêntures;;;;;Balcão Organizado;B3;B3 S.A. - Brasil, Bolsa, Balcão.;2025-06-24;;Básico;2025-06-20;
61.079.117/0001-05;2025-01-01;2;152781;ALPARGATAS S.A.;Ações Ordinárias;;;ALPA3;;Bolsa;B3;B3 S.A. - Brasil, Bolsa, Balcão.;2003-07-15;;Nível 1 de Governança Corporativa;1977-07-20;
61.079.117/0001-05;2025-01-01;2;152781;ALPARGATAS S.A.;Debêntures;;;;;Balcão Organizado;B3;B3 S.A. - Brasil, Bolsa, Balcão.;2017-12-15;;Básico;2017-12-15;
61.079.117/0001-05;2025-01-01;2;152781;ALPARGATAS S.A.;Ações Preferenciais;;;ALPA4;;Bolsa;B3;B3 S.A. - Brasil, Bolsa, Balcão.;2003-07-15;;Nível 1 de Governança Corporativa;1977-07-20;
61.080.313/0001-91;2025-01-01;1;147769;COBRASMA S.A.;Ações Ordinárias;;;;;;;;;;;;
61.082.004/0001-50;2025-01-01;1;149928;MANUFATURA DE BRINQUEDOS ESTRELA S.A.;Ações Preferenciais;PNA;Preferencial Classe A;ESTR4;;Bolsa;B3;B3 S.A. - Brasil, Bolsa, Balcão.;1968-06-28;;Básico;1968-06-28;
61.088.894/0001-08;2025-01-01;1;145580;CAMBUCI S.A.;Ações Ordinárias;;;CAMB3;;Bolsa;B3;B3 S.A. - Brasil, Bolsa, Balcão.;1985-01-05;;Básico;1985-01-05;
61.092.037/0001-81;2025-01-01;3;150616;ETERNIT S.A.;Ações Ordinárias;;;ETER3;;Bolsa;B3;B3 S.A. - Brasil, Bolsa, Balcão.;2006-08-17;;Novo Mercado;1948-11-25;
61.156.113/0001-75;2025-01-01;2;152306;IOCHPE MAXION S.A.;Ações Ordinárias;;;MYPK3;;Bolsa;B3;B3 S.A. - Brasil, Bolsa, Balcão.;2008-03-24;;Novo Mercado;1984-07-17;
61.156.113/0001-75;2025-01-01;2;152306;IOCHPE MAXION S.A.;Debêntures;;;;;Balcão Não-Organizado;B3;B3 S.A. - Brasil, Bolsa, Balcão.;2025-06-04;;Básico;2025-06-04;
61.156.931/0001-78;2025-01-01;3;148360;ALIPERTI S.A.;Ações Ordinárias;;;APTI3;;Bolsa;B3;B3 S.A. - Brasil, Bolsa, Balcão.;1986-06-06;;Básico;1986-06-06;
61.156.931/0001-78;2025-01-01;3;148360;ALIPERTI S.A.;Ações Preferenciais;;;APTI4;;Bolsa;B3;B3 S.A. - Brasil, Bolsa, Balcão.;1986-06-06;;Básico;1986-06-06;
61.186.680/0001-74;2025-01-01;1;148239;BANCO BMG S/A;Ações Preferenciais;;;BMGB4;;Bolsa;B3;B3 S.A. - Brasil, Bolsa, Balcão.;2019-11-29;;Nível 1 de Governança Corporativa;2019-10-28;
61.186.680/0001-74;2025-01-01;1;148239;BANCO BMG S/A;Units;;;BMGB11;1 PN + 3 Recibos de Subscrição;Bolsa;B3;B3 S.A. - Brasil, Bolsa, Balcão.;2019-10-28;2019-11-28;Nível 1 de Governança Corporativa;2019-10-28;2019-11-28
61.189.288/0001-89;2025-01-01;2;149234;MARISA LOJAS S.A.;Ações Ordinárias;;;022055;;Bolsa;B3;B3 S.A. - Brasil, Bolsa, Balcão.;2010-06-14;;Novo Mercado;2010-06-14;
61.190.096/0001-92;2025-01-01;5;152341;EUROFARMA LABORATÓRIOS S.A.;Ações Ordinárias;;;EUFA;;Bolsa;B3;B3 S.A. - Brasil, Bolsa, Balcão.;2022-04-28;;Bovespa Mais N2;2022-04-28;
61.190.096/0001-92;2025-01-01;5;152341;EUROFARMA LABORATÓRIOS S.A.;Debêntures;;;;;Balcão Organizado;B3;B3 S.A. - Brasil, Bolsa, Balcão.;2020-12-10;;Básico;2020-12-10;
61.190.096/0001-92;2025-01-01;5;152341;EUROFARMA LABORATÓRIOS S.A.;Nota Comercial;;;;;Balcão Organizado;B3;B3 S.A. - Brasil, Bolsa, Balcão.;2019-02-27;;Básico;2019-02-27;
61.351.532/0001-68;2025-01-01;2;148927;AZEVEDO E TRAVASSOS S.A.;Ações Ordinárias;;;AZEV3;;Bolsa;B3;B3 S.A. - Brasil, Bolsa, Balcão.;1991-11-01;;Básico;1991-11-01;
61.351.532/0001-68;2025-01-01;2;148927;AZEVEDO E TRAVASSOS S.A.;Bônus de Subscrição;;;AZEV11;0;Bolsa;B3;B3 S.A. - Brasil, Bolsa, Balcão.;2022-10-24;;Básico;2022-10-24;
61.351.532/0001-68;2025-01-01;2;148927;AZEVEDO E TRAVASSOS S.A.;Ações Preferenciais;;;AZEV4;;Bolsa;B3;B3 S.A. - Brasil, Bolsa, Balcão.;1991-11-01;;Básico;1991-11-01;
61.374.161/0001-30;2025-01-01;1;148380;BAUMER S.A.;Ações Ordinárias;;;BALM3;;Bolsa;B3;B3 S.A. - Brasil, Bolsa, Balcão.;1970-05-20;;Básico;1970-05-20;
61.374.161/0001-30;2025-01-01;1;148380;BAUMER S.A.;Ações Preferenciais;;;BALM4;;Bolsa;B3;B3 S.A. - Brasil, Bolsa, Balcão.;1970-05-20;;Básico;1970-05-20;
61.409.892/0001-73;2025-01-01;3;153626;COMPANHIA BRASILEIRA DE ALUMÍNIO;Ações Ordinárias;;;CBAV3;;Bolsa;B3;B3 S.A. - Brasil, Bolsa, Balcão.;2021-07-15;;Novo Mercado;2021-07-15;
61.486.650/0001-83;2025-01-01;1;146162;DIAGNOSTICOS DA AMERICA S.A.;Ações Ordinárias;;;DASA3;;Bolsa;B3;B3 S.A. - Brasil, Bolsa, Balcão.;2021-06-23;;Novo Mercado;2021-06-16;
61.486.650/0001-83;2025-01-01;1;146162;DIAGNOSTICOS DA AMERICA S.A.;Debêntures;;;;;Balcão Organizado;B3;B3 S.A. - Brasil, Bolsa, Balcão.;2006-04-01;;Básico;2006-04-01;
61.486.650/0001-83;2025-01-01;1;146162;DIAGNOSTICOS DA AMERICA S.A.;Nota Comercial;;;;;Balcão Organizado;B3;B3 S.A. - Brasil, Bolsa, Balcão.;2017-06-21;;Básico;2017-06-21;
61.532.644/0001-15;2025-01-01;2;153503;ITAÚSA S.A.;Ações Ordinárias;;;ITSA3;;Bolsa;B3;B3 S.A. - Brasil, Bolsa, Balcão.;2001-06-26;;Nível 1 de Governança Corporativa;1966-06-30;
61.532.644/0001-15;2025-01-01;2;153503;ITAÚSA S.A.;Debêntures;;;;;Balcão Organizado;B3;B3 S.A. - Brasil, Bolsa, Balcão.;2017-05-24;;Básico;2017-05-24;
61.532.644/0001-15;2025-01-01;2;153503;ITAÚSA S.A.;Ações Preferenciais;;;ITSA4;;Bolsa;B3;B3 S.A. - Brasil, Bolsa, Balcão.;2001-06-26;;Nível 1 de Governança Corporativa;1966-06-30;
61.584.140/0001-49;2025-01-01;1;148564;REDE ENERGIA PARTICIPAÇÕES S.A.;Ações Ordinárias;;;REDE3;;Bolsa;B3;B3 S.A. - Brasil, Bolsa, Balcão.;1969-10-16;;Básico;1969-10-16;
61.584.140/0001-49;2025-01-01;1;148564;REDE ENERGIA PARTICIPAÇÕES S.A.;Debêntures;;;;;Bolsa;B3;B3 S.A. - Brasil, Bolsa, Balcão.;2009-12-23;;Básico;2009-12-23;
61.585.865/0001-51;2025-01-01;1;149910;Raia Drogasil S.A.;Ações Ordinárias;;;RADL3;;Bolsa;B3;B3 S.A. - Brasil, Bolsa, Balcão.;2007-07-03;;Novo Mercado;2007-07-03;
61.585.865/0001-51;2025-01-01;1;149910;Raia Drogasil S.A.;Debêntures;;;;;Balcão Organizado;B3;B3 S.A. - Brasil, Bolsa, Balcão.;2017-04-19;;Básico;2017-04-19;
61.856.571/0001-17;2025-01-01;2;148945;CIA GAS DE SAO PAULO - COMGAS;Ações Ordinárias;;;CGAS3;;Bolsa;B3;B3 S.A. - Brasil, Bolsa, Balcão.;1997-09-11;;Básico;1997-09-11;
61.856.571/0001-17;2025-01-01;2;148945;CIA GAS DE SAO PAULO - COMGAS;Debêntures;;;;;Balcão Não-Organizado;B3;B3 S.A. - Brasil, Bolsa, Balcão.;2008-08-05;;Básico;2008-08-05;
61.856.571/0001-17;2025-01-01;2;148945;CIA GAS DE SAO PAULO - COMGAS;Ações Preferenciais;;;CGAS5;;Bolsa;B3;B3 S.A. - Brasil, Bolsa, Balcão.;1997-09-11;;Básico;1997-09-11;
62.002.886/0001-60;2025-01-01;1;148697;SAO PAULO TURISMO S.A.;Ações Ordinárias;;;AHEB3;;Bolsa;B3;B3 S.A. - Brasil, Bolsa, Balcão.;2014-04-30;;Básico;2014-04-30;
62.002.886/0001-60;2025-01-01;1;148697;SAO PAULO TURISMO S.A.;Ações Preferenciais;PNA;Preferencial Classe A;AHEB5;;Bolsa;B3;B3 S.A. - Brasil, Bolsa, Balcão.;2014-04-30;;Básico;2014-04-30;
62.002.886/0001-60;2025-01-01;1;148697;SAO PAULO TURISMO S.A.;Ações Preferenciais;PNB;Preferencial Classe B;AHEB6;;Bolsa;B3;B3 S.A. - Brasil, Bolsa, Balcão.;2014-04-30;;Básico;2014-04-30;
62.070.362/0001-06;2025-01-01;1;144390;COMPANHIA DO METROPOLITANO DE SÃO PAULO - METRÔ;Debêntures;;;;;Balcão Organizado;B3;B3 S.A. - Brasil, Bolsa, Balcão.;2022-05-03;;Básico;2022-01-31;
62.144.175/0001-20;2025-01-01;1;144493;BCO PINE S.A;Ações Ordinárias;;;PINE3;;Bolsa;B3;B3 S.A. - Brasil, Bolsa, Balcão.;2012-03-30;;Nível 2 de Governança Corporativa;2007-02-02;
62.144.175/0001-20;2025-01-01;1;144493;BCO PINE S.A;Ações Preferenciais;;;PINE4;;Bolsa;B3;B3 S.A. - Brasil, Bolsa, Balcão.;2012-03-30;;Nível 2 de Governança Corporativa;2007-02-02;
62.258.884/0001-36;2025-01-01;2;152273;INTERCEMENT BRASIL S.A. - EM RECUPERAÇÃO JUDICIAL;Debêntures;;;;;Balcão Não-Organizado;B3;B3 S.A. - Brasil, Bolsa, Balcão.;2020-06-08;;Básico;2020-06-08;
62.307.848/0001-15;2025-01-01;1;148748;BANCO RCI BRASIL S.A.;Letras Financeiras;;;;;Balcão Não-Organizado;;;;;;;
62.984.091/0001-02;2025-01-01;1;144872;CRUZEIRO DO SUL EDUCACIONAL S.A.;Ações Ordinárias;;;CSED3;;Bolsa;B3;B3 S.A. - Brasil, Bolsa, Balcão.;2021-02-10;;Novo Mercado;2021-02-10;
64.904.295/0001-03;2025-01-01;3;149974;CAMIL ALIMENTOS S.A.;Ações Ordinárias;;;CAML3;;Bolsa;B3;B3 S.A. - Brasil, Bolsa, Balcão.;2017-09-28;;Novo Mercado;2017-09-26;
65.654.303/0001-73;2025-01-01;1;145297;DIBENS LEASING S.A. - ARREND.MERCANTIL;Debêntures;;;;;Bolsa;B3;B3 S.A. - Brasil, Bolsa, Balcão.;1993-09-28;;Básico;1993-09-28;
67.010.660/0001-24;2025-01-01;3;153908;RNI NEGÓCIOS IMOBILIÁRIOS S.A.;Ações Ordinárias;;;RDNI3;;Bolsa;B3;B3 S.A. - Brasil, Bolsa, Balcão.;2007-01-30;;Novo Mercado;2007-01-30;
67.571.414/0001-41;2025-01-01;2;149326;VIVER INCORPORADORA E CONSTRUTORA S.A.;Ações Ordinárias;;;VIVR3;;Bolsa;B3;B3 S.A. - Brasil, Bolsa, Balcão.;2007-06-06;;Novo Mercado;2007-06-06;
67.620.377/0001-14;2025-01-01;1;148931;MINERVA S.A.;Ações Ordinárias;;;BEEF3;;Bolsa;B3;B3 S.A. - Brasil, Bolsa, Balcão.;2007-07-20;;Novo Mercado;2007-07-20;
71.476.527/0001-35;2025-01-01;1;146228;CONSTRUTORA TENDA S.A.;Ações Ordinárias;;;TEND3;;Bolsa;B3;B3 S.A. - Brasil, Bolsa, Balcão.;2017-06-26;;Novo Mercado;2017-05-04;
71.673.990/0001-77;2025-01-01;4;149869;NATURA COSMÉTICOS S.A.;Ações Ordinárias;;;NATU3;;Bolsa;B3;B3 S.A. - Brasil, Bolsa, Balcão.;2025-07-02;;Básico;2025-07-01;
73.178.600/0001-18;2025-01-01;1;148363;CYRELA BRAZIL REALTY S.A.EMPREEND E PART;Ações Ordinárias;;;CYRE3;;Bolsa;B3;B3 S.A. - Brasil, Bolsa, Balcão.;2005-09-22;;Novo Mercado;2005-09-22;
73.178.600/0001-18;2025-01-01;1;148363;CYRELA BRAZIL REALTY S.A.EMPREEND E PART;Certificados de Recebíveis Imobiliários;;;;;Balcão Não-Organizado;;;;;;2011-06-01;
75.315.333/0001-09;2025-01-01;5;153865;ATACADÃO S.A.;Debêntures;;;;;Balcão Organizado;B3;B3 S.A. - Brasil, Bolsa, Balcão.;2018-04-27;2025-11-28;Básico;2018-04-27;
75.609.123/0001-23;2025-01-01;1;149210;Unidas Locações e Serviços S.A.;Debêntures;;;;;Balcão Organizado;B3;B3 S.A. - Brasil, Bolsa, Balcão.;2014-03-15;;Básico;2014-03-15;
75.609.123/0001-23;2025-01-01;1;149210;Unidas Locações e Serviços S.A.;Nota Comercial;;;;;Balcão Organizado;B3;B3 S.A. - Brasil, Bolsa, Balcão.;2022-01-19;;Básico;2022-01-13;
76.483.817/0001-20;2025-01-01;3;154085;CIA PARANAENSE DE ENERGIA - COPEL;Ações Ordinárias;;;CPLE3;;Bolsa;B3;B3 S.A. - Brasil, Bolsa, Balcão.;2021-12-01;;Novo Mercado;1994-04-12;
76.483.817/0001-20;2025-01-01;3;154085;CIA PARANAENSE DE ENERGIA - COPEL;Debêntures;;;;;Balcão Não-Organizado;B3;B3 S.A. - Brasil, Bolsa, Balcão.;2019-06-14;;Básico;2019-06-14;
76.483.817/0001-20;2025-01-01;3;154085;CIA PARANAENSE DE ENERGIA - COPEL;Certificados de Depósito de Valores Mobiliários;;;;;Bolsa;B3;B3 S.A. - Brasil, Bolsa, Balcão.;2021-12-01;2023-12-26;Nível 2 de Governança Corporativa;2021-04-26;2023-12-26
76.483.817/0001-20;2025-01-01;3;154085;CIA PARANAENSE DE ENERGIA - COPEL;Ações Preferenciais;PNB;Preferencial Classe B;CPLE6;;Bolsa;B3;B3 S.A. - Brasil, Bolsa, Balcão.;2021-12-01;2025-11-10;Nível 2 de Governança Corporativa;1996-02-15;2025-11-10
76.483.817/0001-20;2025-01-01;3;154085;CIA PARANAENSE DE ENERGIA - COPEL;Ações Preferenciais;PNA;Preferencial Classe A;CPLE5;;Bolsa;B3;B3 S.A. - Brasil, Bolsa, Balcão.;2021-12-01;2025-12-19;Nível 2 de Governança Corporativa;1996-02-15;2025-12-19
76.484.013/0001-45;2025-01-01;1;144538;CIA SANEAMENTO DO PARANA - SANEPAR;Ações Ordinárias;;;SAPR3;;Bolsa;B3;B3 S.A. - Brasil, Bolsa, Balcão.;2016-12-21;;Nível 2 de Governança Corporativa;2000-03-10;
76.484.013/0001-45;2025-01-01;1;144538;CIA SANEAMENTO DO PARANA - SANEPAR;Ações Preferenciais;;;SAPR4;;Bolsa;B3;B3 S.A. - Brasil, Bolsa, Balcão.;2016-12-21;;Nível 2 de Governança Corporativa;2000-03-10;
76.484.013/0001-45;2025-01-01;1;144538;CIA SANEAMENTO DO PARANA - SANEPAR;Units;;;SAPR11;1 ON e 4 PN;Bolsa;B3;B3 S.A. - Brasil, Bolsa, Balcão.;2017-11-22;;Nível 2 de Governança Corporativa;2017-11-22;
76.535.764/0001-43;2025-01-01;2;152639;OI S.A. - EM RECUPERAÇÃO JUDICIAL;Ações Ordinárias;;;OIBR3;;Bolsa;B3;B3 S.A. - Brasil, Bolsa, Balcão.;2012-04-09;;Nível 1 de Governança Corporativa;2012-04-09;
76.535.764/0001-43;2025-01-01;2;152639;OI S.A. - EM RECUPERAÇÃO JUDICIAL;Ações Preferenciais;;;OIBR4;;Bolsa;B3;B3 S.A. - Brasil, Bolsa, Balcão.;2012-04-09;;Nível 1 de Governança Corporativa;2012-04-09;
76.627.504/0001-06;2025-01-01;1;148734;INEPAR S.A. INDUSTRIA E CONSTRUCOES EM RECUPERACAO JUDICIAL;Ações Ordinárias;;;INEP3;;Bolsa;B3;B3 S.A. - Brasil, Bolsa, Balcão.;2016-08-24;;Básico;2000-01-01;
79.430.682/0001-22;2025-01-01;1;148372;FARMÁCIA E DROGARIA NISSEI S.A.;Debêntures;;;;;Balcão Não-Organizado;B3;B3 S.A. - Brasil, Bolsa, Balcão.;2022-07-18;;Básico;2022-07-15;
80.680.093/0001-81;2025-01-01;1;148962;Senior Sistemas S.A.;Valor Mobiliário Não Registrado;;;;;;;;;;;;
81.243.735/0001-48;2025-01-01;3;148187;POSITIVO TECNOLOGIA S.A.;Ações Ordinárias;;;POSI3;;Bolsa;B3;B3 S.A. - Brasil, Bolsa, Balcão.;2006-12-11;;Novo Mercado;2006-12-11;
81.616.807/0001-55;2025-01-01;1;149938;Granja Faria S.A.;Debêntures;;;;;Balcão Organizado;B3;B3 S.A. - Brasil, Bolsa, Balcão.;2020-12-04;;Básico;2020-12-04;
82.120.676/0001-83;2025-01-01;1;146754;ALMEIDA JUNIOR SHOPPING CENTERS S.A.;Ações Preferenciais;;;;;;;;;;;;
82.508.433/0001-17;2025-01-01;3;150077;CIA CATARINENSE DE AGUAS E SANEAM.-CASAN;Ações Ordinárias;;;CASN3;;Bolsa;B3;B3 S.A. - Brasil, Bolsa, Balcão.;1998-02-06;;Básico;1998-02-06;
82.508.433/0001-17;2025-01-01;3;150077;CIA CATARINENSE DE AGUAS E SANEAM.-CASAN;Ações Preferenciais;;;CASN4;;Bolsa;B3;B3 S.A. - Brasil, Bolsa, Balcão.;1998-02-06;;Básico;1998-02-06;
82.636.986/0001-55;2025-01-01;4;151711;TEKA-TECELAGEM KUEHNRICH S.A. - Em Recuperação Judicial;Ações Ordinárias;;;TEKA3;;Bolsa;B3;B3 S.A. - Brasil, Bolsa, Balcão.;1988-04-21;2025-03-24;Básico;1988-04-21;2025-03-21
82.636.986/0001-55;2025-01-01;4;151711;TEKA-TECELAGEM KUEHNRICH S.A. - Em Recuperação Judicial;Ações Preferenciais;;;TEKA4;;Bolsa;B3;B3 S.A. - Brasil, Bolsa, Balcão.;1988-04-21;2025-03-24;Básico;1988-04-21;2025-03-21
82.640.558/0001-04;2025-01-01;1;148679;KARSTEN S.A.;Ações Ordinárias;;;CTKA3;;Bolsa;B3;B3 S.A. - Brasil, Bolsa, Balcão.;1971-12-29;;Básico;1971-12-29;
82.640.558/0001-04;2025-01-01;1;148679;KARSTEN S.A.;Ações Preferenciais;;;CTKA4;;Bolsa;B3;B3 S.A. - Brasil, Bolsa, Balcão.;1971-12-29;;Básico;1971-12-29;
82.643.537/0001-34;2025-01-01;1;149078;ELECTRO ACO ALTONA S.A.;Ações Ordinárias;;;EALT3;;Bolsa;B3;B3 S.A. - Brasil, Bolsa, Balcão.;1974-04-20;;Nível 2 de Governança Corporativa;1974-04-20;
82.643.537/0001-34;2025-01-01;1;149078;ELECTRO ACO ALTONA S.A.;Ações Preferenciais;PNA;Preferencial Classe A;EALT4;;Bolsa;B3;B3 S.A. - Brasil, Bolsa, Balcão.;1974-04-20;;Nível 2 de Governança Corporativa;1974-04-20;
82.901.000/0001-27;2025-01-01;2;153628;Intelbras S.A. Ind. de Telecomunicação Eletrônica Brasileira;Ações Ordinárias;;;INTB3;;Bolsa;B3;B3 S.A. - Brasil, Bolsa, Balcão.;2021-02-04;;Novo Mercado;2021-02-04;
82.901.000/0001-27;2025-01-01;2;153628;Intelbras S.A. Ind. de Telecomunicação Eletrônica Brasileira;Debêntures;;;;;Balcão Organizado;B3;B3 S.A. - Brasil, Bolsa, Balcão.;2022-10-27;;Básico;2022-10-27;
82.981.929/0001-03;2025-01-01;1;144736;CIA INDUSTRIAL SCHLOSSER S.A.;Ações Ordinárias;;;SC303;;;;;;;;;
82.981.929/0001-03;2025-01-01;1;144736;CIA INDUSTRIAL SCHLOSSER S.A.;Ações Preferenciais;;;SCL04;;;;;;;;;
82.982.075/0001-80;2025-01-01;1;146620;TEXTIL RENAUXVIEW S.A.;Ações Ordinárias;;;TRXR3;;Bolsa;B3;B3 S.A. - Brasil, Bolsa, Balcão.;1969-08-11;;Básico;1969-08-11;
82.982.075/0001-80;2025-01-01;1;146620;TEXTIL RENAUXVIEW S.A.;Ações Preferenciais;;;TXRX4;;Bolsa;B3;B3 S.A. - Brasil, Bolsa, Balcão.;1969-08-11;;Básico;1969-08-11;
83.296.889/0001-23;2025-01-01;1;145282;MASSA FALIDA DA SA IND E COMERCIO CHAPECO;Ações Ordinárias;;;3;;Bolsa;B3;B3 S.A. - Brasil, Bolsa, Balcão.;1979-11-30;2005-04-29;Básico;1979-11-30;2005-04-29
83.475.913/0001-91;2025-01-01;2;149418;PBG S/A;Ações Ordinárias;;;PTBL3;;Bolsa;B3;B3 S.A. - Brasil, Bolsa, Balcão.;2008-04-30;;Novo Mercado;2008-04-30;
83.878.892/0001-55;2025-01-01;1;148588;CENTRAIS ELET DE SANTA CATARINA S.A.;Ações Ordinárias;;;CLSC3;;Bolsa;B3;B3 S.A. - Brasil, Bolsa, Balcão.;2002-06-26;;Nível 2 de Governança Corporativa;1973-03-26;
83.878.892/0001-55;2025-01-01;1;148588;CENTRAIS ELET DE SANTA CATARINA S.A.;Ações Preferenciais;;;CLSC4;;Bolsa;B3;B3 S.A. - Brasil, Bolsa, Balcão.;2002-06-26;;Nível 2 de Governança Corporativa;1973-03-26;
84.429.695/0001-11;2025-01-01;2;152581;WEG S.A.;Ações Ordinárias;;;WEGE3;;Bolsa;B3;B3 S.A. - Brasil, Bolsa, Balcão.;2007-06-22;;Novo Mercado;2007-06-22;
84.683.374/0001-49;2025-01-01;2;148035;TUPY S.A.;Ações Ordinárias;;;TUPY3;;Bolsa;B3;B3 S.A. - Brasil, Bolsa, Balcão.;2013-10-30;;Novo Mercado;1966-07-01;
84.683.408/0001-03;2025-01-01;1;146930;DOHLER S.A.;Ações Ordinárias;;;DOHL3;;Bolsa;B3;B3 S.A. - Brasil, Bolsa, Balcão.;1973-12-26;;Básico;1973-12-26;
84.683.408/0001-03;2025-01-01;1;146930;DOHLER S.A.;Ações Preferenciais;;;DOHL4;;Bolsa;B3;B3 S.A. - Brasil, Bolsa, Balcão.;1973-12-26;;Básico;1973-12-26;
84.683.671/0001-94;2025-01-01;1;149037;WETZEL S.A.;Ações Ordinárias;;;MWET3;;Bolsa;B3;B3 S.A. - Brasil, Bolsa, Balcão.;1984-10-09;;Básico;1984-10-09;
84.683.671/0001-94;2025-01-01;1;149037;WETZEL S.A.;Ações Preferenciais;;;MWET4;;Bolsa;B3;B3 S.A. - Brasil, Bolsa, Balcão.;1984-10-09;;Básico;1984-10-09;
84.684.455/0001-63;2025-01-01;1;146175;Tigre S.A. Participações;Debêntures;;;;;Balcão Organizado;B3;B3 S.A. - Brasil, Bolsa, Balcão.;2021-11-05;2021-11-10;Básico;2021-11-05;2021-11-10
84.693.183/0001-68;2025-01-01;1;145834;SCHULZ S.A.;Ações Ordinárias;;;SHUL3;;Bolsa;B3;B3 S.A. - Brasil, Bolsa, Balcão.;1994-12-19;;Básico;1994-12-19;
84.693.183/0001-68;2025-01-01;1;145834;SCHULZ S.A.;Ações Preferenciais;PNU;Preferencial Classe U;SHUL4;;Bolsa;B3;B3 S.A. - Brasil, Bolsa, Balcão.;1994-12-19;;Básico;1994-12-19;
85.041.333/0001-11;2025-01-01;2;153497;PORTO PONTA DO FELIX S/A;Ações Ordinárias;;;0000;;Balcão Não-Organizado;;;;;;2025-01-01;
85.041.333/0001-11;2025-01-01;2;153497;PORTO PONTA DO FELIX S/A;Ações Preferenciais;;;00000;;Balcão Não-Organizado;;;;;;2025-01-01;
85.778.074/0001-06;2025-01-01;1;147574;METALURGICA RIOSULENSE S.A.;Ações Ordinárias;;;RSUL3;;Bolsa;B3;B3 S.A. - Brasil, Bolsa, Balcão.;1988-11-29;;Básico;1988-11-29;
85.778.074/0001-06;2025-01-01;1;147574;METALURGICA RIOSULENSE S.A.;Ações Preferenciais;PNA;Preferencial Classe A;RSUL4;;Bolsa;B3;B3 S.A. - Brasil, Bolsa, Balcão.;1988-11-29;;Básico;1988-11-29;
86.375.425/0001-09;2025-01-01;1;145575;METISA METALURGICA TIMBOENSE S.A.;Ações Ordinárias;;;MTSA3;;Bolsa;B3;B3 S.A. - Brasil, Bolsa, Balcão.;1971-05-18;;Básico;1971-05-18;
86.375.425/0001-09;2025-01-01;1;145575;METISA METALURGICA TIMBOENSE S.A.;Ações Preferenciais;;;MTSA4;;Bolsa;B3;B3 S.A. - Brasil, Bolsa, Balcão.;1971-05-18;;Básico;1971-05-18;
87.043.832/0001-73;2025-01-01;2;149321;SEIVA S.A. - FLORESTAS E INDÚSTRIAS;Ações Ordinárias;;;SEIVA;;Balcão Não-Organizado;;;;;;1981-12-11;
87.043.832/0001-73;2025-01-01;2;149321;SEIVA S.A. - FLORESTAS E INDÚSTRIAS;Ações Preferenciais;;;SEIVA;;Balcão Não-Organizado;;;;;;1981-12-11;
87.456.562/0001-22;2025-01-01;1;149035;JOSAPAR-JOAQUIM OLIVEIRA S.A. - PARTICIP;Ações Ordinárias;;;JOPA3;;Bolsa;B3;B3 S.A. - Brasil, Bolsa, Balcão.;1989-01-02;;Básico;1988-12-21;
87.456.562/0001-22;2025-01-01;1;149035;JOSAPAR-JOAQUIM OLIVEIRA S.A. - PARTICIP;Ações Preferenciais;;;JOPA4;;Bolsa;B3;B3 S.A. - Brasil, Bolsa, Balcão.;1989-01-02;;Básico;1988-12-21;
87.762.563/0001-03;2025-01-01;4;153347;CIA HABITASUL DE PARTICIPACOES;Ações Preferenciais;PNA;Preferencial Classe A;HBTS5;;Bolsa;B3;B3 S.A. - Brasil, Bolsa, Balcão.;1982-04-19;;Básico;1982-04-19;
87.870.952/0001-44;2025-01-01;2;148639;Borrachas Vipal S.A.;Ações Ordinárias;;;;;;;;;;;;
87.870.952/0001-44;2025-01-01;2;148639;Borrachas Vipal S.A.;Debêntures;;;;;Balcão Organizado;B3;B3 S.A. - Brasil, Bolsa, Balcão.;2023-09-25;;Básico;2023-09-25;
88.610.126/0001-29;2025-01-01;2;154106;FRASLE MOBILITY S.A.;Ações Ordinárias;;;FRAS3;;Bolsa;B3;B3 S.A. - Brasil, Bolsa, Balcão.;2010-01-01;;Nível 1 de Governança Corporativa;1977-07-20;
88.610.126/0001-29;2025-01-01;2;154106;FRASLE MOBILITY S.A.;Debêntures;;;;;Balcão Não-Organizado;B3;B3 S.A. - Brasil, Bolsa, Balcão.;2020-06-15;;Nível 1 de Governança Corporativa;2020-06-15;
88.610.191/0001-54;2025-01-01;3;153685;MUNDIAL S.A. - PRODUTOS DE CONSUMO;Ações Ordinárias;;;MNDL3;;Bolsa;B3;B3 S.A. - Brasil, Bolsa, Balcão.;1979-12-12;;Básico;1979-12-12;
88.611.835/0001-29;2025-01-01;3;148022;MARCOPOLO S.A.;Ações Ordinárias;;;POMO3;;Bolsa;B3;B3 S.A. - Brasil, Bolsa, Balcão.;2002-09-03;;Nível 2 de Governança Corporativa;1978-04-24;
88.611.835/0001-29;2025-01-01;3;148022;MARCOPOLO S.A.;Ações Preferenciais;;;POMO4;;Bolsa;B3;B3 S.A. - Brasil, Bolsa, Balcão.;2002-09-03;;Nível 2 de Governança Corporativa;1978-04-24;
88.613.658/0001-10;2025-01-01;1;148352;PETTENATI S.A. INDUSTRIA TEXTIL;Ações Ordinárias;;;PTNT3;;Bolsa;B3;B3 S.A. - Brasil, Bolsa, Balcão.;1981-02-04;;Básico;1981-02-04;
88.613.658/0001-10;2025-01-01;1;148352;PETTENATI S.A. INDUSTRIA TEXTIL;Ações Preferenciais;;;PTNT4;;Bolsa;B3;B3 S.A. - Brasil, Bolsa, Balcão.;1981-02-04;;Básico;1981-02-04;
89.086.144/0001-16;2025-01-01;1;146614;RANDONCORP S.A.;Ações Ordinárias;;;RAPT3;;Bolsa;B3;B3 S.A. - Brasil, Bolsa, Balcão.;2001-06-21;;Nível 1 de Governança Corporativa;1993-02-05;
89.086.144/0001-16;2025-01-01;1;146614;RANDONCORP S.A.;Debêntures;;;;;Balcão Não-Organizado;B3;B3 S.A. - Brasil, Bolsa, Balcão.;2019-04-10;;Nível 1 de Governança Corporativa;2019-04-10;
89.086.144/0001-16;2025-01-01;1;146614;RANDONCORP S.A.;Ações Preferenciais;PNA;Preferencial Classe A;RAPT4;;Bolsa;B3;B3 S.A. - Brasil, Bolsa, Balcão.;2001-06-21;;Nível 1 de Governança Corporativa;1993-02-05;
89.096.457/0001-55;2025-01-01;4;152282;SLC AGRICOLA S.A.;Ações Ordinárias;;;SLCE3;;Bolsa;B3;B3 S.A. - Brasil, Bolsa, Balcão.;2007-06-12;;Novo Mercado;2007-06-12;
89.463.822/0001-12;2025-01-01;1;148646;LUPATECH S.A;Ações Ordinárias;;;LUPA3;;Bolsa;B3;B3 S.A. - Brasil, Bolsa, Balcão.;2006-05-15;;Novo Mercado;2006-05-15;
89.637.490/0001-45;2025-01-01;3;154138;KLABIN S.A.;Units;;;KLBN11;1 KLBN3 + 4 KLBN4;Bolsa;B3;B3 S.A. - Brasil, Bolsa, Balcão.;2014-01-07;;Nível 2 de Governança Corporativa;2013-11-28;
89.723.993/0001-33;2025-01-01;1;144678;CONSTRUTORA SULTEPA S.A. - EM RECUPERAÇÃO JUDICIAL;Ações Ordinárias;;;;;;;;;;;;
89.850.341/0001-60;2025-01-01;3;149669;GRENDENE S.A.;Ações Ordinárias;;;GRND3;;Bolsa;B3;B3 S.A. - Brasil, Bolsa, Balcão.;2004-10-28;;Novo Mercado;2004-10-28;
90.076.886/0001-40;2025-01-01;1;146240;MINUPAR PARTICIPACOES S.A.;Ações Ordinárias;;;MNPR3;;Bolsa;B3;B3 S.A. - Brasil, Bolsa, Balcão.;1990-12-21;;Básico;1990-12-21;
90.400.888/0001-42;2025-01-01;1;148845;BCO SANTANDER (BRASIL) S.A.;Units;;;SANB11;1 ON + 1 PN;Bolsa;B3;B3 S.A. - Brasil, Bolsa, Balcão.;2014-10-31;;Básico;2009-10-07;
90.441.460/0001-48;2025-01-01;1;148683;UNICASA INDÚSTRIA DE MÓVEIS S.A.;Ações Ordinárias;;;UCAS3;;Bolsa;B3;B3 S.A. - Brasil, Bolsa, Balcão.;2012-04-27;;Novo Mercado;2012-04-27;
91.333.666/0001-17;2025-01-01;2;152346;RECRUSUL S.A.;Ações Ordinárias;;;RCSL3;;Bolsa;B3;B3 S.A. - Brasil, Bolsa, Balcão.;1985-12-20;;Básico;1985-12-20;
91.333.666/0001-17;2025-01-01;2;152346;RECRUSUL S.A.;Ações Preferenciais;;;RCSL4;;Bolsa;B3;B3 S.A. - Brasil, Bolsa, Balcão.;1985-12-20;;Básico;1985-12-20;
91.669.747/0001-92;2025-01-01;1;146613;DM FINANCEIRA S.A. - CRÉDITO, FINANCIAMENTO E INVESTIMENTO;Ações Ordinárias;;;DMFN3;;Bolsa;B3;B3 S.A. - Brasil, Bolsa, Balcão.;2020-03-01;;Básico;2020-03-01;
91.983.056/0001-69;2025-01-01;1;148712;KEPLER WEBER S.A.;Ações Ordinárias;;;KEPL3;;Bolsa;B3;B3 S.A. - Brasil, Bolsa, Balcão.;2023-07-26;;Novo Mercado;1980-12-15;
91.983.056/0001-69;2025-01-01;1;148712;KEPLER WEBER S.A.;Bônus de Subscrição;;;KEPL11;Bônus conversíveis em ações KEPL3;Bolsa;B3;B3 S.A. - Brasil, Bolsa, Balcão.;2014-10-10;2021-06-15;Básico;2014-10-10;2021-06-15
92.012.467/0001-70;2025-01-01;1;148320;GRAZZIOTIN S.A.;Ações Ordinárias;;;CGRA3;;Bolsa;B3;B3 S.A. - Brasil, Bolsa, Balcão.;1979-01-31;;Básico;1979-01-31;
92.012.467/0001-70;2025-01-01;1;148320;GRAZZIOTIN S.A.;Ações Preferenciais;;;CGRA4;;Bolsa;B3;B3 S.A. - Brasil, Bolsa, Balcão.;1979-01-31;;Básico;1979-01-31;
92.660.570/0001-26;2025-01-01;3;153520;TREVISA INVESTIMENTOS S.A.;Ações Ordinárias;;;8192;;Bolsa;B3;B3 S.A. - Brasil, Bolsa, Balcão.;1980-12-15;;Básico;1980-12-15;
92.660.570/0001-26;2025-01-01;3;153520;TREVISA INVESTIMENTOS S.A.;Ações Preferenciais;;;8192;;Bolsa;B3;B3 S.A. - Brasil, Bolsa, Balcão.;1980-12-15;;Básico;1980-12-15;
92.665.611/0001-77;2025-01-01;1;146598;DIMED S.A. DISTRIBUIDORA DE MEDICAMENTOS;Ações Ordinárias;;;PNVL3;;Bolsa;B3;B3 S.A. - Brasil, Bolsa, Balcão.;2021-09-24;;Novo Mercado;1977-07-20;
92.665.611/0001-77;2025-01-01;1;146598;DIMED S.A. DISTRIBUIDORA DE MEDICAMENTOS;Debêntures;;;;;Balcão Organizado;B3;B3 S.A. - Brasil, Bolsa, Balcão.;2017-10-06;;Básico;2017-10-06;
92.690.783/0001-09;2025-01-01;2;149323;METALURGICA GERDAU S.A.;Ações Ordinárias;;;GOAU3;;Bolsa;B3;B3 S.A. - Brasil, Bolsa, Balcão.;1968-05-17;;Nível 1 de Governança Corporativa;1968-05-17;
92.690.783/0001-09;2025-01-01;2;149323;METALURGICA GERDAU S.A.;Ações Preferenciais;;;GOAU4;;Bolsa;B3;B3 S.A. - Brasil, Bolsa, Balcão.;1968-05-17;;Nível 1 de Governança Corporativa;1968-05-17;
92.693.019/0001-89;2025-01-01;1;147751;PANATLANTICA S.A.;Ações Ordinárias;;;PATI3;;Bolsa;B3;B3 S.A. - Brasil, Bolsa, Balcão.;1971-12-29;;Básico;1971-12-29;
92.693.019/0001-89;2025-01-01;1;147751;PANATLANTICA S.A.;Ações Preferenciais;;;PATI4;;Bolsa;B3;B3 S.A. - Brasil, Bolsa, Balcão.;1971-12-29;;Básico;1971-12-29;
92.702.067/0001-96;2025-01-01;3;152119;BCO ESTADO DO RIO GRANDE DO SUL S.A.;Ações Ordinárias;;;BRSR3;;Bolsa;B3;B3 S.A. - Brasil, Bolsa, Balcão.;2007-07-31;;Nível 1 de Governança Corporativa;1931-09-16;
92.702.067/0001-96;2025-01-01;3;152119;BCO ESTADO DO RIO GRANDE DO SUL S.A.;Ações Preferenciais;PNB;Preferencial Classe B;BRSR6;;Bolsa;B3;B3 S.A. - Brasil, Bolsa, Balcão.;2007-07-31;;Nível 1 de Governança Corporativa;2007-07-31;
92.702.067/0001-96;2025-01-01;3;152119;BCO ESTADO DO RIO GRANDE DO SUL S.A.;Ações Preferenciais;PNA;Preferencial Classe A;BRSR5;;Bolsa;B3;B3 S.A. - Brasil, Bolsa, Balcão.;2007-07-31;;Nível 1 de Governança Corporativa;2007-07-31;
92.715.812/0001-31;2025-01-01;5;153817;CPFL Transmissão S.A.;Debêntures;;;;;Balcão Organizado;B3;B3 S.A. - Brasil, Bolsa, Balcão.;2010-09-06;;Básico;1998-10-14;
92.749.225/0001-63;2025-01-01;2;153688;HERCULES S.A. FABRICA DE TALHERES;Ações Ordinárias;;;HETA3;;Bolsa;B3;B3 S.A. - Brasil, Bolsa, Balcão.;1968-11-01;;Básico;1968-11-01;
92.749.225/0001-63;2025-01-01;2;153688;HERCULES S.A. FABRICA DE TALHERES;Ações Preferenciais;PNA;Preferencial Classe A;HETA4;;Bolsa;B3;B3 S.A. - Brasil, Bolsa, Balcão.;1968-11-01;;Básico;1968-11-01;
92.754.738/0001-62;2025-01-01;2;149289;LOJAS RENNER S.A.;Ações Ordinárias;;;LREN3;;Bolsa;B3;B3 S.A. - Brasil, Bolsa, Balcão.;2005-07-01;;Novo Mercado;1988-04-07;
92.781.335/0001-02;2025-01-01;1;145206;TAURUS ARMAS S.A.;Ações Ordinárias;;;TASA3;;Bolsa;B3;B3 S.A. - Brasil, Bolsa, Balcão.;2011-07-08;;Nível 2 de Governança Corporativa;1982-03-02;
92.781.335/0001-02;2025-01-01;1;145206;TAURUS ARMAS S.A.;Ações Preferenciais;PNA;Preferencial Classe A;TASA4;;Bolsa;B3;B3 S.A. - Brasil, Bolsa, Balcão.;2011-07-08;;Nível 2 de Governança Corporativa;1982-03-02;
92.791.243/0001-03;2025-01-01;3;152731;IRANI PAPEL E EMBALAGEM S.A.;Ações Ordinárias;;;RANI3;;Bolsa;B3;B3 S.A. - Brasil, Bolsa, Balcão.;1977-07-20;;Novo Mercado;1977-07-20;
92.791.243/0001-03;2025-01-01;3;152731;IRANI PAPEL E EMBALAGEM S.A.;Debêntures;;;;;Balcão Organizado;B3;B3 S.A. - Brasil, Bolsa, Balcão.;2019-08-02;;Básico;2019-08-02;
92.802.784/0001-90;2025-01-01;1;145165;CIA RIOGRANDENSE DE SANEAMENTO;Debêntures;;;;;Balcão Organizado;B3;B3 S.A. - Brasil, Bolsa, Balcão.;2021-03-18;;Básico;2021-02-15;
93.828.986/0001-73;2025-01-01;4;148108;CEMEPE INVESTIMENTOS S.A.;Ações Ordinárias;;;713854;;Bolsa;B3;B3 S.A. - Brasil, Bolsa, Balcão.;1991-06-28;;Nível 1 de Governança Corporativa;1991-06-28;
93.828.986/0001-73;2025-01-01;4;148108;CEMEPE INVESTIMENTOS S.A.;Ações Preferenciais;PNA;Preferencial Classe A;713854;;Bolsa;B3;B3 S.A. - Brasil, Bolsa, Balcão.;1991-06-28;;Nível 1 de Governança Corporativa;1991-06-28;
94.813.102/0001-70;2025-01-01;3;150040;Três Tentos Agroindustrial S/A;Ações Ordinárias;;;TTEN3;;Bolsa;B3;B3 S.A. - Brasil, Bolsa, Balcão.;2021-07-12;;Novo Mercado;2021-07-12;
95.426.862/0001-97;2025-01-01;1;148382;EXCELSIOR ALIMENTOS S.A.;Ações Ordinárias;;;BAUH3;;Bolsa;B3;B3 S.A. - Brasil, Bolsa, Balcão.;1995-08-01;;Básico;1995-08-01;
95.426.862/0001-97;2025-01-01;1;148382;EXCELSIOR ALIMENTOS S.A.;Ações Preferenciais;PNA;Preferencial Classe A;BAUH4;;Bolsa;B3;B3 S.A. - Brasil, Bolsa, Balcão.;1995-08-01;;Básico;1995-08-01;
96.298.013/0001-68;2025-01-01;1;146148;PACAEMBU CONSTRUTORA S.A.;Ações Ordinárias;;;;;;;;;;;;
96.298.013/0001-68;2025-01-01;1;146148;PACAEMBU CONSTRUTORA S.A.;Nota Comercial;;;;;Balcão Organizado;B3;B3 S.A. - Brasil, Bolsa, Balcão.;2024-07-24;;Básico;2024-07-19;
96.418.264/0218-02;2025-01-01;1;148554;Lojas Quero Quero S.A.;Ações Ordinárias;;;LJQQ3;;Bolsa;B3;B3 S.A. - Brasil, Bolsa, Balcão.;2020-08-10;;Novo Mercado;2020-08-10;
96.418.264/0218-02;2025-01-01;1;148554;Lojas Quero Quero S.A.;Debêntures;;;;;Balcão Organizado;B3;B3 S.A. - Brasil, Bolsa, Balcão.;2019-12-16;;Básico;2019-12-16;
97.191.902/0001-94;2025-01-01;2;147777;CONSERVAS ODERICH S.A.;Ações Ordinárias;;;ODER3;;Bolsa;B3;B3 S.A. - Brasil, Bolsa, Balcão.;2000-04-19;;Básico;1971-09-08;
97.191.902/0001-94;2025-01-01;2;147777;CONSERVAS ODERICH S.A.;Ações Preferenciais;;;ODER4;;Bolsa;B3;B3 S.A. - Brasil, Bolsa, Balcão.;2000-04-19;;Básico;1971-09-08;
97.837.181/0001-47;2025-01-01;2;150123;DEXCO S.A.;Ações Ordinárias;;;DXCO3;;Bolsa;B3;B3 S.A. - Brasil, Bolsa, Balcão.;2007-09-21;;Novo Mercado;2007-09-21;
97.837.181/0001-47;2025-01-01;2;150123;DEXCO S.A.;Debêntures;;;;;Balcão Organizado;B3;B3 S.A. - Brasil, Bolsa, Balcão.;2019-08-16;;Básico;2019-05-17;
97.837.181/0001-47;2025-01-01;2;150123;DEXCO S.A.;Nota Comercial;;;;;Balcão Organizado;B3;B3 S.A. - Brasil, Bolsa, Balcão.;2022-06-30;;Básico;2022-03-31;
