CNPJ_Companhia;Data_Referencia;Versao;ID_Documento;Nome_Empresarial;Data_Nome_Empresarial;Nome_Empresarial_Anterior;Data_Constituicao;Codigo_CVM;Data_Registro_CVM;Categoria_Registro_CVM;Data_Categoria_Registro_CVM;Situacao_Registro_CVM;Data_Situacao_Registro_CVM;Pais_Origem;Pais_Custodia_Valores_Mobiliarios;Setor_Atividade;Descricao_Atividade;Situacao_Emissor;Data_Situacao_Emissor;Especie_Controle_Acionario;Data_Especie_Controle_Acionario;Dia_Encerramento_Exercicio_Social;Mes_Encerramento_Exercicio_Social;Data_Alteracao_Exercicio_Social;Pagina_Web
00.000.000/0001-91;2013-01-01;5;31490;BANCO DO BRASIL S.A.;;;1808-10-12;001023;1977-07-20;Categoria A;2010-01-01;Ativo;1977-07-20;Brasil;Brasil;Bancos;Banco múltiplo.;Fase Operacional;1977-07-20;Estatal;;31;12;;www.bb.com.br
00.000.208/0001-00;2013-01-01;3;31413;BRB-BANCO DE BRASILIA SA;1986-01-16;BANCO REGIONAL DE BRASILIA SA - BRB;1964-12-10;014206;1993-09-24;Categoria A;2010-01-01;Ativo;1993-09-24;Brasil;Brasil;Bancos;O BRB é uma instituição financeira de economia mista, controlada pelo Governo do Distrito Federal, organizada sob a forma de banco múltiplo;Fase Operacional;1993-09-24;Estatal;;31;12;2010-12-31;www.brb.com.br
00.001.180/0001-26;2013-01-01;2;28861;CENTRAIS ELETRICAS BRASILEIRAS SA;;;1962-06-11;002437;1971-01-28;Categoria A;2010-01-01;Ativo;1971-01-28;Brasil;Brasil;Energia Elétrica;Empresa Holding de Geração, Transmissão e Distribuição de Energia;Fase Operacional;1971-01-28;Estatal Holding;1962-06-11;31;12;1962-06-11;www.eletrobras.com
00.070.698/0001-11;2013-01-01;6;31535;COMPANHIA ENERGÉTICA DE BRASÍLIA - CEB;1994-03-15;COMPANHIA DE ELETRICIDADE DE BRASILIA;1968-12-16;014451;1994-07-04;Categoria A;2010-01-01;Ativo;1994-07-04;Brasil;Brasil;Energia Elétrica;HOLDING - GERAÇÃO E DISTRIBUIÇÃO DE ENERGIA ELÉTRICA;Fase Operacional;1994-07-04;Estatal Holding;;31;12;2009-04-30;www.ceb.com.br
00.108.786/0001-65;2013-01-01;4;28809;NET SERVIÇOS DE COMUNICAÇÃO S.A.;2002-05-07;GLOBO CABO S.A;1994-07-07;014621;1994-11-22;Categoria A;2010-01-01;Ativo;1994-11-22;Brasil;Brasil;Telecomunicações;Multi-operadora de Serviços Via Cabo de TV por Assinatura , Vídeo Digital , Video em Alta Definição, Banda Larga e Voz.;Fase Operacional;1994-11-22;Privado Holding;;31;12;;http://ri.netservicos.com.br/
00.115.890/0001-87;2013-01-01;2;27283;SHOPPING CENTER TACARUNA SA;;;1994-07-15;015733;1996-09-11;Categoria B;2010-01-01;Ativo;1996-09-11;Brasil;Brasil;Emp. Adm. Part. - Comércio (Atacado e Varejo);Securitização - Empreendimento Shopping Center Tacaruna;Fase Operacional;1998-10-08;Privado;;31;12;;
00.185.475/0001-08;2013-01-01;3;27180;PARCOM PARTICIPACOES SA;;;1994-08-18;014680;1994-12-22;Categoria A;2010-01-01;Ativo;1994-12-22;Brasil;Brasil;Emp. Adm. Part. - Sem Setor Principal;PARTICIPAÇÃO EM OUTRAS SOCIEDADES.;Em Liquidação Extrajudicial;2012-12-27;Privado Holding;2007-09-26;31;12;;www.parcomparticipacoes.com.br/home/index.aspx
00.192.769/0001-59;2013-01-01;3;30887;NEUMARKT TRADE AND FINANCIAL CENTER S/A;;NEUMARKT TRADE AND FINACIAL CENTER SA;1994-08-23;014613;1994-10-27;Categoria B;2010-01-01;Ativo;1994-10-27;Brasil;Brasil;Crédito Imobiliário;Aluguel de imóveis próprios;Fase Operacional;1994-10-27;Privado Holding;;31;12;;
00.249.786/0001-85;2013-01-01;4;27244;FORPART SA;;;1994-08-23;014796;1995-02-21;Categoria A;2010-01-01;Ativo;1995-02-21;Brasil;Brasil;Emp. Adm. Part. - Telecomunicações;PARTICIPAÇÃO EM OUTRAS SOCIEDADES.;Em Liquidação Extrajudicial;2012-12-27;Privado Holding;1996-12-23;31;12;;www.forpart.com.br/home/index.aspx
00.272.185/0001-93;2013-01-01;3;31163;CIMS SA;;;1994-10-18;014818;1995-03-14;Categoria A;2010-01-01;Ativo;1995-03-14;Brasil;Brasil;Emp. Adm. Part. - Sem Setor Principal;Participação no Capital de Outras Empresas;Fase Operacional;1995-03-14;Privado;;31;12;;www.cims.com.br
00.336.701/0001-04;2013-01-01;4;32963;TELEC. BRASILEIRAS S.A. - TELEBRÁS;;;1972-11-09;011258;1981-01-21;Categoria A;2010-01-01;Ativo;1981-01-21;Brasil;Brasil;Telecomunicações;Consecução dos objetivos previstos no Programa Nacional de Banda Larga - (Dec. 7.175 de 12/05/2010);Fase Operacional;1981-01-21;Estatal;2012-07-04;31;12;;www.telebras.com.br
00.354.053/0001-00;2013-01-01;3;32418;LOJAS ARAPUA S/A;2010-08-30;LOJAS ARAPUÃ S/A;1995-05-23;015083;1995-10-09;Categoria A;2010-01-01;Ativo;1995-10-09;Brasil;Brasil;Comércio (Atacado e Varejo);Comércio, por atacado e varejo de, entre outros, aparelhos elétricos e eletrônicos, material óptico, fotográfico, utensílisos e aparelhos para uso em geral, acessórios do vestuário de uso comum e etc.;Fase Operacional;2010-08-30;Privado;1995-09-18;31;12;2012-12-31;www.lojasarapua.com.br
00.359.742/0001-08;2013-01-01;3;30828;INEPAR TELECOMUNICAÇÕES SA;1999-12-22;IRIDIUM BRASIL S.A.;1994-12-20;015423;1996-02-28;Categoria A;2010-01-01;Ativo;1996-02-28;Brasil;Brasil;Telecomunicações;Participação em empresas do setor de telecomunicações.;Paralisada;2002-09-30;Privado;;31;12;;www.inepar.com.br
00.383.281/0001-09;2013-01-01;2;28296;BNDES PARTICIPAÇÕES S.A. - BNDESPAR;1982-06-30;FIBASE;1974-09-04;016772;1998-01-13;Categoria B;2010-01-01;Ativo;1998-01-14;Brasil;Brasil;Emp. Adm. Part. - Sem Setor Principal;;Fase Operacional;1998-01-14;Estatal;;31;12;;http://www.bndes.gov.br
00.514.998/0001-42;2013-01-01;2;28222;ELETRON SA;;;1995-01-25;016209;1997-04-15;Categoria A;2010-01-01;Ativo;1997-04-15;Brasil;Brasil;Emp. Adm. Part. - Sem Setor Principal;Participação em outras sociedades.;Fase Operacional;1997-04-15;Privado;2004-03-02;31;12;1995-01-25;http://www.eletronnet.com.br/home/index.aspx
00.545.378/0001-70;2013-01-01;3;29171;SERRA AZUL WATER PARK SA;;;1995-03-09;014966;1995-07-26;Categoria A;2010-01-01;Ativo;1995-07-26;Brasil;Brasil;Emp. Adm. Part. - Brinquedos e Lazer;Administração e Exploração de Parque Aquático;Fase Operacional;2001-03-31;Privado;2009-10-02;31;12;2009-12-31;www.wetnwild.com.br
00.622.416/0001-41;2013-01-01;4;28474;Desenvix Energias Renováveis S.A.;2010-09-22;Desenvix S.A.;1995-05-19;022594;2011-09-19;Categoria A;2011-09-19;Ativo;2011-09-19;Brasil;Brasil;Energia Elétrica;A Companhia atua no ramo de geração de energia elétrica por meio de fontes renováveis e, ainda, transmissão de energia elétrica.;Fase Operacional;1995-05-19;Privado Holding;1995-05-19;31;12;1995-05-19;www.desenvix.com.br
00.644.907/0001-93;2013-01-01;4;29156;INVESTCO S/A;;;1995-05-31;018589;2000-02-04;Categoria A;2010-01-01;Ativo;2000-02-04;Brasil;Brasil;Energia Elétrica;Geração de Energia Elétrica;Fase Operacional;2001-12-31;Privado;;31;12;;www.investco.com.br
00.649.881/0001-76;2013-01-01;3;28147;GTD PARTICIPACOES SA;1995-05-29;;1995-05-29;014915;1995-06-27;Categoria A;2010-01-01;Ativo;1995-06-27;Brasil;Brasil;Emp. Adm. Part. - Sem Setor Principal;;Fase Operacional;2000-12-31;Privado;1997-12-31;31;12;;www.gtdbrasil.com.br
00.743.065/0001-27;2013-01-01;2;28148;LITEL PARTICIPACOES SA;1995-07-21;;1995-07-21;015091;1995-10-18;Categoria A;2010-01-01;Ativo;1995-10-18;Brasil;Brasil;Emp. Adm. Part. - Extração Mineral;;Fase Operacional;2000-12-31;Privado;1997-04-24;31;12;;www.litelbrasil.com.br
00.776.574/0001-56;2013-01-01;2;28751;B2W - COMPANHIA DIGITAL;2013-04-30;B2W - COMPANHIA GLOBAL DO VAREJO;2006-12-13;020990;2007-07-26;Categoria A;2010-01-01;Ativo;2007-07-26;Brasil;Brasil;Comércio (Atacado e Varejo);Comércio varejista e atacadista em geral de quaisquer bens e serviços através de diversos meios, em especial da Internet, sem restrição a outros meios.;Fase Operacional;2007-07-26;Privado;2005-08-31;31;12;;http://www.b2winc.com
00.861.626/0001-92;2013-01-01;3;28160;CONCESSIONÁRIA RODOVIA PRESIDENTE DUTRA S/A;;;1995-10-02;019577;2004-08-16;Categoria B;2010-01-01;Ativo;2004-08-16;Brasil;Brasil;Emp. Adm. Part. - Serviços Transporte e Logística;Concessionárias de rodovias, pontes, túneis e serviços relacionados.;Fase Operacional;2004-08-16;Privado Holding;2001-06-22;31;12;;www.novadutra.com.br
00.864.214/0001-06;2013-01-01;2;26466;ENERGISA SA;1998-02-25;SIDEPAR PARTICIPAÇÕES S.A.;1995-08-09;015253;1995-12-20;Categoria A;2010-01-01;Ativo;1995-12-20;Brasil;Brasil;Emp. Adm. Part. - Energia Elétrica;Sociedade de participações em outras empresas, predominantemente em distribuidoras de energia elétrica.;Fase Operacional;2001-03-31;Privado Holding;1995-08-09;31;12;1995-08-09;www.energisa.com.br
00.866.577/0001-80;2013-01-01;2;28593;SAUIPE SA;;;1998-07-17;015261;1995-12-20;Categoria A;2010-01-01;Ativo;1995-12-20;Brasil;Brasil;Hospedagem e Turismo;DESENVOLVIMENTO DO COMPLEXO TURÍSTICO DE SAUÍPE.;Fase Operacional;1998-10-08;Privado;2012-08-09;31;12;;www.costadosauipe.com.br
00.897.864/0001-58;2013-01-01;4;103033;SANTA CATARINA PART INVEST SA;;;1995-11-13;015199;1995-12-13;Categoria B;2010-01-01;Ativo;1995-12-13;Brasil;Brasil;Emp. Adm. Part. - Intermediação Financeira;;Fase Operacional;1995-12-13;Estatal;;31;12;;
00.924.429/0001-75;2013-01-01;3;26592;FERROVIA CENTRO ATLANTICA SA;1996-06-28;VASSOURAS PARTICIPAÇÕES S/A;1995-08-14;015369;1996-02-12;Categoria A;2010-01-01;Ativo;1996-02-12;Brasil;Brasil;Serviços Transporte e Logística;Serviço de Transporte Ferroviário;Fase Operacional;1996-02-12;Privado;;31;12;;www.fcasa.com.br
00.924.432/0001-99;2013-01-01;1;27949;HOPI HARI SA;2002-04-30;PARQUE TEMÁTICO PLAYCENTER S/A;1995-08-14;015377;1996-02-13;Categoria A;2010-01-01;Ativo;1996-02-13;Brasil;Brasil;Hospedagem e Turismo;93.21-2-00 - Parques de diversão e parques temáticos;Fase Operacional;1999-11-27;Privado Holding;2009-06-18;31;12;;www.hopihari.com.br
00.938.574/0001-05;2013-01-01;3;26472;CONCESSIONARIA RIO-TERESOPOLIS SA;;;1995-11-07;019208;2001-12-26;Categoria A;2010-01-01;Ativo;2001-12-26;Brasil;Brasil;Serviços Transporte e Logística;Administração, Operação e Conservação de Rodovia;Fase Operacional;2001-12-26;Privado;1995-11-07;31;12;;www.crt.com.br
00.979.969/0001-56;2013-01-01;5;32463;CAIXA ADM DIV PUB ESTADUAL SA;1995-12-28;;1995-12-28;015717;1996-09-04;Categoria B;2010-01-01;Ativo;1996-09-04;Brasil;Brasil;Intermediação Financeira;Emitir e colocar no mercado obrigações, adquirir, alienar e dar em garantia ativos, créditos, títulos e valores mobiliários.;Fase Operacional;1996-09-04;Estatal;1995-12-28;31;12;;http://www.cadip.com.br
00.994.533/0001-36;2013-01-01;2;28024;COMERCIAL QUINTELLA COM EXP SA;1996-01-22;COMERCIAL QUINTELLA COM EXP LTDA;1985-03-12;015652;1996-07-18;Categoria A;2010-01-01;Ativo;1996-07-18;Brasil;Brasil;Serviços Transporte e Logística;Transporte Multimodal de Cargas e Comércio;Fase Operacional;1996-07-18;Privado;1996-05-20;31;12;;www.comercialquintella.com.br
01.027.058/0001-91;2013-01-01;4;29706;Cielo S.A.;2009-12-14;Cia Brasileira de Meios de Pagamento;1995-11-23;021733;2009-06-25;Categoria A;2010-01-01;Ativo;2009-06-25;Brasil;Brasil;Intermediação Financeira;Empresa prestadora de serviços de adquirência e meios de pagamento.;Fase Operacional;2009-06-25;Privado;2009-06-29;31;12;;www.cielo.com.br
01.083.200/0001-18;2013-01-01;2;26527;NEOENERGIA S.A;2004-10-13;GUARANIANA S.A.;1996-02-14;015539;1996-05-08;Categoria A;2010-01-01;Ativo;1996-05-08;Brasil;Brasil;Emp. Adm. Part. - Energia Elétrica;Participação em outras sociedades;Fase Operacional;2001-03-31;Privado;;31;12;;www.neoenergia.com
01.104.937/0001-70;2013-01-01;3;29709;ELETROBRÁS PARTICIPAÇÕES S.A. - ELETROPAR;2008-09-02;LIGHT PARTICIPAÇÕES S.A - LIGHTPAR;1996-01-20;015784;1996-09-30;Categoria A;2010-01-01;Ativo;1996-09-30;Brasil;Brasil;Emp. Adm. Part. - Energia Elétrica;A ELETROPAR tem por objeto social principal a participação no capital social da ELETROPAULO - Eletricidade de São Paulo S.A., concessionária de serviços pub. de energia elét., e de outras sociedades.;Fase Operacional;1996-09-30;Estatal Holding;;31;12;;www.eletrobraspar.com
01.258.943/0001-81;2013-01-01;2;29082;ITAITINGA PARTICIPACOES SA;2004-04-30;Saquarema Participações S.A.;1996-04-30;015865;1996-11-07;Categoria A;2010-01-01;Ativo;1996-11-07;Brasil;Brasil;Emp. Adm. Part. - Sem Setor Principal;A Companhia tem por objeto social a participação em outras sociedades, comerciais e civis, como sócia, acionista ou quotista, no país ou no exterior.;Fase Operacional;1996-11-07;Privado Holding;2004-04-30;31;12;1996-04-30;www.itaitinga.net.br
01.258.944/0001-26;2013-01-01;2;28768;ALL - AMÉRICA LATINA LOGÍSTICA MALHA SUL S.A.;2008-06-23;ALL - América Latina Logística do Brasil S.A.;1996-04-30;015709;1996-08-29;Categoria B;2010-01-01;Ativo;1996-08-29;Brasil;Brasil;Serviços Transporte e Logística;Prestar serviço de transporte ferroviário e armazenagens de cargas.;Fase Operacional;1996-08-29;Privado;1999-04-03;31;12;;www.all-logistica.com
01.258.945/0001-70;2013-01-01;2;29079;GRUÇAI PARTICIPAÇÕES SA;1996-04-30;;1996-04-30;015695;1996-08-28;Categoria A;2010-01-01;Ativo;1996-08-28;Brasil;Brasil;Emp. Adm. Part. - Serviços Transporte e Logística;A Companhia tem por objeto social a participação em outras sociedades, comerciais e civis, como sócia, acionista ou quotista, no país ou no exterior.;Fase Operacional;1996-08-28;Privado Holding;2010-04-19;31;12;1996-04-30;www.grucai.net.br
01.319.044/0001-41;2013-01-01;2;27238;WTC AMAZONAS SUITE HOTEL S.A.;2000-12-21;WTC BRASILIA EMPREENDIMENTOS E PARTICIPACOES S.A.;1996-06-01;015741;1996-09-18;Categoria B;2012-03-12;Ativo;1996-09-18;Brasil;Brasil;Hospedagem e Turismo;HOTELARIA E TURISMO;Fase Pré-Operacional;1996-09-18;Privado;2006-04-28;31;12;;
01.414.107/0001-49;2013-01-01;5;31079;ENERGIPAR CAPTAÇÃO SA;2008-05-29;ENERGIPAR CAPTAÇÃO S/A;1996-08-05;015849;1996-11-04;Categoria B;2010-06-18;Ativo;1996-11-04;Brasil;Brasil;Emp. Adm. Part. - Const. Civil, Mat. Const. e Decoração;(a) emitir debêntures simples, da espécie subordinada (i) destinadas à distribuição pública no mercado de valores mobiliários e (ii) destinadas à subscrição privada pela CNO.;Fase Operacional;2000-12-31;Privado;;31;12;;www.cvm.gov.br
01.417.222/0001-77;2013-01-01;4;33675;MRS LOGÍSTICA S/A;;;1996-06-30;017949;1998-11-13;Categoria A;2010-01-01;Ativo;1998-11-13;Brasil;Brasil;Serviços Transporte e Logística;Serviços de Transporte Ferroviário de Cargas;Fase Operacional;1998-11-13;Privado;2006-04-11;31;12;;www.mrs.com.br
01.545.826/0001-07;2013-01-01;3;29793;GAFISA SA;1997-12-16;inhauma participações s.a;1996-11-12;016101;1997-02-21;Categoria A;2010-01-01;Ativo;1997-02-21;Brasil;Brasil;Construção Civil, Mat. Constr. e Decoração;;Fase Operacional;1997-02-21;Estrangeiro;;31;12;2009-12-31;www.gafisa.com.br
01.547.749/0001-16;2013-01-01;2;29031;521 PARTICIPAÇOES SA;;;1996-07-30;016330;1997-07-11;Categoria B;2011-04-28;Ativo;1997-07-11;Brasil;Brasil;Emp. Adm. Part. - Energia Elétrica;Participação direta ou indireta em outras sociedades, empreendimentos e consórcios, como acionistas, sócia, quotista ou consorciada.;Fase Operacional;2000-12-31;Privado;1998-04-07;31;12;;
01.548.981/0001-79;2013-01-01;2;28121;INVESTIMENTOS BEMGE S.A.;2001-04-24;Financeira Bemge S.A. Crédito, Financiamento e Investimento;1964-03-05;006041;1977-07-20;Categoria A;2010-01-01;Ativo;1977-07-20;Brasil;Brasil;Emp. Adm. Part. - Sem Setor Principal;Investimentos;Fase Operacional;1966-09-27;Privado;;31;12;;www.investimentosbemge.com.br
01.608.571/0001-76;2013-01-01;2;28214;BELAPART SA;;;1997-04-23;016233;1997-04-23;Categoria A;2010-01-01;Ativo;1997-04-23;Brasil;Brasil;Emp. Adm. Part. - Sem Setor Principal;Participação em outras sociedades.;Fase Operacional;1997-04-23;Privado;2004-03-02;31;12;1997-04-23;www.belapart.com.br/home/index.aspx
01.616.929/0001-02;2013-01-01;1;26596;SANEAMENTO DE GOIAS SA;;;1967-09-13;019186;2001-12-11;Categoria B;2010-01-01;Ativo;2001-12-11;Brasil;Brasil;Saneamento, Serv. Água e Gás;;Fase Operacional;2001-12-11;Estatal;;31;12;;www.saneago.com.br
01.654.604/0001-14;2013-01-01;4;32406;CONCES DA ROD OSÓRIO-POA S/A - CONCEPA;;;1997-02-06;017590;1998-08-11;Categoria B;2010-06-02;Ativo;1998-08-11;Brasil;Brasil;Serviços Transporte e Logística;Concessionária da Rodovia BR 290 com cobrança de pedágio;Fase Operacional;1998-08-11;Privado;;31;12;;www.concepa.com.br
01.772.313/0001-20;2013-01-01;3;29712;VALETRON SA;;;1997-04-14;016225;1997-04-23;Categoria A;2010-01-01;Ativo;1997-04-23;Brasil;Brasil;Emp. Adm. Part. - Sem Setor Principal;Participações em outras sociedades.;Fase Operacional;1997-04-23;Privado;2004-03-02;31;12;1997-04-14;http://www.valetron.com.br/home/index.aspx
01.838.723/0001-27;2013-01-01;6;33677;BRF SA;2009-07-08;BRF - BRASIL FOODS S.A.;1934-08-18;016292;1997-06-24;Categoria A;2010-01-01;Ativo;1997-06-24;Brasil;Brasil;Emp. Adm. Part. - Alimentos;Holding Operacional;Fase Operacional;2001-03-31;Privado;2010-04-27;31;12;2010-12-31;www.brf-br.com
01.851.771/0001-55;2013-01-01;2;28353;524 PARTICIPAÇOES SA;;;1997-04-02;016284;1997-05-30;Categoria A;2010-01-01;Ativo;1997-05-30;Brasil;Brasil;Emp. Adm. Part. - Sem Setor Principal;Holding - participação em outras sociedades;Fase Operacional;1997-05-30;Privado;1997-07-18;31;12;1997-04-02;http://www.524participacoes.com.br/home/index.aspx
01.858.774/0001-10;2013-01-01;4;33470;BV LEASING - ARRENDAMENTO MERCANTIL S/A;;;1996-10-23;020133;2006-06-23;Categoria B;2010-01-01;Ativo;2006-06-23;Brasil;Brasil;Arrendamento Mercantil;Arrendamento Mercantil;Fase Operacional;2006-06-23;Privado;;31;12;2011-12-31;www.bancovotorantim.com.br
01.896.779/0001-38;2013-01-01;3;30264;CSU CARDSYSTEM S/A;1998-08-27;CARDSYSTEM UPSI S/A;1997-04-18;020044;2006-04-25;Categoria A;2010-01-01;Ativo;2006-04-25;Brasil;Brasil;Emp. Adm. Part. - Sem Setor Principal;Terceirização em administração e processamento de meios eletrônicos de pagamento, Infraestrutura e gestão em terceirização de contact center, Desenvolvimento e gestão operacional de programas market;Fase Operacional;2006-04-25;Privado;2006-04-25;31;12;2010-12-31;www.csu.com.br
01.917.705/0001-30;2013-01-01;2;28280;AES ELPA SA;2001-11-21;AES Elpa Ltda;1997-06-23;019313;2002-10-14;Categoria A;2010-01-01;Ativo;2002-10-14;Brasil;Brasil;Emp. Adm. Part. - Energia Elétrica;O objeto social da Companhia é a participação em outras sociedades como quotista, acionista ou membro de consórcio.;Fase Operacional;2002-10-14;Privado Holding;1997-06-23;31;12;;www.aeselpa.com.br
01.917.818/0001-36;2013-01-01;3;30487;LIGHT ENERGIA S.A.;2005-11-30;Light Energy S.A;1997-06-23;023000;2013-01-11;Categoria B;2013-01-11;Ativo;2013-01-11;Brasil;Brasil;Energia Elétrica;estudar,planejar,construir,operar e explorar sistemas de geração e transmissão,comercialização de energia elétrica e serviços correlatos que lhe tenham sido ou venham a ser concedidos ou autorizados.;Fase Operacional;2013-01-11;Privado;2006-01-13;31;12;;www.lightenergia.com.br
01.938.783/0001-11;2013-01-01;2;28601;CIA DE PARTICIPAÇÕES ALIANÇA DA BAHIA;;;1997-05-14;018708;2000-07-26;Categoria A;2010-01-01;Ativo;2000-07-26;Brasil;Brasil;Emp. Adm. Part. - Sem Setor Principal;Participações em outras sociedades, na qualidade de sócia e/ou quotista e administração de bens próprios;Fase Operacional;2000-07-26;Privado;;31;12;;http://www.aliancaparticipacoes.com.br
01.957.772/0001-89;2013-01-01;2;28000;SUL 116 PARTICIPAÇÕES S.A.;2005-02-10;OPPORTUNITY SUL 116;1997-06-05;016438;1997-09-03;Categoria A;2010-01-01;Ativo;1997-09-03;Brasil;Brasil;Emp. Adm. Part. - Telecomunicações;participação em outras sociedades, comerciais ou civis, nacionais ou estrangeiras, como sócia. acionista ou quotista e a participação, como quotista, em fundos de investimento constuidos regularmente;Fase Operacional;1997-09-03;Privado Holding;2009-07-30;31;12;;http://sul116participacoes.mzweb.com.br
01.971.614/0001-83;2013-01-01;2;28505;EMP.NAC.C., RÉDITO E PART. S.A. ENCORPAR;;;1997-05-30;016497;1997-10-07;Categoria A;2010-01-01;Ativo;1997-10-07;Brasil;Brasil;Emp. Adm. Part. - Têxtil e Vestuário;Holding;Fase Operacional;1997-10-07;Privado;;31;12;;http://www.encorpar.com.br/
01.989.044/0001-59;2013-01-01;4;31206;WTC RIO EMPREEND. E PARTICIPAÇÕES S.A.;;;1997-06-16;016551;1997-10-30;Categoria B;2013-07-19;Ativo;1997-10-31;Brasil;Brasil;Emp. Adm. Part. - Securitização de Recebíveis;HOTELARIA E TURISMO;Fase Pré-Operacional;1997-10-31;Privado;2002-07-29;31;12;;
02.016.439/0001-38;2013-01-01;3;28208;RIO GRANDE ENERGIA SA;1997-12-09;CIA NORTE NORDESTE DISTRIB.EN.ELÉTRICA;1997-07-28;016535;1997-10-13;Categoria B;2010-01-01;Ativo;1997-10-13;Brasil;Brasil;Energia Elétrica;PRESTAÇÃO DE SERVIÇO PÚBLICO DE DISTRIBUIÇÃO DE ENERGIA ELÉTRICA;Fase Operacional;1997-10-13;Privado;2007-12-18;31;12;;www.cpfl.com.br
02.016.440/0001-62;2013-01-01;5;33358;AES SUL DISTRIB. GAÚCHA DE ENERGIA S.A.;1997-12-01;Companhia Centro-Oeste de Distribuição de Energia Elétrica;1997-07-28;016527;1997-10-13;Categoria B;2010-01-01;Ativo;1997-10-13;Brasil;Brasil;Energia Elétrica;Distribuição de Energia Elétrica;Fase Operacional;1997-10-13;Privado Holding;1997-10-21;31;12;;www.aessul.com.br
02.062.747/0001-08;2013-01-01;3;29860;SUDESTE SA;2009-05-08;Opportunity Sudeste S.A.;1997-07-22;016586;1997-11-10;Categoria A;2010-01-01;Ativo;1997-11-10;Brasil;Brasil;Emp. Adm. Part. - Sem Setor Principal;Participação em outras sociedades.;Fase Operacional;2003-08-31;Privado;2009-05-07;31;12;2009-05-08;http://www.sudestenet.com.br/home/index.aspx
02.084.220/0001-76;2013-01-01;2;27135;SANTOS-BRASIL SA;2011-12-19;Santos-Brasil S.A.;1997-09-05;016446;1997-09-16;Categoria A;2010-01-01;Ativo;1997-09-16;Brasil;Brasil;Emp. Adm. Part. - Serviços Transporte e Logística;A Companhia tem por objeto participar de outras sociedades.;Fase Operacional;1997-09-16;Privado;2007-10-24;31;12;;www.santosbrasil.com.br
02.105.040/0001-23;2013-01-01;2;28432;CIBRASEC CIA BRASILEIRA DE SECURITIZAÇÃO;;;1997-07-31;018287;1999-05-31;Categoria B;2012-05-22;Ativo;1999-05-31;Brasil;Brasil;Securitização de Recebíveis;;Fase Operacional;1999-05-31;Privado;;31;12;;www.cibrasec.com.br
02.107.946/0001-87;2013-01-01;3;31202;TELEMAR PARTICIPAÇÕES SA;1998-10-09;GUANACO PARTICIPAÇÕES S/A;1997-07-29;018678;2000-07-11;Categoria B;2010-01-01;Ativo;2000-07-11;Brasil;Brasil;Emp. Adm. Part. - Telecomunicações;Administração e Participação;Fase Operacional;2000-07-11;Privado;2012-03-13;31;12;2012-12-31;www.telemar-participacoes.com.br
02.117.801/0001-67;2013-01-01;2;28149;BONAIRE PARTICIPAÇOES SA;1997-08-29;;1997-08-29;016560;1997-11-03;Categoria A;2010-01-01;Ativo;1997-11-03;Brasil;Brasil;Emp. Adm. Part. - Energia Elétrica;;Fase Operacional;2000-12-31;Privado;1997-11-04;31;12;;www.bonairebrasil.com.br
02.149.205/0001-69;2013-01-01;2;28390;PORTO SEGURO SA;;;1997-09-22;016659;1997-11-28;Categoria A;2010-01-01;Ativo;1997-11-28;Brasil;Brasil;Emp. Adm. Part. - Seguradoras e Corretoras;Gestão de Participações Societárias (holding);Fase Operacional;1997-11-28;Privado;2009-11-30;31;12;2011-12-31;www.portoseguro.com.br
02.162.616/0001-94;2013-01-01;2;28150;UPTICK PARTICIPACOES SA;1997-09-08;;1997-09-08;016624;1997-11-19;Categoria A;2010-01-01;Ativo;1997-11-19;Brasil;Brasil;Emp. Adm. Part. - Energia Elétrica;;Fase Operacional;2000-12-31;Privado;1997-11-25;31;12;;www.uptickbrasil.com.br
02.193.750/0001-52;2013-01-01;5;31482;GPC PARTICIPACOES SA;;;1997-10-01;016632;1997-11-20;Categoria A;2010-01-01;Ativo;1997-11-21;Brasil;Brasil;Emp. Adm. Part. - Petroquímicos e Borracha;;Em Recuperação Judicial ou Equivalente;2013-04-09;Privado Holding;2011-08-12;31;12;2010-12-31;www.gpc.com.br
02.201.787/0001-85;2013-01-01;2;28556;CEL PARTICIPAÇÕES S.A. - CELPAR;;;1997-09-10;016675;1997-12-01;Categoria B;2010-01-01;Ativo;1997-12-02;Brasil;Brasil;Emp. Adm. Part. - Educação;PARTICIPAÇAO EM INSTITUIÇÃO DE EDUCAÇAO - LICEU FRANCO BRASILEIRO SA;Fase Operacional;2000-12-31;Privado;1997-09-10;31;12;2012-12-31;
02.217.319/0001-07;2013-01-01;3;28361;ALEF SA;2009-05-08;Opportunity Alef S.A.;1997-10-06;016705;1997-12-08;Categoria A;2010-01-01;Ativo;1997-12-08;Brasil;Brasil;Emp. Adm. Part. - Sem Setor Principal;Holding - participação em outras sociedades;Fase Operacional;2003-03-31;Privado;2008-03-28;31;12;1997-10-06;http://www.alefnet.com.br/home/index.aspx
02.221.531/0001-30;2013-01-01;3;31356;RODONORTE - CONC. ROD. INTEGRADAS S.A.;;;1997-11-07;019151;2001-11-12;Categoria B;2010-01-01;Ativo;2001-11-12;Brasil;Brasil;Serviços Transporte e Logística;Concessão de rodovias do PR, Anel de integração, lote 05.;Fase Operacional;2001-11-12;Privado;2000-04-27;31;12;2012-12-31;www.rodonorte.com.br
02.222.736/0001-30;2013-01-01;4;29754;EMPR. CONCESS. DE RODOVIAS DO NORTE S.A.;;Não se aplica;1997-10-08;019011;2001-07-24;Categoria B;2010-01-01;Ativo;2001-07-24;Brasil;Brasil;Serviços Transporte e Logística;Concessionária de rodovias, pontes, túneis e serviços relacionados;Fase Operacional;2001-07-24;Privado;2007-11-21;31;12;;www.econorte.com.br
02.258.422/0001-97;2013-01-01;2;28277;INEPAR EQUIPAMENTOS E MONTAGENS S/A;;;1997-10-31;017868;1998-10-23;Categoria A;2010-01-01;Ativo;1998-10-23;Brasil;Brasil;Máquinas, Equipamentos, Veículos e Peças;Equipamentos e Montagens Industriais;Fase Operacional;1998-10-23;Privado;;31;12;;www.inepar.com.br
02.281.836/0001-37;2013-01-01;2;28633;TRANSNORDESTINA LOGISTICA SA;2008-05-12;COMPANHIA FERROVIÁRIA DO NORDESTE - CFN;1997-11-27;020443;2007-01-11;Categoria B;2010-01-01;Ativo;2007-01-11;Brasil;Brasil;Serviços Transporte e Logística;Transporte ferroviário de cargas.;Fase Operacional;2007-01-11;Privado;2008-05-12;31;12;2010-12-31;www.tlsa.com.br
02.286.509/0001-78;2013-01-01;2;29211;SUBESTAÇÃO ELETROMETRÔ S/A;;;1997-11-05;017787;1998-09-25;Categoria B;2010-01-01;Ativo;1998-09-25;Brasil;Brasil;Emp. Adm. Part. - Energia Elétrica;A companhia tem por objeto exclusivo (a) emitir valores mobiliários, especialmente debêntures (b) aplicar ou utilizar os recursos provenientes da colocação de tais valores mobiliários no mercado.;Fase Operacional;2001-03-31;Privado;2007-03-15;31;12;;http://www.subestacaoeletrometro.com.br/
02.291.077/0001-93;2013-01-01;11;32971;PRODUTORES ENERGETICOS DE MANSO SA;;;1997-12-10;019232;2002-02-07;Categoria A;2010-01-01;Ativo;2002-02-07;Brasil;Brasil;Energia Elétrica;GERAÇÃO DE ENERGIA ELÉTRICA;Fase Operacional;2002-02-07;Privado;2005-09-26;31;12;;www.promanmt.com.br
02.302.100/0001-06;2013-01-01;5;29162;BANDEIRANTE ENERGIA S/A;1999-12-14;EBE - EMPRESA BANDEIRANTE DE ENERGIA S.A.;1997-12-22;016985;1998-03-27;Categoria B;2010-01-01;Ativo;1998-03-27;Brasil;Brasil;Energia Elétrica;Distribuição de energia elétrica;Fase Operacional;1998-03-27;Privado Holding;2005-04-29;31;12;1998-01-01;www.bandeirante.com.br
02.302.101/0001-42;2013-01-01;2;28181;EMAE-EMP.METROPOLITANA ÁGUAS ENERGIA S.A;;;1997-12-22;016993;1998-03-27;Categoria A;2010-01-01;Ativo;1998-03-27;Brasil;Brasil;Energia Elétrica;Produção de Energia Elétrica;Fase Operacional;1998-03-27;Estatal;1999-04-26;31;12;;www.emae.com.br
02.312.604/0001-07;2013-01-01;2;28988;DALETH PARTICIPAÇÕES SA;2005-06-22;Opportunity Daleth S.A.;1998-03-06;016950;1998-03-06;Categoria A;2010-01-01;Ativo;1998-03-06;Brasil;Brasil;Emp. Adm. Part. - Telecomunicações;Participação em outras sociedades.;Fase Operacional;1998-03-06;Privado Holding;2008-04-25;31;12;;http://dalethparticipacoes.mzweb.com.br
02.318.346/0001-68;2013-01-01;3;31898;OPPORTUNITY ENERGIA E PARTICIPAÇÕES S.A.;2007-11-26;TERMINAIS INVESTIMENTOS E PARTICIPAÇÕES S.A.;1997-11-06;016942;1998-03-06;Categoria A;2010-01-01;Ativo;1998-03-06;Brasil;Brasil;Emp. Adm. Part. - Sem Setor Principal;PARTICIPAÇÃO EM OUTRAS SOCIEDADES.;Fase Operacional;2002-12-31;Privado;1999-12-10;31;12;;www.opportunityenergia.com.br/home/index.aspx
02.328.280/0001-97;2013-01-01;3;28665;ELEKTRO ELETRICIDADE E SERVIÇOS S.A.;;;1998-01-06;017485;1998-07-08;Categoria A;2010-01-01;Ativo;1998-07-08;Brasil;Brasil;Energia Elétrica;Distribuição de Energia Elétrica;Fase Operacional;1998-07-08;Privado Holding;2011-04-27;31;12;;www.elektro.com.br
02.335.514/0001-23;2013-01-01;1;28151;FIAGO PARTICIPACOES SA;1998-01-23;;1998-01-23;016896;1998-02-20;Categoria A;2010-01-01;Ativo;1998-02-20;Brasil;Brasil;Emp. Adm. Part. - Telecomunicações;;Em liquidação judicial;2009-07-03;Privado;2009-06-09;31;12;;www.fiagobrasil.com.br
02.338.534/0001-58;2013-01-01;2;26964;LONGDIS SA;;;1997-11-06;017434;1998-06-30;Categoria A;2010-01-01;Ativo;1998-07-02;Brasil;Brasil;Emp. Adm. Part. - Telecomunicações;Participação em outras sociedades.;Fase Operacional;1998-07-02;Privado Holding;2007-04-19;31;12;;http://longdis.mzweb.com.br
02.351.144/0001-18;2013-01-01;3;30416;TEGMA GESTÃO LOGÍSTICA SA;2007-03-26;TEGMA GESTÃO LOGÍSTICA LTDA;1998-01-05;020800;2007-06-28;Categoria A;2010-01-01;Ativo;2007-06-28;Brasil;Brasil;Serviços Transporte e Logística;Prestação de serviços de logística para a indústria automotiva, gerenciamento de estoques e pátios, atividades de armazém geral, PDI, dentre outras.;Fase Operacional;2007-06-28;Privado;2007-07-27;31;12;;www.tegma.com.br
02.363.917/0001-86;2013-01-01;2;26988;RET PARTICIPAÇÕES S/A;2005-06-20;Opportunity Ret S.A.;1998-03-09;017337;1998-05-28;Categoria A;2010-01-01;Ativo;1998-05-28;Brasil;Brasil;Emp. Adm. Part. - Telecomunicações;Participação em outras sociedades.;Fase Operacional;1998-05-28;Privado Holding;2005-05-20;31;12;;http://retparticipacoes.mzweb.com.br
02.363.918/0001-20;2013-01-01;2;28979;ZAIN PARTICIPAÇÕES S/A;2005-06-15;Opportunity Zain S.A.;1998-02-04;017361;1998-06-15;Categoria A;2010-01-01;Ativo;1998-06-15;Brasil;Brasil;Emp. Adm. Part. - Telecomunicações;Participação em outras sociedades.;Fase Operacional;1998-06-15;Privado Holding;2005-06-15;31;12;;http://zainparticipacoes.mzweb.com.br
02.365.069/0001-44;2013-01-01;5;27421;IDEIASNET SA;2000-04-11;Kikwitt Participações S.A.;1998-01-26;018414;1999-08-02;Categoria A;2010-01-01;Ativo;1999-08-02;Brasil;Brasil;Emp. Adm. Part. - Comunicação e Informática;Aquisição de participações diretas e indiretas em companhias do setor de Tecnologia, Mídia e Telecomunicações e Gestão de carteiras de valores mobiliários e recursos próprios e de terceiros.;Fase Operacional;2000-12-31;Privado;;31;12;;www.ideiasnet.com.br
02.366.097/0001-86;2013-01-01;2;28639;VIANORTE S/A;;;1998-02-09;021830;2009-11-27;Categoria B;2010-01-01;Ativo;2009-11-27;Brasil;Brasil;Serviços Transporte e Logística;Concessionárias de rodovias, pontes, túneis e serviços relacionados;Fase Operacional;2009-11-27;Privado Holding;2010-12-17;31;12;;www.vianorte.com.br
02.387.241/0001-60;2013-01-01;3;33384;ALL - AMÉRICA LATINA LOGISTICA S.A.;1999-08-23;PIÚMA PARTICIPAÇÕES S.A.;1997-09-30;017450;1998-07-02;Categoria A;2010-01-01;Ativo;2001-03-31;Brasil;Brasil;Serviços Transporte e Logística;Prestar serviços de transporte de cargas através dos modais ferroviário e rodoviário, dentre outros, isoladamente ou combinados entre si de forma intermodal ou multimodal, entre outros.;Fase Operacional;2001-03-31;Privado Holding;2011-02-04;31;12;2010-12-31;www.all-logistica.com
02.390.206/0001-09;2013-01-01;2;28391;LF TEL SA;1997-09-30;Pitimbu Participações S.A.;1997-09-30;017442;1998-07-02;Categoria A;2010-01-01;Ativo;2000-12-31;Brasil;Brasil;Emp. Adm. Part. - Telecomunicações;;Fase Operacional;2000-12-31;Privado Holding;;31;12;;www.lftel.com.br
02.397.080/0001-96;2013-01-01;2;26528;ITAPEBI GERAÇÃO DE ENERGIA S/A;;;1999-01-21;019364;2003-02-05;Categoria B;2010-01-01;Ativo;2003-02-05;Brasil;Brasil;Energia Elétrica;Geração de Energia Elétrica;Fase Operacional;2003-03-31;Privado;;31;12;;http://www.itapebi.com.br
02.415.408/0001-50;2013-01-01;4;32215;CONCESSIONARIA DE RODOVIAS DO OESTE DE SP-VIA OESTE SA;;;1998-03-04;021024;2007-07-27;Categoria B;2010-01-01;Ativo;2007-07-27;Brasil;Brasil;Serviços Transporte e Logística;Concessão de Rodovias.;Fase Operacional;2007-07-27;Privado;2005-06-28;31;12;;www.viaoeste.com.br
02.429.144/0001-93;2013-01-01;3;28217;CPFL ENERGIA SA;2002-08-06;DraftII Participações SA;1998-03-20;018660;2000-05-18;Categoria A;2010-01-01;Ativo;2000-05-18;Brasil;Brasil;Emp. Adm. Part. - Energia Elétrica;Gestão de Participações Societárias (Holdings);Fase Operacional;2000-05-18;Privado Holding;2009-11-30;31;12;;www.cpfl.com.br
02.451.848/0001-62;2013-01-01;4;31503;CONCESSIONÁRIA DO SISTEMA ANHANGUERA BANDEIRANTES S/A;1998-03-05;;1998-03-05;020192;2006-07-19;Categoria B;2010-01-01;Ativo;2006-07-19;Brasil;Brasil;Serviços Transporte e Logística;Concessão Rodoviária;Fase Operacional;2006-07-19;Privado;2000-03-24;31;12;;www.autoban.com.br
02.465.783/0001-04;2013-01-01;2;28003;FUTURETEL SA;1998-05-19;Opportunity TET;1998-03-19;017388;1998-06-16;Categoria A;2010-01-01;Ativo;2000-12-31;Brasil;Brasil;Emp. Adm. Part. - Telecomunicações;a participação em: outras sociedades, comerciais ou civis, nacionais ou estrangeiras, como sócia, acionista ou quotista em empreendimentos imobiliários e como quotista, em fundos de investimento.;Fase Operacional;2000-12-31;Privado Holding;2009-07-01;31;12;;http://futuretel.mzweb.com.br
02.474.103/0001-19;2013-01-01;2;28448;TRACTEBEL ENERGIA SA;2002-02-22;CENTRAIS GERADORAS DO SUL DO BRASIL S.A.;1998-01-29;017329;1998-05-28;Categoria A;2010-01-01;Ativo;1998-05-28;Brasil;Brasil;Energia Elétrica;GERAÇÃO E COMERCIALIZAÇÃO DE ENERGIA ELÉTRICA;Fase Operacional;1998-05-28;Privado;1998-09-15;31;12;1998-01-29;www.tractebelenergia.com.br
02.476.710/0001-18;2013-01-01;2;26989;TELINVEST SA;1998-05-19;Opportunity Lámede S.A.;1998-03-09;017418;1998-06-18;Categoria A;2010-01-01;Ativo;2001-03-31;Brasil;Brasil;Emp. Adm. Part. - Telecomunicações;Participação em outras sociedades.;Fase Operacional;2001-03-31;Privado Holding;2010-05-20;31;12;;http://telinvest.mzweb.com.br
02.502.844/0001-66;2013-01-01;2;28778;ALL - AMÉRICA LATINA LOGÍSTICA MALHA PAULISTA S.A.;2008-10-15;Ferroban - Ferrovias Bandeirantes S.A.;1998-04-02;017930;1998-11-12;Categoria B;2010-01-01;Ativo;1998-11-12;Brasil;Brasil;Serviços Transporte e Logística;Prestação de Seviços de transporte ferroviário de cargas e armazenagem.;Fase Operacional;2000-12-31;Privado;2009-12-30;31;12;;www.all-logistica.com
02.509.186/0001-34;2013-01-01;2;29118;Triângulo do Sol Auto-Estradas S.A.;;;1988-04-29;023060;2013-02-25;Categoria B;2013-02-25;Ativo;2013-02-25;Brasil;Brasil;Serviços Transporte e Logística;Exploração do Sistema Rodoviário relativo ao lote 09.;Fase Operacional;2013-02-25;Privado;2012-06-29;31;12;;www.triangulodosol.com.br
02.509.491/0001-26;2013-01-01;3;29098;CONCESSIONARIA ECOVIAS DOS IMIGRANTES SA;;Concessionária Ecovias dos Imigrantes S.A.;1998-04-23;020397;2006-12-18;Categoria B;2010-01-01;Ativo;2006-12-18;Brasil;Brasil;Serviços Transporte e Logística;Prestação de Transporte e Logística;Fase Operacional;2006-12-18;Privado;2004-06-30;31;12;;www.ecovias.com.br
02.535.295/0001-26;2013-01-01;3;29281;MAORI SA;;;1998-04-20;017779;1998-09-23;Categoria A;2010-01-01;Ativo;1998-09-23;Brasil;Brasil;Emp. Adm. Part. - Gráficas e Editoras;Participação em Outras Sociedades;Fase Operacional;1998-09-23;Privado;2012-07-18;31;12;;www.ciamaori.com.br
02.541.982/0001-54;2013-01-01;5;30909;Abril Educação S.A.;2010-08-24;Abrilpar Participações S.A.;1998-05-04;022551;2011-07-22;Categoria A;2011-07-22;Ativo;2011-07-22;Brasil;Brasil;Gráficas e Editoras;Edição, impressão, publicação, divulgação e comercialização no atacado ou varejo, de livros, apostilas e publicações de qualquer natureza, voltadas, principalmente, para a educação.;Fase Operacional;2011-07-22;Privado Holding;2010-08-11;31;12;2010-10-06;www.abrileducacao.com.br
02.555.926/0001-79;2013-01-01;2;28643;CENTROVIAS-SISTEMAS RODOVIARIOS S/A;;;1998-05-27;021857;2009-11-27;Categoria B;2010-01-01;Ativo;2009-11-27;Brasil;Brasil;Serviços Transporte e Logística;Concessionária de Rodovias.;Fase Operacional;2009-11-27;Privado Holding;2012-12-03;31;12;;www.centrovias.com.br
02.558.115/0001-21;2013-01-01;4;32941;TIM PARTICIPAÇÕES SA;2004-08-30;Tele Celular Sul Participações S.A.;1998-05-22;017639;1998-08-19;Categoria A;2010-01-01;Ativo;1998-09-10;Brasil;Brasil;Telecomunicações;;Fase Operacional;1998-09-10;Privado Holding;;31;12;;www.tim.com.br/ri
02.558.124/0001-12;2013-01-01;2;28254;EMBRATEL PARTICIPAÇÕES SA;1998-05-22;;1998-05-22;017647;1998-08-19;Categoria A;2010-01-01;Ativo;1998-09-10;Brasil;Brasil;Telecomunicações;Exercer controle de empresas de telecomunicações;Fase Operacional;1998-09-10;Privado Holding;2004-07-23;31;12;2012-12-31;www.embratel.com.br
02.558.157/0001-62;2013-01-01;5;30306;TELEFONICA BRASIL S.A;2011-10-03;TELECOMUNICAÇÕES DE SÃO PAULO S/A TELESP;1998-05-22;017671;1998-08-19;Categoria A;2010-01-01;Ativo;1998-09-10;Brasil;Brasil;Telecomunicações;Prestação de serviços públicos de telecomunicações;Fase Operacional;1998-09-10;Privado;2008-11-11;31;12;;www.telefonica.com.br
02.591.787/0001-39;2013-01-01;2;26980;CAPITALPART PARTICIPAÇÕES SA;1998-06-10;Opportunity Sumer S.A.;1998-06-09;017493;1998-07-09;Categoria A;2010-01-01;Ativo;2001-03-31;Brasil;Brasil;Emp. Adm. Part. - Telecomunicações;Participação em outras sociedades.;Fase Operacional;2001-03-31;Privado Holding;2006-03-21;31;12;;http://capitalpartparticipacoes.mzweb.com.br
02.604.860/0001-60;2013-01-01;2;26978;SELECTPART PARTICIPACOES SA;;;1998-06-24;017558;1998-07-20;Categoria A;2010-01-01;Ativo;1998-07-20;Brasil;Brasil;Emp. Adm. Part. - Telecomunicações;Participação em outras sociedades.;Fase Operacional;2001-03-31;Privado Holding;2006-06-08;31;12;;http://selectpartparticipacoes.mzweb.com.br
02.604.997/0001-14;2013-01-01;2;28001;NEWTEL PARTICIPACOES SA;;;1998-06-24;017540;1998-07-20;Categoria A;2010-01-01;Ativo;1998-07-20;Brasil;Brasil;Emp. Adm. Part. - Telecomunicações;participação em outras sociedades, comerciais ou civis, nacionais ou estrangeiras, como sócia, acionista ou quotista (ii) a participação em empreendimentos imobiliários e como quotista, em fundos;Fase Operacional;2000-12-31;Privado Holding;2008-04-29;31;12;;http://newtelparticipacoes.mzweb.com.br
02.643.896/0001-52;2013-01-01;1;25489;WTORRE PIC SEC DE CRÉDITOS IMOBILIARIOS;2006-06-04;WTORRE PIC COMPANHIA SEC DE CRÉDITOS IMOBILIARIOS S.A;1999-06-08;018430;1999-09-14;Categoria B;2010-01-01;Ativo;1999-09-14;Brasil;Brasil;Securitização de Recebíveis;;Fase Operacional;2002-12-31;Privado;;31;12;;
02.664.042/0001-52;2013-01-01;2;26477;TERMINAL GARAGEM MENEZES CORTES SA;;Terminal Garagem Menezes Cortes S.A.;1998-11-06;018538;2000-01-17;Categoria A;2010-01-01;Ativo;2000-01-17;Brasil;Brasil;Serviços Transporte e Logística;Estacionamento e Locação de lojas e espaços;Fase Operacional;2000-01-17;Estrangeiro;;31;12;2010-03-25;www.tgmc.com.br
02.679.185/0001-38;2013-01-01;2;28627;AUTOVIAS S/A;;;1998-07-23;021822;2009-11-27;Categoria B;2010-01-01;Ativo;2009-11-27;Brasil;Brasil;Serviços Transporte e Logística;Concessionária de Rodovias;Fase Operacional;2009-11-27;Privado Holding;2006-12-05;31;12;;www.autovias.com.br
02.682.287/0001-02;2013-01-01;2;28080;PANAMERICANO ARRENDAMENTO MERCANTIL S/A;;;1998-06-18;018554;2000-01-25;Categoria B;2010-04-14;Ativo;2000-01-25;Brasil;Brasil;Arrendamento Mercantil;Leasing financeiro de bens móveis.;Fase Operacional;2000-01-25;Privado;;31;12;2010-12-31;www.bancopan.com.br
02.724.983/0001-34;2013-01-01;3;31039;SANESALTO SANEAMENTO SA;2004-04-05;SANESALTO SANEAMENTO LTDA;1996-11-06;019593;2004-09-21;Categoria B;2010-01-01;Ativo;2004-09-21;Brasil;Brasil;Saneamento, Serv. Água e Gás;Tratamento de esgoto do município de Salto-SP;Fase Operacional;2004-09-21;Privado;2005-05-25;31;12;1997-01-01;www.sanesalto.com.br
02.736.470/0001-43;2013-01-01;2;32602;PÁTRIA COMPANHIA SECURITIZADORA DE CRÉDITOS IMOBILIÁRIOS;2003-04-30;Patrimônio Companhia Securitizadora de Créditos Imobiliários;1998-05-26;018236;1999-05-04;Categoria B;2010-01-01;Ativo;1999-05-04;Brasil;Brasil;Securitização de Recebíveis;Aquisição e Securitização de Créditos Imobiliários;Fase Operacional;1999-05-04;Privado;2007-02-01;31;12;;http://www.patriacsci.com.br
02.762.113/0001-50;2013-01-01;2;28075;BRAZILIAN FINANCE & REAL ESTATE S.A.;2007-04-02;Opportunity Discovery Participações S.A.;1998-08-25;017922;1998-11-10;Categoria A;2010-01-01;Ativo;1998-11-11;Brasil;Brasil;Emp. Adm. Part. - Sem Setor Principal;Participação em outras sociedades;Fase Operacional;2001-04-01;Privado;;31;12;;www.bfre.com.br
02.762.115/0001-49;2013-01-01;5;33329;MMX MINERAÇÃO E METÁLICOS S.A.;2005-12-05;TRESSEM PARTICIPAÇÕES S/A;1998-08-26;017914;1998-11-10;Categoria A;2010-01-01;Ativo;2003-03-31;Brasil;Brasil;Extração Mineral;Mineração de Minério de Ferro;Fase Operacional;2006-07-20;Privado Holding;2005-10-09;31;12;2012-12-31;www.mmx.com.br
02.762.121/0001-04;2013-01-01;3;31351;SANTOS BRASIL PARTICIPAÇÕES S.A.;2007-10-24;Alphapart Participações S.A.;1998-08-25;017892;1998-11-09;Categoria A;2010-01-01;Ativo;1998-11-12;Brasil;Brasil;Emp. Adm. Part. - Serviços Transporte e Logística;A Companhia tem por objeto a exploração comercial de instalação portuária através de operações com contêineres, carga geral ou afins e a participação em outras sociedades.;Fase Operacional;2007-10-24;Privado Holding;2007-10-24;31;12;;www.santosbrasil.com.br
02.762.124/0001-30;2013-01-01;3;28237;BETAPART PARTICIPAÇÕES SA;;;1998-08-27;017884;1998-11-06;Categoria A;2010-01-01;Ativo;1998-11-06;Brasil;Brasil;Emp. Adm. Part. - Crédito Imobiliário;Participação em outras sociedades.;Fase Operacional;1998-11-06;Privado Holding;2009-06-30;31;12;1998-08-27;http://www.betapart.com.br/home/index.aspx
02.773.542/0001-22;2013-01-01;2;28936;RB CAPITAL COMPANHIA DE SECURITIZAÇÃO S.A.;2012-06-15;RB Capital Securitizadora Residencial S.A.;1998-09-09;018406;1999-08-02;Categoria B;2011-04-01;Ativo;1999-08-02;Brasil;Brasil;Securitização de Recebíveis;Aquisição de créditos imobiliários e de títulos e valores mobiliários lastreados em créditos imobiliários Gestão e administração de carteiras de crédito imobiliário, próprias ou de terceiros etc.;Fase Operacional;1999-08-02;Privado;2007-05-09;31;12;;www.rbcapital.com
02.783.423/0001-50;2013-01-01;2;28440;ALTERE SECURITIZADORA S.A.;1998-09-14;;1998-09-14;018066;1998-12-10;Categoria B;2010-01-01;Ativo;1998-12-10;Brasil;Brasil;Securitização de Recebíveis;aquisição e securitização de recebíveis imobiliários, a emissão e colocação no mercado financeiro, de Certificados de Recebíveis Imobiliários ou qualquer outro título de crédito.;Fase Operacional;2003-10-01;Privado;2012-08-07;31;12;1998-09-14;www.altere.com.br
02.796.775/0001-40;2013-01-01;3;31154;GAMA PARTICIPAÇÕES S.A.;2008-11-28;OPPORTUNITY GAMA PARTICIPAÇÕES S.A.;1998-08-25;017965;1998-12-01;Categoria A;2010-01-01;Ativo;2002-12-31;Brasil;Brasil;Emp. Adm. Part. - Sem Setor Principal;PARTICIPAÇÃO EM OUTRAS SOCIEDADES.;Fase Operacional;2002-12-31;Privado;2007-09-26;31;12;;http://www.gamaparticipacoes.com.br/home/index.aspx
02.800.026/0001-40;2013-01-01;2;28219;KROTON EDUCACIONAL S.A.;2007-05-25;OPPORTUNITY OFFICEPAR PARTICIPAÇÕES S.A.;1998-08-26;017973;1998-12-01;Categoria A;2010-01-01;Ativo;1998-12-01;Brasil;Brasil;Emp. Adm. Part. - Educação;A Companhia tem por objeto a participação, como sócia ou acionista, em sociedades que explorem a administração de atividades de educação.;Fase Operacional;2002-12-31;Privado Holding;2009-09-02;31;12;;www.kroton.com.br
02.808.481/0001-91;2013-01-01;2;28385;AETATIS SECURITIZADORA S.A.;1998-09-14;;1998-09-14;018104;1998-12-17;Categoria B;2010-01-01;Ativo;1998-12-17;Brasil;Brasil;Securitização de Recebíveis;Aquisição e securitização de recebíveis imobiliários, emissão e colocação no mercado financeiro de Certificados de Recebíveis Imobiliários ou qualquer título de crédito que seja compatível.;Fase Operacional;2006-08-02;Privado;2006-08-02;31;12;1998-09-14;www.aetatis.com.br
02.808.708/0001-07;2013-01-01;2;28994;COMPANHIA DE BEBIDAS DAS AMÉRICAS-AMBEV;;;1998-09-14;018112;1998-12-17;Categoria A;2010-01-01;Ativo;1998-12-17;Brasil;Brasil;Bebidas e Fumo;Fabricação e distribuição de cervejas, refrigerantes e bebidas não carbonatadas e não alcoólicas.;Fase Operacional;2001-03-31;Estrangeiro;;31;12;2012-12-31;www.ambev.com.br
02.846.056/0001-97;2013-01-01;2;27242;CCR S.A.;2011-02-16;COMPANHIA DE CONCESSÕES RODOVIÁRIAS;1998-09-23;018821;2000-12-19;Categoria A;2010-01-01;Ativo;2000-12-19;Brasil;Brasil;Emp. Adm. Part. - Serviços Transporte e Logística;Prestadora de serviços públicos, via concessão, nas área de rodoviária, metroviária, inspeção veicular e aeroportuária.;Fase Operacional;2000-12-19;Privado;2009-07-30;31;12;;www.grupoccr.com.br
02.860.694/0001-62;2013-01-01;3;31555;T4F ENTRETENIMENTO SA;2007-09-03;CIE Brasil S.A.;1998-11-18;022454;2011-04-11;Categoria A;2011-04-11;Ativo;2011-04-11;Brasil;Brasil;Brinquedos e Lazer;Atuação no setor de entretenimento ao vivo, através da operação de casas de espetáculos e de bilheterias, da comercialização de alimentos, bebidas e produtos promocionais e da negociação de patrocínio;Fase Operacional;2011-04-11;Privado;;31;12;2010-12-31;www.t4f.com.br
02.871.007/0001-04;2013-01-01;1;25740;VICUNHA SIDERURGIA SA;1999-12-31;Vicunha Siderurgia Ltda.;1998-09-25;018902;2001-03-14;Categoria B;2010-01-01;Ativo;2001-03-14;Brasil;Brasil;Emp. Adm. Part. - Metalurgia e Siderurgia;Participação em outras sociedades (holding);Fase Operacional;1998-09-25;Privado Holding;;31;12;;
02.916.265/0001-60;2013-01-01;6;32351;JBS SA;2006-03-02;Friboi Ltda;1998-12-16;020575;2007-03-27;Categoria A;2010-01-01;Ativo;2007-03-27;Brasil;Brasil;Alimentos;;Fase Operacional;2007-03-27;Privado;;31;12;2012-12-31;www.jbs.com.br
02.919.555/0001-67;2013-01-01;2;28608;Arteris S.A.;2012-12-20;OBRASCON HUARTE LAIN BRASIL S.A.;1998-11-24;019771;2005-07-06;Categoria A;2010-01-01;Ativo;2005-07-06;Brasil;Brasil;Construção Civil, Mat. Constr. e Decoração;Gerenciamento de concessões públicas;Fase Operacional;2005-07-06;Estrangeiro Holding;2012-12-03;31;12;;www.arteris.com.br
02.932.074/0001-91;2013-01-01;5;31891;HYPERMARCAS S/A;2007-03-26;HYPERMARCAS INDUSTRIAL LTDA;2001-12-01;021431;2008-04-16;Categoria A;2010-01-01;Ativo;2008-04-16;Brasil;Brasil;Comércio (Atacado e Varejo);Produção e Venda de Bens de Consumo e Medicamentos;Fase Operacional;2008-04-16;Privado;2009-12-06;31;12;2009-12-31;www.hypermarcas.com.br
02.950.811/0001-89;2013-01-01;2;27019;PDG REALTY SA EMPREENDIMENTOS E PARTS;2006-08-30;VARSÓVIA PARTICIPAÇÕES S.A.;1998-11-17;020478;2007-01-23;Categoria A;2010-01-01;Ativo;2007-01-23;Brasil;Brasil;Emp. Adm. Part. - Const. Civil, Mat. Const. e Decoração;Participação em sociedades atuantes no setor imobiliário;Fase Operacional;2007-01-23;Privado;;31;12;;www.pdg.com.br
02.983.428/0001-27;2013-01-01;2;28049;CEMIG TELECOMUNICAÇÕES S.A;2010-01-29;EMPRESA DE INFOVIAS S.A.;1999-01-13;018716;2000-07-31;Categoria B;2012-06-11;Ativo;2000-07-31;Brasil;Brasil;Telecomunicações;PROVIMENTO DE INFRAESTRUTURA DE REDES DE TELECOMUNICAÇÕES;Fase Operacional;2001-03-31;Estatal;;31;12;;www.cemigtelecom.com
02.992.449/0001-09;2013-01-01;3;28368;PROMPT PARTICIPAÇÕES S.A.;2003-07-31;PETROPAR PARTICIPAÇÕES S.A.;1998-11-20;018333;1999-06-18;Categoria A;2010-01-01;Ativo;1999-06-21;Brasil;Brasil;Emp. Adm. Part. - Sem Setor Principal;PARTICIPAÇÃO EM OUTRAS SOCIEDADES.;Fase Operacional;1999-06-21;Privado Holding;2007-09-26;31;12;;/www.promptparticipacoes.com.br/home/index.aspx
02.998.301/0001-81;2013-01-01;2;28286;DUKE ENERGY INT,GERAÇÃO PARANAPANEMA SA;2000-04-28;Companhia de Geração de Energia Elétrica Paranapanema;1999-02-22;018368;1999-07-14;Categoria A;2010-01-01;Ativo;1999-07-14;Brasil;Brasil;Energia Elétrica;Geração e Comercialização de energia elétrica;Fase Operacional;1999-07-14;Privado;1999-08-05;31;12;;http://www.duke-energy.com.br
02.998.609/0001-27;2013-01-01;3;29708;AES TIETE SA;2001-04-27;CIA DE GERAÇÃO DE ENERGIA ELÉTRICA TIETÊ;1999-02-04;018350;1999-07-14;Categoria A;2010-01-01;Ativo;1999-07-14;Brasil;Brasil;Energia Elétrica;GERAÇÃO DE ENERGIA ELÉTRICA;Fase Operacional;1999-07-14;Privado;1999-10-27;31;12;;www.aestiete.com.br
02.998.611/0001-04;2013-01-01;5;33447;CTEEP-CIA TRANSM ENERGIA ELÉTR. PAULISTA;1999-04-01;Companhia Energética de São Paulo - CESP;1999-04-01;018376;1999-07-14;Categoria A;2010-01-01;Ativo;1999-07-14;Brasil;Brasil;Energia Elétrica;Transmissão de Energia Elétrica;Fase Operacional;1999-07-14;Privado Holding;2006-06-28;31;12;2010-12-31;http://www.cteep.com.br
03.014.553/0001-91;2013-01-01;3;29691;TPI - TRIUNFO PARTICIPACOES E INVESTIMENTOS S.A.;1999-01-11;TPI-Triunfo Participações e Investimentos S.A.;1999-01-11;019330;2002-12-05;Categoria A;2010-01-01;Ativo;2002-12-05;Brasil;Brasil;Serviços Transporte e Logística;PARTICIPAÇÃO EM EMPRESAS DE CONCESSÕES DE RODOVIAS, GERAÇÃO DE ENREGIA E LOGISTICA.;Fase Operacional;2002-12-05;Privado Holding;2007-05-10;31;12;2008-02-15;www.triunfo.com
03.025.305/0001-46;2013-01-01;2;29119;Rodovias das Colinas S.A.;;;1999-03-02;023167;2013-04-25;Categoria B;2013-04-25;Ativo;2013-04-25;Brasil;Brasil;Serviços Transporte e Logística;Exploração do Sistema Rodoviário relativo ao Lote 13: Mala Rodoviária Estadual de Ligaçãoentre Rio Claro, Piracicaba, Tietê, Jundiaí e Itu, Campinas.;Fase Operacional;2013-04-25;Privado;2012-06-29;31;12;;www.rodoviasdascolinas.com.br
03.207.703/0001-83;2013-01-01;2;28634;CONCESSIONARIA DE RODOVIAS DO INTERIOR PAULISTA S/A;;;1999-06-08;021849;2009-11-27;Categoria B;2010-01-01;Ativo;2009-11-27;Brasil;Brasil;Serviços Transporte e Logística;Concessionaria de Rodovias;Fase Operacional;2009-11-27;Privado Holding;2004-08-18;31;12;;www.intervias.com.br
03.220.438/0001-73;2013-01-01;2;28261;EQUATORIAL ENERGIA S/A;2006-02-02;Brisk Participações S.A.;1999-06-16;020010;2006-03-30;Categoria A;2010-01-01;Ativo;2006-03-30;Brasil;Brasil;Energia Elétrica;Empresa holding com atuação no setor elétrico;Fase Operacional;2006-03-30;Privado Holding;2007-12-21;31;12;;www.equatorialenergia.com.br
03.303.999/0001-36;2013-01-01;2;28272;DTCOM - DIRECT TO COMPANY S.A.;2000-09-14;DTC - DIRECT TO COMPANY SA;1999-01-31;018597;2000-02-04;Categoria A;2010-01-01;Ativo;2000-12-31;Brasil;Brasil;Telecomunicações;TREINAMENTO EMPRESARIAL VIA SATÉLITE;Fase Operacional;2000-12-31;Privado;;31;12;;www.dtcom.com.br
03.378.521/0001-75;2013-01-01;3;30486;LIGHT SA;2005-09-15;TRIAL Participações S.A.;1999-07-27;019879;2005-12-12;Categoria A;2010-01-01;Ativo;2005-12-12;Brasil;Brasil;Emp. Adm. Part. - Energia Elétrica;Participação em sociedades p/ exploração serviços de energia elétrica;Fase Operacional;2006-01-13;Privado;2006-08-10;31;12;;www.light.com.br
03.467.321/0001-99;2013-01-01;4;31480;CENTRAIS ELETRICAS MATOGROSSENSES SA;;;1956-08-04;014605;1994-10-25;Categoria A;2010-01-01;Ativo;1994-10-25;Brasil;Brasil;Energia Elétrica;Distribuição de energia elétrica;Fase Operacional;1994-10-25;Privado;1997-11-17;31;12;2009-12-31;www.redenergia.com
03.538.833/0001-07;2013-01-01;3;28312;XX DE NOVEMBRO INVESTIMENTOS E PARTICIPAÇÕES S.A;2010-12-17;XX DE NOVEMBRO SECURITIZADORA DE CRÉDITOS IMOBILIÁRIOS S.A;1999-11-23;020001;2006-03-22;Categoria B;2010-01-01;Ativo;2006-03-22;Brasil;Brasil;Emp. Adm. Part. - Sem Setor Principal;administração de imóveis, desenvolvimento de projetos comerciais, industriais e agropecuários, próprios ou terceiros, incorporação e locação de bens, gestão patrimonial e part. do cap. em outras Cias.;Fase Operacional;2006-03-22;Privado Holding;2005-02-01;31;12;;
03.559.006/0001-91;2013-01-01;2;28929;RB CAPITAL SECURITIZADORA S.A.;2008-05-23;Rio Bravo Crédito Cia. de Securitização;1999-11-17;019860;2005-10-31;Categoria B;2010-01-01;Ativo;2005-10-31;Brasil;Brasil;Securitização de Recebíveis;Aquisição de créditos imobiliários e de títulos e valores mobiliários lastreados em créditos imobiliários Gestão e administração de carteiras de crédito imobiliário, próprias ou de terceiros, etc.;Fase Operacional;2005-10-31;Privado;2007-05-09;31;12;;www.rbcapital.com
03.601.314/0001-38;2013-01-01;2;27965;ANDRADE GUTIERREZ CONCESSOES SA;2000-11-27;Andrade Gutierrez Concessões Ltda.;1999-12-13;019437;2003-09-01;Categoria A;2010-01-01;Ativo;2003-09-01;Brasil;Brasil;Emp. Adm. Part. - Sem Setor Principal;Gestão e participações societárias (holding);Fase Operacional;2003-09-01;Privado Holding;;31;12;;www.agsa.com.br
03.616.277/0001-31;2013-01-01;4;31343;ARAUCÁRIA PARTICIPAÇÕES SA;2007-04-25;22 DE NOVEMBRO PARTICIPAÇÕES S.A.;1999-11-22;018651;2000-04-18;Categoria A;2010-01-01;Ativo;2000-04-18;Brasil;Brasil;Emp. Adm. Part. - Sem Setor Principal;A participação: - em outras sociedades, comerciais ou civis, nacionais ou estrangeiras, como sócia, acionista ou quotista - em empr. imobiliáriios e-como quotista em fundos de investimento;Fase Operacional;2000-04-18;Privado;2007-04-11;31;12;1999-11-22;http://www.araucariaparticipacoes.com.br/home/index.aspx
03.758.318/0001-24;2013-01-01;3;31394;INVEST.E PART.EM INFRA-ESTR.S/A-INVEPAR;2012-04-30;INVEST.E PART.EM INFRA-ESTR. S/A-INVEPAR;2000-03-20;018775;2000-09-29;Categoria A;2010-01-01;Ativo;2000-09-29;Brasil;Brasil;Emp. Adm. Part. - Serviços Transporte e Logística;Foi constituída sob a forma de sociedade anônima e tem como objeto social a participação em outras sociedades.;Fase Operacional;2010-03-20;Privado;2010-05-28;31;12;;www.invepar.com.br
03.767.538/0001-14;2013-01-01;2;28491;BRAZILIAN SECURITIES CIA SECURITIZAÇÃO;;;2000-04-10;018759;2000-09-04;Categoria B;2010-01-01;Ativo;2000-09-04;Brasil;Brasil;Securitização de Recebíveis;Securitização de recebíveis imobiliários;Fase Operacional;2001-03-31;Privado;;31;12;;www.braziliansecurities.com.br
03.795.050/0001-09;2013-01-01;2;26532;TERMOPERNAMBUCO SA;;;2000-04-25;019852;2005-10-31;Categoria B;2010-01-01;Ativo;2005-10-31;Brasil;Brasil;Energia Elétrica;Geração de energia elétrica;Fase Operacional;2005-10-31;Privado;;31;12;;www.termope.com.br
03.847.461/0001-92;2013-01-01;3;28465;BRADESPAR S/A;;;2000-03-30;018724;2000-08-07;Categoria A;2010-01-01;Ativo;2000-08-07;Brasil;Brasil;Emp. Adm. Part. - Extração Mineral;Participação como sócia ou acionista de outras Sociedades.;Fase Operacional;2000-08-07;Privado Holding;;31;12;;www.bradespar.com
03.853.896/0001-40;2013-01-01;2;29958;MARFRIG ALIMENTOS SA;2009-04-28;MARFRIG FRIGORÍFICOS E COMÉRCIO DE ALIMENTOS S.A.;2000-06-06;020788;2007-06-18;Categoria A;2010-01-01;Ativo;2007-06-18;Brasil;Brasil;Alimentos;Produção e distribuição de alimentos à base de carne bovina, suína, ovina e avícola, in natura, elaborados e processados, couros semi-terminados e terminados, além de outros produtos alimentícios.;Fase Operacional;2007-06-18;Privado;2011-12-31;31;12;2011-12-31;www.marfrig.com.br
03.953.509/0001-47;2013-01-01;3;28235;CPFL GERAÇÃO DE ENERGIA S/A;2000-07-19;CPFL Paulista;2000-07-19;018953;2001-06-07;Categoria B;2001-06-07;Ativo;2001-06-07;Brasil;Brasil;Energia Elétrica;Geração de Energia Elétrica;Fase Operacional;2001-06-07;Privado;2005-06-20;31;12;;www.cpfl.com.br
03.983.431/0001-03;2013-01-01;4;29160;EDP ENERGIAS DO BRASIL S/A;2005-03-16;EDP Brasil S.A.;2000-07-24;019763;2005-07-05;Categoria A;2010-01-01;Ativo;2005-07-05;Brasil;Brasil;Energia Elétrica;Área de Negócios: Geração, Distribuição e Comercialização de Energia Elétrica;Fase Operacional;2005-07-05;Estrangeiro Holding;;31;12;;www.edpbr.com.br
04.030.182/0001-02;2013-01-01;2;29086;CABINDA PARTICIPAÇÕES SA;2000-07-31;;2000-07-31;019119;2001-10-29;Categoria A;2010-01-01;Ativo;2001-10-29;Brasil;Brasil;Emp. Adm. Part. - Sem Setor Principal;A Companhia tem por objeto social a participação em outras sociedades, comerciais e civis, como sócia, acionista ou quotista, no país ou no exterior.;Fase Pré-Operacional;2001-10-29;Privado Holding;2010-04-19;31;12;2000-07-31;www.cabinda.net.br
04.031.213/0001-31;2013-01-01;2;29088;CACONDE PARTICIPAÇÕES SA;2000-07-31;;2000-07-31;019135;2001-10-29;Categoria A;2010-01-01;Ativo;2001-10-29;Brasil;Brasil;Emp. Adm. Part. - Sem Setor Principal;A Companhia tem por objeto social a participação em outras sociedades comerciais e civis, como sócia, acionista ou quotista, no país ou no exterior.;Fase Pré-Operacional;2001-10-29;Privado Holding;2010-04-19;31;12;2000-07-31;www.cacondeparticipaçoes.net.br
04.031.960/0001-70;2013-01-01;3;31454;ANDRADE GUTIERREZ PARTICIPAÇÕES SA;2006-09-29;CANTAROS PARTICIPAÇÕES S.A.;2000-09-05;019062;2001-10-29;Categoria A;2010-01-01;Ativo;2001-10-29;Brasil;Brasil;Emp. Adm. Part. - Sem Setor Principal;Grupo 1 - Dados da Empresa - 06 - Características da Empresa  GESTÃO DE PARTICIPAÇÕES SOCIETÁRIAS (HOLDING);Fase Operacional;2001-10-29;Privado Holding;2001-10-29;31;12;2001-10-29;www.agsa.com.br
04.032.433/0001-80;2013-01-01;4;32287;CONTAX PARTICIPAÇÕES S.A.;2004-11-30;CONTAX PATICIPAÇÕES S. A.;2000-07-31;019100;2001-10-29;Categoria A;2010-01-01;Ativo;2001-10-29;Brasil;Brasil;Emp. Adm. Part. - Telecomunicações;A Contax atua em toda a cadeia de relacionamento entre empresas e seus consumidores através de diversos canais de comunicação, remotos e presenciais.;Fase Operacional;2001-10-29;Privado Holding;2009-07-03;31;12;2012-12-31;www.contax.com.br
04.034.792/0001-76;2013-01-01;3;29540;DOMMO EMPREENDIMENTOS IMOBILIÁRIOS S.A;2011-04-28;CALAIS PARTICIPAÇÕES S.A.;2000-07-31;019070;2001-10-29;Categoria A;2010-01-01;Ativo;2001-10-29;Brasil;Brasil;Emp. Adm. Part. - Const. Civil, Mat. Const. e Decoração;Compra, venda e incorporação de imóveis Arrendamento, exploração comercial, locação e sublocação Administração e Participação em negócios imobiliários, entre outros afins.;Fase Pré-Operacional;2001-10-29;Privado Holding;2004-12-30;31;12;2011-12-31;www.oi.com.br/ri
04.038.763/0001-82;2013-01-01;2;29083;CAIANDA PARTICIPAÇÕES SA;2000-07-31;;2000-07-31;019097;2001-10-29;Categoria A;2010-01-01;Ativo;2001-10-29;Brasil;Brasil;Emp. Adm. Part. - Sem Setor Principal;A Companhia tem por objeto Social a participação em outras sociedades, comerciais e civis, como sócia, acionista ou quotista, no país ou no exterior.;Fase Operacional;2002-06-30;Privado Holding;2007-03-28;31;12;2000-07-31;www.caianda.com.br
04.065.791/0001-99;2013-01-01;2;26622;Senior Solution S.A.;2002-04-04;Senior Solution S/C Ltda.;2000-08-04;022799;2012-04-26;Categoria A;2012-04-26;Ativo;2012-04-26;Brasil;Brasil;Comunicação e Informática;Produção, desenvolvimento, licenciamento, sublicenciamento e distribuição de programas de computador ("software") e outras atividades, conforme descritas no Estatuto Social da Companhia.;Fase Operacional;2012-04-26;Privado;2013-03-07;31;12;;www.seniorsolution.com.br
04.128.563/0001-10;2013-01-01;2;28070;CIA BRASILIANA DE ENERGIA;2006-10-31;ENERGIA PAULISTA PARTICIPAÇÕES S.A.;2000-11-06;018970;2001-06-29;Categoria A;2010-01-01;Ativo;2001-06-29;Brasil;Brasil;Emp. Adm. Part. - Energia Elétrica;Atividade primordial focada na participação de empresas do setor de energia elétrica brasileiro;Fase Operacional;2002-10-01;Privado;2006-11-09;31;12;;www.companhiabrasiliana.com.br
04.149.454/0001-80;2013-01-01;3;28739;ECORODOVIAS INFRAESTRUTURA E LOGÍSTICA S.A.;2010-01-22;PRIMAV ECORODOVIAS S.A.;2000-11-07;019453;2003-09-24;Categoria A;2010-01-01;Ativo;2003-09-24;Brasil;Brasil;Serviços Transporte e Logística;Exploração direta ou indireta de negócios de concessão de obras e serviços públicos e organização logísitica do transporte de carga.;Fase Operacional;2003-09-24;Privado Holding;2010-05-05;31;12;;www.ecorodovias.com.br
04.172.213/0001-51;2013-01-01;3;28218;CIA PIRATININGA DE FORÇA E LUZ;;;2000-12-01;019275;2002-04-18;Categoria B;2010-01-01;Ativo;2002-04-18;Brasil;Brasil;Energia Elétrica;Prestação de serviços públicos de distribuição de energia elétrica.;Fase Operacional;2002-04-18;Privado;2005-12-31;31;12;;http://www.cpfl.com.br
04.200.649/0001-07;2013-01-01;1;25309;CIA PROVINCIA DE SECURITIZAÇÃO CRED IMOB;2002-09-30;CIA PROVINCIA DE SECURITIZAÇÃO DE CRÉDITOS FINANCEIROS;2000-10-18;019429;2003-08-21;Categoria B;2010-01-01;Ativo;2003-08-21;Brasil;Brasil;Securitização de Recebíveis;Securitização de Recebíveis Imobiliários;Fase Operacional;2003-08-22;Privado;2008-04-10;31;12;;www.ciaprovincia.com.br
04.310.392/0001-46;2013-01-01;4;31585;ANHANGUERA EDUCACIONAL PARTICIPAÇÕES S.A.;2007-01-12;MEHIR HOLDINGS S.A.;2001-02-19;018961;2001-06-08;Categoria A;2010-01-01;Ativo;2001-06-08;Brasil;Brasil;Emp. Adm. Part. - Educação;A Companhia tem como atividade principal a participação em outras sociedades de ensino superior.;Fase Operacional;2001-06-08;Privado Holding;2010-12-09;31;12;2012-12-31;www.anhanguera.com/ri
04.370.082/0001-17;2013-01-01;3;26939;BRPR 53 SECURITIZADORA DE CRÉDITOS IMOBILIÁRIOS S.A.;2012-03-29;WTORRE TC SECURITIZADORA DE CRÉDITOS IMOBILIÁRIOS S.A.;2001-03-05;019380;2003-05-08;Categoria B;2010-01-01;Ativo;2003-05-08;Brasil;Brasil;Securitização de Recebíveis;;Fase Operacional;2003-09-30;Privado;2012-03-29;31;12;;
04.370.450/0001-27;2013-01-01;3;26928;BRPR 46 SECURITIZADORA DE CRÉDITOS IMOBILIÁRIOS S.A.;2012-03-29;WTORRE NSBC SECURITIZADORA DE CRÉDITOS IMOBILIÁRIOS S.A.;2001-03-05;019356;2002-12-30;Categoria B;2010-01-01;Ativo;2002-12-30;Brasil;Brasil;Securitização de Recebíveis;;Fase Operacional;2003-03-31;Privado;2012-03-29;31;12;;
04.423.567/0001-21;2013-01-01;7;31948;ENEVA S.A.;2007-11-05;MPX Energia S.A.;2001-04-25;021237;2007-12-07;Categoria A;2010-01-01;Ativo;2007-12-07;Brasil;Brasil;Energia Elétrica;Empresa de recursos naturais e de geração de energia elétrica. Integração vertical na geração de energia elétrica.;Fase Operacional;2007-12-07;Privado;2007-12-13;31;12;2010-12-31;www.eneva.com.br
04.437.534/0001-30;2013-01-01;4;29857;UNIDAS S.A.;2007-10-19;SAG DO BRASIL S.A.;2001-03-30;021555;2008-07-29;Categoria A;2013-07-15;Ativo;2008-07-29;Brasil;Brasil;Serviços Transporte e Logística;A plataforma de negócios da Companhia é composta pelas divisões de (i) terceirização de frotas, também designada "fleet", (ii) aluguel de carros, também designada "RAC" e (iii) venda de seminovos.;Fase Operacional;2008-07-29;Estrangeiro;2002-12-13;31;12;;www.unidas.com.br
04.634.250/0001-34;2013-01-01;2;29019;NOVA AÇÃO PARTICIPAÇÕES S.A.;2008-06-26;COMPANHIA NOVA SUL AMÉRICA;2001-06-22;019224;2002-01-31;Categoria B;2010-06-10;Ativo;2002-01-31;Brasil;Brasil;Emp. Adm. Part. - Sem Setor Principal;Administração de bens próprios e a participação em sociedes mercantis ou civis;Fase Operacional;2002-01-31;Privado;2001-10-01;31;12;2009-12-31;www.sulamerica.com.br
04.752.991/0001-10;2013-01-01;4;33694;BIOMM SA;2001-12-07;Savicevic Participações S/A;2001-09-19;019305;2002-08-19;Categoria A;2010-01-01;Ativo;2002-08-19;Brasil;Brasil;Farmacêutico e Higiene;Licenciamento de tecnologia para produção de proteínas terapêuticas recombinantes, especialmente insulina.;Fase Operacional;2005-03-02;Privado;;31;12;;www.biomm.com
04.781.143/0001-39;2013-01-01;3;31887;BAESA-ENERGETICA BARRA GRANDE SA;;;2001-09-17;019607;2004-09-29;Categoria B;2010-01-01;Ativo;2004-09-29;Brasil;Brasil;Energia Elétrica;Geração de energia elétrica;Fase Operacional;2005-11-01;Privado;2003-09-29;31;12;;www.baesa.com.br
04.800.265/0001-25;2013-01-01;3;26902;BRPR 51 SECURITIZADORA DE CRÉDITOS IMOBILIÁRIOS S.A.;2012-03-29;WTORRE SECURITIZADORA DE CREDITOS IMOBILIÁRIOS S.A.;2001-10-30;019372;2003-03-24;Categoria B;2010-01-01;Ativo;2003-03-24;Brasil;Brasil;Securitização de Recebíveis;;Fase Operacional;2003-11-30;Privado;2012-03-29;31;12;2010-12-31;
04.821.041/0001-08;2013-01-01;2;29017;METALFRIO SOLUTIONS S/A;2007-01-19;METALFRIO SOLUTIONS LTDA;2001-12-03;020613;2007-04-10;Categoria A;2010-01-01;Ativo;2007-04-10;Brasil;Brasil;Máquinas, Equipamentos, Veículos e Peças;FABRICAÇÃO E COMERCIALIAZAÇÃO DE GELADEIRAS E SIMILARES, DE MÁQUINAS DE VENDAS AUTOMÁTICAS, COMPONENTES E PEÇAS;Fase Operacional;2007-04-10;Privado;;31;12;2012-12-31;www.metalfrio.com.br
04.895.728/0001-80;2013-01-01;5;31486;CENTRAIS ELÉTRICAS DO PARÁ S.A - CELPA;;;1960-08-31;018309;1999-06-14;Categoria A;2010-01-01;Ativo;1999-06-14;Brasil;Brasil;Energia Elétrica;Distribuição de energia elétrica;Em Recuperação Judicial ou Equivalente;2012-02-28;Privado;2012-11-01;31;12;2009-12-31;www.celpa.com.br
04.902.979/0001-44;2013-01-01;9;33177;BANCO DA AMAZÔNIA S.A.;1966-09-28;BANCO DE CRÉDITO DA AMAZÔNIA S.A;1942-07-09;000922;1977-07-20;Categoria A;2010-01-01;Ativo;1977-07-20;Brasil;Brasil;Intermediação Financeira;;Fase Operacional;1977-07-20;Estatal;2002-11-18;31;12;;www.bancoamazonia.com.br
04.912.242/0001-02;2013-01-01;2;29116;PORTUENSE FERRAGENS S/A;1947-10-23;PEREIRA & PEREIRA;1940-03-18;009717;1977-07-20;Categoria A;2010-01-01;Ativo;2001-03-31;Brasil;Brasil;Construção Civil, Mat. Constr. e Decoração;COMERCIO DE FERRAGENS, MATERIAIS ELETRICOS E ALUGUEIS DE IMOVEIS;Fase Operacional;2001-03-31;Privado;2004-12-31;31;12;2012-12-31;www.portuenseferragens.com.br
04.913.711/0001-08;2013-01-01;2;28482;BANCO DO ESTADO DO PARÁ S/A.;;;1960-07-01;001171;1977-07-20;Categoria A;2010-01-01;Ativo;1977-07-20;Brasil;Brasil;Bancos;Bancária;Fase Operacional;1961-10-26;Estatal;1960-07-01;31;12;;www.banparanet.com.br
04.986.320/0001-13;2013-01-01;3;33373;SER EDUCACIONAL S.A.;2010-08-25;ESBJ - Ensino Superior Bureau Jurídico S.A.;2002-03-19;023221;2013-10-18;Categoria A;2013-10-18;Ativo;2013-10-18;Brasil;Brasil;Educação;Desenvolvimento e a administração de atividades e instituições no setor de educação e outras áreas associadas administração de bens e negócios próprios e participação em outras sociedades.;Fase Operacional;;Privado;;31;12;;www.sereducacional.com.br
05.336.882/0001-84;2013-01-01;1;25704;Cachoeira Paulista Transmissora de Energia S.A.;2004-06-11;Cachoeira Paulista Transmissora de Energia Ltda.;2002-10-09;022683;2011-12-19;Categoria B;2011-12-19;Ativo;2011-12-19;Brasil;Brasil;Energia Elétrica;Transmissão de energia elétrica.;Fase Operacional;2002-12-04;Privado Holding;;31;12;;www.isoluxcorsan.com/cachoeirapaulista
05.341.549/0001-63;2013-01-01;3;31305;TARPON INVESTIMENTOS S/A;;;2002-07-19;021717;2009-05-21;Categoria A;2010-01-01;Ativo;2009-05-21;Brasil;Brasil;Emp. Adm. Part. - Intermediação Financeira;Empresa de participações.;Fase Operacional;2009-05-21;Privado Holding;2009-03-10;31;12;2009-12-31;www.tarponinvest.com.br
05.711.813/0001-03;2013-01-01;2;29782;SOLVAY INDUPA SAIC;1998-12-02;Indupa SAIC;1948-09-16;080101;2009-04-03;Categoria A;2010-01-01;Ativo;2009-04-03;Argentina;Argentina;Emp. Adm. Part. - Petroquímicos e Borracha;;Fase Operacional;2009-04-03;Estrangeiro;;31;12;1999-10-06;www.solvayplastics.com
05.721.735/0001-28;2013-01-01;2;27605;WILSON SONS LIMITED;;OCEAN WILSONS LIMITED;1990-12-06;080047;2007-04-25;Categoria A;2010-01-01;Ativo;2007-04-25;Bermudas;Luxemburgo;Serviços Transporte e Logística;Terminais Portuários, Rebocagem, Offshore, Logística, Agenciamento Marítimo e Estaleiros.;Fase Operacional;2007-04-25;Estrangeiro;;31;12;;www.wilsonsons.com
05.799.312/0001-20;2013-01-01;3;28332;VANGUARDA AGRO S.A.;2011-10-10;BRASIL ECODIESEL INDUSTRIA E COMERCIO DE BIOCOMBUSTÍVEIS E ÓLEOS VEGETAIS S.A.;2003-07-18;020354;2006-11-09;Categoria A;2010-01-01;Ativo;2006-11-09;Brasil;Brasil;Agricultura (Açúcar, Álcool e Cana);- produção e comércio de produtos vegetais (soja, milho e algodão)- industrialização e comércio de biocombustíveis, óleo vegetal e subprodutos;Fase Operacional;2006-11-09;Privado;2009-08-07;31;12;;www.v-agro.com.br
05.878.397/0001-32;2013-01-01;2;29177;SONAE SIERRA BRASIL S.A.;2008-05-20;Sonae Sierra Brasil Ltda.;2003-06-17;022357;2011-02-01;Categoria A;2011-02-01;Ativo;2011-02-01;Brasil;Brasil;Emp. Adm. Part. - Const. Civil, Mat. Const. e Decoração;Planejamento, desenvolvimento, implantação e investimentos na área imobiliária, nomeadamente em Shopping Centers e a participação em outras sociedades e/ou em fundos de investimento imobiliário.;;2011-02-01;Estrangeiro;2008-05-20;31;12;2010-12-22;www.sonaesierra.com.br
05.889.284/0001-32;2013-01-01;2;27804;CSA-COMPANHIA SECURITIZADORA DE ATIVOS;;;2003-04-23;019470;2003-12-16;Categoria B;2010-01-01;Ativo;2003-12-16;Brasil;Brasil;Securitização de Recebíveis;Securitização de Recebíveis Imobiliários;Fase Operacional;2004-01-05;Privado;;31;12;;www.csasecuritizadora.com.br
05.918.309/0001-89;2013-01-01;1;25442;IMIGRANTES CIA SECURITIZADORA DE CRÉDITOS IMOBILIÁRIOS;2003-12-23;Bregenz Participações S.A;2003-09-05;019518;2004-02-16;Categoria B;2010-01-01;Ativo;2004-02-16;Brasil;Brasil;Securitização de Recebíveis;Aquisição e Securitização de Créditos Imobiliários;Fase Operacional;2004-02-16;Privado;2004-09-30;31;12;;www.imigrantescsci.com.br
06.018.000/0001-03;2013-01-01;4;31803;FIBRA CIA SECURITIZADORA CRED IMOB;;;2003-10-13;019542;2004-05-18;Categoria B;2010-01-01;Ativo;2004-05-18;Brasil;Brasil;Securitização de Recebíveis;possui como principal atividade a aquisição e securitização de créditos hipotecários e oriundos de operações e financiamentos imobiliários em geral;Fase Operacional;2004-07-02;Privado;;31;12;2010-12-31;
06.027.566/0001-93;2013-01-01;3;27316;UNIVER CIDADE TRUST DE RECEBIVEIS SA;;;2003-10-22;019585;2004-09-02;Categoria B;2010-01-01;Ativo;2004-09-02;Brasil;Brasil;Securitização de Recebíveis;Aquisição de Direitos Creditórios;Fase Operacional;2004-09-03;Privado;2009-05-18;31;12;;www.univercidadetrust.com.br
06.033.448/0001-98;2013-01-01;3;28502;FOCUS CIA SEC DE CREDITOS IMOBILIARIOS;;;2003-11-21;019526;2004-03-17;Categoria B;2010-01-01;Ativo;2004-03-17;Brasil;Brasil;Securitização de Recebíveis;Estruturação de Securitização de Créditos Imobiliários;Fase Operacional;2004-05-07;Privado;;31;12;;www.focussecuritizadora.com.br
06.082.980/0001-03;2013-01-01;3;29108;ALIANSCE SHOPPING CENTERS S/A;2007-03-20;Aliansce Shopping Centers Ltda.;2003-12-22;021300;2008-01-18;Categoria A;2010-01-28;Ativo;2008-01-18;Brasil;Brasil;Emp. Adm. Part. - Const. Civil, Mat. Const. e Decoração;;Fase Operacional;2008-01-18;Privado;2011-03-31;31;12;;http://www.aliansce.com.br/
06.137.677/0001-52;2013-01-01;3;26945;BRPR 56 SECURITIZADORA DE CRÉDITOS IMOBILIÁRIOS S.A.;2012-04-17;WTORRE VRJ SECURITIZADORA DE CREDITOS IMOBILIÁRIOS S.A.;2004-01-20;019984;2006-02-22;Categoria B;2010-01-01;Ativo;2006-02-22;Brasil;Brasil;Securitização de Recebíveis;;Fase Operacional;2006-03-05;Privado;;31;12;2010-12-31;
06.164.253/0001-87;2013-01-01;2;28418;GOL LINHAS AEREAS INTELIGENTES SA;2004-03-12;;2004-03-12;019569;2004-06-09;Categoria A;2010-01-01;Ativo;2004-06-09;Brasil;Brasil;Emp. Adm. Part. - Serviços Transporte e Logística;Gestão de Participação Societária;Fase Operacional;2004-06-09;Privado Holding;2004-03-12;31;12;2010-12-31;www.voegol.com.br/ri
06.272.793/0001-84;2013-01-01;3;30572;COMPANHIA ENERGÉTICA DO MARANHÃO CEMAR;;;1958-06-14;016608;1997-11-13;Categoria A;2010-01-01;Ativo;1997-11-13;Brasil;Brasil;Energia Elétrica;Emrpesa distribuidora de energia elétrica para todo o Estado do Maranhão.;Fase Operacional;1997-11-13;Privado Holding;2007-12-21;31;12;;www.cemar-ma.com.br
06.349.242/0001-71;2013-01-01;3;26866;BRPR 44 SECURITIZADORA DE CRÉDITOS IMOBILIÁRIOS S.A.;2012-03-29;WTORRE CRJ SECURITIZADORA DE CREDITOS IMOBILIARIOS S.A;2004-01-20;019810;2005-10-10;Categoria B;2010-01-01;Ativo;2005-10-10;Brasil;Brasil;Securitização de Recebíveis;;Fase Operacional;2005-10-10;Privado;2012-03-29;31;12;;
06.626.253/0001-51;2013-01-01;2;28953;Empreendimentos Pague Menos S/A;1996-07-11;Empreendimentos Pague Menos Ltda.;1981-05-19;022608;2011-10-21;Categoria A;2011-10-21;Ativo;2011-10-21;Brasil;Brasil;Comércio (Atacado e Varejo);Comércio de produtos farmacêuticos, perfumarias e afins, sem manipulação de fórmulas.;Fase Operacional;2011-10-21;Privado;2009-09-02;31;12;2012-12-31;www.paguemenos.com.br/ri
06.948.969/0001-75;2013-01-01;2;27222;LINX S.A.;2004-09-21;LMI S.A.;2004-07-20;023035;2013-02-06;Categoria A;2013-02-06;Ativo;2013-02-06;Brasil;Brasil;Comunicação e Informática;;Fase Operacional;2013-02-06;Privado;2013-02-06;31;12;2012-12-31;www.linx.com.br
06.977.739/0001-34;2013-01-01;3;30382;TEMPO PARTICIPAÇOES S/A;2007-12-19;Igaratinga S/A.;2006-01-01;019917;2006-01-04;Categoria A;2010-01-01;Ativo;2006-01-04;Brasil;Brasil;Serviços médicos;Soluções médicas, planos médicos e odontológicos e assitências 24 horas.;Fase Operacional;2007-12-19;Privado;2007-12-19;31;12;2010-12-31;www.tempoassist.com.br
06.977.745/0001-91;2013-01-01;3;33505;BR MALLS PARTICIPAÇOES S.A.;2006-10-24;ITATIRA PARTICIPAÇÕES S.A.;2004-05-26;019909;2006-01-04;Categoria A;2010-01-01;Ativo;2006-01-04;Brasil;Brasil;Emp. Adm. Part. - Comércio (Atacado e Varejo);Holding;Fase Operacional;2007-01-01;Privado;2010-01-20;31;12;;www.brmalls.com.br
06.977.751/0001-49;2013-01-01;2;28230;BR PROPERTIES S.A.;2006-12-22;Itarema Participações SA;2004-05-26;019925;2006-01-04;Categoria A;2010-01-01;Ativo;2006-01-04;Brasil;Brasil;Emp. Adm. Part. - Sem Setor Principal;Compra, venda e incorp. de imóveis comerciais prontos ou a construir admin de imóveis próprios ou de terceiros arrendamento, exploração com, locação sub-locação de imóveis comerciais própr. e outros;Fase Operacional;2010-03-08;Privado;2010-03-08;31;12;2011-12-31;www.brpr.com.br
06.981.176/0001-58;2013-01-01;2;26649;CEMIG GERAÇÃO E TRANSMISSÃO S/A;;;2004-09-08;020320;2006-10-10;Categoria B;2010-01-01;Ativo;2006-10-10;Brasil;Brasil;Energia Elétrica;Realiza atividades de geração, transmissão e comercialização de energia elétrica e serviços correlatos que lhe tenham sido ou venham a ser concedidos.;Fase Operacional;2006-10-10;Estatal;2010-04-29;31;12;2011-12-31;http://cemig.infoinvest.com.br
06.981.180/0001-16;2013-01-01;4;26648;CEMIG DISTRIBUIÇÃO S/A;;;2004-08-04;020303;2006-09-25;Categoria B;2010-01-01;Ativo;2006-09-25;Brasil;Brasil;Energia Elétrica;O objetivo da Companhia é estudar, planejar, projetar, construir, operar e explorar sistemas de distribuição e comercialização de energia elétrica e serviços correlatos.;Fase Operacional;2006-09-25;Estatal;2004-08-04;31;12;2011-04-29;http://cemig.infoinvest.com.br
07.021.459/0001-10;2013-01-01;4;30473;BETA SECURITIZADORA S/A;;;2004-09-15;019747;2005-05-11;Categoria B;2010-01-01;Ativo;2005-05-11;Brasil;Brasil;Securitização de Recebíveis;;Fase Operacional;2005-06-01;Privado;2006-12-26;31;12;;www.betasecuritizadora.com.br
07.033.882/0001-30;2013-01-01;3;26952;BRPR 52 SECURITIZADORA DE CRÉDITOS IMOBILIÁRIOS S.A.;2012-03-29;WTORRE TSSP SECURITIZADORA DE CREDITOS IMOBILIARIOS S/A;2004-08-02;019976;2006-02-17;Categoria B;2010-01-01;Ativo;2006-02-17;Brasil;Brasil;Securitização de Recebíveis;;Fase Operacional;2006-02-18;Privado;2012-03-29;31;12;;
07.040.108/0001-57;2013-01-01;3;27142;COMPANHIA DE ÁGUA E ESGOTO DO CEARÁ;1971-07-20;SAAGEC - SER. AUT. DE ÁGUA E ESGOTO DO CEARÁ;1971-07-20;018546;2000-01-19;Categoria A;2010-01-01;Ativo;2000-01-19;Brasil;Brasil;Saneamento, Serv. Água e Gás;Captação, tratamento e distribuição de água;Fase Operacional;2000-01-19;Estatal;2010-12-06;31;12;;www.cagece.com.br
07.047.251/0001-70;2013-01-01;3;31299;CIA ENERG CEARA - COELCE;;;1971-07-05;014869;1995-06-13;Categoria A;2010-01-01;Ativo;1995-06-13;Brasil;Brasil;Energia Elétrica;distribuição de energia elétrica.;Fase Operacional;1995-06-13;Privado Holding;1999-05-05;31;12;;www.coelce.com.br
07.088.416/0001-52;2013-01-01;3;26872;BRPR 45 SECURITIZADORA DE CRÉDITOS IMOBILIÁRIOS S.A.;2012-03-29;WTORRE FIDES SECURITIZADORA DE CRÉDITOS IMOBILIÁRIOS S.A;2004-10-13;019895;2005-12-22;Categoria B;2010-01-01;Ativo;2005-12-22;Brasil;Brasil;Securitização de Recebíveis;;Fase Operacional;2006-04-11;Privado;2012-03-29;31;12;;
07.110.438/0001-71;2013-01-01;2;29254;BTG PACTUAL SECURITIZADORA S.A;2009-09-18;UBS PACTUAL SECURITIZADORA S.A;2004-11-29;019690;2005-04-14;Categoria B;2010-01-01;Ativo;2005-04-14;Brasil;Brasil;Securitização de Recebíveis;Securitização de Recebíveis Imobiliários;Fase Operacional;2006-12-01;Privado;;31;12;;
07.112.325/0001-05;2013-01-01;2;26491;B.I. COMPANHIA SECURITIZADORA S/A;2005-02-10;BI INVEST PARTICIPAÇÕES LTDA;2004-11-22;019704;2005-04-18;Categoria B;2010-01-01;Ativo;2005-04-18;Brasil;Brasil;Securitização de Recebíveis;aquis/securit crédit hipote. e imob./prest. serv. ref. a operações no merc. secund. e de hipot. e de créditos oriundos de oper. e fin. imob. em geral/emiss.e coloc. de CRI, CRA, Debênt e outros;Fase Operacional;2005-10-06;Privado;;31;12;;http://www.bi-invest.com.br
07.119.838/0001-48;2013-01-01;3;31338;BRAZIL REALTY CIA SECURITIZADORA DE CREDITOS IMOLIARIOS;2004-09-14;;2004-09-14;019720;2005-05-02;Categoria B;2010-01-01;Ativo;2005-05-02;Brasil;Brasil;Securitização de Recebíveis;;Fase Operacional;2005-05-02;Privado;2004-09-14;31;12;2012-12-31;www.cyrela.com.br
07.203.904/0001-63;2013-01-01;2;28310;UNITEXTIL - UNIAO INDUSTRIAL TEXTIL S/A;;;1966-05-02;011606;1982-09-22;Categoria A;2010-01-01;Ativo;1982-09-22;Brasil;Brasil;Têxtil e Vestuário;Produção de Fios e Tecidos Planos;Fase Operacional;1982-09-22;Privado;;31;12;2013-04-30;www.unitextil.com.br
07.206.816/0001-15;2013-01-01;2;28189;M DIAS BRANCO SA IND E COM DE ALIMENTOS;2006-04-06;M.DIAS BRANCO INDÚSTRIA E COMÉRCIO DE ALIMENTOS LTDA.;1951-05-21;020338;2006-10-11;Categoria A;2010-01-01;Ativo;2006-10-11;Brasil;Brasil;Alimentos;PRODUÇÃO E COMERCIALIZAÇÃO DE BISCOITOS, MASSAS, FARINHA DE TRIGO E FARELO, MARGARINAS E GORDURAS, BOLOS E SNACKS.;Fase Operacional;2006-10-11;Privado;2006-08-28;31;12;;www.mdiasbranco.com.br
07.237.373/0001-20;2013-01-01;2;28206;BANCO DO NORDESTE DO BRASIL SA;;;1954-05-18;001228;1977-07-20;Categoria A;2010-01-01;Ativo;1977-07-20;Brasil;Brasil;Bancos;Banco Múltiplo com Carteira Comercial;Fase Operacional;1954-05-18;Estatal;1954-05-18;31;12;;www.bnb.gov.br
07.253.321/0001-47;2013-01-01;2;29106;CARBOMIL SA MINER. E INDUSTRIA;;;1966-11-14;014168;1993-07-27;Categoria B;2010-01-01;Ativo;1993-07-27;Brasil;Brasil;Extração Mineral;Extração e beneficiamento de minerais não metálicos;Fase Operacional;1993-07-27;Privado;;31;12;;www.carbomil.com.br
07.275.159/0001-68;2013-01-01;2;29195;PETROLEO LUB DO NORDESTE SA;;;1967-09-13;009520;1975-10-24;Categoria A;2010-01-01;Ativo;1975-10-24;Brasil;Brasil;Petróleo e Gás;FABRICAÇÃO DE IMPERMEABILIZANTES E SOLVENTES AFINS;Fase Operacional;1975-10-24;Privado;;31;12;;www.petrolusa.com.br
07.332.190/0001-93;2013-01-01;2;27924;VICUNHA TEXTIL SA;2001-06-29;Vicunha Nordeste S/A - Indústria Têxtil;1968-12-26;005991;1971-12-27;Categoria A;2010-01-01;Ativo;1971-12-27;Brasil;Brasil;Têxtil e Vestuário;Fabricação de índigo, brim, fios, linhas e malhas;Fase Operacional;1971-12-27;Privado;2009-12-08;31;12;;www.vicunha.com.br
07.334.600/0001-35;2013-01-01;1;25279;MARINA DE IRACEMA PARK SA;;MARINA DE IRACEMA PARK SA;1983-12-21;016268;1997-05-14;Categoria A;2010-01-01;Ativo;1997-05-14;Brasil;Brasil;Hospedagem e Turismo;RAMO TURISTICO, DE HOTELARIA EM GERAL, SERVICOS DE ANCORADOURO E ACOSTAMENTO DE EMBARCACOES DE RECREIO E SERVICO DE SUPRIMENTO AS TRIPUILACOES DAS EMBARCACOES;Fase Operacional;1997-05-14;Privado;1997-06-16;31;12;2011-12-31;www.marinapark.com.br
07.394.616/0001-33;2013-01-01;2;32585;UNI CIDADE SPTRUST DE RECEBÍVEIS SA;;;2005-11-07;020079;2006-05-23;Categoria B;2010-01-01;Ativo;2006-05-23;Brasil;Brasil;Securitização de Recebíveis;;Fase Pré-Operacional;2006-05-23;Privado;2012-06-26;31;12;;
07.401.436/0001-31;2013-01-01;2;31169;Eldorado Brasil Celulose S.A.;2012-08-20;Eldorado Celulose e Papel S.A.;2005-04-25;022810;2012-06-06;Categoria B;2012-06-06;Ativo;2012-06-06;Brasil;Brasil;Papel e Celulose;A fabricação de celulose e outras pastas para a fabricação de papel.;Fase Operacional;2012-12-01;Privado;2010-10-27;31;12;2005-04-25;www.eldoradobrasil.com.br
07.450.604/0001-89;2013-01-01;2;28126;BANCO INDUSTRIAL E COMERCIAL S/A;1981-07-27;BANCO INDUSTRIAL DO CEARÁ;1938-02-20;021113;2007-09-17;Categoria A;2010-01-01;Ativo;2007-09-17;Brasil;Brasil;Bancos;BANCO MÚLTIPLO;Fase Operacional;2007-09-17;Privado;2007-05-11;31;12;;www.bicbanco.com.br
07.526.557/0001-00;2013-01-01;1;32201;Ambev S.A.;2013-03-01;InBev Participações Societárias S.A.;2005-07-08;023264;2013-10-30;Categoria A;2013-10-30;Ativo;2013-10-30;Brasil;Brasil;Bebidas e Fumo;Fabricação e distribuição de cervejas, refrigerantes e bebidas não carbonatadas e não alcoólicas.;Fase Operacional;2013-10-30;Estrangeiro Holding;2013-07-30;31;12;;http://www.ambev.com.br/investidores
07.587.384/0001-30;2013-01-01;3;29744;GAIA SECURITIZADORA S/A;;;2005-07-11;020222;2006-07-28;Categoria B;2010-01-01;Ativo;2006-07-28;Brasil;Brasil;Securitização de Recebíveis;Aquisição, securitização, emissão, negociação e prestação de serviços relacionados à créditos imobiliários passíveis de securitização.;Fase Operacional;2009-08-17;Privado;2010-08-30;31;12;;www.gaiasec.com.br
07.620.094/0001-40;2013-01-01;3;27976;AFLUENTE G&T DE ENERGIA ELÉTRICA S/A;;;2005-08-31;020150;2006-07-12;Categoria A;2010-01-01;Ativo;2006-07-12;Brasil;Brasil;Energia Elétrica;Geração de energia elétrica.;Fase Operacional;2006-07-12;Privado;;31;12;;http://www.afluente.com.br
07.628.528/0001-59;2013-01-01;3;31365;BRASILAGRO CIA BRAS DE PROP AGRICOLAS;;;2005-09-23;020036;2006-04-25;Categoria A;2010-01-01;Ativo;2006-04-25;Brasil;Brasil;Agricultura (Açúcar, Álcool e Cana);EMPRESA DE DESENVOLVIMENTO DE TERRAS E AGROPECUÁRIO;Fase Operacional;2006-04-25;Estrangeiro;2006-04-25;30;6;2005-09-23;www.brasil-agro.com
07.659.538/0001-51;2013-01-01;2;28962;DINAMICA ENERGIA S/A;;;2005-10-14;020052;2006-05-03;Categoria B;2010-01-01;Ativo;2006-05-03;Brasil;Brasil;Emp. Adm. Part. - Energia Elétrica;Participação em empresas brasileiras do setor energético;Fase Operacional;2006-05-03;Privado;;31;12;;
07.689.002/0001-89;2013-01-01;3;33524;EMBRAER S.A;2006-05-23;Embraer - Empresa Brasileira de Aeronáutica S.A;2006-05-23;020087;2006-05-23;Categoria A;2010-01-01;Ativo;2006-05-23;Brasil;Brasil;Máquinas, Equipamentos, Veículos e Peças;Produção de Aerovanes;Fase Operacional;2006-05-23;Privado;2006-05-23;31;12;;www.embraer.com.br
07.700.557/0001-84;2013-01-01;3;28702;BROOKFIELD INCORPORAÇÕES S.A.;2009-06-22;BRASCAN RESIDENTIAL PROPERTIES S.A.;2005-11-14;020265;2006-09-11;Categoria A;2010-01-01;Ativo;2006-09-11;Brasil;Brasil;Emp. Adm. Part. - Const. Civil, Mat. Const. e Decoração;Gestão em participações societárias;Fase Operacional;2006-09-11;Privado Holding;;31;12;;www.br.brookfield.com
07.710.591/0001-30;2013-01-01;3;26954;BRPR 55 SECURITIZADORA DE CRÉDITOS IMOBILIÁRIOS S.A.;2012-04-17;WTORRE VPA SECURITIZADORA DE CREDITOS IMOBILIARIOS S.A;2005-06-29;019941;2006-01-26;Categoria B;2010-01-01;Ativo;2006-01-26;Brasil;Brasil;Securitização de Recebíveis;;Fase Operacional;2006-01-27;Privado;;31;12;;
07.718.269/0001-57;2013-01-01;3;29935;SPRINGS GLOBAL PARTICIPAÇÕES S/A;;;2005-11-24;020966;2007-07-25;Categoria A;2010-01-01;Ativo;2007-07-25;Brasil;Brasil;Emp. Adm. Part. - Têxtil e Vestuário;;Fase Operacional;2007-07-25;Privado;;31;12;;www.springs.com
07.816.890/0001-53;2013-01-01;4;31547;MULTIPLAN EMP. IMOBILIARIOS S/A;2006-03-15;Multiplan Empreendimentos Imobiliários Ltda.;2005-12-30;020982;2007-07-25;Categoria A;2010-01-01;Ativo;2007-07-25;Brasil;Brasil;Emp. Adm. Part. - Const. Civil, Mat. Const. e Decoração;Administração de shopping centers;Fase Operacional;2007-07-25;Privado;2006-06-22;31;12;2012-12-31;www.multiplan.com.br/ri
07.820.907/0001-46;2013-01-01;2;27023;CR2 EMPREENDIMENTOS IMOBILIÁRIOS S/A;;;2006-01-10;020630;2007-04-16;Categoria A;2010-01-01;Ativo;2007-04-16;Brasil;Brasil;Construção Civil, Mat. Constr. e Decoração;Incorporação Imobiliária;Fase Operacional;2007-04-16;Privado;2009-05-27;31;12;;www.cr2.com.br
07.825.881/0001-29;2013-01-01;2;31346;ACRUX SECURITIZADORA S/A;;;2006-01-02;020230;2006-08-09;Categoria B;2010-01-01;Ativo;2006-08-09;Brasil;Brasil;Securitização de Recebíveis;;Fase Operacional;2006-08-09;Privado;;31;12;;www.acruxcapital.com
07.857.850/0001-50;2013-01-01;1;25564;GP INVESTMENTS, LTD;2006-03-09;GP Global, Inc.;2003-10-16;080020;2006-05-30;Categoria A;2010-01-01;Ativo;2006-05-30;Bermudas;Brasil;Emp. Adm. Part. - Sem Setor Principal;Private equity.;Fase Operacional;2003-10-29;Estrangeiro Holding;;31;12;;www.gp-investments.com
07.859.971/0001-30;2013-01-01;3;29238;TRANSMISSORA ALIANÇA DE ENERGIA ELÉTRICA S.A.;2009-11-04;Terna Participações S.A.;2006-01-23;020257;2006-09-06;Categoria A;2010-01-01;Ativo;2006-09-06;Brasil;BR;Emp. Adm. Part. - Energia Elétrica;Transmissão de Energia Elétrica.;Fase Operacional;2006-10-06;Privado;2010-12-31;31;12;;www.taesa.com.br
07.949.970/0001-87;2013-01-01;2;28412;CENTENNIAL ASSET PART. MINAS-RIO S/A;;;2006-04-10;020176;2006-07-19;Categoria A;2010-01-01;Ativo;2006-07-19;Brasil;Brasil;Emp. Adm. Part. - Extração Mineral;A Companhia tem por objeto a participação no capital de outras sociedades, nacionais ou estrangeiras, constituídas sob qualquer tipo societário, qualquer que seja o objeto social.;Fase Operacional;2006-07-19;Privado Holding;2008-12-23;31;12;;www.camr.com.br
07.950.674/0001-04;2013-01-01;4;32264;CENTENNIAL ASSET PART. AMAPA S/A;2012-04-16;CENTENNIAL ASSET PART. AMAPA S/A;2006-04-10;020184;2006-07-19;Categoria A;2012-05-10;Ativo;2006-07-19;Brasil;Brasil;Emp. Adm. Part. - Extração Mineral;Desenvolvimento de projetos de carvão na Colômbia, incluindo, mas não limitado a, pesquisa, exploração, lavra, beneficiamento, industrialização, transporte, exportação e comércio de carvão;Fase Operacional;2006-07-19;Privado Holding;2012-05-24;31;12;2011-12-31;www.ccx.com.co
07.957.093/0001-96;2013-01-01;6;33562;ÓLEO E GÁS PARTICIPAÇÕES S/A;2012-12-06;CENTENNIAL ASSET PART. CORUMBÁ S.A.;2006-04-10;020168;2006-07-19;Categoria A;2010-01-01;Ativo;2006-07-19;Brasil;Brasil;Emp. Adm. Part. - Petróleo e Gás;Participações em outras sociedades;Em Recuperação Judicial ou Equivalente;2013-11-21;Privado;;31;12;2010-12-31;www.ogx.com.br
08.065.557/0001-12;2013-01-01;2;26500;TECNISA S/A;;;2006-05-22;020435;2007-01-09;Categoria A;2010-01-01;Ativo;2007-01-09;Brasil;Brasil;Construção Civil, Mat. Constr. e Decoração;Incorporação, compra e venda de imóveis prontos e a construir a locação e administração de bens imóveis, construção de imóveis e a prestação de serviço de consultoria imobiliaria.;Fase Operacional;2007-01-09;Privado;;31;12;;www.tecnisa.com.br/ri
08.070.508/0001-78;2013-01-01;2;32468;Raizen Energia S.A.;2011-06-01;Cosan Açúcar e Álcool S/A;2000-11-16;023230;2013-10-21;Categoria B;2013-10-21;Ativo;2013-10-21;Brasil;Brasil;Agricultura (Açúcar, Álcool e Cana);Produção de etanol, açúcar e bionergia.;Fase Operacional;2013-10-21;Privado;2011-06-01;31;3;;www.raizen.com.br
08.078.847/0001-09;2013-01-01;2;28321;LPS BRASIL CONSULTORIA DE IMOVEIS S/A;;;2006-05-22;020370;2006-12-12;Categoria A;2010-01-01;Ativo;2006-12-12;Brasil;Brasil;Emp. Adm. Part. - Const. Civil, Mat. Const. e Decoração;Intermediação na compra, venda, permuta e locação de imóveis ou de direitos e obrigações a eles relativos.;Fase Operacional;2006-12-12;Privado;2010-03-10;31;12;2012-12-31;www.lopes.com.br
08.159.965/0001-33;2013-01-01;1;27800;COMPANHIA DE ÁGUAS DO BRASIL - CAB AMBIENTAL;;;2006-06-26;023175;2013-05-13;Categoria A;2013-05-13;Ativo;2013-05-13;Brasil;Brasil;Saneamento, Serv. Água e Gás;Prestação de serviços públicos de água e esgoto.;Fase Operacional;2006-06-26;Privado Holding;;31;12;;www.cabambiental.com.br
08.219.477/0001-74;2013-01-01;4;32474;ITAQUI GERAÇÃO DE ENERGIA S.A.;2006-07-11;UTE PORTO DO ITAQUI GERAÇÃO DE ENERGIA LTDA.;2006-07-11;023213;2013-09-26;Categoria B;2013-09-26;Ativo;2013-09-26;Brasil;Brasil;Energia Elétrica;operação comercial de usina térmica, comercialização de energia, gerenciamento de projetos de infra-estrutura, operação portuária de descarga/carga de granéis, participação em outras sociedades;Fase Operacional;2013-09-26;Privado;;31;12;;www.eneva.com.br
08.281.683/0001-04;2013-01-01;3;31578;RJCP EQUITY S/A;2010-08-11;Galbano Telecomunicações e Participações S.A.;2006-08-09;022330;2011-01-13;Categoria A;2011-01-13;Ativo;2011-01-13;Brasil;Brasil;Emp. Adm. Part. - Sem Setor Principal;Administração de participações societárias.;Fase Operacional;2011-10-01;Privado Holding;;31;12;;www.rjcpequity.com
08.294.224/0001-65;2013-01-01;3;33688;JHSF PARTICIPAÇÕES SA;;;2006-06-29;020605;2007-04-04;Categoria A;2010-01-01;Ativo;2007-04-04;Brasil;Brasil;Emp. Adm. Part. - Const. Civil, Mat. Const. e Decoração;Empresa de participações em empresas de incorporação imobiliária, desenvolvimento e exploração de shopping centers e escritórios comerciais e atividade hoteleira;Fase Operacional;2007-04-04;Privado Holding;2006-06-29;31;12;;www.jhsf.com.br/ri
08.312.229/0001-73;2013-01-01;2;26809;EZ TEC EMPREEND. E PARTICIPAÇÕES S/A;;;2006-07-31;020770;2007-06-15;Categoria A;2010-01-01;Ativo;2007-06-15;Brasil;Brasil;Construção Civil, Mat. Constr. e Decoração;(a) Incorporação e comercialização de empreendimentos imobiliários de qualquer natureza, (b) administração e locação de imóveis prórpios, (c) loteamento de terrenos, (d) construção de condomínios ...;Fase Operacional;2007-06-15;Privado;;31;12;;www.eztec.com.br/ri
08.324.196/0001-81;2013-01-01;2;26726;CIA ENERGÉTICA DO RIO GRANDE DO NORTE;2005-08-08;COMPANHIA DE SERVIÇOS ELÉTRICOS DO RN;1961-12-14;018139;1999-01-04;Categoria A;2010-01-01;Ativo;1999-01-04;Brasil;Brasil;Energia Elétrica;Serviço Público de Distribuição de Energia Elétrica;Fase Operacional;1999-01-04;Privado;2005-11-29;31;12;2009-12-31;www.cosern.com.br
08.343.492/0001-20;2013-01-01;2;29040;MRV ENGENHARIA E PARTICIPAÇÕES S/A;;;2006-05-31;020915;2007-07-13;Categoria A;2010-01-01;Ativo;2007-07-13;Brasil;Brasil;Construção Civil, Mat. Constr. e Decoração;Atividades de Incorporação e ConstruçãoAtividades de Logística;Fase Operacional;2007-07-13;Privado;;31;12;;www.mrv.com.br
08.364.948/0001-38;2013-01-01;4;33440;ALUPAR INVESTIMENTO S/A;2007-07-11;Alusa Participações S.A.;2006-09-27;021490;2008-06-18;Categoria A;2012-10-04;Ativo;2008-06-18;Brasil;Brasil;Emp. Adm. Part. - Energia Elétrica;a participação em outras sociedades atuantes nos setores de energia e infra-estrutura, no Brasil ou no exterior a geração, transformação, transporte, a distribuiçãoe o comércio de energia.;Fase Operacional;2008-06-18;Privado;2006-09-27;31;12;2011-12-31;www.alupar.com.br
08.402.943/0001-52;2013-01-01;2;28501;GUARARAPES CONFECÇÕES SA;2001-10-30;CONFECÇÕES GUARARAPES S.A.;1956-10-06;004669;1958-10-16;Categoria A;2010-01-01;Ativo;1958-10-16;Brasil;Brasil;Têxtil e Vestuário;Confecções de roupas e tecidos em geral.;Fase Operacional;1992-10-20;Privado;2006-10-30;31;12;2011-12-31;www.guararapes.ind.br
08.424.178/0001-71;2013-01-01;4;29141;TECBLU - TECELAGEM BLUMENAU S/A.;1987-08-31;TEKA TECELAGEM BLUMENAU S/A;1969-06-02;011215;1971-04-28;Categoria A;2010-01-01;Ativo;1971-04-28;Brasil;Brasil;Têxtil e Vestuário;CONSTITUI OBJETO PRINCIPAL DA SOCIEDADE A INDUSTRIA E O COMERCIO DE PRODUTOS TEXTEIS;Paralisada;2008-07-03;Privado;;31;12;;http://tecblutecelagem.com.br
08.439.659/0001-50;2013-01-01;3;31347;EMPRESA DE INVESTIMENTOS EM ENERGIAS RENOVAVEIS;2011-08-24;EMPRESA DE INVESTIMENTOS EM ENERGIAS RENOVAVEIS;2006-10-02;020540;2007-03-08;Categoria A;2012-05-04;Ativo;2007-03-08;Brasil;Brasil;Emp. Adm. Part. - Energia Elétrica;Geração de energias renováveis.;Fase Operacional;2008-10-29;Privado;2011-08-24;31;12;;www.cpflrenovaveis.com.br
08.467.115/0001-00;2013-01-01;5;31919;CIA ESTADUAL DE DISTRIBUIÇÃO DE ENERGIA ELETRICA;;;2006-11-28;020648;2007-04-17;Categoria A;2010-01-01;Ativo;2007-04-17;Brasil;Brasil;Energia Elétrica;Prestação de serviços de natureza pública ou privada, no setor de distribuição de energia elétrica.;Fase Operacional;2007-04-17;Estatal;;31;12;;www.ceee.com.br
08.493.364/0001-62;2013-01-01;3;31330;CIA MINEIRA DE AÇUCAR E ALCOOL PARTICIPAÇÕES;2008-12-23;COMPANHIA MINEIRA DE AÇÚCAR E ÁLCOOL LTDA.;2006-12-01;021709;2009-03-04;Categoria B;2010-01-01;Ativo;2009-03-04;Brasil;Brasil;Emp. Adm. Part. - Agricultura (Açúcar, Álcool e Cana);HOLDING DE INSTITUIÇÕES NÃO FINANCEIRAS.;Fase Operacional;2010-04-01;Privado;2011-03-03;31;3;2010-12-16;www.cmaa.ind.br
08.534.605/0001-74;2013-01-01;3;33589;RENOVA ENERGIA S/A;;;2006-12-06;021636;2008-08-20;Categoria A;2010-03-19;Ativo;2008-08-20;Brasil;Brasil;Energia Elétrica;;Fase Operacional;2006-12-06;Privado;;31;12;;www.renovaenergia.com.br
08.560.444/0001-93;2013-01-01;3;31378;COMPANHIA CELG DE PARTICIPAÇÕES;2008-04-30;COMPANHIA GOIÁS DE PARTICIPAÇÕES;2006-12-04;021393;2008-03-14;Categoria A;2010-01-01;Ativo;2008-03-14;Brasil;Brasil;Emp. Adm. Part. - Energia Elétrica;PARTICIPAÇÃO EM OUTRAS SOCIEDADES COMO ACIONISTA OU SÓCIA-COTISTA E, AINDA, A EXPLORAÇÃO DIRETA OU INDIRETA DE SERVIÇOS DE ENERGIA ELÉTRICA;Fase Operacional;2008-03-14;Estatal Holding;;31;12;;www.celg.com.br
08.613.550/0001-98;2013-01-01;3;31308;BRASIL BROKERS PARTICIPAÇÕES SA;2007-06-11;Seyhan Participações S.A.;2007-01-16;021180;2007-10-26;Categoria A;2010-01-06;Ativo;2007-10-26;Brasil;Brasil;Emp. Adm. Part. - Const. Civil, Mat. Const. e Decoração;Participação em Sociedades que atuem no setor imobiliário.;Fase Operacional;2007-10-26;Privado;2007-06-30;31;12;2009-12-31;www.brbrokers.com.br
08.638.269/0001-00;2013-01-01;2;29089;SETIBA PARTICIPAÇÕES S/A;2006-12-11;;2006-12-11;020834;2007-07-02;Categoria A;2010-01-01;Ativo;2007-07-02;Brasil;Brasil;Emp. Adm. Part. - Sem Setor Principal;A Companhia tem por objeto social a participação em outras sociedades, como sócia ou acionista ou em consórcios, no país ou no exterior.;Fase Pré-Operacional;2007-07-02;Privado Holding;2008-12-29;31;12;2006-12-11;www.setiba.net.br
08.648.295/0001-19;2013-01-01;5;32629;ALLIS PARTICIPAÇÕES S.A.;2007-07-02;SAGI PARTICIPAÇÕES S.A.;2006-12-26;020850;2007-07-02;Categoria A;2010-01-01;Ativo;2007-07-02;Brasil;Brasil;Emp. Adm. Part. - Sem Setor Principal;Holding Controladora de empresas de prestação de serviços de locação de mão de obra.;Fase Operacional;2007-07-02;Privado Holding;;31;12;2012-04-27;www.allis.com.br/dados
08.653.753/0001-08;2013-01-01;3;31335;BRC SECURITIZADORA SA;;;2007-01-02;020672;2007-04-20;Categoria B;2010-01-01;Ativo;2007-04-20;Brasil;Brasil;Securitização de Recebíveis;Aquisição e securitização de recebíveis imobiliários;Fase Operacional;2007-04-20;Privado;2007-02-01;31;12;;www.brcsecuritizadora.com.br
08.684.547/0001-65;2013-01-01;4;30569;MAGNESITA REFRATARIOS S.A.;2008-03-17;RPAR HOLDING S.A;2006-12-11;020842;2007-07-02;Categoria A;2010-01-01;Ativo;2007-07-02;Brasil;Brasil;Extração Mineral;Mineração, produção e comercialização de extensa linha de materiais refratários;Fase Operacional;2008-03-17;Privado;2010-03-12;31;12;2010-12-31;www.magnesita.com
08.723.106/0001-25;2013-01-01;3;27960;BHG S.A. - BRAZIL HOSPITALITY GROUP;2010-01-12;INVEST TUR - Desenvolvimento Imobiliário Turístico S.A.;2007-03-14;020907;2007-07-12;Categoria A;2010-01-01;Ativo;2007-07-12;Brasil;Brasil;Emp. Adm. Part. - Hospedagem e Turismo;;Fase Operacional;2007-07-13;Privado;2009-02-18;31;12;;www.bhg.net
08.741.499/0001-08;2013-01-01;5;33621;PRUMO LOGISTICA SA;2013-12-10;LLX LOGÍSTICA S.A;2007-03-01;021482;2008-06-12;Categoria A;2010-01-01;Ativo;2008-06-12;Brasil;Brasil;Serviços Transporte e Logística;Atuação no setor de Logísitica Portuária.;Fase Operacional;2008-06-12;Estrangeiro Holding;2013-10-14;31;12;;www.prumologistica.com.br
08.764.621/0001-53;2013-01-01;2;27164;GENERAL SHOPPING BRASIL SA;2007-05-31;GENERAL SHOPPING S.A;2007-03-06;021008;2007-07-26;Categoria A;2010-01-01;Ativo;2007-07-26;Brasil;Brasil;Emp. Adm. Part. - Sem Setor Principal;Administração de Shopping Centers;Fase Operacional;2007-07-26;Privado Holding;2007-08-30;31;12;2007-03-06;www.generalshopping.com.br
08.769.451/0001-08;2013-01-01;5;33067;ISEC SECURITIZADORA S.A.;2012-12-13;IMOWEL SECURITIZADORA S.A.;2007-03-05;020818;2007-07-02;Categoria B;2010-01-01;Ativo;2007-07-02;Brasil;...............;Securitização de Recebíveis;Securitização de Recebíveis Imobiliários;Fase Operacional;2013-03-31;Privado;;31;12;2012-12-13;não possui.
08.801.621/0001-86;2013-01-01;2;28922;CYRELA COMMERCIAL PROPERTIES SA EMP PART;;;2007-04-11;021040;2007-08-01;Categoria A;2010-01-01;Ativo;2007-08-01;Brasil;Brasil;Emp. Adm. Part. - Const. Civil, Mat. Const. e Decoração;Incorporação de empreendimentos imobiliários;Fase Operacional;2007-08-01;Privado;;31;12;;www.ccpsa.com.br
08.807.432/0001-10;2013-01-01;2;28301;ESTACIO PARTICIPAÇÕES SA;;;2007-03-31;021016;2007-07-26;Categoria A;2010-01-01;Ativo;2007-07-26;Brasil;Brasil;Emp. Adm. Part. - Educação;A Estácio Participações S.A e as sociedades de propósito específico por elas controladas desenvolvem, principalmente, atividades de (i) ensino superior nas modalidades presencial e a distância.;Fase Operacional;2007-07-26;Privado;2010-10-01;31;12;2010-12-31;www.estacioparticipacoes.com.br
08.811.643/0001-27;2013-01-01;4;33450;TRISUL S/A;;;2007-04-24;021130;2007-10-10;Categoria A;2010-01-01;Ativo;2007-10-10;Brasil;Brasil;Construção Civil, Mat. Constr. e Decoração;Incorporadora e Construtora;Fase Operacional;2007-10-10;Privado;2011-12-31;31;12;;www.trisul-sa.com.br/ri
08.835.366/0001-92;2013-01-01;3;29865;CENTENNIAL ASSET PARTICIPAÇÕES AÇU S.A.;2009-03-31;Centennial Asset Participações Logística S.A.;2007-05-07;021245;2007-12-11;Categoria A;2010-10-29;Ativo;2007-12-11;Brasil;Brasil;Emp. Adm. Part. - Serviços Transporte e Logística;;Fase Operacional;2007-12-11;Estrangeiro;;31;12;2011-12-31;http://www.centennialacu.com.br
08.873.873/0001-10;2013-01-01;4;28694;ECORODOVIAS CONCESSÕES E SERVIÇOS S/A;2009-02-03;Ecoporto Participações Ltda.;2007-05-15;021903;2009-12-22;Categoria B;2010-01-01;Ativo;2009-12-22;Brasil;Brasil;Emp. Adm. Part. - Serviços Transporte e Logística;Serviços de apoio administrativo e de engenharia, exploração direta ou indireta de negócios de concessão de obras e serviços públicos.;Fase Operacional;2009-12-22;Privado Holding;2009-01-31;31;12;2008-01-31;www.ecorodovias.com.br
08.884.213/0001-35;2013-01-01;3;26476;BANCO PATAGONIA SA;2004-12-31;BANCO PATAGONIA SUDAMERIS SA;1928-09-18;080063;2007-07-09;Categoria A;2010-01-01;Ativo;2007-07-09;Argentina;Brasil;Bancos;Banco Comercial;Fase Operacional;2007-07-09;Estatal;2011-04-12;31;12;2011-12-31;www.bancopatagonia.com.ar
08.887.330/0001-52;2013-01-01;2;31215;COSAN LIMITED;;;2007-04-30;080071;2007-08-15;Categoria A;2010-01-01;Ativo;2007-08-15;Bermudas;Estados Unidos;Agricultura (Açúcar, Álcool e Cana);Produção de Açúcar, Etanol e Cogeração de Energia, Distribuição de Combustíveis, Produção e Distribuição de Lubrificantes,Logística Açúcar e Grãos, Operador Logístico e Distribuição de Gás.;Fase Operacional;2007-08-15;Privado;;31;12;2013-04-01;www.cosanlimited.com
08.903.116/0001-42;2013-01-01;3;31326;NOVA SECURITIZAÇÃO S/A;;;2007-05-16;021105;2007-09-11;Categoria B;2010-01-01;Ativo;2007-09-11;Brasil;Brasil;Securitização de Recebíveis;Securitização de Créditos Imobiliários e direitos créditórios do Agragronegócio e emissão e colocação dos Recebíveis junto ao mercado financeiro e de capitais.;Fase Operacional;2007-09-11;Privado;2010-06-24;31;12;2012-12-31;www.novasec.com.br
08.904.552/0001-36;2013-01-01;3;31579;LAEP INVESTMENTS LTD;;LAEP INVESTMENTS LTD;2007-06-20;080098;2007-10-29;Categoria A;2010-01-01;Ativo;2007-10-29;Bermudas;Brasil;Emp. Adm. Part. - Alimentos;Holding de Instituições não financeiras;Fase Operacional;2007-10-29;Estrangeiro Holding;;31;12;;http://www.laep.com.br
08.935.054/0001-50;2013-01-01;3;31632;MULTINER S/A;2007-10-31;2010 Geração de Energia e Participações S.A.;2007-05-21;021520;2008-07-10;Categoria B;2010-01-01;Ativo;2008-07-10;Brasil;Brasil;Energia Elétrica;Geração, transmissão e comercialização de energia elétrica e a participação em outras sociedades civis ou comerciais, no país e no exterior, principalmente no setor de energia.;Fase Operacional;2008-07-10;Privado Holding;;31;12;2011-12-31;www.multiner.com.br
08.936.792/0001-12;2013-01-01;2;26540;INTERNATIONAL MEAL COMPANY HOLDINGS S/A;2009-09-30;Advent Food and Beverage Empreendimentos S.A.;2007-06-15;022438;2011-03-03;Categoria A;2011-03-03;Ativo;2011-03-03;Brasil;Brasil;Alimentos;Setor de Varejo de Alimentação;Fase Operacional;2011-03-03;Privado Holding;2010-06-10;31;12;2011-10-31;www.internationalmealcompany.com
08.937.002/0001-13;2013-01-01;2;26861;VISION SECURITIZADORA S/A;;;2007-06-25;021075;2007-08-29;Categoria B;2010-01-01;Ativo;2007-08-29;Brasil;Brasil;Securitização de Recebíveis;Securitização de Créditos Imobiliários.;Fase Operacional;2007-08-29;Privado;;31;12;;
08.943.312/0001-40;2013-01-01;5;33142;AGRENCO LIMITED;2007-06-26;;2007-06-26;080080;2007-10-22;Categoria A;2010-01-01;Ativo;2007-10-22;Bermudas;Luxemburgo;Emp. Adm. Part. - Agricultura (Açúcar, Álcool e Cana);sob as leis de Bermudas nos é facultado ter um objeto social amplo, assim podemos realizar os atos diretamente ligados ou incidentais à condução de nossos negócios e busca de nossos objetivos.;Fase Operacional;2007-10-22;Estrangeiro Holding;2007-10-05;31;12;2007-06-26;www.agrenco.com.br
09.041.168/0001-10;2013-01-01;2;32787;LOG COMMERCIAL PROPERTIES E PARTICIPAÇÕES S.A.;2012-01-05;MRV Logística e Participações S.A;2007-07-03;023272;2013-11-12;Categoria B;2013-11-12;Ativo;2013-11-12;Brasil;Brasil;Construção Civil, Mat. Constr. e Decoração;A Companhia tem por objeto: (i) a administração de bens próprios (ii) a prestação de serviços de engenharia e de construção de imóveis residenciais e/ou comerciais (iii) a incorporação, construção,;Fase Operacional;2013-11-12;Privado;;31;12;;http://www.logcp.com.br/
09.054.385/0001-44;2013-01-01;2;28063;Inbrands S.A.;2011-02-25;Ellus do Brasil Confecções e Comércio S.A.;2007-06-30;022560;2011-08-08;Categoria A;2011-08-08;Ativo;2011-08-08;Brasil;Brasil;Têxtil e Vestuário;Setor varejista de roupas.;Fase Operacional;2007-06-30;Privado;;31;12;;www.inbrands.com.br
09.074.183/0001-64;2013-01-01;2;28471;TRANSBRASILIANA CONCESSIONÁRIA DE RODOVIA S.A;2007-12-06;Garches Holdings S.A.;2007-07-20;022225;2010-11-05;Categoria B;2010-11-05;Ativo;2010-11-05;Brasil;Não aplicável;Serviços Transporte e Logística;Realização, sob o regime de concessão, mediante cobrança de pedágio, da exploração da infra-estrutura e da prestação de serviços públicos e obras.;Fase Operacional;2008-02-14;Privado;2010-12-10;31;12;;www.transbrasilianasa.com.br
09.095.183/0001-40;2013-01-01;3;31329;ENERGISA PARAÍBA - DISTRIBUIDORA DE ENERGIA S/A;2008-04-29;SAELPA - SOCIEDADE ANÔNIMA DE ELETRIFICAÇÃO DA PARAÍBA;1964-02-14;021938;2010-01-29;Categoria B;2010-01-29;Ativo;2010-01-29;Brasil;Brasil;Energia Elétrica;Concessionária de serviço público de distribuição de energia elétrica.;Fase Operacional;2010-01-29;Privado;2007-01-31;31;12;1964-02-14;www.energisa.com.br
09.112.685/0001-32;2013-01-01;8;33496;OSX BRASIL S.A.;2009-10-06;EBX Brasil S.A.;2007-09-03;021342;2008-02-26;Categoria A;2010-03-19;Ativo;2008-02-26;Brasil;Brasil;Emp. Adm. Part. - Sem Setor Principal;Equipamentos e Serviços para a indústria offshore de petróleo e gás natural;Fase Operacional;2008-02-26;Privado Holding;;31;12;2011-12-31;www.osx.com.br
09.116.278/0001-01;2013-01-01;3;29265;CONPEL CIA NORDESTINA PAPEL;;;1971-04-16;004685;1977-07-20;Categoria A;2010-01-01;Ativo;1977-07-20;Brasil;Brasil;Embalagens;Fabricação de embalagens de Papel;Fase Operacional;1977-07-20;Privado;;31;12;2012-12-31;http://www.conpel.com.br/
09.149.503/0001-06;2013-01-01;3;28944;OMEGA ENERGIA RENOVÁVEL S/A;2008-01-24;Green Metal Participações Ltda.;2007-09-26;022110;2010-07-29;Categoria B;2010-07-29;Ativo;2010-07-29;Brasil;A companhia não possui valores mobiliários sob custódia.;Emp. Adm. Part. - Energia Elétrica;Investimento no capital de outras sociedades nos setores de energia ou serviços a estas relacionados.;Fase Operacional;2010-07-29;Privado;;31;12;;www.omegaenergia.com.br
09.191.251/0001-75;2013-01-01;3;31366;MONTICIANO PARTICIPAÇÕES S/A;;;2007-06-11;021261;2007-12-24;Categoria A;2010-01-01;Ativo;2007-12-24;Brasil;Brasil;Emp. Adm. Part. - Sem Setor Principal;A Companhia tem por objeto social a participação em outras sociedades, como sócia ou acionista ou em consórcios, no país ou no exterior .;Fase Operacional;2008-04-03;Privado Holding;2008-04-11;31;12;2007-06-11;www.monticianopar.com.br
09.257.877/0001-37;2013-01-01;2;26591;FERROVIA NORTE SUL S/A;;;2007-12-14;021814;2009-11-24;Categoria B;2010-01-01;Ativo;2009-11-24;Brasil;Brasil;Serviços Transporte e Logística;Empresa de logística e transporte ferroviário de carga, sob o regime de subconcessão.;Fase Operacional;2009-11-24;Privado;2011-03-31;31;12;2011-12-31;
09.288.252/0001-32;2013-01-01;2;32248;GAEC EDUCAÇÃO S.A.;2007-10-05;;2007-10-05;023248;2013-10-24;Categoria A;2013-10-24;Ativo;2013-10-24;Brasil;Brasil;Educação;Administração, direta ou indireta, de atividade de instituições de 3º e 4º graus, educação profissional.;Fase Operacional;2013-10-24;Privado Holding;;31;12;;www.animaeducacao.com.br
09.295.063/0001-97;2013-01-01;3;32316;TECHNOS S.A.;2011-05-04;GMT Participações S.A.;2007-11-21;022519;2011-06-28;Categoria A;2011-06-28;Ativo;2011-06-28;Brasil;Brasil;Comércio (Atacado e Varejo);A Companhia tem por objeto social a participação em outras sociedades, como sócia ou acionista, no país ou no exterior.;Fase Operacional;2011-06-28;Privado;2010-08-20;31;12;;www.grupotechnos.com.br
09.304.427/0001-58;2013-01-01;4;31475;HABITASEC SECURITIZADORA SA;2007-12-19;;2007-12-19;021628;2008-08-19;Categoria B;2010-01-01;Ativo;2008-08-19;Brasil;Brasil;Securitização de Recebíveis;Aquisição e securitização de créditos imobiliários;Fase Operacional;2008-08-19;Privado;;31;12;;www.habitasec.com.br
09.313.969/0001-97;2013-01-01;2;28642;AUTOPISTA LITORAL SUL;;;2007-12-19;021997;2010-03-29;Categoria B;2010-03-29;Ativo;2010-03-29;Brasil;Brasil;Serviços Transporte e Logística;Concessionária de Rodovias;Fase Operacional;2010-03-29;Privado Holding;;31;12;;www.autopistalitoralsul.com.br
09.324.949/0001-11;2013-01-01;2;28616;AUTOPISTA FLUMINENSE SA;;;2007-12-19;022004;2010-03-29;Categoria B;2010-03-29;Ativo;2010-03-29;Brasil;Brasil;Serviços Transporte e Logística;Concessão de Rodovias;Fase Operacional;2010-03-29;Privado Holding;2007-12-19;31;12;;www.autopistafluminense.com.br
09.325.109/0001-73;2013-01-01;2;28656;AUTOPISTA PLANALTO SUL SA;;;2007-12-19;021970;2010-03-29;Categoria B;2010-03-29;Ativo;2010-03-29;Brasil;Brasil;Serviços Transporte e Logística;Concessionária de Rodovia;Fase Operacional;2008-12-19;Privado Holding;;31;12;;www.autopistaplanaltosul.com.br
09.326.342/0001-70;2013-01-01;2;28558;AUTOPISTA FERNÃO DIAS SA;;;2007-12-19;021989;2010-03-29;Categoria B;2010-03-29;Ativo;2010-03-29;Brasil;Brasil;Serviços Transporte e Logística;Concessionária de Rodovias, pontes, túneis e serviçios relacionados;Fase Operacional;2010-03-29;Privado Holding;;31;12;;www.autopistafernao.com.br
09.336.431/0001-06;2013-01-01;2;28626;AUTOPISTA REGIS BITTENCOURT SA;;;2007-12-19;021962;2010-03-29;Categoria B;2010-03-29;Ativo;2010-03-29;Brasil;Brasil;Serviços Transporte e Logística;Concessionária de rodovias;Fase Operacional;2010-03-29;Privado Holding;;31;12;;www.autopistaregis.com.br
09.346.601/0001-25;2013-01-01;3;26643;BM&F BOVESPA S/A - BOLSA DE VALORES, MERCADORIAS E FUTUROS;2008-05-08;Nova Bolsa S.A.;2007-12-14;021610;2008-08-11;Categoria A;2010-01-01;Ativo;2008-08-11;Brasil;Brasil;Bolsas de Valores/Mercadorias e Futuros;A BM&FBOVESPA tem como principais objetivos administrar mercados organizados de títulos, valores mobiliários e contratos derivativos.;Fase Operacional;2008-08-11;Privado;;31;12;;http://www.bmfbovespa.com.br
09.358.105/0001-91;2013-01-01;3;29774;CETIP S.A. - MERCADOS ORGANIZADOS;2008-04-14;Forficata Participações S.A.;2008-01-29;021792;2009-10-26;Categoria A;2010-01-01;Ativo;2009-10-26;Brasil;Brasil;Intermediação Financeira;Sociedade administradora de mercados de balcão organizados.;Fase Operacional;2008-07-01;Privado;;31;12;;www.cetip.com.br
09.400.937/0001-29;2013-01-01;4;31474;BERNA PARTICIPAÇÕES SA;2007-12-29;;2007-12-29;021563;2008-07-31;Categoria A;2010-01-01;Ativo;2008-07-31;Brasil;Brasil;Emp. Adm. Part. - Sem Setor Principal;A Companhia tem por objeto social a participação em outras sociedades, como sócia ou acionista ou em consórcios, no país ou no exterior.;Fase Operacional;2011-03-31;Privado Holding;2007-12-29;31;12;2007-12-29;www.berna.net.br
09.414.761/0001-64;2013-01-01;2;28145;ACCIONA CONCESSÕES RODOVIA DO AÇO S.A.;2010-02-10;RODOVIA DO AÇO S/A;2008-03-04;022446;2011-03-29;Categoria B;2011-03-29;Ativo;2011-03-29;Brasil;Brasil;Serviços Transporte e Logística;Concessionária de exploração da infra estrutura rodoviária federal mediante cobrança de pedágio. Contrato firmado com a Agência Nacional de Transportes Terrestres.;Fase Operacional;2011-03-29;Privado;;31;12;2012-12-31;www.rodoviadoaco.com.br
09.439.783/0001-89;2013-01-01;4;32690;ÁQUILLA SECURITIZADORA SA;;;2008-01-14;021512;2008-06-24;Categoria B;2010-01-01;Ativo;2008-06-24;Brasil;Brasil;Securitização de Recebíveis;Securitizadora de Recebíveis Imobiliários e do Agronegócio;Fase Pré-Operacional;2010-02-11;Privado;2008-01-14;31;12;2008-01-14;www.aquillacorp.com.br
09.462.140/0001-56;2013-01-01;4;31476;BASEL PARTICIPAÇÕES S/A;2007-12-29;;2007-12-29;021601;2008-08-07;Categoria A;2010-01-01;Ativo;2008-08-07;Brasil;Brasil;Emp. Adm. Part. - Sem Setor Principal;A Companhia tem por objeto social a participação em outras sociedades, como sócia ou acionista ou em consórcios, no país ou no exterior.;Fase Operacional;2012-01-31;Privado Holding;2007-12-29;31;12;2007-12-29;www.basel.net.br
09.462.890/0001-28;2013-01-01;4;31574;BRT HOLDING 1 S.A;2013-01-23;BR TOWERS S.A;2007-12-29;021580;2008-07-31;Categoria A;2010-01-01;Ativo;2008-07-31;Brasil;Brasil;Emp. Adm. Part. - Telecomunicações;A Companhia tem por objeto social a participação em outras sociedades, como sócia ou acionista ou em consórcios, no país ou no exterior.;Fase Operacional;2008-07-31;Privado Holding;2007-12-29;31;12;2007-12-29;www.brtholding1.com
09.538.973/0001-53;2013-01-01;5;33650;PDG COMPANHIA SECURITIZADORA;;ZMF 25 Incorporações S.A.;2008-03-10;021644;2008-10-03;Categoria B;2010-01-01;Ativo;2008-10-03;Brasil;Brasil;Securitização de Recebíveis;Securitização de Créditos Imobiliários;Fase Operacional;2009-07-10;Privado;;31;12;;www.pdg.com.br
09.594.796/0001-22;2013-01-01;2;28863;AGV HOLDING S/A;2008-10-23;Xylander Empreendimentos e Participações Ltda;2008-05-27;021806;2009-11-05;Categoria B;2010-01-01;Ativo;2009-11-05;Brasil;Brasil;Emp. Adm. Part. - Serviços Transporte e Logística;;Fase Operacional;2009-11-05;Privado Holding;2011-12-02;31;12;;
09.601.322/0001-60;2013-01-01;4;31147;CTX PARTICIPAÇÕES S/A;;;2008-04-25;021652;2008-10-09;Categoria B;2010-01-01;Ativo;2008-10-09;Brasil;Brasil;Emp. Adm. Part. - Telecomunicações;Administração e Participação;Fase Operacional;2008-10-09;Privado;2012-03-13;31;12;2012-12-31;www.ctx-participacoes.com.br
10.215.988/0001-60;2013-01-01;2;29131;Companhia de Locação das Américas;;;2008-07-18;022691;2011-12-30;Categoria A;2012-03-01;Ativo;2011-12-30;Brasil;Brasil;Serviços Transporte e Logística;A Companhia tem por objeto a atividade de locação de veículos nacionais e importados com ou sem motorista.;Fase Operacional;2011-12-30;Privado;;31;12;;www.locamerica.com.br
10.242.478/0001-81;2013-01-01;2;28005;INVITEL LEGACY SA;;;2008-07-23;021687;2008-11-11;Categoria B;2010-01-01;Ativo;2008-11-11;Brasil;Brasil;Emp. Adm. Part. - Telecomunicações;Gestão dos direitos e obrigações assumidos por Zain, Invitel e Techold no âmbito dos contratos firmados com sociedades do grupo Telecom Italia em 2007. Participação em outras sociedades.;Fase Operacional;2008-11-11;Privado Holding;2008-07-31;31;12;;http://invitellegacy.mzweb.com.br
10.324.624/0001-18;2013-01-01;2;27251;CONCESSÃO METROVIÁRIA DO RIO DE JANEIRO S.A.;2009-11-30;MEGAPAR PARTICIPAÇÕES S.A.;2008-08-20;022144;2010-09-20;Categoria B;2010-09-20;Ativo;2010-09-20;Brasil;Brasil;Serviços Transporte e Logística;Prestação de serviços de transporte metroviário no Rio de Janeiro/atividades correlatas/participação no capital de outras sociedades.;Fase Operacional;2009-11-30;Privado Holding;;31;12;;www.metrorio.com.br
10.337.440/0001-92;2013-01-01;2;28234;NSG CAPITAL SECURITIZADORA S/A;2011-04-26;NSG CAPITAL SECURITIZADORA S.A.;2008-08-20;021695;2008-12-22;Categoria B;2010-01-01;Ativo;2008-12-22;Brasil;Brasil;Securitização de Recebíveis;SECURITIZAÇÃO DE CRÉDITOS;Fase Operacional;2010-04-09;Privado;;31;12;2009-12-31;
10.338.320/0001-00;2013-01-01;2;26536;AFLUENTE TRANSMISSÃO DE ENERGIA ELETRICA S/A;2009-09-22;Imanisse Participações S.A.;2008-08-18;022179;2010-09-24;Categoria A;2010-09-24;Ativo;2010-09-24;Brasil;Brasil;Energia Elétrica;Transmissão de Energia Elétrica;Fase Operacional;2009-12-29;Privado Holding;;31;12;;www.neoenergia.com/ri
10.345.009/0001-98;2013-01-01;4;29024;ALL ORE MINERAÇÃO S/A;2011-04-29;STEEL DO BRASIL PARTICIPAÇÕES S.A.;2008-08-18;021725;2009-06-24;Categoria A;2010-01-01;Ativo;2009-06-24;Brasil;Brasil;Emp. Adm. Part. - Extração Mineral;Administração de participações societárias e mineração;Fase Pré-Operacional;2009-06-24;Estrangeiro Holding;;31;12;;www.allore.com.br
10.382.341/0001-22;2013-01-01;6;33532;Duxxi Imobiliária Ltda.;2013-07-18;Metropolis Empreendimentos Imobiliários S.A.;2008-09-10;022047;2010-06-04;Categoria A;2010-06-04;Ativo;2010-06-04;Brasil;Brasil;Seguradoras e Corretoras;A Companhia tem por atividade principal a intermediação na compra, venda, permuta e locação de imóveis ou de direitos e obrigações a eles relativos.;Fase Operacional;2010-06-04;Estrangeiro Holding;;31;12;;www.duxxi.com.br
10.488.244/0001-19;2013-01-01;3;31332;INFRASEC SECURITIZADORA S/A;2008-10-27;;2008-10-27;021750;2009-09-22;Categoria B;2010-01-01;Ativo;2009-09-22;Brasil;Brasil;Securitização de Recebíveis;Securitização de Recebíveis Imobiliários;Fase Operacional;2009-09-22;Privado;2008-10-27;31;12;2008-10-27;www.infrasec.com.br
10.502.676/0001-37;2013-01-01;1;33513;TERMELÉTRICA PERNAMBUCO III S/A;2008-10-23;;2008-10-23;023329;2013-12-10;Categoria B;2013-12-10;Ativo;2013-12-10;Brasil;Brasil;Energia Elétrica;Implantação e exploração de empreendimentos de geração de energia elétrica e infra¬estrutura correlata, comercialização de energia elétrica gerada em tais empreendimentos.;Fase Pré-Operacional;2013-12-10;Privado;2013-02-28;31;12;;www.utepeiii.com.br
10.531.501/0001-58;2013-01-01;5;33613;CONCESSIONARIA AUTO RAPOSO TAVARES S.A.;;;2008-11-12;022268;2010-11-22;Categoria B;2010-11-22;Ativo;2010-11-22;Brasil;Brasil;Serviços Transporte e Logística;Concessionária de rodovias.;Fase Operacional;2010-11-22;Privado Holding;;31;12;;www.cart.invepar.com.br
10.608.405/0001-60;2013-01-01;8;33551;Barigui Securitizadora SA;2013-10-01;Aster Securtizadora SA;2008-10-28;021920;2009-12-29;Categoria B;2010-01-01;Ativo;2009-12-29;Brasil;Brasil;Securitização de Recebíveis;Aquisição e securitização de recebíveis imobiliários, emissão e colocação no mercado financeiro de Certificados de Recebíveis Imobiliários, gestão e administração de carteiras de crédito imobiliário.;Fase Operacional;2009-12-29;Privado;2013-10-01;31;12;2008-10-28;http://www.bariguisec.com.br/
10.629.105/0001-68;2013-01-01;4;31370;HRT PARTICIPAÇÕES EM PETRÓLEO S.A.;2009-07-17;BN 16 Participações Ltda.;2008-10-13;022187;2010-10-21;Categoria A;2010-10-21;Ativo;2010-10-21;Brasil;Brasil;Petróleo e Gás;Constitui objeto da Companhia a participação em outras sociedades como sócia, acionista ou quotista, independentemente de sua atividade.;Fase Operacional;2010-10-21;Privado Holding;;31;12;;www.hrt.com.br
10.635.691/0001-53;2013-01-01;2;28498;ViaRondon Concessionária de Rodovia S/A;2009-03-13;BRVias Operações S.A.;2007-12-18;022543;2011-07-21;Categoria B;2011-07-21;Ativo;2011-07-21;Brasil;Brasil;Serviços Transporte e Logística;Concessionárias de rodovias, pontes, túneis e serviços relacionados.;Fase Operacional;2011-07-21;Privado;2010-12-10;31;12;;www.viarondon.com.br
10.647.979/0001-48;2013-01-01;2;27940;CONCESSIONÁRIA ROTA DAS BANDEIRAS S.A.;;;2009-02-09;022071;2010-06-30;Categoria B;2010-06-30;Ativo;2010-06-30;Brasil;Brasil;Serviços Transporte e Logística;Exploração, sob o regime de concessão, do sistema rodoviário constituído pela malha rodoviária estadual do Corredor Dom Pedro I;Fase Operacional;2010-06-30;Privado Holding;;31;12;;www.rotadasbandeiras.com.br
10.670.314/0001-55;2013-01-01;2;26788;Viabahia Concessionária de Rodovias S.A.;2009-05-11;Charlotte Empreendimentos e Participações Ltda.;2009-02-18;022926;2012-08-24;Categoria B;2012-08-24;Ativo;2012-08-24;Brasil;Brasil;Serviços Transporte e Logística;Concessionária de rodovias.;Fase Operacional;2009-09-03;Privado;2012-07-10;31;12;;www.viabahiasa.com.br/
10.678.505/0001-63;2013-01-01;3;31007;Concessionária Rodovias do Tiete SA;;;2009-02-19;022721;2012-02-09;Categoria B;2011-09-06;Ativo;2012-02-09;Brasil;Brasil;Serviços Transporte e Logística;Exploração, sob o regime de concessão, do sistema rodoviário constituído pela malha rodoviária estadual do Corredor Marechal Rondon Leste;Fase Operacional;2012-02-09;Privado;2011-11-25;31;12;2012-12-31;www.rodoviasdotiete.com.br
10.753.164/0001-43;2013-01-01;3;31328;ECO. SEC. DTOS. CREDIT. AGRONEGÓCIOS S/A;;;2009-03-02;021741;2009-07-15;Categoria B;2010-01-01;Ativo;2009-07-15;Brasil;Brasil;Securitização de Recebíveis;Aquisição de quaisquer direitos creditorios do agronegocio com a consequente emissão de Certificados de Recebiveis do Agronegocio no mercado financeiro e de capitais;Fase Operacional;2010-01-01;Privado;;31;12;;www.ecoagro.agr.br
10.760.260/0001-19;2013-01-01;1;33414;CVC Brasil Operadora e Agência de Viagens S.A.;2009-06-05;H.N.D.S.P.E. Empreendimentos e Participações S.A.;2009-03-25;023310;2013-12-05;Categoria A;2013-12-05;Ativo;2013-12-05;Brasil;Brasil;Hospedagem e Turismo;Serviços de turismo, compreendendo a intermediação, individualmente ou na forma agregada, de passagens aéreas, transporte terrestre, reservas de hotéis, passagens de cruzeiros marítimos, entre outros.;Fase Operacional;;Privado;;31;12;;http://www.cvc.com.br/ri
10.826.798/0001-89;2013-01-01;15;33660;BRASIL FOODSERVICE GROUP S.A. - BFG;2011-06-27;CASUAL DINING PARTICIPAÇÕES S/A;2009-05-12;021865;2009-12-11;Categoria A;2012-12-11;Ativo;2009-12-11;Brasil;Brasil;Emp. Adm. Part. - Comércio (Atacado e Varejo);PARTICIPAÇÕES EM OUTRAS EMPRESAS.;Fase Operacional;2013-03-31;Privado;2013-09-30;31;12;;www.bfgroup.com.br
10.835.932/0001-08;2013-01-01;2;26629;CIA ENERGÉTICA DE PERNAMBUCO - CELPE;2003-08-12;COMPANHIA ENERGÉTICA DE PERNAMBUCO;1965-02-10;014362;1994-04-29;Categoria A;2010-01-01;Ativo;1994-04-29;Brasil;Brasil;Energia Elétrica;estudar, projetar, construir e explorar os sistemas de distribuição e comercialização aos consumidores finais de energia elétrica, bem como a geraçãa de energia elétrica em sistema isolado.;Fase Operacional;1994-04-29;Privado Holding;2000-02-17;31;12;;www.celpe.com.br
10.841.050/0001-55;2013-01-01;4;31956;CONC ROD AYRTON SENNA E CARV PINTO S.A;;Concessionária de Rodovias Ayrton Senna e Carvalho Pinto S.A.;2009-06-12;022411;2011-02-22;Categoria B;2011-02-22;Ativo;2011-02-22;Brasil;Brasil;Serviços Transporte e Logística;Concessão e exploração de rodovias.;Fase Pré-Operacional;2011-02-22;Privado;;31;12;;www.ecopistas.com.br
10.847.761/0001-37;2013-01-01;3;29863;EBX BRASIL S.A.;2009-12-23;CENTENNIAL ASSET PARTICIPAÇÕES BRASIL SA;2009-03-31;021784;2009-10-08;Categoria A;2010-07-29;Ativo;2009-10-08;Brasil;Brasil;Emp. Adm. Part. - Serviços Transporte e Logística;;Fase Pré-Operacional;2009-10-08;Estrangeiro;;31;12;2011-12-31;www.ebxbrasil.com.br
10.894.123/0001-77;2013-01-01;1;31589;BOLERO PARTICIPAÇÕES S/A;2010-04-07;BOLERO CONSULTORIA E PARTICIPAÇÕES S.A.;2009-04-23;022039;2010-05-27;Categoria B;2010-05-27;Ativo;2010-05-27;Brasil;não se aplica;Emp. Adm. Part. - Sem Setor Principal;A Bolero tem por objeto a participação em outras empresas e sociedades, como sócia ou acionista, e a administração de bens de sua propriedade.;Fase Operacional;2010-05-27;Privado;;31;12;;www.boleropar.com.br
11.094.546/0001-75;2013-01-01;4;30360;MULTIPLUS SA;2009-10-28;Q.X.A.S.P.E. Empreendimentos e Participações S.A.;2009-08-06;021946;2010-02-03;Categoria A;2010-02-03;Ativo;2010-02-03;Brasil;Brasil;Comércio (Atacado e Varejo);A Multiplus atua com o conceito de rede de empresas e programas de fidelização. Por meio desta rede, os consumidores podem acumular e resgatar pontos nos estabelecimentos parceiros.;Fase Operacional;2010-02-03;Privado;2010-01-15;31;12;;www.multiplusfidelidade.com.br
11.257.352/0001-43;2013-01-01;2;29158;BSI CAPITAL SECURITIZADORA S/A;2012-08-01;FOUR EX CIA SECURITIZADORA DE CREDITOS;2009-09-02;023132;2013-04-17;Categoria B;2013-04-17;Ativo;2013-04-17;Brasil;Brasil;Securitização de Recebíveis;aquisição,securitização,cessão,reaquisição de quaisquer direitos creditóriosemissão e colocação de títulos e valores mobiliáriosinclusive direitos creditorios imobiliarios na forma da Lei 9.514;Fase Operacional;;Privado;2012-08-01;31;12;;
11.274.829/0001-07;2013-01-01;6;32899;COMPANHIA PAULISTA DE SECURITIZAÇÃO;;;2009-10-15;022080;2010-07-20;Categoria B;2010-07-20;Ativo;2010-07-20;Brasil;Brasil;Securitização de Recebíveis;Aquisição de direitos creditórios e estruturação e implementação de operações que envolvam a emissão de valores mobiliários, tais como debêntures, de emissão pública ou privada.;Fase Operacional;2013-04-01;Estatal Holding;;31;12;;www.fazenda.sp.gov.br/cpsec
11.395.624/0001-71;2013-01-01;5;30131;BRASIL PHARMA S.A.;2013-05-13;BRAZIL PHARMA S.A.;2009-12-07;022500;2011-06-22;Categoria A;2011-06-22;Ativo;2011-06-22;Brasil;Brasil;Emp. Adm. Part. - Farmacêutico e Higiene;Empresa do setor de varejo farmacêutico.;Fase Operacional;2011-06-22;Privado Holding;2011-03-22;31;12;;www.brph.com.br
11.396.633/0001-87;2013-01-01;2;28486;3A COMPANHIA SECURITIZADORA;;;2009-11-03;021954;2010-03-08;Categoria B;2010-03-08;Ativo;2010-03-08;Brasil;Brasil;Securitização de Recebíveis;;Fase Pré-Operacional;2010-03-08;Privado;;31;12;2012-12-31;
11.423.623/0001-93;2013-01-01;2;26685;DUFRY AG;2005-11-17;Sintres Holding Ltd.;2003-11-04;080110;2010-03-31;Categoria A;2010-03-31;Ativo;2010-03-31;Suíça;Suíça;Emp. Adm. Part. - Comércio (Atacado e Varejo);Adquirir, deter, administrar continuamente, vender e financiar participações em companhias de todos os tipos na Suíça e no exterior.;Fase Operacional;2003-11-03;Estrangeiro Holding;;31;12;;www.dufry.com
11.566.501/0001-56;2013-01-01;2;28155;TEREOS INTERNACIONAL S/A;2010-05-18;Tereos Participações Ltda.;2010-02-02;022136;2010-08-11;Categoria A;2010-08-11;Ativo;2010-08-11;Brasil;Brasil;Alimentos;Gestão de participações em sociedades que exploram atividades de açúcar, amido e bioenergia e em ramos de atividade afins ou complementares.;Fase Operacional;2010-08-11;Estrangeiro Holding;2010-03-29;31;3;2010-05-18;www.tereosinternacional.com
11.616.840/0001-08;2013-01-01;2;28311;ANDRADE GUTIERREZ TELECOMUNICAÇÕES E PARTICIPAÇÕES S.A.;2010-02-25;ANDRADE GUTIERREZ TELECOMUNICAÇÕES S.A.;2010-02-25;022756;2012-03-01;Categoria A;2012-03-01;Ativo;2012-03-01;Brasil;Brasil;Emp. Adm. Part. - Telecomunicações;Gestão de Participações Societárias (Holding);Fase Operacional;2012-03-01;Privado;2010-02-25;31;12;;www.agsa.com.br
11.669.021/0001-10;2013-01-01;3;31327;QGEP PARTICIPAÇÕES SA;2010-09-02;Latina Participações S.A.;2010-03-09;022365;2011-02-02;Categoria A;2011-02-02;Ativo;2011-02-02;Brasil;Brasil;Emp. Adm. Part. - Petróleo e Gás;Participação em sociedades que se dediquem à exploração, produção ecomercialização de petróleo, gás natural e seus derivados, seja como sócio ouacionista ou outras formas de associações.;Fase Operacional;2011-02-02;Privado Holding;2010-09-29;31;12;;www.qgep.com.br
11.716.471/0001-17;2013-01-01;2;28478;TRX Securitizadora de Créditos Imobiliários S.A.;;;2010-01-22;022420;2011-03-02;Categoria B;2011-03-02;Ativo;2011-03-02;Brasil;Brasil;Securitização de Recebíveis;A Companhia tem por objeto social a aquisição e securitização de recebíveis imobiliários, a emissão e colocação no mercado financeiro, de CRIs e outros títulos de créditos ligados à sua atividade.;Fase Operacional;2011-03-02;Privado Holding;;31;12;;www.trxsecuritizadora.com.br
11.721.921/0001-60;2013-01-01;5;31608;BRASIL INSURANCE PARTICIPAÇÕES E ADMINISTRAÇÃO S/A;2010-03-10;Não aplicável;2010-03-10;022217;2010-10-28;Categoria A;2010-10-28;Ativo;2010-10-28;Brasil;Brasil;Emp. Adm. Part. - Seguradoras e Corretoras;Participação em sociedades corretoras de seguros;Fase Pré-Operacional;2010-10-28;Privado;2010-03-27;31;12;2010-03-10;www.brasilinsurance.com.br
11.992.680/0001-93;2013-01-01;1;23987;QUALICORP S.A.;2011-03-03;QC Holding I Participações S.A.;2010-02-12;022497;2011-06-17;Categoria A;2011-06-17;Ativo;2011-06-17;Brasil;Brasil;Emp. Adm. Part. - Sem Setor Principal;Prestação de serviços e gestão de benefícios de assistência à saúde.;Fase Operacional;2011-06-17;Privado;;31;12;2011-12-31;www.qualicorp.com.br
11.995.753/0001-09;2013-01-01;3;29514;Pascro Participações S.A.;;;2010-03-02;022209;2010-10-22;Categoria B;2010-10-22;Ativo;2010-10-22;Brasil;Brasil;Emp. Adm. Part. - Sem Setor Principal;Participação, como sócia ou acionista, em outras empresas e sociedades e a administração de bens próprios (holding pura);Fase Pré-Operacional;2012-09-15;Privado Holding;2011-04-26;31;12;2010-03-02;
12.049.631/0001-84;2013-01-01;2;27252;MOURA DUBEUX ENGENHARIA S/A;;;2007-08-23;021067;2007-08-23;Categoria B;2010-01-01;Ativo;2007-08-23;Brasil;Brasil;Construção Civil, Mat. Constr. e Decoração;Compra e venda de imóveis, locação, desmembramento ou loteamento de terrenos, incorporação imobiliária ou construção de imóveis destinados à venda, participação em outras sociedades.;Fase Operacional;2007-08-23;Privado;;31;12;;www.mouradubeux.com.br
12.078.880/0001-06;2013-01-01;1;25993;COMPANHIA AURIFERA BRASILEIRA S.A.;2010-05-19;;2010-05-19;022870;2012-08-03;Categoria A;2012-08-03;Ativo;2012-08-03;Brasil;Brasil;Emp. Adm. Part. - Extração Mineral;O Emissor possui por objetivo explorar as oportunidades de investimento no setor de mineração aurífera e a administração e exploração comercial de jazidas próprias e de terceiros.;Fase Pré-Operacional;2010-05-19;Privado;2011-12-16;31;12;2010-05-19;www.auriferabrasileira.com.br
12.126.500/0001-53;2013-01-01;4;32953;REDENTOR ENERGIA S/A;;;2010-04-29;022128;2010-08-06;Categoria A;2010-08-06;Ativo;2010-08-06;Brasil;Brasil;Emp. Adm. Part. - Energia Elétrica;Companhia holding com atuação no setor elétrico;Fase Operacional;2010-08-06;Privado;2011-05-12;31;12;2012-12-31;www.redentorenergia.com.br
12.130.744/0001-00;2013-01-01;7;32172;ÁPICE SECURITIZADORA IMOBILIÁRIA S.A.;2012-08-02;PORTFOLIO SECURITIZADORA S.A.;2010-05-28;022276;2010-11-25;Categoria B;2010-11-25;Ativo;2010-11-25;Brasil;Brasil;Securitização de Recebíveis;(i) a aquisição e securitização de créditos imobiliários (ii) a emissão e colocação, no mercado financeiro, de Certificados de Recebíveis Imobiliários ("CRI's");Fase Operacional;2013-01-15;Privado;2012-08-02;31;12;2012-12-31;www.apicesec.com.br
12.139.922/0001-63;2013-01-01;3;29537;Octante Securitizadora S.A.;2010-10-08;Mazomba Participações S/A;2010-05-03;022390;2011-02-14;Categoria B;2011-02-14;Ativo;2011-02-14;Brasil;Brasil;Securitização de Recebíveis;Securitização de direitos creditórios imobiliários e do agronegócio, emissão de Certificados de Recebíveis Imobiliários e Certificados de Recebíveis do Agronegócio;Fase Operacional;2012-05-03;Privado;;31;12;;www.octantesec.com.br
12.261.588/0001-16;2013-01-01;3;31325;POLO CAPITAL SECURITIZADORA S.A.;2010-05-31;;2010-05-31;022160;2010-09-22;Categoria B;2010-09-22;Ativo;2010-09-22;Brasil;Brasil;Comércio (Atacado e Varejo);Aquisição e securitização de créditos imobiliários e hipotecários Prestação de serviços referentes a operações nos mercados secundários Emissão de Certificados de Recebíveis Imobiliários;Fase Operacional;2010-05-31;Privado Holding;2010-05-31;31;12;2010-05-31;www.polocapital.com
12.320.349/0001-90;2013-01-01;6;33253;BRASIL AGROSEC COMPANHIA SECURITIZADORA;2010-08-05;ARP PARTICIPAÇÕES LTDA.;2010-06-30;022250;2010-11-10;Categoria B;2010-11-10;Ativo;2010-11-10;Brasil;Brasil;Securitização de Recebíveis;Aquisição e securitização de direitos creditórios do agronegócio, com a consequente emissão e colocação dos CRAs nos mercados financeiros e de capitais.;Fase Operacional;2010-11-10;Privado;2011-09-05;31;12;;www.brasilagrosec.com.br
12.394.916/0001-52;2013-01-01;3;32121;INTERMULTIMODAL S.A.;;;2010-05-27;023086;2013-02-28;Categoria A;2013-02-28;Ativo;2013-02-28;Brasil;Brasil;Emp. Adm. Part. - Serviços Transporte e Logística;O Emissor possui por objetivo explorar as oportunidades de investimento no setor de operação de plataformas logísticas.;Fase Pré-Operacional;2013-02-28;Privado;2013-10-21;31;12;;www.intermultimodal.com.br
12.394.936/0001-23;2013-01-01;3;33294;EOX ENERGIA EÓLICA S.A.;;;2010-06-08;023078;2013-02-25;Categoria A;2013-02-25;Ativo;2013-02-25;Brasil;Brasil;Emp. Adm. Part. - Energia Elétrica;O Emissor possui por objetivo explorar as oportunidades de investimentos no setor de energia elétrica provenientes de geração eólica.;Fase Pré-Operacional;2013-02-25;Privado;2013-11-19;31;12;;www.eoxenergiaeolica.com.br
12.394.972/0001-97;2013-01-01;3;33474;FOSFATO BRASILEIRO S.A.;;;2010-06-03;023027;2013-01-16;Categoria A;2013-01-16;Ativo;2013-01-16;Brasil;Brasil;Emp. Adm. Part. - Sem Setor Principal;O Emissor possui por objetivo explorar as oportunidades de investimento no setor de produtos e serviços ligados à industria de adubos e fertilizantes.;Fase Pré-Operacional;2010-06-03;Privado;2013-11-29;31;12;;www.fosfatobrasileiro.com.br
12.394.991/0001-13;2013-01-01;3;31991;UTILIUM PARTICIPAÇÕES S.A.;2013-10-03;ESX ENERGIA SOLAR S.A.;2010-06-09;023094;2013-03-06;Categoria A;2013-03-06;Ativo;2013-03-06;Brasil;Brasil;Emp. Adm. Part. - Energia Elétrica;O Emissor possui por objetivo a compra, venda e administração de participações societárias.;Fase Pré-Operacional;2013-03-06;Privado;2013-10-03;31;12;;www.utilium.com.br
12.395.010/0001-52;2013-01-01;1;31425;DELUXE MOTORS S.A.;;;2010-05-28;023191;2013-09-09;Categoria A;2013-09-09;Ativo;2013-09-09;Brasil;Brasil;Emp. Adm. Part. - Serviços Transporte e Logística;O Emissor possui por objetivo explorar as oportunidades de investimento no setor de transporte de executivos.;Fase Pré-Operacional;2010-05-28;Privado;;31;12;;www.deluxemotors.com.br
12.395.063/0001-73;2013-01-01;4;31110;ECTAS HOLDING S.A.;2013-06-28;INTELECTUAL SERVICES S.A. - GESTÃO DE ATIVOS DO CONHECIMENTO;2010-04-07;023043;2013-02-19;Categoria A;2013-02-19;Ativo;2013-02-19;Brasil;Brasil;Emp. Adm. Part. - Saneamento, Serv. Água e Gás;O Emissor possui por objetivo explorar as oportunidades de investimento no setor saneamento.;Fase Pré-Operacional;2013-02-19;Privado Holding;2013-06-28;31;12;;www.ectasholding.com.br
12.489.315/0001-23;2013-01-01;3;28677;Ferreira Gomes Energia S.A.;;;2010-08-10;022977;2012-10-11;Categoria B;2012-10-11;Ativo;2012-10-11;Brasil;Brasil;Energia Elétrica;Construção, operação e exploração de potencial de energia hidráulica e comercialização ou utilização da energia elétrica produzida;Fase Pré-Operacional;2012-10-11;Privado Holding;;31;12;2012-12-31;www.ferreiragomesenergia.com.br
12.492.734/0001-14;2013-01-01;2;27218;DROGARIAS AMERICANAS S.A.;2011-01-24;EQUIPOCARE S.A.;2010-07-06;022837;2012-07-09;Categoria A;2012-07-09;Ativo;2012-07-09;Brasil;Brasil;Farmacêutico e Higiene;O Emissor possui por objetivo explorar as oportunidades de investimento no setor de participações em outras sociedades de comércio varejista de produtos farmacêuticos, perfumaria e afins.;Fase Pré-Operacional;2012-07-09;Privado;;31;12;;www.drogariasamericanas.com.br
12.610.072/0001-30;2013-01-01;3;29780;PLAY BEVERAGE SOUTH AMERICA S.A.;2011-09-30;LUBRISPECIAL S.A.;2010-07-05;022900;2012-08-10;Categoria A;2012-08-10;Ativo;2012-08-10;Brasil;Brasil;Emp. Adm. Part. - Sem Setor Principal;O Emissor possui por objetivo explorar as oportunidades de investimento no setor de participações em outras sociedades.;Fase Pré-Operacional;2012-08-10;Privado;2013-06-04;31;12;2010-07-05;www.playbev.com.br
12.610.097/0001-33;2013-01-01;3;33026;EKOPARKING S.A.;2010-05-28;;2010-05-28;022896;2012-08-10;Categoria A;2012-08-10;Ativo;2012-08-10;Brasil;Brasil;Emp. Adm. Part. - Sem Setor Principal;O Emissor possui por objetivo explorar as oportunidades de investimento no setor de construção, operação, administração e exploração de estacionamentos e loteamentos Res., Com. e Ind.;Fase Pré-Operacional;2012-08-10;Privado;2013-10-31;31;12;2010-05-28;www.ekoparking.com.br
12.610.116/0001-21;2013-01-01;2;28939;INTERCOSMETIC HOLDING S.A.;2010-06-13;Não aplicável;2010-06-13;022888;2012-08-06;Categoria A;2012-08-06;Ativo;2012-08-06;Brasil;Brasil;Emp. Adm. Part. - Farmacêutico e Higiene;O Emissor possui por objetivo explorar as oportunidades de investimento no setor de produtos e serviços ligados à industria da beleza e cuidados pessoais.;Fase Pré-Operacional;2012-08-06;Privado;;31;12;2010-06-13;www.intercosmeticholding.com.br
12.610.165/0001-64;2013-01-01;6;33121;ATLETAS BRASILEIROS S.A;2010-06-07;;2010-06-07;022934;2012-09-03;Categoria A;2012-09-03;Ativo;2012-09-03;Brasil;Brasil;Emp. Adm. Part. - Sem Setor Principal;O emissor possui por objetivo principal explorar as oportunidades de investimento na compra e venda de direitos econômicos de jogadores de futebol.;Fase Operacional;2012-09-03;Privado;2013-03-22;31;12;2010-06-07;www.atletasbrasileiros.com
12.610.764/0001-88;2013-01-01;4;31979;BRASIL PLURAL SECURITIZADORA S/A;2010-08-18;PLURAL CAPITAL SECURITIZADORA S.A.;2010-08-18;022233;2010-11-09;Categoria B;2010-11-09;Ativo;2010-11-09;Brasil;Brasil;Securitização de Recebíveis;Aquisição e securitização de créditos imobiliários, do agronegocio e hipotecários prestação de serviços referentes a operações no mercado secundário de hipotecas e de créditos.;Fase Operacional;2010-11-09;Privado Holding;2010-08-18;31;12;2010-08-18;www.pluralcapital.com
12.646.054/0001-08;2013-01-01;3;33543;COMPANHIA FERRIFERA BRASILEIRA S.A.;;;2010-04-15;023124;2013-03-26;Categoria A;2013-03-26;Ativo;2013-03-26;Brasil;Brasil;Emp. Adm. Part. - Extração Mineral;O Emissor possui por objetivo explorar as oportunidades de investimento no setor de minério de ferro assim como administração, comercialização, extração e pesquisas ligadas ao minério de ferro.;Fase Pré-Operacional;2013-03-26;Privado;2013-11-29;31;12;;www.ferrobrasileiro.com.br
12.648.327/0001-53;2013-01-01;3;31358;Hidrovias do Brasil S.A.;2010-08-18;A Companhia nunca alterou seu nome empresarial;2010-08-18;022675;2011-12-14;Categoria A;2011-12-14;Ativo;2011-12-14;Brasil;Brasil;Serviços Transporte e Logística;Operador de logística hidroviária para clientes de commodities agrícolas, minerais, combustíveis e derivados e carga, integrando o transporte por barcaças com operação de terminais de origem e destino;Fase Operacional;2013-06-30;Privado;2010-08-18;31;12;;www.hbsa.com.br
12.979.898/0001-70;2013-01-01;4;32331;FORTE SECURITIZADORA S.A;2013-04-18;FORTE CAPITAL SECURITIES S,A;2010-11-19;022489;2011-06-15;Categoria B;2011-06-15;Ativo;2011-06-15;Brasil;Brasil;Securitização de Recebíveis;Securitização de Créditos Imobiliários e do Agronegócio;Fase Operacional;2013-10-01;Privado;2013-04-18;31;12;;www.fortesec.com.br
13.009.717/0001-46;2013-01-01;3;29176;BANCO ESTADO SERGIPE SA;1967-06-12;Banco de Fomento Econômico do Estado de Sergipe S/A.;1963-06-18;001120;1977-07-20;Categoria A;2010-01-01;Ativo;1977-07-20;Brasil;Brasil;Bancos;;Fase Operacional;1964-01-02;Estatal;;31;12;;www.banese.com.br
13.017.462/0001-63;2013-01-01;2;26467;ENERGISA SERGIPE - DISTRIBUIDORA DE ENERGIA S/A;2008-04-29;EMPRESA ENERGÉTICA DE SERGIPE S/A - ENERGIPE;1959-06-03;018996;2001-07-17;Categoria B;2011-02-22;Ativo;2001-07-17;Brasil;Brasil;Energia Elétrica;Concessionária de serviço público de distribuição de energia elétrica.;Fase Operacional;2001-07-17;Privado;1998-10-19;31;12;1959-06-03;www.energisa.com.br
13.324.184/0001-97;2013-01-01;2;29130;Vigor Alimentos S.A.;2012-01-17;FG Holding International S.A.;2011-01-03;022772;2012-04-02;Categoria A;2012-04-02;Ativo;2012-04-02;Brasil;Brasil;Emp. Adm. Part. - Alimentos;Produção e comércio de laticínios e derivados de óleo.;Fase Operacional;2012-04-02;Privado;;31;12;;
13.349.677/0001-81;2013-01-01;4;33173;REIT SECURITIZADORA DE RECEBÍVEIS IMOBILIÁRIOS S.A.;;;2011-01-19;022802;2012-05-10;Categoria B;2012-05-10;Ativo;2012-05-10;Brasil;Brasil;Emp. Adm. Part. - Securitização de Recebíveis;(i) a aquisição e securitização de créditos oriundos de operações e negócios de crédito imobiliário em geral e emissão e colocação de Certificados e Recebíveis Imobilários e de outros títulos;Fase Operacional;2012-09-10;Privado;;31;12;;www.reit.com.br
13.407.573/0001-86;2013-01-01;3;31323;Harpia Ômega Participações S.A.;2011-04-29;Q.B.U.S.P.E. Empreendimentos e Participações S.A.;2011-02-24;022578;2011-08-18;Categoria A;2011-08-18;Ativo;2011-08-18;Brasil;Brasil;Emp. Adm. Part. - Sem Setor Principal;A Companhia tem por objeto social a participação em outras Sociedades, como sócia ou acionista, no país ou no exterior ("holding").;Fase Operacional;2012-10-01;Privado Holding;2011-04-29;31;12;;https://www.btgpactual.com/home/harpiaomega.aspx
13.444.994/0001-87;2013-01-01;3;28266;Manabi S.A.;2012-04-16;Manabi Holding S.A.;2011-03-10;022586;2011-09-12;Categoria A;2011-09-12;Ativo;2011-09-12;Brasil;Brasil;Emp. Adm. Part. - Extração Mineral;Prospectar e desenvolver negócios na lavra, extração, produção e venda de minério de ferro e outros depósitos de metais e investir nesses setores, inclusive logística e outras infra-estruturas.;Fase Pré-Operacional;2011-09-12;Privado;;31;12;;www.manabibrasil.com.br
13.720.879/0001-98;2013-01-01;2;26242;TECNO WASTE S.A.;;;2010-06-10;023051;2013-02-25;Categoria A;2013-02-25;Ativo;2013-02-25;Brasil;Brasil;Emp. Adm. Part. - Sem Setor Principal;O Emissor possui por objetivo explorar as oportunidades de investimento no setor de tratamento de lixo eletrônico.;Fase Pré-Operacional;2013-02-25;Privado;;31;12;;www.tecnowaste.com.br
13.720.918/0001-57;2013-01-01;1;26002;ATIVOS BRASILEIROS S.A.;2010-06-04;;2010-06-04;022918;2012-08-10;Categoria A;2012-05-10;Ativo;2012-08-10;Brasil;Brasil;Emp. Adm. Part. - Sem Setor Principal;O Emissor possui por objetivo explorar as oportunidades de investimento no setor de compra e capitalização de direitos creditorios e titulos precatórios e investimentos em participações.;Fase Pré-Operacional;2012-08-10;Privado;;31;12;2010-06-04;www.ativosbrasileiros.com.br
13.788.120/0001-47;2013-01-01;5;30377;ELEKEIROZ S/A;2003-07-31;Ciquine Companhia Petroquímica;1969-07-10;004359;1971-08-18;Categoria A;2010-01-01;Ativo;1971-08-18;Brasil;Brasil;Petroquímicos e Borracha;Industrialização e comercialização de produtos químicos;Fase Operacional;1971-08-18;Privado;2002-05-08;31;12;;www.elekeiroz.com.br
14.042.551/0001-22;2013-01-01;4;30682;Seabras Serviços de Petróleo S.A;;;2011-07-01;022730;2012-02-13;Categoria A;2012-02-13;Ativo;2012-02-13;Brasil;Brasil;Petróleo e Gás;Serviços de afretamento e operação de sondas de pesquisa e perfuração de poços de petróleo e gás natural e embarcações de apoio marítimo.;Fase Pré-Operacional;2012-02-13;Privado;2011-12-09;31;12;;http://www.seabras.com.br
14.200.537/0001-00;2013-01-01;2;29093;NISA PARTICIPACOES S.A.;2011-06-15;A mesma;2011-06-15;022640;2011-12-12;Categoria A;2011-12-12;Ativo;2011-12-12;Brasil;Brasil;Emp. Adm. Part. - Sem Setor Principal;A Companhia tem por objeto social a participação em outras sociedades, como sócia ou acionista ou em consórcios, no país ou no exterior.;Fase Pré-Operacional;2011-06-15;Privado Holding;2011-06-15;31;12;;www.nisa.net.br
14.200.586/0001-42;2013-01-01;6;31477;NAOMI PARTICIPACOES S.A.;2011-06-15;A mesma;2011-06-15;022667;2011-12-12;Categoria A;2011-12-12;Ativo;2011-12-12;Brasil;Brasil;Emp. Adm. Part. - Sem Setor Principal;A Companhia tem por objeto social a participação em outras sociedades, como sócia ou acionista ou em consórcios, no país ou no exterior.;Fase Operacional;2012-11-08;Privado Holding;2011-06-15;31;12;;www.naomi.net.br
14.200.618/0001-00;2013-01-01;4;30472;BELEZA PARTICIPACOES S.A;2013-07-26;NANTES PARTICIPAÇÕES S.A.;2011-06-15;022632;2011-12-12;Categoria A;2011-12-12;Ativo;2011-12-12;Brasil;Brasil;Emp. Adm. Part. - Sem Setor Principal;A Companhia tem por objeto social a participação em outras sociedades, como sócia ou acionista ou em consórcios, no país ou no exterior.;Fase Operacional;2011-06-15;Privado Holding;2011-06-15;31;12;;www.belezaparticipaçoes.com.br
14.200.699/0001-48;2013-01-01;2;29094;NOAH PARTICIPACOES S.A.;2011-06-15;A mesma;2011-06-15;022659;2011-12-12;Categoria A;2011-12-12;Ativo;2011-12-12;Brasil;Brasil;Emp. Adm. Part. - Sem Setor Principal;A Companhia tem por objeto social a participação em outras sociedades, como sócia ou acionista ou em consórcios, no país ou no exterior.;Fase Pré-Operacional;2011-06-15;Privado Holding;2011-06-15;31;12;2011-06-15;www.noah.net.br
14.206.371/0001-39;2013-01-01;3;32010;BR TOWERS SPE 1 S.A.;2012-09-12;Presidente Participações Ltda. e Venatici Empreendimentos e Participações Ltda.;2011-08-16;023205;2013-09-20;Categoria B;2013-09-20;Ativo;2013-09-20;Brasil;Brasil;Máquinas, Equipamentos, Veículos e Peças;Locação, comercialização e construção de equipamentos para exploração de serviços de telecomunicações por terceiros.;Fase Operacional;2013-09-20;Privado;2012-01-27;31;12;2012-12-31;www.brtowers.com.br/spe1
14.212.464/0001-76;2013-01-01;1;23881;TGLT S.A.;2005-06-13;;2005-06-13;080136;2011-11-04;Categoria A;2011-11-04;Ativo;2011-11-04;Argentina;Argentina;Construção Civil, Mat. Constr. e Decoração;Gerenciamento de projetos e empreendimentos imobiliários, desenvolvimentos urbanos o planejamento, avaliação, direção e execução na gestão de tais negócios relacionados ao setor imobiliário.;Fase Operacional;2005-06-13;Estrangeiro;2007-08-01;31;12;;www.tglt.com
14.308.514/0001-13;2013-01-01;3;31890;PARTICIPAÇÕES INDUST. DO NORDESTE S.A.;2002-04-30;BBM Participações S.A.;1976-10-26;001597;1983-12-12;Categoria A;2010-01-01;Ativo;1983-12-12;Brasil;Brasil;Emp. Adm. Part. - Sem Setor Principal;Participação no capital de outras sociedades e prestação de serviços.;Fase Operacional;1983-12-12;Privado Holding;;31;12;;www.pin.com.br
14.333.683/0001-03;2013-01-01;5;29096;BIAM COMPANHIA SECURITIZADORA S/A;;;2011-03-18;023019;2013-01-16;Categoria B;2013-01-16;Ativo;2013-01-16;Brasil;Brasil;Securitização de Recebíveis;Aquisição de créditos imobiliários e de títulos e valores lastreados e de títulos e valores mobiliários lastreados Gestão e Administração de carteira de crédito imobiliários, próprias e de terceiros.;Fase Pré-Operacional;2013-01-16;Privado;2011-03-18;31;12;2011-03-18;www.biamsecuritizadora.com.br
14.388.334/0001-99;2013-01-01;2;28951;PARANA BANCO S.A.;1989-08-28;PARANA FINANCEIRA S.A - CFI.;1977-04-25;020729;2007-06-11;Categoria A;2010-01-01;Ativo;2007-06-11;Brasil;Brasil;Bancos;Banco multiplo com carteira de crédito, financiamento e investimentos.;Fase Operacional;2007-06-11;Privado Holding;2010-05-25;31;12;2010-12-31;www.paranabanco.com.br
14.388.520/0001-28;2013-01-01;2;29070;Pacific Rubiales Energy Corp.;2008-01-23;Consolidated AGX Resources Corp.;1985-04-10;080144;2011-12-23;Categoria A;2011-12-23;Ativo;2011-12-23;Canadá;Canadá;Petróleo e Gás;A Companhia tem como principal atividade a exploração, desenvolvimento e produção de petróleo e gás natural na Colômbia, Peru e Guatemala, sendo a maior companhia independente da Colômbia neste setor.;Fase Operacional;1985-04-10;Privado;;31;12;;www.pacificrubiales.com
14.807.945/0001-24;2013-01-01;2;28387;SANSUY SA INDÚSTRIA DE PLASTICOS;;;1979-10-03;012696;1986-05-06;Categoria A;2010-01-01;Ativo;1986-05-06;Brasil;Brasil;Petroquímicos e Borracha;INDÚSTRIA E COMÉRCIO DE ARTEFATOS PLÁSTICOS;Em Recuperação Judicial ou Equivalente;2006-03-16;Privado;;31;12;;www.sansuy.com.br
14.876.090/0001-93;2013-01-01;5;32460;Gaia Agro Securitizadora S.A.;2013-04-30;Gaia Florestal Securitizadora S.A.;2012-01-02;022764;2012-03-28;Categoria B;2012-03-28;Ativo;2012-03-28;Brasil;Brasil;Securitização de Recebíveis;Aquisição, securitização, emissão, negociação e prestação de serviços relacionados à créditos imobiliários e créditos de agronegócios passíveis de securitização.;Fase Operacional;2013-01-23;Privado;2013-09-04;31;12;;www.grupogaia.com.br/gaiaflorestal
14.962.356/0001-10;2013-01-01;1;24566;Frigol Foods Participações S.A.;;;2011-12-16;022853;2012-07-17;Categoria A;2012-07-17;Ativo;2012-07-17;Brasil;Brasil;Emp. Adm. Part. - Sem Setor Principal;Participação em outras sociedades como sócia ou acionista.;Fase Pré-Operacional;2012-07-17;Privado;;31;12;;www.frigolfoods.com.br
14.969.641/0001-63;2013-01-01;2;31429;Rio Monsarás Participações S.A.;;;2011-07-18;022969;2012-09-06;Categoria B;2012-09-06;Ativo;2012-09-06;Brasil;Brasil;Energia Elétrica;Construção, instalação, operação e exploração de empreendimentos de geração de energia elétrica e realização de estudos e projetos nesse setor.;Fase Pré-Operacional;;Privado Holding;;31;12;;www.riomonsaras.com.br (em construção)
14.998.371/0001-19;2013-01-01;2;26479;J.MACEDO S/A;;;1986-09-11;021156;2007-10-16;Categoria B;2010-01-01;Ativo;2007-10-16;Brasil;Brasil;Alimentos;Industrialização de massas alimentícias, farinhas e misturas para bolo domésticas e derivados de trigo.;Fase Operacional;2007-10-16;Privado;1986-09-11;31;12;2010-01-01;www.jmacedo.com.br
15.073.274/0001-88;2013-01-01;2;28828;BTG Pactual Participations Ltd;;;2010-03-26;080152;2012-04-24;Categoria A;2012-04-24;Ativo;2012-04-24;Bermudas;Bermudas;Emp. Adm. Part. - Sem Setor Principal;Holding de companhias que atuam como veículos de investimento.;Fase Operacional;2010-12-29;Estrangeiro Holding;2010-12-29;31;12;;www.btgpactual.com
15.101.405/0001-93;2013-01-01;3;26582;CORREA RIBEIRO SA COM IND;;;1966-08-01;004863;1977-07-20;Categoria A;2010-01-01;Ativo;1977-07-20;Brasil;Brasil;Construção Civil, Mat. Constr. e Decoração;;Fase Operacional;1977-07-20;Privado Holding;;31;12;;www.crci.com.br
15.115.504/0001-24;2013-01-01;5;31041;Cristal Pigmentos do Brasils S.A.;2013-07-12;MILLENNIUM INORGANIC CHEMICALS DO BRASIL S/A;1966-01-25;011398;1970-12-23;Categoria A;2010-01-01;Ativo;1970-12-23;Brasil;Brasil;Petroquímicos e Borracha;A MILLENNIUM INORGANIC CHEMICALS DO BRASIL S/A., indústria química, produtora de pigmento branco de Dióxido de Titânio, foi fundada em 25 de janeiro de 1966.;Fase Operacional;1970-12-23;Privado Holding;2009-12-31;31;12;2011-12-31;http://www.millennium-al.com.br/
15.124.464/0001-87;2013-01-01;1;28401;BANCO ECONOMICO SA - EM LIQUIDAÇÃO EXTRAJUDICIAL;1972-12-14;BANCO ECONÔMICO DA BAHIA;1834-07-13;001244;1977-07-20;Categoria A;2010-01-01;Ativo;1977-07-20;Brasil;Brasil;Bancos;;Em Liquidação Extrajudicial;1996-08-09;Privado;;31;12;;
15.126.626/0001-16;2013-01-01;3;29737;IND AZULEJOS BAHIA SA;;;1962-03-27;006955;1971-12-30;Categoria A;2010-01-01;Ativo;1971-12-30;Brasil;Brasil;Construção Civil, Mat. Constr. e Decoração;Fabricação de azulejos e pisos;Paralisada;2000-12-31;Privado;;31;12;;www.eliane.com/iasa
15.139.629/0001-94;2013-01-01;3;28281;CIA ELETRICIDADE DA BAHIA;;;1960-03-28;014524;1994-07-28;Categoria A;2010-01-01;Ativo;1994-07-28;Brasil;Brasil;Energia Elétrica;Distribuição de Energia Elétrica;Fase Operacional;1994-07-28;Privado Holding;1997-07-31;31;12;;www.coelba.com.br
15.141.799/0001-03;2013-01-01;3;27837;CIA FERRO LIGAS BAHIA FERBASA;;;1961-02-23;003069;1961-02-28;Categoria A;2010-01-01;Ativo;1961-02-28;Brasil;Brasil;Metalurgia e Siderurgia;Fabricação e comercialização dos diversos tipos de ferroligas;Fase Operacional;1961-02-28;Privado;;31;12;2012-04-24;www.ferbasa.com.br
15.144.017/0001-90;2013-01-01;2;28594;CIA SEGUROS ALIANCA BAHIA;;;1870-01-15;003115;1977-07-20;Categoria A;2010-01-01;Ativo;1977-07-20;Brasil;Brasil;Seguradoras e Corretoras;COMPANHIA DE SEGUROS;Fase Operacional;1977-07-20;Privado;;31;12;;www.alba.com.br
15.413.826/0001-50;2013-01-01;3;31484;EMPRESA ENERGÉTICA DE M.S. S.A.;1993-05-13;EMPRESA DE ENERGIA ELÉTRICA DE MATO GROSSO DO SUL S.A. - ENERSUL;1979-01-01;005576;1981-08-28;Categoria B;2010-01-01;Ativo;1981-08-28;Brasil;Brasil;Energia Elétrica;Distribuição de energia elétrica;Fase Operacional;1981-08-28;Privado;2008-09-11;31;12;2009-12-31;www.enersul.com.br
15.463.423/0001-15;2013-01-01;1;33264;JP Participações S.A.;2013-06-07;Epenêto Empreendimentos e Participações S.A.;2012-03-02;023299;2013-11-22;Categoria A;2013-11-22;Ativo;2013-11-22;Brasil;Brasil;Emp. Adm. Part. - Telecomunicações;;Fase Operacional;2012-03-02;Privado Holding;2013-07-01;31;12;;www.jereissati.com.br/ri
15.483.430/0001-89;2013-01-01;2;28798;BPMB I Participações S.A.;2012-04-02;;2012-04-02;023108;2013-03-22;Categoria A;2013-03-22;Ativo;2013-03-22;Brasil;Brasil;Emp. Adm. Part. - Sem Setor Principal;A Companhia tem por objeto social a participação em outras Sociedades, como sócia ouacionista, no país ou no exterior ("holding").;Fase Pré-Operacional;2013-03-22;Privado Holding;;31;12;;https://www.btgpactual.com/home/bpmbi.aspx
15.527.906/0001-36;2013-01-01;6;29279;Biosev S.A.;2012-05-30;Biosev S.A;1982-09-01;022845;2012-07-12;Categoria A;2012-07-12;Ativo;2012-07-12;Brasil;Brasil;Agricultura (Açúcar, Álcool e Cana);Produção, processamento, industrialização, distribuição e comercialização de cana-de-açúcar eseus derivados, açúcar e etanol entre outros.;Fase Operacional;2012-07-12;Privado;2007-03-28;31;3;2009-11-03;www.biosev.com
15.688.041/0001-90;2013-01-01;3;33425;MBK Securitizadora SA;;;2012-04-13;022861;2012-07-23;Categoria B;2012-07-23;Ativo;2012-07-23;Brasil;Brasil;Securitização de Recebíveis;;Fase Pré-Operacional;;Privado;;31;12;;www.mbkinvest.com.br
15.912.764/0001-20;2013-01-01;3;32573;SMILES S.A.;;;2012-06-10;023140;2013-04-25;Categoria A;2013-04-25;Ativo;2013-04-25;Brasil;Brasil;Comércio (Atacado e Varejo);Programa de milhagem para fidelizar os clientes, próprio ou de terceiros. Acúmulo de Milhas pela compra de passagens aéreas uso de cartão de crédito, hotéis, locadoras de veículos e restaurantes.;Fase Operacional;2013-04-25;Privado;;31;12;2012-12-31;www.smiles.com.br
15.914.972/0001-69;2013-01-01;3;29539;AUREA SECURITIES COMPANHIA SECURITIZADORA S.A.;;Não se aplica;2012-05-23;022950;2012-09-05;Categoria B;2012-09-05;Ativo;2012-09-05;Brasil;Brasil;Securitização de Recebíveis;Aquisição e securitização de recebíveis imobiliários Emissão e colocação no mercado financeiro, de CRI's ou qualquer outro título de crédito que seja compatível com suas atividades.;Fase Pré-Operacional;2012-06-15;Privado;2013-02-26;31;12;;www.aureasecurities.com.br
16.103.773/0001-33;2013-01-01;5;33640;NSG FINPAR S/A;2012-03-27;Não Aplicável;2012-03-27;023116;2013-03-26;Categoria B;2013-03-26;Ativo;2013-03-26;Brasil;Brasil;Emp. Adm. Part. - Bancos;;Fase Operacional;2012-03-27;Privado Holding;2012-12-03;31;12;;www.nsgcapital.com.br
16.234.171/0001-15;2013-01-01;2;28531;METANOR SA METANOL DO NE;;;1969-05-15;008745;1974-12-26;Categoria A;2010-01-01;Ativo;1974-12-26;Brasil;Brasil;Petroquímicos e Borracha;Produção, comercialização, importação e exportação de metanol e seus derivados.;Fase Operacional;1974-12-26;Privado;2008-09-04;31;12;;http://www.metanor.com.br
16.404.287/0001-55;2013-01-01;2;28549;SUZANO PAPEL E CELULOSE SA;2006-07-06;SUZANO BAHIA SUL PAPEL E CELULOSE S.A.;1987-12-08;013986;1992-04-15;Categoria A;2010-01-01;Ativo;1992-04-15;Brasil;Brasil;Papel e Celulose;Indústria e Comércio de Papel e Celulose;Fase Operacional;1992-04-15;Privado;2004-06-30;31;12;2011-12-31;www.suzano.com.br/ri
16.590.234/0001-76;2013-01-01;3;28380;AREZZO INDÚSTRIA E COMERCIO S/A;1986-09-01;Vivenda Indústria, Comércio e Representações Ltda.;1972-09-01;022349;2011-01-31;Categoria A;2011-01-31;Ativo;2011-01-31;Brasil;Brasil;Têxtil e Vestuário;O ramo de atividade da Companhia é a industrialização e a comercialização de artigos de couro e de plástico em geral, incluindo sapatos e artigos de vestuário.;Fase Operacional;2011-01-31;Privado Holding;;31;12;2010-12-31;www.arezzoco.com.br
16.614.075/0001-00;2013-01-01;4;29044;DIRECIONAL ENGENHARIA SA;2007-09-27;Direcional Engenharia Ltda;1981-02-19;021350;2008-02-29;Categoria A;2010-01-01;Ativo;2008-02-29;Brasil;Brasil;Construção Civil, Mat. Constr. e Decoração;Incorporação, construção e comercialização de imóveis próprios ou de terceiros e prestação de serviços de engenharia.;Fase Operacional;2008-02-29;Privado Holding;;31;12;;www.direcional.com.br/ri
16.670.085/0001-55;2013-01-01;3;31743;LOCALIZA RENT A CAR SA;1995-10-02;LOCALIZA RENT A CAR LTDA;1973-09-28;019739;2005-05-06;Categoria A;2010-01-01;Ativo;2005-05-06;Brasil;Brasil;Serviços Transporte e Logística;Aluguel de carros e terceirização de frotas (aluguel de frotas);Fase Operacional;2005-05-06;Privado;2013-05-22;31;12;;www.localiza.com
17.155.730/0001-64;2013-01-01;3;26650;CIA ENERG MINAS GERAIS - CEMIG;1984-09-18;Centrais Elétricas de Minas Gerais;1952-05-22;002453;1971-06-30;Categoria A;2010-01-01;Ativo;1971-06-30;Brasil;Brasil;Energia Elétrica;Concessionária de serviço público de energia elétrica.;Fase Operacional;1971-06-30;Estatal;1952-05-22;31;12;2011-04-29;www.cemig.com.br
17.159.005/0001-64;2013-01-01;3;31987;FIACAO TECELAGEM SAO JOSE SA - EM RECUPERAÇÃO JUDICIAL;;;1933-11-27;005983;1971-10-18;Categoria A;2010-01-01;Ativo;1971-10-18;Brasil;Brasil;Têxtil e Vestuário;Fabricação, comércio e exportação de produtos têxteis.;Em Recuperação Judicial ou Equivalente;1971-10-18;Privado;;31;12;2010-12-31;http://tecelsaojose.com.br/tecelloja/index.php
17.161.241/0001-15;2013-01-01;2;26775;MINASMAQUINAS SA;;MINASMAQUINAS S/A;1961-09-08;008818;1977-07-20;Categoria A;2010-01-01;Ativo;1977-07-20;Brasil;Brasil;Máquinas, Equipamentos, Veículos e Peças;COMÉRCIO DE VEÍCULOS, PEÇAS E SERVIÇOS (CONCESSIONÁRIA MERCEDES-BENZ);Fase Operacional;2002-06-30;Privado Holding;1999-12-29;31;12;;www.minasmaquinas.com.br
17.162.082/0001-73;2013-01-01;3;28236;MENDES JUNIOR ENGENHARIA SA;1993-11-08;MENDES JÚNIOR S.A.;1953-12-31;004782;1977-07-20;Categoria A;2010-01-01;Ativo;1977-07-20;Brasil;Brasil;Construção Civil, Mat. Constr. e Decoração;Construção pesada;Fase Operacional;1977-07-20;Privado;;31;12;;www.mendesjuniorengenharia.com.br
17.167.396/0001-69;2013-01-01;2;28411;ALFA HOLDINGS SA;1999-04-08;Real S.A. Participações e Administração;1959-12-19;009954;1977-07-20;Categoria A;2010-01-01;Ativo;1977-07-20;Brasil;Brasil;Emp. Adm. Part. - Intermediação Financeira;Participar como sócio ou acionista de sociedades, na qualidade de cotista, acionista, ou de outra forma legalmente adminssivel;Fase Operacional;1977-07-20;Privado Holding;2010-04-15;31;12;2009-12-31;www.alfanet.com.br
17.167.412/0001-13;2013-01-01;2;28383;FINANCEIRA ALFA S.A.- C.F.I;1999-04-19;COMPANHIA REAL DE INVESTIMENTO - CRÉDITO, FINANCIAMENTO E INVESTIMENTOS;1954-02-11;003891;1977-07-20;Categoria A;2010-01-01;Ativo;1977-07-20;Brasil;Brasil;Intermediação Financeira;A prática de todas as operações de crédito, financiamento e investimentos permitidas pelas leis e regulamentos aplicáveis à espécie.;Fase Operacional;1977-07-20;Privado;;31;12;;www.alfanet.com.br
17.184.037/0001-10;2013-01-01;3;27311;BANCO MERCANTIL BRASIL SA;1974-11-18;BANCO MERCANTIL DE MINAS GERAIS S.A.;1940-05-03;001325;1977-07-20;Categoria A;2010-01-01;Ativo;1977-07-20;Brasil;Brasil;Bancos;Finanças, Banco Múltiplo;Fase Operacional;1977-07-20;Privado;;31;12;;http://www.mercantildobrasil.com.br
17.193.806/0001-46;2013-01-01;2;28407;CONSORCIO ALFA DE ADMINISTRAÇÃO SA;1999-04-08;Consórcio Real Brasileiro de Administração S.A;1952-02-09;004707;1977-07-20;Categoria A;2010-01-01;Ativo;1977-07-20;Brasil;Brasil;Emp. Adm. Part. - Intermediação Financeira;participar como socia de outras sociedades na qualidade de cotista, acionista ou de outra forma legalmente adminssivel;Fase Operacional;1977-07-20;Privado Holding;2010-04-15;31;12;;www.alfanet.com.br
17.245.234/0001-00;2013-01-01;3;31314;COMPANHIA DE FIACAO E TECIDOS CEDRO E CACHOEIRA;;;1900-04-02;003077;1969-08-11;Categoria A;2010-01-01;Ativo;1969-08-11;Brasil;Brasil;Têxtil e Vestuário;Indústria têxtil;Fase Operacional;1969-08-11;Privado;;31;12;;www.cedro.com.br
17.281.106/0001-03;2013-01-01;5;31935;COMPANHIA DE SANEAMENTO DE MINAS GERAIS;1974-11-14;COMPANHIA MINEIRA DE ÁGUA E ESGOTO - COMAG;1963-07-05;019445;2003-09-17;Categoria A;2010-01-01;Ativo;2003-09-17;Brasil;Brasil;Saneamento, Serv. Água e Gás;Prestar Serviços de Saneamento.;Fase Operacional;2003-09-17;Estatal;1963-07-05;31;12;1963-07-05;www.copasa.com.br
17.344.597/0001-94;2013-01-01;5;31664;BB Seguridade Participações S.A.;2012-12-20;;2012-12-20;023159;2013-04-25;Categoria A;2013-04-25;Ativo;2013-04-25;Brasil;Brasil;Emp. Adm. Part. - Seguradoras e Corretoras;Participação no capital social de outras sociedades, que tenham por atividade operações de seguros, resseguros, previdências complementar ou capitalização.;Fase Operacional;2012-12-20;Estatal;;31;12;;www.bancodobrasilseguridade.com.br
17.632.564/0001-40;2013-01-01;1;32064;Ethos Securitizadora S/A;2013-06-29;Ajax Participações S/A;2013-01-28;023256;2013-10-25;Categoria B;2013-10-25;Ativo;2013-10-25;Brasil;Brasil;Securitização de Recebíveis;Securitização de recebíveis, que comporta aquisição, securitização, emissão, negociação e prestação de serviços relacionados a créditos imobiliários e de agronegócios passíveis de securitização.;Fase Pré-Operacional;2013-10-25;Privado;;31;12;;www.ethossec.com.br
19.296.342/0001-29;2013-01-01;2;29249;MGI - Minas Gerais Participações S/A;;;1976-08-19;022942;2012-09-04;Categoria B;2012-09-04;Ativo;2012-09-04;Brasil;Brasil;Emp. Adm. Part. - Sem Setor Principal;(i)participação acionária em empresas(ii) promover associações de empresas(iii) prestar apoio técnico e de gestão administrativa e (v)realizar operações de aquisição de créditos do Estado de MG.;Fase Operacional;2012-09-04;Estatal;1980-05-30;31;12;;www.mgipart.com.br
19.526.748/0001-50;2013-01-01;3;31946;COMPANHIA INDUSTRIAL CATAGUASES;;;1936-10-17;003395;1973-12-19;Categoria A;2010-01-01;Ativo;1973-12-19;Brasil;Brasil;Têxtil e Vestuário;fabricação, comércio, importação e exportação de fios e tecidos, de matérias primas e produtos intermediários, têxteis, a fabricação, a comercialização, importação e a exportação de confeccionados;Fase Operacional;1973-12-19;Privado;;31;12;;www.cataguases.com.br
19.527.639/0001-58;2013-01-01;2;26465;ENERGISA MINAS GERAIS - DISTRIBUIDORA DE ENERGIA S/A;2008-04-25;COMPANHIA FORÇA E LUZ CATAGUAZES-LEOPOLDINA;1905-02-26;003271;1969-12-17;Categoria B;2011-02-22;Ativo;1969-12-17;Brasil;Brasil;Energia Elétrica;Concessionária de serviço público de distribuição de energia.;Fase Operacional;1969-12-17;Privado;2007-01-31;31;12;1905-02-26;www.energisa.com.br
20.933.354/0001-04;2013-01-01;1;27676;CACHOEIRA VELONORTE;1994-01-28;Cia. Textil Cachoeira de Macacos;1916-11-03;004111;1969-08-22;Categoria A;2010-01-01;Ativo;1969-08-22;Brasil;Brasil;Têxtil e Vestuário;Industrialização e comercialização de tecidos em geral prestação de serviços para terceiros dentro de suas atividades importações e exportações relacionadas com seus objetos sociais.;;1996-03-22;Privado;;31;12;;www.velonorte.com.br
21.255.567/0001-89;2013-01-01;2;28511;CIA TECIDOS SANTANENSE;;;1891-10-23;004081;1984-12-20;Categoria A;2010-01-01;Ativo;1984-12-20;Brasil;Brasil;Têxtil e Vestuário;Indústria Têxtil;Fase Operacional;1984-12-20;Privado;;31;12;;www.santanense.com.br
22.164.990/0001-36;2013-01-01;6;31643;ELETROSOM S/A;2010-07-01;Rede Eletrosom Ltda;1986-06-01;022373;2011-02-03;Categoria B;2011-02-03;Ativo;2011-02-03;Brasil;Brasil;Comércio (Atacado e Varejo);comércio atacadista e varejista de máquinas, móveis e aparelhos de uso doméstico, equipamentos eletro-eletrônicos, produtos para informática, artigos para presentes, como brinquedos e utilidades domés;Fase Operacional;2011-02-03;Privado;;31;12;;www.eletrosom.com
22.266.175/0001-88;2013-01-01;4;28309;FERTILIZANTES HERINGER SA;2004-11-17;FERTILIZANTES HERINGER LTDA;1968-09-23;020621;2007-04-10;Categoria A;2010-01-01;Ativo;2007-04-10;Brasil;Brasil;Petroquímicos e Borracha;Produção, comercialização e distribuição de fertilizantes, com atuação nacional.;Fase Operacional;2007-04-10;Privado;;31;12;;www.heringer.com.br
22.677.520/0001-76;2013-01-01;2;28536;CIA TECIDOS NORTE DE MINAS - COTEMINAS;;;1967-12-05;003158;1971-02-11;Categoria A;2010-01-01;Ativo;1971-02-11;Brasil;Brasil;Têxtil e Vestuário;Holding;Fase Operacional;1971-02-11;Privado;;31;12;;
22.770.366/0001-82;2013-01-01;2;29112;TEC TOY S/A;;;1987-09-28;014133;1993-06-21;Categoria A;2010-01-01;Ativo;1993-06-21;Brasil;Brasil;Máquinas, Equipamentos, Veículos e Peças;Industr/Com.brinquedos,jogos eletron. e entretenimento;Fase Operacional;2000-09-21;Privado;;31;12;;htp://www.tectoy.com.br
24.956.666/0001-86;2013-01-01;2;29538;CLARION S/A AGROINDUSTRIAL;2005-12-31;ENCOMIND AGROINDUSTRIAL S/A;1988-10-27;018490;1999-11-26;Categoria A;2010-01-01;Ativo;1999-11-26;Brasil;Brasil;Agricultura (Açúcar, Álcool e Cana);;Em Recuperação Judicial ou Equivalente;2013-06-06;Privado;;31;12;2012-12-31;www.clarionsa.com.br
24.962.466/0001-36;2013-01-01;2;28771;ALL - AMÉRICA LATINA LOGÍSTICA MALHA NORTE S.A.;2008-08-15;Ferronorte S.A. - Ferrovias Norte Brasil;1988-09-22;015300;1995-12-27;Categoria A;2010-01-01;Ativo;1995-12-27;Brasil;Brasil;Serviços Transporte e Logística;(i) construção e exploração de sistemas de transporte ferroviário de carga, rodovias e hidrovias (ii) prestação de serviços de transporte de carga em ferrovias, rodovias e hidrovias etc.;Fase Operacional;2001-03-31;Privado;2009-12-30;31;12;;www.all-logistica.com
25.329.319/0001-96;2013-01-01;2;28500;WEMBLEY SOCIEDADE ANÔNIMA;;Wembley Roupas S.A.;1965-10-01;011800;1973-10-08;Categoria A;2010-01-01;Ativo;1973-10-08;Brasil;Brasil;Emp. Adm. Part. - Têxtil e Vestuário;Holding;Fase Operacional;1973-10-08;Privado Holding;;31;12;;www.wembleysa.com.br
25.869.736/0001-21;2013-01-01;1;28382;CAFE SOLUVEL BRASILIA SA;;;1972-09-15;002062;1977-07-20;Categoria A;2010-01-01;Ativo;1977-07-20;Brasil;Brasil;Alimentos;PRODUÇÃO E INDUSTRIALIZAÇÃO DE CAFE SOLUVEL E ALIMENTOS;Fase Operacional;1996-10-22;Privado;1988-12-31;31;12;2009-12-31;www.cafeglobo.com.br
26.386.169/0001-15;2013-01-01;3;27313;MERCANTIL DO BRASIL LEASING SA;;;1990-06-19;015890;1996-11-29;Categoria B;2010-01-01;Ativo;1996-11-29;Brasil;Brasil;Arrendamento Mercantil;Arrendamento Mercantil Financeiro;Fase Operacional;1996-11-29;Privado;1990-06-19;31;12;;
27.093.558/0001-15;2013-01-01;2;28245;MILLS ESTRUTURAS E SERVI?OS DE ENGENHARIA S/A;2009-01-29;MILLS ESTRUTURAS E SERVIÇOS DE ENGENHARIA LTDA.;1980-12-01;022012;2010-04-14;Categoria A;2010-04-14;Ativo;2010-04-14;Brasil;Brasil;Construção Civil, Mat. Constr. e Decoração;SERVIÇOS ESPECIAIS DE ENGENHARIA;Fase Operacional;1980-12-01;Privado;1980-12-01;31;12;;www.mills.com.br
28.127.603/0001-78;2013-01-01;3;33481;BANESTES SA BANCO DO ESTADO DO ESPIRITO SANTO;1989-06-29;BANCO DO ESTADO DO ESPIRITO SANTO S.A.;1937-10-15;001155;1977-07-20;Categoria A;2010-01-01;Ativo;1977-07-20;Brasil;Brasil;Bancos;Intermediação Financeira inerente aos Bancos Múltiplos, por meio das carteira autorizadas, inclusive Operações de Câmbio;Fase Operacional;1977-07-20;Estatal;1937-10-15;31;12;;www.banestes.com.br
28.152.650/0001-71;2013-01-01;5;29157;ESPIRITO SANTO CENTRAIS ELETRICAS SA;;;1968-07-01;015342;1996-01-19;Categoria B;2010-01-01;Ativo;1996-01-19;Brasil;Brasil;Energia Elétrica;Distribuição de energia elétrica;Fase Operacional;1996-01-19;Privado Holding;2005-04-29;31;12;1996-01-19;www.escelsa.com.br
28.195.667/0001-06;2013-01-01;2;28287;BANCO ABC BRASIL S/A;1997-10-28;Banco ABC Roma S.A.;1983-12-27;020958;2007-07-23;Categoria A;2010-01-01;Ativo;2007-07-23;Brasil;Brasil;Bancos;O Banco tem por objeto a prática de operações ativas, passivas e acessórias inerentes às respectivas carteiras autorizadas.;Fase Operacional;2007-07-23;Estrangeiro Holding;2001-12-24;31;12;;www.abcbrasil.com.br
28.500.320/0001-20;2013-01-01;3;27688;INDÚSTRIA VEROLME S.A. - IVESA;2011-10-04;INDUSTRIAS VEROLME-ISHIBRAS S.A. IVI;1959-03-30;012866;1986-07-02;Categoria A;2010-01-01;Ativo;1986-07-02;Brasil;Brasil;Máquinas, Equipamentos, Veículos e Peças;CONSTRUÇÃO NAVAL;Fase Operacional;1986-07-02;Privado Holding;1994-09-30;21;12;;www.industria-verolme-sa-ivesa.com.br
28.573.830/0001-27;2013-01-01;1;29360;TAIPE TRANCOSO EMPREENDIMENTOS S/A;;;1985-07-09;020508;2007-02-07;Categoria B;2010-01-01;Ativo;2007-02-07;Brasil;Brasil;Hospedagem e Turismo;Desenvolvimento e Exploração de Resort em Trancoso - Porto Seguro - Bahia;Fase Operacional;2007-02-07;Privado;2008-03-11;31;12;;
29.780.061/0001-09;2013-01-01;2;26844;SÃO CARLOS EMPREENDS E PARTICIPAÇÕES S.A;1999-06-15;EMPREENDIMENTOS IMOBILIÁRIOS SÃO CARLOS S.A.;1985-01-22;013781;1991-03-25;Categoria A;2010-01-01;Ativo;1991-03-25;Brasil;Brasil;Emp. Adm. Part. - Sem Setor Principal;Compra e venda de imóveis prontos ou a construir locação de bens imóveis administração de empreendimentos imobiliários próprios ou de terceiros exercício de outras atividades correlatas e outros;Fase Operacional;1991-03-25;Privado;2012-06-05;31;12;2012-12-31;http://www.scsa.com.br
29.950.060/0001-57;2013-01-01;2;29124;Nortec Química S.A;2002-07-25;Nortec Química - Desenvolvimentos Tecnológicos LTDA;1985-12-20;022985;2012-11-23;Categoria A;2012-11-23;Ativo;2012-11-23;Brasil;Brasil;Farmacêutico e Higiene;Química Fina, Ciências da Vida, fabricantes de Insumos Farmacêuticos Ativos - matéria-prima para a Indústria Farmacêutica;Fase Operacional;2012-11-23;Privado;1997-10-23;31;12;;www.nortecquimica.com.br
29.978.814/0001-87;2013-01-01;2;29018;SUL AMERICA S/A;;;1978-03-13;021121;2007-10-03;Categoria A;2010-01-01;Ativo;2007-10-03;Brasil;Brasil;Emp. Adm. Part. - Seguradoras e Corretoras;A Sul América S.A. é uma sociedade de participação e suas controladas atuam nos setores de seguros, previdência complementar, administração de recursos e operações de assistência à saúde.;Fase Operacional;2007-10-03;Privado Holding;2002-05-10;31;12;2009-12-31;www.sulamerica.com.br/ri
30.306.294/0001-45;2013-01-01;2;28829;BANCO BTG PACTUAL S.A.;2009-09-18;Banco UBS Pactual S.A.;1979-01-18;022616;2011-11-10;Categoria A;2011-11-10;Ativo;2011-11-10;Brasil;Brasil;Bancos;A Companhia e suas controladas formam um grupo de prestação de serviços financeiros sediado no Brasil, atuando como banco múltiplo, com carteira de investimento, nos termos da legislação aplicável.;Fase Operacional;1979-01-18;Privado;2010-03-26;31;12;2011-12-31;https://www.btgpactual.com
30.540.991/0001-66;2013-01-01;2;29137;HAGA S.A. INDÚSTRIA E COMÉRCIO;2005-04-29;FERRAGENS HAGA S.A.;1937-04-01;013366;1988-09-01;Categoria A;2010-01-01;Ativo;1988-09-01;Brasil;Brasil;Metalurgia e Siderurgia;INDUSTRIA METALÚRGICA - FAB. DE FECHADURAS P/CONSTRUÇÃO CIVIL;;2012-05-30;Privado;1993-09-28;31;12;;www.haga.com.br
31.895.683/0001-16;2013-01-01;2;28105;BANCO INDUSTRIAL DO BRASIL;;;1988-03-30;021377;2008-03-07;Categoria B;2010-01-01;Ativo;2008-03-07;Brasil;Brasil;Bancos;Banco Múltiplo;Fase Operacional;2008-03-07;Privado;1994-01-31;31;12;;www.bancoindustrial.com.br
32.681.371/0001-72;2013-01-01;3;28158;VIX LOGÍSTICA S/A;2007-07-31;VIX TRANSPORTES E LOGÍSTICA LTDA;1989-07-03;021202;2007-11-27;Categoria A;2012-05-04;Ativo;2007-11-27;Brasil;Brasil;Serviços Transporte e Logística;Transporte Rodoviário de cargas em geral, intermunicipal, interestadual e internacional transporte coletivo rodoviário, intermunicipal, interestadual e internacional de passageiros.;Fase Operacional;2007-11-27;Privado;2007-08-24;31;12;;www.vix.com.br
33.000.167/0001-01;2013-01-01;4;31499;PETRÓLEO BRASILEIRO S.A. - PETROBRAS;;;1953-10-03;009512;1977-07-20;Categoria A;2010-01-01;Ativo;1977-07-20;Brasil;Brasil;Petróleo e Gás;Petróleo, gás e energia;Fase Operacional;1977-07-20;Estatal Holding;;31;12;;http://www.petrobras.com.br
33.009.911/0001-39;2013-01-01;2;26558;SOUZA CRUZ SA;1993-03-30;Companhia Souza Cruz Indústria e Comércio;1903-04-25;004057;1969-09-18;Categoria A;2010-01-01;Ativo;1969-09-18;Brasil;Brasil;Bebidas e Fumo;Fabricação de cigarros e exportação de fumo.;Fase Operacional;1969-09-18;Estrangeiro;2008-02-22;31;12;;www.souzacruz.com.br
33.014.556/0001-96;2013-01-01;2;28786;LOJAS AMERICANAS SA;;;1929-05-02;008087;1977-07-20;Categoria A;2010-01-01;Ativo;1977-07-20;Brasil;Brasil;Comércio (Atacado e Varejo);Comércio em geral, inclusive supermercado e lanchonete, lojas de conveniência, no varejo e no atacado, através de Lojas e Depósitos, de quaisquer mercadorias, bem como a realização de serviços.;Fase Operacional;1977-07-20;Privado;1982-07-13;31;12;;http://ri.lasa.com.br
33.035.536/0001-00;2013-01-01;2;31145;JOAO FORTES ENGENHARIA SA;1973-09-17;João Fortes & Cia Ltda.;1950-10-10;007811;1977-07-20;Categoria A;2010-01-01;Ativo;1977-07-20;Brasil;Brasil;Construção Civil, Mat. Constr. e Decoração;Incorporação e construção de imóveis execução por administração de obras de construção civil desenvolvimento, planejamento, comercialização e administração de de shopping centers.;Fase Operacional;1977-07-20;Privado;2007-07-31;31;12;2011-12-31;www.joaofortes.com.br/ri
33.039.223/0001-11;2013-01-01;3;33399;CIMENTO TUPI S.A.;1972-10-26;COMPANHIA DE CIMENTO VALE DO PARAIBA;1949-04-13;022829;2012-06-13;Categoria B;2012-06-13;Ativo;2012-06-13;Brasil;Brasil;Construção Civil, Mat. Constr. e Decoração;A fabricação, o comércio e o transporte de cimento, cal e argamassa, seus subprodutos, e escória siderúrgica, no mercado interno ou externo serviços de concretagem participações em outras sociedades;Fase Operacional;2012-06-13;Privado;2011-03-21;31;12;2011-12-31;www.cimentotupi.com.br
33.040.601/0001-87;2013-01-01;3;27312;MERCANTIL DO BR FINC SA CFI;1977-12-13;MERCAMINAS S.A. - CRÉDITO, FINANCIAMENTO E INVESTIMENTOS;1972-12-12;008540;1977-07-20;Categoria A;2010-01-01;Ativo;1977-07-20;Brasil;Brasil;Bancos;CRÉDITO, FINANCIAMENTO E INVESTIMENTOS.;Fase Operacional;1977-07-20;Privado;;31;12;;www.mercantildobrasil.com.br
33.041.260/0652-90;2013-01-01;6;33237;VIA VAREJO S.A.;2012-02-15;Globex Utilidades S.A.;1946-07-12;006505;1981-11-24;Categoria A;2010-01-01;Ativo;1981-11-24;Brasil;Brasil;Comércio (Atacado e Varejo);;Fase Operacional;1981-11-24;Privado;;31;12;;www.viavarejo.com.br/ri
33.042.730/0001-04;2013-01-01;2;28255;CIA SIDERURGICA NACIONAL;;;1941-04-09;004030;1943-02-26;Categoria A;2010-01-01;Ativo;1943-02-26;Brasil;Brasil;Metalurgia e Siderurgia;A Companhia Siderúrgica Nacional atua nos setores de mineração, siderurgia, logística, cimento e energia.;Fase Operacional;1943-02-26;Privado;;31;12;;www.csn.com.br
33.050.071/0001-58;2013-01-01;3;31297;AMPLA ENERGIA E SERVIÇOS S.A.;2005-04-27;CERJ - Companhia de Eletricidade do Rio de Janeiro;1909-06-03;003050;1969-08-15;Categoria A;2010-01-01;Ativo;1969-08-15;Brasil;Brasil;Energia Elétrica;distribuição de energia elétrica;Fase Operacional;1969-08-15;Privado Holding;2008-05-28;31;12;;www.ampla.com
33.050.196/0001-88;2013-01-01;3;28207;COMPANHIA PAULISTA DE FORCA LUZ - CPFL;;;1912-11-16;003824;1969-08-19;Categoria B;2010-01-01;Ativo;1969-08-19;Brasil;Brasil;Energia Elétrica;Prestação de Serviço Público de Distribuição de Energia Elétrica;Fase Operacional;1969-08-19;Privado;2005-11-22;31;12;;www.cpfl.com.br
33.102.476/0001-92;2013-01-01;3;32883;MONTEIRO ARANHA SA;;;1947-12-22;008893;1980-05-07;Categoria A;2010-01-01;Ativo;1980-05-07;Brasil;Brasil;Emp. Adm. Part. - Sem Setor Principal;HOLDING - PARTICIPAÇÃO SOCIETÁRIA;Fase Operacional;1980-05-07;Privado Holding;;31;12;;www.monteiroaranha.com.br
33.111.246/0001-90;2013-01-01;2;31109;TECNOSOLO ENGENHARIA S/A;2008-04-28;TECNOSOLO ENGENHARIA E TECNOLOGIA DE SOLOS E MATERIAIS S/A;1957-10-14;011207;1977-07-20;Categoria A;2010-01-01;Ativo;1977-07-20;Brasil;Brasil;Construção Civil, Mat. Constr. e Decoração;;Em Recuperação Judicial ou Equivalente;2013-08-15;Privado;;31;12;2011-12-31;www.tecnosolo.com.br
33.113.309/0001-47;2013-01-01;2;27106;VALID SOLUÇÕES E SERV. SEG. MEIOS PAG. IDENT. S.A.;2010-10-08;AMERICAN BANKNOTE S.A.;1957-05-13;020028;2006-04-12;Categoria A;2010-01-01;Ativo;2006-04-12;Brasil;Brasil;Gráficas e Editoras;Impressão de Documentos de Segurança.;Fase Operacional;2006-04-12;Privado;;31;12;2009-12-31;www.valid.com.br
33.161.340/0001-53;2013-01-01;1;25948;SERGEN SERVS GERAIS DE ENG SA;;;1966-08-16;010596;1977-07-20;Categoria A;2010-01-01;Ativo;1977-07-20;Brasil;Brasil;Construção Civil, Mat. Constr. e Decoração;Construções em Geral;Fase Operacional;1977-07-20;Privado;;31;12;;http://www.sergen.com.br
33.200.049/0001-47;2013-01-01;3;28499;HOTEIS OTHON SA;;;1943-04-28;006700;1980-08-08;Categoria A;2010-01-01;Ativo;1980-08-08;Brasil;Brasil;Hospedagem e Turismo;Prestação de Serviços na Indústria Hoteleira;Fase Operacional;1980-08-08;Privado;;31;12;;www.ciahoteisothon.com.br
33.228.024/0001-51;2013-01-01;2;28308;WLM INDÚSTRIA E COMÉRCIO S.A.;2005-06-30;Supergasbras Indústria e Comércio S.A.;1946-10-25;011070;1971-01-07;Categoria A;2010-01-01;Ativo;1971-01-07;Brasil;Brasil;Emp. Adm. Part. - Máqs., Equip., Veíc. e Peças;Gestão de Participações Societárias - Holding Não Financeira;Fase Operacional;1971-01-07;Privado Holding;1971-01-07;31;12;;www.wlm.com.br
33.256.439/0001-39;2013-01-01;2;27952;ULTRAPAR PARTICIPAÇÕES SA;1988-09-15;Companhia Brasileira de Participações S.A.;1953-12-20;018465;1999-09-27;Categoria A;2010-01-01;Ativo;1999-09-27;Brasil;Brasil;Emp. Adm. Part. - Comércio (Atacado e Varejo);Distribuição de combustíveis, químicos e armazenagem para granéis líquidos;Fase Operacional;1999-09-27;Privado Holding;1953-12-20;31;12;;www.ultra.com.br
33.352.394/0001-04;2013-01-01;2;29109;CIA ESTADUAL DE ÁGUAS E ESGOTOS - CEDAE;1975-08-01;CEDAG - Companhia Estadual de Águas da Guanabara;1975-08-01;016373;1997-07-28;Categoria A;2010-01-01;Em análise;2010-01-04;Brasil;Brasil;Saneamento, Serv. Água e Gás;Exploração de serviços públicos e de sistemas privados de abastecimento de água , de coleta, remoção e destinação final de efluentes e seus subprodutos.;Fase Operacional;1997-07-28;Estatal;2007-12-31;31;12;;www.cedae.com.br
33.386.210/0001-19;2013-01-01;2;28422;SONDOTECNICA ENGENHARIA DE SOLOS S/A.;1956-10-05;SONDOTECNICA COMERCIAL LTDA;1953-12-18;010880;1980-08-19;Categoria A;2010-01-01;Ativo;1980-08-19;Brasil;Brasil;Construção Civil, Mat. Constr. e Decoração;Consultoria técnica e econômica na área de engenharia e arquitetura;Fase Operacional;1980-08-19;Privado;;31;12;;www.sondotecnica.com.br
33.412.081/0001-96;2013-01-01;2;24889;REFINARIA PET MANGUINHOS SA;;;1946-02-01;009989;1970-05-14;Categoria A;2010-01-01;Ativo;1970-05-14;Brasil;Brasil;Petróleo e Gás;Fabricação de produtos de refino de petróleo.;Em Recuperação Judicial ou Equivalente;2013-01-17;Privado;2008-12-16;31;12;2009-12-31;www.manguinhosrefinaria.com.br
33.433.665/0001-48;2013-01-01;2;29212;DOCAS INVESTIMENTOS SA;1999-07-30;Docas S.A.;1892-11-03;003182;1977-07-20;Categoria A;2010-01-01;Ativo;1977-07-20;Brasil;Brasil;Emp. Adm. Part. - Telecomunicações;Holding não financeira - participação em empresas de mídia e telecomunicações.;Fase Operacional;1977-07-20;Privado;2007-08-15;31;12;1892-11-03;www.docas.com.br
33.467.572/0001-34;2013-01-01;3;31699;TEKNO S.A. INDÚSTRIA E COMÉRCIO;2007-04-26;Tekno S.A. Construções, Indústria e Comércio;1939-06-21;011231;1977-07-20;Categoria A;2010-01-01;Ativo;1977-07-20;Brasil;Brasil;Emp. Adm. Part. - Metalurgia e Siderurgia;Pintura de Bobinas e Chapas Metálicas;Fase Operacional;1977-07-20;Privado;;31;12;;www.tekno.com.br
33.541.368/0001-16;2013-01-01;3;32141;CIA HIDRO ELÉTRICA DO SÃO FRANCISCO;;;1948-03-15;003328;1969-12-19;Categoria A;2010-01-01;Ativo;1969-12-19;Brasil;Brasil;Energia Elétrica;Produção e Transmissão de Energia Elétrica;Fase Operacional;1969-12-19;Estatal Holding;1963-01-04;31;12;1948-03-15;www.chesf.gov.br
33.592.510/0001-54;2013-01-01;3;29122;VALE S.A.;2009-05-22;Companhia Vale do Rio Doce;1943-01-11;004170;1970-01-02;Categoria A;2010-01-01;Ativo;1970-01-02;Brasil;Brasil;Extração Mineral;Mineração;Fase Operacional;1970-01-02;Privado;1997-05-09;31;12;;www.vale.com
33.611.500/0001-19;2013-01-01;3;28454;GERDAU SA;1996-12-23;Companhia Siderurgica da Guanabara - Cosigua;1961-11-20;003980;1980-09-03;Categoria A;2010-01-01;Ativo;1980-09-03;Brasil;Brasil;Metalurgia e Siderurgia;Participação e Administração;Fase Operacional;1980-09-03;Privado;2008-05-30;31;12;2011-12-31;www.gerdau.com
33.858.168/0001-91;2013-01-01;1;28943;HOTEIS E TURISMO GUANABARA SA;1968-07-17;;1968-07-17;006696;1968-07-17;Categoria A;2010-01-01;Ativo;2000-03-02;Brasil;Brasil;Hospedagem e Turismo;Hotelaria;Paralisada;2004-12-02;Privado;;31;12;2010-12-31;www.htg.net.br
33.937.681/0001-78;2013-01-01;3;33538;LATAM Airlines Group S.A.;2012-06-22;LAN Airlines S.A.;1983-12-30;080128;2011-09-02;Categoria A;2011-09-02;Ativo;2011-09-02;Chile;Chile;Serviços Transporte e Logística;Transporte de passageiros e transporte de carga.;Fase Operacional;2011-09-02;Estrangeiro;2010-03-10;31;12;;www.latamairlinesgroup.net
33.938.119/0001-69;2013-01-01;2;28374;CIA. DISTRIB. DE GÁS DO RIO DE JANEIRO;1998-04-29;Companhia Estadual de Gás;1969-06-02;016616;1997-11-17;Categoria A;2010-01-01;Ativo;1997-11-17;Brasil;Brasil;Saneamento, Serv. Água e Gás;Distribuição de gás canalizado no Estado do Rio de Janeiro.;Fase Operacional;1997-11-17;Privado;2004-07-16;31;12;2009-12-31;www.ceg.com.br
33.958.695/0001-78;2013-01-01;8;33487;UNIPAR CARBOCLORO S.A.;2013-08-09;UNIPAR PARTICIPAÇÕES S.A.;1969-05-28;011592;1971-12-08;Categoria A;2010-01-01;Ativo;1971-12-08;Brasil;Brasil;Petroquímicos e Borracha;Atuar no setor de cloro-soda e derivados, podendo participar como sócia ou acionista de outras sociedades, direta ou indiretamente, inclusive por meio de fundos de investimentos.;Fase Operacional;1971-12-08;Privado;;31;12;;www.uniparcarbocloro.com.br
34.169.557/0001-72;2013-01-01;3;27309;BCO MERCANTIL INVS SA;1973-04-09;;1973-04-09;001309;1977-07-20;Categoria A;2010-01-01;Ativo;1977-07-20;Brasil;Brasil;Bancos;Investimentos / Financiamentos;Fase Operacional;1977-07-20;Privado;;31;12;;www.mercantildobrasil.com.br
34.265.561/0001-34;2013-01-01;4;33337;BMG LEASING S.A. - ARREND. MERCANTIL;1976-06-29;BMG Leasing de Equipamentos S.A;1971-05-17;001724;1980-12-05;Categoria A;2010-01-01;Ativo;1980-12-05;Brasil;Brasil;Arrendamento Mercantil;Arrendamento mercantil;Fase Operacional;1980-12-05;Privado;1993-08-04;31;12;2009-04-30;www.bancobmg.com.br/ri/
35.791.391/0001-94;2013-01-01;1;33400;Quality Software S.A.;2006-05-08;Quality Software Ltda.;1989-09-06;023302;2013-12-03;Categoria A;2013-12-03;Ativo;2013-12-03;Brasil;Brasil;Emp. Adm. Part. - Comunicação e Informática;Serviços nos setores de informática, auditoria de sistemas softwares treinamento,desenvolvimento de sistemas de suporte técnico, hardware e software em geral design gráfico e editoração eletrônica.;Fase Operacional;2013-12-03;Privado;;31;12;;www.quality.com.br
36.461.242/0001-20;2013-01-01;3;28096;AMIL PARTICIPAÇÕES S/A;2007-03-30;AMIL PARTICIPAÇÕES LTDA.;1991-05-17;021172;2007-10-24;Categoria A;2010-01-01;Ativo;2007-10-24;Brasil;Brasil;Serviços médicos;Operadora de Medicina de Grupo.;Fase Operacional;2007-10-24;Privado Holding;2007-11-07;31;12;2007-03-30;www.amilpar.com.br
39.115.514/0001-28;2013-01-01;2;28774;ALL - AMÉRICA LATINA LOGÍSTICA MALHA OESTE S.A.;2008-09-25;Ferrovia Novoeste S.A.;1990-03-28;017850;1998-10-20;Categoria B;2010-01-01;Ativo;1998-10-20;Brasil;Brasil;Serviços Transporte e Logística;Prestar serviço de transporte ferroviário de cargas e armazenagens de cargas.;Fase Operacional;1998-10-20;Privado;2009-12-30;31;12;;www.all-logistica.com
42.150.391/0001-70;2013-01-01;3;29645;BRASKEM S.A.;2002-08-16;COPENE PETROQUIMICA DO NORDESTE S.A;1972-01-12;004820;1978-12-18;Categoria A;2010-01-01;Ativo;1978-12-18;Brasil;Brasil;Petroquímicos e Borracha;(1) produção de produtos químicos e petroquímicos básicos, resinas termoplásticas, utilidades e energia elétrica (2) prestação de serviços industriais e (3) participação em outras sociedades.;Fase Operacional;1978-12-18;Privado;2009-12-31;31;12;2011-12-31;www.braskem.com.br
42.278.291/0001-24;2013-01-01;2;25979;LOG-IN LOGISTICA INTERMODAL SA;2007-02-07;DOCENAVE-NAVEGAÇÃO VALE DO RIO DOCE S/A;1973-09-04;020710;2007-06-04;Categoria A;2010-01-01;Ativo;2007-06-04;Brasil;Brasil;Serviços Transporte e Logística;Empresa na área de Logistica capaz de oferecer soluções integradas para movimentação portuária e transporte de contêineres porta-a-porta por meio marítimo, ferroviário e ponta rodoviária.;Fase Operacional;2007-06-04;Privado;2010-02-28;31;12;2009-12-31;www.loginlogistica.com.br
42.331.462/0001-31;2013-01-01;2;24867;BATTISTELLA ADM E PARTICIPAÇÕES S A;2008-04-30;BATTISTELLA ADMINISTRAÇÃO E PARTICIPAÇÕES S/A - APABA;1974-08-01;015458;1996-03-14;Categoria A;2010-01-01;Ativo;1996-03-14;Brasil;Brasil;Emp. Adm. Part. - Sem Setor Principal;Com.de caminhões e ônibus SCANIA, seus acessórios e prest.serv.assist.técnica Industrializ.e com. de madeiras Prestação de serviços sob a forma de trading company Partic. em outras sociedades.;Fase Operacional;1996-03-14;Privado Holding;2007-09-30;31;12;2011-11-18;www.battistella.com.br
43.185.362/0001-07;2013-01-01;5;30143;IGB ELETRONICA S A;2010-02-10;Gradiente Eletronica S/A;1971-08-26;006815;1973-12-19;Categoria A;2010-01-01;Ativo;1973-12-19;Brasil;Brasil;Máquinas, Equipamentos, Veículos e Peças;Eletroeletronica;Fase Operacional;1973-12-19;Privado;2012-05-10;31;12;2012-12-31;www.igbeletronica.com
43.470.988/0001-65;2013-01-01;2;28987;EVEN CONSTRUTORA E INCORPORADORA S/A;2002-10-29;Terepins, Chusyd Engenharia e Construções Ltda.;1980-05-05;020524;2007-03-02;Categoria A;2010-01-01;Ativo;2007-03-02;Brasil;Brasil;Construção Civil, Mat. Constr. e Decoração;construção e incorporação;Fase Operacional;2007-03-02;Privado;;31;12;;http://www.even.com.br
43.776.517/0001-80;2013-01-01;2;28794;CIA SANEAMENTO BÁSICO ESTADO SÃO PAULO;1973-09-06;;1973-09-06;014443;1994-06-27;Categoria A;2010-01-01;Ativo;1994-06-27;Brasil;Brasil;Saneamento, Serv. Água e Gás;Abastecimento de água, esgotamento sanitário, drenagem e manejo de águas pluviais urbanas, limpeza urbana, manejo de resíduos sólidos e energia.;Fase Operacional;1973-09-06;Estatal;1973-09-06;31;12;1973-09-06;www.sabesp.com.br
44.689.123/0001-57;2013-01-01;1;24235;USINA COSTA PINTO SA ACUC ALC;2011-08-02;USINA COSTA PINTO SA AÇUCAR E ALCOOL;1980-10-07;012220;1985-01-16;Categoria A;2010-01-01;Ativo;1985-01-16;Brasil;Brasil;Agricultura (Açúcar, Álcool e Cana);Distribuição de combustíveis em geral, a importação, a exportação, a produção e a comercialização de açúcar, de álcool, de cana-de-açúcar e demais derivados destes a navegação exploração agrícola.;Fase Operacional;2002-04-30;Privado;;31;3;2008-09-03;www.usinacostapinto.com.br
45.453.214/0001-51;2013-01-01;2;27378;PROFARMA DISTRIB. PRODUTOS FARMACEUTICOS;1999-11-26;Profarma Distribuidora de Produtos Farmacêuticos Limitada;1961-05-23;020346;2006-10-24;Categoria A;2010-01-01;Ativo;2006-10-24;Brasil;Brasil;Comércio (Atacado e Varejo);Profarma atua na distribuição de produtos farmacêuticos, higiene pessoal e cosméticos, nos mais populosos estados brasileiros.;Fase Operacional;2006-10-24;Privado Holding;2006-10-25;31;12;;www.profarma.com.br
45.987.245/0001-92;2013-01-01;2;28226;BAHEMA SA;1980-12-18;Bahema Empreendimentos S/A;1960-11-19;000701;1974-01-02;Categoria A;2010-01-01;Ativo;1974-01-02;Brasil;Brasil;Emp. Adm. Part. - Sem Setor Principal;Participação em outras sociedades;Fase Operacional;1974-01-02;Privado Holding;2010-05-06;31;12;1986-04-18;http://www.bahema.com.br
46.014.635/0001-49;2013-01-01;2;31870;CONST LIX DA CUNHA SA;;CONSTRUTORA E PAVIMENTADORA LIX DA CUNHA S/A;1948-05-18;004774;1977-07-20;Categoria A;2010-01-01;Ativo;1977-07-20;Brasil;Brasil;Construção Civil, Mat. Constr. e Decoração;CONSTRUÇÃO CIVIL, TERRAPLANAGEM E PAVIMENTAÇÃO;Fase Operacional;1977-07-20;Privado;;31;12;;www.lix.com.br
46.119.855/0001-37;2013-01-01;3;26981;SOC.DE ABASTEC.DE ÁGUA E SANEAMENTO S.A.;;;1974-08-28;016241;1997-04-29;Categoria A;2010-01-01;Ativo;1997-04-29;Brasil;Brasil;Saneamento, Serv. Água e Gás;;Fase Operacional;1997-04-29;Estatal;2011-09-16;31;12;;www.sanasa.com.br
47.193.149/0001-06;2013-01-01;3;32921;SANTANDER LEASING S.A. ARRENDAMENTO MERCANTIL;2009-06-15;REAL LEASING S.A ARRENDAMENTO MERCANTIL;1975-10-01;020559;2007-03-19;Categoria B;2010-01-01;Ativo;2007-03-19;Brasil;Brasil;Arrendamento Mercantil;A Companhia tem por objetivo a prática de operações de arrendamento mercantil, permitidas às entidades da espécie nas disposições legais e regulamentares em vigor.;Fase Operacional;2007-03-19;Privado;2003-10-24;31;12;;www.santander.com.br
47.508.411/0001-56;2013-01-01;3;26640;COMPANHIA BRASILEIRA DE DISTRIBUIÇÃO;;;1981-11-10;014826;1995-04-04;Categoria A;2010-01-01;Ativo;1995-04-04;Brasil;Brasil;Comércio (Atacado e Varejo);Comércio varejista;Fase Operacional;1995-04-04;Privado;;31;12;2012-12-31;www.gpari.com.br
47.509.120/0001-82;2013-01-01;3;28453;BRADESCO LEASING S.A. - ARRENDAMENTO MERCANTIL;2004-04-19;Potenza Leasing S.A. - Arrendamento Mercantil;1981-10-15;019640;2004-11-24;Categoria B;2010-01-01;Ativo;2004-11-24;Brasil;Brasil;Arrendamento Mercantil;Prática das operações de arrendamento mercantil, observadas as disposições da legislação em vigor.;Fase Operacional;2004-11-24;Privado;2002-06-28;31;12;;www.bradescoleasing.com.br
47.960.950/0001-21;2013-01-01;3;32040;MAGAZINE LUIZA S.A;1984-06-16;Magazine Luiza Ltda.;1957-10-30;022470;2011-04-28;Categoria A;2011-04-28;Ativo;2011-04-28;Brasil;Brasil;Comércio (Atacado e Varejo);Somos uma rede varejista e atuamos com foco na comercialização de bens duráveis no Brasil.;Fase Operacional;2011-04-28;Privado;;31;12;2012-12-31;www.magazineluiza.com.br
49.263.189/0001-02;2013-01-01;2;29152;HELBOR EMPREENDIMENTOS S/A;2007-03-02;HELBOR EMPREENDIMENTOS IMOBILIARIOS LTDA;1977-10-20;020877;2007-07-09;Categoria A;2010-01-01;Ativo;2007-07-09;Brasil;Brasil;Construção Civil, Mat. Constr. e Decoração;Incorporação de Imoveis;Fase Operacional;2007-07-09;Privado;2010-04-30;31;12;2010-04-30;http://www.helbor.com.br
49.669.856/0001-43;2013-01-01;4;31572;RESTOQUE COMÉRCIO E CONFECÇÕES DE ROUPAS S/A;2009-07-13;Le Lis Blanc Deux Comércio e Confecções de Roupas S.A.;1982-04-19;021440;2008-04-18;Categoria A;2010-01-01;Ativo;2008-04-18;Brasil;Brasil;Emp. Adm. Part. - Comércio (Atacado e Varejo);(a) confecção de produtos em geral, através de terceiros (b) importação e exportação (c) exploração de comércio e indústria de confecção de produtos em geral.;Fase Operacional;2008-04-18;Privado;1982-04-19;31;12;1982-04-19;www.lelis.com.br
50.564.053/0001-03;2013-01-01;4;32652;BOMBRIL SA;1998-12-31;Bombril Círio S/A;1948-01-14;012190;1984-09-26;Categoria A;2010-01-01;Ativo;1984-09-26;Brasil;Brasil;Farmacêutico e Higiene;1080;Fase Operacional;1984-09-26;Estrangeiro;2006-07-31;31;12;;www.bombril.com.br
50.746.577/0001-15;2013-01-01;2;31210;COSAN SA INDUSTRIA E COMERCIO;2000-02-29;IRMAOS FRANCESCHI AGRICOLA INDL E COML LTDA;1966-07-08;019836;2005-10-26;Categoria A;2010-01-01;Ativo;2005-10-26;Brasil;Brasil;Agricultura (Açúcar, Álcool e Cana);Produção de Açúcar, Etanol e Cogeração de Energia, Distribuição de Combustíveis,Produção e Distribuição de Lubrificantes,Tranporte e Carregamento de Açúcar, Operador de Terras e Distribuição de Gás.;Fase Operacional;2005-10-26;Privado;;31;12;2013-04-01;www.cosan.com.br/ri
50.926.955/0001-42;2013-01-01;4;32350;VULCABRAS|AZALEIA S.A.;2010-11-11;VULCABRAS S.A.;1952-06-05;011762;1977-07-20;Categoria A;2010-01-01;Ativo;1977-07-20;Brasil;Brasil;Têxtil e Vestuário;Com. Impor. em geral notadamente de calçados e roupas;Fase Operacional;1977-07-20;Privado;2012-09-27;31;12;2012-12-31;www.vulcabrasazaleiari.com.br
51.128.999/0001-90;2013-01-01;3;31832;NUTRIPLANT INDUSTRIA E COMÉRCIO S/A;;;1979-10-16;021334;2008-02-11;Categoria A;2010-01-01;Ativo;2008-02-11;Brasil;Brasil;Agricultura (Açúcar, Álcool e Cana);Industria e comércio de fertilizantes para agricultura.;Fase Operacional;2008-02-11;Privado;2008-02-11;31;12;2008-12-16;www.nutriplant.com.br/ri
51.218.147/0001-93;2013-01-01;2;23537;IGUATEMI EMPRESA DE SHOPPING CENTERS S/A;1988-04-28;La Fonte Empresa de Shopping Centers S.A.;1979-05-23;020494;2007-02-02;Categoria A;2010-01-01;Ativo;2007-02-02;Brasil;Brasil;Comércio (Atacado e Varejo);Empresa full service no setor de shopping centers. Suas atividades englobam a concepção, o planejamento, o desenvolvimento e a administração de shopping centers regionais e complexos imobiliários.;Fase Operacional;2007-02-02;Privado;2009-11-25;31;12;2009-12-31;www.iguatemi.com.br
51.466.860/0001-56;2013-01-01;2;27329;SÃO MARTINHO SA;2006-09-28;COMPANHIA INDUSTRIAL E AGRICOLA OMETTO;1943-07-13;020516;2007-02-07;Categoria A;2010-01-01;Ativo;2007-02-07;Brasil;Brasil;Agricultura (Açúcar, Álcool e Cana);Fabricação e comércio de açúcar, álcool e derivados.;Fase Operacional;2007-02-07;Privado;2007-02-09;31;3;2006-09-28;www.saomartinho.com.br
51.928.174/0001-50;2013-01-01;3;29849;PLASCAR PARTICIPAÇÕES INDUSTRIAIS S.A;1998-09-08;OSA S/A Organização, Sistemas e Aplicações;1983-08-23;013471;1989-04-19;Categoria A;2010-01-01;Ativo;1989-04-19;Brasil;Brasil;Emp. Adm. Part. - Máqs., Equip., Veíc. e Peças;Participação em outras empresas;Fase Operacional;1989-04-19;Privado Holding;1995-09-20;31;12;;www.plascar.com.br
52.548.435/0001-79;2013-01-01;5;30209;JSL S.A.;2010-12-30;JULIO SIMÕES S.A.;1969-08-05;022020;2010-04-15;Categoria A;2010-04-15;Ativo;2010-04-15;Brasil;Brasil;Serviços Transporte e Logística;;Fase Operacional;1969-08-05;Privado Holding;;31;12;;www.jsl.com.br/ri
52.736.840/0001-10;2013-01-01;2;29825;CERAMICA CHIARELLI SA;1961-03-17;Ceramica Chiarelli Ltda.;1961-03-17;002488;1973-04-03;Categoria A;2010-01-01;Ativo;1973-04-03;Brasil;Brasil;Construção Civil, Mat. Constr. e Decoração;Industria Ceramica;Em Recuperação Judicial ou Equivalente;2009-01-05;Privado;1996-04-29;31;12;2011-12-31;www.chiarelli.com.br
53.113.791/0001-22;2013-01-01;2;28246;TOTVS S.A;2005-12-15;MICROSIGA SOFTWARE S.A.;1983-12-13;019992;2006-03-07;Categoria A;2010-01-01;Ativo;2006-03-07;Brasil;Brasil;Comunicação e Informática;Prestação de serviços de consultoria, assessoria e desenvolvimento de sistemas informatizados (software), atividades de pesquisa e inovação tecnológica, prestação de serviços relacionados à gestão.;Fase Operacional;2006-03-07;Privado;2006-03-07;31;12;;www.totvs.com
53.518.684/0001-84;2013-01-01;2;30511;HSBC LEASING ARRENDAMENTO MERCANTIL (BRASIL) S/A;2005-04-29;HSBC LEASING ARRENDAMENTO MERCANTIL S.A;1984-02-29;019755;2005-06-06;Categoria B;2010-01-01;Ativo;2005-06-06;Brasil;Brasil;Arrendamento Mercantil;Prática de todas as operações de arrendamento mercantil, permitidas pela Lei nº 6099, de 12 de setembro de 1974 com as alterações introduzidas pela Lei nº 7132, de 26.10.83, de bens móveis e imóveis d;Fase Operacional;2005-06-06;Privado;;31;12;2009-04-30;
53.790.218/0001-53;2013-01-01;2;28392;JEREISSATI TELECOM S/A;2011-07-01;La Fonte Telecom SA;1984-09-11;012262;1985-01-04;Categoria A;2010-01-01;Ativo;1985-01-04;Brasil;Brasil;Emp. Adm. Part. - Telecomunicações;;Fase Operacional;1985-01-04;Privado;;31;12;;www.jereissatitelecom.com.br
54.526.082/0001-31;2013-01-01;2;26513;ITAUTEC S.A. - GRUPO ITAUTEC;2006-01-19;Itautec Philco S.A. - Grupo Itautec Philco;1985-06-01;012530;1985-11-14;Categoria A;2010-01-01;Ativo;1985-11-14;Brasil;Brasil;Comunicação e Informática;Fabricação e comercialização de equipamentos de Automações Bancária e Comercial, Computação e Serviços Tecnológicos;Fase Operacional;1985-06-28;Privado Holding;1985-10-16;31;12;1985-10-16;www.itautec.com.br
56.444.250/0001-75;2013-01-01;2;27212;HAUSCENTER SA;;;1986-09-16;014850;1995-05-02;Categoria B;2010-01-01;Ativo;1995-05-02;Brasil;Brasil;Emp. Adm. Part. - Sem Setor Principal;ALUGUEL DE IMÓVEIS;Fase Operacional;1995-05-02;Privado;2006-04-28;31;12;;
56.643.018/0001-66;2013-01-01;4;32342;EUCATEX SA IND E COMERCIO;;;1951-11-23;005770;1969-08-20;Categoria A;2010-01-01;Ativo;1969-08-20;Brasil;Brasil;Construção Civil, Mat. Constr. e Decoração;Indústria e Comércio de chapas de fibra de madeira;Fase Operacional;2009-11-09;Privado;1996-12-20;31;12;2012-12-31;www.eucatex.com.br/ri
56.720.428/0001-63;2013-01-01;3;29121;INDÚSTRIAS ROMI S.A.;1962-05-10;Máquinas Agrícolas Romi S.A.;1938-04-19;007510;1938-04-19;Categoria A;2010-01-01;Ativo;1938-04-19;Brasil;Brasil;Máquinas, Equipamentos, Veículos e Peças;Indústria e Comércio de Máquinas-Ferramenta;Fase Operacional;1938-04-19;Privado;2007-04-10;31;12;2011-12-31;www.romi.com
56.806.656/0001-50;2013-01-01;3;30038;M&G POLIÉSTER SA;2005-04-29;Rhodia - Ster S.A.;1986-12-29;014559;1994-09-08;Categoria A;2010-01-01;Ativo;1994-09-08;Brasil;Brasil;Emp. Adm. Part. - Petroquímicos e Borracha;Participação e Administração;Fase Operacional;1994-09-08;Estrangeiro Holding;2007-07-25;31;12;;http://www.gruppomg.com.br
56.992.423/0001-90;2013-01-01;2;26494;BICICLETAS MONARK SA;;Monark Indústria e Comércio Ltda;1948-04-26;001694;1971-12-01;Categoria A;2010-01-01;Ativo;1971-12-01;Brasil;Brasil;Brinquedos e Lazer;Fabricação e Comercialização de Bicicletas;Fase Operacional;1971-12-01;Privado;;31;12;2009-12-31;www.monark.com.br
56.994.924/0001-05;2013-01-01;2;28284;PRÓ METALURGIA SA;2008-08-29;BICICLETAS CALOI S/A;1948-04-10;001686;1982-02-11;Categoria A;2010-01-01;Ativo;1982-02-11;Brasil;Brasil;Máquinas, Equipamentos, Veículos e Peças;INDUSTRIALIZAÇÃO DE BICICLETAS, PEÇAS E ACESSÓRIOS;Fase Operacional;1982-02-11;Privado;;31;12;;www.pmet.com.br
58.119.199/0001-51;2013-01-01;2;28228;ODONTOPREV S/A;2006-06-13;Odontoprev Previdência Odontológica S/C;1987-08-28;020125;2006-06-13;Categoria A;2010-01-01;Ativo;2006-06-13;Brasil;Brasil;Serviços médicos;Operadora de planos odontológicos;Fase Operacional;2006-06-13;Privado;2009-12-23;31;12;2009-12-31;www.odontoprev.com.br/ri
59.104.513/0001-95;2013-01-01;3;27077;Autometal S.A.;;;1964-11-12;022381;2011-02-03;Categoria A;2011-02-03;Ativo;2011-02-03;Brasil;Brasil;Máquinas, Equipamentos, Veículos e Peças;;Fase Operacional;2011-02-03;Privado Holding;;31;12;;www.autometal.com.br
59.105.999/0001-86;2013-01-01;3;31688;WHIRLPOOL S.A;2006-04-28;Multibrás S.A. Eletrodomésticos;1957-06-12;014346;1994-04-22;Categoria A;2010-01-01;Ativo;1994-04-22;Brasil;Brasil;Máquinas, Equipamentos, Veículos e Peças;Fabricação e comercialização de eletrodomésticos e compressores;Fase Operacional;1994-04-22;Estrangeiro Holding;1997-08-11;31;12;2010-12-31;www.whirlpool.com.br
59.285.411/0001-13;2013-01-01;2;28077;BANCO PANAMERICANO SA;1989-07-31;Baú Financeira de Crédito Financiamento e Investimento;1966-08-23;021199;2007-11-12;Categoria A;2010-01-01;Ativo;2007-11-12;Brasil;Brasil;Bancos;Banco múltiplo com carteira comercial;Fase Operacional;2007-11-12;Privado;;31;12;2010-12-31;www.bancopan.com.br
59.789.545/0001-71;2013-01-01;3;28595;POLPAR S.A.;;;1988-11-29;013447;1989-03-03;Categoria A;2010-01-01;Ativo;1989-03-03;Brasil;Brasil;Emp. Adm. Part. - Sem Setor Principal;Participação em outras empresas;Fase Operacional;1989-03-03;Privado;;31;12;;www.polpar.com.br
60.398.369/0004-79;2013-01-01;2;29138;PARANAPANEMA SA;1997-07-28;PARANAPANEMA S.A., MINERAÇÃO, INDUSTRIA E CONSTRUÇÃO;1961-05-15;009393;1977-07-20;Categoria A;2010-01-01;Ativo;1977-07-20;Brasil;Brasil;Metalurgia e Siderurgia;Metalurgia do cobre e suas ligas.;Fase Operacional;2009-11-13;Privado;1998-04-07;31;12;2012-12-31;www.paranapanema.com.br
60.444.437/0001-46;2013-01-01;4;30485;LIGHT SERVIÇOS DE ELETRICIDADE SA;1967-08-23;Rio Light S.A Serviços de Eletricidade;1904-06-30;008036;1968-11-25;Categoria B;2010-01-01;Ativo;1968-11-25;Brasil;Brasil;Energia Elétrica;A LIGHT - Serviços de Eletricidade S.A. tem como atividade a distribuição de energia elétrica.;Fase Operacional;1968-11-25;Privado;2006-01-13;31;12;;www.light.com.br
60.476.884/0001-87;2013-01-01;5;30479;MAHLE METAL LEVE S.A.;1998-09-14;Metal Leve S.A. Indústria e Comércio;1950-03-03;008575;1977-07-20;Categoria A;2010-01-01;Ativo;1977-07-20;Brasil;Brasil;Máquinas, Equipamentos, Veículos e Peças;Industria e comércio de peças e componentes para motores a combustão;Fase Operacional;1950-03-03;Privado;1996-06-11;31;12;;www.mahle.com.br
60.500.139/0001-26;2013-01-01;2;29103;SARAIVA SA LIVREIROS EDITORES;;;1914-12-13;010472;1977-07-20;Categoria A;2010-01-01;Ativo;1977-07-20;Brasil;Brasil;Gráficas e Editoras;Edição, indústria e comércio de livros e publicações em geral.;Fase Operacional;1977-07-20;Privado;;31;12;;http://www.saraivari.com.br
60.543.816/0001-93;2013-01-01;2;28393;JEREISSATI PARTICIPAÇÕES S/A;2008-04-28;La Fonte Participações S.A.;1946-03-12;008672;1946-03-12;Categoria A;2010-01-01;Ativo;1946-03-12;Brasil;Brasil;Emp. Adm. Part. - Telecomunicações;;Fase Operacional;1946-03-12;Privado Holding;;31;12;;www.jereissati.com.br
60.637.238/0001-54;2013-01-01;3;31599;INDS J B DUARTE SA;;;1936-04-17;012319;1985-03-14;Categoria A;2010-01-01;Ativo;1985-03-14;Brasil;Brasil;Alimentos;I - exploração industrial e comercial, exp. e imp de produtos alimenticios II - Exploração industrial e acondicionamento de produtos alimenticios III - particip em outras sociedades.;Fase Operacional;1985-03-14;Privado;;31;12;;www.industriasjbduarte.com.br
60.643.228/0001-21;2013-01-01;3;31937;FIBRIA CELULOSE S.A.;2009-11-05;Votorantim Celulose e Papel S.A.;1941-07-25;012793;1986-06-02;Categoria A;2010-01-01;Ativo;1986-06-02;Brasil;Brasil;Papel e Celulose;;Fase Operacional;1986-06-02;Privado;2009-10-29;31;12;;www.fibria.com.br
60.651.809/0001-05;2013-01-01;3;28603;SUZANO HOLDING S.A. (EX-NEMOFEFFER S.A.);2003-05-30;NEMOFEFFER S.A.;1954-02-26;009067;1982-03-11;Categoria A;2010-01-01;Ativo;1982-03-11;Brasil;Brasil;Emp. Adm. Part. - Papel e Celulose;Sociedade Holding - Participação como acionista ou quotista no capital social de outras sociedades;Fase Operacional;1982-03-11;Privado;;31;12;;www.suzano.com.br
60.730.348/0001-66;2013-01-01;2;28886;COMPANHIA MELHORAMENTOS DE SÃO PAULO;1994-08-12;Companhia Melhoramentos de São Paulo;1890-09-12;003654;1977-07-20;Categoria A;2010-01-01;Ativo;1977-07-20;Brasil;Brasil;Emp. Adm. Part. - Papel e Celulose;Empresa com foco na administração de seu patrimônio imobiliário composto por três Fazendas e sua sede, bem como na participação em outras sociedades.;Fase Operacional;1977-07-20;Privado;;31;12;2012-12-31;http://www.melhoramentos.com.br/s
60.746.948/0001-12;2013-01-01;3;28479;BANCO BRADESCO SA;1989-01-13;Banco Brasileiro de Descontos S.A.;1943-01-05;000906;1977-07-20;Categoria A;2010-01-01;Ativo;1977-07-20;Brasil;Brasil;Bancos;Prática de operações bancárias em geral, inclusive câmbio;Fase Operacional;1943-03-10;Privado;;31;12;;www.bradesco.com.br
60.770.336/0001-65;2013-01-01;2;28320;BANCO ALFA DE INVESTIMENTO SA;1999-04-08;BANCO REAL DE INVESTIMENTO S.A.;1966-06-13;001384;1977-07-20;Categoria A;2010-01-01;Ativo;1977-07-20;Brasil;Brasil;Bancos;A prática de todas as operações permitidas à sociedade da espécie pelas disposições legais e regulamentares que então vigorem, inclusive as de câmbio, mas excetuadas outras que dependem de autoriazaçã;Fase Operacional;1977-07-20;Privado;;31;12;;www.alfanet.com.br
60.840.055/0001-31;2013-01-01;3;28020;FLEURY SA;2002-09-20;LABORATÓRIO DE ANÁLISES E PESQUISAS CLÍNICAS S/C LTDA.;1964-10-23;021881;2009-12-14;Categoria A;2010-01-01;Ativo;2009-12-14;Brasil;Brasil;Serviços médicos;(i) a prestação de serviços médicos e medicina diagnóstica, (ii) a consultoria, assessoria, cursos e palestras na área da saúde, bem como a prestação de serviços que visem a promoção de saúde;Fase Operacional;2009-12-14;Privado Holding;2002-09-20;31;12;;www.fleury.com.br/ri
60.851.615/0001-53;2013-01-01;3;29153;BARDELLA SA INDS MECANICAS;;;1911-02-11;001520;1969-11-26;Categoria A;2010-01-01;Ativo;1969-11-26;Brasil;Brasil;Máquinas, Equipamentos, Veículos e Peças;Bens de capital que fornece produtos e serviços para os segmentos de Metalurgia, Movimentação de Materiais, Óleo e Gás, Energia e Aços Laminados e Trefilados, para os mercados nacional e internacional;Fase Operacional;1969-11-26;Privado;;31;12;;www.bardella.com.br
60.872.504/0001-23;2013-01-01;2;28119;ITAÚ UNIBANCO HOLDING S.A.;2009-04-24;ITAÚ UNIBANCO BANCO MÚLTIPLO S.A.;1943-09-09;019348;2002-12-30;Categoria A;2010-01-01;Ativo;2002-12-30;Brasil;Brasil;Bancos;A sociedade tem por objeto a atividade bancária em todas as modalidades autorizadas, inclusive a de operações de câmbio.;Fase Operacional;1944-07-20;Privado;;31;12;;www.itau-unibanco.com.br/ri
60.884.319/0001-59;2013-01-01;2;26848;NORDON INDS METALURGICAS SA;;;1966-07-15;009083;1956-08-23;Categoria A;2010-01-01;Ativo;1956-08-23;Brasil;Brasil;Metalurgia e Siderurgia;A Sociedade tem como atividade operacional preponderante a produção de bens de capital destinados ao mercado interno e externo para os setores químico, petrolífero, petroquímico, criogenia, alimentíci;Paralisada;2003-09-30;Privado;;31;12;;www.nordon.ind.br
60.889.128/0001-80;2013-01-01;5;32434;BANCO SOFISA SA;1989-08-25;Sofisa S.A. C.F.I;1961-02-17;020680;2007-04-26;Categoria A;2010-01-01;Ativo;2007-04-26;Brasil;Brasil;Bancos;Banco Múltiplo com Carteiras Comercial, Crédito, Financiamento e Investimento, Câmbio e Arrendamento Mercantil.;Fase Operacional;2007-04-26;Privado;2007-04-04;31;12;2011-01-01;www.sofisa.com.br
60.894.730/0001-05;2013-01-01;2;28328;USINAS SIDERURGICAS DE MINAS GERAIS SA;1999-01-29;COSIPA - COMPANHIA SIDERÚRGICA PAULISTA;1954-04-09;014320;1994-04-11;Categoria A;2010-01-01;Ativo;1994-04-11;Brasil;Brasil;Metalurgia e Siderurgia;Venda de produtos siderúrgicos, como Chapas Grossas, Laminados a quente, a frio, placas, galvanizados, entre outros.;Fase Operacional;1994-04-11;Privado;1991-10-24;31;12;;www.usiminas.com
60.933.603/0001-78;2013-01-01;3;30916;CESP - COMPANHIA ENERGÉTICA DE SÃO PAULO;1977-10-27;CESP - Centrais Elétricas São Paulo S. A.;1966-12-05;002577;1971-09-27;Categoria A;2010-01-01;Ativo;1971-09-27;Brasil;Brasil;Energia Elétrica;Geração e Comercialização de Energia Elétrica;Fase Operacional;1971-09-27;Estatal;1966-12-05;31;12;;www.cesp.com.br
61.022.042/0001-18;2013-01-01;4;32716;CONST ADOLPHO LINDENBERG SA;;;1962-07-13;004723;1977-07-20;Categoria A;2010-01-01;Ativo;1977-07-20;Brasil;Brasil;Construção Civil, Mat. Constr. e Decoração;Construção de Edifícios;Fase Operacional;1977-07-20;Privado;;31;12;;www.grupoldi.com.br
61.024.352/0001-71;2013-01-01;2;26586;BANCO INDUSVAL SA;1991-04-25;INDUSVAL S.A. CORRETORA DE TÍTULOS E VALORES MOBILIÁRIOS;1967-03-28;020885;2007-07-10;Categoria A;2010-01-01;Ativo;2007-07-10;Brasil;Brasil;Bancos;Banco comercial que concentra seus negócios em produtos de crédito corporativo, em moeda nacional e estrangeira, bem como oferece produtos de repasse, tesouraria e assessoria financeira a empresas.;Fase Operacional;2007-07-10;Privado;2011-11-07;31;12;;www.bip.b.br
61.065.298/0001-02;2013-01-01;5;33386;MANGELS INDUSTRIAL SA;;;1928-10-01;008397;1971-12-28;Categoria A;2010-01-01;Ativo;1971-12-28;Brasil;Brasil;Emp. Adm. Part. - Metalurgia e Siderurgia;Produção de relaminados, trefilados e perfilados de aço, exceto arames.;Em Recuperação Judicial ou Equivalente;1971-12-28;Privado;;31;12;;www.mangels.com.br
61.065.751/0001-80;2013-01-01;4;29582;ROSSI RESIDENCIAL SA;1985-06-27;;1985-06-27;016306;1997-07-01;Categoria A;2010-01-01;Ativo;1997-07-01;Brasil;Brasil;Construção Civil, Mat. Constr. e Decoração;O objeto social é a compra e venda de imóveis, desmembramento e loteamento de terrenos, incorporação imobiliária e construção de imóveis destinados à venda.;Fase Operacional;1997-07-01;Privado;;31;12;;www.rossiresidencial.com.br
61.067.161/0001-97;2013-01-01;2;26969;NADIR FIGUEIREDO IND E COM SA;;;1912-08-30;009040;1977-07-20;Categoria A;2010-01-01;Ativo;1977-07-20;Brasil;Brasil;Extração Mineral;Fabricação de artigos de vidro para uso doméstico e embalagem;Fase Operacional;1977-07-20;Privado;;31;12;;www.nadir.com.br
61.079.117/0001-05;2013-01-01;2;26623;ALPARGATAS SA;2011-04-26;São Paulo Alpargatas SA;1907-04-03;010456;1977-07-20;Categoria A;2010-01-01;Ativo;1977-07-20;Brasil;Brasil;Têxtil e Vestuário;Indústria e comércio de calçados e artigos esportivos;Fase Operacional;1977-07-20;Privado;2002-02-10;31;12;;www.alpargatas.com.br
61.080.313/0001-91;2013-01-01;3;30136;COBRASMA SA;;Cobrasma S/A;1944-09-01;004448;1979-12-12;Categoria A;2010-01-01;Ativo;1979-12-12;Brasil;Brasil;Máquinas, Equipamentos, Veículos e Peças;Construção e Reparação de Material Ferroviário;Fase Operacional;1979-12-12;Privado;1996-04-30;31;12;;www.cobrasma.com.br
61.082.004/0001-50;2013-01-01;3;27677;MANUFATURA DE BRINQUEDOS ESTRELA SA;1944-12-19;BRINQUEDOS ESTRELA;1937-07-21;008427;1968-06-28;Categoria A;2010-01-01;Ativo;1968-06-28;Brasil;Brasil;Brinquedos e Lazer;Fabricação de Brinquedos e Jogos Recreativos;Fase Operacional;1968-06-28;Privado;1996-04-30;31;12;;www.estrela.com.br
61.084.984/0001-20;2013-01-01;3;31691;BRASMOTOR SA;;;1945-07-20;001970;1969-08-08;Categoria A;2010-01-01;Ativo;1969-08-08;Brasil;Brasil;Máquinas, Equipamentos, Veículos e Peças;Holding;Fase Operacional;1969-08-08;Estrangeiro Holding;1997-08-11;31;12;2010-12-31;www.whirlpool.com.br
61.088.894/0001-08;2013-01-01;2;28564;CAMBUCI SA;1945-08-29;;1945-08-29;002100;1985-01-05;Categoria A;2010-01-01;Ativo;1985-01-05;Brasil;Brasil;Têxtil e Vestuário;;Fase Operacional;1985-01-05;Privado;2000-05-18;31;12;1985-01-05;www.cambuci.com.br/investidores
61.092.037/0001-81;2013-01-01;3;32190;ETERNIT SA;1977-12-01;Industrias Eternit S.A.;1940-01-30;005762;1970-11-17;Categoria A;2010-01-01;Ativo;1970-11-17;Brasil;Brasil;Construção Civil, Mat. Constr. e Decoração;Industrialização e comercialização de produtos de fibrocimento, cimento, concreto, gesso, produtos de matéria plástica, bem como outros materiais de construção e respectivos acessórios.;Fase Operacional;1970-11-17;Privado;2003-10-10;31;12;2012-12-31;www.eternit.com.br/ri
61.101.895/0001-45;2013-01-01;2;29161;SANTHER FAB.DE PAPEL SANTA THEREZINHA SA;;;1938-09-23;014923;1995-06-29;Categoria A;2010-01-01;Ativo;1995-06-29;Brasil;Brasil;Papel e Celulose;Produção de papéis higienico, guardanapos, absorventes, fraldas, protetores, produtos de higiene e produtos domissanitários em geral.;Fase Operacional;1995-06-29;Privado;;31;12;;http://www.santher.com.br
61.156.113/0001-75;2013-01-01;2;28300;IOCHPE-MAXION SA;;;1969-10-06;011932;1984-07-17;Categoria A;2010-01-01;Ativo;1984-07-17;Brasil;Brasil;Máquinas, Equipamentos, Veículos e Peças;Fabricação e comercialização de produtos do setor automotivo e equipamentos ferroviários.;Fase Operacional;1984-07-17;Privado;2011-01-10;31;12;;www.iochpe.com.br
61.156.931/0001-78;2013-01-01;3;28278;SIDERURGICA J L ALIPERTI SA;1944-09-26;J. L. Aliperti Irmãos & Cia Ltda;1924-01-02;012823;1986-06-06;Categoria A;2010-01-01;Ativo;1986-06-06;Brasil;Brasil;Metalurgia e Siderurgia;Fabricação de peças e acessórios para o sistema de direção e suspensão de veículos automotores;Fase Operacional;1986-06-06;Privado;2008-07-14;31;12;;www.alipertimolas.com.br
61.189.288/0001-89;2013-01-01;4;31494;MARISA LOJAS SA;2009-11-23;Marisa Lojas Varejistas Ltda;1959-04-28;022055;2010-06-14;Categoria A;2010-06-14;Ativo;2010-06-14;Brasil;Brasil;Comércio (Atacado e Varejo);Comércio varejista de artigos do vestuário e acessórios;Fase Operacional;2010-06-14;Privado;2009-11-23;31;12;;www.marisa.com.br
61.192.373/0001-04;2013-01-01;2;29852;CONSTRUTORA BETER SA;;;1977-07-20;004758;1977-07-20;Categoria A;2010-01-01;Ativo;1977-07-20;Brasil;Brasil;Construção Civil, Mat. Constr. e Decoração;Construção de Obras de arte especiais.;Em Recuperação Judicial ou Equivalente;2008-11-10;Privado;;31;12;;http://www.beter.com.br/
61.351.532/0001-68;2013-01-01;2;26819;AZEVEDO & TRAVASSOS SA;1984-06-26;AZEVEDO & TRAVASSOS S.A. ENGENHARIA CONSTRUÇÕES E COMÉRCIO;1922-06-25;011975;1984-08-20;Categoria A;2010-01-01;Ativo;1984-08-20;Brasil;Brasil;Construção Civil, Mat. Constr. e Decoração;Execução de obras de construção pesada junto a orgãos públicos;Fase Operacional;1984-08-20;Privado;;31;12;;www.azevedotravassos.com.br
61.374.161/0001-30;2013-01-01;2;29125;BAUMER SA;1952-05-07;BAUMER S/A;1952-05-07;001562;1970-05-20;Categoria A;2010-01-01;Ativo;1970-05-20;Brasil;Brasil;Metalurgia e Siderurgia;Fabricação aparelhos e instrumentos p/ uso medico hospitalar e ortopedia;Fase Operacional;1970-05-20;Privado;;31;12;;www.baumer.com.br
61.410.395/0001-95;2013-01-01;3;30587;FIBAM CIA INDUSTRIAL;;;1951-10-17;006017;1972-08-03;Categoria A;2010-01-01;Ativo;1972-08-03;Brasil;Brasil;Metalurgia e Siderurgia;Fabricação de peças e acessórios para veículos automotores tais como parafusos, porcas, arruelas, roscas e similares.;Fase Operacional;1972-08-03;Privado;2007-11-06;31;12;;www.fibam.com.br
61.486.650/0001-83;2013-01-01;2;26761;DIAGNOSTICOS DA AMERICA SA;2000-08-17;Laboratório Clínico Delboni Auriemo S.A.;1966-07-07;019623;2004-11-05;Categoria A;2010-01-01;Ativo;2004-11-05;Brasil;Brasil;Serviços médicos;Análises Clínicas e Medicina Diagnóstica;Fase Operacional;2004-11-05;Privado;;31;12;;www.dasa3.com.br
61.532.644/0001-15;2013-01-01;3;32843;ITAÚSA - INVESTIMENTOS ITAÚ S.A.;1991-04-30;Investimentos Itaú S.A.;1966-05-06;007617;1977-07-20;Categoria A;2010-01-01;Ativo;1977-07-20;Brasil;Brasil;Emp. Adm. Part. - Sem Setor Principal;Gestão de Participações Societárias (Holding);Fase Operacional;1966-08-04;Privado Holding;;31;12;1985-12-30;www.itausa.com.br
61.565.222/0001-46;2013-01-01;3;32871;PARAMOUNT TEXTEIS INDUSTRIA E COMERCIO S/A;2004-12-31;KARIBÊ INDÚSTRA E COMÉRCIO S.A.;1966-03-15;019798;2005-09-16;Categoria B;2010-01-01;Ativo;2005-09-16;Brasil;Brasil;Têxtil e Vestuário;INDUSTRIA TÊXTIL;Fase Operacional;2005-09-16;Privado;;31;12;;www.paramount.com.br
61.584.140/0001-49;2013-01-01;2;31496;REDE ENERGIA S.A.;2008-04-07;REDE EMPRESAS DE ENERGIA ELÉTRICA S.A.;1929-01-02;003190;1969-10-16;Categoria A;2010-01-01;Ativo;1969-10-16;Brasil;Brasil;Energia Elétrica;Participação em outras empresas (A Rede Energia é uma holding);Em Recuperação Judicial ou Equivalente;1969-10-16;Privado;1995-05-31;31;12;;www.redenergia.com
61.585.865/0001-51;2013-01-01;4;31949;RAIA DROGASIL SA;2011-11-10;DROGASIL S.A.;1935-03-28;005258;1977-07-20;Categoria A;2010-01-01;Ativo;1977-07-20;Brasil;Brasil;Comércio (Atacado e Varejo);Comércio de Produtos Farmacêuticos, Perfumarias e Afins;Fase Operacional;1977-07-20;Privado;;31;12;;www.raiadrogasil.com.br
61.695.227/0001-93;2013-01-01;3;29732;ELETROPAULO METROPOLITANA EL.S.PAULO S.A;1997-12-31;Eletropaulo - Eletricidade de São Paulo S.A.;1971-09-08;014176;1993-08-19;Categoria A;2010-01-01;Ativo;1993-08-19;Brasil;Brasil;Emp. Adm. Part. - Máqs., Equip., Veíc. e Peças;Distribuição de energia elétrica;Fase Operacional;1993-08-19;Privado;1997-12-31;31;12;;www.aeseletropaulo.com.br
61.784.278/0001-91;2013-01-01;4;32102;Companhia de Crédito Financiamento e Investimento RCI Brasil;2012-04-29;Companhia de Crédito, Financiamento e Investimento Renault do Brasil;1967-04-17;022993;2012-11-27;Categoria B;2012-11-27;Ativo;2012-11-27;Brasil;Brasil;Bancos;A sociedade tem por objeto a realização de financiamento para aquisição de bens e serviços e para capital de giro e demais atividades, nos termos da legislação e regulamentação em vigor.;Fase Operacional;2012-11-27;Privado;1967-04-17;31;12;1967-04-17;http://www.rcibanque.com/fr/filiale_bresil.html
61.856.571/0001-17;2013-01-01;7;32320;COMPANHIA DE GÁS DE SÃO PAULO - COMGÁS;1974-01-28;Companhia Paulista de Serviço de Gás.;1872-08-28;015636;1996-07-03;Categoria A;2010-01-01;Ativo;1996-07-03;Brasil;Brasil;Emp. Adm. Part. - Saneamento, Serv. Água e Gás;Setor de atividade: Utilidade Pública: Distribuição de gás natural canalizado.;Fase Operacional;1996-07-03;Privado;1999-05-21;31;12;2012-12-31;www.comgas.com.br
62.002.886/0001-60;2013-01-01;4;32403;SÃO PAULO TURISMO S. A.;2005-04-29;ANHEMBI TURISMO E EVENTOS DA CIDADE DE SÃO PAULO S/A;1968-02-05;009415;1977-10-20;Categoria A;2010-01-01;Ativo;1977-10-20;Brasil;Brasil;Emp. Adm. Part. - Hospedagem e Turismo;CESSÃO DE ÁREAS PARA EVENTOS;Fase Operacional;1977-10-20;Estatal;;31;12;;www.anhembi.com.br e www.spturis.com
62.063.177/0001-94;2013-01-01;2;28047;SAFRA LEASING SA ARRENDAMENTO MERCANTIL;1977-04-28;Lease Bens S.A. Serviços, Planej. Comércio e Administração;1968-04-03;019844;2005-10-27;Categoria B;2010-01-01;Ativo;2005-10-27;Brasil;Brasil;Arrendamento Mercantil;O objeto social da Companhia é a prática das operações de arrendamento mercantil definidas na Lei nº. 6099/74.;Fase Operacional;2005-10-27;Privado;;31;12;;www.safraleasing.com.br
62.136.254/0001-99;2013-01-01;2;28210;BANCO CRUZEIRO DO SUL SA;;;1968-07-29;020753;2007-06-13;Categoria A;2010-01-01;Ativo;2007-06-13;Brasil;Brasil;Bancos;Banco Múltiplo;Em Liquidação Extrajudicial;2012-09-14;Privado;2009-04-27;31;12;2011-12-31;www.bcsul.com.br
62.144.175/0001-20;2013-01-01;2;28554;BANCO PINE S/A;1997-05-15;Banco Segmento S.A.;1997-05-15;020567;2007-03-27;Categoria A;2010-01-01;Ativo;2007-03-27;Brasil;Brasil;Bancos;Banco de atacado focado no relacionamento de longo prazo com clientes de grande porte e investidores. Oferece Crédito, produtos de hedging, Mercado de Capitais, Serviços de Assessoria Financeira.;Fase Operacional;2007-03-27;Privado;2005-08-02;31;12;2012-12-31;www.pine.com
62.232.889/0001-90;2013-01-01;2;28084;BANCO DAYCOVAL S.A.;1989-05-22;Daycoval Distribuidora de Títulos e Valores Mobiliários Ltda;1968-08-05;020796;2007-06-27;Categoria A;2010-01-01;Ativo;2007-06-27;Brasil;Brasil;Bancos;Banco Múltiplo com carteira comercial, de câmbio, de investimento e de crédito e financiamento.;Fase Operacional;2007-06-27;Privado;2011-11-21;31;12;;www.daycoval.com.br
62.307.848/0001-15;2013-01-01;3;32084;CIA DE ARREND MERCANTIL RENAULT DO BRASIL;2009-04-29;Cia de Arrendamento Mercantil Renault do Brasil;1968-09-12;021466;2008-04-29;Categoria B;2010-01-01;Ativo;2008-04-29;Brasil;Brasil;Arrendamento Mercantil;A Companhia tem por objetivo principal a prática de operações de arrendamento mercantil e demais atividades permitidas às entidades da espécie de acordo com as disposições legais e regulares.;Fase Operacional;2008-04-29;Estrangeiro;2003-10-24;31;12;;www.santander.com.br
65.654.303/0001-73;2013-01-01;2;28120;DIBENS LEASING S.A.- ARREND. MERCANTIL;;;1990-09-27;014214;1993-09-28;Categoria B;2010-01-01;Ativo;1993-09-28;Brasil;Brasil;Arrendamento Mercantil;Arrendamento Mercantil;Fase Operacional;1991-04-01;Privado;;31;12;;www.itau-unibanco.com.br/dibensleasing
67.010.660/0001-24;2013-01-01;2;27229;RODOBENS NEGOCIOS IMOBILIARIOS SA;2006-09-25;Rodobens Incoporação e Construção Ltda;1991-10-16;020451;2007-01-18;Categoria A;2010-01-01;Ativo;2007-01-18;Brasil;Brasil;Construção Civil, Mat. Constr. e Decoração;(i) a compra e venda de imóveis (ii) o desmembramento ou loteamento de terrenos (iii) a incorporação imobiliária ou construção de imóveis destinados à venda (iv) a prestação de serviços a terceiros;Fase Operacional;2007-01-18;Privado;;31;12;;www.rodobens.com/negociosimobiliarios
67.437.434/0001-24;2013-01-01;4;33042;TC SECURITIES CIA DE SECURITIZAÇÃO;2006-08-29;TC CREDITO FOMENTO MERCANTIL LTDA;1992-01-10;020389;2006-12-15;Categoria B;2010-01-01;Ativo;2006-12-15;Brasil;Brasil;Securitização de Recebíveis;;Fase Operacional;2006-12-15;Privado;2006-08-29;31;12;;www.thcm.com.br
67.571.414/0001-41;2013-01-01;2;29026;VIVER INCORPORADORA E CONSTRUTORA S.A.;2011-04-29;INPAR S.A.;1992-02-06;020702;2007-05-23;Categoria A;2010-01-01;Ativo;2007-05-23;Brasil;Brasil;Construção Civil, Mat. Constr. e Decoração;Incorporadora e construtora presente em todas as regiões do país e com foco de atuação no mercado residencial, particularmente nos segmentos de média e baixa renda.;Fase Operacional;2007-05-23;Estrangeiro Holding;2009-04-16;31;12;;http://www.viver.com.vc
67.620.377/0001-14;2013-01-01;2;28452;MINERVA S/A;2007-05-02;Indústria e Comércio de Carnes Minerva Ltda.;1992-03-09;020931;2007-07-18;Categoria A;2010-01-01;Ativo;2007-07-18;Brasil;Brasil;Alimentos;Um dos líderes da América Latina na produção e comercialização de carne in natura, boi vivo e seus derivados e que atua também nos segmentos de processamento de carne bovina, suína e de aves.;Fase Operacional;2007-07-18;Privado Holding;;31;12;2011-12-31;www.minervafoods.com
69.720.910/0001-45;2013-01-01;2;28185;BIC ARRENDAMENTO MERCANTIL S.A;1992-11-30;Não existe nome empresarial anterior;1992-11-30;015121;1995-11-16;Categoria B;2010-01-01;Ativo;1995-11-16;Brasil;Brasil;Emp. Adm. Part. - Arrendamento Mercantil;Arrendamento Mercantil;Fase Operacional;1995-11-16;Privado;;31;12;;
71.208.516/0001-74;2013-01-01;4;33511;ALGAR TELECOM S/A;2013-11-04;COMPANHIA DE TELECOMUNICAÇÕES DO BRASIL CENTRAL;1954-02-15;021032;2007-07-27;Categoria B;2010-01-01;Ativo;2007-07-27;Brasil;Brasil;Telecomunicações;Serviços de Telecomunicações em geral;Fase Operacional;2007-07-27;Privado;1993-04-30;31;12;;http://www.algartelecom.com.br
71.476.527/0001-35;2013-01-01;3;29797;CONSTRUTORA TENDA S/A;;Construtora Tenda Ltda;1993-12-01;021148;2007-10-11;Categoria B;2010-06-09;Ativo;2007-10-11;Brasil;Brasil;Construção Civil, Mat. Constr. e Decoração;;Fase Operacional;2007-10-11;Privado Holding;2009-12-30;31;12;2010-12-31;www.tenda.com
71.673.990/0001-77;2013-01-01;3;28127;NATURA COSMETICOS SA;2004-05-21;;1969-08-28;019550;2004-05-21;Categoria A;2010-01-01;Ativo;2004-05-21;Brasil;Brasil;Farmacêutico e Higiene;Comércio Atacadista de Comércio e Produtos de Perfumaria;Fase Operacional;2004-05-21;Privado;2004-05-21;31;12;2010-12-31;www.natura.net
73.178.600/0001-18;2013-01-01;4;31020;CYRELA BRAZIL REALTY SA EMPRS E PARTS;;BRAZIL REALTY S.A. EMPREENDIMENTOS E PARTICIPAÇÕES;1993-12-01;014460;1994-07-07;Categoria A;2010-01-01;Ativo;1994-07-07;Brasil;Brasil;Construção Civil, Mat. Constr. e Decoração;Incorporação Imobiliária;Fase Operacional;2001-03-31;Privado;1993-12-01;31;12;2010-12-31;www.cyrela.com.br
73.903.718/0001-61;2013-01-01;3;30890;SNB PARTICIPACOES SA;;SNB PARTICIPAÇÕES S/A;1993-11-25;014303;1994-03-09;Categoria B;2010-01-01;Ativo;1994-03-09;Brasil;Brasil;Emp. Adm. Part. - Comércio (Atacado e Varejo);Aluguel de imóveis próprios;Fase Operacional;1994-03-09;Privado;1993-11-25;31;12;1993-11-25;www.almeidajunior.com.br
74.409.467/0001-26;2013-01-01;3;32417;FENICIAPAR S/A;1994-12-16;FENICIAPAR PARTICIPAÇÕES S/A;1994-01-03;015024;1995-09-15;Categoria A;2010-01-01;Ativo;1995-09-15;Brasil;Brasil;Securitização de Recebíveis;Aquisição de direitos creditórios originados pela Lojas Arapuã S/A direritos estes, que contam com a co-obrigação da vendedora dos produtos e serviços prestados e cessão de direitos.;Paralisada;1998-06-22;Privado;1998-06-22;31;12;2012-12-31;www.feniciapar.com.br
75.609.123/0001-23;2013-01-01;1;33134;Ouro Verde Locação e Serviço S.A.;2013-06-28;Ouro Verde Transporte e Locação S.A.;1973-05-29;023280;2013-11-14;Categoria A;2013-11-14;Ativo;2013-11-14;Brasil;Brasil;Serviços Transporte e Logística;Locação de veículos e de equipamentos, com ou sem a cessão de operador gestão e administração de veículos, máquinas e equipamentos de terceiros, dentre outras atividades correlatas.;Fase Operacional;2013-11-14;Privado;;31;12;2013-09-30;www.ouroverde.net.br
76.255.926/0001-90;2013-01-01;2;26611;CIA. IGUAÇU DE CAFÉ SOLÚVEL;;;1967-06-22;003336;1977-07-20;Categoria A;2010-01-01;Ativo;1977-07-20;Brasil;Brasil;Alimentos;Fabricação de café solúvel;Fase Operacional;1971-07-17;Privado;1972-08-07;31;3;2013-04-25;www.iguacu.com.br
76.483.817/0001-20;2013-01-01;5;30170;COMPANHIA PARANAENSE DE ENERGIA;1979-10-22;Companhia Paranaense de Energia Elétrica;1954-10-26;014311;1994-04-04;Categoria A;2010-01-01;Ativo;1994-04-04;Brasil;Brasil;Energia Elétrica;Geração, Transmissão, Comercialização e Distribuição de Energia Elétrica;Fase Operacional;1994-04-04;Estatal Holding;;31;12;;www.copel.com
76.484.013/0001-45;2013-01-01;5;33359;CIA. DE SANEAMENTO DO PARANÁ - SANEPAR;1964-06-19;COMPANHIA DE ÁGUA E ESGOTOS DO PARANÁ - AGEPAR;1964-01-09;018627;2000-03-10;Categoria A;2010-01-01;Ativo;2000-03-10;Brasil;Brasil;Saneamento, Serv. Água e Gás;CAPTAÇÃO, TRATAMENTO E DISTRIBUIÇÃO DE ÁGUA E COLETA E TRATAMENTO DE ESGOTO;Fase Operacional;2000-03-10;Estatal;2013-10-17;31;12;2011-01-04;www.sanepar.com.br
76.500.180/0001-32;2013-01-01;3;30407;COMPANHIA PROVIDENCIA IND E COMERCIO;;;1963-07-04;020974;2007-07-25;Categoria A;2010-01-01;Ativo;2007-07-25;Brasil;Brasil;Petroquímicos e Borracha;Fabricação e comercialização de tecido nãotecido, resultante da transformação de polipropileno.;Fase Operacional;2007-07-25;Privado;2007-01-31;31;12;2012-12-31;www.providencia.com.br/ri
76.535.764/0001-43;2013-01-01;6;29629;Oi S.A.;2012-02-27;BRASIL TELECOM S/A;1963-11-27;011312;1980-03-27;Categoria A;2010-01-01;Ativo;1980-03-27;Brasil;Brasil;Telecomunicações;;Fase Operacional;1980-03-27;Privado;2009-01-08;31;12;2010-12-31;www.oi.com.br/ri
76.627.504/0001-06;2013-01-01;2;28276;INEPAR SA IND E CONSTRUCOES;1976-04-30;INEPAR - INDÚSTRIA ELETROMECÂNICAS DO PARANÁ S/A;1968-05-01;007595;1980-01-22;Categoria A;2010-01-01;Ativo;1980-01-22;Brasil;Brasil;Máquinas, Equipamentos, Veículos e Peças;Fabricação de equipamentos e sistemas elétricos , fabricação de torres e acessórios para transmissão de energia e telecomunicações, fabricação de bens de capital e sitemas industriais sob encomenda,;Fase Operacional;1980-01-22;Privado;;31;12;1968-05-01;www.inepar.com.br
78.588.415/0001-15;2013-01-01;2;28572;CIA CACIQUE CAFE SOLUVEL;;;1959-10-17;002909;1977-07-20;Categoria A;2010-01-01;Ativo;1977-07-20;Brasil;Brasil;Alimentos;A exploração de usinas de café solúvel e a industrialização e envasamento do café solúvel, do café torrado e/ou moído;Fase Operacional;1977-07-20;Privado Holding;;31;12;;www.cafepele.com.br
78.876.950/0001-71;2013-01-01;2;26608;CIA HERING;1999-04-30;Hering Têxtil S/A;1985-08-19;014761;1995-01-26;Categoria A;2010-01-01;Ativo;1995-01-26;Brasil;Brasil;Têxtil e Vestuário;Confecção de artigos do vestuário e acessórios;Fase Operacional;1995-01-26;Privado;;31;12;;www.ciahering.com.br
80.227.184/0001-66;2013-01-01;2;28285;METALGRAFICA IGUACU SA;1970-05-26;METALGRAFICA MERHY S.A.;1951-11-27;008605;1968-09-02;Categoria A;2010-01-01;Ativo;1968-09-02;Brasil;Brasil;Metalurgia e Siderurgia;FÁBRICA DE EMBALAGENS METÁLICAS PARA ALIMENTOS;Fase Operacional;1968-09-02;Privado;1992-03-24;31;12;;www.metaliguacu.com.br
81.243.735/0001-48;2013-01-01;3;31628;POSITIVO INFORMATICA SA;2006-08-17;POSITIVO INFORMÁTICA LTDA.;1989-05-26;020362;2006-12-06;Categoria A;2010-01-01;Ativo;2006-12-06;Brasil;Brasil;Comunicação e Informática;Fabricação de computadores.;Fase Operacional;2006-12-06;Privado;;31;12;2012-12-31;www.positivoinformatica.com.br/ri
81.304.727/0001-64;2013-01-01;2;28483;IGUACU CELULOSE PAPEL SA;1981-12-10;INDUSTRIAL PAPELEIRA SANTA MÔNICA S/A;1965-11-04;015113;1995-11-09;Categoria A;2010-01-01;Ativo;1995-11-09;Brasil;Brasil;Papel e Celulose;FABRICAÇÃO DE PAPEL, CELULOSE E DERIVADOS;Fase Operacional;1995-11-09;Privado;;31;12;;www.iguacucelulose.com.br
82.373.077/0001-71;2013-01-01;4;29643;BEMATECH S.A.;2008-04-11;BEMATECH IND COM EQUIP ELETRONICOS SA;1990-10-01;020656;2007-04-17;Categoria A;2010-01-01;Ativo;2007-04-17;Brasil;Brasil;Comunicação e Informática;Produção, industrialização e comercialização de hardware, software e serviços;Fase Operacional;2007-04-17;Privado;;31;12;;www.bematech.com.br/ri
82.508.433/0001-17;2013-01-01;2;26944;CIA CAT. DE ÁGUAS E SANEAMENTO - CASAN;;;1971-07-02;016861;1998-02-06;Categoria A;2010-01-01;Ativo;1998-02-06;Brasil;Brasil;Saneamento, Serv. Água e Gás;Atuar como instituição integrante do sistema de saneamento básico e de saúde do Estado de Santa Catarina através dos serviços de captação, tratamento e distribuição de água e tratamento de esgoto.;Fase Operacional;1998-02-06;Estatal;1998-02-06;31;12;;www.casan.com.br
82.636.986/0001-55;2013-01-01;2;26932;TEKA TECELAGEM KUEHNRICH SA;1972-10-20;TEKA TECELAGEM KUEHNRICH S.A.;1935-04-06;011223;1969-12-04;Categoria A;2010-01-01;Ativo;1969-12-04;Brasil;Brasil;Têxtil e Vestuário;Fabricação de artigos de Cama, Mesa e Banho;Fase Operacional;1969-12-04;Privado;1935-04-06;31;12;2012-12-31;www.teka.com.br
82.640.558/0001-04;2013-01-01;3;31542;KARSTEN SA;2000-04-17;Companhia Têxtil Karsten.;1933-12-12;004146;1971-12-29;Categoria A;2010-01-01;Ativo;1971-12-29;Brasil;Brasil;Têxtil e Vestuário;Fabricação, exportação, importação e o comércio atacadista e varejista de fios, tecidos e produtos têxteis em geral.;Fase Operacional;1971-12-29;Privado;1933-12-12;31;12;1933-12-12;www.karsten.com.br
82.640.632/0001-84;2013-01-01;2;28857;LOJAS HERING SA;;;1950-12-29;008117;1977-07-20;Categoria A;2010-01-01;Ativo;1977-07-20;Brasil;Brasil;Têxtil e Vestuário;Comércio Varejista de Artigos Têxteis;;2010-04-27;Privado;1998-04-07;31;12;;www.lojasheringsa.com.br
82.641.325/0001-18;2013-01-01;4;28862;CREMER SA;1995-03-21;Cremer S.A. - Produtos Têxteis e Cirúrgicos;1935-03-30;020141;2006-06-30;Categoria A;2010-01-01;Ativo;2006-06-30;Brasil;Brasil;Têxtil e Vestuário;Indústria e comércio de produtos têxteis (tecidos e não tecidos), cirúrgicos, hospitalares,adesivos cirúrgicos e industriais, cosméticos, de perfumaria e higiene, comércio de medicamentos, saneantes;Fase Operacional;2006-06-30;Privado;2013-01-04;31;12;2012-12-31;www.cremer.com.br/ri
82.643.537/0001-34;2013-01-01;2;32033;ELECTRO AÇO ALTONA S/A;1936-10-31;Electro Aço;1924-03-08;005380;1950-01-19;Categoria A;2010-01-01;Ativo;1950-01-19;Brasil;Brasil;Metalurgia e Siderurgia;Fundição de ferro e aço;Fase Operacional;1998-12-29;Privado;2009-12-31;31;12;2011-12-31;www.altona.com.br
82.981.671/0001-45;2013-01-01;2;27497;FAB TECIDOS CARLOS RENAUX SA - EM RECUPERACAO JUDICIAL;2011-12-09;FAB TECIDOS CARLOS RENAUX SA;1892-03-11;005827;1969-11-13;Categoria A;2010-01-01;Ativo;1969-11-13;Brasil;Brasil;Têxtil e Vestuário;Produção de tecidos de Algodão;Em Recuperação Judicial ou Equivalente;2011-12-09;Privado;;31;12;;www.renaux.com.br
82.981.812/0001-20;2013-01-01;2;27129;BUETTNER SA IND E COMERCIO - EM RECUPERAÇÃO JUDICIAL;2011-05-13;BUETTNER SA IND E COMERCIO - Em Recuperação Judicial;1952-10-01;002038;1969-02-27;Categoria A;2010-01-01;Ativo;1969-02-27;Brasil;Brasil;Têxtil e Vestuário;Banho e Cama;Em Recuperação Judicial ou Equivalente;1969-02-27;Privado;1999-04-09;31;12;;www.buettner.com.br
82.981.929/0001-03;2013-01-01;1;25790;CIA INDL SCHLOSSER SA;1933-10-18;G. SCHLOSSER & FILHOS;1911-01-01;003549;1985-06-28;Categoria A;2010-01-01;Ativo;1985-06-28;Brasil;Brasil;Têxtil e Vestuário;Tecidos para Vestuário;Fase Operacional;1985-06-28;Privado;;31;12;2011-12-31;www.schlosser.com.br
82.982.075/0001-80;2013-01-01;2;27335;TÊXTIL RENAUXVIEW S/A;2007-05-29;INDÚSTRIAS TÊXTEIS RENAUX S/A;1926-04-25;007544;1969-08-11;Categoria A;2010-01-01;Ativo;1969-08-11;Brasil;Brasil;Têxtil e Vestuário;Fiação e tecelagem de algodão;Fase Operacional;1969-08-11;Privado;2009-03-30;31;12;;www.renaxuview.com.br
83.475.913/0001-91;2013-01-01;2;29032;PORTOBELLO S/A;1998-12-17;CERÂMICA PORTOBELLO S/A;1977-12-22;013773;1991-01-04;Categoria A;2010-01-01;Ativo;1991-01-04;Brasil;Brasil;Construção Civil, Mat. Constr. e Decoração;Industrialização e Comercialização de Revestimentos Cerâmicos;Fase Operacional;1991-01-04;Privado;1977-12-22;31;12;2009-12-31;www.portobello.com.br
83.878.892/0001-55;2013-01-01;3;29688;CENTRAIS ELETRICAS DE SANTA CATARINA S.A;;;1955-12-09;002461;1973-03-26;Categoria A;2010-01-01;Ativo;1973-03-26;Brasil;Brasil;Emp. Adm. Part. - Energia Elétrica;Holding do Setor de Energia;Fase Operacional;1973-03-26;Estatal Holding;;31;12;;www.celesc.com.br
84.429.695/0001-11;2013-01-01;3;31613;WEG SA;1986-03-31;Eletromotores WEG S.A.;1961-06-30;005410;1982-02-09;Categoria A;2010-01-01;Ativo;1982-02-09;Brasil;Brasil;Emp. Adm. Part. - Máqs., Equip., Veíc. e Peças;A WEG SA é uma sociedade de participação não operacional (holding) etambém sociedade de comando do Grupo WEG.;Fase Operacional;1982-02-09;Privado Holding;1961-06-30;31;12;;http://www.weg.net/br
84.683.374/0001-49;2013-01-01;3;33714;TUPY SA;1985-12-10;Fundição Tupy S.A.;1938-02-15;006343;1966-07-01;Categoria A;2010-01-01;Ativo;1966-07-01;Brasil;Brasil;Metalurgia e Siderurgia;Produtos fundidos para a industria automobilística / conexões em ferro fundido para aplicações em redes hidráulicas e de gás / granalhas e perfis;Fase Operacional;1966-07-01;Privado;2008-04-30;31;12;;www.tupy.com.br
84.683.408/0001-03;2013-01-01;2;28322;DOHLER S.A.;1997-04-22;Döhler S.A. Comércio e Indústria;1966-08-08;005207;1973-12-26;Categoria A;2010-01-01;Ativo;1973-12-26;Brasil;Brasil;Têxtil e Vestuário;Fabricação de artefatos têxteis para uso doméstico;Fase Operacional;1973-12-26;Privado;1966-08-08;31;12;2012-12-31;www.dohler.com.br
84.683.671/0001-94;2013-01-01;2;28935;WETZEL S.A.;1998-12-30;Metalúrgica Wetzel S/A;1932-04-11;011991;1984-10-09;Categoria A;2010-01-01;Ativo;1984-10-09;Brasil;Brasil;Metalurgia e Siderurgia;Fabricação de peças e acessórios para sistema motor de veículos automotores;Fase Operacional;1984-10-09;Privado;;31;12;;www.wetzel.com.br
84.683.762/0001-20;2013-01-01;2;27066;METALURGICA DUQUE SA;;METALURGICA DUQUE LTDA.;1955-09-16;008648;1971-11-26;Categoria A;2010-01-01;Ativo;1971-11-26;Brasil;Brasil;Metalurgia e Siderurgia;Fabricação de peças p/bicicletas, peças p/eletrodomésticos e linha automotiva.;Fase Operacional;1971-11-26;Privado;;31;12;2009-12-31;www.duque.com.br
84.693.183/0001-68;2013-01-01;4;32319;SCHULZ SA;;;1963-07-04;014664;1994-12-19;Categoria A;2010-01-01;Ativo;1994-12-19;Brasil;Brasil;Metalurgia e Siderurgia;Indústria Metalúrgica;Fase Operacional;1994-12-19;Privado;;31;12;;www.schulz.com.br
85.041.333/0001-11;2013-01-01;3;29111;TERMINAIS PORT. DA PONTA DO FÉLIX S/A;;;1996-02-27;015407;1996-02-27;Categoria A;2010-01-01;Ativo;1996-02-27;Brasil;Brasil;Serviços Transporte e Logística;Administração da infra-estrutura portuáriaDepósitos de mercadorias para terceiros, exceto armazéns gerais e guarda-móveisCarga e descarga;Fase Operacional;2002-09-30;Privado;;31;12;;http://www.pontadofelix.com.br/
85.778.074/0001-06;2013-01-01;3;30920;METALURGICA RIOSULENSE SA;;;1946-01-02;013439;1988-11-29;Categoria A;2010-01-01;Ativo;1988-11-29;Brasil;Brasil;Metalurgia e Siderurgia;Industria Mecâno Metalúrgica;Fase Operacional;1988-11-29;Privado;1988-11-29;31;12;;www.riosulense.com.br
86.375.425/0001-09;2013-01-01;2;26859;METISA METALÚRGICA TIMBOENSE SA;;;1942-01-08;008753;1971-05-18;Categoria A;2010-01-01;Ativo;1971-05-18;Brasil;Brasil;Metalurgia e Siderurgia;Fabricação de máquinas e equipamentos para a agricultura e pecuária, peças e acessórios, exceto para irrigação.;Fase Operacional;1971-05-18;Privado;1990-01-29;31;12;1988-12-31;www.metisa.com.br
86.550.951/0001-50;2013-01-01;1;24126;RENAR MAÇAS SA;1986-12-31;REFLORESTAMENTO FRAIBURGO S.A.;1962-11-01;019658;2004-12-28;Categoria A;2010-01-01;Ativo;2004-12-28;Brasil;Brasil;Agricultura (Açúcar, Álcool e Cana);POMICULTURA PRODUÇÃO, COMERCIALIZAÇÃO E EXPORTAÇÃO;Fase Operacional;2004-12-28;Privado;;31;12;;www.renar.agr.br
87.043.832/0001-73;2013-01-01;2;28456;SEIVA S.A. - FLORESTAS E INDÚSTRIAS;1971-12-29;;1971-12-29;010561;1981-12-11;Categoria A;2010-01-01;Ativo;1981-12-11;Brasil;Brasil;Emp. Adm. Part. - Metalurgia e Siderurgia;Participação e Administração;Fase Operacional;1981-12-11;Privado;2004-12-31;31;12;2011-12-31;www.gerdau.com
87.456.562/0001-22;2013-01-01;2;28352;JOSAPAR- JOAQUIM OLIVEIRA S/A PARTICIP;;JOSAPAR Joaquim Oliveira S/A Participações;1973-11-13;013285;1988-03-04;Categoria A;2010-01-01;Ativo;1988-03-04;Brasil;Brasil;Alimentos;Beneficiamento de Arroz e Participações;Fase Operacional;1988-03-04;Privado;2010-12-31;31;12;;http://www.josapar.com.br
87.762.563/0001-03;2013-01-01;3;26925;COMPANHIIA HABITASUL DE PARTICIPAÇÕES;1981-12-02;HABITASUL ADMINISTRAÇÃO E PARTICIPAÇÕES LTDA;1981-09-28;003298;1982-04-19;Categoria A;2010-01-01;Ativo;1982-04-19;Brasil;Brasil;Emp. Adm. Part. - Sem Setor Principal;PARTICIPAÇÕES SOCIETÁRIAS;Fase Operacional;1982-04-19;Privado Holding;1981-12-02;31;12;1986-09-16;www.habitasul.com.br
88.610.126/0001-29;2013-01-01;4;33378;FRAS-LE SA;1996-01-22;Francisco Stedile S.A;1954-02-22;006211;1977-07-20;Categoria A;2010-01-01;Ativo;1977-07-20;Brasil;Brasil;Máquinas, Equipamentos, Veículos e Peças;Indústria de Autopeças e Materiais de Fricção;Fase Operacional;1977-07-20;Privado;1996-01-22;31;12;;www.fras-le.com
88.610.191/0001-54;2013-01-01;2;28846;MUNDIAL S.A - PRODUTOS DE CONSUMO;2003-12-29;EBERLE S/A;1896-04-02;005312;1979-12-12;Categoria A;2010-01-01;Ativo;1979-12-12;Brasil;Brasil;Têxtil e Vestuário;Componentes diversos para Indústria de calçados confecções, artigos de cuidados pessoais e de cultelaria.;Fase Operacional;1979-12-12;Privado;2003-12-29;31;12;;www.mundial.com
88.611.835/0001-29;2013-01-01;2;28193;MARCOPOLO SA;1992-04-27;MARCOPOLO S.A. - CARROCERIAS E ÔNIBUS;1949-08-06;008451;1977-07-20;Categoria A;2010-01-01;Ativo;1977-07-20;Brasil;Brasil;Máquinas, Equipamentos, Veículos e Peças;;Fase Operacional;1977-07-20;Privado;2009-12-11;31;12;1982-12-29;www.marcopolo.com.br
88.613.658/0001-10;2013-01-01;3;32112;PETTENATI SA IND TEXTIL;1992-10-30;PETTENATI S/A INDÚSTRIA DE MALHAS E CONFECÇÕES;1964-06-11;009539;1981-02-04;Categoria A;2010-01-01;Ativo;1981-02-04;Brasil;Brasil;Têxtil e Vestuário;Fabricação de Tecidos Acabados em Malha Circular, Fabricação de Confecções do Vestuário;Fase Operacional;1981-02-04;Privado Holding;1981-02-04;30;6;;www.pettenati.com.br
89.086.144/0001-16;2013-01-01;4;29736;RANDON S.A. IMPLEMENTOS E PARTICIPAÇÕES;2003-11-28;RANDON PARTICIPAÇÕES S.A.;1992-09-16;014109;1993-02-05;Categoria A;2010-01-01;Ativo;1993-02-05;Brasil;Brasil;Máquinas, Equipamentos, Veículos e Peças;indústria e comércio de veíc. automotores e rebocados para a movimentação e o de transporte de materiais de implem para o transp rodoviário e ferroviário e de aparelhos mecânicos, peças;Fase Operacional;1993-02-05;Privado;1993-02-05;31;12;;wwww.randon.com.br/ri
89.096.457/0001-55;2013-01-01;2;28605;SLC AGRICOLA SA;2007-03-23;SLC AGRÍCOLA LTDA.;1977-06-03;020745;2007-06-12;Categoria A;2010-01-01;Ativo;2007-06-12;Brasil;Brasil;Agricultura (Açúcar, Álcool e Cana);Produção e comercialização de algodão, soja, milho, café, entre outros.;Fase Operacional;2007-06-12;Privado;2008-06-09;31;12;;www.slcagricola.com.br
89.463.822/0001-12;2013-01-01;3;27064;LUPATECH S/A;1993-03-30;Valmicro Indústria e Comércio de Válvulas S.A.;1980-08-08;020060;2006-05-08;Categoria A;2010-01-01;Ativo;2006-05-08;Brasil;Brasil;Petróleo e Gás;Fabricante de equipamentos e provedor de serviços para o setor de Petróleo e Gás.;Fase Operacional;2006-05-08;Privado;2006-05-15;31;12;1980-08-08;www.lupatech.com.br
89.547.269/0001-04;2013-01-01;4;28541;DIGITEL SA INDUSTRIA ELETRONICA;;;1978-11-27;012858;1986-06-20;Categoria A;2010-01-01;Ativo;1986-06-20;Brasil;Brasil;Comunicação e Informática;;Fase Operacional;1986-06-20;Privado;;31;12;2009-12-31;www.digitel.com.br
89.637.490/0001-45;2013-01-01;3;28224;KLABIN S.A.;2001-10-26;KLABIN RIOCELL S.A.;1978-11-08;012653;1997-08-06;Categoria A;2010-01-01;Ativo;1997-08-06;Brasil;Brasil;Papel e Celulose;Empresa brasileira de base florestal. Produtora de papéis e cartões para embalagens, embalagens de papelão ondulado e sacos industriais, além de ser recicladora e produtora de toras para serrarias.;Fase Operacional;1997-08-06;Privado;2001-12-28;31;12;2011-12-31;www.klabin.com.br
89.723.993/0001-33;2013-01-01;4;31976;CONST SULTEPA SA;;;1956-03-14;013030;1986-09-29;Categoria A;2010-01-01;Ativo;1986-09-29;Brasil;Brasil;Construção Civil, Mat. Constr. e Decoração;Administração e execução de obras públicas e privadas como: portos, aeroportos, viadutos, estradas.;Fase Operacional;1986-09-29;Privado;;31;12;;www.sultepa.com.br
89.850.341/0001-60;2013-01-01;2;26933;GRENDENE SA;1979-11-26;Plásticos Grendene Ltda;1971-02-25;019615;2004-10-26;Categoria A;2010-01-01;Ativo;2004-10-26;Brasil;Brasil;Têxtil e Vestuário;Fabricação de calçados em geral;Fase Operacional;2004-10-26;Privado Holding;;31;12;;http://www.grendene.com.br
90.076.886/0001-40;2013-01-01;2;26869;MINUPAR PARTICIPACOES SA;1990-09-14;Minuano - Exportação, Participação e Administração Ltda.;1984-08-01;013765;1990-12-21;Categoria A;2010-01-01;Ativo;1990-12-21;Brasil;Brasil;Emp. Adm. Part. - Alimentos;Criação, abate industrialização e comercialização de carnes e produtos derivados de aves e suinos importação e exportação prestação de serviços a terceiros e partipação em outras empresas;Fase Operacional;1990-12-21;Privado;;31;12;;www.minuano.com.br
90.400.888/0001-42;2013-01-01;3;28169;BANCO SANTANDER (BRASIL) S.A.;2009-04-14;Banco Santander S.A.;1985-08-09;020532;2007-03-02;Categoria A;2010-01-01;Ativo;2007-03-02;Brasil;Brasil;Bancos;Banco Múltiplo com Carteira Comercial;Fase Operacional;2007-03-02;Estrangeiro Holding;2009-08-29;31;12;;www.santander.com.br
90.441.460/0001-48;2013-01-01;2;28122;UNICASA INDÚSTRIA DE MÓVEIS S.A.;2009-12-14;Única Indústria de Móveis Ltda.;1985-09-02;022780;2012-04-25;Categoria A;2012-04-25;Ativo;2012-04-25;Brasil;Brasil;Construção Civil, Mat. Constr. e Decoração;Indústria, comércio, prestação de serviços, importação e exportação de produtos relacionados ao ramo de mobiliário em geral, planejado e modulado de madeira, ferro, aço, alumínio e outros materiais.;Fase Operacional;2012-04-25;Privado;2003-03-28;31;12;;http://www.unicasamoveis.com.br
91.333.666/0001-17;2013-01-01;2;27358;RECRUSUL SA;1980-10-29;RECRUSUL S/A - VIATURAS E REFRIGERAÇÃO;1954-05-31;012572;1985-12-20;Categoria A;2010-01-01;Ativo;1985-12-20;Brasil;Brasil;Máquinas, Equipamentos, Veículos e Peças;Produção e comercialização de equipamentos para refrigeração industrial e unidades de transportes.;Em Recuperação Judicial ou Equivalente;2008-12-23;Privado;2008-04-08;31;12;1982-06-30;www.recrusul.com.br
91.669.747/0001-92;2013-01-01;2;27071;FINANSINOS S/A-CRÉDITO, FINAN. E INVEST.;2001-08-23;BANCO FINANSINOS S/A;1962-09-12;006076;1977-07-20;Categoria A;2010-01-01;Ativo;1977-07-20;Brasil;Brasil;Bancos;FINANCIAMENTO DE BENS E SERVIÇOS - INTERMEDIAÇÃO FINANCEIRA;Fase Operacional;1977-07-20;Privado;2011-12-20;31;12;1962-09-12;www.finansinos.com.br
91.820.068/0001-72;2013-01-01;2;26609;PETROPAR SA;;;1988-01-21;013412;1988-11-22;Categoria A;2010-01-01;Ativo;1988-11-22;Brasil;Brasil;Emp. Adm. Part. - Embalagens;Empresa de administração e participação em negócios de embalagens metálicas e plásticas, nãotecidos de polipropileno e florestamento.;Fase Operacional;1988-11-22;Privado;1988-11-22;31;12;2011-12-31;www.petropar.com.br
91.983.056/0001-69;2013-01-01;5;31686;KEPLER WEBER SA;1981-07-14;Kepler Weber S.A., Indústria, Comércio, Importação e Exportação;1936-04-30;007870;1980-12-15;Categoria A;2010-01-01;Ativo;1980-12-15;Brasil;Brasil;Emp. Adm. Part. - Metalurgia e Siderurgia;Indústria e comércio de produtos e matérias primas relacionadas a metalurgia, importação e exportação, prestação de serviços, comércio de produtos destinados a agroindústria.;Fase Operacional;1980-12-15;Privado;;31;12;;www.kepler.com.br
92.012.467/0001-70;2013-01-01;2;28414;GRAZZIOTIN SA;;;1950-05-24;004537;1979-01-31;Categoria A;2010-01-01;Ativo;1979-01-31;Brasil;Brasil;Comércio (Atacado e Varejo);Comércio Varejista de Vestuário e Bazar.;Fase Operacional;1979-01-31;Privado;;31;12;;www.grazziotin.com.br
92.660.570/0001-26;2013-01-01;3;29390;TREVISA INVESTIMENTOS SA;2000-06-27;Trevo Investimentos S.A.;1930-07-01;008192;1980-12-15;Categoria A;2010-01-01;Ativo;1980-12-15;Brasil;Brasil;Emp. Adm. Part. - Sem Setor Principal;Part. Capital outras empresas qualquer setor econômico.Locação de conjuntos comerciais.;Fase Operacional;1980-12-15;Privado;;31;12;;www.trevisa.com.br
92.665.611/0001-77;2013-01-01;2;28303;DIMED SA DISTRIBUIDORA DE MEDICAMENTOS;2000-04-23;PANVEL S.A. DROGARIAS E FARMACIAS;1920-01-23;009342;1977-07-20;Categoria A;2010-01-01;Ativo;1977-07-20;Brasil;Brasil;Comércio (Atacado e Varejo);Comercio atacadista e varejista de medicamentos e produtos de perfumaria e toucador;Fase Operacional;1977-07-20;Privado;2012-01-12;31;12;2012-12-18;www.panvel.com.br
92.690.783/0001-09;2013-01-01;2;28455;METALURGICA GERDAU SA;1965-06-03;METALÚRGICA HUGO GERDAU S.A.;1901-02-01;008656;1968-05-17;Categoria A;2010-01-01;Ativo;1968-05-17;Brasil;Brasil;Metalurgia e Siderurgia;Participação e Administração;Fase Operacional;1968-05-17;Privado Holding;2008-05-30;31;12;2011-12-31;www.gerdau.com
92.693.019/0001-89;2013-01-01;3;28506;PANATLANTICA SA;1987-04-28;AÇOS LAMINADOS PANATLANTICA SA;1967-07-20;000094;1971-12-29;Categoria A;2010-01-01;Ativo;1971-12-29;Brasil;Brasil;Metalurgia e Siderurgia;INDUSTRIALIZAÇÃO E COMERCIALIZAÇÃO DE AÇOS PLANOS;Fase Operacional;1971-12-29;Privado;1995-06-28;31;12;1967-07-20;www.panatlantica.com.br
92.702.067/0001-96;2013-01-01;4;33170;BANCO DO ESTADO DO RIO GRANDE DO SUL SA;1960-08-25;BANCO DO RIO GRANDE DO SUL S.A.;1928-09-12;001210;1977-07-20;Categoria A;2010-01-01;Ativo;1977-07-20;Brasil;Brasil;Bancos;Banco Múltiplo atuante nas carteiras comercial, crédito, financiamento e investimento, crédito imobiliário, desenvolvimento e arrendamento mercantil e de investimentos.;Fase Operacional;1977-07-20;Estatal;1928-09-12;31;12;2009-12-31;www.banrisul.com.br/ri
92.715.812/0001-31;2013-01-01;5;31868;CIA ESTADUAL DE GERACAO E TRANSMISSAO DE ENERGIA ELETRICA;2006-11-27;Companhia Estadual de Energia Elétrica;1966-09-13;003204;1970-01-07;Categoria A;2010-01-01;Ativo;1970-01-07;Brasil;Brasil;Energia Elétrica;Prestação de serviços de natureza pública ou privada, no setor de geração e transmissão de energia elétrica;Fase Operacional;1970-01-07;Estatal;;31;12;;www.ceee.com.br
92.721.232/0001-57;2013-01-01;5;32414;BANRISUL ARMAZENS GERAIS SA;1998-04-07;Cia de Armazéns Gerais do Estado do RS - Cagergs;1953-11-12;015822;1996-10-18;Categoria A;2010-01-01;Ativo;1996-10-18;Brasil;Brasil;Serviços Transporte e Logística;Serviços de movimentação e armazenagem de mercadorias em Depósito Alafandegado e Armazém Geral, locação de imóvel próprio e armazenamento, digitalização e gerenciamento de documentos.;Fase Operacional;1996-10-18;Privado;1961-02-24;31;12;;www.bagergs.com.br
92.749.225/0001-63;2013-01-01;3;29393;HERCULES S/A - FABRICA DE TALHERES;1947-07-25;HÉRCULES LTDA;1936-10-13;006629;1968-11-01;Categoria A;2010-01-01;Ativo;1968-11-01;Brasil;Brasil;Metalurgia e Siderurgia;Fabricação e a comercialização de toda a espécie de talheres e outros artigos de mesa para uso doméstico, artigos de adorno, beleza, higiene, móveis, material escolar, de escritório e profissional.;Fase Operacional;1968-11-01;Privado;2008-12-31;31;12;2011-12-31;http://www.hercules.ind.br
92.754.738/0001-62;2013-01-01;4;31841;LOJAS RENNER SA;;;1965-06-10;008133;1977-07-20;Categoria A;2010-01-01;Ativo;1977-07-20;Brasil;Brasil;Comércio (Atacado e Varejo);Loja de Departamentos (Comércio Varejista);Fase Operacional;1977-07-20;Privado;2005-07-01;31;12;;www.lojasrenner.com.br
92.781.335/0001-02;2013-01-01;3;31443;FORJAS TAURUS SA;1949-12-10;FORJAS TAURUS LTDA;1939-11-17;006173;1982-03-02;Categoria A;2010-01-01;Ativo;1982-03-02;Brasil;Brasil;Metalurgia e Siderurgia;Indústria e comércio de armas;Fase Operacional;1982-03-02;Privado;1977-09-26;31;12;;www.taurus.com.br
92.791.243/0001-03;2013-01-01;2;28355;CELULOSE IRANI SA;;;1941-06-06;002429;1977-07-20;Categoria A;2010-01-01;Ativo;1977-07-20;Brasil;Brasil;Papel e Celulose;Fabricação de papel para embalagem, embalagens de papelão ondulado e resinas.;Fase Operacional;1977-07-20;Privado;1977-07-20;31;12;;www.irani.com.br
92.802.784/0001-90;2013-01-01;2;28437;CIA RIOGRANDENSE DE SANEAMENTO;;;1965-12-21;016748;1997-12-19;Categoria B;2010-01-01;Ativo;1997-12-19;Brasil;Brasil;Saneamento, Serv. Água e Gás;Abastecimento de água, coleta e tratamento de esgoto sanitário;Fase Operacional;1997-12-19;Estatal;2009-12-30;31;12;;www.corsan.com.br
92.825.900/0001-96;2013-01-01;4;31505;DHB IND E COMERCIO SA;;;1967-06-07;005150;1978-03-21;Categoria A;2010-01-01;Ativo;1978-03-21;Brasil;Brasil;Emp. Adm. Part. - Máqs., Equip., Veíc. e Peças;Participação em outras sociedades - holding;Fase Operacional;1978-03-21;Privado Holding;;31;12;;www.dhb.com.br
92.859.974/0001-43;2013-01-01;2;32715;Altus Sistemas de Automação S/A;2012-08-31;Altus Participações S.A.;1989-06-06;023183;2013-07-02;Categoria A;2013-07-02;Ativo;2013-07-02;Brasil;Brasil;Máquinas, Equipamentos, Veículos e Peças;Desenvolve, fabrica e comercializa equipamentos eletrônicos para automação industrial, comercial e da construção civil. Adicionalmente presta serviços e consultoria de informática e automação.;Fase Operacional;2013-07-02;Privado;;31;12;;www.altus.com.br
92.929.520/0001-00;2013-01-01;2;28213;SPRINGER SA;1985-07-16;Springer Refrigeração S.A.;1934-05-24;010960;1968-10-24;Categoria A;2010-01-01;Ativo;1968-10-24;Brasil;Brasil;Máquinas, Equipamentos, Veículos e Peças;Indústria e Comércio, Importação e Exportação de Eletrodomésticos;Fase Operacional;1968-10-24;Privado;1979-10-01;31;12;1984-10-31;www.springergroup.com.br
93.167.658/0001-73;2013-01-01;3;31411;SDV ADM-DE SHOPPING CENTERS SA;;;1989-11-24;013790;1991-04-15;Categoria B;2010-01-01;Ativo;1991-04-15;Brasil;Brasil;Comércio (Atacado e Varejo);Administração de Shopping Centers;Fase Operacional;1991-04-15;Privado Holding;;31;12;;
93.828.986/0001-73;2013-01-01;2;28609;CEMEPE INVESTIMENTOS SA;1993-04-30;COMPANHIA MARCOPOLO DE PARTICIPAÇÕES;1991-03-01;013854;1991-06-28;Categoria A;2010-01-01;Ativo;1991-06-28;Brasil;Brasil;Emp. Adm. Part. - Sem Setor Principal;HOLDING;Fase Operacional;1991-06-28;Privado Holding;2005-12-28;31;12;2012-12-31;www.cemepe.com.br
94.789.468/0001-50;2013-01-01;2;28708;RASIP AGRO PASTORIL SA;1998-04-08;PI PARTICIPAÇÕES S.A.;1992-09-14;018279;1999-05-27;Categoria A;2010-01-01;Ativo;1999-05-27;Brasil;Brasil;Agricultura (Açúcar, Álcool e Cana);Empresa do segmento Frutícola e Lácteo;Fase Operacional;1999-05-27;Privado;;31;12;;www.rasip.com.br
95.426.862/0001-97;2013-01-01;4;33478;EXCELSIOR ALIMENTOS SA.;2003-04-29;Baumhardt Irmãos S.A.;1932-11-23;001570;1977-07-20;Categoria A;2010-01-01;Ativo;1977-07-20;Brasil;Brasil;Alimentos;Produtos de Salsicharia;Fase Operacional;1977-07-20;Privado;2008-06-28;31;12;;www.excelsior.ind.br
97.191.902/0001-94;2013-01-01;2;28410;CONSERVAS ODERICH SA;1956-10-20;CARLOS H. ODERICH & CIA;1908-08-12;004693;1977-07-20;Categoria A;2010-01-01;Ativo;1977-07-20;Brasil;Brasil;Alimentos;Indústria de alimentos com sede na cidade de São Sebastião do Caí (RS) e filiais nas cidades de Eldorado do Sul (RS), Pelotas (RS), Orizona (GO) e Salvador (BA).;Fase Operacional;1977-07-20;Privado Holding;2005-12-31;31;12;1956-10-26;www.oderich.com.br
97.837.181/0001-47;2013-01-01;2;28724;DURATEX S.A.;2009-08-31;Satipel Industrial S.A.;1962-01-25;021091;2007-09-10;Categoria A;2010-01-01;Ativo;2007-09-10;Brasil;Brasil;Construção Civil, Mat. Constr. e Decoração;Fabricação, Comércio, Importação e Exportação de Produtos derivados de Madeira, de Produtos de Metais e Materiais Cerâmicos;Fase Operacional;2007-09-10;Privado Holding;2009-08-31;31;12;;www.duratex.com.br
