CNPJ_CIA;DT_REFER;VERSAO;DENOM_CIA;CD_CVM;CATEG_DOC;ID_DOC;DT_RECEB;LINK_DOC
00.000.000/0001-91;2012-01-01;1;BCO BRASIL S.A.;001023;FCA;13651;2012-01-06;http://www.rad.cvm.gov.br/ENETCONSULTA/frmDownloadDocumento.aspx?CodigoInstituicao=1&NumeroSequencialDocumento=13651
00.000.000/0001-91;2012-01-01;2;BCO BRASIL S.A.;001023;FCA;14039;2012-02-01;http://www.rad.cvm.gov.br/ENETCONSULTA/frmDownloadDocumento.aspx?CodigoInstituicao=1&NumeroSequencialDocumento=14039
00.000.000/0001-91;2012-01-01;3;BCO BRASIL S.A.;001023;FCA;18306;2012-05-28;http://www.rad.cvm.gov.br/ENETCONSULTA/frmDownloadDocumento.aspx?CodigoInstituicao=1&NumeroSequencialDocumento=18306
00.000.000/0001-91;2012-01-01;4;BCO BRASIL S.A.;001023;FCA;18333;2012-05-29;http://www.rad.cvm.gov.br/ENETCONSULTA/frmDownloadDocumento.aspx?CodigoInstituicao=1&NumeroSequencialDocumento=18333
00.000.000/0001-91;2012-01-01;5;BCO BRASIL S.A.;001023;FCA;20830;2012-08-16;http://www.rad.cvm.gov.br/ENETCONSULTA/frmDownloadDocumento.aspx?CodigoInstituicao=1&NumeroSequencialDocumento=20830
00.000.000/0001-91;2012-01-01;6;BCO BRASIL S.A.;001023;FCA;21434;2012-09-26;http://www.rad.cvm.gov.br/ENETCONSULTA/frmDownloadDocumento.aspx?CodigoInstituicao=1&NumeroSequencialDocumento=21434
00.000.208/0001-00;2012-01-01;1;BRB BANCO DE BRASILIA S.A.;014206;FCA;13614;2012-01-05;http://www.rad.cvm.gov.br/ENETCONSULTA/frmDownloadDocumento.aspx?CodigoInstituicao=1&NumeroSequencialDocumento=13614
00.000.208/0001-00;2012-01-01;2;BRB BANCO DE BRASILIA S.A.;014206;FCA;14047;2012-02-01;http://www.rad.cvm.gov.br/ENETCONSULTA/frmDownloadDocumento.aspx?CodigoInstituicao=1&NumeroSequencialDocumento=14047
00.000.208/0001-00;2012-01-01;3;BRB BANCO DE BRASILIA S.A.;014206;FCA;14911;2012-03-12;http://www.rad.cvm.gov.br/ENETCONSULTA/frmDownloadDocumento.aspx?CodigoInstituicao=1&NumeroSequencialDocumento=14911
00.000.208/0001-00;2012-01-01;4;BRB BANCO DE BRASILIA S.A.;014206;FCA;15531;2012-03-28;http://www.rad.cvm.gov.br/ENETCONSULTA/frmDownloadDocumento.aspx?CodigoInstituicao=1&NumeroSequencialDocumento=15531
00.000.208/0001-00;2012-01-01;5;BRB BANCO DE BRASILIA S.A.;014206;FCA;19088;2012-06-01;http://www.rad.cvm.gov.br/ENETCONSULTA/frmDownloadDocumento.aspx?CodigoInstituicao=1&NumeroSequencialDocumento=19088
00.000.208/0001-00;2012-01-01;6;BRB BANCO DE BRASILIA S.A.;014206;FCA;19612;2012-07-09;http://www.rad.cvm.gov.br/ENETCONSULTA/frmDownloadDocumento.aspx?CodigoInstituicao=1&NumeroSequencialDocumento=19612
00.000.208/0001-00;2012-01-01;7;BRB BANCO DE BRASILIA S.A.;014206;FCA;19903;2012-07-27;http://www.rad.cvm.gov.br/ENETCONSULTA/frmDownloadDocumento.aspx?CodigoInstituicao=1&NumeroSequencialDocumento=19903
00.000.208/0001-00;2012-01-01;8;BRB BANCO DE BRASILIA S.A.;014206;FCA;20471;2012-08-14;http://www.rad.cvm.gov.br/ENETCONSULTA/frmDownloadDocumento.aspx?CodigoInstituicao=1&NumeroSequencialDocumento=20471
00.001.180/0001-26;2012-01-01;1;CENTRAIS ELET BRAS S.A. - ELETROBRAS;002437;FCA;15146;2012-03-20;http://www.rad.cvm.gov.br/ENETCONSULTA/frmDownloadDocumento.aspx?CodigoInstituicao=1&NumeroSequencialDocumento=15146
00.001.180/0001-26;2012-01-01;2;CENTRAIS ELET BRAS S.A. - ELETROBRAS;002437;FCA;19300;2012-06-15;http://www.rad.cvm.gov.br/ENETCONSULTA/frmDownloadDocumento.aspx?CodigoInstituicao=1&NumeroSequencialDocumento=19300
00.001.180/0001-26;2012-01-01;3;CENTRAIS ELET BRAS S.A. - ELETROBRAS;002437;FCA;20984;2012-08-24;http://www.rad.cvm.gov.br/ENETCONSULTA/frmDownloadDocumento.aspx?CodigoInstituicao=1&NumeroSequencialDocumento=20984
00.070.698/0001-11;2012-01-01;1;COMPANHIA ENERGÉTICA DE BRASÍLIA - CEB;014451;FCA;14464;2012-02-23;http://www.rad.cvm.gov.br/ENETCONSULTA/frmDownloadDocumento.aspx?CodigoInstituicao=1&NumeroSequencialDocumento=14464
00.070.698/0001-11;2012-01-01;2;COMPANHIA ENERGÉTICA DE BRASÍLIA - CEB;014451;FCA;16574;2012-04-30;http://www.rad.cvm.gov.br/ENETCONSULTA/frmDownloadDocumento.aspx?CodigoInstituicao=1&NumeroSequencialDocumento=16574
00.070.698/0001-11;2012-01-01;3;COMPANHIA ENERGÉTICA DE BRASÍLIA - CEB;014451;FCA;16888;2012-05-07;http://www.rad.cvm.gov.br/ENETCONSULTA/frmDownloadDocumento.aspx?CodigoInstituicao=1&NumeroSequencialDocumento=16888
00.070.698/0001-11;2012-01-01;4;COMPANHIA ENERGÉTICA DE BRASÍLIA - CEB;014451;FCA;18668;2012-05-31;http://www.rad.cvm.gov.br/ENETCONSULTA/frmDownloadDocumento.aspx?CodigoInstituicao=1&NumeroSequencialDocumento=18668
00.070.698/0001-11;2012-01-01;5;COMPANHIA ENERGÉTICA DE BRASÍLIA - CEB;014451;FCA;19271;2012-06-14;http://www.rad.cvm.gov.br/ENETCONSULTA/frmDownloadDocumento.aspx?CodigoInstituicao=1&NumeroSequencialDocumento=19271
00.070.698/0001-11;2012-01-01;6;COMPANHIA ENERGÉTICA DE BRASÍLIA - CEB;014451;FCA;21814;2012-10-22;http://www.rad.cvm.gov.br/ENETCONSULTA/frmDownloadDocumento.aspx?CodigoInstituicao=1&NumeroSequencialDocumento=21814
00.108.786/0001-65;2012-01-01;1;NET SERVIÇOS DE COMUNICAÇÃO S.A.;014621;FCA;14308;2012-02-14;http://www.rad.cvm.gov.br/ENETCONSULTA/frmDownloadDocumento.aspx?CodigoInstituicao=1&NumeroSequencialDocumento=14308
00.108.786/0001-65;2012-01-01;2;NET SERVIÇOS DE COMUNICAÇÃO S.A.;014621;FCA;15809;2012-03-30;http://www.rad.cvm.gov.br/ENETCONSULTA/frmDownloadDocumento.aspx?CodigoInstituicao=1&NumeroSequencialDocumento=15809
00.108.786/0001-65;2012-01-01;3;NET SERVIÇOS DE COMUNICAÇÃO S.A.;014621;FCA;18561;2012-05-30;http://www.rad.cvm.gov.br/ENETCONSULTA/frmDownloadDocumento.aspx?CodigoInstituicao=1&NumeroSequencialDocumento=18561
00.115.890/0001-87;2012-01-01;1;SHOPPING CENTER TACARUNA SA;015733;FCA;15277;2012-03-23;http://www.rad.cvm.gov.br/ENETCONSULTA/frmDownloadDocumento.aspx?CodigoInstituicao=1&NumeroSequencialDocumento=15277
00.115.890/0001-87;2012-01-01;2;SHOPPING CENTER TACARUNA SA;015733;FCA;17987;2012-05-17;http://www.rad.cvm.gov.br/ENETCONSULTA/frmDownloadDocumento.aspx?CodigoInstituicao=1&NumeroSequencialDocumento=17987
00.185.475/0001-08;2012-01-01;1;PARCOM PARTICIPACOES S.A. - EM LIQUIDAÇÃO;014680;FCA;15454;2012-03-27;http://www.rad.cvm.gov.br/ENETCONSULTA/frmDownloadDocumento.aspx?CodigoInstituicao=1&NumeroSequencialDocumento=15454
00.185.475/0001-08;2012-01-01;2;PARCOM PARTICIPACOES S.A. - EM LIQUIDAÇÃO;014680;FCA;16338;2012-04-20;http://www.rad.cvm.gov.br/ENETCONSULTA/frmDownloadDocumento.aspx?CodigoInstituicao=1&NumeroSequencialDocumento=16338
00.185.475/0001-08;2012-01-01;3;PARCOM PARTICIPACOES S.A. - EM LIQUIDAÇÃO;014680;FCA;18004;2012-05-18;http://www.rad.cvm.gov.br/ENETCONSULTA/frmDownloadDocumento.aspx?CodigoInstituicao=1&NumeroSequencialDocumento=18004
00.192.769/0001-59;2012-01-01;1;NEUMARKT TRADE AND FINANCIAL CENTER S/A;014613;FCA;14290;2012-02-14;http://www.rad.cvm.gov.br/ENETCONSULTA/frmDownloadDocumento.aspx?CodigoInstituicao=1&NumeroSequencialDocumento=14290
00.192.769/0001-59;2012-01-01;2;NEUMARKT TRADE AND FINANCIAL CENTER S/A;014613;FCA;16605;2012-05-02;http://www.rad.cvm.gov.br/ENETCONSULTA/frmDownloadDocumento.aspx?CodigoInstituicao=1&NumeroSequencialDocumento=16605
00.192.769/0001-59;2012-01-01;3;NEUMARKT TRADE AND FINANCIAL CENTER S/A;014613;FCA;18985;2012-05-31;http://www.rad.cvm.gov.br/ENETCONSULTA/frmDownloadDocumento.aspx?CodigoInstituicao=1&NumeroSequencialDocumento=18985
00.192.769/0001-59;2012-01-01;4;NEUMARKT TRADE AND FINANCIAL CENTER S/A;014613;FCA;20793;2012-08-15;http://www.rad.cvm.gov.br/ENETCONSULTA/frmDownloadDocumento.aspx?CodigoInstituicao=1&NumeroSequencialDocumento=20793
00.249.786/0001-85;2012-01-01;1;FORPART S.A. - EM LIQUIDAÇÃO;014796;FCA;15455;2012-03-27;http://www.rad.cvm.gov.br/ENETCONSULTA/frmDownloadDocumento.aspx?CodigoInstituicao=1&NumeroSequencialDocumento=15455
00.249.786/0001-85;2012-01-01;2;FORPART S.A. - EM LIQUIDAÇÃO;014796;FCA;16330;2012-04-20;http://www.rad.cvm.gov.br/ENETCONSULTA/frmDownloadDocumento.aspx?CodigoInstituicao=1&NumeroSequencialDocumento=16330
00.249.786/0001-85;2012-01-01;3;FORPART S.A. - EM LIQUIDAÇÃO;014796;FCA;18006;2012-05-18;http://www.rad.cvm.gov.br/ENETCONSULTA/frmDownloadDocumento.aspx?CodigoInstituicao=1&NumeroSequencialDocumento=18006
00.272.185/0001-93;2012-01-01;1;CIMS S.A.;014818;FCA;14606;2012-02-29;http://www.rad.cvm.gov.br/ENETCONSULTA/frmDownloadDocumento.aspx?CodigoInstituicao=1&NumeroSequencialDocumento=14606
00.272.185/0001-93;2012-01-01;2;CIMS S.A.;014818;FCA;17255;2012-05-10;http://www.rad.cvm.gov.br/ENETCONSULTA/frmDownloadDocumento.aspx?CodigoInstituicao=1&NumeroSequencialDocumento=17255
00.272.185/0001-93;2012-01-01;3;CIMS S.A.;014818;FCA;18952;2012-05-31;http://www.rad.cvm.gov.br/ENETCONSULTA/frmDownloadDocumento.aspx?CodigoInstituicao=1&NumeroSequencialDocumento=18952
00.336.701/0001-04;2012-01-01;1;TELEC BRASILEIRAS S.A. TELEBRAS;011258;FCA;14301;2012-02-14;http://www.rad.cvm.gov.br/ENETCONSULTA/frmDownloadDocumento.aspx?CodigoInstituicao=1&NumeroSequencialDocumento=14301
00.336.701/0001-04;2012-01-01;2;TELEC BRASILEIRAS S.A. TELEBRAS;011258;FCA;18063;2012-05-21;http://www.rad.cvm.gov.br/ENETCONSULTA/frmDownloadDocumento.aspx?CodigoInstituicao=1&NumeroSequencialDocumento=18063
00.336.701/0001-04;2012-01-01;3;TELEC BRASILEIRAS S.A. TELEBRAS;011258;FCA;22448;2012-11-13;http://www.rad.cvm.gov.br/ENETCONSULTA/frmDownloadDocumento.aspx?CodigoInstituicao=1&NumeroSequencialDocumento=22448
00.354.053/0001-00;2012-01-01;1;KOSMOS COMÉRCIO DE VESTUÁRIO S/A - EM RECUPERAÇÃO JUDICIAL;015083;FCA;15571;2012-03-29;http://www.rad.cvm.gov.br/ENETCONSULTA/frmDownloadDocumento.aspx?CodigoInstituicao=1&NumeroSequencialDocumento=15571
00.354.053/0001-00;2012-01-01;2;KOSMOS COMÉRCIO DE VESTUÁRIO S/A - EM RECUPERAÇÃO JUDICIAL;015083;FCA;16674;2012-05-03;http://www.rad.cvm.gov.br/ENETCONSULTA/frmDownloadDocumento.aspx?CodigoInstituicao=1&NumeroSequencialDocumento=16674
00.354.053/0001-00;2012-01-01;3;KOSMOS COMÉRCIO DE VESTUÁRIO S/A - EM RECUPERAÇÃO JUDICIAL;015083;FCA;19886;2012-07-26;http://www.rad.cvm.gov.br/ENETCONSULTA/frmDownloadDocumento.aspx?CodigoInstituicao=1&NumeroSequencialDocumento=19886
00.359.742/0001-08;2012-01-01;1;ATOM EMPREENDIMENTOS E PARTICIPAÇÕES S.A.;015423;FCA;15774;2012-03-30;http://www.rad.cvm.gov.br/ENETCONSULTA/frmDownloadDocumento.aspx?CodigoInstituicao=1&NumeroSequencialDocumento=15774
00.359.742/0001-08;2012-01-01;2;ATOM EMPREENDIMENTOS E PARTICIPAÇÕES S.A.;015423;FCA;17807;2012-05-15;http://www.rad.cvm.gov.br/ENETCONSULTA/frmDownloadDocumento.aspx?CodigoInstituicao=1&NumeroSequencialDocumento=17807
00.359.742/0001-08;2012-01-01;3;ATOM EMPREENDIMENTOS E PARTICIPAÇÕES S.A.;015423;FCA;19337;2012-06-19;http://www.rad.cvm.gov.br/ENETCONSULTA/frmDownloadDocumento.aspx?CodigoInstituicao=1&NumeroSequencialDocumento=19337
00.359.742/0001-08;2012-01-01;4;ATOM EMPREENDIMENTOS E PARTICIPAÇÕES S.A.;015423;FCA;19338;2012-06-19;http://www.rad.cvm.gov.br/ENETCONSULTA/frmDownloadDocumento.aspx?CodigoInstituicao=1&NumeroSequencialDocumento=19338
00.359.742/0001-08;2012-01-01;5;ATOM EMPREENDIMENTOS E PARTICIPAÇÕES S.A.;015423;FCA;19339;2012-06-19;http://www.rad.cvm.gov.br/ENETCONSULTA/frmDownloadDocumento.aspx?CodigoInstituicao=1&NumeroSequencialDocumento=19339
00.383.281/0001-09;2012-01-01;1;BNDES PARTICIPACOES S.A. - BNDESPAR;016772;FCA;13985;2012-01-27;http://www.rad.cvm.gov.br/ENETCONSULTA/frmDownloadDocumento.aspx?CodigoInstituicao=1&NumeroSequencialDocumento=13985
00.383.281/0001-09;2012-01-01;2;BNDES PARTICIPACOES S.A. - BNDESPAR;016772;FCA;15972;2012-04-03;http://www.rad.cvm.gov.br/ENETCONSULTA/frmDownloadDocumento.aspx?CodigoInstituicao=1&NumeroSequencialDocumento=15972
00.383.281/0001-09;2012-01-01;3;BNDES PARTICIPACOES S.A. - BNDESPAR;016772;FCA;17922;2012-05-16;http://www.rad.cvm.gov.br/ENETCONSULTA/frmDownloadDocumento.aspx?CodigoInstituicao=1&NumeroSequencialDocumento=17922
00.514.998/0001-42;2012-01-01;1;ELETRON S.A.;016209;FCA;15450;2012-03-27;http://www.rad.cvm.gov.br/ENETCONSULTA/frmDownloadDocumento.aspx?CodigoInstituicao=1&NumeroSequencialDocumento=15450
00.514.998/0001-42;2012-01-01;2;ELETRON S.A.;016209;FCA;16329;2012-04-20;http://www.rad.cvm.gov.br/ENETCONSULTA/frmDownloadDocumento.aspx?CodigoInstituicao=1&NumeroSequencialDocumento=16329
00.514.998/0001-42;2012-01-01;3;ELETRON S.A.;016209;FCA;18271;2012-05-28;http://www.rad.cvm.gov.br/ENETCONSULTA/frmDownloadDocumento.aspx?CodigoInstituicao=1&NumeroSequencialDocumento=18271
00.545.378/0001-70;2012-01-01;1;SERRA AZUL WATER PARK SA;014966;FCA;14372;2012-02-16;http://www.rad.cvm.gov.br/ENETCONSULTA/frmDownloadDocumento.aspx?CodigoInstituicao=1&NumeroSequencialDocumento=14372
00.545.378/0001-70;2012-01-01;2;SERRA AZUL WATER PARK SA;014966;FCA;14374;2012-02-16;http://www.rad.cvm.gov.br/ENETCONSULTA/frmDownloadDocumento.aspx?CodigoInstituicao=1&NumeroSequencialDocumento=14374
00.545.378/0001-70;2012-01-01;3;SERRA AZUL WATER PARK SA;014966;FCA;17962;2012-05-16;http://www.rad.cvm.gov.br/ENETCONSULTA/frmDownloadDocumento.aspx?CodigoInstituicao=1&NumeroSequencialDocumento=17962
00.545.378/0001-70;2012-01-01;4;SERRA AZUL WATER PARK SA;014966;FCA;21605;2012-10-09;http://www.rad.cvm.gov.br/ENETCONSULTA/frmDownloadDocumento.aspx?CodigoInstituicao=1&NumeroSequencialDocumento=21605
00.545.378/0001-70;2012-01-01;5;SERRA AZUL WATER PARK SA;014966;FCA;22802;2012-11-15;http://www.rad.cvm.gov.br/ENETCONSULTA/frmDownloadDocumento.aspx?CodigoInstituicao=1&NumeroSequencialDocumento=22802
00.622.416/0001-41;2012-01-01;1;STATKRAFT ENERGIAS RENOVAVEIS S.A.;022594;FCA;13681;2012-01-09;http://www.rad.cvm.gov.br/ENETCONSULTA/frmDownloadDocumento.aspx?CodigoInstituicao=1&NumeroSequencialDocumento=13681
00.622.416/0001-41;2012-01-01;2;STATKRAFT ENERGIAS RENOVAVEIS S.A.;022594;FCA;17694;2012-05-15;http://www.rad.cvm.gov.br/ENETCONSULTA/frmDownloadDocumento.aspx?CodigoInstituicao=1&NumeroSequencialDocumento=17694
00.622.416/0001-41;2012-01-01;3;STATKRAFT ENERGIAS RENOVAVEIS S.A.;022594;FCA;21656;2012-10-11;http://www.rad.cvm.gov.br/ENETCONSULTA/frmDownloadDocumento.aspx?CodigoInstituicao=1&NumeroSequencialDocumento=21656
00.622.416/0001-41;2012-01-01;4;STATKRAFT ENERGIAS RENOVAVEIS S.A.;022594;FCA;22488;2012-11-13;http://www.rad.cvm.gov.br/ENETCONSULTA/frmDownloadDocumento.aspx?CodigoInstituicao=1&NumeroSequencialDocumento=22488
00.644.907/0001-93;2012-01-01;1;INVESTCO S.A.;018589;FCA;14476;2012-02-23;http://www.rad.cvm.gov.br/ENETCONSULTA/frmDownloadDocumento.aspx?CodigoInstituicao=1&NumeroSequencialDocumento=14476
00.644.907/0001-93;2012-01-01;2;INVESTCO S.A.;018589;FCA;14718;2012-03-06;http://www.rad.cvm.gov.br/ENETCONSULTA/frmDownloadDocumento.aspx?CodigoInstituicao=1&NumeroSequencialDocumento=14718
00.644.907/0001-93;2012-01-01;3;INVESTCO S.A.;018589;FCA;15137;2012-03-19;http://www.rad.cvm.gov.br/ENETCONSULTA/frmDownloadDocumento.aspx?CodigoInstituicao=1&NumeroSequencialDocumento=15137
00.644.907/0001-93;2012-01-01;4;INVESTCO S.A.;018589;FCA;15361;2012-03-26;http://www.rad.cvm.gov.br/ENETCONSULTA/frmDownloadDocumento.aspx?CodigoInstituicao=1&NumeroSequencialDocumento=15361
00.644.907/0001-93;2012-01-01;5;INVESTCO S.A.;018589;FCA;17224;2012-05-10;http://www.rad.cvm.gov.br/ENETCONSULTA/frmDownloadDocumento.aspx?CodigoInstituicao=1&NumeroSequencialDocumento=17224
00.649.881/0001-76;2012-01-01;1;GTD PARTICIPACOES SA;014915;FCA;15287;2012-03-23;http://www.rad.cvm.gov.br/ENETCONSULTA/frmDownloadDocumento.aspx?CodigoInstituicao=1&NumeroSequencialDocumento=15287
00.649.881/0001-76;2012-01-01;2;GTD PARTICIPACOES SA;014915;FCA;18022;2012-05-18;http://www.rad.cvm.gov.br/ENETCONSULTA/frmDownloadDocumento.aspx?CodigoInstituicao=1&NumeroSequencialDocumento=18022
00.649.881/0001-76;2012-01-01;3;GTD PARTICIPACOES SA;014915;FCA;20876;2012-08-20;http://www.rad.cvm.gov.br/ENETCONSULTA/frmDownloadDocumento.aspx?CodigoInstituicao=1&NumeroSequencialDocumento=20876
00.743.065/0001-27;2012-01-01;1;LITEL PARTICIPACOES S.A.;015091;FCA;15719;2012-03-30;http://www.rad.cvm.gov.br/ENETCONSULTA/frmDownloadDocumento.aspx?CodigoInstituicao=1&NumeroSequencialDocumento=15719
00.743.065/0001-27;2012-01-01;2;LITEL PARTICIPACOES S.A.;015091;FCA;18321;2012-05-29;http://www.rad.cvm.gov.br/ENETCONSULTA/frmDownloadDocumento.aspx?CodigoInstituicao=1&NumeroSequencialDocumento=18321
00.743.065/0001-27;2012-01-01;3;LITEL PARTICIPACOES S.A.;015091;FCA;22433;2012-11-13;http://www.rad.cvm.gov.br/ENETCONSULTA/frmDownloadDocumento.aspx?CodigoInstituicao=1&NumeroSequencialDocumento=22433
00.743.065/0001-27;2012-01-01;4;LITEL PARTICIPACOES S.A.;015091;FCA;22572;2012-11-14;http://www.rad.cvm.gov.br/ENETCONSULTA/frmDownloadDocumento.aspx?CodigoInstituicao=1&NumeroSequencialDocumento=22572
00.776.574/0001-56;2012-01-01;1;AMERICANAS S.A. - EM RECUPERAÇÃO JUDICIAL;020990;FCA;14651;2012-03-01;http://www.rad.cvm.gov.br/ENETCONSULTA/frmDownloadDocumento.aspx?CodigoInstituicao=1&NumeroSequencialDocumento=14651
00.776.574/0001-56;2012-01-01;2;AMERICANAS S.A. - EM RECUPERAÇÃO JUDICIAL;020990;FCA;18886;2012-05-31;http://www.rad.cvm.gov.br/ENETCONSULTA/frmDownloadDocumento.aspx?CodigoInstituicao=1&NumeroSequencialDocumento=18886
00.776.574/0001-56;2012-01-01;3;AMERICANAS S.A. - EM RECUPERAÇÃO JUDICIAL;020990;FCA;20164;2012-08-07;http://www.rad.cvm.gov.br/ENETCONSULTA/frmDownloadDocumento.aspx?CodigoInstituicao=1&NumeroSequencialDocumento=20164
00.861.626/0001-92;2012-01-01;1;CONC RODOVIA PRES. DUTRA S.A.;019577;FCA;13545;2012-01-02;http://www.rad.cvm.gov.br/ENETCONSULTA/frmDownloadDocumento.aspx?CodigoInstituicao=1&NumeroSequencialDocumento=13545
00.861.626/0001-92;2012-01-01;2;CONC RODOVIA PRES. DUTRA S.A.;019577;FCA;18574;2012-05-30;http://www.rad.cvm.gov.br/ENETCONSULTA/frmDownloadDocumento.aspx?CodigoInstituicao=1&NumeroSequencialDocumento=18574
00.864.214/0001-06;2012-01-01;1;ENERGISA S.A.;015253;FCA;14436;2012-02-17;http://www.rad.cvm.gov.br/ENETCONSULTA/frmDownloadDocumento.aspx?CodigoInstituicao=1&NumeroSequencialDocumento=14436
00.864.214/0001-06;2012-01-01;2;ENERGISA S.A.;015253;FCA;15583;2012-03-29;http://www.rad.cvm.gov.br/ENETCONSULTA/frmDownloadDocumento.aspx?CodigoInstituicao=1&NumeroSequencialDocumento=15583
00.864.214/0001-06;2012-01-01;3;ENERGISA S.A.;015253;FCA;17971;2012-05-17;http://www.rad.cvm.gov.br/ENETCONSULTA/frmDownloadDocumento.aspx?CodigoInstituicao=1&NumeroSequencialDocumento=17971
00.864.214/0001-06;2012-01-01;4;ENERGISA S.A.;015253;FCA;18292;2012-05-28;http://www.rad.cvm.gov.br/ENETCONSULTA/frmDownloadDocumento.aspx?CodigoInstituicao=1&NumeroSequencialDocumento=18292
00.866.577/0001-80;2012-01-01;1;SAUIPE SA;015261;FCA;13729;2012-01-10;http://www.rad.cvm.gov.br/ENETCONSULTA/frmDownloadDocumento.aspx?CodigoInstituicao=1&NumeroSequencialDocumento=13729
00.866.577/0001-80;2012-01-01;2;SAUIPE SA;015261;FCA;13846;2012-01-17;http://www.rad.cvm.gov.br/ENETCONSULTA/frmDownloadDocumento.aspx?CodigoInstituicao=1&NumeroSequencialDocumento=13846
00.866.577/0001-80;2012-01-01;3;SAUIPE SA;015261;FCA;17254;2012-05-10;http://www.rad.cvm.gov.br/ENETCONSULTA/frmDownloadDocumento.aspx?CodigoInstituicao=1&NumeroSequencialDocumento=17254
00.866.577/0001-80;2012-01-01;4;SAUIPE SA;015261;FCA;17284;2012-05-10;http://www.rad.cvm.gov.br/ENETCONSULTA/frmDownloadDocumento.aspx?CodigoInstituicao=1&NumeroSequencialDocumento=17284
00.866.577/0001-80;2012-01-01;5;SAUIPE SA;015261;FCA;18599;2012-05-30;http://www.rad.cvm.gov.br/ENETCONSULTA/frmDownloadDocumento.aspx?CodigoInstituicao=1&NumeroSequencialDocumento=18599
00.897.864/0001-58;2012-01-01;1;SANTA CATARINA PART INVEST SA;015199;FCA;15724;2012-03-30;http://www.rad.cvm.gov.br/ENETCONSULTA/frmDownloadDocumento.aspx?CodigoInstituicao=1&NumeroSequencialDocumento=15724
00.897.864/0001-58;2012-01-01;2;SANTA CATARINA PART INVEST SA;015199;FCA;18493;2012-05-30;http://www.rad.cvm.gov.br/ENETCONSULTA/frmDownloadDocumento.aspx?CodigoInstituicao=1&NumeroSequencialDocumento=18493
00.924.429/0001-75;2012-01-01;1;FERROVIA CENTRO-ATLANTICA S.A.;015369;FCA;13606;2012-01-05;http://www.rad.cvm.gov.br/ENETCONSULTA/frmDownloadDocumento.aspx?CodigoInstituicao=1&NumeroSequencialDocumento=13606
00.924.429/0001-75;2012-01-01;2;FERROVIA CENTRO-ATLANTICA S.A.;015369;FCA;14324;2012-02-15;http://www.rad.cvm.gov.br/ENETCONSULTA/frmDownloadDocumento.aspx?CodigoInstituicao=1&NumeroSequencialDocumento=14324
00.924.429/0001-75;2012-01-01;3;FERROVIA CENTRO-ATLANTICA S.A.;015369;FCA;16415;2012-04-24;http://www.rad.cvm.gov.br/ENETCONSULTA/frmDownloadDocumento.aspx?CodigoInstituicao=1&NumeroSequencialDocumento=16415
00.924.429/0001-75;2012-01-01;4;FERROVIA CENTRO-ATLANTICA S.A.;015369;FCA;18248;2012-05-25;http://www.rad.cvm.gov.br/ENETCONSULTA/frmDownloadDocumento.aspx?CodigoInstituicao=1&NumeroSequencialDocumento=18248
00.924.432/0001-99;2012-01-01;1;HOPI HARI SA;015377;FCA;14841;2012-03-09;http://www.rad.cvm.gov.br/ENETCONSULTA/frmDownloadDocumento.aspx?CodigoInstituicao=1&NumeroSequencialDocumento=14841
00.924.432/0001-99;2012-01-01;2;HOPI HARI SA;015377;FCA;19014;2012-05-31;http://www.rad.cvm.gov.br/ENETCONSULTA/frmDownloadDocumento.aspx?CodigoInstituicao=1&NumeroSequencialDocumento=19014
00.938.574/0001-05;2012-01-01;1;CONC RIO-TERESOPOLIS S.A.;019208;FCA;15614;2012-03-29;http://www.rad.cvm.gov.br/ENETCONSULTA/frmDownloadDocumento.aspx?CodigoInstituicao=1&NumeroSequencialDocumento=15614
00.938.574/0001-05;2012-01-01;2;CONC RIO-TERESOPOLIS S.A.;019208;FCA;17931;2012-05-16;http://www.rad.cvm.gov.br/ENETCONSULTA/frmDownloadDocumento.aspx?CodigoInstituicao=1&NumeroSequencialDocumento=17931
00.979.969/0001-56;2012-01-01;1;CAIXA ADM DIV PUB ESTADUAL SA;015717;FCA;15111;2012-03-19;http://www.rad.cvm.gov.br/ENETCONSULTA/frmDownloadDocumento.aspx?CodigoInstituicao=1&NumeroSequencialDocumento=15111
00.979.969/0001-56;2012-01-01;2;CAIXA ADM DIV PUB ESTADUAL SA;015717;FCA;16964;2012-05-08;http://www.rad.cvm.gov.br/ENETCONSULTA/frmDownloadDocumento.aspx?CodigoInstituicao=1&NumeroSequencialDocumento=16964
00.994.533/0001-36;2012-01-01;1;COMERCIAL QUINTELLA COM EXP SA EM LIQUIDAÇÃO;015652;FCA;15683;2012-03-29;http://www.rad.cvm.gov.br/ENETCONSULTA/frmDownloadDocumento.aspx?CodigoInstituicao=1&NumeroSequencialDocumento=15683
00.994.533/0001-36;2012-01-01;2;COMERCIAL QUINTELLA COM EXP SA EM LIQUIDAÇÃO;015652;FCA;18609;2012-05-30;http://www.rad.cvm.gov.br/ENETCONSULTA/frmDownloadDocumento.aspx?CodigoInstituicao=1&NumeroSequencialDocumento=18609
00.994.533/0001-36;2012-01-01;3;COMERCIAL QUINTELLA COM EXP SA EM LIQUIDAÇÃO;015652;FCA;18975;2012-05-31;http://www.rad.cvm.gov.br/ENETCONSULTA/frmDownloadDocumento.aspx?CodigoInstituicao=1&NumeroSequencialDocumento=18975
01.027.058/0001-91;2012-01-01;1;CIELO S.A. -  INSTITUIÇÃO DE PAGAMENTO;021733;FCA;13811;2012-01-16;http://www.rad.cvm.gov.br/ENETCONSULTA/frmDownloadDocumento.aspx?CodigoInstituicao=1&NumeroSequencialDocumento=13811
01.027.058/0001-91;2012-01-01;2;CIELO S.A. -  INSTITUIÇÃO DE PAGAMENTO;021733;FCA;19071;2012-06-01;http://www.rad.cvm.gov.br/ENETCONSULTA/frmDownloadDocumento.aspx?CodigoInstituicao=1&NumeroSequencialDocumento=19071
01.083.200/0001-18;2012-01-01;1;NEOENERGIA S.A.;015539;FCA;13984;2012-01-27;http://www.rad.cvm.gov.br/ENETCONSULTA/frmDownloadDocumento.aspx?CodigoInstituicao=1&NumeroSequencialDocumento=13984
01.083.200/0001-18;2012-01-01;2;NEOENERGIA S.A.;015539;FCA;17943;2012-05-16;http://www.rad.cvm.gov.br/ENETCONSULTA/frmDownloadDocumento.aspx?CodigoInstituicao=1&NumeroSequencialDocumento=17943
01.083.200/0001-18;2012-01-01;3;NEOENERGIA S.A.;015539;FCA;19796;2012-07-20;http://www.rad.cvm.gov.br/ENETCONSULTA/frmDownloadDocumento.aspx?CodigoInstituicao=1&NumeroSequencialDocumento=19796
01.104.937/0001-70;2012-01-01;1;ELETROBRÁS PARTICIPAÇÕES S.A. - ELETROPAR;015784;FCA;14819;2012-03-08;http://www.rad.cvm.gov.br/ENETCONSULTA/frmDownloadDocumento.aspx?CodigoInstituicao=1&NumeroSequencialDocumento=14819
01.109.184/0001-95;2012-01-01;1;UNIVERSO ONLINE SA;019887;FCA;13611;2012-01-05;http://www.rad.cvm.gov.br/ENETCONSULTA/frmDownloadDocumento.aspx?CodigoInstituicao=1&NumeroSequencialDocumento=13611
01.258.943/0001-81;2012-01-01;1;ITAITINGA PARTICIPACOES S.A.;015865;FCA;15508;2012-03-28;http://www.rad.cvm.gov.br/ENETCONSULTA/frmDownloadDocumento.aspx?CodigoInstituicao=1&NumeroSequencialDocumento=15508
01.258.943/0001-81;2012-01-01;2;ITAITINGA PARTICIPACOES S.A.;015865;FCA;16243;2012-04-17;http://www.rad.cvm.gov.br/ENETCONSULTA/frmDownloadDocumento.aspx?CodigoInstituicao=1&NumeroSequencialDocumento=16243
01.258.943/0001-81;2012-01-01;3;ITAITINGA PARTICIPACOES S.A.;015865;FCA;17058;2012-05-09;http://www.rad.cvm.gov.br/ENETCONSULTA/frmDownloadDocumento.aspx?CodigoInstituicao=1&NumeroSequencialDocumento=17058
01.258.944/0001-26;2012-01-01;1;RUMO MALHA SUL S.A.;015709;FCA;14801;2012-03-08;http://www.rad.cvm.gov.br/ENETCONSULTA/frmDownloadDocumento.aspx?CodigoInstituicao=1&NumeroSequencialDocumento=14801
01.258.944/0001-26;2012-01-01;2;RUMO MALHA SUL S.A.;015709;FCA;18732;2012-05-31;http://www.rad.cvm.gov.br/ENETCONSULTA/frmDownloadDocumento.aspx?CodigoInstituicao=1&NumeroSequencialDocumento=18732
01.258.945/0001-70;2012-01-01;1;GRUCAI PARTICIPACOES S.A.;015695;FCA;15506;2012-03-28;http://www.rad.cvm.gov.br/ENETCONSULTA/frmDownloadDocumento.aspx?CodigoInstituicao=1&NumeroSequencialDocumento=15506
01.258.945/0001-70;2012-01-01;2;GRUCAI PARTICIPACOES S.A.;015695;FCA;16240;2012-04-17;http://www.rad.cvm.gov.br/ENETCONSULTA/frmDownloadDocumento.aspx?CodigoInstituicao=1&NumeroSequencialDocumento=16240
01.258.945/0001-70;2012-01-01;3;GRUCAI PARTICIPACOES S.A.;015695;FCA;17078;2012-05-09;http://www.rad.cvm.gov.br/ENETCONSULTA/frmDownloadDocumento.aspx?CodigoInstituicao=1&NumeroSequencialDocumento=17078
01.319.044/0001-41;2012-01-01;1;WTC AMAZONAS SUITE HOTEL S.A.;015741;FCA;15097;2012-03-16;http://www.rad.cvm.gov.br/ENETCONSULTA/frmDownloadDocumento.aspx?CodigoInstituicao=1&NumeroSequencialDocumento=15097
01.319.044/0001-41;2012-01-01;2;WTC AMAZONAS SUITE HOTEL S.A.;015741;FCA;16892;2012-05-07;http://www.rad.cvm.gov.br/ENETCONSULTA/frmDownloadDocumento.aspx?CodigoInstituicao=1&NumeroSequencialDocumento=16892
01.355.994/0001-21;2012-01-01;1;ITA ENERGETICA S/A;018910;FCA;14528;2012-02-27;http://www.rad.cvm.gov.br/ENETCONSULTA/frmDownloadDocumento.aspx?CodigoInstituicao=1&NumeroSequencialDocumento=14528
01.355.994/0001-21;2012-01-01;2;ITA ENERGETICA S/A;018910;FCA;18075;2012-05-21;http://www.rad.cvm.gov.br/ENETCONSULTA/frmDownloadDocumento.aspx?CodigoInstituicao=1&NumeroSequencialDocumento=18075
01.414.107/0001-49;2012-01-01;1;ENERGIPAR PARTICIPAÇÕES S.A.;015849;FCA;13858;2012-01-18;http://www.rad.cvm.gov.br/ENETCONSULTA/frmDownloadDocumento.aspx?CodigoInstituicao=1&NumeroSequencialDocumento=13858
01.414.107/0001-49;2012-01-01;2;ENERGIPAR PARTICIPAÇÕES S.A.;015849;FCA;17547;2012-05-14;http://www.rad.cvm.gov.br/ENETCONSULTA/frmDownloadDocumento.aspx?CodigoInstituicao=1&NumeroSequencialDocumento=17547
01.417.222/0001-77;2012-01-01;1;MRS LOGISTICA S.A.;017949;FCA;13667;2012-01-09;http://www.rad.cvm.gov.br/ENETCONSULTA/frmDownloadDocumento.aspx?CodigoInstituicao=1&NumeroSequencialDocumento=13667
01.417.222/0001-77;2012-01-01;2;MRS LOGISTICA S.A.;017949;FCA;16168;2012-04-13;http://www.rad.cvm.gov.br/ENETCONSULTA/frmDownloadDocumento.aspx?CodigoInstituicao=1&NumeroSequencialDocumento=16168
01.417.222/0001-77;2012-01-01;3;MRS LOGISTICA S.A.;017949;FCA;19004;2012-05-31;http://www.rad.cvm.gov.br/ENETCONSULTA/frmDownloadDocumento.aspx?CodigoInstituicao=1&NumeroSequencialDocumento=19004
01.417.222/0001-77;2012-01-01;4;MRS LOGISTICA S.A.;017949;FCA;21214;2012-09-11;http://www.rad.cvm.gov.br/ENETCONSULTA/frmDownloadDocumento.aspx?CodigoInstituicao=1&NumeroSequencialDocumento=21214
01.425.787/0001-04;2012-01-01;1;REDECARD S/A;020893;FCA;14056;2012-02-01;http://www.rad.cvm.gov.br/ENETCONSULTA/frmDownloadDocumento.aspx?CodigoInstituicao=1&NumeroSequencialDocumento=14056
01.425.787/0001-04;2012-01-01;2;REDECARD S/A;020893;FCA;18941;2012-05-31;http://www.rad.cvm.gov.br/ENETCONSULTA/frmDownloadDocumento.aspx?CodigoInstituicao=1&NumeroSequencialDocumento=18941
01.545.826/0001-07;2012-01-01;1;GAFISA S.A.;016101;FCA;14594;2012-02-28;http://www.rad.cvm.gov.br/ENETCONSULTA/frmDownloadDocumento.aspx?CodigoInstituicao=1&NumeroSequencialDocumento=14594
01.545.826/0001-07;2012-01-01;2;GAFISA S.A.;016101;FCA;15333;2012-03-23;http://www.rad.cvm.gov.br/ENETCONSULTA/frmDownloadDocumento.aspx?CodigoInstituicao=1&NumeroSequencialDocumento=15333
01.545.826/0001-07;2012-01-01;3;GAFISA S.A.;016101;FCA;18977;2012-05-31;http://www.rad.cvm.gov.br/ENETCONSULTA/frmDownloadDocumento.aspx?CodigoInstituicao=1&NumeroSequencialDocumento=18977
01.547.749/0001-16;2012-01-01;1;521 PARTICIPACOES S.A. - EM LIQUIDAÇÃO EXTRAJUDICIAL;016330;FCA;14608;2012-02-29;http://www.rad.cvm.gov.br/ENETCONSULTA/frmDownloadDocumento.aspx?CodigoInstituicao=1&NumeroSequencialDocumento=14608
01.547.749/0001-16;2012-01-01;2;521 PARTICIPACOES S.A. - EM LIQUIDAÇÃO EXTRAJUDICIAL;016330;FCA;17982;2012-05-17;http://www.rad.cvm.gov.br/ENETCONSULTA/frmDownloadDocumento.aspx?CodigoInstituicao=1&NumeroSequencialDocumento=17982
01.548.981/0001-79;2012-01-01;1;INVESTIMENTOS BEMGE S.A.;006041;FCA;14992;2012-03-14;http://www.rad.cvm.gov.br/ENETCONSULTA/frmDownloadDocumento.aspx?CodigoInstituicao=1&NumeroSequencialDocumento=14992
01.548.981/0001-79;2012-01-01;2;INVESTIMENTOS BEMGE S.A.;006041;FCA;17395;2012-05-11;http://www.rad.cvm.gov.br/ENETCONSULTA/frmDownloadDocumento.aspx?CodigoInstituicao=1&NumeroSequencialDocumento=17395
01.548.981/0001-79;2012-01-01;3;INVESTIMENTOS BEMGE S.A.;006041;FCA;19184;2012-06-06;http://www.rad.cvm.gov.br/ENETCONSULTA/frmDownloadDocumento.aspx?CodigoInstituicao=1&NumeroSequencialDocumento=19184
01.548.981/0001-79;2012-01-01;4;INVESTIMENTOS BEMGE S.A.;006041;FCA;22894;2012-11-22;http://www.rad.cvm.gov.br/ENETCONSULTA/frmDownloadDocumento.aspx?CodigoInstituicao=1&NumeroSequencialDocumento=22894
01.608.571/0001-76;2012-01-01;1;BELAPART SA;016233;FCA;15448;2012-03-27;http://www.rad.cvm.gov.br/ENETCONSULTA/frmDownloadDocumento.aspx?CodigoInstituicao=1&NumeroSequencialDocumento=15448
01.608.571/0001-76;2012-01-01;2;BELAPART SA;016233;FCA;16326;2012-04-20;http://www.rad.cvm.gov.br/ENETCONSULTA/frmDownloadDocumento.aspx?CodigoInstituicao=1&NumeroSequencialDocumento=16326
01.608.571/0001-76;2012-01-01;3;BELAPART SA;016233;FCA;18044;2012-05-18;http://www.rad.cvm.gov.br/ENETCONSULTA/frmDownloadDocumento.aspx?CodigoInstituicao=1&NumeroSequencialDocumento=18044
01.616.929/0001-02;2012-01-01;1;SANEAMENTO DE GOIAS SA;019186;FCA;19217;2012-06-12;http://www.rad.cvm.gov.br/ENETCONSULTA/frmDownloadDocumento.aspx?CodigoInstituicao=1&NumeroSequencialDocumento=19217
01.654.604/0001-14;2012-01-01;1;CONCES DA ROD OSÓRIO-POA S/A - CONCEPA;017590;FCA;15368;2012-03-26;http://www.rad.cvm.gov.br/ENETCONSULTA/frmDownloadDocumento.aspx?CodigoInstituicao=1&NumeroSequencialDocumento=15368
01.654.604/0001-14;2012-01-01;2;CONCES DA ROD OSÓRIO-POA S/A - CONCEPA;017590;FCA;18780;2012-05-31;http://www.rad.cvm.gov.br/ENETCONSULTA/frmDownloadDocumento.aspx?CodigoInstituicao=1&NumeroSequencialDocumento=18780
01.685.903/0001-16;2012-01-01;1;AMERICEL SA;016195;FCA;14505;2012-02-24;http://www.rad.cvm.gov.br/ENETCONSULTA/frmDownloadDocumento.aspx?CodigoInstituicao=1&NumeroSequencialDocumento=14505
01.685.903/0001-16;2012-01-01;2;AMERICEL SA;016195;FCA;18505;2012-05-30;http://www.rad.cvm.gov.br/ENETCONSULTA/frmDownloadDocumento.aspx?CodigoInstituicao=1&NumeroSequencialDocumento=18505
01.685.903/0001-16;2012-01-01;3;AMERICEL SA;016195;FCA;20777;2012-08-15;http://www.rad.cvm.gov.br/ENETCONSULTA/frmDownloadDocumento.aspx?CodigoInstituicao=1&NumeroSequencialDocumento=20777
01.772.313/0001-20;2012-01-01;1;VALETRON SA;016225;FCA;15458;2012-03-27;http://www.rad.cvm.gov.br/ENETCONSULTA/frmDownloadDocumento.aspx?CodigoInstituicao=1&NumeroSequencialDocumento=15458
01.772.313/0001-20;2012-01-01;2;VALETRON SA;016225;FCA;16343;2012-04-20;http://www.rad.cvm.gov.br/ENETCONSULTA/frmDownloadDocumento.aspx?CodigoInstituicao=1&NumeroSequencialDocumento=16343
01.772.313/0001-20;2012-01-01;3;VALETRON SA;016225;FCA;18046;2012-05-18;http://www.rad.cvm.gov.br/ENETCONSULTA/frmDownloadDocumento.aspx?CodigoInstituicao=1&NumeroSequencialDocumento=18046
01.832.635/0001-18;2012-01-01;1;TAM S.A.;016390;FCA;13764;2012-01-12;http://www.rad.cvm.gov.br/ENETCONSULTA/frmDownloadDocumento.aspx?CodigoInstituicao=1&NumeroSequencialDocumento=13764
01.832.635/0001-18;2012-01-01;2;TAM S.A.;016390;FCA;18061;2012-05-21;http://www.rad.cvm.gov.br/ENETCONSULTA/frmDownloadDocumento.aspx?CodigoInstituicao=1&NumeroSequencialDocumento=18061
01.838.723/0001-27;2012-01-01;1;BRF S.A.;016292;FCA;14569;2012-02-28;http://www.rad.cvm.gov.br/ENETCONSULTA/frmDownloadDocumento.aspx?CodigoInstituicao=1&NumeroSequencialDocumento=14569
01.838.723/0001-27;2012-01-01;2;BRF S.A.;016292;FCA;16557;2012-04-27;http://www.rad.cvm.gov.br/ENETCONSULTA/frmDownloadDocumento.aspx?CodigoInstituicao=1&NumeroSequencialDocumento=16557
01.851.771/0001-55;2012-01-01;1;524 PARTICIPACOES S.A.;016284;FCA;15426;2012-03-27;http://www.rad.cvm.gov.br/ENETCONSULTA/frmDownloadDocumento.aspx?CodigoInstituicao=1&NumeroSequencialDocumento=15426
01.851.771/0001-55;2012-01-01;2;524 PARTICIPACOES S.A.;016284;FCA;15527;2012-03-28;http://www.rad.cvm.gov.br/ENETCONSULTA/frmDownloadDocumento.aspx?CodigoInstituicao=1&NumeroSequencialDocumento=15527
01.851.771/0001-55;2012-01-01;3;524 PARTICIPACOES S.A.;016284;FCA;16323;2012-04-20;http://www.rad.cvm.gov.br/ENETCONSULTA/frmDownloadDocumento.aspx?CodigoInstituicao=1&NumeroSequencialDocumento=16323
01.851.771/0001-55;2012-01-01;4;524 PARTICIPACOES S.A.;016284;FCA;18381;2012-05-29;http://www.rad.cvm.gov.br/ENETCONSULTA/frmDownloadDocumento.aspx?CodigoInstituicao=1&NumeroSequencialDocumento=18381
01.858.774/0001-10;2012-01-01;1;BV LEASING - ARRENDAMENTO MERCANTIL S.A.;020133;FCA;14134;2012-02-07;http://www.rad.cvm.gov.br/ENETCONSULTA/frmDownloadDocumento.aspx?CodigoInstituicao=1&NumeroSequencialDocumento=14134
01.858.774/0001-10;2012-01-01;2;BV LEASING - ARRENDAMENTO MERCANTIL S.A.;020133;FCA;15085;2012-03-16;http://www.rad.cvm.gov.br/ENETCONSULTA/frmDownloadDocumento.aspx?CodigoInstituicao=1&NumeroSequencialDocumento=15085
01.858.774/0001-10;2012-01-01;3;BV LEASING - ARRENDAMENTO MERCANTIL S.A.;020133;FCA;17209;2012-05-10;http://www.rad.cvm.gov.br/ENETCONSULTA/frmDownloadDocumento.aspx?CodigoInstituicao=1&NumeroSequencialDocumento=17209
01.858.774/0001-10;2012-01-01;4;BV LEASING - ARRENDAMENTO MERCANTIL S.A.;020133;FCA;19387;2012-06-22;http://www.rad.cvm.gov.br/ENETCONSULTA/frmDownloadDocumento.aspx?CodigoInstituicao=1&NumeroSequencialDocumento=19387
01.896.779/0001-38;2012-01-01;1;CSU DIGITAL S.A.;020044;FCA;13608;2012-01-05;http://www.rad.cvm.gov.br/ENETCONSULTA/frmDownloadDocumento.aspx?CodigoInstituicao=1&NumeroSequencialDocumento=13608
01.896.779/0001-38;2012-01-01;2;CSU DIGITAL S.A.;020044;FCA;17411;2012-05-11;http://www.rad.cvm.gov.br/ENETCONSULTA/frmDownloadDocumento.aspx?CodigoInstituicao=1&NumeroSequencialDocumento=17411
01.917.705/0001-30;2012-01-01;1;AES ELPA S.A.;019313;FCA;13559;2012-01-02;http://www.rad.cvm.gov.br/ENETCONSULTA/frmDownloadDocumento.aspx?CodigoInstituicao=1&NumeroSequencialDocumento=13559
01.917.705/0001-30;2012-01-01;2;AES ELPA S.A.;019313;FCA;14552;2012-02-27;http://www.rad.cvm.gov.br/ENETCONSULTA/frmDownloadDocumento.aspx?CodigoInstituicao=1&NumeroSequencialDocumento=14552
01.917.705/0001-30;2012-01-01;3;AES ELPA S.A.;019313;FCA;14663;2012-03-02;http://www.rad.cvm.gov.br/ENETCONSULTA/frmDownloadDocumento.aspx?CodigoInstituicao=1&NumeroSequencialDocumento=14663
01.917.705/0001-30;2012-01-01;4;AES ELPA S.A.;019313;FCA;18567;2012-05-30;http://www.rad.cvm.gov.br/ENETCONSULTA/frmDownloadDocumento.aspx?CodigoInstituicao=1&NumeroSequencialDocumento=18567
01.917.705/0001-30;2012-01-01;5;AES ELPA S.A.;019313;FCA;19620;2012-07-10;http://www.rad.cvm.gov.br/ENETCONSULTA/frmDownloadDocumento.aspx?CodigoInstituicao=1&NumeroSequencialDocumento=19620
01.938.783/0001-11;2012-01-01;1;CIA PARTICIPACOES ALIANCA DA BAHIA;018708;FCA;14862;2012-03-09;http://www.rad.cvm.gov.br/ENETCONSULTA/frmDownloadDocumento.aspx?CodigoInstituicao=1&NumeroSequencialDocumento=14862
01.938.783/0001-11;2012-01-01;2;CIA PARTICIPACOES ALIANCA DA BAHIA;018708;FCA;17195;2012-05-10;http://www.rad.cvm.gov.br/ENETCONSULTA/frmDownloadDocumento.aspx?CodigoInstituicao=1&NumeroSequencialDocumento=17195
01.957.772/0001-89;2012-01-01;1;SUL 116 PARTICIPACOES S.A.;016438;FCA;15625;2012-03-29;http://www.rad.cvm.gov.br/ENETCONSULTA/frmDownloadDocumento.aspx?CodigoInstituicao=1&NumeroSequencialDocumento=15625
01.957.772/0001-89;2012-01-01;2;SUL 116 PARTICIPACOES S.A.;016438;FCA;17165;2012-05-10;http://www.rad.cvm.gov.br/ENETCONSULTA/frmDownloadDocumento.aspx?CodigoInstituicao=1&NumeroSequencialDocumento=17165
01.957.772/0001-89;2012-01-01;3;SUL 116 PARTICIPACOES S.A.;016438;FCA;18182;2012-05-23;http://www.rad.cvm.gov.br/ENETCONSULTA/frmDownloadDocumento.aspx?CodigoInstituicao=1&NumeroSequencialDocumento=18182
01.957.772/0001-89;2012-01-01;4;SUL 116 PARTICIPACOES S.A.;016438;FCA;19569;2012-07-04;http://www.rad.cvm.gov.br/ENETCONSULTA/frmDownloadDocumento.aspx?CodigoInstituicao=1&NumeroSequencialDocumento=19569
01.971.614/0001-83;2012-01-01;1;EMPRESA NAC COM REDITO PART S.A.ENCORPAR;016497;FCA;13635;2012-01-06;http://www.rad.cvm.gov.br/ENETCONSULTA/frmDownloadDocumento.aspx?CodigoInstituicao=1&NumeroSequencialDocumento=13635
01.971.614/0001-83;2012-01-01;2;EMPRESA NAC COM REDITO PART S.A.ENCORPAR;016497;FCA;14656;2012-03-02;http://www.rad.cvm.gov.br/ENETCONSULTA/frmDownloadDocumento.aspx?CodigoInstituicao=1&NumeroSequencialDocumento=14656
01.971.614/0001-83;2012-01-01;3;EMPRESA NAC COM REDITO PART S.A.ENCORPAR;016497;FCA;18108;2012-05-22;http://www.rad.cvm.gov.br/ENETCONSULTA/frmDownloadDocumento.aspx?CodigoInstituicao=1&NumeroSequencialDocumento=18108
01.989.044/0001-59;2012-01-01;1;WTC RIO EMPREEND. E PARTICIPAÇÕES S.A.;016551;FCA;15554;2012-03-28;http://www.rad.cvm.gov.br/ENETCONSULTA/frmDownloadDocumento.aspx?CodigoInstituicao=1&NumeroSequencialDocumento=15554
01.989.044/0001-59;2012-01-01;2;WTC RIO EMPREEND. E PARTICIPAÇÕES S.A.;016551;FCA;16894;2012-05-07;http://www.rad.cvm.gov.br/ENETCONSULTA/frmDownloadDocumento.aspx?CodigoInstituicao=1&NumeroSequencialDocumento=16894
02.016.439/0001-38;2012-01-01;1;RIO GRANDE ENERGIA SA;016535;FCA;14898;2012-03-12;http://www.rad.cvm.gov.br/ENETCONSULTA/frmDownloadDocumento.aspx?CodigoInstituicao=1&NumeroSequencialDocumento=14898
02.016.439/0001-38;2012-01-01;2;RIO GRANDE ENERGIA SA;016535;FCA;16259;2012-04-18;http://www.rad.cvm.gov.br/ENETCONSULTA/frmDownloadDocumento.aspx?CodigoInstituicao=1&NumeroSequencialDocumento=16259
02.016.439/0001-38;2012-01-01;3;RIO GRANDE ENERGIA SA;016535;FCA;17218;2012-05-10;http://www.rad.cvm.gov.br/ENETCONSULTA/frmDownloadDocumento.aspx?CodigoInstituicao=1&NumeroSequencialDocumento=17218
02.016.440/0001-62;2012-01-01;1;RGE SUL DISTRIBUIDORA DE ENERGIA S.A.;016527;FCA;13560;2012-01-02;http://www.rad.cvm.gov.br/ENETCONSULTA/frmDownloadDocumento.aspx?CodigoInstituicao=1&NumeroSequencialDocumento=13560
02.016.440/0001-62;2012-01-01;2;RGE SUL DISTRIBUIDORA DE ENERGIA S.A.;016527;FCA;18531;2012-05-30;http://www.rad.cvm.gov.br/ENETCONSULTA/frmDownloadDocumento.aspx?CodigoInstituicao=1&NumeroSequencialDocumento=18531
02.016.440/0001-62;2012-01-01;3;RGE SUL DISTRIBUIDORA DE ENERGIA S.A.;016527;FCA;21924;2012-10-26;http://www.rad.cvm.gov.br/ENETCONSULTA/frmDownloadDocumento.aspx?CodigoInstituicao=1&NumeroSequencialDocumento=21924
02.062.747/0001-08;2012-01-01;1;SUDESTE S.A.;016586;FCA;13962;2012-01-26;http://www.rad.cvm.gov.br/ENETCONSULTA/frmDownloadDocumento.aspx?CodigoInstituicao=1&NumeroSequencialDocumento=13962
02.062.747/0001-08;2012-01-01;2;SUDESTE S.A.;016586;FCA;16341;2012-04-20;http://www.rad.cvm.gov.br/ENETCONSULTA/frmDownloadDocumento.aspx?CodigoInstituicao=1&NumeroSequencialDocumento=16341
02.062.747/0001-08;2012-01-01;3;SUDESTE S.A.;016586;FCA;18221;2012-05-25;http://www.rad.cvm.gov.br/ENETCONSULTA/frmDownloadDocumento.aspx?CodigoInstituicao=1&NumeroSequencialDocumento=18221
02.084.220/0001-76;2012-01-01;1;NUMERAL 80 PARTICIPAÇÕES S.A.;016446;FCA;14079;2012-02-02;http://www.rad.cvm.gov.br/ENETCONSULTA/frmDownloadDocumento.aspx?CodigoInstituicao=1&NumeroSequencialDocumento=14079
02.084.220/0001-76;2012-01-01;2;NUMERAL 80 PARTICIPAÇÕES S.A.;016446;FCA;14422;2012-02-17;http://www.rad.cvm.gov.br/ENETCONSULTA/frmDownloadDocumento.aspx?CodigoInstituicao=1&NumeroSequencialDocumento=14422
02.084.220/0001-76;2012-01-01;3;NUMERAL 80 PARTICIPAÇÕES S.A.;016446;FCA;16795;2012-05-04;http://www.rad.cvm.gov.br/ENETCONSULTA/frmDownloadDocumento.aspx?CodigoInstituicao=1&NumeroSequencialDocumento=16795
02.105.040/0001-23;2012-01-01;1;VIRGO II COMPANHIA DE SECURITIZACAO;018287;FCA;13647;2012-01-06;http://www.rad.cvm.gov.br/ENETCONSULTA/frmDownloadDocumento.aspx?CodigoInstituicao=1&NumeroSequencialDocumento=13647
02.105.040/0001-23;2012-01-01;2;VIRGO II COMPANHIA DE SECURITIZACAO;018287;FCA;13842;2012-01-17;http://www.rad.cvm.gov.br/ENETCONSULTA/frmDownloadDocumento.aspx?CodigoInstituicao=1&NumeroSequencialDocumento=13842
02.105.040/0001-23;2012-01-01;3;VIRGO II COMPANHIA DE SECURITIZACAO;018287;FCA;17698;2012-05-15;http://www.rad.cvm.gov.br/ENETCONSULTA/frmDownloadDocumento.aspx?CodigoInstituicao=1&NumeroSequencialDocumento=17698
02.105.040/0001-23;2012-01-01;4;VIRGO II COMPANHIA DE SECURITIZACAO;018287;FCA;18440;2012-05-30;http://www.rad.cvm.gov.br/ENETCONSULTA/frmDownloadDocumento.aspx?CodigoInstituicao=1&NumeroSequencialDocumento=18440
02.107.946/0001-87;2012-01-01;1;TELEMAR PARTICIPAÇÕES SA;018678;FCA;15245;2012-03-22;http://www.rad.cvm.gov.br/ENETCONSULTA/frmDownloadDocumento.aspx?CodigoInstituicao=1&NumeroSequencialDocumento=15245
02.107.946/0001-87;2012-01-01;2;TELEMAR PARTICIPAÇÕES SA;018678;FCA;18368;2012-05-29;http://www.rad.cvm.gov.br/ENETCONSULTA/frmDownloadDocumento.aspx?CodigoInstituicao=1&NumeroSequencialDocumento=18368
02.117.801/0001-67;2012-01-01;1;BONAIRE PARTICIPACOES S.A. - EM LIQUIDAÇÃO;016560;FCA;13780;2012-01-12;http://www.rad.cvm.gov.br/ENETCONSULTA/frmDownloadDocumento.aspx?CodigoInstituicao=1&NumeroSequencialDocumento=13780
02.117.801/0001-67;2012-01-01;2;BONAIRE PARTICIPACOES S.A. - EM LIQUIDAÇÃO;016560;FCA;16863;2012-05-07;http://www.rad.cvm.gov.br/ENETCONSULTA/frmDownloadDocumento.aspx?CodigoInstituicao=1&NumeroSequencialDocumento=16863
02.117.801/0001-67;2012-01-01;3;BONAIRE PARTICIPACOES S.A. - EM LIQUIDAÇÃO;016560;FCA;18387;2012-05-29;http://www.rad.cvm.gov.br/ENETCONSULTA/frmDownloadDocumento.aspx?CodigoInstituicao=1&NumeroSequencialDocumento=18387
02.149.205/0001-69;2012-01-01;1;PORTO SEGURO S.A.;016659;FCA;14480;2012-02-24;http://www.rad.cvm.gov.br/ENETCONSULTA/frmDownloadDocumento.aspx?CodigoInstituicao=1&NumeroSequencialDocumento=14480
02.149.205/0001-69;2012-01-01;2;PORTO SEGURO S.A.;016659;FCA;16205;2012-04-16;http://www.rad.cvm.gov.br/ENETCONSULTA/frmDownloadDocumento.aspx?CodigoInstituicao=1&NumeroSequencialDocumento=16205
02.149.205/0001-69;2012-01-01;3;PORTO SEGURO S.A.;016659;FCA;18749;2012-05-31;http://www.rad.cvm.gov.br/ENETCONSULTA/frmDownloadDocumento.aspx?CodigoInstituicao=1&NumeroSequencialDocumento=18749
02.162.616/0001-94;2012-01-01;1;UPTICK PARTICIPACOES S.A.;016624;FCA;15594;2012-03-29;http://www.rad.cvm.gov.br/ENETCONSULTA/frmDownloadDocumento.aspx?CodigoInstituicao=1&NumeroSequencialDocumento=15594
02.162.616/0001-94;2012-01-01;2;UPTICK PARTICIPACOES S.A.;016624;FCA;18322;2012-05-29;http://www.rad.cvm.gov.br/ENETCONSULTA/frmDownloadDocumento.aspx?CodigoInstituicao=1&NumeroSequencialDocumento=18322
02.193.750/0001-52;2012-01-01;1;DEXXOS PARTICIPAÇÕES S.A.;016632;FCA;16172;2012-04-13;http://www.rad.cvm.gov.br/ENETCONSULTA/frmDownloadDocumento.aspx?CodigoInstituicao=1&NumeroSequencialDocumento=16172
02.193.750/0001-52;2012-01-01;2;DEXXOS PARTICIPAÇÕES S.A.;016632;FCA;17175;2012-05-10;http://www.rad.cvm.gov.br/ENETCONSULTA/frmDownloadDocumento.aspx?CodigoInstituicao=1&NumeroSequencialDocumento=17175
02.193.750/0001-52;2012-01-01;3;DEXXOS PARTICIPAÇÕES S.A.;016632;FCA;19945;2012-07-30;http://www.rad.cvm.gov.br/ENETCONSULTA/frmDownloadDocumento.aspx?CodigoInstituicao=1&NumeroSequencialDocumento=19945
02.193.750/0001-52;2012-01-01;4;DEXXOS PARTICIPAÇÕES S.A.;016632;FCA;20605;2012-08-14;http://www.rad.cvm.gov.br/ENETCONSULTA/frmDownloadDocumento.aspx?CodigoInstituicao=1&NumeroSequencialDocumento=20605
02.201.787/0001-85;2012-01-01;1;CEL PARTICIPAÇÕES S.A. - CELPAR;016675;FCA;15792;2012-03-30;http://www.rad.cvm.gov.br/ENETCONSULTA/frmDownloadDocumento.aspx?CodigoInstituicao=1&NumeroSequencialDocumento=15792
02.201.787/0001-85;2012-01-01;2;CEL PARTICIPAÇÕES S.A. - CELPAR;016675;FCA;19104;2012-06-01;http://www.rad.cvm.gov.br/ENETCONSULTA/frmDownloadDocumento.aspx?CodigoInstituicao=1&NumeroSequencialDocumento=19104
02.201.787/0001-85;2012-01-01;3;CEL PARTICIPAÇÕES S.A. - CELPAR;016675;FCA;20785;2012-08-15;http://www.rad.cvm.gov.br/ENETCONSULTA/frmDownloadDocumento.aspx?CodigoInstituicao=1&NumeroSequencialDocumento=20785
02.217.319/0001-07;2012-01-01;1;YBYRÁ CAPITAL S.A.;016705;FCA;13957;2012-01-26;http://www.rad.cvm.gov.br/ENETCONSULTA/frmDownloadDocumento.aspx?CodigoInstituicao=1&NumeroSequencialDocumento=13957
02.217.319/0001-07;2012-01-01;2;YBYRÁ CAPITAL S.A.;016705;FCA;16325;2012-04-20;http://www.rad.cvm.gov.br/ENETCONSULTA/frmDownloadDocumento.aspx?CodigoInstituicao=1&NumeroSequencialDocumento=16325
02.217.319/0001-07;2012-01-01;3;YBYRÁ CAPITAL S.A.;016705;FCA;18382;2012-05-29;http://www.rad.cvm.gov.br/ENETCONSULTA/frmDownloadDocumento.aspx?CodigoInstituicao=1&NumeroSequencialDocumento=18382
02.217.325/0001-56;2012-01-01;1;LIGA FUTEBOL SA;016691;FCA;15435;2012-03-27;http://www.rad.cvm.gov.br/ENETCONSULTA/frmDownloadDocumento.aspx?CodigoInstituicao=1&NumeroSequencialDocumento=15435
02.217.325/0001-56;2012-01-01;2;LIGA FUTEBOL SA;016691;FCA;16332;2012-04-20;http://www.rad.cvm.gov.br/ENETCONSULTA/frmDownloadDocumento.aspx?CodigoInstituicao=1&NumeroSequencialDocumento=16332
02.217.325/0001-56;2012-01-01;3;LIGA FUTEBOL SA;016691;FCA;18223;2012-05-25;http://www.rad.cvm.gov.br/ENETCONSULTA/frmDownloadDocumento.aspx?CodigoInstituicao=1&NumeroSequencialDocumento=18223
02.221.531/0001-30;2012-01-01;1;RDN CONCESSÕES E PARTICIPAÇÕES S.A.;019151;FCA;13540;2012-01-02;http://www.rad.cvm.gov.br/ENETCONSULTA/frmDownloadDocumento.aspx?CodigoInstituicao=1&NumeroSequencialDocumento=13540
02.221.531/0001-30;2012-01-01;2;RDN CONCESSÕES E PARTICIPAÇÕES S.A.;019151;FCA;18912;2012-05-31;http://www.rad.cvm.gov.br/ENETCONSULTA/frmDownloadDocumento.aspx?CodigoInstituicao=1&NumeroSequencialDocumento=18912
02.222.736/0001-30;2012-01-01;1;EMPRESA CONC RODOV DO NORTE S.A.ECONORTE;019011;FCA;15343;2012-03-26;http://www.rad.cvm.gov.br/ENETCONSULTA/frmDownloadDocumento.aspx?CodigoInstituicao=1&NumeroSequencialDocumento=15343
02.222.736/0001-30;2012-01-01;2;EMPRESA CONC RODOV DO NORTE S.A.ECONORTE;019011;FCA;18948;2012-05-31;http://www.rad.cvm.gov.br/ENETCONSULTA/frmDownloadDocumento.aspx?CodigoInstituicao=1&NumeroSequencialDocumento=18948
02.258.422/0001-97;2012-01-01;1;INEPAR EQUIPAMENTOS E MONTAGENS S/A - EM RECUPERACAO JUDICIA;017868;FCA;15358;2012-03-26;http://www.rad.cvm.gov.br/ENETCONSULTA/frmDownloadDocumento.aspx?CodigoInstituicao=1&NumeroSequencialDocumento=15358
02.258.422/0001-97;2012-01-01;2;INEPAR EQUIPAMENTOS E MONTAGENS S/A - EM RECUPERACAO JUDICIA;017868;FCA;17724;2012-05-15;http://www.rad.cvm.gov.br/ENETCONSULTA/frmDownloadDocumento.aspx?CodigoInstituicao=1&NumeroSequencialDocumento=17724
02.281.836/0001-37;2012-01-01;1;TRANSNORDESTINA LOGISTICA SA;020443;FCA;14266;2012-02-13;http://www.rad.cvm.gov.br/ENETCONSULTA/frmDownloadDocumento.aspx?CodigoInstituicao=1&NumeroSequencialDocumento=14266
02.281.836/0001-37;2012-01-01;2;TRANSNORDESTINA LOGISTICA SA;020443;FCA;15948;2012-04-03;http://www.rad.cvm.gov.br/ENETCONSULTA/frmDownloadDocumento.aspx?CodigoInstituicao=1&NumeroSequencialDocumento=15948
02.281.836/0001-37;2012-01-01;3;TRANSNORDESTINA LOGISTICA SA;020443;FCA;18238;2012-05-25;http://www.rad.cvm.gov.br/ENETCONSULTA/frmDownloadDocumento.aspx?CodigoInstituicao=1&NumeroSequencialDocumento=18238
02.286.509/0001-78;2012-01-01;1;SUBESTAÇÃO ELETROMETRÔ S/A;017787;FCA;15416;2012-03-27;http://www.rad.cvm.gov.br/ENETCONSULTA/frmDownloadDocumento.aspx?CodigoInstituicao=1&NumeroSequencialDocumento=15416
02.286.509/0001-78;2012-01-01;2;SUBESTAÇÃO ELETROMETRÔ S/A;017787;FCA;18548;2012-05-30;http://www.rad.cvm.gov.br/ENETCONSULTA/frmDownloadDocumento.aspx?CodigoInstituicao=1&NumeroSequencialDocumento=18548
02.291.077/0001-93;2012-01-01;1;PRODUTORES ENERGET.DE MANSO S.A.- PROMAN;019232;FCA;15325;2012-03-23;http://www.rad.cvm.gov.br/ENETCONSULTA/frmDownloadDocumento.aspx?CodigoInstituicao=1&NumeroSequencialDocumento=15325
02.291.077/0001-93;2012-01-01;2;PRODUTORES ENERGET.DE MANSO S.A.- PROMAN;019232;FCA;16611;2012-05-02;http://www.rad.cvm.gov.br/ENETCONSULTA/frmDownloadDocumento.aspx?CodigoInstituicao=1&NumeroSequencialDocumento=16611
02.291.077/0001-93;2012-01-01;3;PRODUTORES ENERGET.DE MANSO S.A.- PROMAN;019232;FCA;16826;2012-05-04;http://www.rad.cvm.gov.br/ENETCONSULTA/frmDownloadDocumento.aspx?CodigoInstituicao=1&NumeroSequencialDocumento=16826
02.291.077/0001-93;2012-01-01;4;PRODUTORES ENERGET.DE MANSO S.A.- PROMAN;019232;FCA;17620;2012-05-15;http://www.rad.cvm.gov.br/ENETCONSULTA/frmDownloadDocumento.aspx?CodigoInstituicao=1&NumeroSequencialDocumento=17620
02.291.077/0001-93;2012-01-01;5;PRODUTORES ENERGET.DE MANSO S.A.- PROMAN;019232;FCA;20222;2012-08-09;http://www.rad.cvm.gov.br/ENETCONSULTA/frmDownloadDocumento.aspx?CodigoInstituicao=1&NumeroSequencialDocumento=20222
02.291.077/0001-93;2012-01-01;6;PRODUTORES ENERGET.DE MANSO S.A.- PROMAN;019232;FCA;20993;2012-08-27;http://www.rad.cvm.gov.br/ENETCONSULTA/frmDownloadDocumento.aspx?CodigoInstituicao=1&NumeroSequencialDocumento=20993
02.291.077/0001-93;2012-01-01;7;PRODUTORES ENERGET.DE MANSO S.A.- PROMAN;019232;FCA;22267;2012-11-09;http://www.rad.cvm.gov.br/ENETCONSULTA/frmDownloadDocumento.aspx?CodigoInstituicao=1&NumeroSequencialDocumento=22267
02.302.100/0001-06;2012-01-01;1;EDP SÃO PAULO DISTRIBUIÇÃO DE ENERGIA S.A.;016985;FCA;14719;2012-03-06;http://www.rad.cvm.gov.br/ENETCONSULTA/frmDownloadDocumento.aspx?CodigoInstituicao=1&NumeroSequencialDocumento=14719
02.302.100/0001-06;2012-01-01;2;EDP SÃO PAULO DISTRIBUIÇÃO DE ENERGIA S.A.;016985;FCA;15139;2012-03-19;http://www.rad.cvm.gov.br/ENETCONSULTA/frmDownloadDocumento.aspx?CodigoInstituicao=1&NumeroSequencialDocumento=15139
02.302.100/0001-06;2012-01-01;3;EDP SÃO PAULO DISTRIBUIÇÃO DE ENERGIA S.A.;016985;FCA;15360;2012-03-26;http://www.rad.cvm.gov.br/ENETCONSULTA/frmDownloadDocumento.aspx?CodigoInstituicao=1&NumeroSequencialDocumento=15360
02.302.100/0001-06;2012-01-01;4;EDP SÃO PAULO DISTRIBUIÇÃO DE ENERGIA S.A.;016985;FCA;17229;2012-05-10;http://www.rad.cvm.gov.br/ENETCONSULTA/frmDownloadDocumento.aspx?CodigoInstituicao=1&NumeroSequencialDocumento=17229
02.302.101/0001-42;2012-01-01;1;EMAE - EMPRESA METROP.AGUAS ENERGIA S.A.;016993;FCA;13741;2012-01-11;http://www.rad.cvm.gov.br/ENETCONSULTA/frmDownloadDocumento.aspx?CodigoInstituicao=1&NumeroSequencialDocumento=13741
02.302.101/0001-42;2012-01-01;2;EMAE - EMPRESA METROP.AGUAS ENERGIA S.A.;016993;FCA;14452;2012-02-22;http://www.rad.cvm.gov.br/ENETCONSULTA/frmDownloadDocumento.aspx?CodigoInstituicao=1&NumeroSequencialDocumento=14452
02.302.101/0001-42;2012-01-01;3;EMAE - EMPRESA METROP.AGUAS ENERGIA S.A.;016993;FCA;16688;2012-05-03;http://www.rad.cvm.gov.br/ENETCONSULTA/frmDownloadDocumento.aspx?CodigoInstituicao=1&NumeroSequencialDocumento=16688
02.312.604/0001-07;2012-01-01;1;DALETH PARTICIPAÇÕES SA - EM LIQUIDAÇÃO;016950;FCA;15635;2012-03-29;http://www.rad.cvm.gov.br/ENETCONSULTA/frmDownloadDocumento.aspx?CodigoInstituicao=1&NumeroSequencialDocumento=15635
02.312.604/0001-07;2012-01-01;2;DALETH PARTICIPAÇÕES SA - EM LIQUIDAÇÃO;016950;FCA;16283;2012-04-18;http://www.rad.cvm.gov.br/ENETCONSULTA/frmDownloadDocumento.aspx?CodigoInstituicao=1&NumeroSequencialDocumento=16283
02.312.604/0001-07;2012-01-01;3;DALETH PARTICIPAÇÕES SA - EM LIQUIDAÇÃO;016950;FCA;17167;2012-05-10;http://www.rad.cvm.gov.br/ENETCONSULTA/frmDownloadDocumento.aspx?CodigoInstituicao=1&NumeroSequencialDocumento=17167
02.312.604/0001-07;2012-01-01;4;DALETH PARTICIPAÇÕES SA - EM LIQUIDAÇÃO;016950;FCA;19560;2012-07-04;http://www.rad.cvm.gov.br/ENETCONSULTA/frmDownloadDocumento.aspx?CodigoInstituicao=1&NumeroSequencialDocumento=19560
02.312.666/0001-00;2012-01-01;1;FG TRUST SA;017043;FCA;14847;2012-03-09;http://www.rad.cvm.gov.br/ENETCONSULTA/frmDownloadDocumento.aspx?CodigoInstituicao=1&NumeroSequencialDocumento=14847
02.312.666/0001-00;2012-01-01;2;FG TRUST SA;017043;FCA;16862;2012-05-07;http://www.rad.cvm.gov.br/ENETCONSULTA/frmDownloadDocumento.aspx?CodigoInstituicao=1&NumeroSequencialDocumento=16862
02.312.666/0001-00;2012-01-01;3;FG TRUST SA;017043;FCA;19460;2012-06-27;http://www.rad.cvm.gov.br/ENETCONSULTA/frmDownloadDocumento.aspx?CodigoInstituicao=1&NumeroSequencialDocumento=19460
02.312.699/0001-50;2012-01-01;1;METALTRUST S/A (5212 PARTICIPAÇÕES S/A);017370;FCA;15130;2012-03-19;http://www.rad.cvm.gov.br/ENETCONSULTA/frmDownloadDocumento.aspx?CodigoInstituicao=1&NumeroSequencialDocumento=15130
02.318.346/0001-68;2012-01-01;1;OPPORTUNITY ENERGIA E PARTICIPACOES S.A. - EM LIQUIDAÇÃO;016942;FCA;15115;2012-03-19;http://www.rad.cvm.gov.br/ENETCONSULTA/frmDownloadDocumento.aspx?CodigoInstituicao=1&NumeroSequencialDocumento=15115
02.318.346/0001-68;2012-01-01;2;OPPORTUNITY ENERGIA E PARTICIPACOES S.A. - EM LIQUIDAÇÃO;016942;FCA;15529;2012-03-28;http://www.rad.cvm.gov.br/ENETCONSULTA/frmDownloadDocumento.aspx?CodigoInstituicao=1&NumeroSequencialDocumento=15529
02.318.346/0001-68;2012-01-01;3;OPPORTUNITY ENERGIA E PARTICIPACOES S.A. - EM LIQUIDAÇÃO;016942;FCA;16333;2012-04-20;http://www.rad.cvm.gov.br/ENETCONSULTA/frmDownloadDocumento.aspx?CodigoInstituicao=1&NumeroSequencialDocumento=16333
02.318.346/0001-68;2012-01-01;4;OPPORTUNITY ENERGIA E PARTICIPACOES S.A. - EM LIQUIDAÇÃO;016942;FCA;18008;2012-05-18;http://www.rad.cvm.gov.br/ENETCONSULTA/frmDownloadDocumento.aspx?CodigoInstituicao=1&NumeroSequencialDocumento=18008
02.328.280/0001-97;2012-01-01;1;ELEKTRO REDES S.A.;017485;FCA;13619;2012-01-05;http://www.rad.cvm.gov.br/ENETCONSULTA/frmDownloadDocumento.aspx?CodigoInstituicao=1&NumeroSequencialDocumento=13619
02.328.280/0001-97;2012-01-01;2;ELEKTRO REDES S.A.;017485;FCA;19098;2012-06-01;http://www.rad.cvm.gov.br/ENETCONSULTA/frmDownloadDocumento.aspx?CodigoInstituicao=1&NumeroSequencialDocumento=19098
02.335.514/0001-23;2012-01-01;1;FIAGO PARTICIPACOES SA;016896;FCA;18323;2012-05-29;http://www.rad.cvm.gov.br/ENETCONSULTA/frmDownloadDocumento.aspx?CodigoInstituicao=1&NumeroSequencialDocumento=18323
02.338.534/0001-58;2012-01-01;1;LONGDIS S.A.;017434;FCA;15623;2012-03-29;http://www.rad.cvm.gov.br/ENETCONSULTA/frmDownloadDocumento.aspx?CodigoInstituicao=1&NumeroSequencialDocumento=15623
02.338.534/0001-58;2012-01-01;2;LONGDIS S.A.;017434;FCA;17172;2012-05-10;http://www.rad.cvm.gov.br/ENETCONSULTA/frmDownloadDocumento.aspx?CodigoInstituicao=1&NumeroSequencialDocumento=17172
02.338.534/0001-58;2012-01-01;3;LONGDIS S.A.;017434;FCA;18178;2012-05-23;http://www.rad.cvm.gov.br/ENETCONSULTA/frmDownloadDocumento.aspx?CodigoInstituicao=1&NumeroSequencialDocumento=18178
02.338.534/0001-58;2012-01-01;4;LONGDIS S.A.;017434;FCA;19565;2012-07-04;http://www.rad.cvm.gov.br/ENETCONSULTA/frmDownloadDocumento.aspx?CodigoInstituicao=1&NumeroSequencialDocumento=19565
02.351.144/0001-18;2012-01-01;1;TEGMA GESTAO LOGISTICA S.A.;020800;FCA;14542;2012-02-27;http://www.rad.cvm.gov.br/ENETCONSULTA/frmDownloadDocumento.aspx?CodigoInstituicao=1&NumeroSequencialDocumento=14542
02.351.144/0001-18;2012-01-01;2;TEGMA GESTAO LOGISTICA S.A.;020800;FCA;16497;2012-04-26;http://www.rad.cvm.gov.br/ENETCONSULTA/frmDownloadDocumento.aspx?CodigoInstituicao=1&NumeroSequencialDocumento=16497
02.351.144/0001-18;2012-01-01;3;TEGMA GESTAO LOGISTICA S.A.;020800;FCA;18585;2012-05-30;http://www.rad.cvm.gov.br/ENETCONSULTA/frmDownloadDocumento.aspx?CodigoInstituicao=1&NumeroSequencialDocumento=18585
02.363.917/0001-86;2012-01-01;1;RET PARTICIPACOES S.A.;017337;FCA;15618;2012-03-29;http://www.rad.cvm.gov.br/ENETCONSULTA/frmDownloadDocumento.aspx?CodigoInstituicao=1&NumeroSequencialDocumento=15618
02.363.917/0001-86;2012-01-01;2;RET PARTICIPACOES S.A.;017337;FCA;17163;2012-05-10;http://www.rad.cvm.gov.br/ENETCONSULTA/frmDownloadDocumento.aspx?CodigoInstituicao=1&NumeroSequencialDocumento=17163
02.363.917/0001-86;2012-01-01;3;RET PARTICIPACOES S.A.;017337;FCA;18174;2012-05-23;http://www.rad.cvm.gov.br/ENETCONSULTA/frmDownloadDocumento.aspx?CodigoInstituicao=1&NumeroSequencialDocumento=18174
02.363.917/0001-86;2012-01-01;4;RET PARTICIPACOES S.A.;017337;FCA;19563;2012-07-04;http://www.rad.cvm.gov.br/ENETCONSULTA/frmDownloadDocumento.aspx?CodigoInstituicao=1&NumeroSequencialDocumento=19563
02.363.918/0001-20;2012-01-01;1;ZAIN PARTICIPACOES S.A.;017361;FCA;15628;2012-03-29;http://www.rad.cvm.gov.br/ENETCONSULTA/frmDownloadDocumento.aspx?CodigoInstituicao=1&NumeroSequencialDocumento=15628
02.363.918/0001-20;2012-01-01;2;ZAIN PARTICIPACOES S.A.;017361;FCA;16284;2012-04-18;http://www.rad.cvm.gov.br/ENETCONSULTA/frmDownloadDocumento.aspx?CodigoInstituicao=1&NumeroSequencialDocumento=16284
02.363.918/0001-20;2012-01-01;3;ZAIN PARTICIPACOES S.A.;017361;FCA;17211;2012-05-10;http://www.rad.cvm.gov.br/ENETCONSULTA/frmDownloadDocumento.aspx?CodigoInstituicao=1&NumeroSequencialDocumento=17211
02.363.918/0001-20;2012-01-01;4;ZAIN PARTICIPACOES S.A.;017361;FCA;18179;2012-05-23;http://www.rad.cvm.gov.br/ENETCONSULTA/frmDownloadDocumento.aspx?CodigoInstituicao=1&NumeroSequencialDocumento=18179
02.363.918/0001-20;2012-01-01;5;ZAIN PARTICIPACOES S.A.;017361;FCA;19561;2012-07-04;http://www.rad.cvm.gov.br/ENETCONSULTA/frmDownloadDocumento.aspx?CodigoInstituicao=1&NumeroSequencialDocumento=19561
02.365.069/0001-44;2012-01-01;1;PADTEC HOLDING S.A.;018414;FCA;13758;2012-01-11;http://www.rad.cvm.gov.br/ENETCONSULTA/frmDownloadDocumento.aspx?CodigoInstituicao=1&NumeroSequencialDocumento=13758
02.365.069/0001-44;2012-01-01;2;PADTEC HOLDING S.A.;018414;FCA;18661;2012-05-31;http://www.rad.cvm.gov.br/ENETCONSULTA/frmDownloadDocumento.aspx?CodigoInstituicao=1&NumeroSequencialDocumento=18661
02.365.069/0001-44;2012-01-01;3;PADTEC HOLDING S.A.;018414;FCA;19439;2012-06-26;http://www.rad.cvm.gov.br/ENETCONSULTA/frmDownloadDocumento.aspx?CodigoInstituicao=1&NumeroSequencialDocumento=19439
02.365.069/0001-44;2012-01-01;4;PADTEC HOLDING S.A.;018414;FCA;20169;2012-08-07;http://www.rad.cvm.gov.br/ENETCONSULTA/frmDownloadDocumento.aspx?CodigoInstituicao=1&NumeroSequencialDocumento=20169
02.365.069/0001-44;2012-01-01;5;PADTEC HOLDING S.A.;018414;FCA;21159;2012-09-05;http://www.rad.cvm.gov.br/ENETCONSULTA/frmDownloadDocumento.aspx?CodigoInstituicao=1&NumeroSequencialDocumento=21159
02.365.069/0001-44;2012-01-01;6;PADTEC HOLDING S.A.;018414;FCA;21474;2012-09-28;http://www.rad.cvm.gov.br/ENETCONSULTA/frmDownloadDocumento.aspx?CodigoInstituicao=1&NumeroSequencialDocumento=21474
02.365.069/0001-44;2012-01-01;7;PADTEC HOLDING S.A.;018414;FCA;23045;2012-12-04;http://www.rad.cvm.gov.br/ENETCONSULTA/frmDownloadDocumento.aspx?CodigoInstituicao=1&NumeroSequencialDocumento=23045
02.366.097/0001-86;2012-01-01;1;VIANORTE S/A;021830;FCA;15081;2012-03-16;http://www.rad.cvm.gov.br/ENETCONSULTA/frmDownloadDocumento.aspx?CodigoInstituicao=1&NumeroSequencialDocumento=15081
02.366.097/0001-86;2012-01-01;2;VIANORTE S/A;021830;FCA;16427;2012-04-25;http://www.rad.cvm.gov.br/ENETCONSULTA/frmDownloadDocumento.aspx?CodigoInstituicao=1&NumeroSequencialDocumento=16427
02.366.097/0001-86;2012-01-01;3;VIANORTE S/A;021830;FCA;18307;2012-05-28;http://www.rad.cvm.gov.br/ENETCONSULTA/frmDownloadDocumento.aspx?CodigoInstituicao=1&NumeroSequencialDocumento=18307
02.387.241/0001-60;2012-01-01;1;RUMO S.A.;017450;FCA;13615;2012-01-05;http://www.rad.cvm.gov.br/ENETCONSULTA/frmDownloadDocumento.aspx?CodigoInstituicao=1&NumeroSequencialDocumento=13615
02.387.241/0001-60;2012-01-01;2;RUMO S.A.;017450;FCA;13755;2012-01-11;http://www.rad.cvm.gov.br/ENETCONSULTA/frmDownloadDocumento.aspx?CodigoInstituicao=1&NumeroSequencialDocumento=13755
02.387.241/0001-60;2012-01-01;3;RUMO S.A.;017450;FCA;18671;2012-05-31;http://www.rad.cvm.gov.br/ENETCONSULTA/frmDownloadDocumento.aspx?CodigoInstituicao=1&NumeroSequencialDocumento=18671
02.387.241/0001-60;2012-01-01;4;RUMO S.A.;017450;FCA;23095;2012-12-07;http://www.rad.cvm.gov.br/ENETCONSULTA/frmDownloadDocumento.aspx?CodigoInstituicao=1&NumeroSequencialDocumento=23095
02.390.206/0001-09;2012-01-01;1;LF TEL SA;017442;FCA;16443;2012-04-25;http://www.rad.cvm.gov.br/ENETCONSULTA/frmDownloadDocumento.aspx?CodigoInstituicao=1&NumeroSequencialDocumento=16443
02.390.206/0001-09;2012-01-01;2;LF TEL SA;017442;FCA;18057;2012-05-19;http://www.rad.cvm.gov.br/ENETCONSULTA/frmDownloadDocumento.aspx?CodigoInstituicao=1&NumeroSequencialDocumento=18057
02.390.206/0001-09;2012-01-01;3;LF TEL SA;017442;FCA;20709;2012-08-14;http://www.rad.cvm.gov.br/ENETCONSULTA/frmDownloadDocumento.aspx?CodigoInstituicao=1&NumeroSequencialDocumento=20709
02.397.080/0001-96;2012-01-01;1;ITAPEBI GERACAO DE ENERGIA S.A.;019364;FCA;13993;2012-01-27;http://www.rad.cvm.gov.br/ENETCONSULTA/frmDownloadDocumento.aspx?CodigoInstituicao=1&NumeroSequencialDocumento=13993
02.397.080/0001-96;2012-01-01;2;ITAPEBI GERACAO DE ENERGIA S.A.;019364;FCA;17946;2012-05-16;http://www.rad.cvm.gov.br/ENETCONSULTA/frmDownloadDocumento.aspx?CodigoInstituicao=1&NumeroSequencialDocumento=17946
02.397.080/0001-96;2012-01-01;3;ITAPEBI GERACAO DE ENERGIA S.A.;019364;FCA;19792;2012-07-20;http://www.rad.cvm.gov.br/ENETCONSULTA/frmDownloadDocumento.aspx?CodigoInstituicao=1&NumeroSequencialDocumento=19792
02.415.408/0001-50;2012-01-01;1;CONC ROD.OESTE SP VIAOESTE S.A;021024;FCA;13544;2012-01-02;http://www.rad.cvm.gov.br/ENETCONSULTA/frmDownloadDocumento.aspx?CodigoInstituicao=1&NumeroSequencialDocumento=13544
02.415.408/0001-50;2012-01-01;2;CONC ROD.OESTE SP VIAOESTE S.A;021024;FCA;15201;2012-03-21;http://www.rad.cvm.gov.br/ENETCONSULTA/frmDownloadDocumento.aspx?CodigoInstituicao=1&NumeroSequencialDocumento=15201
02.415.408/0001-50;2012-01-01;3;CONC ROD.OESTE SP VIAOESTE S.A;021024;FCA;17000;2012-05-08;http://www.rad.cvm.gov.br/ENETCONSULTA/frmDownloadDocumento.aspx?CodigoInstituicao=1&NumeroSequencialDocumento=17000
02.415.408/0001-50;2012-01-01;4;CONC ROD.OESTE SP VIAOESTE S.A;021024;FCA;20906;2012-08-21;http://www.rad.cvm.gov.br/ENETCONSULTA/frmDownloadDocumento.aspx?CodigoInstituicao=1&NumeroSequencialDocumento=20906
02.429.144/0001-93;2012-01-01;1;CPFL ENERGIA S.A.;018660;FCA;13891;2012-01-20;http://www.rad.cvm.gov.br/ENETCONSULTA/frmDownloadDocumento.aspx?CodigoInstituicao=1&NumeroSequencialDocumento=13891
02.429.144/0001-93;2012-01-01;2;CPFL ENERGIA S.A.;018660;FCA;16255;2012-04-18;http://www.rad.cvm.gov.br/ENETCONSULTA/frmDownloadDocumento.aspx?CodigoInstituicao=1&NumeroSequencialDocumento=16255
02.429.144/0001-93;2012-01-01;3;CPFL ENERGIA S.A.;018660;FCA;17220;2012-05-10;http://www.rad.cvm.gov.br/ENETCONSULTA/frmDownloadDocumento.aspx?CodigoInstituicao=1&NumeroSequencialDocumento=17220
02.451.848/0001-62;2012-01-01;1;CONC SIST ANHANG-BANDEIRANT S.A. AUTOBAN;020192;FCA;13555;2012-01-02;http://www.rad.cvm.gov.br/ENETCONSULTA/frmDownloadDocumento.aspx?CodigoInstituicao=1&NumeroSequencialDocumento=13555
02.451.848/0001-62;2012-01-01;2;CONC SIST ANHANG-BANDEIRANT S.A. AUTOBAN;020192;FCA;18950;2012-05-31;http://www.rad.cvm.gov.br/ENETCONSULTA/frmDownloadDocumento.aspx?CodigoInstituicao=1&NumeroSequencialDocumento=18950
02.451.848/0001-62;2012-01-01;3;CONC SIST ANHANG-BANDEIRANT S.A. AUTOBAN;020192;FCA;21079;2012-09-03;http://www.rad.cvm.gov.br/ENETCONSULTA/frmDownloadDocumento.aspx?CodigoInstituicao=1&NumeroSequencialDocumento=21079
02.451.848/0001-62;2012-01-01;4;CONC SIST ANHANG-BANDEIRANT S.A. AUTOBAN;020192;FCA;21106;2012-09-04;http://www.rad.cvm.gov.br/ENETCONSULTA/frmDownloadDocumento.aspx?CodigoInstituicao=1&NumeroSequencialDocumento=21106
02.451.848/0001-62;2012-01-01;5;CONC SIST ANHANG-BANDEIRANT S.A. AUTOBAN;020192;FCA;21175;2012-09-06;http://www.rad.cvm.gov.br/ENETCONSULTA/frmDownloadDocumento.aspx?CodigoInstituicao=1&NumeroSequencialDocumento=21175
02.451.848/0001-62;2012-01-01;6;CONC SIST ANHANG-BANDEIRANT S.A. AUTOBAN;020192;FCA;21177;2012-09-06;http://www.rad.cvm.gov.br/ENETCONSULTA/frmDownloadDocumento.aspx?CodigoInstituicao=1&NumeroSequencialDocumento=21177
02.465.783/0001-04;2012-01-01;1;FUTURETEL S.A. - EM LIQUIDAÇÃO;017388;FCA;15823;2012-03-30;http://www.rad.cvm.gov.br/ENETCONSULTA/frmDownloadDocumento.aspx?CodigoInstituicao=1&NumeroSequencialDocumento=15823
02.465.783/0001-04;2012-01-01;2;FUTURETEL S.A. - EM LIQUIDAÇÃO;017388;FCA;17166;2012-05-10;http://www.rad.cvm.gov.br/ENETCONSULTA/frmDownloadDocumento.aspx?CodigoInstituicao=1&NumeroSequencialDocumento=17166
02.465.783/0001-04;2012-01-01;3;FUTURETEL S.A. - EM LIQUIDAÇÃO;017388;FCA;18180;2012-05-23;http://www.rad.cvm.gov.br/ENETCONSULTA/frmDownloadDocumento.aspx?CodigoInstituicao=1&NumeroSequencialDocumento=18180
02.465.783/0001-04;2012-01-01;4;FUTURETEL S.A. - EM LIQUIDAÇÃO;017388;FCA;19562;2012-07-04;http://www.rad.cvm.gov.br/ENETCONSULTA/frmDownloadDocumento.aspx?CodigoInstituicao=1&NumeroSequencialDocumento=19562
02.474.103/0001-19;2012-01-01;1;ENGIE BRASIL ENERGIA S.A.;017329;FCA;14066;2012-02-02;http://www.rad.cvm.gov.br/ENETCONSULTA/frmDownloadDocumento.aspx?CodigoInstituicao=1&NumeroSequencialDocumento=14066
02.474.103/0001-19;2012-01-01;2;ENGIE BRASIL ENERGIA S.A.;017329;FCA;15653;2012-03-29;http://www.rad.cvm.gov.br/ENETCONSULTA/frmDownloadDocumento.aspx?CodigoInstituicao=1&NumeroSequencialDocumento=15653
02.474.103/0001-19;2012-01-01;3;ENGIE BRASIL ENERGIA S.A.;017329;FCA;16321;2012-04-20;http://www.rad.cvm.gov.br/ENETCONSULTA/frmDownloadDocumento.aspx?CodigoInstituicao=1&NumeroSequencialDocumento=16321
02.474.103/0001-19;2012-01-01;4;ENGIE BRASIL ENERGIA S.A.;017329;FCA;18281;2012-05-28;http://www.rad.cvm.gov.br/ENETCONSULTA/frmDownloadDocumento.aspx?CodigoInstituicao=1&NumeroSequencialDocumento=18281
02.476.710/0001-18;2012-01-01;1;TELINVEST S.A.;017418;FCA;15619;2012-03-29;http://www.rad.cvm.gov.br/ENETCONSULTA/frmDownloadDocumento.aspx?CodigoInstituicao=1&NumeroSequencialDocumento=15619
02.476.710/0001-18;2012-01-01;2;TELINVEST S.A.;017418;FCA;17169;2012-05-10;http://www.rad.cvm.gov.br/ENETCONSULTA/frmDownloadDocumento.aspx?CodigoInstituicao=1&NumeroSequencialDocumento=17169
02.476.710/0001-18;2012-01-01;3;TELINVEST S.A.;017418;FCA;18175;2012-05-23;http://www.rad.cvm.gov.br/ENETCONSULTA/frmDownloadDocumento.aspx?CodigoInstituicao=1&NumeroSequencialDocumento=18175
02.476.710/0001-18;2012-01-01;4;TELINVEST S.A.;017418;FCA;19564;2012-07-04;http://www.rad.cvm.gov.br/ENETCONSULTA/frmDownloadDocumento.aspx?CodigoInstituicao=1&NumeroSequencialDocumento=19564
02.502.844/0001-66;2012-01-01;1;RUMO MALHA PAULISTA S.A.;017930;FCA;14954;2012-03-13;http://www.rad.cvm.gov.br/ENETCONSULTA/frmDownloadDocumento.aspx?CodigoInstituicao=1&NumeroSequencialDocumento=14954
02.502.844/0001-66;2012-01-01;2;RUMO MALHA PAULISTA S.A.;017930;FCA;18697;2012-05-31;http://www.rad.cvm.gov.br/ENETCONSULTA/frmDownloadDocumento.aspx?CodigoInstituicao=1&NumeroSequencialDocumento=18697
02.509.491/0001-26;2012-01-01;1;CONC ECOVIAS IMIGRANTES S.A.;020397;FCA;14991;2012-03-14;http://www.rad.cvm.gov.br/ENETCONSULTA/frmDownloadDocumento.aspx?CodigoInstituicao=1&NumeroSequencialDocumento=14991
02.509.491/0001-26;2012-01-01;2;CONC ECOVIAS IMIGRANTES S.A.;020397;FCA;18330;2012-05-29;http://www.rad.cvm.gov.br/ENETCONSULTA/frmDownloadDocumento.aspx?CodigoInstituicao=1&NumeroSequencialDocumento=18330
02.535.295/0001-26;2012-01-01;1;MAORI SA;017779;FCA;15664;2012-03-29;http://www.rad.cvm.gov.br/ENETCONSULTA/frmDownloadDocumento.aspx?CodigoInstituicao=1&NumeroSequencialDocumento=15664
02.535.295/0001-26;2012-01-01;2;MAORI SA;017779;FCA;17154;2012-05-09;http://www.rad.cvm.gov.br/ENETCONSULTA/frmDownloadDocumento.aspx?CodigoInstituicao=1&NumeroSequencialDocumento=17154
02.535.295/0001-26;2012-01-01;3;MAORI SA;017779;FCA;19822;2012-07-23;http://www.rad.cvm.gov.br/ENETCONSULTA/frmDownloadDocumento.aspx?CodigoInstituicao=1&NumeroSequencialDocumento=19822
02.535.295/0001-26;2012-01-01;4;MAORI SA;017779;FCA;19910;2012-07-27;http://www.rad.cvm.gov.br/ENETCONSULTA/frmDownloadDocumento.aspx?CodigoInstituicao=1&NumeroSequencialDocumento=19910
02.535.295/0001-26;2012-01-01;5;MAORI SA;017779;FCA;22637;2012-11-14;http://www.rad.cvm.gov.br/ENETCONSULTA/frmDownloadDocumento.aspx?CodigoInstituicao=1&NumeroSequencialDocumento=22637
02.541.982/0001-54;2012-01-01;1;SOMOS EDUCAÇÃO S.A.;022551;FCA;14545;2012-02-27;http://www.rad.cvm.gov.br/ENETCONSULTA/frmDownloadDocumento.aspx?CodigoInstituicao=1&NumeroSequencialDocumento=14545
02.541.982/0001-54;2012-01-01;2;SOMOS EDUCAÇÃO S.A.;022551;FCA;16008;2012-04-05;http://www.rad.cvm.gov.br/ENETCONSULTA/frmDownloadDocumento.aspx?CodigoInstituicao=1&NumeroSequencialDocumento=16008
02.541.982/0001-54;2012-01-01;3;SOMOS EDUCAÇÃO S.A.;022551;FCA;19069;2012-06-01;http://www.rad.cvm.gov.br/ENETCONSULTA/frmDownloadDocumento.aspx?CodigoInstituicao=1&NumeroSequencialDocumento=19069
02.541.982/0001-54;2012-01-01;4;SOMOS EDUCAÇÃO S.A.;022551;FCA;21238;2012-09-12;http://www.rad.cvm.gov.br/ENETCONSULTA/frmDownloadDocumento.aspx?CodigoInstituicao=1&NumeroSequencialDocumento=21238
02.555.926/0001-79;2012-01-01;1;CENTROVIAS-SISTEMAS RODOVIARIOS S/A;021857;FCA;15075;2012-03-16;http://www.rad.cvm.gov.br/ENETCONSULTA/frmDownloadDocumento.aspx?CodigoInstituicao=1&NumeroSequencialDocumento=15075
02.555.926/0001-79;2012-01-01;2;CENTROVIAS-SISTEMAS RODOVIARIOS S/A;021857;FCA;15079;2012-03-16;http://www.rad.cvm.gov.br/ENETCONSULTA/frmDownloadDocumento.aspx?CodigoInstituicao=1&NumeroSequencialDocumento=15079
02.555.926/0001-79;2012-01-01;3;CENTROVIAS-SISTEMAS RODOVIARIOS S/A;021857;FCA;16396;2012-04-24;http://www.rad.cvm.gov.br/ENETCONSULTA/frmDownloadDocumento.aspx?CodigoInstituicao=1&NumeroSequencialDocumento=16396
02.555.926/0001-79;2012-01-01;4;CENTROVIAS-SISTEMAS RODOVIARIOS S/A;021857;FCA;18311;2012-05-28;http://www.rad.cvm.gov.br/ENETCONSULTA/frmDownloadDocumento.aspx?CodigoInstituicao=1&NumeroSequencialDocumento=18311
02.558.115/0001-21;2012-01-01;1;TIM PARTICIPACOES S.A.;017639;FCA;14368;2012-02-16;http://www.rad.cvm.gov.br/ENETCONSULTA/frmDownloadDocumento.aspx?CodigoInstituicao=1&NumeroSequencialDocumento=14368
02.558.115/0001-21;2012-01-01;2;TIM PARTICIPACOES S.A.;017639;FCA;21102;2012-09-03;http://www.rad.cvm.gov.br/ENETCONSULTA/frmDownloadDocumento.aspx?CodigoInstituicao=1&NumeroSequencialDocumento=21102
02.558.115/0001-21;2012-01-01;3;TIM PARTICIPACOES S.A.;017639;FCA;23162;2012-12-12;http://www.rad.cvm.gov.br/ENETCONSULTA/frmDownloadDocumento.aspx?CodigoInstituicao=1&NumeroSequencialDocumento=23162
02.558.124/0001-12;2012-01-01;1;EMBRATEL PARTICIPAÇÕES SA;017647;FCA;15210;2012-03-21;http://www.rad.cvm.gov.br/ENETCONSULTA/frmDownloadDocumento.aspx?CodigoInstituicao=1&NumeroSequencialDocumento=15210
02.558.124/0001-12;2012-01-01;2;EMBRATEL PARTICIPAÇÕES SA;017647;FCA;16522;2012-04-27;http://www.rad.cvm.gov.br/ENETCONSULTA/frmDownloadDocumento.aspx?CodigoInstituicao=1&NumeroSequencialDocumento=16522
02.558.124/0001-12;2012-01-01;3;EMBRATEL PARTICIPAÇÕES SA;017647;FCA;18077;2012-05-21;http://www.rad.cvm.gov.br/ENETCONSULTA/frmDownloadDocumento.aspx?CodigoInstituicao=1&NumeroSequencialDocumento=18077
02.558.124/0001-12;2012-01-01;4;EMBRATEL PARTICIPAÇÕES SA;017647;FCA;21018;2012-08-28;http://www.rad.cvm.gov.br/ENETCONSULTA/frmDownloadDocumento.aspx?CodigoInstituicao=1&NumeroSequencialDocumento=21018
02.558.134/0001-58;2012-01-01;1;TELE NORTE LESTE PARTICIPAÇÕES SA;017655;FCA;13933;2012-01-24;http://www.rad.cvm.gov.br/ENETCONSULTA/frmDownloadDocumento.aspx?CodigoInstituicao=1&NumeroSequencialDocumento=13933
02.558.134/0001-58;2012-01-01;2;TELE NORTE LESTE PARTICIPAÇÕES SA;017655;FCA;16127;2012-04-11;http://www.rad.cvm.gov.br/ENETCONSULTA/frmDownloadDocumento.aspx?CodigoInstituicao=1&NumeroSequencialDocumento=16127
02.558.154/0001-29;2012-01-01;1;TELE NORTE CELULAR PARTICIPAÇÕES SA;017604;FCA;15840;2012-03-30;http://www.rad.cvm.gov.br/ENETCONSULTA/frmDownloadDocumento.aspx?CodigoInstituicao=1&NumeroSequencialDocumento=15840
02.558.154/0001-29;2012-01-01;2;TELE NORTE CELULAR PARTICIPAÇÕES SA;017604;FCA;17084;2012-05-09;http://www.rad.cvm.gov.br/ENETCONSULTA/frmDownloadDocumento.aspx?CodigoInstituicao=1&NumeroSequencialDocumento=17084
02.558.154/0001-29;2012-01-01;3;TELE NORTE CELULAR PARTICIPAÇÕES SA;017604;FCA;19476;2012-06-28;http://www.rad.cvm.gov.br/ENETCONSULTA/frmDownloadDocumento.aspx?CodigoInstituicao=1&NumeroSequencialDocumento=19476
02.558.157/0001-62;2012-01-01;1;TELEFÔNICA BRASIL S.A;017671;FCA;13640;2012-01-06;http://www.rad.cvm.gov.br/ENETCONSULTA/frmDownloadDocumento.aspx?CodigoInstituicao=1&NumeroSequencialDocumento=13640
02.558.157/0001-62;2012-01-01;2;TELEFÔNICA BRASIL S.A;017671;FCA;17046;2012-05-09;http://www.rad.cvm.gov.br/ENETCONSULTA/frmDownloadDocumento.aspx?CodigoInstituicao=1&NumeroSequencialDocumento=17046
02.558.157/0001-62;2012-01-01;3;TELEFÔNICA BRASIL S.A;017671;FCA;21302;2012-09-14;http://www.rad.cvm.gov.br/ENETCONSULTA/frmDownloadDocumento.aspx?CodigoInstituicao=1&NumeroSequencialDocumento=21302
02.558.157/0001-62;2012-01-01;4;TELEFÔNICA BRASIL S.A;017671;FCA;21907;2012-10-25;http://www.rad.cvm.gov.br/ENETCONSULTA/frmDownloadDocumento.aspx?CodigoInstituicao=1&NumeroSequencialDocumento=21907
02.558.157/0001-62;2012-01-01;5;TELEFÔNICA BRASIL S.A;017671;FCA;23446;2012-12-26;http://www.rad.cvm.gov.br/ENETCONSULTA/frmDownloadDocumento.aspx?CodigoInstituicao=1&NumeroSequencialDocumento=23446
02.591.787/0001-39;2012-01-01;1;CAPITALPART PARTICIPACOES S.A.;017493;FCA;15620;2012-03-29;http://www.rad.cvm.gov.br/ENETCONSULTA/frmDownloadDocumento.aspx?CodigoInstituicao=1&NumeroSequencialDocumento=15620
02.591.787/0001-39;2012-01-01;2;CAPITALPART PARTICIPACOES S.A.;017493;FCA;17170;2012-05-10;http://www.rad.cvm.gov.br/ENETCONSULTA/frmDownloadDocumento.aspx?CodigoInstituicao=1&NumeroSequencialDocumento=17170
02.591.787/0001-39;2012-01-01;3;CAPITALPART PARTICIPACOES S.A.;017493;FCA;18176;2012-05-23;http://www.rad.cvm.gov.br/ENETCONSULTA/frmDownloadDocumento.aspx?CodigoInstituicao=1&NumeroSequencialDocumento=18176
02.591.787/0001-39;2012-01-01;4;CAPITALPART PARTICIPACOES S.A.;017493;FCA;19567;2012-07-04;http://www.rad.cvm.gov.br/ENETCONSULTA/frmDownloadDocumento.aspx?CodigoInstituicao=1&NumeroSequencialDocumento=19567
02.604.860/0001-60;2012-01-01;1;INNCORP S.A.;017558;FCA;15622;2012-03-29;http://www.rad.cvm.gov.br/ENETCONSULTA/frmDownloadDocumento.aspx?CodigoInstituicao=1&NumeroSequencialDocumento=15622
02.604.860/0001-60;2012-01-01;2;INNCORP S.A.;017558;FCA;17171;2012-05-10;http://www.rad.cvm.gov.br/ENETCONSULTA/frmDownloadDocumento.aspx?CodigoInstituicao=1&NumeroSequencialDocumento=17171
02.604.860/0001-60;2012-01-01;3;INNCORP S.A.;017558;FCA;18177;2012-05-23;http://www.rad.cvm.gov.br/ENETCONSULTA/frmDownloadDocumento.aspx?CodigoInstituicao=1&NumeroSequencialDocumento=18177
02.604.860/0001-60;2012-01-01;4;INNCORP S.A.;017558;FCA;19566;2012-07-04;http://www.rad.cvm.gov.br/ENETCONSULTA/frmDownloadDocumento.aspx?CodigoInstituicao=1&NumeroSequencialDocumento=19566
02.604.997/0001-14;2012-01-01;1;NEWTEL PARTICIPACOES S.A.;017540;FCA;15634;2012-03-29;http://www.rad.cvm.gov.br/ENETCONSULTA/frmDownloadDocumento.aspx?CodigoInstituicao=1&NumeroSequencialDocumento=15634
02.604.997/0001-14;2012-01-01;2;NEWTEL PARTICIPACOES S.A.;017540;FCA;17168;2012-05-10;http://www.rad.cvm.gov.br/ENETCONSULTA/frmDownloadDocumento.aspx?CodigoInstituicao=1&NumeroSequencialDocumento=17168
02.604.997/0001-14;2012-01-01;3;NEWTEL PARTICIPACOES S.A.;017540;FCA;18181;2012-05-23;http://www.rad.cvm.gov.br/ENETCONSULTA/frmDownloadDocumento.aspx?CodigoInstituicao=1&NumeroSequencialDocumento=18181
02.604.997/0001-14;2012-01-01;4;NEWTEL PARTICIPACOES S.A.;017540;FCA;19559;2012-07-04;http://www.rad.cvm.gov.br/ENETCONSULTA/frmDownloadDocumento.aspx?CodigoInstituicao=1&NumeroSequencialDocumento=19559
02.604.997/0001-14;2012-01-01;5;NEWTEL PARTICIPACOES S.A.;017540;FCA;19580;2012-07-05;http://www.rad.cvm.gov.br/ENETCONSULTA/frmDownloadDocumento.aspx?CodigoInstituicao=1&NumeroSequencialDocumento=19580
02.643.896/0001-52;2012-01-01;1;REAL AI PIC SEC DE CREDITOS IMOBILIARIO S.A.;018430;FCA;14503;2012-02-24;http://www.rad.cvm.gov.br/ENETCONSULTA/frmDownloadDocumento.aspx?CodigoInstituicao=1&NumeroSequencialDocumento=14503
02.643.896/0001-52;2012-01-01;2;REAL AI PIC SEC DE CREDITOS IMOBILIARIO S.A.;018430;FCA;17472;2012-05-14;http://www.rad.cvm.gov.br/ENETCONSULTA/frmDownloadDocumento.aspx?CodigoInstituicao=1&NumeroSequencialDocumento=17472
02.643.896/0001-52;2012-01-01;3;REAL AI PIC SEC DE CREDITOS IMOBILIARIO S.A.;018430;FCA;23423;2012-12-21;http://www.rad.cvm.gov.br/ENETCONSULTA/frmDownloadDocumento.aspx?CodigoInstituicao=1&NumeroSequencialDocumento=23423
02.643.896/0001-52;2012-01-01;4;REAL AI PIC SEC DE CREDITOS IMOBILIARIO S.A.;018430;FCA;23463;2012-12-26;http://www.rad.cvm.gov.br/ENETCONSULTA/frmDownloadDocumento.aspx?CodigoInstituicao=1&NumeroSequencialDocumento=23463
02.643.896/0001-52;2012-01-01;5;REAL AI PIC SEC DE CREDITOS IMOBILIARIO S.A.;018430;FCA;23464;2012-12-26;http://www.rad.cvm.gov.br/ENETCONSULTA/frmDownloadDocumento.aspx?CodigoInstituicao=1&NumeroSequencialDocumento=23464
02.664.042/0001-52;2012-01-01;1;TERMINAL GARAGEM MENEZES CORTES S.A.;018538;FCA;14806;2012-03-08;http://www.rad.cvm.gov.br/ENETCONSULTA/frmDownloadDocumento.aspx?CodigoInstituicao=1&NumeroSequencialDocumento=14806
02.664.042/0001-52;2012-01-01;2;TERMINAL GARAGEM MENEZES CORTES S.A.;018538;FCA;16231;2012-04-17;http://www.rad.cvm.gov.br/ENETCONSULTA/frmDownloadDocumento.aspx?CodigoInstituicao=1&NumeroSequencialDocumento=16231
02.664.042/0001-52;2012-01-01;3;TERMINAL GARAGEM MENEZES CORTES S.A.;018538;FCA;17757;2012-05-15;http://www.rad.cvm.gov.br/ENETCONSULTA/frmDownloadDocumento.aspx?CodigoInstituicao=1&NumeroSequencialDocumento=17757
02.679.185/0001-38;2012-01-01;1;AUTOVIAS S/A;021822;FCA;15087;2012-03-16;http://www.rad.cvm.gov.br/ENETCONSULTA/frmDownloadDocumento.aspx?CodigoInstituicao=1&NumeroSequencialDocumento=15087
02.679.185/0001-38;2012-01-01;2;AUTOVIAS S/A;021822;FCA;16383;2012-04-24;http://www.rad.cvm.gov.br/ENETCONSULTA/frmDownloadDocumento.aspx?CodigoInstituicao=1&NumeroSequencialDocumento=16383
02.679.185/0001-38;2012-01-01;3;AUTOVIAS S/A;021822;FCA;18275;2012-05-28;http://www.rad.cvm.gov.br/ENETCONSULTA/frmDownloadDocumento.aspx?CodigoInstituicao=1&NumeroSequencialDocumento=18275
02.682.287/0001-02;2012-01-01;1;PAN FINANCEIRA S.A. - CRÉDITO, FINANCIAMENTO E INVESTIMENTO;018554;FCA;13840;2012-01-17;http://www.rad.cvm.gov.br/ENETCONSULTA/frmDownloadDocumento.aspx?CodigoInstituicao=1&NumeroSequencialDocumento=13840
02.682.287/0001-02;2012-01-01;2;PAN FINANCEIRA S.A. - CRÉDITO, FINANCIAMENTO E INVESTIMENTO;018554;FCA;18984;2012-05-31;http://www.rad.cvm.gov.br/ENETCONSULTA/frmDownloadDocumento.aspx?CodigoInstituicao=1&NumeroSequencialDocumento=18984
02.724.983/0001-34;2012-01-01;1;SANESALTO SANEAMENTO S.A.;019593;FCA;15912;2012-04-02;http://www.rad.cvm.gov.br/ENETCONSULTA/frmDownloadDocumento.aspx?CodigoInstituicao=1&NumeroSequencialDocumento=15912
02.724.983/0001-34;2012-01-01;2;SANESALTO SANEAMENTO S.A.;019593;FCA;17933;2012-05-16;http://www.rad.cvm.gov.br/ENETCONSULTA/frmDownloadDocumento.aspx?CodigoInstituicao=1&NumeroSequencialDocumento=17933
02.736.470/0001-43;2012-01-01;1;CONFIANZA SECURITIZADORA SA;018236;FCA;15560;2012-03-28;http://www.rad.cvm.gov.br/ENETCONSULTA/frmDownloadDocumento.aspx?CodigoInstituicao=1&NumeroSequencialDocumento=15560
02.736.470/0001-43;2012-01-01;2;CONFIANZA SECURITIZADORA SA;018236;FCA;17678;2012-05-15;http://www.rad.cvm.gov.br/ENETCONSULTA/frmDownloadDocumento.aspx?CodigoInstituicao=1&NumeroSequencialDocumento=17678
02.736.470/0001-43;2012-01-01;3;CONFIANZA SECURITIZADORA SA;018236;FCA;19507;2012-06-29;http://www.rad.cvm.gov.br/ENETCONSULTA/frmDownloadDocumento.aspx?CodigoInstituicao=1&NumeroSequencialDocumento=19507
02.762.113/0001-50;2012-01-01;1;BRAZILIAN FINANCE E REAL ESTATE S.A.;017922;FCA;14428;2012-02-17;http://www.rad.cvm.gov.br/ENETCONSULTA/frmDownloadDocumento.aspx?CodigoInstituicao=1&NumeroSequencialDocumento=14428
02.762.113/0001-50;2012-01-01;2;BRAZILIAN FINANCE E REAL ESTATE S.A.;017922;FCA;14612;2012-02-29;http://www.rad.cvm.gov.br/ENETCONSULTA/frmDownloadDocumento.aspx?CodigoInstituicao=1&NumeroSequencialDocumento=14612
02.762.113/0001-50;2012-01-01;3;BRAZILIAN FINANCE E REAL ESTATE S.A.;017922;FCA;16278;2012-04-18;http://www.rad.cvm.gov.br/ENETCONSULTA/frmDownloadDocumento.aspx?CodigoInstituicao=1&NumeroSequencialDocumento=16278
02.762.113/0001-50;2012-01-01;4;BRAZILIAN FINANCE E REAL ESTATE S.A.;017922;FCA;18204;2012-05-24;http://www.rad.cvm.gov.br/ENETCONSULTA/frmDownloadDocumento.aspx?CodigoInstituicao=1&NumeroSequencialDocumento=18204
02.762.113/0001-50;2012-01-01;5;BRAZILIAN FINANCE E REAL ESTATE S.A.;017922;FCA;19571;2012-07-05;http://www.rad.cvm.gov.br/ENETCONSULTA/frmDownloadDocumento.aspx?CodigoInstituicao=1&NumeroSequencialDocumento=19571
02.762.113/0001-50;2012-01-01;6;BRAZILIAN FINANCE E REAL ESTATE S.A.;017922;FCA;19857;2012-07-25;http://www.rad.cvm.gov.br/ENETCONSULTA/frmDownloadDocumento.aspx?CodigoInstituicao=1&NumeroSequencialDocumento=19857
02.762.113/0001-50;2012-01-01;7;BRAZILIAN FINANCE E REAL ESTATE S.A.;017922;FCA;21166;2012-09-06;http://www.rad.cvm.gov.br/ENETCONSULTA/frmDownloadDocumento.aspx?CodigoInstituicao=1&NumeroSequencialDocumento=21166
02.762.115/0001-49;2012-01-01;1;MMX MINERACAO E METALICOS S.A. - EM RECUPERAÇÃO JUDICIAL;017914;FCA;13848;2012-01-17;http://www.rad.cvm.gov.br/ENETCONSULTA/frmDownloadDocumento.aspx?CodigoInstituicao=1&NumeroSequencialDocumento=13848
02.762.115/0001-49;2012-01-01;2;MMX MINERACAO E METALICOS S.A. - EM RECUPERAÇÃO JUDICIAL;017914;FCA;13852;2012-01-17;http://www.rad.cvm.gov.br/ENETCONSULTA/frmDownloadDocumento.aspx?CodigoInstituicao=1&NumeroSequencialDocumento=13852
02.762.115/0001-49;2012-01-01;3;MMX MINERACAO E METALICOS S.A. - EM RECUPERAÇÃO JUDICIAL;017914;FCA;17111;2012-05-09;http://www.rad.cvm.gov.br/ENETCONSULTA/frmDownloadDocumento.aspx?CodigoInstituicao=1&NumeroSequencialDocumento=17111
02.762.121/0001-04;2012-01-01;1;SANTOS BRASIL PARTICIPACOES S.A.;017892;FCA;14077;2012-02-02;http://www.rad.cvm.gov.br/ENETCONSULTA/frmDownloadDocumento.aspx?CodigoInstituicao=1&NumeroSequencialDocumento=14077
02.762.121/0001-04;2012-01-01;2;SANTOS BRASIL PARTICIPACOES S.A.;017892;FCA;14421;2012-02-17;http://www.rad.cvm.gov.br/ENETCONSULTA/frmDownloadDocumento.aspx?CodigoInstituicao=1&NumeroSequencialDocumento=14421
02.762.121/0001-04;2012-01-01;3;SANTOS BRASIL PARTICIPACOES S.A.;017892;FCA;16794;2012-05-04;http://www.rad.cvm.gov.br/ENETCONSULTA/frmDownloadDocumento.aspx?CodigoInstituicao=1&NumeroSequencialDocumento=16794
02.762.124/0001-30;2012-01-01;1;BETAPART PARTICIPACOES S.A.;017884;FCA;15434;2012-03-27;http://www.rad.cvm.gov.br/ENETCONSULTA/frmDownloadDocumento.aspx?CodigoInstituicao=1&NumeroSequencialDocumento=15434
02.762.124/0001-30;2012-01-01;2;BETAPART PARTICIPACOES S.A.;017884;FCA;16328;2012-04-20;http://www.rad.cvm.gov.br/ENETCONSULTA/frmDownloadDocumento.aspx?CodigoInstituicao=1&NumeroSequencialDocumento=16328
02.762.124/0001-30;2012-01-01;3;BETAPART PARTICIPACOES S.A.;017884;FCA;18195;2012-05-24;http://www.rad.cvm.gov.br/ENETCONSULTA/frmDownloadDocumento.aspx?CodigoInstituicao=1&NumeroSequencialDocumento=18195
02.773.542/0001-22;2012-01-01;1;OPEA SECURITIZADORA S.A.;018406;FCA;13889;2012-01-19;http://www.rad.cvm.gov.br/ENETCONSULTA/frmDownloadDocumento.aspx?CodigoInstituicao=1&NumeroSequencialDocumento=13889
02.773.542/0001-22;2012-01-01;2;OPEA SECURITIZADORA S.A.;018406;FCA;18638;2012-05-31;http://www.rad.cvm.gov.br/ENETCONSULTA/frmDownloadDocumento.aspx?CodigoInstituicao=1&NumeroSequencialDocumento=18638
02.773.542/0001-22;2012-01-01;3;OPEA SECURITIZADORA S.A.;018406;FCA;19323;2012-06-18;http://www.rad.cvm.gov.br/ENETCONSULTA/frmDownloadDocumento.aspx?CodigoInstituicao=1&NumeroSequencialDocumento=19323
02.783.423/0001-50;2012-01-01;1;ALTERE SECURITIZADORA S.A.;018066;FCA;15838;2012-03-30;http://www.rad.cvm.gov.br/ENETCONSULTA/frmDownloadDocumento.aspx?CodigoInstituicao=1&NumeroSequencialDocumento=15838
02.783.423/0001-50;2012-01-01;2;ALTERE SECURITIZADORA S.A.;018066;FCA;18863;2012-05-31;http://www.rad.cvm.gov.br/ENETCONSULTA/frmDownloadDocumento.aspx?CodigoInstituicao=1&NumeroSequencialDocumento=18863
02.783.423/0001-50;2012-01-01;3;ALTERE SECURITIZADORA S.A.;018066;FCA;19718;2012-07-16;http://www.rad.cvm.gov.br/ENETCONSULTA/frmDownloadDocumento.aspx?CodigoInstituicao=1&NumeroSequencialDocumento=19718
02.783.423/0001-50;2012-01-01;4;ALTERE SECURITIZADORA S.A.;018066;FCA;20295;2012-08-10;http://www.rad.cvm.gov.br/ENETCONSULTA/frmDownloadDocumento.aspx?CodigoInstituicao=1&NumeroSequencialDocumento=20295
02.796.775/0001-40;2012-01-01;1;GAMA PARTICIPACOES S.A.;017965;FCA;15445;2012-03-27;http://www.rad.cvm.gov.br/ENETCONSULTA/frmDownloadDocumento.aspx?CodigoInstituicao=1&NumeroSequencialDocumento=15445
02.796.775/0001-40;2012-01-01;2;GAMA PARTICIPACOES S.A.;017965;FCA;16331;2012-04-20;http://www.rad.cvm.gov.br/ENETCONSULTA/frmDownloadDocumento.aspx?CodigoInstituicao=1&NumeroSequencialDocumento=16331
02.796.775/0001-40;2012-01-01;3;GAMA PARTICIPACOES S.A.;017965;FCA;18226;2012-05-25;http://www.rad.cvm.gov.br/ENETCONSULTA/frmDownloadDocumento.aspx?CodigoInstituicao=1&NumeroSequencialDocumento=18226
02.800.026/0001-40;2012-01-01;1;COGNA EDUCAÇÃO S.A.;017973;FCA;13798;2012-01-13;http://www.rad.cvm.gov.br/ENETCONSULTA/frmDownloadDocumento.aspx?CodigoInstituicao=1&NumeroSequencialDocumento=13798
02.800.026/0001-40;2012-01-01;2;COGNA EDUCAÇÃO S.A.;017973;FCA;17042;2012-05-09;http://www.rad.cvm.gov.br/ENETCONSULTA/frmDownloadDocumento.aspx?CodigoInstituicao=1&NumeroSequencialDocumento=17042
02.808.481/0001-91;2012-01-01;1;AETATIS SECURITIZADORA S.A.;018104;FCA;15847;2012-03-30;http://www.rad.cvm.gov.br/ENETCONSULTA/frmDownloadDocumento.aspx?CodigoInstituicao=1&NumeroSequencialDocumento=15847
02.808.481/0001-91;2012-01-01;2;AETATIS SECURITIZADORA S.A.;018104;FCA;18587;2012-05-30;http://www.rad.cvm.gov.br/ENETCONSULTA/frmDownloadDocumento.aspx?CodigoInstituicao=1&NumeroSequencialDocumento=18587
02.808.481/0001-91;2012-01-01;3;AETATIS SECURITIZADORA S.A.;018104;FCA;19716;2012-07-16;http://www.rad.cvm.gov.br/ENETCONSULTA/frmDownloadDocumento.aspx?CodigoInstituicao=1&NumeroSequencialDocumento=19716
02.808.708/0001-07;2012-01-01;1;COMPANHIA DE BEBIDAS DAS AMÉRICAS-AMBEV;018112;FCA;13738;2012-01-10;http://www.rad.cvm.gov.br/ENETCONSULTA/frmDownloadDocumento.aspx?CodigoInstituicao=1&NumeroSequencialDocumento=13738
02.808.708/0001-07;2012-01-01;2;COMPANHIA DE BEBIDAS DAS AMÉRICAS-AMBEV;018112;FCA;18257;2012-05-25;http://www.rad.cvm.gov.br/ENETCONSULTA/frmDownloadDocumento.aspx?CodigoInstituicao=1&NumeroSequencialDocumento=18257
02.846.056/0001-97;2012-01-01;1;CCR S.A.;018821;FCA;13563;2012-01-02;http://www.rad.cvm.gov.br/ENETCONSULTA/frmDownloadDocumento.aspx?CodigoInstituicao=1&NumeroSequencialDocumento=13563
02.846.056/0001-97;2012-01-01;2;CCR S.A.;018821;FCA;13913;2012-01-23;http://www.rad.cvm.gov.br/ENETCONSULTA/frmDownloadDocumento.aspx?CodigoInstituicao=1&NumeroSequencialDocumento=13913
02.846.056/0001-97;2012-01-01;3;CCR S.A.;018821;FCA;16714;2012-05-03;http://www.rad.cvm.gov.br/ENETCONSULTA/frmDownloadDocumento.aspx?CodigoInstituicao=1&NumeroSequencialDocumento=16714
02.846.056/0001-97;2012-01-01;4;CCR S.A.;018821;FCA;20787;2012-08-15;http://www.rad.cvm.gov.br/ENETCONSULTA/frmDownloadDocumento.aspx?CodigoInstituicao=1&NumeroSequencialDocumento=20787
02.860.694/0001-62;2012-01-01;1;T4F ENTRETENIMENTO S.A.;022454;FCA;13977;2012-01-27;http://www.rad.cvm.gov.br/ENETCONSULTA/frmDownloadDocumento.aspx?CodigoInstituicao=1&NumeroSequencialDocumento=13977
02.860.694/0001-62;2012-01-01;2;T4F ENTRETENIMENTO S.A.;022454;FCA;18277;2012-05-28;http://www.rad.cvm.gov.br/ENETCONSULTA/frmDownloadDocumento.aspx?CodigoInstituicao=1&NumeroSequencialDocumento=18277
02.860.694/0001-62;2012-01-01;3;T4F ENTRETENIMENTO S.A.;022454;FCA;22116;2012-11-06;http://www.rad.cvm.gov.br/ENETCONSULTA/frmDownloadDocumento.aspx?CodigoInstituicao=1&NumeroSequencialDocumento=22116
02.871.007/0001-04;2012-01-01;1;VICUNHA SIDERURGIA SA;018902;FCA;14913;2012-03-12;http://www.rad.cvm.gov.br/ENETCONSULTA/frmDownloadDocumento.aspx?CodigoInstituicao=1&NumeroSequencialDocumento=14913
02.871.007/0001-04;2012-01-01;2;VICUNHA SIDERURGIA SA;018902;FCA;15994;2012-04-04;http://www.rad.cvm.gov.br/ENETCONSULTA/frmDownloadDocumento.aspx?CodigoInstituicao=1&NumeroSequencialDocumento=15994
02.871.007/0001-04;2012-01-01;3;VICUNHA SIDERURGIA SA;018902;FCA;19123;2012-06-04;http://www.rad.cvm.gov.br/ENETCONSULTA/frmDownloadDocumento.aspx?CodigoInstituicao=1&NumeroSequencialDocumento=19123
02.916.265/0001-60;2012-01-01;1;JBS S.A.;020575;FCA;13814;2012-01-16;http://www.rad.cvm.gov.br/ENETCONSULTA/frmDownloadDocumento.aspx?CodigoInstituicao=1&NumeroSequencialDocumento=13814
02.916.265/0001-60;2012-01-01;2;JBS S.A.;020575;FCA;15196;2012-03-21;http://www.rad.cvm.gov.br/ENETCONSULTA/frmDownloadDocumento.aspx?CodigoInstituicao=1&NumeroSequencialDocumento=15196
02.916.265/0001-60;2012-01-01;3;JBS S.A.;020575;FCA;18071;2012-05-21;http://www.rad.cvm.gov.br/ENETCONSULTA/frmDownloadDocumento.aspx?CodigoInstituicao=1&NumeroSequencialDocumento=18071
02.916.265/0001-60;2012-01-01;4;JBS S.A.;020575;FCA;20145;2012-08-07;http://www.rad.cvm.gov.br/ENETCONSULTA/frmDownloadDocumento.aspx?CodigoInstituicao=1&NumeroSequencialDocumento=20145
02.919.555/0001-67;2012-01-01;1;ARTERIS S.A.;019771;FCA;15073;2012-03-16;http://www.rad.cvm.gov.br/ENETCONSULTA/frmDownloadDocumento.aspx?CodigoInstituicao=1&NumeroSequencialDocumento=15073
02.919.555/0001-67;2012-01-01;2;ARTERIS S.A.;019771;FCA;16044;2012-04-09;http://www.rad.cvm.gov.br/ENETCONSULTA/frmDownloadDocumento.aspx?CodigoInstituicao=1&NumeroSequencialDocumento=16044
02.919.555/0001-67;2012-01-01;3;ARTERIS S.A.;019771;FCA;18689;2012-05-31;http://www.rad.cvm.gov.br/ENETCONSULTA/frmDownloadDocumento.aspx?CodigoInstituicao=1&NumeroSequencialDocumento=18689
02.919.555/0001-67;2012-01-01;4;ARTERIS S.A.;019771;FCA;23384;2012-12-20;http://www.rad.cvm.gov.br/ENETCONSULTA/frmDownloadDocumento.aspx?CodigoInstituicao=1&NumeroSequencialDocumento=23384
02.932.074/0001-91;2012-01-01;1;HYPERA S.A.;021431;FCA;14168;2012-02-08;http://www.rad.cvm.gov.br/ENETCONSULTA/frmDownloadDocumento.aspx?CodigoInstituicao=1&NumeroSequencialDocumento=14168
02.932.074/0001-91;2012-01-01;2;HYPERA S.A.;021431;FCA;16649;2012-05-02;http://www.rad.cvm.gov.br/ENETCONSULTA/frmDownloadDocumento.aspx?CodigoInstituicao=1&NumeroSequencialDocumento=16649
02.932.074/0001-91;2012-01-01;3;HYPERA S.A.;021431;FCA;18954;2012-05-31;http://www.rad.cvm.gov.br/ENETCONSULTA/frmDownloadDocumento.aspx?CodigoInstituicao=1&NumeroSequencialDocumento=18954
02.932.074/0001-91;2012-01-01;4;HYPERA S.A.;021431;FCA;22305;2012-11-09;http://www.rad.cvm.gov.br/ENETCONSULTA/frmDownloadDocumento.aspx?CodigoInstituicao=1&NumeroSequencialDocumento=22305
02.950.811/0001-89;2012-01-01;1;PDG REALTY S.A. EMPREEND E PARTICIPACOES;020478;FCA;13819;2012-01-16;http://www.rad.cvm.gov.br/ENETCONSULTA/frmDownloadDocumento.aspx?CodigoInstituicao=1&NumeroSequencialDocumento=13819
02.950.811/0001-89;2012-01-01;2;PDG REALTY S.A. EMPREEND E PARTICIPACOES;020478;FCA;16162;2012-04-12;http://www.rad.cvm.gov.br/ENETCONSULTA/frmDownloadDocumento.aspx?CodigoInstituicao=1&NumeroSequencialDocumento=16162
02.950.811/0001-89;2012-01-01;3;PDG REALTY S.A. EMPREEND E PARTICIPACOES;020478;FCA;17533;2012-05-14;http://www.rad.cvm.gov.br/ENETCONSULTA/frmDownloadDocumento.aspx?CodigoInstituicao=1&NumeroSequencialDocumento=17533
02.950.811/0001-89;2012-01-01;4;PDG REALTY S.A. EMPREEND E PARTICIPACOES;020478;FCA;21131;2012-09-04;http://www.rad.cvm.gov.br/ENETCONSULTA/frmDownloadDocumento.aspx?CodigoInstituicao=1&NumeroSequencialDocumento=21131
02.950.811/0001-89;2012-01-01;5;PDG REALTY S.A. EMPREEND E PARTICIPACOES;020478;FCA;21135;2012-09-05;http://www.rad.cvm.gov.br/ENETCONSULTA/frmDownloadDocumento.aspx?CodigoInstituicao=1&NumeroSequencialDocumento=21135
02.950.811/0001-89;2012-01-01;6;PDG REALTY S.A. EMPREEND E PARTICIPACOES;020478;FCA;21418;2012-09-24;http://www.rad.cvm.gov.br/ENETCONSULTA/frmDownloadDocumento.aspx?CodigoInstituicao=1&NumeroSequencialDocumento=21418
02.950.811/0001-89;2012-01-01;7;PDG REALTY S.A. EMPREEND E PARTICIPACOES;020478;FCA;23335;2012-12-17;http://www.rad.cvm.gov.br/ENETCONSULTA/frmDownloadDocumento.aspx?CodigoInstituicao=1&NumeroSequencialDocumento=23335
02.983.428/0001-27;2012-01-01;1;CEMIG TELECOMUNICAÇÕES S.A.;018716;FCA;15816;2012-03-30;http://www.rad.cvm.gov.br/ENETCONSULTA/frmDownloadDocumento.aspx?CodigoInstituicao=1&NumeroSequencialDocumento=15816
02.983.428/0001-27;2012-01-01;2;CEMIG TELECOMUNICAÇÕES S.A.;018716;FCA;16884;2012-05-07;http://www.rad.cvm.gov.br/ENETCONSULTA/frmDownloadDocumento.aspx?CodigoInstituicao=1&NumeroSequencialDocumento=16884
02.983.428/0001-27;2012-01-01;3;CEMIG TELECOMUNICAÇÕES S.A.;018716;FCA;18543;2012-05-30;http://www.rad.cvm.gov.br/ENETCONSULTA/frmDownloadDocumento.aspx?CodigoInstituicao=1&NumeroSequencialDocumento=18543
02.983.428/0001-27;2012-01-01;4;CEMIG TELECOMUNICAÇÕES S.A.;018716;FCA;19381;2012-06-21;http://www.rad.cvm.gov.br/ENETCONSULTA/frmDownloadDocumento.aspx?CodigoInstituicao=1&NumeroSequencialDocumento=19381
02.983.428/0001-27;2012-01-01;5;CEMIG TELECOMUNICAÇÕES S.A.;018716;FCA;20138;2012-08-07;http://www.rad.cvm.gov.br/ENETCONSULTA/frmDownloadDocumento.aspx?CodigoInstituicao=1&NumeroSequencialDocumento=20138
02.992.449/0001-09;2012-01-01;1;PROMPT PARTICIPACOES S.A.;018333;FCA;13921;2012-01-24;http://www.rad.cvm.gov.br/ENETCONSULTA/frmDownloadDocumento.aspx?CodigoInstituicao=1&NumeroSequencialDocumento=13921
02.992.449/0001-09;2012-01-01;2;PROMPT PARTICIPACOES S.A.;018333;FCA;16339;2012-04-20;http://www.rad.cvm.gov.br/ENETCONSULTA/frmDownloadDocumento.aspx?CodigoInstituicao=1&NumeroSequencialDocumento=16339
02.992.449/0001-09;2012-01-01;3;PROMPT PARTICIPACOES S.A.;018333;FCA;18389;2012-05-29;http://www.rad.cvm.gov.br/ENETCONSULTA/frmDownloadDocumento.aspx?CodigoInstituicao=1&NumeroSequencialDocumento=18389
02.998.301/0001-81;2012-01-01;1;RIO PARANAPANEMA ENERGIA S.A.;018368;FCA;13883;2012-01-19;http://www.rad.cvm.gov.br/ENETCONSULTA/frmDownloadDocumento.aspx?CodigoInstituicao=1&NumeroSequencialDocumento=13883
02.998.301/0001-81;2012-01-01;2;RIO PARANAPANEMA ENERGIA S.A.;018368;FCA;14213;2012-02-10;http://www.rad.cvm.gov.br/ENETCONSULTA/frmDownloadDocumento.aspx?CodigoInstituicao=1&NumeroSequencialDocumento=14213
02.998.301/0001-81;2012-01-01;3;RIO PARANAPANEMA ENERGIA S.A.;018368;FCA;17240;2012-05-10;http://www.rad.cvm.gov.br/ENETCONSULTA/frmDownloadDocumento.aspx?CodigoInstituicao=1&NumeroSequencialDocumento=17240
02.998.609/0001-27;2012-01-01;1;AES TIETE SA;018350;FCA;13561;2012-01-02;http://www.rad.cvm.gov.br/ENETCONSULTA/frmDownloadDocumento.aspx?CodigoInstituicao=1&NumeroSequencialDocumento=13561
02.998.609/0001-27;2012-01-01;2;AES TIETE SA;018350;FCA;18566;2012-05-30;http://www.rad.cvm.gov.br/ENETCONSULTA/frmDownloadDocumento.aspx?CodigoInstituicao=1&NumeroSequencialDocumento=18566
02.998.609/0001-27;2012-01-01;3;AES TIETE SA;018350;FCA;19590;2012-07-06;http://www.rad.cvm.gov.br/ENETCONSULTA/frmDownloadDocumento.aspx?CodigoInstituicao=1&NumeroSequencialDocumento=19590
02.998.611/0001-04;2012-01-01;1;CTEEP - CIA TRANSMISSÃO ENERGIA ELÉTRICA PAULISTA;018376;FCA;13897;2012-01-20;http://www.rad.cvm.gov.br/ENETCONSULTA/frmDownloadDocumento.aspx?CodigoInstituicao=1&NumeroSequencialDocumento=13897
02.998.611/0001-04;2012-01-01;2;CTEEP - CIA TRANSMISSÃO ENERGIA ELÉTRICA PAULISTA;018376;FCA;18386;2012-05-29;http://www.rad.cvm.gov.br/ENETCONSULTA/frmDownloadDocumento.aspx?CodigoInstituicao=1&NumeroSequencialDocumento=18386
02.998.611/0001-04;2012-01-01;3;CTEEP - CIA TRANSMISSÃO ENERGIA ELÉTRICA PAULISTA;018376;FCA;19835;2012-07-24;http://www.rad.cvm.gov.br/ENETCONSULTA/frmDownloadDocumento.aspx?CodigoInstituicao=1&NumeroSequencialDocumento=19835
03.014.553/0001-91;2012-01-01;1;TPI - TRIUNFO PARTICIP. E INVEST. S.A.;019330;FCA;14419;2012-02-17;http://www.rad.cvm.gov.br/ENETCONSULTA/frmDownloadDocumento.aspx?CodigoInstituicao=1&NumeroSequencialDocumento=14419
03.014.553/0001-91;2012-01-01;2;TPI - TRIUNFO PARTICIP. E INVEST. S.A.;019330;FCA;14681;2012-03-05;http://www.rad.cvm.gov.br/ENETCONSULTA/frmDownloadDocumento.aspx?CodigoInstituicao=1&NumeroSequencialDocumento=14681
03.014.553/0001-91;2012-01-01;3;TPI - TRIUNFO PARTICIP. E INVEST. S.A.;019330;FCA;15540;2012-03-28;http://www.rad.cvm.gov.br/ENETCONSULTA/frmDownloadDocumento.aspx?CodigoInstituicao=1&NumeroSequencialDocumento=15540
03.014.553/0001-91;2012-01-01;4;TPI - TRIUNFO PARTICIP. E INVEST. S.A.;019330;FCA;18336;2012-05-29;http://www.rad.cvm.gov.br/ENETCONSULTA/frmDownloadDocumento.aspx?CodigoInstituicao=1&NumeroSequencialDocumento=18336
03.014.553/0001-91;2012-01-01;5;TPI - TRIUNFO PARTICIP. E INVEST. S.A.;019330;FCA;20740;2012-08-15;http://www.rad.cvm.gov.br/ENETCONSULTA/frmDownloadDocumento.aspx?CodigoInstituicao=1&NumeroSequencialDocumento=20740
03.014.553/0001-91;2012-01-01;6;TPI - TRIUNFO PARTICIP. E INVEST. S.A.;019330;FCA;20987;2012-08-27;http://www.rad.cvm.gov.br/ENETCONSULTA/frmDownloadDocumento.aspx?CodigoInstituicao=1&NumeroSequencialDocumento=20987
03.076.274/0001-52;2012-01-01;1;MACHADINHO ENERGÉTICA SA;018929;FCA;13864;2012-01-18;http://www.rad.cvm.gov.br/ENETCONSULTA/frmDownloadDocumento.aspx?CodigoInstituicao=1&NumeroSequencialDocumento=13864
03.076.274/0001-52;2012-01-01;2;MACHADINHO ENERGÉTICA SA;018929;FCA;16011;2012-04-05;http://www.rad.cvm.gov.br/ENETCONSULTA/frmDownloadDocumento.aspx?CodigoInstituicao=1&NumeroSequencialDocumento=16011
03.076.274/0001-52;2012-01-01;3;MACHADINHO ENERGÉTICA SA;018929;FCA;19067;2012-06-01;http://www.rad.cvm.gov.br/ENETCONSULTA/frmDownloadDocumento.aspx?CodigoInstituicao=1&NumeroSequencialDocumento=19067
03.207.703/0001-83;2012-01-01;1;CONCESSIONARIA DE RODOVIAS DO INTERIOR PAULISTA S/A;021849;FCA;15078;2012-03-16;http://www.rad.cvm.gov.br/ENETCONSULTA/frmDownloadDocumento.aspx?CodigoInstituicao=1&NumeroSequencialDocumento=15078
03.207.703/0001-83;2012-01-01;2;CONCESSIONARIA DE RODOVIAS DO INTERIOR PAULISTA S/A;021849;FCA;16380;2012-04-24;http://www.rad.cvm.gov.br/ENETCONSULTA/frmDownloadDocumento.aspx?CodigoInstituicao=1&NumeroSequencialDocumento=16380
03.207.703/0001-83;2012-01-01;3;CONCESSIONARIA DE RODOVIAS DO INTERIOR PAULISTA S/A;021849;FCA;18356;2012-05-29;http://www.rad.cvm.gov.br/ENETCONSULTA/frmDownloadDocumento.aspx?CodigoInstituicao=1&NumeroSequencialDocumento=18356
03.220.438/0001-73;2012-01-01;1;EQUATORIAL ENERGIA S.A.;020010;FCA;14353;2012-02-16;http://www.rad.cvm.gov.br/ENETCONSULTA/frmDownloadDocumento.aspx?CodigoInstituicao=1&NumeroSequencialDocumento=14353
03.220.438/0001-73;2012-01-01;2;EQUATORIAL ENERGIA S.A.;020010;FCA;16508;2012-04-27;http://www.rad.cvm.gov.br/ENETCONSULTA/frmDownloadDocumento.aspx?CodigoInstituicao=1&NumeroSequencialDocumento=16508
03.220.438/0001-73;2012-01-01;3;EQUATORIAL ENERGIA S.A.;020010;FCA;17898;2012-05-16;http://www.rad.cvm.gov.br/ENETCONSULTA/frmDownloadDocumento.aspx?CodigoInstituicao=1&NumeroSequencialDocumento=17898
03.220.438/0001-73;2012-01-01;4;EQUATORIAL ENERGIA S.A.;020010;FCA;21896;2012-10-25;http://www.rad.cvm.gov.br/ENETCONSULTA/frmDownloadDocumento.aspx?CodigoInstituicao=1&NumeroSequencialDocumento=21896
03.220.438/0001-73;2012-01-01;5;EQUATORIAL ENERGIA S.A.;020010;FCA;22111;2012-11-06;http://www.rad.cvm.gov.br/ENETCONSULTA/frmDownloadDocumento.aspx?CodigoInstituicao=1&NumeroSequencialDocumento=22111
03.220.438/0001-73;2012-01-01;6;EQUATORIAL ENERGIA S.A.;020010;FCA;22207;2012-11-08;http://www.rad.cvm.gov.br/ENETCONSULTA/frmDownloadDocumento.aspx?CodigoInstituicao=1&NumeroSequencialDocumento=22207
03.220.438/0001-73;2012-01-01;7;EQUATORIAL ENERGIA S.A.;020010;FCA;22954;2012-11-27;http://www.rad.cvm.gov.br/ENETCONSULTA/frmDownloadDocumento.aspx?CodigoInstituicao=1&NumeroSequencialDocumento=22954
03.303.999/0001-36;2012-01-01;1;DTCOM - DIRECT TO COMPANY S.A.;018597;FCA;15641;2012-03-29;http://www.rad.cvm.gov.br/ENETCONSULTA/frmDownloadDocumento.aspx?CodigoInstituicao=1&NumeroSequencialDocumento=15641
03.303.999/0001-36;2012-01-01;2;DTCOM - DIRECT TO COMPANY S.A.;018597;FCA;17903;2012-05-16;http://www.rad.cvm.gov.br/ENETCONSULTA/frmDownloadDocumento.aspx?CodigoInstituicao=1&NumeroSequencialDocumento=17903
03.378.521/0001-75;2012-01-01;1;LIGHT S.A. - EM RECUPERAÇÃO JUDICIAL;019879;FCA;13598;2012-01-04;http://www.rad.cvm.gov.br/ENETCONSULTA/frmDownloadDocumento.aspx?CodigoInstituicao=1&NumeroSequencialDocumento=13598
03.378.521/0001-75;2012-01-01;2;LIGHT S.A. - EM RECUPERAÇÃO JUDICIAL;019879;FCA;18049;2012-05-18;http://www.rad.cvm.gov.br/ENETCONSULTA/frmDownloadDocumento.aspx?CodigoInstituicao=1&NumeroSequencialDocumento=18049
03.378.521/0001-75;2012-01-01;3;LIGHT S.A. - EM RECUPERAÇÃO JUDICIAL;019879;FCA;20461;2012-08-14;http://www.rad.cvm.gov.br/ENETCONSULTA/frmDownloadDocumento.aspx?CodigoInstituicao=1&NumeroSequencialDocumento=20461
03.392.498/0001-73;2012-01-01;1;RIOEST ESTACIONAMENTOS SA;018872;FCA;15937;2012-04-03;http://www.rad.cvm.gov.br/ENETCONSULTA/frmDownloadDocumento.aspx?CodigoInstituicao=1&NumeroSequencialDocumento=15937
03.467.321/0001-99;2012-01-01;1;ENERGISA MATO GROSSO-DISTRIBUIDORA DE ENERGIA S/A;014605;FCA;15855;2012-03-30;http://www.rad.cvm.gov.br/ENETCONSULTA/frmDownloadDocumento.aspx?CodigoInstituicao=1&NumeroSequencialDocumento=15855
03.467.321/0001-99;2012-01-01;2;ENERGISA MATO GROSSO-DISTRIBUIDORA DE ENERGIA S/A;014605;FCA;16400;2012-04-24;http://www.rad.cvm.gov.br/ENETCONSULTA/frmDownloadDocumento.aspx?CodigoInstituicao=1&NumeroSequencialDocumento=16400
03.467.321/0001-99;2012-01-01;3;ENERGISA MATO GROSSO-DISTRIBUIDORA DE ENERGIA S/A;014605;FCA;19079;2012-06-01;http://www.rad.cvm.gov.br/ENETCONSULTA/frmDownloadDocumento.aspx?CodigoInstituicao=1&NumeroSequencialDocumento=19079
03.467.321/0001-99;2012-01-01;4;ENERGISA MATO GROSSO-DISTRIBUIDORA DE ENERGIA S/A;014605;FCA;21178;2012-09-06;http://www.rad.cvm.gov.br/ENETCONSULTA/frmDownloadDocumento.aspx?CodigoInstituicao=1&NumeroSequencialDocumento=21178
03.467.321/0001-99;2012-01-01;5;ENERGISA MATO GROSSO-DISTRIBUIDORA DE ENERGIA S/A;014605;FCA;21378;2012-09-20;http://www.rad.cvm.gov.br/ENETCONSULTA/frmDownloadDocumento.aspx?CodigoInstituicao=1&NumeroSequencialDocumento=21378
03.538.833/0001-07;2012-01-01;1;XX DE NOVEMBRO INVESTIMENTOS E PARTICIPAÇÕES S.A.;020001;FCA;15446;2012-03-27;http://www.rad.cvm.gov.br/ENETCONSULTA/frmDownloadDocumento.aspx?CodigoInstituicao=1&NumeroSequencialDocumento=15446
03.538.833/0001-07;2012-01-01;2;XX DE NOVEMBRO INVESTIMENTOS E PARTICIPAÇÕES S.A.;020001;FCA;16344;2012-04-20;http://www.rad.cvm.gov.br/ENETCONSULTA/frmDownloadDocumento.aspx?CodigoInstituicao=1&NumeroSequencialDocumento=16344
03.538.833/0001-07;2012-01-01;3;XX DE NOVEMBRO INVESTIMENTOS E PARTICIPAÇÕES S.A.;020001;FCA;16364;2012-04-23;http://www.rad.cvm.gov.br/ENETCONSULTA/frmDownloadDocumento.aspx?CodigoInstituicao=1&NumeroSequencialDocumento=16364
03.538.833/0001-07;2012-01-01;4;XX DE NOVEMBRO INVESTIMENTOS E PARTICIPAÇÕES S.A.;020001;FCA;18012;2012-05-18;http://www.rad.cvm.gov.br/ENETCONSULTA/frmDownloadDocumento.aspx?CodigoInstituicao=1&NumeroSequencialDocumento=18012
03.559.006/0001-91;2012-01-01;1;RB CAPITAL SECURITIZADORA S.A.;019860;FCA;13851;2012-01-17;http://www.rad.cvm.gov.br/ENETCONSULTA/frmDownloadDocumento.aspx?CodigoInstituicao=1&NumeroSequencialDocumento=13851
03.559.006/0001-91;2012-01-01;2;RB CAPITAL SECURITIZADORA S.A.;019860;FCA;18646;2012-05-31;http://www.rad.cvm.gov.br/ENETCONSULTA/frmDownloadDocumento.aspx?CodigoInstituicao=1&NumeroSequencialDocumento=18646
03.601.314/0001-38;2012-01-01;1;ANDRADE GUTIERREZ CONCESSOES S.A.;019437;FCA;13949;2012-01-26;http://www.rad.cvm.gov.br/ENETCONSULTA/frmDownloadDocumento.aspx?CodigoInstituicao=1&NumeroSequencialDocumento=13949
03.601.314/0001-38;2012-01-01;2;ANDRADE GUTIERREZ CONCESSOES S.A.;019437;FCA;18165;2012-05-23;http://www.rad.cvm.gov.br/ENETCONSULTA/frmDownloadDocumento.aspx?CodigoInstituicao=1&NumeroSequencialDocumento=18165
03.601.314/0001-38;2012-01-01;3;ANDRADE GUTIERREZ CONCESSOES S.A.;019437;FCA;20957;2012-08-23;http://www.rad.cvm.gov.br/ENETCONSULTA/frmDownloadDocumento.aspx?CodigoInstituicao=1&NumeroSequencialDocumento=20957
03.601.314/0001-38;2012-01-01;4;ANDRADE GUTIERREZ CONCESSOES S.A.;019437;FCA;21090;2012-09-03;http://www.rad.cvm.gov.br/ENETCONSULTA/frmDownloadDocumento.aspx?CodigoInstituicao=1&NumeroSequencialDocumento=21090
03.616.277/0001-31;2012-01-01;1;ARAUCÁRIA PARTICIPAÇÕES SA;018651;FCA;13637;2012-01-06;http://www.rad.cvm.gov.br/ENETCONSULTA/frmDownloadDocumento.aspx?CodigoInstituicao=1&NumeroSequencialDocumento=13637
03.616.277/0001-31;2012-01-01;2;ARAUCÁRIA PARTICIPAÇÕES SA;018651;FCA;18396;2012-05-29;http://www.rad.cvm.gov.br/ENETCONSULTA/frmDownloadDocumento.aspx?CodigoInstituicao=1&NumeroSequencialDocumento=18396
03.758.318/0001-24;2012-01-01;1;INVESTIMENTOS E PARTICIP. EM INFRA S.A. - INVEPAR;018775;FCA;13663;2012-01-06;http://www.rad.cvm.gov.br/ENETCONSULTA/frmDownloadDocumento.aspx?CodigoInstituicao=1&NumeroSequencialDocumento=13663
03.758.318/0001-24;2012-01-01;2;INVESTIMENTOS E PARTICIP. EM INFRA S.A. - INVEPAR;018775;FCA;16781;2012-05-04;http://www.rad.cvm.gov.br/ENETCONSULTA/frmDownloadDocumento.aspx?CodigoInstituicao=1&NumeroSequencialDocumento=16781
03.767.538/0001-14;2012-01-01;1;BRAZILIAN SECURITIES CIA SECURITIZACAO;018759;FCA;14426;2012-02-17;http://www.rad.cvm.gov.br/ENETCONSULTA/frmDownloadDocumento.aspx?CodigoInstituicao=1&NumeroSequencialDocumento=14426
03.767.538/0001-14;2012-01-01;2;BRAZILIAN SECURITIES CIA SECURITIZACAO;018759;FCA;18203;2012-05-24;http://www.rad.cvm.gov.br/ENETCONSULTA/frmDownloadDocumento.aspx?CodigoInstituicao=1&NumeroSequencialDocumento=18203
03.767.538/0001-14;2012-01-01;3;BRAZILIAN SECURITIES CIA SECURITIZACAO;018759;FCA;19859;2012-07-25;http://www.rad.cvm.gov.br/ENETCONSULTA/frmDownloadDocumento.aspx?CodigoInstituicao=1&NumeroSequencialDocumento=19859
03.767.538/0001-14;2012-01-01;4;BRAZILIAN SECURITIES CIA SECURITIZACAO;018759;FCA;21165;2012-09-06;http://www.rad.cvm.gov.br/ENETCONSULTA/frmDownloadDocumento.aspx?CodigoInstituicao=1&NumeroSequencialDocumento=21165
03.795.050/0001-09;2012-01-01;1;TERMOPERNAMBUCO S.A.;019852;FCA;13996;2012-01-27;http://www.rad.cvm.gov.br/ENETCONSULTA/frmDownloadDocumento.aspx?CodigoInstituicao=1&NumeroSequencialDocumento=13996
03.795.050/0001-09;2012-01-01;2;TERMOPERNAMBUCO S.A.;019852;FCA;17950;2012-05-16;http://www.rad.cvm.gov.br/ENETCONSULTA/frmDownloadDocumento.aspx?CodigoInstituicao=1&NumeroSequencialDocumento=17950
03.795.050/0001-09;2012-01-01;3;TERMOPERNAMBUCO S.A.;019852;FCA;19795;2012-07-20;http://www.rad.cvm.gov.br/ENETCONSULTA/frmDownloadDocumento.aspx?CodigoInstituicao=1&NumeroSequencialDocumento=19795
03.847.461/0001-92;2012-01-01;1;BRADESPAR S.A.;018724;FCA;14960;2012-03-13;http://www.rad.cvm.gov.br/ENETCONSULTA/frmDownloadDocumento.aspx?CodigoInstituicao=1&NumeroSequencialDocumento=14960
03.847.461/0001-92;2012-01-01;2;BRADESPAR S.A.;018724;FCA;18385;2012-05-29;http://www.rad.cvm.gov.br/ENETCONSULTA/frmDownloadDocumento.aspx?CodigoInstituicao=1&NumeroSequencialDocumento=18385
03.853.896/0001-40;2012-01-01;1;MARFRIG GLOBAL FOODS S.A.;020788;FCA;13779;2012-01-12;http://www.rad.cvm.gov.br/ENETCONSULTA/frmDownloadDocumento.aspx?CodigoInstituicao=1&NumeroSequencialDocumento=13779
03.853.896/0001-40;2012-01-01;2;MARFRIG GLOBAL FOODS S.A.;020788;FCA;17100;2012-05-09;http://www.rad.cvm.gov.br/ENETCONSULTA/frmDownloadDocumento.aspx?CodigoInstituicao=1&NumeroSequencialDocumento=17100
03.853.896/0001-40;2012-01-01;3;MARFRIG GLOBAL FOODS S.A.;020788;FCA;17577;2012-05-14;http://www.rad.cvm.gov.br/ENETCONSULTA/frmDownloadDocumento.aspx?CodigoInstituicao=1&NumeroSequencialDocumento=17577
03.853.896/0001-40;2012-01-01;4;MARFRIG GLOBAL FOODS S.A.;020788;FCA;22065;2012-11-05;http://www.rad.cvm.gov.br/ENETCONSULTA/frmDownloadDocumento.aspx?CodigoInstituicao=1&NumeroSequencialDocumento=22065
03.953.509/0001-47;2012-01-01;1;CPFL GERACAO DE ENERGIA S.A.;018953;FCA;14886;2012-03-12;http://www.rad.cvm.gov.br/ENETCONSULTA/frmDownloadDocumento.aspx?CodigoInstituicao=1&NumeroSequencialDocumento=14886
03.953.509/0001-47;2012-01-01;2;CPFL GERACAO DE ENERGIA S.A.;018953;FCA;16261;2012-04-18;http://www.rad.cvm.gov.br/ENETCONSULTA/frmDownloadDocumento.aspx?CodigoInstituicao=1&NumeroSequencialDocumento=16261
03.953.509/0001-47;2012-01-01;3;CPFL GERACAO DE ENERGIA S.A.;018953;FCA;17226;2012-05-10;http://www.rad.cvm.gov.br/ENETCONSULTA/frmDownloadDocumento.aspx?CodigoInstituicao=1&NumeroSequencialDocumento=17226
03.983.431/0001-03;2012-01-01;1;EDP - ENERGIAS DO BRASIL S.A.;019763;FCA;14720;2012-03-06;http://www.rad.cvm.gov.br/ENETCONSULTA/frmDownloadDocumento.aspx?CodigoInstituicao=1&NumeroSequencialDocumento=14720
03.983.431/0001-03;2012-01-01;2;EDP - ENERGIAS DO BRASIL S.A.;019763;FCA;15131;2012-03-19;http://www.rad.cvm.gov.br/ENETCONSULTA/frmDownloadDocumento.aspx?CodigoInstituicao=1&NumeroSequencialDocumento=15131
03.983.431/0001-03;2012-01-01;3;EDP - ENERGIAS DO BRASIL S.A.;019763;FCA;15362;2012-03-26;http://www.rad.cvm.gov.br/ENETCONSULTA/frmDownloadDocumento.aspx?CodigoInstituicao=1&NumeroSequencialDocumento=15362
03.983.431/0001-03;2012-01-01;4;EDP - ENERGIAS DO BRASIL S.A.;019763;FCA;17215;2012-05-10;http://www.rad.cvm.gov.br/ENETCONSULTA/frmDownloadDocumento.aspx?CodigoInstituicao=1&NumeroSequencialDocumento=17215
04.030.087/0001-09;2012-01-01;1;COARI PARTICIPAÇÕES SA;019089;FCA;14788;2012-03-07;http://www.rad.cvm.gov.br/ENETCONSULTA/frmDownloadDocumento.aspx?CodigoInstituicao=1&NumeroSequencialDocumento=14788
04.030.182/0001-02;2012-01-01;1;CABINDA PARTICIPACOES S.A.;019119;FCA;14156;2012-02-07;http://www.rad.cvm.gov.br/ENETCONSULTA/frmDownloadDocumento.aspx?CodigoInstituicao=1&NumeroSequencialDocumento=14156
04.030.182/0001-02;2012-01-01;2;CABINDA PARTICIPACOES S.A.;019119;FCA;16229;2012-04-17;http://www.rad.cvm.gov.br/ENETCONSULTA/frmDownloadDocumento.aspx?CodigoInstituicao=1&NumeroSequencialDocumento=16229
04.030.182/0001-02;2012-01-01;3;CABINDA PARTICIPACOES S.A.;019119;FCA;17091;2012-05-09;http://www.rad.cvm.gov.br/ENETCONSULTA/frmDownloadDocumento.aspx?CodigoInstituicao=1&NumeroSequencialDocumento=17091
04.031.213/0001-31;2012-01-01;1;CACONDE PARTICIPACOES S.A.;019135;FCA;15502;2012-03-28;http://www.rad.cvm.gov.br/ENETCONSULTA/frmDownloadDocumento.aspx?CodigoInstituicao=1&NumeroSequencialDocumento=15502
04.031.213/0001-31;2012-01-01;2;CACONDE PARTICIPACOES S.A.;019135;FCA;16233;2012-04-17;http://www.rad.cvm.gov.br/ENETCONSULTA/frmDownloadDocumento.aspx?CodigoInstituicao=1&NumeroSequencialDocumento=16233
04.031.213/0001-31;2012-01-01;3;CACONDE PARTICIPACOES S.A.;019135;FCA;17143;2012-05-09;http://www.rad.cvm.gov.br/ENETCONSULTA/frmDownloadDocumento.aspx?CodigoInstituicao=1&NumeroSequencialDocumento=17143
04.031.960/0001-70;2012-01-01;1;ANDRADE GUTIERREZ PARTICIPACOES S.A.;019062;FCA;16413;2012-04-24;http://www.rad.cvm.gov.br/ENETCONSULTA/frmDownloadDocumento.aspx?CodigoInstituicao=1&NumeroSequencialDocumento=16413
04.031.960/0001-70;2012-01-01;2;ANDRADE GUTIERREZ PARTICIPACOES S.A.;019062;FCA;18994;2012-05-31;http://www.rad.cvm.gov.br/ENETCONSULTA/frmDownloadDocumento.aspx?CodigoInstituicao=1&NumeroSequencialDocumento=18994
04.031.960/0001-70;2012-01-01;3;ANDRADE GUTIERREZ PARTICIPACOES S.A.;019062;FCA;19268;2012-06-14;http://www.rad.cvm.gov.br/ENETCONSULTA/frmDownloadDocumento.aspx?CodigoInstituicao=1&NumeroSequencialDocumento=19268
04.031.960/0001-70;2012-01-01;4;ANDRADE GUTIERREZ PARTICIPACOES S.A.;019062;FCA;20981;2012-08-24;http://www.rad.cvm.gov.br/ENETCONSULTA/frmDownloadDocumento.aspx?CodigoInstituicao=1&NumeroSequencialDocumento=20981
04.032.433/0001-80;2012-01-01;1;ATMA PARTICIPAÇÕES S.A. - EM RECUPERAÇÃO JUDICIAL;019100;FCA;14620;2012-03-01;http://www.rad.cvm.gov.br/ENETCONSULTA/frmDownloadDocumento.aspx?CodigoInstituicao=1&NumeroSequencialDocumento=14620
04.032.433/0001-80;2012-01-01;2;ATMA PARTICIPAÇÕES S.A. - EM RECUPERAÇÃO JUDICIAL;019100;FCA;15010;2012-03-14;http://www.rad.cvm.gov.br/ENETCONSULTA/frmDownloadDocumento.aspx?CodigoInstituicao=1&NumeroSequencialDocumento=15010
04.032.433/0001-80;2012-01-01;3;ATMA PARTICIPAÇÕES S.A. - EM RECUPERAÇÃO JUDICIAL;019100;FCA;17381;2012-05-11;http://www.rad.cvm.gov.br/ENETCONSULTA/frmDownloadDocumento.aspx?CodigoInstituicao=1&NumeroSequencialDocumento=17381
04.032.433/0001-80;2012-01-01;4;ATMA PARTICIPAÇÕES S.A. - EM RECUPERAÇÃO JUDICIAL;019100;FCA;19574;2012-07-05;http://www.rad.cvm.gov.br/ENETCONSULTA/frmDownloadDocumento.aspx?CodigoInstituicao=1&NumeroSequencialDocumento=19574
04.032.433/0001-80;2012-01-01;5;ATMA PARTICIPAÇÕES S.A. - EM RECUPERAÇÃO JUDICIAL;019100;FCA;21284;2012-09-13;http://www.rad.cvm.gov.br/ENETCONSULTA/frmDownloadDocumento.aspx?CodigoInstituicao=1&NumeroSequencialDocumento=21284
04.034.792/0001-76;2012-01-01;1;DOMMO EMPREENDIMENTOS IMOBILIÁRIOS S.A;019070;FCA;15122;2012-03-19;http://www.rad.cvm.gov.br/ENETCONSULTA/frmDownloadDocumento.aspx?CodigoInstituicao=1&NumeroSequencialDocumento=15122
04.034.792/0001-76;2012-01-01;2;DOMMO EMPREENDIMENTOS IMOBILIÁRIOS S.A;019070;FCA;17082;2012-05-09;http://www.rad.cvm.gov.br/ENETCONSULTA/frmDownloadDocumento.aspx?CodigoInstituicao=1&NumeroSequencialDocumento=17082
04.034.792/0001-76;2012-01-01;3;DOMMO EMPREENDIMENTOS IMOBILIÁRIOS S.A;019070;FCA;21570;2012-10-08;http://www.rad.cvm.gov.br/ENETCONSULTA/frmDownloadDocumento.aspx?CodigoInstituicao=1&NumeroSequencialDocumento=21570
04.038.763/0001-82;2012-01-01;1;CAIANDA PARTICIPACOES S.A.;019097;FCA;15504;2012-03-28;http://www.rad.cvm.gov.br/ENETCONSULTA/frmDownloadDocumento.aspx?CodigoInstituicao=1&NumeroSequencialDocumento=15504
04.038.763/0001-82;2012-01-01;2;CAIANDA PARTICIPACOES S.A.;019097;FCA;16061;2012-04-09;http://www.rad.cvm.gov.br/ENETCONSULTA/frmDownloadDocumento.aspx?CodigoInstituicao=1&NumeroSequencialDocumento=16061
04.038.763/0001-82;2012-01-01;3;CAIANDA PARTICIPACOES S.A.;019097;FCA;17125;2012-05-09;http://www.rad.cvm.gov.br/ENETCONSULTA/frmDownloadDocumento.aspx?CodigoInstituicao=1&NumeroSequencialDocumento=17125
04.065.791/0001-99;2012-01-01;1;SINQIA S.A.;022799;FCA;16644;2012-05-02;http://www.rad.cvm.gov.br/ENETCONSULTA/frmDownloadDocumento.aspx?CodigoInstituicao=1&NumeroSequencialDocumento=16644
04.065.791/0001-99;2012-01-01;2;SINQIA S.A.;022799;FCA;23076;2012-12-06;http://www.rad.cvm.gov.br/ENETCONSULTA/frmDownloadDocumento.aspx?CodigoInstituicao=1&NumeroSequencialDocumento=23076
04.128.563/0001-10;2012-01-01;1;AES TIETE ENERGIA SA;018970;FCA;13562;2012-01-02;http://www.rad.cvm.gov.br/ENETCONSULTA/frmDownloadDocumento.aspx?CodigoInstituicao=1&NumeroSequencialDocumento=13562
04.128.563/0001-10;2012-01-01;2;AES TIETE ENERGIA SA;018970;FCA;18570;2012-05-30;http://www.rad.cvm.gov.br/ENETCONSULTA/frmDownloadDocumento.aspx?CodigoInstituicao=1&NumeroSequencialDocumento=18570
04.128.563/0001-10;2012-01-01;3;AES TIETE ENERGIA SA;018970;FCA;19591;2012-07-06;http://www.rad.cvm.gov.br/ENETCONSULTA/frmDownloadDocumento.aspx?CodigoInstituicao=1&NumeroSequencialDocumento=19591
04.149.454/0001-80;2012-01-01;1;ECORODOVIAS INFRAESTRUTURA E LOGÍSTICA S.A.;019453;FCA;13926;2012-01-24;http://www.rad.cvm.gov.br/ENETCONSULTA/frmDownloadDocumento.aspx?CodigoInstituicao=1&NumeroSequencialDocumento=13926
04.149.454/0001-80;2012-01-01;2;ECORODOVIAS INFRAESTRUTURA E LOGÍSTICA S.A.;019453;FCA;18331;2012-05-29;http://www.rad.cvm.gov.br/ENETCONSULTA/frmDownloadDocumento.aspx?CodigoInstituicao=1&NumeroSequencialDocumento=18331
04.172.213/0001-51;2012-01-01;1;CIA PIRATININGA DE FORCA E LUZ;019275;FCA;14883;2012-03-12;http://www.rad.cvm.gov.br/ENETCONSULTA/frmDownloadDocumento.aspx?CodigoInstituicao=1&NumeroSequencialDocumento=14883
04.172.213/0001-51;2012-01-01;2;CIA PIRATININGA DE FORCA E LUZ;019275;FCA;16258;2012-04-18;http://www.rad.cvm.gov.br/ENETCONSULTA/frmDownloadDocumento.aspx?CodigoInstituicao=1&NumeroSequencialDocumento=16258
04.172.213/0001-51;2012-01-01;3;CIA PIRATININGA DE FORCA E LUZ;019275;FCA;17217;2012-05-10;http://www.rad.cvm.gov.br/ENETCONSULTA/frmDownloadDocumento.aspx?CodigoInstituicao=1&NumeroSequencialDocumento=17217
04.200.649/0001-07;2012-01-01;1;COMPANHIA PROVINCIA DE SECURITIZACAO;019429;FCA;15460;2012-03-27;http://www.rad.cvm.gov.br/ENETCONSULTA/frmDownloadDocumento.aspx?CodigoInstituicao=1&NumeroSequencialDocumento=15460
04.200.649/0001-07;2012-01-01;2;COMPANHIA PROVINCIA DE SECURITIZACAO;019429;FCA;17613;2012-05-15;http://www.rad.cvm.gov.br/ENETCONSULTA/frmDownloadDocumento.aspx?CodigoInstituicao=1&NumeroSequencialDocumento=17613
04.200.649/0001-07;2012-01-01;3;COMPANHIA PROVINCIA DE SECURITIZACAO;019429;FCA;20373;2012-08-13;http://www.rad.cvm.gov.br/ENETCONSULTA/frmDownloadDocumento.aspx?CodigoInstituicao=1&NumeroSequencialDocumento=20373
04.200.649/0001-07;2012-01-01;4;COMPANHIA PROVINCIA DE SECURITIZACAO;019429;FCA;22548;2012-11-14;http://www.rad.cvm.gov.br/ENETCONSULTA/frmDownloadDocumento.aspx?CodigoInstituicao=1&NumeroSequencialDocumento=22548
04.310.392/0001-46;2012-01-01;1;ANHANGUERA EDUCACIONAL PARTICIPAÇÕES S.A.;018961;FCA;14262;2012-02-13;http://www.rad.cvm.gov.br/ENETCONSULTA/frmDownloadDocumento.aspx?CodigoInstituicao=1&NumeroSequencialDocumento=14262
04.310.392/0001-46;2012-01-01;2;ANHANGUERA EDUCACIONAL PARTICIPAÇÕES S.A.;018961;FCA;19048;2012-05-31;http://www.rad.cvm.gov.br/ENETCONSULTA/frmDownloadDocumento.aspx?CodigoInstituicao=1&NumeroSequencialDocumento=19048
04.370.082/0001-17;2012-01-01;1;BRPR 53 SECURITIZADORA DE CRÉDITOS IMOBILIÁRIOS S.A.;019380;FCA;14510;2012-02-24;http://www.rad.cvm.gov.br/ENETCONSULTA/frmDownloadDocumento.aspx?CodigoInstituicao=1&NumeroSequencialDocumento=14510
04.370.082/0001-17;2012-01-01;2;BRPR 53 SECURITIZADORA DE CRÉDITOS IMOBILIÁRIOS S.A.;019380;FCA;15953;2012-04-03;http://www.rad.cvm.gov.br/ENETCONSULTA/frmDownloadDocumento.aspx?CodigoInstituicao=1&NumeroSequencialDocumento=15953
04.370.082/0001-17;2012-01-01;3;BRPR 53 SECURITIZADORA DE CRÉDITOS IMOBILIÁRIOS S.A.;019380;FCA;17669;2012-05-15;http://www.rad.cvm.gov.br/ENETCONSULTA/frmDownloadDocumento.aspx?CodigoInstituicao=1&NumeroSequencialDocumento=17669
04.370.450/0001-27;2012-01-01;1;REC SÃO BERNARDO SECURITIZADORA DE CRÉDITOS IMOBILIÁRIOS S.A;019356;FCA;14504;2012-02-24;http://www.rad.cvm.gov.br/ENETCONSULTA/frmDownloadDocumento.aspx?CodigoInstituicao=1&NumeroSequencialDocumento=14504
04.370.450/0001-27;2012-01-01;2;REC SÃO BERNARDO SECURITIZADORA DE CRÉDITOS IMOBILIÁRIOS S.A;019356;FCA;15950;2012-04-03;http://www.rad.cvm.gov.br/ENETCONSULTA/frmDownloadDocumento.aspx?CodigoInstituicao=1&NumeroSequencialDocumento=15950
04.370.450/0001-27;2012-01-01;3;REC SÃO BERNARDO SECURITIZADORA DE CRÉDITOS IMOBILIÁRIOS S.A;019356;FCA;17652;2012-05-15;http://www.rad.cvm.gov.br/ENETCONSULTA/frmDownloadDocumento.aspx?CodigoInstituicao=1&NumeroSequencialDocumento=17652
04.423.567/0001-21;2012-01-01;1;ENEVA S.A;021237;FCA;13822;2012-01-16;http://www.rad.cvm.gov.br/ENETCONSULTA/frmDownloadDocumento.aspx?CodigoInstituicao=1&NumeroSequencialDocumento=13822
04.423.567/0001-21;2012-01-01;2;ENEVA S.A;021237;FCA;15215;2012-03-21;http://www.rad.cvm.gov.br/ENETCONSULTA/frmDownloadDocumento.aspx?CodigoInstituicao=1&NumeroSequencialDocumento=15215
04.423.567/0001-21;2012-01-01;3;ENEVA S.A;021237;FCA;16060;2012-04-09;http://www.rad.cvm.gov.br/ENETCONSULTA/frmDownloadDocumento.aspx?CodigoInstituicao=1&NumeroSequencialDocumento=16060
04.423.567/0001-21;2012-01-01;4;ENEVA S.A;021237;FCA;21388;2012-09-21;http://www.rad.cvm.gov.br/ENETCONSULTA/frmDownloadDocumento.aspx?CodigoInstituicao=1&NumeroSequencialDocumento=21388
04.437.534/0001-30;2012-01-01;1;LOCAMÉRICA RENT-A-CAR S.A.;021555;FCA;15033;2012-03-15;http://www.rad.cvm.gov.br/ENETCONSULTA/frmDownloadDocumento.aspx?CodigoInstituicao=1&NumeroSequencialDocumento=15033
04.634.250/0001-34;2012-01-01;1;NOVA ACAO PARTICIPACOES S.A.;019224;FCA;15651;2012-03-29;http://www.rad.cvm.gov.br/ENETCONSULTA/frmDownloadDocumento.aspx?CodigoInstituicao=1&NumeroSequencialDocumento=15651
04.634.250/0001-34;2012-01-01;2;NOVA ACAO PARTICIPACOES S.A.;019224;FCA;18612;2012-05-30;http://www.rad.cvm.gov.br/ENETCONSULTA/frmDownloadDocumento.aspx?CodigoInstituicao=1&NumeroSequencialDocumento=18612
04.652.792/0001-30;2012-01-01;1;CIA DE RECUPERAÇÃO SECUNDÁRIA;019240;FCA;14547;2012-02-27;http://www.rad.cvm.gov.br/ENETCONSULTA/frmDownloadDocumento.aspx?CodigoInstituicao=1&NumeroSequencialDocumento=14547
04.652.792/0001-30;2012-01-01;2;CIA DE RECUPERAÇÃO SECUNDÁRIA;019240;FCA;17418;2012-05-11;http://www.rad.cvm.gov.br/ENETCONSULTA/frmDownloadDocumento.aspx?CodigoInstituicao=1&NumeroSequencialDocumento=17418
04.652.792/0001-30;2012-01-01;3;CIA DE RECUPERAÇÃO SECUNDÁRIA;019240;FCA;18967;2012-05-31;http://www.rad.cvm.gov.br/ENETCONSULTA/frmDownloadDocumento.aspx?CodigoInstituicao=1&NumeroSequencialDocumento=18967
04.752.991/0001-10;2012-01-01;1;BIOMM S.A.;019305;FCA;13687;2012-01-09;http://www.rad.cvm.gov.br/ENETCONSULTA/frmDownloadDocumento.aspx?CodigoInstituicao=1&NumeroSequencialDocumento=13687
04.752.991/0001-10;2012-01-01;2;BIOMM S.A.;019305;FCA;14423;2012-02-17;http://www.rad.cvm.gov.br/ENETCONSULTA/frmDownloadDocumento.aspx?CodigoInstituicao=1&NumeroSequencialDocumento=14423
04.752.991/0001-10;2012-01-01;3;BIOMM S.A.;019305;FCA;18880;2012-05-31;http://www.rad.cvm.gov.br/ENETCONSULTA/frmDownloadDocumento.aspx?CodigoInstituicao=1&NumeroSequencialDocumento=18880
04.781.143/0001-39;2012-01-01;1;BAESA-ENERGETICA BARRA GRANDE SA;019607;FCA;14483;2012-02-24;http://www.rad.cvm.gov.br/ENETCONSULTA/frmDownloadDocumento.aspx?CodigoInstituicao=1&NumeroSequencialDocumento=14483
04.781.143/0001-39;2012-01-01;2;BAESA-ENERGETICA BARRA GRANDE SA;019607;FCA;16020;2012-04-05;http://www.rad.cvm.gov.br/ENETCONSULTA/frmDownloadDocumento.aspx?CodigoInstituicao=1&NumeroSequencialDocumento=16020
04.781.143/0001-39;2012-01-01;3;BAESA-ENERGETICA BARRA GRANDE SA;019607;FCA;19102;2012-06-01;http://www.rad.cvm.gov.br/ENETCONSULTA/frmDownloadDocumento.aspx?CodigoInstituicao=1&NumeroSequencialDocumento=19102
04.800.265/0001-25;2012-01-01;1;BRPR 51 SECURITIZADORA DE CRÉDITOS IMOBILIÁRIOS S.A.;019372;FCA;14506;2012-02-24;http://www.rad.cvm.gov.br/ENETCONSULTA/frmDownloadDocumento.aspx?CodigoInstituicao=1&NumeroSequencialDocumento=14506
04.800.265/0001-25;2012-01-01;2;BRPR 51 SECURITIZADORA DE CRÉDITOS IMOBILIÁRIOS S.A.;019372;FCA;15951;2012-04-03;http://www.rad.cvm.gov.br/ENETCONSULTA/frmDownloadDocumento.aspx?CodigoInstituicao=1&NumeroSequencialDocumento=15951
04.800.265/0001-25;2012-01-01;3;BRPR 51 SECURITIZADORA DE CRÉDITOS IMOBILIÁRIOS S.A.;019372;FCA;17658;2012-05-15;http://www.rad.cvm.gov.br/ENETCONSULTA/frmDownloadDocumento.aspx?CodigoInstituicao=1&NumeroSequencialDocumento=17658
04.821.041/0001-08;2012-01-01;1;METALFRIO SOLUTIONS S.A.;020613;FCA;14345;2012-02-15;http://www.rad.cvm.gov.br/ENETCONSULTA/frmDownloadDocumento.aspx?CodigoInstituicao=1&NumeroSequencialDocumento=14345
04.821.041/0001-08;2012-01-01;2;METALFRIO SOLUTIONS S.A.;020613;FCA;17800;2012-05-15;http://www.rad.cvm.gov.br/ENETCONSULTA/frmDownloadDocumento.aspx?CodigoInstituicao=1&NumeroSequencialDocumento=17800
04.895.728/0001-80;2012-01-01;1;EQUATORIAL PARÁ DISTRIBUIDORA DE ENERGIA S.A.;018309;FCA;14703;2012-03-06;http://www.rad.cvm.gov.br/ENETCONSULTA/frmDownloadDocumento.aspx?CodigoInstituicao=1&NumeroSequencialDocumento=14703
04.895.728/0001-80;2012-01-01;2;EQUATORIAL PARÁ DISTRIBUIDORA DE ENERGIA S.A.;018309;FCA;14809;2012-03-08;http://www.rad.cvm.gov.br/ENETCONSULTA/frmDownloadDocumento.aspx?CodigoInstituicao=1&NumeroSequencialDocumento=14809
04.895.728/0001-80;2012-01-01;3;EQUATORIAL PARÁ DISTRIBUIDORA DE ENERGIA S.A.;018309;FCA;16403;2012-04-24;http://www.rad.cvm.gov.br/ENETCONSULTA/frmDownloadDocumento.aspx?CodigoInstituicao=1&NumeroSequencialDocumento=16403
04.895.728/0001-80;2012-01-01;4;EQUATORIAL PARÁ DISTRIBUIDORA DE ENERGIA S.A.;018309;FCA;18682;2012-05-31;http://www.rad.cvm.gov.br/ENETCONSULTA/frmDownloadDocumento.aspx?CodigoInstituicao=1&NumeroSequencialDocumento=18682
04.895.728/0001-80;2012-01-01;5;EQUATORIAL PARÁ DISTRIBUIDORA DE ENERGIA S.A.;018309;FCA;23005;2012-11-30;http://www.rad.cvm.gov.br/ENETCONSULTA/frmDownloadDocumento.aspx?CodigoInstituicao=1&NumeroSequencialDocumento=23005
04.895.728/0001-80;2012-01-01;6;EQUATORIAL PARÁ DISTRIBUIDORA DE ENERGIA S.A.;018309;FCA;23472;2012-12-27;http://www.rad.cvm.gov.br/ENETCONSULTA/frmDownloadDocumento.aspx?CodigoInstituicao=1&NumeroSequencialDocumento=23472
04.902.979/0001-44;2012-01-01;1;BCO AMAZONIA S.A.;000922;FCA;14923;2012-03-12;http://www.rad.cvm.gov.br/ENETCONSULTA/frmDownloadDocumento.aspx?CodigoInstituicao=1&NumeroSequencialDocumento=14923
04.902.979/0001-44;2012-01-01;2;BCO AMAZONIA S.A.;000922;FCA;15180;2012-03-21;http://www.rad.cvm.gov.br/ENETCONSULTA/frmDownloadDocumento.aspx?CodigoInstituicao=1&NumeroSequencialDocumento=15180
04.902.979/0001-44;2012-01-01;3;BCO AMAZONIA S.A.;000922;FCA;19095;2012-06-01;http://www.rad.cvm.gov.br/ENETCONSULTA/frmDownloadDocumento.aspx?CodigoInstituicao=1&NumeroSequencialDocumento=19095
04.902.979/0001-44;2012-01-01;4;BCO AMAZONIA S.A.;000922;FCA;21755;2012-10-19;http://www.rad.cvm.gov.br/ENETCONSULTA/frmDownloadDocumento.aspx?CodigoInstituicao=1&NumeroSequencialDocumento=21755
04.912.242/0001-02;2012-01-01;1;PORTUENSE FERRAGENS S/A;009717;FCA;14487;2012-02-24;http://www.rad.cvm.gov.br/ENETCONSULTA/frmDownloadDocumento.aspx?CodigoInstituicao=1&NumeroSequencialDocumento=14487
04.912.242/0001-02;2012-01-01;2;PORTUENSE FERRAGENS S/A;009717;FCA;16296;2012-04-19;http://www.rad.cvm.gov.br/ENETCONSULTA/frmDownloadDocumento.aspx?CodigoInstituicao=1&NumeroSequencialDocumento=16296
04.912.242/0001-02;2012-01-01;3;PORTUENSE FERRAGENS S/A;009717;FCA;19078;2012-06-01;http://www.rad.cvm.gov.br/ENETCONSULTA/frmDownloadDocumento.aspx?CodigoInstituicao=1&NumeroSequencialDocumento=19078
04.913.711/0001-08;2012-01-01;1;BCO ESTADO DO PARA S.A.;001171;FCA;14593;2012-02-28;http://www.rad.cvm.gov.br/ENETCONSULTA/frmDownloadDocumento.aspx?CodigoInstituicao=1&NumeroSequencialDocumento=14593
04.913.711/0001-08;2012-01-01;2;BCO ESTADO DO PARA S.A.;001171;FCA;15231;2012-03-22;http://www.rad.cvm.gov.br/ENETCONSULTA/frmDownloadDocumento.aspx?CodigoInstituicao=1&NumeroSequencialDocumento=15231
04.913.711/0001-08;2012-01-01;3;BCO ESTADO DO PARA S.A.;001171;FCA;18475;2012-05-30;http://www.rad.cvm.gov.br/ENETCONSULTA/frmDownloadDocumento.aspx?CodigoInstituicao=1&NumeroSequencialDocumento=18475
04.913.711/0001-08;2012-01-01;4;BCO ESTADO DO PARA S.A.;001171;FCA;20547;2012-08-14;http://www.rad.cvm.gov.br/ENETCONSULTA/frmDownloadDocumento.aspx?CodigoInstituicao=1&NumeroSequencialDocumento=20547
04.913.711/0001-08;2012-01-01;5;BCO ESTADO DO PARA S.A.;001171;FCA;22642;2012-11-14;http://www.rad.cvm.gov.br/ENETCONSULTA/frmDownloadDocumento.aspx?CodigoInstituicao=1&NumeroSequencialDocumento=22642
05.330.331/0001-03;2012-01-01;1;GLOBAL BRASIL SA;019402;FCA;14124;2012-02-07;http://www.rad.cvm.gov.br/ENETCONSULTA/frmDownloadDocumento.aspx?CodigoInstituicao=1&NumeroSequencialDocumento=14124
05.336.882/0001-84;2012-01-01;1;CACHOEIRA PAULISTA TRANSMISSORA ENERGIA S.A.;022683;FCA;15817;2012-03-30;http://www.rad.cvm.gov.br/ENETCONSULTA/frmDownloadDocumento.aspx?CodigoInstituicao=1&NumeroSequencialDocumento=15817
05.336.882/0001-84;2012-01-01;2;CACHOEIRA PAULISTA TRANSMISSORA ENERGIA S.A.;022683;FCA;19172;2012-06-06;http://www.rad.cvm.gov.br/ENETCONSULTA/frmDownloadDocumento.aspx?CodigoInstituicao=1&NumeroSequencialDocumento=19172
05.341.549/0001-63;2012-01-01;1;TARPON INVESTIMENTOS S.A.;021717;FCA;14115;2012-02-06;http://www.rad.cvm.gov.br/ENETCONSULTA/frmDownloadDocumento.aspx?CodigoInstituicao=1&NumeroSequencialDocumento=14115
05.341.549/0001-63;2012-01-01;2;TARPON INVESTIMENTOS S.A.;021717;FCA;16270;2012-04-18;http://www.rad.cvm.gov.br/ENETCONSULTA/frmDownloadDocumento.aspx?CodigoInstituicao=1&NumeroSequencialDocumento=16270
05.341.549/0001-63;2012-01-01;3;TARPON INVESTIMENTOS S.A.;021717;FCA;18995;2012-05-31;http://www.rad.cvm.gov.br/ENETCONSULTA/frmDownloadDocumento.aspx?CodigoInstituicao=1&NumeroSequencialDocumento=18995
05.341.549/0001-63;2012-01-01;4;TARPON INVESTIMENTOS S.A.;021717;FCA;21712;2012-10-16;http://www.rad.cvm.gov.br/ENETCONSULTA/frmDownloadDocumento.aspx?CodigoInstituicao=1&NumeroSequencialDocumento=21712
05.341.549/0001-63;2012-01-01;5;TARPON INVESTIMENTOS S.A.;021717;FCA;22123;2012-11-06;http://www.rad.cvm.gov.br/ENETCONSULTA/frmDownloadDocumento.aspx?CodigoInstituicao=1&NumeroSequencialDocumento=22123
05.711.813/0001-03;2012-01-01;1;SOLVAY INDUPA SAIC;080101;FCA;19168;2012-06-06;http://www.rad.cvm.gov.br/ENETCONSULTA/frmDownloadDocumento.aspx?CodigoInstituicao=1&NumeroSequencialDocumento=19168
05.721.735/0001-28;2012-01-01;1;WILSON SONS LTD.;080047;FCA;13654;2012-01-06;http://www.rad.cvm.gov.br/ENETCONSULTA/frmDownloadDocumento.aspx?CodigoInstituicao=1&NumeroSequencialDocumento=13654
05.721.735/0001-28;2012-01-01;2;WILSON SONS LTD.;080047;FCA;17839;2012-05-15;http://www.rad.cvm.gov.br/ENETCONSULTA/frmDownloadDocumento.aspx?CodigoInstituicao=1&NumeroSequencialDocumento=17839
05.799.312/0001-20;2012-01-01;1;TERRA SANTA AGRO S.A.;020354;FCA;13629;2012-01-06;http://www.rad.cvm.gov.br/ENETCONSULTA/frmDownloadDocumento.aspx?CodigoInstituicao=1&NumeroSequencialDocumento=13629
05.799.312/0001-20;2012-01-01;2;TERRA SANTA AGRO S.A.;020354;FCA;16129;2012-04-11;http://www.rad.cvm.gov.br/ENETCONSULTA/frmDownloadDocumento.aspx?CodigoInstituicao=1&NumeroSequencialDocumento=16129
05.799.312/0001-20;2012-01-01;3;TERRA SANTA AGRO S.A.;020354;FCA;18225;2012-05-25;http://www.rad.cvm.gov.br/ENETCONSULTA/frmDownloadDocumento.aspx?CodigoInstituicao=1&NumeroSequencialDocumento=18225
05.799.312/0001-20;2012-01-01;4;TERRA SANTA AGRO S.A.;020354;FCA;19227;2012-06-12;http://www.rad.cvm.gov.br/ENETCONSULTA/frmDownloadDocumento.aspx?CodigoInstituicao=1&NumeroSequencialDocumento=19227
05.799.312/0001-20;2012-01-01;5;TERRA SANTA AGRO S.A.;020354;FCA;20852;2012-08-17;http://www.rad.cvm.gov.br/ENETCONSULTA/frmDownloadDocumento.aspx?CodigoInstituicao=1&NumeroSequencialDocumento=20852
05.799.312/0001-20;2012-01-01;6;TERRA SANTA AGRO S.A.;020354;FCA;21343;2012-09-19;http://www.rad.cvm.gov.br/ENETCONSULTA/frmDownloadDocumento.aspx?CodigoInstituicao=1&NumeroSequencialDocumento=21343
05.878.397/0001-32;2012-01-01;1;ALLOS S.A.;022357;FCA;14498;2012-02-24;http://www.rad.cvm.gov.br/ENETCONSULTA/frmDownloadDocumento.aspx?CodigoInstituicao=1&NumeroSequencialDocumento=14498
05.878.397/0001-32;2012-01-01;2;ALLOS S.A.;022357;FCA;15463;2012-03-27;http://www.rad.cvm.gov.br/ENETCONSULTA/frmDownloadDocumento.aspx?CodigoInstituicao=1&NumeroSequencialDocumento=15463
05.878.397/0001-32;2012-01-01;3;ALLOS S.A.;022357;FCA;17261;2012-05-10;http://www.rad.cvm.gov.br/ENETCONSULTA/frmDownloadDocumento.aspx?CodigoInstituicao=1&NumeroSequencialDocumento=17261
05.878.397/0001-32;2012-01-01;4;ALLOS S.A.;022357;FCA;19985;2012-07-31;http://www.rad.cvm.gov.br/ENETCONSULTA/frmDownloadDocumento.aspx?CodigoInstituicao=1&NumeroSequencialDocumento=19985
05.889.284/0001-32;2012-01-01;1;CSA-COMPANHIA SECURITIZADORA DE ATIVOS;019470;FCA;15858;2012-03-30;http://www.rad.cvm.gov.br/ENETCONSULTA/frmDownloadDocumento.aspx?CodigoInstituicao=1&NumeroSequencialDocumento=15858
05.889.284/0001-32;2012-01-01;2;CSA-COMPANHIA SECURITIZADORA DE ATIVOS;019470;FCA;17421;2012-05-11;http://www.rad.cvm.gov.br/ENETCONSULTA/frmDownloadDocumento.aspx?CodigoInstituicao=1&NumeroSequencialDocumento=17421
05.918.309/0001-89;2012-01-01;1;PIPA CIA SECURITIZADORA DE CRÉDITOS IMOBILIÁRIOS;019518;FCA;15562;2012-03-28;http://www.rad.cvm.gov.br/ENETCONSULTA/frmDownloadDocumento.aspx?CodigoInstituicao=1&NumeroSequencialDocumento=15562
05.918.309/0001-89;2012-01-01;2;PIPA CIA SECURITIZADORA DE CRÉDITOS IMOBILIÁRIOS;019518;FCA;17679;2012-05-15;http://www.rad.cvm.gov.br/ENETCONSULTA/frmDownloadDocumento.aspx?CodigoInstituicao=1&NumeroSequencialDocumento=17679
05.918.309/0001-89;2012-01-01;3;PIPA CIA SECURITIZADORA DE CRÉDITOS IMOBILIÁRIOS;019518;FCA;19506;2012-06-29;http://www.rad.cvm.gov.br/ENETCONSULTA/frmDownloadDocumento.aspx?CodigoInstituicao=1&NumeroSequencialDocumento=19506
06.018.000/0001-03;2012-01-01;1;FIBRA CIA SECURITIZADORA CRED IMOB;019542;FCA;15089;2012-03-16;http://www.rad.cvm.gov.br/ENETCONSULTA/frmDownloadDocumento.aspx?CodigoInstituicao=1&NumeroSequencialDocumento=15089
06.018.000/0001-03;2012-01-01;2;FIBRA CIA SECURITIZADORA CRED IMOB;019542;FCA;19085;2012-06-01;http://www.rad.cvm.gov.br/ENETCONSULTA/frmDownloadDocumento.aspx?CodigoInstituicao=1&NumeroSequencialDocumento=19085
06.027.566/0001-93;2012-01-01;1;UNIVER CIDADE TRUST DE RECEBIVEIS SA;019585;FCA;15662;2012-03-29;http://www.rad.cvm.gov.br/ENETCONSULTA/frmDownloadDocumento.aspx?CodigoInstituicao=1&NumeroSequencialDocumento=15662
06.027.566/0001-93;2012-01-01;2;UNIVER CIDADE TRUST DE RECEBIVEIS SA;019585;FCA;17393;2012-05-11;http://www.rad.cvm.gov.br/ENETCONSULTA/frmDownloadDocumento.aspx?CodigoInstituicao=1&NumeroSequencialDocumento=17393
06.033.448/0001-98;2012-01-01;1;TESLA COMPANHIA SECURITIZADORA DE CRÉDITOS;019526;FCA;15830;2012-03-30;http://www.rad.cvm.gov.br/ENETCONSULTA/frmDownloadDocumento.aspx?CodigoInstituicao=1&NumeroSequencialDocumento=15830
06.033.448/0001-98;2012-01-01;2;TESLA COMPANHIA SECURITIZADORA DE CRÉDITOS;019526;FCA;17050;2012-05-09;http://www.rad.cvm.gov.br/ENETCONSULTA/frmDownloadDocumento.aspx?CodigoInstituicao=1&NumeroSequencialDocumento=17050
06.082.980/0001-03;2012-01-01;1;ALIANSCE SHOPPING CENTERS S.A.;021300;FCA;13825;2012-01-16;http://www.rad.cvm.gov.br/ENETCONSULTA/frmDownloadDocumento.aspx?CodigoInstituicao=1&NumeroSequencialDocumento=13825
06.082.980/0001-03;2012-01-01;2;ALIANSCE SHOPPING CENTERS S.A.;021300;FCA;16356;2012-04-20;http://www.rad.cvm.gov.br/ENETCONSULTA/frmDownloadDocumento.aspx?CodigoInstituicao=1&NumeroSequencialDocumento=16356
06.082.980/0001-03;2012-01-01;3;ALIANSCE SHOPPING CENTERS S.A.;021300;FCA;18793;2012-05-31;http://www.rad.cvm.gov.br/ENETCONSULTA/frmDownloadDocumento.aspx?CodigoInstituicao=1&NumeroSequencialDocumento=18793
06.082.980/0001-03;2012-01-01;4;ALIANSCE SHOPPING CENTERS S.A.;021300;FCA;19656;2012-07-11;http://www.rad.cvm.gov.br/ENETCONSULTA/frmDownloadDocumento.aspx?CodigoInstituicao=1&NumeroSequencialDocumento=19656
06.082.980/0001-03;2012-01-01;5;ALIANSCE SHOPPING CENTERS S.A.;021300;FCA;21998;2012-10-31;http://www.rad.cvm.gov.br/ENETCONSULTA/frmDownloadDocumento.aspx?CodigoInstituicao=1&NumeroSequencialDocumento=21998
06.082.980/0001-03;2012-01-01;6;ALIANSCE SHOPPING CENTERS S.A.;021300;FCA;22397;2012-11-13;http://www.rad.cvm.gov.br/ENETCONSULTA/frmDownloadDocumento.aspx?CodigoInstituicao=1&NumeroSequencialDocumento=22397
06.082.980/0001-03;2012-01-01;7;ALIANSCE SHOPPING CENTERS S.A.;021300;FCA;22521;2012-11-14;http://www.rad.cvm.gov.br/ENETCONSULTA/frmDownloadDocumento.aspx?CodigoInstituicao=1&NumeroSequencialDocumento=22521
06.082.980/0001-03;2012-01-01;8;ALIANSCE SHOPPING CENTERS S.A.;021300;FCA;22814;2012-11-16;http://www.rad.cvm.gov.br/ENETCONSULTA/frmDownloadDocumento.aspx?CodigoInstituicao=1&NumeroSequencialDocumento=22814
06.137.677/0001-52;2012-01-01;1;BRPR 56 SECURITIZADORA CRED IMOB S.A.;019984;FCA;14515;2012-02-24;http://www.rad.cvm.gov.br/ENETCONSULTA/frmDownloadDocumento.aspx?CodigoInstituicao=1&NumeroSequencialDocumento=14515
06.137.677/0001-52;2012-01-01;2;BRPR 56 SECURITIZADORA CRED IMOB S.A.;019984;FCA;16250;2012-04-18;http://www.rad.cvm.gov.br/ENETCONSULTA/frmDownloadDocumento.aspx?CodigoInstituicao=1&NumeroSequencialDocumento=16250
06.137.677/0001-52;2012-01-01;3;BRPR 56 SECURITIZADORA CRED IMOB S.A.;019984;FCA;17677;2012-05-15;http://www.rad.cvm.gov.br/ENETCONSULTA/frmDownloadDocumento.aspx?CodigoInstituicao=1&NumeroSequencialDocumento=17677
06.164.253/0001-87;2012-01-01;1;GOL LINHAS AEREAS INTELIGENTES S.A.;019569;FCA;14694;2012-03-05;http://www.rad.cvm.gov.br/ENETCONSULTA/frmDownloadDocumento.aspx?CodigoInstituicao=1&NumeroSequencialDocumento=14694
06.164.253/0001-87;2012-01-01;2;GOL LINHAS AEREAS INTELIGENTES S.A.;019569;FCA;16213;2012-04-16;http://www.rad.cvm.gov.br/ENETCONSULTA/frmDownloadDocumento.aspx?CodigoInstituicao=1&NumeroSequencialDocumento=16213
06.164.253/0001-87;2012-01-01;3;GOL LINHAS AEREAS INTELIGENTES S.A.;019569;FCA;18916;2012-05-31;http://www.rad.cvm.gov.br/ENETCONSULTA/frmDownloadDocumento.aspx?CodigoInstituicao=1&NumeroSequencialDocumento=18916
06.164.253/0001-87;2012-01-01;4;GOL LINHAS AEREAS INTELIGENTES S.A.;019569;FCA;19959;2012-07-30;http://www.rad.cvm.gov.br/ENETCONSULTA/frmDownloadDocumento.aspx?CodigoInstituicao=1&NumeroSequencialDocumento=19959
06.164.253/0001-87;2012-01-01;5;GOL LINHAS AEREAS INTELIGENTES S.A.;019569;FCA;22153;2012-11-06;http://www.rad.cvm.gov.br/ENETCONSULTA/frmDownloadDocumento.aspx?CodigoInstituicao=1&NumeroSequencialDocumento=22153
06.272.793/0001-84;2012-01-01;1;EQUATORIAL MARANHÃO DISTRIBUIDORA DE ENERGIA S.A.;016608;FCA;14350;2012-02-16;http://www.rad.cvm.gov.br/ENETCONSULTA/frmDownloadDocumento.aspx?CodigoInstituicao=1&NumeroSequencialDocumento=14350
06.272.793/0001-84;2012-01-01;2;EQUATORIAL MARANHÃO DISTRIBUIDORA DE ENERGIA S.A.;016608;FCA;16507;2012-04-27;http://www.rad.cvm.gov.br/ENETCONSULTA/frmDownloadDocumento.aspx?CodigoInstituicao=1&NumeroSequencialDocumento=16507
06.272.793/0001-84;2012-01-01;3;EQUATORIAL MARANHÃO DISTRIBUIDORA DE ENERGIA S.A.;016608;FCA;17900;2012-05-16;http://www.rad.cvm.gov.br/ENETCONSULTA/frmDownloadDocumento.aspx?CodigoInstituicao=1&NumeroSequencialDocumento=17900
06.272.793/0001-84;2012-01-01;4;EQUATORIAL MARANHÃO DISTRIBUIDORA DE ENERGIA S.A.;016608;FCA;19449;2012-06-27;http://www.rad.cvm.gov.br/ENETCONSULTA/frmDownloadDocumento.aspx?CodigoInstituicao=1&NumeroSequencialDocumento=19449
06.349.242/0001-71;2012-01-01;1;BRPR 44 SECURITIZADORA DE CRÉDITOS IMOBILIÁRIOS S.A.;019810;FCA;14511;2012-02-24;http://www.rad.cvm.gov.br/ENETCONSULTA/frmDownloadDocumento.aspx?CodigoInstituicao=1&NumeroSequencialDocumento=14511
06.349.242/0001-71;2012-01-01;2;BRPR 44 SECURITIZADORA DE CRÉDITOS IMOBILIÁRIOS S.A.;019810;FCA;15947;2012-04-03;http://www.rad.cvm.gov.br/ENETCONSULTA/frmDownloadDocumento.aspx?CodigoInstituicao=1&NumeroSequencialDocumento=15947
06.349.242/0001-71;2012-01-01;3;BRPR 44 SECURITIZADORA DE CRÉDITOS IMOBILIÁRIOS S.A.;019810;FCA;17646;2012-05-15;http://www.rad.cvm.gov.br/ENETCONSULTA/frmDownloadDocumento.aspx?CodigoInstituicao=1&NumeroSequencialDocumento=17646
06.626.253/0001-51;2012-01-01;1;EMPREENDIMENTOS PAGUE MENOS S.A.;022608;FCA;15679;2012-03-29;http://www.rad.cvm.gov.br/ENETCONSULTA/frmDownloadDocumento.aspx?CodigoInstituicao=1&NumeroSequencialDocumento=15679
06.626.253/0001-51;2012-01-01;2;EMPREENDIMENTOS PAGUE MENOS S.A.;022608;FCA;18214;2012-05-24;http://www.rad.cvm.gov.br/ENETCONSULTA/frmDownloadDocumento.aspx?CodigoInstituicao=1&NumeroSequencialDocumento=18214
06.977.739/0001-34;2012-01-01;1;TEMPO PARTICIPAÇOES S/A;019917;FCA;14821;2012-03-08;http://www.rad.cvm.gov.br/ENETCONSULTA/frmDownloadDocumento.aspx?CodigoInstituicao=1&NumeroSequencialDocumento=14821
06.977.739/0001-34;2012-01-01;2;TEMPO PARTICIPAÇOES S/A;019917;FCA;18937;2012-05-31;http://www.rad.cvm.gov.br/ENETCONSULTA/frmDownloadDocumento.aspx?CodigoInstituicao=1&NumeroSequencialDocumento=18937
06.977.739/0001-34;2012-01-01;3;TEMPO PARTICIPAÇOES S/A;019917;FCA;22362;2012-11-12;http://www.rad.cvm.gov.br/ENETCONSULTA/frmDownloadDocumento.aspx?CodigoInstituicao=1&NumeroSequencialDocumento=22362
06.977.745/0001-91;2012-01-01;1;BR MALLS PARTICIPACOES S.A.;019909;FCA;13621;2012-01-05;http://www.rad.cvm.gov.br/ENETCONSULTA/frmDownloadDocumento.aspx?CodigoInstituicao=1&NumeroSequencialDocumento=13621
06.977.745/0001-91;2012-01-01;2;BR MALLS PARTICIPACOES S.A.;019909;FCA;14005;2012-01-30;http://www.rad.cvm.gov.br/ENETCONSULTA/frmDownloadDocumento.aspx?CodigoInstituicao=1&NumeroSequencialDocumento=14005
06.977.745/0001-91;2012-01-01;3;BR MALLS PARTICIPACOES S.A.;019909;FCA;16468;2012-04-26;http://www.rad.cvm.gov.br/ENETCONSULTA/frmDownloadDocumento.aspx?CodigoInstituicao=1&NumeroSequencialDocumento=16468
06.977.745/0001-91;2012-01-01;4;BR MALLS PARTICIPACOES S.A.;019909;FCA;18784;2012-05-31;http://www.rad.cvm.gov.br/ENETCONSULTA/frmDownloadDocumento.aspx?CodigoInstituicao=1&NumeroSequencialDocumento=18784
06.977.745/0001-91;2012-01-01;5;BR MALLS PARTICIPACOES S.A.;019909;FCA;20128;2012-08-06;http://www.rad.cvm.gov.br/ENETCONSULTA/frmDownloadDocumento.aspx?CodigoInstituicao=1&NumeroSequencialDocumento=20128
06.977.745/0001-91;2012-01-01;6;BR MALLS PARTICIPACOES S.A.;019909;FCA;21633;2012-10-10;http://www.rad.cvm.gov.br/ENETCONSULTA/frmDownloadDocumento.aspx?CodigoInstituicao=1&NumeroSequencialDocumento=21633
06.977.745/0001-91;2012-01-01;7;BR MALLS PARTICIPACOES S.A.;019909;FCA;21817;2012-10-22;http://www.rad.cvm.gov.br/ENETCONSULTA/frmDownloadDocumento.aspx?CodigoInstituicao=1&NumeroSequencialDocumento=21817
06.977.751/0001-49;2012-01-01;1;BR PROPERTIES S.A.;019925;FCA;14222;2012-02-10;http://www.rad.cvm.gov.br/ENETCONSULTA/frmDownloadDocumento.aspx?CodigoInstituicao=1&NumeroSequencialDocumento=14222
06.977.751/0001-49;2012-01-01;2;BR PROPERTIES S.A.;019925;FCA;16361;2012-04-23;http://www.rad.cvm.gov.br/ENETCONSULTA/frmDownloadDocumento.aspx?CodigoInstituicao=1&NumeroSequencialDocumento=16361
06.977.751/0001-49;2012-01-01;3;BR PROPERTIES S.A.;019925;FCA;18018;2012-05-18;http://www.rad.cvm.gov.br/ENETCONSULTA/frmDownloadDocumento.aspx?CodigoInstituicao=1&NumeroSequencialDocumento=18018
06.977.751/0001-49;2012-01-01;4;BR PROPERTIES S.A.;019925;FCA;19306;2012-06-18;http://www.rad.cvm.gov.br/ENETCONSULTA/frmDownloadDocumento.aspx?CodigoInstituicao=1&NumeroSequencialDocumento=19306
06.977.751/0001-49;2012-01-01;5;BR PROPERTIES S.A.;019925;FCA;19370;2012-06-20;http://www.rad.cvm.gov.br/ENETCONSULTA/frmDownloadDocumento.aspx?CodigoInstituicao=1&NumeroSequencialDocumento=19370
06.981.176/0001-58;2012-01-01;1;CEMIG GERACAO E TRANSMISSAO S.A.;020320;FCA;13590;2012-01-04;http://www.rad.cvm.gov.br/ENETCONSULTA/frmDownloadDocumento.aspx?CodigoInstituicao=1&NumeroSequencialDocumento=13590
06.981.176/0001-58;2012-01-01;2;CEMIG GERACAO E TRANSMISSAO S.A.;020320;FCA;13871;2012-01-19;http://www.rad.cvm.gov.br/ENETCONSULTA/frmDownloadDocumento.aspx?CodigoInstituicao=1&NumeroSequencialDocumento=13871
06.981.176/0001-58;2012-01-01;3;CEMIG GERACAO E TRANSMISSAO S.A.;020320;FCA;13950;2012-01-26;http://www.rad.cvm.gov.br/ENETCONSULTA/frmDownloadDocumento.aspx?CodigoInstituicao=1&NumeroSequencialDocumento=13950
06.981.176/0001-58;2012-01-01;4;CEMIG GERACAO E TRANSMISSAO S.A.;020320;FCA;16900;2012-05-07;http://www.rad.cvm.gov.br/ENETCONSULTA/frmDownloadDocumento.aspx?CodigoInstituicao=1&NumeroSequencialDocumento=16900
06.981.176/0001-58;2012-01-01;5;CEMIG GERACAO E TRANSMISSAO S.A.;020320;FCA;19645;2012-07-10;http://www.rad.cvm.gov.br/ENETCONSULTA/frmDownloadDocumento.aspx?CodigoInstituicao=1&NumeroSequencialDocumento=19645
06.981.180/0001-16;2012-01-01;1;CEMIG DISTRIBUICAO S.A.;020303;FCA;13588;2012-01-04;http://www.rad.cvm.gov.br/ENETCONSULTA/frmDownloadDocumento.aspx?CodigoInstituicao=1&NumeroSequencialDocumento=13588
06.981.180/0001-16;2012-01-01;2;CEMIG DISTRIBUICAO S.A.;020303;FCA;16895;2012-05-07;http://www.rad.cvm.gov.br/ENETCONSULTA/frmDownloadDocumento.aspx?CodigoInstituicao=1&NumeroSequencialDocumento=16895
06.981.180/0001-16;2012-01-01;3;CEMIG DISTRIBUICAO S.A.;020303;FCA;19643;2012-07-10;http://www.rad.cvm.gov.br/ENETCONSULTA/frmDownloadDocumento.aspx?CodigoInstituicao=1&NumeroSequencialDocumento=19643
07.021.459/0001-10;2012-01-01;1;BETA SECURITIZADORA S.A.;019747;FCA;14798;2012-03-08;http://www.rad.cvm.gov.br/ENETCONSULTA/frmDownloadDocumento.aspx?CodigoInstituicao=1&NumeroSequencialDocumento=14798
07.021.459/0001-10;2012-01-01;2;BETA SECURITIZADORA S.A.;019747;FCA;17132;2012-05-09;http://www.rad.cvm.gov.br/ENETCONSULTA/frmDownloadDocumento.aspx?CodigoInstituicao=1&NumeroSequencialDocumento=17132
07.021.459/0001-10;2012-01-01;3;BETA SECURITIZADORA S.A.;019747;FCA;17249;2012-05-10;http://www.rad.cvm.gov.br/ENETCONSULTA/frmDownloadDocumento.aspx?CodigoInstituicao=1&NumeroSequencialDocumento=17249
07.021.459/0001-10;2012-01-01;4;BETA SECURITIZADORA S.A.;019747;FCA;18657;2012-05-31;http://www.rad.cvm.gov.br/ENETCONSULTA/frmDownloadDocumento.aspx?CodigoInstituicao=1&NumeroSequencialDocumento=18657
07.021.459/0001-10;2012-01-01;5;BETA SECURITIZADORA S.A.;019747;FCA;22016;2012-10-31;http://www.rad.cvm.gov.br/ENETCONSULTA/frmDownloadDocumento.aspx?CodigoInstituicao=1&NumeroSequencialDocumento=22016
07.033.882/0001-30;2012-01-01;1;BRPR 52 SECURITIZADORA DE CRÉDITOS IMOBILIÁRIOS S.A.;019976;FCA;14514;2012-02-24;http://www.rad.cvm.gov.br/ENETCONSULTA/frmDownloadDocumento.aspx?CodigoInstituicao=1&NumeroSequencialDocumento=14514
07.033.882/0001-30;2012-01-01;2;BRPR 52 SECURITIZADORA DE CRÉDITOS IMOBILIÁRIOS S.A.;019976;FCA;15954;2012-04-03;http://www.rad.cvm.gov.br/ENETCONSULTA/frmDownloadDocumento.aspx?CodigoInstituicao=1&NumeroSequencialDocumento=15954
07.033.882/0001-30;2012-01-01;3;BRPR 52 SECURITIZADORA DE CRÉDITOS IMOBILIÁRIOS S.A.;019976;FCA;17665;2012-05-15;http://www.rad.cvm.gov.br/ENETCONSULTA/frmDownloadDocumento.aspx?CodigoInstituicao=1&NumeroSequencialDocumento=17665
07.040.108/0001-57;2012-01-01;1;CAGECE - CIA DE AGUA E ESGOTO DO CEARA;018546;FCA;16187;2012-04-13;http://www.rad.cvm.gov.br/ENETCONSULTA/frmDownloadDocumento.aspx?CodigoInstituicao=1&NumeroSequencialDocumento=16187
07.040.108/0001-57;2012-01-01;2;CAGECE - CIA DE AGUA E ESGOTO DO CEARA;018546;FCA;17948;2012-05-16;http://www.rad.cvm.gov.br/ENETCONSULTA/frmDownloadDocumento.aspx?CodigoInstituicao=1&NumeroSequencialDocumento=17948
07.047.251/0001-70;2012-01-01;1;CIA ENERGETICA DO CEARA - COELCE;014869;FCA;14642;2012-03-01;http://www.rad.cvm.gov.br/ENETCONSULTA/frmDownloadDocumento.aspx?CodigoInstituicao=1&NumeroSequencialDocumento=14642
07.047.251/0001-70;2012-01-01;2;CIA ENERGETICA DO CEARA - COELCE;014869;FCA;14906;2012-03-12;http://www.rad.cvm.gov.br/ENETCONSULTA/frmDownloadDocumento.aspx?CodigoInstituicao=1&NumeroSequencialDocumento=14906
07.047.251/0001-70;2012-01-01;3;CIA ENERGETICA DO CEARA - COELCE;014869;FCA;15096;2012-03-16;http://www.rad.cvm.gov.br/ENETCONSULTA/frmDownloadDocumento.aspx?CodigoInstituicao=1&NumeroSequencialDocumento=15096
07.047.251/0001-70;2012-01-01;4;CIA ENERGETICA DO CEARA - COELCE;014869;FCA;16910;2012-05-07;http://www.rad.cvm.gov.br/ENETCONSULTA/frmDownloadDocumento.aspx?CodigoInstituicao=1&NumeroSequencialDocumento=16910
07.047.251/0001-70;2012-01-01;5;CIA ENERGETICA DO CEARA - COELCE;014869;FCA;20025;2012-08-01;http://www.rad.cvm.gov.br/ENETCONSULTA/frmDownloadDocumento.aspx?CodigoInstituicao=1&NumeroSequencialDocumento=20025
07.088.416/0001-52;2012-01-01;1;BRPR 45 SECURITIZADORA DE CRÉDITOS IMOBILIÁRIOS S.A.;019895;FCA;14512;2012-02-24;http://www.rad.cvm.gov.br/ENETCONSULTA/frmDownloadDocumento.aspx?CodigoInstituicao=1&NumeroSequencialDocumento=14512
07.088.416/0001-52;2012-01-01;2;BRPR 45 SECURITIZADORA DE CRÉDITOS IMOBILIÁRIOS S.A.;019895;FCA;15949;2012-04-03;http://www.rad.cvm.gov.br/ENETCONSULTA/frmDownloadDocumento.aspx?CodigoInstituicao=1&NumeroSequencialDocumento=15949
07.088.416/0001-52;2012-01-01;3;BRPR 45 SECURITIZADORA DE CRÉDITOS IMOBILIÁRIOS S.A.;019895;FCA;17687;2012-05-15;http://www.rad.cvm.gov.br/ENETCONSULTA/frmDownloadDocumento.aspx?CodigoInstituicao=1&NumeroSequencialDocumento=17687
07.110.438/0001-71;2012-01-01;1;BTG PACTUAL SECURITIZADORA S.A;019690;FCA;15461;2012-03-27;http://www.rad.cvm.gov.br/ENETCONSULTA/frmDownloadDocumento.aspx?CodigoInstituicao=1&NumeroSequencialDocumento=15461
07.110.438/0001-71;2012-01-01;2;BTG PACTUAL SECURITIZADORA S.A;019690;FCA;15975;2012-04-03;http://www.rad.cvm.gov.br/ENETCONSULTA/frmDownloadDocumento.aspx?CodigoInstituicao=1&NumeroSequencialDocumento=15975
07.110.438/0001-71;2012-01-01;3;BTG PACTUAL SECURITIZADORA S.A;019690;FCA;15980;2012-04-04;http://www.rad.cvm.gov.br/ENETCONSULTA/frmDownloadDocumento.aspx?CodigoInstituicao=1&NumeroSequencialDocumento=15980
07.110.438/0001-71;2012-01-01;4;BTG PACTUAL SECURITIZADORA S.A;019690;FCA;18738;2012-05-31;http://www.rad.cvm.gov.br/ENETCONSULTA/frmDownloadDocumento.aspx?CodigoInstituicao=1&NumeroSequencialDocumento=18738
07.112.325/0001-05;2012-01-01;1;B.I. COMPANHIA SECURITIZADORA S/A;019704;FCA;14712;2012-03-06;http://www.rad.cvm.gov.br/ENETCONSULTA/frmDownloadDocumento.aspx?CodigoInstituicao=1&NumeroSequencialDocumento=14712
07.112.325/0001-05;2012-01-01;2;B.I. COMPANHIA SECURITIZADORA S/A;019704;FCA;16576;2012-04-30;http://www.rad.cvm.gov.br/ENETCONSULTA/frmDownloadDocumento.aspx?CodigoInstituicao=1&NumeroSequencialDocumento=16576
07.112.325/0001-05;2012-01-01;3;B.I. COMPANHIA SECURITIZADORA S/A;019704;FCA;16626;2012-05-02;http://www.rad.cvm.gov.br/ENETCONSULTA/frmDownloadDocumento.aspx?CodigoInstituicao=1&NumeroSequencialDocumento=16626
07.112.325/0001-05;2012-01-01;4;B.I. COMPANHIA SECURITIZADORA S/A;019704;FCA;21085;2012-09-03;http://www.rad.cvm.gov.br/ENETCONSULTA/frmDownloadDocumento.aspx?CodigoInstituicao=1&NumeroSequencialDocumento=21085
07.112.325/0001-05;2012-01-01;5;B.I. COMPANHIA SECURITIZADORA S/A;019704;FCA;22044;2012-11-01;http://www.rad.cvm.gov.br/ENETCONSULTA/frmDownloadDocumento.aspx?CodigoInstituicao=1&NumeroSequencialDocumento=22044
07.119.838/0001-48;2012-01-01;1;SECME - COMPANHIA SECURITIZADORA DE CRÉDITOS IMOBILIÁRIOS;019720;FCA;15609;2012-03-29;http://www.rad.cvm.gov.br/ENETCONSULTA/frmDownloadDocumento.aspx?CodigoInstituicao=1&NumeroSequencialDocumento=15609
07.119.838/0001-48;2012-01-01;2;SECME - COMPANHIA SECURITIZADORA DE CRÉDITOS IMOBILIÁRIOS;019720;FCA;17631;2012-05-15;http://www.rad.cvm.gov.br/ENETCONSULTA/frmDownloadDocumento.aspx?CodigoInstituicao=1&NumeroSequencialDocumento=17631
07.203.904/0001-63;2012-01-01;1;UNITEXTIL - UNIAO INDUSTRIAL TEXTIL S/A;011606;FCA;15232;2012-03-22;http://www.rad.cvm.gov.br/ENETCONSULTA/frmDownloadDocumento.aspx?CodigoInstituicao=1&NumeroSequencialDocumento=15232
07.203.904/0001-63;2012-01-01;2;UNITEXTIL - UNIAO INDUSTRIAL TEXTIL S/A;011606;FCA;17638;2012-05-15;http://www.rad.cvm.gov.br/ENETCONSULTA/frmDownloadDocumento.aspx?CodigoInstituicao=1&NumeroSequencialDocumento=17638
07.203.904/0001-63;2012-01-01;3;UNITEXTIL - UNIAO INDUSTRIAL TEXTIL S/A;011606;FCA;20214;2012-08-09;http://www.rad.cvm.gov.br/ENETCONSULTA/frmDownloadDocumento.aspx?CodigoInstituicao=1&NumeroSequencialDocumento=20214
07.206.816/0001-15;2012-01-01;1;M.DIAS BRANCO S.A. IND COM DE ALIMENTOS;020338;FCA;14692;2012-03-05;http://www.rad.cvm.gov.br/ENETCONSULTA/frmDownloadDocumento.aspx?CodigoInstituicao=1&NumeroSequencialDocumento=14692
07.206.816/0001-15;2012-01-01;2;M.DIAS BRANCO S.A. IND COM DE ALIMENTOS;020338;FCA;14942;2012-03-13;http://www.rad.cvm.gov.br/ENETCONSULTA/frmDownloadDocumento.aspx?CodigoInstituicao=1&NumeroSequencialDocumento=14942
07.206.816/0001-15;2012-01-01;3;M.DIAS BRANCO S.A. IND COM DE ALIMENTOS;020338;FCA;17340;2012-05-10;http://www.rad.cvm.gov.br/ENETCONSULTA/frmDownloadDocumento.aspx?CodigoInstituicao=1&NumeroSequencialDocumento=17340
07.206.816/0001-15;2012-01-01;4;M.DIAS BRANCO S.A. IND COM DE ALIMENTOS;020338;FCA;23220;2012-12-14;http://www.rad.cvm.gov.br/ENETCONSULTA/frmDownloadDocumento.aspx?CodigoInstituicao=1&NumeroSequencialDocumento=23220
07.237.373/0001-20;2012-01-01;1;BCO NORDESTE DO BRASIL S.A.;001228;FCA;14260;2012-02-13;http://www.rad.cvm.gov.br/ENETCONSULTA/frmDownloadDocumento.aspx?CodigoInstituicao=1&NumeroSequencialDocumento=14260
07.237.373/0001-20;2012-01-01;2;BCO NORDESTE DO BRASIL S.A.;001228;FCA;21949;2012-10-29;http://www.rad.cvm.gov.br/ENETCONSULTA/frmDownloadDocumento.aspx?CodigoInstituicao=1&NumeroSequencialDocumento=21949
07.253.321/0001-47;2012-01-01;1;CARBOMIL SA MINER. E INDUSTRIA;014168;FCA;15722;2012-03-30;http://www.rad.cvm.gov.br/ENETCONSULTA/frmDownloadDocumento.aspx?CodigoInstituicao=1&NumeroSequencialDocumento=15722
07.253.321/0001-47;2012-01-01;2;CARBOMIL SA MINER. E INDUSTRIA;014168;FCA;16181;2012-04-13;http://www.rad.cvm.gov.br/ENETCONSULTA/frmDownloadDocumento.aspx?CodigoInstituicao=1&NumeroSequencialDocumento=16181
07.256.507/0001-50;2012-01-01;1;ITAUSEG PARTICIPAÇÕES SA;019933;FCA;15412;2012-03-27;http://www.rad.cvm.gov.br/ENETCONSULTA/frmDownloadDocumento.aspx?CodigoInstituicao=1&NumeroSequencialDocumento=15412
07.256.507/0001-50;2012-01-01;2;ITAUSEG PARTICIPAÇÕES SA;019933;FCA;15894;2012-04-02;http://www.rad.cvm.gov.br/ENETCONSULTA/frmDownloadDocumento.aspx?CodigoInstituicao=1&NumeroSequencialDocumento=15894
07.256.507/0001-50;2012-01-01;3;ITAUSEG PARTICIPAÇÕES SA;019933;FCA;17400;2012-05-11;http://www.rad.cvm.gov.br/ENETCONSULTA/frmDownloadDocumento.aspx?CodigoInstituicao=1&NumeroSequencialDocumento=17400
07.256.507/0001-50;2012-01-01;4;ITAUSEG PARTICIPAÇÕES SA;019933;FCA;18132;2012-05-22;http://www.rad.cvm.gov.br/ENETCONSULTA/frmDownloadDocumento.aspx?CodigoInstituicao=1&NumeroSequencialDocumento=18132
07.256.507/0001-50;2012-01-01;5;ITAUSEG PARTICIPAÇÕES SA;019933;FCA;22898;2012-11-22;http://www.rad.cvm.gov.br/ENETCONSULTA/frmDownloadDocumento.aspx?CodigoInstituicao=1&NumeroSequencialDocumento=22898
07.275.159/0001-68;2012-01-01;1;PETROLEO LUB DO NORDESTE SA;009520;FCA;14258;2012-02-13;http://www.rad.cvm.gov.br/ENETCONSULTA/frmDownloadDocumento.aspx?CodigoInstituicao=1&NumeroSequencialDocumento=14258
07.275.159/0001-68;2012-01-01;2;PETROLEO LUB DO NORDESTE SA;009520;FCA;14580;2012-02-28;http://www.rad.cvm.gov.br/ENETCONSULTA/frmDownloadDocumento.aspx?CodigoInstituicao=1&NumeroSequencialDocumento=14580
07.275.159/0001-68;2012-01-01;3;PETROLEO LUB DO NORDESTE SA;009520;FCA;15982;2012-04-04;http://www.rad.cvm.gov.br/ENETCONSULTA/frmDownloadDocumento.aspx?CodigoInstituicao=1&NumeroSequencialDocumento=15982
07.275.159/0001-68;2012-01-01;4;PETROLEO LUB DO NORDESTE SA;009520;FCA;16043;2012-04-09;http://www.rad.cvm.gov.br/ENETCONSULTA/frmDownloadDocumento.aspx?CodigoInstituicao=1&NumeroSequencialDocumento=16043
07.275.159/0001-68;2012-01-01;5;PETROLEO LUB DO NORDESTE SA;009520;FCA;16209;2012-04-16;http://www.rad.cvm.gov.br/ENETCONSULTA/frmDownloadDocumento.aspx?CodigoInstituicao=1&NumeroSequencialDocumento=16209
07.275.159/0001-68;2012-01-01;6;PETROLEO LUB DO NORDESTE SA;009520;FCA;17909;2012-05-16;http://www.rad.cvm.gov.br/ENETCONSULTA/frmDownloadDocumento.aspx?CodigoInstituicao=1&NumeroSequencialDocumento=17909
07.275.159/0001-68;2012-01-01;7;PETROLEO LUB DO NORDESTE SA;009520;FCA;20348;2012-08-13;http://www.rad.cvm.gov.br/ENETCONSULTA/frmDownloadDocumento.aspx?CodigoInstituicao=1&NumeroSequencialDocumento=20348
07.332.190/0001-93;2012-01-01;1;VICUNHA TEXTIL SA;005991;FCA;14061;2012-02-02;http://www.rad.cvm.gov.br/ENETCONSULTA/frmDownloadDocumento.aspx?CodigoInstituicao=1&NumeroSequencialDocumento=14061
07.332.190/0001-93;2012-01-01;2;VICUNHA TEXTIL SA;005991;FCA;16752;2012-05-04;http://www.rad.cvm.gov.br/ENETCONSULTA/frmDownloadDocumento.aspx?CodigoInstituicao=1&NumeroSequencialDocumento=16752
07.334.600/0001-35;2012-01-01;1;MARINA DE IRACEMA PARK SA;016268;FCA;15944;2012-04-03;http://www.rad.cvm.gov.br/ENETCONSULTA/frmDownloadDocumento.aspx?CodigoInstituicao=1&NumeroSequencialDocumento=15944
07.334.600/0001-35;2012-01-01;2;MARINA DE IRACEMA PARK SA;016268;FCA;17897;2012-05-16;http://www.rad.cvm.gov.br/ENETCONSULTA/frmDownloadDocumento.aspx?CodigoInstituicao=1&NumeroSequencialDocumento=17897
07.394.616/0001-33;2012-01-01;1;UNI CIDADE SPTRUST DE RECEBÍVEIS SA;020079;FCA;15418;2012-03-27;http://www.rad.cvm.gov.br/ENETCONSULTA/frmDownloadDocumento.aspx?CodigoInstituicao=1&NumeroSequencialDocumento=15418
07.394.616/0001-33;2012-01-01;2;UNI CIDADE SPTRUST DE RECEBÍVEIS SA;020079;FCA;18951;2012-05-31;http://www.rad.cvm.gov.br/ENETCONSULTA/frmDownloadDocumento.aspx?CodigoInstituicao=1&NumeroSequencialDocumento=18951
07.394.616/0001-33;2012-01-01;3;UNI CIDADE SPTRUST DE RECEBÍVEIS SA;020079;FCA;20508;2012-08-14;http://www.rad.cvm.gov.br/ENETCONSULTA/frmDownloadDocumento.aspx?CodigoInstituicao=1&NumeroSequencialDocumento=20508
07.394.616/0001-33;2012-01-01;4;UNI CIDADE SPTRUST DE RECEBÍVEIS SA;020079;FCA;21195;2012-09-10;http://www.rad.cvm.gov.br/ENETCONSULTA/frmDownloadDocumento.aspx?CodigoInstituicao=1&NumeroSequencialDocumento=21195
07.401.436/0001-31;2012-01-01;1;ELDORADO BRASIL CELULOSE S.A.;022810;FCA;19250;2012-06-13;http://www.rad.cvm.gov.br/ENETCONSULTA/frmDownloadDocumento.aspx?CodigoInstituicao=1&NumeroSequencialDocumento=19250
07.401.436/0001-31;2012-01-01;2;ELDORADO BRASIL CELULOSE S.A.;022810;FCA;21089;2012-09-03;http://www.rad.cvm.gov.br/ENETCONSULTA/frmDownloadDocumento.aspx?CodigoInstituicao=1&NumeroSequencialDocumento=21089
07.450.604/0001-89;2012-01-01;1;BANCO INDUSTRIAL E COMERCIAL S/A;021113;FCA;14029;2012-01-31;http://www.rad.cvm.gov.br/ENETCONSULTA/frmDownloadDocumento.aspx?CodigoInstituicao=1&NumeroSequencialDocumento=14029
07.450.604/0001-89;2012-01-01;2;BANCO INDUSTRIAL E COMERCIAL S/A;021113;FCA;16372;2012-04-23;http://www.rad.cvm.gov.br/ENETCONSULTA/frmDownloadDocumento.aspx?CodigoInstituicao=1&NumeroSequencialDocumento=16372
07.450.604/0001-89;2012-01-01;3;BANCO INDUSTRIAL E COMERCIAL S/A;021113;FCA;18087;2012-05-21;http://www.rad.cvm.gov.br/ENETCONSULTA/frmDownloadDocumento.aspx?CodigoInstituicao=1&NumeroSequencialDocumento=18087
07.587.384/0001-30;2012-01-01;1;PLANETA SECURITIZADORA S.A.;020222;FCA;15906;2012-04-02;http://www.rad.cvm.gov.br/ENETCONSULTA/frmDownloadDocumento.aspx?CodigoInstituicao=1&NumeroSequencialDocumento=15906
07.587.384/0001-30;2012-01-01;2;PLANETA SECURITIZADORA S.A.;020222;FCA;17248;2012-05-10;http://www.rad.cvm.gov.br/ENETCONSULTA/frmDownloadDocumento.aspx?CodigoInstituicao=1&NumeroSequencialDocumento=17248
07.587.384/0001-30;2012-01-01;3;PLANETA SECURITIZADORA S.A.;020222;FCA;18603;2012-05-30;http://www.rad.cvm.gov.br/ENETCONSULTA/frmDownloadDocumento.aspx?CodigoInstituicao=1&NumeroSequencialDocumento=18603
07.587.384/0001-30;2012-01-01;4;PLANETA SECURITIZADORA S.A.;020222;FCA;19331;2012-06-18;http://www.rad.cvm.gov.br/ENETCONSULTA/frmDownloadDocumento.aspx?CodigoInstituicao=1&NumeroSequencialDocumento=19331
07.587.384/0001-30;2012-01-01;5;PLANETA SECURITIZADORA S.A.;020222;FCA;19738;2012-07-17;http://www.rad.cvm.gov.br/ENETCONSULTA/frmDownloadDocumento.aspx?CodigoInstituicao=1&NumeroSequencialDocumento=19738
07.620.094/0001-40;2012-01-01;1;AFLUENTE G&T DE ENERGIA ELÉTRICA S/A;020150;FCA;13991;2012-01-27;http://www.rad.cvm.gov.br/ENETCONSULTA/frmDownloadDocumento.aspx?CodigoInstituicao=1&NumeroSequencialDocumento=13991
07.620.094/0001-40;2012-01-01;2;AFLUENTE G&T DE ENERGIA ELÉTRICA S/A;020150;FCA;17944;2012-05-16;http://www.rad.cvm.gov.br/ENETCONSULTA/frmDownloadDocumento.aspx?CodigoInstituicao=1&NumeroSequencialDocumento=17944
07.620.094/0001-40;2012-01-01;3;AFLUENTE G&T DE ENERGIA ELÉTRICA S/A;020150;FCA;19785;2012-07-20;http://www.rad.cvm.gov.br/ENETCONSULTA/frmDownloadDocumento.aspx?CodigoInstituicao=1&NumeroSequencialDocumento=19785
07.628.528/0001-59;2012-01-01;1;BRASILAGRO - CIA BRAS DE PROP AGRICOLAS;020036;FCA;13734;2012-01-10;http://www.rad.cvm.gov.br/ENETCONSULTA/frmDownloadDocumento.aspx?CodigoInstituicao=1&NumeroSequencialDocumento=13734
07.628.528/0001-59;2012-01-01;2;BRASILAGRO - CIA BRAS DE PROP AGRICOLAS;020036;FCA;17983;2012-05-17;http://www.rad.cvm.gov.br/ENETCONSULTA/frmDownloadDocumento.aspx?CodigoInstituicao=1&NumeroSequencialDocumento=17983
07.659.538/0001-51;2012-01-01;1;DINAMICA ENERGIA S.A.;020052;FCA;15672;2012-03-29;http://www.rad.cvm.gov.br/ENETCONSULTA/frmDownloadDocumento.aspx?CodigoInstituicao=1&NumeroSequencialDocumento=15672
07.659.538/0001-51;2012-01-01;2;DINAMICA ENERGIA S.A.;020052;FCA;17719;2012-05-15;http://www.rad.cvm.gov.br/ENETCONSULTA/frmDownloadDocumento.aspx?CodigoInstituicao=1&NumeroSequencialDocumento=17719
07.659.538/0001-51;2012-01-01;3;DINAMICA ENERGIA S.A.;020052;FCA;18509;2012-05-30;http://www.rad.cvm.gov.br/ENETCONSULTA/frmDownloadDocumento.aspx?CodigoInstituicao=1&NumeroSequencialDocumento=18509
07.689.002/0001-89;2012-01-01;1;EMBRAER S.A.;020087;FCA;13809;2012-01-13;http://www.rad.cvm.gov.br/ENETCONSULTA/frmDownloadDocumento.aspx?CodigoInstituicao=1&NumeroSequencialDocumento=13809
07.689.002/0001-89;2012-01-01;2;EMBRAER S.A.;020087;FCA;15170;2012-03-20;http://www.rad.cvm.gov.br/ENETCONSULTA/frmDownloadDocumento.aspx?CodigoInstituicao=1&NumeroSequencialDocumento=15170
07.689.002/0001-89;2012-01-01;3;EMBRAER S.A.;020087;FCA;16224;2012-04-17;http://www.rad.cvm.gov.br/ENETCONSULTA/frmDownloadDocumento.aspx?CodigoInstituicao=1&NumeroSequencialDocumento=16224
07.689.002/0001-89;2012-01-01;4;EMBRAER S.A.;020087;FCA;16710;2012-05-03;http://www.rad.cvm.gov.br/ENETCONSULTA/frmDownloadDocumento.aspx?CodigoInstituicao=1&NumeroSequencialDocumento=16710
07.689.002/0001-89;2012-01-01;5;EMBRAER S.A.;020087;FCA;17065;2012-05-09;http://www.rad.cvm.gov.br/ENETCONSULTA/frmDownloadDocumento.aspx?CodigoInstituicao=1&NumeroSequencialDocumento=17065
07.689.002/0001-89;2012-01-01;6;EMBRAER S.A.;020087;FCA;19122;2012-06-04;http://www.rad.cvm.gov.br/ENETCONSULTA/frmDownloadDocumento.aspx?CodigoInstituicao=1&NumeroSequencialDocumento=19122
07.689.002/0001-89;2012-01-01;7;EMBRAER S.A.;020087;FCA;19943;2012-07-30;http://www.rad.cvm.gov.br/ENETCONSULTA/frmDownloadDocumento.aspx?CodigoInstituicao=1&NumeroSequencialDocumento=19943
07.689.002/0001-89;2012-01-01;8;EMBRAER S.A.;020087;FCA;21409;2012-09-24;http://www.rad.cvm.gov.br/ENETCONSULTA/frmDownloadDocumento.aspx?CodigoInstituicao=1&NumeroSequencialDocumento=21409
07.700.557/0001-84;2012-01-01;1;BROOKFIELD INCORPORAÇÕES S.A.;020265;FCA;14768;2012-03-07;http://www.rad.cvm.gov.br/ENETCONSULTA/frmDownloadDocumento.aspx?CodigoInstituicao=1&NumeroSequencialDocumento=14768
07.700.557/0001-84;2012-01-01;2;BROOKFIELD INCORPORAÇÕES S.A.;020265;FCA;17363;2012-05-11;http://www.rad.cvm.gov.br/ENETCONSULTA/frmDownloadDocumento.aspx?CodigoInstituicao=1&NumeroSequencialDocumento=17363
07.700.557/0001-84;2012-01-01;3;BROOKFIELD INCORPORAÇÕES S.A.;020265;FCA;19049;2012-05-31;http://www.rad.cvm.gov.br/ENETCONSULTA/frmDownloadDocumento.aspx?CodigoInstituicao=1&NumeroSequencialDocumento=19049
07.700.557/0001-84;2012-01-01;4;BROOKFIELD INCORPORAÇÕES S.A.;020265;FCA;21440;2012-09-26;http://www.rad.cvm.gov.br/ENETCONSULTA/frmDownloadDocumento.aspx?CodigoInstituicao=1&NumeroSequencialDocumento=21440
07.710.591/0001-30;2012-01-01;1;BRPR 55 SECURITIZADORA CRED IMOB S.A.;019941;FCA;14513;2012-02-24;http://www.rad.cvm.gov.br/ENETCONSULTA/frmDownloadDocumento.aspx?CodigoInstituicao=1&NumeroSequencialDocumento=14513
07.710.591/0001-30;2012-01-01;2;BRPR 55 SECURITIZADORA CRED IMOB S.A.;019941;FCA;16249;2012-04-18;http://www.rad.cvm.gov.br/ENETCONSULTA/frmDownloadDocumento.aspx?CodigoInstituicao=1&NumeroSequencialDocumento=16249
07.710.591/0001-30;2012-01-01;3;BRPR 55 SECURITIZADORA CRED IMOB S.A.;019941;FCA;17671;2012-05-15;http://www.rad.cvm.gov.br/ENETCONSULTA/frmDownloadDocumento.aspx?CodigoInstituicao=1&NumeroSequencialDocumento=17671
07.718.269/0001-57;2012-01-01;1;SPRINGS GLOBAL PARTICIPACOES S.A.;020966;FCA;15880;2012-03-31;http://www.rad.cvm.gov.br/ENETCONSULTA/frmDownloadDocumento.aspx?CodigoInstituicao=1&NumeroSequencialDocumento=15880
07.718.269/0001-57;2012-01-01;2;SPRINGS GLOBAL PARTICIPACOES S.A.;020966;FCA;18111;2012-05-22;http://www.rad.cvm.gov.br/ENETCONSULTA/frmDownloadDocumento.aspx?CodigoInstituicao=1&NumeroSequencialDocumento=18111
07.718.269/0001-57;2012-01-01;3;SPRINGS GLOBAL PARTICIPACOES S.A.;020966;FCA;19813;2012-07-23;http://www.rad.cvm.gov.br/ENETCONSULTA/frmDownloadDocumento.aspx?CodigoInstituicao=1&NumeroSequencialDocumento=19813
07.718.269/0001-57;2012-01-01;4;SPRINGS GLOBAL PARTICIPACOES S.A.;020966;FCA;23419;2012-12-21;http://www.rad.cvm.gov.br/ENETCONSULTA/frmDownloadDocumento.aspx?CodigoInstituicao=1&NumeroSequencialDocumento=23419
07.809.905/0001-56;2012-01-01;1;AMPLA INVESTIMENTOS E SERVIÇOS S/A;020214;FCA;14595;2012-02-28;http://www.rad.cvm.gov.br/ENETCONSULTA/frmDownloadDocumento.aspx?CodigoInstituicao=1&NumeroSequencialDocumento=14595
07.809.905/0001-56;2012-01-01;2;AMPLA INVESTIMENTOS E SERVIÇOS S/A;020214;FCA;14907;2012-03-12;http://www.rad.cvm.gov.br/ENETCONSULTA/frmDownloadDocumento.aspx?CodigoInstituicao=1&NumeroSequencialDocumento=14907
07.809.905/0001-56;2012-01-01;3;AMPLA INVESTIMENTOS E SERVIÇOS S/A;020214;FCA;16915;2012-05-07;http://www.rad.cvm.gov.br/ENETCONSULTA/frmDownloadDocumento.aspx?CodigoInstituicao=1&NumeroSequencialDocumento=16915
07.816.890/0001-53;2012-01-01;1;MULTIPLAN - EMPREEND IMOBILIARIOS S.A.;020982;FCA;14774;2012-03-07;http://www.rad.cvm.gov.br/ENETCONSULTA/frmDownloadDocumento.aspx?CodigoInstituicao=1&NumeroSequencialDocumento=14774
07.816.890/0001-53;2012-01-01;2;MULTIPLAN - EMPREEND IMOBILIARIOS S.A.;020982;FCA;17659;2012-05-15;http://www.rad.cvm.gov.br/ENETCONSULTA/frmDownloadDocumento.aspx?CodigoInstituicao=1&NumeroSequencialDocumento=17659
07.820.907/0001-46;2012-01-01;1;FICA EMPREENDIMENTOS IMOBILIÁRIOS S.A.;020630;FCA;14614;2012-02-29;http://www.rad.cvm.gov.br/ENETCONSULTA/frmDownloadDocumento.aspx?CodigoInstituicao=1&NumeroSequencialDocumento=14614
07.820.907/0001-46;2012-01-01;2;FICA EMPREENDIMENTOS IMOBILIÁRIOS S.A.;020630;FCA;18815;2012-05-31;http://www.rad.cvm.gov.br/ENETCONSULTA/frmDownloadDocumento.aspx?CodigoInstituicao=1&NumeroSequencialDocumento=18815
07.825.881/0001-29;2012-01-01;1;ACRUX SECURITIZADORA S/A;020230;FCA;15776;2012-03-30;http://www.rad.cvm.gov.br/ENETCONSULTA/frmDownloadDocumento.aspx?CodigoInstituicao=1&NumeroSequencialDocumento=15776
07.825.881/0001-29;2012-01-01;2;ACRUX SECURITIZADORA S/A;020230;FCA;16777;2012-05-04;http://www.rad.cvm.gov.br/ENETCONSULTA/frmDownloadDocumento.aspx?CodigoInstituicao=1&NumeroSequencialDocumento=16777
07.825.881/0001-29;2012-01-01;3;ACRUX SECURITIZADORA S/A;020230;FCA;19435;2012-06-26;http://www.rad.cvm.gov.br/ENETCONSULTA/frmDownloadDocumento.aspx?CodigoInstituicao=1&NumeroSequencialDocumento=19435
07.857.850/0001-50;2012-01-01;1;GP INVESTMENTS, LTD.;080020;FCA;14406;2012-02-17;http://www.rad.cvm.gov.br/ENETCONSULTA/frmDownloadDocumento.aspx?CodigoInstituicao=1&NumeroSequencialDocumento=14406
07.857.850/0001-50;2012-01-01;2;GP INVESTMENTS, LTD.;080020;FCA;17257;2012-05-10;http://www.rad.cvm.gov.br/ENETCONSULTA/frmDownloadDocumento.aspx?CodigoInstituicao=1&NumeroSequencialDocumento=17257
07.857.850/0001-50;2012-01-01;3;GP INVESTMENTS, LTD.;080020;FCA;18521;2012-05-30;http://www.rad.cvm.gov.br/ENETCONSULTA/frmDownloadDocumento.aspx?CodigoInstituicao=1&NumeroSequencialDocumento=18521
07.859.971/0001-30;2012-01-01;1;TRANSMISSORA ALIANÇA DE ENERGIA ELÉTRICA S.A.;020257;FCA;14221;2012-02-10;http://www.rad.cvm.gov.br/ENETCONSULTA/frmDownloadDocumento.aspx?CodigoInstituicao=1&NumeroSequencialDocumento=14221
07.859.971/0001-30;2012-01-01;2;TRANSMISSORA ALIANÇA DE ENERGIA ELÉTRICA S.A.;020257;FCA;16451;2012-04-25;http://www.rad.cvm.gov.br/ENETCONSULTA/frmDownloadDocumento.aspx?CodigoInstituicao=1&NumeroSequencialDocumento=16451
07.859.971/0001-30;2012-01-01;3;TRANSMISSORA ALIANÇA DE ENERGIA ELÉTRICA S.A.;020257;FCA;17901;2012-05-16;http://www.rad.cvm.gov.br/ENETCONSULTA/frmDownloadDocumento.aspx?CodigoInstituicao=1&NumeroSequencialDocumento=17901
07.859.971/0001-30;2012-01-01;4;TRANSMISSORA ALIANÇA DE ENERGIA ELÉTRICA S.A.;020257;FCA;18038;2012-05-18;http://www.rad.cvm.gov.br/ENETCONSULTA/frmDownloadDocumento.aspx?CodigoInstituicao=1&NumeroSequencialDocumento=18038
07.859.971/0001-30;2012-01-01;5;TRANSMISSORA ALIANÇA DE ENERGIA ELÉTRICA S.A.;020257;FCA;19166;2012-06-06;http://www.rad.cvm.gov.br/ENETCONSULTA/frmDownloadDocumento.aspx?CodigoInstituicao=1&NumeroSequencialDocumento=19166
07.859.971/0001-30;2012-01-01;6;TRANSMISSORA ALIANÇA DE ENERGIA ELÉTRICA S.A.;020257;FCA;20997;2012-08-27;http://www.rad.cvm.gov.br/ENETCONSULTA/frmDownloadDocumento.aspx?CodigoInstituicao=1&NumeroSequencialDocumento=20997
07.859.971/0001-30;2012-01-01;7;TRANSMISSORA ALIANÇA DE ENERGIA ELÉTRICA S.A.;020257;FCA;21341;2012-09-18;http://www.rad.cvm.gov.br/ENETCONSULTA/frmDownloadDocumento.aspx?CodigoInstituicao=1&NumeroSequencialDocumento=21341
07.875.234/0001-21;2012-01-01;1;ONE PROPERTIES S.A.;020419;FCA;14501;2012-02-24;http://www.rad.cvm.gov.br/ENETCONSULTA/frmDownloadDocumento.aspx?CodigoInstituicao=1&NumeroSequencialDocumento=14501
07.949.970/0001-87;2012-01-01;1;CENTENNIAL ASSET PART. MINAS-RIO S/A;020176;FCA;13757;2012-01-11;http://www.rad.cvm.gov.br/ENETCONSULTA/frmDownloadDocumento.aspx?CodigoInstituicao=1&NumeroSequencialDocumento=13757
07.949.970/0001-87;2012-01-01;2;CENTENNIAL ASSET PART. MINAS-RIO S/A;020176;FCA;14206;2012-02-09;http://www.rad.cvm.gov.br/ENETCONSULTA/frmDownloadDocumento.aspx?CodigoInstituicao=1&NumeroSequencialDocumento=14206
07.949.970/0001-87;2012-01-01;3;CENTENNIAL ASSET PART. MINAS-RIO S/A;020176;FCA;15899;2012-04-02;http://www.rad.cvm.gov.br/ENETCONSULTA/frmDownloadDocumento.aspx?CodigoInstituicao=1&NumeroSequencialDocumento=15899
07.949.970/0001-87;2012-01-01;4;CENTENNIAL ASSET PART. MINAS-RIO S/A;020176;FCA;18398;2012-05-29;http://www.rad.cvm.gov.br/ENETCONSULTA/frmDownloadDocumento.aspx?CodigoInstituicao=1&NumeroSequencialDocumento=18398
07.949.970/0001-87;2012-01-01;5;CENTENNIAL ASSET PART. MINAS-RIO S/A;020176;FCA;21556;2012-10-05;http://www.rad.cvm.gov.br/ENETCONSULTA/frmDownloadDocumento.aspx?CodigoInstituicao=1&NumeroSequencialDocumento=21556
07.950.674/0001-04;2012-01-01;1;CCX CARVÃO DA COLÔMBIA S.A. - EM LIQUIDAÇÃO;020184;FCA;15590;2012-03-29;http://www.rad.cvm.gov.br/ENETCONSULTA/frmDownloadDocumento.aspx?CodigoInstituicao=1&NumeroSequencialDocumento=15590
07.950.674/0001-04;2012-01-01;2;CCX CARVÃO DA COLÔMBIA S.A. - EM LIQUIDAÇÃO;020184;FCA;16260;2012-04-18;http://www.rad.cvm.gov.br/ENETCONSULTA/frmDownloadDocumento.aspx?CodigoInstituicao=1&NumeroSequencialDocumento=16260
07.950.674/0001-04;2012-01-01;3;CCX CARVÃO DA COLÔMBIA S.A. - EM LIQUIDAÇÃO;020184;FCA;18254;2012-05-25;http://www.rad.cvm.gov.br/ENETCONSULTA/frmDownloadDocumento.aspx?CodigoInstituicao=1&NumeroSequencialDocumento=18254
07.950.674/0001-04;2012-01-01;4;CCX CARVÃO DA COLÔMBIA S.A. - EM LIQUIDAÇÃO;020184;FCA;18291;2012-05-28;http://www.rad.cvm.gov.br/ENETCONSULTA/frmDownloadDocumento.aspx?CodigoInstituicao=1&NumeroSequencialDocumento=18291
07.950.674/0001-04;2012-01-01;5;CCX CARVÃO DA COLÔMBIA S.A. - EM LIQUIDAÇÃO;020184;FCA;19393;2012-06-22;http://www.rad.cvm.gov.br/ENETCONSULTA/frmDownloadDocumento.aspx?CodigoInstituicao=1&NumeroSequencialDocumento=19393
07.950.674/0001-04;2012-01-01;6;CCX CARVÃO DA COLÔMBIA S.A. - EM LIQUIDAÇÃO;020184;FCA;22074;2012-11-05;http://www.rad.cvm.gov.br/ENETCONSULTA/frmDownloadDocumento.aspx?CodigoInstituicao=1&NumeroSequencialDocumento=22074
07.957.093/0001-96;2012-01-01;1;ÓLEO E GÁS PARTICIPAÇÕES S.A.;020168;FCA;13541;2012-01-02;http://www.rad.cvm.gov.br/ENETCONSULTA/frmDownloadDocumento.aspx?CodigoInstituicao=1&NumeroSequencialDocumento=13541
07.957.093/0001-96;2012-01-01;2;ÓLEO E GÁS PARTICIPAÇÕES S.A.;020168;FCA;16153;2012-04-12;http://www.rad.cvm.gov.br/ENETCONSULTA/frmDownloadDocumento.aspx?CodigoInstituicao=1&NumeroSequencialDocumento=16153
07.957.093/0001-96;2012-01-01;3;ÓLEO E GÁS PARTICIPAÇÕES S.A.;020168;FCA;16678;2012-05-03;http://www.rad.cvm.gov.br/ENETCONSULTA/frmDownloadDocumento.aspx?CodigoInstituicao=1&NumeroSequencialDocumento=16678
08.065.557/0001-12;2012-01-01;1;TECNISA S.A.;020435;FCA;14444;2012-02-17;http://www.rad.cvm.gov.br/ENETCONSULTA/frmDownloadDocumento.aspx?CodigoInstituicao=1&NumeroSequencialDocumento=14444
08.065.557/0001-12;2012-01-01;2;TECNISA S.A.;020435;FCA;17968;2012-05-17;http://www.rad.cvm.gov.br/ENETCONSULTA/frmDownloadDocumento.aspx?CodigoInstituicao=1&NumeroSequencialDocumento=17968
08.065.557/0001-12;2012-01-01;3;TECNISA S.A.;020435;FCA;21492;2012-10-01;http://www.rad.cvm.gov.br/ENETCONSULTA/frmDownloadDocumento.aspx?CodigoInstituicao=1&NumeroSequencialDocumento=21492
08.065.557/0001-12;2012-01-01;4;TECNISA S.A.;020435;FCA;22813;2012-11-16;http://www.rad.cvm.gov.br/ENETCONSULTA/frmDownloadDocumento.aspx?CodigoInstituicao=1&NumeroSequencialDocumento=22813
08.078.847/0001-09;2012-01-01;1;LPS BRASIL - CONSULTORIA DE IMOVEIS S.A.;020370;FCA;14088;2012-02-03;http://www.rad.cvm.gov.br/ENETCONSULTA/frmDownloadDocumento.aspx?CodigoInstituicao=1&NumeroSequencialDocumento=14088
08.078.847/0001-09;2012-01-01;2;LPS BRASIL - CONSULTORIA DE IMOVEIS S.A.;020370;FCA;16218;2012-04-16;http://www.rad.cvm.gov.br/ENETCONSULTA/frmDownloadDocumento.aspx?CodigoInstituicao=1&NumeroSequencialDocumento=16218
08.078.847/0001-09;2012-01-01;3;LPS BRASIL - CONSULTORIA DE IMOVEIS S.A.;020370;FCA;16225;2012-04-17;http://www.rad.cvm.gov.br/ENETCONSULTA/frmDownloadDocumento.aspx?CodigoInstituicao=1&NumeroSequencialDocumento=16225
08.078.847/0001-09;2012-01-01;4;LPS BRASIL - CONSULTORIA DE IMOVEIS S.A.;020370;FCA;17952;2012-05-16;http://www.rad.cvm.gov.br/ENETCONSULTA/frmDownloadDocumento.aspx?CodigoInstituicao=1&NumeroSequencialDocumento=17952
08.253.728/0001-37;2012-01-01;1;TFA SECURITIZADORA S/A;020460;FCA;15592;2012-03-29;http://www.rad.cvm.gov.br/ENETCONSULTA/frmDownloadDocumento.aspx?CodigoInstituicao=1&NumeroSequencialDocumento=15592
08.253.728/0001-37;2012-01-01;2;TFA SECURITIZADORA S/A;020460;FCA;18064;2012-05-21;http://www.rad.cvm.gov.br/ENETCONSULTA/frmDownloadDocumento.aspx?CodigoInstituicao=1&NumeroSequencialDocumento=18064
08.281.683/0001-04;2012-01-01;1;RJ CAPITAL PARTNERS S.A.;022330;FCA;14756;2012-03-07;http://www.rad.cvm.gov.br/ENETCONSULTA/frmDownloadDocumento.aspx?CodigoInstituicao=1&NumeroSequencialDocumento=14756
08.281.683/0001-04;2012-01-01;2;RJ CAPITAL PARTNERS S.A.;022330;FCA;17003;2012-05-08;http://www.rad.cvm.gov.br/ENETCONSULTA/frmDownloadDocumento.aspx?CodigoInstituicao=1&NumeroSequencialDocumento=17003
08.281.683/0001-04;2012-01-01;3;RJ CAPITAL PARTNERS S.A.;022330;FCA;21575;2012-10-08;http://www.rad.cvm.gov.br/ENETCONSULTA/frmDownloadDocumento.aspx?CodigoInstituicao=1&NumeroSequencialDocumento=21575
08.294.224/0001-65;2012-01-01;1;JHSF PARTICIPACOES S.A.;020605;FCA;15375;2012-03-26;http://www.rad.cvm.gov.br/ENETCONSULTA/frmDownloadDocumento.aspx?CodigoInstituicao=1&NumeroSequencialDocumento=15375
08.294.224/0001-65;2012-01-01;2;JHSF PARTICIPACOES S.A.;020605;FCA;16179;2012-04-13;http://www.rad.cvm.gov.br/ENETCONSULTA/frmDownloadDocumento.aspx?CodigoInstituicao=1&NumeroSequencialDocumento=16179
08.294.224/0001-65;2012-01-01;3;JHSF PARTICIPACOES S.A.;020605;FCA;18119;2012-05-22;http://www.rad.cvm.gov.br/ENETCONSULTA/frmDownloadDocumento.aspx?CodigoInstituicao=1&NumeroSequencialDocumento=18119
08.312.229/0001-73;2012-01-01;1;EZ TEC EMPREEND. E PARTICIPACOES S.A.;020770;FCA;14306;2012-02-14;http://www.rad.cvm.gov.br/ENETCONSULTA/frmDownloadDocumento.aspx?CodigoInstituicao=1&NumeroSequencialDocumento=14306
08.312.229/0001-73;2012-01-01;2;EZ TEC EMPREEND. E PARTICIPACOES S.A.;020770;FCA;16183;2012-04-13;http://www.rad.cvm.gov.br/ENETCONSULTA/frmDownloadDocumento.aspx?CodigoInstituicao=1&NumeroSequencialDocumento=16183
08.312.229/0001-73;2012-01-01;3;EZ TEC EMPREEND. E PARTICIPACOES S.A.;020770;FCA;17664;2012-05-15;http://www.rad.cvm.gov.br/ENETCONSULTA/frmDownloadDocumento.aspx?CodigoInstituicao=1&NumeroSequencialDocumento=17664
08.324.196/0001-81;2012-01-01;1;CIA ENERGETICA DO RIO GDE NORTE - COSERN;018139;FCA;13604;2012-01-05;http://www.rad.cvm.gov.br/ENETCONSULTA/frmDownloadDocumento.aspx?CodigoInstituicao=1&NumeroSequencialDocumento=13604
08.324.196/0001-81;2012-01-01;2;CIA ENERGETICA DO RIO GDE NORTE - COSERN;018139;FCA;17945;2012-05-16;http://www.rad.cvm.gov.br/ENETCONSULTA/frmDownloadDocumento.aspx?CodigoInstituicao=1&NumeroSequencialDocumento=17945
08.324.196/0001-81;2012-01-01;3;CIA ENERGETICA DO RIO GDE NORTE - COSERN;018139;FCA;19779;2012-07-20;http://www.rad.cvm.gov.br/ENETCONSULTA/frmDownloadDocumento.aspx?CodigoInstituicao=1&NumeroSequencialDocumento=19779
08.343.492/0001-20;2012-01-01;1;MRV ENGENHARIA E PARTICIPACOES S.A.;020915;FCA;13940;2012-01-25;http://www.rad.cvm.gov.br/ENETCONSULTA/frmDownloadDocumento.aspx?CodigoInstituicao=1&NumeroSequencialDocumento=13940
08.343.492/0001-20;2012-01-01;2;MRV ENGENHARIA E PARTICIPACOES S.A.;020915;FCA;15372;2012-03-26;http://www.rad.cvm.gov.br/ENETCONSULTA/frmDownloadDocumento.aspx?CodigoInstituicao=1&NumeroSequencialDocumento=15372
08.343.492/0001-20;2012-01-01;3;MRV ENGENHARIA E PARTICIPACOES S.A.;020915;FCA;16922;2012-05-07;http://www.rad.cvm.gov.br/ENETCONSULTA/frmDownloadDocumento.aspx?CodigoInstituicao=1&NumeroSequencialDocumento=16922
08.343.492/0001-20;2012-01-01;4;MRV ENGENHARIA E PARTICIPACOES S.A.;020915;FCA;19542;2012-07-04;http://www.rad.cvm.gov.br/ENETCONSULTA/frmDownloadDocumento.aspx?CodigoInstituicao=1&NumeroSequencialDocumento=19542
08.364.948/0001-38;2012-01-01;1;ALUPAR INVESTIMENTO S/A;021490;FCA;13827;2012-01-16;http://www.rad.cvm.gov.br/ENETCONSULTA/frmDownloadDocumento.aspx?CodigoInstituicao=1&NumeroSequencialDocumento=13827
08.364.948/0001-38;2012-01-01;2;ALUPAR INVESTIMENTO S/A;021490;FCA;14104;2012-02-06;http://www.rad.cvm.gov.br/ENETCONSULTA/frmDownloadDocumento.aspx?CodigoInstituicao=1&NumeroSequencialDocumento=14104
08.364.948/0001-38;2012-01-01;3;ALUPAR INVESTIMENTO S/A;021490;FCA;18153;2012-05-23;http://www.rad.cvm.gov.br/ENETCONSULTA/frmDownloadDocumento.aspx?CodigoInstituicao=1&NumeroSequencialDocumento=18153
08.364.948/0001-38;2012-01-01;4;ALUPAR INVESTIMENTO S/A;021490;FCA;21437;2012-09-26;http://www.rad.cvm.gov.br/ENETCONSULTA/frmDownloadDocumento.aspx?CodigoInstituicao=1&NumeroSequencialDocumento=21437
08.364.948/0001-38;2012-01-01;5;ALUPAR INVESTIMENTO S/A;021490;FCA;21604;2012-10-09;http://www.rad.cvm.gov.br/ENETCONSULTA/frmDownloadDocumento.aspx?CodigoInstituicao=1&NumeroSequencialDocumento=21604
08.402.943/0001-52;2012-01-01;1;GUARARAPES CONFECCOES S.A.;004669;FCA;15630;2012-03-29;http://www.rad.cvm.gov.br/ENETCONSULTA/frmDownloadDocumento.aspx?CodigoInstituicao=1&NumeroSequencialDocumento=15630
08.402.943/0001-52;2012-01-01;2;GUARARAPES CONFECCOES S.A.;004669;FCA;22078;2012-11-05;http://www.rad.cvm.gov.br/ENETCONSULTA/frmDownloadDocumento.aspx?CodigoInstituicao=1&NumeroSequencialDocumento=22078
08.424.178/0001-71;2012-01-01;1;TECBLU TECELAGEM BLUMENAU S.A.;011215;FCA;15659;2012-03-29;http://www.rad.cvm.gov.br/ENETCONSULTA/frmDownloadDocumento.aspx?CodigoInstituicao=1&NumeroSequencialDocumento=15659
08.424.178/0001-71;2012-01-01;2;TECBLU TECELAGEM BLUMENAU S.A.;011215;FCA;17476;2012-05-14;http://www.rad.cvm.gov.br/ENETCONSULTA/frmDownloadDocumento.aspx?CodigoInstituicao=1&NumeroSequencialDocumento=17476
08.439.659/0001-50;2012-01-01;1;CPFL ENERGIAS RENOVÁVEIS S.A.;020540;FCA;14733;2012-03-07;http://www.rad.cvm.gov.br/ENETCONSULTA/frmDownloadDocumento.aspx?CodigoInstituicao=1&NumeroSequencialDocumento=14733
08.439.659/0001-50;2012-01-01;2;CPFL ENERGIAS RENOVÁVEIS S.A.;020540;FCA;16515;2012-04-27;http://www.rad.cvm.gov.br/ENETCONSULTA/frmDownloadDocumento.aspx?CodigoInstituicao=1&NumeroSequencialDocumento=16515
08.439.659/0001-50;2012-01-01;3;CPFL ENERGIAS RENOVÁVEIS S.A.;020540;FCA;16516;2012-04-27;http://www.rad.cvm.gov.br/ENETCONSULTA/frmDownloadDocumento.aspx?CodigoInstituicao=1&NumeroSequencialDocumento=16516
08.439.659/0001-50;2012-01-01;4;CPFL ENERGIAS RENOVÁVEIS S.A.;020540;FCA;16664;2012-05-03;http://www.rad.cvm.gov.br/ENETCONSULTA/frmDownloadDocumento.aspx?CodigoInstituicao=1&NumeroSequencialDocumento=16664
08.439.659/0001-50;2012-01-01;5;CPFL ENERGIAS RENOVÁVEIS S.A.;020540;FCA;16750;2012-05-04;http://www.rad.cvm.gov.br/ENETCONSULTA/frmDownloadDocumento.aspx?CodigoInstituicao=1&NumeroSequencialDocumento=16750
08.439.659/0001-50;2012-01-01;6;CPFL ENERGIAS RENOVÁVEIS S.A.;020540;FCA;18875;2012-05-31;http://www.rad.cvm.gov.br/ENETCONSULTA/frmDownloadDocumento.aspx?CodigoInstituicao=1&NumeroSequencialDocumento=18875
08.439.659/0001-50;2012-01-01;7;CPFL ENERGIAS RENOVÁVEIS S.A.;020540;FCA;19446;2012-06-26;http://www.rad.cvm.gov.br/ENETCONSULTA/frmDownloadDocumento.aspx?CodigoInstituicao=1&NumeroSequencialDocumento=19446
08.439.659/0001-50;2012-01-01;8;CPFL ENERGIAS RENOVÁVEIS S.A.;020540;FCA;21866;2012-10-24;http://www.rad.cvm.gov.br/ENETCONSULTA/frmDownloadDocumento.aspx?CodigoInstituicao=1&NumeroSequencialDocumento=21866
08.467.115/0001-00;2012-01-01;1;CIA ESTADUAL DE DISTRIB ENER ELET-CEEE-D;020648;FCA;13801;2012-01-13;http://www.rad.cvm.gov.br/ENETCONSULTA/frmDownloadDocumento.aspx?CodigoInstituicao=1&NumeroSequencialDocumento=13801
08.467.115/0001-00;2012-01-01;2;CIA ESTADUAL DE DISTRIB ENER ELET-CEEE-D;020648;FCA;19100;2012-06-01;http://www.rad.cvm.gov.br/ENETCONSULTA/frmDownloadDocumento.aspx?CodigoInstituicao=1&NumeroSequencialDocumento=19100
08.493.364/0001-62;2012-01-01;1;CIA MINEIRA DE AÇUCAR E ALCOOL PARTICIPAÇÕES;021709;FCA;14291;2012-02-14;http://www.rad.cvm.gov.br/ENETCONSULTA/frmDownloadDocumento.aspx?CodigoInstituicao=1&NumeroSequencialDocumento=14291
08.493.364/0001-62;2012-01-01;2;CIA MINEIRA DE AÇUCAR E ALCOOL PARTICIPAÇÕES;021709;FCA;18542;2012-05-30;http://www.rad.cvm.gov.br/ENETCONSULTA/frmDownloadDocumento.aspx?CodigoInstituicao=1&NumeroSequencialDocumento=18542
08.493.364/0001-62;2012-01-01;3;CIA MINEIRA DE AÇUCAR E ALCOOL PARTICIPAÇÕES;021709;FCA;20606;2012-08-14;http://www.rad.cvm.gov.br/ENETCONSULTA/frmDownloadDocumento.aspx?CodigoInstituicao=1&NumeroSequencialDocumento=20606
08.493.364/0001-62;2012-01-01;4;CIA MINEIRA DE AÇUCAR E ALCOOL PARTICIPAÇÕES;021709;FCA;21891;2012-10-25;http://www.rad.cvm.gov.br/ENETCONSULTA/frmDownloadDocumento.aspx?CodigoInstituicao=1&NumeroSequencialDocumento=21891
08.534.605/0001-74;2012-01-01;1;RENOVA ENERGIA S.A. - EM RECUPERAÇÃO JUDICIAL;021636;FCA;13752;2012-01-11;http://www.rad.cvm.gov.br/ENETCONSULTA/frmDownloadDocumento.aspx?CodigoInstituicao=1&NumeroSequencialDocumento=13752
08.534.605/0001-74;2012-01-01;2;RENOVA ENERGIA S.A. - EM RECUPERAÇÃO JUDICIAL;021636;FCA;14051;2012-02-01;http://www.rad.cvm.gov.br/ENETCONSULTA/frmDownloadDocumento.aspx?CodigoInstituicao=1&NumeroSequencialDocumento=14051
08.534.605/0001-74;2012-01-01;3;RENOVA ENERGIA S.A. - EM RECUPERAÇÃO JUDICIAL;021636;FCA;16695;2012-05-03;http://www.rad.cvm.gov.br/ENETCONSULTA/frmDownloadDocumento.aspx?CodigoInstituicao=1&NumeroSequencialDocumento=16695
08.534.605/0001-74;2012-01-01;4;RENOVA ENERGIA S.A. - EM RECUPERAÇÃO JUDICIAL;021636;FCA;19031;2012-05-31;http://www.rad.cvm.gov.br/ENETCONSULTA/frmDownloadDocumento.aspx?CodigoInstituicao=1&NumeroSequencialDocumento=19031
08.560.444/0001-93;2012-01-01;1;CIA CELG DE PARTICIPACOES - CELGPAR;021393;FCA;13992;2012-01-27;http://www.rad.cvm.gov.br/ENETCONSULTA/frmDownloadDocumento.aspx?CodigoInstituicao=1&NumeroSequencialDocumento=13992
08.560.444/0001-93;2012-01-01;2;CIA CELG DE PARTICIPACOES - CELGPAR;021393;FCA;14383;2012-02-16;http://www.rad.cvm.gov.br/ENETCONSULTA/frmDownloadDocumento.aspx?CodigoInstituicao=1&NumeroSequencialDocumento=14383
08.560.444/0001-93;2012-01-01;3;CIA CELG DE PARTICIPACOES - CELGPAR;021393;FCA;16541;2012-04-27;http://www.rad.cvm.gov.br/ENETCONSULTA/frmDownloadDocumento.aspx?CodigoInstituicao=1&NumeroSequencialDocumento=16541
08.560.444/0001-93;2012-01-01;4;CIA CELG DE PARTICIPACOES - CELGPAR;021393;FCA;18649;2012-05-31;http://www.rad.cvm.gov.br/ENETCONSULTA/frmDownloadDocumento.aspx?CodigoInstituicao=1&NumeroSequencialDocumento=18649
08.560.444/0001-93;2012-01-01;5;CIA CELG DE PARTICIPACOES - CELGPAR;021393;FCA;18655;2012-05-31;http://www.rad.cvm.gov.br/ENETCONSULTA/frmDownloadDocumento.aspx?CodigoInstituicao=1&NumeroSequencialDocumento=18655
08.572.741/0001-59;2012-01-01;1;REP REAL ESTATE PARTNERS DESENV IMOB SA;021539;FCA;14876;2012-03-09;http://www.rad.cvm.gov.br/ENETCONSULTA/frmDownloadDocumento.aspx?CodigoInstituicao=1&NumeroSequencialDocumento=14876
08.572.741/0001-59;2012-01-01;2;REP REAL ESTATE PARTNERS DESENV IMOB SA;021539;FCA;17871;2012-05-15;http://www.rad.cvm.gov.br/ENETCONSULTA/frmDownloadDocumento.aspx?CodigoInstituicao=1&NumeroSequencialDocumento=17871
08.613.550/0001-98;2012-01-01;1;NEXPE PARTICIPAÇÕES S.A;021180;FCA;14254;2012-02-13;http://www.rad.cvm.gov.br/ENETCONSULTA/frmDownloadDocumento.aspx?CodigoInstituicao=1&NumeroSequencialDocumento=14254
08.613.550/0001-98;2012-01-01;2;NEXPE PARTICIPAÇÕES S.A;021180;FCA;16124;2012-04-11;http://www.rad.cvm.gov.br/ENETCONSULTA/frmDownloadDocumento.aspx?CodigoInstituicao=1&NumeroSequencialDocumento=16124
08.613.550/0001-98;2012-01-01;3;NEXPE PARTICIPAÇÕES S.A;021180;FCA;16126;2012-04-11;http://www.rad.cvm.gov.br/ENETCONSULTA/frmDownloadDocumento.aspx?CodigoInstituicao=1&NumeroSequencialDocumento=16126
08.613.550/0001-98;2012-01-01;4;NEXPE PARTICIPAÇÕES S.A;021180;FCA;16744;2012-05-03;http://www.rad.cvm.gov.br/ENETCONSULTA/frmDownloadDocumento.aspx?CodigoInstituicao=1&NumeroSequencialDocumento=16744
08.613.550/0001-98;2012-01-01;5;NEXPE PARTICIPAÇÕES S.A;021180;FCA;23394;2012-12-20;http://www.rad.cvm.gov.br/ENETCONSULTA/frmDownloadDocumento.aspx?CodigoInstituicao=1&NumeroSequencialDocumento=23394
08.638.269/0001-00;2012-01-01;1;SETIBA PARTICIPAÇÕES S/A;020834;FCA;15511;2012-03-28;http://www.rad.cvm.gov.br/ENETCONSULTA/frmDownloadDocumento.aspx?CodigoInstituicao=1&NumeroSequencialDocumento=15511
08.638.269/0001-00;2012-01-01;2;SETIBA PARTICIPAÇÕES S/A;020834;FCA;16178;2012-04-13;http://www.rad.cvm.gov.br/ENETCONSULTA/frmDownloadDocumento.aspx?CodigoInstituicao=1&NumeroSequencialDocumento=16178
08.638.269/0001-00;2012-01-01;3;SETIBA PARTICIPAÇÕES S/A;020834;FCA;17199;2012-05-10;http://www.rad.cvm.gov.br/ENETCONSULTA/frmDownloadDocumento.aspx?CodigoInstituicao=1&NumeroSequencialDocumento=17199
08.648.295/0001-19;2012-01-01;1;ALLIS PARTICIPAÇÕES S.A.;020850;FCA;15566;2012-03-28;http://www.rad.cvm.gov.br/ENETCONSULTA/frmDownloadDocumento.aspx?CodigoInstituicao=1&NumeroSequencialDocumento=15566
08.648.295/0001-19;2012-01-01;2;ALLIS PARTICIPAÇÕES S.A.;020850;FCA;16658;2012-05-02;http://www.rad.cvm.gov.br/ENETCONSULTA/frmDownloadDocumento.aspx?CodigoInstituicao=1&NumeroSequencialDocumento=16658
08.653.753/0001-08;2012-01-01;1;BRC SECURITIZADORA S.A.;020672;FCA;15801;2012-03-30;http://www.rad.cvm.gov.br/ENETCONSULTA/frmDownloadDocumento.aspx?CodigoInstituicao=1&NumeroSequencialDocumento=15801
08.653.753/0001-08;2012-01-01;2;BRC SECURITIZADORA S.A.;020672;FCA;16732;2012-05-03;http://www.rad.cvm.gov.br/ENETCONSULTA/frmDownloadDocumento.aspx?CodigoInstituicao=1&NumeroSequencialDocumento=16732
08.684.547/0001-65;2012-01-01;1;MAGNESITA REFRATARIOS S.A.;020842;FCA;14777;2012-03-07;http://www.rad.cvm.gov.br/ENETCONSULTA/frmDownloadDocumento.aspx?CodigoInstituicao=1&NumeroSequencialDocumento=14777
08.684.547/0001-65;2012-01-01;2;MAGNESITA REFRATARIOS S.A.;020842;FCA;14999;2012-03-14;http://www.rad.cvm.gov.br/ENETCONSULTA/frmDownloadDocumento.aspx?CodigoInstituicao=1&NumeroSequencialDocumento=14999
08.684.547/0001-65;2012-01-01;3;MAGNESITA REFRATARIOS S.A.;020842;FCA;19127;2012-06-04;http://www.rad.cvm.gov.br/ENETCONSULTA/frmDownloadDocumento.aspx?CodigoInstituicao=1&NumeroSequencialDocumento=19127
08.684.547/0001-65;2012-01-01;4;MAGNESITA REFRATARIOS S.A.;020842;FCA;20874;2012-08-20;http://www.rad.cvm.gov.br/ENETCONSULTA/frmDownloadDocumento.aspx?CodigoInstituicao=1&NumeroSequencialDocumento=20874
08.684.547/0001-65;2012-01-01;5;MAGNESITA REFRATARIOS S.A.;020842;FCA;21835;2012-10-23;http://www.rad.cvm.gov.br/ENETCONSULTA/frmDownloadDocumento.aspx?CodigoInstituicao=1&NumeroSequencialDocumento=21835
08.723.106/0001-25;2012-01-01;1;BHG S.A. - BRAZIL HOSPITALITY GROUP;020907;FCA;14137;2012-02-07;http://www.rad.cvm.gov.br/ENETCONSULTA/frmDownloadDocumento.aspx?CodigoInstituicao=1&NumeroSequencialDocumento=14137
08.723.106/0001-25;2012-01-01;2;BHG S.A. - BRAZIL HOSPITALITY GROUP;020907;FCA;17009;2012-05-08;http://www.rad.cvm.gov.br/ENETCONSULTA/frmDownloadDocumento.aspx?CodigoInstituicao=1&NumeroSequencialDocumento=17009
08.723.106/0001-25;2012-01-01;3;BHG S.A. - BRAZIL HOSPITALITY GROUP;020907;FCA;23404;2012-12-21;http://www.rad.cvm.gov.br/ENETCONSULTA/frmDownloadDocumento.aspx?CodigoInstituicao=1&NumeroSequencialDocumento=23404
08.741.499/0001-08;2012-01-01;1;PRUMO LOGISTICA SA;021482;FCA;13829;2012-01-16;http://www.rad.cvm.gov.br/ENETCONSULTA/frmDownloadDocumento.aspx?CodigoInstituicao=1&NumeroSequencialDocumento=13829
08.741.499/0001-08;2012-01-01;2;PRUMO LOGISTICA SA;021482;FCA;16090;2012-04-10;http://www.rad.cvm.gov.br/ENETCONSULTA/frmDownloadDocumento.aspx?CodigoInstituicao=1&NumeroSequencialDocumento=16090
08.741.499/0001-08;2012-01-01;3;PRUMO LOGISTICA SA;021482;FCA;18621;2012-05-30;http://www.rad.cvm.gov.br/ENETCONSULTA/frmDownloadDocumento.aspx?CodigoInstituicao=1&NumeroSequencialDocumento=18621
08.741.499/0001-08;2012-01-01;4;PRUMO LOGISTICA SA;021482;FCA;19833;2012-07-24;http://www.rad.cvm.gov.br/ENETCONSULTA/frmDownloadDocumento.aspx?CodigoInstituicao=1&NumeroSequencialDocumento=19833
08.741.499/0001-08;2012-01-01;5;PRUMO LOGISTICA SA;021482;FCA;19837;2012-07-24;http://www.rad.cvm.gov.br/ENETCONSULTA/frmDownloadDocumento.aspx?CodigoInstituicao=1&NumeroSequencialDocumento=19837
08.741.499/0001-08;2012-01-01;6;PRUMO LOGISTICA SA;021482;FCA;21382;2012-09-20;http://www.rad.cvm.gov.br/ENETCONSULTA/frmDownloadDocumento.aspx?CodigoInstituicao=1&NumeroSequencialDocumento=21382
08.741.499/0001-08;2012-01-01;7;PRUMO LOGISTICA SA;021482;FCA;22850;2012-11-19;http://www.rad.cvm.gov.br/ENETCONSULTA/frmDownloadDocumento.aspx?CodigoInstituicao=1&NumeroSequencialDocumento=22850
08.741.499/0001-08;2012-01-01;8;PRUMO LOGISTICA SA;021482;FCA;23079;2012-12-06;http://www.rad.cvm.gov.br/ENETCONSULTA/frmDownloadDocumento.aspx?CodigoInstituicao=1&NumeroSequencialDocumento=23079
08.741.499/0001-08;2012-01-01;9;PRUMO LOGISTICA SA;021482;FCA;23445;2012-12-26;http://www.rad.cvm.gov.br/ENETCONSULTA/frmDownloadDocumento.aspx?CodigoInstituicao=1&NumeroSequencialDocumento=23445
08.764.621/0001-53;2012-01-01;1;GENERAL SHOPPING E OUTLETS DO BRASIL BRASIL S.A.;021008;FCA;13646;2012-01-06;http://www.rad.cvm.gov.br/ENETCONSULTA/frmDownloadDocumento.aspx?CodigoInstituicao=1&NumeroSequencialDocumento=13646
08.764.621/0001-53;2012-01-01;2;GENERAL SHOPPING E OUTLETS DO BRASIL BRASIL S.A.;021008;FCA;17236;2012-05-10;http://www.rad.cvm.gov.br/ENETCONSULTA/frmDownloadDocumento.aspx?CodigoInstituicao=1&NumeroSequencialDocumento=17236
08.764.621/0001-53;2012-01-01;3;GENERAL SHOPPING E OUTLETS DO BRASIL BRASIL S.A.;021008;FCA;21772;2012-10-19;http://www.rad.cvm.gov.br/ENETCONSULTA/frmDownloadDocumento.aspx?CodigoInstituicao=1&NumeroSequencialDocumento=21772
08.769.451/0001-08;2012-01-01;1;VIRGO COMPANHIA DE SECURITIZAÇÃO;020818;FCA;15237;2012-03-22;http://www.rad.cvm.gov.br/ENETCONSULTA/frmDownloadDocumento.aspx?CodigoInstituicao=1&NumeroSequencialDocumento=15237
08.769.451/0001-08;2012-01-01;2;VIRGO COMPANHIA DE SECURITIZAÇÃO;020818;FCA;16845;2012-05-06;http://www.rad.cvm.gov.br/ENETCONSULTA/frmDownloadDocumento.aspx?CodigoInstituicao=1&NumeroSequencialDocumento=16845
08.769.451/0001-08;2012-01-01;3;VIRGO COMPANHIA DE SECURITIZAÇÃO;020818;FCA;18228;2012-05-25;http://www.rad.cvm.gov.br/ENETCONSULTA/frmDownloadDocumento.aspx?CodigoInstituicao=1&NumeroSequencialDocumento=18228
08.769.451/0001-08;2012-01-01;4;VIRGO COMPANHIA DE SECURITIZAÇÃO;020818;FCA;20685;2012-08-14;http://www.rad.cvm.gov.br/ENETCONSULTA/frmDownloadDocumento.aspx?CodigoInstituicao=1&NumeroSequencialDocumento=20685
08.769.451/0001-08;2012-01-01;5;VIRGO COMPANHIA DE SECURITIZAÇÃO;020818;FCA;22216;2012-11-08;http://www.rad.cvm.gov.br/ENETCONSULTA/frmDownloadDocumento.aspx?CodigoInstituicao=1&NumeroSequencialDocumento=22216
08.769.451/0001-08;2012-01-01;6;VIRGO COMPANHIA DE SECURITIZAÇÃO;020818;FCA;23414;2012-12-21;http://www.rad.cvm.gov.br/ENETCONSULTA/frmDownloadDocumento.aspx?CodigoInstituicao=1&NumeroSequencialDocumento=23414
08.801.621/0001-86;2012-01-01;1;SYN PROP & TECH S.A.;021040;FCA;14704;2012-03-06;http://www.rad.cvm.gov.br/ENETCONSULTA/frmDownloadDocumento.aspx?CodigoInstituicao=1&NumeroSequencialDocumento=14704
08.801.621/0001-86;2012-01-01;2;SYN PROP & TECH S.A.;021040;FCA;16780;2012-05-04;http://www.rad.cvm.gov.br/ENETCONSULTA/frmDownloadDocumento.aspx?CodigoInstituicao=1&NumeroSequencialDocumento=16780
08.807.432/0001-10;2012-01-01;1;YDUQS PARTICIPACOES S.A.;021016;FCA;13706;2012-01-10;http://www.rad.cvm.gov.br/ENETCONSULTA/frmDownloadDocumento.aspx?CodigoInstituicao=1&NumeroSequencialDocumento=13706
08.807.432/0001-10;2012-01-01;2;YDUQS PARTICIPACOES S.A.;021016;FCA;14646;2012-03-01;http://www.rad.cvm.gov.br/ENETCONSULTA/frmDownloadDocumento.aspx?CodigoInstituicao=1&NumeroSequencialDocumento=14646
08.807.432/0001-10;2012-01-01;3;YDUQS PARTICIPACOES S.A.;021016;FCA;17905;2012-05-16;http://www.rad.cvm.gov.br/ENETCONSULTA/frmDownloadDocumento.aspx?CodigoInstituicao=1&NumeroSequencialDocumento=17905
08.807.432/0001-10;2012-01-01;4;YDUQS PARTICIPACOES S.A.;021016;FCA;22217;2012-11-08;http://www.rad.cvm.gov.br/ENETCONSULTA/frmDownloadDocumento.aspx?CodigoInstituicao=1&NumeroSequencialDocumento=22217
08.807.432/0001-10;2012-01-01;5;YDUQS PARTICIPACOES S.A.;021016;FCA;23302;2012-12-17;http://www.rad.cvm.gov.br/ENETCONSULTA/frmDownloadDocumento.aspx?CodigoInstituicao=1&NumeroSequencialDocumento=23302
08.811.643/0001-27;2012-01-01;1;TRISUL S.A.;021130;FCA;15674;2012-03-29;http://www.rad.cvm.gov.br/ENETCONSULTA/frmDownloadDocumento.aspx?CodigoInstituicao=1&NumeroSequencialDocumento=15674
08.811.643/0001-27;2012-01-01;2;TRISUL S.A.;021130;FCA;16718;2012-05-03;http://www.rad.cvm.gov.br/ENETCONSULTA/frmDownloadDocumento.aspx?CodigoInstituicao=1&NumeroSequencialDocumento=16718
08.811.643/0001-27;2012-01-01;3;TRISUL S.A.;021130;FCA;18808;2012-05-31;http://www.rad.cvm.gov.br/ENETCONSULTA/frmDownloadDocumento.aspx?CodigoInstituicao=1&NumeroSequencialDocumento=18808
08.811.643/0001-27;2012-01-01;4;TRISUL S.A.;021130;FCA;22574;2012-11-14;http://www.rad.cvm.gov.br/ENETCONSULTA/frmDownloadDocumento.aspx?CodigoInstituicao=1&NumeroSequencialDocumento=22574
08.835.366/0001-92;2012-01-01;1;CENTENNIAL ASSET PARTICIPAÇÕES AÇU S.A.;021245;FCA;14658;2012-03-02;http://www.rad.cvm.gov.br/ENETCONSULTA/frmDownloadDocumento.aspx?CodigoInstituicao=1&NumeroSequencialDocumento=14658
08.835.366/0001-92;2012-01-01;2;CENTENNIAL ASSET PARTICIPAÇÕES AÇU S.A.;021245;FCA;18256;2012-05-25;http://www.rad.cvm.gov.br/ENETCONSULTA/frmDownloadDocumento.aspx?CodigoInstituicao=1&NumeroSequencialDocumento=18256
08.835.366/0001-92;2012-01-01;3;CENTENNIAL ASSET PARTICIPAÇÕES AÇU S.A.;021245;FCA;21355;2012-09-19;http://www.rad.cvm.gov.br/ENETCONSULTA/frmDownloadDocumento.aspx?CodigoInstituicao=1&NumeroSequencialDocumento=21355
08.835.366/0001-92;2012-01-01;4;CENTENNIAL ASSET PARTICIPAÇÕES AÇU S.A.;021245;FCA;21649;2012-10-11;http://www.rad.cvm.gov.br/ENETCONSULTA/frmDownloadDocumento.aspx?CodigoInstituicao=1&NumeroSequencialDocumento=21649
08.835.366/0001-92;2012-01-01;5;CENTENNIAL ASSET PARTICIPAÇÕES AÇU S.A.;021245;FCA;23451;2012-12-26;http://www.rad.cvm.gov.br/ENETCONSULTA/frmDownloadDocumento.aspx?CodigoInstituicao=1&NumeroSequencialDocumento=23451
08.873.873/0001-10;2012-01-01;1;ECORODOVIAS CONCESSÕES E SERVIÇOS S.A.;021903;FCA;14997;2012-03-14;http://www.rad.cvm.gov.br/ENETCONSULTA/frmDownloadDocumento.aspx?CodigoInstituicao=1&NumeroSequencialDocumento=14997
08.873.873/0001-10;2012-01-01;2;ECORODOVIAS CONCESSÕES E SERVIÇOS S.A.;021903;FCA;18328;2012-05-29;http://www.rad.cvm.gov.br/ENETCONSULTA/frmDownloadDocumento.aspx?CodigoInstituicao=1&NumeroSequencialDocumento=18328
08.873.873/0001-10;2012-01-01;3;ECORODOVIAS CONCESSÕES E SERVIÇOS S.A.;021903;FCA;19456;2012-06-27;http://www.rad.cvm.gov.br/ENETCONSULTA/frmDownloadDocumento.aspx?CodigoInstituicao=1&NumeroSequencialDocumento=19456
08.873.873/0001-10;2012-01-01;4;ECORODOVIAS CONCESSÕES E SERVIÇOS S.A.;021903;FCA;20863;2012-08-20;http://www.rad.cvm.gov.br/ENETCONSULTA/frmDownloadDocumento.aspx?CodigoInstituicao=1&NumeroSequencialDocumento=20863
08.873.873/0001-10;2012-01-01;5;ECORODOVIAS CONCESSÕES E SERVIÇOS S.A.;021903;FCA;21056;2012-08-31;http://www.rad.cvm.gov.br/ENETCONSULTA/frmDownloadDocumento.aspx?CodigoInstituicao=1&NumeroSequencialDocumento=21056
08.873.873/0001-10;2012-01-01;6;ECORODOVIAS CONCESSÕES E SERVIÇOS S.A.;021903;FCA;21103;2012-09-03;http://www.rad.cvm.gov.br/ENETCONSULTA/frmDownloadDocumento.aspx?CodigoInstituicao=1&NumeroSequencialDocumento=21103
08.873.873/0001-10;2012-01-01;7;ECORODOVIAS CONCESSÕES E SERVIÇOS S.A.;021903;FCA;21680;2012-10-15;http://www.rad.cvm.gov.br/ENETCONSULTA/frmDownloadDocumento.aspx?CodigoInstituicao=1&NumeroSequencialDocumento=21680
08.884.213/0001-35;2012-01-01;1;BCO PATAGONIA S.A.;080063;FCA;13575;2012-01-04;http://www.rad.cvm.gov.br/ENETCONSULTA/frmDownloadDocumento.aspx?CodigoInstituicao=1&NumeroSequencialDocumento=13575
08.884.213/0001-35;2012-01-01;2;BCO PATAGONIA S.A.;080063;FCA;15292;2012-03-23;http://www.rad.cvm.gov.br/ENETCONSULTA/frmDownloadDocumento.aspx?CodigoInstituicao=1&NumeroSequencialDocumento=15292
08.884.213/0001-35;2012-01-01;3;BCO PATAGONIA S.A.;080063;FCA;22170;2012-11-07;http://www.rad.cvm.gov.br/ENETCONSULTA/frmDownloadDocumento.aspx?CodigoInstituicao=1&NumeroSequencialDocumento=22170
08.887.330/0001-52;2012-01-01;1;COSAN LIMITED;080071;FCA;10453;2011-08-01;http://www.rad.cvm.gov.br/ENETCONSULTA/frmDownloadDocumento.aspx?CodigoInstituicao=1&NumeroSequencialDocumento=10453
08.887.330/0001-52;2012-01-01;2;COSAN LIMITED;080071;FCA;18384;2012-05-29;http://www.rad.cvm.gov.br/ENETCONSULTA/frmDownloadDocumento.aspx?CodigoInstituicao=1&NumeroSequencialDocumento=18384
08.887.330/0001-52;2012-01-01;3;COSAN LIMITED;080071;FCA;19938;2012-07-30;http://www.rad.cvm.gov.br/ENETCONSULTA/frmDownloadDocumento.aspx?CodigoInstituicao=1&NumeroSequencialDocumento=19938
08.903.116/0001-42;2012-01-01;1;NOVA SECURITIZACAO S.A.;021105;FCA;13553;2012-01-02;http://www.rad.cvm.gov.br/ENETCONSULTA/frmDownloadDocumento.aspx?CodigoInstituicao=1&NumeroSequencialDocumento=13553
08.903.116/0001-42;2012-01-01;2;NOVA SECURITIZACAO S.A.;021105;FCA;18338;2012-05-29;http://www.rad.cvm.gov.br/ENETCONSULTA/frmDownloadDocumento.aspx?CodigoInstituicao=1&NumeroSequencialDocumento=18338
08.903.116/0001-42;2012-01-01;3;NOVA SECURITIZACAO S.A.;021105;FCA;20959;2012-08-23;http://www.rad.cvm.gov.br/ENETCONSULTA/frmDownloadDocumento.aspx?CodigoInstituicao=1&NumeroSequencialDocumento=20959
08.904.090/0001-57;2012-01-01;1;MATONE SECURITIZADORA S/A;021059;FCA;14952;2012-03-13;http://www.rad.cvm.gov.br/ENETCONSULTA/frmDownloadDocumento.aspx?CodigoInstituicao=1&NumeroSequencialDocumento=14952
08.904.090/0001-57;2012-01-01;2;MATONE SECURITIZADORA S/A;021059;FCA;17070;2012-05-09;http://www.rad.cvm.gov.br/ENETCONSULTA/frmDownloadDocumento.aspx?CodigoInstituicao=1&NumeroSequencialDocumento=17070
08.904.552/0001-36;2012-01-01;1;LAEP INVESTMENTS LTD;080098;FCA;13901;2012-01-20;http://www.rad.cvm.gov.br/ENETCONSULTA/frmDownloadDocumento.aspx?CodigoInstituicao=1&NumeroSequencialDocumento=13901
08.904.552/0001-36;2012-01-01;2;LAEP INVESTMENTS LTD;080098;FCA;14143;2012-02-07;http://www.rad.cvm.gov.br/ENETCONSULTA/frmDownloadDocumento.aspx?CodigoInstituicao=1&NumeroSequencialDocumento=14143
08.904.552/0001-36;2012-01-01;3;LAEP INVESTMENTS LTD;080098;FCA;18413;2012-05-29;http://www.rad.cvm.gov.br/ENETCONSULTA/frmDownloadDocumento.aspx?CodigoInstituicao=1&NumeroSequencialDocumento=18413
08.904.552/0001-36;2012-01-01;4;LAEP INVESTMENTS LTD;080098;FCA;19765;2012-07-19;http://www.rad.cvm.gov.br/ENETCONSULTA/frmDownloadDocumento.aspx?CodigoInstituicao=1&NumeroSequencialDocumento=19765
08.935.054/0001-50;2012-01-01;1;MULTINER S/A;021520;FCA;13625;2012-01-05;http://www.rad.cvm.gov.br/ENETCONSULTA/frmDownloadDocumento.aspx?CodigoInstituicao=1&NumeroSequencialDocumento=13625
08.935.054/0001-50;2012-01-01;2;MULTINER S/A;021520;FCA;14170;2012-02-08;http://www.rad.cvm.gov.br/ENETCONSULTA/frmDownloadDocumento.aspx?CodigoInstituicao=1&NumeroSequencialDocumento=14170
08.935.054/0001-50;2012-01-01;3;MULTINER S/A;021520;FCA;16082;2012-04-10;http://www.rad.cvm.gov.br/ENETCONSULTA/frmDownloadDocumento.aspx?CodigoInstituicao=1&NumeroSequencialDocumento=16082
08.935.054/0001-50;2012-01-01;4;MULTINER S/A;021520;FCA;16694;2012-05-03;http://www.rad.cvm.gov.br/ENETCONSULTA/frmDownloadDocumento.aspx?CodigoInstituicao=1&NumeroSequencialDocumento=16694
08.936.792/0001-12;2012-01-01;1;INTERNATIONAL MEAL COMPANY HOLDINGS S/A;022438;FCA;14894;2012-03-12;http://www.rad.cvm.gov.br/ENETCONSULTA/frmDownloadDocumento.aspx?CodigoInstituicao=1&NumeroSequencialDocumento=14894
08.936.792/0001-12;2012-01-01;2;INTERNATIONAL MEAL COMPANY HOLDINGS S/A;022438;FCA;15190;2012-03-21;http://www.rad.cvm.gov.br/ENETCONSULTA/frmDownloadDocumento.aspx?CodigoInstituicao=1&NumeroSequencialDocumento=15190
08.936.792/0001-12;2012-01-01;3;INTERNATIONAL MEAL COMPANY HOLDINGS S/A;022438;FCA;15957;2012-04-03;http://www.rad.cvm.gov.br/ENETCONSULTA/frmDownloadDocumento.aspx?CodigoInstituicao=1&NumeroSequencialDocumento=15957
08.936.792/0001-12;2012-01-01;4;INTERNATIONAL MEAL COMPANY HOLDINGS S/A;022438;FCA;22456;2012-11-13;http://www.rad.cvm.gov.br/ENETCONSULTA/frmDownloadDocumento.aspx?CodigoInstituicao=1&NumeroSequencialDocumento=22456
08.936.792/0001-12;2012-01-01;5;INTERNATIONAL MEAL COMPANY HOLDINGS S/A;022438;FCA;23430;2012-12-21;http://www.rad.cvm.gov.br/ENETCONSULTA/frmDownloadDocumento.aspx?CodigoInstituicao=1&NumeroSequencialDocumento=23430
08.937.002/0001-13;2012-01-01;1;VISION SECURITIZADORA S.A.;021075;FCA;15352;2012-03-26;http://www.rad.cvm.gov.br/ENETCONSULTA/frmDownloadDocumento.aspx?CodigoInstituicao=1&NumeroSequencialDocumento=15352
08.937.002/0001-13;2012-01-01;2;VISION SECURITIZADORA S.A.;021075;FCA;17364;2012-05-11;http://www.rad.cvm.gov.br/ENETCONSULTA/frmDownloadDocumento.aspx?CodigoInstituicao=1&NumeroSequencialDocumento=17364
08.937.002/0001-13;2012-01-01;3;VISION SECURITIZADORA S.A.;021075;FCA;20746;2012-08-15;http://www.rad.cvm.gov.br/ENETCONSULTA/frmDownloadDocumento.aspx?CodigoInstituicao=1&NumeroSequencialDocumento=20746
08.943.312/0001-40;2012-01-01;1;AGRENCO LIMITED;080080;FCA;20795;2012-08-15;http://www.rad.cvm.gov.br/ENETCONSULTA/frmDownloadDocumento.aspx?CodigoInstituicao=1&NumeroSequencialDocumento=20795
08.943.312/0001-40;2012-01-01;2;AGRENCO LIMITED;080080;FCA;23180;2012-12-13;http://www.rad.cvm.gov.br/ENETCONSULTA/frmDownloadDocumento.aspx?CodigoInstituicao=1&NumeroSequencialDocumento=23180
09.054.385/0001-44;2012-01-01;1;INBRANDS S.A.;022560;FCA;13564;2012-01-03;http://www.rad.cvm.gov.br/ENETCONSULTA/frmDownloadDocumento.aspx?CodigoInstituicao=1&NumeroSequencialDocumento=13564
09.054.385/0001-44;2012-01-01;2;INBRANDS S.A.;022560;FCA;13574;2012-01-04;http://www.rad.cvm.gov.br/ENETCONSULTA/frmDownloadDocumento.aspx?CodigoInstituicao=1&NumeroSequencialDocumento=13574
09.054.385/0001-44;2012-01-01;3;INBRANDS S.A.;022560;FCA;15736;2012-03-30;http://www.rad.cvm.gov.br/ENETCONSULTA/frmDownloadDocumento.aspx?CodigoInstituicao=1&NumeroSequencialDocumento=15736
09.054.385/0001-44;2012-01-01;4;INBRANDS S.A.;022560;FCA;16227;2012-04-17;http://www.rad.cvm.gov.br/ENETCONSULTA/frmDownloadDocumento.aspx?CodigoInstituicao=1&NumeroSequencialDocumento=16227
09.054.385/0001-44;2012-01-01;5;INBRANDS S.A.;022560;FCA;22077;2012-11-05;http://www.rad.cvm.gov.br/ENETCONSULTA/frmDownloadDocumento.aspx?CodigoInstituicao=1&NumeroSequencialDocumento=22077
09.074.183/0001-64;2012-01-01;1;TRANSBRASILIANA CONCESSIONÁRIA DE RODOVIA S.A;022225;FCA;15207;2012-03-21;http://www.rad.cvm.gov.br/ENETCONSULTA/frmDownloadDocumento.aspx?CodigoInstituicao=1&NumeroSequencialDocumento=15207
09.074.183/0001-64;2012-01-01;2;TRANSBRASILIANA CONCESSIONÁRIA DE RODOVIA S.A;022225;FCA;18332;2012-05-29;http://www.rad.cvm.gov.br/ENETCONSULTA/frmDownloadDocumento.aspx?CodigoInstituicao=1&NumeroSequencialDocumento=18332
09.095.183/0001-40;2012-01-01;1;ENERGISA PARAÍBA - DISTRIBUIDORA DE ENERGIA S/A;021938;FCA;14872;2012-03-09;http://www.rad.cvm.gov.br/ENETCONSULTA/frmDownloadDocumento.aspx?CodigoInstituicao=1&NumeroSequencialDocumento=14872
09.095.183/0001-40;2012-01-01;2;ENERGISA PARAÍBA - DISTRIBUIDORA DE ENERGIA S/A;021938;FCA;15587;2012-03-29;http://www.rad.cvm.gov.br/ENETCONSULTA/frmDownloadDocumento.aspx?CodigoInstituicao=1&NumeroSequencialDocumento=15587
09.095.183/0001-40;2012-01-01;3;ENERGISA PARAÍBA - DISTRIBUIDORA DE ENERGIA S/A;021938;FCA;17973;2012-05-17;http://www.rad.cvm.gov.br/ENETCONSULTA/frmDownloadDocumento.aspx?CodigoInstituicao=1&NumeroSequencialDocumento=17973
09.112.685/0001-32;2012-01-01;1;OSX BRASIL S.A. - EM RECUPERAÇÃO JUDICIAL;021342;FCA;13958;2012-01-26;http://www.rad.cvm.gov.br/ENETCONSULTA/frmDownloadDocumento.aspx?CodigoInstituicao=1&NumeroSequencialDocumento=13958
09.112.685/0001-32;2012-01-01;2;OSX BRASIL S.A. - EM RECUPERAÇÃO JUDICIAL;021342;FCA;18857;2012-05-31;http://www.rad.cvm.gov.br/ENETCONSULTA/frmDownloadDocumento.aspx?CodigoInstituicao=1&NumeroSequencialDocumento=18857
09.112.685/0001-32;2012-01-01;3;OSX BRASIL S.A. - EM RECUPERAÇÃO JUDICIAL;021342;FCA;19438;2012-06-26;http://www.rad.cvm.gov.br/ENETCONSULTA/frmDownloadDocumento.aspx?CodigoInstituicao=1&NumeroSequencialDocumento=19438
09.116.278/0001-01;2012-01-01;1;CONPEL CIA NORDESTINA PAPEL - EM RECUPERAÇÃO JUDICIAL;004685;FCA;15638;2012-03-29;http://www.rad.cvm.gov.br/ENETCONSULTA/frmDownloadDocumento.aspx?CodigoInstituicao=1&NumeroSequencialDocumento=15638
09.116.278/0001-01;2012-01-01;2;CONPEL CIA NORDESTINA PAPEL - EM RECUPERAÇÃO JUDICIAL;004685;FCA;19061;2012-06-01;http://www.rad.cvm.gov.br/ENETCONSULTA/frmDownloadDocumento.aspx?CodigoInstituicao=1&NumeroSequencialDocumento=19061
09.149.503/0001-06;2012-01-01;1;OMEGA ENERGIA RENOVÁVEL S/A;022110;FCA;13877;2012-01-19;http://www.rad.cvm.gov.br/ENETCONSULTA/frmDownloadDocumento.aspx?CodigoInstituicao=1&NumeroSequencialDocumento=13877
09.149.503/0001-06;2012-01-01;2;OMEGA ENERGIA RENOVÁVEL S/A;022110;FCA;17433;2012-05-11;http://www.rad.cvm.gov.br/ENETCONSULTA/frmDownloadDocumento.aspx?CodigoInstituicao=1&NumeroSequencialDocumento=17433
09.149.503/0001-06;2012-01-01;3;OMEGA ENERGIA RENOVÁVEL S/A;022110;FCA;23125;2012-12-10;http://www.rad.cvm.gov.br/ENETCONSULTA/frmDownloadDocumento.aspx?CodigoInstituicao=1&NumeroSequencialDocumento=23125
09.191.251/0001-75;2012-01-01;1;MONTICIANO PARTICIPAÇÕES S/A;021261;FCA;15094;2012-03-16;http://www.rad.cvm.gov.br/ENETCONSULTA/frmDownloadDocumento.aspx?CodigoInstituicao=1&NumeroSequencialDocumento=15094
09.191.251/0001-75;2012-01-01;2;MONTICIANO PARTICIPAÇÕES S/A;021261;FCA;15721;2012-03-30;http://www.rad.cvm.gov.br/ENETCONSULTA/frmDownloadDocumento.aspx?CodigoInstituicao=1&NumeroSequencialDocumento=15721
09.191.251/0001-75;2012-01-01;3;MONTICIANO PARTICIPAÇÕES S/A;021261;FCA;16234;2012-04-17;http://www.rad.cvm.gov.br/ENETCONSULTA/frmDownloadDocumento.aspx?CodigoInstituicao=1&NumeroSequencialDocumento=16234
09.191.251/0001-75;2012-01-01;4;MONTICIANO PARTICIPAÇÕES S/A;021261;FCA;17267;2012-05-10;http://www.rad.cvm.gov.br/ENETCONSULTA/frmDownloadDocumento.aspx?CodigoInstituicao=1&NumeroSequencialDocumento=17267
09.257.877/0001-37;2012-01-01;1;FERROVIA NORTE SUL S/A;021814;FCA;14322;2012-02-15;http://www.rad.cvm.gov.br/ENETCONSULTA/frmDownloadDocumento.aspx?CodigoInstituicao=1&NumeroSequencialDocumento=14322
09.257.877/0001-37;2012-01-01;2;FERROVIA NORTE SUL S/A;021814;FCA;18244;2012-05-25;http://www.rad.cvm.gov.br/ENETCONSULTA/frmDownloadDocumento.aspx?CodigoInstituicao=1&NumeroSequencialDocumento=18244
09.295.063/0001-97;2012-01-01;1;TECHNOS S.A.;022519;FCA;15381;2012-03-26;http://www.rad.cvm.gov.br/ENETCONSULTA/frmDownloadDocumento.aspx?CodigoInstituicao=1&NumeroSequencialDocumento=15381
09.295.063/0001-97;2012-01-01;2;TECHNOS S.A.;022519;FCA;18085;2012-05-21;http://www.rad.cvm.gov.br/ENETCONSULTA/frmDownloadDocumento.aspx?CodigoInstituicao=1&NumeroSequencialDocumento=18085
09.304.427/0001-58;2012-01-01;1;HABITASEC SECURITIZADORA SA;021628;FCA;15648;2012-03-29;http://www.rad.cvm.gov.br/ENETCONSULTA/frmDownloadDocumento.aspx?CodigoInstituicao=1&NumeroSequencialDocumento=15648
09.304.427/0001-58;2012-01-01;2;HABITASEC SECURITIZADORA SA;021628;FCA;17697;2012-05-15;http://www.rad.cvm.gov.br/ENETCONSULTA/frmDownloadDocumento.aspx?CodigoInstituicao=1&NumeroSequencialDocumento=17697
09.313.969/0001-97;2012-01-01;1;AUTOPISTA LITORAL SUL;021997;FCA;15083;2012-03-16;http://www.rad.cvm.gov.br/ENETCONSULTA/frmDownloadDocumento.aspx?CodigoInstituicao=1&NumeroSequencialDocumento=15083
09.313.969/0001-97;2012-01-01;2;AUTOPISTA LITORAL SUL;021997;FCA;16397;2012-04-24;http://www.rad.cvm.gov.br/ENETCONSULTA/frmDownloadDocumento.aspx?CodigoInstituicao=1&NumeroSequencialDocumento=16397
09.313.969/0001-97;2012-01-01;3;AUTOPISTA LITORAL SUL;021997;FCA;18411;2012-05-29;http://www.rad.cvm.gov.br/ENETCONSULTA/frmDownloadDocumento.aspx?CodigoInstituicao=1&NumeroSequencialDocumento=18411
09.324.949/0001-11;2012-01-01;1;AUTOPISTA FLUMINENSE SA;022004;FCA;15074;2012-03-16;http://www.rad.cvm.gov.br/ENETCONSULTA/frmDownloadDocumento.aspx?CodigoInstituicao=1&NumeroSequencialDocumento=15074
09.324.949/0001-11;2012-01-01;2;AUTOPISTA FLUMINENSE SA;022004;FCA;16441;2012-04-25;http://www.rad.cvm.gov.br/ENETCONSULTA/frmDownloadDocumento.aspx?CodigoInstituicao=1&NumeroSequencialDocumento=16441
09.324.949/0001-11;2012-01-01;3;AUTOPISTA FLUMINENSE SA;022004;FCA;18296;2012-05-28;http://www.rad.cvm.gov.br/ENETCONSULTA/frmDownloadDocumento.aspx?CodigoInstituicao=1&NumeroSequencialDocumento=18296
09.325.109/0001-73;2012-01-01;1;AUTOPISTA PLANALTO SUL SA;021970;FCA;15082;2012-03-16;http://www.rad.cvm.gov.br/ENETCONSULTA/frmDownloadDocumento.aspx?CodigoInstituicao=1&NumeroSequencialDocumento=15082
09.325.109/0001-73;2012-01-01;2;AUTOPISTA PLANALTO SUL SA;021970;FCA;16425;2012-04-25;http://www.rad.cvm.gov.br/ENETCONSULTA/frmDownloadDocumento.aspx?CodigoInstituicao=1&NumeroSequencialDocumento=16425
09.325.109/0001-73;2012-01-01;3;AUTOPISTA PLANALTO SUL SA;021970;FCA;18326;2012-05-29;http://www.rad.cvm.gov.br/ENETCONSULTA/frmDownloadDocumento.aspx?CodigoInstituicao=1&NumeroSequencialDocumento=18326
09.326.342/0001-70;2012-01-01;1;AUTOPISTA FERNÃO DIAS SA;021989;FCA;15076;2012-03-16;http://www.rad.cvm.gov.br/ENETCONSULTA/frmDownloadDocumento.aspx?CodigoInstituicao=1&NumeroSequencialDocumento=15076
09.326.342/0001-70;2012-01-01;2;AUTOPISTA FERNÃO DIAS SA;021989;FCA;16834;2012-05-04;http://www.rad.cvm.gov.br/ENETCONSULTA/frmDownloadDocumento.aspx?CodigoInstituicao=1&NumeroSequencialDocumento=16834
09.326.342/0001-70;2012-01-01;3;AUTOPISTA FERNÃO DIAS SA;021989;FCA;18314;2012-05-28;http://www.rad.cvm.gov.br/ENETCONSULTA/frmDownloadDocumento.aspx?CodigoInstituicao=1&NumeroSequencialDocumento=18314
09.336.431/0001-06;2012-01-01;1;AUTOPISTA REGIS BITTENCOURT SA;021962;FCA;15088;2012-03-16;http://www.rad.cvm.gov.br/ENETCONSULTA/frmDownloadDocumento.aspx?CodigoInstituicao=1&NumeroSequencialDocumento=15088
09.336.431/0001-06;2012-01-01;2;AUTOPISTA REGIS BITTENCOURT SA;021962;FCA;16437;2012-04-25;http://www.rad.cvm.gov.br/ENETCONSULTA/frmDownloadDocumento.aspx?CodigoInstituicao=1&NumeroSequencialDocumento=16437
09.336.431/0001-06;2012-01-01;3;AUTOPISTA REGIS BITTENCOURT SA;021962;FCA;18217;2012-05-24;http://www.rad.cvm.gov.br/ENETCONSULTA/frmDownloadDocumento.aspx?CodigoInstituicao=1&NumeroSequencialDocumento=18217
09.346.601/0001-25;2012-01-01;1;B3 S.A. - BRASIL, BOLSA, BALCÃO;021610;FCA;13743;2012-01-11;http://www.rad.cvm.gov.br/ENETCONSULTA/frmDownloadDocumento.aspx?CodigoInstituicao=1&NumeroSequencialDocumento=13743
09.346.601/0001-25;2012-01-01;2;B3 S.A. - BRASIL, BOLSA, BALCÃO;021610;FCA;18471;2012-05-30;http://www.rad.cvm.gov.br/ENETCONSULTA/frmDownloadDocumento.aspx?CodigoInstituicao=1&NumeroSequencialDocumento=18471
09.358.105/0001-91;2012-01-01;1;CETIP S.A. - BALCÃO ORGANIZADO DE ATIVOS E DERIVATIVOS;021792;FCA;13972;2012-01-26;http://www.rad.cvm.gov.br/ENETCONSULTA/frmDownloadDocumento.aspx?CodigoInstituicao=1&NumeroSequencialDocumento=13972
09.358.105/0001-91;2012-01-01;2;CETIP S.A. - BALCÃO ORGANIZADO DE ATIVOS E DERIVATIVOS;021792;FCA;16656;2012-05-02;http://www.rad.cvm.gov.br/ENETCONSULTA/frmDownloadDocumento.aspx?CodigoInstituicao=1&NumeroSequencialDocumento=16656
09.400.937/0001-29;2012-01-01;1;BERNA PARTICIPAÇÕES SA;021563;FCA;14771;2012-03-07;http://www.rad.cvm.gov.br/ENETCONSULTA/frmDownloadDocumento.aspx?CodigoInstituicao=1&NumeroSequencialDocumento=14771
09.400.937/0001-29;2012-01-01;2;BERNA PARTICIPAÇÕES SA;021563;FCA;16230;2012-04-17;http://www.rad.cvm.gov.br/ENETCONSULTA/frmDownloadDocumento.aspx?CodigoInstituicao=1&NumeroSequencialDocumento=16230
09.400.937/0001-29;2012-01-01;3;BERNA PARTICIPAÇÕES SA;021563;FCA;17707;2012-05-15;http://www.rad.cvm.gov.br/ENETCONSULTA/frmDownloadDocumento.aspx?CodigoInstituicao=1&NumeroSequencialDocumento=17707
09.414.761/0001-64;2012-01-01;1;K-INFRA RODOVIA DO AÇO S.A.;022446;FCA;13914;2012-01-23;http://www.rad.cvm.gov.br/ENETCONSULTA/frmDownloadDocumento.aspx?CodigoInstituicao=1&NumeroSequencialDocumento=13914
09.414.761/0001-64;2012-01-01;2;K-INFRA RODOVIA DO AÇO S.A.;022446;FCA;17912;2012-05-16;http://www.rad.cvm.gov.br/ENETCONSULTA/frmDownloadDocumento.aspx?CodigoInstituicao=1&NumeroSequencialDocumento=17912
09.439.783/0001-89;2012-01-01;1;ÁQUILLA SECURITIZADORA S.A.;021512;FCA;15796;2012-03-30;http://www.rad.cvm.gov.br/ENETCONSULTA/frmDownloadDocumento.aspx?CodigoInstituicao=1&NumeroSequencialDocumento=15796
09.439.783/0001-89;2012-01-01;2;ÁQUILLA SECURITIZADORA S.A.;021512;FCA;16806;2012-05-04;http://www.rad.cvm.gov.br/ENETCONSULTA/frmDownloadDocumento.aspx?CodigoInstituicao=1&NumeroSequencialDocumento=16806
09.462.140/0001-56;2012-01-01;1;BASEL PARTICIPAÇÕES S/A;021601;FCA;14179;2012-02-08;http://www.rad.cvm.gov.br/ENETCONSULTA/frmDownloadDocumento.aspx?CodigoInstituicao=1&NumeroSequencialDocumento=14179
09.462.140/0001-56;2012-01-01;2;BASEL PARTICIPAÇÕES S/A;021601;FCA;16065;2012-04-09;http://www.rad.cvm.gov.br/ENETCONSULTA/frmDownloadDocumento.aspx?CodigoInstituicao=1&NumeroSequencialDocumento=16065
09.462.140/0001-56;2012-01-01;3;BASEL PARTICIPAÇÕES S/A;021601;FCA;17147;2012-05-09;http://www.rad.cvm.gov.br/ENETCONSULTA/frmDownloadDocumento.aspx?CodigoInstituicao=1&NumeroSequencialDocumento=17147
09.462.890/0001-28;2012-01-01;1;BELMONTE PARTICIPAÇÕES SA;021580;FCA;15498;2012-03-28;http://www.rad.cvm.gov.br/ENETCONSULTA/frmDownloadDocumento.aspx?CodigoInstituicao=1&NumeroSequencialDocumento=15498
09.462.890/0001-28;2012-01-01;2;BELMONTE PARTICIPAÇÕES SA;021580;FCA;16063;2012-04-09;http://www.rad.cvm.gov.br/ENETCONSULTA/frmDownloadDocumento.aspx?CodigoInstituicao=1&NumeroSequencialDocumento=16063
09.462.890/0001-28;2012-01-01;3;BELMONTE PARTICIPAÇÕES SA;021580;FCA;17288;2012-05-10;http://www.rad.cvm.gov.br/ENETCONSULTA/frmDownloadDocumento.aspx?CodigoInstituicao=1&NumeroSequencialDocumento=17288
09.462.890/0001-28;2012-01-01;4;BELMONTE PARTICIPAÇÕES SA;021580;FCA;21338;2012-09-18;http://www.rad.cvm.gov.br/ENETCONSULTA/frmDownloadDocumento.aspx?CodigoInstituicao=1&NumeroSequencialDocumento=21338
09.462.890/0001-28;2012-01-01;5;BELMONTE PARTICIPAÇÕES SA;021580;FCA;21349;2012-09-19;http://www.rad.cvm.gov.br/ENETCONSULTA/frmDownloadDocumento.aspx?CodigoInstituicao=1&NumeroSequencialDocumento=21349
09.462.890/0001-28;2012-01-01;6;BELMONTE PARTICIPAÇÕES SA;021580;FCA;21597;2012-10-09;http://www.rad.cvm.gov.br/ENETCONSULTA/frmDownloadDocumento.aspx?CodigoInstituicao=1&NumeroSequencialDocumento=21597
09.462.890/0001-28;2012-01-01;7;BELMONTE PARTICIPAÇÕES SA;021580;FCA;21774;2012-10-19;http://www.rad.cvm.gov.br/ENETCONSULTA/frmDownloadDocumento.aspx?CodigoInstituicao=1&NumeroSequencialDocumento=21774
09.538.973/0001-53;2012-01-01;1;PDG COMPANHIA SECURITIZADORA;021644;FCA;14702;2012-03-06;http://www.rad.cvm.gov.br/ENETCONSULTA/frmDownloadDocumento.aspx?CodigoInstituicao=1&NumeroSequencialDocumento=14702
09.538.973/0001-53;2012-01-01;2;PDG COMPANHIA SECURITIZADORA;021644;FCA;16736;2012-05-03;http://www.rad.cvm.gov.br/ENETCONSULTA/frmDownloadDocumento.aspx?CodigoInstituicao=1&NumeroSequencialDocumento=16736
09.538.973/0001-53;2012-01-01;3;PDG COMPANHIA SECURITIZADORA;021644;FCA;18993;2012-05-31;http://www.rad.cvm.gov.br/ENETCONSULTA/frmDownloadDocumento.aspx?CodigoInstituicao=1&NumeroSequencialDocumento=18993
09.538.973/0001-53;2012-01-01;4;PDG COMPANHIA SECURITIZADORA;021644;FCA;19942;2012-07-30;http://www.rad.cvm.gov.br/ENETCONSULTA/frmDownloadDocumento.aspx?CodigoInstituicao=1&NumeroSequencialDocumento=19942
09.538.973/0001-53;2012-01-01;5;PDG COMPANHIA SECURITIZADORA;021644;FCA;22968;2012-11-28;http://www.rad.cvm.gov.br/ENETCONSULTA/frmDownloadDocumento.aspx?CodigoInstituicao=1&NumeroSequencialDocumento=22968
09.594.796/0001-22;2012-01-01;1;AGV HOLDING S/A;021806;FCA;15200;2012-03-21;http://www.rad.cvm.gov.br/ENETCONSULTA/frmDownloadDocumento.aspx?CodigoInstituicao=1&NumeroSequencialDocumento=15200
09.594.796/0001-22;2012-01-01;2;AGV HOLDING S/A;021806;FCA;23360;2012-12-19;http://www.rad.cvm.gov.br/ENETCONSULTA/frmDownloadDocumento.aspx?CodigoInstituicao=1&NumeroSequencialDocumento=23360
09.601.322/0001-60;2012-01-01;1;CTX PARTICIPAÇÕES S/A;021652;FCA;15240;2012-03-22;http://www.rad.cvm.gov.br/ENETCONSULTA/frmDownloadDocumento.aspx?CodigoInstituicao=1&NumeroSequencialDocumento=15240
09.601.322/0001-60;2012-01-01;2;CTX PARTICIPAÇÕES S/A;021652;FCA;18373;2012-05-29;http://www.rad.cvm.gov.br/ENETCONSULTA/frmDownloadDocumento.aspx?CodigoInstituicao=1&NumeroSequencialDocumento=18373
09.601.322/0001-60;2012-01-01;3;CTX PARTICIPAÇÕES S/A;021652;FCA;23389;2012-12-20;http://www.rad.cvm.gov.br/ENETCONSULTA/frmDownloadDocumento.aspx?CodigoInstituicao=1&NumeroSequencialDocumento=23389
10.215.988/0001-60;2012-01-01;1;COMPANHIA DE LOCAÇÃO DAS AMÉRICAS;022691;FCA;13577;2012-01-04;http://www.rad.cvm.gov.br/ENETCONSULTA/frmDownloadDocumento.aspx?CodigoInstituicao=1&NumeroSequencialDocumento=13577
10.215.988/0001-60;2012-01-01;2;COMPANHIA DE LOCAÇÃO DAS AMÉRICAS;022691;FCA;14664;2012-03-02;http://www.rad.cvm.gov.br/ENETCONSULTA/frmDownloadDocumento.aspx?CodigoInstituicao=1&NumeroSequencialDocumento=14664
10.215.988/0001-60;2012-01-01;3;COMPANHIA DE LOCAÇÃO DAS AMÉRICAS;022691;FCA;18143;2012-05-23;http://www.rad.cvm.gov.br/ENETCONSULTA/frmDownloadDocumento.aspx?CodigoInstituicao=1&NumeroSequencialDocumento=18143
10.215.988/0001-60;2012-01-01;4;COMPANHIA DE LOCAÇÃO DAS AMÉRICAS;022691;FCA;18269;2012-05-28;http://www.rad.cvm.gov.br/ENETCONSULTA/frmDownloadDocumento.aspx?CodigoInstituicao=1&NumeroSequencialDocumento=18269
10.215.988/0001-60;2012-01-01;5;COMPANHIA DE LOCAÇÃO DAS AMÉRICAS;022691;FCA;21458;2012-09-27;http://www.rad.cvm.gov.br/ENETCONSULTA/frmDownloadDocumento.aspx?CodigoInstituicao=1&NumeroSequencialDocumento=21458
10.242.478/0001-81;2012-01-01;1;INVITEL LEGACY SA - EM LIQUIDAÇÃO;021687;FCA;15632;2012-03-29;http://www.rad.cvm.gov.br/ENETCONSULTA/frmDownloadDocumento.aspx?CodigoInstituicao=1&NumeroSequencialDocumento=15632
10.242.478/0001-81;2012-01-01;2;INVITEL LEGACY SA - EM LIQUIDAÇÃO;021687;FCA;16285;2012-04-18;http://www.rad.cvm.gov.br/ENETCONSULTA/frmDownloadDocumento.aspx?CodigoInstituicao=1&NumeroSequencialDocumento=16285
10.242.478/0001-81;2012-01-01;3;INVITEL LEGACY SA - EM LIQUIDAÇÃO;021687;FCA;17213;2012-05-10;http://www.rad.cvm.gov.br/ENETCONSULTA/frmDownloadDocumento.aspx?CodigoInstituicao=1&NumeroSequencialDocumento=17213
10.242.478/0001-81;2012-01-01;4;INVITEL LEGACY SA - EM LIQUIDAÇÃO;021687;FCA;18183;2012-05-23;http://www.rad.cvm.gov.br/ENETCONSULTA/frmDownloadDocumento.aspx?CodigoInstituicao=1&NumeroSequencialDocumento=18183
10.242.478/0001-81;2012-01-01;5;INVITEL LEGACY SA - EM LIQUIDAÇÃO;021687;FCA;19568;2012-07-04;http://www.rad.cvm.gov.br/ENETCONSULTA/frmDownloadDocumento.aspx?CodigoInstituicao=1&NumeroSequencialDocumento=19568
10.324.624/0001-18;2012-01-01;1;CONCESSÃO METROVIÁRIA DO RIO DE JANEIRO S.A.;022144;FCA;14027;2012-01-31;http://www.rad.cvm.gov.br/ENETCONSULTA/frmDownloadDocumento.aspx?CodigoInstituicao=1&NumeroSequencialDocumento=14027
10.324.624/0001-18;2012-01-01;2;CONCESSÃO METROVIÁRIA DO RIO DE JANEIRO S.A.;022144;FCA;18931;2012-05-31;http://www.rad.cvm.gov.br/ENETCONSULTA/frmDownloadDocumento.aspx?CodigoInstituicao=1&NumeroSequencialDocumento=18931
10.324.624/0001-18;2012-01-01;3;CONCESSÃO METROVIÁRIA DO RIO DE JANEIRO S.A.;022144;FCA;21699;2012-10-16;http://www.rad.cvm.gov.br/ENETCONSULTA/frmDownloadDocumento.aspx?CodigoInstituicao=1&NumeroSequencialDocumento=21699
10.337.440/0001-92;2012-01-01;1;NPF SECURITIZADORA S/A;021695;FCA;15604;2012-03-29;http://www.rad.cvm.gov.br/ENETCONSULTA/frmDownloadDocumento.aspx?CodigoInstituicao=1&NumeroSequencialDocumento=15604
10.337.440/0001-92;2012-01-01;2;NPF SECURITIZADORA S/A;021695;FCA;15966;2012-04-03;http://www.rad.cvm.gov.br/ENETCONSULTA/frmDownloadDocumento.aspx?CodigoInstituicao=1&NumeroSequencialDocumento=15966
10.337.440/0001-92;2012-01-01;3;NPF SECURITIZADORA S/A;021695;FCA;19090;2012-06-01;http://www.rad.cvm.gov.br/ENETCONSULTA/frmDownloadDocumento.aspx?CodigoInstituicao=1&NumeroSequencialDocumento=19090
10.337.440/0001-92;2012-01-01;4;NPF SECURITIZADORA S/A;021695;FCA;21055;2012-08-30;http://www.rad.cvm.gov.br/ENETCONSULTA/frmDownloadDocumento.aspx?CodigoInstituicao=1&NumeroSequencialDocumento=21055
10.338.320/0001-00;2012-01-01;1;AFLUENTE TRANSMISSÃO DE ENERGIA ELÉTRICA S/A;022179;FCA;13978;2012-01-27;http://www.rad.cvm.gov.br/ENETCONSULTA/frmDownloadDocumento.aspx?CodigoInstituicao=1&NumeroSequencialDocumento=13978
10.338.320/0001-00;2012-01-01;2;AFLUENTE TRANSMISSÃO DE ENERGIA ELÉTRICA S/A;022179;FCA;14259;2012-02-13;http://www.rad.cvm.gov.br/ENETCONSULTA/frmDownloadDocumento.aspx?CodigoInstituicao=1&NumeroSequencialDocumento=14259
10.338.320/0001-00;2012-01-01;3;AFLUENTE TRANSMISSÃO DE ENERGIA ELÉTRICA S/A;022179;FCA;17936;2012-05-16;http://www.rad.cvm.gov.br/ENETCONSULTA/frmDownloadDocumento.aspx?CodigoInstituicao=1&NumeroSequencialDocumento=17936
10.338.320/0001-00;2012-01-01;4;AFLUENTE TRANSMISSÃO DE ENERGIA ELÉTRICA S/A;022179;FCA;19788;2012-07-20;http://www.rad.cvm.gov.br/ENETCONSULTA/frmDownloadDocumento.aspx?CodigoInstituicao=1&NumeroSequencialDocumento=19788
10.345.009/0001-98;2012-01-01;1;ADVANCED DIGITAL HEALTH MEDICINA PREVENTIVA S.A.;021725;FCA;13709;2012-01-10;http://www.rad.cvm.gov.br/ENETCONSULTA/frmDownloadDocumento.aspx?CodigoInstituicao=1&NumeroSequencialDocumento=13709
10.345.009/0001-98;2012-01-01;2;ADVANCED DIGITAL HEALTH MEDICINA PREVENTIVA S.A.;021725;FCA;13745;2012-01-11;http://www.rad.cvm.gov.br/ENETCONSULTA/frmDownloadDocumento.aspx?CodigoInstituicao=1&NumeroSequencialDocumento=13745
10.345.009/0001-98;2012-01-01;3;ADVANCED DIGITAL HEALTH MEDICINA PREVENTIVA S.A.;021725;FCA;17998;2012-05-17;http://www.rad.cvm.gov.br/ENETCONSULTA/frmDownloadDocumento.aspx?CodigoInstituicao=1&NumeroSequencialDocumento=17998
10.345.009/0001-98;2012-01-01;4;ADVANCED DIGITAL HEALTH MEDICINA PREVENTIVA S.A.;021725;FCA;18823;2012-05-31;http://www.rad.cvm.gov.br/ENETCONSULTA/frmDownloadDocumento.aspx?CodigoInstituicao=1&NumeroSequencialDocumento=18823
10.382.341/0001-22;2012-01-01;1;METROPOLIS EMPREENDIMENTOS IMOBILIÁRIOS S/A;022047;FCA;14601;2012-02-29;http://www.rad.cvm.gov.br/ENETCONSULTA/frmDownloadDocumento.aspx?CodigoInstituicao=1&NumeroSequencialDocumento=14601
10.382.341/0001-22;2012-01-01;2;METROPOLIS EMPREENDIMENTOS IMOBILIÁRIOS S/A;022047;FCA;16861;2012-05-07;http://www.rad.cvm.gov.br/ENETCONSULTA/frmDownloadDocumento.aspx?CodigoInstituicao=1&NumeroSequencialDocumento=16861
10.382.341/0001-22;2012-01-01;3;METROPOLIS EMPREENDIMENTOS IMOBILIÁRIOS S/A;022047;FCA;17691;2012-05-15;http://www.rad.cvm.gov.br/ENETCONSULTA/frmDownloadDocumento.aspx?CodigoInstituicao=1&NumeroSequencialDocumento=17691
10.382.341/0001-22;2012-01-01;4;METROPOLIS EMPREENDIMENTOS IMOBILIÁRIOS S/A;022047;FCA;19239;2012-06-12;http://www.rad.cvm.gov.br/ENETCONSULTA/frmDownloadDocumento.aspx?CodigoInstituicao=1&NumeroSequencialDocumento=19239
10.382.341/0001-22;2012-01-01;5;METROPOLIS EMPREENDIMENTOS IMOBILIÁRIOS S/A;022047;FCA;21286;2012-09-13;http://www.rad.cvm.gov.br/ENETCONSULTA/frmDownloadDocumento.aspx?CodigoInstituicao=1&NumeroSequencialDocumento=21286
10.488.244/0001-19;2012-01-01;1;INFRASEC SECURITIZADORA S.A.;021750;FCA;15759;2012-03-30;http://www.rad.cvm.gov.br/ENETCONSULTA/frmDownloadDocumento.aspx?CodigoInstituicao=1&NumeroSequencialDocumento=15759
10.488.244/0001-19;2012-01-01;2;INFRASEC SECURITIZADORA S.A.;021750;FCA;17819;2012-05-15;http://www.rad.cvm.gov.br/ENETCONSULTA/frmDownloadDocumento.aspx?CodigoInstituicao=1&NumeroSequencialDocumento=17819
10.488.244/0001-19;2012-01-01;3;INFRASEC SECURITIZADORA S.A.;021750;FCA;20653;2012-08-14;http://www.rad.cvm.gov.br/ENETCONSULTA/frmDownloadDocumento.aspx?CodigoInstituicao=1&NumeroSequencialDocumento=20653
10.488.244/0001-19;2012-01-01;4;INFRASEC SECURITIZADORA S.A.;021750;FCA;22820;2012-11-16;http://www.rad.cvm.gov.br/ENETCONSULTA/frmDownloadDocumento.aspx?CodigoInstituicao=1&NumeroSequencialDocumento=22820
10.531.501/0001-58;2012-01-01;1;CONC AUTO RAPOSO TAVARES S.A.;022268;FCA;15612;2012-03-29;http://www.rad.cvm.gov.br/ENETCONSULTA/frmDownloadDocumento.aspx?CodigoInstituicao=1&NumeroSequencialDocumento=15612
10.531.501/0001-58;2012-01-01;2;CONC AUTO RAPOSO TAVARES S.A.;022268;FCA;15666;2012-03-29;http://www.rad.cvm.gov.br/ENETCONSULTA/frmDownloadDocumento.aspx?CodigoInstituicao=1&NumeroSequencialDocumento=15666
10.531.501/0001-58;2012-01-01;3;CONC AUTO RAPOSO TAVARES S.A.;022268;FCA;18516;2012-05-30;http://www.rad.cvm.gov.br/ENETCONSULTA/frmDownloadDocumento.aspx?CodigoInstituicao=1&NumeroSequencialDocumento=18516
10.531.501/0001-58;2012-01-01;4;CONC AUTO RAPOSO TAVARES S.A.;022268;FCA;21851;2012-10-23;http://www.rad.cvm.gov.br/ENETCONSULTA/frmDownloadDocumento.aspx?CodigoInstituicao=1&NumeroSequencialDocumento=21851
10.531.501/0001-58;2012-01-01;5;CONC AUTO RAPOSO TAVARES S.A.;022268;FCA;21900;2012-10-25;http://www.rad.cvm.gov.br/ENETCONSULTA/frmDownloadDocumento.aspx?CodigoInstituicao=1&NumeroSequencialDocumento=21900
10.531.501/0001-58;2012-01-01;6;CONC AUTO RAPOSO TAVARES S.A.;022268;FCA;22308;2012-11-11;http://www.rad.cvm.gov.br/ENETCONSULTA/frmDownloadDocumento.aspx?CodigoInstituicao=1&NumeroSequencialDocumento=22308
10.531.501/0001-58;2012-01-01;7;CONC AUTO RAPOSO TAVARES S.A.;022268;FCA;22518;2012-11-14;http://www.rad.cvm.gov.br/ENETCONSULTA/frmDownloadDocumento.aspx?CodigoInstituicao=1&NumeroSequencialDocumento=22518
10.531.501/0001-58;2012-01-01;8;CONC AUTO RAPOSO TAVARES S.A.;022268;FCA;22759;2012-11-14;http://www.rad.cvm.gov.br/ENETCONSULTA/frmDownloadDocumento.aspx?CodigoInstituicao=1&NumeroSequencialDocumento=22759
10.531.501/0001-58;2012-01-01;9;CONC AUTO RAPOSO TAVARES S.A.;022268;FCA;22970;2012-11-28;http://www.rad.cvm.gov.br/ENETCONSULTA/frmDownloadDocumento.aspx?CodigoInstituicao=1&NumeroSequencialDocumento=22970
10.608.405/0001-60;2012-01-01;1;BARI SECURITIZADORA S.A.;021920;FCA;15824;2012-03-30;http://www.rad.cvm.gov.br/ENETCONSULTA/frmDownloadDocumento.aspx?CodigoInstituicao=1&NumeroSequencialDocumento=15824
10.608.405/0001-60;2012-01-01;2;BARI SECURITIZADORA S.A.;021920;FCA;18616;2012-05-30;http://www.rad.cvm.gov.br/ENETCONSULTA/frmDownloadDocumento.aspx?CodigoInstituicao=1&NumeroSequencialDocumento=18616
10.608.405/0001-60;2012-01-01;3;BARI SECURITIZADORA S.A.;021920;FCA;19713;2012-07-16;http://www.rad.cvm.gov.br/ENETCONSULTA/frmDownloadDocumento.aspx?CodigoInstituicao=1&NumeroSequencialDocumento=19713
10.629.105/0001-68;2012-01-01;1;PRIO S.A.;022187;FCA;13700;2012-01-09;http://www.rad.cvm.gov.br/ENETCONSULTA/frmDownloadDocumento.aspx?CodigoInstituicao=1&NumeroSequencialDocumento=13700
10.629.105/0001-68;2012-01-01;2;PRIO S.A.;022187;FCA;18052;2012-05-18;http://www.rad.cvm.gov.br/ENETCONSULTA/frmDownloadDocumento.aspx?CodigoInstituicao=1&NumeroSequencialDocumento=18052
10.629.105/0001-68;2012-01-01;3;PRIO S.A.;022187;FCA;20176;2012-08-08;http://www.rad.cvm.gov.br/ENETCONSULTA/frmDownloadDocumento.aspx?CodigoInstituicao=1&NumeroSequencialDocumento=20176
10.635.691/0001-53;2012-01-01;1;VIARONDON CONCESSIONÁRIA DE RODOVIA S.A.;022543;FCA;14431;2012-02-17;http://www.rad.cvm.gov.br/ENETCONSULTA/frmDownloadDocumento.aspx?CodigoInstituicao=1&NumeroSequencialDocumento=14431
10.635.691/0001-53;2012-01-01;2;VIARONDON CONCESSIONÁRIA DE RODOVIA S.A.;022543;FCA;18334;2012-05-29;http://www.rad.cvm.gov.br/ENETCONSULTA/frmDownloadDocumento.aspx?CodigoInstituicao=1&NumeroSequencialDocumento=18334
10.647.979/0001-48;2012-01-01;1;CONC ROTA DAS BANDEIRAS S.A.;022071;FCA;14195;2012-02-09;http://www.rad.cvm.gov.br/ENETCONSULTA/frmDownloadDocumento.aspx?CodigoInstituicao=1&NumeroSequencialDocumento=14195
10.647.979/0001-48;2012-01-01;2;CONC ROTA DAS BANDEIRAS S.A.;022071;FCA;17953;2012-05-16;http://www.rad.cvm.gov.br/ENETCONSULTA/frmDownloadDocumento.aspx?CodigoInstituicao=1&NumeroSequencialDocumento=17953
10.670.314/0001-55;2012-01-01;1;VIABAHIA CONCESSIONÁRIA DE RODOVIAS SA;022926;FCA;21010;2012-08-28;http://www.rad.cvm.gov.br/ENETCONSULTA/frmDownloadDocumento.aspx?CodigoInstituicao=1&NumeroSequencialDocumento=21010
10.670.314/0001-55;2012-01-01;2;VIABAHIA CONCESSIONÁRIA DE RODOVIAS SA;022926;FCA;23043;2012-12-04;http://www.rad.cvm.gov.br/ENETCONSULTA/frmDownloadDocumento.aspx?CodigoInstituicao=1&NumeroSequencialDocumento=23043
10.678.505/0001-63;2012-01-01;1;CONC RODOVIAS DO TIETÊ S.A.- EM RECUPERAÇÃO JUDICIAL;022721;FCA;14737;2012-03-07;http://www.rad.cvm.gov.br/ENETCONSULTA/frmDownloadDocumento.aspx?CodigoInstituicao=1&NumeroSequencialDocumento=14737
10.678.505/0001-63;2012-01-01;2;CONC RODOVIAS DO TIETÊ S.A.- EM RECUPERAÇÃO JUDICIAL;022721;FCA;17656;2012-05-15;http://www.rad.cvm.gov.br/ENETCONSULTA/frmDownloadDocumento.aspx?CodigoInstituicao=1&NumeroSequencialDocumento=17656
10.753.164/0001-43;2012-01-01;1;ECO SECURITIZADORA DIREITOS CRED AGRONEGÓCIO S.A.;021741;FCA;13684;2012-01-09;http://www.rad.cvm.gov.br/ENETCONSULTA/frmDownloadDocumento.aspx?CodigoInstituicao=1&NumeroSequencialDocumento=13684
10.753.164/0001-43;2012-01-01;2;ECO SECURITIZADORA DIREITOS CRED AGRONEGÓCIO S.A.;021741;FCA;16432;2012-04-25;http://www.rad.cvm.gov.br/ENETCONSULTA/frmDownloadDocumento.aspx?CodigoInstituicao=1&NumeroSequencialDocumento=16432
10.753.164/0001-43;2012-01-01;3;ECO SECURITIZADORA DIREITOS CRED AGRONEGÓCIO S.A.;021741;FCA;18343;2012-05-29;http://www.rad.cvm.gov.br/ENETCONSULTA/frmDownloadDocumento.aspx?CodigoInstituicao=1&NumeroSequencialDocumento=18343
10.753.164/0001-43;2012-01-01;4;ECO SECURITIZADORA DIREITOS CRED AGRONEGÓCIO S.A.;021741;FCA;20818;2012-08-16;http://www.rad.cvm.gov.br/ENETCONSULTA/frmDownloadDocumento.aspx?CodigoInstituicao=1&NumeroSequencialDocumento=20818
10.753.164/0001-43;2012-01-01;5;ECO SECURITIZADORA DIREITOS CRED AGRONEGÓCIO S.A.;021741;FCA;20819;2012-08-16;http://www.rad.cvm.gov.br/ENETCONSULTA/frmDownloadDocumento.aspx?CodigoInstituicao=1&NumeroSequencialDocumento=20819
10.753.164/0001-43;2012-01-01;6;ECO SECURITIZADORA DIREITOS CRED AGRONEGÓCIO S.A.;021741;FCA;21806;2012-10-21;http://www.rad.cvm.gov.br/ENETCONSULTA/frmDownloadDocumento.aspx?CodigoInstituicao=1&NumeroSequencialDocumento=21806
10.753.164/0001-43;2012-01-01;7;ECO SECURITIZADORA DIREITOS CRED AGRONEGÓCIO S.A.;021741;FCA;21822;2012-10-22;http://www.rad.cvm.gov.br/ENETCONSULTA/frmDownloadDocumento.aspx?CodigoInstituicao=1&NumeroSequencialDocumento=21822
10.826.798/0001-89;2012-01-01;1;BRAZAL BRASIL ALIMENTOS SA;021865;FCA;13782;2012-01-12;http://www.rad.cvm.gov.br/ENETCONSULTA/frmDownloadDocumento.aspx?CodigoInstituicao=1&NumeroSequencialDocumento=13782
10.826.798/0001-89;2012-01-01;2;BRAZAL BRASIL ALIMENTOS SA;021865;FCA;15807;2012-03-30;http://www.rad.cvm.gov.br/ENETCONSULTA/frmDownloadDocumento.aspx?CodigoInstituicao=1&NumeroSequencialDocumento=15807
10.826.798/0001-89;2012-01-01;3;BRAZAL BRASIL ALIMENTOS SA;021865;FCA;16620;2012-05-02;http://www.rad.cvm.gov.br/ENETCONSULTA/frmDownloadDocumento.aspx?CodigoInstituicao=1&NumeroSequencialDocumento=16620
10.826.798/0001-89;2012-01-01;4;BRAZAL BRASIL ALIMENTOS SA;021865;FCA;18899;2012-05-31;http://www.rad.cvm.gov.br/ENETCONSULTA/frmDownloadDocumento.aspx?CodigoInstituicao=1&NumeroSequencialDocumento=18899
10.826.798/0001-89;2012-01-01;5;BRAZAL BRASIL ALIMENTOS SA;021865;FCA;19275;2012-06-14;http://www.rad.cvm.gov.br/ENETCONSULTA/frmDownloadDocumento.aspx?CodigoInstituicao=1&NumeroSequencialDocumento=19275
10.826.798/0001-89;2012-01-01;6;BRAZAL BRASIL ALIMENTOS SA;021865;FCA;20808;2012-08-15;http://www.rad.cvm.gov.br/ENETCONSULTA/frmDownloadDocumento.aspx?CodigoInstituicao=1&NumeroSequencialDocumento=20808
10.826.798/0001-89;2012-01-01;7;BRAZAL BRASIL ALIMENTOS SA;021865;FCA;20945;2012-08-22;http://www.rad.cvm.gov.br/ENETCONSULTA/frmDownloadDocumento.aspx?CodigoInstituicao=1&NumeroSequencialDocumento=20945
10.826.798/0001-89;2012-01-01;8;BRAZAL BRASIL ALIMENTOS SA;021865;FCA;20962;2012-08-23;http://www.rad.cvm.gov.br/ENETCONSULTA/frmDownloadDocumento.aspx?CodigoInstituicao=1&NumeroSequencialDocumento=20962
10.826.798/0001-89;2012-01-01;9;BRAZAL BRASIL ALIMENTOS SA;021865;FCA;21168;2012-09-06;http://www.rad.cvm.gov.br/ENETCONSULTA/frmDownloadDocumento.aspx?CodigoInstituicao=1&NumeroSequencialDocumento=21168
10.826.798/0001-89;2012-01-01;10;BRAZAL BRASIL ALIMENTOS SA;021865;FCA;22486;2012-11-13;http://www.rad.cvm.gov.br/ENETCONSULTA/frmDownloadDocumento.aspx?CodigoInstituicao=1&NumeroSequencialDocumento=22486
10.826.798/0001-89;2012-01-01;11;BRAZAL BRASIL ALIMENTOS SA;021865;FCA;22845;2012-11-19;http://www.rad.cvm.gov.br/ENETCONSULTA/frmDownloadDocumento.aspx?CodigoInstituicao=1&NumeroSequencialDocumento=22845
10.826.798/0001-89;2012-01-01;12;BRAZAL BRASIL ALIMENTOS SA;021865;FCA;23108;2012-12-07;http://www.rad.cvm.gov.br/ENETCONSULTA/frmDownloadDocumento.aspx?CodigoInstituicao=1&NumeroSequencialDocumento=23108
10.835.932/0001-08;2012-01-01;1;CIA ENERGETICA DE PERNAMBUCO - CELPE;014362;FCA;14071;2012-02-02;http://www.rad.cvm.gov.br/ENETCONSULTA/frmDownloadDocumento.aspx?CodigoInstituicao=1&NumeroSequencialDocumento=14071
10.835.932/0001-08;2012-01-01;2;CIA ENERGETICA DE PERNAMBUCO - CELPE;014362;FCA;18024;2012-05-18;http://www.rad.cvm.gov.br/ENETCONSULTA/frmDownloadDocumento.aspx?CodigoInstituicao=1&NumeroSequencialDocumento=18024
10.835.932/0001-08;2012-01-01;3;CIA ENERGETICA DE PERNAMBUCO - CELPE;014362;FCA;19780;2012-07-20;http://www.rad.cvm.gov.br/ENETCONSULTA/frmDownloadDocumento.aspx?CodigoInstituicao=1&NumeroSequencialDocumento=19780
10.841.050/0001-55;2012-01-01;1;CONC ROD AYRTON SENNA E CARV PINTO S.A.-ECOPISTAS;022411;FCA;15007;2012-03-14;http://www.rad.cvm.gov.br/ENETCONSULTA/frmDownloadDocumento.aspx?CodigoInstituicao=1&NumeroSequencialDocumento=15007
10.841.050/0001-55;2012-01-01;2;CONC ROD AYRTON SENNA E CARV PINTO S.A.-ECOPISTAS;022411;FCA;15017;2012-03-14;http://www.rad.cvm.gov.br/ENETCONSULTA/frmDownloadDocumento.aspx?CodigoInstituicao=1&NumeroSequencialDocumento=15017
10.841.050/0001-55;2012-01-01;3;CONC ROD AYRTON SENNA E CARV PINTO S.A.-ECOPISTAS;022411;FCA;18443;2012-05-30;http://www.rad.cvm.gov.br/ENETCONSULTA/frmDownloadDocumento.aspx?CodigoInstituicao=1&NumeroSequencialDocumento=18443
10.841.050/0001-55;2012-01-01;4;CONC ROD AYRTON SENNA E CARV PINTO S.A.-ECOPISTAS;022411;FCA;19454;2012-06-27;http://www.rad.cvm.gov.br/ENETCONSULTA/frmDownloadDocumento.aspx?CodigoInstituicao=1&NumeroSequencialDocumento=19454
10.846.981/0001-46;2012-01-01;1;CENTENNIAL ASSET PARTICIPAÇÕES SUDESTE S/A;021776;FCA;14050;2012-02-01;http://www.rad.cvm.gov.br/ENETCONSULTA/frmDownloadDocumento.aspx?CodigoInstituicao=1&NumeroSequencialDocumento=14050
10.846.981/0001-46;2012-01-01;2;CENTENNIAL ASSET PARTICIPAÇÕES SUDESTE S/A;021776;FCA;17117;2012-05-09;http://www.rad.cvm.gov.br/ENETCONSULTA/frmDownloadDocumento.aspx?CodigoInstituicao=1&NumeroSequencialDocumento=17117
10.846.981/0001-46;2012-01-01;3;CENTENNIAL ASSET PARTICIPAÇÕES SUDESTE S/A;021776;FCA;19801;2012-07-23;http://www.rad.cvm.gov.br/ENETCONSULTA/frmDownloadDocumento.aspx?CodigoInstituicao=1&NumeroSequencialDocumento=19801
10.847.761/0001-37;2012-01-01;1;EBX BRASIL S.A.;021784;FCA;14659;2012-03-02;http://www.rad.cvm.gov.br/ENETCONSULTA/frmDownloadDocumento.aspx?CodigoInstituicao=1&NumeroSequencialDocumento=14659
10.847.761/0001-37;2012-01-01;2;EBX BRASIL S.A.;021784;FCA;18255;2012-05-25;http://www.rad.cvm.gov.br/ENETCONSULTA/frmDownloadDocumento.aspx?CodigoInstituicao=1&NumeroSequencialDocumento=18255
10.847.761/0001-37;2012-01-01;3;EBX BRASIL S.A.;021784;FCA;21352;2012-09-19;http://www.rad.cvm.gov.br/ENETCONSULTA/frmDownloadDocumento.aspx?CodigoInstituicao=1&NumeroSequencialDocumento=21352
10.847.761/0001-37;2012-01-01;4;EBX BRASIL S.A.;021784;FCA;21652;2012-10-11;http://www.rad.cvm.gov.br/ENETCONSULTA/frmDownloadDocumento.aspx?CodigoInstituicao=1&NumeroSequencialDocumento=21652
10.847.761/0001-37;2012-01-01;5;EBX BRASIL S.A.;021784;FCA;23450;2012-12-26;http://www.rad.cvm.gov.br/ENETCONSULTA/frmDownloadDocumento.aspx?CodigoInstituicao=1&NumeroSequencialDocumento=23450
10.894.123/0001-77;2012-01-01;1;BOLERO PARTICIPAÇÕES S/A;022039;FCA;15761;2012-03-30;http://www.rad.cvm.gov.br/ENETCONSULTA/frmDownloadDocumento.aspx?CodigoInstituicao=1&NumeroSequencialDocumento=15761
10.894.123/0001-77;2012-01-01;2;BOLERO PARTICIPAÇÕES S/A;022039;FCA;18945;2012-05-31;http://www.rad.cvm.gov.br/ENETCONSULTA/frmDownloadDocumento.aspx?CodigoInstituicao=1&NumeroSequencialDocumento=18945
11.094.546/0001-75;2012-01-01;1;MULTIPLUS S.A.;021946;FCA;13768;2012-01-12;http://www.rad.cvm.gov.br/ENETCONSULTA/frmDownloadDocumento.aspx?CodigoInstituicao=1&NumeroSequencialDocumento=13768
11.094.546/0001-75;2012-01-01;2;MULTIPLUS S.A.;021946;FCA;18065;2012-05-21;http://www.rad.cvm.gov.br/ENETCONSULTA/frmDownloadDocumento.aspx?CodigoInstituicao=1&NumeroSequencialDocumento=18065
11.197.023/0001-54;2012-01-01;1;AQUA-RIO S/A;022101;FCA;16040;2012-04-06;http://www.rad.cvm.gov.br/ENETCONSULTA/frmDownloadDocumento.aspx?CodigoInstituicao=1&NumeroSequencialDocumento=16040
11.274.829/0001-07;2012-01-01;1;COMPANHIA PAULISTA DE SECURITIZAÇÃO;022080;FCA;15677;2012-03-29;http://www.rad.cvm.gov.br/ENETCONSULTA/frmDownloadDocumento.aspx?CodigoInstituicao=1&NumeroSequencialDocumento=15677
11.274.829/0001-07;2012-01-01;2;COMPANHIA PAULISTA DE SECURITIZAÇÃO;022080;FCA;18508;2012-05-30;http://www.rad.cvm.gov.br/ENETCONSULTA/frmDownloadDocumento.aspx?CodigoInstituicao=1&NumeroSequencialDocumento=18508
11.274.829/0001-07;2012-01-01;3;COMPANHIA PAULISTA DE SECURITIZAÇÃO;022080;FCA;18528;2012-05-30;http://www.rad.cvm.gov.br/ENETCONSULTA/frmDownloadDocumento.aspx?CodigoInstituicao=1&NumeroSequencialDocumento=18528
11.306.912/0001-02;2012-01-01;1;POTHENCIA S.A. - REFLORESTADORA;022152;FCA;19960;2012-07-30;http://www.rad.cvm.gov.br/ENETCONSULTA/frmDownloadDocumento.aspx?CodigoInstituicao=1&NumeroSequencialDocumento=19960
11.395.624/0001-71;2012-01-01;1;MASSA FALIDA DA BRASIL PHARMA S.A.;022500;FCA;13777;2012-01-12;http://www.rad.cvm.gov.br/ENETCONSULTA/frmDownloadDocumento.aspx?CodigoInstituicao=1&NumeroSequencialDocumento=13777
11.395.624/0001-71;2012-01-01;2;MASSA FALIDA DA BRASIL PHARMA S.A.;022500;FCA;16822;2012-05-04;http://www.rad.cvm.gov.br/ENETCONSULTA/frmDownloadDocumento.aspx?CodigoInstituicao=1&NumeroSequencialDocumento=16822
11.395.624/0001-71;2012-01-01;3;MASSA FALIDA DA BRASIL PHARMA S.A.;022500;FCA;17951;2012-05-16;http://www.rad.cvm.gov.br/ENETCONSULTA/frmDownloadDocumento.aspx?CodigoInstituicao=1&NumeroSequencialDocumento=17951
11.396.633/0001-87;2012-01-01;1;3A COMPANHIA SECURITIZADORA;021954;FCA;15766;2012-03-30;http://www.rad.cvm.gov.br/ENETCONSULTA/frmDownloadDocumento.aspx?CodigoInstituicao=1&NumeroSequencialDocumento=15766
11.396.633/0001-87;2012-01-01;2;3A COMPANHIA SECURITIZADORA;021954;FCA;16578;2012-04-30;http://www.rad.cvm.gov.br/ENETCONSULTA/frmDownloadDocumento.aspx?CodigoInstituicao=1&NumeroSequencialDocumento=16578
11.396.633/0001-87;2012-01-01;3;3A COMPANHIA SECURITIZADORA;021954;FCA;18854;2012-05-31;http://www.rad.cvm.gov.br/ENETCONSULTA/frmDownloadDocumento.aspx?CodigoInstituicao=1&NumeroSequencialDocumento=18854
11.423.623/0001-93;2012-01-01;1;DUFRY A.G.;080110;FCA;14036;2012-01-31;http://www.rad.cvm.gov.br/ENETCONSULTA/frmDownloadDocumento.aspx?CodigoInstituicao=1&NumeroSequencialDocumento=14036
11.423.623/0001-93;2012-01-01;2;DUFRY A.G.;080110;FCA;16963;2012-05-08;http://www.rad.cvm.gov.br/ENETCONSULTA/frmDownloadDocumento.aspx?CodigoInstituicao=1&NumeroSequencialDocumento=16963
11.423.623/0001-93;2012-01-01;3;DUFRY A.G.;080110;FCA;19914;2012-07-27;http://www.rad.cvm.gov.br/ENETCONSULTA/frmDownloadDocumento.aspx?CodigoInstituicao=1&NumeroSequencialDocumento=19914
11.423.623/0001-93;2012-01-01;4;DUFRY A.G.;080110;FCA;21843;2012-10-23;http://www.rad.cvm.gov.br/ENETCONSULTA/frmDownloadDocumento.aspx?CodigoInstituicao=1&NumeroSequencialDocumento=21843
11.566.501/0001-56;2012-01-01;1;TEREOS INTERNACIONAL S/A;022136;FCA;14326;2012-02-15;http://www.rad.cvm.gov.br/ENETCONSULTA/frmDownloadDocumento.aspx?CodigoInstituicao=1&NumeroSequencialDocumento=14326
11.566.501/0001-56;2012-01-01;2;TEREOS INTERNACIONAL S/A;022136;FCA;17985;2012-05-17;http://www.rad.cvm.gov.br/ENETCONSULTA/frmDownloadDocumento.aspx?CodigoInstituicao=1&NumeroSequencialDocumento=17985
11.616.840/0001-08;2012-01-01;1;SAAG INVESTIMENTOS S.A.;022756;FCA;14817;2012-03-08;http://www.rad.cvm.gov.br/ENETCONSULTA/frmDownloadDocumento.aspx?CodigoInstituicao=1&NumeroSequencialDocumento=14817
11.616.840/0001-08;2012-01-01;2;SAAG INVESTIMENTOS S.A.;022756;FCA;18720;2012-05-31;http://www.rad.cvm.gov.br/ENETCONSULTA/frmDownloadDocumento.aspx?CodigoInstituicao=1&NumeroSequencialDocumento=18720
11.616.840/0001-08;2012-01-01;3;SAAG INVESTIMENTOS S.A.;022756;FCA;19412;2012-06-25;http://www.rad.cvm.gov.br/ENETCONSULTA/frmDownloadDocumento.aspx?CodigoInstituicao=1&NumeroSequencialDocumento=19412
11.616.840/0001-08;2012-01-01;4;SAAG INVESTIMENTOS S.A.;022756;FCA;19678;2012-07-12;http://www.rad.cvm.gov.br/ENETCONSULTA/frmDownloadDocumento.aspx?CodigoInstituicao=1&NumeroSequencialDocumento=19678
11.616.840/0001-08;2012-01-01;5;SAAG INVESTIMENTOS S.A.;022756;FCA;23137;2012-12-11;http://www.rad.cvm.gov.br/ENETCONSULTA/frmDownloadDocumento.aspx?CodigoInstituicao=1&NumeroSequencialDocumento=23137
11.669.021/0001-10;2012-01-01;1;ENAUTA PARTICIPAÇÕES S.A.;022365;FCA;15022;2012-03-14;http://www.rad.cvm.gov.br/ENETCONSULTA/frmDownloadDocumento.aspx?CodigoInstituicao=1&NumeroSequencialDocumento=15022
11.669.021/0001-10;2012-01-01;2;ENAUTA PARTICIPAÇÕES S.A.;022365;FCA;19020;2012-05-31;http://www.rad.cvm.gov.br/ENETCONSULTA/frmDownloadDocumento.aspx?CodigoInstituicao=1&NumeroSequencialDocumento=19020
11.716.471/0001-17;2012-01-01;1;TRX SECURITIZADORA S.A.;022420;FCA;14215;2012-02-10;http://www.rad.cvm.gov.br/ENETCONSULTA/frmDownloadDocumento.aspx?CodigoInstituicao=1&NumeroSequencialDocumento=14215
11.716.471/0001-17;2012-01-01;2;TRX SECURITIZADORA S.A.;022420;FCA;18893;2012-05-31;http://www.rad.cvm.gov.br/ENETCONSULTA/frmDownloadDocumento.aspx?CodigoInstituicao=1&NumeroSequencialDocumento=18893
11.716.471/0001-17;2012-01-01;3;TRX SECURITIZADORA S.A.;022420;FCA;19638;2012-07-10;http://www.rad.cvm.gov.br/ENETCONSULTA/frmDownloadDocumento.aspx?CodigoInstituicao=1&NumeroSequencialDocumento=19638
11.716.471/0001-17;2012-01-01;4;TRX SECURITIZADORA S.A.;022420;FCA;19683;2012-07-12;http://www.rad.cvm.gov.br/ENETCONSULTA/frmDownloadDocumento.aspx?CodigoInstituicao=1&NumeroSequencialDocumento=19683
11.721.921/0001-60;2012-01-01;1;ALPER CONSULTORIA E CORRETORA DE SEGUROS S.A.;022217;FCA;14439;2012-02-17;http://www.rad.cvm.gov.br/ENETCONSULTA/frmDownloadDocumento.aspx?CodigoInstituicao=1&NumeroSequencialDocumento=14439
11.721.921/0001-60;2012-01-01;2;ALPER CONSULTORIA E CORRETORA DE SEGUROS S.A.;022217;FCA;17830;2012-05-15;http://www.rad.cvm.gov.br/ENETCONSULTA/frmDownloadDocumento.aspx?CodigoInstituicao=1&NumeroSequencialDocumento=17830
11.721.921/0001-60;2012-01-01;3;ALPER CONSULTORIA E CORRETORA DE SEGUROS S.A.;022217;FCA;17923;2012-05-16;http://www.rad.cvm.gov.br/ENETCONSULTA/frmDownloadDocumento.aspx?CodigoInstituicao=1&NumeroSequencialDocumento=17923
11.858.621/0001-27;2012-01-01;1;MCM CIMENTOS S/A;022284;FCA;15599;2012-03-29;http://www.rad.cvm.gov.br/ENETCONSULTA/frmDownloadDocumento.aspx?CodigoInstituicao=1&NumeroSequencialDocumento=15599
11.992.680/0001-93;2012-01-01;1;QUALICORP CONSULTORIA E CORRETORA DE SEGUROS S.A.;022497;FCA;13542;2012-01-02;http://www.rad.cvm.gov.br/ENETCONSULTA/frmDownloadDocumento.aspx?CodigoInstituicao=1&NumeroSequencialDocumento=13542
11.992.680/0001-93;2012-01-01;2;QUALICORP CONSULTORIA E CORRETORA DE SEGUROS S.A.;022497;FCA;15014;2012-03-14;http://www.rad.cvm.gov.br/ENETCONSULTA/frmDownloadDocumento.aspx?CodigoInstituicao=1&NumeroSequencialDocumento=15014
11.992.680/0001-93;2012-01-01;3;QUALICORP CONSULTORIA E CORRETORA DE SEGUROS S.A.;022497;FCA;18011;2012-05-18;http://www.rad.cvm.gov.br/ENETCONSULTA/frmDownloadDocumento.aspx?CodigoInstituicao=1&NumeroSequencialDocumento=18011
11.992.680/0001-93;2012-01-01;4;QUALICORP CONSULTORIA E CORRETORA DE SEGUROS S.A.;022497;FCA;22070;2012-11-05;http://www.rad.cvm.gov.br/ENETCONSULTA/frmDownloadDocumento.aspx?CodigoInstituicao=1&NumeroSequencialDocumento=22070
11.995.745/0001-54;2012-01-01;1;ROPASC PARTICIPAÇÕES S.A.;022195;FCA;15741;2012-03-30;http://www.rad.cvm.gov.br/ENETCONSULTA/frmDownloadDocumento.aspx?CodigoInstituicao=1&NumeroSequencialDocumento=15741
11.995.745/0001-54;2012-01-01;2;ROPASC PARTICIPAÇÕES S.A.;022195;FCA;18731;2012-05-31;http://www.rad.cvm.gov.br/ENETCONSULTA/frmDownloadDocumento.aspx?CodigoInstituicao=1&NumeroSequencialDocumento=18731
11.995.753/0001-09;2012-01-01;1;PASCRO PARTICIPAÇÕES S.A.;022209;FCA;21613;2012-10-10;http://www.rad.cvm.gov.br/ENETCONSULTA/frmDownloadDocumento.aspx?CodigoInstituicao=1&NumeroSequencialDocumento=21613
12.049.631/0001-84;2012-01-01;1;MOURA DUBEUX ENGENHARIA S/A;021067;FCA;14117;2012-02-06;http://www.rad.cvm.gov.br/ENETCONSULTA/frmDownloadDocumento.aspx?CodigoInstituicao=1&NumeroSequencialDocumento=14117
12.049.631/0001-84;2012-01-01;2;MOURA DUBEUX ENGENHARIA S/A;021067;FCA;18364;2012-05-29;http://www.rad.cvm.gov.br/ENETCONSULTA/frmDownloadDocumento.aspx?CodigoInstituicao=1&NumeroSequencialDocumento=18364
12.078.880/0001-06;2012-01-01;1;COMPANHIA AURIFERA BRASILEIRA S.A.;022870;FCA;20107;2012-08-06;http://www.rad.cvm.gov.br/ENETCONSULTA/frmDownloadDocumento.aspx?CodigoInstituicao=1&NumeroSequencialDocumento=20107
12.126.500/0001-53;2012-01-01;1;REDENTOR ENERGIA S/A;022128;FCA;15396;2012-03-26;http://www.rad.cvm.gov.br/ENETCONSULTA/frmDownloadDocumento.aspx?CodigoInstituicao=1&NumeroSequencialDocumento=15396
12.126.500/0001-53;2012-01-01;2;REDENTOR ENERGIA S/A;022128;FCA;16866;2012-05-07;http://www.rad.cvm.gov.br/ENETCONSULTA/frmDownloadDocumento.aspx?CodigoInstituicao=1&NumeroSequencialDocumento=16866
12.126.500/0001-53;2012-01-01;3;REDENTOR ENERGIA S/A;022128;FCA;19979;2012-07-31;http://www.rad.cvm.gov.br/ENETCONSULTA/frmDownloadDocumento.aspx?CodigoInstituicao=1&NumeroSequencialDocumento=19979
12.126.500/0001-53;2012-01-01;4;REDENTOR ENERGIA S/A;022128;FCA;21393;2012-09-21;http://www.rad.cvm.gov.br/ENETCONSULTA/frmDownloadDocumento.aspx?CodigoInstituicao=1&NumeroSequencialDocumento=21393
12.130.744/0001-00;2012-01-01;1;TRUE SECURITIZADORA S.A.;022276;FCA;15233;2012-03-22;http://www.rad.cvm.gov.br/ENETCONSULTA/frmDownloadDocumento.aspx?CodigoInstituicao=1&NumeroSequencialDocumento=15233
12.130.744/0001-00;2012-01-01;2;TRUE SECURITIZADORA S.A.;022276;FCA;16857;2012-05-07;http://www.rad.cvm.gov.br/ENETCONSULTA/frmDownloadDocumento.aspx?CodigoInstituicao=1&NumeroSequencialDocumento=16857
12.130.744/0001-00;2012-01-01;3;TRUE SECURITIZADORA S.A.;022276;FCA;20141;2012-08-07;http://www.rad.cvm.gov.br/ENETCONSULTA/frmDownloadDocumento.aspx?CodigoInstituicao=1&NumeroSequencialDocumento=20141
12.130.744/0001-00;2012-01-01;4;TRUE SECURITIZADORA S.A.;022276;FCA;20317;2012-08-10;http://www.rad.cvm.gov.br/ENETCONSULTA/frmDownloadDocumento.aspx?CodigoInstituicao=1&NumeroSequencialDocumento=20317
12.139.922/0001-63;2012-01-01;1;OCTANTE SECURITIZADORA S.A.;022390;FCA;14085;2012-02-03;http://www.rad.cvm.gov.br/ENETCONSULTA/frmDownloadDocumento.aspx?CodigoInstituicao=1&NumeroSequencialDocumento=14085
12.139.922/0001-63;2012-01-01;2;OCTANTE SECURITIZADORA S.A.;022390;FCA;17184;2012-05-10;http://www.rad.cvm.gov.br/ENETCONSULTA/frmDownloadDocumento.aspx?CodigoInstituicao=1&NumeroSequencialDocumento=17184
12.139.922/0001-63;2012-01-01;3;OCTANTE SECURITIZADORA S.A.;022390;FCA;18349;2012-05-29;http://www.rad.cvm.gov.br/ENETCONSULTA/frmDownloadDocumento.aspx?CodigoInstituicao=1&NumeroSequencialDocumento=18349
12.139.922/0001-63;2012-01-01;4;OCTANTE SECURITIZADORA S.A.;022390;FCA;21389;2012-09-21;http://www.rad.cvm.gov.br/ENETCONSULTA/frmDownloadDocumento.aspx?CodigoInstituicao=1&NumeroSequencialDocumento=21389
12.139.922/0001-63;2012-01-01;5;OCTANTE SECURITIZADORA S.A.;022390;FCA;21502;2012-10-01;http://www.rad.cvm.gov.br/ENETCONSULTA/frmDownloadDocumento.aspx?CodigoInstituicao=1&NumeroSequencialDocumento=21502
12.261.588/0001-16;2012-01-01;1;POLO CAPITAL SECURITIZADORA S.A;022160;FCA;13942;2012-01-25;http://www.rad.cvm.gov.br/ENETCONSULTA/frmDownloadDocumento.aspx?CodigoInstituicao=1&NumeroSequencialDocumento=13942
12.261.588/0001-16;2012-01-01;2;POLO CAPITAL SECURITIZADORA S.A;022160;FCA;17116;2012-05-09;http://www.rad.cvm.gov.br/ENETCONSULTA/frmDownloadDocumento.aspx?CodigoInstituicao=1&NumeroSequencialDocumento=17116
12.261.588/0001-16;2012-01-01;3;POLO CAPITAL SECURITIZADORA S.A;022160;FCA;18939;2012-05-31;http://www.rad.cvm.gov.br/ENETCONSULTA/frmDownloadDocumento.aspx?CodigoInstituicao=1&NumeroSequencialDocumento=18939
12.320.349/0001-90;2012-01-01;1;ORE  SECURITIZADORA SA;022250;FCA;13711;2012-01-10;http://www.rad.cvm.gov.br/ENETCONSULTA/frmDownloadDocumento.aspx?CodigoInstituicao=1&NumeroSequencialDocumento=13711
12.320.349/0001-90;2012-01-01;2;ORE  SECURITIZADORA SA;022250;FCA;14141;2012-02-07;http://www.rad.cvm.gov.br/ENETCONSULTA/frmDownloadDocumento.aspx?CodigoInstituicao=1&NumeroSequencialDocumento=14141
12.320.349/0001-90;2012-01-01;3;ORE  SECURITIZADORA SA;022250;FCA;18199;2012-05-24;http://www.rad.cvm.gov.br/ENETCONSULTA/frmDownloadDocumento.aspx?CodigoInstituicao=1&NumeroSequencialDocumento=18199
12.320.349/0001-90;2012-01-01;4;ORE  SECURITIZADORA SA;022250;FCA;21059;2012-08-31;http://www.rad.cvm.gov.br/ENETCONSULTA/frmDownloadDocumento.aspx?CodigoInstituicao=1&NumeroSequencialDocumento=21059
12.489.315/0001-23;2012-01-01;1;FERREIRA GOMES ENERGIA S.A.;022977;FCA;21682;2012-10-15;http://www.rad.cvm.gov.br/ENETCONSULTA/frmDownloadDocumento.aspx?CodigoInstituicao=1&NumeroSequencialDocumento=21682
12.492.734/0001-14;2012-01-01;1;DROGARIAS AMERICANAS S.A.;022837;FCA;19660;2012-07-11;http://www.rad.cvm.gov.br/ENETCONSULTA/frmDownloadDocumento.aspx?CodigoInstituicao=1&NumeroSequencialDocumento=19660
12.498.904/0001-78;2012-01-01;1;CÁSPIO PARTICIPAÇÕES S/A;022314;FCA;18089;2012-05-21;http://www.rad.cvm.gov.br/ENETCONSULTA/frmDownloadDocumento.aspx?CodigoInstituicao=1&NumeroSequencialDocumento=18089
12.498.904/0001-78;2012-01-01;2;CÁSPIO PARTICIPAÇÕES S/A;022314;FCA;20494;2012-08-14;http://www.rad.cvm.gov.br/ENETCONSULTA/frmDownloadDocumento.aspx?CodigoInstituicao=1&NumeroSequencialDocumento=20494
12.499.618/0001-27;2012-01-01;1;VOSTOK PARTICIPAÇÕES SA;022322;FCA;15746;2012-03-30;http://www.rad.cvm.gov.br/ENETCONSULTA/frmDownloadDocumento.aspx?CodigoInstituicao=1&NumeroSequencialDocumento=15746
12.499.618/0001-27;2012-01-01;2;VOSTOK PARTICIPAÇÕES SA;022322;FCA;18756;2012-05-31;http://www.rad.cvm.gov.br/ENETCONSULTA/frmDownloadDocumento.aspx?CodigoInstituicao=1&NumeroSequencialDocumento=18756
12.499.629/0001-07;2012-01-01;1;MÊNFIS PARTICIPAÇÕES S.A.;022462;FCA;15745;2012-03-30;http://www.rad.cvm.gov.br/ENETCONSULTA/frmDownloadDocumento.aspx?CodigoInstituicao=1&NumeroSequencialDocumento=15745
12.499.629/0001-07;2012-01-01;2;MÊNFIS PARTICIPAÇÕES S.A.;022462;FCA;18835;2012-05-31;http://www.rad.cvm.gov.br/ENETCONSULTA/frmDownloadDocumento.aspx?CodigoInstituicao=1&NumeroSequencialDocumento=18835
12.592.746/0001-10;2012-01-01;1;STEIN SP II PARTICIPAÇÕES S.A.;022292;FCA;14458;2012-02-22;http://www.rad.cvm.gov.br/ENETCONSULTA/frmDownloadDocumento.aspx?CodigoInstituicao=1&NumeroSequencialDocumento=14458
12.592.746/0001-10;2012-01-01;2;STEIN SP II PARTICIPAÇÕES S.A.;022292;FCA;14811;2012-03-08;http://www.rad.cvm.gov.br/ENETCONSULTA/frmDownloadDocumento.aspx?CodigoInstituicao=1&NumeroSequencialDocumento=14811
12.592.746/0001-10;2012-01-01;3;STEIN SP II PARTICIPAÇÕES S.A.;022292;FCA;16663;2012-05-02;http://www.rad.cvm.gov.br/ENETCONSULTA/frmDownloadDocumento.aspx?CodigoInstituicao=1&NumeroSequencialDocumento=16663
12.592.746/0001-10;2012-01-01;4;STEIN SP II PARTICIPAÇÕES S.A.;022292;FCA;19406;2012-06-24;http://www.rad.cvm.gov.br/ENETCONSULTA/frmDownloadDocumento.aspx?CodigoInstituicao=1&NumeroSequencialDocumento=19406
12.592.746/0001-10;2012-01-01;5;STEIN SP II PARTICIPAÇÕES S.A.;022292;FCA;21403;2012-09-21;http://www.rad.cvm.gov.br/ENETCONSULTA/frmDownloadDocumento.aspx?CodigoInstituicao=1&NumeroSequencialDocumento=21403
12.610.072/0001-30;2012-01-01;1;PLAY BEVERAGE SOUTH AMERICA S.A.;022900;FCA;20664;2012-08-14;http://www.rad.cvm.gov.br/ENETCONSULTA/frmDownloadDocumento.aspx?CodigoInstituicao=1&NumeroSequencialDocumento=20664
12.610.097/0001-33;2012-01-01;1;EKOPARKING S.A.;022896;FCA;20610;2012-08-14;http://www.rad.cvm.gov.br/ENETCONSULTA/frmDownloadDocumento.aspx?CodigoInstituicao=1&NumeroSequencialDocumento=20610
12.610.116/0001-21;2012-01-01;1;INTERCOSMETIC HOLDING S.A.;022888;FCA;20147;2012-08-07;http://www.rad.cvm.gov.br/ENETCONSULTA/frmDownloadDocumento.aspx?CodigoInstituicao=1&NumeroSequencialDocumento=20147
12.610.165/0001-64;2012-01-01;1;ATLETAS BRASILEIROS S.A.;022934;FCA;21137;2012-09-05;http://www.rad.cvm.gov.br/ENETCONSULTA/frmDownloadDocumento.aspx?CodigoInstituicao=1&NumeroSequencialDocumento=21137
12.610.764/0001-88;2012-01-01;1;BRASIL PLURAL SECURITIZADORA S.A.;022233;FCA;13565;2012-01-03;http://www.rad.cvm.gov.br/ENETCONSULTA/frmDownloadDocumento.aspx?CodigoInstituicao=1&NumeroSequencialDocumento=13565
12.610.764/0001-88;2012-01-01;2;BRASIL PLURAL SECURITIZADORA S.A.;022233;FCA;14893;2012-03-12;http://www.rad.cvm.gov.br/ENETCONSULTA/frmDownloadDocumento.aspx?CodigoInstituicao=1&NumeroSequencialDocumento=14893
12.610.764/0001-88;2012-01-01;3;BRASIL PLURAL SECURITIZADORA S.A.;022233;FCA;17474;2012-05-14;http://www.rad.cvm.gov.br/ENETCONSULTA/frmDownloadDocumento.aspx?CodigoInstituicao=1&NumeroSequencialDocumento=17474
12.610.764/0001-88;2012-01-01;4;BRASIL PLURAL SECURITIZADORA S.A.;022233;FCA;20864;2012-08-20;http://www.rad.cvm.gov.br/ENETCONSULTA/frmDownloadDocumento.aspx?CodigoInstituicao=1&NumeroSequencialDocumento=20864
12.648.327/0001-53;2012-01-01;1;HIDROVIAS DO BRASIL S.A.;022675;FCA;13872;2012-01-19;http://www.rad.cvm.gov.br/ENETCONSULTA/frmDownloadDocumento.aspx?CodigoInstituicao=1&NumeroSequencialDocumento=13872
12.648.327/0001-53;2012-01-01;2;HIDROVIAS DO BRASIL S.A.;022675;FCA;14730;2012-03-06;http://www.rad.cvm.gov.br/ENETCONSULTA/frmDownloadDocumento.aspx?CodigoInstituicao=1&NumeroSequencialDocumento=14730
12.648.327/0001-53;2012-01-01;3;HIDROVIAS DO BRASIL S.A.;022675;FCA;18624;2012-05-31;http://www.rad.cvm.gov.br/ENETCONSULTA/frmDownloadDocumento.aspx?CodigoInstituicao=1&NumeroSequencialDocumento=18624
12.648.327/0001-53;2012-01-01;4;HIDROVIAS DO BRASIL S.A.;022675;FCA;20878;2012-08-20;http://www.rad.cvm.gov.br/ENETCONSULTA/frmDownloadDocumento.aspx?CodigoInstituicao=1&NumeroSequencialDocumento=20878
12.668.780/0001-21;2012-01-01;1;PATMOS PARTICIPAÇÕES S.A.;022748;FCA;14287;2012-02-14;http://www.rad.cvm.gov.br/ENETCONSULTA/frmDownloadDocumento.aspx?CodigoInstituicao=1&NumeroSequencialDocumento=14287
12.668.780/0001-21;2012-01-01;2;PATMOS PARTICIPAÇÕES S.A.;022748;FCA;18714;2012-05-31;http://www.rad.cvm.gov.br/ENETCONSULTA/frmDownloadDocumento.aspx?CodigoInstituicao=1&NumeroSequencialDocumento=18714
12.668.792/0001-56;2012-01-01;1;EGEU PARTICIPAÇÕES S.A.;022713;FCA;14217;2012-02-10;http://www.rad.cvm.gov.br/ENETCONSULTA/frmDownloadDocumento.aspx?CodigoInstituicao=1&NumeroSequencialDocumento=14217
12.668.792/0001-56;2012-01-01;2;EGEU PARTICIPAÇÕES S.A.;022713;FCA;18855;2012-05-31;http://www.rad.cvm.gov.br/ENETCONSULTA/frmDownloadDocumento.aspx?CodigoInstituicao=1&NumeroSequencialDocumento=18855
12.979.898/0001-70;2012-01-01;1;FORTE SECURITIZADORA S.A.;022489;FCA;15159;2012-03-20;http://www.rad.cvm.gov.br/ENETCONSULTA/frmDownloadDocumento.aspx?CodigoInstituicao=1&NumeroSequencialDocumento=15159
12.979.898/0001-70;2012-01-01;2;FORTE SECURITIZADORA S.A.;022489;FCA;16544;2012-04-27;http://www.rad.cvm.gov.br/ENETCONSULTA/frmDownloadDocumento.aspx?CodigoInstituicao=1&NumeroSequencialDocumento=16544
12.979.898/0001-70;2012-01-01;3;FORTE SECURITIZADORA S.A.;022489;FCA;19087;2012-06-01;http://www.rad.cvm.gov.br/ENETCONSULTA/frmDownloadDocumento.aspx?CodigoInstituicao=1&NumeroSequencialDocumento=19087
12.979.898/0001-70;2012-01-01;4;FORTE SECURITIZADORA S.A.;022489;FCA;20338;2012-08-13;http://www.rad.cvm.gov.br/ENETCONSULTA/frmDownloadDocumento.aspx?CodigoInstituicao=1&NumeroSequencialDocumento=20338
13.009.717/0001-46;2012-01-01;1;BCO ESTADO DE SERGIPE S.A. - BANESE;001120;FCA;14111;2012-02-06;http://www.rad.cvm.gov.br/ENETCONSULTA/frmDownloadDocumento.aspx?CodigoInstituicao=1&NumeroSequencialDocumento=14111
13.009.717/0001-46;2012-01-01;2;BCO ESTADO DE SERGIPE S.A. - BANESE;001120;FCA;18832;2012-05-31;http://www.rad.cvm.gov.br/ENETCONSULTA/frmDownloadDocumento.aspx?CodigoInstituicao=1&NumeroSequencialDocumento=18832
13.009.717/0001-46;2012-01-01;3;BCO ESTADO DE SERGIPE S.A. - BANESE;001120;FCA;19675;2012-07-12;http://www.rad.cvm.gov.br/ENETCONSULTA/frmDownloadDocumento.aspx?CodigoInstituicao=1&NumeroSequencialDocumento=19675
13.017.462/0001-63;2012-01-01;1;ENERGISA SERGIPE - DISTRIBUIDORA DE ENERGIA S/A;018996;FCA;14908;2012-03-12;http://www.rad.cvm.gov.br/ENETCONSULTA/frmDownloadDocumento.aspx?CodigoInstituicao=1&NumeroSequencialDocumento=14908
13.017.462/0001-63;2012-01-01;2;ENERGISA SERGIPE - DISTRIBUIDORA DE ENERGIA S/A;018996;FCA;15586;2012-03-29;http://www.rad.cvm.gov.br/ENETCONSULTA/frmDownloadDocumento.aspx?CodigoInstituicao=1&NumeroSequencialDocumento=15586
13.017.462/0001-63;2012-01-01;3;ENERGISA SERGIPE - DISTRIBUIDORA DE ENERGIA S/A;018996;FCA;17972;2012-05-17;http://www.rad.cvm.gov.br/ENETCONSULTA/frmDownloadDocumento.aspx?CodigoInstituicao=1&NumeroSequencialDocumento=17972
13.324.184/0001-97;2012-01-01;1;VIGOR ALIMENTOS S.A.;022772;FCA;16028;2012-04-05;http://www.rad.cvm.gov.br/ENETCONSULTA/frmDownloadDocumento.aspx?CodigoInstituicao=1&NumeroSequencialDocumento=16028
13.324.184/0001-97;2012-01-01;2;VIGOR ALIMENTOS S.A.;022772;FCA;17995;2012-05-17;http://www.rad.cvm.gov.br/ENETCONSULTA/frmDownloadDocumento.aspx?CodigoInstituicao=1&NumeroSequencialDocumento=17995
13.324.184/0001-97;2012-01-01;3;VIGOR ALIMENTOS S.A.;022772;FCA;19577;2012-07-05;http://www.rad.cvm.gov.br/ENETCONSULTA/frmDownloadDocumento.aspx?CodigoInstituicao=1&NumeroSequencialDocumento=19577
13.324.184/0001-97;2012-01-01;4;VIGOR ALIMENTOS S.A.;022772;FCA;20752;2012-08-15;http://www.rad.cvm.gov.br/ENETCONSULTA/frmDownloadDocumento.aspx?CodigoInstituicao=1&NumeroSequencialDocumento=20752
13.349.677/0001-81;2012-01-01;1;REIT SECURITIZADORA S/A;022802;FCA;17383;2012-05-11;http://www.rad.cvm.gov.br/ENETCONSULTA/frmDownloadDocumento.aspx?CodigoInstituicao=1&NumeroSequencialDocumento=17383
13.349.677/0001-81;2012-01-01;2;REIT SECURITIZADORA S/A;022802;FCA;19654;2012-07-11;http://www.rad.cvm.gov.br/ENETCONSULTA/frmDownloadDocumento.aspx?CodigoInstituicao=1&NumeroSequencialDocumento=19654
13.349.677/0001-81;2012-01-01;3;REIT SECURITIZADORA S/A;022802;FCA;21759;2012-10-19;http://www.rad.cvm.gov.br/ENETCONSULTA/frmDownloadDocumento.aspx?CodigoInstituicao=1&NumeroSequencialDocumento=21759
13.349.677/0001-81;2012-01-01;4;REIT SECURITIZADORA S/A;022802;FCA;23155;2012-12-12;http://www.rad.cvm.gov.br/ENETCONSULTA/frmDownloadDocumento.aspx?CodigoInstituicao=1&NumeroSequencialDocumento=23155
13.407.573/0001-86;2012-01-01;1;HARPIA ÔMEGA PARTICIPAÇÕES S.A.;022578;FCA;14523;2012-02-24;http://www.rad.cvm.gov.br/ENETCONSULTA/frmDownloadDocumento.aspx?CodigoInstituicao=1&NumeroSequencialDocumento=14523
13.407.573/0001-86;2012-01-01;2;HARPIA ÔMEGA PARTICIPAÇÕES S.A.;022578;FCA;18627;2012-05-31;http://www.rad.cvm.gov.br/ENETCONSULTA/frmDownloadDocumento.aspx?CodigoInstituicao=1&NumeroSequencialDocumento=18627
13.407.573/0001-86;2012-01-01;3;HARPIA ÔMEGA PARTICIPAÇÕES S.A.;022578;FCA;23052;2012-12-05;http://www.rad.cvm.gov.br/ENETCONSULTA/frmDownloadDocumento.aspx?CodigoInstituicao=1&NumeroSequencialDocumento=23052
13.444.994/0001-87;2012-01-01;1;MLOG S.A.;022586;FCA;13831;2012-01-16;http://www.rad.cvm.gov.br/ENETCONSULTA/frmDownloadDocumento.aspx?CodigoInstituicao=1&NumeroSequencialDocumento=13831
13.444.994/0001-87;2012-01-01;2;MLOG S.A.;022586;FCA;17680;2012-05-15;http://www.rad.cvm.gov.br/ENETCONSULTA/frmDownloadDocumento.aspx?CodigoInstituicao=1&NumeroSequencialDocumento=17680
13.608.583/0001-80;2012-01-01;1;QGN PARTICIPAÇÕES SA;009857;FCA;13853;2012-01-18;http://www.rad.cvm.gov.br/ENETCONSULTA/frmDownloadDocumento.aspx?CodigoInstituicao=1&NumeroSequencialDocumento=13853
13.608.583/0001-80;2012-01-01;2;QGN PARTICIPAÇÕES SA;009857;FCA;14489;2012-02-24;http://www.rad.cvm.gov.br/ENETCONSULTA/frmDownloadDocumento.aspx?CodigoInstituicao=1&NumeroSequencialDocumento=14489
13.608.583/0001-80;2012-01-01;3;QGN PARTICIPAÇÕES SA;009857;FCA;18477;2012-05-30;http://www.rad.cvm.gov.br/ENETCONSULTA/frmDownloadDocumento.aspx?CodigoInstituicao=1&NumeroSequencialDocumento=18477
13.720.918/0001-57;2012-01-01;1;ATIVOS BRASILEIROS S.A.;022918;FCA;20365;2012-08-13;http://www.rad.cvm.gov.br/ENETCONSULTA/frmDownloadDocumento.aspx?CodigoInstituicao=1&NumeroSequencialDocumento=20365
13.776.362/0001-10;2012-01-01;1;BRASIL TRAVEL TURISMO E PARTICIPAÇÕES S.A.;022705;FCA;14023;2012-01-31;http://www.rad.cvm.gov.br/ENETCONSULTA/frmDownloadDocumento.aspx?CodigoInstituicao=1&NumeroSequencialDocumento=14023
13.776.362/0001-10;2012-01-01;2;BRASIL TRAVEL TURISMO E PARTICIPAÇÕES S.A.;022705;FCA;18751;2012-05-31;http://www.rad.cvm.gov.br/ENETCONSULTA/frmDownloadDocumento.aspx?CodigoInstituicao=1&NumeroSequencialDocumento=18751
13.788.120/0001-47;2012-01-01;1;ELEKEIROZ S.A.;004359;FCA;13835;2012-01-17;http://www.rad.cvm.gov.br/ENETCONSULTA/frmDownloadDocumento.aspx?CodigoInstituicao=1&NumeroSequencialDocumento=13835
13.788.120/0001-47;2012-01-01;2;ELEKEIROZ S.A.;004359;FCA;16098;2012-04-10;http://www.rad.cvm.gov.br/ENETCONSULTA/frmDownloadDocumento.aspx?CodigoInstituicao=1&NumeroSequencialDocumento=16098
13.788.120/0001-47;2012-01-01;3;ELEKEIROZ S.A.;004359;FCA;17960;2012-05-16;http://www.rad.cvm.gov.br/ENETCONSULTA/frmDownloadDocumento.aspx?CodigoInstituicao=1&NumeroSequencialDocumento=17960
13.788.120/0001-47;2012-01-01;4;ELEKEIROZ S.A.;004359;FCA;21635;2012-10-11;http://www.rad.cvm.gov.br/ENETCONSULTA/frmDownloadDocumento.aspx?CodigoInstituicao=1&NumeroSequencialDocumento=21635
14.042.551/0001-22;2012-01-01;1;SEABRAS SERVIÇOS DE PETRÓLEO S.A;022730;FCA;14488;2012-02-24;http://www.rad.cvm.gov.br/ENETCONSULTA/frmDownloadDocumento.aspx?CodigoInstituicao=1&NumeroSequencialDocumento=14488
14.042.551/0001-22;2012-01-01;2;SEABRAS SERVIÇOS DE PETRÓLEO S.A;022730;FCA;19019;2012-05-31;http://www.rad.cvm.gov.br/ENETCONSULTA/frmDownloadDocumento.aspx?CodigoInstituicao=1&NumeroSequencialDocumento=19019
14.200.537/0001-00;2012-01-01;1;NISA PARTICIPACOES S.A.;022640;FCA;15602;2012-03-29;http://www.rad.cvm.gov.br/ENETCONSULTA/frmDownloadDocumento.aspx?CodigoInstituicao=1&NumeroSequencialDocumento=15602
14.200.537/0001-00;2012-01-01;2;NISA PARTICIPACOES S.A.;022640;FCA;16067;2012-04-09;http://www.rad.cvm.gov.br/ENETCONSULTA/frmDownloadDocumento.aspx?CodigoInstituicao=1&NumeroSequencialDocumento=16067
14.200.537/0001-00;2012-01-01;3;NISA PARTICIPACOES S.A.;022640;FCA;17334;2012-05-10;http://www.rad.cvm.gov.br/ENETCONSULTA/frmDownloadDocumento.aspx?CodigoInstituicao=1&NumeroSequencialDocumento=17334
14.200.586/0001-42;2012-01-01;1;NAOMI PARTICIPAÇÕES S.A.;022667;FCA;15600;2012-03-29;http://www.rad.cvm.gov.br/ENETCONSULTA/frmDownloadDocumento.aspx?CodigoInstituicao=1&NumeroSequencialDocumento=15600
14.200.586/0001-42;2012-01-01;2;NAOMI PARTICIPAÇÕES S.A.;022667;FCA;16068;2012-04-09;http://www.rad.cvm.gov.br/ENETCONSULTA/frmDownloadDocumento.aspx?CodigoInstituicao=1&NumeroSequencialDocumento=16068
14.200.586/0001-42;2012-01-01;3;NAOMI PARTICIPAÇÕES S.A.;022667;FCA;17342;2012-05-10;http://www.rad.cvm.gov.br/ENETCONSULTA/frmDownloadDocumento.aspx?CodigoInstituicao=1&NumeroSequencialDocumento=17342
14.200.618/0001-00;2012-01-01;1;BELEZA PARTICIPAÇÕES S.A.;022632;FCA;15597;2012-03-29;http://www.rad.cvm.gov.br/ENETCONSULTA/frmDownloadDocumento.aspx?CodigoInstituicao=1&NumeroSequencialDocumento=15597
14.200.618/0001-00;2012-01-01;2;BELEZA PARTICIPAÇÕES S.A.;022632;FCA;16066;2012-04-09;http://www.rad.cvm.gov.br/ENETCONSULTA/frmDownloadDocumento.aspx?CodigoInstituicao=1&NumeroSequencialDocumento=16066
14.200.618/0001-00;2012-01-01;3;BELEZA PARTICIPAÇÕES S.A.;022632;FCA;17297;2012-05-10;http://www.rad.cvm.gov.br/ENETCONSULTA/frmDownloadDocumento.aspx?CodigoInstituicao=1&NumeroSequencialDocumento=17297
14.200.699/0001-48;2012-01-01;1;NOAH PARTICIPAÇÕES S.A.;022659;FCA;15605;2012-03-29;http://www.rad.cvm.gov.br/ENETCONSULTA/frmDownloadDocumento.aspx?CodigoInstituicao=1&NumeroSequencialDocumento=15605
14.200.699/0001-48;2012-01-01;2;NOAH PARTICIPAÇÕES S.A.;022659;FCA;16175;2012-04-13;http://www.rad.cvm.gov.br/ENETCONSULTA/frmDownloadDocumento.aspx?CodigoInstituicao=1&NumeroSequencialDocumento=16175
14.200.699/0001-48;2012-01-01;3;NOAH PARTICIPAÇÕES S.A.;022659;FCA;17331;2012-05-10;http://www.rad.cvm.gov.br/ENETCONSULTA/frmDownloadDocumento.aspx?CodigoInstituicao=1&NumeroSequencialDocumento=17331
14.212.464/0001-76;2012-01-01;1;TGLT S/A;080136;FCA;14684;2012-03-05;http://www.rad.cvm.gov.br/ENETCONSULTA/frmDownloadDocumento.aspx?CodigoInstituicao=1&NumeroSequencialDocumento=14684
14.212.464/0001-76;2012-01-01;2;TGLT S/A;080136;FCA;18167;2012-05-23;http://www.rad.cvm.gov.br/ENETCONSULTA/frmDownloadDocumento.aspx?CodigoInstituicao=1&NumeroSequencialDocumento=18167
14.308.514/0001-13;2012-01-01;1;PARTICIPAÇÕES INDUST. DO NORDESTE S.A.;001597;FCA;16367;2012-04-23;http://www.rad.cvm.gov.br/ENETCONSULTA/frmDownloadDocumento.aspx?CodigoInstituicao=1&NumeroSequencialDocumento=16367
14.308.514/0001-13;2012-01-01;2;PARTICIPAÇÕES INDUST. DO NORDESTE S.A.;001597;FCA;16595;2012-04-30;http://www.rad.cvm.gov.br/ENETCONSULTA/frmDownloadDocumento.aspx?CodigoInstituicao=1&NumeroSequencialDocumento=16595
14.308.514/0001-13;2012-01-01;3;PARTICIPAÇÕES INDUST. DO NORDESTE S.A.;001597;FCA;18839;2012-05-31;http://www.rad.cvm.gov.br/ENETCONSULTA/frmDownloadDocumento.aspx?CodigoInstituicao=1&NumeroSequencialDocumento=18839
14.388.334/0001-99;2012-01-01;1;PARANA BCO S.A.;020729;FCA;13670;2012-01-09;http://www.rad.cvm.gov.br/ENETCONSULTA/frmDownloadDocumento.aspx?CodigoInstituicao=1&NumeroSequencialDocumento=13670
14.388.334/0001-99;2012-01-01;2;PARANA BCO S.A.;020729;FCA;19072;2012-06-01;http://www.rad.cvm.gov.br/ENETCONSULTA/frmDownloadDocumento.aspx?CodigoInstituicao=1&NumeroSequencialDocumento=19072
14.388.334/0001-99;2012-01-01;3;PARANA BCO S.A.;020729;FCA;22068;2012-11-05;http://www.rad.cvm.gov.br/ENETCONSULTA/frmDownloadDocumento.aspx?CodigoInstituicao=1&NumeroSequencialDocumento=22068
14.388.334/0001-99;2012-01-01;4;PARANA BCO S.A.;020729;FCA;22072;2012-11-05;http://www.rad.cvm.gov.br/ENETCONSULTA/frmDownloadDocumento.aspx?CodigoInstituicao=1&NumeroSequencialDocumento=22072
14.388.520/0001-28;2012-01-01;1;PACIFIC RUBIALES ENERGY CORP.;080144;FCA;14040;2012-02-01;http://www.rad.cvm.gov.br/ENETCONSULTA/frmDownloadDocumento.aspx?CodigoInstituicao=1&NumeroSequencialDocumento=14040
14.388.520/0001-28;2012-01-01;2;PACIFIC RUBIALES ENERGY CORP.;080144;FCA;14112;2012-02-06;http://www.rad.cvm.gov.br/ENETCONSULTA/frmDownloadDocumento.aspx?CodigoInstituicao=1&NumeroSequencialDocumento=14112
14.388.520/0001-28;2012-01-01;3;PACIFIC RUBIALES ENERGY CORP.;080144;FCA;18922;2012-05-31;http://www.rad.cvm.gov.br/ENETCONSULTA/frmDownloadDocumento.aspx?CodigoInstituicao=1&NumeroSequencialDocumento=18922
14.388.520/0001-28;2012-01-01;4;PACIFIC RUBIALES ENERGY CORP.;080144;FCA;19137;2012-06-04;http://www.rad.cvm.gov.br/ENETCONSULTA/frmDownloadDocumento.aspx?CodigoInstituicao=1&NumeroSequencialDocumento=19137
14.388.520/0001-28;2012-01-01;5;PACIFIC RUBIALES ENERGY CORP.;080144;FCA;21371;2012-09-20;http://www.rad.cvm.gov.br/ENETCONSULTA/frmDownloadDocumento.aspx?CodigoInstituicao=1&NumeroSequencialDocumento=21371
14.807.945/0001-24;2012-01-01;1;SANSUY S.A. INDUSTRIA DE PLASTICOS;012696;FCA;15408;2012-03-27;http://www.rad.cvm.gov.br/ENETCONSULTA/frmDownloadDocumento.aspx?CodigoInstituicao=1&NumeroSequencialDocumento=15408
14.807.945/0001-24;2012-01-01;2;SANSUY S.A. INDUSTRIA DE PLASTICOS;012696;FCA;18189;2012-05-24;http://www.rad.cvm.gov.br/ENETCONSULTA/frmDownloadDocumento.aspx?CodigoInstituicao=1&NumeroSequencialDocumento=18189
14.807.945/0001-24;2012-01-01;3;SANSUY S.A. INDUSTRIA DE PLASTICOS;012696;FCA;21480;2012-09-28;http://www.rad.cvm.gov.br/ENETCONSULTA/frmDownloadDocumento.aspx?CodigoInstituicao=1&NumeroSequencialDocumento=21480
14.876.090/0001-93;2012-01-01;1;GAIA IMPACTO SECURITIZADORA S.A.;022764;FCA;15626;2012-03-29;http://www.rad.cvm.gov.br/ENETCONSULTA/frmDownloadDocumento.aspx?CodigoInstituicao=1&NumeroSequencialDocumento=15626
14.876.090/0001-93;2012-01-01;2;GAIA IMPACTO SECURITIZADORA S.A.;022764;FCA;18606;2012-05-30;http://www.rad.cvm.gov.br/ENETCONSULTA/frmDownloadDocumento.aspx?CodigoInstituicao=1&NumeroSequencialDocumento=18606
14.962.356/0001-10;2012-01-01;1;FRIGOL FOODS PARTICIPAÇÕES S.A.;022853;FCA;19766;2012-07-19;http://www.rad.cvm.gov.br/ENETCONSULTA/frmDownloadDocumento.aspx?CodigoInstituicao=1&NumeroSequencialDocumento=19766
14.962.356/0001-10;2012-01-01;2;FRIGOL FOODS PARTICIPAÇÕES S.A.;022853;FCA;20182;2012-08-08;http://www.rad.cvm.gov.br/ENETCONSULTA/frmDownloadDocumento.aspx?CodigoInstituicao=1&NumeroSequencialDocumento=20182
14.969.641/0001-63;2012-01-01;1;RIO MONSARÁS PARTICIPAÇÕES S.A.;022969;FCA;21274;2012-09-13;http://www.rad.cvm.gov.br/ENETCONSULTA/frmDownloadDocumento.aspx?CodigoInstituicao=1&NumeroSequencialDocumento=21274
14.998.371/0001-19;2012-01-01;1;J. MACEDO S.A.;021156;FCA;15322;2012-03-23;http://www.rad.cvm.gov.br/ENETCONSULTA/frmDownloadDocumento.aspx?CodigoInstituicao=1&NumeroSequencialDocumento=15322
14.998.371/0001-19;2012-01-01;2;J. MACEDO S.A.;021156;FCA;15793;2012-03-30;http://www.rad.cvm.gov.br/ENETCONSULTA/frmDownloadDocumento.aspx?CodigoInstituicao=1&NumeroSequencialDocumento=15793
14.998.371/0001-19;2012-01-01;3;J. MACEDO S.A.;021156;FCA;16691;2012-05-03;http://www.rad.cvm.gov.br/ENETCONSULTA/frmDownloadDocumento.aspx?CodigoInstituicao=1&NumeroSequencialDocumento=16691
14.998.371/0001-19;2012-01-01;4;J. MACEDO S.A.;021156;FCA;19582;2012-07-05;http://www.rad.cvm.gov.br/ENETCONSULTA/frmDownloadDocumento.aspx?CodigoInstituicao=1&NumeroSequencialDocumento=19582
14.998.371/0001-19;2012-01-01;5;J. MACEDO S.A.;021156;FCA;21082;2012-09-03;http://www.rad.cvm.gov.br/ENETCONSULTA/frmDownloadDocumento.aspx?CodigoInstituicao=1&NumeroSequencialDocumento=21082
14.998.371/0001-19;2012-01-01;6;J. MACEDO S.A.;021156;FCA;22927;2012-11-26;http://www.rad.cvm.gov.br/ENETCONSULTA/frmDownloadDocumento.aspx?CodigoInstituicao=1&NumeroSequencialDocumento=22927
14.998.371/0001-19;2012-01-01;7;J. MACEDO S.A.;021156;FCA;22930;2012-11-26;http://www.rad.cvm.gov.br/ENETCONSULTA/frmDownloadDocumento.aspx?CodigoInstituicao=1&NumeroSequencialDocumento=22930
15.073.274/0001-88;2012-01-01;1;PPLA PARTICIPATIONS LTD.;080152;FCA;16615;2012-05-02;http://www.rad.cvm.gov.br/ENETCONSULTA/frmDownloadDocumento.aspx?CodigoInstituicao=1&NumeroSequencialDocumento=16615
15.073.274/0001-88;2012-01-01;2;PPLA PARTICIPATIONS LTD.;080152;FCA;16994;2012-05-08;http://www.rad.cvm.gov.br/ENETCONSULTA/frmDownloadDocumento.aspx?CodigoInstituicao=1&NumeroSequencialDocumento=16994
15.073.274/0001-88;2012-01-01;3;PPLA PARTICIPATIONS LTD.;080152;FCA;18874;2012-05-31;http://www.rad.cvm.gov.br/ENETCONSULTA/frmDownloadDocumento.aspx?CodigoInstituicao=1&NumeroSequencialDocumento=18874
15.073.274/0001-88;2012-01-01;4;PPLA PARTICIPATIONS LTD.;080152;FCA;20250;2012-08-09;http://www.rad.cvm.gov.br/ENETCONSULTA/frmDownloadDocumento.aspx?CodigoInstituicao=1&NumeroSequencialDocumento=20250
15.101.405/0001-93;2012-01-01;1;CORREA RIBEIRO S.A. COMERCIO E INDUSTRIA;004863;FCA;14228;2012-02-10;http://www.rad.cvm.gov.br/ENETCONSULTA/frmDownloadDocumento.aspx?CodigoInstituicao=1&NumeroSequencialDocumento=14228
15.115.504/0001-24;2012-01-01;1;TRONOX PIGMENTOS DO BRASIL S.A.;011398;FCA;13812;2012-01-16;http://www.rad.cvm.gov.br/ENETCONSULTA/frmDownloadDocumento.aspx?CodigoInstituicao=1&NumeroSequencialDocumento=13812
15.115.504/0001-24;2012-01-01;2;TRONOX PIGMENTOS DO BRASIL S.A.;011398;FCA;14535;2012-02-27;http://www.rad.cvm.gov.br/ENETCONSULTA/frmDownloadDocumento.aspx?CodigoInstituicao=1&NumeroSequencialDocumento=14535
15.115.504/0001-24;2012-01-01;3;TRONOX PIGMENTOS DO BRASIL S.A.;011398;FCA;15523;2012-03-28;http://www.rad.cvm.gov.br/ENETCONSULTA/frmDownloadDocumento.aspx?CodigoInstituicao=1&NumeroSequencialDocumento=15523
15.115.504/0001-24;2012-01-01;4;TRONOX PIGMENTOS DO BRASIL S.A.;011398;FCA;17187;2012-05-10;http://www.rad.cvm.gov.br/ENETCONSULTA/frmDownloadDocumento.aspx?CodigoInstituicao=1&NumeroSequencialDocumento=17187
15.115.504/0001-24;2012-01-01;5;TRONOX PIGMENTOS DO BRASIL S.A.;011398;FCA;17356;2012-05-11;http://www.rad.cvm.gov.br/ENETCONSULTA/frmDownloadDocumento.aspx?CodigoInstituicao=1&NumeroSequencialDocumento=17356
15.115.504/0001-24;2012-01-01;6;TRONOX PIGMENTOS DO BRASIL S.A.;011398;FCA;19335;2012-06-19;http://www.rad.cvm.gov.br/ENETCONSULTA/frmDownloadDocumento.aspx?CodigoInstituicao=1&NumeroSequencialDocumento=19335
15.126.626/0001-16;2012-01-01;1;IND AZULEJOS BAHIA SA;006955;FCA;14962;2012-03-13;http://www.rad.cvm.gov.br/ENETCONSULTA/frmDownloadDocumento.aspx?CodigoInstituicao=1&NumeroSequencialDocumento=14962
15.126.626/0001-16;2012-01-01;2;IND AZULEJOS BAHIA SA;006955;FCA;16627;2012-05-02;http://www.rad.cvm.gov.br/ENETCONSULTA/frmDownloadDocumento.aspx?CodigoInstituicao=1&NumeroSequencialDocumento=16627
15.139.629/0001-94;2012-01-01;1;CIA ELETRICIDADE EST. DA BAHIA - COELBA;014524;FCA;13767;2012-01-12;http://www.rad.cvm.gov.br/ENETCONSULTA/frmDownloadDocumento.aspx?CodigoInstituicao=1&NumeroSequencialDocumento=13767
15.139.629/0001-94;2012-01-01;2;CIA ELETRICIDADE EST. DA BAHIA - COELBA;014524;FCA;17991;2012-05-17;http://www.rad.cvm.gov.br/ENETCONSULTA/frmDownloadDocumento.aspx?CodigoInstituicao=1&NumeroSequencialDocumento=17991
15.139.629/0001-94;2012-01-01;3;CIA ELETRICIDADE EST. DA BAHIA - COELBA;014524;FCA;19781;2012-07-20;http://www.rad.cvm.gov.br/ENETCONSULTA/frmDownloadDocumento.aspx?CodigoInstituicao=1&NumeroSequencialDocumento=19781
15.141.799/0001-03;2012-01-01;1;CIA FERRO LIGAS DA BAHIA - FERBASA;003069;FCA;14924;2012-03-12;http://www.rad.cvm.gov.br/ENETCONSULTA/frmDownloadDocumento.aspx?CodigoInstituicao=1&NumeroSequencialDocumento=14924
15.141.799/0001-03;2012-01-01;2;CIA FERRO LIGAS DA BAHIA - FERBASA;003069;FCA;17113;2012-05-09;http://www.rad.cvm.gov.br/ENETCONSULTA/frmDownloadDocumento.aspx?CodigoInstituicao=1&NumeroSequencialDocumento=17113
15.141.799/0001-03;2012-01-01;3;CIA FERRO LIGAS DA BAHIA - FERBASA;003069;FCA;18556;2012-05-30;http://www.rad.cvm.gov.br/ENETCONSULTA/frmDownloadDocumento.aspx?CodigoInstituicao=1&NumeroSequencialDocumento=18556
15.141.799/0001-03;2012-01-01;4;CIA FERRO LIGAS DA BAHIA - FERBASA;003069;FCA;22287;2012-11-09;http://www.rad.cvm.gov.br/ENETCONSULTA/frmDownloadDocumento.aspx?CodigoInstituicao=1&NumeroSequencialDocumento=22287
15.144.017/0001-90;2012-01-01;1;CIA SEGUROS ALIANCA DA BAHIA;003115;FCA;14576;2012-02-28;http://www.rad.cvm.gov.br/ENETCONSULTA/frmDownloadDocumento.aspx?CodigoInstituicao=1&NumeroSequencialDocumento=14576
15.144.017/0001-90;2012-01-01;2;CIA SEGUROS ALIANCA DA BAHIA;003115;FCA;19139;2012-06-04;http://www.rad.cvm.gov.br/ENETCONSULTA/frmDownloadDocumento.aspx?CodigoInstituicao=1&NumeroSequencialDocumento=19139
15.413.826/0001-50;2012-01-01;1;ENERGISA MATO GROSSO DO SUL - DIST DE ENERGIA S.A.;005576;FCA;15845;2012-03-30;http://www.rad.cvm.gov.br/ENETCONSULTA/frmDownloadDocumento.aspx?CodigoInstituicao=1&NumeroSequencialDocumento=15845
15.413.826/0001-50;2012-01-01;2;ENERGISA MATO GROSSO DO SUL - DIST DE ENERGIA S.A.;005576;FCA;16405;2012-04-24;http://www.rad.cvm.gov.br/ENETCONSULTA/frmDownloadDocumento.aspx?CodigoInstituicao=1&NumeroSequencialDocumento=16405
15.413.826/0001-50;2012-01-01;3;ENERGISA MATO GROSSO DO SUL - DIST DE ENERGIA S.A.;005576;FCA;19084;2012-06-01;http://www.rad.cvm.gov.br/ENETCONSULTA/frmDownloadDocumento.aspx?CodigoInstituicao=1&NumeroSequencialDocumento=19084
15.413.826/0001-50;2012-01-01;4;ENERGISA MATO GROSSO DO SUL - DIST DE ENERGIA S.A.;005576;FCA;21170;2012-09-06;http://www.rad.cvm.gov.br/ENETCONSULTA/frmDownloadDocumento.aspx?CodigoInstituicao=1&NumeroSequencialDocumento=21170
15.413.826/0001-50;2012-01-01;5;ENERGISA MATO GROSSO DO SUL - DIST DE ENERGIA S.A.;005576;FCA;21381;2012-09-20;http://www.rad.cvm.gov.br/ENETCONSULTA/frmDownloadDocumento.aspx?CodigoInstituicao=1&NumeroSequencialDocumento=21381
15.413.826/0001-50;2012-01-01;6;ENERGISA MATO GROSSO DO SUL - DIST DE ENERGIA S.A.;005576;FCA;21544;2012-10-04;http://www.rad.cvm.gov.br/ENETCONSULTA/frmDownloadDocumento.aspx?CodigoInstituicao=1&NumeroSequencialDocumento=21544
15.527.906/0001-36;2012-01-01;1;BIOSEV S.A.;022845;FCA;19707;2012-07-13;http://www.rad.cvm.gov.br/ENETCONSULTA/frmDownloadDocumento.aspx?CodigoInstituicao=1&NumeroSequencialDocumento=19707
15.688.041/0001-90;2012-01-01;1;MBK SECURITIZADORA SA;022861;FCA;19867;2012-07-25;http://www.rad.cvm.gov.br/ENETCONSULTA/frmDownloadDocumento.aspx?CodigoInstituicao=1&NumeroSequencialDocumento=19867
15.914.972/0001-69;2012-01-01;1;AR CAPITAL SECURITIES COMPANHIA SECURITIZADORA S.A.;022950;FCA;21199;2012-09-10;http://www.rad.cvm.gov.br/ENETCONSULTA/frmDownloadDocumento.aspx?CodigoInstituicao=1&NumeroSequencialDocumento=21199
16.234.171/0001-15;2012-01-01;1;METANOR SA METANOL DO NE;008745;FCA;15335;2012-03-24;http://www.rad.cvm.gov.br/ENETCONSULTA/frmDownloadDocumento.aspx?CodigoInstituicao=1&NumeroSequencialDocumento=15335
16.234.171/0001-15;2012-01-01;2;METANOR SA METANOL DO NE;008745;FCA;18105;2012-05-22;http://www.rad.cvm.gov.br/ENETCONSULTA/frmDownloadDocumento.aspx?CodigoInstituicao=1&NumeroSequencialDocumento=18105
16.404.287/0001-55;2012-01-01;1;SUZANO S.A.;013986;FCA;13632;2012-01-06;http://www.rad.cvm.gov.br/ENETCONSULTA/frmDownloadDocumento.aspx?CodigoInstituicao=1&NumeroSequencialDocumento=13632
16.404.287/0001-55;2012-01-01;2;SUZANO S.A.;013986;FCA;16768;2012-05-04;http://www.rad.cvm.gov.br/ENETCONSULTA/frmDownloadDocumento.aspx?CodigoInstituicao=1&NumeroSequencialDocumento=16768
16.404.287/0001-55;2012-01-01;3;SUZANO S.A.;013986;FCA;18184;2012-05-24;http://www.rad.cvm.gov.br/ENETCONSULTA/frmDownloadDocumento.aspx?CodigoInstituicao=1&NumeroSequencialDocumento=18184
16.404.287/0001-55;2012-01-01;4;SUZANO S.A.;013986;FCA;19201;2012-06-11;http://www.rad.cvm.gov.br/ENETCONSULTA/frmDownloadDocumento.aspx?CodigoInstituicao=1&NumeroSequencialDocumento=19201
16.404.287/0001-55;2012-01-01;5;SUZANO S.A.;013986;FCA;23104;2012-12-07;http://www.rad.cvm.gov.br/ENETCONSULTA/frmDownloadDocumento.aspx?CodigoInstituicao=1&NumeroSequencialDocumento=23104
16.590.234/0001-76;2012-01-01;1;AREZZO INDÚSTRIA E COMÉRCIO S.A.;022349;FCA;13589;2012-01-04;http://www.rad.cvm.gov.br/ENETCONSULTA/frmDownloadDocumento.aspx?CodigoInstituicao=1&NumeroSequencialDocumento=13589
16.590.234/0001-76;2012-01-01;2;AREZZO INDÚSTRIA E COMÉRCIO S.A.;022349;FCA;14086;2012-02-03;http://www.rad.cvm.gov.br/ENETCONSULTA/frmDownloadDocumento.aspx?CodigoInstituicao=1&NumeroSequencialDocumento=14086
16.590.234/0001-76;2012-01-01;3;AREZZO INDÚSTRIA E COMÉRCIO S.A.;022349;FCA;18067;2012-05-21;http://www.rad.cvm.gov.br/ENETCONSULTA/frmDownloadDocumento.aspx?CodigoInstituicao=1&NumeroSequencialDocumento=18067
16.614.075/0001-00;2012-01-01;1;DIRECIONAL ENGENHARIA S.A.;021350;FCA;13910;2012-01-23;http://www.rad.cvm.gov.br/ENETCONSULTA/frmDownloadDocumento.aspx?CodigoInstituicao=1&NumeroSequencialDocumento=13910
16.614.075/0001-00;2012-01-01;2;DIRECIONAL ENGENHARIA S.A.;021350;FCA;17272;2012-05-10;http://www.rad.cvm.gov.br/ENETCONSULTA/frmDownloadDocumento.aspx?CodigoInstituicao=1&NumeroSequencialDocumento=17272
16.614.075/0001-00;2012-01-01;3;DIRECIONAL ENGENHARIA S.A.;021350;FCA;18981;2012-05-31;http://www.rad.cvm.gov.br/ENETCONSULTA/frmDownloadDocumento.aspx?CodigoInstituicao=1&NumeroSequencialDocumento=18981
16.670.085/0001-55;2012-01-01;1;LOCALIZA RENT A CAR S.A.;019739;FCA;14048;2012-02-01;http://www.rad.cvm.gov.br/ENETCONSULTA/frmDownloadDocumento.aspx?CodigoInstituicao=1&NumeroSequencialDocumento=14048
16.670.085/0001-55;2012-01-01;2;LOCALIZA RENT A CAR S.A.;019739;FCA;17064;2012-05-09;http://www.rad.cvm.gov.br/ENETCONSULTA/frmDownloadDocumento.aspx?CodigoInstituicao=1&NumeroSequencialDocumento=17064
16.670.085/0001-55;2012-01-01;3;LOCALIZA RENT A CAR S.A.;019739;FCA;22729;2012-11-14;http://www.rad.cvm.gov.br/ENETCONSULTA/frmDownloadDocumento.aspx?CodigoInstituicao=1&NumeroSequencialDocumento=22729
17.155.730/0001-64;2012-01-01;1;CIA ENERGETICA DE MINAS GERAIS - CEMIG;002453;FCA;13585;2012-01-04;http://www.rad.cvm.gov.br/ENETCONSULTA/frmDownloadDocumento.aspx?CodigoInstituicao=1&NumeroSequencialDocumento=13585
17.155.730/0001-64;2012-01-01;2;CIA ENERGETICA DE MINAS GERAIS - CEMIG;002453;FCA;16891;2012-05-07;http://www.rad.cvm.gov.br/ENETCONSULTA/frmDownloadDocumento.aspx?CodigoInstituicao=1&NumeroSequencialDocumento=16891
17.155.730/0001-64;2012-01-01;3;CIA ENERGETICA DE MINAS GERAIS - CEMIG;002453;FCA;19646;2012-07-10;http://www.rad.cvm.gov.br/ENETCONSULTA/frmDownloadDocumento.aspx?CodigoInstituicao=1&NumeroSequencialDocumento=19646
17.159.005/0001-64;2012-01-01;1;FIACAO E TECELAGEM SAO JOSE SA EM RECUPERACAO JUDICIAL;005983;FCA;15534;2012-03-28;http://www.rad.cvm.gov.br/ENETCONSULTA/frmDownloadDocumento.aspx?CodigoInstituicao=1&NumeroSequencialDocumento=15534
17.159.005/0001-64;2012-01-01;2;FIACAO E TECELAGEM SAO JOSE SA EM RECUPERACAO JUDICIAL;005983;FCA;16128;2012-04-11;http://www.rad.cvm.gov.br/ENETCONSULTA/frmDownloadDocumento.aspx?CodigoInstituicao=1&NumeroSequencialDocumento=16128
17.159.005/0001-64;2012-01-01;3;FIACAO E TECELAGEM SAO JOSE SA EM RECUPERACAO JUDICIAL;005983;FCA;21798;2012-10-19;http://www.rad.cvm.gov.br/ENETCONSULTA/frmDownloadDocumento.aspx?CodigoInstituicao=1&NumeroSequencialDocumento=21798
17.161.241/0001-15;2012-01-01;1;MINASMAQUINAS S.A.;008818;FCA;14843;2012-03-09;http://www.rad.cvm.gov.br/ENETCONSULTA/frmDownloadDocumento.aspx?CodigoInstituicao=1&NumeroSequencialDocumento=14843
17.161.241/0001-15;2012-01-01;2;MINASMAQUINAS S.A.;008818;FCA;17979;2012-05-17;http://www.rad.cvm.gov.br/ENETCONSULTA/frmDownloadDocumento.aspx?CodigoInstituicao=1&NumeroSequencialDocumento=17979
17.162.082/0001-73;2012-01-01;1;MENDES JUNIOR ENGENHARIA S.A.;004782;FCA;15892;2012-04-02;http://www.rad.cvm.gov.br/ENETCONSULTA/frmDownloadDocumento.aspx?CodigoInstituicao=1&NumeroSequencialDocumento=15892
17.162.082/0001-73;2012-01-01;2;MENDES JUNIOR ENGENHARIA S.A.;004782;FCA;17137;2012-05-09;http://www.rad.cvm.gov.br/ENETCONSULTA/frmDownloadDocumento.aspx?CodigoInstituicao=1&NumeroSequencialDocumento=17137
17.162.082/0001-73;2012-01-01;3;MENDES JUNIOR ENGENHARIA S.A.;004782;FCA;20900;2012-08-21;http://www.rad.cvm.gov.br/ENETCONSULTA/frmDownloadDocumento.aspx?CodigoInstituicao=1&NumeroSequencialDocumento=20900
17.167.396/0001-69;2012-01-01;1;ALFA HOLDINGS S.A.;009954;FCA;14358;2012-02-16;http://www.rad.cvm.gov.br/ENETCONSULTA/frmDownloadDocumento.aspx?CodigoInstituicao=1&NumeroSequencialDocumento=14358
17.167.396/0001-69;2012-01-01;2;ALFA HOLDINGS S.A.;009954;FCA;18042;2012-05-18;http://www.rad.cvm.gov.br/ENETCONSULTA/frmDownloadDocumento.aspx?CodigoInstituicao=1&NumeroSequencialDocumento=18042
17.167.396/0001-69;2012-01-01;3;ALFA HOLDINGS S.A.;009954;FCA;19759;2012-07-19;http://www.rad.cvm.gov.br/ENETCONSULTA/frmDownloadDocumento.aspx?CodigoInstituicao=1&NumeroSequencialDocumento=19759
17.167.396/0001-69;2012-01-01;4;ALFA HOLDINGS S.A.;009954;FCA;19762;2012-07-19;http://www.rad.cvm.gov.br/ENETCONSULTA/frmDownloadDocumento.aspx?CodigoInstituicao=1&NumeroSequencialDocumento=19762
17.167.412/0001-13;2012-01-01;1;FINANCEIRA ALFA S.A.- CRED FINANC E INVS;003891;FCA;14311;2012-02-14;http://www.rad.cvm.gov.br/ENETCONSULTA/frmDownloadDocumento.aspx?CodigoInstituicao=1&NumeroSequencialDocumento=14311
17.167.412/0001-13;2012-01-01;2;FINANCEIRA ALFA S.A.- CRED FINANC E INVS;003891;FCA;14495;2012-02-24;http://www.rad.cvm.gov.br/ENETCONSULTA/frmDownloadDocumento.aspx?CodigoInstituicao=1&NumeroSequencialDocumento=14495
17.167.412/0001-13;2012-01-01;3;FINANCEIRA ALFA S.A.- CRED FINANC E INVS;003891;FCA;18117;2012-05-22;http://www.rad.cvm.gov.br/ENETCONSULTA/frmDownloadDocumento.aspx?CodigoInstituicao=1&NumeroSequencialDocumento=18117
17.184.037/0001-10;2012-01-01;1;BCO MERCANTIL DO BRASIL S.A.;001325;FCA;14237;2012-02-10;http://www.rad.cvm.gov.br/ENETCONSULTA/frmDownloadDocumento.aspx?CodigoInstituicao=1&NumeroSequencialDocumento=14237
17.184.037/0001-10;2012-01-01;2;BCO MERCANTIL DO BRASIL S.A.;001325;FCA;19132;2012-06-04;http://www.rad.cvm.gov.br/ENETCONSULTA/frmDownloadDocumento.aspx?CodigoInstituicao=1&NumeroSequencialDocumento=19132
17.184.037/0001-10;2012-01-01;3;BCO MERCANTIL DO BRASIL S.A.;001325;FCA;21115;2012-09-04;http://www.rad.cvm.gov.br/ENETCONSULTA/frmDownloadDocumento.aspx?CodigoInstituicao=1&NumeroSequencialDocumento=21115
17.193.806/0001-46;2012-01-01;1;CONSORCIO ALFA DE ADMINISTRACAO S.A.;004707;FCA;14120;2012-02-07;http://www.rad.cvm.gov.br/ENETCONSULTA/frmDownloadDocumento.aspx?CodigoInstituicao=1&NumeroSequencialDocumento=14120
17.193.806/0001-46;2012-01-01;2;CONSORCIO ALFA DE ADMINISTRACAO S.A.;004707;FCA;14481;2012-02-24;http://www.rad.cvm.gov.br/ENETCONSULTA/frmDownloadDocumento.aspx?CodigoInstituicao=1&NumeroSequencialDocumento=14481
17.193.806/0001-46;2012-01-01;3;CONSORCIO ALFA DE ADMINISTRACAO S.A.;004707;FCA;14575;2012-02-28;http://www.rad.cvm.gov.br/ENETCONSULTA/frmDownloadDocumento.aspx?CodigoInstituicao=1&NumeroSequencialDocumento=14575
17.193.806/0001-46;2012-01-01;4;CONSORCIO ALFA DE ADMINISTRACAO S.A.;004707;FCA;15934;2012-04-03;http://www.rad.cvm.gov.br/ENETCONSULTA/frmDownloadDocumento.aspx?CodigoInstituicao=1&NumeroSequencialDocumento=15934
17.193.806/0001-46;2012-01-01;5;CONSORCIO ALFA DE ADMINISTRACAO S.A.;004707;FCA;18041;2012-05-18;http://www.rad.cvm.gov.br/ENETCONSULTA/frmDownloadDocumento.aspx?CodigoInstituicao=1&NumeroSequencialDocumento=18041
17.193.806/0001-46;2012-01-01;6;CONSORCIO ALFA DE ADMINISTRACAO S.A.;004707;FCA;19760;2012-07-19;http://www.rad.cvm.gov.br/ENETCONSULTA/frmDownloadDocumento.aspx?CodigoInstituicao=1&NumeroSequencialDocumento=19760
17.245.234/0001-00;2012-01-01;1;CIA FIACAO TECIDOS CEDRO CACHOEIRA;003077;FCA;13597;2012-01-04;http://www.rad.cvm.gov.br/ENETCONSULTA/frmDownloadDocumento.aspx?CodigoInstituicao=1&NumeroSequencialDocumento=13597
17.245.234/0001-00;2012-01-01;2;CIA FIACAO TECIDOS CEDRO CACHOEIRA;003077;FCA;17977;2012-05-17;http://www.rad.cvm.gov.br/ENETCONSULTA/frmDownloadDocumento.aspx?CodigoInstituicao=1&NumeroSequencialDocumento=17977
17.281.106/0001-03;2012-01-01;1;CIA SANEAMENTO DE MINAS GERAIS-COPASA MG;019445;FCA;13655;2012-01-06;http://www.rad.cvm.gov.br/ENETCONSULTA/frmDownloadDocumento.aspx?CodigoInstituicao=1&NumeroSequencialDocumento=13655
17.281.106/0001-03;2012-01-01;2;CIA SANEAMENTO DE MINAS GERAIS-COPASA MG;019445;FCA;16609;2012-05-02;http://www.rad.cvm.gov.br/ENETCONSULTA/frmDownloadDocumento.aspx?CodigoInstituicao=1&NumeroSequencialDocumento=16609
19.296.342/0001-29;2012-01-01;1;MGI - MINAS GERAIS PARTICIPAÇÕES S.A.;022942;FCA;21217;2012-09-11;http://www.rad.cvm.gov.br/ENETCONSULTA/frmDownloadDocumento.aspx?CodigoInstituicao=1&NumeroSequencialDocumento=21217
19.526.748/0001-50;2012-01-01;1;CIA INDUSTRIAL CATAGUASES;003395;FCA;16560;2012-04-27;http://www.rad.cvm.gov.br/ENETCONSULTA/frmDownloadDocumento.aspx?CodigoInstituicao=1&NumeroSequencialDocumento=16560
19.526.748/0001-50;2012-01-01;2;CIA INDUSTRIAL CATAGUASES;003395;FCA;19152;2012-06-05;http://www.rad.cvm.gov.br/ENETCONSULTA/frmDownloadDocumento.aspx?CodigoInstituicao=1&NumeroSequencialDocumento=19152
19.526.748/0001-50;2012-01-01;3;CIA INDUSTRIAL CATAGUASES;003395;FCA;21083;2012-09-03;http://www.rad.cvm.gov.br/ENETCONSULTA/frmDownloadDocumento.aspx?CodigoInstituicao=1&NumeroSequencialDocumento=21083
19.527.639/0001-58;2012-01-01;1;ENERGISA MINAS RIO - DISTRIBUIDORA DE ENERGIA S/A;003271;FCA;14900;2012-03-12;http://www.rad.cvm.gov.br/ENETCONSULTA/frmDownloadDocumento.aspx?CodigoInstituicao=1&NumeroSequencialDocumento=14900
19.527.639/0001-58;2012-01-01;2;ENERGISA MINAS RIO - DISTRIBUIDORA DE ENERGIA S/A;003271;FCA;15580;2012-03-29;http://www.rad.cvm.gov.br/ENETCONSULTA/frmDownloadDocumento.aspx?CodigoInstituicao=1&NumeroSequencialDocumento=15580
19.527.639/0001-58;2012-01-01;3;ENERGISA MINAS RIO - DISTRIBUIDORA DE ENERGIA S/A;003271;FCA;17970;2012-05-17;http://www.rad.cvm.gov.br/ENETCONSULTA/frmDownloadDocumento.aspx?CodigoInstituicao=1&NumeroSequencialDocumento=17970
20.933.354/0001-04;2012-01-01;1;CACHOEIRA VELONORTE;004111;FCA;16080;2012-04-10;http://www.rad.cvm.gov.br/ENETCONSULTA/frmDownloadDocumento.aspx?CodigoInstituicao=1&NumeroSequencialDocumento=16080
20.933.354/0001-04;2012-01-01;2;CACHOEIRA VELONORTE;004111;FCA;17628;2012-05-15;http://www.rad.cvm.gov.br/ENETCONSULTA/frmDownloadDocumento.aspx?CodigoInstituicao=1&NumeroSequencialDocumento=17628
20.933.354/0001-04;2012-01-01;3;CACHOEIRA VELONORTE;004111;FCA;21095;2012-09-03;http://www.rad.cvm.gov.br/ENETCONSULTA/frmDownloadDocumento.aspx?CodigoInstituicao=1&NumeroSequencialDocumento=21095
21.255.567/0001-89;2012-01-01;1;CIA TECIDOS SANTANENSE;004081;FCA;15837;2012-03-30;http://www.rad.cvm.gov.br/ENETCONSULTA/frmDownloadDocumento.aspx?CodigoInstituicao=1&NumeroSequencialDocumento=15837
21.255.567/0001-89;2012-01-01;2;CIA TECIDOS SANTANENSE;004081;FCA;18113;2012-05-22;http://www.rad.cvm.gov.br/ENETCONSULTA/frmDownloadDocumento.aspx?CodigoInstituicao=1&NumeroSequencialDocumento=18113
22.164.990/0001-36;2012-01-01;1;ELETROSOM S/A;022373;FCA;16445;2012-04-25;http://www.rad.cvm.gov.br/ENETCONSULTA/frmDownloadDocumento.aspx?CodigoInstituicao=1&NumeroSequencialDocumento=16445
22.164.990/0001-36;2012-01-01;2;ELETROSOM S/A;022373;FCA;19077;2012-06-01;http://www.rad.cvm.gov.br/ENETCONSULTA/frmDownloadDocumento.aspx?CodigoInstituicao=1&NumeroSequencialDocumento=19077
22.164.990/0001-36;2012-01-01;3;ELETROSOM S/A;022373;FCA;22203;2012-11-08;http://www.rad.cvm.gov.br/ENETCONSULTA/frmDownloadDocumento.aspx?CodigoInstituicao=1&NumeroSequencialDocumento=22203
22.266.175/0001-88;2012-01-01;1;FERTILIZANTES HERINGER S.A.;020621;FCA;14915;2012-03-12;http://www.rad.cvm.gov.br/ENETCONSULTA/frmDownloadDocumento.aspx?CodigoInstituicao=1&NumeroSequencialDocumento=14915
22.266.175/0001-88;2012-01-01;2;FERTILIZANTES HERINGER S.A.;020621;FCA;18487;2012-05-30;http://www.rad.cvm.gov.br/ENETCONSULTA/frmDownloadDocumento.aspx?CodigoInstituicao=1&NumeroSequencialDocumento=18487
22.677.520/0001-76;2012-01-01;1;CIA TECIDOS NORTE DE MINAS COTEMINAS;003158;FCA;13631;2012-01-06;http://www.rad.cvm.gov.br/ENETCONSULTA/frmDownloadDocumento.aspx?CodigoInstituicao=1&NumeroSequencialDocumento=13631
22.677.520/0001-76;2012-01-01;2;CIA TECIDOS NORTE DE MINAS COTEMINAS;003158;FCA;16310;2012-04-19;http://www.rad.cvm.gov.br/ENETCONSULTA/frmDownloadDocumento.aspx?CodigoInstituicao=1&NumeroSequencialDocumento=16310
22.677.520/0001-76;2012-01-01;3;CIA TECIDOS NORTE DE MINAS COTEMINAS;003158;FCA;18112;2012-05-22;http://www.rad.cvm.gov.br/ENETCONSULTA/frmDownloadDocumento.aspx?CodigoInstituicao=1&NumeroSequencialDocumento=18112
22.770.366/0001-82;2012-01-01;1;TEC TOY S.A.;014133;FCA;13792;2012-01-13;http://www.rad.cvm.gov.br/ENETCONSULTA/frmDownloadDocumento.aspx?CodigoInstituicao=1&NumeroSequencialDocumento=13792
22.770.366/0001-82;2012-01-01;2;TEC TOY S.A.;014133;FCA;16274;2012-04-18;http://www.rad.cvm.gov.br/ENETCONSULTA/frmDownloadDocumento.aspx?CodigoInstituicao=1&NumeroSequencialDocumento=16274
22.770.366/0001-82;2012-01-01;3;TEC TOY S.A.;014133;FCA;18501;2012-05-30;http://www.rad.cvm.gov.br/ENETCONSULTA/frmDownloadDocumento.aspx?CodigoInstituicao=1&NumeroSequencialDocumento=18501
24.956.666/0001-86;2012-01-01;1;CLARION S/A AGROINDUSTRIAL;018490;FCA;13548;2012-01-02;http://www.rad.cvm.gov.br/ENETCONSULTA/frmDownloadDocumento.aspx?CodigoInstituicao=1&NumeroSequencialDocumento=13548
24.956.666/0001-86;2012-01-01;2;CLARION S/A AGROINDUSTRIAL;018490;FCA;19064;2012-06-01;http://www.rad.cvm.gov.br/ENETCONSULTA/frmDownloadDocumento.aspx?CodigoInstituicao=1&NumeroSequencialDocumento=19064
24.956.666/0001-86;2012-01-01;3;CLARION S/A AGROINDUSTRIAL;018490;FCA;19409;2012-06-25;http://www.rad.cvm.gov.br/ENETCONSULTA/frmDownloadDocumento.aspx?CodigoInstituicao=1&NumeroSequencialDocumento=19409
24.962.466/0001-36;2012-01-01;1;RUMO MALHA NORTE S.A.;015300;FCA;14945;2012-03-13;http://www.rad.cvm.gov.br/ENETCONSULTA/frmDownloadDocumento.aspx?CodigoInstituicao=1&NumeroSequencialDocumento=14945
24.962.466/0001-36;2012-01-01;2;RUMO MALHA NORTE S.A.;015300;FCA;18666;2012-05-31;http://www.rad.cvm.gov.br/ENETCONSULTA/frmDownloadDocumento.aspx?CodigoInstituicao=1&NumeroSequencialDocumento=18666
25.329.319/0001-96;2012-01-01;1;WEMBLEY SOCIEDADE ANÔNIMA;011800;FCA;13639;2012-01-06;http://www.rad.cvm.gov.br/ENETCONSULTA/frmDownloadDocumento.aspx?CodigoInstituicao=1&NumeroSequencialDocumento=13639
25.329.319/0001-96;2012-01-01;2;WEMBLEY SOCIEDADE ANÔNIMA;011800;FCA;18104;2012-05-22;http://www.rad.cvm.gov.br/ENETCONSULTA/frmDownloadDocumento.aspx?CodigoInstituicao=1&NumeroSequencialDocumento=18104
25.869.736/0001-21;2012-01-01;1;CAFE SOLUVEL BRASILIA SA;002062;FCA;16537;2012-04-27;http://www.rad.cvm.gov.br/ENETCONSULTA/frmDownloadDocumento.aspx?CodigoInstituicao=1&NumeroSequencialDocumento=16537
25.869.736/0001-21;2012-01-01;2;CAFE SOLUVEL BRASILIA SA;002062;FCA;21373;2012-09-20;http://www.rad.cvm.gov.br/ENETCONSULTA/frmDownloadDocumento.aspx?CodigoInstituicao=1&NumeroSequencialDocumento=21373
26.386.169/0001-15;2012-01-01;1;MERCANTIL DO BRASIL LEASING SA;015890;FCA;14622;2012-03-01;http://www.rad.cvm.gov.br/ENETCONSULTA/frmDownloadDocumento.aspx?CodigoInstituicao=1&NumeroSequencialDocumento=14622
26.386.169/0001-15;2012-01-01;2;MERCANTIL DO BRASIL LEASING SA;015890;FCA;19135;2012-06-04;http://www.rad.cvm.gov.br/ENETCONSULTA/frmDownloadDocumento.aspx?CodigoInstituicao=1&NumeroSequencialDocumento=19135
27.093.558/0001-15;2012-01-01;1;MILLS LOCAÇÃO, SERVIÇOS E LOGÍSTICA S.A.;022012;FCA;14053;2012-02-01;http://www.rad.cvm.gov.br/ENETCONSULTA/frmDownloadDocumento.aspx?CodigoInstituicao=1&NumeroSequencialDocumento=14053
27.093.558/0001-15;2012-01-01;2;MILLS LOCAÇÃO, SERVIÇOS E LOGÍSTICA S.A.;022012;FCA;17908;2012-05-16;http://www.rad.cvm.gov.br/ENETCONSULTA/frmDownloadDocumento.aspx?CodigoInstituicao=1&NumeroSequencialDocumento=17908
28.127.603/0001-78;2012-01-01;1;BANESTES S.A. - BCO EST ESPIRITO SANTO;001155;FCA;13731;2012-01-10;http://www.rad.cvm.gov.br/ENETCONSULTA/frmDownloadDocumento.aspx?CodigoInstituicao=1&NumeroSequencialDocumento=13731
28.127.603/0001-78;2012-01-01;2;BANESTES S.A. - BCO EST ESPIRITO SANTO;001155;FCA;18145;2012-05-23;http://www.rad.cvm.gov.br/ENETCONSULTA/frmDownloadDocumento.aspx?CodigoInstituicao=1&NumeroSequencialDocumento=18145
28.127.603/0001-78;2012-01-01;3;BANESTES S.A. - BCO EST ESPIRITO SANTO;001155;FCA;19194;2012-06-08;http://www.rad.cvm.gov.br/ENETCONSULTA/frmDownloadDocumento.aspx?CodigoInstituicao=1&NumeroSequencialDocumento=19194
28.152.650/0001-71;2012-01-01;1;EDP ESPIRITO SANTO DISTRIBUIÇÃO DE ENERGIA S.A.;015342;FCA;14716;2012-03-06;http://www.rad.cvm.gov.br/ENETCONSULTA/frmDownloadDocumento.aspx?CodigoInstituicao=1&NumeroSequencialDocumento=14716
28.152.650/0001-71;2012-01-01;2;EDP ESPIRITO SANTO DISTRIBUIÇÃO DE ENERGIA S.A.;015342;FCA;15132;2012-03-19;http://www.rad.cvm.gov.br/ENETCONSULTA/frmDownloadDocumento.aspx?CodigoInstituicao=1&NumeroSequencialDocumento=15132
28.152.650/0001-71;2012-01-01;3;EDP ESPIRITO SANTO DISTRIBUIÇÃO DE ENERGIA S.A.;015342;FCA;15359;2012-03-26;http://www.rad.cvm.gov.br/ENETCONSULTA/frmDownloadDocumento.aspx?CodigoInstituicao=1&NumeroSequencialDocumento=15359
28.152.650/0001-71;2012-01-01;4;EDP ESPIRITO SANTO DISTRIBUIÇÃO DE ENERGIA S.A.;015342;FCA;17237;2012-05-10;http://www.rad.cvm.gov.br/ENETCONSULTA/frmDownloadDocumento.aspx?CodigoInstituicao=1&NumeroSequencialDocumento=17237
28.195.667/0001-06;2012-01-01;1;BCO ABC BRASIL S.A.;020958;FCA;13556;2012-01-02;http://www.rad.cvm.gov.br/ENETCONSULTA/frmDownloadDocumento.aspx?CodigoInstituicao=1&NumeroSequencialDocumento=13556
28.195.667/0001-06;2012-01-01;2;BCO ABC BRASIL S.A.;020958;FCA;14736;2012-03-07;http://www.rad.cvm.gov.br/ENETCONSULTA/frmDownloadDocumento.aspx?CodigoInstituicao=1&NumeroSequencialDocumento=14736
28.195.667/0001-06;2012-01-01;3;BCO ABC BRASIL S.A.;020958;FCA;16907;2012-05-07;http://www.rad.cvm.gov.br/ENETCONSULTA/frmDownloadDocumento.aspx?CodigoInstituicao=1&NumeroSequencialDocumento=16907
28.500.320/0001-20;2012-01-01;1;INDÚSTRIA VEROLME S.A. - IVESA;012866;FCA;14544;2012-02-27;http://www.rad.cvm.gov.br/ENETCONSULTA/frmDownloadDocumento.aspx?CodigoInstituicao=1&NumeroSequencialDocumento=14544
28.500.320/0001-20;2012-01-01;2;INDÚSTRIA VEROLME S.A. - IVESA;012866;FCA;17929;2012-05-16;http://www.rad.cvm.gov.br/ENETCONSULTA/frmDownloadDocumento.aspx?CodigoInstituicao=1&NumeroSequencialDocumento=17929
28.500.320/0001-20;2012-01-01;3;INDÚSTRIA VEROLME S.A. - IVESA;012866;FCA;18235;2012-05-25;http://www.rad.cvm.gov.br/ENETCONSULTA/frmDownloadDocumento.aspx?CodigoInstituicao=1&NumeroSequencialDocumento=18235
28.500.320/0001-20;2012-01-01;4;INDÚSTRIA VEROLME S.A. - IVESA;012866;FCA;19144;2012-06-04;http://www.rad.cvm.gov.br/ENETCONSULTA/frmDownloadDocumento.aspx?CodigoInstituicao=1&NumeroSequencialDocumento=19144
28.573.830/0001-27;2012-01-01;1;TAIPE TRANCOSO EMPREENDIMENTOS S/A;020508;FCA;15748;2012-03-30;http://www.rad.cvm.gov.br/ENETCONSULTA/frmDownloadDocumento.aspx?CodigoInstituicao=1&NumeroSequencialDocumento=15748
28.573.830/0001-27;2012-01-01;2;TAIPE TRANCOSO EMPREENDIMENTOS S/A;020508;FCA;20302;2012-08-10;http://www.rad.cvm.gov.br/ENETCONSULTA/frmDownloadDocumento.aspx?CodigoInstituicao=1&NumeroSequencialDocumento=20302
28.573.830/0001-27;2012-01-01;3;TAIPE TRANCOSO EMPREENDIMENTOS S/A;020508;FCA;21567;2012-10-08;http://www.rad.cvm.gov.br/ENETCONSULTA/frmDownloadDocumento.aspx?CodigoInstituicao=1&NumeroSequencialDocumento=21567
29.388.352/0001-48;2012-01-01;1;RIMET EMPREEND. INDS. E COMERCIAIS S/A;012840;FCA;15429;2012-03-27;http://www.rad.cvm.gov.br/ENETCONSULTA/frmDownloadDocumento.aspx?CodigoInstituicao=1&NumeroSequencialDocumento=15429
29.388.352/0001-48;2012-01-01;2;RIMET EMPREEND. INDS. E COMERCIAIS S/A;012840;FCA;19062;2012-06-01;http://www.rad.cvm.gov.br/ENETCONSULTA/frmDownloadDocumento.aspx?CodigoInstituicao=1&NumeroSequencialDocumento=19062
29.780.061/0001-09;2012-01-01;1;SAO CARLOS EMPREEND E PARTICIPACOES S.A.;013781;FCA;13601;2012-01-04;http://www.rad.cvm.gov.br/ENETCONSULTA/frmDownloadDocumento.aspx?CodigoInstituicao=1&NumeroSequencialDocumento=13601
29.780.061/0001-09;2012-01-01;2;SAO CARLOS EMPREEND E PARTICIPACOES S.A.;013781;FCA;16938;2012-05-07;http://www.rad.cvm.gov.br/ENETCONSULTA/frmDownloadDocumento.aspx?CodigoInstituicao=1&NumeroSequencialDocumento=16938
29.780.061/0001-09;2012-01-01;3;SAO CARLOS EMPREEND E PARTICIPACOES S.A.;013781;FCA;19526;2012-07-03;http://www.rad.cvm.gov.br/ENETCONSULTA/frmDownloadDocumento.aspx?CodigoInstituicao=1&NumeroSequencialDocumento=19526
29.950.060/0001-57;2012-01-01;1;NORTEC QUÍMICA S.A.;022985;FCA;22946;2012-11-27;http://www.rad.cvm.gov.br/ENETCONSULTA/frmDownloadDocumento.aspx?CodigoInstituicao=1&NumeroSequencialDocumento=22946
29.950.060/0001-57;2012-01-01;2;NORTEC QUÍMICA S.A.;022985;FCA;23336;2012-12-17;http://www.rad.cvm.gov.br/ENETCONSULTA/frmDownloadDocumento.aspx?CodigoInstituicao=1&NumeroSequencialDocumento=23336
29.978.814/0001-87;2012-01-01;1;SUL AMERICA S.A.;021121;FCA;13866;2012-01-18;http://www.rad.cvm.gov.br/ENETCONSULTA/frmDownloadDocumento.aspx?CodigoInstituicao=1&NumeroSequencialDocumento=13866
29.978.814/0001-87;2012-01-01;2;SUL AMERICA S.A.;021121;FCA;18618;2012-05-30;http://www.rad.cvm.gov.br/ENETCONSULTA/frmDownloadDocumento.aspx?CodigoInstituicao=1&NumeroSequencialDocumento=18618
30.306.294/0001-45;2012-01-01;1;BCO BTG PACTUAL S.A.;022616;FCA;13746;2012-01-11;http://www.rad.cvm.gov.br/ENETCONSULTA/frmDownloadDocumento.aspx?CodigoInstituicao=1&NumeroSequencialDocumento=13746
30.306.294/0001-45;2012-01-01;2;BCO BTG PACTUAL S.A.;022616;FCA;14094;2012-02-03;http://www.rad.cvm.gov.br/ENETCONSULTA/frmDownloadDocumento.aspx?CodigoInstituicao=1&NumeroSequencialDocumento=14094
30.306.294/0001-45;2012-01-01;3;BCO BTG PACTUAL S.A.;022616;FCA;14629;2012-03-01;http://www.rad.cvm.gov.br/ENETCONSULTA/frmDownloadDocumento.aspx?CodigoInstituicao=1&NumeroSequencialDocumento=14629
30.306.294/0001-45;2012-01-01;4;BCO BTG PACTUAL S.A.;022616;FCA;16991;2012-05-08;http://www.rad.cvm.gov.br/ENETCONSULTA/frmDownloadDocumento.aspx?CodigoInstituicao=1&NumeroSequencialDocumento=16991
30.306.294/0001-45;2012-01-01;5;BCO BTG PACTUAL S.A.;022616;FCA;18892;2012-05-31;http://www.rad.cvm.gov.br/ENETCONSULTA/frmDownloadDocumento.aspx?CodigoInstituicao=1&NumeroSequencialDocumento=18892
30.306.294/0001-45;2012-01-01;6;BCO BTG PACTUAL S.A.;022616;FCA;20249;2012-08-09;http://www.rad.cvm.gov.br/ENETCONSULTA/frmDownloadDocumento.aspx?CodigoInstituicao=1&NumeroSequencialDocumento=20249
30.540.991/0001-66;2012-01-01;1;HAGA S.A. INDUSTRIA E COMERCIO;013366;FCA;15039;2012-03-15;http://www.rad.cvm.gov.br/ENETCONSULTA/frmDownloadDocumento.aspx?CodigoInstituicao=1&NumeroSequencialDocumento=15039
30.540.991/0001-66;2012-01-01;2;HAGA S.A. INDUSTRIA E COMERCIO;013366;FCA;16112;2012-04-11;http://www.rad.cvm.gov.br/ENETCONSULTA/frmDownloadDocumento.aspx?CodigoInstituicao=1&NumeroSequencialDocumento=16112
30.540.991/0001-66;2012-01-01;3;HAGA S.A. INDUSTRIA E COMERCIO;013366;FCA;18344;2012-05-29;http://www.rad.cvm.gov.br/ENETCONSULTA/frmDownloadDocumento.aspx?CodigoInstituicao=1&NumeroSequencialDocumento=18344
30.540.991/0001-66;2012-01-01;4;HAGA S.A. INDUSTRIA E COMERCIO;013366;FCA;19076;2012-06-01;http://www.rad.cvm.gov.br/ENETCONSULTA/frmDownloadDocumento.aspx?CodigoInstituicao=1&NumeroSequencialDocumento=19076
30.540.991/0001-66;2012-01-01;5;HAGA S.A. INDUSTRIA E COMERCIO;013366;FCA;19295;2012-06-15;http://www.rad.cvm.gov.br/ENETCONSULTA/frmDownloadDocumento.aspx?CodigoInstituicao=1&NumeroSequencialDocumento=19295
31.895.683/0001-16;2012-01-01;1;BANCO INDUSTRIAL DO BRASIL;021377;FCA;13725;2012-01-10;http://www.rad.cvm.gov.br/ENETCONSULTA/frmDownloadDocumento.aspx?CodigoInstituicao=1&NumeroSequencialDocumento=13725
31.895.683/0001-16;2012-01-01;2;BANCO INDUSTRIAL DO BRASIL;021377;FCA;17990;2012-05-17;http://www.rad.cvm.gov.br/ENETCONSULTA/frmDownloadDocumento.aspx?CodigoInstituicao=1&NumeroSequencialDocumento=17990
32.681.371/0001-72;2012-01-01;1;VIX LOGÍSTICA S.A.;021202;FCA;15729;2012-03-30;http://www.rad.cvm.gov.br/ENETCONSULTA/frmDownloadDocumento.aspx?CodigoInstituicao=1&NumeroSequencialDocumento=15729
32.681.371/0001-72;2012-01-01;2;VIX LOGÍSTICA S.A.;021202;FCA;16488;2012-04-26;http://www.rad.cvm.gov.br/ENETCONSULTA/frmDownloadDocumento.aspx?CodigoInstituicao=1&NumeroSequencialDocumento=16488
32.681.371/0001-72;2012-01-01;3;VIX LOGÍSTICA S.A.;021202;FCA;16808;2012-05-04;http://www.rad.cvm.gov.br/ENETCONSULTA/frmDownloadDocumento.aspx?CodigoInstituicao=1&NumeroSequencialDocumento=16808
32.681.371/0001-72;2012-01-01;4;VIX LOGÍSTICA S.A.;021202;FCA;19350;2012-06-19;http://www.rad.cvm.gov.br/ENETCONSULTA/frmDownloadDocumento.aspx?CodigoInstituicao=1&NumeroSequencialDocumento=19350
33.000.118/0001-79;2012-01-01;1;TELEMAR NORTE LESTE SA;011320;FCA;14781;2012-03-07;http://www.rad.cvm.gov.br/ENETCONSULTA/frmDownloadDocumento.aspx?CodigoInstituicao=1&NumeroSequencialDocumento=14781
33.000.118/0001-79;2012-01-01;2;TELEMAR NORTE LESTE SA;011320;FCA;16539;2012-04-27;http://www.rad.cvm.gov.br/ENETCONSULTA/frmDownloadDocumento.aspx?CodigoInstituicao=1&NumeroSequencialDocumento=16539
33.000.118/0001-79;2012-01-01;3;TELEMAR NORTE LESTE SA;011320;FCA;17072;2012-05-09;http://www.rad.cvm.gov.br/ENETCONSULTA/frmDownloadDocumento.aspx?CodigoInstituicao=1&NumeroSequencialDocumento=17072
33.000.167/0001-01;2012-01-01;1;PETROLEO BRASILEIRO S.A. PETROBRAS;009512;FCA;13551;2012-01-02;http://www.rad.cvm.gov.br/ENETCONSULTA/frmDownloadDocumento.aspx?CodigoInstituicao=1&NumeroSequencialDocumento=13551
33.000.167/0001-01;2012-01-01;2;PETROLEO BRASILEIRO S.A. PETROBRAS;009512;FCA;13975;2012-01-27;http://www.rad.cvm.gov.br/ENETCONSULTA/frmDownloadDocumento.aspx?CodigoInstituicao=1&NumeroSequencialDocumento=13975
33.000.167/0001-01;2012-01-01;3;PETROLEO BRASILEIRO S.A. PETROBRAS;009512;FCA;17188;2012-05-10;http://www.rad.cvm.gov.br/ENETCONSULTA/frmDownloadDocumento.aspx?CodigoInstituicao=1&NumeroSequencialDocumento=17188
33.009.911/0001-39;2012-01-01;1;SOUZA CRUZ SA;004057;FCA;14003;2012-01-30;http://www.rad.cvm.gov.br/ENETCONSULTA/frmDownloadDocumento.aspx?CodigoInstituicao=1&NumeroSequencialDocumento=14003
33.009.911/0001-39;2012-01-01;2;SOUZA CRUZ SA;004057;FCA;15179;2012-03-21;http://www.rad.cvm.gov.br/ENETCONSULTA/frmDownloadDocumento.aspx?CodigoInstituicao=1&NumeroSequencialDocumento=15179
33.009.911/0001-39;2012-01-01;3;SOUZA CRUZ SA;004057;FCA;16173;2012-04-13;http://www.rad.cvm.gov.br/ENETCONSULTA/frmDownloadDocumento.aspx?CodigoInstituicao=1&NumeroSequencialDocumento=16173
33.009.911/0001-39;2012-01-01;4;SOUZA CRUZ SA;004057;FCA;18193;2012-05-24;http://www.rad.cvm.gov.br/ENETCONSULTA/frmDownloadDocumento.aspx?CodigoInstituicao=1&NumeroSequencialDocumento=18193
33.009.911/0001-39;2012-01-01;5;SOUZA CRUZ SA;004057;FCA;18454;2012-05-30;http://www.rad.cvm.gov.br/ENETCONSULTA/frmDownloadDocumento.aspx?CodigoInstituicao=1&NumeroSequencialDocumento=18454
33.014.556/0001-96;2012-01-01;1;LOJAS AMERICANAS S.A.;008087;FCA;13762;2012-01-11;http://www.rad.cvm.gov.br/ENETCONSULTA/frmDownloadDocumento.aspx?CodigoInstituicao=1&NumeroSequencialDocumento=13762
33.014.556/0001-96;2012-01-01;2;LOJAS AMERICANAS S.A.;008087;FCA;18882;2012-05-31;http://www.rad.cvm.gov.br/ENETCONSULTA/frmDownloadDocumento.aspx?CodigoInstituicao=1&NumeroSequencialDocumento=18882
33.035.536/0001-00;2012-01-01;1;JOAO FORTES ENGENHARIA S.A. - EM RECUPERAÇÃO JUDICIAL;007811;FCA;15869;2012-03-31;http://www.rad.cvm.gov.br/ENETCONSULTA/frmDownloadDocumento.aspx?CodigoInstituicao=1&NumeroSequencialDocumento=15869
33.035.536/0001-00;2012-01-01;2;JOAO FORTES ENGENHARIA S.A. - EM RECUPERAÇÃO JUDICIAL;007811;FCA;17932;2012-05-16;http://www.rad.cvm.gov.br/ENETCONSULTA/frmDownloadDocumento.aspx?CodigoInstituicao=1&NumeroSequencialDocumento=17932
33.035.536/0001-00;2012-01-01;3;JOAO FORTES ENGENHARIA S.A. - EM RECUPERAÇÃO JUDICIAL;007811;FCA;18229;2012-05-25;http://www.rad.cvm.gov.br/ENETCONSULTA/frmDownloadDocumento.aspx?CodigoInstituicao=1&NumeroSequencialDocumento=18229
33.039.223/0001-11;2012-01-01;1;CIMENTO TUPI S.A.;022829;FCA;19278;2012-06-14;http://www.rad.cvm.gov.br/ENETCONSULTA/frmDownloadDocumento.aspx?CodigoInstituicao=1&NumeroSequencialDocumento=19278
33.040.601/0001-87;2012-01-01;1;CREDITAQUI FINANCEIRA S.A. - C.F.I.;008540;FCA;13833;2012-01-16;http://www.rad.cvm.gov.br/ENETCONSULTA/frmDownloadDocumento.aspx?CodigoInstituicao=1&NumeroSequencialDocumento=13833
33.040.601/0001-87;2012-01-01;2;CREDITAQUI FINANCEIRA S.A. - C.F.I.;008540;FCA;14688;2012-03-05;http://www.rad.cvm.gov.br/ENETCONSULTA/frmDownloadDocumento.aspx?CodigoInstituicao=1&NumeroSequencialDocumento=14688
33.040.601/0001-87;2012-01-01;3;CREDITAQUI FINANCEIRA S.A. - C.F.I.;008540;FCA;19133;2012-06-04;http://www.rad.cvm.gov.br/ENETCONSULTA/frmDownloadDocumento.aspx?CodigoInstituicao=1&NumeroSequencialDocumento=19133
33.041.260/0652-90;2012-01-01;1;GRUPO CASAS BAHIA S.A.;006505;FCA;14092;2012-02-03;http://www.rad.cvm.gov.br/ENETCONSULTA/frmDownloadDocumento.aspx?CodigoInstituicao=1&NumeroSequencialDocumento=14092
33.041.260/0652-90;2012-01-01;2;GRUPO CASAS BAHIA S.A.;006505;FCA;14919;2012-03-12;http://www.rad.cvm.gov.br/ENETCONSULTA/frmDownloadDocumento.aspx?CodigoInstituicao=1&NumeroSequencialDocumento=14919
33.041.260/0652-90;2012-01-01;3;GRUPO CASAS BAHIA S.A.;006505;FCA;15984;2012-04-04;http://www.rad.cvm.gov.br/ENETCONSULTA/frmDownloadDocumento.aspx?CodigoInstituicao=1&NumeroSequencialDocumento=15984
33.041.260/0652-90;2012-01-01;4;GRUPO CASAS BAHIA S.A.;006505;FCA;19700;2012-07-13;http://www.rad.cvm.gov.br/ENETCONSULTA/frmDownloadDocumento.aspx?CodigoInstituicao=1&NumeroSequencialDocumento=19700
33.042.730/0001-04;2012-01-01;1;CIA SIDERURGICA NACIONAL;004030;FCA;14191;2012-02-09;http://www.rad.cvm.gov.br/ENETCONSULTA/frmDownloadDocumento.aspx?CodigoInstituicao=1&NumeroSequencialDocumento=14191
33.042.730/0001-04;2012-01-01;2;CIA SIDERURGICA NACIONAL;004030;FCA;15993;2012-04-04;http://www.rad.cvm.gov.br/ENETCONSULTA/frmDownloadDocumento.aspx?CodigoInstituicao=1&NumeroSequencialDocumento=15993
33.042.730/0001-04;2012-01-01;3;CIA SIDERURGICA NACIONAL;004030;FCA;19042;2012-05-31;http://www.rad.cvm.gov.br/ENETCONSULTA/frmDownloadDocumento.aspx?CodigoInstituicao=1&NumeroSequencialDocumento=19042
33.050.071/0001-58;2012-01-01;1;AMPLA ENERGIA E SERVICOS S.A.;003050;FCA;14637;2012-03-01;http://www.rad.cvm.gov.br/ENETCONSULTA/frmDownloadDocumento.aspx?CodigoInstituicao=1&NumeroSequencialDocumento=14637
33.050.071/0001-58;2012-01-01;2;AMPLA ENERGIA E SERVICOS S.A.;003050;FCA;14904;2012-03-12;http://www.rad.cvm.gov.br/ENETCONSULTA/frmDownloadDocumento.aspx?CodigoInstituicao=1&NumeroSequencialDocumento=14904
33.050.071/0001-58;2012-01-01;3;AMPLA ENERGIA E SERVICOS S.A.;003050;FCA;16897;2012-05-07;http://www.rad.cvm.gov.br/ENETCONSULTA/frmDownloadDocumento.aspx?CodigoInstituicao=1&NumeroSequencialDocumento=16897
33.050.071/0001-58;2012-01-01;4;AMPLA ENERGIA E SERVICOS S.A.;003050;FCA;20022;2012-08-01;http://www.rad.cvm.gov.br/ENETCONSULTA/frmDownloadDocumento.aspx?CodigoInstituicao=1&NumeroSequencialDocumento=20022
33.050.071/0001-58;2012-01-01;5;AMPLA ENERGIA E SERVICOS S.A.;003050;FCA;21202;2012-09-10;http://www.rad.cvm.gov.br/ENETCONSULTA/frmDownloadDocumento.aspx?CodigoInstituicao=1&NumeroSequencialDocumento=21202
33.050.196/0001-88;2012-01-01;1;CIA PAULISTA DE FORCA E LUZ;003824;FCA;14885;2012-03-12;http://www.rad.cvm.gov.br/ENETCONSULTA/frmDownloadDocumento.aspx?CodigoInstituicao=1&NumeroSequencialDocumento=14885
33.050.196/0001-88;2012-01-01;2;CIA PAULISTA DE FORCA E LUZ;003824;FCA;16256;2012-04-18;http://www.rad.cvm.gov.br/ENETCONSULTA/frmDownloadDocumento.aspx?CodigoInstituicao=1&NumeroSequencialDocumento=16256
33.050.196/0001-88;2012-01-01;3;CIA PAULISTA DE FORCA E LUZ;003824;FCA;17223;2012-05-10;http://www.rad.cvm.gov.br/ENETCONSULTA/frmDownloadDocumento.aspx?CodigoInstituicao=1&NumeroSequencialDocumento=17223
33.102.476/0001-92;2012-01-01;1;MONTEIRO ARANHA S.A.;008893;FCA;18127;2012-05-22;http://www.rad.cvm.gov.br/ENETCONSULTA/frmDownloadDocumento.aspx?CodigoInstituicao=1&NumeroSequencialDocumento=18127
33.111.246/0001-90;2012-01-01;1;TECNOSOLO ENGENHARIA S.A. - EMPRESA FALIDA;011207;FCA;14710;2012-03-06;http://www.rad.cvm.gov.br/ENETCONSULTA/frmDownloadDocumento.aspx?CodigoInstituicao=1&NumeroSequencialDocumento=14710
33.111.246/0001-90;2012-01-01;2;TECNOSOLO ENGENHARIA S.A. - EMPRESA FALIDA;011207;FCA;19630;2012-07-10;http://www.rad.cvm.gov.br/ENETCONSULTA/frmDownloadDocumento.aspx?CodigoInstituicao=1&NumeroSequencialDocumento=19630
33.111.246/0001-90;2012-01-01;3;TECNOSOLO ENGENHARIA S.A. - EMPRESA FALIDA;011207;FCA;21185;2012-09-06;http://www.rad.cvm.gov.br/ENETCONSULTA/frmDownloadDocumento.aspx?CodigoInstituicao=1&NumeroSequencialDocumento=21185
33.113.309/0001-47;2012-01-01;1;VALID SOLUÇÕES S.A.;020028;FCA;13904;2012-01-23;http://www.rad.cvm.gov.br/ENETCONSULTA/frmDownloadDocumento.aspx?CodigoInstituicao=1&NumeroSequencialDocumento=13904
33.113.309/0001-47;2012-01-01;2;VALID SOLUÇÕES S.A.;020028;FCA;16903;2012-05-07;http://www.rad.cvm.gov.br/ENETCONSULTA/frmDownloadDocumento.aspx?CodigoInstituicao=1&NumeroSequencialDocumento=16903
33.147.315/0001-15;2012-01-01;1;BANCO BERJ S.A.;001201;FCA;13644;2012-01-06;http://www.rad.cvm.gov.br/ENETCONSULTA/frmDownloadDocumento.aspx?CodigoInstituicao=1&NumeroSequencialDocumento=13644
33.147.315/0001-15;2012-01-01;2;BANCO BERJ S.A.;001201;FCA;13855;2012-01-18;http://www.rad.cvm.gov.br/ENETCONSULTA/frmDownloadDocumento.aspx?CodigoInstituicao=1&NumeroSequencialDocumento=13855
33.147.315/0001-15;2012-01-01;3;BANCO BERJ S.A.;001201;FCA;13896;2012-01-20;http://www.rad.cvm.gov.br/ENETCONSULTA/frmDownloadDocumento.aspx?CodigoInstituicao=1&NumeroSequencialDocumento=13896
33.147.315/0001-15;2012-01-01;4;BANCO BERJ S.A.;001201;FCA;18482;2012-05-30;http://www.rad.cvm.gov.br/ENETCONSULTA/frmDownloadDocumento.aspx?CodigoInstituicao=1&NumeroSequencialDocumento=18482
33.147.315/0001-15;2012-01-01;5;BANCO BERJ S.A.;001201;FCA;19153;2012-06-05;http://www.rad.cvm.gov.br/ENETCONSULTA/frmDownloadDocumento.aspx?CodigoInstituicao=1&NumeroSequencialDocumento=19153
33.161.340/0001-53;2012-01-01;1;SERGEN SERVS GERAIS DE ENG SA;010596;FCA;16637;2012-05-02;http://www.rad.cvm.gov.br/ENETCONSULTA/frmDownloadDocumento.aspx?CodigoInstituicao=1&NumeroSequencialDocumento=16637
33.200.049/0001-47;2012-01-01;1;HOTEIS OTHON S.A. - EM RECUPERAÇÃO JUDICIAL;006700;FCA;15865;2012-03-31;http://www.rad.cvm.gov.br/ENETCONSULTA/frmDownloadDocumento.aspx?CodigoInstituicao=1&NumeroSequencialDocumento=15865
33.200.049/0001-47;2012-01-01;2;HOTEIS OTHON S.A. - EM RECUPERAÇÃO JUDICIAL;006700;FCA;17993;2012-05-17;http://www.rad.cvm.gov.br/ENETCONSULTA/frmDownloadDocumento.aspx?CodigoInstituicao=1&NumeroSequencialDocumento=17993
33.228.024/0001-51;2012-01-01;1;WLM PART. E COMÉRCIO DE MÁQUINAS E VEÍCULOS S.A.;011070;FCA;15374;2012-03-26;http://www.rad.cvm.gov.br/ENETCONSULTA/frmDownloadDocumento.aspx?CodigoInstituicao=1&NumeroSequencialDocumento=15374
33.228.024/0001-51;2012-01-01;2;WLM PART. E COMÉRCIO DE MÁQUINAS E VEÍCULOS S.A.;011070;FCA;16803;2012-05-04;http://www.rad.cvm.gov.br/ENETCONSULTA/frmDownloadDocumento.aspx?CodigoInstituicao=1&NumeroSequencialDocumento=16803
33.256.439/0001-39;2012-01-01;1;ULTRAPAR PARTICIPACOES S.A.;018465;FCA;14330;2012-02-15;http://www.rad.cvm.gov.br/ENETCONSULTA/frmDownloadDocumento.aspx?CodigoInstituicao=1&NumeroSequencialDocumento=14330
33.256.439/0001-39;2012-01-01;2;ULTRAPAR PARTICIPACOES S.A.;018465;FCA;18416;2012-05-29;http://www.rad.cvm.gov.br/ENETCONSULTA/frmDownloadDocumento.aspx?CodigoInstituicao=1&NumeroSequencialDocumento=18416
33.352.394/0001-04;2012-01-01;1;CIA ESTADUAL DE ÁGUAS E ESGOTOS - CEDAE;016373;FCA;16207;2012-04-16;http://www.rad.cvm.gov.br/ENETCONSULTA/frmDownloadDocumento.aspx?CodigoInstituicao=1&NumeroSequencialDocumento=16207
33.352.394/0001-04;2012-01-01;2;CIA ESTADUAL DE ÁGUAS E ESGOTOS - CEDAE;016373;FCA;20896;2012-08-21;http://www.rad.cvm.gov.br/ENETCONSULTA/frmDownloadDocumento.aspx?CodigoInstituicao=1&NumeroSequencialDocumento=20896
33.352.394/0001-04;2012-01-01;3;CIA ESTADUAL DE ÁGUAS E ESGOTOS - CEDAE;016373;FCA;21876;2012-10-24;http://www.rad.cvm.gov.br/ENETCONSULTA/frmDownloadDocumento.aspx?CodigoInstituicao=1&NumeroSequencialDocumento=21876
33.386.210/0001-19;2012-01-01;1;SONDOTECNICA ENGENHARIA SOLOS S.A.;010880;FCA;15871;2012-03-31;http://www.rad.cvm.gov.br/ENETCONSULTA/frmDownloadDocumento.aspx?CodigoInstituicao=1&NumeroSequencialDocumento=15871
33.386.210/0001-19;2012-01-01;2;SONDOTECNICA ENGENHARIA SOLOS S.A.;010880;FCA;20660;2012-08-14;http://www.rad.cvm.gov.br/ENETCONSULTA/frmDownloadDocumento.aspx?CodigoInstituicao=1&NumeroSequencialDocumento=20660
33.412.081/0001-96;2012-01-01;1;REFINARIA DE PETROLEOS MANGUINHOS S.A.;009989;FCA;13678;2012-01-09;http://www.rad.cvm.gov.br/ENETCONSULTA/frmDownloadDocumento.aspx?CodigoInstituicao=1&NumeroSequencialDocumento=13678
33.412.081/0001-96;2012-01-01;2;REFINARIA DE PETROLEOS MANGUINHOS S.A.;009989;FCA;17118;2012-05-09;http://www.rad.cvm.gov.br/ENETCONSULTA/frmDownloadDocumento.aspx?CodigoInstituicao=1&NumeroSequencialDocumento=17118
33.412.081/0001-96;2012-01-01;3;REFINARIA DE PETROLEOS MANGUINHOS S.A.;009989;FCA;21331;2012-09-18;http://www.rad.cvm.gov.br/ENETCONSULTA/frmDownloadDocumento.aspx?CodigoInstituicao=1&NumeroSequencialDocumento=21331
33.433.665/0001-48;2012-01-01;1;DOCAS INVESTIMENTOS SA;003182;FCA;15423;2012-03-27;http://www.rad.cvm.gov.br/ENETCONSULTA/frmDownloadDocumento.aspx?CodigoInstituicao=1&NumeroSequencialDocumento=15423
33.433.665/0001-48;2012-01-01;2;DOCAS INVESTIMENTOS SA;003182;FCA;19066;2012-06-01;http://www.rad.cvm.gov.br/ENETCONSULTA/frmDownloadDocumento.aspx?CodigoInstituicao=1&NumeroSequencialDocumento=19066
33.433.665/0001-48;2012-01-01;3;DOCAS INVESTIMENTOS SA;003182;FCA;20444;2012-08-14;http://www.rad.cvm.gov.br/ENETCONSULTA/frmDownloadDocumento.aspx?CodigoInstituicao=1&NumeroSequencialDocumento=20444
33.467.572/0001-34;2012-01-01;1;TEKNO S.A. - INDUSTRIA E COMERCIO;011231;FCA;15161;2012-03-20;http://www.rad.cvm.gov.br/ENETCONSULTA/frmDownloadDocumento.aspx?CodigoInstituicao=1&NumeroSequencialDocumento=15161
33.467.572/0001-34;2012-01-01;2;TEKNO S.A. - INDUSTRIA E COMERCIO;011231;FCA;18402;2012-05-29;http://www.rad.cvm.gov.br/ENETCONSULTA/frmDownloadDocumento.aspx?CodigoInstituicao=1&NumeroSequencialDocumento=18402
33.467.572/0001-34;2012-01-01;3;TEKNO S.A. - INDUSTRIA E COMERCIO;011231;FCA;22584;2012-11-14;http://www.rad.cvm.gov.br/ENETCONSULTA/frmDownloadDocumento.aspx?CodigoInstituicao=1&NumeroSequencialDocumento=22584
33.541.368/0001-16;2012-01-01;1;CIA HIDRO ELÉTRICA DO SÃO FRANCISCO;003328;FCA;14959;2012-03-13;http://www.rad.cvm.gov.br/ENETCONSULTA/frmDownloadDocumento.aspx?CodigoInstituicao=1&NumeroSequencialDocumento=14959
33.541.368/0001-16;2012-01-01;2;CIA HIDRO ELÉTRICA DO SÃO FRANCISCO;003328;FCA;15052;2012-03-15;http://www.rad.cvm.gov.br/ENETCONSULTA/frmDownloadDocumento.aspx?CodigoInstituicao=1&NumeroSequencialDocumento=15052
33.541.368/0001-16;2012-01-01;3;CIA HIDRO ELÉTRICA DO SÃO FRANCISCO;003328;FCA;23040;2012-12-04;http://www.rad.cvm.gov.br/ENETCONSULTA/frmDownloadDocumento.aspx?CodigoInstituicao=1&NumeroSequencialDocumento=23040
33.592.510/0001-54;2012-01-01;1;VALE S.A.;004170;FCA;14367;2012-02-16;http://www.rad.cvm.gov.br/ENETCONSULTA/frmDownloadDocumento.aspx?CodigoInstituicao=1&NumeroSequencialDocumento=14367
33.592.510/0001-54;2012-01-01;2;VALE S.A.;004170;FCA;19065;2012-06-01;http://www.rad.cvm.gov.br/ENETCONSULTA/frmDownloadDocumento.aspx?CodigoInstituicao=1&NumeroSequencialDocumento=19065
33.592.510/0001-54;2012-01-01;3;VALE S.A.;004170;FCA;20006;2012-08-01;http://www.rad.cvm.gov.br/ENETCONSULTA/frmDownloadDocumento.aspx?CodigoInstituicao=1&NumeroSequencialDocumento=20006
33.611.500/0001-19;2012-01-01;1;GERDAU S.A.;003980;FCA;13720;2012-01-10;http://www.rad.cvm.gov.br/ENETCONSULTA/frmDownloadDocumento.aspx?CodigoInstituicao=1&NumeroSequencialDocumento=13720
33.611.500/0001-19;2012-01-01;2;GERDAU S.A.;003980;FCA;18363;2012-05-29;http://www.rad.cvm.gov.br/ENETCONSULTA/frmDownloadDocumento.aspx?CodigoInstituicao=1&NumeroSequencialDocumento=18363
33.858.168/0001-91;2012-01-01;1;HOTEIS E TURISMO GUANABARA SA;006696;FCA;15781;2012-03-30;http://www.rad.cvm.gov.br/ENETCONSULTA/frmDownloadDocumento.aspx?CodigoInstituicao=1&NumeroSequencialDocumento=15781
33.937.681/0001-78;2012-01-01;1;LATAM AIRLINES GROUP S.A.;080128;FCA;13603;2012-01-04;http://www.rad.cvm.gov.br/ENETCONSULTA/frmDownloadDocumento.aspx?CodigoInstituicao=1&NumeroSequencialDocumento=13603
33.937.681/0001-78;2012-01-01;2;LATAM AIRLINES GROUP S.A.;080128;FCA;19074;2012-06-01;http://www.rad.cvm.gov.br/ENETCONSULTA/frmDownloadDocumento.aspx?CodigoInstituicao=1&NumeroSequencialDocumento=19074
33.937.681/0001-78;2012-01-01;3;LATAM AIRLINES GROUP S.A.;080128;FCA;19539;2012-07-03;http://www.rad.cvm.gov.br/ENETCONSULTA/frmDownloadDocumento.aspx?CodigoInstituicao=1&NumeroSequencialDocumento=19539
33.937.681/0001-78;2012-01-01;4;LATAM AIRLINES GROUP S.A.;080128;FCA;20700;2012-08-14;http://www.rad.cvm.gov.br/ENETCONSULTA/frmDownloadDocumento.aspx?CodigoInstituicao=1&NumeroSequencialDocumento=20700
33.938.119/0001-69;2012-01-01;1;CIA DISTRIB DE GAS DO RIO DE JANEIRO-CEG;016616;FCA;15432;2012-03-27;http://www.rad.cvm.gov.br/ENETCONSULTA/frmDownloadDocumento.aspx?CodigoInstituicao=1&NumeroSequencialDocumento=15432
33.938.119/0001-69;2012-01-01;2;CIA DISTRIB DE GAS DO RIO DE JANEIRO-CEG;016616;FCA;18819;2012-05-31;http://www.rad.cvm.gov.br/ENETCONSULTA/frmDownloadDocumento.aspx?CodigoInstituicao=1&NumeroSequencialDocumento=18819
33.938.119/0001-69;2012-01-01;3;CIA DISTRIB DE GAS DO RIO DE JANEIRO-CEG;016616;FCA;21385;2012-09-21;http://www.rad.cvm.gov.br/ENETCONSULTA/frmDownloadDocumento.aspx?CodigoInstituicao=1&NumeroSequencialDocumento=21385
33.958.695/0001-78;2012-01-01;1;UNIPAR CARBOCLORO S.A.;011592;FCA;15043;2012-03-15;http://www.rad.cvm.gov.br/ENETCONSULTA/frmDownloadDocumento.aspx?CodigoInstituicao=1&NumeroSequencialDocumento=15043
33.958.695/0001-78;2012-01-01;2;UNIPAR CARBOCLORO S.A.;011592;FCA;18036;2012-05-18;http://www.rad.cvm.gov.br/ENETCONSULTA/frmDownloadDocumento.aspx?CodigoInstituicao=1&NumeroSequencialDocumento=18036
33.958.695/0001-78;2012-01-01;3;UNIPAR CARBOCLORO S.A.;011592;FCA;19154;2012-06-05;http://www.rad.cvm.gov.br/ENETCONSULTA/frmDownloadDocumento.aspx?CodigoInstituicao=1&NumeroSequencialDocumento=19154
34.169.557/0001-72;2012-01-01;1;BCO MERCANTIL DE INVESTIMENTOS S.A.;001309;FCA;14623;2012-03-01;http://www.rad.cvm.gov.br/ENETCONSULTA/frmDownloadDocumento.aspx?CodigoInstituicao=1&NumeroSequencialDocumento=14623
34.169.557/0001-72;2012-01-01;2;BCO MERCANTIL DE INVESTIMENTOS S.A.;001309;FCA;14686;2012-03-05;http://www.rad.cvm.gov.br/ENETCONSULTA/frmDownloadDocumento.aspx?CodigoInstituicao=1&NumeroSequencialDocumento=14686
34.169.557/0001-72;2012-01-01;3;BCO MERCANTIL DE INVESTIMENTOS S.A.;001309;FCA;19131;2012-06-04;http://www.rad.cvm.gov.br/ENETCONSULTA/frmDownloadDocumento.aspx?CodigoInstituicao=1&NumeroSequencialDocumento=19131
34.265.561/0001-34;2012-01-01;1;BMG LEASING S.A. - ARREND. MERCANTIL;001724;FCA;14347;2012-02-15;http://www.rad.cvm.gov.br/ENETCONSULTA/frmDownloadDocumento.aspx?CodigoInstituicao=1&NumeroSequencialDocumento=14347
34.265.561/0001-34;2012-01-01;2;BMG LEASING S.A. - ARREND. MERCANTIL;001724;FCA;15185;2012-03-21;http://www.rad.cvm.gov.br/ENETCONSULTA/frmDownloadDocumento.aspx?CodigoInstituicao=1&NumeroSequencialDocumento=15185
34.265.561/0001-34;2012-01-01;3;BMG LEASING S.A. - ARREND. MERCANTIL;001724;FCA;18465;2012-05-30;http://www.rad.cvm.gov.br/ENETCONSULTA/frmDownloadDocumento.aspx?CodigoInstituicao=1&NumeroSequencialDocumento=18465
36.461.242/0001-20;2012-01-01;1;AMIL PARTICIPAÇÕES S/A;021172;FCA;14938;2012-03-13;http://www.rad.cvm.gov.br/ENETCONSULTA/frmDownloadDocumento.aspx?CodigoInstituicao=1&NumeroSequencialDocumento=14938
36.461.242/0001-20;2012-01-01;2;AMIL PARTICIPAÇÕES S/A;021172;FCA;15640;2012-03-29;http://www.rad.cvm.gov.br/ENETCONSULTA/frmDownloadDocumento.aspx?CodigoInstituicao=1&NumeroSequencialDocumento=15640
36.461.242/0001-20;2012-01-01;3;AMIL PARTICIPAÇÕES S/A;021172;FCA;16976;2012-05-08;http://www.rad.cvm.gov.br/ENETCONSULTA/frmDownloadDocumento.aspx?CodigoInstituicao=1&NumeroSequencialDocumento=16976
36.461.242/0001-20;2012-01-01;4;AMIL PARTICIPAÇÕES S/A;021172;FCA;20125;2012-08-06;http://www.rad.cvm.gov.br/ENETCONSULTA/frmDownloadDocumento.aspx?CodigoInstituicao=1&NumeroSequencialDocumento=20125
39.115.514/0001-28;2012-01-01;1;RUMO MALHA OESTE S.A.;017850;FCA;14950;2012-03-13;http://www.rad.cvm.gov.br/ENETCONSULTA/frmDownloadDocumento.aspx?CodigoInstituicao=1&NumeroSequencialDocumento=14950
39.115.514/0001-28;2012-01-01;2;RUMO MALHA OESTE S.A.;017850;FCA;18693;2012-05-31;http://www.rad.cvm.gov.br/ENETCONSULTA/frmDownloadDocumento.aspx?CodigoInstituicao=1&NumeroSequencialDocumento=18693
42.150.391/0001-70;2012-01-01;1;BRASKEM S.A.;004820;FCA;14162;2012-02-08;http://www.rad.cvm.gov.br/ENETCONSULTA/frmDownloadDocumento.aspx?CodigoInstituicao=1&NumeroSequencialDocumento=14162
42.150.391/0001-70;2012-01-01;2;BRASKEM S.A.;004820;FCA;14766;2012-03-07;http://www.rad.cvm.gov.br/ENETCONSULTA/frmDownloadDocumento.aspx?CodigoInstituicao=1&NumeroSequencialDocumento=14766
42.150.391/0001-70;2012-01-01;3;BRASKEM S.A.;004820;FCA;18695;2012-05-31;http://www.rad.cvm.gov.br/ENETCONSULTA/frmDownloadDocumento.aspx?CodigoInstituicao=1&NumeroSequencialDocumento=18695
42.278.291/0001-24;2012-01-01;1;LOG-IN LOGISTICA INTERMODAL S.A.;020710;FCA;15387;2012-03-26;http://www.rad.cvm.gov.br/ENETCONSULTA/frmDownloadDocumento.aspx?CodigoInstituicao=1&NumeroSequencialDocumento=15387
42.278.291/0001-24;2012-01-01;2;LOG-IN LOGISTICA INTERMODAL S.A.;020710;FCA;17499;2012-05-14;http://www.rad.cvm.gov.br/ENETCONSULTA/frmDownloadDocumento.aspx?CodigoInstituicao=1&NumeroSequencialDocumento=17499
42.331.462/0001-31;2012-01-01;1;EMBPAR PARTICIPAÇÕES S/A;015458;FCA;13715;2012-01-10;http://www.rad.cvm.gov.br/ENETCONSULTA/frmDownloadDocumento.aspx?CodigoInstituicao=1&NumeroSequencialDocumento=13715
42.331.462/0001-31;2012-01-01;2;EMBPAR PARTICIPAÇÕES S/A;015458;FCA;19105;2012-06-01;http://www.rad.cvm.gov.br/ENETCONSULTA/frmDownloadDocumento.aspx?CodigoInstituicao=1&NumeroSequencialDocumento=19105
43.185.362/0001-07;2012-01-01;1;IGB ELETRONICA S.A - EM RECUPERACAO JUDICIAL;006815;FCA;16195;2012-04-13;http://www.rad.cvm.gov.br/ENETCONSULTA/frmDownloadDocumento.aspx?CodigoInstituicao=1&NumeroSequencialDocumento=16195
43.185.362/0001-07;2012-01-01;2;IGB ELETRONICA S.A - EM RECUPERACAO JUDICIAL;006815;FCA;19616;2012-07-09;http://www.rad.cvm.gov.br/ENETCONSULTA/frmDownloadDocumento.aspx?CodigoInstituicao=1&NumeroSequencialDocumento=19616
43.185.362/0001-07;2012-01-01;3;IGB ELETRONICA S.A - EM RECUPERACAO JUDICIAL;006815;FCA;21293;2012-09-14;http://www.rad.cvm.gov.br/ENETCONSULTA/frmDownloadDocumento.aspx?CodigoInstituicao=1&NumeroSequencialDocumento=21293
43.185.362/0001-07;2012-01-01;4;IGB ELETRONICA S.A - EM RECUPERACAO JUDICIAL;006815;FCA;23112;2012-12-07;http://www.rad.cvm.gov.br/ENETCONSULTA/frmDownloadDocumento.aspx?CodigoInstituicao=1&NumeroSequencialDocumento=23112
43.425.008/0001-02;2012-01-01;1;BFB LEASING S.A. ARRENDAMENTO MERCANTIL;014052;FCA;14385;2012-02-16;http://www.rad.cvm.gov.br/ENETCONSULTA/frmDownloadDocumento.aspx?CodigoInstituicao=1&NumeroSequencialDocumento=14385
43.425.008/0001-02;2012-01-01;2;BFB LEASING S.A. ARRENDAMENTO MERCANTIL;014052;FCA;17396;2012-05-11;http://www.rad.cvm.gov.br/ENETCONSULTA/frmDownloadDocumento.aspx?CodigoInstituicao=1&NumeroSequencialDocumento=17396
43.425.008/0001-02;2012-01-01;3;BFB LEASING S.A. ARRENDAMENTO MERCANTIL;014052;FCA;18134;2012-05-22;http://www.rad.cvm.gov.br/ENETCONSULTA/frmDownloadDocumento.aspx?CodigoInstituicao=1&NumeroSequencialDocumento=18134
43.470.988/0001-65;2012-01-01;1;EVEN CONSTRUTORA E INCORPORADORA S.A.;020524;FCA;14275;2012-02-13;http://www.rad.cvm.gov.br/ENETCONSULTA/frmDownloadDocumento.aspx?CodigoInstituicao=1&NumeroSequencialDocumento=14275
43.470.988/0001-65;2012-01-01;2;EVEN CONSTRUTORA E INCORPORADORA S.A.;020524;FCA;15171;2012-03-20;http://www.rad.cvm.gov.br/ENETCONSULTA/frmDownloadDocumento.aspx?CodigoInstituicao=1&NumeroSequencialDocumento=15171
43.470.988/0001-65;2012-01-01;3;EVEN CONSTRUTORA E INCORPORADORA S.A.;020524;FCA;18559;2012-05-30;http://www.rad.cvm.gov.br/ENETCONSULTA/frmDownloadDocumento.aspx?CodigoInstituicao=1&NumeroSequencialDocumento=18559
43.776.517/0001-80;2012-01-01;1;CIA SANEAMENTO BASICO EST SAO PAULO;014443;FCA;15224;2012-03-21;http://www.rad.cvm.gov.br/ENETCONSULTA/frmDownloadDocumento.aspx?CodigoInstituicao=1&NumeroSequencialDocumento=15224
43.776.517/0001-80;2012-01-01;2;CIA SANEAMENTO BASICO EST SAO PAULO;014443;FCA;18858;2012-05-31;http://www.rad.cvm.gov.br/ENETCONSULTA/frmDownloadDocumento.aspx?CodigoInstituicao=1&NumeroSequencialDocumento=18858
43.776.517/0001-80;2012-01-01;3;CIA SANEAMENTO BASICO EST SAO PAULO;014443;FCA;21301;2012-09-14;http://www.rad.cvm.gov.br/ENETCONSULTA/frmDownloadDocumento.aspx?CodigoInstituicao=1&NumeroSequencialDocumento=21301
44.689.123/0001-57;2012-01-01;1;USINA COSTA PINTO SA ACUC ALC;012220;FCA;14279;2012-02-14;http://www.rad.cvm.gov.br/ENETCONSULTA/frmDownloadDocumento.aspx?CodigoInstituicao=1&NumeroSequencialDocumento=14279
44.689.123/0001-57;2012-01-01;2;USINA COSTA PINTO SA ACUC ALC;012220;FCA;18377;2012-05-29;http://www.rad.cvm.gov.br/ENETCONSULTA/frmDownloadDocumento.aspx?CodigoInstituicao=1&NumeroSequencialDocumento=18377
45.453.214/0001-51;2012-01-01;1;PROFARMA DISTRIB PROD FARMACEUTICOS S.A.;020346;FCA;14974;2012-03-13;http://www.rad.cvm.gov.br/ENETCONSULTA/frmDownloadDocumento.aspx?CodigoInstituicao=1&NumeroSequencialDocumento=14974
45.453.214/0001-51;2012-01-01;2;PROFARMA DISTRIB PROD FARMACEUTICOS S.A.;020346;FCA;16740;2012-05-03;http://www.rad.cvm.gov.br/ENETCONSULTA/frmDownloadDocumento.aspx?CodigoInstituicao=1&NumeroSequencialDocumento=16740
45.987.245/0001-92;2012-01-01;1;BAHEMA EDUCAÇÃO S.A.;000701;FCA;15068;2012-03-16;http://www.rad.cvm.gov.br/ENETCONSULTA/frmDownloadDocumento.aspx?CodigoInstituicao=1&NumeroSequencialDocumento=15068
45.987.245/0001-92;2012-01-01;2;BAHEMA EDUCAÇÃO S.A.;000701;FCA;22052;2012-11-01;http://www.rad.cvm.gov.br/ENETCONSULTA/frmDownloadDocumento.aspx?CodigoInstituicao=1&NumeroSequencialDocumento=22052
46.014.635/0001-49;2012-01-01;1;CONSTRUTORA LIX DA CUNHA S.A.;004774;FCA;15194;2012-03-21;http://www.rad.cvm.gov.br/ENETCONSULTA/frmDownloadDocumento.aspx?CodigoInstituicao=1&NumeroSequencialDocumento=15194
46.014.635/0001-49;2012-01-01;2;CONSTRUTORA LIX DA CUNHA S.A.;004774;FCA;17767;2012-05-15;http://www.rad.cvm.gov.br/ENETCONSULTA/frmDownloadDocumento.aspx?CodigoInstituicao=1&NumeroSequencialDocumento=17767
46.014.635/0001-49;2012-01-01;3;CONSTRUTORA LIX DA CUNHA S.A.;004774;FCA;20782;2012-08-15;http://www.rad.cvm.gov.br/ENETCONSULTA/frmDownloadDocumento.aspx?CodigoInstituicao=1&NumeroSequencialDocumento=20782
46.014.635/0001-49;2012-01-01;4;CONSTRUTORA LIX DA CUNHA S.A.;004774;FCA;21136;2012-09-05;http://www.rad.cvm.gov.br/ENETCONSULTA/frmDownloadDocumento.aspx?CodigoInstituicao=1&NumeroSequencialDocumento=21136
46.119.855/0001-37;2012-01-01;1;SOCIEDADE ABASTECIMENTO DE ÁGUA E SANEAMENTO S.A - SANASA;016241;FCA;14016;2012-01-31;http://www.rad.cvm.gov.br/ENETCONSULTA/frmDownloadDocumento.aspx?CodigoInstituicao=1&NumeroSequencialDocumento=14016
46.119.855/0001-37;2012-01-01;2;SOCIEDADE ABASTECIMENTO DE ÁGUA E SANEAMENTO S.A - SANASA;016241;FCA;16980;2012-05-08;http://www.rad.cvm.gov.br/ENETCONSULTA/frmDownloadDocumento.aspx?CodigoInstituicao=1&NumeroSequencialDocumento=16980
47.193.149/0001-06;2012-01-01;1;SANTANDER LEASING S.A. ARRENDAMENTO MERCANTIL;020559;FCA;13609;2012-01-05;http://www.rad.cvm.gov.br/ENETCONSULTA/frmDownloadDocumento.aspx?CodigoInstituicao=1&NumeroSequencialDocumento=13609
47.193.149/0001-06;2012-01-01;2;SANTANDER LEASING S.A. ARRENDAMENTO MERCANTIL;020559;FCA;14494;2012-02-24;http://www.rad.cvm.gov.br/ENETCONSULTA/frmDownloadDocumento.aspx?CodigoInstituicao=1&NumeroSequencialDocumento=14494
47.193.149/0001-06;2012-01-01;3;SANTANDER LEASING S.A. ARRENDAMENTO MERCANTIL;020559;FCA;14750;2012-03-07;http://www.rad.cvm.gov.br/ENETCONSULTA/frmDownloadDocumento.aspx?CodigoInstituicao=1&NumeroSequencialDocumento=14750
47.193.149/0001-06;2012-01-01;4;SANTANDER LEASING S.A. ARRENDAMENTO MERCANTIL;020559;FCA;19027;2012-05-31;http://www.rad.cvm.gov.br/ENETCONSULTA/frmDownloadDocumento.aspx?CodigoInstituicao=1&NumeroSequencialDocumento=19027
47.193.149/0001-06;2012-01-01;5;SANTANDER LEASING S.A. ARRENDAMENTO MERCANTIL;020559;FCA;19369;2012-06-20;http://www.rad.cvm.gov.br/ENETCONSULTA/frmDownloadDocumento.aspx?CodigoInstituicao=1&NumeroSequencialDocumento=19369
47.508.411/0001-56;2012-01-01;1;CIA BRASILEIRA DE DISTRIBUICAO;014826;FCA;13695;2012-01-09;http://www.rad.cvm.gov.br/ENETCONSULTA/frmDownloadDocumento.aspx?CodigoInstituicao=1&NumeroSequencialDocumento=13695
47.508.411/0001-56;2012-01-01;2;CIA BRASILEIRA DE DISTRIBUICAO;014826;FCA;19444;2012-06-26;http://www.rad.cvm.gov.br/ENETCONSULTA/frmDownloadDocumento.aspx?CodigoInstituicao=1&NumeroSequencialDocumento=19444
47.508.411/0001-56;2012-01-01;3;CIA BRASILEIRA DE DISTRIBUICAO;014826;FCA;19544;2012-07-04;http://www.rad.cvm.gov.br/ENETCONSULTA/frmDownloadDocumento.aspx?CodigoInstituicao=1&NumeroSequencialDocumento=19544
47.509.120/0001-82;2012-01-01;1;BRADESCO LEASING S.A. ARREND MERCANTIL;019640;FCA;14456;2012-02-22;http://www.rad.cvm.gov.br/ENETCONSULTA/frmDownloadDocumento.aspx?CodigoInstituicao=1&NumeroSequencialDocumento=14456
47.509.120/0001-82;2012-01-01;2;BRADESCO LEASING S.A. ARREND MERCANTIL;019640;FCA;18478;2012-05-30;http://www.rad.cvm.gov.br/ENETCONSULTA/frmDownloadDocumento.aspx?CodigoInstituicao=1&NumeroSequencialDocumento=18478
47.509.120/0001-82;2012-01-01;3;BRADESCO LEASING S.A. ARREND MERCANTIL;019640;FCA;19292;2012-06-15;http://www.rad.cvm.gov.br/ENETCONSULTA/frmDownloadDocumento.aspx?CodigoInstituicao=1&NumeroSequencialDocumento=19292
47.509.120/0001-82;2012-01-01;4;BRADESCO LEASING S.A. ARREND MERCANTIL;019640;FCA;22075;2012-11-05;http://www.rad.cvm.gov.br/ENETCONSULTA/frmDownloadDocumento.aspx?CodigoInstituicao=1&NumeroSequencialDocumento=22075
47.960.950/0001-21;2012-01-01;1;MAGAZINE LUIZA S.A.;022470;FCA;14747;2012-03-07;http://www.rad.cvm.gov.br/ENETCONSULTA/frmDownloadDocumento.aspx?CodigoInstituicao=1&NumeroSequencialDocumento=14747
47.960.950/0001-21;2012-01-01;2;MAGAZINE LUIZA S.A.;022470;FCA;16016;2012-04-05;http://www.rad.cvm.gov.br/ENETCONSULTA/frmDownloadDocumento.aspx?CodigoInstituicao=1&NumeroSequencialDocumento=16016
47.960.950/0001-21;2012-01-01;3;MAGAZINE LUIZA S.A.;022470;FCA;19150;2012-06-05;http://www.rad.cvm.gov.br/ENETCONSULTA/frmDownloadDocumento.aspx?CodigoInstituicao=1&NumeroSequencialDocumento=19150
49.263.189/0001-02;2012-01-01;1;HELBOR EMPREENDIMENTOS S.A.;020877;FCA;15026;2012-03-14;http://www.rad.cvm.gov.br/ENETCONSULTA/frmDownloadDocumento.aspx?CodigoInstituicao=1&NumeroSequencialDocumento=15026
49.263.189/0001-02;2012-01-01;2;HELBOR EMPREENDIMENTOS S.A.;020877;FCA;16549;2012-04-27;http://www.rad.cvm.gov.br/ENETCONSULTA/frmDownloadDocumento.aspx?CodigoInstituicao=1&NumeroSequencialDocumento=16549
49.263.189/0001-02;2012-01-01;3;HELBOR EMPREENDIMENTOS S.A.;020877;FCA;17788;2012-05-15;http://www.rad.cvm.gov.br/ENETCONSULTA/frmDownloadDocumento.aspx?CodigoInstituicao=1&NumeroSequencialDocumento=17788
49.669.856/0001-43;2012-01-01;1;VESTE S.A. ESTILO;021440;FCA;13937;2012-01-24;http://www.rad.cvm.gov.br/ENETCONSULTA/frmDownloadDocumento.aspx?CodigoInstituicao=1&NumeroSequencialDocumento=13937
49.669.856/0001-43;2012-01-01;2;VESTE S.A. ESTILO;021440;FCA;14044;2012-02-01;http://www.rad.cvm.gov.br/ENETCONSULTA/frmDownloadDocumento.aspx?CodigoInstituicao=1&NumeroSequencialDocumento=14044
49.669.856/0001-43;2012-01-01;3;VESTE S.A. ESTILO;021440;FCA;14074;2012-02-02;http://www.rad.cvm.gov.br/ENETCONSULTA/frmDownloadDocumento.aspx?CodigoInstituicao=1&NumeroSequencialDocumento=14074
49.669.856/0001-43;2012-01-01;4;VESTE S.A. ESTILO;021440;FCA;18125;2012-05-22;http://www.rad.cvm.gov.br/ENETCONSULTA/frmDownloadDocumento.aspx?CodigoInstituicao=1&NumeroSequencialDocumento=18125
49.669.856/0001-43;2012-01-01;5;VESTE S.A. ESTILO;021440;FCA;20385;2012-08-13;http://www.rad.cvm.gov.br/ENETCONSULTA/frmDownloadDocumento.aspx?CodigoInstituicao=1&NumeroSequencialDocumento=20385
50.564.053/0001-03;2012-01-01;1;BOMBRIL S.A.;012190;FCA;13788;2012-01-13;http://www.rad.cvm.gov.br/ENETCONSULTA/frmDownloadDocumento.aspx?CodigoInstituicao=1&NumeroSequencialDocumento=13788
50.564.053/0001-03;2012-01-01;2;BOMBRIL S.A.;012190;FCA;15297;2012-03-23;http://www.rad.cvm.gov.br/ENETCONSULTA/frmDownloadDocumento.aspx?CodigoInstituicao=1&NumeroSequencialDocumento=15297
50.564.053/0001-03;2012-01-01;3;BOMBRIL S.A.;012190;FCA;17501;2012-05-14;http://www.rad.cvm.gov.br/ENETCONSULTA/frmDownloadDocumento.aspx?CodigoInstituicao=1&NumeroSequencialDocumento=17501
50.564.053/0001-03;2012-01-01;4;BOMBRIL S.A.;012190;FCA;21743;2012-10-18;http://www.rad.cvm.gov.br/ENETCONSULTA/frmDownloadDocumento.aspx?CodigoInstituicao=1&NumeroSequencialDocumento=21743
50.564.053/0001-03;2012-01-01;5;BOMBRIL S.A.;012190;FCA;21975;2012-10-30;http://www.rad.cvm.gov.br/ENETCONSULTA/frmDownloadDocumento.aspx?CodigoInstituicao=1&NumeroSequencialDocumento=21975
50.746.577/0001-15;2012-01-01;1;COSAN S.A.;019836;FCA;10452;2011-08-01;http://www.rad.cvm.gov.br/ENETCONSULTA/frmDownloadDocumento.aspx?CodigoInstituicao=1&NumeroSequencialDocumento=10452
50.746.577/0001-15;2012-01-01;2;COSAN S.A.;019836;FCA;18375;2012-05-29;http://www.rad.cvm.gov.br/ENETCONSULTA/frmDownloadDocumento.aspx?CodigoInstituicao=1&NumeroSequencialDocumento=18375
50.746.577/0001-15;2012-01-01;3;COSAN S.A.;019836;FCA;19935;2012-07-30;http://www.rad.cvm.gov.br/ENETCONSULTA/frmDownloadDocumento.aspx?CodigoInstituicao=1&NumeroSequencialDocumento=19935
50.926.955/0001-42;2012-01-01;1;VULCABRAS S.A.;011762;FCA;15963;2012-04-03;http://www.rad.cvm.gov.br/ENETCONSULTA/frmDownloadDocumento.aspx?CodigoInstituicao=1&NumeroSequencialDocumento=15963
50.926.955/0001-42;2012-01-01;2;VULCABRAS S.A.;011762;FCA;16917;2012-05-07;http://www.rad.cvm.gov.br/ENETCONSULTA/frmDownloadDocumento.aspx?CodigoInstituicao=1&NumeroSequencialDocumento=16917
50.926.955/0001-42;2012-01-01;3;VULCABRAS S.A.;011762;FCA;17047;2012-05-09;http://www.rad.cvm.gov.br/ENETCONSULTA/frmDownloadDocumento.aspx?CodigoInstituicao=1&NumeroSequencialDocumento=17047
50.926.955/0001-42;2012-01-01;4;VULCABRAS S.A.;011762;FCA;18820;2012-05-31;http://www.rad.cvm.gov.br/ENETCONSULTA/frmDownloadDocumento.aspx?CodigoInstituicao=1&NumeroSequencialDocumento=18820
50.926.955/0001-42;2012-01-01;5;VULCABRAS S.A.;011762;FCA;21688;2012-10-16;http://www.rad.cvm.gov.br/ENETCONSULTA/frmDownloadDocumento.aspx?CodigoInstituicao=1&NumeroSequencialDocumento=21688
50.926.955/0001-42;2012-01-01;6;VULCABRAS S.A.;011762;FCA;21689;2012-10-16;http://www.rad.cvm.gov.br/ENETCONSULTA/frmDownloadDocumento.aspx?CodigoInstituicao=1&NumeroSequencialDocumento=21689
51.128.999/0001-90;2012-01-01;1;NUTRIPLANT INDUSTRIA E COMERCIO S.A.;021334;FCA;13724;2012-01-10;http://www.rad.cvm.gov.br/ENETCONSULTA/frmDownloadDocumento.aspx?CodigoInstituicao=1&NumeroSequencialDocumento=13724
51.128.999/0001-90;2012-01-01;2;NUTRIPLANT INDUSTRIA E COMERCIO S.A.;021334;FCA;17906;2012-05-16;http://www.rad.cvm.gov.br/ENETCONSULTA/frmDownloadDocumento.aspx?CodigoInstituicao=1&NumeroSequencialDocumento=17906
51.128.999/0001-90;2012-01-01;3;NUTRIPLANT INDUSTRIA E COMERCIO S.A.;021334;FCA;19471;2012-06-28;http://www.rad.cvm.gov.br/ENETCONSULTA/frmDownloadDocumento.aspx?CodigoInstituicao=1&NumeroSequencialDocumento=19471
51.128.999/0001-90;2012-01-01;4;NUTRIPLANT INDUSTRIA E COMERCIO S.A.;021334;FCA;19585;2012-07-05;http://www.rad.cvm.gov.br/ENETCONSULTA/frmDownloadDocumento.aspx?CodigoInstituicao=1&NumeroSequencialDocumento=19585
51.218.147/0001-93;2012-01-01;1;IGUATEMI EMPRESA DE SHOPPING CENTERS S.A;020494;FCA;13909;2012-01-23;http://www.rad.cvm.gov.br/ENETCONSULTA/frmDownloadDocumento.aspx?CodigoInstituicao=1&NumeroSequencialDocumento=13909
51.218.147/0001-93;2012-01-01;2;IGUATEMI EMPRESA DE SHOPPING CENTERS S.A;020494;FCA;18903;2012-05-31;http://www.rad.cvm.gov.br/ENETCONSULTA/frmDownloadDocumento.aspx?CodigoInstituicao=1&NumeroSequencialDocumento=18903
51.218.147/0001-93;2012-01-01;3;IGUATEMI EMPRESA DE SHOPPING CENTERS S.A;020494;FCA;23114;2012-12-10;http://www.rad.cvm.gov.br/ENETCONSULTA/frmDownloadDocumento.aspx?CodigoInstituicao=1&NumeroSequencialDocumento=23114
51.218.147/0001-93;2012-01-01;4;IGUATEMI EMPRESA DE SHOPPING CENTERS S.A;020494;FCA;23400;2012-12-21;http://www.rad.cvm.gov.br/ENETCONSULTA/frmDownloadDocumento.aspx?CodigoInstituicao=1&NumeroSequencialDocumento=23400
51.466.860/0001-56;2012-01-01;1;SAO MARTINHO S.A.;020516;FCA;14312;2012-02-14;http://www.rad.cvm.gov.br/ENETCONSULTA/frmDownloadDocumento.aspx?CodigoInstituicao=1&NumeroSequencialDocumento=14312
51.466.860/0001-56;2012-01-01;2;SAO MARTINHO S.A.;020516;FCA;18499;2012-05-30;http://www.rad.cvm.gov.br/ENETCONSULTA/frmDownloadDocumento.aspx?CodigoInstituicao=1&NumeroSequencialDocumento=18499
51.466.860/0001-56;2012-01-01;3;SAO MARTINHO S.A.;020516;FCA;20534;2012-08-14;http://www.rad.cvm.gov.br/ENETCONSULTA/frmDownloadDocumento.aspx?CodigoInstituicao=1&NumeroSequencialDocumento=20534
51.928.174/0001-50;2012-01-01;1;PLASCAR PARTICIPACOES INDUSTRIAIS S.A.;013471;FCA;14700;2012-03-06;http://www.rad.cvm.gov.br/ENETCONSULTA/frmDownloadDocumento.aspx?CodigoInstituicao=1&NumeroSequencialDocumento=14700
51.928.174/0001-50;2012-01-01;2;PLASCAR PARTICIPACOES INDUSTRIAIS S.A.;013471;FCA;16623;2012-05-02;http://www.rad.cvm.gov.br/ENETCONSULTA/frmDownloadDocumento.aspx?CodigoInstituicao=1&NumeroSequencialDocumento=16623
52.548.435/0001-79;2012-01-01;1;JSL S.A.;022020;FCA;13704;2012-01-09;http://www.rad.cvm.gov.br/ENETCONSULTA/frmDownloadDocumento.aspx?CodigoInstituicao=1&NumeroSequencialDocumento=13704
52.548.435/0001-79;2012-01-01;2;JSL S.A.;022020;FCA;16564;2012-04-27;http://www.rad.cvm.gov.br/ENETCONSULTA/frmDownloadDocumento.aspx?CodigoInstituicao=1&NumeroSequencialDocumento=16564
52.548.435/0001-79;2012-01-01;3;JSL S.A.;022020;FCA;18016;2012-05-18;http://www.rad.cvm.gov.br/ENETCONSULTA/frmDownloadDocumento.aspx?CodigoInstituicao=1&NumeroSequencialDocumento=18016
52.736.840/0001-10;2012-01-01;1;CERAMICA CHIARELLI SA;002488;FCA;14218;2012-02-10;http://www.rad.cvm.gov.br/ENETCONSULTA/frmDownloadDocumento.aspx?CodigoInstituicao=1&NumeroSequencialDocumento=14218
52.736.840/0001-10;2012-01-01;2;CERAMICA CHIARELLI SA;002488;FCA;15001;2012-03-14;http://www.rad.cvm.gov.br/ENETCONSULTA/frmDownloadDocumento.aspx?CodigoInstituicao=1&NumeroSequencialDocumento=15001
52.736.840/0001-10;2012-01-01;3;CERAMICA CHIARELLI SA;002488;FCA;21187;2012-09-06;http://www.rad.cvm.gov.br/ENETCONSULTA/frmDownloadDocumento.aspx?CodigoInstituicao=1&NumeroSequencialDocumento=21187
53.113.791/0001-22;2012-01-01;1;TOTVS S.A.;019992;FCA;13900;2012-01-20;http://www.rad.cvm.gov.br/ENETCONSULTA/frmDownloadDocumento.aspx?CodigoInstituicao=1&NumeroSequencialDocumento=13900
53.113.791/0001-22;2012-01-01;2;TOTVS S.A.;019992;FCA;15549;2012-03-28;http://www.rad.cvm.gov.br/ENETCONSULTA/frmDownloadDocumento.aspx?CodigoInstituicao=1&NumeroSequencialDocumento=15549
53.113.791/0001-22;2012-01-01;3;TOTVS S.A.;019992;FCA;18197;2012-05-24;http://www.rad.cvm.gov.br/ENETCONSULTA/frmDownloadDocumento.aspx?CodigoInstituicao=1&NumeroSequencialDocumento=18197
53.113.791/0001-22;2012-01-01;4;TOTVS S.A.;019992;FCA;22010;2012-10-31;http://www.rad.cvm.gov.br/ENETCONSULTA/frmDownloadDocumento.aspx?CodigoInstituicao=1&NumeroSequencialDocumento=22010
53.518.684/0001-84;2012-01-01;1;HSBC LEASING ARRENDAMENTO MERCANTIL (BRASIL) S/A;019755;FCA;15627;2012-03-29;http://www.rad.cvm.gov.br/ENETCONSULTA/frmDownloadDocumento.aspx?CodigoInstituicao=1&NumeroSequencialDocumento=15627
53.790.218/0001-53;2012-01-01;1;JPSP INVESTIMENTOS E PARTICIPAÇÕES S/A;012262;FCA;15698;2012-03-30;http://www.rad.cvm.gov.br/ENETCONSULTA/frmDownloadDocumento.aspx?CodigoInstituicao=1&NumeroSequencialDocumento=15698
53.790.218/0001-53;2012-01-01;2;JPSP INVESTIMENTOS E PARTICIPAÇÕES S/A;012262;FCA;18058;2012-05-19;http://www.rad.cvm.gov.br/ENETCONSULTA/frmDownloadDocumento.aspx?CodigoInstituicao=1&NumeroSequencialDocumento=18058
53.790.218/0001-53;2012-01-01;3;JPSP INVESTIMENTOS E PARTICIPAÇÕES S/A;012262;FCA;20711;2012-08-15;http://www.rad.cvm.gov.br/ENETCONSULTA/frmDownloadDocumento.aspx?CodigoInstituicao=1&NumeroSequencialDocumento=20711
54.526.082/0001-31;2012-01-01;1;ITAUTEC S.A. - GRUPO ITAUTEC;012530;FCA;13837;2012-01-17;http://www.rad.cvm.gov.br/ENETCONSULTA/frmDownloadDocumento.aspx?CodigoInstituicao=1&NumeroSequencialDocumento=13837
54.526.082/0001-31;2012-01-01;2;ITAUTEC S.A. - GRUPO ITAUTEC;012530;FCA;14556;2012-02-27;http://www.rad.cvm.gov.br/ENETCONSULTA/frmDownloadDocumento.aspx?CodigoInstituicao=1&NumeroSequencialDocumento=14556
54.526.082/0001-31;2012-01-01;3;ITAUTEC S.A. - GRUPO ITAUTEC;012530;FCA;17974;2012-05-17;http://www.rad.cvm.gov.br/ENETCONSULTA/frmDownloadDocumento.aspx?CodigoInstituicao=1&NumeroSequencialDocumento=17974
54.526.082/0001-31;2012-01-01;4;ITAUTEC S.A. - GRUPO ITAUTEC;012530;FCA;21637;2012-10-11;http://www.rad.cvm.gov.br/ENETCONSULTA/frmDownloadDocumento.aspx?CodigoInstituicao=1&NumeroSequencialDocumento=21637
54.526.082/0001-31;2012-01-01;5;ITAUTEC S.A. - GRUPO ITAUTEC;012530;FCA;22917;2012-11-23;http://www.rad.cvm.gov.br/ENETCONSULTA/frmDownloadDocumento.aspx?CodigoInstituicao=1&NumeroSequencialDocumento=22917
56.444.250/0001-75;2012-01-01;1;HAUSCENTER SA;014850;FCA;15553;2012-03-28;http://www.rad.cvm.gov.br/ENETCONSULTA/frmDownloadDocumento.aspx?CodigoInstituicao=1&NumeroSequencialDocumento=15553
56.444.250/0001-75;2012-01-01;2;HAUSCENTER SA;014850;FCA;16890;2012-05-07;http://www.rad.cvm.gov.br/ENETCONSULTA/frmDownloadDocumento.aspx?CodigoInstituicao=1&NumeroSequencialDocumento=16890
56.643.018/0001-66;2012-01-01;1;EUCATEX S.A. INDUSTRIA E COMERCIO;005770;FCA;14751;2012-03-07;http://www.rad.cvm.gov.br/ENETCONSULTA/frmDownloadDocumento.aspx?CodigoInstituicao=1&NumeroSequencialDocumento=14751
56.643.018/0001-66;2012-01-01;2;EUCATEX S.A. INDUSTRIA E COMERCIO;005770;FCA;21939;2012-10-29;http://www.rad.cvm.gov.br/ENETCONSULTA/frmDownloadDocumento.aspx?CodigoInstituicao=1&NumeroSequencialDocumento=21939
56.720.428/0001-63;2012-01-01;1;ROMI S.A.;007510;FCA;14149;2012-02-07;http://www.rad.cvm.gov.br/ENETCONSULTA/frmDownloadDocumento.aspx?CodigoInstituicao=1&NumeroSequencialDocumento=14149
56.720.428/0001-63;2012-01-01;2;ROMI S.A.;007510;FCA;15134;2012-03-19;http://www.rad.cvm.gov.br/ENETCONSULTA/frmDownloadDocumento.aspx?CodigoInstituicao=1&NumeroSequencialDocumento=15134
56.720.428/0001-63;2012-01-01;3;ROMI S.A.;007510;FCA;15145;2012-03-20;http://www.rad.cvm.gov.br/ENETCONSULTA/frmDownloadDocumento.aspx?CodigoInstituicao=1&NumeroSequencialDocumento=15145
56.720.428/0001-63;2012-01-01;4;ROMI S.A.;007510;FCA;16420;2012-04-24;http://www.rad.cvm.gov.br/ENETCONSULTA/frmDownloadDocumento.aspx?CodigoInstituicao=1&NumeroSequencialDocumento=16420
56.720.428/0001-63;2012-01-01;5;ROMI S.A.;007510;FCA;17484;2012-05-14;http://www.rad.cvm.gov.br/ENETCONSULTA/frmDownloadDocumento.aspx?CodigoInstituicao=1&NumeroSequencialDocumento=17484
56.720.428/0001-63;2012-01-01;6;ROMI S.A.;007510;FCA;19433;2012-06-26;http://www.rad.cvm.gov.br/ENETCONSULTA/frmDownloadDocumento.aspx?CodigoInstituicao=1&NumeroSequencialDocumento=19433
56.806.656/0001-50;2012-01-01;1;M&G POLIÉSTER SA;014559;FCA;14867;2012-03-09;http://www.rad.cvm.gov.br/ENETCONSULTA/frmDownloadDocumento.aspx?CodigoInstituicao=1&NumeroSequencialDocumento=14867
56.806.656/0001-50;2012-01-01;2;M&G POLIÉSTER SA;014559;FCA;14961;2012-03-13;http://www.rad.cvm.gov.br/ENETCONSULTA/frmDownloadDocumento.aspx?CodigoInstituicao=1&NumeroSequencialDocumento=14961
56.806.656/0001-50;2012-01-01;3;M&G POLIÉSTER SA;014559;FCA;19474;2012-06-28;http://www.rad.cvm.gov.br/ENETCONSULTA/frmDownloadDocumento.aspx?CodigoInstituicao=1&NumeroSequencialDocumento=19474
56.992.423/0001-90;2012-01-01;1;BICICLETAS MONARK S.A.;001694;FCA;15422;2012-03-27;http://www.rad.cvm.gov.br/ENETCONSULTA/frmDownloadDocumento.aspx?CodigoInstituicao=1&NumeroSequencialDocumento=15422
56.992.423/0001-90;2012-01-01;2;BICICLETAS MONARK S.A.;001694;FCA;17085;2012-05-09;http://www.rad.cvm.gov.br/ENETCONSULTA/frmDownloadDocumento.aspx?CodigoInstituicao=1&NumeroSequencialDocumento=17085
56.994.924/0001-05;2012-01-01;1;PRÓ METALURGIA SA;001686;FCA;15002;2012-03-14;http://www.rad.cvm.gov.br/ENETCONSULTA/frmDownloadDocumento.aspx?CodigoInstituicao=1&NumeroSequencialDocumento=15002
56.994.924/0001-05;2012-01-01;2;PRÓ METALURGIA SA;001686;FCA;19070;2012-06-01;http://www.rad.cvm.gov.br/ENETCONSULTA/frmDownloadDocumento.aspx?CodigoInstituicao=1&NumeroSequencialDocumento=19070
56.994.924/0001-05;2012-01-01;3;PRÓ METALURGIA SA;001686;FCA;21524;2012-10-03;http://www.rad.cvm.gov.br/ENETCONSULTA/frmDownloadDocumento.aspx?CodigoInstituicao=1&NumeroSequencialDocumento=21524
56.994.924/0001-05;2012-01-01;4;PRÓ METALURGIA SA;001686;FCA;21527;2012-10-03;http://www.rad.cvm.gov.br/ENETCONSULTA/frmDownloadDocumento.aspx?CodigoInstituicao=1&NumeroSequencialDocumento=21527
58.119.199/0001-51;2012-01-01;1;ODONTOPREV S.A.;020125;FCA;13628;2012-01-06;http://www.rad.cvm.gov.br/ENETCONSULTA/frmDownloadDocumento.aspx?CodigoInstituicao=1&NumeroSequencialDocumento=13628
58.119.199/0001-51;2012-01-01;2;ODONTOPREV S.A.;020125;FCA;16776;2012-05-04;http://www.rad.cvm.gov.br/ENETCONSULTA/frmDownloadDocumento.aspx?CodigoInstituicao=1&NumeroSequencialDocumento=16776
58.877.812/0001-08;2012-01-01;1;BROOKFIELD SÃO PAULO EMPREENDIMENTOS IMOBILIÁRIOS S.A.;019046;FCA;14520;2012-02-24;http://www.rad.cvm.gov.br/ENETCONSULTA/frmDownloadDocumento.aspx?CodigoInstituicao=1&NumeroSequencialDocumento=14520
58.877.812/0001-08;2012-01-01;2;BROOKFIELD SÃO PAULO EMPREENDIMENTOS IMOBILIÁRIOS S.A.;019046;FCA;17362;2012-05-11;http://www.rad.cvm.gov.br/ENETCONSULTA/frmDownloadDocumento.aspx?CodigoInstituicao=1&NumeroSequencialDocumento=17362
58.877.812/0001-08;2012-01-01;3;BROOKFIELD SÃO PAULO EMPREENDIMENTOS IMOBILIÁRIOS S.A.;019046;FCA;19039;2012-05-31;http://www.rad.cvm.gov.br/ENETCONSULTA/frmDownloadDocumento.aspx?CodigoInstituicao=1&NumeroSequencialDocumento=19039
59.104.513/0001-95;2012-01-01;1;AUTOMETAL S.A.;022381;FCA;13970;2012-01-26;http://www.rad.cvm.gov.br/ENETCONSULTA/frmDownloadDocumento.aspx?CodigoInstituicao=1&NumeroSequencialDocumento=13970
59.104.513/0001-95;2012-01-01;2;AUTOMETAL S.A.;022381;FCA;19407;2012-06-25;http://www.rad.cvm.gov.br/ENETCONSULTA/frmDownloadDocumento.aspx?CodigoInstituicao=1&NumeroSequencialDocumento=19407
59.105.999/0001-86;2012-01-01;1;WHIRLPOOL S.A.;014346;FCA;13571;2012-01-03;http://www.rad.cvm.gov.br/ENETCONSULTA/frmDownloadDocumento.aspx?CodigoInstituicao=1&NumeroSequencialDocumento=13571
59.105.999/0001-86;2012-01-01;2;WHIRLPOOL S.A.;014346;FCA;19083;2012-06-01;http://www.rad.cvm.gov.br/ENETCONSULTA/frmDownloadDocumento.aspx?CodigoInstituicao=1&NumeroSequencialDocumento=19083
59.105.999/0001-86;2012-01-01;3;WHIRLPOOL S.A.;014346;FCA;19905;2012-07-27;http://www.rad.cvm.gov.br/ENETCONSULTA/frmDownloadDocumento.aspx?CodigoInstituicao=1&NumeroSequencialDocumento=19905
59.105.999/0001-86;2012-01-01;4;WHIRLPOOL S.A.;014346;FCA;21944;2012-10-29;http://www.rad.cvm.gov.br/ENETCONSULTA/frmDownloadDocumento.aspx?CodigoInstituicao=1&NumeroSequencialDocumento=21944
59.285.411/0001-13;2012-01-01;1;BCO PAN S.A.;021199;FCA;13988;2012-01-27;http://www.rad.cvm.gov.br/ENETCONSULTA/frmDownloadDocumento.aspx?CodigoInstituicao=1&NumeroSequencialDocumento=13988
59.285.411/0001-13;2012-01-01;2;BCO PAN S.A.;021199;FCA;18969;2012-05-31;http://www.rad.cvm.gov.br/ENETCONSULTA/frmDownloadDocumento.aspx?CodigoInstituicao=1&NumeroSequencialDocumento=18969
59.789.545/0001-71;2012-01-01;1;POLPAR S.A.;013447;FCA;13634;2012-01-06;http://www.rad.cvm.gov.br/ENETCONSULTA/frmDownloadDocumento.aspx?CodigoInstituicao=1&NumeroSequencialDocumento=13634
59.789.545/0001-71;2012-01-01;2;POLPAR S.A.;013447;FCA;18535;2012-05-30;http://www.rad.cvm.gov.br/ENETCONSULTA/frmDownloadDocumento.aspx?CodigoInstituicao=1&NumeroSequencialDocumento=18535
60.398.369/0004-79;2012-01-01;1;PARANAPANEMA S.A. - EM RECUPERAÇÃO JUDICIAL;009393;FCA;13915;2012-01-23;http://www.rad.cvm.gov.br/ENETCONSULTA/frmDownloadDocumento.aspx?CodigoInstituicao=1&NumeroSequencialDocumento=13915
60.398.369/0004-79;2012-01-01;2;PARANAPANEMA S.A. - EM RECUPERAÇÃO JUDICIAL;009393;FCA;14447;2012-02-18;http://www.rad.cvm.gov.br/ENETCONSULTA/frmDownloadDocumento.aspx?CodigoInstituicao=1&NumeroSequencialDocumento=14447
60.398.369/0004-79;2012-01-01;3;PARANAPANEMA S.A. - EM RECUPERAÇÃO JUDICIAL;009393;FCA;16682;2012-05-03;http://www.rad.cvm.gov.br/ENETCONSULTA/frmDownloadDocumento.aspx?CodigoInstituicao=1&NumeroSequencialDocumento=16682
60.444.437/0001-46;2012-01-01;1;LIGHT SERVICOS DE ELETRICIDADE S.A.;008036;FCA;13599;2012-01-04;http://www.rad.cvm.gov.br/ENETCONSULTA/frmDownloadDocumento.aspx?CodigoInstituicao=1&NumeroSequencialDocumento=13599
60.444.437/0001-46;2012-01-01;2;LIGHT SERVICOS DE ELETRICIDADE S.A.;008036;FCA;18051;2012-05-18;http://www.rad.cvm.gov.br/ENETCONSULTA/frmDownloadDocumento.aspx?CodigoInstituicao=1&NumeroSequencialDocumento=18051
60.444.437/0001-46;2012-01-01;3;LIGHT SERVICOS DE ELETRICIDADE S.A.;008036;FCA;20467;2012-08-14;http://www.rad.cvm.gov.br/ENETCONSULTA/frmDownloadDocumento.aspx?CodigoInstituicao=1&NumeroSequencialDocumento=20467
60.476.884/0001-87;2012-01-01;1;MAHLE-METAL LEVE S.A.;008575;FCA;13928;2012-01-24;http://www.rad.cvm.gov.br/ENETCONSULTA/frmDownloadDocumento.aspx?CodigoInstituicao=1&NumeroSequencialDocumento=13928
60.476.884/0001-87;2012-01-01;2;MAHLE-METAL LEVE S.A.;008575;FCA;14878;2012-03-10;http://www.rad.cvm.gov.br/ENETCONSULTA/frmDownloadDocumento.aspx?CodigoInstituicao=1&NumeroSequencialDocumento=14878
60.476.884/0001-87;2012-01-01;3;MAHLE-METAL LEVE S.A.;008575;FCA;17018;2012-05-08;http://www.rad.cvm.gov.br/ENETCONSULTA/frmDownloadDocumento.aspx?CodigoInstituicao=1&NumeroSequencialDocumento=17018
60.500.139/0001-26;2012-01-01;1;SARAIVA LIVREIROS S.A. - EM RECUPERAÇÃO JUDICIAL;010472;FCA;14199;2012-02-09;http://www.rad.cvm.gov.br/ENETCONSULTA/frmDownloadDocumento.aspx?CodigoInstituicao=1&NumeroSequencialDocumento=14199
60.500.139/0001-26;2012-01-01;2;SARAIVA LIVREIROS S.A. - EM RECUPERAÇÃO JUDICIAL;010472;FCA;15903;2012-04-02;http://www.rad.cvm.gov.br/ENETCONSULTA/frmDownloadDocumento.aspx?CodigoInstituicao=1&NumeroSequencialDocumento=15903
60.500.139/0001-26;2012-01-01;3;SARAIVA LIVREIROS S.A. - EM RECUPERAÇÃO JUDICIAL;010472;FCA;17673;2012-05-15;http://www.rad.cvm.gov.br/ENETCONSULTA/frmDownloadDocumento.aspx?CodigoInstituicao=1&NumeroSequencialDocumento=17673
60.543.816/0001-93;2012-01-01;1;IGUATEMI S.A.;008672;FCA;15700;2012-03-30;http://www.rad.cvm.gov.br/ENETCONSULTA/frmDownloadDocumento.aspx?CodigoInstituicao=1&NumeroSequencialDocumento=15700
60.543.816/0001-93;2012-01-01;2;IGUATEMI S.A.;008672;FCA;18059;2012-05-19;http://www.rad.cvm.gov.br/ENETCONSULTA/frmDownloadDocumento.aspx?CodigoInstituicao=1&NumeroSequencialDocumento=18059
60.543.816/0001-93;2012-01-01;3;IGUATEMI S.A.;008672;FCA;20714;2012-08-15;http://www.rad.cvm.gov.br/ENETCONSULTA/frmDownloadDocumento.aspx?CodigoInstituicao=1&NumeroSequencialDocumento=20714
60.631.090/0001-40;2012-01-01;1;LARK SA MAQ E EQUIPAMENTOS;007978;FCA;13862;2012-01-18;http://www.rad.cvm.gov.br/ENETCONSULTA/frmDownloadDocumento.aspx?CodigoInstituicao=1&NumeroSequencialDocumento=13862
60.631.090/0001-40;2012-01-01;2;LARK SA MAQ E EQUIPAMENTOS;007978;FCA;20815;2012-08-16;http://www.rad.cvm.gov.br/ENETCONSULTA/frmDownloadDocumento.aspx?CodigoInstituicao=1&NumeroSequencialDocumento=20815
60.631.090/0001-40;2012-01-01;3;LARK SA MAQ E EQUIPAMENTOS;007978;FCA;21041;2012-08-30;http://www.rad.cvm.gov.br/ENETCONSULTA/frmDownloadDocumento.aspx?CodigoInstituicao=1&NumeroSequencialDocumento=21041
60.631.090/0001-40;2012-01-01;4;LARK SA MAQ E EQUIPAMENTOS;007978;FCA;21294;2012-09-14;http://www.rad.cvm.gov.br/ENETCONSULTA/frmDownloadDocumento.aspx?CodigoInstituicao=1&NumeroSequencialDocumento=21294
60.637.238/0001-54;2012-01-01;1;BLUE TECH SOLUTIONS EQI S.A.;012319;FCA;15125;2012-03-19;http://www.rad.cvm.gov.br/ENETCONSULTA/frmDownloadDocumento.aspx?CodigoInstituicao=1&NumeroSequencialDocumento=15125
60.637.238/0001-54;2012-01-01;2;BLUE TECH SOLUTIONS EQI S.A.;012319;FCA;18533;2012-05-30;http://www.rad.cvm.gov.br/ENETCONSULTA/frmDownloadDocumento.aspx?CodigoInstituicao=1&NumeroSequencialDocumento=18533
60.643.228/0001-21;2012-01-01;1;FIBRIA CELULOSE S.A.;012793;FCA;14043;2012-02-01;http://www.rad.cvm.gov.br/ENETCONSULTA/frmDownloadDocumento.aspx?CodigoInstituicao=1&NumeroSequencialDocumento=14043
60.643.228/0001-21;2012-01-01;2;FIBRIA CELULOSE S.A.;012793;FCA;15108;2012-03-17;http://www.rad.cvm.gov.br/ENETCONSULTA/frmDownloadDocumento.aspx?CodigoInstituicao=1&NumeroSequencialDocumento=15108
60.643.228/0001-21;2012-01-01;3;FIBRIA CELULOSE S.A.;012793;FCA;18139;2012-05-22;http://www.rad.cvm.gov.br/ENETCONSULTA/frmDownloadDocumento.aspx?CodigoInstituicao=1&NumeroSequencialDocumento=18139
60.651.809/0001-05;2012-01-01;1;SUZANO HOLDING S.A.;009067;FCA;13633;2012-01-06;http://www.rad.cvm.gov.br/ENETCONSULTA/frmDownloadDocumento.aspx?CodigoInstituicao=1&NumeroSequencialDocumento=13633
60.651.809/0001-05;2012-01-01;2;SUZANO HOLDING S.A.;009067;FCA;18551;2012-05-30;http://www.rad.cvm.gov.br/ENETCONSULTA/frmDownloadDocumento.aspx?CodigoInstituicao=1&NumeroSequencialDocumento=18551
60.730.348/0001-66;2012-01-01;1;CIA MELHORAMENTOS DE SAO PAULO;003654;FCA;15270;2012-03-23;http://www.rad.cvm.gov.br/ENETCONSULTA/frmDownloadDocumento.aspx?CodigoInstituicao=1&NumeroSequencialDocumento=15270
60.730.348/0001-66;2012-01-01;2;CIA MELHORAMENTOS DE SAO PAULO;003654;FCA;17904;2012-05-16;http://www.rad.cvm.gov.br/ENETCONSULTA/frmDownloadDocumento.aspx?CodigoInstituicao=1&NumeroSequencialDocumento=17904
60.730.348/0001-66;2012-01-01;3;CIA MELHORAMENTOS DE SAO PAULO;003654;FCA;20293;2012-08-10;http://www.rad.cvm.gov.br/ENETCONSULTA/frmDownloadDocumento.aspx?CodigoInstituicao=1&NumeroSequencialDocumento=20293
60.746.948/0001-12;2012-01-01;1;BCO BRADESCO S.A.;000906;FCA;13636;2012-01-06;http://www.rad.cvm.gov.br/ENETCONSULTA/frmDownloadDocumento.aspx?CodigoInstituicao=1&NumeroSequencialDocumento=13636
60.746.948/0001-12;2012-01-01;2;BCO BRADESCO S.A.;000906;FCA;18378;2012-05-29;http://www.rad.cvm.gov.br/ENETCONSULTA/frmDownloadDocumento.aspx?CodigoInstituicao=1&NumeroSequencialDocumento=18378
60.770.336/0001-65;2012-01-01;1;BCO ALFA DE INVESTIMENTO S.A.;001384;FCA;14314;2012-02-14;http://www.rad.cvm.gov.br/ENETCONSULTA/frmDownloadDocumento.aspx?CodigoInstituicao=1&NumeroSequencialDocumento=14314
60.770.336/0001-65;2012-01-01;2;BCO ALFA DE INVESTIMENTO S.A.;001384;FCA;18115;2012-05-22;http://www.rad.cvm.gov.br/ENETCONSULTA/frmDownloadDocumento.aspx?CodigoInstituicao=1&NumeroSequencialDocumento=18115
60.840.055/0001-31;2012-01-01;1;FLEURY S.A.;021881;FCA;13736;2012-01-10;http://www.rad.cvm.gov.br/ENETCONSULTA/frmDownloadDocumento.aspx?CodigoInstituicao=1&NumeroSequencialDocumento=13736
60.840.055/0001-31;2012-01-01;2;FLEURY S.A.;021881;FCA;18317;2012-05-28;http://www.rad.cvm.gov.br/ENETCONSULTA/frmDownloadDocumento.aspx?CodigoInstituicao=1&NumeroSequencialDocumento=18317
60.840.055/0001-31;2012-01-01;3;FLEURY S.A.;021881;FCA;18318;2012-05-28;http://www.rad.cvm.gov.br/ENETCONSULTA/frmDownloadDocumento.aspx?CodigoInstituicao=1&NumeroSequencialDocumento=18318
60.840.055/0001-31;2012-01-01;4;FLEURY S.A.;021881;FCA;21193;2012-09-10;http://www.rad.cvm.gov.br/ENETCONSULTA/frmDownloadDocumento.aspx?CodigoInstituicao=1&NumeroSequencialDocumento=21193
60.840.055/0001-31;2012-01-01;5;FLEURY S.A.;021881;FCA;22166;2012-11-07;http://www.rad.cvm.gov.br/ENETCONSULTA/frmDownloadDocumento.aspx?CodigoInstituicao=1&NumeroSequencialDocumento=22166
60.851.615/0001-53;2012-01-01;1;BARDELLA S.A. INDUSTRIAS MECANICAS EM RECUPERAÇÃO JUDICIAL;001520;FCA;13679;2012-01-09;http://www.rad.cvm.gov.br/ENETCONSULTA/frmDownloadDocumento.aspx?CodigoInstituicao=1&NumeroSequencialDocumento=13679
60.851.615/0001-53;2012-01-01;2;BARDELLA S.A. INDUSTRIAS MECANICAS EM RECUPERAÇÃO JUDICIAL;001520;FCA;17358;2012-05-11;http://www.rad.cvm.gov.br/ENETCONSULTA/frmDownloadDocumento.aspx?CodigoInstituicao=1&NumeroSequencialDocumento=17358
60.851.615/0001-53;2012-01-01;3;BARDELLA S.A. INDUSTRIAS MECANICAS EM RECUPERAÇÃO JUDICIAL;001520;FCA;17811;2012-05-15;http://www.rad.cvm.gov.br/ENETCONSULTA/frmDownloadDocumento.aspx?CodigoInstituicao=1&NumeroSequencialDocumento=17811
60.851.615/0001-53;2012-01-01;4;BARDELLA S.A. INDUSTRIAS MECANICAS EM RECUPERAÇÃO JUDICIAL;001520;FCA;21097;2012-09-03;http://www.rad.cvm.gov.br/ENETCONSULTA/frmDownloadDocumento.aspx?CodigoInstituicao=1&NumeroSequencialDocumento=21097
60.872.504/0001-23;2012-01-01;1;ITAU UNIBANCO HOLDING S.A.;019348;FCA;13886;2012-01-19;http://www.rad.cvm.gov.br/ENETCONSULTA/frmDownloadDocumento.aspx?CodigoInstituicao=1&NumeroSequencialDocumento=13886
60.872.504/0001-23;2012-01-01;2;ITAU UNIBANCO HOLDING S.A.;019348;FCA;17398;2012-05-11;http://www.rad.cvm.gov.br/ENETCONSULTA/frmDownloadDocumento.aspx?CodigoInstituicao=1&NumeroSequencialDocumento=17398
60.872.504/0001-23;2012-01-01;3;ITAU UNIBANCO HOLDING S.A.;019348;FCA;22897;2012-11-22;http://www.rad.cvm.gov.br/ENETCONSULTA/frmDownloadDocumento.aspx?CodigoInstituicao=1&NumeroSequencialDocumento=22897
60.882.628/0001-90;2012-01-01;1;CONFAB INDUSTRIAL SA;004650;FCA;13676;2012-01-09;http://www.rad.cvm.gov.br/ENETCONSULTA/frmDownloadDocumento.aspx?CodigoInstituicao=1&NumeroSequencialDocumento=13676
60.882.628/0001-90;2012-01-01;2;CONFAB INDUSTRIAL SA;004650;FCA;16485;2012-04-26;http://www.rad.cvm.gov.br/ENETCONSULTA/frmDownloadDocumento.aspx?CodigoInstituicao=1&NumeroSequencialDocumento=16485
60.884.319/0001-59;2012-01-01;1;NORDON INDUSTRIAS METALURGICAS S.A.;009083;FCA;15545;2012-03-28;http://www.rad.cvm.gov.br/ENETCONSULTA/frmDownloadDocumento.aspx?CodigoInstituicao=1&NumeroSequencialDocumento=15545
60.884.319/0001-59;2012-01-01;2;NORDON INDUSTRIAS METALURGICAS S.A.;009083;FCA;16986;2012-05-08;http://www.rad.cvm.gov.br/ENETCONSULTA/frmDownloadDocumento.aspx?CodigoInstituicao=1&NumeroSequencialDocumento=16986
60.889.128/0001-80;2012-01-01;1;BANCO SOFISA SA;020680;FCA;14758;2012-03-07;http://www.rad.cvm.gov.br/ENETCONSULTA/frmDownloadDocumento.aspx?CodigoInstituicao=1&NumeroSequencialDocumento=14758
60.889.128/0001-80;2012-01-01;2;BANCO SOFISA SA;020680;FCA;16726;2012-05-03;http://www.rad.cvm.gov.br/ENETCONSULTA/frmDownloadDocumento.aspx?CodigoInstituicao=1&NumeroSequencialDocumento=16726
60.889.128/0001-80;2012-01-01;3;BANCO SOFISA SA;020680;FCA;17702;2012-05-15;http://www.rad.cvm.gov.br/ENETCONSULTA/frmDownloadDocumento.aspx?CodigoInstituicao=1&NumeroSequencialDocumento=17702
60.889.128/0001-80;2012-01-01;4;BANCO SOFISA SA;020680;FCA;20812;2012-08-15;http://www.rad.cvm.gov.br/ENETCONSULTA/frmDownloadDocumento.aspx?CodigoInstituicao=1&NumeroSequencialDocumento=20812
60.889.128/0001-80;2012-01-01;5;BANCO SOFISA SA;020680;FCA;21610;2012-10-09;http://www.rad.cvm.gov.br/ENETCONSULTA/frmDownloadDocumento.aspx?CodigoInstituicao=1&NumeroSequencialDocumento=21610
60.889.128/0001-80;2012-01-01;6;BANCO SOFISA SA;020680;FCA;22493;2012-11-13;http://www.rad.cvm.gov.br/ENETCONSULTA/frmDownloadDocumento.aspx?CodigoInstituicao=1&NumeroSequencialDocumento=22493
60.889.128/0001-80;2012-01-01;7;BANCO SOFISA SA;020680;FCA;22918;2012-11-23;http://www.rad.cvm.gov.br/ENETCONSULTA/frmDownloadDocumento.aspx?CodigoInstituicao=1&NumeroSequencialDocumento=22918
60.894.730/0001-05;2012-01-01;1;USINAS SID DE MINAS GERAIS S.A.-USIMINAS;014320;FCA;13760;2012-01-11;http://www.rad.cvm.gov.br/ENETCONSULTA/frmDownloadDocumento.aspx?CodigoInstituicao=1&NumeroSequencialDocumento=13760
60.894.730/0001-05;2012-01-01;2;USINAS SID DE MINAS GERAIS S.A.-USIMINAS;014320;FCA;18267;2012-05-28;http://www.rad.cvm.gov.br/ENETCONSULTA/frmDownloadDocumento.aspx?CodigoInstituicao=1&NumeroSequencialDocumento=18267
60.933.603/0001-78;2012-01-01;1;CESP - CIA ENERGETICA DE SAO PAULO;002577;FCA;13859;2012-01-18;http://www.rad.cvm.gov.br/ENETCONSULTA/frmDownloadDocumento.aspx?CodigoInstituicao=1&NumeroSequencialDocumento=13859
60.933.603/0001-78;2012-01-01;2;CESP - CIA ENERGETICA DE SAO PAULO;002577;FCA;16628;2012-05-02;http://www.rad.cvm.gov.br/ENETCONSULTA/frmDownloadDocumento.aspx?CodigoInstituicao=1&NumeroSequencialDocumento=16628
60.933.603/0001-78;2012-01-01;3;CESP - CIA ENERGETICA DE SAO PAULO;002577;FCA;18761;2012-05-31;http://www.rad.cvm.gov.br/ENETCONSULTA/frmDownloadDocumento.aspx?CodigoInstituicao=1&NumeroSequencialDocumento=18761
60.933.603/0001-78;2012-01-01;4;CESP - CIA ENERGETICA DE SAO PAULO;002577;FCA;20938;2012-08-22;http://www.rad.cvm.gov.br/ENETCONSULTA/frmDownloadDocumento.aspx?CodigoInstituicao=1&NumeroSequencialDocumento=20938
60.933.603/0001-78;2012-01-01;5;CESP - CIA ENERGETICA DE SAO PAULO;002577;FCA;22282;2012-11-09;http://www.rad.cvm.gov.br/ENETCONSULTA/frmDownloadDocumento.aspx?CodigoInstituicao=1&NumeroSequencialDocumento=22282
60.933.603/0001-78;2012-01-01;6;CESP - CIA ENERGETICA DE SAO PAULO;002577;FCA;23149;2012-12-12;http://www.rad.cvm.gov.br/ENETCONSULTA/frmDownloadDocumento.aspx?CodigoInstituicao=1&NumeroSequencialDocumento=23149
60.933.603/0001-78;2012-01-01;7;CESP - CIA ENERGETICA DE SAO PAULO;002577;FCA;23354;2012-12-18;http://www.rad.cvm.gov.br/ENETCONSULTA/frmDownloadDocumento.aspx?CodigoInstituicao=1&NumeroSequencialDocumento=23354
61.022.042/0001-18;2012-01-01;1;CONSTRUTORA ADOLPHO LINDENBERG S.A.;004723;FCA;15103;2012-03-16;http://www.rad.cvm.gov.br/ENETCONSULTA/frmDownloadDocumento.aspx?CodigoInstituicao=1&NumeroSequencialDocumento=15103
61.022.042/0001-18;2012-01-01;2;CONSTRUTORA ADOLPHO LINDENBERG S.A.;004723;FCA;18927;2012-05-31;http://www.rad.cvm.gov.br/ENETCONSULTA/frmDownloadDocumento.aspx?CodigoInstituicao=1&NumeroSequencialDocumento=18927
61.022.042/0001-18;2012-01-01;3;CONSTRUTORA ADOLPHO LINDENBERG S.A.;004723;FCA;18963;2012-05-31;http://www.rad.cvm.gov.br/ENETCONSULTA/frmDownloadDocumento.aspx?CodigoInstituicao=1&NumeroSequencialDocumento=18963
61.024.352/0001-71;2012-01-01;1;BCO INDUSVAL S.A.;020885;FCA;13793;2012-01-13;http://www.rad.cvm.gov.br/ENETCONSULTA/frmDownloadDocumento.aspx?CodigoInstituicao=1&NumeroSequencialDocumento=13793
61.024.352/0001-71;2012-01-01;2;BCO INDUSVAL S.A.;020885;FCA;16639;2012-05-02;http://www.rad.cvm.gov.br/ENETCONSULTA/frmDownloadDocumento.aspx?CodigoInstituicao=1&NumeroSequencialDocumento=16639
61.024.352/0001-71;2012-01-01;3;BCO INDUSVAL S.A.;020885;FCA;21548;2012-10-05;http://www.rad.cvm.gov.br/ENETCONSULTA/frmDownloadDocumento.aspx?CodigoInstituicao=1&NumeroSequencialDocumento=21548
61.024.352/0001-71;2012-01-01;4;BCO INDUSVAL S.A.;020885;FCA;22581;2012-11-14;http://www.rad.cvm.gov.br/ENETCONSULTA/frmDownloadDocumento.aspx?CodigoInstituicao=1&NumeroSequencialDocumento=22581
61.024.352/0001-71;2012-01-01;5;BCO INDUSVAL S.A.;020885;FCA;22993;2012-11-30;http://www.rad.cvm.gov.br/ENETCONSULTA/frmDownloadDocumento.aspx?CodigoInstituicao=1&NumeroSequencialDocumento=22993
61.065.298/0001-02;2012-01-01;1;MANGELS INDUSTRIAL S.A.;008397;FCA;15405;2012-03-27;http://www.rad.cvm.gov.br/ENETCONSULTA/frmDownloadDocumento.aspx?CodigoInstituicao=1&NumeroSequencialDocumento=15405
61.065.298/0001-02;2012-01-01;2;MANGELS INDUSTRIAL S.A.;008397;FCA;17004;2012-05-08;http://www.rad.cvm.gov.br/ENETCONSULTA/frmDownloadDocumento.aspx?CodigoInstituicao=1&NumeroSequencialDocumento=17004
61.065.298/0001-02;2012-01-01;3;MANGELS INDUSTRIAL S.A.;008397;FCA;17041;2012-05-09;http://www.rad.cvm.gov.br/ENETCONSULTA/frmDownloadDocumento.aspx?CodigoInstituicao=1&NumeroSequencialDocumento=17041
61.065.298/0001-02;2012-01-01;4;MANGELS INDUSTRIAL S.A.;008397;FCA;17052;2012-05-09;http://www.rad.cvm.gov.br/ENETCONSULTA/frmDownloadDocumento.aspx?CodigoInstituicao=1&NumeroSequencialDocumento=17052
61.065.298/0001-02;2012-01-01;5;MANGELS INDUSTRIAL S.A.;008397;FCA;17056;2012-05-09;http://www.rad.cvm.gov.br/ENETCONSULTA/frmDownloadDocumento.aspx?CodigoInstituicao=1&NumeroSequencialDocumento=17056
61.065.751/0001-80;2012-01-01;1;ROSSI RESIDENCIAL S.A. - EM RECUPERAÇÃO JUDICIAL;016306;FCA;13790;2012-01-13;http://www.rad.cvm.gov.br/ENETCONSULTA/frmDownloadDocumento.aspx?CodigoInstituicao=1&NumeroSequencialDocumento=13790
61.065.751/0001-80;2012-01-01;2;ROSSI RESIDENCIAL S.A. - EM RECUPERAÇÃO JUDICIAL;016306;FCA;17025;2012-05-08;http://www.rad.cvm.gov.br/ENETCONSULTA/frmDownloadDocumento.aspx?CodigoInstituicao=1&NumeroSequencialDocumento=17025
61.065.751/0001-80;2012-01-01;3;ROSSI RESIDENCIAL S.A. - EM RECUPERAÇÃO JUDICIAL;016306;FCA;18406;2012-05-29;http://www.rad.cvm.gov.br/ENETCONSULTA/frmDownloadDocumento.aspx?CodigoInstituicao=1&NumeroSequencialDocumento=18406
61.067.161/0001-97;2012-01-01;1;NADIR FIGUEIREDO IND E COM S.A.;009040;FCA;13719;2012-01-10;http://www.rad.cvm.gov.br/ENETCONSULTA/frmDownloadDocumento.aspx?CodigoInstituicao=1&NumeroSequencialDocumento=13719
61.067.161/0001-97;2012-01-01;2;NADIR FIGUEIREDO IND E COM S.A.;009040;FCA;16790;2012-05-04;http://www.rad.cvm.gov.br/ENETCONSULTA/frmDownloadDocumento.aspx?CodigoInstituicao=1&NumeroSequencialDocumento=16790
61.067.161/0001-97;2012-01-01;3;NADIR FIGUEIREDO IND E COM S.A.;009040;FCA;18073;2012-05-21;http://www.rad.cvm.gov.br/ENETCONSULTA/frmDownloadDocumento.aspx?CodigoInstituicao=1&NumeroSequencialDocumento=18073
61.067.161/0001-97;2012-01-01;4;NADIR FIGUEIREDO IND E COM S.A.;009040;FCA;22271;2012-11-09;http://www.rad.cvm.gov.br/ENETCONSULTA/frmDownloadDocumento.aspx?CodigoInstituicao=1&NumeroSequencialDocumento=22271
61.079.117/0001-05;2012-01-01;1;ALPARGATAS S.A.;010456;FCA;15098;2012-03-16;http://www.rad.cvm.gov.br/ENETCONSULTA/frmDownloadDocumento.aspx?CodigoInstituicao=1&NumeroSequencialDocumento=15098
61.079.117/0001-05;2012-01-01;2;ALPARGATAS S.A.;010456;FCA;15960;2012-04-03;http://www.rad.cvm.gov.br/ENETCONSULTA/frmDownloadDocumento.aspx?CodigoInstituicao=1&NumeroSequencialDocumento=15960
61.079.117/0001-05;2012-01-01;3;ALPARGATAS S.A.;010456;FCA;15983;2012-04-04;http://www.rad.cvm.gov.br/ENETCONSULTA/frmDownloadDocumento.aspx?CodigoInstituicao=1&NumeroSequencialDocumento=15983
61.079.117/0001-05;2012-01-01;4;ALPARGATAS S.A.;010456;FCA;19068;2012-06-01;http://www.rad.cvm.gov.br/ENETCONSULTA/frmDownloadDocumento.aspx?CodigoInstituicao=1&NumeroSequencialDocumento=19068
61.080.313/0001-91;2012-01-01;1;COBRASMA S.A.;004448;FCA;15349;2012-03-26;http://www.rad.cvm.gov.br/ENETCONSULTA/frmDownloadDocumento.aspx?CodigoInstituicao=1&NumeroSequencialDocumento=15349
61.080.313/0001-91;2012-01-01;2;COBRASMA S.A.;004448;FCA;16460;2012-04-26;http://www.rad.cvm.gov.br/ENETCONSULTA/frmDownloadDocumento.aspx?CodigoInstituicao=1&NumeroSequencialDocumento=16460
61.080.313/0001-91;2012-01-01;3;COBRASMA S.A.;004448;FCA;17040;2012-05-09;http://www.rad.cvm.gov.br/ENETCONSULTA/frmDownloadDocumento.aspx?CodigoInstituicao=1&NumeroSequencialDocumento=17040
61.080.313/0001-91;2012-01-01;4;COBRASMA S.A.;004448;FCA;20969;2012-08-24;http://www.rad.cvm.gov.br/ENETCONSULTA/frmDownloadDocumento.aspx?CodigoInstituicao=1&NumeroSequencialDocumento=20969
61.082.004/0001-50;2012-01-01;1;MANUFATURA DE BRINQUEDOS ESTRELA S.A.;008427;FCA;14634;2012-03-01;http://www.rad.cvm.gov.br/ENETCONSULTA/frmDownloadDocumento.aspx?CodigoInstituicao=1&NumeroSequencialDocumento=14634
61.082.004/0001-50;2012-01-01;2;MANUFATURA DE BRINQUEDOS ESTRELA S.A.;008427;FCA;19063;2012-06-01;http://www.rad.cvm.gov.br/ENETCONSULTA/frmDownloadDocumento.aspx?CodigoInstituicao=1&NumeroSequencialDocumento=19063
61.084.984/0001-20;2012-01-01;1;BRASMOTOR SA;001970;FCA;14382;2012-02-16;http://www.rad.cvm.gov.br/ENETCONSULTA/frmDownloadDocumento.aspx?CodigoInstituicao=1&NumeroSequencialDocumento=14382
61.084.984/0001-20;2012-01-01;2;BRASMOTOR SA;001970;FCA;19081;2012-06-01;http://www.rad.cvm.gov.br/ENETCONSULTA/frmDownloadDocumento.aspx?CodigoInstituicao=1&NumeroSequencialDocumento=19081
61.084.984/0001-20;2012-01-01;3;BRASMOTOR SA;001970;FCA;19904;2012-07-27;http://www.rad.cvm.gov.br/ENETCONSULTA/frmDownloadDocumento.aspx?CodigoInstituicao=1&NumeroSequencialDocumento=19904
61.088.894/0001-08;2012-01-01;1;CAMBUCI S.A.;002100;FCA;15274;2012-03-23;http://www.rad.cvm.gov.br/ENETCONSULTA/frmDownloadDocumento.aspx?CodigoInstituicao=1&NumeroSequencialDocumento=15274
61.088.894/0001-08;2012-01-01;2;CAMBUCI S.A.;002100;FCA;16251;2012-04-18;http://www.rad.cvm.gov.br/ENETCONSULTA/frmDownloadDocumento.aspx?CodigoInstituicao=1&NumeroSequencialDocumento=16251
61.092.037/0001-81;2012-01-01;1;ETERNIT S.A. - EM RECUPERAÇÃO JUDICIAL;005762;FCA;14433;2012-02-17;http://www.rad.cvm.gov.br/ENETCONSULTA/frmDownloadDocumento.aspx?CodigoInstituicao=1&NumeroSequencialDocumento=14433
61.092.037/0001-81;2012-01-01;2;ETERNIT S.A. - EM RECUPERAÇÃO JUDICIAL;005762;FCA;16064;2012-04-09;http://www.rad.cvm.gov.br/ENETCONSULTA/frmDownloadDocumento.aspx?CodigoInstituicao=1&NumeroSequencialDocumento=16064
61.092.037/0001-81;2012-01-01;3;ETERNIT S.A. - EM RECUPERAÇÃO JUDICIAL;005762;FCA;18615;2012-05-30;http://www.rad.cvm.gov.br/ENETCONSULTA/frmDownloadDocumento.aspx?CodigoInstituicao=1&NumeroSequencialDocumento=18615
61.101.895/0001-45;2012-01-01;1;SANTHER FAB DE PAPEL STA THEREZINHA S.A.;014923;FCA;14697;2012-03-05;http://www.rad.cvm.gov.br/ENETCONSULTA/frmDownloadDocumento.aspx?CodigoInstituicao=1&NumeroSequencialDocumento=14697
61.101.895/0001-45;2012-01-01;2;SANTHER FAB DE PAPEL STA THEREZINHA S.A.;014923;FCA;17688;2012-05-15;http://www.rad.cvm.gov.br/ENETCONSULTA/frmDownloadDocumento.aspx?CodigoInstituicao=1&NumeroSequencialDocumento=17688
61.101.895/0001-45;2012-01-01;3;SANTHER FAB DE PAPEL STA THEREZINHA S.A.;014923;FCA;22665;2012-11-14;http://www.rad.cvm.gov.br/ENETCONSULTA/frmDownloadDocumento.aspx?CodigoInstituicao=1&NumeroSequencialDocumento=22665
61.101.895/0001-45;2012-01-01;4;SANTHER FAB DE PAPEL STA THEREZINHA S.A.;014923;FCA;23093;2012-12-06;http://www.rad.cvm.gov.br/ENETCONSULTA/frmDownloadDocumento.aspx?CodigoInstituicao=1&NumeroSequencialDocumento=23093
61.156.113/0001-75;2012-01-01;1;IOCHPE MAXION S.A.;011932;FCA;14478;2012-02-24;http://www.rad.cvm.gov.br/ENETCONSULTA/frmDownloadDocumento.aspx?CodigoInstituicao=1&NumeroSequencialDocumento=14478
61.156.113/0001-75;2012-01-01;2;IOCHPE MAXION S.A.;011932;FCA;18010;2012-05-18;http://www.rad.cvm.gov.br/ENETCONSULTA/frmDownloadDocumento.aspx?CodigoInstituicao=1&NumeroSequencialDocumento=18010
61.156.113/0001-75;2012-01-01;3;IOCHPE MAXION S.A.;011932;FCA;18778;2012-05-31;http://www.rad.cvm.gov.br/ENETCONSULTA/frmDownloadDocumento.aspx?CodigoInstituicao=1&NumeroSequencialDocumento=18778
61.156.113/0001-75;2012-01-01;4;IOCHPE MAXION S.A.;011932;FCA;20481;2012-08-14;http://www.rad.cvm.gov.br/ENETCONSULTA/frmDownloadDocumento.aspx?CodigoInstituicao=1&NumeroSequencialDocumento=20481
61.156.931/0001-78;2012-01-01;1;SIDERURGICA J. L. ALIPERTI S.A.;012823;FCA;15162;2012-03-20;http://www.rad.cvm.gov.br/ENETCONSULTA/frmDownloadDocumento.aspx?CodigoInstituicao=1&NumeroSequencialDocumento=15162
61.156.931/0001-78;2012-01-01;2;SIDERURGICA J. L. ALIPERTI S.A.;012823;FCA;17191;2012-05-10;http://www.rad.cvm.gov.br/ENETCONSULTA/frmDownloadDocumento.aspx?CodigoInstituicao=1&NumeroSequencialDocumento=17191
61.189.288/0001-89;2012-01-01;1;MARISA LOJAS S.A.;022055;FCA;14831;2012-03-08;http://www.rad.cvm.gov.br/ENETCONSULTA/frmDownloadDocumento.aspx?CodigoInstituicao=1&NumeroSequencialDocumento=14831
61.192.373/0001-04;2012-01-01;1;CONSTRUTORA BETER SA;004758;FCA;19514;2012-07-02;http://www.rad.cvm.gov.br/ENETCONSULTA/frmDownloadDocumento.aspx?CodigoInstituicao=1&NumeroSequencialDocumento=19514
61.351.532/0001-68;2012-01-01;1;AZEVEDO E TRAVASSOS S.A.;011975;FCA;15771;2012-03-30;http://www.rad.cvm.gov.br/ENETCONSULTA/frmDownloadDocumento.aspx?CodigoInstituicao=1&NumeroSequencialDocumento=15771
61.351.532/0001-68;2012-01-01;2;AZEVEDO E TRAVASSOS S.A.;011975;FCA;16849;2012-05-07;http://www.rad.cvm.gov.br/ENETCONSULTA/frmDownloadDocumento.aspx?CodigoInstituicao=1&NumeroSequencialDocumento=16849
61.351.532/0001-68;2012-01-01;3;AZEVEDO E TRAVASSOS S.A.;011975;FCA;16871;2012-05-07;http://www.rad.cvm.gov.br/ENETCONSULTA/frmDownloadDocumento.aspx?CodigoInstituicao=1&NumeroSequencialDocumento=16871
61.374.161/0001-30;2012-01-01;1;BAUMER S.A.;001562;FCA;15908;2012-04-02;http://www.rad.cvm.gov.br/ENETCONSULTA/frmDownloadDocumento.aspx?CodigoInstituicao=1&NumeroSequencialDocumento=15908
61.374.161/0001-30;2012-01-01;2;BAUMER S.A.;001562;FCA;19033;2012-05-31;http://www.rad.cvm.gov.br/ENETCONSULTA/frmDownloadDocumento.aspx?CodigoInstituicao=1&NumeroSequencialDocumento=19033
61.410.395/0001-95;2012-01-01;1;FIBAM COMPANHIA INDUSTRIAL;006017;FCA;14360;2012-02-16;http://www.rad.cvm.gov.br/ENETCONSULTA/frmDownloadDocumento.aspx?CodigoInstituicao=1&NumeroSequencialDocumento=14360
61.410.395/0001-95;2012-01-01;2;FIBAM COMPANHIA INDUSTRIAL;006017;FCA;16477;2012-04-26;http://www.rad.cvm.gov.br/ENETCONSULTA/frmDownloadDocumento.aspx?CodigoInstituicao=1&NumeroSequencialDocumento=16477
61.410.395/0001-95;2012-01-01;3;FIBAM COMPANHIA INDUSTRIAL;006017;FCA;17670;2012-05-15;http://www.rad.cvm.gov.br/ENETCONSULTA/frmDownloadDocumento.aspx?CodigoInstituicao=1&NumeroSequencialDocumento=17670
61.486.650/0001-83;2012-01-01;1;DIAGNOSTICOS DA AMERICA S.A.;019623;FCA;13617;2012-01-05;http://www.rad.cvm.gov.br/ENETCONSULTA/frmDownloadDocumento.aspx?CodigoInstituicao=1&NumeroSequencialDocumento=13617
61.486.650/0001-83;2012-01-01;2;DIAGNOSTICOS DA AMERICA S.A.;019623;FCA;14409;2012-02-17;http://www.rad.cvm.gov.br/ENETCONSULTA/frmDownloadDocumento.aspx?CodigoInstituicao=1&NumeroSequencialDocumento=14409
61.486.650/0001-83;2012-01-01;3;DIAGNOSTICOS DA AMERICA S.A.;019623;FCA;15923;2012-04-02;http://www.rad.cvm.gov.br/ENETCONSULTA/frmDownloadDocumento.aspx?CodigoInstituicao=1&NumeroSequencialDocumento=15923
61.486.650/0001-83;2012-01-01;4;DIAGNOSTICOS DA AMERICA S.A.;019623;FCA;18459;2012-05-30;http://www.rad.cvm.gov.br/ENETCONSULTA/frmDownloadDocumento.aspx?CodigoInstituicao=1&NumeroSequencialDocumento=18459
61.486.650/0001-83;2012-01-01;5;DIAGNOSTICOS DA AMERICA S.A.;019623;FCA;22082;2012-11-05;http://www.rad.cvm.gov.br/ENETCONSULTA/frmDownloadDocumento.aspx?CodigoInstituicao=1&NumeroSequencialDocumento=22082
61.532.644/0001-15;2012-01-01;1;ITAÚSA S.A.;007617;FCA;13836;2012-01-17;http://www.rad.cvm.gov.br/ENETCONSULTA/frmDownloadDocumento.aspx?CodigoInstituicao=1&NumeroSequencialDocumento=13836
61.532.644/0001-15;2012-01-01;2;ITAÚSA S.A.;007617;FCA;17961;2012-05-16;http://www.rad.cvm.gov.br/ENETCONSULTA/frmDownloadDocumento.aspx?CodigoInstituicao=1&NumeroSequencialDocumento=17961
61.532.644/0001-15;2012-01-01;3;ITAÚSA S.A.;007617;FCA;21636;2012-10-11;http://www.rad.cvm.gov.br/ENETCONSULTA/frmDownloadDocumento.aspx?CodigoInstituicao=1&NumeroSequencialDocumento=21636
61.532.644/0001-15;2012-01-01;4;ITAÚSA S.A.;007617;FCA;21679;2012-10-15;http://www.rad.cvm.gov.br/ENETCONSULTA/frmDownloadDocumento.aspx?CodigoInstituicao=1&NumeroSequencialDocumento=21679
61.532.644/0001-15;2012-01-01;5;ITAÚSA S.A.;007617;FCA;22895;2012-11-22;http://www.rad.cvm.gov.br/ENETCONSULTA/frmDownloadDocumento.aspx?CodigoInstituicao=1&NumeroSequencialDocumento=22895
61.565.222/0001-46;2012-01-01;1;PARAMOUNT TEXTEIS INDUSTRIA E COMERCIO S/A;019798;FCA;16680;2012-05-03;http://www.rad.cvm.gov.br/ENETCONSULTA/frmDownloadDocumento.aspx?CodigoInstituicao=1&NumeroSequencialDocumento=16680
61.584.140/0001-49;2012-01-01;1;REDE ENERGIA PARTICIPAÇÕES S.A.;003190;FCA;14331;2012-02-15;http://www.rad.cvm.gov.br/ENETCONSULTA/frmDownloadDocumento.aspx?CodigoInstituicao=1&NumeroSequencialDocumento=14331
61.584.140/0001-49;2012-01-01;2;REDE ENERGIA PARTICIPAÇÕES S.A.;003190;FCA;16395;2012-04-24;http://www.rad.cvm.gov.br/ENETCONSULTA/frmDownloadDocumento.aspx?CodigoInstituicao=1&NumeroSequencialDocumento=16395
61.584.140/0001-49;2012-01-01;3;REDE ENERGIA PARTICIPAÇÕES S.A.;003190;FCA;19075;2012-06-01;http://www.rad.cvm.gov.br/ENETCONSULTA/frmDownloadDocumento.aspx?CodigoInstituicao=1&NumeroSequencialDocumento=19075
61.584.140/0001-49;2012-01-01;4;REDE ENERGIA PARTICIPAÇÕES S.A.;003190;FCA;21588;2012-10-08;http://www.rad.cvm.gov.br/ENETCONSULTA/frmDownloadDocumento.aspx?CodigoInstituicao=1&NumeroSequencialDocumento=21588
61.584.140/0001-49;2012-01-01;5;REDE ENERGIA PARTICIPAÇÕES S.A.;003190;FCA;21913;2012-10-25;http://www.rad.cvm.gov.br/ENETCONSULTA/frmDownloadDocumento.aspx?CodigoInstituicao=1&NumeroSequencialDocumento=21913
61.584.140/0001-49;2012-01-01;6;REDE ENERGIA PARTICIPAÇÕES S.A.;003190;FCA;21989;2012-10-30;http://www.rad.cvm.gov.br/ENETCONSULTA/frmDownloadDocumento.aspx?CodigoInstituicao=1&NumeroSequencialDocumento=21989
61.584.140/0001-49;2012-01-01;7;REDE ENERGIA PARTICIPAÇÕES S.A.;003190;FCA;23435;2012-12-21;http://www.rad.cvm.gov.br/ENETCONSULTA/frmDownloadDocumento.aspx?CodigoInstituicao=1&NumeroSequencialDocumento=23435
61.585.865/0001-51;2012-01-01;1;RAIA DROGASIL S.A.;005258;FCA;15390;2012-03-26;http://www.rad.cvm.gov.br/ENETCONSULTA/frmDownloadDocumento.aspx?CodigoInstituicao=1&NumeroSequencialDocumento=15390
61.585.865/0001-51;2012-01-01;2;RAIA DROGASIL S.A.;005258;FCA;16469;2012-04-26;http://www.rad.cvm.gov.br/ENETCONSULTA/frmDownloadDocumento.aspx?CodigoInstituicao=1&NumeroSequencialDocumento=16469
61.585.865/0001-51;2012-01-01;3;RAIA DROGASIL S.A.;005258;FCA;17216;2012-05-10;http://www.rad.cvm.gov.br/ENETCONSULTA/frmDownloadDocumento.aspx?CodigoInstituicao=1&NumeroSequencialDocumento=17216
61.585.865/0001-51;2012-01-01;4;RAIA DROGASIL S.A.;005258;FCA;18476;2012-05-30;http://www.rad.cvm.gov.br/ENETCONSULTA/frmDownloadDocumento.aspx?CodigoInstituicao=1&NumeroSequencialDocumento=18476
61.585.865/0001-51;2012-01-01;5;RAIA DROGASIL S.A.;005258;FCA;23086;2012-12-06;http://www.rad.cvm.gov.br/ENETCONSULTA/frmDownloadDocumento.aspx?CodigoInstituicao=1&NumeroSequencialDocumento=23086
61.695.227/0001-93;2012-01-01;1;ELETROPAULO METROP. ELET. SAO PAULO S.A.;014176;FCA;13558;2012-01-02;http://www.rad.cvm.gov.br/ENETCONSULTA/frmDownloadDocumento.aspx?CodigoInstituicao=1&NumeroSequencialDocumento=13558
61.695.227/0001-93;2012-01-01;2;ELETROPAULO METROP. ELET. SAO PAULO S.A.;014176;FCA;18581;2012-05-30;http://www.rad.cvm.gov.br/ENETCONSULTA/frmDownloadDocumento.aspx?CodigoInstituicao=1&NumeroSequencialDocumento=18581
61.695.227/0001-93;2012-01-01;3;ELETROPAULO METROP. ELET. SAO PAULO S.A.;014176;FCA;19111;2012-06-01;http://www.rad.cvm.gov.br/ENETCONSULTA/frmDownloadDocumento.aspx?CodigoInstituicao=1&NumeroSequencialDocumento=19111
61.695.227/0001-93;2012-01-01;4;ELETROPAULO METROP. ELET. SAO PAULO S.A.;014176;FCA;20952;2012-08-23;http://www.rad.cvm.gov.br/ENETCONSULTA/frmDownloadDocumento.aspx?CodigoInstituicao=1&NumeroSequencialDocumento=20952
61.784.278/0001-91;2012-01-01;1;COMPANHIA DE CRÉDITO FINANCIAMENTO E INVESTIMENTO RCI BRASIL;022993;FCA;23127;2012-12-11;http://www.rad.cvm.gov.br/ENETCONSULTA/frmDownloadDocumento.aspx?CodigoInstituicao=1&NumeroSequencialDocumento=23127
61.856.571/0001-17;2012-01-01;1;CIA GAS DE SAO PAULO - COMGAS;015636;FCA;14356;2012-02-16;http://www.rad.cvm.gov.br/ENETCONSULTA/frmDownloadDocumento.aspx?CodigoInstituicao=1&NumeroSequencialDocumento=14356
61.856.571/0001-17;2012-01-01;2;CIA GAS DE SAO PAULO - COMGAS;015636;FCA;21147;2012-09-05;http://www.rad.cvm.gov.br/ENETCONSULTA/frmDownloadDocumento.aspx?CodigoInstituicao=1&NumeroSequencialDocumento=21147
62.002.886/0001-60;2012-01-01;1;SAO PAULO TURISMO S.A.;009415;FCA;13714;2012-01-10;http://www.rad.cvm.gov.br/ENETCONSULTA/frmDownloadDocumento.aspx?CodigoInstituicao=1&NumeroSequencialDocumento=13714
62.002.886/0001-60;2012-01-01;2;SAO PAULO TURISMO S.A.;009415;FCA;14083;2012-02-03;http://www.rad.cvm.gov.br/ENETCONSULTA/frmDownloadDocumento.aspx?CodigoInstituicao=1&NumeroSequencialDocumento=14083
62.002.886/0001-60;2012-01-01;3;SAO PAULO TURISMO S.A.;009415;FCA;19096;2012-06-01;http://www.rad.cvm.gov.br/ENETCONSULTA/frmDownloadDocumento.aspx?CodigoInstituicao=1&NumeroSequencialDocumento=19096
62.002.886/0001-60;2012-01-01;4;SAO PAULO TURISMO S.A.;009415;FCA;19509;2012-07-02;http://www.rad.cvm.gov.br/ENETCONSULTA/frmDownloadDocumento.aspx?CodigoInstituicao=1&NumeroSequencialDocumento=19509
62.063.177/0001-94;2012-01-01;1;SAFRA LEASING SA ARRENDAMENTO MERCANTIL;019844;FCA;14587;2012-02-28;http://www.rad.cvm.gov.br/ENETCONSULTA/frmDownloadDocumento.aspx?CodigoInstituicao=1&NumeroSequencialDocumento=14587
62.063.177/0001-94;2012-01-01;2;SAFRA LEASING SA ARRENDAMENTO MERCANTIL;019844;FCA;17414;2012-05-11;http://www.rad.cvm.gov.br/ENETCONSULTA/frmDownloadDocumento.aspx?CodigoInstituicao=1&NumeroSequencialDocumento=17414
62.136.254/0001-99;2012-01-01;1;BANCO CRUZEIRO DO SUL SA;020753;FCA;13804;2012-01-13;http://www.rad.cvm.gov.br/ENETCONSULTA/frmDownloadDocumento.aspx?CodigoInstituicao=1&NumeroSequencialDocumento=13804
62.136.254/0001-99;2012-01-01;2;BANCO CRUZEIRO DO SUL SA;020753;FCA;17881;2012-05-16;http://www.rad.cvm.gov.br/ENETCONSULTA/frmDownloadDocumento.aspx?CodigoInstituicao=1&NumeroSequencialDocumento=17881
62.136.254/0001-99;2012-01-01;3;BANCO CRUZEIRO DO SUL SA;020753;FCA;18090;2012-05-21;http://www.rad.cvm.gov.br/ENETCONSULTA/frmDownloadDocumento.aspx?CodigoInstituicao=1&NumeroSequencialDocumento=18090
62.136.254/0001-99;2012-01-01;4;BANCO CRUZEIRO DO SUL SA;020753;FCA;19482;2012-06-28;http://www.rad.cvm.gov.br/ENETCONSULTA/frmDownloadDocumento.aspx?CodigoInstituicao=1&NumeroSequencialDocumento=19482
62.136.254/0001-99;2012-01-01;5;BANCO CRUZEIRO DO SUL SA;020753;FCA;21334;2012-09-18;http://www.rad.cvm.gov.br/ENETCONSULTA/frmDownloadDocumento.aspx?CodigoInstituicao=1&NumeroSequencialDocumento=21334
62.144.175/0001-20;2012-01-01;1;BCO PINE S.A;020567;FCA;13623;2012-01-05;http://www.rad.cvm.gov.br/ENETCONSULTA/frmDownloadDocumento.aspx?CodigoInstituicao=1&NumeroSequencialDocumento=13623
62.144.175/0001-20;2012-01-01;2;BCO PINE S.A;020567;FCA;19169;2012-06-06;http://www.rad.cvm.gov.br/ENETCONSULTA/frmDownloadDocumento.aspx?CodigoInstituicao=1&NumeroSequencialDocumento=19169
62.144.175/0001-20;2012-01-01;3;BCO PINE S.A;020567;FCA;19599;2012-07-06;http://www.rad.cvm.gov.br/ENETCONSULTA/frmDownloadDocumento.aspx?CodigoInstituicao=1&NumeroSequencialDocumento=19599
62.144.175/0001-20;2012-01-01;4;BCO PINE S.A;020567;FCA;20031;2012-08-01;http://www.rad.cvm.gov.br/ENETCONSULTA/frmDownloadDocumento.aspx?CodigoInstituicao=1&NumeroSequencialDocumento=20031
62.144.175/0001-20;2012-01-01;5;BCO PINE S.A;020567;FCA;20892;2012-08-21;http://www.rad.cvm.gov.br/ENETCONSULTA/frmDownloadDocumento.aspx?CodigoInstituicao=1&NumeroSequencialDocumento=20892
62.144.175/0001-20;2012-01-01;6;BCO PINE S.A;020567;FCA;21307;2012-09-17;http://www.rad.cvm.gov.br/ENETCONSULTA/frmDownloadDocumento.aspx?CodigoInstituicao=1&NumeroSequencialDocumento=21307
62.144.175/0001-20;2012-01-01;7;BCO PINE S.A;020567;FCA;21461;2012-09-27;http://www.rad.cvm.gov.br/ENETCONSULTA/frmDownloadDocumento.aspx?CodigoInstituicao=1&NumeroSequencialDocumento=21461
62.144.175/0001-20;2012-01-01;8;BCO PINE S.A;020567;FCA;21617;2012-10-10;http://www.rad.cvm.gov.br/ENETCONSULTA/frmDownloadDocumento.aspx?CodigoInstituicao=1&NumeroSequencialDocumento=21617
62.232.889/0001-90;2012-01-01;1;BCO DAYCOVAL S.A.;020796;FCA;13795;2012-01-13;http://www.rad.cvm.gov.br/ENETCONSULTA/frmDownloadDocumento.aspx?CodigoInstituicao=1&NumeroSequencialDocumento=13795
62.232.889/0001-90;2012-01-01;2;BCO DAYCOVAL S.A.;020796;FCA;16499;2012-04-26;http://www.rad.cvm.gov.br/ENETCONSULTA/frmDownloadDocumento.aspx?CodigoInstituicao=1&NumeroSequencialDocumento=16499
62.232.889/0001-90;2012-01-01;3;BCO DAYCOVAL S.A.;020796;FCA;16684;2012-05-03;http://www.rad.cvm.gov.br/ENETCONSULTA/frmDownloadDocumento.aspx?CodigoInstituicao=1&NumeroSequencialDocumento=16684
62.232.889/0001-90;2012-01-01;4;BCO DAYCOVAL S.A.;020796;FCA;18313;2012-05-28;http://www.rad.cvm.gov.br/ENETCONSULTA/frmDownloadDocumento.aspx?CodigoInstituicao=1&NumeroSequencialDocumento=18313
62.232.889/0001-90;2012-01-01;5;BCO DAYCOVAL S.A.;020796;FCA;19228;2012-06-12;http://www.rad.cvm.gov.br/ENETCONSULTA/frmDownloadDocumento.aspx?CodigoInstituicao=1&NumeroSequencialDocumento=19228
62.307.848/0001-15;2012-01-01;1;BANCO RCI BRASIL S.A.;021466;FCA;13726;2012-01-10;http://www.rad.cvm.gov.br/ENETCONSULTA/frmDownloadDocumento.aspx?CodigoInstituicao=1&NumeroSequencialDocumento=13726
62.307.848/0001-15;2012-01-01;2;BANCO RCI BRASIL S.A.;021466;FCA;19030;2012-05-31;http://www.rad.cvm.gov.br/ENETCONSULTA/frmDownloadDocumento.aspx?CodigoInstituicao=1&NumeroSequencialDocumento=19030
62.307.848/0001-15;2012-01-01;3;BANCO RCI BRASIL S.A.;021466;FCA;19658;2012-07-11;http://www.rad.cvm.gov.br/ENETCONSULTA/frmDownloadDocumento.aspx?CodigoInstituicao=1&NumeroSequencialDocumento=19658
65.654.303/0001-73;2012-01-01;1;DIBENS LEASING S.A. - ARREND.MERCANTIL;014214;FCA;13881;2012-01-19;http://www.rad.cvm.gov.br/ENETCONSULTA/frmDownloadDocumento.aspx?CodigoInstituicao=1&NumeroSequencialDocumento=13881
65.654.303/0001-73;2012-01-01;2;DIBENS LEASING S.A. - ARREND.MERCANTIL;014214;FCA;17397;2012-05-11;http://www.rad.cvm.gov.br/ENETCONSULTA/frmDownloadDocumento.aspx?CodigoInstituicao=1&NumeroSequencialDocumento=17397
65.654.303/0001-73;2012-01-01;3;DIBENS LEASING S.A. - ARREND.MERCANTIL;014214;FCA;18133;2012-05-22;http://www.rad.cvm.gov.br/ENETCONSULTA/frmDownloadDocumento.aspx?CodigoInstituicao=1&NumeroSequencialDocumento=18133
65.654.303/0001-73;2012-01-01;4;DIBENS LEASING S.A. - ARREND.MERCANTIL;014214;FCA;22896;2012-11-22;http://www.rad.cvm.gov.br/ENETCONSULTA/frmDownloadDocumento.aspx?CodigoInstituicao=1&NumeroSequencialDocumento=22896
67.010.660/0001-24;2012-01-01;1;RNI NEGÓCIOS IMOBILIÁRIOS S.A.;020451;FCA;13713;2012-01-10;http://www.rad.cvm.gov.br/ENETCONSULTA/frmDownloadDocumento.aspx?CodigoInstituicao=1&NumeroSequencialDocumento=13713
67.010.660/0001-24;2012-01-01;2;RNI NEGÓCIOS IMOBILIÁRIOS S.A.;020451;FCA;18959;2012-05-31;http://www.rad.cvm.gov.br/ENETCONSULTA/frmDownloadDocumento.aspx?CodigoInstituicao=1&NumeroSequencialDocumento=18959
67.010.660/0001-24;2012-01-01;3;RNI NEGÓCIOS IMOBILIÁRIOS S.A.;020451;FCA;22469;2012-11-13;http://www.rad.cvm.gov.br/ENETCONSULTA/frmDownloadDocumento.aspx?CodigoInstituicao=1&NumeroSequencialDocumento=22469
67.010.660/0001-24;2012-01-01;4;RNI NEGÓCIOS IMOBILIÁRIOS S.A.;020451;FCA;23100;2012-12-07;http://www.rad.cvm.gov.br/ENETCONSULTA/frmDownloadDocumento.aspx?CodigoInstituicao=1&NumeroSequencialDocumento=23100
67.203.208/0001-89;2012-01-01;1;CAMARGO CORREA DESENVOLVIMENTO IMOBILIARIO SA;020486;FCA;13612;2012-01-05;http://www.rad.cvm.gov.br/ENETCONSULTA/frmDownloadDocumento.aspx?CodigoInstituicao=1&NumeroSequencialDocumento=13612
67.203.208/0001-89;2012-01-01;2;CAMARGO CORREA DESENVOLVIMENTO IMOBILIARIO SA;020486;FCA;14689;2012-03-05;http://www.rad.cvm.gov.br/ENETCONSULTA/frmDownloadDocumento.aspx?CodigoInstituicao=1&NumeroSequencialDocumento=14689
67.203.208/0001-89;2012-01-01;3;CAMARGO CORREA DESENVOLVIMENTO IMOBILIARIO SA;020486;FCA;17201;2012-05-10;http://www.rad.cvm.gov.br/ENETCONSULTA/frmDownloadDocumento.aspx?CodigoInstituicao=1&NumeroSequencialDocumento=17201
67.203.208/0001-89;2012-01-01;4;CAMARGO CORREA DESENVOLVIMENTO IMOBILIARIO SA;020486;FCA;18444;2012-05-30;http://www.rad.cvm.gov.br/ENETCONSULTA/frmDownloadDocumento.aspx?CodigoInstituicao=1&NumeroSequencialDocumento=18444
67.437.434/0001-24;2012-01-01;1;TC SECURITIES CIA DE SECURITIZAÇÃO;020389;FCA;13569;2012-01-03;http://www.rad.cvm.gov.br/ENETCONSULTA/frmDownloadDocumento.aspx?CodigoInstituicao=1&NumeroSequencialDocumento=13569
67.437.434/0001-24;2012-01-01;2;TC SECURITIES CIA DE SECURITIZAÇÃO;020389;FCA;16608;2012-05-02;http://www.rad.cvm.gov.br/ENETCONSULTA/frmDownloadDocumento.aspx?CodigoInstituicao=1&NumeroSequencialDocumento=16608
67.571.414/0001-41;2012-01-01;1;VIVER INCORPORADORA E CONSTRUTORA S.A.;020702;FCA;14414;2012-02-17;http://www.rad.cvm.gov.br/ENETCONSULTA/frmDownloadDocumento.aspx?CodigoInstituicao=1&NumeroSequencialDocumento=14414
67.571.414/0001-41;2012-01-01;2;VIVER INCORPORADORA E CONSTRUTORA S.A.;020702;FCA;16353;2012-04-20;http://www.rad.cvm.gov.br/ENETCONSULTA/frmDownloadDocumento.aspx?CodigoInstituicao=1&NumeroSequencialDocumento=16353
67.571.414/0001-41;2012-01-01;3;VIVER INCORPORADORA E CONSTRUTORA S.A.;020702;FCA;16690;2012-05-03;http://www.rad.cvm.gov.br/ENETCONSULTA/frmDownloadDocumento.aspx?CodigoInstituicao=1&NumeroSequencialDocumento=16690
67.571.414/0001-41;2012-01-01;4;VIVER INCORPORADORA E CONSTRUTORA S.A.;020702;FCA;21346;2012-09-19;http://www.rad.cvm.gov.br/ENETCONSULTA/frmDownloadDocumento.aspx?CodigoInstituicao=1&NumeroSequencialDocumento=21346
67.620.377/0001-14;2012-01-01;1;MINERVA S.A.;020931;FCA;13691;2012-01-09;http://www.rad.cvm.gov.br/ENETCONSULTA/frmDownloadDocumento.aspx?CodigoInstituicao=1&NumeroSequencialDocumento=13691
67.620.377/0001-14;2012-01-01;2;MINERVA S.A.;020931;FCA;15198;2012-03-21;http://www.rad.cvm.gov.br/ENETCONSULTA/frmDownloadDocumento.aspx?CodigoInstituicao=1&NumeroSequencialDocumento=15198
67.620.377/0001-14;2012-01-01;3;MINERVA S.A.;020931;FCA;18562;2012-05-30;http://www.rad.cvm.gov.br/ENETCONSULTA/frmDownloadDocumento.aspx?CodigoInstituicao=1&NumeroSequencialDocumento=18562
67.620.377/0001-14;2012-01-01;4;MINERVA S.A.;020931;FCA;20178;2012-08-08;http://www.rad.cvm.gov.br/ENETCONSULTA/frmDownloadDocumento.aspx?CodigoInstituicao=1&NumeroSequencialDocumento=20178
67.620.377/0001-14;2012-01-01;5;MINERVA S.A.;020931;FCA;21753;2012-10-19;http://www.rad.cvm.gov.br/ENETCONSULTA/frmDownloadDocumento.aspx?CodigoInstituicao=1&NumeroSequencialDocumento=21753
67.620.377/0001-14;2012-01-01;6;MINERVA S.A.;020931;FCA;21961;2012-10-30;http://www.rad.cvm.gov.br/ENETCONSULTA/frmDownloadDocumento.aspx?CodigoInstituicao=1&NumeroSequencialDocumento=21961
69.720.910/0001-45;2012-01-01;1;CCB BRASIL ARRENDAMENTO MERCANTIL S.A.;015121;FCA;14028;2012-01-31;http://www.rad.cvm.gov.br/ENETCONSULTA/frmDownloadDocumento.aspx?CodigoInstituicao=1&NumeroSequencialDocumento=14028
69.720.910/0001-45;2012-01-01;2;CCB BRASIL ARRENDAMENTO MERCANTIL S.A.;015121;FCA;18088;2012-05-21;http://www.rad.cvm.gov.br/ENETCONSULTA/frmDownloadDocumento.aspx?CodigoInstituicao=1&NumeroSequencialDocumento=18088
71.208.516/0001-74;2012-01-01;1;ALGAR TELECOM S/A;021032;FCA;14690;2012-03-05;http://www.rad.cvm.gov.br/ENETCONSULTA/frmDownloadDocumento.aspx?CodigoInstituicao=1&NumeroSequencialDocumento=14690
71.208.516/0001-74;2012-01-01;2;ALGAR TELECOM S/A;021032;FCA;17399;2012-05-11;http://www.rad.cvm.gov.br/ENETCONSULTA/frmDownloadDocumento.aspx?CodigoInstituicao=1&NumeroSequencialDocumento=17399
71.208.516/0001-74;2012-01-01;3;ALGAR TELECOM S/A;021032;FCA;21163;2012-09-06;http://www.rad.cvm.gov.br/ENETCONSULTA/frmDownloadDocumento.aspx?CodigoInstituicao=1&NumeroSequencialDocumento=21163
71.208.516/0001-74;2012-01-01;4;ALGAR TELECOM S/A;021032;FCA;21319;2012-09-18;http://www.rad.cvm.gov.br/ENETCONSULTA/frmDownloadDocumento.aspx?CodigoInstituicao=1&NumeroSequencialDocumento=21319
71.476.527/0001-35;2012-01-01;1;CONSTRUTORA TENDA S.A.;021148;FCA;14598;2012-02-28;http://www.rad.cvm.gov.br/ENETCONSULTA/frmDownloadDocumento.aspx?CodigoInstituicao=1&NumeroSequencialDocumento=14598
71.476.527/0001-35;2012-01-01;2;CONSTRUTORA TENDA S.A.;021148;FCA;16076;2012-04-10;http://www.rad.cvm.gov.br/ENETCONSULTA/frmDownloadDocumento.aspx?CodigoInstituicao=1&NumeroSequencialDocumento=16076
71.476.527/0001-35;2012-01-01;3;CONSTRUTORA TENDA S.A.;021148;FCA;17011;2012-05-08;http://www.rad.cvm.gov.br/ENETCONSULTA/frmDownloadDocumento.aspx?CodigoInstituicao=1&NumeroSequencialDocumento=17011
71.476.527/0001-35;2012-01-01;4;CONSTRUTORA TENDA S.A.;021148;FCA;17957;2012-05-16;http://www.rad.cvm.gov.br/ENETCONSULTA/frmDownloadDocumento.aspx?CodigoInstituicao=1&NumeroSequencialDocumento=17957
71.476.527/0001-35;2012-01-01;5;CONSTRUTORA TENDA S.A.;021148;FCA;18787;2012-05-31;http://www.rad.cvm.gov.br/ENETCONSULTA/frmDownloadDocumento.aspx?CodigoInstituicao=1&NumeroSequencialDocumento=18787
71.673.990/0001-77;2012-01-01;1;NATURA COSMETICOS S.A.;019550;FCA;13748;2012-01-11;http://www.rad.cvm.gov.br/ENETCONSULTA/frmDownloadDocumento.aspx?CodigoInstituicao=1&NumeroSequencialDocumento=13748
71.673.990/0001-77;2012-01-01;2;NATURA COSMETICOS S.A.;019550;FCA;18288;2012-05-28;http://www.rad.cvm.gov.br/ENETCONSULTA/frmDownloadDocumento.aspx?CodigoInstituicao=1&NumeroSequencialDocumento=18288
73.178.600/0001-18;2012-01-01;1;CYRELA BRAZIL REALTY S.A.EMPREEND E PART;014460;FCA;14009;2012-01-30;http://www.rad.cvm.gov.br/ENETCONSULTA/frmDownloadDocumento.aspx?CodigoInstituicao=1&NumeroSequencialDocumento=14009
73.178.600/0001-18;2012-01-01;2;CYRELA BRAZIL REALTY S.A.EMPREEND E PART;014460;FCA;17485;2012-05-14;http://www.rad.cvm.gov.br/ENETCONSULTA/frmDownloadDocumento.aspx?CodigoInstituicao=1&NumeroSequencialDocumento=17485
73.903.718/0001-61;2012-01-01;1;SNB PARTICIPACOES SA;014303;FCA;14289;2012-02-14;http://www.rad.cvm.gov.br/ENETCONSULTA/frmDownloadDocumento.aspx?CodigoInstituicao=1&NumeroSequencialDocumento=14289
73.903.718/0001-61;2012-01-01;2;SNB PARTICIPACOES SA;014303;FCA;18868;2012-05-31;http://www.rad.cvm.gov.br/ENETCONSULTA/frmDownloadDocumento.aspx?CodigoInstituicao=1&NumeroSequencialDocumento=18868
73.903.718/0001-61;2012-01-01;3;SNB PARTICIPACOES SA;014303;FCA;20798;2012-08-15;http://www.rad.cvm.gov.br/ENETCONSULTA/frmDownloadDocumento.aspx?CodigoInstituicao=1&NumeroSequencialDocumento=20798
74.409.467/0001-26;2012-01-01;1;FENICIAPAR S/A;015024;FCA;15299;2012-03-23;http://www.rad.cvm.gov.br/ENETCONSULTA/frmDownloadDocumento.aspx?CodigoInstituicao=1&NumeroSequencialDocumento=15299
74.409.467/0001-26;2012-01-01;2;FENICIAPAR S/A;015024;FCA;16672;2012-05-03;http://www.rad.cvm.gov.br/ENETCONSULTA/frmDownloadDocumento.aspx?CodigoInstituicao=1&NumeroSequencialDocumento=16672
74.409.467/0001-26;2012-01-01;3;FENICIAPAR S/A;015024;FCA;19883;2012-07-26;http://www.rad.cvm.gov.br/ENETCONSULTA/frmDownloadDocumento.aspx?CodigoInstituicao=1&NumeroSequencialDocumento=19883
74.409.467/0001-26;2012-01-01;4;FENICIAPAR S/A;015024;FCA;23206;2012-12-14;http://www.rad.cvm.gov.br/ENETCONSULTA/frmDownloadDocumento.aspx?CodigoInstituicao=1&NumeroSequencialDocumento=23206
74.409.467/0001-26;2012-01-01;5;FENICIAPAR S/A;015024;FCA;23207;2012-12-14;http://www.rad.cvm.gov.br/ENETCONSULTA/frmDownloadDocumento.aspx?CodigoInstituicao=1&NumeroSequencialDocumento=23207
76.255.926/0001-90;2012-01-01;1;CIA. IGUAÇU DE CAFÉ SOLÚVEL;003336;FCA;15345;2012-03-26;http://www.rad.cvm.gov.br/ENETCONSULTA/frmDownloadDocumento.aspx?CodigoInstituicao=1&NumeroSequencialDocumento=15345
76.255.926/0001-90;2012-01-01;2;CIA. IGUAÇU DE CAFÉ SOLÚVEL;003336;FCA;18438;2012-05-30;http://www.rad.cvm.gov.br/ENETCONSULTA/frmDownloadDocumento.aspx?CodigoInstituicao=1&NumeroSequencialDocumento=18438
76.255.926/0001-90;2012-01-01;3;CIA. IGUAÇU DE CAFÉ SOLÚVEL;003336;FCA;21771;2012-10-19;http://www.rad.cvm.gov.br/ENETCONSULTA/frmDownloadDocumento.aspx?CodigoInstituicao=1&NumeroSequencialDocumento=21771
76.483.817/0001-20;2012-01-01;1;CIA PARANAENSE DE ENERGIA - COPEL;014311;FCA;14455;2012-02-22;http://www.rad.cvm.gov.br/ENETCONSULTA/frmDownloadDocumento.aspx?CodigoInstituicao=1&NumeroSequencialDocumento=14455
76.483.817/0001-20;2012-01-01;2;CIA PARANAENSE DE ENERGIA - COPEL;014311;FCA;15415;2012-03-27;http://www.rad.cvm.gov.br/ENETCONSULTA/frmDownloadDocumento.aspx?CodigoInstituicao=1&NumeroSequencialDocumento=15415
76.483.817/0001-20;2012-01-01;3;CIA PARANAENSE DE ENERGIA - COPEL;014311;FCA;18519;2012-05-30;http://www.rad.cvm.gov.br/ENETCONSULTA/frmDownloadDocumento.aspx?CodigoInstituicao=1&NumeroSequencialDocumento=18519
76.484.013/0001-45;2012-01-01;1;CIA SANEAMENTO DO PARANA - SANEPAR;018627;FCA;13586;2012-01-04;http://www.rad.cvm.gov.br/ENETCONSULTA/frmDownloadDocumento.aspx?CodigoInstituicao=1&NumeroSequencialDocumento=13586
76.484.013/0001-45;2012-01-01;2;CIA SANEAMENTO DO PARANA - SANEPAR;018627;FCA;16147;2012-04-12;http://www.rad.cvm.gov.br/ENETCONSULTA/frmDownloadDocumento.aspx?CodigoInstituicao=1&NumeroSequencialDocumento=16147
76.484.013/0001-45;2012-01-01;3;CIA SANEAMENTO DO PARANA - SANEPAR;018627;FCA;19107;2012-06-01;http://www.rad.cvm.gov.br/ENETCONSULTA/frmDownloadDocumento.aspx?CodigoInstituicao=1&NumeroSequencialDocumento=19107
76.484.013/0001-45;2012-01-01;4;CIA SANEAMENTO DO PARANA - SANEPAR;018627;FCA;21716;2012-10-17;http://www.rad.cvm.gov.br/ENETCONSULTA/frmDownloadDocumento.aspx?CodigoInstituicao=1&NumeroSequencialDocumento=21716
76.500.180/0001-32;2012-01-01;1;COMPANHIA PROVIDENCIA IND E COMERCIO;020974;FCA;14555;2012-02-27;http://www.rad.cvm.gov.br/ENETCONSULTA/frmDownloadDocumento.aspx?CodigoInstituicao=1&NumeroSequencialDocumento=14555
76.500.180/0001-32;2012-01-01;2;COMPANHIA PROVIDENCIA IND E COMERCIO;020974;FCA;18526;2012-05-30;http://www.rad.cvm.gov.br/ENETCONSULTA/frmDownloadDocumento.aspx?CodigoInstituicao=1&NumeroSequencialDocumento=18526
76.500.180/0001-32;2012-01-01;3;COMPANHIA PROVIDENCIA IND E COMERCIO;020974;FCA;20072;2012-08-03;http://www.rad.cvm.gov.br/ENETCONSULTA/frmDownloadDocumento.aspx?CodigoInstituicao=1&NumeroSequencialDocumento=20072
76.535.764/0001-43;2012-01-01;1;OI S.A. - EM RECUPERAÇÃO JUDICIAL;011312;FCA;13943;2012-01-25;http://www.rad.cvm.gov.br/ENETCONSULTA/frmDownloadDocumento.aspx?CodigoInstituicao=1&NumeroSequencialDocumento=13943
76.535.764/0001-43;2012-01-01;2;OI S.A. - EM RECUPERAÇÃO JUDICIAL;011312;FCA;14791;2012-03-07;http://www.rad.cvm.gov.br/ENETCONSULTA/frmDownloadDocumento.aspx?CodigoInstituicao=1&NumeroSequencialDocumento=14791
76.535.764/0001-43;2012-01-01;3;OI S.A. - EM RECUPERAÇÃO JUDICIAL;011312;FCA;15665;2012-03-29;http://www.rad.cvm.gov.br/ENETCONSULTA/frmDownloadDocumento.aspx?CodigoInstituicao=1&NumeroSequencialDocumento=15665
76.535.764/0001-43;2012-01-01;4;OI S.A. - EM RECUPERAÇÃO JUDICIAL;011312;FCA;17067;2012-05-09;http://www.rad.cvm.gov.br/ENETCONSULTA/frmDownloadDocumento.aspx?CodigoInstituicao=1&NumeroSequencialDocumento=17067
76.627.504/0001-06;2012-01-01;1;INEPAR S.A. INDUSTRIA E CONSTRUCOES EM RECUPERACAO JUDICIAL;007595;FCA;14100;2012-02-06;http://www.rad.cvm.gov.br/ENETCONSULTA/frmDownloadDocumento.aspx?CodigoInstituicao=1&NumeroSequencialDocumento=14100
76.627.504/0001-06;2012-01-01;2;INEPAR S.A. INDUSTRIA E CONSTRUCOES EM RECUPERACAO JUDICIAL;007595;FCA;14127;2012-02-07;http://www.rad.cvm.gov.br/ENETCONSULTA/frmDownloadDocumento.aspx?CodigoInstituicao=1&NumeroSequencialDocumento=14127
76.627.504/0001-06;2012-01-01;3;INEPAR S.A. INDUSTRIA E CONSTRUCOES EM RECUPERACAO JUDICIAL;007595;FCA;17717;2012-05-15;http://www.rad.cvm.gov.br/ENETCONSULTA/frmDownloadDocumento.aspx?CodigoInstituicao=1&NumeroSequencialDocumento=17717
78.588.415/0001-15;2012-01-01;1;CIA CACIQUE CAFE SOLUVEL;002909;FCA;15364;2012-03-26;http://www.rad.cvm.gov.br/ENETCONSULTA/frmDownloadDocumento.aspx?CodigoInstituicao=1&NumeroSequencialDocumento=15364
78.588.415/0001-15;2012-01-01;2;CIA CACIQUE CAFE SOLUVEL;002909;FCA;17614;2012-05-15;http://www.rad.cvm.gov.br/ENETCONSULTA/frmDownloadDocumento.aspx?CodigoInstituicao=1&NumeroSequencialDocumento=17614
78.876.950/0001-71;2012-01-01;1;CIA HERING;014761;FCA;14101;2012-02-06;http://www.rad.cvm.gov.br/ENETCONSULTA/frmDownloadDocumento.aspx?CodigoInstituicao=1&NumeroSequencialDocumento=14101
78.876.950/0001-71;2012-01-01;2;CIA HERING;014761;FCA;18126;2012-05-22;http://www.rad.cvm.gov.br/ENETCONSULTA/frmDownloadDocumento.aspx?CodigoInstituicao=1&NumeroSequencialDocumento=18126
79.655.916/0001-30;2012-01-01;1;CECRISA REVESTIMENTOS CERAMICOS SA;015610;FCA;14661;2012-03-02;http://www.rad.cvm.gov.br/ENETCONSULTA/frmDownloadDocumento.aspx?CodigoInstituicao=1&NumeroSequencialDocumento=14661
80.227.184/0001-66;2012-01-01;1;METALGRAFICA IGUACU S.A.;008605;FCA;15272;2012-03-23;http://www.rad.cvm.gov.br/ENETCONSULTA/frmDownloadDocumento.aspx?CodigoInstituicao=1&NumeroSequencialDocumento=15272
80.227.184/0001-66;2012-01-01;2;METALGRAFICA IGUACU S.A.;008605;FCA;18240;2012-05-25;http://www.rad.cvm.gov.br/ENETCONSULTA/frmDownloadDocumento.aspx?CodigoInstituicao=1&NumeroSequencialDocumento=18240
81.243.735/0001-48;2012-01-01;1;POSITIVO TECNOLOGIA S.A.;020362;FCA;14270;2012-02-13;http://www.rad.cvm.gov.br/ENETCONSULTA/frmDownloadDocumento.aspx?CodigoInstituicao=1&NumeroSequencialDocumento=14270
81.243.735/0001-48;2012-01-01;2;POSITIVO TECNOLOGIA S.A.;020362;FCA;17401;2012-05-11;http://www.rad.cvm.gov.br/ENETCONSULTA/frmDownloadDocumento.aspx?CodigoInstituicao=1&NumeroSequencialDocumento=17401
81.304.727/0001-64;2012-01-01;1;IGUACU CELULOSE PAPEL SA;015113;FCA;15763;2012-03-30;http://www.rad.cvm.gov.br/ENETCONSULTA/frmDownloadDocumento.aspx?CodigoInstituicao=1&NumeroSequencialDocumento=15763
81.304.727/0001-64;2012-01-01;2;IGUACU CELULOSE PAPEL SA;015113;FCA;18463;2012-05-30;http://www.rad.cvm.gov.br/ENETCONSULTA/frmDownloadDocumento.aspx?CodigoInstituicao=1&NumeroSequencialDocumento=18463
81.304.727/0001-64;2012-01-01;3;IGUACU CELULOSE PAPEL SA;015113;FCA;22969;2012-11-28;http://www.rad.cvm.gov.br/ENETCONSULTA/frmDownloadDocumento.aspx?CodigoInstituicao=1&NumeroSequencialDocumento=22969
82.373.077/0001-71;2012-01-01;1;BEMATECH IND COM EQUIP ELETRONICOS SA;020656;FCA;15092;2012-03-16;http://www.rad.cvm.gov.br/ENETCONSULTA/frmDownloadDocumento.aspx?CodigoInstituicao=1&NumeroSequencialDocumento=15092
82.373.077/0001-71;2012-01-01;2;BEMATECH IND COM EQUIP ELETRONICOS SA;020656;FCA;19754;2012-07-19;http://www.rad.cvm.gov.br/ENETCONSULTA/frmDownloadDocumento.aspx?CodigoInstituicao=1&NumeroSequencialDocumento=19754
82.508.433/0001-17;2012-01-01;1;CIA CATARINENSE DE AGUAS E SANEAM.-CASAN;016861;FCA;13618;2012-01-05;http://www.rad.cvm.gov.br/ENETCONSULTA/frmDownloadDocumento.aspx?CodigoInstituicao=1&NumeroSequencialDocumento=13618
82.508.433/0001-17;2012-01-01;2;CIA CATARINENSE DE AGUAS E SANEAM.-CASAN;016861;FCA;18160;2012-05-23;http://www.rad.cvm.gov.br/ENETCONSULTA/frmDownloadDocumento.aspx?CodigoInstituicao=1&NumeroSequencialDocumento=18160
82.508.433/0001-17;2012-01-01;3;CIA CATARINENSE DE AGUAS E SANEAM.-CASAN;016861;FCA;21329;2012-09-18;http://www.rad.cvm.gov.br/ENETCONSULTA/frmDownloadDocumento.aspx?CodigoInstituicao=1&NumeroSequencialDocumento=21329
82.508.433/0001-17;2012-01-01;4;CIA CATARINENSE DE AGUAS E SANEAM.-CASAN;016861;FCA;22055;2012-11-01;http://www.rad.cvm.gov.br/ENETCONSULTA/frmDownloadDocumento.aspx?CodigoInstituicao=1&NumeroSequencialDocumento=22055
82.636.986/0001-55;2012-01-01;1;TEKA-TECELAGEM KUEHNRICH S.A. - EM RECUPERAÇÃO JUDICIAL;011223;FCA;16512;2012-04-27;http://www.rad.cvm.gov.br/ENETCONSULTA/frmDownloadDocumento.aspx?CodigoInstituicao=1&NumeroSequencialDocumento=16512
82.636.986/0001-55;2012-01-01;2;TEKA-TECELAGEM KUEHNRICH S.A. - EM RECUPERAÇÃO JUDICIAL;011223;FCA;18633;2012-05-31;http://www.rad.cvm.gov.br/ENETCONSULTA/frmDownloadDocumento.aspx?CodigoInstituicao=1&NumeroSequencialDocumento=18633
82.636.986/0001-55;2012-01-01;3;TEKA-TECELAGEM KUEHNRICH S.A. - EM RECUPERAÇÃO JUDICIAL;011223;FCA;22603;2012-11-14;http://www.rad.cvm.gov.br/ENETCONSULTA/frmDownloadDocumento.aspx?CodigoInstituicao=1&NumeroSequencialDocumento=22603
82.640.558/0001-04;2012-01-01;1;KARSTEN S.A.;004146;FCA;15187;2012-03-21;http://www.rad.cvm.gov.br/ENETCONSULTA/frmDownloadDocumento.aspx?CodigoInstituicao=1&NumeroSequencialDocumento=15187
82.640.558/0001-04;2012-01-01;2;KARSTEN S.A.;004146;FCA;16692;2012-05-03;http://www.rad.cvm.gov.br/ENETCONSULTA/frmDownloadDocumento.aspx?CodigoInstituicao=1&NumeroSequencialDocumento=16692
82.640.558/0001-04;2012-01-01;3;KARSTEN S.A.;004146;FCA;19584;2012-07-05;http://www.rad.cvm.gov.br/ENETCONSULTA/frmDownloadDocumento.aspx?CodigoInstituicao=1&NumeroSequencialDocumento=19584
82.640.558/0001-04;2012-01-01;4;KARSTEN S.A.;004146;FCA;19933;2012-07-30;http://www.rad.cvm.gov.br/ENETCONSULTA/frmDownloadDocumento.aspx?CodigoInstituicao=1&NumeroSequencialDocumento=19933
82.640.558/0001-04;2012-01-01;5;KARSTEN S.A.;004146;FCA;21651;2012-10-11;http://www.rad.cvm.gov.br/ENETCONSULTA/frmDownloadDocumento.aspx?CodigoInstituicao=1&NumeroSequencialDocumento=21651
82.640.632/0001-84;2012-01-01;1;LOJAS HERING S.A.;008117;FCA;13567;2012-01-03;http://www.rad.cvm.gov.br/ENETCONSULTA/frmDownloadDocumento.aspx?CodigoInstituicao=1&NumeroSequencialDocumento=13567
82.640.632/0001-84;2012-01-01;2;LOJAS HERING S.A.;008117;FCA;13568;2012-01-03;http://www.rad.cvm.gov.br/ENETCONSULTA/frmDownloadDocumento.aspx?CodigoInstituicao=1&NumeroSequencialDocumento=13568
82.640.632/0001-84;2012-01-01;3;LOJAS HERING S.A.;008117;FCA;16018;2012-04-05;http://www.rad.cvm.gov.br/ENETCONSULTA/frmDownloadDocumento.aspx?CodigoInstituicao=1&NumeroSequencialDocumento=16018
82.640.632/0001-84;2012-01-01;4;LOJAS HERING S.A.;008117;FCA;18743;2012-05-31;http://www.rad.cvm.gov.br/ENETCONSULTA/frmDownloadDocumento.aspx?CodigoInstituicao=1&NumeroSequencialDocumento=18743
82.640.632/0001-84;2012-01-01;5;LOJAS HERING S.A.;008117;FCA;22270;2012-11-09;http://www.rad.cvm.gov.br/ENETCONSULTA/frmDownloadDocumento.aspx?CodigoInstituicao=1&NumeroSequencialDocumento=22270
82.641.325/0001-18;2012-01-01;1;CREMER SA;020141;FCA;14018;2012-01-31;http://www.rad.cvm.gov.br/ENETCONSULTA/frmDownloadDocumento.aspx?CodigoInstituicao=1&NumeroSequencialDocumento=14018
82.641.325/0001-18;2012-01-01;2;CREMER SA;020141;FCA;21940;2012-10-29;http://www.rad.cvm.gov.br/ENETCONSULTA/frmDownloadDocumento.aspx?CodigoInstituicao=1&NumeroSequencialDocumento=21940
82.643.537/0001-34;2012-01-01;1;ELECTRO ACO ALTONA S.A.;005380;FCA;13817;2012-01-16;http://www.rad.cvm.gov.br/ENETCONSULTA/frmDownloadDocumento.aspx?CodigoInstituicao=1&NumeroSequencialDocumento=13817
82.643.537/0001-34;2012-01-01;2;ELECTRO ACO ALTONA S.A.;005380;FCA;17587;2012-05-15;http://www.rad.cvm.gov.br/ENETCONSULTA/frmDownloadDocumento.aspx?CodigoInstituicao=1&NumeroSequencialDocumento=17587
82.643.537/0001-34;2012-01-01;3;ELECTRO ACO ALTONA S.A.;005380;FCA;17592;2012-05-15;http://www.rad.cvm.gov.br/ENETCONSULTA/frmDownloadDocumento.aspx?CodigoInstituicao=1&NumeroSequencialDocumento=17592
82.981.671/0001-45;2012-01-01;1;FAB TECIDOS CARLOS RENAUX SA - EM RECUPERACAO JUDICIAL;005827;FCA;14001;2012-01-30;http://www.rad.cvm.gov.br/ENETCONSULTA/frmDownloadDocumento.aspx?CodigoInstituicao=1&NumeroSequencialDocumento=14001
82.981.671/0001-45;2012-01-01;2;FAB TECIDOS CARLOS RENAUX SA - EM RECUPERACAO JUDICIAL;005827;FCA;14038;2012-02-01;http://www.rad.cvm.gov.br/ENETCONSULTA/frmDownloadDocumento.aspx?CodigoInstituicao=1&NumeroSequencialDocumento=14038
82.981.671/0001-45;2012-01-01;3;FAB TECIDOS CARLOS RENAUX SA - EM RECUPERACAO JUDICIAL;005827;FCA;17895;2012-05-16;http://www.rad.cvm.gov.br/ENETCONSULTA/frmDownloadDocumento.aspx?CodigoInstituicao=1&NumeroSequencialDocumento=17895
82.981.812/0001-20;2012-01-01;1;BUETTNER SA IND E COMERCIO - EM RECUPERAÇÃO JUDICIAL;002038;FCA;17088;2012-05-09;http://www.rad.cvm.gov.br/ENETCONSULTA/frmDownloadDocumento.aspx?CodigoInstituicao=1&NumeroSequencialDocumento=17088
82.981.812/0001-20;2012-01-01;2;BUETTNER SA IND E COMERCIO - EM RECUPERAÇÃO JUDICIAL;002038;FCA;18026;2012-05-18;http://www.rad.cvm.gov.br/ENETCONSULTA/frmDownloadDocumento.aspx?CodigoInstituicao=1&NumeroSequencialDocumento=18026
82.981.929/0001-03;2012-01-01;1;CIA INDUSTRIAL SCHLOSSER S.A.;003549;FCA;13774;2012-01-12;http://www.rad.cvm.gov.br/ENETCONSULTA/frmDownloadDocumento.aspx?CodigoInstituicao=1&NumeroSequencialDocumento=13774
82.982.075/0001-80;2012-01-01;1;TEXTIL RENAUXVIEW S.A.;007544;FCA;15704;2012-03-30;http://www.rad.cvm.gov.br/ENETCONSULTA/frmDownloadDocumento.aspx?CodigoInstituicao=1&NumeroSequencialDocumento=15704
82.982.075/0001-80;2012-01-01;2;TEXTIL RENAUXVIEW S.A.;007544;FCA;17976;2012-05-17;http://www.rad.cvm.gov.br/ENETCONSULTA/frmDownloadDocumento.aspx?CodigoInstituicao=1&NumeroSequencialDocumento=17976
82.982.075/0001-80;2012-01-01;3;TEXTIL RENAUXVIEW S.A.;007544;FCA;20363;2012-08-13;http://www.rad.cvm.gov.br/ENETCONSULTA/frmDownloadDocumento.aspx?CodigoInstituicao=1&NumeroSequencialDocumento=20363
83.475.913/0001-91;2012-01-01;1;PBG S/A;013773;FCA;15684;2012-03-29;http://www.rad.cvm.gov.br/ENETCONSULTA/frmDownloadDocumento.aspx?CodigoInstituicao=1&NumeroSequencialDocumento=15684
83.475.913/0001-91;2012-01-01;2;PBG S/A;013773;FCA;17271;2012-05-10;http://www.rad.cvm.gov.br/ENETCONSULTA/frmDownloadDocumento.aspx?CodigoInstituicao=1&NumeroSequencialDocumento=17271
83.475.913/0001-91;2012-01-01;3;PBG S/A;013773;FCA;21659;2012-10-11;http://www.rad.cvm.gov.br/ENETCONSULTA/frmDownloadDocumento.aspx?CodigoInstituicao=1&NumeroSequencialDocumento=21659
83.878.892/0001-55;2012-01-01;1;CENTRAIS ELET DE SANTA CATARINA S.A.;002461;FCA;13931;2012-01-24;http://www.rad.cvm.gov.br/ENETCONSULTA/frmDownloadDocumento.aspx?CodigoInstituicao=1&NumeroSequencialDocumento=13931
83.878.892/0001-55;2012-01-01;2;CENTRAIS ELET DE SANTA CATARINA S.A.;002461;FCA;17242;2012-05-10;http://www.rad.cvm.gov.br/ENETCONSULTA/frmDownloadDocumento.aspx?CodigoInstituicao=1&NumeroSequencialDocumento=17242
84.208.123/0001-02;2012-01-01;1;CIA DOCAS DE IMBITUBA;003174;FCA;15716;2012-03-30;http://www.rad.cvm.gov.br/ENETCONSULTA/frmDownloadDocumento.aspx?CodigoInstituicao=1&NumeroSequencialDocumento=15716
84.208.123/0001-02;2012-01-01;2;CIA DOCAS DE IMBITUBA;003174;FCA;19086;2012-06-01;http://www.rad.cvm.gov.br/ENETCONSULTA/frmDownloadDocumento.aspx?CodigoInstituicao=1&NumeroSequencialDocumento=19086
84.429.695/0001-11;2012-01-01;1;WEG S.A.;005410;FCA;14020;2012-01-31;http://www.rad.cvm.gov.br/ENETCONSULTA/frmDownloadDocumento.aspx?CodigoInstituicao=1&NumeroSequencialDocumento=14020
84.429.695/0001-11;2012-01-01;2;WEG S.A.;005410;FCA;16711;2012-05-03;http://www.rad.cvm.gov.br/ENETCONSULTA/frmDownloadDocumento.aspx?CodigoInstituicao=1&NumeroSequencialDocumento=16711
84.429.752/0001-62;2012-01-01;1;MARISOL SA;008486;FCA;14397;2012-02-16;http://www.rad.cvm.gov.br/ENETCONSULTA/frmDownloadDocumento.aspx?CodigoInstituicao=1&NumeroSequencialDocumento=14397
84.429.752/0001-62;2012-01-01;2;MARISOL SA;008486;FCA;18445;2012-05-30;http://www.rad.cvm.gov.br/ENETCONSULTA/frmDownloadDocumento.aspx?CodigoInstituicao=1&NumeroSequencialDocumento=18445
84.683.374/0001-49;2012-01-01;1;TUPY S.A.;006343;FCA;15113;2012-03-19;http://www.rad.cvm.gov.br/ENETCONSULTA/frmDownloadDocumento.aspx?CodigoInstituicao=1&NumeroSequencialDocumento=15113
84.683.374/0001-49;2012-01-01;2;TUPY S.A.;006343;FCA;18940;2012-05-31;http://www.rad.cvm.gov.br/ENETCONSULTA/frmDownloadDocumento.aspx?CodigoInstituicao=1&NumeroSequencialDocumento=18940
84.683.374/0001-49;2012-01-01;3;TUPY S.A.;006343;FCA;22335;2012-11-12;http://www.rad.cvm.gov.br/ENETCONSULTA/frmDownloadDocumento.aspx?CodigoInstituicao=1&NumeroSequencialDocumento=22335
84.683.408/0001-03;2012-01-01;1;DOHLER S.A.;005207;FCA;13772;2012-01-12;http://www.rad.cvm.gov.br/ENETCONSULTA/frmDownloadDocumento.aspx?CodigoInstituicao=1&NumeroSequencialDocumento=13772
84.683.408/0001-03;2012-01-01;2;DOHLER S.A.;005207;FCA;16703;2012-05-03;http://www.rad.cvm.gov.br/ENETCONSULTA/frmDownloadDocumento.aspx?CodigoInstituicao=1&NumeroSequencialDocumento=16703
84.683.671/0001-94;2012-01-01;1;WETZEL S.A.;011991;FCA;14128;2012-02-07;http://www.rad.cvm.gov.br/ENETCONSULTA/frmDownloadDocumento.aspx?CodigoInstituicao=1&NumeroSequencialDocumento=14128
84.683.671/0001-94;2012-01-01;2;WETZEL S.A.;011991;FCA;18669;2012-05-31;http://www.rad.cvm.gov.br/ENETCONSULTA/frmDownloadDocumento.aspx?CodigoInstituicao=1&NumeroSequencialDocumento=18669
84.683.762/0001-20;2012-01-01;1;METALURGICA DUQUE SA;008648;FCA;15753;2012-03-30;http://www.rad.cvm.gov.br/ENETCONSULTA/frmDownloadDocumento.aspx?CodigoInstituicao=1&NumeroSequencialDocumento=15753
84.683.762/0001-20;2012-01-01;2;METALURGICA DUQUE SA;008648;FCA;22816;2012-11-16;http://www.rad.cvm.gov.br/ENETCONSULTA/frmDownloadDocumento.aspx?CodigoInstituicao=1&NumeroSequencialDocumento=22816
84.693.183/0001-68;2012-01-01;1;SCHULZ S.A.;014664;FCA;14830;2012-03-08;http://www.rad.cvm.gov.br/ENETCONSULTA/frmDownloadDocumento.aspx?CodigoInstituicao=1&NumeroSequencialDocumento=14830
85.041.333/0001-11;2012-01-01;1;PORTO PONTA DO FELIX S/A;015407;FCA;13750;2012-01-11;http://www.rad.cvm.gov.br/ENETCONSULTA/frmDownloadDocumento.aspx?CodigoInstituicao=1&NumeroSequencialDocumento=13750
85.041.333/0001-11;2012-01-01;2;PORTO PONTA DO FELIX S/A;015407;FCA;17989;2012-05-17;http://www.rad.cvm.gov.br/ENETCONSULTA/frmDownloadDocumento.aspx?CodigoInstituicao=1&NumeroSequencialDocumento=17989
85.041.333/0001-11;2012-01-01;3;PORTO PONTA DO FELIX S/A;015407;FCA;19757;2012-07-19;http://www.rad.cvm.gov.br/ENETCONSULTA/frmDownloadDocumento.aspx?CodigoInstituicao=1&NumeroSequencialDocumento=19757
85.778.074/0001-06;2012-01-01;1;METALURGICA RIOSULENSE S.A.;013439;FCA;15186;2012-03-21;http://www.rad.cvm.gov.br/ENETCONSULTA/frmDownloadDocumento.aspx?CodigoInstituicao=1&NumeroSequencialDocumento=15186
85.778.074/0001-06;2012-01-01;2;METALURGICA RIOSULENSE S.A.;013439;FCA;18102;2012-05-22;http://www.rad.cvm.gov.br/ENETCONSULTA/frmDownloadDocumento.aspx?CodigoInstituicao=1&NumeroSequencialDocumento=18102
86.375.425/0001-09;2012-01-01;1;METISA METALURGICA TIMBOENSE S.A.;008753;FCA;14815;2012-03-08;http://www.rad.cvm.gov.br/ENETCONSULTA/frmDownloadDocumento.aspx?CodigoInstituicao=1&NumeroSequencialDocumento=14815
86.375.425/0001-09;2012-01-01;2;METISA METALURGICA TIMBOENSE S.A.;008753;FCA;17178;2012-05-10;http://www.rad.cvm.gov.br/ENETCONSULTA/frmDownloadDocumento.aspx?CodigoInstituicao=1&NumeroSequencialDocumento=17178
86.375.425/0001-09;2012-01-01;3;METISA METALURGICA TIMBOENSE S.A.;008753;FCA;20335;2012-08-13;http://www.rad.cvm.gov.br/ENETCONSULTA/frmDownloadDocumento.aspx?CodigoInstituicao=1&NumeroSequencialDocumento=20335
86.550.951/0001-50;2012-01-01;1;POMIFRUTAS S/A EM RECUPERACAO JUDICIAL;019658;FCA;15062;2012-03-15;http://www.rad.cvm.gov.br/ENETCONSULTA/frmDownloadDocumento.aspx?CodigoInstituicao=1&NumeroSequencialDocumento=15062
87.043.832/0001-73;2012-01-01;1;SEIVA S.A. - FLORESTAS E INDÚSTRIAS;010561;FCA;13717;2012-01-10;http://www.rad.cvm.gov.br/ENETCONSULTA/frmDownloadDocumento.aspx?CodigoInstituicao=1&NumeroSequencialDocumento=13717
87.043.832/0001-73;2012-01-01;2;SEIVA S.A. - FLORESTAS E INDÚSTRIAS;010561;FCA;18358;2012-05-29;http://www.rad.cvm.gov.br/ENETCONSULTA/frmDownloadDocumento.aspx?CodigoInstituicao=1&NumeroSequencialDocumento=18358
87.456.562/0001-22;2012-01-01;1;JOSAPAR-JOAQUIM OLIVEIRA S.A. - PARTICIP;013285;FCA;14822;2012-03-08;http://www.rad.cvm.gov.br/ENETCONSULTA/frmDownloadDocumento.aspx?CodigoInstituicao=1&NumeroSequencialDocumento=14822
87.456.562/0001-22;2012-01-01;2;JOSAPAR-JOAQUIM OLIVEIRA S.A. - PARTICIP;013285;FCA;18399;2012-05-29;http://www.rad.cvm.gov.br/ENETCONSULTA/frmDownloadDocumento.aspx?CodigoInstituicao=1&NumeroSequencialDocumento=18399
87.456.562/0001-22;2012-01-01;3;JOSAPAR-JOAQUIM OLIVEIRA S.A. - PARTICIP;013285;FCA;21719;2012-10-17;http://www.rad.cvm.gov.br/ENETCONSULTA/frmDownloadDocumento.aspx?CodigoInstituicao=1&NumeroSequencialDocumento=21719
87.762.563/0001-03;2012-01-01;1;CIA HABITASUL DE PARTICIPACOES;003298;FCA;14090;2012-02-03;http://www.rad.cvm.gov.br/ENETCONSULTA/frmDownloadDocumento.aspx?CodigoInstituicao=1&NumeroSequencialDocumento=14090
87.762.563/0001-03;2012-01-01;2;CIA HABITASUL DE PARTICIPACOES;003298;FCA;17235;2012-05-10;http://www.rad.cvm.gov.br/ENETCONSULTA/frmDownloadDocumento.aspx?CodigoInstituicao=1&NumeroSequencialDocumento=17235
88.610.126/0001-29;2012-01-01;1;FRAS-LE S.A.;006211;FCA;13673;2012-01-09;http://www.rad.cvm.gov.br/ENETCONSULTA/frmDownloadDocumento.aspx?CodigoInstituicao=1&NumeroSequencialDocumento=13673
88.610.126/0001-29;2012-01-01;2;FRAS-LE S.A.;006211;FCA;14449;2012-02-20;http://www.rad.cvm.gov.br/ENETCONSULTA/frmDownloadDocumento.aspx?CodigoInstituicao=1&NumeroSequencialDocumento=14449
88.610.126/0001-29;2012-01-01;3;FRAS-LE S.A.;006211;FCA;18447;2012-05-30;http://www.rad.cvm.gov.br/ENETCONSULTA/frmDownloadDocumento.aspx?CodigoInstituicao=1&NumeroSequencialDocumento=18447
88.610.191/0001-54;2012-01-01;1;MUNDIAL S.A. - PRODUTOS DE CONSUMO;005312;FCA;13550;2012-01-02;http://www.rad.cvm.gov.br/ENETCONSULTA/frmDownloadDocumento.aspx?CodigoInstituicao=1&NumeroSequencialDocumento=13550
88.610.191/0001-54;2012-01-01;2;MUNDIAL S.A. - PRODUTOS DE CONSUMO;005312;FCA;17625;2012-05-15;http://www.rad.cvm.gov.br/ENETCONSULTA/frmDownloadDocumento.aspx?CodigoInstituicao=1&NumeroSequencialDocumento=17625
88.611.835/0001-29;2012-01-01;1;MARCOPOLO S.A.;008451;FCA;14468;2012-02-23;http://www.rad.cvm.gov.br/ENETCONSULTA/frmDownloadDocumento.aspx?CodigoInstituicao=1&NumeroSequencialDocumento=14468
88.611.835/0001-29;2012-01-01;2;MARCOPOLO S.A.;008451;FCA;17374;2012-05-11;http://www.rad.cvm.gov.br/ENETCONSULTA/frmDownloadDocumento.aspx?CodigoInstituicao=1&NumeroSequencialDocumento=17374
88.613.658/0001-10;2012-01-01;1;PETTENATI S.A. INDUSTRIA TEXTIL;009539;FCA;14303;2012-02-14;http://www.rad.cvm.gov.br/ENETCONSULTA/frmDownloadDocumento.aspx?CodigoInstituicao=1&NumeroSequencialDocumento=14303
88.613.658/0001-10;2012-01-01;2;PETTENATI S.A. INDUSTRIA TEXTIL;009539;FCA;18340;2012-05-29;http://www.rad.cvm.gov.br/ENETCONSULTA/frmDownloadDocumento.aspx?CodigoInstituicao=1&NumeroSequencialDocumento=18340
88.613.658/0001-10;2012-01-01;3;PETTENATI S.A. INDUSTRIA TEXTIL;009539;FCA;21456;2012-09-27;http://www.rad.cvm.gov.br/ENETCONSULTA/frmDownloadDocumento.aspx?CodigoInstituicao=1&NumeroSequencialDocumento=21456
89.086.144/0001-16;2012-01-01;1;RANDON S.A. IMPLEMENTOS E PARTICIPACOES;014109;FCA;13677;2012-01-09;http://www.rad.cvm.gov.br/ENETCONSULTA/frmDownloadDocumento.aspx?CodigoInstituicao=1&NumeroSequencialDocumento=13677
89.086.144/0001-16;2012-01-01;2;RANDON S.A. IMPLEMENTOS E PARTICIPACOES;014109;FCA;16967;2012-05-08;http://www.rad.cvm.gov.br/ENETCONSULTA/frmDownloadDocumento.aspx?CodigoInstituicao=1&NumeroSequencialDocumento=16967
89.086.144/0001-16;2012-01-01;3;RANDON S.A. IMPLEMENTOS E PARTICIPACOES;014109;FCA;21028;2012-08-29;http://www.rad.cvm.gov.br/ENETCONSULTA/frmDownloadDocumento.aspx?CodigoInstituicao=1&NumeroSequencialDocumento=21028
89.096.457/0001-55;2012-01-01;1;SLC AGRICOLA S.A.;020745;FCA;14264;2012-02-13;http://www.rad.cvm.gov.br/ENETCONSULTA/frmDownloadDocumento.aspx?CodigoInstituicao=1&NumeroSequencialDocumento=14264
89.096.457/0001-55;2012-01-01;2;SLC AGRICOLA S.A.;020745;FCA;16899;2012-05-07;http://www.rad.cvm.gov.br/ENETCONSULTA/frmDownloadDocumento.aspx?CodigoInstituicao=1&NumeroSequencialDocumento=16899
89.463.822/0001-12;2012-01-01;1;LUPATECH S.A;020060;FCA;15890;2012-04-02;http://www.rad.cvm.gov.br/ENETCONSULTA/frmDownloadDocumento.aspx?CodigoInstituicao=1&NumeroSequencialDocumento=15890
89.463.822/0001-12;2012-01-01;2;LUPATECH S.A;020060;FCA;16668;2012-05-03;http://www.rad.cvm.gov.br/ENETCONSULTA/frmDownloadDocumento.aspx?CodigoInstituicao=1&NumeroSequencialDocumento=16668
89.463.822/0001-12;2012-01-01;3;LUPATECH S.A;020060;FCA;19497;2012-06-29;http://www.rad.cvm.gov.br/ENETCONSULTA/frmDownloadDocumento.aspx?CodigoInstituicao=1&NumeroSequencialDocumento=19497
89.463.822/0001-12;2012-01-01;4;LUPATECH S.A;020060;FCA;20482;2012-08-14;http://www.rad.cvm.gov.br/ENETCONSULTA/frmDownloadDocumento.aspx?CodigoInstituicao=1&NumeroSequencialDocumento=20482
89.463.822/0001-12;2012-01-01;5;LUPATECH S.A;020060;FCA;21270;2012-09-13;http://www.rad.cvm.gov.br/ENETCONSULTA/frmDownloadDocumento.aspx?CodigoInstituicao=1&NumeroSequencialDocumento=21270
89.463.822/0001-12;2012-01-01;6;LUPATECH S.A;020060;FCA;21671;2012-10-12;http://www.rad.cvm.gov.br/ENETCONSULTA/frmDownloadDocumento.aspx?CodigoInstituicao=1&NumeroSequencialDocumento=21671
89.547.269/0001-04;2012-01-01;1;DIGITEL SA INDUSTRIA ELETRONICA;012858;FCA;15528;2012-03-28;http://www.rad.cvm.gov.br/ENETCONSULTA/frmDownloadDocumento.aspx?CodigoInstituicao=1&NumeroSequencialDocumento=15528
89.547.269/0001-04;2012-01-01;2;DIGITEL SA INDUSTRIA ELETRONICA;012858;FCA;17110;2012-05-09;http://www.rad.cvm.gov.br/ENETCONSULTA/frmDownloadDocumento.aspx?CodigoInstituicao=1&NumeroSequencialDocumento=17110
89.637.490/0001-45;2012-01-01;1;KLABIN S.A.;012653;FCA;14624;2012-03-01;http://www.rad.cvm.gov.br/ENETCONSULTA/frmDownloadDocumento.aspx?CodigoInstituicao=1&NumeroSequencialDocumento=14624
89.637.490/0001-45;2012-01-01;2;KLABIN S.A.;012653;FCA;16135;2012-04-11;http://www.rad.cvm.gov.br/ENETCONSULTA/frmDownloadDocumento.aspx?CodigoInstituicao=1&NumeroSequencialDocumento=16135
89.637.490/0001-45;2012-01-01;3;KLABIN S.A.;012653;FCA;16883;2012-05-07;http://www.rad.cvm.gov.br/ENETCONSULTA/frmDownloadDocumento.aspx?CodigoInstituicao=1&NumeroSequencialDocumento=16883
89.637.490/0001-45;2012-01-01;4;KLABIN S.A.;012653;FCA;20971;2012-08-24;http://www.rad.cvm.gov.br/ENETCONSULTA/frmDownloadDocumento.aspx?CodigoInstituicao=1&NumeroSequencialDocumento=20971
89.637.490/0001-45;2012-01-01;5;KLABIN S.A.;012653;FCA;21863;2012-10-24;http://www.rad.cvm.gov.br/ENETCONSULTA/frmDownloadDocumento.aspx?CodigoInstituicao=1&NumeroSequencialDocumento=21863
89.723.993/0001-33;2012-01-01;1;CONSTRUTORA SULTEPA S.A. - EM RECUPERAÇÃO JUDICIAL;013030;FCA;14662;2012-03-02;http://www.rad.cvm.gov.br/ENETCONSULTA/frmDownloadDocumento.aspx?CodigoInstituicao=1&NumeroSequencialDocumento=14662
89.850.341/0001-60;2012-01-01;1;GRENDENE S.A.;019615;FCA;14643;2012-03-01;http://www.rad.cvm.gov.br/ENETCONSULTA/frmDownloadDocumento.aspx?CodigoInstituicao=1&NumeroSequencialDocumento=14643
89.850.341/0001-60;2012-01-01;2;GRENDENE S.A.;019615;FCA;16771;2012-05-04;http://www.rad.cvm.gov.br/ENETCONSULTA/frmDownloadDocumento.aspx?CodigoInstituicao=1&NumeroSequencialDocumento=16771
90.076.886/0001-40;2012-01-01;1;MINUPAR PARTICIPACOES S.A.;013765;FCA;14041;2012-02-01;http://www.rad.cvm.gov.br/ENETCONSULTA/frmDownloadDocumento.aspx?CodigoInstituicao=1&NumeroSequencialDocumento=14041
90.076.886/0001-40;2012-01-01;2;MINUPAR PARTICIPACOES S.A.;013765;FCA;18789;2012-05-31;http://www.rad.cvm.gov.br/ENETCONSULTA/frmDownloadDocumento.aspx?CodigoInstituicao=1&NumeroSequencialDocumento=18789
90.400.888/0001-42;2012-01-01;1;BCO SANTANDER (BRASIL) S.A.;020532;FCA;13659;2012-01-06;http://www.rad.cvm.gov.br/ENETCONSULTA/frmDownloadDocumento.aspx?CodigoInstituicao=1&NumeroSequencialDocumento=13659
90.400.888/0001-42;2012-01-01;2;BCO SANTANDER (BRASIL) S.A.;020532;FCA;19017;2012-05-31;http://www.rad.cvm.gov.br/ENETCONSULTA/frmDownloadDocumento.aspx?CodigoInstituicao=1&NumeroSequencialDocumento=19017
90.441.460/0001-48;2012-01-01;1;UNICASA INDÚSTRIA DE MÓVEIS S.A.;022780;FCA;16473;2012-04-26;http://www.rad.cvm.gov.br/ENETCONSULTA/frmDownloadDocumento.aspx?CodigoInstituicao=1&NumeroSequencialDocumento=16473
90.441.460/0001-48;2012-01-01;2;UNICASA INDÚSTRIA DE MÓVEIS S.A.;022780;FCA;17894;2012-05-16;http://www.rad.cvm.gov.br/ENETCONSULTA/frmDownloadDocumento.aspx?CodigoInstituicao=1&NumeroSequencialDocumento=17894
90.724.345/0001-80;2012-01-01;1;IND MAQS AGRICOLAS FUCHS SA;007064;FCA;13784;2012-01-12;http://www.rad.cvm.gov.br/ENETCONSULTA/frmDownloadDocumento.aspx?CodigoInstituicao=1&NumeroSequencialDocumento=13784
90.724.345/0001-80;2012-01-01;2;IND MAQS AGRICOLAS FUCHS SA;007064;FCA;16629;2012-05-02;http://www.rad.cvm.gov.br/ENETCONSULTA/frmDownloadDocumento.aspx?CodigoInstituicao=1&NumeroSequencialDocumento=16629
91.333.666/0001-17;2012-01-01;1;RECRUSUL S.A.;012572;FCA;15726;2012-03-30;http://www.rad.cvm.gov.br/ENETCONSULTA/frmDownloadDocumento.aspx?CodigoInstituicao=1&NumeroSequencialDocumento=15726
91.333.666/0001-17;2012-01-01;2;RECRUSUL S.A.;012572;FCA;16723;2012-05-03;http://www.rad.cvm.gov.br/ENETCONSULTA/frmDownloadDocumento.aspx?CodigoInstituicao=1&NumeroSequencialDocumento=16723
91.333.666/0001-17;2012-01-01;3;RECRUSUL S.A.;012572;FCA;23215;2012-12-14;http://www.rad.cvm.gov.br/ENETCONSULTA/frmDownloadDocumento.aspx?CodigoInstituicao=1&NumeroSequencialDocumento=23215
91.669.747/0001-92;2012-01-01;1;DM FINANCEIRA S.A. - CRÉDITO, FINANCIAMENTO E INVESTIMENTO;006076;FCA;13770;2012-01-12;http://www.rad.cvm.gov.br/ENETCONSULTA/frmDownloadDocumento.aspx?CodigoInstituicao=1&NumeroSequencialDocumento=13770
91.669.747/0001-92;2012-01-01;2;DM FINANCEIRA S.A. - CRÉDITO, FINANCIAMENTO E INVESTIMENTO;006076;FCA;16600;2012-05-02;http://www.rad.cvm.gov.br/ENETCONSULTA/frmDownloadDocumento.aspx?CodigoInstituicao=1&NumeroSequencialDocumento=16600
91.820.068/0001-72;2012-01-01;1;ÉVORA SA;013412;FCA;15883;2012-04-01;http://www.rad.cvm.gov.br/ENETCONSULTA/frmDownloadDocumento.aspx?CodigoInstituicao=1&NumeroSequencialDocumento=15883
91.820.068/0001-72;2012-01-01;2;ÉVORA SA;013412;FCA;18550;2012-05-30;http://www.rad.cvm.gov.br/ENETCONSULTA/frmDownloadDocumento.aspx?CodigoInstituicao=1&NumeroSequencialDocumento=18550
91.983.056/0001-69;2012-01-01;1;KEPLER WEBER S.A.;007870;FCA;14251;2012-02-13;http://www.rad.cvm.gov.br/ENETCONSULTA/frmDownloadDocumento.aspx?CodigoInstituicao=1&NumeroSequencialDocumento=14251
91.983.056/0001-69;2012-01-01;2;KEPLER WEBER S.A.;007870;FCA;18539;2012-05-30;http://www.rad.cvm.gov.br/ENETCONSULTA/frmDownloadDocumento.aspx?CodigoInstituicao=1&NumeroSequencialDocumento=18539
92.012.467/0001-70;2012-01-01;1;GRAZZIOTIN S.A.;004537;FCA;14838;2012-03-09;http://www.rad.cvm.gov.br/ENETCONSULTA/frmDownloadDocumento.aspx?CodigoInstituicao=1&NumeroSequencialDocumento=14838
92.012.467/0001-70;2012-01-01;2;GRAZZIOTIN S.A.;004537;FCA;17940;2012-05-16;http://www.rad.cvm.gov.br/ENETCONSULTA/frmDownloadDocumento.aspx?CodigoInstituicao=1&NumeroSequencialDocumento=17940
92.012.467/0001-70;2012-01-01;3;GRAZZIOTIN S.A.;004537;FCA;20378;2012-08-13;http://www.rad.cvm.gov.br/ENETCONSULTA/frmDownloadDocumento.aspx?CodigoInstituicao=1&NumeroSequencialDocumento=20378
92.660.570/0001-26;2012-01-01;1;TREVISA INVESTIMENTOS S.A.;008192;FCA;14256;2012-02-13;http://www.rad.cvm.gov.br/ENETCONSULTA/frmDownloadDocumento.aspx?CodigoInstituicao=1&NumeroSequencialDocumento=14256
92.660.570/0001-26;2012-01-01;2;TREVISA INVESTIMENTOS S.A.;008192;FCA;16392;2012-04-24;http://www.rad.cvm.gov.br/ENETCONSULTA/frmDownloadDocumento.aspx?CodigoInstituicao=1&NumeroSequencialDocumento=16392
92.660.570/0001-26;2012-01-01;3;TREVISA INVESTIMENTOS S.A.;008192;FCA;18434;2012-05-30;http://www.rad.cvm.gov.br/ENETCONSULTA/frmDownloadDocumento.aspx?CodigoInstituicao=1&NumeroSequencialDocumento=18434
92.665.611/0001-77;2012-01-01;1;DIMED S.A. DISTRIBUIDORA DE MEDICAMENTOS;009342;FCA;13869;2012-01-18;http://www.rad.cvm.gov.br/ENETCONSULTA/frmDownloadDocumento.aspx?CodigoInstituicao=1&NumeroSequencialDocumento=13869
92.665.611/0001-77;2012-01-01;2;DIMED S.A. DISTRIBUIDORA DE MEDICAMENTOS;009342;FCA;18866;2012-05-31;http://www.rad.cvm.gov.br/ENETCONSULTA/frmDownloadDocumento.aspx?CodigoInstituicao=1&NumeroSequencialDocumento=18866
92.690.783/0001-09;2012-01-01;1;METALURGICA GERDAU S.A.;008656;FCA;13722;2012-01-10;http://www.rad.cvm.gov.br/ENETCONSULTA/frmDownloadDocumento.aspx?CodigoInstituicao=1&NumeroSequencialDocumento=13722
92.690.783/0001-09;2012-01-01;2;METALURGICA GERDAU S.A.;008656;FCA;18366;2012-05-29;http://www.rad.cvm.gov.br/ENETCONSULTA/frmDownloadDocumento.aspx?CodigoInstituicao=1&NumeroSequencialDocumento=18366
92.693.019/0001-89;2012-01-01;1;PANATLANTICA S.A.;000094;FCA;15154;2012-03-20;http://www.rad.cvm.gov.br/ENETCONSULTA/frmDownloadDocumento.aspx?CodigoInstituicao=1&NumeroSequencialDocumento=15154
92.693.019/0001-89;2012-01-01;2;PANATLANTICA S.A.;000094;FCA;16859;2012-05-07;http://www.rad.cvm.gov.br/ENETCONSULTA/frmDownloadDocumento.aspx?CodigoInstituicao=1&NumeroSequencialDocumento=16859
92.693.019/0001-89;2012-01-01;3;PANATLANTICA S.A.;000094;FCA;20435;2012-08-14;http://www.rad.cvm.gov.br/ENETCONSULTA/frmDownloadDocumento.aspx?CodigoInstituicao=1&NumeroSequencialDocumento=20435
92.693.019/0001-89;2012-01-01;4;PANATLANTICA S.A.;000094;FCA;22554;2012-11-14;http://www.rad.cvm.gov.br/ENETCONSULTA/frmDownloadDocumento.aspx?CodigoInstituicao=1&NumeroSequencialDocumento=22554
92.702.067/0001-96;2012-01-01;1;BCO ESTADO DO RIO GRANDE DO SUL S.A.;001210;FCA;13922;2012-01-24;http://www.rad.cvm.gov.br/ENETCONSULTA/frmDownloadDocumento.aspx?CodigoInstituicao=1&NumeroSequencialDocumento=13922
92.702.067/0001-96;2012-01-01;2;BCO ESTADO DO RIO GRANDE DO SUL S.A.;001210;FCA;14536;2012-02-27;http://www.rad.cvm.gov.br/ENETCONSULTA/frmDownloadDocumento.aspx?CodigoInstituicao=1&NumeroSequencialDocumento=14536
92.702.067/0001-96;2012-01-01;3;BCO ESTADO DO RIO GRANDE DO SUL S.A.;001210;FCA;17408;2012-05-11;http://www.rad.cvm.gov.br/ENETCONSULTA/frmDownloadDocumento.aspx?CodigoInstituicao=1&NumeroSequencialDocumento=17408
92.702.067/0001-96;2012-01-01;4;BCO ESTADO DO RIO GRANDE DO SUL S.A.;001210;FCA;18299;2012-05-28;http://www.rad.cvm.gov.br/ENETCONSULTA/frmDownloadDocumento.aspx?CodigoInstituicao=1&NumeroSequencialDocumento=18299
92.715.812/0001-31;2012-01-01;1;CIA ESTADUAL DE TRANSMISSÃO DE ENERGIA ELETRICA - CEEE-T;003204;FCA;13800;2012-01-13;http://www.rad.cvm.gov.br/ENETCONSULTA/frmDownloadDocumento.aspx?CodigoInstituicao=1&NumeroSequencialDocumento=13800
92.715.812/0001-31;2012-01-01;2;CIA ESTADUAL DE TRANSMISSÃO DE ENERGIA ELETRICA - CEEE-T;003204;FCA;19101;2012-06-01;http://www.rad.cvm.gov.br/ENETCONSULTA/frmDownloadDocumento.aspx?CodigoInstituicao=1&NumeroSequencialDocumento=19101
92.721.232/0001-57;2012-01-01;1;BANRISUL ARMAZENS GERAIS SA;015822;FCA;15243;2012-03-22;http://www.rad.cvm.gov.br/ENETCONSULTA/frmDownloadDocumento.aspx?CodigoInstituicao=1&NumeroSequencialDocumento=15243
92.721.232/0001-57;2012-01-01;2;BANRISUL ARMAZENS GERAIS SA;015822;FCA;21966;2012-10-30;http://www.rad.cvm.gov.br/ENETCONSULTA/frmDownloadDocumento.aspx?CodigoInstituicao=1&NumeroSequencialDocumento=21966
92.749.225/0001-63;2012-01-01;1;HERCULES S.A. FABRICA DE TALHERES;006629;FCA;13547;2012-01-02;http://www.rad.cvm.gov.br/ENETCONSULTA/frmDownloadDocumento.aspx?CodigoInstituicao=1&NumeroSequencialDocumento=13547
92.749.225/0001-63;2012-01-01;2;HERCULES S.A. FABRICA DE TALHERES;006629;FCA;17629;2012-05-15;http://www.rad.cvm.gov.br/ENETCONSULTA/frmDownloadDocumento.aspx?CodigoInstituicao=1&NumeroSequencialDocumento=17629
92.749.225/0001-63;2012-01-01;3;HERCULES S.A. FABRICA DE TALHERES;006629;FCA;19473;2012-06-28;http://www.rad.cvm.gov.br/ENETCONSULTA/frmDownloadDocumento.aspx?CodigoInstituicao=1&NumeroSequencialDocumento=19473
92.754.738/0001-62;2012-01-01;1;LOJAS RENNER S.A.;008133;FCA;13641;2012-01-06;http://www.rad.cvm.gov.br/ENETCONSULTA/frmDownloadDocumento.aspx?CodigoInstituicao=1&NumeroSequencialDocumento=13641
92.754.738/0001-62;2012-01-01;2;LOJAS RENNER S.A.;008133;FCA;17617;2012-05-15;http://www.rad.cvm.gov.br/ENETCONSULTA/frmDownloadDocumento.aspx?CodigoInstituicao=1&NumeroSequencialDocumento=17617
92.781.335/0001-02;2012-01-01;1;TAURUS ARMAS S.A.;006173;FCA;14604;2012-02-29;http://www.rad.cvm.gov.br/ENETCONSULTA/frmDownloadDocumento.aspx?CodigoInstituicao=1&NumeroSequencialDocumento=14604
92.781.335/0001-02;2012-01-01;2;TAURUS ARMAS S.A.;006173;FCA;18015;2012-05-18;http://www.rad.cvm.gov.br/ENETCONSULTA/frmDownloadDocumento.aspx?CodigoInstituicao=1&NumeroSequencialDocumento=18015
92.781.335/0001-02;2012-01-01;3;TAURUS ARMAS S.A.;006173;FCA;19207;2012-06-11;http://www.rad.cvm.gov.br/ENETCONSULTA/frmDownloadDocumento.aspx?CodigoInstituicao=1&NumeroSequencialDocumento=19207
92.791.243/0001-03;2012-01-01;1;IRANI PAPEL E EMBALAGEM S.A.;002429;FCA;13546;2012-01-02;http://www.rad.cvm.gov.br/ENETCONSULTA/frmDownloadDocumento.aspx?CodigoInstituicao=1&NumeroSequencialDocumento=13546
92.791.243/0001-03;2012-01-01;2;IRANI PAPEL E EMBALAGEM S.A.;002429;FCA;18503;2012-05-30;http://www.rad.cvm.gov.br/ENETCONSULTA/frmDownloadDocumento.aspx?CodigoInstituicao=1&NumeroSequencialDocumento=18503
92.802.784/0001-90;2012-01-01;1;CIA RIOGRANDENSE DE SANEAMENTO;016748;FCA;13583;2012-01-04;http://www.rad.cvm.gov.br/ENETCONSULTA/frmDownloadDocumento.aspx?CodigoInstituicao=1&NumeroSequencialDocumento=13583
92.802.784/0001-90;2012-01-01;2;CIA RIOGRANDENSE DE SANEAMENTO;016748;FCA;16677;2012-05-03;http://www.rad.cvm.gov.br/ENETCONSULTA/frmDownloadDocumento.aspx?CodigoInstituicao=1&NumeroSequencialDocumento=16677
92.802.784/0001-90;2012-01-01;3;CIA RIOGRANDENSE DE SANEAMENTO;016748;FCA;18450;2012-05-30;http://www.rad.cvm.gov.br/ENETCONSULTA/frmDownloadDocumento.aspx?CodigoInstituicao=1&NumeroSequencialDocumento=18450
92.825.900/0001-96;2012-01-01;1;DHB IND E COMERCIO SA;005150;FCA;15942;2012-04-03;http://www.rad.cvm.gov.br/ENETCONSULTA/frmDownloadDocumento.aspx?CodigoInstituicao=1&NumeroSequencialDocumento=15942
92.929.520/0001-00;2012-01-01;1;SPRINGER S.A.;010960;FCA;14418;2012-02-17;http://www.rad.cvm.gov.br/ENETCONSULTA/frmDownloadDocumento.aspx?CodigoInstituicao=1&NumeroSequencialDocumento=14418
92.929.520/0001-00;2012-01-01;2;SPRINGER S.A.;010960;FCA;18081;2012-05-21;http://www.rad.cvm.gov.br/ENETCONSULTA/frmDownloadDocumento.aspx?CodigoInstituicao=1&NumeroSequencialDocumento=18081
93.167.658/0001-73;2012-01-01;1;SDV ADM-DE SHOPPING CENTERS SA;013790;FCA;15945;2012-04-03;http://www.rad.cvm.gov.br/ENETCONSULTA/frmDownloadDocumento.aspx?CodigoInstituicao=1&NumeroSequencialDocumento=15945
93.828.986/0001-73;2012-01-01;1;CEMEPE INVESTIMENTOS S.A.;013854;FCA;15584;2012-03-29;http://www.rad.cvm.gov.br/ENETCONSULTA/frmDownloadDocumento.aspx?CodigoInstituicao=1&NumeroSequencialDocumento=15584
93.828.986/0001-73;2012-01-01;2;CEMEPE INVESTIMENTOS S.A.;013854;FCA;17508;2012-05-14;http://www.rad.cvm.gov.br/ENETCONSULTA/frmDownloadDocumento.aspx?CodigoInstituicao=1&NumeroSequencialDocumento=17508
93.828.986/0001-73;2012-01-01;3;CEMEPE INVESTIMENTOS S.A.;013854;FCA;18206;2012-05-24;http://www.rad.cvm.gov.br/ENETCONSULTA/frmDownloadDocumento.aspx?CodigoInstituicao=1&NumeroSequencialDocumento=18206
93.828.986/0001-73;2012-01-01;4;CEMEPE INVESTIMENTOS S.A.;013854;FCA;19378;2012-06-21;http://www.rad.cvm.gov.br/ENETCONSULTA/frmDownloadDocumento.aspx?CodigoInstituicao=1&NumeroSequencialDocumento=19378
94.789.468/0001-50;2012-01-01;1;RASIP AGRO PASTORIL SA;018279;FCA;13702;2012-01-09;http://www.rad.cvm.gov.br/ENETCONSULTA/frmDownloadDocumento.aspx?CodigoInstituicao=1&NumeroSequencialDocumento=13702
94.789.468/0001-50;2012-01-01;2;RASIP AGRO PASTORIL SA;018279;FCA;17351;2012-05-11;http://www.rad.cvm.gov.br/ENETCONSULTA/frmDownloadDocumento.aspx?CodigoInstituicao=1&NumeroSequencialDocumento=17351
94.789.468/0001-50;2012-01-01;3;RASIP AGRO PASTORIL SA;018279;FCA;20304;2012-08-10;http://www.rad.cvm.gov.br/ENETCONSULTA/frmDownloadDocumento.aspx?CodigoInstituicao=1&NumeroSequencialDocumento=20304
94.789.468/0001-50;2012-01-01;4;RASIP AGRO PASTORIL SA;018279;FCA;21805;2012-10-21;http://www.rad.cvm.gov.br/ENETCONSULTA/frmDownloadDocumento.aspx?CodigoInstituicao=1&NumeroSequencialDocumento=21805
95.426.862/0001-97;2012-01-01;1;EXCELSIOR ALIMENTOS S.A.;001570;FCA;14207;2012-02-10;http://www.rad.cvm.gov.br/ENETCONSULTA/frmDownloadDocumento.aspx?CodigoInstituicao=1&NumeroSequencialDocumento=14207
95.426.862/0001-97;2012-01-01;2;EXCELSIOR ALIMENTOS S.A.;001570;FCA;16470;2012-04-26;http://www.rad.cvm.gov.br/ENETCONSULTA/frmDownloadDocumento.aspx?CodigoInstituicao=1&NumeroSequencialDocumento=16470
95.426.862/0001-97;2012-01-01;3;EXCELSIOR ALIMENTOS S.A.;001570;FCA;17907;2012-05-16;http://www.rad.cvm.gov.br/ENETCONSULTA/frmDownloadDocumento.aspx?CodigoInstituicao=1&NumeroSequencialDocumento=17907
95.426.862/0001-97;2012-01-01;4;EXCELSIOR ALIMENTOS S.A.;001570;FCA;21044;2012-08-30;http://www.rad.cvm.gov.br/ENETCONSULTA/frmDownloadDocumento.aspx?CodigoInstituicao=1&NumeroSequencialDocumento=21044
95.426.862/0001-97;2012-01-01;5;EXCELSIOR ALIMENTOS S.A.;001570;FCA;21549;2012-10-05;http://www.rad.cvm.gov.br/ENETCONSULTA/frmDownloadDocumento.aspx?CodigoInstituicao=1&NumeroSequencialDocumento=21549
97.191.902/0001-94;2012-01-01;1;CONSERVAS ODERICH S.A.;004693;FCA;15424;2012-03-27;http://www.rad.cvm.gov.br/ENETCONSULTA/frmDownloadDocumento.aspx?CodigoInstituicao=1&NumeroSequencialDocumento=15424
97.191.902/0001-94;2012-01-01;2;CONSERVAS ODERICH S.A.;004693;FCA;16390;2012-04-24;http://www.rad.cvm.gov.br/ENETCONSULTA/frmDownloadDocumento.aspx?CodigoInstituicao=1&NumeroSequencialDocumento=16390
97.191.902/0001-94;2012-01-01;3;CONSERVAS ODERICH S.A.;004693;FCA;18705;2012-05-31;http://www.rad.cvm.gov.br/ENETCONSULTA/frmDownloadDocumento.aspx?CodigoInstituicao=1&NumeroSequencialDocumento=18705
97.191.902/0001-94;2012-01-01;4;CONSERVAS ODERICH S.A.;004693;FCA;20286;2012-08-10;http://www.rad.cvm.gov.br/ENETCONSULTA/frmDownloadDocumento.aspx?CodigoInstituicao=1&NumeroSequencialDocumento=20286
97.191.902/0001-94;2012-01-01;5;CONSERVAS ODERICH S.A.;004693;FCA;23049;2012-12-05;http://www.rad.cvm.gov.br/ENETCONSULTA/frmDownloadDocumento.aspx?CodigoInstituicao=1&NumeroSequencialDocumento=23049
97.837.181/0001-47;2012-01-01;1;DEXCO S.A.;021091;FCA;13838;2012-01-17;http://www.rad.cvm.gov.br/ENETCONSULTA/frmDownloadDocumento.aspx?CodigoInstituicao=1&NumeroSequencialDocumento=13838
97.837.181/0001-47;2012-01-01;2;DEXCO S.A.;021091;FCA;17963;2012-05-16;http://www.rad.cvm.gov.br/ENETCONSULTA/frmDownloadDocumento.aspx?CodigoInstituicao=1&NumeroSequencialDocumento=17963
97.837.181/0001-47;2012-01-01;3;DEXCO S.A.;021091;FCA;21638;2012-10-11;http://www.rad.cvm.gov.br/ENETCONSULTA/frmDownloadDocumento.aspx?CodigoInstituicao=1&NumeroSequencialDocumento=21638
