CNPJ_CIA;DT_REFER;VERSAO;DENOM_CIA;CD_CVM;CATEG_DOC;ID_DOC;DT_RECEB;LINK_DOC
00.000.000/0001-91;2024-01-01;1;BCO BRASIL S.A.;001023;FCA;133772;2024-01-31;http://www.rad.cvm.gov.br/ENETCONSULTA/frmDownloadDocumento.aspx?CodigoInstituicao=1&NumeroSequencialDocumento=133772
00.000.000/0001-91;2024-01-01;2;BCO BRASIL S.A.;001023;FCA;134913;2024-03-20;http://www.rad.cvm.gov.br/ENETCONSULTA/frmDownloadDocumento.aspx?CodigoInstituicao=1&NumeroSequencialDocumento=134913
00.000.000/0001-91;2024-01-01;3;BCO BRASIL S.A.;001023;FCA;135645;2024-04-11;http://www.rad.cvm.gov.br/ENETCONSULTA/frmDownloadDocumento.aspx?CodigoInstituicao=1&NumeroSequencialDocumento=135645
00.000.208/0001-00;2024-01-01;1;BRB BANCO DE BRASILIA S.A.;014206;FCA;133610;2024-01-18;http://www.rad.cvm.gov.br/ENETCONSULTA/frmDownloadDocumento.aspx?CodigoInstituicao=1&NumeroSequencialDocumento=133610
00.000.208/0001-00;2024-01-01;2;BRB BANCO DE BRASILIA S.A.;014206;FCA;137122;2024-05-13;http://www.rad.cvm.gov.br/ENETCONSULTA/frmDownloadDocumento.aspx?CodigoInstituicao=1&NumeroSequencialDocumento=137122
00.001.180/0001-26;2024-01-01;1;AXIA ENERGIA S.A.;002437;FCA;137963;2024-05-27;http://www.rad.cvm.gov.br/ENETCONSULTA/frmDownloadDocumento.aspx?CodigoInstituicao=1&NumeroSequencialDocumento=137963
00.001.180/0001-26;2024-01-01;2;AXIA ENERGIA S.A.;002437;FCA;142280;2024-10-22;http://www.rad.cvm.gov.br/ENETCONSULTA/frmDownloadDocumento.aspx?CodigoInstituicao=1&NumeroSequencialDocumento=142280
00.070.698/0001-11;2024-01-01;1;COMPANHIA ENERGÉTICA DE BRASÍLIA - CEB;014451;FCA;135578;2024-04-09;http://www.rad.cvm.gov.br/ENETCONSULTA/frmDownloadDocumento.aspx?CodigoInstituicao=1&NumeroSequencialDocumento=135578
00.070.698/0001-11;2024-01-01;2;COMPANHIA ENERGÉTICA DE BRASÍLIA - CEB;014451;FCA;135796;2024-04-19;http://www.rad.cvm.gov.br/ENETCONSULTA/frmDownloadDocumento.aspx?CodigoInstituicao=1&NumeroSequencialDocumento=135796
00.070.698/0001-11;2024-01-01;3;COMPANHIA ENERGÉTICA DE BRASÍLIA - CEB;014451;FCA;135797;2024-04-19;http://www.rad.cvm.gov.br/ENETCONSULTA/frmDownloadDocumento.aspx?CodigoInstituicao=1&NumeroSequencialDocumento=135797
00.070.698/0001-11;2024-01-01;4;COMPANHIA ENERGÉTICA DE BRASÍLIA - CEB;014451;FCA;135798;2024-04-19;http://www.rad.cvm.gov.br/ENETCONSULTA/frmDownloadDocumento.aspx?CodigoInstituicao=1&NumeroSequencialDocumento=135798
00.080.671/0001-00;2024-01-01;1;CARAMURU ALIMENTOS S.A.;026190;FCA;137800;2024-05-22;http://www.rad.cvm.gov.br/ENETCONSULTA/frmDownloadDocumento.aspx?CodigoInstituicao=1&NumeroSequencialDocumento=137800
00.185.475/0001-08;2024-01-01;1;PARCOM PARTICIPACOES S.A. - EM LIQUIDAÇÃO;014680;FCA;135943;2024-04-25;http://www.rad.cvm.gov.br/ENETCONSULTA/frmDownloadDocumento.aspx?CodigoInstituicao=1&NumeroSequencialDocumento=135943
00.192.769/0001-59;2024-01-01;1;NEUMARKT TRADE AND FINANCIAL CENTER S/A;014613;FCA;133369;2024-01-03;http://www.rad.cvm.gov.br/ENETCONSULTA/frmDownloadDocumento.aspx?CodigoInstituicao=1&NumeroSequencialDocumento=133369
00.192.769/0001-59;2024-01-01;2;NEUMARKT TRADE AND FINANCIAL CENTER S/A;014613;FCA;134474;2024-03-06;http://www.rad.cvm.gov.br/ENETCONSULTA/frmDownloadDocumento.aspx?CodigoInstituicao=1&NumeroSequencialDocumento=134474
00.194.724/0001-13;2024-01-01;1;AUREN OPERAÇÕES S.A.;026174;FCA;138120;2024-05-29;http://www.rad.cvm.gov.br/ENETCONSULTA/frmDownloadDocumento.aspx?CodigoInstituicao=1&NumeroSequencialDocumento=138120
00.194.724/0001-13;2024-01-01;2;AUREN OPERAÇÕES S.A.;026174;FCA;142892;2024-11-11;http://www.rad.cvm.gov.br/ENETCONSULTA/frmDownloadDocumento.aspx?CodigoInstituicao=1&NumeroSequencialDocumento=142892
00.242.184/0001-04;2024-01-01;1;ARMAC LOCAÇÃO, LOGÍSTICA E SERVIÇOS S.A.;026069;FCA;138613;2024-05-31;http://www.rad.cvm.gov.br/ENETCONSULTA/frmDownloadDocumento.aspx?CodigoInstituicao=1&NumeroSequencialDocumento=138613
00.249.786/0001-85;2024-01-01;1;FORPART S.A. - EM LIQUIDAÇÃO;014796;FCA;135942;2024-04-25;http://www.rad.cvm.gov.br/ENETCONSULTA/frmDownloadDocumento.aspx?CodigoInstituicao=1&NumeroSequencialDocumento=135942
00.272.185/0001-93;2024-01-01;1;CIMS S.A.;014818;FCA;137632;2024-05-16;http://www.rad.cvm.gov.br/ENETCONSULTA/frmDownloadDocumento.aspx?CodigoInstituicao=1&NumeroSequencialDocumento=137632
00.336.701/0001-04;2024-01-01;1;TELEC BRASILEIRAS S.A. TELEBRAS;011258;FCA;137263;2024-05-14;http://www.rad.cvm.gov.br/ENETCONSULTA/frmDownloadDocumento.aspx?CodigoInstituicao=1&NumeroSequencialDocumento=137263
00.357.038/0001-16;2024-01-01;1;AXIA ENERGIA NORTE S.A.;027472;FCA;135491;2024-04-04;http://www.rad.cvm.gov.br/ENETCONSULTA/frmDownloadDocumento.aspx?CodigoInstituicao=1&NumeroSequencialDocumento=135491
00.357.038/0001-16;2024-01-01;2;AXIA ENERGIA NORTE S.A.;027472;FCA;137917;2024-05-24;http://www.rad.cvm.gov.br/ENETCONSULTA/frmDownloadDocumento.aspx?CodigoInstituicao=1&NumeroSequencialDocumento=137917
00.357.038/0001-16;2024-01-01;3;AXIA ENERGIA NORTE S.A.;027472;FCA;142215;2024-10-16;http://www.rad.cvm.gov.br/ENETCONSULTA/frmDownloadDocumento.aspx?CodigoInstituicao=1&NumeroSequencialDocumento=142215
00.357.038/0001-16;2024-01-01;4;AXIA ENERGIA NORTE S.A.;027472;FCA;142595;2024-11-06;http://www.rad.cvm.gov.br/ENETCONSULTA/frmDownloadDocumento.aspx?CodigoInstituicao=1&NumeroSequencialDocumento=142595
00.359.742/0001-08;2024-01-01;1;FASA S.A. - EM RECUPERAÇÃO JUDICIAL;015423;FCA;137853;2024-05-23;http://www.rad.cvm.gov.br/ENETCONSULTA/frmDownloadDocumento.aspx?CodigoInstituicao=1&NumeroSequencialDocumento=137853
00.359.742/0001-08;2024-01-01;2;FASA S.A. - EM RECUPERAÇÃO JUDICIAL;015423;FCA;143939;2024-12-20;http://www.rad.cvm.gov.br/ENETCONSULTA/frmDownloadDocumento.aspx?CodigoInstituicao=1&NumeroSequencialDocumento=143939
00.383.281/0001-09;2024-01-01;1;BNDES PARTICIPACOES S.A. - BNDESPAR;016772;FCA;134084;2024-02-19;http://www.rad.cvm.gov.br/ENETCONSULTA/frmDownloadDocumento.aspx?CodigoInstituicao=1&NumeroSequencialDocumento=134084
00.383.281/0001-09;2024-01-01;2;BNDES PARTICIPACOES S.A. - BNDESPAR;016772;FCA;137660;2024-05-17;http://www.rad.cvm.gov.br/ENETCONSULTA/frmDownloadDocumento.aspx?CodigoInstituicao=1&NumeroSequencialDocumento=137660
00.389.481/0001-79;2024-01-01;1;LM TRANSPORTES INTERESTADUAIS SERVIÇOS E COMÉRCIO S.A.;024880;FCA;133429;2024-01-05;http://www.rad.cvm.gov.br/ENETCONSULTA/frmDownloadDocumento.aspx?CodigoInstituicao=1&NumeroSequencialDocumento=133429
00.389.481/0001-79;2024-01-01;2;LM TRANSPORTES INTERESTADUAIS SERVIÇOS E COMÉRCIO S.A.;024880;FCA;136979;2024-05-10;http://www.rad.cvm.gov.br/ENETCONSULTA/frmDownloadDocumento.aspx?CodigoInstituicao=1&NumeroSequencialDocumento=136979
00.389.481/0001-79;2024-01-01;3;LM TRANSPORTES INTERESTADUAIS SERVIÇOS E COMÉRCIO S.A.;024880;FCA;136981;2024-05-10;http://www.rad.cvm.gov.br/ENETCONSULTA/frmDownloadDocumento.aspx?CodigoInstituicao=1&NumeroSequencialDocumento=136981
00.545.378/0001-70;2024-01-01;1;SERRA AZUL WATER PARK SA;014966;FCA;133441;2024-01-08;http://www.rad.cvm.gov.br/ENETCONSULTA/frmDownloadDocumento.aspx?CodigoInstituicao=1&NumeroSequencialDocumento=133441
00.545.378/0001-70;2024-01-01;2;SERRA AZUL WATER PARK SA;014966;FCA;134279;2024-02-27;http://www.rad.cvm.gov.br/ENETCONSULTA/frmDownloadDocumento.aspx?CodigoInstituicao=1&NumeroSequencialDocumento=134279
00.622.416/0001-41;2024-01-01;1;STATKRAFT ENERGIAS RENOVAVEIS S.A.;022594;FCA;137925;2024-05-27;http://www.rad.cvm.gov.br/ENETCONSULTA/frmDownloadDocumento.aspx?CodigoInstituicao=1&NumeroSequencialDocumento=137925
00.644.907/0001-93;2024-01-01;1;INVESTCO S.A.;018589;FCA;137815;2024-05-23;http://www.rad.cvm.gov.br/ENETCONSULTA/frmDownloadDocumento.aspx?CodigoInstituicao=1&NumeroSequencialDocumento=137815
00.743.065/0001-27;2024-01-01;1;LITEL PARTICIPACOES S.A.;015091;FCA;134224;2024-02-23;http://www.rad.cvm.gov.br/ENETCONSULTA/frmDownloadDocumento.aspx?CodigoInstituicao=1&NumeroSequencialDocumento=134224
00.776.574/0001-56;2024-01-01;1;AMERICANAS S.A. - EM RECUPERAÇÃO JUDICIAL;020990;FCA;138786;2024-05-31;http://www.rad.cvm.gov.br/ENETCONSULTA/frmDownloadDocumento.aspx?CodigoInstituicao=1&NumeroSequencialDocumento=138786
00.864.214/0001-06;2024-01-01;1;ENERGISA S.A.;015253;FCA;138158;2024-05-29;http://www.rad.cvm.gov.br/ENETCONSULTA/frmDownloadDocumento.aspx?CodigoInstituicao=1&NumeroSequencialDocumento=138158
00.873.894/0001-24;2024-01-01;1;LETS RENT A CAR S/A;027383;FCA;138304;2024-05-29;http://www.rad.cvm.gov.br/ENETCONSULTA/frmDownloadDocumento.aspx?CodigoInstituicao=1&NumeroSequencialDocumento=138304
00.897.864/0001-58;2024-01-01;1;SANTA CATARINA PART INVEST SA;015199;FCA;138446;2024-05-30;http://www.rad.cvm.gov.br/ENETCONSULTA/frmDownloadDocumento.aspx?CodigoInstituicao=1&NumeroSequencialDocumento=138446
00.924.429/0001-75;2024-01-01;1;FERROVIA CENTRO-ATLANTICA S.A.;015369;FCA;133547;2024-01-12;http://www.rad.cvm.gov.br/ENETCONSULTA/frmDownloadDocumento.aspx?CodigoInstituicao=1&NumeroSequencialDocumento=133547
00.924.429/0001-75;2024-01-01;2;FERROVIA CENTRO-ATLANTICA S.A.;015369;FCA;137944;2024-05-27;http://www.rad.cvm.gov.br/ENETCONSULTA/frmDownloadDocumento.aspx?CodigoInstituicao=1&NumeroSequencialDocumento=137944
00.924.429/0001-75;2024-01-01;3;FERROVIA CENTRO-ATLANTICA S.A.;015369;FCA;140111;2024-07-31;http://www.rad.cvm.gov.br/ENETCONSULTA/frmDownloadDocumento.aspx?CodigoInstituicao=1&NumeroSequencialDocumento=140111
00.924.429/0001-75;2024-01-01;4;FERROVIA CENTRO-ATLANTICA S.A.;015369;FCA;140329;2024-08-01;http://www.rad.cvm.gov.br/ENETCONSULTA/frmDownloadDocumento.aspx?CodigoInstituicao=1&NumeroSequencialDocumento=140329
00.938.574/0001-05;2024-01-01;1;CONC RIO-TERESOPOLIS S.A.;019208;FCA;133400;2024-01-04;http://www.rad.cvm.gov.br/ENETCONSULTA/frmDownloadDocumento.aspx?CodigoInstituicao=1&NumeroSequencialDocumento=133400
00.938.574/0001-05;2024-01-01;2;CONC RIO-TERESOPOLIS S.A.;019208;FCA;135802;2024-04-19;http://www.rad.cvm.gov.br/ENETCONSULTA/frmDownloadDocumento.aspx?CodigoInstituicao=1&NumeroSequencialDocumento=135802
00.938.574/0001-05;2024-01-01;3;CONC RIO-TERESOPOLIS S.A.;019208;FCA;140470;2024-08-07;http://www.rad.cvm.gov.br/ENETCONSULTA/frmDownloadDocumento.aspx?CodigoInstituicao=1&NumeroSequencialDocumento=140470
00.974.211/0001-25;2024-01-01;1;LINHA AMARELA S.A. - LAMSA;024937;FCA;133808;2024-02-01;http://www.rad.cvm.gov.br/ENETCONSULTA/frmDownloadDocumento.aspx?CodigoInstituicao=1&NumeroSequencialDocumento=133808
00.974.211/0001-25;2024-01-01;2;LINHA AMARELA S.A. - LAMSA;024937;FCA;141613;2024-09-06;http://www.rad.cvm.gov.br/ENETCONSULTA/frmDownloadDocumento.aspx?CodigoInstituicao=1&NumeroSequencialDocumento=141613
00.979.969/0001-56;2024-01-01;1;CAIXA ADM DIV PUB ESTADUAL SA;015717;FCA;133463;2024-01-09;http://www.rad.cvm.gov.br/ENETCONSULTA/frmDownloadDocumento.aspx?CodigoInstituicao=1&NumeroSequencialDocumento=133463
01.027.058/0001-91;2024-01-01;1;CIELO S.A. -  INSTITUIÇÃO DE PAGAMENTO;021733;FCA;138477;2024-05-31;http://www.rad.cvm.gov.br/ENETCONSULTA/frmDownloadDocumento.aspx?CodigoInstituicao=1&NumeroSequencialDocumento=138477
01.027.058/0001-91;2024-01-01;2;CIELO S.A. -  INSTITUIÇÃO DE PAGAMENTO;021733;FCA;141400;2024-08-23;http://www.rad.cvm.gov.br/ENETCONSULTA/frmDownloadDocumento.aspx?CodigoInstituicao=1&NumeroSequencialDocumento=141400
01.027.058/0001-91;2024-01-01;3;CIELO S.A. -  INSTITUIÇÃO DE PAGAMENTO;021733;FCA;141555;2024-09-03;http://www.rad.cvm.gov.br/ENETCONSULTA/frmDownloadDocumento.aspx?CodigoInstituicao=1&NumeroSequencialDocumento=141555
01.083.200/0001-18;2024-01-01;1;NEOENERGIA S.A.;015539;FCA;137169;2024-05-13;http://www.rad.cvm.gov.br/ENETCONSULTA/frmDownloadDocumento.aspx?CodigoInstituicao=1&NumeroSequencialDocumento=137169
01.083.200/0001-18;2024-01-01;2;NEOENERGIA S.A.;015539;FCA;139791;2024-07-22;http://www.rad.cvm.gov.br/ENETCONSULTA/frmDownloadDocumento.aspx?CodigoInstituicao=1&NumeroSequencialDocumento=139791
01.104.937/0001-70;2024-01-01;1;ELETROBRÁS PARTICIPAÇÕES S.A. - ELETROPAR;015784;FCA;137678;2024-05-20;http://www.rad.cvm.gov.br/ENETCONSULTA/frmDownloadDocumento.aspx?CodigoInstituicao=1&NumeroSequencialDocumento=137678
01.104.937/0001-70;2024-01-01;2;ELETROBRÁS PARTICIPAÇÕES S.A. - ELETROPAR;015784;FCA;138924;2024-06-04;http://www.rad.cvm.gov.br/ENETCONSULTA/frmDownloadDocumento.aspx?CodigoInstituicao=1&NumeroSequencialDocumento=138924
01.107.327/0001-20;2024-01-01;1;BBM LOGÍSTICA S.A.;024660;FCA;135833;2024-04-22;http://www.rad.cvm.gov.br/ENETCONSULTA/frmDownloadDocumento.aspx?CodigoInstituicao=1&NumeroSequencialDocumento=135833
01.107.327/0001-20;2024-01-01;2;BBM LOGÍSTICA S.A.;024660;FCA;136692;2024-05-08;http://www.rad.cvm.gov.br/ENETCONSULTA/frmDownloadDocumento.aspx?CodigoInstituicao=1&NumeroSequencialDocumento=136692
01.107.327/0001-20;2024-01-01;3;BBM LOGÍSTICA S.A.;024660;FCA;138933;2024-06-05;http://www.rad.cvm.gov.br/ENETCONSULTA/frmDownloadDocumento.aspx?CodigoInstituicao=1&NumeroSequencialDocumento=138933
01.107.327/0001-20;2024-01-01;4;BBM LOGÍSTICA S.A.;024660;FCA;138935;2024-06-05;http://www.rad.cvm.gov.br/ENETCONSULTA/frmDownloadDocumento.aspx?CodigoInstituicao=1&NumeroSequencialDocumento=138935
01.107.327/0001-20;2024-01-01;5;BBM LOGÍSTICA S.A.;024660;FCA;138937;2024-06-05;http://www.rad.cvm.gov.br/ENETCONSULTA/frmDownloadDocumento.aspx?CodigoInstituicao=1&NumeroSequencialDocumento=138937
01.107.327/0001-20;2024-01-01;6;BBM LOGÍSTICA S.A.;024660;FCA;141877;2024-09-24;http://www.rad.cvm.gov.br/ENETCONSULTA/frmDownloadDocumento.aspx?CodigoInstituicao=1&NumeroSequencialDocumento=141877
01.107.327/0001-20;2024-01-01;7;BBM LOGÍSTICA S.A.;024660;FCA;142155;2024-10-11;http://www.rad.cvm.gov.br/ENETCONSULTA/frmDownloadDocumento.aspx?CodigoInstituicao=1&NumeroSequencialDocumento=142155
01.258.944/0001-26;2024-01-01;1;RUMO MALHA SUL S.A.;015709;FCA;133412;2024-01-04;http://www.rad.cvm.gov.br/ENETCONSULTA/frmDownloadDocumento.aspx?CodigoInstituicao=1&NumeroSequencialDocumento=133412
01.319.044/0001-41;2024-01-01;1;WTC AMAZONAS SUITE HOTEL S.A.;015741;FCA;134903;2024-03-20;http://www.rad.cvm.gov.br/ENETCONSULTA/frmDownloadDocumento.aspx?CodigoInstituicao=1&NumeroSequencialDocumento=134903
01.319.044/0001-41;2024-01-01;2;WTC AMAZONAS SUITE HOTEL S.A.;015741;FCA;136222;2024-05-05;http://www.rad.cvm.gov.br/ENETCONSULTA/frmDownloadDocumento.aspx?CodigoInstituicao=1&NumeroSequencialDocumento=136222
01.319.044/0001-41;2024-01-01;3;WTC AMAZONAS SUITE HOTEL S.A.;015741;FCA;138585;2024-05-31;http://www.rad.cvm.gov.br/ENETCONSULTA/frmDownloadDocumento.aspx?CodigoInstituicao=1&NumeroSequencialDocumento=138585
01.417.222/0001-77;2024-01-01;1;MRS LOGISTICA S.A.;017949;FCA;134252;2024-02-26;http://www.rad.cvm.gov.br/ENETCONSULTA/frmDownloadDocumento.aspx?CodigoInstituicao=1&NumeroSequencialDocumento=134252
01.417.222/0001-77;2024-01-01;2;MRS LOGISTICA S.A.;017949;FCA;144010;2024-12-27;http://www.rad.cvm.gov.br/ENETCONSULTA/frmDownloadDocumento.aspx?CodigoInstituicao=1&NumeroSequencialDocumento=144010
01.543.032/0001-04;2024-01-01;1;EQUATORIAL GOIÁS DISTRIBUIDORA DE ENERGIA S.A.;025577;FCA;138568;2024-05-31;http://www.rad.cvm.gov.br/ENETCONSULTA/frmDownloadDocumento.aspx?CodigoInstituicao=1&NumeroSequencialDocumento=138568
01.545.826/0001-07;2024-01-01;1;GAFISA S.A.;016101;FCA;134767;2024-03-14;http://www.rad.cvm.gov.br/ENETCONSULTA/frmDownloadDocumento.aspx?CodigoInstituicao=1&NumeroSequencialDocumento=134767
01.545.826/0001-07;2024-01-01;2;GAFISA S.A.;016101;FCA;135484;2024-04-03;http://www.rad.cvm.gov.br/ENETCONSULTA/frmDownloadDocumento.aspx?CodigoInstituicao=1&NumeroSequencialDocumento=135484
01.545.826/0001-07;2024-01-01;3;GAFISA S.A.;016101;FCA;139801;2024-07-22;http://www.rad.cvm.gov.br/ENETCONSULTA/frmDownloadDocumento.aspx?CodigoInstituicao=1&NumeroSequencialDocumento=139801
01.547.749/0001-16;2024-01-01;1;521 PARTICIPACOES S.A. - EM LIQUIDAÇÃO EXTRAJUDICIAL;016330;FCA;137744;2024-05-21;http://www.rad.cvm.gov.br/ENETCONSULTA/frmDownloadDocumento.aspx?CodigoInstituicao=1&NumeroSequencialDocumento=137744
01.548.981/0001-79;2024-01-01;1;INVESTIMENTOS BEMGE S.A.;006041;FCA;133620;2024-01-18;http://www.rad.cvm.gov.br/ENETCONSULTA/frmDownloadDocumento.aspx?CodigoInstituicao=1&NumeroSequencialDocumento=133620
01.548.981/0001-79;2024-01-01;2;INVESTIMENTOS BEMGE S.A.;006041;FCA;134285;2024-02-27;http://www.rad.cvm.gov.br/ENETCONSULTA/frmDownloadDocumento.aspx?CodigoInstituicao=1&NumeroSequencialDocumento=134285
01.548.981/0001-79;2024-01-01;3;INVESTIMENTOS BEMGE S.A.;006041;FCA;139494;2024-07-05;http://www.rad.cvm.gov.br/ENETCONSULTA/frmDownloadDocumento.aspx?CodigoInstituicao=1&NumeroSequencialDocumento=139494
01.599.101/0001-93;2024-01-01;1;SEQUOIA LOGÍSTICA E TRANSPORTES S.A.;025160;FCA;138249;2024-05-29;http://www.rad.cvm.gov.br/ENETCONSULTA/frmDownloadDocumento.aspx?CodigoInstituicao=1&NumeroSequencialDocumento=138249
01.616.929/0001-02;2024-01-01;1;SANEAMENTO DE GOIAS SA;019186;FCA;137814;2024-05-23;http://www.rad.cvm.gov.br/ENETCONSULTA/frmDownloadDocumento.aspx?CodigoInstituicao=1&NumeroSequencialDocumento=137814
01.637.895/0001-32;2024-01-01;1;VOTORANTIM CIMENTOS S.A.;027189;FCA;137038;2024-05-10;http://www.rad.cvm.gov.br/ENETCONSULTA/frmDownloadDocumento.aspx?CodigoInstituicao=1&NumeroSequencialDocumento=137038
01.637.895/0001-32;2024-01-01;2;VOTORANTIM CIMENTOS S.A.;027189;FCA;142115;2024-10-09;http://www.rad.cvm.gov.br/ENETCONSULTA/frmDownloadDocumento.aspx?CodigoInstituicao=1&NumeroSequencialDocumento=142115
01.838.723/0001-27;2024-01-01;1;BRF S.A.;016292;FCA;138280;2024-05-29;http://www.rad.cvm.gov.br/ENETCONSULTA/frmDownloadDocumento.aspx?CodigoInstituicao=1&NumeroSequencialDocumento=138280
01.851.771/0001-55;2024-01-01;1;524 PARTICIPACOES S.A.;016284;FCA;133370;2024-01-03;http://www.rad.cvm.gov.br/ENETCONSULTA/frmDownloadDocumento.aspx?CodigoInstituicao=1&NumeroSequencialDocumento=133370
01.851.771/0001-55;2024-01-01;2;524 PARTICIPACOES S.A.;016284;FCA;133461;2024-01-09;http://www.rad.cvm.gov.br/ENETCONSULTA/frmDownloadDocumento.aspx?CodigoInstituicao=1&NumeroSequencialDocumento=133461
01.896.779/0001-38;2024-01-01;1;CSU DIGITAL S.A.;020044;FCA;134101;2024-02-19;http://www.rad.cvm.gov.br/ENETCONSULTA/frmDownloadDocumento.aspx?CodigoInstituicao=1&NumeroSequencialDocumento=134101
01.896.779/0001-38;2024-01-01;2;CSU DIGITAL S.A.;020044;FCA;138740;2024-05-31;http://www.rad.cvm.gov.br/ENETCONSULTA/frmDownloadDocumento.aspx?CodigoInstituicao=1&NumeroSequencialDocumento=138740
01.917.818/0001-36;2024-01-01;1;LIGHT ENERGIA S.A.;023000;FCA;133580;2024-01-16;http://www.rad.cvm.gov.br/ENETCONSULTA/frmDownloadDocumento.aspx?CodigoInstituicao=1&NumeroSequencialDocumento=133580
01.917.818/0001-36;2024-01-01;2;LIGHT ENERGIA S.A.;023000;FCA;134089;2024-02-19;http://www.rad.cvm.gov.br/ENETCONSULTA/frmDownloadDocumento.aspx?CodigoInstituicao=1&NumeroSequencialDocumento=134089
01.938.783/0001-11;2024-01-01;1;CIA PARTICIPACOES ALIANCA DA BAHIA;018708;FCA;138646;2024-05-31;http://www.rad.cvm.gov.br/ENETCONSULTA/frmDownloadDocumento.aspx?CodigoInstituicao=1&NumeroSequencialDocumento=138646
01.957.772/0001-89;2024-01-01;1;SUL 116 PARTICIPAÇÕES S.A. - EM LIQUIDAÇÃO;016438;FCA;133428;2024-01-05;http://www.rad.cvm.gov.br/ENETCONSULTA/frmDownloadDocumento.aspx?CodigoInstituicao=1&NumeroSequencialDocumento=133428
01.968.293/0001-68;2024-01-01;1;ELETRORIVER S.A.;026891;FCA;138222;2024-05-29;http://www.rad.cvm.gov.br/ENETCONSULTA/frmDownloadDocumento.aspx?CodigoInstituicao=1&NumeroSequencialDocumento=138222
01.989.044/0001-59;2024-01-01;1;WTC RIO EMPREEND. E PARTICIPAÇÕES S.A.;016551;FCA;134905;2024-03-20;http://www.rad.cvm.gov.br/ENETCONSULTA/frmDownloadDocumento.aspx?CodigoInstituicao=1&NumeroSequencialDocumento=134905
01.989.044/0001-59;2024-01-01;2;WTC RIO EMPREEND. E PARTICIPAÇÕES S.A.;016551;FCA;136223;2024-05-05;http://www.rad.cvm.gov.br/ENETCONSULTA/frmDownloadDocumento.aspx?CodigoInstituicao=1&NumeroSequencialDocumento=136223
01.989.044/0001-59;2024-01-01;3;WTC RIO EMPREEND. E PARTICIPAÇÕES S.A.;016551;FCA;138587;2024-05-31;http://www.rad.cvm.gov.br/ENETCONSULTA/frmDownloadDocumento.aspx?CodigoInstituicao=1&NumeroSequencialDocumento=138587
02.016.440/0001-62;2024-01-01;1;RGE SUL DISTRIBUIDORA DE ENERGIA S.A.;016527;FCA;137693;2024-05-20;http://www.rad.cvm.gov.br/ENETCONSULTA/frmDownloadDocumento.aspx?CodigoInstituicao=1&NumeroSequencialDocumento=137693
02.016.440/0001-62;2024-01-01;2;RGE SUL DISTRIBUIDORA DE ENERGIA S.A.;016527;FCA;140685;2024-08-09;http://www.rad.cvm.gov.br/ENETCONSULTA/frmDownloadDocumento.aspx?CodigoInstituicao=1&NumeroSequencialDocumento=140685
02.016.507/0001-69;2024-01-01;1;AXIA ENERGIA SUL S.A.;027480;FCA;135492;2024-04-04;http://www.rad.cvm.gov.br/ENETCONSULTA/frmDownloadDocumento.aspx?CodigoInstituicao=1&NumeroSequencialDocumento=135492
02.016.507/0001-69;2024-01-01;2;AXIA ENERGIA SUL S.A.;027480;FCA;137916;2024-05-24;http://www.rad.cvm.gov.br/ENETCONSULTA/frmDownloadDocumento.aspx?CodigoInstituicao=1&NumeroSequencialDocumento=137916
02.016.507/0001-69;2024-01-01;3;AXIA ENERGIA SUL S.A.;027480;FCA;140550;2024-08-07;http://www.rad.cvm.gov.br/ENETCONSULTA/frmDownloadDocumento.aspx?CodigoInstituicao=1&NumeroSequencialDocumento=140550
02.031.413/0001-69;2024-01-01;1;PETRO RIO JAGUAR PETRÓLEO S.A.;027200;FCA;138377;2024-05-29;http://www.rad.cvm.gov.br/ENETCONSULTA/frmDownloadDocumento.aspx?CodigoInstituicao=1&NumeroSequencialDocumento=138377
02.041.460/0001-93;2024-01-01;1;V. TAL - REDE NEUTRA DE TELECOMUNICAÇÕES S.A.;027022;FCA;138780;2024-05-31;http://www.rad.cvm.gov.br/ENETCONSULTA/frmDownloadDocumento.aspx?CodigoInstituicao=1&NumeroSequencialDocumento=138780
02.062.747/0001-08;2024-01-01;1;SUDESTE S.A.;016586;FCA;133373;2024-01-03;http://www.rad.cvm.gov.br/ENETCONSULTA/frmDownloadDocumento.aspx?CodigoInstituicao=1&NumeroSequencialDocumento=133373
02.062.747/0001-08;2024-01-01;2;SUDESTE S.A.;016586;FCA;136402;2024-05-06;http://www.rad.cvm.gov.br/ENETCONSULTA/frmDownloadDocumento.aspx?CodigoInstituicao=1&NumeroSequencialDocumento=136402
02.117.801/0001-67;2024-01-01;1;BONAIRE PARTICIPACOES S.A. - EM LIQUIDAÇÃO;016560;FCA;137742;2024-05-21;http://www.rad.cvm.gov.br/ENETCONSULTA/frmDownloadDocumento.aspx?CodigoInstituicao=1&NumeroSequencialDocumento=137742
02.149.205/0001-69;2024-01-01;1;PORTO SEGURO S.A.;016659;FCA;138421;2024-05-29;http://www.rad.cvm.gov.br/ENETCONSULTA/frmDownloadDocumento.aspx?CodigoInstituicao=1&NumeroSequencialDocumento=138421
02.162.616/0001-94;2024-01-01;1;UPTICK PARTICIPACOES S.A. - EM LIQUIDAÇÃO;016624;FCA;133374;2024-01-03;http://www.rad.cvm.gov.br/ENETCONSULTA/frmDownloadDocumento.aspx?CodigoInstituicao=1&NumeroSequencialDocumento=133374
02.162.616/0001-94;2024-01-01;2;UPTICK PARTICIPACOES S.A. - EM LIQUIDAÇÃO;016624;FCA;143671;2024-12-04;http://www.rad.cvm.gov.br/ENETCONSULTA/frmDownloadDocumento.aspx?CodigoInstituicao=1&NumeroSequencialDocumento=143671
02.193.750/0001-52;2024-01-01;1;DEXXOS PARTICIPAÇÕES S.A.;016632;FCA;134896;2024-03-20;http://www.rad.cvm.gov.br/ENETCONSULTA/frmDownloadDocumento.aspx?CodigoInstituicao=1&NumeroSequencialDocumento=134896
02.201.787/0001-85;2024-01-01;1;CEL PARTICIPAÇÕES S.A. - CELPAR;016675;FCA;137981;2024-05-28;http://www.rad.cvm.gov.br/ENETCONSULTA/frmDownloadDocumento.aspx?CodigoInstituicao=1&NumeroSequencialDocumento=137981
02.217.319/0001-07;2024-01-01;1;YBYRÁ CAPITAL S.A.;016705;FCA;135729;2024-04-16;http://www.rad.cvm.gov.br/ENETCONSULTA/frmDownloadDocumento.aspx?CodigoInstituicao=1&NumeroSequencialDocumento=135729
02.217.319/0001-07;2024-01-01;2;YBYRÁ CAPITAL S.A.;016705;FCA;139588;2024-07-12;http://www.rad.cvm.gov.br/ENETCONSULTA/frmDownloadDocumento.aspx?CodigoInstituicao=1&NumeroSequencialDocumento=139588
02.217.319/0001-07;2024-01-01;3;YBYRÁ CAPITAL S.A.;016705;FCA;139637;2024-07-15;http://www.rad.cvm.gov.br/ENETCONSULTA/frmDownloadDocumento.aspx?CodigoInstituicao=1&NumeroSequencialDocumento=139637
02.217.319/0001-07;2024-01-01;4;YBYRÁ CAPITAL S.A.;016705;FCA;139838;2024-07-24;http://www.rad.cvm.gov.br/ENETCONSULTA/frmDownloadDocumento.aspx?CodigoInstituicao=1&NumeroSequencialDocumento=139838
02.217.319/0001-07;2024-01-01;5;YBYRÁ CAPITAL S.A.;016705;FCA;139915;2024-07-26;http://www.rad.cvm.gov.br/ENETCONSULTA/frmDownloadDocumento.aspx?CodigoInstituicao=1&NumeroSequencialDocumento=139915
02.217.319/0001-07;2024-01-01;6;YBYRÁ CAPITAL S.A.;016705;FCA;142417;2024-10-29;http://www.rad.cvm.gov.br/ENETCONSULTA/frmDownloadDocumento.aspx?CodigoInstituicao=1&NumeroSequencialDocumento=142417
02.255.187/0001-08;2024-01-01;1;UNIFIQUE TELECOMUNICAÇÕES S.A.;026050;FCA;133561;2024-01-15;http://www.rad.cvm.gov.br/ENETCONSULTA/frmDownloadDocumento.aspx?CodigoInstituicao=1&NumeroSequencialDocumento=133561
02.255.187/0001-08;2024-01-01;2;UNIFIQUE TELECOMUNICAÇÕES S.A.;026050;FCA;138666;2024-05-31;http://www.rad.cvm.gov.br/ENETCONSULTA/frmDownloadDocumento.aspx?CodigoInstituicao=1&NumeroSequencialDocumento=138666
02.258.422/0001-97;2024-01-01;1;INEPAR EQUIPAMENTOS E MONTAGENS S/A - EM RECUPERACAO JUDICIA;017868;FCA;137682;2024-05-20;http://www.rad.cvm.gov.br/ENETCONSULTA/frmDownloadDocumento.aspx?CodigoInstituicao=1&NumeroSequencialDocumento=137682
02.281.836/0001-37;2024-01-01;1;TRANSNORDESTINA LOGISTICA SA;020443;FCA;138594;2024-05-31;http://www.rad.cvm.gov.br/ENETCONSULTA/frmDownloadDocumento.aspx?CodigoInstituicao=1&NumeroSequencialDocumento=138594
02.281.836/0001-37;2024-01-01;2;TRANSNORDESTINA LOGISTICA SA;020443;FCA;140472;2024-08-07;http://www.rad.cvm.gov.br/ENETCONSULTA/frmDownloadDocumento.aspx?CodigoInstituicao=1&NumeroSequencialDocumento=140472
02.286.479/0001-08;2024-01-01;1;LOCALIZA FLEET S.A.;024813;FCA;138428;2024-05-29;http://www.rad.cvm.gov.br/ENETCONSULTA/frmDownloadDocumento.aspx?CodigoInstituicao=1&NumeroSequencialDocumento=138428
02.291.077/0001-93;2024-01-01;1;PRODUTORES ENERGET.DE MANSO S.A.- PROMAN;019232;FCA;135040;2024-03-22;http://www.rad.cvm.gov.br/ENETCONSULTA/frmDownloadDocumento.aspx?CodigoInstituicao=1&NumeroSequencialDocumento=135040
02.291.077/0001-93;2024-01-01;2;PRODUTORES ENERGET.DE MANSO S.A.- PROMAN;019232;FCA;135049;2024-03-24;http://www.rad.cvm.gov.br/ENETCONSULTA/frmDownloadDocumento.aspx?CodigoInstituicao=1&NumeroSequencialDocumento=135049
02.302.100/0001-06;2024-01-01;1;EDP SÃO PAULO DISTRIBUIÇÃO DE ENERGIA S.A.;016985;FCA;134441;2024-03-04;http://www.rad.cvm.gov.br/ENETCONSULTA/frmDownloadDocumento.aspx?CodigoInstituicao=1&NumeroSequencialDocumento=134441
02.302.101/0001-42;2024-01-01;1;EMAE - EMPRESA METROP. DE AGUAS E ENERGIA S.A.;016993;FCA;137885;2024-05-24;http://www.rad.cvm.gov.br/ENETCONSULTA/frmDownloadDocumento.aspx?CodigoInstituicao=1&NumeroSequencialDocumento=137885
02.302.101/0001-42;2024-01-01;2;EMAE - EMPRESA METROP. DE AGUAS E ENERGIA S.A.;016993;FCA;142034;2024-10-04;http://www.rad.cvm.gov.br/ENETCONSULTA/frmDownloadDocumento.aspx?CodigoInstituicao=1&NumeroSequencialDocumento=142034
02.302.101/0001-42;2024-01-01;3;EMAE - EMPRESA METROP. DE AGUAS E ENERGIA S.A.;016993;FCA;142040;2024-10-04;http://www.rad.cvm.gov.br/ENETCONSULTA/frmDownloadDocumento.aspx?CodigoInstituicao=1&NumeroSequencialDocumento=142040
02.328.280/0001-97;2024-01-01;1;ELEKTRO REDES S.A.;017485;FCA;137177;2024-05-13;http://www.rad.cvm.gov.br/ENETCONSULTA/frmDownloadDocumento.aspx?CodigoInstituicao=1&NumeroSequencialDocumento=137177
02.328.280/0001-97;2024-01-01;2;ELEKTRO REDES S.A.;017485;FCA;139798;2024-07-22;http://www.rad.cvm.gov.br/ENETCONSULTA/frmDownloadDocumento.aspx?CodigoInstituicao=1&NumeroSequencialDocumento=139798
02.338.534/0001-58;2024-01-01;1;LONGDIS S.A.;017434;FCA;133906;2024-02-07;http://www.rad.cvm.gov.br/ENETCONSULTA/frmDownloadDocumento.aspx?CodigoInstituicao=1&NumeroSequencialDocumento=133906
02.338.534/0001-58;2024-01-01;2;LONGDIS S.A.;017434;FCA;134945;2024-03-21;http://www.rad.cvm.gov.br/ENETCONSULTA/frmDownloadDocumento.aspx?CodigoInstituicao=1&NumeroSequencialDocumento=134945
02.338.534/0001-58;2024-01-01;3;LONGDIS S.A.;017434;FCA;134947;2024-03-21;http://www.rad.cvm.gov.br/ENETCONSULTA/frmDownloadDocumento.aspx?CodigoInstituicao=1&NumeroSequencialDocumento=134947
02.338.534/0001-58;2024-01-01;4;LONGDIS S.A.;017434;FCA;135905;2024-04-24;http://www.rad.cvm.gov.br/ENETCONSULTA/frmDownloadDocumento.aspx?CodigoInstituicao=1&NumeroSequencialDocumento=135905
02.338.534/0001-58;2024-01-01;5;LONGDIS S.A.;017434;FCA;139022;2024-06-10;http://www.rad.cvm.gov.br/ENETCONSULTA/frmDownloadDocumento.aspx?CodigoInstituicao=1&NumeroSequencialDocumento=139022
02.351.144/0001-18;2024-01-01;1;TEGMA GESTAO LOGISTICA S.A.;020800;FCA;136416;2024-05-06;http://www.rad.cvm.gov.br/ENETCONSULTA/frmDownloadDocumento.aspx?CodigoInstituicao=1&NumeroSequencialDocumento=136416
02.351.144/0001-18;2024-01-01;2;TEGMA GESTAO LOGISTICA S.A.;020800;FCA;142002;2024-10-02;http://www.rad.cvm.gov.br/ENETCONSULTA/frmDownloadDocumento.aspx?CodigoInstituicao=1&NumeroSequencialDocumento=142002
02.351.144/0001-18;2024-01-01;3;TEGMA GESTAO LOGISTICA S.A.;020800;FCA;143926;2024-12-20;http://www.rad.cvm.gov.br/ENETCONSULTA/frmDownloadDocumento.aspx?CodigoInstituicao=1&NumeroSequencialDocumento=143926
02.351.877/0001-52;2024-01-01;1;LWSA S/A;024910;FCA;136133;2024-05-02;http://www.rad.cvm.gov.br/ENETCONSULTA/frmDownloadDocumento.aspx?CodigoInstituicao=1&NumeroSequencialDocumento=136133
02.351.877/0001-52;2024-01-01;2;LWSA S/A;024910;FCA;139280;2024-06-27;http://www.rad.cvm.gov.br/ENETCONSULTA/frmDownloadDocumento.aspx?CodigoInstituicao=1&NumeroSequencialDocumento=139280
02.351.877/0001-52;2024-01-01;3;LWSA S/A;024910;FCA;139281;2024-06-27;http://www.rad.cvm.gov.br/ENETCONSULTA/frmDownloadDocumento.aspx?CodigoInstituicao=1&NumeroSequencialDocumento=139281
02.351.877/0001-52;2024-01-01;4;LWSA S/A;024910;FCA;142202;2024-10-15;http://www.rad.cvm.gov.br/ENETCONSULTA/frmDownloadDocumento.aspx?CodigoInstituicao=1&NumeroSequencialDocumento=142202
02.357.251/0001-53;2024-01-01;1;LIFEMED INDUSTRIAL DE EQUIP. E ART. MEDICOS E HOSP. S.A;024872;FCA;139292;2024-06-27;http://www.rad.cvm.gov.br/ENETCONSULTA/frmDownloadDocumento.aspx?CodigoInstituicao=1&NumeroSequencialDocumento=139292
02.365.069/0001-44;2024-01-01;1;PADTEC HOLDING S.A.;018414;FCA;136608;2024-05-07;http://www.rad.cvm.gov.br/ENETCONSULTA/frmDownloadDocumento.aspx?CodigoInstituicao=1&NumeroSequencialDocumento=136608
02.365.069/0001-44;2024-01-01;2;PADTEC HOLDING S.A.;018414;FCA;142787;2024-11-08;http://www.rad.cvm.gov.br/ENETCONSULTA/frmDownloadDocumento.aspx?CodigoInstituicao=1&NumeroSequencialDocumento=142787
02.382.073/0001-10;2024-01-01;1;PROLAGOS S/A - CONC.DE SERVICOS PÚBLICOS DE ÁGUA E ESGOTO;023469;FCA;137961;2024-05-27;http://www.rad.cvm.gov.br/ENETCONSULTA/frmDownloadDocumento.aspx?CodigoInstituicao=1&NumeroSequencialDocumento=137961
02.387.241/0001-60;2024-01-01;1;RUMO S.A.;017450;FCA;133398;2024-01-03;http://www.rad.cvm.gov.br/ENETCONSULTA/frmDownloadDocumento.aspx?CodigoInstituicao=1&NumeroSequencialDocumento=133398
02.387.241/0001-60;2024-01-01;2;RUMO S.A.;017450;FCA;143534;2024-11-26;http://www.rad.cvm.gov.br/ENETCONSULTA/frmDownloadDocumento.aspx?CodigoInstituicao=1&NumeroSequencialDocumento=143534
02.397.080/0001-96;2024-01-01;1;ITAPEBI GERACAO DE ENERGIA S.A.;019364;FCA;137181;2024-05-13;http://www.rad.cvm.gov.br/ENETCONSULTA/frmDownloadDocumento.aspx?CodigoInstituicao=1&NumeroSequencialDocumento=137181
02.397.080/0001-96;2024-01-01;2;ITAPEBI GERACAO DE ENERGIA S.A.;019364;FCA;139790;2024-07-22;http://www.rad.cvm.gov.br/ENETCONSULTA/frmDownloadDocumento.aspx?CodigoInstituicao=1&NumeroSequencialDocumento=139790
02.421.421/0001-11;2024-01-01;1;TIM S.A.;024929;FCA;138378;2024-05-29;http://www.rad.cvm.gov.br/ENETCONSULTA/frmDownloadDocumento.aspx?CodigoInstituicao=1&NumeroSequencialDocumento=138378
02.429.144/0001-93;2024-01-01;1;CPFL ENERGIA S.A.;018660;FCA;137687;2024-05-20;http://www.rad.cvm.gov.br/ENETCONSULTA/frmDownloadDocumento.aspx?CodigoInstituicao=1&NumeroSequencialDocumento=137687
02.429.144/0001-93;2024-01-01;2;CPFL ENERGIA S.A.;018660;FCA;141287;2024-08-19;http://www.rad.cvm.gov.br/ENETCONSULTA/frmDownloadDocumento.aspx?CodigoInstituicao=1&NumeroSequencialDocumento=141287
02.429.144/0001-93;2024-01-01;3;CPFL ENERGIA S.A.;018660;FCA;143405;2024-11-19;http://www.rad.cvm.gov.br/ENETCONSULTA/frmDownloadDocumento.aspx?CodigoInstituicao=1&NumeroSequencialDocumento=143405
02.451.848/0001-62;2024-01-01;1;CONC SIST ANHANG-BANDEIRANT S.A. AUTOBAN;020192;FCA;137641;2024-05-17;http://www.rad.cvm.gov.br/ENETCONSULTA/frmDownloadDocumento.aspx?CodigoInstituicao=1&NumeroSequencialDocumento=137641
02.451.848/0001-62;2024-01-01;2;CONC SIST ANHANG-BANDEIRANT S.A. AUTOBAN;020192;FCA;139765;2024-07-22;http://www.rad.cvm.gov.br/ENETCONSULTA/frmDownloadDocumento.aspx?CodigoInstituicao=1&NumeroSequencialDocumento=139765
02.474.103/0001-19;2024-01-01;1;ENGIE BRASIL ENERGIA S.A.;017329;FCA;133760;2024-01-31;http://www.rad.cvm.gov.br/ENETCONSULTA/frmDownloadDocumento.aspx?CodigoInstituicao=1&NumeroSequencialDocumento=133760
02.502.844/0001-66;2024-01-01;1;RUMO MALHA PAULISTA S.A.;017930;FCA;133407;2024-01-04;http://www.rad.cvm.gov.br/ENETCONSULTA/frmDownloadDocumento.aspx?CodigoInstituicao=1&NumeroSequencialDocumento=133407
02.509.491/0001-26;2024-01-01;1;CONC ECOVIAS IMIGRANTES S.A.;020397;FCA;138250;2024-05-29;http://www.rad.cvm.gov.br/ENETCONSULTA/frmDownloadDocumento.aspx?CodigoInstituicao=1&NumeroSequencialDocumento=138250
02.509.491/0001-26;2024-01-01;2;CONC ECOVIAS IMIGRANTES S.A.;020397;FCA;138276;2024-05-29;http://www.rad.cvm.gov.br/ENETCONSULTA/frmDownloadDocumento.aspx?CodigoInstituicao=1&NumeroSequencialDocumento=138276
02.536.066/0001-26;2024-01-01;1;VITAL ENGENHARIA AMBIENTAL S.A.;027510;FCA;135678;2024-04-12;http://www.rad.cvm.gov.br/ENETCONSULTA/frmDownloadDocumento.aspx?CodigoInstituicao=1&NumeroSequencialDocumento=135678
02.536.066/0001-26;2024-01-01;2;VITAL ENGENHARIA AMBIENTAL S.A.;027510;FCA;139473;2024-07-05;http://www.rad.cvm.gov.br/ENETCONSULTA/frmDownloadDocumento.aspx?CodigoInstituicao=1&NumeroSequencialDocumento=139473
02.558.157/0001-62;2024-01-01;1;TELEFÔNICA BRASIL S.A;017671;FCA;133505;2024-01-10;http://www.rad.cvm.gov.br/ENETCONSULTA/frmDownloadDocumento.aspx?CodigoInstituicao=1&NumeroSequencialDocumento=133505
02.558.157/0001-62;2024-01-01;2;TELEFÔNICA BRASIL S.A;017671;FCA;143933;2024-12-20;http://www.rad.cvm.gov.br/ENETCONSULTA/frmDownloadDocumento.aspx?CodigoInstituicao=1&NumeroSequencialDocumento=143933
02.560.878/0001-07;2024-01-01;1;HOSPITAL ANCHIETA S.A.;026468;FCA;138777;2024-05-31;http://www.rad.cvm.gov.br/ENETCONSULTA/frmDownloadDocumento.aspx?CodigoInstituicao=1&NumeroSequencialDocumento=138777
02.591.787/0001-39;2024-01-01;1;CAPITALPART PARTICIPACOES S.A.;017493;FCA;135192;2024-03-27;http://www.rad.cvm.gov.br/ENETCONSULTA/frmDownloadDocumento.aspx?CodigoInstituicao=1&NumeroSequencialDocumento=135192
02.591.787/0001-39;2024-01-01;2;CAPITALPART PARTICIPACOES S.A.;017493;FCA;137933;2024-05-27;http://www.rad.cvm.gov.br/ENETCONSULTA/frmDownloadDocumento.aspx?CodigoInstituicao=1&NumeroSequencialDocumento=137933
02.600.854/0001-34;2024-01-01;1;TIM BRASIL SERVIÇOS E PARTICIPAÇÕES S.A.;027090;FCA;138422;2024-05-29;http://www.rad.cvm.gov.br/ENETCONSULTA/frmDownloadDocumento.aspx?CodigoInstituicao=1&NumeroSequencialDocumento=138422
02.635.522/0001-95;2024-01-01;1;JALLES MACHADO S.A.;025496;FCA;135055;2024-03-25;http://www.rad.cvm.gov.br/ENETCONSULTA/frmDownloadDocumento.aspx?CodigoInstituicao=1&NumeroSequencialDocumento=135055
02.635.522/0001-95;2024-01-01;2;JALLES MACHADO S.A.;025496;FCA;137988;2024-05-28;http://www.rad.cvm.gov.br/ENETCONSULTA/frmDownloadDocumento.aspx?CodigoInstituicao=1&NumeroSequencialDocumento=137988
02.664.042/0001-52;2024-01-01;1;TERMINAL GARAGEM MENEZES CORTES S.A.;018538;FCA;133442;2024-01-08;http://www.rad.cvm.gov.br/ENETCONSULTA/frmDownloadDocumento.aspx?CodigoInstituicao=1&NumeroSequencialDocumento=133442
02.664.042/0001-52;2024-01-01;2;TERMINAL GARAGEM MENEZES CORTES S.A.;018538;FCA;133639;2024-01-19;http://www.rad.cvm.gov.br/ENETCONSULTA/frmDownloadDocumento.aspx?CodigoInstituicao=1&NumeroSequencialDocumento=133639
02.682.287/0001-02;2024-01-01;1;PAN FINANCEIRA S.A. - CRÉDITO, FINANCIAMENTO E INVESTIMENTO;018554;FCA;138150;2024-05-29;http://www.rad.cvm.gov.br/ENETCONSULTA/frmDownloadDocumento.aspx?CodigoInstituicao=1&NumeroSequencialDocumento=138150
02.682.287/0001-02;2024-01-01;2;PAN FINANCEIRA S.A. - CRÉDITO, FINANCIAMENTO E INVESTIMENTO;018554;FCA;139191;2024-06-21;http://www.rad.cvm.gov.br/ENETCONSULTA/frmDownloadDocumento.aspx?CodigoInstituicao=1&NumeroSequencialDocumento=139191
02.724.983/0001-34;2024-01-01;1;SANESALTO SANEAMENTO S.A.;019593;FCA;138515;2024-05-31;http://www.rad.cvm.gov.br/ENETCONSULTA/frmDownloadDocumento.aspx?CodigoInstituicao=1&NumeroSequencialDocumento=138515
02.762.113/0001-50;2024-01-01;1;BRAZILIAN FINANCE E REAL ESTATE S.A.;017922;FCA;138148;2024-05-29;http://www.rad.cvm.gov.br/ENETCONSULTA/frmDownloadDocumento.aspx?CodigoInstituicao=1&NumeroSequencialDocumento=138148
02.762.113/0001-50;2024-01-01;2;BRAZILIAN FINANCE E REAL ESTATE S.A.;017922;FCA;139190;2024-06-21;http://www.rad.cvm.gov.br/ENETCONSULTA/frmDownloadDocumento.aspx?CodigoInstituicao=1&NumeroSequencialDocumento=139190
02.762.115/0001-49;2024-01-01;1;MASSA FALIDA DA MMX MINERACAO E METALICOS S.A.;017914;FCA;138303;2024-05-29;http://www.rad.cvm.gov.br/ENETCONSULTA/frmDownloadDocumento.aspx?CodigoInstituicao=1&NumeroSequencialDocumento=138303
02.762.115/0001-49;2024-01-01;2;MASSA FALIDA DA MMX MINERACAO E METALICOS S.A.;017914;FCA;138510;2024-05-31;http://www.rad.cvm.gov.br/ENETCONSULTA/frmDownloadDocumento.aspx?CodigoInstituicao=1&NumeroSequencialDocumento=138510
02.762.121/0001-04;2024-01-01;1;SANTOS BRASIL PARTICIPACOES S.A.;017892;FCA;138351;2024-05-29;http://www.rad.cvm.gov.br/ENETCONSULTA/frmDownloadDocumento.aspx?CodigoInstituicao=1&NumeroSequencialDocumento=138351
02.762.124/0001-30;2024-01-01;1;BETAPART PARTICIPACOES S.A.;017884;FCA;133371;2024-01-03;http://www.rad.cvm.gov.br/ENETCONSULTA/frmDownloadDocumento.aspx?CodigoInstituicao=1&NumeroSequencialDocumento=133371
02.762.124/0001-30;2024-01-01;2;BETAPART PARTICIPACOES S.A.;017884;FCA;142420;2024-10-30;http://www.rad.cvm.gov.br/ENETCONSULTA/frmDownloadDocumento.aspx?CodigoInstituicao=1&NumeroSequencialDocumento=142420
02.783.423/0001-50;2024-01-01;1;ALTERE SECURITIZADORA S.A.;018066;FCA;138007;2024-05-28;http://www.rad.cvm.gov.br/ENETCONSULTA/frmDownloadDocumento.aspx?CodigoInstituicao=1&NumeroSequencialDocumento=138007
02.796.775/0001-40;2024-01-01;1;GAMA PARTICIPACOES S.A.;017965;FCA;133372;2024-01-03;http://www.rad.cvm.gov.br/ENETCONSULTA/frmDownloadDocumento.aspx?CodigoInstituicao=1&NumeroSequencialDocumento=133372
02.800.026/0001-40;2024-01-01;1;COGNA EDUCAÇÃO S.A.;017973;FCA;134679;2024-03-13;http://www.rad.cvm.gov.br/ENETCONSULTA/frmDownloadDocumento.aspx?CodigoInstituicao=1&NumeroSequencialDocumento=134679
02.846.056/0001-97;2024-01-01;1;MOTIVA INFRAESTRUTURA DE MOBILIDADE S.A.;018821;FCA;137993;2024-05-28;http://www.rad.cvm.gov.br/ENETCONSULTA/frmDownloadDocumento.aspx?CodigoInstituicao=1&NumeroSequencialDocumento=137993
02.860.694/0001-62;2024-01-01;1;T4F ENTRETENIMENTO S.A.;022454;FCA;137773;2024-05-22;http://www.rad.cvm.gov.br/ENETCONSULTA/frmDownloadDocumento.aspx?CodigoInstituicao=1&NumeroSequencialDocumento=137773
02.860.694/0001-62;2024-01-01;2;T4F ENTRETENIMENTO S.A.;022454;FCA;143382;2024-11-18;http://www.rad.cvm.gov.br/ENETCONSULTA/frmDownloadDocumento.aspx?CodigoInstituicao=1&NumeroSequencialDocumento=143382
02.916.265/0001-60;2024-01-01;1;JBS S.A.;020575;FCA;138153;2024-05-29;http://www.rad.cvm.gov.br/ENETCONSULTA/frmDownloadDocumento.aspx?CodigoInstituicao=1&NumeroSequencialDocumento=138153
02.919.555/0001-67;2024-01-01;1;ARTERIS S.A.;019771;FCA;135879;2024-04-24;http://www.rad.cvm.gov.br/ENETCONSULTA/frmDownloadDocumento.aspx?CodigoInstituicao=1&NumeroSequencialDocumento=135879
02.932.074/0001-91;2024-01-01;1;HYPERA S.A.;021431;FCA;138459;2024-05-31;http://www.rad.cvm.gov.br/ENETCONSULTA/frmDownloadDocumento.aspx?CodigoInstituicao=1&NumeroSequencialDocumento=138459
02.950.811/0001-89;2024-01-01;1;PDG REALTY S.A. EMPREEND E PARTICIPACOES;020478;FCA;135458;2024-04-02;http://www.rad.cvm.gov.br/ENETCONSULTA/frmDownloadDocumento.aspx?CodigoInstituicao=1&NumeroSequencialDocumento=135458
02.992.449/0001-09;2024-01-01;1;PROMPT PARTICIPACOES S.A.;018333;FCA;133375;2024-01-03;http://www.rad.cvm.gov.br/ENETCONSULTA/frmDownloadDocumento.aspx?CodigoInstituicao=1&NumeroSequencialDocumento=133375
02.992.449/0001-09;2024-01-01;2;PROMPT PARTICIPACOES S.A.;018333;FCA;133462;2024-01-09;http://www.rad.cvm.gov.br/ENETCONSULTA/frmDownloadDocumento.aspx?CodigoInstituicao=1&NumeroSequencialDocumento=133462
02.998.301/0001-81;2024-01-01;1;RIO PARANAPANEMA ENERGIA S.A.;018368;FCA;138073;2024-05-28;http://www.rad.cvm.gov.br/ENETCONSULTA/frmDownloadDocumento.aspx?CodigoInstituicao=1&NumeroSequencialDocumento=138073
02.998.611/0001-04;2024-01-01;1;ISA ENERGIA BRASIL;018376;FCA;137834;2024-05-23;http://www.rad.cvm.gov.br/ENETCONSULTA/frmDownloadDocumento.aspx?CodigoInstituicao=1&NumeroSequencialDocumento=137834
02.998.611/0001-04;2024-01-01;2;ISA ENERGIA BRASIL;018376;FCA;139029;2024-06-11;http://www.rad.cvm.gov.br/ENETCONSULTA/frmDownloadDocumento.aspx?CodigoInstituicao=1&NumeroSequencialDocumento=139029
02.998.611/0001-04;2024-01-01;3;ISA ENERGIA BRASIL;018376;FCA;143374;2024-11-18;http://www.rad.cvm.gov.br/ENETCONSULTA/frmDownloadDocumento.aspx?CodigoInstituicao=1&NumeroSequencialDocumento=143374
03.014.553/0001-91;2024-01-01;1;TPI - TRIUNFO PARTICIP. E INVEST. S.A.;019330;FCA;138252;2024-05-29;http://www.rad.cvm.gov.br/ENETCONSULTA/frmDownloadDocumento.aspx?CodigoInstituicao=1&NumeroSequencialDocumento=138252
03.025.305/0001-46;2024-01-01;1;RODOVIAS DAS COLINAS S.A.;023167;FCA;137882;2024-05-24;http://www.rad.cvm.gov.br/ENETCONSULTA/frmDownloadDocumento.aspx?CodigoInstituicao=1&NumeroSequencialDocumento=137882
03.025.305/0001-46;2024-01-01;2;RODOVIAS DAS COLINAS S.A.;023167;FCA;138975;2024-06-07;http://www.rad.cvm.gov.br/ENETCONSULTA/frmDownloadDocumento.aspx?CodigoInstituicao=1&NumeroSequencialDocumento=138975
03.220.438/0001-73;2024-01-01;1;EQUATORIAL S.A.;020010;FCA;138572;2024-05-31;http://www.rad.cvm.gov.br/ENETCONSULTA/frmDownloadDocumento.aspx?CodigoInstituicao=1&NumeroSequencialDocumento=138572
03.220.438/0001-73;2024-01-01;2;EQUATORIAL S.A.;020010;FCA;141505;2024-08-30;http://www.rad.cvm.gov.br/ENETCONSULTA/frmDownloadDocumento.aspx?CodigoInstituicao=1&NumeroSequencialDocumento=141505
03.220.438/0001-73;2024-01-01;3;EQUATORIAL S.A.;020010;FCA;142009;2024-10-03;http://www.rad.cvm.gov.br/ENETCONSULTA/frmDownloadDocumento.aspx?CodigoInstituicao=1&NumeroSequencialDocumento=142009
03.279.285/0001-30;2024-01-01;1;ORIZON MEIO AMBIENTE S.A.;027049;FCA;133532;2024-01-11;http://www.rad.cvm.gov.br/ENETCONSULTA/frmDownloadDocumento.aspx?CodigoInstituicao=1&NumeroSequencialDocumento=133532
03.303.999/0001-36;2024-01-01;1;DTCOM - DIRECT TO COMPANY S.A.;018597;FCA;137620;2024-05-16;http://www.rad.cvm.gov.br/ENETCONSULTA/frmDownloadDocumento.aspx?CodigoInstituicao=1&NumeroSequencialDocumento=137620
03.342.704/0001-30;2024-01-01;1;PETRORECÔNCAVO S.A.;025780;FCA;138320;2024-05-29;http://www.rad.cvm.gov.br/ENETCONSULTA/frmDownloadDocumento.aspx?CodigoInstituicao=1&NumeroSequencialDocumento=138320
03.378.521/0001-75;2024-01-01;1;LIGHT S.A. - EM RECUPERAÇÃO JUDICIAL;019879;FCA;133578;2024-01-16;http://www.rad.cvm.gov.br/ENETCONSULTA/frmDownloadDocumento.aspx?CodigoInstituicao=1&NumeroSequencialDocumento=133578
03.378.521/0001-75;2024-01-01;2;LIGHT S.A. - EM RECUPERAÇÃO JUDICIAL;019879;FCA;134087;2024-02-19;http://www.rad.cvm.gov.br/ENETCONSULTA/frmDownloadDocumento.aspx?CodigoInstituicao=1&NumeroSequencialDocumento=134087
03.467.321/0001-99;2024-01-01;1;ENERGISA MATO GROSSO-DISTRIBUIDORA DE ENERGIA S/A;014605;FCA;138166;2024-05-29;http://www.rad.cvm.gov.br/ENETCONSULTA/frmDownloadDocumento.aspx?CodigoInstituicao=1&NumeroSequencialDocumento=138166
03.494.776/0001-01;2024-01-01;1;AMMO VAREJO S.A.;026476;FCA;136824;2024-05-09;http://www.rad.cvm.gov.br/ENETCONSULTA/frmDownloadDocumento.aspx?CodigoInstituicao=1&NumeroSequencialDocumento=136824
03.538.833/0001-07;2024-01-01;1;XX DE NOVEMBRO INVESTIMENTOS E PARTICIPAÇÕES S.A.;020001;FCA;135941;2024-04-25;http://www.rad.cvm.gov.br/ENETCONSULTA/frmDownloadDocumento.aspx?CodigoInstituicao=1&NumeroSequencialDocumento=135941
03.758.318/0001-24;2024-01-01;1;INVESTIMENTOS E PARTICIP. EM INFRA S.A. - INVEPAR;018775;FCA;136183;2024-05-03;http://www.rad.cvm.gov.br/ENETCONSULTA/frmDownloadDocumento.aspx?CodigoInstituicao=1&NumeroSequencialDocumento=136183
03.758.318/0001-24;2024-01-01;2;INVESTIMENTOS E PARTICIP. EM INFRA S.A. - INVEPAR;018775;FCA;141612;2024-09-06;http://www.rad.cvm.gov.br/ENETCONSULTA/frmDownloadDocumento.aspx?CodigoInstituicao=1&NumeroSequencialDocumento=141612
03.758.318/0001-24;2024-01-01;3;INVESTIMENTOS E PARTICIP. EM INFRA S.A. - INVEPAR;018775;FCA;143676;2024-12-05;http://www.rad.cvm.gov.br/ENETCONSULTA/frmDownloadDocumento.aspx?CodigoInstituicao=1&NumeroSequencialDocumento=143676
03.767.538/0001-14;2024-01-01;1;BRAZILIAN SECURITIES CIA SECURITIZACAO;018759;FCA;138137;2024-05-29;http://www.rad.cvm.gov.br/ENETCONSULTA/frmDownloadDocumento.aspx?CodigoInstituicao=1&NumeroSequencialDocumento=138137
03.767.538/0001-14;2024-01-01;2;BRAZILIAN SECURITIES CIA SECURITIZACAO;018759;FCA;148281;2025-05-26;http://www.rad.cvm.gov.br/ENETCONSULTA/frmDownloadDocumento.aspx?CodigoInstituicao=1&NumeroSequencialDocumento=148281
03.795.050/0001-09;2024-01-01;1;TERMOPERNAMBUCO S.A.;019852;FCA;137166;2024-05-13;http://www.rad.cvm.gov.br/ENETCONSULTA/frmDownloadDocumento.aspx?CodigoInstituicao=1&NumeroSequencialDocumento=137166
03.795.050/0001-09;2024-01-01;2;TERMOPERNAMBUCO S.A.;019852;FCA;139785;2024-07-22;http://www.rad.cvm.gov.br/ENETCONSULTA/frmDownloadDocumento.aspx?CodigoInstituicao=1&NumeroSequencialDocumento=139785
03.802.115/0001-98;2024-01-01;1;CLEAR SALE S.A.;026093;FCA;134821;2024-03-18;http://www.rad.cvm.gov.br/ENETCONSULTA/frmDownloadDocumento.aspx?CodigoInstituicao=1&NumeroSequencialDocumento=134821
03.818.379/0001-30;2024-01-01;1;SABER SERVIÇOS EDUCACIONAIS S.A.;024490;FCA;134680;2024-03-13;http://www.rad.cvm.gov.br/ENETCONSULTA/frmDownloadDocumento.aspx?CodigoInstituicao=1&NumeroSequencialDocumento=134680
03.820.456/0001-96;2024-01-01;1;BSB ENERGÉTICA S.A.;026883;FCA;138231;2024-05-29;http://www.rad.cvm.gov.br/ENETCONSULTA/frmDownloadDocumento.aspx?CodigoInstituicao=1&NumeroSequencialDocumento=138231
03.847.461/0001-92;2024-01-01;1;BRADESPAR S.A.;018724;FCA;133769;2024-01-31;http://www.rad.cvm.gov.br/ENETCONSULTA/frmDownloadDocumento.aspx?CodigoInstituicao=1&NumeroSequencialDocumento=133769
03.847.461/0001-92;2024-01-01;2;BRADESPAR S.A.;018724;FCA;137438;2024-05-15;http://www.rad.cvm.gov.br/ENETCONSULTA/frmDownloadDocumento.aspx?CodigoInstituicao=1&NumeroSequencialDocumento=137438
03.853.896/0001-40;2024-01-01;1;MARFRIG GLOBAL FOODS S.A.;020788;FCA;137983;2024-05-28;http://www.rad.cvm.gov.br/ENETCONSULTA/frmDownloadDocumento.aspx?CodigoInstituicao=1&NumeroSequencialDocumento=137983
03.953.509/0001-47;2024-01-01;1;CPFL GERACAO DE ENERGIA S.A.;018953;FCA;137688;2024-05-20;http://www.rad.cvm.gov.br/ENETCONSULTA/frmDownloadDocumento.aspx?CodigoInstituicao=1&NumeroSequencialDocumento=137688
03.953.509/0001-47;2024-01-01;2;CPFL GERACAO DE ENERGIA S.A.;018953;FCA;141285;2024-08-19;http://www.rad.cvm.gov.br/ENETCONSULTA/frmDownloadDocumento.aspx?CodigoInstituicao=1&NumeroSequencialDocumento=141285
03.983.431/0001-03;2024-01-01;1;EDP - ENERGIAS DO BRASIL S.A.;019763;FCA;134437;2024-03-04;http://www.rad.cvm.gov.br/ENETCONSULTA/frmDownloadDocumento.aspx?CodigoInstituicao=1&NumeroSequencialDocumento=134437
04.030.182/0001-02;2024-01-01;1;CABINDA PARTICIPACOES S.A.;019119;FCA;133440;2024-01-08;http://www.rad.cvm.gov.br/ENETCONSULTA/frmDownloadDocumento.aspx?CodigoInstituicao=1&NumeroSequencialDocumento=133440
04.030.182/0001-02;2024-01-01;2;CABINDA PARTICIPACOES S.A.;019119;FCA;138595;2024-05-31;http://www.rad.cvm.gov.br/ENETCONSULTA/frmDownloadDocumento.aspx?CodigoInstituicao=1&NumeroSequencialDocumento=138595
04.031.213/0001-31;2024-01-01;1;CACONDE PARTICIPACOES S.A.;019135;FCA;138606;2024-05-31;http://www.rad.cvm.gov.br/ENETCONSULTA/frmDownloadDocumento.aspx?CodigoInstituicao=1&NumeroSequencialDocumento=138606
04.032.433/0001-80;2024-01-01;1;CONTAX PARTICIPAÇÕES S.A. - EM RECUPERAÇÃO JUDICIAL;019100;FCA;134571;2024-03-08;http://www.rad.cvm.gov.br/ENETCONSULTA/frmDownloadDocumento.aspx?CodigoInstituicao=1&NumeroSequencialDocumento=134571
04.032.433/0001-80;2024-01-01;2;CONTAX PARTICIPAÇÕES S.A. - EM RECUPERAÇÃO JUDICIAL;019100;FCA;138695;2024-05-31;http://www.rad.cvm.gov.br/ENETCONSULTA/frmDownloadDocumento.aspx?CodigoInstituicao=1&NumeroSequencialDocumento=138695
04.038.763/0001-82;2024-01-01;1;CAIANDA PARTICIPACOES S.A.;019097;FCA;138609;2024-05-31;http://www.rad.cvm.gov.br/ENETCONSULTA/frmDownloadDocumento.aspx?CodigoInstituicao=1&NumeroSequencialDocumento=138609
04.065.053/0001-41;2024-01-01;1;BRZ EMPREENDIMENTOS E CONSTRUÇÕES S.A.;027391;FCA;138657;2024-05-31;http://www.rad.cvm.gov.br/ENETCONSULTA/frmDownloadDocumento.aspx?CodigoInstituicao=1&NumeroSequencialDocumento=138657
04.069.709/0001-02;2024-01-01;1;BIONEXO S.A.;025925;FCA;138508;2024-05-31;http://www.rad.cvm.gov.br/ENETCONSULTA/frmDownloadDocumento.aspx?CodigoInstituicao=1&NumeroSequencialDocumento=138508
04.089.570/0001-50;2024-01-01;1;ÁGUAS GUARIROBA S.A;023442;FCA;137960;2024-05-27;http://www.rad.cvm.gov.br/ENETCONSULTA/frmDownloadDocumento.aspx?CodigoInstituicao=1&NumeroSequencialDocumento=137960
04.149.454/0001-80;2024-01-01;1;ECORODOVIAS INFRAESTRUTURA E LOGÍSTICA S.A.;019453;FCA;138238;2024-05-29;http://www.rad.cvm.gov.br/ENETCONSULTA/frmDownloadDocumento.aspx?CodigoInstituicao=1&NumeroSequencialDocumento=138238
04.149.454/0001-80;2024-01-01;2;ECORODOVIAS INFRAESTRUTURA E LOGÍSTICA S.A.;019453;FCA;138243;2024-05-29;http://www.rad.cvm.gov.br/ENETCONSULTA/frmDownloadDocumento.aspx?CodigoInstituicao=1&NumeroSequencialDocumento=138243
04.149.454/0001-80;2024-01-01;3;ECORODOVIAS INFRAESTRUTURA E LOGÍSTICA S.A.;019453;FCA;138272;2024-05-29;http://www.rad.cvm.gov.br/ENETCONSULTA/frmDownloadDocumento.aspx?CodigoInstituicao=1&NumeroSequencialDocumento=138272
04.172.213/0001-51;2024-01-01;1;CIA PIRATININGA DE FORCA E LUZ;019275;FCA;137691;2024-05-20;http://www.rad.cvm.gov.br/ENETCONSULTA/frmDownloadDocumento.aspx?CodigoInstituicao=1&NumeroSequencialDocumento=137691
04.172.213/0001-51;2024-01-01;2;CIA PIRATININGA DE FORCA E LUZ;019275;FCA;140686;2024-08-09;http://www.rad.cvm.gov.br/ENETCONSULTA/frmDownloadDocumento.aspx?CodigoInstituicao=1&NumeroSequencialDocumento=140686
04.172.213/0001-51;2024-01-01;3;CIA PIRATININGA DE FORCA E LUZ;019275;FCA;143408;2024-11-19;http://www.rad.cvm.gov.br/ENETCONSULTA/frmDownloadDocumento.aspx?CodigoInstituicao=1&NumeroSequencialDocumento=143408
04.212.396/0001-91;2024-01-01;1;VOKE S.A.;027324;FCA;134540;2024-03-07;http://www.rad.cvm.gov.br/ENETCONSULTA/frmDownloadDocumento.aspx?CodigoInstituicao=1&NumeroSequencialDocumento=134540
04.212.396/0001-91;2024-01-01;2;VOKE S.A.;027324;FCA;135279;2024-03-28;http://www.rad.cvm.gov.br/ENETCONSULTA/frmDownloadDocumento.aspx?CodigoInstituicao=1&NumeroSequencialDocumento=135279
04.212.396/0001-91;2024-01-01;3;VOKE S.A.;027324;FCA;136237;2024-05-06;http://www.rad.cvm.gov.br/ENETCONSULTA/frmDownloadDocumento.aspx?CodigoInstituicao=1&NumeroSequencialDocumento=136237
04.212.396/0001-91;2024-01-01;4;VOKE S.A.;027324;FCA;141991;2024-10-02;http://www.rad.cvm.gov.br/ENETCONSULTA/frmDownloadDocumento.aspx?CodigoInstituicao=1&NumeroSequencialDocumento=141991
04.233.319/0001-18;2024-01-01;1;NCF PARTICIPAÇÕES S/A;024015;FCA;133771;2024-01-31;http://www.rad.cvm.gov.br/ENETCONSULTA/frmDownloadDocumento.aspx?CodigoInstituicao=1&NumeroSequencialDocumento=133771
04.233.319/0001-18;2024-01-01;2;NCF PARTICIPAÇÕES S/A;024015;FCA;134449;2024-03-05;http://www.rad.cvm.gov.br/ENETCONSULTA/frmDownloadDocumento.aspx?CodigoInstituicao=1&NumeroSequencialDocumento=134449
04.368.865/0001-66;2024-01-01;1;LIGGA TELECOMUNICAÇÕES S.A.;027367;FCA;135574;2024-04-08;http://www.rad.cvm.gov.br/ENETCONSULTA/frmDownloadDocumento.aspx?CodigoInstituicao=1&NumeroSequencialDocumento=135574
04.368.865/0001-66;2024-01-01;2;LIGGA TELECOMUNICAÇÕES S.A.;027367;FCA;138128;2024-05-29;http://www.rad.cvm.gov.br/ENETCONSULTA/frmDownloadDocumento.aspx?CodigoInstituicao=1&NumeroSequencialDocumento=138128
04.368.898/0001-06;2024-01-01;1;COPEL DISTRIBUIÇÃO S.A.;026808;FCA;133814;2024-02-02;http://www.rad.cvm.gov.br/ENETCONSULTA/frmDownloadDocumento.aspx?CodigoInstituicao=1&NumeroSequencialDocumento=133814
04.368.898/0001-06;2024-01-01;2;COPEL DISTRIBUIÇÃO S.A.;026808;FCA;134784;2024-03-15;http://www.rad.cvm.gov.br/ENETCONSULTA/frmDownloadDocumento.aspx?CodigoInstituicao=1&NumeroSequencialDocumento=134784
04.368.898/0001-06;2024-01-01;3;COPEL DISTRIBUIÇÃO S.A.;026808;FCA;139351;2024-07-01;http://www.rad.cvm.gov.br/ENETCONSULTA/frmDownloadDocumento.aspx?CodigoInstituicao=1&NumeroSequencialDocumento=139351
04.370.282/0001-70;2024-01-01;1;COPEL GERAÇÃO E TRANSMISSÃO S.A.;024740;FCA;133816;2024-02-02;http://www.rad.cvm.gov.br/ENETCONSULTA/frmDownloadDocumento.aspx?CodigoInstituicao=1&NumeroSequencialDocumento=133816
04.370.282/0001-70;2024-01-01;2;COPEL GERAÇÃO E TRANSMISSÃO S.A.;024740;FCA;134795;2024-03-15;http://www.rad.cvm.gov.br/ENETCONSULTA/frmDownloadDocumento.aspx?CodigoInstituicao=1&NumeroSequencialDocumento=134795
04.370.282/0001-70;2024-01-01;3;COPEL GERAÇÃO E TRANSMISSÃO S.A.;024740;FCA;139350;2024-07-01;http://www.rad.cvm.gov.br/ENETCONSULTA/frmDownloadDocumento.aspx?CodigoInstituicao=1&NumeroSequencialDocumento=139350
04.423.567/0001-21;2024-01-01;1;ENEVA S.A;021237;FCA;133571;2024-01-15;http://www.rad.cvm.gov.br/ENETCONSULTA/frmDownloadDocumento.aspx?CodigoInstituicao=1&NumeroSequencialDocumento=133571
04.437.534/0001-30;2024-01-01;1;LOCAMÉRICA RENT-A-CAR S.A.;021555;FCA;133780;2024-01-31;http://www.rad.cvm.gov.br/ENETCONSULTA/frmDownloadDocumento.aspx?CodigoInstituicao=1&NumeroSequencialDocumento=133780
04.601.397/0001-28;2024-01-01;1;BRISANET SERVIÇOS DE TELECOMUNICAÇÕES S.A.;027693;FCA;139994;2024-07-29;http://www.rad.cvm.gov.br/ENETCONSULTA/frmDownloadDocumento.aspx?CodigoInstituicao=1&NumeroSequencialDocumento=139994
04.601.397/0001-28;2024-01-01;1;BRISANET SERVIÇOS DE TELECOMUNICAÇÕES S.A.;027693;FCA;142026;2024-10-03;http://www.rad.cvm.gov.br/ENETCONSULTA/frmDownloadDocumento.aspx?CodigoInstituicao=1&NumeroSequencialDocumento=142026
04.601.397/0001-28;2024-01-01;2;BRISANET SERVIÇOS DE TELECOMUNICAÇÕES S.A.;027693;FCA;142592;2024-11-06;http://www.rad.cvm.gov.br/ENETCONSULTA/frmDownloadDocumento.aspx?CodigoInstituicao=1&NumeroSequencialDocumento=142592
04.601.397/0001-28;2024-01-01;3;BRISANET SERVIÇOS DE TELECOMUNICAÇÕES S.A.;027693;FCA;142931;2024-11-12;http://www.rad.cvm.gov.br/ENETCONSULTA/frmDownloadDocumento.aspx?CodigoInstituicao=1&NumeroSequencialDocumento=142931
04.626.426/0001-06;2024-01-01;1;BTG PACTUAL COMMODITIES SERTRADING S.A.;027774;FCA;143033;2024-11-13;http://www.rad.cvm.gov.br/ENETCONSULTA/frmDownloadDocumento.aspx?CodigoInstituicao=1&NumeroSequencialDocumento=143033
04.739.720/0001-24;2024-01-01;1;USINA TERMELÉTRICA PAMPA SUL S.A.;024945;FCA;139345;2024-06-30;http://www.rad.cvm.gov.br/ENETCONSULTA/frmDownloadDocumento.aspx?CodigoInstituicao=1&NumeroSequencialDocumento=139345
04.739.720/0001-24;2024-01-01;2;USINA TERMELÉTRICA PAMPA SUL S.A.;024945;FCA;143226;2024-11-14;http://www.rad.cvm.gov.br/ENETCONSULTA/frmDownloadDocumento.aspx?CodigoInstituicao=1&NumeroSequencialDocumento=143226
04.752.991/0001-10;2024-01-01;1;BIOMM S.A.;019305;FCA;133563;2024-01-15;http://www.rad.cvm.gov.br/ENETCONSULTA/frmDownloadDocumento.aspx?CodigoInstituicao=1&NumeroSequencialDocumento=133563
04.752.991/0001-10;2024-01-01;2;BIOMM S.A.;019305;FCA;142419;2024-10-30;http://www.rad.cvm.gov.br/ENETCONSULTA/frmDownloadDocumento.aspx?CodigoInstituicao=1&NumeroSequencialDocumento=142419
04.821.041/0001-08;2024-01-01;1;METALFRIO SOLUTIONS S.A.;020613;FCA;138511;2024-05-31;http://www.rad.cvm.gov.br/ENETCONSULTA/frmDownloadDocumento.aspx?CodigoInstituicao=1&NumeroSequencialDocumento=138511
04.895.728/0001-80;2024-01-01;1;EQUATORIAL PARÁ DISTRIBUIDORA DE ENERGIA S.A.;018309;FCA;138571;2024-05-31;http://www.rad.cvm.gov.br/ENETCONSULTA/frmDownloadDocumento.aspx?CodigoInstituicao=1&NumeroSequencialDocumento=138571
04.902.979/0001-44;2024-01-01;1;BCO AMAZONIA S.A.;000922;FCA;133368;2024-01-03;http://www.rad.cvm.gov.br/ENETCONSULTA/frmDownloadDocumento.aspx?CodigoInstituicao=1&NumeroSequencialDocumento=133368
04.912.242/0001-02;2024-01-01;1;PORTUENSE FERRAGENS S/A;009717;FCA;133767;2024-01-31;http://www.rad.cvm.gov.br/ENETCONSULTA/frmDownloadDocumento.aspx?CodigoInstituicao=1&NumeroSequencialDocumento=133767
04.913.711/0001-08;2024-01-01;1;BCO ESTADO DO PARA S.A.;001171;FCA;137878;2024-05-24;http://www.rad.cvm.gov.br/ENETCONSULTA/frmDownloadDocumento.aspx?CodigoInstituicao=1&NumeroSequencialDocumento=137878
04.972.092/0001-22;2024-01-01;1;GRUPO FARTURA DE HORTIFRUT S.A.;026166;FCA;133948;2024-02-08;http://www.rad.cvm.gov.br/ENETCONSULTA/frmDownloadDocumento.aspx?CodigoInstituicao=1&NumeroSequencialDocumento=133948
04.972.092/0001-22;2024-01-01;2;GRUPO FARTURA DE HORTIFRUT S.A.;026166;FCA;138061;2024-05-28;http://www.rad.cvm.gov.br/ENETCONSULTA/frmDownloadDocumento.aspx?CodigoInstituicao=1&NumeroSequencialDocumento=138061
04.986.320/0001-13;2024-01-01;1;SER EDUCACIONAL S.A.;023221;FCA;135497;2024-04-04;http://www.rad.cvm.gov.br/ENETCONSULTA/frmDownloadDocumento.aspx?CodigoInstituicao=1&NumeroSequencialDocumento=135497
04.992.714/0001-84;2024-01-01;1;NOVA TRANSPORTADORA DO SUDESTE S.A. - NTS;024708;FCA;134022;2024-02-15;http://www.rad.cvm.gov.br/ENETCONSULTA/frmDownloadDocumento.aspx?CodigoInstituicao=1&NumeroSequencialDocumento=134022
04.992.714/0001-84;2024-01-01;2;NOVA TRANSPORTADORA DO SUDESTE S.A. - NTS;024708;FCA;135078;2024-03-25;http://www.rad.cvm.gov.br/ENETCONSULTA/frmDownloadDocumento.aspx?CodigoInstituicao=1&NumeroSequencialDocumento=135078
04.992.714/0001-84;2024-01-01;3;NOVA TRANSPORTADORA DO SUDESTE S.A. - NTS;024708;FCA;139268;2024-06-26;http://www.rad.cvm.gov.br/ENETCONSULTA/frmDownloadDocumento.aspx?CodigoInstituicao=1&NumeroSequencialDocumento=139268
04.992.714/0001-84;2024-01-01;4;NOVA TRANSPORTADORA DO SUDESTE S.A. - NTS;024708;FCA;143994;2024-12-26;http://www.rad.cvm.gov.br/ENETCONSULTA/frmDownloadDocumento.aspx?CodigoInstituicao=1&NumeroSequencialDocumento=143994
05.197.443/0001-38;2024-01-01;1;HAPVIDA PARTICIPAÇÕES E INVESTIMENTOS S.A.;024392;FCA;133360;2024-01-02;http://www.rad.cvm.gov.br/ENETCONSULTA/frmDownloadDocumento.aspx?CodigoInstituicao=1&NumeroSequencialDocumento=133360
05.197.443/0001-38;2024-01-01;2;HAPVIDA PARTICIPAÇÕES E INVESTIMENTOS S.A.;024392;FCA;134171;2024-02-22;http://www.rad.cvm.gov.br/ENETCONSULTA/frmDownloadDocumento.aspx?CodigoInstituicao=1&NumeroSequencialDocumento=134171
05.197.443/0001-38;2024-01-01;3;HAPVIDA PARTICIPAÇÕES E INVESTIMENTOS S.A.;024392;FCA;143645;2024-12-03;http://www.rad.cvm.gov.br/ENETCONSULTA/frmDownloadDocumento.aspx?CodigoInstituicao=1&NumeroSequencialDocumento=143645
05.303.439/0001-07;2024-01-01;1;UNIGEL PARTICIPAÇÕES S.A.;026301;FCA;138193;2024-05-29;http://www.rad.cvm.gov.br/ENETCONSULTA/frmDownloadDocumento.aspx?CodigoInstituicao=1&NumeroSequencialDocumento=138193
05.336.882/0001-84;2024-01-01;1;CACHOEIRA PAULISTA TRANSMISSORA ENERGIA S.A.;022683;FCA;138328;2024-05-29;http://www.rad.cvm.gov.br/ENETCONSULTA/frmDownloadDocumento.aspx?CodigoInstituicao=1&NumeroSequencialDocumento=138328
05.336.882/0001-84;2024-01-01;2;CACHOEIRA PAULISTA TRANSMISSORA ENERGIA S.A.;022683;FCA;141580;2024-09-04;http://www.rad.cvm.gov.br/ENETCONSULTA/frmDownloadDocumento.aspx?CodigoInstituicao=1&NumeroSequencialDocumento=141580
05.347.060/0001-07;2024-01-01;1;INTERPLAYERS SOLUÇÕES INTEGRADAS S.A.;026387;FCA;138739;2024-05-31;http://www.rad.cvm.gov.br/ENETCONSULTA/frmDownloadDocumento.aspx?CodigoInstituicao=1&NumeroSequencialDocumento=138739
05.495.546/0001-84;2024-01-01;1;LITELA PARTICIPAÇÕES S.A. - EM LIQUIDAÇÃO;024759;FCA;134225;2024-02-23;http://www.rad.cvm.gov.br/ENETCONSULTA/frmDownloadDocumento.aspx?CodigoInstituicao=1&NumeroSequencialDocumento=134225
05.878.397/0001-32;2024-01-01;1;ALLOS S.A.;022357;FCA;136691;2024-05-08;http://www.rad.cvm.gov.br/ENETCONSULTA/frmDownloadDocumento.aspx?CodigoInstituicao=1&NumeroSequencialDocumento=136691
05.917.486/0001-40;2024-01-01;1;LIVETECH DA BAHIA INDÚSTRIA E COMÉRCIO S.A.;025895;FCA;133982;2024-02-09;http://www.rad.cvm.gov.br/ENETCONSULTA/frmDownloadDocumento.aspx?CodigoInstituicao=1&NumeroSequencialDocumento=133982
05.917.486/0001-40;2024-01-01;2;LIVETECH DA BAHIA INDÚSTRIA E COMÉRCIO S.A.;025895;FCA;135810;2024-04-19;http://www.rad.cvm.gov.br/ENETCONSULTA/frmDownloadDocumento.aspx?CodigoInstituicao=1&NumeroSequencialDocumento=135810
05.917.486/0001-40;2024-01-01;3;LIVETECH DA BAHIA INDÚSTRIA E COMÉRCIO S.A.;025895;FCA;142511;2024-11-04;http://www.rad.cvm.gov.br/ENETCONSULTA/frmDownloadDocumento.aspx?CodigoInstituicao=1&NumeroSequencialDocumento=142511
05.917.486/0001-40;2024-01-01;4;LIVETECH DA BAHIA INDÚSTRIA E COMÉRCIO S.A.;025895;FCA;143836;2024-12-17;http://www.rad.cvm.gov.br/ENETCONSULTA/frmDownloadDocumento.aspx?CodigoInstituicao=1&NumeroSequencialDocumento=143836
06.016.348/0001-53;2024-01-01;1;VENTOS DO SUL ENERGIA S.A.;024767;FCA;134817;2024-03-18;http://www.rad.cvm.gov.br/ENETCONSULTA/frmDownloadDocumento.aspx?CodigoInstituicao=1&NumeroSequencialDocumento=134817
06.016.348/0001-53;2024-01-01;2;VENTOS DO SUL ENERGIA S.A.;024767;FCA;134859;2024-03-19;http://www.rad.cvm.gov.br/ENETCONSULTA/frmDownloadDocumento.aspx?CodigoInstituicao=1&NumeroSequencialDocumento=134859
06.016.348/0001-53;2024-01-01;3;VENTOS DO SUL ENERGIA S.A.;024767;FCA;139255;2024-06-26;http://www.rad.cvm.gov.br/ENETCONSULTA/frmDownloadDocumento.aspx?CodigoInstituicao=1&NumeroSequencialDocumento=139255
06.016.348/0001-53;2024-01-01;4;VENTOS DO SUL ENERGIA S.A.;024767;FCA;140331;2024-08-01;http://www.rad.cvm.gov.br/ENETCONSULTA/frmDownloadDocumento.aspx?CodigoInstituicao=1&NumeroSequencialDocumento=140331
06.047.087/0001-39;2024-01-01;1;REDE D'OR SÃO LUIZ S.A.;024821;FCA;138841;2024-05-31;http://www.rad.cvm.gov.br/ENETCONSULTA/frmDownloadDocumento.aspx?CodigoInstituicao=1&NumeroSequencialDocumento=138841
06.057.223/0001-71;2024-01-01;1;SENDAS DISTRIBUIDORA S.A.;025372;FCA;135015;2024-03-22;http://www.rad.cvm.gov.br/ENETCONSULTA/frmDownloadDocumento.aspx?CodigoInstituicao=1&NumeroSequencialDocumento=135015
06.057.223/0001-71;2024-01-01;2;SENDAS DISTRIBUIDORA S.A.;025372;FCA;141866;2024-09-24;http://www.rad.cvm.gov.br/ENETCONSULTA/frmDownloadDocumento.aspx?CodigoInstituicao=1&NumeroSequencialDocumento=141866
06.164.253/0001-87;2024-01-01;1;GOL LINHAS AEREAS INTELIGENTES S.A.;019569;FCA;139026;2024-06-11;http://www.rad.cvm.gov.br/ENETCONSULTA/frmDownloadDocumento.aspx?CodigoInstituicao=1&NumeroSequencialDocumento=139026
06.164.253/0001-87;2024-01-01;2;GOL LINHAS AEREAS INTELIGENTES S.A.;019569;FCA;139028;2024-06-11;http://www.rad.cvm.gov.br/ENETCONSULTA/frmDownloadDocumento.aspx?CodigoInstituicao=1&NumeroSequencialDocumento=139028
06.164.253/0001-87;2024-01-01;3;GOL LINHAS AEREAS INTELIGENTES S.A.;019569;FCA;139328;2024-06-28;http://www.rad.cvm.gov.br/ENETCONSULTA/frmDownloadDocumento.aspx?CodigoInstituicao=1&NumeroSequencialDocumento=139328
06.272.793/0001-84;2024-01-01;1;EQUATORIAL MARANHÃO DISTRIBUIDORA DE ENERGIA S.A.;016608;FCA;133367;2024-01-03;http://www.rad.cvm.gov.br/ENETCONSULTA/frmDownloadDocumento.aspx?CodigoInstituicao=1&NumeroSequencialDocumento=133367
06.347.409/0001-65;2024-01-01;1;SBF COMÉRCIO DE PRODUTOS ESPORTIVOS S.A.;025410;FCA;136589;2024-05-07;http://www.rad.cvm.gov.br/ENETCONSULTA/frmDownloadDocumento.aspx?CodigoInstituicao=1&NumeroSequencialDocumento=136589
06.626.253/0001-51;2024-01-01;1;EMPREENDIMENTOS PAGUE MENOS S.A.;022608;FCA;138862;2024-06-02;http://www.rad.cvm.gov.br/ENETCONSULTA/frmDownloadDocumento.aspx?CodigoInstituicao=1&NumeroSequencialDocumento=138862
06.977.745/0001-91;2024-01-01;1;BR MALLS PARTICIPACOES S.A.;019909;FCA;136812;2024-05-09;http://www.rad.cvm.gov.br/ENETCONSULTA/frmDownloadDocumento.aspx?CodigoInstituicao=1&NumeroSequencialDocumento=136812
06.981.176/0001-58;2024-01-01;1;CEMIG GERACAO E TRANSMISSAO S.A.;020320;FCA;136994;2024-05-10;http://www.rad.cvm.gov.br/ENETCONSULTA/frmDownloadDocumento.aspx?CodigoInstituicao=1&NumeroSequencialDocumento=136994
06.981.176/0001-58;2024-01-01;2;CEMIG GERACAO E TRANSMISSAO S.A.;020320;FCA;143680;2024-12-05;http://www.rad.cvm.gov.br/ENETCONSULTA/frmDownloadDocumento.aspx?CodigoInstituicao=1&NumeroSequencialDocumento=143680
06.981.180/0001-16;2024-01-01;1;CEMIG DISTRIBUICAO S.A.;020303;FCA;137000;2024-05-10;http://www.rad.cvm.gov.br/ENETCONSULTA/frmDownloadDocumento.aspx?CodigoInstituicao=1&NumeroSequencialDocumento=137000
06.981.180/0001-16;2024-01-01;2;CEMIG DISTRIBUICAO S.A.;020303;FCA;143679;2024-12-05;http://www.rad.cvm.gov.br/ENETCONSULTA/frmDownloadDocumento.aspx?CodigoInstituicao=1&NumeroSequencialDocumento=143679
06.981.381/0001-13;2024-01-01;1;CTC - CENTRO DE TECNOLOGIA CANAVIEIRA S.A.;023981;FCA;133654;2024-01-22;http://www.rad.cvm.gov.br/ENETCONSULTA/frmDownloadDocumento.aspx?CodigoInstituicao=1&NumeroSequencialDocumento=133654
06.981.381/0001-13;2024-01-01;2;CTC - CENTRO DE TECNOLOGIA CANAVIEIRA S.A.;023981;FCA;141503;2024-08-30;http://www.rad.cvm.gov.br/ENETCONSULTA/frmDownloadDocumento.aspx?CodigoInstituicao=1&NumeroSequencialDocumento=141503
06.981.381/0001-13;2024-01-01;3;CTC - CENTRO DE TECNOLOGIA CANAVIEIRA S.A.;023981;FCA;145031;2025-02-26;http://www.rad.cvm.gov.br/ENETCONSULTA/frmDownloadDocumento.aspx?CodigoInstituicao=1&NumeroSequencialDocumento=145031
07.040.108/0001-57;2024-01-01;1;CAGECE - CIA DE AGUA E ESGOTO DO CEARA;018546;FCA;133591;2024-01-17;http://www.rad.cvm.gov.br/ENETCONSULTA/frmDownloadDocumento.aspx?CodigoInstituicao=1&NumeroSequencialDocumento=133591
07.040.108/0001-57;2024-01-01;2;CAGECE - CIA DE AGUA E ESGOTO DO CEARA;018546;FCA;135888;2024-04-24;http://www.rad.cvm.gov.br/ENETCONSULTA/frmDownloadDocumento.aspx?CodigoInstituicao=1&NumeroSequencialDocumento=135888
07.043.628/0001-13;2024-01-01;1;CLARO TELECOM PARTICIPAÇÕES S.A.;023531;FCA;138246;2024-05-29;http://www.rad.cvm.gov.br/ENETCONSULTA/frmDownloadDocumento.aspx?CodigoInstituicao=1&NumeroSequencialDocumento=138246
07.047.251/0001-70;2024-01-01;1;CIA ENERGETICA DO CEARA - COELCE;014869;FCA;135412;2024-04-01;http://www.rad.cvm.gov.br/ENETCONSULTA/frmDownloadDocumento.aspx?CodigoInstituicao=1&NumeroSequencialDocumento=135412
07.047.251/0001-70;2024-01-01;2;CIA ENERGETICA DO CEARA - COELCE;014869;FCA;139906;2024-07-26;http://www.rad.cvm.gov.br/ENETCONSULTA/frmDownloadDocumento.aspx?CodigoInstituicao=1&NumeroSequencialDocumento=139906
07.047.251/0001-70;2024-01-01;3;CIA ENERGETICA DO CEARA - COELCE;014869;FCA;141539;2024-09-02;http://www.rad.cvm.gov.br/ENETCONSULTA/frmDownloadDocumento.aspx?CodigoInstituicao=1&NumeroSequencialDocumento=141539
07.119.838/0001-48;2024-01-01;1;SECME - COMPANHIA SECURITIZADORA DE CRÉDITOS IMOBILIÁRIOS;019720;FCA;139308;2024-06-28;http://www.rad.cvm.gov.br/ENETCONSULTA/frmDownloadDocumento.aspx?CodigoInstituicao=1&NumeroSequencialDocumento=139308
07.206.816/0001-15;2024-01-01;1;M.DIAS BRANCO S.A. IND COM DE ALIMENTOS;020338;FCA;136126;2024-05-02;http://www.rad.cvm.gov.br/ENETCONSULTA/frmDownloadDocumento.aspx?CodigoInstituicao=1&NumeroSequencialDocumento=136126
07.237.373/0001-20;2024-01-01;1;BCO NORDESTE DO BRASIL S.A.;001228;FCA;133810;2024-02-01;http://www.rad.cvm.gov.br/ENETCONSULTA/frmDownloadDocumento.aspx?CodigoInstituicao=1&NumeroSequencialDocumento=133810
07.253.321/0001-47;2024-01-01;1;CARBOMIL SA MINER. E INDUSTRIA;014168;FCA;138017;2024-05-28;http://www.rad.cvm.gov.br/ENETCONSULTA/frmDownloadDocumento.aspx?CodigoInstituicao=1&NumeroSequencialDocumento=138017
07.275.159/0001-68;2024-01-01;1;PETROLEO LUB DO NORDESTE SA;009520;FCA;137113;2024-05-13;http://www.rad.cvm.gov.br/ENETCONSULTA/frmDownloadDocumento.aspx?CodigoInstituicao=1&NumeroSequencialDocumento=137113
07.282.377/0001-20;2024-01-01;1;ENERGISA SUL-SUDESTE - DISTRIBUIDORA DE ENERGIA S/A;024864;FCA;138171;2024-05-29;http://www.rad.cvm.gov.br/ENETCONSULTA/frmDownloadDocumento.aspx?CodigoInstituicao=1&NumeroSequencialDocumento=138171
07.334.600/0001-35;2024-01-01;1;MARINA DE IRACEMA PARK SA;016268;FCA;134672;2024-03-13;http://www.rad.cvm.gov.br/ENETCONSULTA/frmDownloadDocumento.aspx?CodigoInstituicao=1&NumeroSequencialDocumento=134672
07.334.600/0001-35;2024-01-01;2;MARINA DE IRACEMA PARK SA;016268;FCA;137747;2024-05-21;http://www.rad.cvm.gov.br/ENETCONSULTA/frmDownloadDocumento.aspx?CodigoInstituicao=1&NumeroSequencialDocumento=137747
07.401.436/0001-31;2024-01-01;1;ELDORADO BRASIL CELULOSE S.A.;022810;FCA;137929;2024-05-27;http://www.rad.cvm.gov.br/ENETCONSULTA/frmDownloadDocumento.aspx?CodigoInstituicao=1&NumeroSequencialDocumento=137929
07.415.333/0001-20;2024-01-01;1;SIMPAR S.A.;025003;FCA;138381;2024-05-29;http://www.rad.cvm.gov.br/ENETCONSULTA/frmDownloadDocumento.aspx?CodigoInstituicao=1&NumeroSequencialDocumento=138381
07.526.557/0001-00;2024-01-01;1;AMBEV S.A.;023264;FCA;133943;2024-02-08;http://www.rad.cvm.gov.br/ENETCONSULTA/frmDownloadDocumento.aspx?CodigoInstituicao=1&NumeroSequencialDocumento=133943
07.594.978/0001-78;2024-01-01;1;SMARTFIT ESCOLA DE GINÁSTICA E DANÇA S.A.;024260;FCA;133830;2024-02-02;http://www.rad.cvm.gov.br/ENETCONSULTA/frmDownloadDocumento.aspx?CodigoInstituicao=1&NumeroSequencialDocumento=133830
07.594.978/0001-78;2024-01-01;2;SMARTFIT ESCOLA DE GINÁSTICA E DANÇA S.A.;024260;FCA;135998;2024-04-26;http://www.rad.cvm.gov.br/ENETCONSULTA/frmDownloadDocumento.aspx?CodigoInstituicao=1&NumeroSequencialDocumento=135998
07.628.528/0001-59;2024-01-01;1;BRASILAGRO - CIA BRAS DE PROP AGRICOLAS;020036;FCA;137194;2024-05-13;http://www.rad.cvm.gov.br/ENETCONSULTA/frmDownloadDocumento.aspx?CodigoInstituicao=1&NumeroSequencialDocumento=137194
07.628.528/0001-59;2024-01-01;2;BRASILAGRO - CIA BRAS DE PROP AGRICOLAS;020036;FCA;142414;2024-10-29;http://www.rad.cvm.gov.br/ENETCONSULTA/frmDownloadDocumento.aspx?CodigoInstituicao=1&NumeroSequencialDocumento=142414
07.636.657/0001-99;2024-01-01;1;AÇO VERDE DO BRASIL S.A;026425;FCA;138442;2024-05-30;http://www.rad.cvm.gov.br/ENETCONSULTA/frmDownloadDocumento.aspx?CodigoInstituicao=1&NumeroSequencialDocumento=138442
07.636.657/0001-99;2024-01-01;2;AÇO VERDE DO BRASIL S.A;026425;FCA;139523;2024-07-08;http://www.rad.cvm.gov.br/ENETCONSULTA/frmDownloadDocumento.aspx?CodigoInstituicao=1&NumeroSequencialDocumento=139523
07.659.538/0001-51;2024-01-01;1;DINAMICA ENERGIA S.A.;020052;FCA;134604;2024-03-11;http://www.rad.cvm.gov.br/ENETCONSULTA/frmDownloadDocumento.aspx?CodigoInstituicao=1&NumeroSequencialDocumento=134604
07.682.638/0001-07;2024-01-01;1;CONCESSIONÁRIA DA LINHA 4 DO METRÔ DE SÃO PAULO S.A.;027731;FCA;142163;2024-10-11;http://www.rad.cvm.gov.br/ENETCONSULTA/frmDownloadDocumento.aspx?CodigoInstituicao=1&NumeroSequencialDocumento=142163
07.682.638/0001-07;2024-01-01;2;CONCESSIONÁRIA DA LINHA 4 DO METRÔ DE SÃO PAULO S.A.;027731;FCA;143862;2024-12-18;http://www.rad.cvm.gov.br/ENETCONSULTA/frmDownloadDocumento.aspx?CodigoInstituicao=1&NumeroSequencialDocumento=143862
07.689.002/0001-89;2024-01-01;1;EMBRAER S.A.;020087;FCA;133554;2024-01-12;http://www.rad.cvm.gov.br/ENETCONSULTA/frmDownloadDocumento.aspx?CodigoInstituicao=1&NumeroSequencialDocumento=133554
07.689.002/0001-89;2024-01-01;2;EMBRAER S.A.;020087;FCA;141610;2024-09-05;http://www.rad.cvm.gov.br/ENETCONSULTA/frmDownloadDocumento.aspx?CodigoInstituicao=1&NumeroSequencialDocumento=141610
07.689.002/0001-89;2024-01-01;3;EMBRAER S.A.;020087;FCA;144507;2025-01-31;http://www.rad.cvm.gov.br/ENETCONSULTA/frmDownloadDocumento.aspx?CodigoInstituicao=1&NumeroSequencialDocumento=144507
07.704.246/0001-93;2024-01-01;1;DATORA PARTICIPAÇÕES E SERVIÇOS S.A.;026557;FCA;137044;2024-05-10;http://www.rad.cvm.gov.br/ENETCONSULTA/frmDownloadDocumento.aspx?CodigoInstituicao=1&NumeroSequencialDocumento=137044
07.714.104/0001-07;2024-01-01;1;GIGA MAIS FIBRA TELECOMUNICAÇÕES S.A.;027502;FCA;135575;2024-04-08;http://www.rad.cvm.gov.br/ENETCONSULTA/frmDownloadDocumento.aspx?CodigoInstituicao=1&NumeroSequencialDocumento=135575
07.714.104/0001-07;2024-01-01;2;GIGA MAIS FIBRA TELECOMUNICAÇÕES S.A.;027502;FCA;139248;2024-06-25;http://www.rad.cvm.gov.br/ENETCONSULTA/frmDownloadDocumento.aspx?CodigoInstituicao=1&NumeroSequencialDocumento=139248
07.714.104/0001-07;2024-01-01;3;GIGA MAIS FIBRA TELECOMUNICAÇÕES S.A.;027502;FCA;141084;2024-08-14;http://www.rad.cvm.gov.br/ENETCONSULTA/frmDownloadDocumento.aspx?CodigoInstituicao=1&NumeroSequencialDocumento=141084
07.718.269/0001-57;2024-01-01;1;SPRINGS GLOBAL PARTICIPACOES S.A.;020966;FCA;134418;2024-03-04;http://www.rad.cvm.gov.br/ENETCONSULTA/frmDownloadDocumento.aspx?CodigoInstituicao=1&NumeroSequencialDocumento=134418
07.802.794/0001-56;2024-01-01;1;ESSENTIA PCHS S.A.;026158;FCA;137806;2024-05-22;http://www.rad.cvm.gov.br/ENETCONSULTA/frmDownloadDocumento.aspx?CodigoInstituicao=1&NumeroSequencialDocumento=137806
07.802.794/0001-56;2024-01-01;2;ESSENTIA PCHS S.A.;026158;FCA;139679;2024-07-16;http://www.rad.cvm.gov.br/ENETCONSULTA/frmDownloadDocumento.aspx?CodigoInstituicao=1&NumeroSequencialDocumento=139679
07.802.794/0001-56;2024-01-01;3;ESSENTIA PCHS S.A.;026158;FCA;140442;2024-08-06;http://www.rad.cvm.gov.br/ENETCONSULTA/frmDownloadDocumento.aspx?CodigoInstituicao=1&NumeroSequencialDocumento=140442
07.816.890/0001-53;2024-01-01;1;MULTIPLAN - EMPREEND IMOBILIARIOS S.A.;020982;FCA;137844;2024-05-23;http://www.rad.cvm.gov.br/ENETCONSULTA/frmDownloadDocumento.aspx?CodigoInstituicao=1&NumeroSequencialDocumento=137844
07.820.907/0001-46;2024-01-01;1;FICA EMPREENDIMENTOS IMOBILIÁRIOS S.A.;020630;FCA;133962;2024-02-09;http://www.rad.cvm.gov.br/ENETCONSULTA/frmDownloadDocumento.aspx?CodigoInstituicao=1&NumeroSequencialDocumento=133962
07.820.907/0001-46;2024-01-01;2;FICA EMPREENDIMENTOS IMOBILIÁRIOS S.A.;020630;FCA;138485;2024-05-31;http://www.rad.cvm.gov.br/ENETCONSULTA/frmDownloadDocumento.aspx?CodigoInstituicao=1&NumeroSequencialDocumento=138485
07.820.907/0001-46;2024-01-01;3;FICA EMPREENDIMENTOS IMOBILIÁRIOS S.A.;020630;FCA;143815;2024-12-16;http://www.rad.cvm.gov.br/ENETCONSULTA/frmDownloadDocumento.aspx?CodigoInstituicao=1&NumeroSequencialDocumento=143815
07.823.262/0001-03;2024-01-01;1;FOZ DO RIO CLARO ENERGIA S.A.;026697;FCA;134216;2024-02-23;http://www.rad.cvm.gov.br/ENETCONSULTA/frmDownloadDocumento.aspx?CodigoInstituicao=1&NumeroSequencialDocumento=134216
07.857.093/0001-14;2024-01-01;1;AURA MINERALS INC.;080187;FCA;138448;2024-05-30;http://www.rad.cvm.gov.br/ENETCONSULTA/frmDownloadDocumento.aspx?CodigoInstituicao=1&NumeroSequencialDocumento=138448
07.857.093/0001-14;2024-01-01;2;AURA MINERALS INC.;080187;FCA;139367;2024-07-01;http://www.rad.cvm.gov.br/ENETCONSULTA/frmDownloadDocumento.aspx?CodigoInstituicao=1&NumeroSequencialDocumento=139367
07.857.093/0001-14;2024-01-01;3;AURA MINERALS INC.;080187;FCA;139429;2024-07-03;http://www.rad.cvm.gov.br/ENETCONSULTA/frmDownloadDocumento.aspx?CodigoInstituicao=1&NumeroSequencialDocumento=139429
07.857.850/0001-50;2024-01-01;1;GP INVESTMENTS, LTD.;080020;FCA;137900;2024-05-24;http://www.rad.cvm.gov.br/ENETCONSULTA/frmDownloadDocumento.aspx?CodigoInstituicao=1&NumeroSequencialDocumento=137900
07.859.971/0001-30;2024-01-01;1;TRANSMISSORA ALIANÇA DE ENERGIA ELÉTRICA S.A.;020257;FCA;133551;2024-01-12;http://www.rad.cvm.gov.br/ENETCONSULTA/frmDownloadDocumento.aspx?CodigoInstituicao=1&NumeroSequencialDocumento=133551
07.859.971/0001-30;2024-01-01;2;TRANSMISSORA ALIANÇA DE ENERGIA ELÉTRICA S.A.;020257;FCA;141951;2024-09-30;http://www.rad.cvm.gov.br/ENETCONSULTA/frmDownloadDocumento.aspx?CodigoInstituicao=1&NumeroSequencialDocumento=141951
07.882.930/0001-65;2024-01-01;1;MITRE REALTY EMPREENDIMENTOS E PARTICIPAÇÕES S.A.;024902;FCA;138294;2024-05-29;http://www.rad.cvm.gov.br/ENETCONSULTA/frmDownloadDocumento.aspx?CodigoInstituicao=1&NumeroSequencialDocumento=138294
07.950.674/0001-04;2024-01-01;1;CCX CARVÃO DA COLÔMBIA S.A. - EM LIQUIDAÇÃO;020184;FCA;135005;2024-03-22;http://www.rad.cvm.gov.br/ENETCONSULTA/frmDownloadDocumento.aspx?CodigoInstituicao=1&NumeroSequencialDocumento=135005
07.976.147/0001-60;2024-01-01;1;MOVIDA LOCAÇÃO DE VEÍCULOS S.A.;025828;FCA;134049;2024-02-16;http://www.rad.cvm.gov.br/ENETCONSULTA/frmDownloadDocumento.aspx?CodigoInstituicao=1&NumeroSequencialDocumento=134049
07.976.147/0001-60;2024-01-01;2;MOVIDA LOCAÇÃO DE VEÍCULOS S.A.;025828;FCA;138804;2024-05-31;http://www.rad.cvm.gov.br/ENETCONSULTA/frmDownloadDocumento.aspx?CodigoInstituicao=1&NumeroSequencialDocumento=138804
08.065.557/0001-12;2024-01-01;1;TECNISA S.A.;020435;FCA;138692;2024-05-31;http://www.rad.cvm.gov.br/ENETCONSULTA/frmDownloadDocumento.aspx?CodigoInstituicao=1&NumeroSequencialDocumento=138692
08.065.557/0001-12;2024-01-01;2;TECNISA S.A.;020435;FCA;139793;2024-07-22;http://www.rad.cvm.gov.br/ENETCONSULTA/frmDownloadDocumento.aspx?CodigoInstituicao=1&NumeroSequencialDocumento=139793
08.065.557/0001-12;2024-01-01;3;TECNISA S.A.;020435;FCA;139803;2024-07-23;http://www.rad.cvm.gov.br/ENETCONSULTA/frmDownloadDocumento.aspx?CodigoInstituicao=1&NumeroSequencialDocumento=139803
08.070.508/0001-78;2024-01-01;1;RAIZEN ENERGIA S.A.;023230;FCA;137669;2024-05-17;http://www.rad.cvm.gov.br/ENETCONSULTA/frmDownloadDocumento.aspx?CodigoInstituicao=1&NumeroSequencialDocumento=137669
08.070.508/0001-78;2024-01-01;2;RAIZEN ENERGIA S.A.;023230;FCA;143283;2024-11-14;http://www.rad.cvm.gov.br/ENETCONSULTA/frmDownloadDocumento.aspx?CodigoInstituicao=1&NumeroSequencialDocumento=143283
08.070.508/0001-78;2024-01-01;3;RAIZEN ENERGIA S.A.;023230;FCA;143770;2024-12-11;http://www.rad.cvm.gov.br/ENETCONSULTA/frmDownloadDocumento.aspx?CodigoInstituicao=1&NumeroSequencialDocumento=143770
08.078.847/0001-09;2024-01-01;1;LPS BRASIL - CONSULTORIA DE IMOVEIS S.A.;020370;FCA;136713;2024-05-08;http://www.rad.cvm.gov.br/ENETCONSULTA/frmDownloadDocumento.aspx?CodigoInstituicao=1&NumeroSequencialDocumento=136713
08.078.847/0001-09;2024-01-01;2;LPS BRASIL - CONSULTORIA DE IMOVEIS S.A.;020370;FCA;138931;2024-06-05;http://www.rad.cvm.gov.br/ENETCONSULTA/frmDownloadDocumento.aspx?CodigoInstituicao=1&NumeroSequencialDocumento=138931
08.100.057/0001-74;2024-01-01;1;TECNOGERA-LOCAÇÃO E TRANSFORMAÇÃO DE ENERGIA S.A.;027847;FCA;144034;2024-12-30;http://www.rad.cvm.gov.br/ENETCONSULTA/frmDownloadDocumento.aspx?CodigoInstituicao=1&NumeroSequencialDocumento=144034
08.159.965/0001-33;2024-01-01;1;IGUA SANEAMENTO S.A.;023175;FCA;135707;2024-04-16;http://www.rad.cvm.gov.br/ENETCONSULTA/frmDownloadDocumento.aspx?CodigoInstituicao=1&NumeroSequencialDocumento=135707
08.159.965/0001-33;2024-01-01;2;IGUA SANEAMENTO S.A.;023175;FCA;141416;2024-08-26;http://www.rad.cvm.gov.br/ENETCONSULTA/frmDownloadDocumento.aspx?CodigoInstituicao=1&NumeroSequencialDocumento=141416
08.159.965/0001-33;2024-01-01;3;IGUA SANEAMENTO S.A.;023175;FCA;141554;2024-09-03;http://www.rad.cvm.gov.br/ENETCONSULTA/frmDownloadDocumento.aspx?CodigoInstituicao=1&NumeroSequencialDocumento=141554
08.170.849/0001-15;2024-01-01;1;DESKTOP S.A.;026026;FCA;138713;2024-05-31;http://www.rad.cvm.gov.br/ENETCONSULTA/frmDownloadDocumento.aspx?CodigoInstituicao=1&NumeroSequencialDocumento=138713
08.170.849/0001-15;2024-01-01;2;DESKTOP S.A.;026026;FCA;139222;2024-06-24;http://www.rad.cvm.gov.br/ENETCONSULTA/frmDownloadDocumento.aspx?CodigoInstituicao=1&NumeroSequencialDocumento=139222
08.213.823/0001-07;2024-01-01;1;AURA ALMAS MINERAÇÃO S.A.;026590;FCA;133826;2024-02-02;http://www.rad.cvm.gov.br/ENETCONSULTA/frmDownloadDocumento.aspx?CodigoInstituicao=1&NumeroSequencialDocumento=133826
08.213.823/0001-07;2024-01-01;2;AURA ALMAS MINERAÇÃO S.A.;026590;FCA;134645;2024-03-12;http://www.rad.cvm.gov.br/ENETCONSULTA/frmDownloadDocumento.aspx?CodigoInstituicao=1&NumeroSequencialDocumento=134645
08.213.823/0001-07;2024-01-01;3;AURA ALMAS MINERAÇÃO S.A.;026590;FCA;139371;2024-07-01;http://www.rad.cvm.gov.br/ENETCONSULTA/frmDownloadDocumento.aspx?CodigoInstituicao=1&NumeroSequencialDocumento=139371
08.213.823/0001-07;2024-01-01;4;AURA ALMAS MINERAÇÃO S.A.;026590;FCA;139431;2024-07-03;http://www.rad.cvm.gov.br/ENETCONSULTA/frmDownloadDocumento.aspx?CodigoInstituicao=1&NumeroSequencialDocumento=139431
08.262.121/0001-13;2024-01-01;1;ALUBAR METAIS E CABOS S.A.;027430;FCA;133766;2024-01-31;http://www.rad.cvm.gov.br/ENETCONSULTA/frmDownloadDocumento.aspx?CodigoInstituicao=1&NumeroSequencialDocumento=133766
08.262.121/0001-13;2024-01-01;2;ALUBAR METAIS E CABOS S.A.;027430;FCA;134129;2024-02-20;http://www.rad.cvm.gov.br/ENETCONSULTA/frmDownloadDocumento.aspx?CodigoInstituicao=1&NumeroSequencialDocumento=134129
08.262.121/0001-13;2024-01-01;3;ALUBAR METAIS E CABOS S.A.;027430;FCA;138146;2024-05-29;http://www.rad.cvm.gov.br/ENETCONSULTA/frmDownloadDocumento.aspx?CodigoInstituicao=1&NumeroSequencialDocumento=138146
08.294.224/0001-65;2024-01-01;1;JHSF PARTICIPACOES S.A.;020605;FCA;133540;2024-01-12;http://www.rad.cvm.gov.br/ENETCONSULTA/frmDownloadDocumento.aspx?CodigoInstituicao=1&NumeroSequencialDocumento=133540
08.312.229/0001-73;2024-01-01;1;EZ TEC EMPREEND. E PARTICIPACOES S.A.;020770;FCA;135135;2024-03-26;http://www.rad.cvm.gov.br/ENETCONSULTA/frmDownloadDocumento.aspx?CodigoInstituicao=1&NumeroSequencialDocumento=135135
08.312.229/0001-73;2024-01-01;2;EZ TEC EMPREEND. E PARTICIPACOES S.A.;020770;FCA;143904;2024-12-19;http://www.rad.cvm.gov.br/ENETCONSULTA/frmDownloadDocumento.aspx?CodigoInstituicao=1&NumeroSequencialDocumento=143904
08.322.396/0001-03;2024-01-01;1;CERRADINHO BIOENERGIA S.A.;026522;FCA;136550;2024-05-07;http://www.rad.cvm.gov.br/ENETCONSULTA/frmDownloadDocumento.aspx?CodigoInstituicao=1&NumeroSequencialDocumento=136550
08.324.196/0001-81;2024-01-01;1;CIA ENERGETICA DO RIO GDE NORTE - COSERN;018139;FCA;137180;2024-05-13;http://www.rad.cvm.gov.br/ENETCONSULTA/frmDownloadDocumento.aspx?CodigoInstituicao=1&NumeroSequencialDocumento=137180
08.324.196/0001-81;2024-01-01;2;CIA ENERGETICA DO RIO GDE NORTE - COSERN;018139;FCA;139796;2024-07-22;http://www.rad.cvm.gov.br/ENETCONSULTA/frmDownloadDocumento.aspx?CodigoInstituicao=1&NumeroSequencialDocumento=139796
08.324.196/0001-81;2024-01-01;3;CIA ENERGETICA DO RIO GDE NORTE - COSERN;018139;FCA;141489;2024-08-29;http://www.rad.cvm.gov.br/ENETCONSULTA/frmDownloadDocumento.aspx?CodigoInstituicao=1&NumeroSequencialDocumento=141489
08.343.492/0001-20;2024-01-01;1;MRV ENGENHARIA E PARTICIPACOES S.A.;020915;FCA;135756;2024-04-17;http://www.rad.cvm.gov.br/ENETCONSULTA/frmDownloadDocumento.aspx?CodigoInstituicao=1&NumeroSequencialDocumento=135756
08.364.948/0001-38;2024-01-01;1;ALUPAR INVESTIMENTO S/A;021490;FCA;133660;2024-01-22;http://www.rad.cvm.gov.br/ENETCONSULTA/frmDownloadDocumento.aspx?CodigoInstituicao=1&NumeroSequencialDocumento=133660
08.397.078/0001-01;2024-01-01;1;GSH CORP PARTICIPAÇÕES S.A.;026603;FCA;144446;2025-01-28;http://www.rad.cvm.gov.br/ENETCONSULTA/frmDownloadDocumento.aspx?CodigoInstituicao=1&NumeroSequencialDocumento=144446
08.402.943/0001-52;2024-01-01;1;GUARARAPES CONFECCOES S.A.;004669;FCA;135420;2024-04-01;http://www.rad.cvm.gov.br/ENETCONSULTA/frmDownloadDocumento.aspx?CodigoInstituicao=1&NumeroSequencialDocumento=135420
08.402.943/0001-52;2024-01-01;2;GUARARAPES CONFECCOES S.A.;004669;FCA;137766;2024-05-21;http://www.rad.cvm.gov.br/ENETCONSULTA/frmDownloadDocumento.aspx?CodigoInstituicao=1&NumeroSequencialDocumento=137766
08.402.943/0001-52;2024-01-01;3;GUARARAPES CONFECCOES S.A.;004669;FCA;143875;2024-12-18;http://www.rad.cvm.gov.br/ENETCONSULTA/frmDownloadDocumento.aspx?CodigoInstituicao=1&NumeroSequencialDocumento=143875
08.424.178/0001-71;2024-01-01;1;TECBLU TECELAGEM BLUMENAU S.A.;011215;FCA;137889;2024-05-24;http://www.rad.cvm.gov.br/ENETCONSULTA/frmDownloadDocumento.aspx?CodigoInstituicao=1&NumeroSequencialDocumento=137889
08.439.659/0001-50;2024-01-01;1;CPFL ENERGIAS RENOVÁVEIS S.A.;020540;FCA;137692;2024-05-20;http://www.rad.cvm.gov.br/ENETCONSULTA/frmDownloadDocumento.aspx?CodigoInstituicao=1&NumeroSequencialDocumento=137692
08.439.659/0001-50;2024-01-01;2;CPFL ENERGIAS RENOVÁVEIS S.A.;020540;FCA;141283;2024-08-19;http://www.rad.cvm.gov.br/ENETCONSULTA/frmDownloadDocumento.aspx?CodigoInstituicao=1&NumeroSequencialDocumento=141283
08.467.115/0001-00;2024-01-01;1;CIA ESTADUAL DE DISTRIB ENER ELET-CEEE-D;020648;FCA;138570;2024-05-31;http://www.rad.cvm.gov.br/ENETCONSULTA/frmDownloadDocumento.aspx?CodigoInstituicao=1&NumeroSequencialDocumento=138570
08.467.115/0001-00;2024-01-01;2;CIA ESTADUAL DE DISTRIB ENER ELET-CEEE-D;020648;FCA;142098;2024-10-08;http://www.rad.cvm.gov.br/ENETCONSULTA/frmDownloadDocumento.aspx?CodigoInstituicao=1&NumeroSequencialDocumento=142098
08.534.605/0001-74;2024-01-01;1;RENOVA ENERGIA S.A.;021636;FCA;138516;2024-05-31;http://www.rad.cvm.gov.br/ENETCONSULTA/frmDownloadDocumento.aspx?CodigoInstituicao=1&NumeroSequencialDocumento=138516
08.560.444/0001-93;2024-01-01;1;CIA CELG DE PARTICIPACOES - CELGPAR;021393;FCA;137652;2024-05-17;http://www.rad.cvm.gov.br/ENETCONSULTA/frmDownloadDocumento.aspx?CodigoInstituicao=1&NumeroSequencialDocumento=137652
08.574.411/0001-00;2024-01-01;1;PRÁTICA PRODUTOS S.A.;024546;FCA;134038;2024-02-16;http://www.rad.cvm.gov.br/ENETCONSULTA/frmDownloadDocumento.aspx?CodigoInstituicao=1&NumeroSequencialDocumento=134038
08.574.411/0001-00;2024-01-01;2;PRÁTICA PRODUTOS S.A.;024546;FCA;137593;2024-05-16;http://www.rad.cvm.gov.br/ENETCONSULTA/frmDownloadDocumento.aspx?CodigoInstituicao=1&NumeroSequencialDocumento=137593
08.574.411/0001-00;2024-01-01;3;PRÁTICA PRODUTOS S.A.;024546;FCA;139186;2024-06-21;http://www.rad.cvm.gov.br/ENETCONSULTA/frmDownloadDocumento.aspx?CodigoInstituicao=1&NumeroSequencialDocumento=139186
08.574.411/0001-00;2024-01-01;4;PRÁTICA PRODUTOS S.A.;024546;FCA;139188;2024-06-21;http://www.rad.cvm.gov.br/ENETCONSULTA/frmDownloadDocumento.aspx?CodigoInstituicao=1&NumeroSequencialDocumento=139188
08.574.411/0001-00;2024-01-01;5;PRÁTICA PRODUTOS S.A.;024546;FCA;139259;2024-06-26;http://www.rad.cvm.gov.br/ENETCONSULTA/frmDownloadDocumento.aspx?CodigoInstituicao=1&NumeroSequencialDocumento=139259
08.613.550/0001-98;2024-01-01;1;NEXPE PARTICIPAÇÕES S.A;021180;FCA;137069;2024-05-10;http://www.rad.cvm.gov.br/ENETCONSULTA/frmDownloadDocumento.aspx?CodigoInstituicao=1&NumeroSequencialDocumento=137069
08.764.621/0001-53;2024-01-01;1;GENERAL SHOPPING E OUTLETS DO BRASIL BRASIL S.A.;021008;FCA;138136;2024-05-29;http://www.rad.cvm.gov.br/ENETCONSULTA/frmDownloadDocumento.aspx?CodigoInstituicao=1&NumeroSequencialDocumento=138136
08.769.451/0001-08;2024-01-01;1;VIRGO COMPANHIA DE SECURITIZAÇÃO;020818;FCA;138797;2024-05-31;http://www.rad.cvm.gov.br/ENETCONSULTA/frmDownloadDocumento.aspx?CodigoInstituicao=1&NumeroSequencialDocumento=138797
08.773.135/0001-00;2024-01-01;1;2W ECOBANK S.A. - EM RECUPERAÇÃO JUDICIAL;025224;FCA;134423;2024-03-04;http://www.rad.cvm.gov.br/ENETCONSULTA/frmDownloadDocumento.aspx?CodigoInstituicao=1&NumeroSequencialDocumento=134423
08.773.135/0001-00;2024-01-01;2;2W ECOBANK S.A. - EM RECUPERAÇÃO JUDICIAL;025224;FCA;139394;2024-07-02;http://www.rad.cvm.gov.br/ENETCONSULTA/frmDownloadDocumento.aspx?CodigoInstituicao=1&NumeroSequencialDocumento=139394
08.773.135/0001-00;2024-01-01;3;2W ECOBANK S.A. - EM RECUPERAÇÃO JUDICIAL;025224;FCA;140434;2024-08-06;http://www.rad.cvm.gov.br/ENETCONSULTA/frmDownloadDocumento.aspx?CodigoInstituicao=1&NumeroSequencialDocumento=140434
08.773.135/0001-00;2024-01-01;4;2W ECOBANK S.A. - EM RECUPERAÇÃO JUDICIAL;025224;FCA;141427;2024-08-26;http://www.rad.cvm.gov.br/ENETCONSULTA/frmDownloadDocumento.aspx?CodigoInstituicao=1&NumeroSequencialDocumento=141427
08.773.135/0001-00;2024-01-01;5;2W ECOBANK S.A. - EM RECUPERAÇÃO JUDICIAL;025224;FCA;142087;2024-10-08;http://www.rad.cvm.gov.br/ENETCONSULTA/frmDownloadDocumento.aspx?CodigoInstituicao=1&NumeroSequencialDocumento=142087
08.773.191/0001-36;2024-01-01;1;BRASILIANA PARTICIPAÇÕES S/A;023930;FCA;138125;2024-05-29;http://www.rad.cvm.gov.br/ENETCONSULTA/frmDownloadDocumento.aspx?CodigoInstituicao=1&NumeroSequencialDocumento=138125
08.773.191/0001-36;2024-01-01;2;BRASILIANA PARTICIPAÇÕES S/A;023930;FCA;139546;2024-07-10;http://www.rad.cvm.gov.br/ENETCONSULTA/frmDownloadDocumento.aspx?CodigoInstituicao=1&NumeroSequencialDocumento=139546
08.795.211/0001-70;2024-01-01;1;MAESTRO LOCADORA DE VEICULOS S.A.;023612;FCA;138557;2024-05-31;http://www.rad.cvm.gov.br/ENETCONSULTA/frmDownloadDocumento.aspx?CodigoInstituicao=1&NumeroSequencialDocumento=138557
08.795.211/0001-70;2024-01-01;2;MAESTRO LOCADORA DE VEICULOS S.A.;023612;FCA;141970;2024-10-01;http://www.rad.cvm.gov.br/ENETCONSULTA/frmDownloadDocumento.aspx?CodigoInstituicao=1&NumeroSequencialDocumento=141970
08.795.211/0001-70;2024-01-01;3;MAESTRO LOCADORA DE VEICULOS S.A.;023612;FCA;141994;2024-10-02;http://www.rad.cvm.gov.br/ENETCONSULTA/frmDownloadDocumento.aspx?CodigoInstituicao=1&NumeroSequencialDocumento=141994
08.797.760/0001-83;2024-01-01;1;CURY CONSTRUTORA E INCORPORADORA S.A.;025100;FCA;135053;2024-03-25;http://www.rad.cvm.gov.br/ENETCONSULTA/frmDownloadDocumento.aspx?CodigoInstituicao=1&NumeroSequencialDocumento=135053
08.797.760/0001-83;2024-01-01;2;CURY CONSTRUTORA E INCORPORADORA S.A.;025100;FCA;138094;2024-05-29;http://www.rad.cvm.gov.br/ENETCONSULTA/frmDownloadDocumento.aspx?CodigoInstituicao=1&NumeroSequencialDocumento=138094
08.797.760/0001-83;2024-01-01;3;CURY CONSTRUTORA E INCORPORADORA S.A.;025100;FCA;141931;2024-09-30;http://www.rad.cvm.gov.br/ENETCONSULTA/frmDownloadDocumento.aspx?CodigoInstituicao=1&NumeroSequencialDocumento=141931
08.801.621/0001-86;2024-01-01;1;SYN PROP & TECH S.A.;021040;FCA;138047;2024-05-28;http://www.rad.cvm.gov.br/ENETCONSULTA/frmDownloadDocumento.aspx?CodigoInstituicao=1&NumeroSequencialDocumento=138047
08.807.432/0001-10;2024-01-01;1;YDUQS PARTICIPACOES S.A.;021016;FCA;138824;2024-05-31;http://www.rad.cvm.gov.br/ENETCONSULTA/frmDownloadDocumento.aspx?CodigoInstituicao=1&NumeroSequencialDocumento=138824
08.811.643/0001-27;2024-01-01;1;TRISUL S.A.;021130;FCA;137823;2024-05-23;http://www.rad.cvm.gov.br/ENETCONSULTA/frmDownloadDocumento.aspx?CodigoInstituicao=1&NumeroSequencialDocumento=137823
08.822.767/0001-08;2024-01-01;1;CONCESSIONÁRIA DA RODOVIA MG-050 S.A.;024104;FCA;137884;2024-05-24;http://www.rad.cvm.gov.br/ENETCONSULTA/frmDownloadDocumento.aspx?CodigoInstituicao=1&NumeroSequencialDocumento=137884
08.822.767/0001-08;2024-01-01;2;CONCESSIONÁRIA DA RODOVIA MG-050 S.A.;024104;FCA;138976;2024-06-07;http://www.rad.cvm.gov.br/ENETCONSULTA/frmDownloadDocumento.aspx?CodigoInstituicao=1&NumeroSequencialDocumento=138976
08.827.501/0001-58;2024-01-01;1;AEGEA SANEAMENTO E PARTICIPAÇÕES S.A.;023396;FCA;137962;2024-05-27;http://www.rad.cvm.gov.br/ENETCONSULTA/frmDownloadDocumento.aspx?CodigoInstituicao=1&NumeroSequencialDocumento=137962
08.845.676/0001-98;2024-01-01;1;CORPÓREOS - SERVIÇOS TERAPÊUTICOS S.A.;027669;FCA;141640;2024-09-09;http://www.rad.cvm.gov.br/ENETCONSULTA/frmDownloadDocumento.aspx?CodigoInstituicao=1&NumeroSequencialDocumento=141640
08.845.676/0001-98;2024-01-01;1;CORPÓREOS - SERVIÇOS TERAPÊUTICOS S.A.;027669;FCA;139121;2024-06-14;http://www.rad.cvm.gov.br/ENETCONSULTA/frmDownloadDocumento.aspx?CodigoInstituicao=1&NumeroSequencialDocumento=139121
08.845.676/0001-98;2024-01-01;2;CORPÓREOS - SERVIÇOS TERAPÊUTICOS S.A.;027669;FCA;142081;2024-10-07;http://www.rad.cvm.gov.br/ENETCONSULTA/frmDownloadDocumento.aspx?CodigoInstituicao=1&NumeroSequencialDocumento=142081
08.873.873/0001-10;2024-01-01;1;ECORODOVIAS CONCESSÕES E SERVIÇOS S.A.;021903;FCA;138245;2024-05-29;http://www.rad.cvm.gov.br/ENETCONSULTA/frmDownloadDocumento.aspx?CodigoInstituicao=1&NumeroSequencialDocumento=138245
08.873.873/0001-10;2024-01-01;2;ECORODOVIAS CONCESSÕES E SERVIÇOS S.A.;021903;FCA;138274;2024-05-29;http://www.rad.cvm.gov.br/ENETCONSULTA/frmDownloadDocumento.aspx?CodigoInstituicao=1&NumeroSequencialDocumento=138274
08.902.291/0001-15;2024-01-01;1;CSN MINERAÇÃO S.A.;025585;FCA;137872;2024-05-24;http://www.rad.cvm.gov.br/ENETCONSULTA/frmDownloadDocumento.aspx?CodigoInstituicao=1&NumeroSequencialDocumento=137872
08.926.302/0001-05;2024-01-01;1;PRIO FORTE S.A.;027740;FCA;142297;2024-10-22;http://www.rad.cvm.gov.br/ENETCONSULTA/frmDownloadDocumento.aspx?CodigoInstituicao=1&NumeroSequencialDocumento=142297
08.926.302/0001-05;2024-01-01;2;PRIO FORTE S.A.;027740;FCA;143908;2024-12-20;http://www.rad.cvm.gov.br/ENETCONSULTA/frmDownloadDocumento.aspx?CodigoInstituicao=1&NumeroSequencialDocumento=143908
08.935.054/0001-50;2024-01-01;1;MULTINER S/A;021520;FCA;138560;2024-05-31;http://www.rad.cvm.gov.br/ENETCONSULTA/frmDownloadDocumento.aspx?CodigoInstituicao=1&NumeroSequencialDocumento=138560
08.935.054/0001-50;2024-01-01;2;MULTINER S/A;021520;FCA;141479;2024-08-29;http://www.rad.cvm.gov.br/ENETCONSULTA/frmDownloadDocumento.aspx?CodigoInstituicao=1&NumeroSequencialDocumento=141479
09.041.168/0001-10;2024-01-01;1;LOG COMMERCIAL PROPERTIES E PARTICIPAÇÕES;023272;FCA;134083;2024-02-19;http://www.rad.cvm.gov.br/ENETCONSULTA/frmDownloadDocumento.aspx?CodigoInstituicao=1&NumeroSequencialDocumento=134083
09.042.817/0001-05;2024-01-01;1;BEMOBI MOBILE TECH S.A.;025500;FCA;138727;2024-05-31;http://www.rad.cvm.gov.br/ENETCONSULTA/frmDownloadDocumento.aspx?CodigoInstituicao=1&NumeroSequencialDocumento=138727
09.053.134/0001-45;2024-01-01;1;ELFA MEDICAMENTOS S.A.;025348;FCA;141691;2024-09-11;http://www.rad.cvm.gov.br/ENETCONSULTA/frmDownloadDocumento.aspx?CodigoInstituicao=1&NumeroSequencialDocumento=141691
09.054.385/0001-44;2024-01-01;1;INBRANDS S.A.;022560;FCA;138860;2024-05-31;http://www.rad.cvm.gov.br/ENETCONSULTA/frmDownloadDocumento.aspx?CodigoInstituicao=1&NumeroSequencialDocumento=138860
09.074.183/0001-64;2024-01-01;1;TRANSBRASILIANA CONCESSIONÁRIA DE RODOVIA S.A;022225;FCA;134950;2024-03-21;http://www.rad.cvm.gov.br/ENETCONSULTA/frmDownloadDocumento.aspx?CodigoInstituicao=1&NumeroSequencialDocumento=134950
09.074.183/0001-64;2024-01-01;2;TRANSBRASILIANA CONCESSIONÁRIA DE RODOVIA S.A;022225;FCA;142453;2024-10-31;http://www.rad.cvm.gov.br/ENETCONSULTA/frmDownloadDocumento.aspx?CodigoInstituicao=1&NumeroSequencialDocumento=142453
09.095.183/0001-40;2024-01-01;1;ENERGISA PARAÍBA - DISTRIBUIDORA DE ENERGIA S/A;021938;FCA;138168;2024-05-29;http://www.rad.cvm.gov.br/ENETCONSULTA/frmDownloadDocumento.aspx?CodigoInstituicao=1&NumeroSequencialDocumento=138168
09.112.685/0001-32;2024-01-01;1;OSX BRASIL S.A. - EM RECUPERAÇÃO JUDICIAL;021342;FCA;133751;2024-01-30;http://www.rad.cvm.gov.br/ENETCONSULTA/frmDownloadDocumento.aspx?CodigoInstituicao=1&NumeroSequencialDocumento=133751
09.112.685/0001-32;2024-01-01;2;OSX BRASIL S.A. - EM RECUPERAÇÃO JUDICIAL;021342;FCA;143774;2024-12-11;http://www.rad.cvm.gov.br/ENETCONSULTA/frmDownloadDocumento.aspx?CodigoInstituicao=1&NumeroSequencialDocumento=143774
09.114.805/0001-30;2024-01-01;1;OCEANPACT SERVIÇOS MARITIMOS S.A.;025534;FCA;135585;2024-04-09;http://www.rad.cvm.gov.br/ENETCONSULTA/frmDownloadDocumento.aspx?CodigoInstituicao=1&NumeroSequencialDocumento=135585
09.116.278/0001-01;2024-01-01;1;CONPEL CIA NORDESTINA PAPEL - EM RECUPERAÇÃO JUDICIAL;004685;FCA;137923;2024-05-27;http://www.rad.cvm.gov.br/ENETCONSULTA/frmDownloadDocumento.aspx?CodigoInstituicao=1&NumeroSequencialDocumento=137923
09.116.278/0001-01;2024-01-01;2;CONPEL CIA NORDESTINA PAPEL - EM RECUPERAÇÃO JUDICIAL;004685;FCA;143920;2024-12-20;http://www.rad.cvm.gov.br/ENETCONSULTA/frmDownloadDocumento.aspx?CodigoInstituicao=1&NumeroSequencialDocumento=143920
09.146.451/0001-06;2024-01-01;1;KALLAS INCORPORAÇÕES E CONSTRUÇÕES S.A.;025798;FCA;137287;2024-05-14;http://www.rad.cvm.gov.br/ENETCONSULTA/frmDownloadDocumento.aspx?CodigoInstituicao=1&NumeroSequencialDocumento=137287
09.149.503/0001-06;2024-01-01;1;SERENA GERAÇÃO S.A.;023426;FCA;138177;2024-05-29;http://www.rad.cvm.gov.br/ENETCONSULTA/frmDownloadDocumento.aspx?CodigoInstituicao=1&NumeroSequencialDocumento=138177
09.229.201/0001-30;2024-01-01;1;GPS PARTICIPAÇÕES E EMPREENDIMENTOS S.A.;025712;FCA;138758;2024-05-31;http://www.rad.cvm.gov.br/ENETCONSULTA/frmDownloadDocumento.aspx?CodigoInstituicao=1&NumeroSequencialDocumento=138758
09.257.877/0001-37;2024-01-01;1;FERROVIA NORTE SUL S/A;021814;FCA;133550;2024-01-12;http://www.rad.cvm.gov.br/ENETCONSULTA/frmDownloadDocumento.aspx?CodigoInstituicao=1&NumeroSequencialDocumento=133550
09.257.877/0001-37;2024-01-01;2;FERROVIA NORTE SUL S/A;021814;FCA;137949;2024-05-27;http://www.rad.cvm.gov.br/ENETCONSULTA/frmDownloadDocumento.aspx?CodigoInstituicao=1&NumeroSequencialDocumento=137949
09.257.877/0001-37;2024-01-01;3;FERROVIA NORTE SUL S/A;021814;FCA;140115;2024-07-31;http://www.rad.cvm.gov.br/ENETCONSULTA/frmDownloadDocumento.aspx?CodigoInstituicao=1&NumeroSequencialDocumento=140115
09.257.877/0001-37;2024-01-01;4;FERROVIA NORTE SUL S/A;021814;FCA;140330;2024-08-01;http://www.rad.cvm.gov.br/ENETCONSULTA/frmDownloadDocumento.aspx?CodigoInstituicao=1&NumeroSequencialDocumento=140330
09.267.996/0001-70;2024-01-01;1;YUNY INCORPORADORA HOLDING S.A.;025976;FCA;138691;2024-05-31;http://www.rad.cvm.gov.br/ENETCONSULTA/frmDownloadDocumento.aspx?CodigoInstituicao=1&NumeroSequencialDocumento=138691
09.267.996/0001-70;2024-01-01;2;YUNY INCORPORADORA HOLDING S.A.;025976;FCA;143471;2024-11-22;http://www.rad.cvm.gov.br/ENETCONSULTA/frmDownloadDocumento.aspx?CodigoInstituicao=1&NumeroSequencialDocumento=143471
09.288.252/0001-32;2024-01-01;1;ANIMA HOLDING S.A.;023248;FCA;138363;2024-05-29;http://www.rad.cvm.gov.br/ENETCONSULTA/frmDownloadDocumento.aspx?CodigoInstituicao=1&NumeroSequencialDocumento=138363
09.295.063/0001-97;2024-01-01;1;TECHNOS S.A.;022519;FCA;135583;2024-04-09;http://www.rad.cvm.gov.br/ENETCONSULTA/frmDownloadDocumento.aspx?CodigoInstituicao=1&NumeroSequencialDocumento=135583
09.305.994/0001-29;2024-01-01;1;AZUL S.A.;024112;FCA;139293;2024-06-27;http://www.rad.cvm.gov.br/ENETCONSULTA/frmDownloadDocumento.aspx?CodigoInstituicao=1&NumeroSequencialDocumento=139293
09.305.994/0001-29;2024-01-01;2;AZUL S.A.;024112;FCA;139885;2024-07-25;http://www.rad.cvm.gov.br/ENETCONSULTA/frmDownloadDocumento.aspx?CodigoInstituicao=1&NumeroSequencialDocumento=139885
09.324.949/0001-11;2024-01-01;1;AUTOPISTA FLUMINENSE SA;022004;FCA;137818;2024-05-23;http://www.rad.cvm.gov.br/ENETCONSULTA/frmDownloadDocumento.aspx?CodigoInstituicao=1&NumeroSequencialDocumento=137818
09.326.342/0001-70;2024-01-01;1;AUTOPISTA FERNÃO DIAS SA;021989;FCA;136666;2024-05-08;http://www.rad.cvm.gov.br/ENETCONSULTA/frmDownloadDocumento.aspx?CodigoInstituicao=1&NumeroSequencialDocumento=136666
09.346.601/0001-25;2024-01-01;1;B3 S.A. - BRASIL, BOLSA, BALCÃO;021610;FCA;134157;2024-02-21;http://www.rad.cvm.gov.br/ENETCONSULTA/frmDownloadDocumento.aspx?CodigoInstituicao=1&NumeroSequencialDocumento=134157
09.346.601/0001-25;2024-01-01;2;B3 S.A. - BRASIL, BOLSA, BALCÃO;021610;FCA;135749;2024-04-17;http://www.rad.cvm.gov.br/ENETCONSULTA/frmDownloadDocumento.aspx?CodigoInstituicao=1&NumeroSequencialDocumento=135749
09.347.516/0001-81;2024-01-01;1;ELETROMIDIA S.A.;025569;FCA;135139;2024-03-26;http://www.rad.cvm.gov.br/ENETCONSULTA/frmDownloadDocumento.aspx?CodigoInstituicao=1&NumeroSequencialDocumento=135139
09.347.516/0001-81;2024-01-01;2;ELETROMIDIA S.A.;025569;FCA;142274;2024-10-22;http://www.rad.cvm.gov.br/ENETCONSULTA/frmDownloadDocumento.aspx?CodigoInstituicao=1&NumeroSequencialDocumento=142274
09.359.927/0001-97;2024-01-01;1;ASA BRANCA HOLDING S.A.;026514;FCA;138029;2024-05-28;http://www.rad.cvm.gov.br/ENETCONSULTA/frmDownloadDocumento.aspx?CodigoInstituicao=1&NumeroSequencialDocumento=138029
09.359.927/0001-97;2024-01-01;2;ASA BRANCA HOLDING S.A.;026514;FCA;139539;2024-07-09;http://www.rad.cvm.gov.br/ENETCONSULTA/frmDownloadDocumento.aspx?CodigoInstituicao=1&NumeroSequencialDocumento=139539
09.359.927/0001-97;2024-01-01;3;ASA BRANCA HOLDING S.A.;026514;FCA;140443;2024-08-06;http://www.rad.cvm.gov.br/ENETCONSULTA/frmDownloadDocumento.aspx?CodigoInstituicao=1&NumeroSequencialDocumento=140443
09.391.823/0001-60;2024-01-01;1;AXIA ENERGIA UHE SANTO ANTÔNIO S.A.;023388;FCA;135819;2024-04-19;http://www.rad.cvm.gov.br/ENETCONSULTA/frmDownloadDocumento.aspx?CodigoInstituicao=1&NumeroSequencialDocumento=135819
09.391.823/0001-60;2024-01-01;2;AXIA ENERGIA UHE SANTO ANTÔNIO S.A.;023388;FCA;139579;2024-07-12;http://www.rad.cvm.gov.br/ENETCONSULTA/frmDownloadDocumento.aspx?CodigoInstituicao=1&NumeroSequencialDocumento=139579
09.414.761/0001-64;2024-01-01;1;K-INFRA RODOVIA DO AÇO S.A.;022446;FCA;137684;2024-05-20;http://www.rad.cvm.gov.br/ENETCONSULTA/frmDownloadDocumento.aspx?CodigoInstituicao=1&NumeroSequencialDocumento=137684
09.527.023/0001-23;2024-01-01;1;ENVIRONMENTAL ESG PARTICIPAÇÕES S.A.;026271;FCA;134379;2024-02-29;http://www.rad.cvm.gov.br/ENETCONSULTA/frmDownloadDocumento.aspx?CodigoInstituicao=1&NumeroSequencialDocumento=134379
09.527.023/0001-23;2024-01-01;2;ENVIRONMENTAL ESG PARTICIPAÇÕES S.A.;026271;FCA;142534;2024-11-05;http://www.rad.cvm.gov.br/ENETCONSULTA/frmDownloadDocumento.aspx?CodigoInstituicao=1&NumeroSequencialDocumento=142534
09.538.973/0001-53;2024-01-01;1;PDG COMPANHIA SECURITIZADORA;021644;FCA;135460;2024-04-02;http://www.rad.cvm.gov.br/ENETCONSULTA/frmDownloadDocumento.aspx?CodigoInstituicao=1&NumeroSequencialDocumento=135460
09.584.854/0001-37;2024-01-01;1;MANAUS TRANSMISSORA DE ENERGIA S.A;026719;FCA;133652;2024-01-22;http://www.rad.cvm.gov.br/ENETCONSULTA/frmDownloadDocumento.aspx?CodigoInstituicao=1&NumeroSequencialDocumento=133652
09.584.854/0001-37;2024-01-01;2;MANAUS TRANSMISSORA DE ENERGIA S.A;026719;FCA;141927;2024-09-30;http://www.rad.cvm.gov.br/ENETCONSULTA/frmDownloadDocumento.aspx?CodigoInstituicao=1&NumeroSequencialDocumento=141927
09.611.768/0001-76;2024-01-01;1;INC EMPREENDIMENTOS IMOBILIÁRIOS S.A.;024279;FCA;133553;2024-01-12;http://www.rad.cvm.gov.br/ENETCONSULTA/frmDownloadDocumento.aspx?CodigoInstituicao=1&NumeroSequencialDocumento=133553
09.625.321/0001-56;2024-01-01;1;NORTE BRASIL TRANSMISSORA DE ENERGIA S.A.;024988;FCA;133653;2024-01-22;http://www.rad.cvm.gov.br/ENETCONSULTA/frmDownloadDocumento.aspx?CodigoInstituicao=1&NumeroSequencialDocumento=133653
09.625.321/0001-56;2024-01-01;2;NORTE BRASIL TRANSMISSORA DE ENERGIA S.A.;024988;FCA;141928;2024-09-30;http://www.rad.cvm.gov.br/ENETCONSULTA/frmDownloadDocumento.aspx?CodigoInstituicao=1&NumeroSequencialDocumento=141928
09.813.204/0001-16;2024-01-01;1;W2W E-COMMERCE DE VINHOS S.A.;025852;FCA;138598;2024-05-31;http://www.rad.cvm.gov.br/ENETCONSULTA/frmDownloadDocumento.aspx?CodigoInstituicao=1&NumeroSequencialDocumento=138598
09.813.204/0001-16;2024-01-01;2;W2W E-COMMERCE DE VINHOS S.A.;025852;FCA;140878;2024-08-13;http://www.rad.cvm.gov.br/ENETCONSULTA/frmDownloadDocumento.aspx?CodigoInstituicao=1&NumeroSequencialDocumento=140878
10.139.870/0001-08;2024-01-01;1;NEOGRID PARTICIPAÇÕES S.A.;025399;FCA;138633;2024-05-31;http://www.rad.cvm.gov.br/ENETCONSULTA/frmDownloadDocumento.aspx?CodigoInstituicao=1&NumeroSequencialDocumento=138633
10.139.870/0001-08;2024-01-01;2;NEOGRID PARTICIPAÇÕES S.A.;025399;FCA;141542;2024-09-02;http://www.rad.cvm.gov.br/ENETCONSULTA/frmDownloadDocumento.aspx?CodigoInstituicao=1&NumeroSequencialDocumento=141542
10.215.988/0001-60;2024-01-01;1;COMPANHIA DE LOCAÇÃO DAS AMÉRICAS;022691;FCA;138429;2024-05-29;http://www.rad.cvm.gov.br/ENETCONSULTA/frmDownloadDocumento.aspx?CodigoInstituicao=1&NumeroSequencialDocumento=138429
10.234.027/0001-00;2024-01-01;1;LINHAS DE MACAPÁ TRANSMISSORA DE ENERGIA S/A;023680;FCA;138173;2024-05-29;http://www.rad.cvm.gov.br/ENETCONSULTA/frmDownloadDocumento.aspx?CodigoInstituicao=1&NumeroSequencialDocumento=138173
10.240.186/0001-00;2024-01-01;1;LINHAS DE XINGU TRANSMISSORA DE ENERGIA S/A;023671;FCA;138174;2024-05-29;http://www.rad.cvm.gov.br/ENETCONSULTA/frmDownloadDocumento.aspx?CodigoInstituicao=1&NumeroSequencialDocumento=138174
10.285.590/0001-08;2024-01-01;1;GRUPO DE MODA SOMA S.A.;025011;FCA;139285;2024-06-27;http://www.rad.cvm.gov.br/ENETCONSULTA/frmDownloadDocumento.aspx?CodigoInstituicao=1&NumeroSequencialDocumento=139285
10.319.900/0001-50;2024-01-01;1;REGENERA RIO S.A.;026921;FCA;134566;2024-03-08;http://www.rad.cvm.gov.br/ENETCONSULTA/frmDownloadDocumento.aspx?CodigoInstituicao=1&NumeroSequencialDocumento=134566
10.319.900/0001-50;2024-01-01;2;REGENERA RIO S.A.;026921;FCA;135839;2024-04-22;http://www.rad.cvm.gov.br/ENETCONSULTA/frmDownloadDocumento.aspx?CodigoInstituicao=1&NumeroSequencialDocumento=135839
10.324.624/0001-18;2024-01-01;1;CONCESSÃO METROVIÁRIA DO RIO DE JANEIRO S.A.;022144;FCA;137869;2024-05-24;http://www.rad.cvm.gov.br/ENETCONSULTA/frmDownloadDocumento.aspx?CodigoInstituicao=1&NumeroSequencialDocumento=137869
10.324.624/0001-18;2024-01-01;2;CONCESSÃO METROVIÁRIA DO RIO DE JANEIRO S.A.;022144;FCA;138906;2024-06-04;http://www.rad.cvm.gov.br/ENETCONSULTA/frmDownloadDocumento.aspx?CodigoInstituicao=1&NumeroSequencialDocumento=138906
10.338.320/0001-00;2024-01-01;1;AFLUENTE TRANSMISSÃO DE ENERGIA ELÉTRICA S/A;022179;FCA;137161;2024-05-13;http://www.rad.cvm.gov.br/ENETCONSULTA/frmDownloadDocumento.aspx?CodigoInstituicao=1&NumeroSequencialDocumento=137161
10.338.320/0001-00;2024-01-01;2;AFLUENTE TRANSMISSÃO DE ENERGIA ELÉTRICA S/A;022179;FCA;139789;2024-07-22;http://www.rad.cvm.gov.br/ENETCONSULTA/frmDownloadDocumento.aspx?CodigoInstituicao=1&NumeroSequencialDocumento=139789
10.452.416/0001-02;2024-01-01;1;REAG CAPITAL HOLDING S.A.;026964;FCA;137656;2024-05-17;http://www.rad.cvm.gov.br/ENETCONSULTA/frmDownloadDocumento.aspx?CodigoInstituicao=1&NumeroSequencialDocumento=137656
10.452.416/0001-02;2024-01-01;2;REAG CAPITAL HOLDING S.A.;026964;FCA;143590;2024-11-29;http://www.rad.cvm.gov.br/ENETCONSULTA/frmDownloadDocumento.aspx?CodigoInstituicao=1&NumeroSequencialDocumento=143590
10.452.416/0001-02;2024-01-01;3;REAG CAPITAL HOLDING S.A.;026964;FCA;143726;2024-12-09;http://www.rad.cvm.gov.br/ENETCONSULTA/frmDownloadDocumento.aspx?CodigoInstituicao=1&NumeroSequencialDocumento=143726
10.488.244/0001-19;2024-01-01;1;INFRASEC SECURITIZADORA S.A.;021750;FCA;135777;2024-04-18;http://www.rad.cvm.gov.br/ENETCONSULTA/frmDownloadDocumento.aspx?CodigoInstituicao=1&NumeroSequencialDocumento=135777
10.502.676/0001-37;2024-01-01;1;TERMELÉTRICA PERNAMBUCO III S.A.;023329;FCA;138555;2024-05-31;http://www.rad.cvm.gov.br/ENETCONSULTA/frmDownloadDocumento.aspx?CodigoInstituicao=1&NumeroSequencialDocumento=138555
10.502.676/0001-37;2024-01-01;2;TERMELÉTRICA PERNAMBUCO III S.A.;023329;FCA;141415;2024-08-26;http://www.rad.cvm.gov.br/ENETCONSULTA/frmDownloadDocumento.aspx?CodigoInstituicao=1&NumeroSequencialDocumento=141415
10.531.501/0001-58;2024-01-01;1;CONC AUTO RAPOSO TAVARES S.A.;022268;FCA;138738;2024-05-31;http://www.rad.cvm.gov.br/ENETCONSULTA/frmDownloadDocumento.aspx?CodigoInstituicao=1&NumeroSequencialDocumento=138738
10.571.175/0001-02;2024-01-01;1;URBA DESENVOLVIMENTO URBANO S.A.;025437;FCA;138296;2024-05-29;http://www.rad.cvm.gov.br/ENETCONSULTA/frmDownloadDocumento.aspx?CodigoInstituicao=1&NumeroSequencialDocumento=138296
10.629.105/0001-68;2024-01-01;1;PRIO S.A.;022187;FCA;138376;2024-05-29;http://www.rad.cvm.gov.br/ENETCONSULTA/frmDownloadDocumento.aspx?CodigoInstituicao=1&NumeroSequencialDocumento=138376
10.629.105/0001-68;2024-01-01;2;PRIO S.A.;022187;FCA;138878;2024-06-03;http://www.rad.cvm.gov.br/ENETCONSULTA/frmDownloadDocumento.aspx?CodigoInstituicao=1&NumeroSequencialDocumento=138878
10.635.691/0001-53;2024-01-01;1;VIARONDON CONCESSIONÁRIA DE RODOVIA S.A.;022543;FCA;135555;2024-04-08;http://www.rad.cvm.gov.br/ENETCONSULTA/frmDownloadDocumento.aspx?CodigoInstituicao=1&NumeroSequencialDocumento=135555
10.635.691/0001-53;2024-01-01;2;VIARONDON CONCESSIONÁRIA DE RODOVIA S.A.;022543;FCA;138974;2024-06-07;http://www.rad.cvm.gov.br/ENETCONSULTA/frmDownloadDocumento.aspx?CodigoInstituicao=1&NumeroSequencialDocumento=138974
10.647.979/0001-48;2024-01-01;1;CONC ROTA DAS BANDEIRAS S.A.;022071;FCA;134675;2024-03-13;http://www.rad.cvm.gov.br/ENETCONSULTA/frmDownloadDocumento.aspx?CodigoInstituicao=1&NumeroSequencialDocumento=134675
10.670.314/0001-55;2024-01-01;1;VIABAHIA CONCESSIONÁRIA DE RODOVIAS SA;022926;FCA;135408;2024-04-01;http://www.rad.cvm.gov.br/ENETCONSULTA/frmDownloadDocumento.aspx?CodigoInstituicao=1&NumeroSequencialDocumento=135408
10.678.505/0001-63;2024-01-01;1;CONC RODOVIAS DO TIETÊ S.A.;022721;FCA;137969;2024-05-27;http://www.rad.cvm.gov.br/ENETCONSULTA/frmDownloadDocumento.aspx?CodigoInstituicao=1&NumeroSequencialDocumento=137969
10.739.356/0001-03;2024-01-01;1;BRBI BR PARTNERS S.A;025860;FCA;135563;2024-04-08;http://www.rad.cvm.gov.br/ENETCONSULTA/frmDownloadDocumento.aspx?CodigoInstituicao=1&NumeroSequencialDocumento=135563
10.739.356/0001-03;2024-01-01;2;BRBI BR PARTNERS S.A;025860;FCA;142792;2024-11-08;http://www.rad.cvm.gov.br/ENETCONSULTA/frmDownloadDocumento.aspx?CodigoInstituicao=1&NumeroSequencialDocumento=142792
10.760.260/0001-19;2024-01-01;1;CVC BRASIL OPERADORA E AGÊNCIA DE VIAGENS S.A.;023310;FCA;133451;2024-01-08;http://www.rad.cvm.gov.br/ENETCONSULTA/frmDownloadDocumento.aspx?CodigoInstituicao=1&NumeroSequencialDocumento=133451
10.760.260/0001-19;2024-01-01;2;CVC BRASIL OPERADORA E AGÊNCIA DE VIAGENS S.A.;023310;FCA;134249;2024-02-26;http://www.rad.cvm.gov.br/ENETCONSULTA/frmDownloadDocumento.aspx?CodigoInstituicao=1&NumeroSequencialDocumento=134249
10.760.260/0001-19;2024-01-01;3;CVC BRASIL OPERADORA E AGÊNCIA DE VIAGENS S.A.;023310;FCA;137431;2024-05-15;http://www.rad.cvm.gov.br/ENETCONSULTA/frmDownloadDocumento.aspx?CodigoInstituicao=1&NumeroSequencialDocumento=137431
10.807.374/0001-77;2024-01-01;1;BOA SAFRA SEMENTES S.A.;025704;FCA;138292;2024-05-29;http://www.rad.cvm.gov.br/ENETCONSULTA/frmDownloadDocumento.aspx?CodigoInstituicao=1&NumeroSequencialDocumento=138292
10.835.932/0001-08;2024-01-01;1;CIA ENERGETICA DE PERNAMBUCO - CELPE;014362;FCA;137174;2024-05-13;http://www.rad.cvm.gov.br/ENETCONSULTA/frmDownloadDocumento.aspx?CodigoInstituicao=1&NumeroSequencialDocumento=137174
10.835.932/0001-08;2024-01-01;2;CIA ENERGETICA DE PERNAMBUCO - CELPE;014362;FCA;139788;2024-07-22;http://www.rad.cvm.gov.br/ENETCONSULTA/frmDownloadDocumento.aspx?CodigoInstituicao=1&NumeroSequencialDocumento=139788
10.841.050/0001-55;2024-01-01;1;CONC ROD AYRTON SENNA E CARV PINTO S.A.-ECOPISTAS;022411;FCA;138251;2024-05-29;http://www.rad.cvm.gov.br/ENETCONSULTA/frmDownloadDocumento.aspx?CodigoInstituicao=1&NumeroSequencialDocumento=138251
10.841.050/0001-55;2024-01-01;2;CONC ROD AYRTON SENNA E CARV PINTO S.A.-ECOPISTAS;022411;FCA;138279;2024-05-29;http://www.rad.cvm.gov.br/ENETCONSULTA/frmDownloadDocumento.aspx?CodigoInstituicao=1&NumeroSequencialDocumento=138279
11.274.829/0001-07;2024-01-01;1;COMPANHIA PAULISTA DE SECURITIZAÇÃO;022080;FCA;133865;2024-02-06;http://www.rad.cvm.gov.br/ENETCONSULTA/frmDownloadDocumento.aspx?CodigoInstituicao=1&NumeroSequencialDocumento=133865
11.274.829/0001-07;2024-01-01;2;COMPANHIA PAULISTA DE SECURITIZAÇÃO;022080;FCA;137275;2024-05-14;http://www.rad.cvm.gov.br/ENETCONSULTA/frmDownloadDocumento.aspx?CodigoInstituicao=1&NumeroSequencialDocumento=137275
11.274.829/0001-07;2024-01-01;3;COMPANHIA PAULISTA DE SECURITIZAÇÃO;022080;FCA;138191;2024-05-29;http://www.rad.cvm.gov.br/ENETCONSULTA/frmDownloadDocumento.aspx?CodigoInstituicao=1&NumeroSequencialDocumento=138191
11.284.204/0001-18;2024-01-01;1;YOU INC INCORPORADORA E PARTICIPAÇÕES S.A;023604;FCA;138450;2024-05-30;http://www.rad.cvm.gov.br/ENETCONSULTA/frmDownloadDocumento.aspx?CodigoInstituicao=1&NumeroSequencialDocumento=138450
11.284.204/0001-18;2024-01-01;2;YOU INC INCORPORADORA E PARTICIPAÇÕES S.A;023604;FCA;138451;2024-05-30;http://www.rad.cvm.gov.br/ENETCONSULTA/frmDownloadDocumento.aspx?CodigoInstituicao=1&NumeroSequencialDocumento=138451
11.284.204/0001-18;2024-01-01;3;YOU INC INCORPORADORA E PARTICIPAÇÕES S.A;023604;FCA;143914;2024-12-20;http://www.rad.cvm.gov.br/ENETCONSULTA/frmDownloadDocumento.aspx?CodigoInstituicao=1&NumeroSequencialDocumento=143914
11.421.994/0001-36;2024-01-01;1;ORIZON VALORIZAÇÃO DE RESÍDUOS S.A.;025550;FCA;135052;2024-03-25;http://www.rad.cvm.gov.br/ENETCONSULTA/frmDownloadDocumento.aspx?CodigoInstituicao=1&NumeroSequencialDocumento=135052
11.669.021/0001-10;2024-01-01;1;ENAUTA PARTICIPAÇÕES S.A.;022365;FCA;135665;2024-04-12;http://www.rad.cvm.gov.br/ENETCONSULTA/frmDownloadDocumento.aspx?CodigoInstituicao=1&NumeroSequencialDocumento=135665
11.669.021/0001-10;2024-01-01;2;ENAUTA PARTICIPAÇÕES S.A.;022365;FCA;140383;2024-08-05;http://www.rad.cvm.gov.br/ENETCONSULTA/frmDownloadDocumento.aspx?CodigoInstituicao=1&NumeroSequencialDocumento=140383
11.669.021/0001-10;2024-01-01;3;ENAUTA PARTICIPAÇÕES S.A.;022365;FCA;142364;2024-10-28;http://www.rad.cvm.gov.br/ENETCONSULTA/frmDownloadDocumento.aspx?CodigoInstituicao=1&NumeroSequencialDocumento=142364
11.721.921/0001-60;2024-01-01;1;ALPER CONSULTORIA E CORRETORA DE SEGUROS S.A.;022217;FCA;133681;2024-01-24;http://www.rad.cvm.gov.br/ENETCONSULTA/frmDownloadDocumento.aspx?CodigoInstituicao=1&NumeroSequencialDocumento=133681
11.992.680/0001-93;2024-01-01;1;QUALICORP CONSULTORIA E CORRETORA DE SEGUROS S.A.;022497;FCA;137776;2024-05-22;http://www.rad.cvm.gov.br/ENETCONSULTA/frmDownloadDocumento.aspx?CodigoInstituicao=1&NumeroSequencialDocumento=137776
11.992.680/0001-93;2024-01-01;2;QUALICORP CONSULTORIA E CORRETORA DE SEGUROS S.A.;022497;FCA;142080;2024-10-07;http://www.rad.cvm.gov.br/ENETCONSULTA/frmDownloadDocumento.aspx?CodigoInstituicao=1&NumeroSequencialDocumento=142080
12.049.631/0001-84;2024-01-01;1;MOURA DUBEUX ENGENHARIA S/A;021067;FCA;138574;2024-05-31;http://www.rad.cvm.gov.br/ENETCONSULTA/frmDownloadDocumento.aspx?CodigoInstituicao=1&NumeroSequencialDocumento=138574
12.049.631/0001-84;2024-01-01;2;MOURA DUBEUX ENGENHARIA S/A;021067;FCA;139843;2024-07-24;http://www.rad.cvm.gov.br/ENETCONSULTA/frmDownloadDocumento.aspx?CodigoInstituicao=1&NumeroSequencialDocumento=139843
12.091.809/0001-55;2024-01-01;1;BRAVA ENERGIA S.A.;025291;FCA;133712;2024-01-26;http://www.rad.cvm.gov.br/ENETCONSULTA/frmDownloadDocumento.aspx?CodigoInstituicao=1&NumeroSequencialDocumento=133712
12.091.809/0001-55;2024-01-01;2;BRAVA ENERGIA S.A.;025291;FCA;140718;2024-08-09;http://www.rad.cvm.gov.br/ENETCONSULTA/frmDownloadDocumento.aspx?CodigoInstituicao=1&NumeroSequencialDocumento=140718
12.091.809/0001-55;2024-01-01;3;BRAVA ENERGIA S.A.;025291;FCA;141632;2024-09-09;http://www.rad.cvm.gov.br/ENETCONSULTA/frmDownloadDocumento.aspx?CodigoInstituicao=1&NumeroSequencialDocumento=141632
12.091.809/0001-55;2024-01-01;4;BRAVA ENERGIA S.A.;025291;FCA;141809;2024-09-19;http://www.rad.cvm.gov.br/ENETCONSULTA/frmDownloadDocumento.aspx?CodigoInstituicao=1&NumeroSequencialDocumento=141809
12.091.809/0001-55;2024-01-01;5;BRAVA ENERGIA S.A.;025291;FCA;142329;2024-10-24;http://www.rad.cvm.gov.br/ENETCONSULTA/frmDownloadDocumento.aspx?CodigoInstituicao=1&NumeroSequencialDocumento=142329
12.091.809/0001-55;2024-01-01;6;BRAVA ENERGIA S.A.;025291;FCA;143644;2024-12-03;http://www.rad.cvm.gov.br/ENETCONSULTA/frmDownloadDocumento.aspx?CodigoInstituicao=1&NumeroSequencialDocumento=143644
12.104.241/0004-02;2024-01-01;1;ONCOCLÍNICAS DO BRASIL SERVIÇOS MÉDICOS S.A.;026123;FCA;133475;2024-01-09;http://www.rad.cvm.gov.br/ENETCONSULTA/frmDownloadDocumento.aspx?CodigoInstituicao=1&NumeroSequencialDocumento=133475
12.104.241/0004-02;2024-01-01;2;ONCOCLÍNICAS DO BRASIL SERVIÇOS MÉDICOS S.A.;026123;FCA;143387;2024-11-18;http://www.rad.cvm.gov.br/ENETCONSULTA/frmDownloadDocumento.aspx?CodigoInstituicao=1&NumeroSequencialDocumento=143387
12.108.897/0001-50;2024-01-01;1;D1000 VAREJO FARMA PARTICIPAÇÕES S.A.;025046;FCA;138724;2024-05-31;http://www.rad.cvm.gov.br/ENETCONSULTA/frmDownloadDocumento.aspx?CodigoInstituicao=1&NumeroSequencialDocumento=138724
12.108.897/0001-50;2024-01-01;2;D1000 VAREJO FARMA PARTICIPAÇÕES S.A.;025046;FCA;141721;2024-09-13;http://www.rad.cvm.gov.br/ENETCONSULTA/frmDownloadDocumento.aspx?CodigoInstituicao=1&NumeroSequencialDocumento=141721
12.108.897/0001-50;2024-01-01;3;D1000 VAREJO FARMA PARTICIPAÇÕES S.A.;025046;FCA;141722;2024-09-13;http://www.rad.cvm.gov.br/ENETCONSULTA/frmDownloadDocumento.aspx?CodigoInstituicao=1&NumeroSequencialDocumento=141722
12.181.987/0001-77;2024-01-01;1;MELNICK DESENVOLVIMENTO IMOBILIÁRIO S.A.;025119;FCA;133457;2024-01-09;http://www.rad.cvm.gov.br/ENETCONSULTA/frmDownloadDocumento.aspx?CodigoInstituicao=1&NumeroSequencialDocumento=133457
12.300.288/0001-07;2024-01-01;1;NORTE ENERGIA S.A.;025097;FCA;134780;2024-03-15;http://www.rad.cvm.gov.br/ENETCONSULTA/frmDownloadDocumento.aspx?CodigoInstituicao=1&NumeroSequencialDocumento=134780
12.300.288/0001-07;2024-01-01;2;NORTE ENERGIA S.A.;025097;FCA;139489;2024-07-05;http://www.rad.cvm.gov.br/ENETCONSULTA/frmDownloadDocumento.aspx?CodigoInstituicao=1&NumeroSequencialDocumento=139489
12.300.288/0001-07;2024-01-01;3;NORTE ENERGIA S.A.;025097;FCA;144077;2025-01-02;http://www.rad.cvm.gov.br/ENETCONSULTA/frmDownloadDocumento.aspx?CodigoInstituicao=1&NumeroSequencialDocumento=144077
12.420.164/0001-57;2024-01-01;1;CM HOSPITALAR S.A;025682;FCA;135301;2024-03-28;http://www.rad.cvm.gov.br/ENETCONSULTA/frmDownloadDocumento.aspx?CodigoInstituicao=1&NumeroSequencialDocumento=135301
12.489.315/0001-23;2024-01-01;1;FERREIRA GOMES ENERGIA S.A.;022977;FCA;134186;2024-02-22;http://www.rad.cvm.gov.br/ENETCONSULTA/frmDownloadDocumento.aspx?CodigoInstituicao=1&NumeroSequencialDocumento=134186
12.528.708/0001-07;2024-01-01;1;AERIS IND. E COM. DE EQUIP. PARA GER. DE ENG. S.A.;025283;FCA;133596;2024-01-17;http://www.rad.cvm.gov.br/ENETCONSULTA/frmDownloadDocumento.aspx?CodigoInstituicao=1&NumeroSequencialDocumento=133596
12.528.708/0001-07;2024-01-01;2;AERIS IND. E COM. DE EQUIP. PARA GER. DE ENG. S.A.;025283;FCA;135654;2024-04-11;http://www.rad.cvm.gov.br/ENETCONSULTA/frmDownloadDocumento.aspx?CodigoInstituicao=1&NumeroSequencialDocumento=135654
12.528.708/0001-07;2024-01-01;3;AERIS IND. E COM. DE EQUIP. PARA GER. DE ENG. S.A.;025283;FCA;142182;2024-10-14;http://www.rad.cvm.gov.br/ENETCONSULTA/frmDownloadDocumento.aspx?CodigoInstituicao=1&NumeroSequencialDocumento=142182
12.592.831/0001-89;2024-01-01;1;MNLT S.A.;026611;FCA;138785;2024-05-31;http://www.rad.cvm.gov.br/ENETCONSULTA/frmDownloadDocumento.aspx?CodigoInstituicao=1&NumeroSequencialDocumento=138785
12.592.831/0001-89;2024-01-01;2;MNLT S.A.;026611;FCA;143619;2024-12-02;http://www.rad.cvm.gov.br/ENETCONSULTA/frmDownloadDocumento.aspx?CodigoInstituicao=1&NumeroSequencialDocumento=143619
12.648.266/0001-24;2024-01-01;1;AMBIPAR PARTICIPAÇÕES E EMPREENDIMENTOS S.A.;024961;FCA;138859;2024-05-31;http://www.rad.cvm.gov.br/ENETCONSULTA/frmDownloadDocumento.aspx?CodigoInstituicao=1&NumeroSequencialDocumento=138859
12.648.266/0001-24;2024-01-01;2;AMBIPAR PARTICIPAÇÕES E EMPREENDIMENTOS S.A.;024961;FCA;140356;2024-08-01;http://www.rad.cvm.gov.br/ENETCONSULTA/frmDownloadDocumento.aspx?CodigoInstituicao=1&NumeroSequencialDocumento=140356
12.648.266/0001-24;2024-01-01;3;AMBIPAR PARTICIPAÇÕES E EMPREENDIMENTOS S.A.;024961;FCA;142530;2024-11-04;http://www.rad.cvm.gov.br/ENETCONSULTA/frmDownloadDocumento.aspx?CodigoInstituicao=1&NumeroSequencialDocumento=142530
12.648.327/0001-53;2024-01-01;1;HIDROVIAS DO BRASIL S.A.;022675;FCA;138310;2024-05-29;http://www.rad.cvm.gov.br/ENETCONSULTA/frmDownloadDocumento.aspx?CodigoInstituicao=1&NumeroSequencialDocumento=138310
12.648.327/0001-53;2024-01-01;2;HIDROVIAS DO BRASIL S.A.;022675;FCA;139017;2024-06-10;http://www.rad.cvm.gov.br/ENETCONSULTA/frmDownloadDocumento.aspx?CodigoInstituicao=1&NumeroSequencialDocumento=139017
12.919.786/0001-24;2024-01-01;1;TCP TERMINAL DE CONTEINERES DE PARANAGUA SA;024066;FCA;138865;2024-06-03;http://www.rad.cvm.gov.br/ENETCONSULTA/frmDownloadDocumento.aspx?CodigoInstituicao=1&NumeroSequencialDocumento=138865
13.009.717/0001-46;2024-01-01;1;BCO ESTADO DE SERGIPE S.A. - BANESE;001120;FCA;137628;2024-05-16;http://www.rad.cvm.gov.br/ENETCONSULTA/frmDownloadDocumento.aspx?CodigoInstituicao=1&NumeroSequencialDocumento=137628
13.017.462/0001-63;2024-01-01;1;ENERGISA SERGIPE - DISTRIBUIDORA DE ENERGIA S/A;018996;FCA;138170;2024-05-29;http://www.rad.cvm.gov.br/ENETCONSULTA/frmDownloadDocumento.aspx?CodigoInstituicao=1&NumeroSequencialDocumento=138170
13.217.485/0001-11;2024-01-01;1;GRUPO SBF S.A.;024694;FCA;133852;2024-02-05;http://www.rad.cvm.gov.br/ENETCONSULTA/frmDownloadDocumento.aspx?CodigoInstituicao=1&NumeroSequencialDocumento=133852
13.217.485/0001-11;2024-01-01;2;GRUPO SBF S.A.;024694;FCA;137875;2024-05-24;http://www.rad.cvm.gov.br/ENETCONSULTA/frmDownloadDocumento.aspx?CodigoInstituicao=1&NumeroSequencialDocumento=137875
13.270.520/0001-66;2024-01-01;1;KORA SAÚDE PARTICIPAÇÕES S.A.;025879;FCA;133506;2024-01-10;http://www.rad.cvm.gov.br/ENETCONSULTA/frmDownloadDocumento.aspx?CodigoInstituicao=1&NumeroSequencialDocumento=133506
13.444.994/0001-87;2024-01-01;1;MLOG S.A.;022586;FCA;138632;2024-05-31;http://www.rad.cvm.gov.br/ENETCONSULTA/frmDownloadDocumento.aspx?CodigoInstituicao=1&NumeroSequencialDocumento=138632
13.444.994/0001-87;2024-01-01;2;MLOG S.A.;022586;FCA;139009;2024-06-10;http://www.rad.cvm.gov.br/ENETCONSULTA/frmDownloadDocumento.aspx?CodigoInstituicao=1&NumeroSequencialDocumento=139009
13.522.948/0001-59;2024-01-01;1;SAFIRA HOLDING S.A.;027138;FCA;138722;2024-05-31;http://www.rad.cvm.gov.br/ENETCONSULTA/frmDownloadDocumento.aspx?CodigoInstituicao=1&NumeroSequencialDocumento=138722
13.574.594/0001-96;2024-01-01;1;ZAMP SA;024317;FCA;138775;2024-05-31;http://www.rad.cvm.gov.br/ENETCONSULTA/frmDownloadDocumento.aspx?CodigoInstituicao=1&NumeroSequencialDocumento=138775
13.574.594/0001-96;2024-01-01;2;ZAMP SA;024317;FCA;142443;2024-10-30;http://www.rad.cvm.gov.br/ENETCONSULTA/frmDownloadDocumento.aspx?CodigoInstituicao=1&NumeroSequencialDocumento=142443
13.584.310/0001-42;2024-01-01;1;SUGOI S.A.;023957;FCA;133487;2024-01-10;http://www.rad.cvm.gov.br/ENETCONSULTA/frmDownloadDocumento.aspx?CodigoInstituicao=1&NumeroSequencialDocumento=133487
13.584.310/0001-42;2024-01-01;2;SUGOI S.A.;023957;FCA;143962;2024-12-23;http://www.rad.cvm.gov.br/ENETCONSULTA/frmDownloadDocumento.aspx?CodigoInstituicao=1&NumeroSequencialDocumento=143962
13.783.221/0004-78;2024-01-01;1;MADERO INDÚSTRIA E COMÉRCIO S.A.;026379;FCA;134018;2024-02-15;http://www.rad.cvm.gov.br/ENETCONSULTA/frmDownloadDocumento.aspx?CodigoInstituicao=1&NumeroSequencialDocumento=134018
13.783.221/0004-78;2024-01-01;2;MADERO INDÚSTRIA E COMÉRCIO S.A.;026379;FCA;139756;2024-07-19;http://www.rad.cvm.gov.br/ENETCONSULTA/frmDownloadDocumento.aspx?CodigoInstituicao=1&NumeroSequencialDocumento=139756
14.110.585/0001-07;2024-01-01;1;MÉLIUZ S.A.;025232;FCA;138040;2024-05-28;http://www.rad.cvm.gov.br/ENETCONSULTA/frmDownloadDocumento.aspx?CodigoInstituicao=1&NumeroSequencialDocumento=138040
14.110.585/0001-07;2024-01-01;2;MÉLIUZ S.A.;025232;FCA;139677;2024-07-16;http://www.rad.cvm.gov.br/ENETCONSULTA/frmDownloadDocumento.aspx?CodigoInstituicao=1&NumeroSequencialDocumento=139677
14.110.585/0001-07;2024-01-01;3;MÉLIUZ S.A.;025232;FCA;143277;2024-11-14;http://www.rad.cvm.gov.br/ENETCONSULTA/frmDownloadDocumento.aspx?CodigoInstituicao=1&NumeroSequencialDocumento=143277
14.110.585/0001-07;2024-01-01;4;MÉLIUZ S.A.;025232;FCA;144074;2025-01-02;http://www.rad.cvm.gov.br/ENETCONSULTA/frmDownloadDocumento.aspx?CodigoInstituicao=1&NumeroSequencialDocumento=144074
14.127.813/0001-51;2024-01-01;1;ARANDU INVESTIMENTOS S.A.;025887;FCA;134328;2024-02-28;http://www.rad.cvm.gov.br/ENETCONSULTA/frmDownloadDocumento.aspx?CodigoInstituicao=1&NumeroSequencialDocumento=134328
14.127.813/0001-51;2024-01-01;2;ARANDU INVESTIMENTOS S.A.;025887;FCA;138953;2024-06-06;http://www.rad.cvm.gov.br/ENETCONSULTA/frmDownloadDocumento.aspx?CodigoInstituicao=1&NumeroSequencialDocumento=138953
14.127.813/0001-51;2024-01-01;3;ARANDU INVESTIMENTOS S.A.;025887;FCA;142158;2024-10-11;http://www.rad.cvm.gov.br/ENETCONSULTA/frmDownloadDocumento.aspx?CodigoInstituicao=1&NumeroSequencialDocumento=142158
14.127.813/0001-51;2024-01-01;4;ARANDU INVESTIMENTOS S.A.;025887;FCA;144043;2024-12-30;http://www.rad.cvm.gov.br/ENETCONSULTA/frmDownloadDocumento.aspx?CodigoInstituicao=1&NumeroSequencialDocumento=144043
14.191.427/0001-29;2024-01-01;1;GRANBIO INVESTIMENTOS S.A.;025321;FCA;137780;2024-05-22;http://www.rad.cvm.gov.br/ENETCONSULTA/frmDownloadDocumento.aspx?CodigoInstituicao=1&NumeroSequencialDocumento=137780
14.292.540/0001-09;2024-01-01;1;BRAZIL TOWER, CESSÃO DE INFRA-ESTRUTURAS S.A;027316;FCA;137970;2024-05-27;http://www.rad.cvm.gov.br/ENETCONSULTA/frmDownloadDocumento.aspx?CodigoInstituicao=1&NumeroSequencialDocumento=137970
14.388.334/0001-99;2024-01-01;1;PARANA BCO S.A.;020729;FCA;138473;2024-05-31;http://www.rad.cvm.gov.br/ENETCONSULTA/frmDownloadDocumento.aspx?CodigoInstituicao=1&NumeroSequencialDocumento=138473
14.776.142/0001-50;2024-01-01;1;WESTWING COMÉRCIO VAREJISTA S.A.;025518;FCA;135861;2024-04-23;http://www.rad.cvm.gov.br/ENETCONSULTA/frmDownloadDocumento.aspx?CodigoInstituicao=1&NumeroSequencialDocumento=135861
14.785.152/0001-51;2024-01-01;1;HBR REALTY EMPREENDIMENTOS IMOBILIÁRIOS S.A.;025402;FCA;138315;2024-05-29;http://www.rad.cvm.gov.br/ENETCONSULTA/frmDownloadDocumento.aspx?CodigoInstituicao=1&NumeroSequencialDocumento=138315
14.785.152/0001-51;2024-01-01;2;HBR REALTY EMPREENDIMENTOS IMOBILIÁRIOS S.A.;025402;FCA;142096;2024-10-08;http://www.rad.cvm.gov.br/ENETCONSULTA/frmDownloadDocumento.aspx?CodigoInstituicao=1&NumeroSequencialDocumento=142096
14.796.754/0001-04;2024-01-01;1;ENGELHART CTP (BRASIL) S.A.;027553;FCA;137206;2024-05-13;http://www.rad.cvm.gov.br/ENETCONSULTA/frmDownloadDocumento.aspx?CodigoInstituicao=1&NumeroSequencialDocumento=137206
14.796.754/0001-04;2024-01-01;2;ENGELHART CTP (BRASIL) S.A.;027553;FCA;139675;2024-07-16;http://www.rad.cvm.gov.br/ENETCONSULTA/frmDownloadDocumento.aspx?CodigoInstituicao=1&NumeroSequencialDocumento=139675
14.807.945/0001-24;2024-01-01;1;SANSUY S.A. INDUSTRIA DE PLASTICOS;012696;FCA;135565;2024-04-08;http://www.rad.cvm.gov.br/ENETCONSULTA/frmDownloadDocumento.aspx?CodigoInstituicao=1&NumeroSequencialDocumento=135565
14.807.945/0001-24;2024-01-01;2;SANSUY S.A. INDUSTRIA DE PLASTICOS;012696;FCA;138745;2024-05-31;http://www.rad.cvm.gov.br/ENETCONSULTA/frmDownloadDocumento.aspx?CodigoInstituicao=1&NumeroSequencialDocumento=138745
14.876.090/0001-93;2024-01-01;1;GAIA IMPACTO SECURITIZADORA S.A.;022764;FCA;143829;2024-12-16;http://www.rad.cvm.gov.br/ENETCONSULTA/frmDownloadDocumento.aspx?CodigoInstituicao=1&NumeroSequencialDocumento=143829
14.882.295/0001-81;2024-01-01;1;CBO HOLDING S.A.;023620;FCA;133459;2024-01-09;http://www.rad.cvm.gov.br/ENETCONSULTA/frmDownloadDocumento.aspx?CodigoInstituicao=1&NumeroSequencialDocumento=133459
14.998.371/0001-19;2024-01-01;1;J. MACEDO S.A.;021156;FCA;138024;2024-05-28;http://www.rad.cvm.gov.br/ENETCONSULTA/frmDownloadDocumento.aspx?CodigoInstituicao=1&NumeroSequencialDocumento=138024
15.073.274/0001-88;2024-01-01;1;PPLA PARTICIPATIONS LTD.;080152;FCA;138754;2024-05-31;http://www.rad.cvm.gov.br/ENETCONSULTA/frmDownloadDocumento.aspx?CodigoInstituicao=1&NumeroSequencialDocumento=138754
15.073.274/0001-88;2024-01-01;2;PPLA PARTICIPATIONS LTD.;080152;FCA;139612;2024-07-12;http://www.rad.cvm.gov.br/ENETCONSULTA/frmDownloadDocumento.aspx?CodigoInstituicao=1&NumeroSequencialDocumento=139612
15.090.690/0001-94;2024-01-01;1;CONCESSIONARIA ECOVIAS DO ARAGUAIA S.A.;026638;FCA;136177;2024-05-03;http://www.rad.cvm.gov.br/ENETCONSULTA/frmDownloadDocumento.aspx?CodigoInstituicao=1&NumeroSequencialDocumento=136177
15.090.690/0001-94;2024-01-01;2;CONCESSIONARIA ECOVIAS DO ARAGUAIA S.A.;026638;FCA;136182;2024-05-03;http://www.rad.cvm.gov.br/ENETCONSULTA/frmDownloadDocumento.aspx?CodigoInstituicao=1&NumeroSequencialDocumento=136182
15.114.494/0001-02;2024-01-01;1;CORREDOR LOGÍSTICA E INFRAESTRUTURA S.A.;027260;FCA;138337;2024-05-29;http://www.rad.cvm.gov.br/ENETCONSULTA/frmDownloadDocumento.aspx?CodigoInstituicao=1&NumeroSequencialDocumento=138337
15.115.504/0001-24;2024-01-01;1;TRONOX PIGMENTOS DO BRASIL S.A.;011398;FCA;138503;2024-05-31;http://www.rad.cvm.gov.br/ENETCONSULTA/frmDownloadDocumento.aspx?CodigoInstituicao=1&NumeroSequencialDocumento=138503
15.115.504/0001-24;2024-01-01;2;TRONOX PIGMENTOS DO BRASIL S.A.;011398;FCA;142043;2024-10-04;http://www.rad.cvm.gov.br/ENETCONSULTA/frmDownloadDocumento.aspx?CodigoInstituicao=1&NumeroSequencialDocumento=142043
15.115.504/0001-24;2024-01-01;3;TRONOX PIGMENTOS DO BRASIL S.A.;011398;FCA;142076;2024-10-07;http://www.rad.cvm.gov.br/ENETCONSULTA/frmDownloadDocumento.aspx?CodigoInstituicao=1&NumeroSequencialDocumento=142076
15.139.629/0001-94;2024-01-01;1;CIA ELETRICIDADE EST. DA BAHIA - COELBA;014524;FCA;137170;2024-05-13;http://www.rad.cvm.gov.br/ENETCONSULTA/frmDownloadDocumento.aspx?CodigoInstituicao=1&NumeroSequencialDocumento=137170
15.139.629/0001-94;2024-01-01;2;CIA ELETRICIDADE EST. DA BAHIA - COELBA;014524;FCA;139786;2024-07-22;http://www.rad.cvm.gov.br/ENETCONSULTA/frmDownloadDocumento.aspx?CodigoInstituicao=1&NumeroSequencialDocumento=139786
15.141.799/0001-03;2024-01-01;1;CIA FERRO LIGAS DA BAHIA - FERBASA;003069;FCA;138638;2024-05-31;http://www.rad.cvm.gov.br/ENETCONSULTA/frmDownloadDocumento.aspx?CodigoInstituicao=1&NumeroSequencialDocumento=138638
15.144.017/0001-90;2024-01-01;1;CIA SEGUROS ALIANCA DA BAHIA;003115;FCA;133961;2024-02-09;http://www.rad.cvm.gov.br/ENETCONSULTA/frmDownloadDocumento.aspx?CodigoInstituicao=1&NumeroSequencialDocumento=133961
15.385.166/0001-40;2024-01-01;1;EQUIPAV SANEAMENTO S.A.;027642;FCA;141409;2024-08-23;http://www.rad.cvm.gov.br/ENETCONSULTA/frmDownloadDocumento.aspx?CodigoInstituicao=1&NumeroSequencialDocumento=141409
15.385.166/0001-40;2024-01-01;1;EQUIPAV SANEAMENTO S.A.;027642;FCA;139513;2024-07-08;http://www.rad.cvm.gov.br/ENETCONSULTA/frmDownloadDocumento.aspx?CodigoInstituicao=1&NumeroSequencialDocumento=139513
15.385.166/0001-40;2024-01-01;2;EQUIPAV SANEAMENTO S.A.;027642;FCA;141740;2024-09-16;http://www.rad.cvm.gov.br/ENETCONSULTA/frmDownloadDocumento.aspx?CodigoInstituicao=1&NumeroSequencialDocumento=141740
15.385.166/0001-40;2024-01-01;3;EQUIPAV SANEAMENTO S.A.;027642;FCA;141741;2024-09-16;http://www.rad.cvm.gov.br/ENETCONSULTA/frmDownloadDocumento.aspx?CodigoInstituicao=1&NumeroSequencialDocumento=141741
15.413.826/0001-50;2024-01-01;1;ENERGISA MATO GROSSO DO SUL - DIST DE ENERGIA S.A.;005576;FCA;138165;2024-05-29;http://www.rad.cvm.gov.br/ENETCONSULTA/frmDownloadDocumento.aspx?CodigoInstituicao=1&NumeroSequencialDocumento=138165
15.440.708/0001-30;2024-01-01;1;CONCESSIONÁRIA VIARIO S.A.;027405;FCA;133492;2024-01-10;http://www.rad.cvm.gov.br/ENETCONSULTA/frmDownloadDocumento.aspx?CodigoInstituicao=1&NumeroSequencialDocumento=133492
15.440.708/0001-30;2024-01-01;2;CONCESSIONÁRIA VIARIO S.A.;027405;FCA;134342;2024-02-29;http://www.rad.cvm.gov.br/ENETCONSULTA/frmDownloadDocumento.aspx?CodigoInstituicao=1&NumeroSequencialDocumento=134342
15.440.708/0001-30;2024-01-01;3;CONCESSIONÁRIA VIARIO S.A.;027405;FCA;134343;2024-02-29;http://www.rad.cvm.gov.br/ENETCONSULTA/frmDownloadDocumento.aspx?CodigoInstituicao=1&NumeroSequencialDocumento=134343
15.440.708/0001-30;2024-01-01;4;CONCESSIONÁRIA VIARIO S.A.;027405;FCA;134344;2024-02-29;http://www.rad.cvm.gov.br/ENETCONSULTA/frmDownloadDocumento.aspx?CodigoInstituicao=1&NumeroSequencialDocumento=134344
15.440.708/0001-30;2024-01-01;5;CONCESSIONÁRIA VIARIO S.A.;027405;FCA;138874;2024-06-03;http://www.rad.cvm.gov.br/ENETCONSULTA/frmDownloadDocumento.aspx?CodigoInstituicao=1&NumeroSequencialDocumento=138874
15.484.093/0001-44;2024-01-01;1;ECO101 CONCESSIONÁRIA DE RODOVIAS S.A.;023582;FCA;138255;2024-05-29;http://www.rad.cvm.gov.br/ENETCONSULTA/frmDownloadDocumento.aspx?CodigoInstituicao=1&NumeroSequencialDocumento=138255
15.494.541/0001-90;2024-01-01;1;SALUS INFRAESTRUTURA PORTUARIA SA;023540;FCA;138444;2024-05-30;http://www.rad.cvm.gov.br/ENETCONSULTA/frmDownloadDocumento.aspx?CodigoInstituicao=1&NumeroSequencialDocumento=138444
15.578.569/0001-06;2024-01-01;1;CONC DO AEROPORTO INTERNACIONAL DE GUARULHOS S.A.;023515;FCA;135713;2024-04-16;http://www.rad.cvm.gov.br/ENETCONSULTA/frmDownloadDocumento.aspx?CodigoInstituicao=1&NumeroSequencialDocumento=135713
15.578.569/0001-06;2024-01-01;2;CONC DO AEROPORTO INTERNACIONAL DE GUARULHOS S.A.;023515;FCA;141603;2024-09-05;http://www.rad.cvm.gov.br/ENETCONSULTA/frmDownloadDocumento.aspx?CodigoInstituicao=1&NumeroSequencialDocumento=141603
15.688.041/0001-90;2024-01-01;1;MBK SECURITIZADORA SA;022861;FCA;138491;2024-05-31;http://www.rad.cvm.gov.br/ENETCONSULTA/frmDownloadDocumento.aspx?CodigoInstituicao=1&NumeroSequencialDocumento=138491
16.233.389/0001-55;2024-01-01;1;CVLB BRASIL S.A EM RECUPERAÇÃO JUDICAL;025542;FCA;137697;2024-05-20;http://www.rad.cvm.gov.br/ENETCONSULTA/frmDownloadDocumento.aspx?CodigoInstituicao=1&NumeroSequencialDocumento=137697
16.233.389/0001-55;2024-01-01;2;CVLB BRASIL S.A EM RECUPERAÇÃO JUDICAL;025542;FCA;141643;2024-09-09;http://www.rad.cvm.gov.br/ENETCONSULTA/frmDownloadDocumento.aspx?CodigoInstituicao=1&NumeroSequencialDocumento=141643
16.234.171/0001-15;2024-01-01;1;METANOR SA METANOL DO NE;008745;FCA;136987;2024-05-10;http://www.rad.cvm.gov.br/ENETCONSULTA/frmDownloadDocumento.aspx?CodigoInstituicao=1&NumeroSequencialDocumento=136987
16.404.287/0001-55;2024-01-01;1;SUZANO S.A.;013986;FCA;136886;2024-05-09;http://www.rad.cvm.gov.br/ENETCONSULTA/frmDownloadDocumento.aspx?CodigoInstituicao=1&NumeroSequencialDocumento=136886
16.404.287/0001-55;2024-01-01;2;SUZANO S.A.;013986;FCA;143623;2024-12-02;http://www.rad.cvm.gov.br/ENETCONSULTA/frmDownloadDocumento.aspx?CodigoInstituicao=1&NumeroSequencialDocumento=143623
16.590.234/0001-76;2024-01-01;1;AZZAS 2154 S.A.;022349;FCA;138879;2024-06-03;http://www.rad.cvm.gov.br/ENETCONSULTA/frmDownloadDocumento.aspx?CodigoInstituicao=1&NumeroSequencialDocumento=138879
16.590.234/0001-76;2024-01-01;2;AZZAS 2154 S.A.;022349;FCA;139153;2024-06-18;http://www.rad.cvm.gov.br/ENETCONSULTA/frmDownloadDocumento.aspx?CodigoInstituicao=1&NumeroSequencialDocumento=139153
16.590.234/0001-76;2024-01-01;3;AZZAS 2154 S.A.;022349;FCA;140349;2024-08-01;http://www.rad.cvm.gov.br/ENETCONSULTA/frmDownloadDocumento.aspx?CodigoInstituicao=1&NumeroSequencialDocumento=140349
16.590.234/0001-76;2024-01-01;4;AZZAS 2154 S.A.;022349;FCA;141582;2024-09-04;http://www.rad.cvm.gov.br/ENETCONSULTA/frmDownloadDocumento.aspx?CodigoInstituicao=1&NumeroSequencialDocumento=141582
16.590.234/0001-76;2024-01-01;5;AZZAS 2154 S.A.;022349;FCA;141583;2024-09-04;http://www.rad.cvm.gov.br/ENETCONSULTA/frmDownloadDocumento.aspx?CodigoInstituicao=1&NumeroSequencialDocumento=141583
16.614.075/0001-00;2024-01-01;1;DIRECIONAL ENGENHARIA S.A.;021350;FCA;137906;2024-05-24;http://www.rad.cvm.gov.br/ENETCONSULTA/frmDownloadDocumento.aspx?CodigoInstituicao=1&NumeroSequencialDocumento=137906
16.670.085/0001-55;2024-01-01;1;LOCALIZA RENT A CAR S.A.;019739;FCA;138427;2024-05-29;http://www.rad.cvm.gov.br/ENETCONSULTA/frmDownloadDocumento.aspx?CodigoInstituicao=1&NumeroSequencialDocumento=138427
16.676.520/0001-59;2024-01-01;1;HOSPITAL MATER DEI S.A.;025690;FCA;138683;2024-05-31;http://www.rad.cvm.gov.br/ENETCONSULTA/frmDownloadDocumento.aspx?CodigoInstituicao=1&NumeroSequencialDocumento=138683
16.811.931/0001-00;2024-01-01;1;ALPHAVILLE S.A.;025275;FCA;133690;2024-01-24;http://www.rad.cvm.gov.br/ENETCONSULTA/frmDownloadDocumento.aspx?CodigoInstituicao=1&NumeroSequencialDocumento=133690
16.838.421/0001-26;2024-01-01;1;XP INVESTIMENTOS S.A.;027111;FCA;138575;2024-05-31;http://www.rad.cvm.gov.br/ENETCONSULTA/frmDownloadDocumento.aspx?CodigoInstituicao=1&NumeroSequencialDocumento=138575
16.922.038/0001-51;2024-01-01;1;ENJOEI S.A.;025259;FCA;138375;2024-05-29;http://www.rad.cvm.gov.br/ENETCONSULTA/frmDownloadDocumento.aspx?CodigoInstituicao=1&NumeroSequencialDocumento=138375
16.922.038/0001-51;2024-01-01;2;ENJOEI S.A.;025259;FCA;139463;2024-07-04;http://www.rad.cvm.gov.br/ENETCONSULTA/frmDownloadDocumento.aspx?CodigoInstituicao=1&NumeroSequencialDocumento=139463
16.922.038/0001-51;2024-01-01;3;ENJOEI S.A.;025259;FCA;143477;2024-11-22;http://www.rad.cvm.gov.br/ENETCONSULTA/frmDownloadDocumento.aspx?CodigoInstituicao=1&NumeroSequencialDocumento=143477
17.155.730/0001-64;2024-01-01;1;CIA ENERGETICA DE MINAS GERAIS - CEMIG;002453;FCA;136993;2024-05-10;http://www.rad.cvm.gov.br/ENETCONSULTA/frmDownloadDocumento.aspx?CodigoInstituicao=1&NumeroSequencialDocumento=136993
17.155.730/0001-64;2024-01-01;2;CIA ENERGETICA DE MINAS GERAIS - CEMIG;002453;FCA;143678;2024-12-05;http://www.rad.cvm.gov.br/ENETCONSULTA/frmDownloadDocumento.aspx?CodigoInstituicao=1&NumeroSequencialDocumento=143678
17.157.777/0001-67;2024-01-01;1;BANCO NACIONAL S.A.;001350;FCA;139862;2024-07-25;http://www.rad.cvm.gov.br/ENETCONSULTA/frmDownloadDocumento.aspx?CodigoInstituicao=1&NumeroSequencialDocumento=139862
17.157.777/0001-67;2024-01-01;2;BANCO NACIONAL S.A.;001350;FCA;143036;2024-11-13;http://www.rad.cvm.gov.br/ENETCONSULTA/frmDownloadDocumento.aspx?CodigoInstituicao=1&NumeroSequencialDocumento=143036
17.159.005/0001-64;2024-01-01;1;FIACAO E TECELAGEM SAO JOSE SA EM RECUPERACAO JUDICIAL;005983;FCA;137118;2024-05-13;http://www.rad.cvm.gov.br/ENETCONSULTA/frmDownloadDocumento.aspx?CodigoInstituicao=1&NumeroSequencialDocumento=137118
17.159.229/0001-76;2024-01-01;1;LABORATÓRIO TEUTO BRASILEIRO S.A.;026182;FCA;137934;2024-05-27;http://www.rad.cvm.gov.br/ENETCONSULTA/frmDownloadDocumento.aspx?CodigoInstituicao=1&NumeroSequencialDocumento=137934
17.161.241/0001-15;2024-01-01;1;MINASMAQUINAS S.A.;008818;FCA;134898;2024-03-20;http://www.rad.cvm.gov.br/ENETCONSULTA/frmDownloadDocumento.aspx?CodigoInstituicao=1&NumeroSequencialDocumento=134898
17.161.241/0001-15;2024-01-01;2;MINASMAQUINAS S.A.;008818;FCA;142483;2024-11-01;http://www.rad.cvm.gov.br/ENETCONSULTA/frmDownloadDocumento.aspx?CodigoInstituicao=1&NumeroSequencialDocumento=142483
17.161.241/0001-15;2024-01-01;3;MINASMAQUINAS S.A.;008818;FCA;142506;2024-11-04;http://www.rad.cvm.gov.br/ENETCONSULTA/frmDownloadDocumento.aspx?CodigoInstituicao=1&NumeroSequencialDocumento=142506
17.162.082/0001-73;2024-01-01;1;MENDES JUNIOR ENGENHARIA S.A.;004782;FCA;135514;2024-04-05;http://www.rad.cvm.gov.br/ENETCONSULTA/frmDownloadDocumento.aspx?CodigoInstituicao=1&NumeroSequencialDocumento=135514
17.162.082/0001-73;2024-01-01;2;MENDES JUNIOR ENGENHARIA S.A.;004782;FCA;137124;2024-05-13;http://www.rad.cvm.gov.br/ENETCONSULTA/frmDownloadDocumento.aspx?CodigoInstituicao=1&NumeroSequencialDocumento=137124
17.167.396/0001-69;2024-01-01;1;ALFA HOLDINGS S.A.;009954;FCA;134416;2024-03-04;http://www.rad.cvm.gov.br/ENETCONSULTA/frmDownloadDocumento.aspx?CodigoInstituicao=1&NumeroSequencialDocumento=134416
17.167.396/0001-69;2024-01-01;2;ALFA HOLDINGS S.A.;009954;FCA;138895;2024-06-04;http://www.rad.cvm.gov.br/ENETCONSULTA/frmDownloadDocumento.aspx?CodigoInstituicao=1&NumeroSequencialDocumento=138895
17.167.396/0001-69;2024-01-01;3;ALFA HOLDINGS S.A.;009954;FCA;142014;2024-10-03;http://www.rad.cvm.gov.br/ENETCONSULTA/frmDownloadDocumento.aspx?CodigoInstituicao=1&NumeroSequencialDocumento=142014
17.167.412/0001-13;2024-01-01;1;FINANCEIRA ALFA S.A.- CRED FINANC E INVS;003891;FCA;134415;2024-03-04;http://www.rad.cvm.gov.br/ENETCONSULTA/frmDownloadDocumento.aspx?CodigoInstituicao=1&NumeroSequencialDocumento=134415
17.184.037/0001-10;2024-01-01;1;BCO MERCANTIL DO BRASIL S.A.;001325;FCA;137991;2024-05-28;http://www.rad.cvm.gov.br/ENETCONSULTA/frmDownloadDocumento.aspx?CodigoInstituicao=1&NumeroSequencialDocumento=137991
17.193.806/0001-46;2024-01-01;1;CONSORCIO ALFA DE ADMINISTRACAO S.A.;004707;FCA;134413;2024-03-04;http://www.rad.cvm.gov.br/ENETCONSULTA/frmDownloadDocumento.aspx?CodigoInstituicao=1&NumeroSequencialDocumento=134413
17.234.244/0001-31;2024-01-01;1;FTL - FERROVIA TRANSNORDESTINA LOGÍSTICA S.A.;023370;FCA;138584;2024-05-31;http://www.rad.cvm.gov.br/ENETCONSULTA/frmDownloadDocumento.aspx?CodigoInstituicao=1&NumeroSequencialDocumento=138584
17.245.234/0001-00;2024-01-01;1;CIA FIACAO TECIDOS CEDRO CACHOEIRA;003077;FCA;136567;2024-05-07;http://www.rad.cvm.gov.br/ENETCONSULTA/frmDownloadDocumento.aspx?CodigoInstituicao=1&NumeroSequencialDocumento=136567
17.281.106/0001-03;2024-01-01;1;CIA SANEAMENTO DE MINAS GERAIS-COPASA MG;019445;FCA;133731;2024-01-30;http://www.rad.cvm.gov.br/ENETCONSULTA/frmDownloadDocumento.aspx?CodigoInstituicao=1&NumeroSequencialDocumento=133731
17.281.106/0001-03;2024-01-01;2;CIA SANEAMENTO DE MINAS GERAIS-COPASA MG;019445;FCA;135981;2024-04-26;http://www.rad.cvm.gov.br/ENETCONSULTA/frmDownloadDocumento.aspx?CodigoInstituicao=1&NumeroSequencialDocumento=135981
17.281.106/0001-03;2024-01-01;3;CIA SANEAMENTO DE MINAS GERAIS-COPASA MG;019445;FCA;138289;2024-05-29;http://www.rad.cvm.gov.br/ENETCONSULTA/frmDownloadDocumento.aspx?CodigoInstituicao=1&NumeroSequencialDocumento=138289
17.314.329/0001-20;2024-01-01;1;INTERNATIONAL MEAL COMPANY ALIMENTACAO S.A.;023574;FCA;133784;2024-01-31;http://www.rad.cvm.gov.br/ENETCONSULTA/frmDownloadDocumento.aspx?CodigoInstituicao=1&NumeroSequencialDocumento=133784
17.344.597/0001-94;2024-01-01;1;BB SEGURIDADE PARTICIPAÇÕES S.A.;023159;FCA;135066;2024-03-25;http://www.rad.cvm.gov.br/ENETCONSULTA/frmDownloadDocumento.aspx?CodigoInstituicao=1&NumeroSequencialDocumento=135066
17.344.597/0001-94;2024-01-01;2;BB SEGURIDADE PARTICIPAÇÕES S.A.;023159;FCA;135198;2024-03-27;http://www.rad.cvm.gov.br/ENETCONSULTA/frmDownloadDocumento.aspx?CodigoInstituicao=1&NumeroSequencialDocumento=135198
17.344.597/0001-94;2024-01-01;3;BB SEGURIDADE PARTICIPAÇÕES S.A.;023159;FCA;137432;2024-05-15;http://www.rad.cvm.gov.br/ENETCONSULTA/frmDownloadDocumento.aspx?CodigoInstituicao=1&NumeroSequencialDocumento=137432
17.359.233/0001-88;2024-01-01;1;TECIDOS E ARMARINHOS MIGUEL BARTOLOMEU S.A.;026760;FCA;135686;2024-04-15;http://www.rad.cvm.gov.br/ENETCONSULTA/frmDownloadDocumento.aspx?CodigoInstituicao=1&NumeroSequencialDocumento=135686
18.174.270/0001-84;2024-01-01;1;DOTZ S.A.;025836;FCA;138352;2024-05-29;http://www.rad.cvm.gov.br/ENETCONSULTA/frmDownloadDocumento.aspx?CodigoInstituicao=1&NumeroSequencialDocumento=138352
18.174.270/0001-84;2024-01-01;2;DOTZ S.A.;025836;FCA;139783;2024-07-22;http://www.rad.cvm.gov.br/ENETCONSULTA/frmDownloadDocumento.aspx?CodigoInstituicao=1&NumeroSequencialDocumento=139783
18.328.118/0001-09;2024-01-01;1;PET CENTER COMÉRCIO E PARTICIPAÇÕES S.A.;025089;FCA;133966;2024-02-09;http://www.rad.cvm.gov.br/ENETCONSULTA/frmDownloadDocumento.aspx?CodigoInstituicao=1&NumeroSequencialDocumento=133966
18.483.666/0001-03;2024-01-01;1;HUMBERG AGRIBRASIL COMÉRCIO E EXPORTAÇÃO DE GRÃOS S.A.;025933;FCA;138706;2024-05-31;http://www.rad.cvm.gov.br/ENETCONSULTA/frmDownloadDocumento.aspx?CodigoInstituicao=1&NumeroSequencialDocumento=138706
18.483.666/0001-03;2024-01-01;2;HUMBERG AGRIBRASIL COMÉRCIO E EXPORTAÇÃO DE GRÃOS S.A.;025933;FCA;144099;2025-01-03;http://www.rad.cvm.gov.br/ENETCONSULTA/frmDownloadDocumento.aspx?CodigoInstituicao=1&NumeroSequencialDocumento=144099
18.494.485/0001-82;2024-01-01;1;PORTO SUDESTE V.M. S.A.;023523;FCA;138543;2024-05-31;http://www.rad.cvm.gov.br/ENETCONSULTA/frmDownloadDocumento.aspx?CodigoInstituicao=1&NumeroSequencialDocumento=138543
18.572.225/0001-88;2024-01-01;1;CONCEBRA - CONCESSIONARIA DAS RODOVIAS CENTRAIS DO BRASIL;023868;FCA;138237;2024-05-29;http://www.rad.cvm.gov.br/ENETCONSULTA/frmDownloadDocumento.aspx?CodigoInstituicao=1&NumeroSequencialDocumento=138237
18.593.815/0001-97;2024-01-01;1;PRINER SERVIÇOS INDUSTRIAIS S.A.;024236;FCA;135501;2024-04-04;http://www.rad.cvm.gov.br/ENETCONSULTA/frmDownloadDocumento.aspx?CodigoInstituicao=1&NumeroSequencialDocumento=135501
18.903.785/0001-78;2024-01-01;1;HOLDING DO ARAGUAIA S.A.;026565;FCA;136180;2024-05-03;http://www.rad.cvm.gov.br/ENETCONSULTA/frmDownloadDocumento.aspx?CodigoInstituicao=1&NumeroSequencialDocumento=136180
19.014.221/0001-47;2024-01-01;1;CHINA THREE GORGES BRASIL ENERGIA S.A.;027103;FCA;138071;2024-05-28;http://www.rad.cvm.gov.br/ENETCONSULTA/frmDownloadDocumento.aspx?CodigoInstituicao=1&NumeroSequencialDocumento=138071
19.208.022/0001-70;2024-01-01;1;ECO050 CONCESSIONÁRIA DE RODOVIAS S.A.;023884;FCA;138263;2024-05-29;http://www.rad.cvm.gov.br/ENETCONSULTA/frmDownloadDocumento.aspx?CodigoInstituicao=1&NumeroSequencialDocumento=138263
19.403.252/0001-90;2024-01-01;1;EMCCAMP RESIDENCIAL S.A.;025909;FCA;138215;2024-05-29;http://www.rad.cvm.gov.br/ENETCONSULTA/frmDownloadDocumento.aspx?CodigoInstituicao=1&NumeroSequencialDocumento=138215
19.521.322/0001-04;2024-01-01;1;CONCESSIONÁRIA ROTA DO OESTE S.A.;023922;FCA;138161;2024-05-29;http://www.rad.cvm.gov.br/ENETCONSULTA/frmDownloadDocumento.aspx?CodigoInstituicao=1&NumeroSequencialDocumento=138161
19.526.748/0001-50;2024-01-01;1;COMPANHIA INDUSTRIAL CATAGUASES;003395;FCA;139277;2024-06-27;http://www.rad.cvm.gov.br/ENETCONSULTA/frmDownloadDocumento.aspx?CodigoInstituicao=1&NumeroSequencialDocumento=139277
19.527.586/0001-75;2024-01-01;1;COMPANHIA ENERGÉTICA SINOP S/A;024155;FCA;138853;2024-05-31;http://www.rad.cvm.gov.br/ENETCONSULTA/frmDownloadDocumento.aspx?CodigoInstituicao=1&NumeroSequencialDocumento=138853
19.527.639/0001-58;2024-01-01;1;ENERGISA MINAS RIO - DISTRIBUIDORA DE ENERGIA S/A;003271;FCA;138164;2024-05-29;http://www.rad.cvm.gov.br/ENETCONSULTA/frmDownloadDocumento.aspx?CodigoInstituicao=1&NumeroSequencialDocumento=138164
19.642.306/0001-70;2024-01-01;1;CONCESSIONÁRIA DE RODOVIA SUL-MATOGROSSENSE S.A.;023833;FCA;135882;2024-04-24;http://www.rad.cvm.gov.br/ENETCONSULTA/frmDownloadDocumento.aspx?CodigoInstituicao=1&NumeroSequencialDocumento=135882
19.642.306/0001-70;2024-01-01;2;CONCESSIONÁRIA DE RODOVIA SUL-MATOGROSSENSE S.A.;023833;FCA;138866;2024-06-03;http://www.rad.cvm.gov.br/ENETCONSULTA/frmDownloadDocumento.aspx?CodigoInstituicao=1&NumeroSequencialDocumento=138866
19.642.306/0001-70;2024-01-01;3;CONCESSIONÁRIA DE RODOVIA SUL-MATOGROSSENSE S.A.;023833;FCA;139631;2024-07-15;http://www.rad.cvm.gov.br/ENETCONSULTA/frmDownloadDocumento.aspx?CodigoInstituicao=1&NumeroSequencialDocumento=139631
19.726.048/0001-00;2024-01-01;1;CONCESSIONÁRIA BR-040 S.A.;023892;FCA;136184;2024-05-03;http://www.rad.cvm.gov.br/ENETCONSULTA/frmDownloadDocumento.aspx?CodigoInstituicao=1&NumeroSequencialDocumento=136184
19.726.048/0001-00;2024-01-01;2;CONCESSIONÁRIA BR-040 S.A.;023892;FCA;141614;2024-09-06;http://www.rad.cvm.gov.br/ENETCONSULTA/frmDownloadDocumento.aspx?CodigoInstituicao=1&NumeroSequencialDocumento=141614
19.726.048/0001-00;2024-01-01;3;CONCESSIONÁRIA BR-040 S.A.;023892;FCA;143674;2024-12-05;http://www.rad.cvm.gov.br/ENETCONSULTA/frmDownloadDocumento.aspx?CodigoInstituicao=1&NumeroSequencialDocumento=143674
19.796.586/0001-70;2024-01-01;1;BRISANET PARTICIPAÇÕES S.A.;026085;FCA;136143;2024-05-02;http://www.rad.cvm.gov.br/ENETCONSULTA/frmDownloadDocumento.aspx?CodigoInstituicao=1&NumeroSequencialDocumento=136143
20.247.322/0001-47;2024-01-01;1;ALLIED TECNOLOGIA S.A.;025330;FCA;133994;2024-02-12;http://www.rad.cvm.gov.br/ENETCONSULTA/frmDownloadDocumento.aspx?CodigoInstituicao=1&NumeroSequencialDocumento=133994
20.247.322/0001-47;2024-01-01;2;ALLIED TECNOLOGIA S.A.;025330;FCA;143381;2024-11-18;http://www.rad.cvm.gov.br/ENETCONSULTA/frmDownloadDocumento.aspx?CodigoInstituicao=1&NumeroSequencialDocumento=143381
20.258.278/0001-70;2024-01-01;1;OUROFINO S.A.;023507;FCA;138203;2024-05-29;http://www.rad.cvm.gov.br/ENETCONSULTA/frmDownloadDocumento.aspx?CodigoInstituicao=1&NumeroSequencialDocumento=138203
20.258.278/0001-70;2024-01-01;2;OUROFINO S.A.;023507;FCA;139766;2024-07-22;http://www.rad.cvm.gov.br/ENETCONSULTA/frmDownloadDocumento.aspx?CodigoInstituicao=1&NumeroSequencialDocumento=139766
20.512.706/0001-40;2024-01-01;1;VITRU EDUCAÇÃO S.A.;027057;FCA;136097;2024-04-30;http://www.rad.cvm.gov.br/ENETCONSULTA/frmDownloadDocumento.aspx?CodigoInstituicao=1&NumeroSequencialDocumento=136097
20.512.706/0001-40;2024-01-01;2;VITRU EDUCAÇÃO S.A.;027057;FCA;136211;2024-05-03;http://www.rad.cvm.gov.br/ENETCONSULTA/frmDownloadDocumento.aspx?CodigoInstituicao=1&NumeroSequencialDocumento=136211
20.512.706/0001-40;2024-01-01;3;VITRU EDUCAÇÃO S.A.;027057;FCA;139172;2024-06-19;http://www.rad.cvm.gov.br/ENETCONSULTA/frmDownloadDocumento.aspx?CodigoInstituicao=1&NumeroSequencialDocumento=139172
20.512.706/0001-40;2024-01-01;4;VITRU EDUCAÇÃO S.A.;027057;FCA;141550;2024-09-02;http://www.rad.cvm.gov.br/ENETCONSULTA/frmDownloadDocumento.aspx?CodigoInstituicao=1&NumeroSequencialDocumento=141550
20.514.555/0001-69;2024-01-01;1;ARGO VI TRANSMISSÃO DE ENERGIA S.A.;026670;FCA;134497;2024-03-06;http://www.rad.cvm.gov.br/ENETCONSULTA/frmDownloadDocumento.aspx?CodigoInstituicao=1&NumeroSequencialDocumento=134497
20.514.555/0001-69;2024-01-01;2;ARGO VI TRANSMISSÃO DE ENERGIA S.A.;026670;FCA;134582;2024-03-08;http://www.rad.cvm.gov.br/ENETCONSULTA/frmDownloadDocumento.aspx?CodigoInstituicao=1&NumeroSequencialDocumento=134582
20.514.590/0001-88;2024-01-01;1;ARGO V TRANSMISSÃO DE ENERGIA S.A.;026662;FCA;134496;2024-03-06;http://www.rad.cvm.gov.br/ENETCONSULTA/frmDownloadDocumento.aspx?CodigoInstituicao=1&NumeroSequencialDocumento=134496
20.514.590/0001-88;2024-01-01;2;ARGO V TRANSMISSÃO DE ENERGIA S.A.;026662;FCA;134581;2024-03-08;http://www.rad.cvm.gov.br/ENETCONSULTA/frmDownloadDocumento.aspx?CodigoInstituicao=1&NumeroSequencialDocumento=134581
21.110.778/0001-23;2024-01-01;1;OLIVEIRA TRUST S.A.;026417;FCA;138282;2024-05-29;http://www.rad.cvm.gov.br/ENETCONSULTA/frmDownloadDocumento.aspx?CodigoInstituicao=1&NumeroSequencialDocumento=138282
21.240.146/0001-84;2024-01-01;1;AGROGALAXY PARTICIPAÇÕES S.A. - EM RECUPERAÇÃO JUDICIAL;025658;FCA;138405;2024-05-29;http://www.rad.cvm.gov.br/ENETCONSULTA/frmDownloadDocumento.aspx?CodigoInstituicao=1&NumeroSequencialDocumento=138405
21.240.146/0001-84;2024-01-01;2;AGROGALAXY PARTICIPAÇÕES S.A. - EM RECUPERAÇÃO JUDICIAL;025658;FCA;139240;2024-06-25;http://www.rad.cvm.gov.br/ENETCONSULTA/frmDownloadDocumento.aspx?CodigoInstituicao=1&NumeroSequencialDocumento=139240
21.240.146/0001-84;2024-01-01;3;AGROGALAXY PARTICIPAÇÕES S.A. - EM RECUPERAÇÃO JUDICIAL;025658;FCA;141092;2024-08-14;http://www.rad.cvm.gov.br/ENETCONSULTA/frmDownloadDocumento.aspx?CodigoInstituicao=1&NumeroSequencialDocumento=141092
21.240.146/0001-84;2024-01-01;4;AGROGALAXY PARTICIPAÇÕES S.A. - EM RECUPERAÇÃO JUDICIAL;025658;FCA;142025;2024-10-03;http://www.rad.cvm.gov.br/ENETCONSULTA/frmDownloadDocumento.aspx?CodigoInstituicao=1&NumeroSequencialDocumento=142025
21.240.146/0001-84;2024-01-01;5;AGROGALAXY PARTICIPAÇÕES S.A. - EM RECUPERAÇÃO JUDICIAL;025658;FCA;142121;2024-10-09;http://www.rad.cvm.gov.br/ENETCONSULTA/frmDownloadDocumento.aspx?CodigoInstituicao=1&NumeroSequencialDocumento=142121
21.240.146/0001-84;2024-01-01;6;AGROGALAXY PARTICIPAÇÕES S.A. - EM RECUPERAÇÃO JUDICIAL;025658;FCA;143823;2024-12-16;http://www.rad.cvm.gov.br/ENETCONSULTA/frmDownloadDocumento.aspx?CodigoInstituicao=1&NumeroSequencialDocumento=143823
21.254.073/0001-80;2024-01-01;1;COMPANHIA ITAUNENSE ENERGIA E PARTICIPAÇÕES;003450;FCA;138008;2024-05-28;http://www.rad.cvm.gov.br/ENETCONSULTA/frmDownloadDocumento.aspx?CodigoInstituicao=1&NumeroSequencialDocumento=138008
21.255.567/0001-89;2024-01-01;1;CIA TECIDOS SANTANENSE EM RECUPERAÇÃO JUDICIAL;004081;FCA;134419;2024-03-04;http://www.rad.cvm.gov.br/ENETCONSULTA/frmDownloadDocumento.aspx?CodigoInstituicao=1&NumeroSequencialDocumento=134419
21.255.567/0001-89;2024-01-01;2;CIA TECIDOS SANTANENSE EM RECUPERAÇÃO JUDICIAL;004081;FCA;142366;2024-10-28;http://www.rad.cvm.gov.br/ENETCONSULTA/frmDownloadDocumento.aspx?CodigoInstituicao=1&NumeroSequencialDocumento=142366
21.314.559/0001-66;2024-01-01;1;MOVIDA PARTICIPACOES SA;023825;FCA;135660;2024-04-11;http://www.rad.cvm.gov.br/ENETCONSULTA/frmDownloadDocumento.aspx?CodigoInstituicao=1&NumeroSequencialDocumento=135660
21.389.501/0001-81;2024-01-01;1;COMPASS GÁS E ENERGIA S.A.;025127;FCA;133394;2024-01-03;http://www.rad.cvm.gov.br/ENETCONSULTA/frmDownloadDocumento.aspx?CodigoInstituicao=1&NumeroSequencialDocumento=133394
21.389.501/0001-81;2024-01-01;2;COMPASS GÁS E ENERGIA S.A.;025127;FCA;138340;2024-05-29;http://www.rad.cvm.gov.br/ENETCONSULTA/frmDownloadDocumento.aspx?CodigoInstituicao=1&NumeroSequencialDocumento=138340
21.389.501/0001-81;2024-01-01;3;COMPASS GÁS E ENERGIA S.A.;025127;FCA;139446;2024-07-03;http://www.rad.cvm.gov.br/ENETCONSULTA/frmDownloadDocumento.aspx?CodigoInstituicao=1&NumeroSequencialDocumento=139446
21.389.501/0001-81;2024-01-01;4;COMPASS GÁS E ENERGIA S.A.;025127;FCA;143570;2024-11-28;http://www.rad.cvm.gov.br/ENETCONSULTA/frmDownloadDocumento.aspx?CodigoInstituicao=1&NumeroSequencialDocumento=143570
21.414.457/0001-12;2024-01-01;1;LEADS CIA. SECURITIZADORA;023558;FCA;137999;2024-05-28;http://www.rad.cvm.gov.br/ENETCONSULTA/frmDownloadDocumento.aspx?CodigoInstituicao=1&NumeroSequencialDocumento=137999
21.728.083/0001-00;2024-01-01;1;TRANSMISSORA JOSÉ MARIA DE MACEDO DE ELETRICIDADE S.A.;026654;FCA;134498;2024-03-06;http://www.rad.cvm.gov.br/ENETCONSULTA/frmDownloadDocumento.aspx?CodigoInstituicao=1&NumeroSequencialDocumento=134498
21.728.083/0001-00;2024-01-01;2;TRANSMISSORA JOSÉ MARIA DE MACEDO DE ELETRICIDADE S.A.;026654;FCA;134583;2024-03-08;http://www.rad.cvm.gov.br/ENETCONSULTA/frmDownloadDocumento.aspx?CodigoInstituicao=1&NumeroSequencialDocumento=134583
21.948.105/0001-47;2024-01-01;1;BTGI QUARTZO PARTICIPAÇÕES S/A;023850;FCA;138604;2024-05-31;http://www.rad.cvm.gov.br/ENETCONSULTA/frmDownloadDocumento.aspx?CodigoInstituicao=1&NumeroSequencialDocumento=138604
21.976.510/0001-79;2024-01-01;1;BTGI SAFIRA PARTICIPAÇÕES S/A;023841;FCA;138610;2024-05-31;http://www.rad.cvm.gov.br/ENETCONSULTA/frmDownloadDocumento.aspx?CodigoInstituicao=1&NumeroSequencialDocumento=138610
22.163.297/0001-49;2024-01-01;1;CONCESSIONÁRIA PONTE RIO-NITERÓI S.A. - ECOPONTE;024139;FCA;138260;2024-05-29;http://www.rad.cvm.gov.br/ENETCONSULTA/frmDownloadDocumento.aspx?CodigoInstituicao=1&NumeroSequencialDocumento=138260
22.261.473/0001-85;2024-01-01;1;COMPANHIA DE GÁS DE MINAS GERAIS - GASMIG;025178;FCA;138517;2024-05-31;http://www.rad.cvm.gov.br/ENETCONSULTA/frmDownloadDocumento.aspx?CodigoInstituicao=1&NumeroSequencialDocumento=138517
22.261.473/0001-85;2024-01-01;2;COMPANHIA DE GÁS DE MINAS GERAIS - GASMIG;025178;FCA;143537;2024-11-26;http://www.rad.cvm.gov.br/ENETCONSULTA/frmDownloadDocumento.aspx?CodigoInstituicao=1&NumeroSequencialDocumento=143537
22.266.175/0001-88;2024-01-01;1;FERTILIZANTES HERINGER S.A.;020621;FCA;135515;2024-04-05;http://www.rad.cvm.gov.br/ENETCONSULTA/frmDownloadDocumento.aspx?CodigoInstituicao=1&NumeroSequencialDocumento=135515
22.543.331/0001-00;2024-01-01;1;CAIXA SEGURIDADE PARTICIPAÇÕES S.A.;023795;FCA;138014;2024-05-28;http://www.rad.cvm.gov.br/ENETCONSULTA/frmDownloadDocumento.aspx?CodigoInstituicao=1&NumeroSequencialDocumento=138014
22.677.520/0001-76;2024-01-01;1;CIA TECIDOS NORTE DE MINAS COTEMINAS;003158;FCA;134414;2024-03-04;http://www.rad.cvm.gov.br/ENETCONSULTA/frmDownloadDocumento.aspx?CodigoInstituicao=1&NumeroSequencialDocumento=134414
23.041.875/0001-37;2024-01-01;1;ALMACENES ÉXITO S.A.;080225;FCA;138439;2024-05-30;http://www.rad.cvm.gov.br/ENETCONSULTA/frmDownloadDocumento.aspx?CodigoInstituicao=1&NumeroSequencialDocumento=138439
23.041.875/0001-37;2024-01-01;2;ALMACENES ÉXITO S.A.;080225;FCA;139192;2024-06-21;http://www.rad.cvm.gov.br/ENETCONSULTA/frmDownloadDocumento.aspx?CodigoInstituicao=1&NumeroSequencialDocumento=139192
23.096.269/0001-19;2024-01-01;1;RIO PARANA ENERGIA S.A.;025623;FCA;138072;2024-05-28;http://www.rad.cvm.gov.br/ENETCONSULTA/frmDownloadDocumento.aspx?CodigoInstituicao=1&NumeroSequencialDocumento=138072
23.236.821/0001-27;2024-01-01;1;PATRIMAR ENGENHARIA S.A.;025305;FCA;138441;2024-05-30;http://www.rad.cvm.gov.br/ENETCONSULTA/frmDownloadDocumento.aspx?CodigoInstituicao=1&NumeroSequencialDocumento=138441
23.373.000/0001-32;2024-01-01;1;VAMOS LOCAÇÃO DE CAMINHÕES, MÁQUINAS E EQUIPAMENTOS S.A.;024716;FCA;134733;2024-03-14;http://www.rad.cvm.gov.br/ENETCONSULTA/frmDownloadDocumento.aspx?CodigoInstituicao=1&NumeroSequencialDocumento=134733
23.373.000/0001-32;2024-01-01;2;VAMOS LOCAÇÃO DE CAMINHÕES, MÁQUINAS E EQUIPAMENTOS S.A.;024716;FCA;138884;2024-06-03;http://www.rad.cvm.gov.br/ENETCONSULTA/frmDownloadDocumento.aspx?CodigoInstituicao=1&NumeroSequencialDocumento=138884
23.438.929/0001-00;2024-01-01;1;ALARES INTERNET PARTICIPAÇÕES S/A;025194;FCA;136103;2024-05-01;http://www.rad.cvm.gov.br/ENETCONSULTA/frmDownloadDocumento.aspx?CodigoInstituicao=1&NumeroSequencialDocumento=136103
23.438.929/0001-00;2024-01-01;2;ALARES INTERNET PARTICIPAÇÕES S/A;025194;FCA;139687;2024-07-17;http://www.rad.cvm.gov.br/ENETCONSULTA/frmDownloadDocumento.aspx?CodigoInstituicao=1&NumeroSequencialDocumento=139687
23.994.857/0001-70;2024-01-01;1;ATOM EDUCAÇÃO E EDITORA S.A.;027677;FCA;139927;2024-07-26;http://www.rad.cvm.gov.br/ENETCONSULTA/frmDownloadDocumento.aspx?CodigoInstituicao=1&NumeroSequencialDocumento=139927
23.994.857/0001-70;2024-01-01;2;ATOM EDUCAÇÃO E EDITORA S.A.;027677;FCA;142278;2024-10-22;http://www.rad.cvm.gov.br/ENETCONSULTA/frmDownloadDocumento.aspx?CodigoInstituicao=1&NumeroSequencialDocumento=142278
24.230.275/0001-80;2024-01-01;1;PLANO & PLANO DESENVOLVIMENTO IMOBILIÁRIO S.A.;025070;FCA;136612;2024-05-07;http://www.rad.cvm.gov.br/ENETCONSULTA/frmDownloadDocumento.aspx?CodigoInstituicao=1&NumeroSequencialDocumento=136612
24.396.489/0001-20;2024-01-01;1;BRK AMBIENTAL PARTICIPAÇÕES S.A.;024830;FCA;135649;2024-04-11;http://www.rad.cvm.gov.br/ENETCONSULTA/frmDownloadDocumento.aspx?CodigoInstituicao=1&NumeroSequencialDocumento=135649
24.624.490/0001-65;2024-01-01;1;ARGO TRANSMISSÃO DE ENERGIA S/A;024210;FCA;134492;2024-03-06;http://www.rad.cvm.gov.br/ENETCONSULTA/frmDownloadDocumento.aspx?CodigoInstituicao=1&NumeroSequencialDocumento=134492
24.624.490/0001-65;2024-01-01;2;ARGO TRANSMISSÃO DE ENERGIA S/A;024210;FCA;134580;2024-03-08;http://www.rad.cvm.gov.br/ENETCONSULTA/frmDownloadDocumento.aspx?CodigoInstituicao=1&NumeroSequencialDocumento=134580
24.624.551/0001-94;2024-01-01;1;ARGO ENERGIA EMPREENDIMENTOS E PARTICIPAÇÕES S/A;024120;FCA;134488;2024-03-06;http://www.rad.cvm.gov.br/ENETCONSULTA/frmDownloadDocumento.aspx?CodigoInstituicao=1&NumeroSequencialDocumento=134488
24.624.551/0001-94;2024-01-01;2;ARGO ENERGIA EMPREENDIMENTOS E PARTICIPAÇÕES S/A;024120;FCA;134575;2024-03-08;http://www.rad.cvm.gov.br/ENETCONSULTA/frmDownloadDocumento.aspx?CodigoInstituicao=1&NumeroSequencialDocumento=134575
24.921.465/0001-43;2024-01-01;1;BLUEFIT ACADEMIAS DE GINÁSTICA E PARTICIPAÇÕES S.A.;026204;FCA;141445;2024-08-27;http://www.rad.cvm.gov.br/ENETCONSULTA/frmDownloadDocumento.aspx?CodigoInstituicao=1&NumeroSequencialDocumento=141445
24.921.465/0001-43;2024-01-01;2;BLUEFIT ACADEMIAS DE GINÁSTICA E PARTICIPAÇÕES S.A.;026204;FCA;144549;2025-02-04;http://www.rad.cvm.gov.br/ENETCONSULTA/frmDownloadDocumento.aspx?CodigoInstituicao=1&NumeroSequencialDocumento=144549
24.962.466/0001-36;2024-01-01;1;RUMO MALHA NORTE S.A.;015300;FCA;133405;2024-01-04;http://www.rad.cvm.gov.br/ENETCONSULTA/frmDownloadDocumento.aspx?CodigoInstituicao=1&NumeroSequencialDocumento=133405
24.962.466/0001-36;2024-01-01;2;RUMO MALHA NORTE S.A.;015300;FCA;133509;2024-01-10;http://www.rad.cvm.gov.br/ENETCONSULTA/frmDownloadDocumento.aspx?CodigoInstituicao=1&NumeroSequencialDocumento=133509
24.990.777/0001-09;2024-01-01;1;GRUPO MATEUS S.A.;025186;FCA;138331;2024-05-29;http://www.rad.cvm.gov.br/ENETCONSULTA/frmDownloadDocumento.aspx?CodigoInstituicao=1&NumeroSequencialDocumento=138331
25.089.509/0001-83;2024-01-01;1;COMPANHIA DE SANEAMENTO DO TOCANTINS - SANEATINS;023809;FCA;135837;2024-04-22;http://www.rad.cvm.gov.br/ENETCONSULTA/frmDownloadDocumento.aspx?CodigoInstituicao=1&NumeroSequencialDocumento=135837
25.249.439/0001-83;2024-01-01;1;HOSPITAL CARE CALEDONIA S.A.;025771;FCA;134251;2024-02-26;http://www.rad.cvm.gov.br/ENETCONSULTA/frmDownloadDocumento.aspx?CodigoInstituicao=1&NumeroSequencialDocumento=134251
25.369.840/0001-57;2024-01-01;1;COMERC ENERGIA S.A.;026280;FCA;135790;2024-04-18;http://www.rad.cvm.gov.br/ENETCONSULTA/frmDownloadDocumento.aspx?CodigoInstituicao=1&NumeroSequencialDocumento=135790
26.072.786/0001-46;2024-01-01;1;QESTRA TECNOLOGIA ADMINISTRAÇÃO E PARTICIPAÇÕES S.A.;026816;FCA;139844;2024-07-24;http://www.rad.cvm.gov.br/ENETCONSULTA/frmDownloadDocumento.aspx?CodigoInstituicao=1&NumeroSequencialDocumento=139844
26.345.998/0001-50;2024-01-01;1;ECONOMATICA S.A.;026077;FCA;134404;2024-03-01;http://www.rad.cvm.gov.br/ENETCONSULTA/frmDownloadDocumento.aspx?CodigoInstituicao=1&NumeroSequencialDocumento=134404
26.345.998/0001-50;2024-01-01;2;ECONOMATICA S.A.;026077;FCA;142880;2024-11-11;http://www.rad.cvm.gov.br/ENETCONSULTA/frmDownloadDocumento.aspx?CodigoInstituicao=1&NumeroSequencialDocumento=142880
26.462.693/0001-28;2024-01-01;1;LAVVI EMPREENDIMENTOS IMOBILIÁRIOS S.A.;025062;FCA;138275;2024-05-29;http://www.rad.cvm.gov.br/ENETCONSULTA/frmDownloadDocumento.aspx?CodigoInstituicao=1&NumeroSequencialDocumento=138275
26.609.050/0001-64;2024-01-01;1;TRAVESSIA SECURITIZADORA S.A.;024082;FCA;138541;2024-05-31;http://www.rad.cvm.gov.br/ENETCONSULTA/frmDownloadDocumento.aspx?CodigoInstituicao=1&NumeroSequencialDocumento=138541
26.659.061/0001-59;2024-01-01;1;MPM CORPÓREOS S.A.;025445;FCA;134331;2024-02-28;http://www.rad.cvm.gov.br/ENETCONSULTA/frmDownloadDocumento.aspx?CodigoInstituicao=1&NumeroSequencialDocumento=134331
26.659.061/0001-59;2024-01-01;2;MPM CORPÓREOS S.A.;025445;FCA;138667;2024-05-31;http://www.rad.cvm.gov.br/ENETCONSULTA/frmDownloadDocumento.aspx?CodigoInstituicao=1&NumeroSequencialDocumento=138667
26.659.061/0001-59;2024-01-01;3;MPM CORPÓREOS S.A.;025445;FCA;139568;2024-07-11;http://www.rad.cvm.gov.br/ENETCONSULTA/frmDownloadDocumento.aspx?CodigoInstituicao=1&NumeroSequencialDocumento=139568
26.664.057/0001-89;2024-01-01;1;ENTREVIAS CONCESSIONÁRIA DE RODOVIAS S.A.;024341;FCA;138746;2024-05-31;http://www.rad.cvm.gov.br/ENETCONSULTA/frmDownloadDocumento.aspx?CodigoInstituicao=1&NumeroSequencialDocumento=138746
26.845.702/0001-60;2024-01-01;1;BELÉM TRANSMISSORA DE ENERGIA S.A;024457;FCA;138566;2024-05-31;http://www.rad.cvm.gov.br/ENETCONSULTA/frmDownloadDocumento.aspx?CodigoInstituicao=1&NumeroSequencialDocumento=138566
26.845.702/0001-60;2024-01-01;2;BELÉM TRANSMISSORA DE ENERGIA S.A;024457;FCA;144130;2025-01-07;http://www.rad.cvm.gov.br/ENETCONSULTA/frmDownloadDocumento.aspx?CodigoInstituicao=1&NumeroSequencialDocumento=144130
26.982.634/0001-80;2024-01-01;1;TURBI COMPARTILHAMENTO DE VEÍCULOS S.A.;027197;FCA;141418;2024-08-26;http://www.rad.cvm.gov.br/ENETCONSULTA/frmDownloadDocumento.aspx?CodigoInstituicao=1&NumeroSequencialDocumento=141418
26.982.634/0001-80;2024-01-01;2;TURBI COMPARTILHAMENTO DE VEÍCULOS S.A.;027197;FCA;143690;2024-12-05;http://www.rad.cvm.gov.br/ENETCONSULTA/frmDownloadDocumento.aspx?CodigoInstituicao=1&NumeroSequencialDocumento=143690
27.093.558/0001-15;2024-01-01;1;MILLS LOCAÇÃO, SERVIÇOS E LOGÍSTICA S.A.;022012;FCA;134592;2024-03-08;http://www.rad.cvm.gov.br/ENETCONSULTA/frmDownloadDocumento.aspx?CodigoInstituicao=1&NumeroSequencialDocumento=134592
27.093.558/0001-15;2024-01-01;2;MILLS LOCAÇÃO, SERVIÇOS E LOGÍSTICA S.A.;022012;FCA;135466;2024-04-03;http://www.rad.cvm.gov.br/ENETCONSULTA/frmDownloadDocumento.aspx?CodigoInstituicao=1&NumeroSequencialDocumento=135466
27.093.558/0001-15;2024-01-01;3;MILLS LOCAÇÃO, SERVIÇOS E LOGÍSTICA S.A.;022012;FCA;136654;2024-05-08;http://www.rad.cvm.gov.br/ENETCONSULTA/frmDownloadDocumento.aspx?CodigoInstituicao=1&NumeroSequencialDocumento=136654
27.093.558/0001-15;2024-01-01;4;MILLS LOCAÇÃO, SERVIÇOS E LOGÍSTICA S.A.;022012;FCA;138200;2024-05-29;http://www.rad.cvm.gov.br/ENETCONSULTA/frmDownloadDocumento.aspx?CodigoInstituicao=1&NumeroSequencialDocumento=138200
27.137.879/0001-74;2024-01-01;1;CIA SEC DE CRÉDITOS FINANCEIROS CARTÕES CONSIGNADOS I;024147;FCA;141802;2024-09-19;http://www.rad.cvm.gov.br/ENETCONSULTA/frmDownloadDocumento.aspx?CodigoInstituicao=1&NumeroSequencialDocumento=141802
27.157.474/0001-06;2024-01-01;1;ÁGUAS DE TERESINA SANEAMENTO SPE S.A.;025615;FCA;137959;2024-05-27;http://www.rad.cvm.gov.br/ENETCONSULTA/frmDownloadDocumento.aspx?CodigoInstituicao=1&NumeroSequencialDocumento=137959
27.743.642/0001-37;2024-01-01;1;CONSTRUTORA METROCASA S.A.;027340;FCA;138546;2024-05-31;http://www.rad.cvm.gov.br/ENETCONSULTA/frmDownloadDocumento.aspx?CodigoInstituicao=1&NumeroSequencialDocumento=138546
27.743.642/0001-37;2024-01-01;2;CONSTRUTORA METROCASA S.A.;027340;FCA;139138;2024-06-17;http://www.rad.cvm.gov.br/ENETCONSULTA/frmDownloadDocumento.aspx?CodigoInstituicao=1&NumeroSequencialDocumento=139138
27.967.244/0001-02;2024-01-01;1;TAPAJÓS TRANSMISSORA DE ENERGIA S.A.;024481;FCA;138564;2024-05-31;http://www.rad.cvm.gov.br/ENETCONSULTA/frmDownloadDocumento.aspx?CodigoInstituicao=1&NumeroSequencialDocumento=138564
27.967.244/0001-02;2024-01-01;2;TAPAJÓS TRANSMISSORA DE ENERGIA S.A.;024481;FCA;142101;2024-10-08;http://www.rad.cvm.gov.br/ENETCONSULTA/frmDownloadDocumento.aspx?CodigoInstituicao=1&NumeroSequencialDocumento=142101
28.127.603/0001-78;2024-01-01;1;BANESTES S.A. - BCO EST ESPIRITO SANTO;001155;FCA;133439;2024-01-08;http://www.rad.cvm.gov.br/ENETCONSULTA/frmDownloadDocumento.aspx?CodigoInstituicao=1&NumeroSequencialDocumento=133439
28.127.603/0001-78;2024-01-01;2;BANESTES S.A. - BCO EST ESPIRITO SANTO;001155;FCA;137008;2024-05-10;http://www.rad.cvm.gov.br/ENETCONSULTA/frmDownloadDocumento.aspx?CodigoInstituicao=1&NumeroSequencialDocumento=137008
28.152.650/0001-71;2024-01-01;1;EDP ESPIRITO SANTO DISTRIBUIÇÃO DE ENERGIA S.A.;015342;FCA;137816;2024-05-23;http://www.rad.cvm.gov.br/ENETCONSULTA/frmDownloadDocumento.aspx?CodigoInstituicao=1&NumeroSequencialDocumento=137816
28.195.667/0001-06;2024-01-01;1;BCO ABC BRASIL S.A.;020958;FCA;139276;2024-06-27;http://www.rad.cvm.gov.br/ENETCONSULTA/frmDownloadDocumento.aspx?CodigoInstituicao=1&NumeroSequencialDocumento=139276
28.195.667/0001-06;2024-01-01;2;BCO ABC BRASIL S.A.;020958;FCA;143579;2024-11-29;http://www.rad.cvm.gov.br/ENETCONSULTA/frmDownloadDocumento.aspx?CodigoInstituicao=1&NumeroSequencialDocumento=143579
28.195.667/0001-06;2024-01-01;3;BCO ABC BRASIL S.A.;020958;FCA;143672;2024-12-04;http://www.rad.cvm.gov.br/ENETCONSULTA/frmDownloadDocumento.aspx?CodigoInstituicao=1&NumeroSequencialDocumento=143672
28.195.667/0001-06;2024-01-01;4;BCO ABC BRASIL S.A.;020958;FCA;143874;2024-12-18;http://www.rad.cvm.gov.br/ENETCONSULTA/frmDownloadDocumento.aspx?CodigoInstituicao=1&NumeroSequencialDocumento=143874
28.201.130/0001-01;2024-01-01;1;ENERGISA TRANSMISSÃO DE ENERGIA S/A;024589;FCA;138172;2024-05-29;http://www.rad.cvm.gov.br/ENETCONSULTA/frmDownloadDocumento.aspx?CodigoInstituicao=1&NumeroSequencialDocumento=138172
28.594.234/0001-23;2024-01-01;1;AUREN ENERGIA S.A.;026620;FCA;138361;2024-05-29;http://www.rad.cvm.gov.br/ENETCONSULTA/frmDownloadDocumento.aspx?CodigoInstituicao=1&NumeroSequencialDocumento=138361
28.594.234/0001-23;2024-01-01;2;AUREN ENERGIA S.A.;026620;FCA;139467;2024-07-04;http://www.rad.cvm.gov.br/ENETCONSULTA/frmDownloadDocumento.aspx?CodigoInstituicao=1&NumeroSequencialDocumento=139467
28.594.234/0001-23;2024-01-01;3;AUREN ENERGIA S.A.;026620;FCA;142310;2024-10-23;http://www.rad.cvm.gov.br/ENETCONSULTA/frmDownloadDocumento.aspx?CodigoInstituicao=1&NumeroSequencialDocumento=142310
28.925.264/0001-75;2024-01-01;1;COMPANHIA ENERGÉTICA JAGUARA;024422;FCA;133761;2024-01-31;http://www.rad.cvm.gov.br/ENETCONSULTA/frmDownloadDocumento.aspx?CodigoInstituicao=1&NumeroSequencialDocumento=133761
28.942.127/0001-49;2024-01-01;1;COMPANHIA ENERGÉTICA MIRANDA;024430;FCA;133762;2024-01-31;http://www.rad.cvm.gov.br/ENETCONSULTA/frmDownloadDocumento.aspx?CodigoInstituicao=1&NumeroSequencialDocumento=133762
29.780.061/0001-09;2024-01-01;1;SAO CARLOS EMPREEND E PARTICIPACOES S.A.;013781;FCA;137937;2024-05-27;http://www.rad.cvm.gov.br/ENETCONSULTA/frmDownloadDocumento.aspx?CodigoInstituicao=1&NumeroSequencialDocumento=137937
29.884.545/0001-90;2024-01-01;1;ECORIOMINAS CONCESSIONÁRIA DE RODOVIAS S.A.;027456;FCA;133837;2024-02-02;http://www.rad.cvm.gov.br/ENETCONSULTA/frmDownloadDocumento.aspx?CodigoInstituicao=1&NumeroSequencialDocumento=133837
29.884.545/0001-90;2024-01-01;2;ECORIOMINAS CONCESSIONÁRIA DE RODOVIAS S.A.;027456;FCA;134450;2024-03-05;http://www.rad.cvm.gov.br/ENETCONSULTA/frmDownloadDocumento.aspx?CodigoInstituicao=1&NumeroSequencialDocumento=134450
29.884.545/0001-90;2024-01-01;3;ECORIOMINAS CONCESSIONÁRIA DE RODOVIAS S.A.;027456;FCA;139866;2024-07-25;http://www.rad.cvm.gov.br/ENETCONSULTA/frmDownloadDocumento.aspx?CodigoInstituicao=1&NumeroSequencialDocumento=139866
29.884.545/0001-90;2024-01-01;4;ECORIOMINAS CONCESSIONÁRIA DE RODOVIAS S.A.;027456;FCA;140362;2024-08-02;http://www.rad.cvm.gov.br/ENETCONSULTA/frmDownloadDocumento.aspx?CodigoInstituicao=1&NumeroSequencialDocumento=140362
29.950.060/0001-57;2024-01-01;1;NORTEC QUÍMICA S.A.;022985;FCA;139287;2024-06-27;http://www.rad.cvm.gov.br/ENETCONSULTA/frmDownloadDocumento.aspx?CodigoInstituicao=1&NumeroSequencialDocumento=139287
29.980.141/0001-08;2024-01-01;1;OCEÂNICA ENGENHARIA E CONSULTORIA S.A.;026956;FCA;138769;2024-05-31;http://www.rad.cvm.gov.br/ENETCONSULTA/frmDownloadDocumento.aspx?CodigoInstituicao=1&NumeroSequencialDocumento=138769
30.213.493/0001-09;2024-01-01;1;TEGRA INCORPORADORA S.A.;025844;FCA;134173;2024-02-22;http://www.rad.cvm.gov.br/ENETCONSULTA/frmDownloadDocumento.aspx?CodigoInstituicao=1&NumeroSequencialDocumento=134173
30.306.294/0001-45;2024-01-01;1;BCO BTG PACTUAL S.A.;022616;FCA;138423;2024-05-29;http://www.rad.cvm.gov.br/ENETCONSULTA/frmDownloadDocumento.aspx?CodigoInstituicao=1&NumeroSequencialDocumento=138423
30.306.294/0001-45;2024-01-01;2;BCO BTG PACTUAL S.A.;022616;FCA;139613;2024-07-12;http://www.rad.cvm.gov.br/ENETCONSULTA/frmDownloadDocumento.aspx?CodigoInstituicao=1&NumeroSequencialDocumento=139613
30.306.294/0001-45;2024-01-01;3;BCO BTG PACTUAL S.A.;022616;FCA;146342;2025-04-11;http://www.rad.cvm.gov.br/ENETCONSULTA/frmDownloadDocumento.aspx?CodigoInstituicao=1&NumeroSequencialDocumento=146342
30.540.991/0001-66;2024-01-01;1;HAGA S.A. INDUSTRIA E COMERCIO;013366;FCA;134473;2024-03-06;http://www.rad.cvm.gov.br/ENETCONSULTA/frmDownloadDocumento.aspx?CodigoInstituicao=1&NumeroSequencialDocumento=134473
30.540.991/0001-66;2024-01-01;2;HAGA S.A. INDUSTRIA E COMERCIO;013366;FCA;136163;2024-05-03;http://www.rad.cvm.gov.br/ENETCONSULTA/frmDownloadDocumento.aspx?CodigoInstituicao=1&NumeroSequencialDocumento=136163
31.001.230/0001-07;2024-01-01;1;CELEO REDES TRANSMISSÃO DE ENERGIA S.A.;024597;FCA;138324;2024-05-29;http://www.rad.cvm.gov.br/ENETCONSULTA/frmDownloadDocumento.aspx?CodigoInstituicao=1&NumeroSequencialDocumento=138324
31.001.230/0001-07;2024-01-01;2;CELEO REDES TRANSMISSÃO DE ENERGIA S.A.;024597;FCA;141579;2024-09-04;http://www.rad.cvm.gov.br/ENETCONSULTA/frmDownloadDocumento.aspx?CodigoInstituicao=1&NumeroSequencialDocumento=141579
31.553.627/0001-01;2024-01-01;1;GRUPO TOKY S.A. - EM RECUPERAÇÃO JUDICIAL;025461;FCA;135564;2024-04-08;http://www.rad.cvm.gov.br/ENETCONSULTA/frmDownloadDocumento.aspx?CodigoInstituicao=1&NumeroSequencialDocumento=135564
31.553.627/0001-01;2024-01-01;2;GRUPO TOKY S.A. - EM RECUPERAÇÃO JUDICIAL;025461;FCA;142051;2024-10-04;http://www.rad.cvm.gov.br/ENETCONSULTA/frmDownloadDocumento.aspx?CodigoInstituicao=1&NumeroSequencialDocumento=142051
31.553.627/0001-01;2024-01-01;3;GRUPO TOKY S.A. - EM RECUPERAÇÃO JUDICIAL;025461;FCA;143872;2024-12-18;http://www.rad.cvm.gov.br/ENETCONSULTA/frmDownloadDocumento.aspx?CodigoInstituicao=1&NumeroSequencialDocumento=143872
31.748.174/0001-60;2024-01-01;1;VERO S.A.;026409;FCA;134218;2024-02-23;http://www.rad.cvm.gov.br/ENETCONSULTA/frmDownloadDocumento.aspx?CodigoInstituicao=1&NumeroSequencialDocumento=134218
31.748.174/0001-60;2024-01-01;2;VERO S.A.;026409;FCA;135672;2024-04-12;http://www.rad.cvm.gov.br/ENETCONSULTA/frmDownloadDocumento.aspx?CodigoInstituicao=1&NumeroSequencialDocumento=135672
31.748.174/0001-60;2024-01-01;3;VERO S.A.;026409;FCA;141574;2024-09-03;http://www.rad.cvm.gov.br/ENETCONSULTA/frmDownloadDocumento.aspx?CodigoInstituicao=1&NumeroSequencialDocumento=141574
32.021.201/0001-61;2024-01-01;1;ORIGEM ENERGIA S.A.;027227;FCA;138768;2024-05-31;http://www.rad.cvm.gov.br/ENETCONSULTA/frmDownloadDocumento.aspx?CodigoInstituicao=1&NumeroSequencialDocumento=138768
32.021.201/0001-61;2024-01-01;2;ORIGEM ENERGIA S.A.;027227;FCA;143530;2024-11-26;http://www.rad.cvm.gov.br/ENETCONSULTA/frmDownloadDocumento.aspx?CodigoInstituicao=1&NumeroSequencialDocumento=143530
32.161.500/0001-00;2024-01-01;1;CONCESSIONÁRIA DAS RODOVIAS INTEGRADAS DO SUL S.A.;025356;FCA;135911;2024-04-24;http://www.rad.cvm.gov.br/ENETCONSULTA/frmDownloadDocumento.aspx?CodigoInstituicao=1&NumeroSequencialDocumento=135911
32.161.500/0001-00;2024-01-01;2;CONCESSIONÁRIA DAS RODOVIAS INTEGRADAS DO SUL S.A.;025356;FCA;138267;2024-05-29;http://www.rad.cvm.gov.br/ENETCONSULTA/frmDownloadDocumento.aspx?CodigoInstituicao=1&NumeroSequencialDocumento=138267
32.161.500/0001-00;2024-01-01;3;CONCESSIONÁRIA DAS RODOVIAS INTEGRADAS DO SUL S.A.;025356;FCA;139878;2024-07-25;http://www.rad.cvm.gov.br/ENETCONSULTA/frmDownloadDocumento.aspx?CodigoInstituicao=1&NumeroSequencialDocumento=139878
32.431.519/0001-10;2024-01-01;1;HÉLIO VALGAS SOLAR PARTICIPAÇÕES S.A.;027332;FCA;138682;2024-05-31;http://www.rad.cvm.gov.br/ENETCONSULTA/frmDownloadDocumento.aspx?CodigoInstituicao=1&NumeroSequencialDocumento=138682
32.681.371/0001-72;2024-01-01;1;VIX LOGÍSTICA S.A.;021202;FCA;138307;2024-05-29;http://www.rad.cvm.gov.br/ENETCONSULTA/frmDownloadDocumento.aspx?CodigoInstituicao=1&NumeroSequencialDocumento=138307
32.785.497/0001-97;2024-01-01;1;NATURA &CO HOLDING S.A.;024783;FCA;138380;2024-05-29;http://www.rad.cvm.gov.br/ENETCONSULTA/frmDownloadDocumento.aspx?CodigoInstituicao=1&NumeroSequencialDocumento=138380
33.000.167/0001-01;2024-01-01;1;PETROLEO BRASILEIRO S.A. PETROBRAS;009512;FCA;135469;2024-04-03;http://www.rad.cvm.gov.br/ENETCONSULTA/frmDownloadDocumento.aspx?CodigoInstituicao=1&NumeroSequencialDocumento=135469
33.000.167/0001-01;2024-01-01;2;PETROLEO BRASILEIRO S.A. PETROBRAS;009512;FCA;137647;2024-05-17;http://www.rad.cvm.gov.br/ENETCONSULTA/frmDownloadDocumento.aspx?CodigoInstituicao=1&NumeroSequencialDocumento=137647
33.000.167/0001-01;2024-01-01;3;PETROLEO BRASILEIRO S.A. PETROBRAS;009512;FCA;139894;2024-07-25;http://www.rad.cvm.gov.br/ENETCONSULTA/frmDownloadDocumento.aspx?CodigoInstituicao=1&NumeroSequencialDocumento=139894
33.035.536/0001-00;2024-01-01;1;JOAO FORTES ENGENHARIA S.A. - EM RECUPERAÇÃO JUDICIAL;007811;FCA;134673;2024-03-13;http://www.rad.cvm.gov.br/ENETCONSULTA/frmDownloadDocumento.aspx?CodigoInstituicao=1&NumeroSequencialDocumento=134673
33.040.601/0001-87;2024-01-01;1;MERCANTIL FINANCEIRA S.A. - SOC. CRÉDITO, FINANC E INVESTIME;008540;FCA;137989;2024-05-28;http://www.rad.cvm.gov.br/ENETCONSULTA/frmDownloadDocumento.aspx?CodigoInstituicao=1&NumeroSequencialDocumento=137989
33.040.601/0001-87;2024-01-01;2;MERCANTIL FINANCEIRA S.A. - SOC. CRÉDITO, FINANC E INVESTIME;008540;FCA;139117;2024-06-14;http://www.rad.cvm.gov.br/ENETCONSULTA/frmDownloadDocumento.aspx?CodigoInstituicao=1&NumeroSequencialDocumento=139117
33.040.601/0001-87;2024-01-01;3;MERCANTIL FINANCEIRA S.A. - SOC. CRÉDITO, FINANC E INVESTIME;008540;FCA;139159;2024-06-18;http://www.rad.cvm.gov.br/ENETCONSULTA/frmDownloadDocumento.aspx?CodigoInstituicao=1&NumeroSequencialDocumento=139159
33.041.260/0652-90;2024-01-01;1;GRUPO CASAS BAHIA S.A.;006505;FCA;137871;2024-05-24;http://www.rad.cvm.gov.br/ENETCONSULTA/frmDownloadDocumento.aspx?CodigoInstituicao=1&NumeroSequencialDocumento=137871
33.042.730/0001-04;2024-01-01;1;CIA SIDERURGICA NACIONAL;004030;FCA;135225;2024-03-27;http://www.rad.cvm.gov.br/ENETCONSULTA/frmDownloadDocumento.aspx?CodigoInstituicao=1&NumeroSequencialDocumento=135225
33.050.071/0001-58;2024-01-01;1;AMPLA ENERGIA E SERVICOS S.A.;003050;FCA;135410;2024-04-01;http://www.rad.cvm.gov.br/ENETCONSULTA/frmDownloadDocumento.aspx?CodigoInstituicao=1&NumeroSequencialDocumento=135410
33.050.071/0001-58;2024-01-01;2;AMPLA ENERGIA E SERVICOS S.A.;003050;FCA;141973;2024-10-01;http://www.rad.cvm.gov.br/ENETCONSULTA/frmDownloadDocumento.aspx?CodigoInstituicao=1&NumeroSequencialDocumento=141973
33.050.071/0001-58;2024-01-01;3;AMPLA ENERGIA E SERVICOS S.A.;003050;FCA;142548;2024-11-05;http://www.rad.cvm.gov.br/ENETCONSULTA/frmDownloadDocumento.aspx?CodigoInstituicao=1&NumeroSequencialDocumento=142548
33.050.196/0001-88;2024-01-01;1;CIA PAULISTA DE FORCA E LUZ;003824;FCA;137690;2024-05-20;http://www.rad.cvm.gov.br/ENETCONSULTA/frmDownloadDocumento.aspx?CodigoInstituicao=1&NumeroSequencialDocumento=137690
33.050.196/0001-88;2024-01-01;2;CIA PAULISTA DE FORCA E LUZ;003824;FCA;140681;2024-08-09;http://www.rad.cvm.gov.br/ENETCONSULTA/frmDownloadDocumento.aspx?CodigoInstituicao=1&NumeroSequencialDocumento=140681
33.102.476/0001-92;2024-01-01;1;MONTEIRO ARANHA S.A.;008893;FCA;137942;2024-05-27;http://www.rad.cvm.gov.br/ENETCONSULTA/frmDownloadDocumento.aspx?CodigoInstituicao=1&NumeroSequencialDocumento=137942
33.113.309/0001-47;2024-01-01;1;VALID SOLUÇÕES S.A.;020028;FCA;134214;2024-02-23;http://www.rad.cvm.gov.br/ENETCONSULTA/frmDownloadDocumento.aspx?CodigoInstituicao=1&NumeroSequencialDocumento=134214
33.113.309/0001-47;2024-01-01;2;VALID SOLUÇÕES S.A.;020028;FCA;134221;2024-02-23;http://www.rad.cvm.gov.br/ENETCONSULTA/frmDownloadDocumento.aspx?CodigoInstituicao=1&NumeroSequencialDocumento=134221
33.113.309/0001-47;2024-01-01;3;VALID SOLUÇÕES S.A.;020028;FCA;140372;2024-08-02;http://www.rad.cvm.gov.br/ENETCONSULTA/frmDownloadDocumento.aspx?CodigoInstituicao=1&NumeroSequencialDocumento=140372
33.130.691/0001-05;2024-01-01;1;WILSON SONS S.A.;026247;FCA;137028;2024-05-10;http://www.rad.cvm.gov.br/ENETCONSULTA/frmDownloadDocumento.aspx?CodigoInstituicao=1&NumeroSequencialDocumento=137028
33.200.049/0001-47;2024-01-01;1;HOTEIS OTHON S.A. - EM RECUPERAÇÃO JUDICIAL;006700;FCA;138160;2024-05-29;http://www.rad.cvm.gov.br/ENETCONSULTA/frmDownloadDocumento.aspx?CodigoInstituicao=1&NumeroSequencialDocumento=138160
33.228.024/0001-51;2024-01-01;1;WLM PART. E COMÉRCIO DE MÁQUINAS E VEÍCULOS S.A.;011070;FCA;138801;2024-05-31;http://www.rad.cvm.gov.br/ENETCONSULTA/frmDownloadDocumento.aspx?CodigoInstituicao=1&NumeroSequencialDocumento=138801
33.256.439/0001-39;2024-01-01;1;ULTRAPAR PARTICIPACOES S.A.;018465;FCA;135313;2024-03-28;http://www.rad.cvm.gov.br/ENETCONSULTA/frmDownloadDocumento.aspx?CodigoInstituicao=1&NumeroSequencialDocumento=135313
33.352.394/0001-04;2024-01-01;1;CIA ESTADUAL DE ÁGUAS E ESGOTOS - CEDAE;016373;FCA;133813;2024-02-02;http://www.rad.cvm.gov.br/ENETCONSULTA/frmDownloadDocumento.aspx?CodigoInstituicao=1&NumeroSequencialDocumento=133813
33.352.394/0001-04;2024-01-01;2;CIA ESTADUAL DE ÁGUAS E ESGOTOS - CEDAE;016373;FCA;140890;2024-08-13;http://www.rad.cvm.gov.br/ENETCONSULTA/frmDownloadDocumento.aspx?CodigoInstituicao=1&NumeroSequencialDocumento=140890
33.376.989/0001-91;2024-01-01;1;IRB - BRASIL RESSEGUROS S.A.;024180;FCA;137143;2024-05-13;http://www.rad.cvm.gov.br/ENETCONSULTA/frmDownloadDocumento.aspx?CodigoInstituicao=1&NumeroSequencialDocumento=137143
33.386.210/0001-19;2024-01-01;1;SONDOTECNICA ENGENHARIA SOLOS S.A.;010880;FCA;136295;2024-05-06;http://www.rad.cvm.gov.br/ENETCONSULTA/frmDownloadDocumento.aspx?CodigoInstituicao=1&NumeroSequencialDocumento=136295
33.386.210/0001-19;2024-01-01;2;SONDOTECNICA ENGENHARIA SOLOS S.A.;010880;FCA;138493;2024-05-31;http://www.rad.cvm.gov.br/ENETCONSULTA/frmDownloadDocumento.aspx?CodigoInstituicao=1&NumeroSequencialDocumento=138493
33.412.081/0001-96;2024-01-01;1;REFINARIA DE PETROLEOS MANGUINHOS S.A.;009989;FCA;135076;2024-03-25;http://www.rad.cvm.gov.br/ENETCONSULTA/frmDownloadDocumento.aspx?CodigoInstituicao=1&NumeroSequencialDocumento=135076
33.453.598/0001-23;2024-01-01;1;RAÍZEN S.A.;025917;FCA;135725;2024-04-16;http://www.rad.cvm.gov.br/ENETCONSULTA/frmDownloadDocumento.aspx?CodigoInstituicao=1&NumeroSequencialDocumento=135725
33.453.598/0001-23;2024-01-01;2;RAÍZEN S.A.;025917;FCA;137975;2024-05-28;http://www.rad.cvm.gov.br/ENETCONSULTA/frmDownloadDocumento.aspx?CodigoInstituicao=1&NumeroSequencialDocumento=137975
33.453.598/0001-23;2024-01-01;3;RAÍZEN S.A.;025917;FCA;143247;2024-11-14;http://www.rad.cvm.gov.br/ENETCONSULTA/frmDownloadDocumento.aspx?CodigoInstituicao=1&NumeroSequencialDocumento=143247
33.467.572/0001-34;2024-01-01;1;TEKNO S.A. - INDUSTRIA E COMERCIO;011231;FCA;134895;2024-03-20;http://www.rad.cvm.gov.br/ENETCONSULTA/frmDownloadDocumento.aspx?CodigoInstituicao=1&NumeroSequencialDocumento=134895
33.467.572/0001-34;2024-01-01;2;TEKNO S.A. - INDUSTRIA E COMERCIO;011231;FCA;135889;2024-04-24;http://www.rad.cvm.gov.br/ENETCONSULTA/frmDownloadDocumento.aspx?CodigoInstituicao=1&NumeroSequencialDocumento=135889
33.467.572/0001-34;2024-01-01;3;TEKNO S.A. - INDUSTRIA E COMERCIO;011231;FCA;137718;2024-05-20;http://www.rad.cvm.gov.br/ENETCONSULTA/frmDownloadDocumento.aspx?CodigoInstituicao=1&NumeroSequencialDocumento=137718
33.541.368/0001-16;2024-01-01;1;AXIA ENERGIA NORDESTE S.A.;003328;FCA;136620;2024-05-07;http://www.rad.cvm.gov.br/ENETCONSULTA/frmDownloadDocumento.aspx?CodigoInstituicao=1&NumeroSequencialDocumento=136620
33.541.368/0001-16;2024-01-01;2;AXIA ENERGIA NORDESTE S.A.;003328;FCA;142220;2024-10-16;http://www.rad.cvm.gov.br/ENETCONSULTA/frmDownloadDocumento.aspx?CodigoInstituicao=1&NumeroSequencialDocumento=142220
33.572.408/0001-97;2024-01-01;1;RUMO MALHA CENTRAL S.A.;026484;FCA;133413;2024-01-04;http://www.rad.cvm.gov.br/ENETCONSULTA/frmDownloadDocumento.aspx?CodigoInstituicao=1&NumeroSequencialDocumento=133413
33.592.510/0001-54;2024-01-01;1;VALE S.A.;004170;FCA;137912;2024-05-24;http://www.rad.cvm.gov.br/ENETCONSULTA/frmDownloadDocumento.aspx?CodigoInstituicao=1&NumeroSequencialDocumento=137912
33.592.510/0001-54;2024-01-01;2;VALE S.A.;004170;FCA;139162;2024-06-19;http://www.rad.cvm.gov.br/ENETCONSULTA/frmDownloadDocumento.aspx?CodigoInstituicao=1&NumeroSequencialDocumento=139162
33.592.510/0001-54;2024-01-01;3;VALE S.A.;004170;FCA;141953;2024-10-01;http://www.rad.cvm.gov.br/ENETCONSULTA/frmDownloadDocumento.aspx?CodigoInstituicao=1&NumeroSequencialDocumento=141953
33.592.510/0001-54;2024-01-01;4;VALE S.A.;004170;FCA;143608;2024-12-02;http://www.rad.cvm.gov.br/ENETCONSULTA/frmDownloadDocumento.aspx?CodigoInstituicao=1&NumeroSequencialDocumento=143608
33.611.500/0001-19;2024-01-01;1;GERDAU S.A.;003980;FCA;138330;2024-05-29;http://www.rad.cvm.gov.br/ENETCONSULTA/frmDownloadDocumento.aspx?CodigoInstituicao=1&NumeroSequencialDocumento=138330
33.839.910/0001-11;2024-01-01;1;VIVARA PARTICIPAÇÕES S.A.;024805;FCA;138217;2024-05-29;http://www.rad.cvm.gov.br/ENETCONSULTA/frmDownloadDocumento.aspx?CodigoInstituicao=1&NumeroSequencialDocumento=138217
33.839.910/0001-11;2024-01-01;2;VIVARA PARTICIPAÇÕES S.A.;024805;FCA;143577;2024-11-29;http://www.rad.cvm.gov.br/ENETCONSULTA/frmDownloadDocumento.aspx?CodigoInstituicao=1&NumeroSequencialDocumento=143577
33.938.119/0001-69;2024-01-01;1;CIA DISTRIB DE GAS DO RIO DE JANEIRO-CEG;016616;FCA;139311;2024-06-28;http://www.rad.cvm.gov.br/ENETCONSULTA/frmDownloadDocumento.aspx?CodigoInstituicao=1&NumeroSequencialDocumento=139311
33.958.695/0001-78;2024-01-01;1;UNIPAR CARBOCLORO S.A.;011592;FCA;134362;2024-02-29;http://www.rad.cvm.gov.br/ENETCONSULTA/frmDownloadDocumento.aspx?CodigoInstituicao=1&NumeroSequencialDocumento=134362
33.958.695/0001-78;2024-01-01;2;UNIPAR CARBOCLORO S.A.;011592;FCA;135453;2024-04-02;http://www.rad.cvm.gov.br/ENETCONSULTA/frmDownloadDocumento.aspx?CodigoInstituicao=1&NumeroSequencialDocumento=135453
33.958.695/0001-78;2024-01-01;3;UNIPAR CARBOCLORO S.A.;011592;FCA;138680;2024-05-31;http://www.rad.cvm.gov.br/ENETCONSULTA/frmDownloadDocumento.aspx?CodigoInstituicao=1&NumeroSequencialDocumento=138680
34.169.557/0001-72;2024-01-01;1;BCO MERCANTIL DE INVESTIMENTOS S.A.;001309;FCA;137986;2024-05-28;http://www.rad.cvm.gov.br/ENETCONSULTA/frmDownloadDocumento.aspx?CodigoInstituicao=1&NumeroSequencialDocumento=137986
34.274.233/0001-02;2024-01-01;1;VIBRA ENERGIA S/A;024295;FCA;136164;2024-05-03;http://www.rad.cvm.gov.br/ENETCONSULTA/frmDownloadDocumento.aspx?CodigoInstituicao=1&NumeroSequencialDocumento=136164
35.593.905/0001-05;2024-01-01;1;CONCESSIONÁRIA ECOVIAS DO CERRADO S.A.;026581;FCA;138265;2024-05-29;http://www.rad.cvm.gov.br/ENETCONSULTA/frmDownloadDocumento.aspx?CodigoInstituicao=1&NumeroSequencialDocumento=138265
35.654.688/0001-08;2024-01-01;1;AUTOMOB PARTICIPAÇÕES S.A.;027707;FCA;141868;2024-09-24;http://www.rad.cvm.gov.br/ENETCONSULTA/frmDownloadDocumento.aspx?CodigoInstituicao=1&NumeroSequencialDocumento=141868
35.654.688/0001-08;2024-01-01;2;AUTOMOB PARTICIPAÇÕES S.A.;027707;FCA;143564;2024-11-28;http://www.rad.cvm.gov.br/ENETCONSULTA/frmDownloadDocumento.aspx?CodigoInstituicao=1&NumeroSequencialDocumento=143564
35.727.157/0001-06;2024-01-01;1;EZ INC INCORPORAÇÕES S.A.;025380;FCA;135136;2024-03-26;http://www.rad.cvm.gov.br/ENETCONSULTA/frmDownloadDocumento.aspx?CodigoInstituicao=1&NumeroSequencialDocumento=135136
35.727.157/0001-06;2024-01-01;2;EZ INC INCORPORAÇÕES S.A.;025380;FCA;143906;2024-12-19;http://www.rad.cvm.gov.br/ENETCONSULTA/frmDownloadDocumento.aspx?CodigoInstituicao=1&NumeroSequencialDocumento=143906
35.764.708/0001-01;2024-01-01;1;BRASIL TECNOLOGIA E PARTICIPAÇÕES S.A.;027499;FCA;135965;2024-04-25;http://www.rad.cvm.gov.br/ENETCONSULTA/frmDownloadDocumento.aspx?CodigoInstituicao=1&NumeroSequencialDocumento=135965
35.764.708/0001-01;2024-01-01;1;BRASIL TECNOLOGIA E PARTICIPAÇÕES S.A.;027499;FCA;134875;2024-03-19;http://www.rad.cvm.gov.br/ENETCONSULTA/frmDownloadDocumento.aspx?CodigoInstituicao=1&NumeroSequencialDocumento=134875
35.764.708/0001-01;2024-01-01;2;BRASIL TECNOLOGIA E PARTICIPAÇÕES S.A.;027499;FCA;138113;2024-05-29;http://www.rad.cvm.gov.br/ENETCONSULTA/frmDownloadDocumento.aspx?CodigoInstituicao=1&NumeroSequencialDocumento=138113
35.764.708/0001-01;2024-01-01;3;BRASIL TECNOLOGIA E PARTICIPAÇÕES S.A.;027499;FCA;141763;2024-09-17;http://www.rad.cvm.gov.br/ENETCONSULTA/frmDownloadDocumento.aspx?CodigoInstituicao=1&NumeroSequencialDocumento=141763
35.791.391/0001-94;2024-01-01;1;QUALITY SOFTWARE S.A.;023302;FCA;134997;2024-03-21;http://www.rad.cvm.gov.br/ENETCONSULTA/frmDownloadDocumento.aspx?CodigoInstituicao=1&NumeroSequencialDocumento=134997
35.791.391/0001-94;2024-01-01;2;QUALITY SOFTWARE S.A.;023302;FCA;138752;2024-05-31;http://www.rad.cvm.gov.br/ENETCONSULTA/frmDownloadDocumento.aspx?CodigoInstituicao=1&NumeroSequencialDocumento=138752
35.822.503/0001-27;2024-01-01;1;INSPIRALI EDUCAÇÃO S.A.;027251;FCA;137985;2024-05-28;http://www.rad.cvm.gov.br/ENETCONSULTA/frmDownloadDocumento.aspx?CodigoInstituicao=1&NumeroSequencialDocumento=137985
35.980.592/0001-30;2024-01-01;1;ELEA DIGITAL INFRAESTRUTURA E REDES DE TELECOMUNICAÇÕES S.A.;026948;FCA;138816;2024-05-31;http://www.rad.cvm.gov.br/ENETCONSULTA/frmDownloadDocumento.aspx?CodigoInstituicao=1&NumeroSequencialDocumento=138816
36.146.575/0001-64;2024-01-01;1;EIXO SP CONCESSIONÁRIA DE RODOVIAS S.A.;026875;FCA;138767;2024-05-31;http://www.rad.cvm.gov.br/ENETCONSULTA/frmDownloadDocumento.aspx?CodigoInstituicao=1&NumeroSequencialDocumento=138767
36.542.025/0001-64;2024-01-01;1;BRQ SOLUCOES EM INFORMATICA S.A.;023817;FCA;133732;2024-01-30;http://www.rad.cvm.gov.br/ENETCONSULTA/frmDownloadDocumento.aspx?CodigoInstituicao=1&NumeroSequencialDocumento=133732
36.542.025/0001-64;2024-01-01;2;BRQ SOLUCOES EM INFORMATICA S.A.;023817;FCA;137274;2024-05-14;http://www.rad.cvm.gov.br/ENETCONSULTA/frmDownloadDocumento.aspx?CodigoInstituicao=1&NumeroSequencialDocumento=137274
36.542.025/0001-64;2024-01-01;3;BRQ SOLUCOES EM INFORMATICA S.A.;023817;FCA;142927;2024-11-12;http://www.rad.cvm.gov.br/ENETCONSULTA/frmDownloadDocumento.aspx?CodigoInstituicao=1&NumeroSequencialDocumento=142927
36.763.716/0001-98;2024-01-01;1;CONCESSIONÁRIA CATARINENSE DE RODOVIAS S.A.;026859;FCA;135916;2024-04-24;http://www.rad.cvm.gov.br/ENETCONSULTA/frmDownloadDocumento.aspx?CodigoInstituicao=1&NumeroSequencialDocumento=135916
36.763.716/0001-98;2024-01-01;2;CONCESSIONÁRIA CATARINENSE DE RODOVIAS S.A.;026859;FCA;138240;2024-05-29;http://www.rad.cvm.gov.br/ENETCONSULTA/frmDownloadDocumento.aspx?CodigoInstituicao=1&NumeroSequencialDocumento=138240
36.763.716/0001-98;2024-01-01;3;CONCESSIONÁRIA CATARINENSE DE RODOVIAS S.A.;026859;FCA;139881;2024-07-25;http://www.rad.cvm.gov.br/ENETCONSULTA/frmDownloadDocumento.aspx?CodigoInstituicao=1&NumeroSequencialDocumento=139881
36.763.716/0001-98;2024-01-01;4;CONCESSIONÁRIA CATARINENSE DE RODOVIAS S.A.;026859;FCA;143633;2024-12-03;http://www.rad.cvm.gov.br/ENETCONSULTA/frmDownloadDocumento.aspx?CodigoInstituicao=1&NumeroSequencialDocumento=143633
37.663.076/0001-07;2024-01-01;1;AUREN PARTICIPAÇÕES S.A.;025640;FCA;138114;2024-05-29;http://www.rad.cvm.gov.br/ENETCONSULTA/frmDownloadDocumento.aspx?CodigoInstituicao=1&NumeroSequencialDocumento=138114
37.663.076/0001-07;2024-01-01;2;AUREN PARTICIPAÇÕES S.A.;025640;FCA;142475;2024-10-31;http://www.rad.cvm.gov.br/ENETCONSULTA/frmDownloadDocumento.aspx?CodigoInstituicao=1&NumeroSequencialDocumento=142475
37.663.076/0001-07;2024-01-01;3;AUREN PARTICIPAÇÕES S.A.;025640;FCA;142891;2024-11-11;http://www.rad.cvm.gov.br/ENETCONSULTA/frmDownloadDocumento.aspx?CodigoInstituicao=1&NumeroSequencialDocumento=142891
37.702.340/0001-74;2024-01-01;1;AUSTRAVIAS S.A.;026328;FCA;134132;2024-02-20;http://www.rad.cvm.gov.br/ENETCONSULTA/frmDownloadDocumento.aspx?CodigoInstituicao=1&NumeroSequencialDocumento=134132
38.042.694/0001-00;2024-01-01;1;TRAVESSIA SECURITIZADORA DE CRÉDITOS FINANCEIROS S.A.;025240;FCA;138542;2024-05-31;http://www.rad.cvm.gov.br/ENETCONSULTA/frmDownloadDocumento.aspx?CodigoInstituicao=1&NumeroSequencialDocumento=138542
38.199.406/0001-18;2024-01-01;1;RIO ALTO ENERGIAS RENOVÁVEIS S.A.;025720;FCA;133646;2024-01-19;http://www.rad.cvm.gov.br/ENETCONSULTA/frmDownloadDocumento.aspx?CodigoInstituicao=1&NumeroSequencialDocumento=133646
38.199.406/0001-18;2024-01-01;2;RIO ALTO ENERGIAS RENOVÁVEIS S.A.;025720;FCA;134187;2024-02-22;http://www.rad.cvm.gov.br/ENETCONSULTA/frmDownloadDocumento.aspx?CodigoInstituicao=1&NumeroSequencialDocumento=134187
38.199.406/0001-18;2024-01-01;3;RIO ALTO ENERGIAS RENOVÁVEIS S.A.;025720;FCA;138544;2024-05-31;http://www.rad.cvm.gov.br/ENETCONSULTA/frmDownloadDocumento.aspx?CodigoInstituicao=1&NumeroSequencialDocumento=138544
38.286.323/0001-66;2024-01-01;1;ASSURUÁ 4 E 5 HOLDING ENERGIA S.A.;027545;FCA;137645;2024-05-17;http://www.rad.cvm.gov.br/ENETCONSULTA/frmDownloadDocumento.aspx?CodigoInstituicao=1&NumeroSequencialDocumento=137645
38.286.323/0001-66;2024-01-01;2;ASSURUÁ 4 E 5 HOLDING ENERGIA S.A.;027545;FCA;139643;2024-07-15;http://www.rad.cvm.gov.br/ENETCONSULTA/frmDownloadDocumento.aspx?CodigoInstituicao=1&NumeroSequencialDocumento=139643
38.286.323/0001-66;2024-01-01;3;ASSURUÁ 4 E 5 HOLDING ENERGIA S.A.;027545;FCA;141798;2024-09-19;http://www.rad.cvm.gov.br/ENETCONSULTA/frmDownloadDocumento.aspx?CodigoInstituicao=1&NumeroSequencialDocumento=141798
38.307.135/0001-77;2024-01-01;1;G2D INVESTMENTS, LTD.;080195;FCA;137901;2024-05-24;http://www.rad.cvm.gov.br/ENETCONSULTA/frmDownloadDocumento.aspx?CodigoInstituicao=1&NumeroSequencialDocumento=137901
38.456.921/0001-36;2024-01-01;1;INFRACOMMERCE CXAAS S.A.;025747;FCA;138812;2024-05-31;http://www.rad.cvm.gov.br/ENETCONSULTA/frmDownloadDocumento.aspx?CodigoInstituicao=1&NumeroSequencialDocumento=138812
38.456.921/0001-36;2024-01-01;2;INFRACOMMERCE CXAAS S.A.;025747;FCA;142879;2024-11-11;http://www.rad.cvm.gov.br/ENETCONSULTA/frmDownloadDocumento.aspx?CodigoInstituicao=1&NumeroSequencialDocumento=142879
38.482.780/0001-26;2024-01-01;1;ANEMUS WIND HOLDING S.A.;026832;FCA;134651;2024-03-12;http://www.rad.cvm.gov.br/ENETCONSULTA/frmDownloadDocumento.aspx?CodigoInstituicao=1&NumeroSequencialDocumento=134651
38.482.780/0001-26;2024-01-01;2;ANEMUS WIND HOLDING S.A.;026832;FCA;139774;2024-07-22;http://www.rad.cvm.gov.br/ENETCONSULTA/frmDownloadDocumento.aspx?CodigoInstituicao=1&NumeroSequencialDocumento=139774
38.482.780/0001-26;2024-01-01;3;ANEMUS WIND HOLDING S.A.;026832;FCA;141463;2024-08-28;http://www.rad.cvm.gov.br/ENETCONSULTA/frmDownloadDocumento.aspx?CodigoInstituicao=1&NumeroSequencialDocumento=141463
38.482.780/0001-26;2024-01-01;4;ANEMUS WIND HOLDING S.A.;026832;FCA;142111;2024-10-09;http://www.rad.cvm.gov.br/ENETCONSULTA/frmDownloadDocumento.aspx?CodigoInstituicao=1&NumeroSequencialDocumento=142111
39.115.514/0001-28;2024-01-01;1;RUMO MALHA OESTE S.A.;017850;FCA;133602;2024-01-17;http://www.rad.cvm.gov.br/ENETCONSULTA/frmDownloadDocumento.aspx?CodigoInstituicao=1&NumeroSequencialDocumento=133602
39.346.861/0350-38;2024-01-01;1;CENCOSUD BRASIL COMERCIAL S.A.;026530;FCA;133918;2024-02-08;http://www.rad.cvm.gov.br/ENETCONSULTA/frmDownloadDocumento.aspx?CodigoInstituicao=1&NumeroSequencialDocumento=133918
39.346.861/0350-38;2024-01-01;2;CENCOSUD BRASIL COMERCIAL S.A.;026530;FCA;134031;2024-02-16;http://www.rad.cvm.gov.br/ENETCONSULTA/frmDownloadDocumento.aspx?CodigoInstituicao=1&NumeroSequencialDocumento=134031
39.346.861/0350-38;2024-01-01;3;CENCOSUD BRASIL COMERCIAL S.A.;026530;FCA;134917;2024-03-20;http://www.rad.cvm.gov.br/ENETCONSULTA/frmDownloadDocumento.aspx?CodigoInstituicao=1&NumeroSequencialDocumento=134917
39.580.673/0001-01;2024-01-01;1;BRK AMBIENTAL - REGIÃO METROPOLITANA DE MACEIÓ S.A.;026999;FCA;135650;2024-04-11;http://www.rad.cvm.gov.br/ENETCONSULTA/frmDownloadDocumento.aspx?CodigoInstituicao=1&NumeroSequencialDocumento=135650
39.580.673/0001-01;2024-01-01;2;BRK AMBIENTAL - REGIÃO METROPOLITANA DE MACEIÓ S.A.;026999;FCA;137847;2024-05-23;http://www.rad.cvm.gov.br/ENETCONSULTA/frmDownloadDocumento.aspx?CodigoInstituicao=1&NumeroSequencialDocumento=137847
39.580.673/0001-01;2024-01-01;3;BRK AMBIENTAL - REGIÃO METROPOLITANA DE MACEIÓ S.A.;026999;FCA;137947;2024-05-27;http://www.rad.cvm.gov.br/ENETCONSULTA/frmDownloadDocumento.aspx?CodigoInstituicao=1&NumeroSequencialDocumento=137947
39.881.421/0001-04;2024-01-01;1;COMPANHIA ESTADUAL DE GERAÇÃO DE ENERGIA ELÉTRICA - CEEE-G;027154;FCA;133824;2024-02-02;http://www.rad.cvm.gov.br/ENETCONSULTA/frmDownloadDocumento.aspx?CodigoInstituicao=1&NumeroSequencialDocumento=133824
40.159.947/0001-64;2024-01-01;1;HMOBI PARTICIPAÇÕES S.A.;025674;FCA;137870;2024-05-24;http://www.rad.cvm.gov.br/ENETCONSULTA/frmDownloadDocumento.aspx?CodigoInstituicao=1&NumeroSequencialDocumento=137870
40.159.947/0001-64;2024-01-01;2;HMOBI PARTICIPAÇÕES S.A.;025674;FCA;138904;2024-06-04;http://www.rad.cvm.gov.br/ENETCONSULTA/frmDownloadDocumento.aspx?CodigoInstituicao=1&NumeroSequencialDocumento=138904
40.180.943/0001-68;2024-01-01;1;REFINARIA DE MANAUS S.A.;027308;FCA;137922;2024-05-27;http://www.rad.cvm.gov.br/ENETCONSULTA/frmDownloadDocumento.aspx?CodigoInstituicao=1&NumeroSequencialDocumento=137922
40.263.170/0001-83;2024-01-01;1;SOLVI ESSENCIS AMBIENTAL S.A.;027073;FCA;138828;2024-05-31;http://www.rad.cvm.gov.br/ENETCONSULTA/frmDownloadDocumento.aspx?CodigoInstituicao=1&NumeroSequencialDocumento=138828
40.337.136/0001-06;2024-01-01;1;TERRA SANTA PROPRIEDADES AGRÍCOLAS S.A.;026000;FCA;137771;2024-05-22;http://www.rad.cvm.gov.br/ENETCONSULTA/frmDownloadDocumento.aspx?CodigoInstituicao=1&NumeroSequencialDocumento=137771
40.337.136/0001-06;2024-01-01;2;TERRA SANTA PROPRIEDADES AGRÍCOLAS S.A.;026000;FCA;140012;2024-07-30;http://www.rad.cvm.gov.br/ENETCONSULTA/frmDownloadDocumento.aspx?CodigoInstituicao=1&NumeroSequencialDocumento=140012
40.480.481/0001-02;2024-01-01;1;RIO ALTO STL HOLDING I S.A.;027006;FCA;134019;2024-02-15;http://www.rad.cvm.gov.br/ENETCONSULTA/frmDownloadDocumento.aspx?CodigoInstituicao=1&NumeroSequencialDocumento=134019
40.480.481/0001-02;2024-01-01;2;RIO ALTO STL HOLDING I S.A.;027006;FCA;138589;2024-05-31;http://www.rad.cvm.gov.br/ENETCONSULTA/frmDownloadDocumento.aspx?CodigoInstituicao=1&NumeroSequencialDocumento=138589
40.593.395/0001-06;2024-01-01;1;IFIN PARTICIPAÇÕES S.A.;026905;FCA;138687;2024-05-31;http://www.rad.cvm.gov.br/ENETCONSULTA/frmDownloadDocumento.aspx?CodigoInstituicao=1&NumeroSequencialDocumento=138687
40.997.635/0001-20;2024-01-01;1;TRV XLIII SECURITIZADORA DE CREDITOS MERCANTIS S.A.;026239;FCA;138538;2024-05-31;http://www.rad.cvm.gov.br/ENETCONSULTA/frmDownloadDocumento.aspx?CodigoInstituicao=1&NumeroSequencialDocumento=138538
41.052.420/0001-07;2024-01-01;1;SOLAR BEBIDAS S.A.;027014;FCA;138771;2024-05-31;http://www.rad.cvm.gov.br/ENETCONSULTA/frmDownloadDocumento.aspx?CodigoInstituicao=1&NumeroSequencialDocumento=138771
41.096.674/0001-19;2024-01-01;1;CANTU STORE S.A.;026646;FCA;138550;2024-05-31;http://www.rad.cvm.gov.br/ENETCONSULTA/frmDownloadDocumento.aspx?CodigoInstituicao=1&NumeroSequencialDocumento=138550
41.335.131/0001-07;2024-01-01;1;MOTTU I S.A;026344;FCA;133346;2024-01-02;http://www.rad.cvm.gov.br/ENETCONSULTA/frmDownloadDocumento.aspx?CodigoInstituicao=1&NumeroSequencialDocumento=133346
41.508.382/0001-46;2024-01-01;1;RODOVIAS DO BRASIL HOLDING S.A.;026352;FCA;134678;2024-03-13;http://www.rad.cvm.gov.br/ENETCONSULTA/frmDownloadDocumento.aspx?CodigoInstituicao=1&NumeroSequencialDocumento=134678
41.570.356/0001-48;2024-01-01;1;VRENTAL LOCAÇÃO DE MÁQUINAS E EQUIPAMENTOS S.A.;027235;FCA;138952;2024-06-06;http://www.rad.cvm.gov.br/ENETCONSULTA/frmDownloadDocumento.aspx?CodigoInstituicao=1&NumeroSequencialDocumento=138952
41.886.692/0001-02;2024-01-01;1;CONCESSIONARIA ROTA DE SANTA MARIA S.A;027294;FCA;137865;2024-05-24;http://www.rad.cvm.gov.br/ENETCONSULTA/frmDownloadDocumento.aspx?CodigoInstituicao=1&NumeroSequencialDocumento=137865
42.150.391/0001-70;2024-01-01;1;BRASKEM S.A.;004820;FCA;137723;2024-05-20;http://www.rad.cvm.gov.br/ENETCONSULTA/frmDownloadDocumento.aspx?CodigoInstituicao=1&NumeroSequencialDocumento=137723
42.150.391/0001-70;2024-01-01;2;BRASKEM S.A.;004820;FCA;143973;2024-12-23;http://www.rad.cvm.gov.br/ENETCONSULTA/frmDownloadDocumento.aspx?CodigoInstituicao=1&NumeroSequencialDocumento=143973
42.233.757/0001-75;2024-01-01;1;ALVAREZ & MARSAL INVESTIMENTOS I S.A.;026433;FCA;138531;2024-05-31;http://www.rad.cvm.gov.br/ENETCONSULTA/frmDownloadDocumento.aspx?CodigoInstituicao=1&NumeroSequencialDocumento=138531
42.278.291/0001-24;2024-01-01;1;LOG-IN LOGISTICA INTERMODAL S.A.;020710;FCA;134311;2024-02-28;http://www.rad.cvm.gov.br/ENETCONSULTA/frmDownloadDocumento.aspx?CodigoInstituicao=1&NumeroSequencialDocumento=134311
42.278.291/0001-24;2024-01-01;2;LOG-IN LOGISTICA INTERMODAL S.A.;020710;FCA;138002;2024-05-28;http://www.rad.cvm.gov.br/ENETCONSULTA/frmDownloadDocumento.aspx?CodigoInstituicao=1&NumeroSequencialDocumento=138002
42.278.473/0001-03;2024-01-01;1;WIZ CO PARTICIPAÇÕES E CORRETAGEM DE SEGUROS S.A.;023590;FCA;133778;2024-01-31;http://www.rad.cvm.gov.br/ENETCONSULTA/frmDownloadDocumento.aspx?CodigoInstituicao=1&NumeroSequencialDocumento=133778
42.292.007/0001-74;2024-01-01;1;RIO+ SANEAMENTO BL 3 S.A.;027146;FCA;138844;2024-05-31;http://www.rad.cvm.gov.br/ENETCONSULTA/frmDownloadDocumento.aspx?CodigoInstituicao=1&NumeroSequencialDocumento=138844
42.292.007/0001-74;2024-01-01;2;RIO+ SANEAMENTO BL 3 S.A.;027146;FCA;143191;2024-11-13;http://www.rad.cvm.gov.br/ENETCONSULTA/frmDownloadDocumento.aspx?CodigoInstituicao=1&NumeroSequencialDocumento=143191
42.310.775/0001-03;2024-01-01;1;ÁGUAS DO RIO 1 SPE S.A.;026735;FCA;137958;2024-05-27;http://www.rad.cvm.gov.br/ENETCONSULTA/frmDownloadDocumento.aspx?CodigoInstituicao=1&NumeroSequencialDocumento=137958
42.331.462/0001-31;2024-01-01;1;EMBPAR PARTICIPAÇÕES S/A;015458;FCA;138876;2024-06-03;http://www.rad.cvm.gov.br/ENETCONSULTA/frmDownloadDocumento.aspx?CodigoInstituicao=1&NumeroSequencialDocumento=138876
42.353.180/0001-35;2024-01-01;1;IGUÁ RIO DE JANEIRO S.A.;026727;FCA;135706;2024-04-16;http://www.rad.cvm.gov.br/ENETCONSULTA/frmDownloadDocumento.aspx?CodigoInstituicao=1&NumeroSequencialDocumento=135706
42.353.180/0001-35;2024-01-01;2;IGUÁ RIO DE JANEIRO S.A.;026727;FCA;142039;2024-10-04;http://www.rad.cvm.gov.br/ENETCONSULTA/frmDownloadDocumento.aspx?CodigoInstituicao=1&NumeroSequencialDocumento=142039
42.500.384/0001-51;2024-01-01;1;SERENA ENERGIA S.A.;026441;FCA;138176;2024-05-29;http://www.rad.cvm.gov.br/ENETCONSULTA/frmDownloadDocumento.aspx?CodigoInstituicao=1&NumeroSequencialDocumento=138176
42.500.384/0001-51;2024-01-01;2;SERENA ENERGIA S.A.;026441;FCA;141622;2024-09-06;http://www.rad.cvm.gov.br/ENETCONSULTA/frmDownloadDocumento.aspx?CodigoInstituicao=1&NumeroSequencialDocumento=141622
42.500.384/0001-51;2024-01-01;3;SERENA ENERGIA S.A.;026441;FCA;142227;2024-10-17;http://www.rad.cvm.gov.br/ENETCONSULTA/frmDownloadDocumento.aspx?CodigoInstituicao=1&NumeroSequencialDocumento=142227
42.644.220/0001-06;2024-01-01;1;ÁGUAS DO RIO 4 SPE S.A.;026743;FCA;137957;2024-05-27;http://www.rad.cvm.gov.br/ENETCONSULTA/frmDownloadDocumento.aspx?CodigoInstituicao=1&NumeroSequencialDocumento=137957
42.737.954/0001-21;2024-01-01;1;INTER & CO, INC.;080217;FCA;139244;2024-06-25;http://www.rad.cvm.gov.br/ENETCONSULTA/frmDownloadDocumento.aspx?CodigoInstituicao=1&NumeroSequencialDocumento=139244
42.771.949/0001-35;2024-01-01;1;ALLIANÇA SAÚDE E PARTICIPAÇÕES S.A.;024058;FCA;134998;2024-03-22;http://www.rad.cvm.gov.br/ENETCONSULTA/frmDownloadDocumento.aspx?CodigoInstituicao=1&NumeroSequencialDocumento=134998
42.771.949/0001-35;2024-01-01;2;ALLIANÇA SAÚDE E PARTICIPAÇÕES S.A.;024058;FCA;137943;2024-05-27;http://www.rad.cvm.gov.br/ENETCONSULTA/frmDownloadDocumento.aspx?CodigoInstituicao=1&NumeroSequencialDocumento=137943
43.283.811/0001-50;2024-01-01;1;KALUNGA S.A;025631;FCA;134079;2024-02-19;http://www.rad.cvm.gov.br/ENETCONSULTA/frmDownloadDocumento.aspx?CodigoInstituicao=1&NumeroSequencialDocumento=134079
43.335.774/0001-86;2024-01-01;1;TRAVESSIA SECURITIZADORA DE CRÉDITOS MERCANTIS VI S.A.;026824;FCA;138539;2024-05-31;http://www.rad.cvm.gov.br/ENETCONSULTA/frmDownloadDocumento.aspx?CodigoInstituicao=1&NumeroSequencialDocumento=138539
43.470.988/0001-65;2024-01-01;1;EVEN CONSTRUTORA E INCORPORADORA S.A.;020524;FCA;138288;2024-05-29;http://www.rad.cvm.gov.br/ENETCONSULTA/frmDownloadDocumento.aspx?CodigoInstituicao=1&NumeroSequencialDocumento=138288
43.513.237/0001-89;2024-01-01;1;AUTOMOB S.A.;027413;FCA;133682;2024-01-24;http://www.rad.cvm.gov.br/ENETCONSULTA/frmDownloadDocumento.aspx?CodigoInstituicao=1&NumeroSequencialDocumento=133682
43.513.237/0001-89;2024-01-01;2;AUTOMOB S.A.;027413;FCA;137705;2024-05-20;http://www.rad.cvm.gov.br/ENETCONSULTA/frmDownloadDocumento.aspx?CodigoInstituicao=1&NumeroSequencialDocumento=137705
43.514.079/0001-81;2024-01-01;1;CLI SUL S.A.;027243;FCA;138386;2024-05-29;http://www.rad.cvm.gov.br/ENETCONSULTA/frmDownloadDocumento.aspx?CodigoInstituicao=1&NumeroSequencialDocumento=138386
43.776.517/0001-80;2024-01-01;1;CIA SANEAMENTO BASICO EST SAO PAULO;014443;FCA;138432;2024-05-29;http://www.rad.cvm.gov.br/ENETCONSULTA/frmDownloadDocumento.aspx?CodigoInstituicao=1&NumeroSequencialDocumento=138432
43.776.517/0001-80;2024-01-01;2;CIA SANEAMENTO BASICO EST SAO PAULO;014443;FCA;141402;2024-08-23;http://www.rad.cvm.gov.br/ENETCONSULTA/frmDownloadDocumento.aspx?CodigoInstituicao=1&NumeroSequencialDocumento=141402
43.776.517/0001-80;2024-01-01;3;CIA SANEAMENTO BASICO EST SAO PAULO;014443;FCA;142105;2024-10-08;http://www.rad.cvm.gov.br/ENETCONSULTA/frmDownloadDocumento.aspx?CodigoInstituicao=1&NumeroSequencialDocumento=142105
43.948.405/0001-69;2024-01-01;1;LUPO S.A.;026506;FCA;138277;2024-05-29;http://www.rad.cvm.gov.br/ENETCONSULTA/frmDownloadDocumento.aspx?CodigoInstituicao=1&NumeroSequencialDocumento=138277
44.067.725/0001-72;2024-01-01;1;VIA BRASIL BR 163 CONCESSIONÁRIA DE RODOVIAS S.A.;026913;FCA;138504;2024-05-31;http://www.rad.cvm.gov.br/ENETCONSULTA/frmDownloadDocumento.aspx?CodigoInstituicao=1&NumeroSequencialDocumento=138504
44.319.688/0001-42;2024-01-01;1;CONCESSIONÁRIA DO SISTEMA RODOVIÁRIO RIO-SÃO PAULO S.A;027421;FCA;133704;2024-01-26;http://www.rad.cvm.gov.br/ENETCONSULTA/frmDownloadDocumento.aspx?CodigoInstituicao=1&NumeroSequencialDocumento=133704
44.319.688/0001-42;2024-01-01;2;CONCESSIONÁRIA DO SISTEMA RODOVIÁRIO RIO-SÃO PAULO S.A;027421;FCA;134750;2024-03-14;http://www.rad.cvm.gov.br/ENETCONSULTA/frmDownloadDocumento.aspx?CodigoInstituicao=1&NumeroSequencialDocumento=134750
44.319.688/0001-42;2024-01-01;3;CONCESSIONÁRIA DO SISTEMA RODOVIÁRIO RIO-SÃO PAULO S.A;027421;FCA;138897;2024-06-04;http://www.rad.cvm.gov.br/ENETCONSULTA/frmDownloadDocumento.aspx?CodigoInstituicao=1&NumeroSequencialDocumento=138897
44.854.238/0001-50;2024-01-01;1;PARSAN S.A.;027448;FCA;133468;2024-01-09;http://www.rad.cvm.gov.br/ENETCONSULTA/frmDownloadDocumento.aspx?CodigoInstituicao=1&NumeroSequencialDocumento=133468
44.854.238/0001-50;2024-01-01;2;PARSAN S.A.;027448;FCA;133820;2024-02-02;http://www.rad.cvm.gov.br/ENETCONSULTA/frmDownloadDocumento.aspx?CodigoInstituicao=1&NumeroSequencialDocumento=133820
44.854.238/0001-50;2024-01-01;3;PARSAN S.A.;027448;FCA;137956;2024-05-27;http://www.rad.cvm.gov.br/ENETCONSULTA/frmDownloadDocumento.aspx?CodigoInstituicao=1&NumeroSequencialDocumento=137956
45.242.914/0001-05;2024-01-01;1;C&A MODAS S.A.;024848;FCA;139278;2024-06-27;http://www.rad.cvm.gov.br/ENETCONSULTA/frmDownloadDocumento.aspx?CodigoInstituicao=1&NumeroSequencialDocumento=139278
45.365.558/0001-09;2024-01-01;1;VITTIA S.A.;025763;FCA;134972;2024-03-21;http://www.rad.cvm.gov.br/ENETCONSULTA/frmDownloadDocumento.aspx?CodigoInstituicao=1&NumeroSequencialDocumento=134972
45.453.214/0001-51;2024-01-01;1;PROFARMA DISTRIB PROD FARMACEUTICOS S.A.;020346;FCA;134623;2024-03-11;http://www.rad.cvm.gov.br/ENETCONSULTA/frmDownloadDocumento.aspx?CodigoInstituicao=1&NumeroSequencialDocumento=134623
45.453.214/0001-51;2024-01-01;2;PROFARMA DISTRIB PROD FARMACEUTICOS S.A.;020346;FCA;135463;2024-04-03;http://www.rad.cvm.gov.br/ENETCONSULTA/frmDownloadDocumento.aspx?CodigoInstituicao=1&NumeroSequencialDocumento=135463
45.456.117/0001-12;2024-01-01;1;ÁGUAS DO SERTÃO S.A.;027359;FCA;138127;2024-05-29;http://www.rad.cvm.gov.br/ENETCONSULTA/frmDownloadDocumento.aspx?CodigoInstituicao=1&NumeroSequencialDocumento=138127
45.736.131/0001-70;2024-01-01;1;UNIDAS LOCADORA S.A.;027162;FCA;133353;2024-01-02;http://www.rad.cvm.gov.br/ENETCONSULTA/frmDownloadDocumento.aspx?CodigoInstituicao=1&NumeroSequencialDocumento=133353
45.736.131/0001-70;2024-01-01;2;UNIDAS LOCADORA S.A.;027162;FCA;138556;2024-05-31;http://www.rad.cvm.gov.br/ENETCONSULTA/frmDownloadDocumento.aspx?CodigoInstituicao=1&NumeroSequencialDocumento=138556
45.987.245/0001-92;2024-01-01;1;BIOMA EDUCAÇÃO S.A.;000701;FCA;136705;2024-05-08;http://www.rad.cvm.gov.br/ENETCONSULTA/frmDownloadDocumento.aspx?CodigoInstituicao=1&NumeroSequencialDocumento=136705
46.119.855/0001-37;2024-01-01;1;SOCIEDADE ABASTECIMENTO DE ÁGUA E SANEAMENTO S.A - SANASA;016241;FCA;135012;2024-03-22;http://www.rad.cvm.gov.br/ENETCONSULTA/frmDownloadDocumento.aspx?CodigoInstituicao=1&NumeroSequencialDocumento=135012
46.119.855/0001-37;2024-01-01;2;SOCIEDADE ABASTECIMENTO DE ÁGUA E SANEAMENTO S.A - SANASA;016241;FCA;140154;2024-07-31;http://www.rad.cvm.gov.br/ENETCONSULTA/frmDownloadDocumento.aspx?CodigoInstituicao=1&NumeroSequencialDocumento=140154
46.573.272/0001-81;2024-01-01;1;PORTO SAÚDE PARTICIPAÇÕES S.A.;027618;FCA;137095;2024-05-11;http://www.rad.cvm.gov.br/ENETCONSULTA/frmDownloadDocumento.aspx?CodigoInstituicao=1&NumeroSequencialDocumento=137095
46.573.272/0001-81;2024-01-01;1;PORTO SAÚDE PARTICIPAÇÕES S.A.;027618;FCA;139737;2024-07-19;http://www.rad.cvm.gov.br/ENETCONSULTA/frmDownloadDocumento.aspx?CodigoInstituicao=1&NumeroSequencialDocumento=139737
46.573.272/0001-81;2024-01-01;2;PORTO SAÚDE PARTICIPAÇÕES S.A.;027618;FCA;141337;2024-08-20;http://www.rad.cvm.gov.br/ENETCONSULTA/frmDownloadDocumento.aspx?CodigoInstituicao=1&NumeroSequencialDocumento=141337
47.508.411/0001-56;2024-01-01;1;CIA BRASILEIRA DE DISTRIBUICAO;014826;FCA;135768;2024-04-18;http://www.rad.cvm.gov.br/ENETCONSULTA/frmDownloadDocumento.aspx?CodigoInstituicao=1&NumeroSequencialDocumento=135768
47.508.411/0001-56;2024-01-01;2;CIA BRASILEIRA DE DISTRIBUICAO;014826;FCA;138392;2024-05-29;http://www.rad.cvm.gov.br/ENETCONSULTA/frmDownloadDocumento.aspx?CodigoInstituicao=1&NumeroSequencialDocumento=138392
47.509.120/0001-82;2024-01-01;1;BRADESCO LEASING S.A. ARREND MERCANTIL;019640;FCA;133770;2024-01-31;http://www.rad.cvm.gov.br/ENETCONSULTA/frmDownloadDocumento.aspx?CodigoInstituicao=1&NumeroSequencialDocumento=133770
47.509.120/0001-82;2024-01-01;2;BRADESCO LEASING S.A. ARREND MERCANTIL;019640;FCA;136553;2024-05-07;http://www.rad.cvm.gov.br/ENETCONSULTA/frmDownloadDocumento.aspx?CodigoInstituicao=1&NumeroSequencialDocumento=136553
47.509.120/0001-82;2024-01-01;3;BRADESCO LEASING S.A. ARREND MERCANTIL;019640;FCA;137425;2024-05-15;http://www.rad.cvm.gov.br/ENETCONSULTA/frmDownloadDocumento.aspx?CodigoInstituicao=1&NumeroSequencialDocumento=137425
47.509.120/0001-82;2024-01-01;4;BRADESCO LEASING S.A. ARREND MERCANTIL;019640;FCA;141395;2024-08-23;http://www.rad.cvm.gov.br/ENETCONSULTA/frmDownloadDocumento.aspx?CodigoInstituicao=1&NumeroSequencialDocumento=141395
47.586.663/0001-01;2024-01-01;1;NOVA SOCIEDADE DE NAVEGAÇÃO S.A.;027081;FCA;138650;2024-05-31;http://www.rad.cvm.gov.br/ENETCONSULTA/frmDownloadDocumento.aspx?CodigoInstituicao=1&NumeroSequencialDocumento=138650
47.960.950/0001-21;2024-01-01;1;MAGAZINE LUIZA S.A.;022470;FCA;138760;2024-05-31;http://www.rad.cvm.gov.br/ENETCONSULTA/frmDownloadDocumento.aspx?CodigoInstituicao=1&NumeroSequencialDocumento=138760
47.960.950/0001-21;2024-01-01;2;MAGAZINE LUIZA S.A.;022470;FCA;140345;2024-08-01;http://www.rad.cvm.gov.br/ENETCONSULTA/frmDownloadDocumento.aspx?CodigoInstituicao=1&NumeroSequencialDocumento=140345
48.127.008/0001-40;2024-01-01;1;CONCESSIONÁRIA RODOVIAS DO SUL DE MINAS SPE S.A.;027596;FCA;135734;2024-04-16;http://www.rad.cvm.gov.br/ENETCONSULTA/frmDownloadDocumento.aspx?CodigoInstituicao=1&NumeroSequencialDocumento=135734
48.127.008/0001-40;2024-01-01;2;CONCESSIONÁRIA RODOVIAS DO SUL DE MINAS SPE S.A.;027596;FCA;140737;2024-08-12;http://www.rad.cvm.gov.br/ENETCONSULTA/frmDownloadDocumento.aspx?CodigoInstituicao=1&NumeroSequencialDocumento=140737
48.127.012/0001-08;2024-01-01;1;CONCESSIONÁRIA RODOVIAS DO TRIÂNGULO SPE S.A.;027537;FCA;135738;2024-04-16;http://www.rad.cvm.gov.br/ENETCONSULTA/frmDownloadDocumento.aspx?CodigoInstituicao=1&NumeroSequencialDocumento=135738
48.127.012/0001-08;2024-01-01;2;CONCESSIONÁRIA RODOVIAS DO TRIÂNGULO SPE S.A.;027537;FCA;139585;2024-07-12;http://www.rad.cvm.gov.br/ENETCONSULTA/frmDownloadDocumento.aspx?CodigoInstituicao=1&NumeroSequencialDocumento=139585
48.710.127/0001-20;2024-01-01;1;SPE NOVO NORTE AEROPORTOS S.A;027758;FCA;142229;2024-10-17;http://www.rad.cvm.gov.br/ENETCONSULTA/frmDownloadDocumento.aspx?CodigoInstituicao=1&NumeroSequencialDocumento=142229
48.851.242/0001-15;2024-01-01;1;CONCESSIONARIA DAS RODOVIAS DO LESTE MS S/A;027790;FCA;142399;2024-10-29;http://www.rad.cvm.gov.br/ENETCONSULTA/frmDownloadDocumento.aspx?CodigoInstituicao=1&NumeroSequencialDocumento=142399
49.115.815/0001-05;2024-01-01;1;JBS N.V.;080233;FCA;144006;2024-12-27;http://www.rad.cvm.gov.br/ENETCONSULTA/frmDownloadDocumento.aspx?CodigoInstituicao=1&NumeroSequencialDocumento=144006
49.263.189/0001-02;2024-01-01;1;HELBOR EMPREENDIMENTOS S.A.;020877;FCA;135366;2024-03-28;http://www.rad.cvm.gov.br/ENETCONSULTA/frmDownloadDocumento.aspx?CodigoInstituicao=1&NumeroSequencialDocumento=135366
49.314.049/0001-08;2024-01-01;1;CONCESSIONÁRIA DE RODOVIAS NOROESTE PAULISTA S.A;027464;FCA;133832;2024-02-02;http://www.rad.cvm.gov.br/ENETCONSULTA/frmDownloadDocumento.aspx?CodigoInstituicao=1&NumeroSequencialDocumento=133832
49.314.049/0001-08;2024-01-01;2;CONCESSIONÁRIA DE RODOVIAS NOROESTE PAULISTA S.A;027464;FCA;135300;2024-03-28;http://www.rad.cvm.gov.br/ENETCONSULTA/frmDownloadDocumento.aspx?CodigoInstituicao=1&NumeroSequencialDocumento=135300
49.314.049/0001-08;2024-01-01;3;CONCESSIONÁRIA DE RODOVIAS NOROESTE PAULISTA S.A;027464;FCA;141304;2024-08-19;http://www.rad.cvm.gov.br/ENETCONSULTA/frmDownloadDocumento.aspx?CodigoInstituicao=1&NumeroSequencialDocumento=141304
49.669.856/0001-43;2024-01-01;1;VESTE S.A. ESTILO;021440;FCA;138696;2024-05-31;http://www.rad.cvm.gov.br/ENETCONSULTA/frmDownloadDocumento.aspx?CodigoInstituicao=1&NumeroSequencialDocumento=138696
50.399.553/0001-37;2024-01-01;1;CONCESSIONÁRIA RODOANEL NORTE SPE S.A.;027782;FCA;142744;2024-11-07;http://www.rad.cvm.gov.br/ENETCONSULTA/frmDownloadDocumento.aspx?CodigoInstituicao=1&NumeroSequencialDocumento=142744
50.564.053/0001-03;2024-01-01;1;BOMBRIL S.A. - EM RECUPERAÇÃO JUDICIAL;012190;FCA;135009;2024-03-22;http://www.rad.cvm.gov.br/ENETCONSULTA/frmDownloadDocumento.aspx?CodigoInstituicao=1&NumeroSequencialDocumento=135009
50.746.577/0001-15;2024-01-01;1;COSAN S.A.;019836;FCA;133393;2024-01-03;http://www.rad.cvm.gov.br/ENETCONSULTA/frmDownloadDocumento.aspx?CodigoInstituicao=1&NumeroSequencialDocumento=133393
50.926.955/0001-42;2024-01-01;1;VULCABRAS S.A.;011762;FCA;134095;2024-02-19;http://www.rad.cvm.gov.br/ENETCONSULTA/frmDownloadDocumento.aspx?CodigoInstituicao=1&NumeroSequencialDocumento=134095
51.128.999/0001-90;2024-01-01;1;NUTRIPLANT INDUSTRIA E COMERCIO S.A.;021334;FCA;135830;2024-04-22;http://www.rad.cvm.gov.br/ENETCONSULTA/frmDownloadDocumento.aspx?CodigoInstituicao=1&NumeroSequencialDocumento=135830
51.136.974/0001-38;2024-01-01;1;EPR INFRAESTRUTURA PR S.A.;027715;FCA;141964;2024-10-01;http://www.rad.cvm.gov.br/ENETCONSULTA/frmDownloadDocumento.aspx?CodigoInstituicao=1&NumeroSequencialDocumento=141964
51.136.974/0001-38;2024-01-01;2;EPR INFRAESTRUTURA PR S.A.;027715;FCA;143817;2024-12-16;http://www.rad.cvm.gov.br/ENETCONSULTA/frmDownloadDocumento.aspx?CodigoInstituicao=1&NumeroSequencialDocumento=143817
51.137.031/0001-20;2024-01-01;1;EPR LITORAL PIONEIRO S.A.;027723;FCA;141962;2024-10-01;http://www.rad.cvm.gov.br/ENETCONSULTA/frmDownloadDocumento.aspx?CodigoInstituicao=1&NumeroSequencialDocumento=141962
51.137.031/0001-20;2024-01-01;2;EPR LITORAL PIONEIRO S.A.;027723;FCA;143813;2024-12-16;http://www.rad.cvm.gov.br/ENETCONSULTA/frmDownloadDocumento.aspx?CodigoInstituicao=1&NumeroSequencialDocumento=143813
51.218.147/0001-93;2024-01-01;1;IGUATEMI EMPRESA DE SHOPPING CENTERS S.A;020494;FCA;138582;2024-05-31;http://www.rad.cvm.gov.br/ENETCONSULTA/frmDownloadDocumento.aspx?CodigoInstituicao=1&NumeroSequencialDocumento=138582
51.430.503/0001-38;2024-01-01;1;PORTO SERVIÇO S.A;027600;FCA;139718;2024-07-18;http://www.rad.cvm.gov.br/ENETCONSULTA/frmDownloadDocumento.aspx?CodigoInstituicao=1&NumeroSequencialDocumento=139718
51.430.503/0001-38;2024-01-01;1;PORTO SERVIÇO S.A;027600;FCA;137094;2024-05-11;http://www.rad.cvm.gov.br/ENETCONSULTA/frmDownloadDocumento.aspx?CodigoInstituicao=1&NumeroSequencialDocumento=137094
51.430.503/0001-38;2024-01-01;2;PORTO SERVIÇO S.A;027600;FCA;141336;2024-08-20;http://www.rad.cvm.gov.br/ENETCONSULTA/frmDownloadDocumento.aspx?CodigoInstituicao=1&NumeroSequencialDocumento=141336
51.466.860/0001-56;2024-01-01;1;SAO MARTINHO S.A.;020516;FCA;138052;2024-05-28;http://www.rad.cvm.gov.br/ENETCONSULTA/frmDownloadDocumento.aspx?CodigoInstituicao=1&NumeroSequencialDocumento=138052
51.466.860/0001-56;2024-01-01;2;SAO MARTINHO S.A.;020516;FCA;139329;2024-06-28;http://www.rad.cvm.gov.br/ENETCONSULTA/frmDownloadDocumento.aspx?CodigoInstituicao=1&NumeroSequencialDocumento=139329
51.742.485/0001-20;2024-01-01;1;CONCESSIONÁRIA RODOVIAS DO CAFÉ SPE S.A.;027588;FCA;135730;2024-04-16;http://www.rad.cvm.gov.br/ENETCONSULTA/frmDownloadDocumento.aspx?CodigoInstituicao=1&NumeroSequencialDocumento=135730
51.742.485/0001-20;2024-01-01;2;CONCESSIONÁRIA RODOVIAS DO CAFÉ SPE S.A.;027588;FCA;140738;2024-08-12;http://www.rad.cvm.gov.br/ENETCONSULTA/frmDownloadDocumento.aspx?CodigoInstituicao=1&NumeroSequencialDocumento=140738
51.928.174/0001-50;2024-01-01;1;PLASCAR PARTICIPACOES INDUSTRIAIS S.A.;013471;FCA;135473;2024-04-03;http://www.rad.cvm.gov.br/ENETCONSULTA/frmDownloadDocumento.aspx?CodigoInstituicao=1&NumeroSequencialDocumento=135473
51.928.174/0001-50;2024-01-01;2;PLASCAR PARTICIPACOES INDUSTRIAIS S.A.;013471;FCA;139480;2024-07-05;http://www.rad.cvm.gov.br/ENETCONSULTA/frmDownloadDocumento.aspx?CodigoInstituicao=1&NumeroSequencialDocumento=139480
51.928.174/0001-50;2024-01-01;3;PLASCAR PARTICIPACOES INDUSTRIAIS S.A.;013471;FCA;142543;2024-11-05;http://www.rad.cvm.gov.br/ENETCONSULTA/frmDownloadDocumento.aspx?CodigoInstituicao=1&NumeroSequencialDocumento=142543
52.017.473/0001-03;2024-01-01;1;AZEVEDO & TRAVASSOS ENERGIA S.A.;027626;FCA;139053;2024-06-12;http://www.rad.cvm.gov.br/ENETCONSULTA/frmDownloadDocumento.aspx?CodigoInstituicao=1&NumeroSequencialDocumento=139053
52.017.473/0001-03;2024-01-01;2;AZEVEDO & TRAVASSOS ENERGIA S.A.;027626;FCA;141654;2024-09-09;http://www.rad.cvm.gov.br/ENETCONSULTA/frmDownloadDocumento.aspx?CodigoInstituicao=1&NumeroSequencialDocumento=141654
52.017.473/0001-03;2024-01-01;3;AZEVEDO & TRAVASSOS ENERGIA S.A.;027626;FCA;143245;2024-11-14;http://www.rad.cvm.gov.br/ENETCONSULTA/frmDownloadDocumento.aspx?CodigoInstituicao=1&NumeroSequencialDocumento=143245
52.017.473/0001-03;2024-01-01;4;AZEVEDO & TRAVASSOS ENERGIA S.A.;027626;FCA;144000;2024-12-26;http://www.rad.cvm.gov.br/ENETCONSULTA/frmDownloadDocumento.aspx?CodigoInstituicao=1&NumeroSequencialDocumento=144000
52.270.350/0001-71;2024-01-01;1;B100 S.A.;027634;FCA;139058;2024-06-12;http://www.rad.cvm.gov.br/ENETCONSULTA/frmDownloadDocumento.aspx?CodigoInstituicao=1&NumeroSequencialDocumento=139058
52.270.350/0001-71;2024-01-01;2;B100 S.A.;027634;FCA;141718;2024-09-13;http://www.rad.cvm.gov.br/ENETCONSULTA/frmDownloadDocumento.aspx?CodigoInstituicao=1&NumeroSequencialDocumento=141718
52.270.350/0001-71;2024-01-01;3;B100 S.A.;027634;FCA;142375;2024-10-28;http://www.rad.cvm.gov.br/ENETCONSULTA/frmDownloadDocumento.aspx?CodigoInstituicao=1&NumeroSequencialDocumento=142375
52.270.350/0001-71;2024-01-01;4;B100 S.A.;027634;FCA;143444;2024-11-21;http://www.rad.cvm.gov.br/ENETCONSULTA/frmDownloadDocumento.aspx?CodigoInstituicao=1&NumeroSequencialDocumento=143444
52.270.350/0001-71;2024-01-01;5;B100 S.A.;027634;FCA;143505;2024-11-25;http://www.rad.cvm.gov.br/ENETCONSULTA/frmDownloadDocumento.aspx?CodigoInstituicao=1&NumeroSequencialDocumento=143505
52.270.350/0001-71;2024-01-01;6;B100 S.A.;027634;FCA;143547;2024-11-27;http://www.rad.cvm.gov.br/ENETCONSULTA/frmDownloadDocumento.aspx?CodigoInstituicao=1&NumeroSequencialDocumento=143547
52.270.350/0001-71;2024-01-01;7;B100 S.A.;027634;FCA;143569;2024-11-28;http://www.rad.cvm.gov.br/ENETCONSULTA/frmDownloadDocumento.aspx?CodigoInstituicao=1&NumeroSequencialDocumento=143569
52.475.549/0001-36;2024-01-01;1;R/HOLDINGS S.A.;027685;FCA;139059;2024-06-12;http://www.rad.cvm.gov.br/ENETCONSULTA/frmDownloadDocumento.aspx?CodigoInstituicao=1&NumeroSequencialDocumento=139059
52.475.549/0001-36;2024-01-01;2;R/HOLDINGS S.A.;027685;FCA;142362;2024-10-28;http://www.rad.cvm.gov.br/ENETCONSULTA/frmDownloadDocumento.aspx?CodigoInstituicao=1&NumeroSequencialDocumento=142362
52.475.549/0001-36;2024-01-01;3;R/HOLDINGS S.A.;027685;FCA;143499;2024-11-25;http://www.rad.cvm.gov.br/ENETCONSULTA/frmDownloadDocumento.aspx?CodigoInstituicao=1&NumeroSequencialDocumento=143499
52.548.435/0001-79;2024-01-01;1;JSL S.A.;022020;FCA;138178;2024-05-29;http://www.rad.cvm.gov.br/ENETCONSULTA/frmDownloadDocumento.aspx?CodigoInstituicao=1&NumeroSequencialDocumento=138178
52.805.925/0001-03;2024-01-01;1;BELORA RDVC CITY DESENVOLVIMENTO IMOBILIÁRIO S.A.;027570;FCA;135551;2024-04-08;http://www.rad.cvm.gov.br/ENETCONSULTA/frmDownloadDocumento.aspx?CodigoInstituicao=1&NumeroSequencialDocumento=135551
52.805.925/0001-03;2024-01-01;2;BELORA RDVC CITY DESENVOLVIMENTO IMOBILIÁRIO S.A.;027570;FCA;139955;2024-07-29;http://www.rad.cvm.gov.br/ENETCONSULTA/frmDownloadDocumento.aspx?CodigoInstituicao=1&NumeroSequencialDocumento=139955
52.805.925/0001-03;2024-01-01;3;BELORA RDVC CITY DESENVOLVIMENTO IMOBILIÁRIO S.A.;027570;FCA;142354;2024-10-25;http://www.rad.cvm.gov.br/ENETCONSULTA/frmDownloadDocumento.aspx?CodigoInstituicao=1&NumeroSequencialDocumento=142354
52.805.925/0001-03;2024-01-01;4;BELORA RDVC CITY DESENVOLVIMENTO IMOBILIÁRIO S.A.;027570;FCA;143357;2024-11-14;http://www.rad.cvm.gov.br/ENETCONSULTA/frmDownloadDocumento.aspx?CodigoInstituicao=1&NumeroSequencialDocumento=143357
52.805.925/0001-03;2024-01-01;5;BELORA RDVC CITY DESENVOLVIMENTO IMOBILIÁRIO S.A.;027570;FCA;143549;2024-11-27;http://www.rad.cvm.gov.br/ENETCONSULTA/frmDownloadDocumento.aspx?CodigoInstituicao=1&NumeroSequencialDocumento=143549
52.805.925/0001-03;2024-01-01;6;BELORA RDVC CITY DESENVOLVIMENTO IMOBILIÁRIO S.A.;027570;FCA;143652;2024-12-04;http://www.rad.cvm.gov.br/ENETCONSULTA/frmDownloadDocumento.aspx?CodigoInstituicao=1&NumeroSequencialDocumento=143652
52.810.883/0001-07;2024-01-01;1;REVEE MCO S.A.;027561;FCA;135548;2024-04-08;http://www.rad.cvm.gov.br/ENETCONSULTA/frmDownloadDocumento.aspx?CodigoInstituicao=1&NumeroSequencialDocumento=135548
52.810.883/0001-07;2024-01-01;2;REVEE MCO S.A.;027561;FCA;139771;2024-07-22;http://www.rad.cvm.gov.br/ENETCONSULTA/frmDownloadDocumento.aspx?CodigoInstituicao=1&NumeroSequencialDocumento=139771
52.810.883/0001-07;2024-01-01;3;REVEE MCO S.A.;027561;FCA;143496;2024-11-25;http://www.rad.cvm.gov.br/ENETCONSULTA/frmDownloadDocumento.aspx?CodigoInstituicao=1&NumeroSequencialDocumento=143496
52.841.191/0001-18;2024-01-01;1;REVEE S.A.;027650;FCA;139064;2024-06-12;http://www.rad.cvm.gov.br/ENETCONSULTA/frmDownloadDocumento.aspx?CodigoInstituicao=1&NumeroSequencialDocumento=139064
52.841.191/0001-18;2024-01-01;2;REVEE S.A.;027650;FCA;141919;2024-09-27;http://www.rad.cvm.gov.br/ENETCONSULTA/frmDownloadDocumento.aspx?CodigoInstituicao=1&NumeroSequencialDocumento=141919
52.841.191/0001-18;2024-01-01;3;REVEE S.A.;027650;FCA;142429;2024-10-30;http://www.rad.cvm.gov.br/ENETCONSULTA/frmDownloadDocumento.aspx?CodigoInstituicao=1&NumeroSequencialDocumento=142429
52.841.191/0001-18;2024-01-01;4;REVEE S.A.;027650;FCA;143557;2024-11-27;http://www.rad.cvm.gov.br/ENETCONSULTA/frmDownloadDocumento.aspx?CodigoInstituicao=1&NumeroSequencialDocumento=143557
53.113.791/0001-22;2024-01-01;1;TOTVS S.A.;019992;FCA;138729;2024-05-31;http://www.rad.cvm.gov.br/ENETCONSULTA/frmDownloadDocumento.aspx?CodigoInstituicao=1&NumeroSequencialDocumento=138729
53.113.791/0001-22;2024-01-01;2;TOTVS S.A.;019992;FCA;138991;2024-06-07;http://www.rad.cvm.gov.br/ENETCONSULTA/frmDownloadDocumento.aspx?CodigoInstituicao=1&NumeroSequencialDocumento=138991
53.113.791/0001-22;2024-01-01;3;TOTVS S.A.;019992;FCA;140908;2024-08-13;http://www.rad.cvm.gov.br/ENETCONSULTA/frmDownloadDocumento.aspx?CodigoInstituicao=1&NumeroSequencialDocumento=140908
53.153.938/0001-08;2024-01-01;1;UNIÃO PET PARTICIPAÇÕES S.A.;027766;FCA;142054;2024-10-04;http://www.rad.cvm.gov.br/ENETCONSULTA/frmDownloadDocumento.aspx?CodigoInstituicao=1&NumeroSequencialDocumento=142054
56.444.250/0001-75;2024-01-01;1;HAUSCENTER SA;014850;FCA;134907;2024-03-20;http://www.rad.cvm.gov.br/ENETCONSULTA/frmDownloadDocumento.aspx?CodigoInstituicao=1&NumeroSequencialDocumento=134907
56.444.250/0001-75;2024-01-01;2;HAUSCENTER SA;014850;FCA;136221;2024-05-05;http://www.rad.cvm.gov.br/ENETCONSULTA/frmDownloadDocumento.aspx?CodigoInstituicao=1&NumeroSequencialDocumento=136221
56.444.250/0001-75;2024-01-01;3;HAUSCENTER SA;014850;FCA;138583;2024-05-31;http://www.rad.cvm.gov.br/ENETCONSULTA/frmDownloadDocumento.aspx?CodigoInstituicao=1&NumeroSequencialDocumento=138583
56.643.018/0001-66;2024-01-01;1;EUCATEX S.A. INDUSTRIA E COMERCIO;005770;FCA;133344;2024-01-02;http://www.rad.cvm.gov.br/ENETCONSULTA/frmDownloadDocumento.aspx?CodigoInstituicao=1&NumeroSequencialDocumento=133344
56.643.018/0001-66;2024-01-01;2;EUCATEX S.A. INDUSTRIA E COMERCIO;005770;FCA;133581;2024-01-16;http://www.rad.cvm.gov.br/ENETCONSULTA/frmDownloadDocumento.aspx?CodigoInstituicao=1&NumeroSequencialDocumento=133581
56.643.018/0001-66;2024-01-01;3;EUCATEX S.A. INDUSTRIA E COMERCIO;005770;FCA;133869;2024-02-06;http://www.rad.cvm.gov.br/ENETCONSULTA/frmDownloadDocumento.aspx?CodigoInstituicao=1&NumeroSequencialDocumento=133869
56.643.018/0001-66;2024-01-01;4;EUCATEX S.A. INDUSTRIA E COMERCIO;005770;FCA;134182;2024-02-22;http://www.rad.cvm.gov.br/ENETCONSULTA/frmDownloadDocumento.aspx?CodigoInstituicao=1&NumeroSequencialDocumento=134182
56.720.428/0001-63;2024-01-01;1;ROMI S.A.;007510;FCA;134596;2024-03-11;http://www.rad.cvm.gov.br/ENETCONSULTA/frmDownloadDocumento.aspx?CodigoInstituicao=1&NumeroSequencialDocumento=134596
56.720.428/0001-63;2024-01-01;2;ROMI S.A.;007510;FCA;139638;2024-07-15;http://www.rad.cvm.gov.br/ENETCONSULTA/frmDownloadDocumento.aspx?CodigoInstituicao=1&NumeroSequencialDocumento=139638
56.992.423/0001-90;2024-01-01;1;BICICLETAS MONARK S.A.;001694;FCA;135182;2024-03-27;http://www.rad.cvm.gov.br/ENETCONSULTA/frmDownloadDocumento.aspx?CodigoInstituicao=1&NumeroSequencialDocumento=135182
58.119.199/0001-51;2024-01-01;1;BRADSAÚDE S.A.;020125;FCA;137027;2024-05-10;http://www.rad.cvm.gov.br/ENETCONSULTA/frmDownloadDocumento.aspx?CodigoInstituicao=1&NumeroSequencialDocumento=137027
58.430.828/0001-60;2024-01-01;1;BLAU FARMACÊUTICA S.A.;024627;FCA;138056;2024-05-28;http://www.rad.cvm.gov.br/ENETCONSULTA/frmDownloadDocumento.aspx?CodigoInstituicao=1&NumeroSequencialDocumento=138056
59.105.999/0001-86;2024-01-01;1;WHIRLPOOL S.A.;014346;FCA;136797;2024-05-09;http://www.rad.cvm.gov.br/ENETCONSULTA/frmDownloadDocumento.aspx?CodigoInstituicao=1&NumeroSequencialDocumento=136797
59.285.411/0001-13;2024-01-01;1;BCO PAN S.A.;021199;FCA;138138;2024-05-29;http://www.rad.cvm.gov.br/ENETCONSULTA/frmDownloadDocumento.aspx?CodigoInstituicao=1&NumeroSequencialDocumento=138138
59.285.411/0001-13;2024-01-01;2;BCO PAN S.A.;021199;FCA;139189;2024-06-21;http://www.rad.cvm.gov.br/ENETCONSULTA/frmDownloadDocumento.aspx?CodigoInstituicao=1&NumeroSequencialDocumento=139189
59.285.411/0001-13;2024-01-01;3;BCO PAN S.A.;021199;FCA;148274;2025-05-26;http://www.rad.cvm.gov.br/ENETCONSULTA/frmDownloadDocumento.aspx?CodigoInstituicao=1&NumeroSequencialDocumento=148274
59.418.806/0001-47;2024-01-01;1;TRACK & FIELD CO S.A.;025208;FCA;137891;2024-05-24;http://www.rad.cvm.gov.br/ENETCONSULTA/frmDownloadDocumento.aspx?CodigoInstituicao=1&NumeroSequencialDocumento=137891
59.418.806/0001-47;2024-01-01;2;TRACK & FIELD CO S.A.;025208;FCA;141533;2024-09-02;http://www.rad.cvm.gov.br/ENETCONSULTA/frmDownloadDocumento.aspx?CodigoInstituicao=1&NumeroSequencialDocumento=141533
59.546.515/0001-34;2024-01-01;1;FISIA COMÉRCIO DE PRODUTOS ESPORTIVOS S.A.;027529;FCA;135070;2024-03-25;http://www.rad.cvm.gov.br/ENETCONSULTA/frmDownloadDocumento.aspx?CodigoInstituicao=1&NumeroSequencialDocumento=135070
59.546.515/0001-34;2024-01-01;2;FISIA COMÉRCIO DE PRODUTOS ESPORTIVOS S.A.;027529;FCA;139554;2024-07-10;http://www.rad.cvm.gov.br/ENETCONSULTA/frmDownloadDocumento.aspx?CodigoInstituicao=1&NumeroSequencialDocumento=139554
59.717.553/0001-02;2024-01-01;1;GRUPO MULTILASER S.A.;026034;FCA;133386;2024-01-03;http://www.rad.cvm.gov.br/ENETCONSULTA/frmDownloadDocumento.aspx?CodigoInstituicao=1&NumeroSequencialDocumento=133386
59.717.553/0001-02;2024-01-01;2;GRUPO MULTILASER S.A.;026034;FCA;134043;2024-02-16;http://www.rad.cvm.gov.br/ENETCONSULTA/frmDownloadDocumento.aspx?CodigoInstituicao=1&NumeroSequencialDocumento=134043
59.717.553/0001-02;2024-01-01;3;GRUPO MULTILASER S.A.;026034;FCA;135996;2024-04-26;http://www.rad.cvm.gov.br/ENETCONSULTA/frmDownloadDocumento.aspx?CodigoInstituicao=1&NumeroSequencialDocumento=135996
59.717.553/0001-02;2024-01-01;4;GRUPO MULTILASER S.A.;026034;FCA;146134;2025-04-02;http://www.rad.cvm.gov.br/ENETCONSULTA/frmDownloadDocumento.aspx?CodigoInstituicao=1&NumeroSequencialDocumento=146134
59.789.545/0001-71;2024-01-01;1;POLPAR S.A.;013447;FCA;136111;2024-05-02;http://www.rad.cvm.gov.br/ENETCONSULTA/frmDownloadDocumento.aspx?CodigoInstituicao=1&NumeroSequencialDocumento=136111
59.981.829/0001-65;2024-01-01;1;RODOBENS SA;025801;FCA;137990;2024-05-28;http://www.rad.cvm.gov.br/ENETCONSULTA/frmDownloadDocumento.aspx?CodigoInstituicao=1&NumeroSequencialDocumento=137990
60.398.369/0004-79;2024-01-01;1;PARANAPANEMA S.A. - EM RECUPERAÇÃO JUDICIAL;009393;FCA;137905;2024-05-24;http://www.rad.cvm.gov.br/ENETCONSULTA/frmDownloadDocumento.aspx?CodigoInstituicao=1&NumeroSequencialDocumento=137905
60.398.369/0004-79;2024-01-01;2;PARANAPANEMA S.A. - EM RECUPERAÇÃO JUDICIAL;009393;FCA;142630;2024-11-06;http://www.rad.cvm.gov.br/ENETCONSULTA/frmDownloadDocumento.aspx?CodigoInstituicao=1&NumeroSequencialDocumento=142630
60.444.437/0001-46;2024-01-01;1;LIGHT SERVICOS DE ELETRICIDADE S.A.;008036;FCA;133579;2024-01-16;http://www.rad.cvm.gov.br/ENETCONSULTA/frmDownloadDocumento.aspx?CodigoInstituicao=1&NumeroSequencialDocumento=133579
60.444.437/0001-46;2024-01-01;2;LIGHT SERVICOS DE ELETRICIDADE S.A.;008036;FCA;134088;2024-02-19;http://www.rad.cvm.gov.br/ENETCONSULTA/frmDownloadDocumento.aspx?CodigoInstituicao=1&NumeroSequencialDocumento=134088
60.476.884/0001-87;2024-01-01;1;MAHLE METAL LEVE S.A.;008575;FCA;134607;2024-03-11;http://www.rad.cvm.gov.br/ENETCONSULTA/frmDownloadDocumento.aspx?CodigoInstituicao=1&NumeroSequencialDocumento=134607
60.500.139/0001-26;2024-01-01;1;SARAIVA LIVREIROS S.A. - EM RECUPERAÇÃO JUDICIAL;010472;FCA;133384;2024-01-03;http://www.rad.cvm.gov.br/ENETCONSULTA/frmDownloadDocumento.aspx?CodigoInstituicao=1&NumeroSequencialDocumento=133384
60.537.263/0001-66;2024-01-01;1;ALLPARK EMPREENDIMENTOS, PARTICIPAÇÕES E SERVIÇOS S.A.;024953;FCA;137896;2024-05-24;http://www.rad.cvm.gov.br/ENETCONSULTA/frmDownloadDocumento.aspx?CodigoInstituicao=1&NumeroSequencialDocumento=137896
60.543.816/0001-93;2024-01-01;1;IGUATEMI S.A.;008672;FCA;138578;2024-05-31;http://www.rad.cvm.gov.br/ENETCONSULTA/frmDownloadDocumento.aspx?CodigoInstituicao=1&NumeroSequencialDocumento=138578
60.651.809/0001-05;2024-01-01;1;SUZANO HOLDING S.A.;009067;FCA;134956;2024-03-21;http://www.rad.cvm.gov.br/ENETCONSULTA/frmDownloadDocumento.aspx?CodigoInstituicao=1&NumeroSequencialDocumento=134956
60.651.809/0001-05;2024-01-01;2;SUZANO HOLDING S.A.;009067;FCA;136110;2024-05-02;http://www.rad.cvm.gov.br/ENETCONSULTA/frmDownloadDocumento.aspx?CodigoInstituicao=1&NumeroSequencialDocumento=136110
60.665.981/0001-18;2024-01-01;1;UNIÃO QUÍMICA FARMACÊUTICA NACIONAL S.A.;026867;FCA;138818;2024-05-31;http://www.rad.cvm.gov.br/ENETCONSULTA/frmDownloadDocumento.aspx?CodigoInstituicao=1&NumeroSequencialDocumento=138818
60.665.981/0001-18;2024-01-01;2;UNIÃO QUÍMICA FARMACÊUTICA NACIONAL S.A.;026867;FCA;139043;2024-06-11;http://www.rad.cvm.gov.br/ENETCONSULTA/frmDownloadDocumento.aspx?CodigoInstituicao=1&NumeroSequencialDocumento=139043
60.730.348/0001-66;2024-01-01;1;CIA MELHORAMENTOS DE SAO PAULO;003654;FCA;139284;2024-06-27;http://www.rad.cvm.gov.br/ENETCONSULTA/frmDownloadDocumento.aspx?CodigoInstituicao=1&NumeroSequencialDocumento=139284
60.730.348/0001-66;2024-01-01;2;CIA MELHORAMENTOS DE SAO PAULO;003654;FCA;142498;2024-11-04;http://www.rad.cvm.gov.br/ENETCONSULTA/frmDownloadDocumento.aspx?CodigoInstituicao=1&NumeroSequencialDocumento=142498
60.746.948/0001-12;2024-01-01;1;BCO BRADESCO S.A.;000906;FCA;133768;2024-01-31;http://www.rad.cvm.gov.br/ENETCONSULTA/frmDownloadDocumento.aspx?CodigoInstituicao=1&NumeroSequencialDocumento=133768
60.746.948/0001-12;2024-01-01;2;BCO BRADESCO S.A.;000906;FCA;137121;2024-05-13;http://www.rad.cvm.gov.br/ENETCONSULTA/frmDownloadDocumento.aspx?CodigoInstituicao=1&NumeroSequencialDocumento=137121
60.770.336/0001-65;2024-01-01;1;BCO ALFA DE INVESTIMENTO S.A.;001384;FCA;134417;2024-03-04;http://www.rad.cvm.gov.br/ENETCONSULTA/frmDownloadDocumento.aspx?CodigoInstituicao=1&NumeroSequencialDocumento=134417
60.840.055/0001-31;2024-01-01;1;FLEURY S.A.;021881;FCA;133782;2024-01-31;http://www.rad.cvm.gov.br/ENETCONSULTA/frmDownloadDocumento.aspx?CodigoInstituicao=1&NumeroSequencialDocumento=133782
60.851.615/0001-53;2024-01-01;1;BARDELLA S.A. INDUSTRIAS MECANICAS EM RECUPERAÇÃO JUDICIAL;001520;FCA;138359;2024-05-29;http://www.rad.cvm.gov.br/ENETCONSULTA/frmDownloadDocumento.aspx?CodigoInstituicao=1&NumeroSequencialDocumento=138359
60.872.504/0001-23;2024-01-01;1;ITAU UNIBANCO HOLDING S.A.;019348;FCA;133619;2024-01-18;http://www.rad.cvm.gov.br/ENETCONSULTA/frmDownloadDocumento.aspx?CodigoInstituicao=1&NumeroSequencialDocumento=133619
60.872.504/0001-23;2024-01-01;2;ITAU UNIBANCO HOLDING S.A.;019348;FCA;139602;2024-07-12;http://www.rad.cvm.gov.br/ENETCONSULTA/frmDownloadDocumento.aspx?CodigoInstituicao=1&NumeroSequencialDocumento=139602
60.872.504/0001-23;2024-01-01;3;ITAU UNIBANCO HOLDING S.A.;019348;FCA;141278;2024-08-16;http://www.rad.cvm.gov.br/ENETCONSULTA/frmDownloadDocumento.aspx?CodigoInstituicao=1&NumeroSequencialDocumento=141278
60.884.319/0001-59;2024-01-01;1;NORDON INDUSTRIAS METALURGICAS S.A.;009083;FCA;138889;2024-06-03;http://www.rad.cvm.gov.br/ENETCONSULTA/frmDownloadDocumento.aspx?CodigoInstituicao=1&NumeroSequencialDocumento=138889
60.884.319/0001-59;2024-01-01;2;NORDON INDUSTRIAS METALURGICAS S.A.;009083;FCA;140332;2024-08-01;http://www.rad.cvm.gov.br/ENETCONSULTA/frmDownloadDocumento.aspx?CodigoInstituicao=1&NumeroSequencialDocumento=140332
60.894.730/0001-05;2024-01-01;1;USINAS SID DE MINAS GERAIS S.A.-USIMINAS;014320;FCA;134032;2024-02-16;http://www.rad.cvm.gov.br/ENETCONSULTA/frmDownloadDocumento.aspx?CodigoInstituicao=1&NumeroSequencialDocumento=134032
60.933.603/0001-78;2024-01-01;1;CESP - CIA ENERGETICA DE SAO PAULO;002577;FCA;138257;2024-05-29;http://www.rad.cvm.gov.br/ENETCONSULTA/frmDownloadDocumento.aspx?CodigoInstituicao=1&NumeroSequencialDocumento=138257
61.022.042/0001-18;2024-01-01;1;CONSTRUTORA ADOLPHO LINDENBERG S.A.;004723;FCA;138665;2024-05-31;http://www.rad.cvm.gov.br/ENETCONSULTA/frmDownloadDocumento.aspx?CodigoInstituicao=1&NumeroSequencialDocumento=138665
61.022.042/0001-18;2024-01-01;2;CONSTRUTORA ADOLPHO LINDENBERG S.A.;004723;FCA;143383;2024-11-18;http://www.rad.cvm.gov.br/ENETCONSULTA/frmDownloadDocumento.aspx?CodigoInstituicao=1&NumeroSequencialDocumento=143383
61.065.298/0001-02;2024-01-01;1;MANGELS INDUSTRIAL S.A.;008397;FCA;134253;2024-02-26;http://www.rad.cvm.gov.br/ENETCONSULTA/frmDownloadDocumento.aspx?CodigoInstituicao=1&NumeroSequencialDocumento=134253
61.065.298/0001-02;2024-01-01;2;MANGELS INDUSTRIAL S.A.;008397;FCA;137261;2024-05-14;http://www.rad.cvm.gov.br/ENETCONSULTA/frmDownloadDocumento.aspx?CodigoInstituicao=1&NumeroSequencialDocumento=137261
61.065.751/0001-80;2024-01-01;1;ROSSI RESIDENCIAL S.A. - EM RECUPERAÇÃO JUDICIAL;016306;FCA;139299;2024-06-27;http://www.rad.cvm.gov.br/ENETCONSULTA/frmDownloadDocumento.aspx?CodigoInstituicao=1&NumeroSequencialDocumento=139299
61.065.751/0001-80;2024-01-01;2;ROSSI RESIDENCIAL S.A. - EM RECUPERAÇÃO JUDICIAL;016306;FCA;142128;2024-10-10;http://www.rad.cvm.gov.br/ENETCONSULTA/frmDownloadDocumento.aspx?CodigoInstituicao=1&NumeroSequencialDocumento=142128
61.079.117/0001-05;2024-01-01;1;ALPARGATAS S.A.;010456;FCA;138887;2024-06-03;http://www.rad.cvm.gov.br/ENETCONSULTA/frmDownloadDocumento.aspx?CodigoInstituicao=1&NumeroSequencialDocumento=138887
61.080.313/0001-91;2024-01-01;1;COBRASMA S.A.;004448;FCA;135067;2024-03-25;http://www.rad.cvm.gov.br/ENETCONSULTA/frmDownloadDocumento.aspx?CodigoInstituicao=1&NumeroSequencialDocumento=135067
61.082.004/0001-50;2024-01-01;1;MANUFATURA DE BRINQUEDOS ESTRELA S.A.;008427;FCA;138157;2024-05-29;http://www.rad.cvm.gov.br/ENETCONSULTA/frmDownloadDocumento.aspx?CodigoInstituicao=1&NumeroSequencialDocumento=138157
61.088.894/0001-08;2024-01-01;1;CAMBUCI S.A.;002100;FCA;139290;2024-06-27;http://www.rad.cvm.gov.br/ENETCONSULTA/frmDownloadDocumento.aspx?CodigoInstituicao=1&NumeroSequencialDocumento=139290
61.092.037/0001-81;2024-01-01;1;ETERNIT S.A.;005762;FCA;139402;2024-07-02;http://www.rad.cvm.gov.br/ENETCONSULTA/frmDownloadDocumento.aspx?CodigoInstituicao=1&NumeroSequencialDocumento=139402
61.092.037/0001-81;2024-01-01;2;ETERNIT S.A.;005762;FCA;141015;2024-08-14;http://www.rad.cvm.gov.br/ENETCONSULTA/frmDownloadDocumento.aspx?CodigoInstituicao=1&NumeroSequencialDocumento=141015
61.092.037/0001-81;2024-01-01;3;ETERNIT S.A.;005762;FCA;143668;2024-12-04;http://www.rad.cvm.gov.br/ENETCONSULTA/frmDownloadDocumento.aspx?CodigoInstituicao=1&NumeroSequencialDocumento=143668
61.156.113/0001-75;2024-01-01;1;IOCHPE MAXION S.A.;011932;FCA;135962;2024-04-25;http://www.rad.cvm.gov.br/ENETCONSULTA/frmDownloadDocumento.aspx?CodigoInstituicao=1&NumeroSequencialDocumento=135962
61.156.931/0001-78;2024-01-01;1;ALIPERTI S.A.;012823;FCA;137887;2024-05-24;http://www.rad.cvm.gov.br/ENETCONSULTA/frmDownloadDocumento.aspx?CodigoInstituicao=1&NumeroSequencialDocumento=137887
61.186.680/0001-74;2024-01-01;1;BANCO BMG S/A;024600;FCA;134853;2024-03-19;http://www.rad.cvm.gov.br/ENETCONSULTA/frmDownloadDocumento.aspx?CodigoInstituicao=1&NumeroSequencialDocumento=134853
61.189.288/0001-89;2024-01-01;1;MARISA LOJAS S.A.;022055;FCA;134373;2024-02-29;http://www.rad.cvm.gov.br/ENETCONSULTA/frmDownloadDocumento.aspx?CodigoInstituicao=1&NumeroSequencialDocumento=134373
61.189.288/0001-89;2024-01-01;2;MARISA LOJAS S.A.;022055;FCA;139688;2024-07-17;http://www.rad.cvm.gov.br/ENETCONSULTA/frmDownloadDocumento.aspx?CodigoInstituicao=1&NumeroSequencialDocumento=139688
61.189.288/0001-89;2024-01-01;3;MARISA LOJAS S.A.;022055;FCA;140326;2024-08-01;http://www.rad.cvm.gov.br/ENETCONSULTA/frmDownloadDocumento.aspx?CodigoInstituicao=1&NumeroSequencialDocumento=140326
61.190.096/0001-92;2024-01-01;1;EUROFARMA LABORATÓRIOS S.A.;026700;FCA;133541;2024-01-12;http://www.rad.cvm.gov.br/ENETCONSULTA/frmDownloadDocumento.aspx?CodigoInstituicao=1&NumeroSequencialDocumento=133541
61.190.096/0001-92;2024-01-01;2;EUROFARMA LABORATÓRIOS S.A.;026700;FCA;135413;2024-04-01;http://www.rad.cvm.gov.br/ENETCONSULTA/frmDownloadDocumento.aspx?CodigoInstituicao=1&NumeroSequencialDocumento=135413
61.190.096/0001-92;2024-01-01;3;EUROFARMA LABORATÓRIOS S.A.;026700;FCA;135898;2024-04-24;http://www.rad.cvm.gov.br/ENETCONSULTA/frmDownloadDocumento.aspx?CodigoInstituicao=1&NumeroSequencialDocumento=135898
61.190.096/0001-92;2024-01-01;4;EUROFARMA LABORATÓRIOS S.A.;026700;FCA;139013;2024-06-10;http://www.rad.cvm.gov.br/ENETCONSULTA/frmDownloadDocumento.aspx?CodigoInstituicao=1&NumeroSequencialDocumento=139013
61.351.532/0001-68;2024-01-01;1;AZEVEDO E TRAVASSOS S.A.;011975;FCA;138553;2024-05-31;http://www.rad.cvm.gov.br/ENETCONSULTA/frmDownloadDocumento.aspx?CodigoInstituicao=1&NumeroSequencialDocumento=138553
61.351.532/0001-68;2024-01-01;2;AZEVEDO E TRAVASSOS S.A.;011975;FCA;138908;2024-06-04;http://www.rad.cvm.gov.br/ENETCONSULTA/frmDownloadDocumento.aspx?CodigoInstituicao=1&NumeroSequencialDocumento=138908
61.374.161/0001-30;2024-01-01;1;BAUMER S.A.;001562;FCA;137602;2024-05-16;http://www.rad.cvm.gov.br/ENETCONSULTA/frmDownloadDocumento.aspx?CodigoInstituicao=1&NumeroSequencialDocumento=137602
61.409.892/0001-73;2024-01-01;1;COMPANHIA BRASILEIRA DE ALUMÍNIO;025984;FCA;137393;2024-05-15;http://www.rad.cvm.gov.br/ENETCONSULTA/frmDownloadDocumento.aspx?CodigoInstituicao=1&NumeroSequencialDocumento=137393
61.409.892/0001-73;2024-01-01;2;COMPANHIA BRASILEIRA DE ALUMÍNIO;025984;FCA;138133;2024-05-29;http://www.rad.cvm.gov.br/ENETCONSULTA/frmDownloadDocumento.aspx?CodigoInstituicao=1&NumeroSequencialDocumento=138133
61.486.650/0001-83;2024-01-01;1;DIAGNOSTICOS DA AMERICA S.A.;019623;FCA;135614;2024-04-10;http://www.rad.cvm.gov.br/ENETCONSULTA/frmDownloadDocumento.aspx?CodigoInstituicao=1&NumeroSequencialDocumento=135614
61.532.644/0001-15;2024-01-01;1;ITAÚSA S.A.;007617;FCA;138300;2024-05-29;http://www.rad.cvm.gov.br/ENETCONSULTA/frmDownloadDocumento.aspx?CodigoInstituicao=1&NumeroSequencialDocumento=138300
61.584.140/0001-49;2024-01-01;1;REDE ENERGIA PARTICIPAÇÕES S.A.;003190;FCA;138175;2024-05-29;http://www.rad.cvm.gov.br/ENETCONSULTA/frmDownloadDocumento.aspx?CodigoInstituicao=1&NumeroSequencialDocumento=138175
61.585.865/0001-51;2024-01-01;1;RAIA DROGASIL S.A.;005258;FCA;137665;2024-05-17;http://www.rad.cvm.gov.br/ENETCONSULTA/frmDownloadDocumento.aspx?CodigoInstituicao=1&NumeroSequencialDocumento=137665
61.695.227/0001-93;2024-01-01;1;ELETROPAULO METROP. ELET. SAO PAULO S.A.;014176;FCA;135411;2024-04-01;http://www.rad.cvm.gov.br/ENETCONSULTA/frmDownloadDocumento.aspx?CodigoInstituicao=1&NumeroSequencialDocumento=135411
61.695.227/0001-93;2024-01-01;2;ELETROPAULO METROP. ELET. SAO PAULO S.A.;014176;FCA;141536;2024-09-02;http://www.rad.cvm.gov.br/ENETCONSULTA/frmDownloadDocumento.aspx?CodigoInstituicao=1&NumeroSequencialDocumento=141536
61.856.571/0001-17;2024-01-01;1;CIA GAS DE SAO PAULO - COMGAS;015636;FCA;133416;2024-01-04;http://www.rad.cvm.gov.br/ENETCONSULTA/frmDownloadDocumento.aspx?CodigoInstituicao=1&NumeroSequencialDocumento=133416
61.856.571/0001-17;2024-01-01;2;CIA GAS DE SAO PAULO - COMGAS;015636;FCA;138342;2024-05-29;http://www.rad.cvm.gov.br/ENETCONSULTA/frmDownloadDocumento.aspx?CodigoInstituicao=1&NumeroSequencialDocumento=138342
61.856.571/0001-17;2024-01-01;3;CIA GAS DE SAO PAULO - COMGAS;015636;FCA;142470;2024-10-31;http://www.rad.cvm.gov.br/ENETCONSULTA/frmDownloadDocumento.aspx?CodigoInstituicao=1&NumeroSequencialDocumento=142470
62.002.886/0001-60;2024-01-01;1;SAO PAULO TURISMO S.A.;009415;FCA;136976;2024-05-10;http://www.rad.cvm.gov.br/ENETCONSULTA/frmDownloadDocumento.aspx?CodigoInstituicao=1&NumeroSequencialDocumento=136976
62.070.362/0001-06;2024-01-01;1;COMPANHIA DO METROPOLITANO DE SÃO PAULO - METRÔ;027065;FCA;137226;2024-05-14;http://www.rad.cvm.gov.br/ENETCONSULTA/frmDownloadDocumento.aspx?CodigoInstituicao=1&NumeroSequencialDocumento=137226
62.070.362/0001-06;2024-01-01;2;COMPANHIA DO METROPOLITANO DE SÃO PAULO - METRÔ;027065;FCA;138001;2024-05-28;http://www.rad.cvm.gov.br/ENETCONSULTA/frmDownloadDocumento.aspx?CodigoInstituicao=1&NumeroSequencialDocumento=138001
62.144.175/0001-20;2024-01-01;1;BCO PINE S.A;020567;FCA;139282;2024-06-27;http://www.rad.cvm.gov.br/ENETCONSULTA/frmDownloadDocumento.aspx?CodigoInstituicao=1&NumeroSequencialDocumento=139282
62.232.889/0001-90;2024-01-01;1;BCO DAYCOVAL S.A.;020796;FCA;138244;2024-05-29;http://www.rad.cvm.gov.br/ENETCONSULTA/frmDownloadDocumento.aspx?CodigoInstituicao=1&NumeroSequencialDocumento=138244
62.258.884/0001-36;2024-01-01;1;INTERCEMENT BRASIL S.A. - EM RECUPERAÇÃO JUDICIAL;025992;FCA;138195;2024-05-29;http://www.rad.cvm.gov.br/ENETCONSULTA/frmDownloadDocumento.aspx?CodigoInstituicao=1&NumeroSequencialDocumento=138195
62.258.884/0001-36;2024-01-01;2;INTERCEMENT BRASIL S.A. - EM RECUPERAÇÃO JUDICIAL;025992;FCA;141836;2024-09-23;http://www.rad.cvm.gov.br/ENETCONSULTA/frmDownloadDocumento.aspx?CodigoInstituicao=1&NumeroSequencialDocumento=141836
62.258.884/0001-36;2024-01-01;3;INTERCEMENT BRASIL S.A. - EM RECUPERAÇÃO JUDICIAL;025992;FCA;143812;2024-12-16;http://www.rad.cvm.gov.br/ENETCONSULTA/frmDownloadDocumento.aspx?CodigoInstituicao=1&NumeroSequencialDocumento=143812
62.307.848/0001-15;2024-01-01;1;BANCO RCI BRASIL S.A.;021466;FCA;134227;2024-02-23;http://www.rad.cvm.gov.br/ENETCONSULTA/frmDownloadDocumento.aspx?CodigoInstituicao=1&NumeroSequencialDocumento=134227
62.984.091/0001-02;2024-01-01;1;CRUZEIRO DO SUL EDUCACIONAL S.A.;025526;FCA;134890;2024-03-20;http://www.rad.cvm.gov.br/ENETCONSULTA/frmDownloadDocumento.aspx?CodigoInstituicao=1&NumeroSequencialDocumento=134890
62.984.091/0001-02;2024-01-01;2;CRUZEIRO DO SUL EDUCACIONAL S.A.;025526;FCA;143391;2024-11-18;http://www.rad.cvm.gov.br/ENETCONSULTA/frmDownloadDocumento.aspx?CodigoInstituicao=1&NumeroSequencialDocumento=143391
64.904.295/0001-03;2024-01-01;1;CAMIL ALIMENTOS S.A.;024228;FCA;137965;2024-05-27;http://www.rad.cvm.gov.br/ENETCONSULTA/frmDownloadDocumento.aspx?CodigoInstituicao=1&NumeroSequencialDocumento=137965
64.904.295/0001-03;2024-01-01;2;CAMIL ALIMENTOS S.A.;024228;FCA;139504;2024-07-08;http://www.rad.cvm.gov.br/ENETCONSULTA/frmDownloadDocumento.aspx?CodigoInstituicao=1&NumeroSequencialDocumento=139504
65.654.303/0001-73;2024-01-01;1;DIBENS LEASING S.A. - ARREND.MERCANTIL;014214;FCA;133622;2024-01-18;http://www.rad.cvm.gov.br/ENETCONSULTA/frmDownloadDocumento.aspx?CodigoInstituicao=1&NumeroSequencialDocumento=133622
65.654.303/0001-73;2024-01-01;2;DIBENS LEASING S.A. - ARREND.MERCANTIL;014214;FCA;139604;2024-07-12;http://www.rad.cvm.gov.br/ENETCONSULTA/frmDownloadDocumento.aspx?CodigoInstituicao=1&NumeroSequencialDocumento=139604
65.654.303/0001-73;2024-01-01;3;DIBENS LEASING S.A. - ARREND.MERCANTIL;014214;FCA;141279;2024-08-16;http://www.rad.cvm.gov.br/ENETCONSULTA/frmDownloadDocumento.aspx?CodigoInstituicao=1&NumeroSequencialDocumento=141279
67.010.660/0001-24;2024-01-01;1;RNI NEGÓCIOS IMOBILIÁRIOS S.A.;020451;FCA;137927;2024-05-27;http://www.rad.cvm.gov.br/ENETCONSULTA/frmDownloadDocumento.aspx?CodigoInstituicao=1&NumeroSequencialDocumento=137927
67.571.414/0001-41;2024-01-01;1;VIVER INCORPORADORA E CONSTRUTORA S.A.;020702;FCA;135820;2024-04-19;http://www.rad.cvm.gov.br/ENETCONSULTA/frmDownloadDocumento.aspx?CodigoInstituicao=1&NumeroSequencialDocumento=135820
67.571.414/0001-41;2024-01-01;2;VIVER INCORPORADORA E CONSTRUTORA S.A.;020702;FCA;138400;2024-05-29;http://www.rad.cvm.gov.br/ENETCONSULTA/frmDownloadDocumento.aspx?CodigoInstituicao=1&NumeroSequencialDocumento=138400
67.620.377/0001-14;2024-01-01;1;MINERVA S.A.;020931;FCA;134383;2024-03-01;http://www.rad.cvm.gov.br/ENETCONSULTA/frmDownloadDocumento.aspx?CodigoInstituicao=1&NumeroSequencialDocumento=134383
68.400.225/0001-79;2024-01-01;1;CLARANET TECHNOLOGY S.A.;026549;FCA;135657;2024-04-11;http://www.rad.cvm.gov.br/ENETCONSULTA/frmDownloadDocumento.aspx?CodigoInstituicao=1&NumeroSequencialDocumento=135657
68.400.225/0001-79;2024-01-01;2;CLARANET TECHNOLOGY S.A.;026549;FCA;138778;2024-05-31;http://www.rad.cvm.gov.br/ENETCONSULTA/frmDownloadDocumento.aspx?CodigoInstituicao=1&NumeroSequencialDocumento=138778
71.208.516/0001-74;2024-01-01;1;ALGAR TELECOM S/A;021032;FCA;133617;2024-01-18;http://www.rad.cvm.gov.br/ENETCONSULTA/frmDownloadDocumento.aspx?CodigoInstituicao=1&NumeroSequencialDocumento=133617
71.208.516/0001-74;2024-01-01;2;ALGAR TELECOM S/A;021032;FCA;138910;2024-06-04;http://www.rad.cvm.gov.br/ENETCONSULTA/frmDownloadDocumento.aspx?CodigoInstituicao=1&NumeroSequencialDocumento=138910
71.208.516/0001-74;2024-01-01;3;ALGAR TELECOM S/A;021032;FCA;140453;2024-08-06;http://www.rad.cvm.gov.br/ENETCONSULTA/frmDownloadDocumento.aspx?CodigoInstituicao=1&NumeroSequencialDocumento=140453
71.476.527/0001-35;2024-01-01;1;CONSTRUTORA TENDA S.A.;021148;FCA;135726;2024-04-16;http://www.rad.cvm.gov.br/ENETCONSULTA/frmDownloadDocumento.aspx?CodigoInstituicao=1&NumeroSequencialDocumento=135726
71.476.527/0001-35;2024-01-01;2;CONSTRUTORA TENDA S.A.;021148;FCA;142631;2024-11-06;http://www.rad.cvm.gov.br/ENETCONSULTA/frmDownloadDocumento.aspx?CodigoInstituicao=1&NumeroSequencialDocumento=142631
71.673.990/0001-77;2024-01-01;1;NATURA COSMÉTICOS S.A.;019550;FCA;138384;2024-05-29;http://www.rad.cvm.gov.br/ENETCONSULTA/frmDownloadDocumento.aspx?CodigoInstituicao=1&NumeroSequencialDocumento=138384
73.178.600/0001-18;2024-01-01;1;CYRELA BRAZIL REALTY S.A.EMPREEND E PART;014460;FCA;133923;2024-02-08;http://www.rad.cvm.gov.br/ENETCONSULTA/frmDownloadDocumento.aspx?CodigoInstituicao=1&NumeroSequencialDocumento=133923
73.178.600/0001-18;2024-01-01;2;CYRELA BRAZIL REALTY S.A.EMPREEND E PART;014460;FCA;134013;2024-02-15;http://www.rad.cvm.gov.br/ENETCONSULTA/frmDownloadDocumento.aspx?CodigoInstituicao=1&NumeroSequencialDocumento=134013
73.903.718/0001-61;2024-01-01;1;SNB PARTICIPACOES SA;014303;FCA;133377;2024-01-03;http://www.rad.cvm.gov.br/ENETCONSULTA/frmDownloadDocumento.aspx?CodigoInstituicao=1&NumeroSequencialDocumento=133377
75.315.333/0001-09;2024-01-01;1;ATACADÃO S.A.;024171;FCA;138350;2024-05-29;http://www.rad.cvm.gov.br/ENETCONSULTA/frmDownloadDocumento.aspx?CodigoInstituicao=1&NumeroSequencialDocumento=138350
75.315.333/0001-09;2024-01-01;2;ATACADÃO S.A.;024171;FCA;140695;2024-08-09;http://www.rad.cvm.gov.br/ENETCONSULTA/frmDownloadDocumento.aspx?CodigoInstituicao=1&NumeroSequencialDocumento=140695
75.609.123/0001-23;2024-01-01;1;UNIDAS LOCAÇÕES E SERVIÇOS S.A.;023280;FCA;138499;2024-05-31;http://www.rad.cvm.gov.br/ENETCONSULTA/frmDownloadDocumento.aspx?CodigoInstituicao=1&NumeroSequencialDocumento=138499
76.483.817/0001-20;2024-01-01;1;CIA PARANAENSE DE ENERGIA - COPEL;014311;FCA;133658;2024-01-22;http://www.rad.cvm.gov.br/ENETCONSULTA/frmDownloadDocumento.aspx?CodigoInstituicao=1&NumeroSequencialDocumento=133658
76.483.817/0001-20;2024-01-01;2;CIA PARANAENSE DE ENERGIA - COPEL;014311;FCA;133815;2024-02-02;http://www.rad.cvm.gov.br/ENETCONSULTA/frmDownloadDocumento.aspx?CodigoInstituicao=1&NumeroSequencialDocumento=133815
76.483.817/0001-20;2024-01-01;3;CIA PARANAENSE DE ENERGIA - COPEL;014311;FCA;134781;2024-03-15;http://www.rad.cvm.gov.br/ENETCONSULTA/frmDownloadDocumento.aspx?CodigoInstituicao=1&NumeroSequencialDocumento=134781
76.483.817/0001-20;2024-01-01;4;CIA PARANAENSE DE ENERGIA - COPEL;014311;FCA;139349;2024-07-01;http://www.rad.cvm.gov.br/ENETCONSULTA/frmDownloadDocumento.aspx?CodigoInstituicao=1&NumeroSequencialDocumento=139349
76.484.013/0001-45;2024-01-01;1;CIA SANEAMENTO DO PARANA - SANEPAR;018627;FCA;134024;2024-02-15;http://www.rad.cvm.gov.br/ENETCONSULTA/frmDownloadDocumento.aspx?CodigoInstituicao=1&NumeroSequencialDocumento=134024
76.535.764/0001-43;2024-01-01;1;OI S.A. - EM RECUPERAÇÃO JUDICIAL;011312;FCA;134004;2024-02-14;http://www.rad.cvm.gov.br/ENETCONSULTA/frmDownloadDocumento.aspx?CodigoInstituicao=1&NumeroSequencialDocumento=134004
76.535.764/0001-43;2024-01-01;2;OI S.A. - EM RECUPERAÇÃO JUDICIAL;011312;FCA;134005;2024-02-14;http://www.rad.cvm.gov.br/ENETCONSULTA/frmDownloadDocumento.aspx?CodigoInstituicao=1&NumeroSequencialDocumento=134005
76.627.504/0001-06;2024-01-01;1;INEPAR S.A. INDUSTRIA E CONSTRUCOES EM RECUPERACAO JUDICIAL;007595;FCA;137888;2024-05-24;http://www.rad.cvm.gov.br/ENETCONSULTA/frmDownloadDocumento.aspx?CodigoInstituicao=1&NumeroSequencialDocumento=137888
76.627.504/0001-06;2024-01-01;2;INEPAR S.A. INDUSTRIA E CONSTRUCOES EM RECUPERACAO JUDICIAL;007595;FCA;142590;2024-11-06;http://www.rad.cvm.gov.br/ENETCONSULTA/frmDownloadDocumento.aspx?CodigoInstituicao=1&NumeroSequencialDocumento=142590
76.627.504/0001-06;2024-01-01;3;INEPAR S.A. INDUSTRIA E CONSTRUCOES EM RECUPERACAO JUDICIAL;007595;FCA;142673;2024-11-07;http://www.rad.cvm.gov.br/ENETCONSULTA/frmDownloadDocumento.aspx?CodigoInstituicao=1&NumeroSequencialDocumento=142673
79.430.682/0001-22;2024-01-01;1;FARMÁCIA E DROGARIA NISSEI S.A.;025429;FCA;138116;2024-05-29;http://www.rad.cvm.gov.br/ENETCONSULTA/frmDownloadDocumento.aspx?CodigoInstituicao=1&NumeroSequencialDocumento=138116
80.680.093/0001-81;2024-01-01;1;SENIOR SISTEMAS S.A.;026786;FCA;138850;2024-05-31;http://www.rad.cvm.gov.br/ENETCONSULTA/frmDownloadDocumento.aspx?CodigoInstituicao=1&NumeroSequencialDocumento=138850
81.106.957/0001-19;2024-01-01;1;DESCARBONIZE SOLUÇÕES S.A.;027278;FCA;135405;2024-04-01;http://www.rad.cvm.gov.br/ENETCONSULTA/frmDownloadDocumento.aspx?CodigoInstituicao=1&NumeroSequencialDocumento=135405
81.243.735/0001-48;2024-01-01;1;POSITIVO TECNOLOGIA S.A.;020362;FCA;134179;2024-02-22;http://www.rad.cvm.gov.br/ENETCONSULTA/frmDownloadDocumento.aspx?CodigoInstituicao=1&NumeroSequencialDocumento=134179
81.616.807/0001-55;2024-01-01;1;GRANJA FARIA S.A.;027219;FCA;137714;2024-05-20;http://www.rad.cvm.gov.br/ENETCONSULTA/frmDownloadDocumento.aspx?CodigoInstituicao=1&NumeroSequencialDocumento=137714
82.120.676/0001-83;2024-01-01;1;ALMEIDA JUNIOR SHOPPING CENTERS S.A.;026395;FCA;133376;2024-01-03;http://www.rad.cvm.gov.br/ENETCONSULTA/frmDownloadDocumento.aspx?CodigoInstituicao=1&NumeroSequencialDocumento=133376
82.120.676/0001-83;2024-01-01;2;ALMEIDA JUNIOR SHOPPING CENTERS S.A.;026395;FCA;140753;2024-08-12;http://www.rad.cvm.gov.br/ENETCONSULTA/frmDownloadDocumento.aspx?CodigoInstituicao=1&NumeroSequencialDocumento=140753
82.508.433/0001-17;2024-01-01;1;CIA CATARINENSE DE AGUAS E SANEAM.-CASAN;016861;FCA;133812;2024-02-02;http://www.rad.cvm.gov.br/ENETCONSULTA/frmDownloadDocumento.aspx?CodigoInstituicao=1&NumeroSequencialDocumento=133812
82.636.986/0001-55;2024-01-01;1;TEKA-TECELAGEM KUEHNRICH S.A. - EM RECUPERAÇÃO JUDICIAL;011223;FCA;138196;2024-05-29;http://www.rad.cvm.gov.br/ENETCONSULTA/frmDownloadDocumento.aspx?CodigoInstituicao=1&NumeroSequencialDocumento=138196
82.636.986/0001-55;2024-01-01;2;TEKA-TECELAGEM KUEHNRICH S.A. - EM RECUPERAÇÃO JUDICIAL;011223;FCA;139621;2024-07-15;http://www.rad.cvm.gov.br/ENETCONSULTA/frmDownloadDocumento.aspx?CodigoInstituicao=1&NumeroSequencialDocumento=139621
82.640.558/0001-04;2024-01-01;1;KARSTEN S.A.;004146;FCA;138098;2024-05-29;http://www.rad.cvm.gov.br/ENETCONSULTA/frmDownloadDocumento.aspx?CodigoInstituicao=1&NumeroSequencialDocumento=138098
82.643.537/0001-34;2024-01-01;1;ELECTRO ACO ALTONA S.A.;005380;FCA;137998;2024-05-28;http://www.rad.cvm.gov.br/ENETCONSULTA/frmDownloadDocumento.aspx?CodigoInstituicao=1&NumeroSequencialDocumento=137998
82.901.000/0001-27;2024-01-01;1;INTELBRAS S.A. IND. DE TELECOMUNICAÇÃO ELETRÔNICA BRASILEIRA;025453;FCA;136978;2024-05-10;http://www.rad.cvm.gov.br/ENETCONSULTA/frmDownloadDocumento.aspx?CodigoInstituicao=1&NumeroSequencialDocumento=136978
82.981.929/0001-03;2024-01-01;1;CIA INDUSTRIAL SCHLOSSER S.A.;003549;FCA;134021;2024-02-15;http://www.rad.cvm.gov.br/ENETCONSULTA/frmDownloadDocumento.aspx?CodigoInstituicao=1&NumeroSequencialDocumento=134021
82.982.075/0001-80;2024-01-01;1;TEXTIL RENAUXVIEW S.A.;007544;FCA;139210;2024-06-24;http://www.rad.cvm.gov.br/ENETCONSULTA/frmDownloadDocumento.aspx?CodigoInstituicao=1&NumeroSequencialDocumento=139210
83.296.889/0001-23;2024-01-01;1;MASSA FALIDA DA SA IND E COMERCIO CHAPECO;010243;FCA;133969;2024-02-09;http://www.rad.cvm.gov.br/ENETCONSULTA/frmDownloadDocumento.aspx?CodigoInstituicao=1&NumeroSequencialDocumento=133969
83.475.913/0001-91;2024-01-01;1;PBG S/A;013773;FCA;136517;2024-05-06;http://www.rad.cvm.gov.br/ENETCONSULTA/frmDownloadDocumento.aspx?CodigoInstituicao=1&NumeroSequencialDocumento=136517
83.878.892/0001-55;2024-01-01;1;CENTRAIS ELET DE SANTA CATARINA S.A.;002461;FCA;138462;2024-05-31;http://www.rad.cvm.gov.br/ENETCONSULTA/frmDownloadDocumento.aspx?CodigoInstituicao=1&NumeroSequencialDocumento=138462
84.429.695/0001-11;2024-01-01;1;WEG S.A.;005410;FCA;138453;2024-05-31;http://www.rad.cvm.gov.br/ENETCONSULTA/frmDownloadDocumento.aspx?CodigoInstituicao=1&NumeroSequencialDocumento=138453
84.683.374/0001-49;2024-01-01;1;TUPY S.A.;006343;FCA;137898;2024-05-24;http://www.rad.cvm.gov.br/ENETCONSULTA/frmDownloadDocumento.aspx?CodigoInstituicao=1&NumeroSequencialDocumento=137898
84.683.408/0001-03;2024-01-01;1;DOHLER S.A.;005207;FCA;135664;2024-04-12;http://www.rad.cvm.gov.br/ENETCONSULTA/frmDownloadDocumento.aspx?CodigoInstituicao=1&NumeroSequencialDocumento=135664
84.683.408/0001-03;2024-01-01;2;DOHLER S.A.;005207;FCA;135851;2024-04-23;http://www.rad.cvm.gov.br/ENETCONSULTA/frmDownloadDocumento.aspx?CodigoInstituicao=1&NumeroSequencialDocumento=135851
84.683.671/0001-94;2024-01-01;1;WETZEL S.A.;011991;FCA;138259;2024-05-29;http://www.rad.cvm.gov.br/ENETCONSULTA/frmDownloadDocumento.aspx?CodigoInstituicao=1&NumeroSequencialDocumento=138259
84.684.455/0001-63;2024-01-01;1;TIGRE S.A. PARTICIPAÇÕES;026255;FCA;137677;2024-05-20;http://www.rad.cvm.gov.br/ENETCONSULTA/frmDownloadDocumento.aspx?CodigoInstituicao=1&NumeroSequencialDocumento=137677
84.693.183/0001-68;2024-01-01;1;SCHULZ S.A.;014664;FCA;134953;2024-03-21;http://www.rad.cvm.gov.br/ENETCONSULTA/frmDownloadDocumento.aspx?CodigoInstituicao=1&NumeroSequencialDocumento=134953
85.041.333/0001-11;2024-01-01;1;PORTO PONTA DO FELIX S/A;015407;FCA;138551;2024-05-31;http://www.rad.cvm.gov.br/ENETCONSULTA/frmDownloadDocumento.aspx?CodigoInstituicao=1&NumeroSequencialDocumento=138551
85.778.074/0001-06;2024-01-01;1;METALURGICA RIOSULENSE S.A.;013439;FCA;134454;2024-03-05;http://www.rad.cvm.gov.br/ENETCONSULTA/frmDownloadDocumento.aspx?CodigoInstituicao=1&NumeroSequencialDocumento=134454
86.375.425/0001-09;2024-01-01;1;METISA METALURGICA TIMBOENSE S.A.;008753;FCA;134789;2024-03-15;http://www.rad.cvm.gov.br/ENETCONSULTA/frmDownloadDocumento.aspx?CodigoInstituicao=1&NumeroSequencialDocumento=134789
86.550.951/0001-50;2024-01-01;1;POMIFRUTAS S/A EM RECUPERACAO JUDICIAL;019658;FCA;137639;2024-05-16;http://www.rad.cvm.gov.br/ENETCONSULTA/frmDownloadDocumento.aspx?CodigoInstituicao=1&NumeroSequencialDocumento=137639
87.043.832/0001-73;2024-01-01;1;SEIVA S.A. - FLORESTAS E INDÚSTRIAS;010561;FCA;138336;2024-05-29;http://www.rad.cvm.gov.br/ENETCONSULTA/frmDownloadDocumento.aspx?CodigoInstituicao=1&NumeroSequencialDocumento=138336
87.456.562/0001-22;2024-01-01;1;JOSAPAR-JOAQUIM OLIVEIRA S.A. - PARTICIP;013285;FCA;138651;2024-05-31;http://www.rad.cvm.gov.br/ENETCONSULTA/frmDownloadDocumento.aspx?CodigoInstituicao=1&NumeroSequencialDocumento=138651
87.762.563/0001-03;2024-01-01;1;CIA HABITASUL DE PARTICIPACOES;003298;FCA;136996;2024-05-10;http://www.rad.cvm.gov.br/ENETCONSULTA/frmDownloadDocumento.aspx?CodigoInstituicao=1&NumeroSequencialDocumento=136996
87.870.952/0001-44;2024-01-01;1;BORRACHAS VIPAL S.A.;026980;FCA;139203;2024-06-21;http://www.rad.cvm.gov.br/ENETCONSULTA/frmDownloadDocumento.aspx?CodigoInstituicao=1&NumeroSequencialDocumento=139203
88.610.126/0001-29;2024-01-01;1;FRASLE MOBILITY S.A.;006211;FCA;134892;2024-03-20;http://www.rad.cvm.gov.br/ENETCONSULTA/frmDownloadDocumento.aspx?CodigoInstituicao=1&NumeroSequencialDocumento=134892
88.610.191/0001-54;2024-01-01;1;MUNDIAL S.A. - PRODUTOS DE CONSUMO;005312;FCA;134722;2024-03-13;http://www.rad.cvm.gov.br/ENETCONSULTA/frmDownloadDocumento.aspx?CodigoInstituicao=1&NumeroSequencialDocumento=134722
88.610.191/0001-54;2024-01-01;2;MUNDIAL S.A. - PRODUTOS DE CONSUMO;005312;FCA;136921;2024-05-09;http://www.rad.cvm.gov.br/ENETCONSULTA/frmDownloadDocumento.aspx?CodigoInstituicao=1&NumeroSequencialDocumento=136921
88.611.835/0001-29;2024-01-01;1;MARCOPOLO S.A.;008451;FCA;133631;2024-01-19;http://www.rad.cvm.gov.br/ENETCONSULTA/frmDownloadDocumento.aspx?CodigoInstituicao=1&NumeroSequencialDocumento=133631
88.611.835/0001-29;2024-01-01;2;MARCOPOLO S.A.;008451;FCA;133632;2024-01-19;http://www.rad.cvm.gov.br/ENETCONSULTA/frmDownloadDocumento.aspx?CodigoInstituicao=1&NumeroSequencialDocumento=133632
88.613.658/0001-10;2024-01-01;1;PETTENATI S.A. INDUSTRIA TEXTIL;009539;FCA;137685;2024-05-20;http://www.rad.cvm.gov.br/ENETCONSULTA/frmDownloadDocumento.aspx?CodigoInstituicao=1&NumeroSequencialDocumento=137685
89.086.144/0001-16;2024-01-01;1;RANDONCORP S.A.;014109;FCA;134799;2024-03-15;http://www.rad.cvm.gov.br/ENETCONSULTA/frmDownloadDocumento.aspx?CodigoInstituicao=1&NumeroSequencialDocumento=134799
89.096.457/0001-55;2024-01-01;1;SLC AGRICOLA S.A.;020745;FCA;138467;2024-05-31;http://www.rad.cvm.gov.br/ENETCONSULTA/frmDownloadDocumento.aspx?CodigoInstituicao=1&NumeroSequencialDocumento=138467
89.463.822/0001-12;2024-01-01;1;LUPATECH S.A;020060;FCA;138290;2024-05-29;http://www.rad.cvm.gov.br/ENETCONSULTA/frmDownloadDocumento.aspx?CodigoInstituicao=1&NumeroSequencialDocumento=138290
89.463.822/0001-12;2024-01-01;2;LUPATECH S.A;020060;FCA;141299;2024-08-19;http://www.rad.cvm.gov.br/ENETCONSULTA/frmDownloadDocumento.aspx?CodigoInstituicao=1&NumeroSequencialDocumento=141299
89.463.822/0001-12;2024-01-01;3;LUPATECH S.A;020060;FCA;143253;2024-11-14;http://www.rad.cvm.gov.br/ENETCONSULTA/frmDownloadDocumento.aspx?CodigoInstituicao=1&NumeroSequencialDocumento=143253
89.637.490/0001-45;2024-01-01;1;KLABIN S.A.;012653;FCA;139283;2024-06-27;http://www.rad.cvm.gov.br/ENETCONSULTA/frmDownloadDocumento.aspx?CodigoInstituicao=1&NumeroSequencialDocumento=139283
89.850.341/0001-60;2024-01-01;1;GRENDENE S.A.;019615;FCA;133422;2024-01-05;http://www.rad.cvm.gov.br/ENETCONSULTA/frmDownloadDocumento.aspx?CodigoInstituicao=1&NumeroSequencialDocumento=133422
89.850.341/0001-60;2024-01-01;2;GRENDENE S.A.;019615;FCA;137731;2024-05-21;http://www.rad.cvm.gov.br/ENETCONSULTA/frmDownloadDocumento.aspx?CodigoInstituicao=1&NumeroSequencialDocumento=137731
90.076.886/0001-40;2024-01-01;1;MINUPAR PARTICIPACOES S.A.;013765;FCA;138810;2024-05-31;http://www.rad.cvm.gov.br/ENETCONSULTA/frmDownloadDocumento.aspx?CodigoInstituicao=1&NumeroSequencialDocumento=138810
90.400.888/0001-42;2024-01-01;1;BCO SANTANDER (BRASIL) S.A.;020532;FCA;138407;2024-05-29;http://www.rad.cvm.gov.br/ENETCONSULTA/frmDownloadDocumento.aspx?CodigoInstituicao=1&NumeroSequencialDocumento=138407
90.400.888/0001-42;2024-01-01;2;BCO SANTANDER (BRASIL) S.A.;020532;FCA;143412;2024-11-19;http://www.rad.cvm.gov.br/ENETCONSULTA/frmDownloadDocumento.aspx?CodigoInstituicao=1&NumeroSequencialDocumento=143412
90.441.460/0001-48;2024-01-01;1;UNICASA INDÚSTRIA DE MÓVEIS S.A.;022780;FCA;135128;2024-03-26;http://www.rad.cvm.gov.br/ENETCONSULTA/frmDownloadDocumento.aspx?CodigoInstituicao=1&NumeroSequencialDocumento=135128
91.333.666/0001-17;2024-01-01;1;RECRUSUL S.A.;012572;FCA;137606;2024-05-16;http://www.rad.cvm.gov.br/ENETCONSULTA/frmDownloadDocumento.aspx?CodigoInstituicao=1&NumeroSequencialDocumento=137606
91.669.747/0001-92;2024-01-01;1;DM FINANCEIRA S.A. - CRÉDITO, FINANCIAMENTO E INVESTIMENTO;006076;FCA;134735;2024-03-14;http://www.rad.cvm.gov.br/ENETCONSULTA/frmDownloadDocumento.aspx?CodigoInstituicao=1&NumeroSequencialDocumento=134735
91.983.056/0001-69;2024-01-01;1;KEPLER WEBER S.A.;007870;FCA;135490;2024-04-04;http://www.rad.cvm.gov.br/ENETCONSULTA/frmDownloadDocumento.aspx?CodigoInstituicao=1&NumeroSequencialDocumento=135490
91.983.056/0001-69;2024-01-01;2;KEPLER WEBER S.A.;007870;FCA;139649;2024-07-15;http://www.rad.cvm.gov.br/ENETCONSULTA/frmDownloadDocumento.aspx?CodigoInstituicao=1&NumeroSequencialDocumento=139649
91.983.056/0001-69;2024-01-01;3;KEPLER WEBER S.A.;007870;FCA;140560;2024-08-08;http://www.rad.cvm.gov.br/ENETCONSULTA/frmDownloadDocumento.aspx?CodigoInstituicao=1&NumeroSequencialDocumento=140560
91.983.056/0001-69;2024-01-01;4;KEPLER WEBER S.A.;007870;FCA;142538;2024-11-05;http://www.rad.cvm.gov.br/ENETCONSULTA/frmDownloadDocumento.aspx?CodigoInstituicao=1&NumeroSequencialDocumento=142538
92.012.467/0001-70;2024-01-01;1;GRAZZIOTIN S.A.;004537;FCA;138652;2024-05-31;http://www.rad.cvm.gov.br/ENETCONSULTA/frmDownloadDocumento.aspx?CodigoInstituicao=1&NumeroSequencialDocumento=138652
92.012.467/0001-70;2024-01-01;2;GRAZZIOTIN S.A.;004537;FCA;140369;2024-08-02;http://www.rad.cvm.gov.br/ENETCONSULTA/frmDownloadDocumento.aspx?CodigoInstituicao=1&NumeroSequencialDocumento=140369
92.660.570/0001-26;2024-01-01;1;TREVISA INVESTIMENTOS S.A.;008192;FCA;139213;2024-06-24;http://www.rad.cvm.gov.br/ENETCONSULTA/frmDownloadDocumento.aspx?CodigoInstituicao=1&NumeroSequencialDocumento=139213
92.660.570/0001-26;2024-01-01;2;TREVISA INVESTIMENTOS S.A.;008192;FCA;139730;2024-07-19;http://www.rad.cvm.gov.br/ENETCONSULTA/frmDownloadDocumento.aspx?CodigoInstituicao=1&NumeroSequencialDocumento=139730
92.665.611/0001-77;2024-01-01;1;DIMED S.A. DISTRIBUIDORA DE MEDICAMENTOS;009342;FCA;139815;2024-07-23;http://www.rad.cvm.gov.br/ENETCONSULTA/frmDownloadDocumento.aspx?CodigoInstituicao=1&NumeroSequencialDocumento=139815
92.690.783/0001-09;2024-01-01;1;METALURGICA GERDAU S.A.;008656;FCA;138332;2024-05-29;http://www.rad.cvm.gov.br/ENETCONSULTA/frmDownloadDocumento.aspx?CodigoInstituicao=1&NumeroSequencialDocumento=138332
92.693.019/0001-89;2024-01-01;1;PANATLANTICA S.A.;000094;FCA;139305;2024-06-28;http://www.rad.cvm.gov.br/ENETCONSULTA/frmDownloadDocumento.aspx?CodigoInstituicao=1&NumeroSequencialDocumento=139305
92.702.067/0001-96;2024-01-01;1;BANCO DO ESTADO DO RIO GRANDE DO SUL SA;001210;FCA;135976;2024-04-26;http://www.rad.cvm.gov.br/ENETCONSULTA/frmDownloadDocumento.aspx?CodigoInstituicao=1&NumeroSequencialDocumento=135976
92.715.812/0001-31;2024-01-01;1;CPFL TRANSMISSÃO S.A.;003204;FCA;137405;2024-05-15;http://www.rad.cvm.gov.br/ENETCONSULTA/frmDownloadDocumento.aspx?CodigoInstituicao=1&NumeroSequencialDocumento=137405
92.715.812/0001-31;2024-01-01;2;CPFL TRANSMISSÃO S.A.;003204;FCA;141288;2024-08-19;http://www.rad.cvm.gov.br/ENETCONSULTA/frmDownloadDocumento.aspx?CodigoInstituicao=1&NumeroSequencialDocumento=141288
92.721.232/0001-57;2024-01-01;1;BANRISUL ARMAZENS GERAIS SA;015822;FCA;134012;2024-02-15;http://www.rad.cvm.gov.br/ENETCONSULTA/frmDownloadDocumento.aspx?CodigoInstituicao=1&NumeroSequencialDocumento=134012
92.721.232/0001-57;2024-01-01;2;BANRISUL ARMAZENS GERAIS SA;015822;FCA;137596;2024-05-16;http://www.rad.cvm.gov.br/ENETCONSULTA/frmDownloadDocumento.aspx?CodigoInstituicao=1&NumeroSequencialDocumento=137596
92.749.225/0001-63;2024-01-01;1;HERCULES S.A. FABRICA DE TALHERES;006629;FCA;134714;2024-03-13;http://www.rad.cvm.gov.br/ENETCONSULTA/frmDownloadDocumento.aspx?CodigoInstituicao=1&NumeroSequencialDocumento=134714
92.749.225/0001-63;2024-01-01;2;HERCULES S.A. FABRICA DE TALHERES;006629;FCA;134927;2024-03-20;http://www.rad.cvm.gov.br/ENETCONSULTA/frmDownloadDocumento.aspx?CodigoInstituicao=1&NumeroSequencialDocumento=134927
92.749.225/0001-63;2024-01-01;3;HERCULES S.A. FABRICA DE TALHERES;006629;FCA;136925;2024-05-09;http://www.rad.cvm.gov.br/ENETCONSULTA/frmDownloadDocumento.aspx?CodigoInstituicao=1&NumeroSequencialDocumento=136925
92.754.738/0001-62;2024-01-01;1;LOJAS RENNER S.A.;008133;FCA;135884;2024-04-24;http://www.rad.cvm.gov.br/ENETCONSULTA/frmDownloadDocumento.aspx?CodigoInstituicao=1&NumeroSequencialDocumento=135884
92.781.335/0001-02;2024-01-01;1;TAURUS ARMAS S.A.;006173;FCA;134001;2024-02-14;http://www.rad.cvm.gov.br/ENETCONSULTA/frmDownloadDocumento.aspx?CodigoInstituicao=1&NumeroSequencialDocumento=134001
92.791.243/0001-03;2024-01-01;1;IRANI PAPEL E EMBALAGEM S.A.;002429;FCA;136997;2024-05-10;http://www.rad.cvm.gov.br/ENETCONSULTA/frmDownloadDocumento.aspx?CodigoInstituicao=1&NumeroSequencialDocumento=136997
92.802.784/0001-90;2024-01-01;1;CIA RIOGRANDENSE DE SANEAMENTO;016748;FCA;138891;2024-06-03;http://www.rad.cvm.gov.br/ENETCONSULTA/frmDownloadDocumento.aspx?CodigoInstituicao=1&NumeroSequencialDocumento=138891
92.802.784/0001-90;2024-01-01;2;CIA RIOGRANDENSE DE SANEAMENTO;016748;FCA;141458;2024-08-27;http://www.rad.cvm.gov.br/ENETCONSULTA/frmDownloadDocumento.aspx?CodigoInstituicao=1&NumeroSequencialDocumento=141458
92.802.784/0001-90;2024-01-01;3;CIA RIOGRANDENSE DE SANEAMENTO;016748;FCA;143761;2024-12-11;http://www.rad.cvm.gov.br/ENETCONSULTA/frmDownloadDocumento.aspx?CodigoInstituicao=1&NumeroSequencialDocumento=143761
93.828.986/0001-73;2024-01-01;1;CEMEPE INVESTIMENTOS S.A.;013854;FCA;137867;2024-05-24;http://www.rad.cvm.gov.br/ENETCONSULTA/frmDownloadDocumento.aspx?CodigoInstituicao=1&NumeroSequencialDocumento=137867
94.813.102/0001-70;2024-01-01;1;TRÊS TENTOS AGROINDUSTRIAL S/A;025950;FCA;138670;2024-05-31;http://www.rad.cvm.gov.br/ENETCONSULTA/frmDownloadDocumento.aspx?CodigoInstituicao=1&NumeroSequencialDocumento=138670
95.426.862/0001-97;2024-01-01;1;EXCELSIOR ALIMENTOS S.A.;001570;FCA;138028;2024-05-28;http://www.rad.cvm.gov.br/ENETCONSULTA/frmDownloadDocumento.aspx?CodigoInstituicao=1&NumeroSequencialDocumento=138028
96.298.013/0001-68;2024-01-01;1;PACAEMBU CONSTRUTORA S.A.;025143;FCA;135858;2024-04-23;http://www.rad.cvm.gov.br/ENETCONSULTA/frmDownloadDocumento.aspx?CodigoInstituicao=1&NumeroSequencialDocumento=135858
96.298.013/0001-68;2024-01-01;2;PACAEMBU CONSTRUTORA S.A.;025143;FCA;140360;2024-08-02;http://www.rad.cvm.gov.br/ENETCONSULTA/frmDownloadDocumento.aspx?CodigoInstituicao=1&NumeroSequencialDocumento=140360
96.298.013/0001-68;2024-01-01;3;PACAEMBU CONSTRUTORA S.A.;025143;FCA;140361;2024-08-02;http://www.rad.cvm.gov.br/ENETCONSULTA/frmDownloadDocumento.aspx?CodigoInstituicao=1&NumeroSequencialDocumento=140361
96.298.013/0001-68;2024-01-01;4;PACAEMBU CONSTRUTORA S.A.;025143;FCA;140483;2024-08-07;http://www.rad.cvm.gov.br/ENETCONSULTA/frmDownloadDocumento.aspx?CodigoInstituicao=1&NumeroSequencialDocumento=140483
96.298.013/0001-68;2024-01-01;5;PACAEMBU CONSTRUTORA S.A.;025143;FCA;143912;2024-12-20;http://www.rad.cvm.gov.br/ENETCONSULTA/frmDownloadDocumento.aspx?CodigoInstituicao=1&NumeroSequencialDocumento=143912
96.418.264/0218-02;2024-01-01;1;LOJAS QUERO QUERO S.A.;025038;FCA;138648;2024-05-31;http://www.rad.cvm.gov.br/ENETCONSULTA/frmDownloadDocumento.aspx?CodigoInstituicao=1&NumeroSequencialDocumento=138648
97.191.902/0001-94;2024-01-01;1;CONSERVAS ODERICH S.A.;004693;FCA;139228;2024-06-25;http://www.rad.cvm.gov.br/ENETCONSULTA/frmDownloadDocumento.aspx?CodigoInstituicao=1&NumeroSequencialDocumento=139228
97.837.181/0001-47;2024-01-01;1;DEXCO S.A.;021091;FCA;137627;2024-05-16;http://www.rad.cvm.gov.br/ENETCONSULTA/frmDownloadDocumento.aspx?CodigoInstituicao=1&NumeroSequencialDocumento=137627
97.837.181/0001-47;2024-01-01;2;DEXCO S.A.;021091;FCA;141986;2024-10-01;http://www.rad.cvm.gov.br/ENETCONSULTA/frmDownloadDocumento.aspx?CodigoInstituicao=1&NumeroSequencialDocumento=141986
