CNPJ_CIA;DT_REFER;VERSAO;DENOM_CIA;CD_CVM;CATEG_DOC;ID_DOC;DT_RECEB;LINK_DOC
00.000.000/0001-91;2011-01-01;1;BCO BRASIL S.A.;001023;FCA;4821;2011-02-17;http://www.rad.cvm.gov.br/ENETCONSULTA/frmDownloadDocumento.aspx?CodigoInstituicao=1&NumeroSequencialDocumento=4821
00.000.000/0001-91;2011-01-01;2;BCO BRASIL S.A.;001023;FCA;5362;2011-03-21;http://www.rad.cvm.gov.br/ENETCONSULTA/frmDownloadDocumento.aspx?CodigoInstituicao=1&NumeroSequencialDocumento=5362
00.000.000/0001-91;2011-01-01;3;BCO BRASIL S.A.;001023;FCA;6471;2011-04-11;http://www.rad.cvm.gov.br/ENETCONSULTA/frmDownloadDocumento.aspx?CodigoInstituicao=1&NumeroSequencialDocumento=6471
00.000.000/0001-91;2011-01-01;4;BCO BRASIL S.A.;001023;FCA;6489;2011-04-12;http://www.rad.cvm.gov.br/ENETCONSULTA/frmDownloadDocumento.aspx?CodigoInstituicao=1&NumeroSequencialDocumento=6489
00.000.000/0001-91;2011-01-01;5;BCO BRASIL S.A.;001023;FCA;6820;2011-04-29;http://www.rad.cvm.gov.br/ENETCONSULTA/frmDownloadDocumento.aspx?CodigoInstituicao=1&NumeroSequencialDocumento=6820
00.000.000/0001-91;2011-01-01;6;BCO BRASIL S.A.;001023;FCA;7183;2011-05-05;http://www.rad.cvm.gov.br/ENETCONSULTA/frmDownloadDocumento.aspx?CodigoInstituicao=1&NumeroSequencialDocumento=7183
00.000.000/0001-91;2011-01-01;7;BCO BRASIL S.A.;001023;FCA;7438;2011-05-10;http://www.rad.cvm.gov.br/ENETCONSULTA/frmDownloadDocumento.aspx?CodigoInstituicao=1&NumeroSequencialDocumento=7438
00.000.000/0001-91;2011-01-01;8;BCO BRASIL S.A.;001023;FCA;9840;2011-06-24;http://www.rad.cvm.gov.br/ENETCONSULTA/frmDownloadDocumento.aspx?CodigoInstituicao=1&NumeroSequencialDocumento=9840
00.000.000/0001-91;2011-01-01;9;BCO BRASIL S.A.;001023;FCA;10162;2011-07-15;http://www.rad.cvm.gov.br/ENETCONSULTA/frmDownloadDocumento.aspx?CodigoInstituicao=1&NumeroSequencialDocumento=10162
00.000.000/0001-91;2011-01-01;10;BCO BRASIL S.A.;001023;FCA;13225;2011-12-07;http://www.rad.cvm.gov.br/ENETCONSULTA/frmDownloadDocumento.aspx?CodigoInstituicao=1&NumeroSequencialDocumento=13225
00.000.000/0001-91;2011-01-01;11;BCO BRASIL S.A.;001023;FCA;13441;2011-12-22;http://www.rad.cvm.gov.br/ENETCONSULTA/frmDownloadDocumento.aspx?CodigoInstituicao=1&NumeroSequencialDocumento=13441
00.000.208/0001-00;2011-01-01;1;BRB BANCO DE BRASILIA S.A.;014206;FCA;4556;2011-02-03;http://www.rad.cvm.gov.br/ENETCONSULTA/frmDownloadDocumento.aspx?CodigoInstituicao=1&NumeroSequencialDocumento=4556
00.000.208/0001-00;2011-01-01;2;BRB BANCO DE BRASILIA S.A.;014206;FCA;5456;2011-03-23;http://www.rad.cvm.gov.br/ENETCONSULTA/frmDownloadDocumento.aspx?CodigoInstituicao=1&NumeroSequencialDocumento=5456
00.000.208/0001-00;2011-01-01;3;BRB BANCO DE BRASILIA S.A.;014206;FCA;9393;2011-06-01;http://www.rad.cvm.gov.br/ENETCONSULTA/frmDownloadDocumento.aspx?CodigoInstituicao=1&NumeroSequencialDocumento=9393
00.000.208/0001-00;2011-01-01;4;BRB BANCO DE BRASILIA S.A.;014206;FCA;12122;2011-10-21;http://www.rad.cvm.gov.br/ENETCONSULTA/frmDownloadDocumento.aspx?CodigoInstituicao=1&NumeroSequencialDocumento=12122
00.001.180/0001-26;2011-01-01;1;CENTRAIS ELET BRAS S.A. - ELETROBRAS;002437;FCA;4306;2011-01-17;http://www.rad.cvm.gov.br/ENETCONSULTA/frmDownloadDocumento.aspx?CodigoInstituicao=1&NumeroSequencialDocumento=4306
00.001.180/0001-26;2011-01-01;2;CENTRAIS ELET BRAS S.A. - ELETROBRAS;002437;FCA;7242;2011-05-06;http://www.rad.cvm.gov.br/ENETCONSULTA/frmDownloadDocumento.aspx?CodigoInstituicao=1&NumeroSequencialDocumento=7242
00.070.698/0001-11;2011-01-01;1;COMPANHIA ENERGÉTICA DE BRASÍLIA - CEB;014451;FCA;4191;2011-01-10;http://www.rad.cvm.gov.br/ENETCONSULTA/frmDownloadDocumento.aspx?CodigoInstituicao=1&NumeroSequencialDocumento=4191
00.070.698/0001-11;2011-01-01;2;COMPANHIA ENERGÉTICA DE BRASÍLIA - CEB;014451;FCA;6249;2011-04-01;http://www.rad.cvm.gov.br/ENETCONSULTA/frmDownloadDocumento.aspx?CodigoInstituicao=1&NumeroSequencialDocumento=6249
00.070.698/0001-11;2011-01-01;3;COMPANHIA ENERGÉTICA DE BRASÍLIA - CEB;014451;FCA;7346;2011-05-09;http://www.rad.cvm.gov.br/ENETCONSULTA/frmDownloadDocumento.aspx?CodigoInstituicao=1&NumeroSequencialDocumento=7346
00.070.698/0001-11;2011-01-01;4;COMPANHIA ENERGÉTICA DE BRASÍLIA - CEB;014451;FCA;10165;2011-07-15;http://www.rad.cvm.gov.br/ENETCONSULTA/frmDownloadDocumento.aspx?CodigoInstituicao=1&NumeroSequencialDocumento=10165
00.070.698/0001-11;2011-01-01;5;COMPANHIA ENERGÉTICA DE BRASÍLIA - CEB;014451;FCA;11556;2011-09-01;http://www.rad.cvm.gov.br/ENETCONSULTA/frmDownloadDocumento.aspx?CodigoInstituicao=1&NumeroSequencialDocumento=11556
00.070.698/0001-11;2011-01-01;6;COMPANHIA ENERGÉTICA DE BRASÍLIA - CEB;014451;FCA;12063;2011-10-18;http://www.rad.cvm.gov.br/ENETCONSULTA/frmDownloadDocumento.aspx?CodigoInstituicao=1&NumeroSequencialDocumento=12063
00.095.147/0001-02;2011-01-01;1;VBC ENERGIA SA;014540;FCA;6068;2011-03-30;http://www.rad.cvm.gov.br/ENETCONSULTA/frmDownloadDocumento.aspx?CodigoInstituicao=1&NumeroSequencialDocumento=6068
00.095.147/0001-02;2011-01-01;2;VBC ENERGIA SA;014540;FCA;9120;2011-05-31;http://www.rad.cvm.gov.br/ENETCONSULTA/frmDownloadDocumento.aspx?CodigoInstituicao=1&NumeroSequencialDocumento=9120
00.108.786/0001-65;2011-01-01;1;NET SERVIÇOS DE COMUNICAÇÃO S.A.;014621;FCA;4248;2011-01-12;http://www.rad.cvm.gov.br/ENETCONSULTA/frmDownloadDocumento.aspx?CodigoInstituicao=1&NumeroSequencialDocumento=4248
00.108.786/0001-65;2011-01-01;2;NET SERVIÇOS DE COMUNICAÇÃO S.A.;014621;FCA;7191;2011-05-05;http://www.rad.cvm.gov.br/ENETCONSULTA/frmDownloadDocumento.aspx?CodigoInstituicao=1&NumeroSequencialDocumento=7191
00.108.786/0001-65;2011-01-01;3;NET SERVIÇOS DE COMUNICAÇÃO S.A.;014621;FCA;10189;2011-07-19;http://www.rad.cvm.gov.br/ENETCONSULTA/frmDownloadDocumento.aspx?CodigoInstituicao=1&NumeroSequencialDocumento=10189
00.108.786/0001-65;2011-01-01;4;NET SERVIÇOS DE COMUNICAÇÃO S.A.;014621;FCA;13079;2011-11-21;http://www.rad.cvm.gov.br/ENETCONSULTA/frmDownloadDocumento.aspx?CodigoInstituicao=1&NumeroSequencialDocumento=13079
00.115.890/0001-87;2011-01-01;1;SHOPPING CENTER TACARUNA SA;015733;FCA;5576;2011-03-25;http://www.rad.cvm.gov.br/ENETCONSULTA/frmDownloadDocumento.aspx?CodigoInstituicao=1&NumeroSequencialDocumento=5576
00.115.890/0001-87;2011-01-01;2;SHOPPING CENTER TACARUNA SA;015733;FCA;7013;2011-05-02;http://www.rad.cvm.gov.br/ENETCONSULTA/frmDownloadDocumento.aspx?CodigoInstituicao=1&NumeroSequencialDocumento=7013
00.185.475/0001-08;2011-01-01;1;PARCOM PARTICIPACOES S.A. - EM LIQUIDAÇÃO;014680;FCA;5666;2011-03-28;http://www.rad.cvm.gov.br/ENETCONSULTA/frmDownloadDocumento.aspx?CodigoInstituicao=1&NumeroSequencialDocumento=5666
00.185.475/0001-08;2011-01-01;2;PARCOM PARTICIPACOES S.A. - EM LIQUIDAÇÃO;014680;FCA;7352;2011-05-09;http://www.rad.cvm.gov.br/ENETCONSULTA/frmDownloadDocumento.aspx?CodigoInstituicao=1&NumeroSequencialDocumento=7352
00.185.475/0001-08;2011-01-01;3;PARCOM PARTICIPACOES S.A. - EM LIQUIDAÇÃO;014680;FCA;8435;2011-05-23;http://www.rad.cvm.gov.br/ENETCONSULTA/frmDownloadDocumento.aspx?CodigoInstituicao=1&NumeroSequencialDocumento=8435
00.185.475/0001-08;2011-01-01;4;PARCOM PARTICIPACOES S.A. - EM LIQUIDAÇÃO;014680;FCA;8639;2011-05-27;http://www.rad.cvm.gov.br/ENETCONSULTA/frmDownloadDocumento.aspx?CodigoInstituicao=1&NumeroSequencialDocumento=8639
00.192.769/0001-59;2011-01-01;1;NEUMARKT TRADE AND FINANCIAL CENTER S/A;014613;FCA;5206;2011-03-11;http://www.rad.cvm.gov.br/ENETCONSULTA/frmDownloadDocumento.aspx?CodigoInstituicao=1&NumeroSequencialDocumento=5206
00.192.769/0001-59;2011-01-01;2;NEUMARKT TRADE AND FINANCIAL CENTER S/A;014613;FCA;8374;2011-05-20;http://www.rad.cvm.gov.br/ENETCONSULTA/frmDownloadDocumento.aspx?CodigoInstituicao=1&NumeroSequencialDocumento=8374
00.192.769/0001-59;2011-01-01;3;NEUMARKT TRADE AND FINANCIAL CENTER S/A;014613;FCA;10250;2011-07-22;http://www.rad.cvm.gov.br/ENETCONSULTA/frmDownloadDocumento.aspx?CodigoInstituicao=1&NumeroSequencialDocumento=10250
00.192.769/0001-59;2011-01-01;4;NEUMARKT TRADE AND FINANCIAL CENTER S/A;014613;FCA;12716;2011-11-11;http://www.rad.cvm.gov.br/ENETCONSULTA/frmDownloadDocumento.aspx?CodigoInstituicao=1&NumeroSequencialDocumento=12716
00.192.769/0001-59;2011-01-01;5;NEUMARKT TRADE AND FINANCIAL CENTER S/A;014613;FCA;13460;2011-12-23;http://www.rad.cvm.gov.br/ENETCONSULTA/frmDownloadDocumento.aspx?CodigoInstituicao=1&NumeroSequencialDocumento=13460
00.249.786/0001-85;2011-01-01;1;FORPART S.A. - EM LIQUIDAÇÃO;014796;FCA;5669;2011-03-28;http://www.rad.cvm.gov.br/ENETCONSULTA/frmDownloadDocumento.aspx?CodigoInstituicao=1&NumeroSequencialDocumento=5669
00.249.786/0001-85;2011-01-01;2;FORPART S.A. - EM LIQUIDAÇÃO;014796;FCA;7559;2011-05-11;http://www.rad.cvm.gov.br/ENETCONSULTA/frmDownloadDocumento.aspx?CodigoInstituicao=1&NumeroSequencialDocumento=7559
00.249.786/0001-85;2011-01-01;3;FORPART S.A. - EM LIQUIDAÇÃO;014796;FCA;8622;2011-05-27;http://www.rad.cvm.gov.br/ENETCONSULTA/frmDownloadDocumento.aspx?CodigoInstituicao=1&NumeroSequencialDocumento=8622
00.257.846/0001-01;2011-01-01;1;BOMBRIL HOLDING SA;015334;FCA;6032;2011-03-30;http://www.rad.cvm.gov.br/ENETCONSULTA/frmDownloadDocumento.aspx?CodigoInstituicao=1&NumeroSequencialDocumento=6032
00.257.846/0001-01;2011-01-01;2;BOMBRIL HOLDING SA;015334;FCA;9166;2011-05-31;http://www.rad.cvm.gov.br/ENETCONSULTA/frmDownloadDocumento.aspx?CodigoInstituicao=1&NumeroSequencialDocumento=9166
00.272.185/0001-93;2011-01-01;1;CIMS S.A.;014818;FCA;5831;2011-03-29;http://www.rad.cvm.gov.br/ENETCONSULTA/frmDownloadDocumento.aspx?CodigoInstituicao=1&NumeroSequencialDocumento=5831
00.272.185/0001-93;2011-01-01;2;CIMS S.A.;014818;FCA;8868;2011-05-31;http://www.rad.cvm.gov.br/ENETCONSULTA/frmDownloadDocumento.aspx?CodigoInstituicao=1&NumeroSequencialDocumento=8868
00.272.185/0001-93;2011-01-01;3;CIMS S.A.;014818;FCA;10533;2011-08-04;http://www.rad.cvm.gov.br/ENETCONSULTA/frmDownloadDocumento.aspx?CodigoInstituicao=1&NumeroSequencialDocumento=10533
00.336.701/0001-04;2011-01-01;1;TELEC BRASILEIRAS S.A. TELEBRAS;011258;FCA;4481;2011-01-28;http://www.rad.cvm.gov.br/ENETCONSULTA/frmDownloadDocumento.aspx?CodigoInstituicao=1&NumeroSequencialDocumento=4481
00.336.701/0001-04;2011-01-01;2;TELEC BRASILEIRAS S.A. TELEBRAS;011258;FCA;8296;2011-05-18;http://www.rad.cvm.gov.br/ENETCONSULTA/frmDownloadDocumento.aspx?CodigoInstituicao=1&NumeroSequencialDocumento=8296
00.336.701/0001-04;2011-01-01;3;TELEC BRASILEIRAS S.A. TELEBRAS;011258;FCA;9529;2011-06-03;http://www.rad.cvm.gov.br/ENETCONSULTA/frmDownloadDocumento.aspx?CodigoInstituicao=1&NumeroSequencialDocumento=9529
00.336.701/0001-04;2011-01-01;4;TELEC BRASILEIRAS S.A. TELEBRAS;011258;FCA;9546;2011-06-06;http://www.rad.cvm.gov.br/ENETCONSULTA/frmDownloadDocumento.aspx?CodigoInstituicao=1&NumeroSequencialDocumento=9546
00.336.701/0001-04;2011-01-01;5;TELEC BRASILEIRAS S.A. TELEBRAS;011258;FCA;10098;2011-07-12;http://www.rad.cvm.gov.br/ENETCONSULTA/frmDownloadDocumento.aspx?CodigoInstituicao=1&NumeroSequencialDocumento=10098
00.354.053/0001-00;2011-01-01;1;KOSMOS COMÉRCIO DE VESTUÁRIO S/A - EM RECUPERAÇÃO JUDICIAL;015083;FCA;4435;2011-01-26;http://www.rad.cvm.gov.br/ENETCONSULTA/frmDownloadDocumento.aspx?CodigoInstituicao=1&NumeroSequencialDocumento=4435
00.354.053/0001-00;2011-01-01;2;KOSMOS COMÉRCIO DE VESTUÁRIO S/A - EM RECUPERAÇÃO JUDICIAL;015083;FCA;6636;2011-04-20;http://www.rad.cvm.gov.br/ENETCONSULTA/frmDownloadDocumento.aspx?CodigoInstituicao=1&NumeroSequencialDocumento=6636
00.354.053/0001-00;2011-01-01;3;KOSMOS COMÉRCIO DE VESTUÁRIO S/A - EM RECUPERAÇÃO JUDICIAL;015083;FCA;8324;2011-05-19;http://www.rad.cvm.gov.br/ENETCONSULTA/frmDownloadDocumento.aspx?CodigoInstituicao=1&NumeroSequencialDocumento=8324
00.359.742/0001-08;2011-01-01;1;ATOM EMPREENDIMENTOS E PARTICIPAÇÕES S.A.;015423;FCA;6126;2011-03-31;http://www.rad.cvm.gov.br/ENETCONSULTA/frmDownloadDocumento.aspx?CodigoInstituicao=1&NumeroSequencialDocumento=6126
00.359.742/0001-08;2011-01-01;2;ATOM EMPREENDIMENTOS E PARTICIPAÇÕES S.A.;015423;FCA;8281;2011-05-18;http://www.rad.cvm.gov.br/ENETCONSULTA/frmDownloadDocumento.aspx?CodigoInstituicao=1&NumeroSequencialDocumento=8281
00.383.281/0001-09;2011-01-01;1;BNDES PARTICIPACOES S.A. - BNDESPAR;016772;FCA;4138;2011-01-07;http://www.rad.cvm.gov.br/ENETCONSULTA/frmDownloadDocumento.aspx?CodigoInstituicao=1&NumeroSequencialDocumento=4138
00.383.281/0001-09;2011-01-01;2;BNDES PARTICIPACOES S.A. - BNDESPAR;016772;FCA;8894;2011-05-31;http://www.rad.cvm.gov.br/ENETCONSULTA/frmDownloadDocumento.aspx?CodigoInstituicao=1&NumeroSequencialDocumento=8894
00.514.998/0001-42;2011-01-01;1;ELETRON S.A.;016209;FCA;4300;2011-01-17;http://www.rad.cvm.gov.br/ENETCONSULTA/frmDownloadDocumento.aspx?CodigoInstituicao=1&NumeroSequencialDocumento=4300
00.514.998/0001-42;2011-01-01;2;ELETRON S.A.;016209;FCA;8439;2011-05-23;http://www.rad.cvm.gov.br/ENETCONSULTA/frmDownloadDocumento.aspx?CodigoInstituicao=1&NumeroSequencialDocumento=8439
00.514.998/0001-42;2011-01-01;3;ELETRON S.A.;016209;FCA;8514;2011-05-25;http://www.rad.cvm.gov.br/ENETCONSULTA/frmDownloadDocumento.aspx?CodigoInstituicao=1&NumeroSequencialDocumento=8514
00.545.378/0001-70;2011-01-01;1;SERRA AZUL WATER PARK SA;014966;FCA;6237;2011-04-01;http://www.rad.cvm.gov.br/ENETCONSULTA/frmDownloadDocumento.aspx?CodigoInstituicao=1&NumeroSequencialDocumento=6237
00.545.378/0001-70;2011-01-01;2;SERRA AZUL WATER PARK SA;014966;FCA;7187;2011-05-05;http://www.rad.cvm.gov.br/ENETCONSULTA/frmDownloadDocumento.aspx?CodigoInstituicao=1&NumeroSequencialDocumento=7187
00.622.416/0001-41;2011-01-01;1;STATKRAFT ENERGIAS RENOVAVEIS S.A.;022594;FCA;11791;2011-09-22;http://www.rad.cvm.gov.br/ENETCONSULTA/frmDownloadDocumento.aspx?CodigoInstituicao=1&NumeroSequencialDocumento=11791
00.622.416/0001-41;2011-01-01;2;STATKRAFT ENERGIAS RENOVAVEIS S.A.;022594;FCA;13260;2011-12-09;http://www.rad.cvm.gov.br/ENETCONSULTA/frmDownloadDocumento.aspx?CodigoInstituicao=1&NumeroSequencialDocumento=13260
00.644.907/0001-93;2011-01-01;1;INVESTCO S.A.;018589;FCA;4076;2011-01-05;http://www.rad.cvm.gov.br/ENETCONSULTA/frmDownloadDocumento.aspx?CodigoInstituicao=1&NumeroSequencialDocumento=4076
00.644.907/0001-93;2011-01-01;2;INVESTCO S.A.;018589;FCA;8531;2011-05-25;http://www.rad.cvm.gov.br/ENETCONSULTA/frmDownloadDocumento.aspx?CodigoInstituicao=1&NumeroSequencialDocumento=8531
00.644.907/0001-93;2011-01-01;3;INVESTCO S.A.;018589;FCA;11642;2011-09-08;http://www.rad.cvm.gov.br/ENETCONSULTA/frmDownloadDocumento.aspx?CodigoInstituicao=1&NumeroSequencialDocumento=11642
00.649.881/0001-76;2011-01-01;1;GTD PARTICIPACOES SA;014915;FCA;4280;2011-01-14;http://www.rad.cvm.gov.br/ENETCONSULTA/frmDownloadDocumento.aspx?CodigoInstituicao=1&NumeroSequencialDocumento=4280
00.649.881/0001-76;2011-01-01;2;GTD PARTICIPACOES SA;014915;FCA;8740;2011-05-30;http://www.rad.cvm.gov.br/ENETCONSULTA/frmDownloadDocumento.aspx?CodigoInstituicao=1&NumeroSequencialDocumento=8740
00.649.881/0001-76;2011-01-01;3;GTD PARTICIPACOES SA;014915;FCA;10809;2011-08-11;http://www.rad.cvm.gov.br/ENETCONSULTA/frmDownloadDocumento.aspx?CodigoInstituicao=1&NumeroSequencialDocumento=10809
00.743.065/0001-27;2011-01-01;1;LITEL PARTICIPACOES S.A.;015091;FCA;4285;2011-01-14;http://www.rad.cvm.gov.br/ENETCONSULTA/frmDownloadDocumento.aspx?CodigoInstituicao=1&NumeroSequencialDocumento=4285
00.743.065/0001-27;2011-01-01;2;LITEL PARTICIPACOES S.A.;015091;FCA;8735;2011-05-30;http://www.rad.cvm.gov.br/ENETCONSULTA/frmDownloadDocumento.aspx?CodigoInstituicao=1&NumeroSequencialDocumento=8735
00.776.574/0001-56;2011-01-01;1;AMERICANAS S.A. - EM RECUPERAÇÃO JUDICIAL;020990;FCA;4155;2011-01-07;http://www.rad.cvm.gov.br/ENETCONSULTA/frmDownloadDocumento.aspx?CodigoInstituicao=1&NumeroSequencialDocumento=4155
00.776.574/0001-56;2011-01-01;2;AMERICANAS S.A. - EM RECUPERAÇÃO JUDICIAL;020990;FCA;8011;2011-05-16;http://www.rad.cvm.gov.br/ENETCONSULTA/frmDownloadDocumento.aspx?CodigoInstituicao=1&NumeroSequencialDocumento=8011
00.776.574/0001-56;2011-01-01;3;AMERICANAS S.A. - EM RECUPERAÇÃO JUDICIAL;020990;FCA;8015;2011-05-16;http://www.rad.cvm.gov.br/ENETCONSULTA/frmDownloadDocumento.aspx?CodigoInstituicao=1&NumeroSequencialDocumento=8015
00.776.574/0001-56;2011-01-01;4;AMERICANAS S.A. - EM RECUPERAÇÃO JUDICIAL;020990;FCA;9894;2011-06-28;http://www.rad.cvm.gov.br/ENETCONSULTA/frmDownloadDocumento.aspx?CodigoInstituicao=1&NumeroSequencialDocumento=9894
00.776.574/0001-56;2011-01-01;5;AMERICANAS S.A. - EM RECUPERAÇÃO JUDICIAL;020990;FCA;11627;2011-09-06;http://www.rad.cvm.gov.br/ENETCONSULTA/frmDownloadDocumento.aspx?CodigoInstituicao=1&NumeroSequencialDocumento=11627
00.861.626/0001-92;2011-01-01;1;CONC RODOVIA PRES. DUTRA S.A.;019577;FCA;5740;2011-03-28;http://www.rad.cvm.gov.br/ENETCONSULTA/frmDownloadDocumento.aspx?CodigoInstituicao=1&NumeroSequencialDocumento=5740
00.861.626/0001-92;2011-01-01;2;CONC RODOVIA PRES. DUTRA S.A.;019577;FCA;9245;2011-05-31;http://www.rad.cvm.gov.br/ENETCONSULTA/frmDownloadDocumento.aspx?CodigoInstituicao=1&NumeroSequencialDocumento=9245
00.861.626/0001-92;2011-01-01;3;CONC RODOVIA PRES. DUTRA S.A.;019577;FCA;10279;2011-07-25;http://www.rad.cvm.gov.br/ENETCONSULTA/frmDownloadDocumento.aspx?CodigoInstituicao=1&NumeroSequencialDocumento=10279
00.864.214/0001-06;2011-01-01;1;ENERGISA S.A.;015253;FCA;4427;2011-01-26;http://www.rad.cvm.gov.br/ENETCONSULTA/frmDownloadDocumento.aspx?CodigoInstituicao=1&NumeroSequencialDocumento=4427
00.864.214/0001-06;2011-01-01;2;ENERGISA S.A.;015253;FCA;7021;2011-05-03;http://www.rad.cvm.gov.br/ENETCONSULTA/frmDownloadDocumento.aspx?CodigoInstituicao=1&NumeroSequencialDocumento=7021
00.866.577/0001-80;2011-01-01;1;SAUIPE SA;015261;FCA;6130;2011-03-31;http://www.rad.cvm.gov.br/ENETCONSULTA/frmDownloadDocumento.aspx?CodigoInstituicao=1&NumeroSequencialDocumento=6130
00.866.577/0001-80;2011-01-01;2;SAUIPE SA;015261;FCA;9008;2011-05-31;http://www.rad.cvm.gov.br/ENETCONSULTA/frmDownloadDocumento.aspx?CodigoInstituicao=1&NumeroSequencialDocumento=9008
00.897.864/0001-58;2011-01-01;1;SANTA CATARINA PART INVEST SA;015199;FCA;5290;2011-03-16;http://www.rad.cvm.gov.br/ENETCONSULTA/frmDownloadDocumento.aspx?CodigoInstituicao=1&NumeroSequencialDocumento=5290
00.897.864/0001-58;2011-01-01;2;SANTA CATARINA PART INVEST SA;015199;FCA;7329;2011-05-09;http://www.rad.cvm.gov.br/ENETCONSULTA/frmDownloadDocumento.aspx?CodigoInstituicao=1&NumeroSequencialDocumento=7329
00.924.429/0001-75;2011-01-01;1;FERROVIA CENTRO-ATLANTICA S.A.;015369;FCA;4971;2011-02-24;http://www.rad.cvm.gov.br/ENETCONSULTA/frmDownloadDocumento.aspx?CodigoInstituicao=1&NumeroSequencialDocumento=4971
00.924.429/0001-75;2011-01-01;2;FERROVIA CENTRO-ATLANTICA S.A.;015369;FCA;9345;2011-05-31;http://www.rad.cvm.gov.br/ENETCONSULTA/frmDownloadDocumento.aspx?CodigoInstituicao=1&NumeroSequencialDocumento=9345
00.924.429/0001-75;2011-01-01;3;FERROVIA CENTRO-ATLANTICA S.A.;015369;FCA;9796;2011-06-21;http://www.rad.cvm.gov.br/ENETCONSULTA/frmDownloadDocumento.aspx?CodigoInstituicao=1&NumeroSequencialDocumento=9796
00.924.429/0001-75;2011-01-01;4;FERROVIA CENTRO-ATLANTICA S.A.;015369;FCA;9976;2011-07-05;http://www.rad.cvm.gov.br/ENETCONSULTA/frmDownloadDocumento.aspx?CodigoInstituicao=1&NumeroSequencialDocumento=9976
00.924.429/0001-75;2011-01-01;5;FERROVIA CENTRO-ATLANTICA S.A.;015369;FCA;10070;2011-07-11;http://www.rad.cvm.gov.br/ENETCONSULTA/frmDownloadDocumento.aspx?CodigoInstituicao=1&NumeroSequencialDocumento=10070
00.924.432/0001-99;2011-01-01;1;HOPI HARI SA;015377;FCA;4555;2011-02-03;http://www.rad.cvm.gov.br/ENETCONSULTA/frmDownloadDocumento.aspx?CodigoInstituicao=1&NumeroSequencialDocumento=4555
00.924.432/0001-99;2011-01-01;2;HOPI HARI SA;015377;FCA;8080;2011-05-16;http://www.rad.cvm.gov.br/ENETCONSULTA/frmDownloadDocumento.aspx?CodigoInstituicao=1&NumeroSequencialDocumento=8080
00.924.432/0001-99;2011-01-01;3;HOPI HARI SA;015377;FCA;9874;2011-06-28;http://www.rad.cvm.gov.br/ENETCONSULTA/frmDownloadDocumento.aspx?CodigoInstituicao=1&NumeroSequencialDocumento=9874
00.924.432/0001-99;2011-01-01;4;HOPI HARI SA;015377;FCA;11865;2011-09-29;http://www.rad.cvm.gov.br/ENETCONSULTA/frmDownloadDocumento.aspx?CodigoInstituicao=1&NumeroSequencialDocumento=11865
00.924.432/0001-99;2011-01-01;5;HOPI HARI SA;015377;FCA;12866;2011-11-14;http://www.rad.cvm.gov.br/ENETCONSULTA/frmDownloadDocumento.aspx?CodigoInstituicao=1&NumeroSequencialDocumento=12866
00.938.574/0001-05;2011-01-01;1;CONC RIO-TERESOPOLIS S.A.;019208;FCA;4811;2011-02-17;http://www.rad.cvm.gov.br/ENETCONSULTA/frmDownloadDocumento.aspx?CodigoInstituicao=1&NumeroSequencialDocumento=4811
00.938.574/0001-05;2011-01-01;2;CONC RIO-TERESOPOLIS S.A.;019208;FCA;8249;2011-05-17;http://www.rad.cvm.gov.br/ENETCONSULTA/frmDownloadDocumento.aspx?CodigoInstituicao=1&NumeroSequencialDocumento=8249
00.979.969/0001-56;2011-01-01;1;CAIXA ADM DIV PUB ESTADUAL SA;015717;FCA;6139;2011-03-31;http://www.rad.cvm.gov.br/ENETCONSULTA/frmDownloadDocumento.aspx?CodigoInstituicao=1&NumeroSequencialDocumento=6139
00.979.969/0001-56;2011-01-01;2;CAIXA ADM DIV PUB ESTADUAL SA;015717;FCA;7197;2011-05-05;http://www.rad.cvm.gov.br/ENETCONSULTA/frmDownloadDocumento.aspx?CodigoInstituicao=1&NumeroSequencialDocumento=7197
00.979.969/0001-56;2011-01-01;3;CAIXA ADM DIV PUB ESTADUAL SA;015717;FCA;7675;2011-05-12;http://www.rad.cvm.gov.br/ENETCONSULTA/frmDownloadDocumento.aspx?CodigoInstituicao=1&NumeroSequencialDocumento=7675
00.979.969/0001-56;2011-01-01;4;CAIXA ADM DIV PUB ESTADUAL SA;015717;FCA;8665;2011-05-27;http://www.rad.cvm.gov.br/ENETCONSULTA/frmDownloadDocumento.aspx?CodigoInstituicao=1&NumeroSequencialDocumento=8665
00.979.969/0001-56;2011-01-01;5;CAIXA ADM DIV PUB ESTADUAL SA;015717;FCA;9974;2011-07-05;http://www.rad.cvm.gov.br/ENETCONSULTA/frmDownloadDocumento.aspx?CodigoInstituicao=1&NumeroSequencialDocumento=9974
00.979.969/0001-56;2011-01-01;6;CAIXA ADM DIV PUB ESTADUAL SA;015717;FCA;10889;2011-08-12;http://www.rad.cvm.gov.br/ENETCONSULTA/frmDownloadDocumento.aspx?CodigoInstituicao=1&NumeroSequencialDocumento=10889
00.979.969/0001-56;2011-01-01;7;CAIXA ADM DIV PUB ESTADUAL SA;015717;FCA;12528;2011-11-10;http://www.rad.cvm.gov.br/ENETCONSULTA/frmDownloadDocumento.aspx?CodigoInstituicao=1&NumeroSequencialDocumento=12528
00.994.533/0001-36;2011-01-01;1;COMERCIAL QUINTELLA COM EXP SA EM LIQUIDAÇÃO;015652;FCA;5496;2011-03-24;http://www.rad.cvm.gov.br/ENETCONSULTA/frmDownloadDocumento.aspx?CodigoInstituicao=1&NumeroSequencialDocumento=5496
00.994.533/0001-36;2011-01-01;2;COMERCIAL QUINTELLA COM EXP SA EM LIQUIDAÇÃO;015652;FCA;7119;2011-05-04;http://www.rad.cvm.gov.br/ENETCONSULTA/frmDownloadDocumento.aspx?CodigoInstituicao=1&NumeroSequencialDocumento=7119
01.027.058/0001-91;2011-01-01;1;CIELO S.A. -  INSTITUIÇÃO DE PAGAMENTO;021733;FCA;4090;2011-01-05;http://www.rad.cvm.gov.br/ENETCONSULTA/frmDownloadDocumento.aspx?CodigoInstituicao=1&NumeroSequencialDocumento=4090
01.027.058/0001-91;2011-01-01;2;CIELO S.A. -  INSTITUIÇÃO DE PAGAMENTO;021733;FCA;4801;2011-02-17;http://www.rad.cvm.gov.br/ENETCONSULTA/frmDownloadDocumento.aspx?CodigoInstituicao=1&NumeroSequencialDocumento=4801
01.027.058/0001-91;2011-01-01;3;CIELO S.A. -  INSTITUIÇÃO DE PAGAMENTO;021733;FCA;7319;2011-05-09;http://www.rad.cvm.gov.br/ENETCONSULTA/frmDownloadDocumento.aspx?CodigoInstituicao=1&NumeroSequencialDocumento=7319
01.027.058/0001-91;2011-01-01;4;CIELO S.A. -  INSTITUIÇÃO DE PAGAMENTO;021733;FCA;13203;2011-12-05;http://www.rad.cvm.gov.br/ENETCONSULTA/frmDownloadDocumento.aspx?CodigoInstituicao=1&NumeroSequencialDocumento=13203
01.083.200/0001-18;2011-01-01;1;NEOENERGIA S.A.;015539;FCA;4163;2011-01-10;http://www.rad.cvm.gov.br/ENETCONSULTA/frmDownloadDocumento.aspx?CodigoInstituicao=1&NumeroSequencialDocumento=4163
01.083.200/0001-18;2011-01-01;2;NEOENERGIA S.A.;015539;FCA;4693;2011-02-10;http://www.rad.cvm.gov.br/ENETCONSULTA/frmDownloadDocumento.aspx?CodigoInstituicao=1&NumeroSequencialDocumento=4693
01.083.200/0001-18;2011-01-01;3;NEOENERGIA S.A.;015539;FCA;8807;2011-05-30;http://www.rad.cvm.gov.br/ENETCONSULTA/frmDownloadDocumento.aspx?CodigoInstituicao=1&NumeroSequencialDocumento=8807
01.104.937/0001-70;2011-01-01;1;ELETROBRÁS PARTICIPAÇÕES S.A. - ELETROPAR;015784;FCA;7694;2011-05-12;http://www.rad.cvm.gov.br/ENETCONSULTA/frmDownloadDocumento.aspx?CodigoInstituicao=1&NumeroSequencialDocumento=7694
01.109.184/0001-95;2011-01-01;1;UNIVERSO ONLINE SA;019887;FCA;4609;2011-02-07;http://www.rad.cvm.gov.br/ENETCONSULTA/frmDownloadDocumento.aspx?CodigoInstituicao=1&NumeroSequencialDocumento=4609
01.109.184/0001-95;2011-01-01;2;UNIVERSO ONLINE SA;019887;FCA;5299;2011-03-16;http://www.rad.cvm.gov.br/ENETCONSULTA/frmDownloadDocumento.aspx?CodigoInstituicao=1&NumeroSequencialDocumento=5299
01.109.184/0001-95;2011-01-01;3;UNIVERSO ONLINE SA;019887;FCA;7668;2011-05-12;http://www.rad.cvm.gov.br/ENETCONSULTA/frmDownloadDocumento.aspx?CodigoInstituicao=1&NumeroSequencialDocumento=7668
01.109.184/0001-95;2011-01-01;4;UNIVERSO ONLINE SA;019887;FCA;10640;2011-08-09;http://www.rad.cvm.gov.br/ENETCONSULTA/frmDownloadDocumento.aspx?CodigoInstituicao=1&NumeroSequencialDocumento=10640
01.109.184/0001-95;2011-01-01;5;UNIVERSO ONLINE SA;019887;FCA;11749;2011-09-16;http://www.rad.cvm.gov.br/ENETCONSULTA/frmDownloadDocumento.aspx?CodigoInstituicao=1&NumeroSequencialDocumento=11749
01.258.943/0001-81;2011-01-01;1;ITAITINGA PARTICIPACOES S.A.;015865;FCA;5539;2011-03-24;http://www.rad.cvm.gov.br/ENETCONSULTA/frmDownloadDocumento.aspx?CodigoInstituicao=1&NumeroSequencialDocumento=5539
01.258.943/0001-81;2011-01-01;2;ITAITINGA PARTICIPACOES S.A.;015865;FCA;9322;2011-05-31;http://www.rad.cvm.gov.br/ENETCONSULTA/frmDownloadDocumento.aspx?CodigoInstituicao=1&NumeroSequencialDocumento=9322
01.258.944/0001-26;2011-01-01;1;RUMO MALHA SUL S.A.;015709;FCA;5190;2011-03-10;http://www.rad.cvm.gov.br/ENETCONSULTA/frmDownloadDocumento.aspx?CodigoInstituicao=1&NumeroSequencialDocumento=5190
01.258.944/0001-26;2011-01-01;2;RUMO MALHA SUL S.A.;015709;FCA;8852;2011-05-31;http://www.rad.cvm.gov.br/ENETCONSULTA/frmDownloadDocumento.aspx?CodigoInstituicao=1&NumeroSequencialDocumento=8852
01.258.945/0001-70;2011-01-01;1;GRUCAI PARTICIPACOES S.A.;015695;FCA;5537;2011-03-24;http://www.rad.cvm.gov.br/ENETCONSULTA/frmDownloadDocumento.aspx?CodigoInstituicao=1&NumeroSequencialDocumento=5537
01.258.945/0001-70;2011-01-01;2;GRUCAI PARTICIPACOES S.A.;015695;FCA;9325;2011-05-31;http://www.rad.cvm.gov.br/ENETCONSULTA/frmDownloadDocumento.aspx?CodigoInstituicao=1&NumeroSequencialDocumento=9325
01.319.044/0001-41;2011-01-01;1;WTC AMAZONAS SUITE HOTEL S.A.;015741;FCA;6370;2011-04-06;http://www.rad.cvm.gov.br/ENETCONSULTA/frmDownloadDocumento.aspx?CodigoInstituicao=1&NumeroSequencialDocumento=6370
01.355.994/0001-21;2011-01-01;1;ITA ENERGETICA S/A;018910;FCA;4956;2011-02-24;http://www.rad.cvm.gov.br/ENETCONSULTA/frmDownloadDocumento.aspx?CodigoInstituicao=1&NumeroSequencialDocumento=4956
01.355.994/0001-21;2011-01-01;2;ITA ENERGETICA S/A;018910;FCA;9265;2011-05-31;http://www.rad.cvm.gov.br/ENETCONSULTA/frmDownloadDocumento.aspx?CodigoInstituicao=1&NumeroSequencialDocumento=9265
01.386.256/0001-41;2011-01-01;1;VOTORANTIM FINANÇAS SA;018988;FCA;6011;2011-03-30;http://www.rad.cvm.gov.br/ENETCONSULTA/frmDownloadDocumento.aspx?CodigoInstituicao=1&NumeroSequencialDocumento=6011
01.414.107/0001-49;2011-01-01;1;ENERGIPAR PARTICIPAÇÕES S.A.;015849;FCA;6045;2011-03-30;http://www.rad.cvm.gov.br/ENETCONSULTA/frmDownloadDocumento.aspx?CodigoInstituicao=1&NumeroSequencialDocumento=6045
01.414.107/0001-49;2011-01-01;2;ENERGIPAR PARTICIPAÇÕES S.A.;015849;FCA;8960;2011-05-31;http://www.rad.cvm.gov.br/ENETCONSULTA/frmDownloadDocumento.aspx?CodigoInstituicao=1&NumeroSequencialDocumento=8960
01.417.222/0001-77;2011-01-01;1;MRS LOGISTICA S.A.;017949;FCA;4364;2011-01-21;http://www.rad.cvm.gov.br/ENETCONSULTA/frmDownloadDocumento.aspx?CodigoInstituicao=1&NumeroSequencialDocumento=4364
01.417.222/0001-77;2011-01-01;2;MRS LOGISTICA S.A.;017949;FCA;9292;2011-05-31;http://www.rad.cvm.gov.br/ENETCONSULTA/frmDownloadDocumento.aspx?CodigoInstituicao=1&NumeroSequencialDocumento=9292
01.425.787/0001-04;2011-01-01;1;REDECARD S/A;020893;FCA;4249;2011-01-12;http://www.rad.cvm.gov.br/ENETCONSULTA/frmDownloadDocumento.aspx?CodigoInstituicao=1&NumeroSequencialDocumento=4249
01.425.787/0001-04;2011-01-01;2;REDECARD S/A;020893;FCA;9470;2011-06-01;http://www.rad.cvm.gov.br/ENETCONSULTA/frmDownloadDocumento.aspx?CodigoInstituicao=1&NumeroSequencialDocumento=9470
01.545.826/0001-07;2011-01-01;1;GAFISA S.A.;016101;FCA;4986;2011-02-25;http://www.rad.cvm.gov.br/ENETCONSULTA/frmDownloadDocumento.aspx?CodigoInstituicao=1&NumeroSequencialDocumento=4986
01.545.826/0001-07;2011-01-01;2;GAFISA S.A.;016101;FCA;9475;2011-06-01;http://www.rad.cvm.gov.br/ENETCONSULTA/frmDownloadDocumento.aspx?CodigoInstituicao=1&NumeroSequencialDocumento=9475
01.547.749/0001-16;2011-01-01;1;521 PARTICIPACOES S.A. - EM LIQUIDAÇÃO EXTRAJUDICIAL;016330;FCA;4573;2011-02-04;http://www.rad.cvm.gov.br/ENETCONSULTA/frmDownloadDocumento.aspx?CodigoInstituicao=1&NumeroSequencialDocumento=4573
01.547.749/0001-16;2011-01-01;2;521 PARTICIPACOES S.A. - EM LIQUIDAÇÃO EXTRAJUDICIAL;016330;FCA;6170;2011-03-31;http://www.rad.cvm.gov.br/ENETCONSULTA/frmDownloadDocumento.aspx?CodigoInstituicao=1&NumeroSequencialDocumento=6170
01.547.749/0001-16;2011-01-01;3;521 PARTICIPACOES S.A. - EM LIQUIDAÇÃO EXTRAJUDICIAL;016330;FCA;9007;2011-05-31;http://www.rad.cvm.gov.br/ENETCONSULTA/frmDownloadDocumento.aspx?CodigoInstituicao=1&NumeroSequencialDocumento=9007
01.548.981/0001-79;2011-01-01;1;INVESTIMENTOS BEMGE S.A.;006041;FCA;4208;2011-01-10;http://www.rad.cvm.gov.br/ENETCONSULTA/frmDownloadDocumento.aspx?CodigoInstituicao=1&NumeroSequencialDocumento=4208
01.548.981/0001-79;2011-01-01;2;INVESTIMENTOS BEMGE S.A.;006041;FCA;4254;2011-01-13;http://www.rad.cvm.gov.br/ENETCONSULTA/frmDownloadDocumento.aspx?CodigoInstituicao=1&NumeroSequencialDocumento=4254
01.548.981/0001-79;2011-01-01;3;INVESTIMENTOS BEMGE S.A.;006041;FCA;5409;2011-03-22;http://www.rad.cvm.gov.br/ENETCONSULTA/frmDownloadDocumento.aspx?CodigoInstituicao=1&NumeroSequencialDocumento=5409
01.548.981/0001-79;2011-01-01;4;INVESTIMENTOS BEMGE S.A.;006041;FCA;8613;2011-05-27;http://www.rad.cvm.gov.br/ENETCONSULTA/frmDownloadDocumento.aspx?CodigoInstituicao=1&NumeroSequencialDocumento=8613
01.548.981/0001-79;2011-01-01;5;INVESTIMENTOS BEMGE S.A.;006041;FCA;12148;2011-10-25;http://www.rad.cvm.gov.br/ENETCONSULTA/frmDownloadDocumento.aspx?CodigoInstituicao=1&NumeroSequencialDocumento=12148
01.608.571/0001-76;2011-01-01;1;BELAPART SA;016233;FCA;5681;2011-03-28;http://www.rad.cvm.gov.br/ENETCONSULTA/frmDownloadDocumento.aspx?CodigoInstituicao=1&NumeroSequencialDocumento=5681
01.608.571/0001-76;2011-01-01;2;BELAPART SA;016233;FCA;8440;2011-05-23;http://www.rad.cvm.gov.br/ENETCONSULTA/frmDownloadDocumento.aspx?CodigoInstituicao=1&NumeroSequencialDocumento=8440
01.608.571/0001-76;2011-01-01;3;BELAPART SA;016233;FCA;8515;2011-05-25;http://www.rad.cvm.gov.br/ENETCONSULTA/frmDownloadDocumento.aspx?CodigoInstituicao=1&NumeroSequencialDocumento=8515
01.616.929/0001-02;2011-01-01;1;SANEAMENTO DE GOIAS SA;019186;FCA;4627;2011-02-08;http://www.rad.cvm.gov.br/ENETCONSULTA/frmDownloadDocumento.aspx?CodigoInstituicao=1&NumeroSequencialDocumento=4627
01.616.929/0001-02;2011-01-01;2;SANEAMENTO DE GOIAS SA;019186;FCA;9072;2011-05-31;http://www.rad.cvm.gov.br/ENETCONSULTA/frmDownloadDocumento.aspx?CodigoInstituicao=1&NumeroSequencialDocumento=9072
01.654.604/0001-14;2011-01-01;1;CONCES DA ROD OSÓRIO-POA S/A - CONCEPA;017590;FCA;5712;2011-03-28;http://www.rad.cvm.gov.br/ENETCONSULTA/frmDownloadDocumento.aspx?CodigoInstituicao=1&NumeroSequencialDocumento=5712
01.654.604/0001-14;2011-01-01;2;CONCES DA ROD OSÓRIO-POA S/A - CONCEPA;017590;FCA;7331;2011-05-09;http://www.rad.cvm.gov.br/ENETCONSULTA/frmDownloadDocumento.aspx?CodigoInstituicao=1&NumeroSequencialDocumento=7331
01.685.903/0001-16;2011-01-01;1;AMERICEL SA;016195;FCA;5892;2011-03-29;http://www.rad.cvm.gov.br/ENETCONSULTA/frmDownloadDocumento.aspx?CodigoInstituicao=1&NumeroSequencialDocumento=5892
01.685.903/0001-16;2011-01-01;2;AMERICEL SA;016195;FCA;8856;2011-05-31;http://www.rad.cvm.gov.br/ENETCONSULTA/frmDownloadDocumento.aspx?CodigoInstituicao=1&NumeroSequencialDocumento=8856
01.772.313/0001-20;2011-01-01;1;VALETRON SA;016225;FCA;5670;2011-03-28;http://www.rad.cvm.gov.br/ENETCONSULTA/frmDownloadDocumento.aspx?CodigoInstituicao=1&NumeroSequencialDocumento=5670
01.772.313/0001-20;2011-01-01;2;VALETRON SA;016225;FCA;8431;2011-05-23;http://www.rad.cvm.gov.br/ENETCONSULTA/frmDownloadDocumento.aspx?CodigoInstituicao=1&NumeroSequencialDocumento=8431
01.772.313/0001-20;2011-01-01;3;VALETRON SA;016225;FCA;8588;2011-05-27;http://www.rad.cvm.gov.br/ENETCONSULTA/frmDownloadDocumento.aspx?CodigoInstituicao=1&NumeroSequencialDocumento=8588
01.832.635/0001-18;2011-01-01;1;TAM S.A.;016390;FCA;4313;2011-01-18;http://www.rad.cvm.gov.br/ENETCONSULTA/frmDownloadDocumento.aspx?CodigoInstituicao=1&NumeroSequencialDocumento=4313
01.832.635/0001-18;2011-01-01;2;TAM S.A.;016390;FCA;7983;2011-05-16;http://www.rad.cvm.gov.br/ENETCONSULTA/frmDownloadDocumento.aspx?CodigoInstituicao=1&NumeroSequencialDocumento=7983
01.838.723/0001-27;2011-01-01;1;BRF S.A.;016292;FCA;4876;2011-02-22;http://www.rad.cvm.gov.br/ENETCONSULTA/frmDownloadDocumento.aspx?CodigoInstituicao=1&NumeroSequencialDocumento=4876
01.838.723/0001-27;2011-01-01;2;BRF S.A.;016292;FCA;9477;2011-06-01;http://www.rad.cvm.gov.br/ENETCONSULTA/frmDownloadDocumento.aspx?CodigoInstituicao=1&NumeroSequencialDocumento=9477
01.851.771/0001-55;2011-01-01;1;524 PARTICIPACOES S.A.;016284;FCA;5661;2011-03-28;http://www.rad.cvm.gov.br/ENETCONSULTA/frmDownloadDocumento.aspx?CodigoInstituicao=1&NumeroSequencialDocumento=5661
01.851.771/0001-55;2011-01-01;2;524 PARTICIPACOES S.A.;016284;FCA;7239;2011-05-06;http://www.rad.cvm.gov.br/ENETCONSULTA/frmDownloadDocumento.aspx?CodigoInstituicao=1&NumeroSequencialDocumento=7239
01.851.771/0001-55;2011-01-01;3;524 PARTICIPACOES S.A.;016284;FCA;8441;2011-05-23;http://www.rad.cvm.gov.br/ENETCONSULTA/frmDownloadDocumento.aspx?CodigoInstituicao=1&NumeroSequencialDocumento=8441
01.851.771/0001-55;2011-01-01;4;524 PARTICIPACOES S.A.;016284;FCA;8578;2011-05-26;http://www.rad.cvm.gov.br/ENETCONSULTA/frmDownloadDocumento.aspx?CodigoInstituicao=1&NumeroSequencialDocumento=8578
01.858.774/0001-10;2011-01-01;1;BV LEASING - ARRENDAMENTO MERCANTIL S.A.;020133;FCA;5004;2011-02-25;http://www.rad.cvm.gov.br/ENETCONSULTA/frmDownloadDocumento.aspx?CodigoInstituicao=1&NumeroSequencialDocumento=5004
01.858.774/0001-10;2011-01-01;2;BV LEASING - ARRENDAMENTO MERCANTIL S.A.;020133;FCA;9275;2011-05-31;http://www.rad.cvm.gov.br/ENETCONSULTA/frmDownloadDocumento.aspx?CodigoInstituicao=1&NumeroSequencialDocumento=9275
01.858.774/0001-10;2011-01-01;3;BV LEASING - ARRENDAMENTO MERCANTIL S.A.;020133;FCA;11621;2011-09-06;http://www.rad.cvm.gov.br/ENETCONSULTA/frmDownloadDocumento.aspx?CodigoInstituicao=1&NumeroSequencialDocumento=11621
01.858.774/0001-10;2011-01-01;4;BV LEASING - ARRENDAMENTO MERCANTIL S.A.;020133;FCA;12370;2011-11-07;http://www.rad.cvm.gov.br/ENETCONSULTA/frmDownloadDocumento.aspx?CodigoInstituicao=1&NumeroSequencialDocumento=12370
01.896.779/0001-38;2011-01-01;1;CSU DIGITAL S.A.;020044;FCA;4137;2011-01-07;http://www.rad.cvm.gov.br/ENETCONSULTA/frmDownloadDocumento.aspx?CodigoInstituicao=1&NumeroSequencialDocumento=4137
01.896.779/0001-38;2011-01-01;2;CSU DIGITAL S.A.;020044;FCA;9458;2011-06-01;http://www.rad.cvm.gov.br/ENETCONSULTA/frmDownloadDocumento.aspx?CodigoInstituicao=1&NumeroSequencialDocumento=9458
01.917.705/0001-30;2011-01-01;1;AES ELPA S.A.;019313;FCA;4342;2011-01-20;http://www.rad.cvm.gov.br/ENETCONSULTA/frmDownloadDocumento.aspx?CodigoInstituicao=1&NumeroSequencialDocumento=4342
01.917.705/0001-30;2011-01-01;2;AES ELPA S.A.;019313;FCA;5318;2011-03-17;http://www.rad.cvm.gov.br/ENETCONSULTA/frmDownloadDocumento.aspx?CodigoInstituicao=1&NumeroSequencialDocumento=5318
01.917.705/0001-30;2011-01-01;3;AES ELPA S.A.;019313;FCA;8542;2011-05-26;http://www.rad.cvm.gov.br/ENETCONSULTA/frmDownloadDocumento.aspx?CodigoInstituicao=1&NumeroSequencialDocumento=8542
01.917.705/0001-30;2011-01-01;4;AES ELPA S.A.;019313;FCA;11291;2011-08-18;http://www.rad.cvm.gov.br/ENETCONSULTA/frmDownloadDocumento.aspx?CodigoInstituicao=1&NumeroSequencialDocumento=11291
01.938.783/0001-11;2011-01-01;1;CIA PARTICIPACOES ALIANCA DA BAHIA;018708;FCA;6543;2011-04-15;http://www.rad.cvm.gov.br/ENETCONSULTA/frmDownloadDocumento.aspx?CodigoInstituicao=1&NumeroSequencialDocumento=6543
01.938.783/0001-11;2011-01-01;2;CIA PARTICIPACOES ALIANCA DA BAHIA;018708;FCA;8828;2011-05-31;http://www.rad.cvm.gov.br/ENETCONSULTA/frmDownloadDocumento.aspx?CodigoInstituicao=1&NumeroSequencialDocumento=8828
01.957.772/0001-89;2011-01-01;1;SUL 116 PARTICIPACOES S.A.;016438;FCA;5925;2011-03-30;http://www.rad.cvm.gov.br/ENETCONSULTA/frmDownloadDocumento.aspx?CodigoInstituicao=1&NumeroSequencialDocumento=5925
01.957.772/0001-89;2011-01-01;2;SUL 116 PARTICIPACOES S.A.;016438;FCA;7392;2011-05-09;http://www.rad.cvm.gov.br/ENETCONSULTA/frmDownloadDocumento.aspx?CodigoInstituicao=1&NumeroSequencialDocumento=7392
01.957.772/0001-89;2011-01-01;3;SUL 116 PARTICIPACOES S.A.;016438;FCA;10562;2011-08-05;http://www.rad.cvm.gov.br/ENETCONSULTA/frmDownloadDocumento.aspx?CodigoInstituicao=1&NumeroSequencialDocumento=10562
01.971.614/0001-83;2011-01-01;1;EMPRESA NAC COM REDITO PART S.A.ENCORPAR;016497;FCA;5963;2011-03-30;http://www.rad.cvm.gov.br/ENETCONSULTA/frmDownloadDocumento.aspx?CodigoInstituicao=1&NumeroSequencialDocumento=5963
01.971.614/0001-83;2011-01-01;2;EMPRESA NAC COM REDITO PART S.A.ENCORPAR;016497;FCA;9414;2011-06-01;http://www.rad.cvm.gov.br/ENETCONSULTA/frmDownloadDocumento.aspx?CodigoInstituicao=1&NumeroSequencialDocumento=9414
01.989.044/0001-59;2011-01-01;1;WTC RIO EMPREEND. E PARTICIPAÇÕES S.A.;016551;FCA;6379;2011-04-06;http://www.rad.cvm.gov.br/ENETCONSULTA/frmDownloadDocumento.aspx?CodigoInstituicao=1&NumeroSequencialDocumento=6379
02.016.439/0001-38;2011-01-01;1;RIO GRANDE ENERGIA SA;016535;FCA;4074;2011-01-05;http://www.rad.cvm.gov.br/ENETCONSULTA/frmDownloadDocumento.aspx?CodigoInstituicao=1&NumeroSequencialDocumento=4074
02.016.439/0001-38;2011-01-01;2;RIO GRANDE ENERGIA SA;016535;FCA;5837;2011-03-29;http://www.rad.cvm.gov.br/ENETCONSULTA/frmDownloadDocumento.aspx?CodigoInstituicao=1&NumeroSequencialDocumento=5837
02.016.439/0001-38;2011-01-01;3;RIO GRANDE ENERGIA SA;016535;FCA;8944;2011-05-31;http://www.rad.cvm.gov.br/ENETCONSULTA/frmDownloadDocumento.aspx?CodigoInstituicao=1&NumeroSequencialDocumento=8944
02.016.439/0001-38;2011-01-01;4;RIO GRANDE ENERGIA SA;016535;FCA;13415;2011-12-21;http://www.rad.cvm.gov.br/ENETCONSULTA/frmDownloadDocumento.aspx?CodigoInstituicao=1&NumeroSequencialDocumento=13415
02.016.440/0001-62;2011-01-01;1;RGE SUL DISTRIBUIDORA DE ENERGIA S.A.;016527;FCA;5408;2011-03-22;http://www.rad.cvm.gov.br/ENETCONSULTA/frmDownloadDocumento.aspx?CodigoInstituicao=1&NumeroSequencialDocumento=5408
02.016.440/0001-62;2011-01-01;2;RGE SUL DISTRIBUIDORA DE ENERGIA S.A.;016527;FCA;7365;2011-05-09;http://www.rad.cvm.gov.br/ENETCONSULTA/frmDownloadDocumento.aspx?CodigoInstituicao=1&NumeroSequencialDocumento=7365
02.062.747/0001-08;2011-01-01;1;SUDESTE S.A.;016586;FCA;5023;2011-02-28;http://www.rad.cvm.gov.br/ENETCONSULTA/frmDownloadDocumento.aspx?CodigoInstituicao=1&NumeroSequencialDocumento=5023
02.062.747/0001-08;2011-01-01;2;SUDESTE S.A.;016586;FCA;8504;2011-05-25;http://www.rad.cvm.gov.br/ENETCONSULTA/frmDownloadDocumento.aspx?CodigoInstituicao=1&NumeroSequencialDocumento=8504
02.084.220/0001-76;2011-01-01;1;NUMERAL 80 PARTICIPAÇÕES S.A.;016446;FCA;4443;2011-01-26;http://www.rad.cvm.gov.br/ENETCONSULTA/frmDownloadDocumento.aspx?CodigoInstituicao=1&NumeroSequencialDocumento=4443
02.084.220/0001-76;2011-01-01;2;NUMERAL 80 PARTICIPAÇÕES S.A.;016446;FCA;7098;2011-05-04;http://www.rad.cvm.gov.br/ENETCONSULTA/frmDownloadDocumento.aspx?CodigoInstituicao=1&NumeroSequencialDocumento=7098
02.084.220/0001-76;2011-01-01;3;NUMERAL 80 PARTICIPAÇÕES S.A.;016446;FCA;13510;2011-12-27;http://www.rad.cvm.gov.br/ENETCONSULTA/frmDownloadDocumento.aspx?CodigoInstituicao=1&NumeroSequencialDocumento=13510
02.105.040/0001-23;2011-01-01;1;VIRGO II COMPANHIA DE SECURITIZACAO;018287;FCA;5231;2011-03-14;http://www.rad.cvm.gov.br/ENETCONSULTA/frmDownloadDocumento.aspx?CodigoInstituicao=1&NumeroSequencialDocumento=5231
02.105.040/0001-23;2011-01-01;2;VIRGO II COMPANHIA DE SECURITIZACAO;018287;FCA;9406;2011-06-01;http://www.rad.cvm.gov.br/ENETCONSULTA/frmDownloadDocumento.aspx?CodigoInstituicao=1&NumeroSequencialDocumento=9406
02.105.040/0001-23;2011-01-01;3;VIRGO II COMPANHIA DE SECURITIZACAO;018287;FCA;11056;2011-08-15;http://www.rad.cvm.gov.br/ENETCONSULTA/frmDownloadDocumento.aspx?CodigoInstituicao=1&NumeroSequencialDocumento=11056
02.107.946/0001-87;2011-01-01;1;TELEMAR PARTICIPAÇÕES SA;018678;FCA;6228;2011-04-01;http://www.rad.cvm.gov.br/ENETCONSULTA/frmDownloadDocumento.aspx?CodigoInstituicao=1&NumeroSequencialDocumento=6228
02.107.946/0001-87;2011-01-01;2;TELEMAR PARTICIPAÇÕES SA;018678;FCA;7311;2011-05-06;http://www.rad.cvm.gov.br/ENETCONSULTA/frmDownloadDocumento.aspx?CodigoInstituicao=1&NumeroSequencialDocumento=7311
02.107.946/0001-87;2011-01-01;3;TELEMAR PARTICIPAÇÕES SA;018678;FCA;9780;2011-06-20;http://www.rad.cvm.gov.br/ENETCONSULTA/frmDownloadDocumento.aspx?CodigoInstituicao=1&NumeroSequencialDocumento=9780
02.117.801/0001-67;2011-01-01;1;BONAIRE PARTICIPACOES S.A. - EM LIQUIDAÇÃO;016560;FCA;4282;2011-01-14;http://www.rad.cvm.gov.br/ENETCONSULTA/frmDownloadDocumento.aspx?CodigoInstituicao=1&NumeroSequencialDocumento=4282
02.117.801/0001-67;2011-01-01;2;BONAIRE PARTICIPACOES S.A. - EM LIQUIDAÇÃO;016560;FCA;8752;2011-05-30;http://www.rad.cvm.gov.br/ENETCONSULTA/frmDownloadDocumento.aspx?CodigoInstituicao=1&NumeroSequencialDocumento=8752
02.149.205/0001-69;2011-01-01;1;PORTO SEGURO S.A.;016659;FCA;5008;2011-02-25;http://www.rad.cvm.gov.br/ENETCONSULTA/frmDownloadDocumento.aspx?CodigoInstituicao=1&NumeroSequencialDocumento=5008
02.149.205/0001-69;2011-01-01;2;PORTO SEGURO S.A.;016659;FCA;9408;2011-06-01;http://www.rad.cvm.gov.br/ENETCONSULTA/frmDownloadDocumento.aspx?CodigoInstituicao=1&NumeroSequencialDocumento=9408
02.149.205/0001-69;2011-01-01;3;PORTO SEGURO S.A.;016659;FCA;9625;2011-06-09;http://www.rad.cvm.gov.br/ENETCONSULTA/frmDownloadDocumento.aspx?CodigoInstituicao=1&NumeroSequencialDocumento=9625
02.149.205/0001-69;2011-01-01;4;PORTO SEGURO S.A.;016659;FCA;10418;2011-07-29;http://www.rad.cvm.gov.br/ENETCONSULTA/frmDownloadDocumento.aspx?CodigoInstituicao=1&NumeroSequencialDocumento=10418
02.162.616/0001-94;2011-01-01;1;UPTICK PARTICIPACOES S.A.;016624;FCA;4287;2011-01-14;http://www.rad.cvm.gov.br/ENETCONSULTA/frmDownloadDocumento.aspx?CodigoInstituicao=1&NumeroSequencialDocumento=4287
02.162.616/0001-94;2011-01-01;2;UPTICK PARTICIPACOES S.A.;016624;FCA;8763;2011-05-30;http://www.rad.cvm.gov.br/ENETCONSULTA/frmDownloadDocumento.aspx?CodigoInstituicao=1&NumeroSequencialDocumento=8763
02.162.616/0001-94;2011-01-01;3;UPTICK PARTICIPACOES S.A.;016624;FCA;10715;2011-08-10;http://www.rad.cvm.gov.br/ENETCONSULTA/frmDownloadDocumento.aspx?CodigoInstituicao=1&NumeroSequencialDocumento=10715
02.183.757/0001-93;2011-01-01;1;EDITORA ABRIL S/A;019143;FCA;6087;2011-03-31;http://www.rad.cvm.gov.br/ENETCONSULTA/frmDownloadDocumento.aspx?CodigoInstituicao=1&NumeroSequencialDocumento=6087
02.183.757/0001-93;2011-01-01;2;EDITORA ABRIL S/A;019143;FCA;6679;2011-04-26;http://www.rad.cvm.gov.br/ENETCONSULTA/frmDownloadDocumento.aspx?CodigoInstituicao=1&NumeroSequencialDocumento=6679
02.183.757/0001-93;2011-01-01;3;EDITORA ABRIL S/A;019143;FCA;6681;2011-04-26;http://www.rad.cvm.gov.br/ENETCONSULTA/frmDownloadDocumento.aspx?CodigoInstituicao=1&NumeroSequencialDocumento=6681
02.183.757/0001-93;2011-01-01;4;EDITORA ABRIL S/A;019143;FCA;9409;2011-06-01;http://www.rad.cvm.gov.br/ENETCONSULTA/frmDownloadDocumento.aspx?CodigoInstituicao=1&NumeroSequencialDocumento=9409
02.193.750/0001-52;2011-01-01;1;DEXXOS PARTICIPAÇÕES S.A.;016632;FCA;6192;2011-03-31;http://www.rad.cvm.gov.br/ENETCONSULTA/frmDownloadDocumento.aspx?CodigoInstituicao=1&NumeroSequencialDocumento=6192
02.193.750/0001-52;2011-01-01;2;DEXXOS PARTICIPAÇÕES S.A.;016632;FCA;6224;2011-04-01;http://www.rad.cvm.gov.br/ENETCONSULTA/frmDownloadDocumento.aspx?CodigoInstituicao=1&NumeroSequencialDocumento=6224
02.193.750/0001-52;2011-01-01;3;DEXXOS PARTICIPAÇÕES S.A.;016632;FCA;8499;2011-05-25;http://www.rad.cvm.gov.br/ENETCONSULTA/frmDownloadDocumento.aspx?CodigoInstituicao=1&NumeroSequencialDocumento=8499
02.193.750/0001-52;2011-01-01;4;DEXXOS PARTICIPAÇÕES S.A.;016632;FCA;13135;2011-11-28;http://www.rad.cvm.gov.br/ENETCONSULTA/frmDownloadDocumento.aspx?CodigoInstituicao=1&NumeroSequencialDocumento=13135
02.193.750/0001-52;2011-01-01;5;DEXXOS PARTICIPAÇÕES S.A.;016632;FCA;13281;2011-12-12;http://www.rad.cvm.gov.br/ENETCONSULTA/frmDownloadDocumento.aspx?CodigoInstituicao=1&NumeroSequencialDocumento=13281
02.193.750/0001-52;2011-01-01;6;DEXXOS PARTICIPAÇÕES S.A.;016632;FCA;13282;2011-12-12;http://www.rad.cvm.gov.br/ENETCONSULTA/frmDownloadDocumento.aspx?CodigoInstituicao=1&NumeroSequencialDocumento=13282
02.201.787/0001-85;2011-01-01;1;CEL PARTICIPAÇÕES S.A. - CELPAR;016675;FCA;4279;2011-01-14;http://www.rad.cvm.gov.br/ENETCONSULTA/frmDownloadDocumento.aspx?CodigoInstituicao=1&NumeroSequencialDocumento=4279
02.201.787/0001-85;2011-01-01;2;CEL PARTICIPAÇÕES S.A. - CELPAR;016675;FCA;4281;2011-01-14;http://www.rad.cvm.gov.br/ENETCONSULTA/frmDownloadDocumento.aspx?CodigoInstituicao=1&NumeroSequencialDocumento=4281
02.201.787/0001-85;2011-01-01;3;CEL PARTICIPAÇÕES S.A. - CELPAR;016675;FCA;8284;2011-05-18;http://www.rad.cvm.gov.br/ENETCONSULTA/frmDownloadDocumento.aspx?CodigoInstituicao=1&NumeroSequencialDocumento=8284
02.217.319/0001-07;2011-01-01;1;YBYRÁ CAPITAL S.A.;016705;FCA;5678;2011-03-28;http://www.rad.cvm.gov.br/ENETCONSULTA/frmDownloadDocumento.aspx?CodigoInstituicao=1&NumeroSequencialDocumento=5678
02.217.319/0001-07;2011-01-01;2;YBYRÁ CAPITAL S.A.;016705;FCA;7243;2011-05-06;http://www.rad.cvm.gov.br/ENETCONSULTA/frmDownloadDocumento.aspx?CodigoInstituicao=1&NumeroSequencialDocumento=7243
02.217.319/0001-07;2011-01-01;3;YBYRÁ CAPITAL S.A.;016705;FCA;8443;2011-05-23;http://www.rad.cvm.gov.br/ENETCONSULTA/frmDownloadDocumento.aspx?CodigoInstituicao=1&NumeroSequencialDocumento=8443
02.217.319/0001-07;2011-01-01;4;YBYRÁ CAPITAL S.A.;016705;FCA;8659;2011-05-27;http://www.rad.cvm.gov.br/ENETCONSULTA/frmDownloadDocumento.aspx?CodigoInstituicao=1&NumeroSequencialDocumento=8659
02.217.325/0001-56;2011-01-01;1;LIGA FUTEBOL SA;016691;FCA;4349;2011-01-20;http://www.rad.cvm.gov.br/ENETCONSULTA/frmDownloadDocumento.aspx?CodigoInstituicao=1&NumeroSequencialDocumento=4349
02.217.325/0001-56;2011-01-01;2;LIGA FUTEBOL SA;016691;FCA;8442;2011-05-23;http://www.rad.cvm.gov.br/ENETCONSULTA/frmDownloadDocumento.aspx?CodigoInstituicao=1&NumeroSequencialDocumento=8442
02.217.325/0001-56;2011-01-01;3;LIGA FUTEBOL SA;016691;FCA;8547;2011-05-26;http://www.rad.cvm.gov.br/ENETCONSULTA/frmDownloadDocumento.aspx?CodigoInstituicao=1&NumeroSequencialDocumento=8547
02.221.531/0001-30;2011-01-01;1;RDN CONCESSÕES E PARTICIPAÇÕES S.A.;019151;FCA;5858;2011-03-29;http://www.rad.cvm.gov.br/ENETCONSULTA/frmDownloadDocumento.aspx?CodigoInstituicao=1&NumeroSequencialDocumento=5858
02.221.531/0001-30;2011-01-01;2;RDN CONCESSÕES E PARTICIPAÇÕES S.A.;019151;FCA;8005;2011-05-16;http://www.rad.cvm.gov.br/ENETCONSULTA/frmDownloadDocumento.aspx?CodigoInstituicao=1&NumeroSequencialDocumento=8005
02.221.531/0001-30;2011-01-01;3;RDN CONCESSÕES E PARTICIPAÇÕES S.A.;019151;FCA;10347;2011-07-28;http://www.rad.cvm.gov.br/ENETCONSULTA/frmDownloadDocumento.aspx?CodigoInstituicao=1&NumeroSequencialDocumento=10347
02.222.736/0001-30;2011-01-01;1;EMPRESA CONC RODOV DO NORTE S.A.ECONORTE;019011;FCA;5697;2011-03-28;http://www.rad.cvm.gov.br/ENETCONSULTA/frmDownloadDocumento.aspx?CodigoInstituicao=1&NumeroSequencialDocumento=5697
02.222.736/0001-30;2011-01-01;2;EMPRESA CONC RODOV DO NORTE S.A.ECONORTE;019011;FCA;8587;2011-05-27;http://www.rad.cvm.gov.br/ENETCONSULTA/frmDownloadDocumento.aspx?CodigoInstituicao=1&NumeroSequencialDocumento=8587
02.222.736/0001-30;2011-01-01;3;EMPRESA CONC RODOV DO NORTE S.A.ECONORTE;019011;FCA;10179;2011-07-18;http://www.rad.cvm.gov.br/ENETCONSULTA/frmDownloadDocumento.aspx?CodigoInstituicao=1&NumeroSequencialDocumento=10179
02.225.714/0001-23;2011-01-01;1;INEPAR ENERGIA SA;016730;FCA;6123;2011-03-31;http://www.rad.cvm.gov.br/ENETCONSULTA/frmDownloadDocumento.aspx?CodigoInstituicao=1&NumeroSequencialDocumento=6123
02.225.714/0001-23;2011-01-01;2;INEPAR ENERGIA SA;016730;FCA;7126;2011-05-04;http://www.rad.cvm.gov.br/ENETCONSULTA/frmDownloadDocumento.aspx?CodigoInstituicao=1&NumeroSequencialDocumento=7126
02.225.714/0001-23;2011-01-01;3;INEPAR ENERGIA SA;016730;FCA;8228;2011-05-17;http://www.rad.cvm.gov.br/ENETCONSULTA/frmDownloadDocumento.aspx?CodigoInstituicao=1&NumeroSequencialDocumento=8228
02.258.422/0001-97;2011-01-01;1;INEPAR EQUIPAMENTOS E MONTAGENS S/A - EM RECUPERACAO JUDICIA;017868;FCA;6112;2011-03-31;http://www.rad.cvm.gov.br/ENETCONSULTA/frmDownloadDocumento.aspx?CodigoInstituicao=1&NumeroSequencialDocumento=6112
02.258.422/0001-97;2011-01-01;2;INEPAR EQUIPAMENTOS E MONTAGENS S/A - EM RECUPERACAO JUDICIA;017868;FCA;7081;2011-05-04;http://www.rad.cvm.gov.br/ENETCONSULTA/frmDownloadDocumento.aspx?CodigoInstituicao=1&NumeroSequencialDocumento=7081
02.258.422/0001-97;2011-01-01;3;INEPAR EQUIPAMENTOS E MONTAGENS S/A - EM RECUPERACAO JUDICIA;017868;FCA;8280;2011-05-18;http://www.rad.cvm.gov.br/ENETCONSULTA/frmDownloadDocumento.aspx?CodigoInstituicao=1&NumeroSequencialDocumento=8280
02.281.836/0001-37;2011-01-01;1;TRANSNORDESTINA LOGISTICA SA;020443;FCA;5660;2011-03-28;http://www.rad.cvm.gov.br/ENETCONSULTA/frmDownloadDocumento.aspx?CodigoInstituicao=1&NumeroSequencialDocumento=5660
02.281.836/0001-37;2011-01-01;2;TRANSNORDESTINA LOGISTICA SA;020443;FCA;12369;2011-11-07;http://www.rad.cvm.gov.br/ENETCONSULTA/frmDownloadDocumento.aspx?CodigoInstituicao=1&NumeroSequencialDocumento=12369
02.286.509/0001-78;2011-01-01;1;SUBESTAÇÃO ELETROMETRÔ S/A;017787;FCA;5809;2011-03-29;http://www.rad.cvm.gov.br/ENETCONSULTA/frmDownloadDocumento.aspx?CodigoInstituicao=1&NumeroSequencialDocumento=5809
02.286.509/0001-78;2011-01-01;2;SUBESTAÇÃO ELETROMETRÔ S/A;017787;FCA;8219;2011-05-17;http://www.rad.cvm.gov.br/ENETCONSULTA/frmDownloadDocumento.aspx?CodigoInstituicao=1&NumeroSequencialDocumento=8219
02.286.509/0001-78;2011-01-01;3;SUBESTAÇÃO ELETROMETRÔ S/A;017787;FCA;11776;2011-09-20;http://www.rad.cvm.gov.br/ENETCONSULTA/frmDownloadDocumento.aspx?CodigoInstituicao=1&NumeroSequencialDocumento=11776
02.291.077/0001-93;2011-01-01;1;PRODUTORES ENERGET.DE MANSO S.A.- PROMAN;019232;FCA;4631;2011-02-08;http://www.rad.cvm.gov.br/ENETCONSULTA/frmDownloadDocumento.aspx?CodigoInstituicao=1&NumeroSequencialDocumento=4631
02.291.077/0001-93;2011-01-01;2;PRODUTORES ENERGET.DE MANSO S.A.- PROMAN;019232;FCA;5471;2011-03-23;http://www.rad.cvm.gov.br/ENETCONSULTA/frmDownloadDocumento.aspx?CodigoInstituicao=1&NumeroSequencialDocumento=5471
02.291.077/0001-93;2011-01-01;3;PRODUTORES ENERGET.DE MANSO S.A.- PROMAN;019232;FCA;5485;2011-03-23;http://www.rad.cvm.gov.br/ENETCONSULTA/frmDownloadDocumento.aspx?CodigoInstituicao=1&NumeroSequencialDocumento=5485
02.291.077/0001-93;2011-01-01;4;PRODUTORES ENERGET.DE MANSO S.A.- PROMAN;019232;FCA;5549;2011-03-24;http://www.rad.cvm.gov.br/ENETCONSULTA/frmDownloadDocumento.aspx?CodigoInstituicao=1&NumeroSequencialDocumento=5549
02.291.077/0001-93;2011-01-01;5;PRODUTORES ENERGET.DE MANSO S.A.- PROMAN;019232;FCA;5647;2011-03-27;http://www.rad.cvm.gov.br/ENETCONSULTA/frmDownloadDocumento.aspx?CodigoInstituicao=1&NumeroSequencialDocumento=5647
02.291.077/0001-93;2011-01-01;6;PRODUTORES ENERGET.DE MANSO S.A.- PROMAN;019232;FCA;5727;2011-03-28;http://www.rad.cvm.gov.br/ENETCONSULTA/frmDownloadDocumento.aspx?CodigoInstituicao=1&NumeroSequencialDocumento=5727
02.291.077/0001-93;2011-01-01;7;PRODUTORES ENERGET.DE MANSO S.A.- PROMAN;019232;FCA;6776;2011-04-29;http://www.rad.cvm.gov.br/ENETCONSULTA/frmDownloadDocumento.aspx?CodigoInstituicao=1&NumeroSequencialDocumento=6776
02.291.077/0001-93;2011-01-01;8;PRODUTORES ENERGET.DE MANSO S.A.- PROMAN;019232;FCA;7185;2011-05-05;http://www.rad.cvm.gov.br/ENETCONSULTA/frmDownloadDocumento.aspx?CodigoInstituicao=1&NumeroSequencialDocumento=7185
02.291.077/0001-93;2011-01-01;9;PRODUTORES ENERGET.DE MANSO S.A.- PROMAN;019232;FCA;8391;2011-05-20;http://www.rad.cvm.gov.br/ENETCONSULTA/frmDownloadDocumento.aspx?CodigoInstituicao=1&NumeroSequencialDocumento=8391
02.291.077/0001-93;2011-01-01;10;PRODUTORES ENERGET.DE MANSO S.A.- PROMAN;019232;FCA;10210;2011-07-20;http://www.rad.cvm.gov.br/ENETCONSULTA/frmDownloadDocumento.aspx?CodigoInstituicao=1&NumeroSequencialDocumento=10210
02.291.077/0001-93;2011-01-01;11;PRODUTORES ENERGET.DE MANSO S.A.- PROMAN;019232;FCA;10263;2011-07-22;http://www.rad.cvm.gov.br/ENETCONSULTA/frmDownloadDocumento.aspx?CodigoInstituicao=1&NumeroSequencialDocumento=10263
02.291.077/0001-93;2011-01-01;12;PRODUTORES ENERGET.DE MANSO S.A.- PROMAN;019232;FCA;10393;2011-07-29;http://www.rad.cvm.gov.br/ENETCONSULTA/frmDownloadDocumento.aspx?CodigoInstituicao=1&NumeroSequencialDocumento=10393
02.302.100/0001-06;2011-01-01;1;EDP SÃO PAULO DISTRIBUIÇÃO DE ENERGIA S.A.;016985;FCA;4077;2011-01-05;http://www.rad.cvm.gov.br/ENETCONSULTA/frmDownloadDocumento.aspx?CodigoInstituicao=1&NumeroSequencialDocumento=4077
02.302.100/0001-06;2011-01-01;2;EDP SÃO PAULO DISTRIBUIÇÃO DE ENERGIA S.A.;016985;FCA;8529;2011-05-25;http://www.rad.cvm.gov.br/ENETCONSULTA/frmDownloadDocumento.aspx?CodigoInstituicao=1&NumeroSequencialDocumento=8529
02.302.100/0001-06;2011-01-01;3;EDP SÃO PAULO DISTRIBUIÇÃO DE ENERGIA S.A.;016985;FCA;11640;2011-09-08;http://www.rad.cvm.gov.br/ENETCONSULTA/frmDownloadDocumento.aspx?CodigoInstituicao=1&NumeroSequencialDocumento=11640
02.302.101/0001-42;2011-01-01;1;EMAE - EMPRESA METROP.AGUAS ENERGIA S.A.;016993;FCA;4160;2011-01-10;http://www.rad.cvm.gov.br/ENETCONSULTA/frmDownloadDocumento.aspx?CodigoInstituicao=1&NumeroSequencialDocumento=4160
02.302.101/0001-42;2011-01-01;2;EMAE - EMPRESA METROP.AGUAS ENERGIA S.A.;016993;FCA;4732;2011-02-14;http://www.rad.cvm.gov.br/ENETCONSULTA/frmDownloadDocumento.aspx?CodigoInstituicao=1&NumeroSequencialDocumento=4732
02.302.101/0001-42;2011-01-01;3;EMAE - EMPRESA METROP.AGUAS ENERGIA S.A.;016993;FCA;6581;2011-04-18;http://www.rad.cvm.gov.br/ENETCONSULTA/frmDownloadDocumento.aspx?CodigoInstituicao=1&NumeroSequencialDocumento=6581
02.302.101/0001-42;2011-01-01;4;EMAE - EMPRESA METROP.AGUAS ENERGIA S.A.;016993;FCA;8623;2011-05-27;http://www.rad.cvm.gov.br/ENETCONSULTA/frmDownloadDocumento.aspx?CodigoInstituicao=1&NumeroSequencialDocumento=8623
02.302.101/0001-42;2011-01-01;5;EMAE - EMPRESA METROP.AGUAS ENERGIA S.A.;016993;FCA;12450;2011-11-09;http://www.rad.cvm.gov.br/ENETCONSULTA/frmDownloadDocumento.aspx?CodigoInstituicao=1&NumeroSequencialDocumento=12450
02.312.604/0001-07;2011-01-01;1;DALETH PARTICIPAÇÕES SA - EM LIQUIDAÇÃO;016950;FCA;5933;2011-03-30;http://www.rad.cvm.gov.br/ENETCONSULTA/frmDownloadDocumento.aspx?CodigoInstituicao=1&NumeroSequencialDocumento=5933
02.312.604/0001-07;2011-01-01;2;DALETH PARTICIPAÇÕES SA - EM LIQUIDAÇÃO;016950;FCA;9296;2011-05-31;http://www.rad.cvm.gov.br/ENETCONSULTA/frmDownloadDocumento.aspx?CodigoInstituicao=1&NumeroSequencialDocumento=9296
02.312.666/0001-00;2011-01-01;1;FG TRUST SA;017043;FCA;6020;2011-03-30;http://www.rad.cvm.gov.br/ENETCONSULTA/frmDownloadDocumento.aspx?CodigoInstituicao=1&NumeroSequencialDocumento=6020
02.312.666/0001-00;2011-01-01;2;FG TRUST SA;017043;FCA;9496;2011-06-02;http://www.rad.cvm.gov.br/ENETCONSULTA/frmDownloadDocumento.aspx?CodigoInstituicao=1&NumeroSequencialDocumento=9496
02.312.699/0001-50;2011-01-01;1;METALTRUST S/A (5212 PARTICIPAÇÕES S/A);017370;FCA;4571;2011-02-04;http://www.rad.cvm.gov.br/ENETCONSULTA/frmDownloadDocumento.aspx?CodigoInstituicao=1&NumeroSequencialDocumento=4571
02.312.699/0001-50;2011-01-01;2;METALTRUST S/A (5212 PARTICIPAÇÕES S/A);017370;FCA;8421;2011-05-23;http://www.rad.cvm.gov.br/ENETCONSULTA/frmDownloadDocumento.aspx?CodigoInstituicao=1&NumeroSequencialDocumento=8421
02.318.346/0001-68;2011-01-01;1;OPPORTUNITY ENERGIA E PARTICIPACOES S.A. - EM LIQUIDAÇÃO;016942;FCA;5672;2011-03-28;http://www.rad.cvm.gov.br/ENETCONSULTA/frmDownloadDocumento.aspx?CodigoInstituicao=1&NumeroSequencialDocumento=5672
02.318.346/0001-68;2011-01-01;2;OPPORTUNITY ENERGIA E PARTICIPACOES S.A. - EM LIQUIDAÇÃO;016942;FCA;8565;2011-05-26;http://www.rad.cvm.gov.br/ENETCONSULTA/frmDownloadDocumento.aspx?CodigoInstituicao=1&NumeroSequencialDocumento=8565
02.328.280/0001-97;2011-01-01;1;ELEKTRO REDES S.A.;017485;FCA;4480;2011-01-28;http://www.rad.cvm.gov.br/ENETCONSULTA/frmDownloadDocumento.aspx?CodigoInstituicao=1&NumeroSequencialDocumento=4480
02.328.280/0001-97;2011-01-01;2;ELEKTRO REDES S.A.;017485;FCA;7292;2011-05-06;http://www.rad.cvm.gov.br/ENETCONSULTA/frmDownloadDocumento.aspx?CodigoInstituicao=1&NumeroSequencialDocumento=7292
02.328.280/0001-97;2011-01-01;3;ELEKTRO REDES S.A.;017485;FCA;9977;2011-07-05;http://www.rad.cvm.gov.br/ENETCONSULTA/frmDownloadDocumento.aspx?CodigoInstituicao=1&NumeroSequencialDocumento=9977
02.328.280/0001-97;2011-01-01;4;ELEKTRO REDES S.A.;017485;FCA;10203;2011-07-20;http://www.rad.cvm.gov.br/ENETCONSULTA/frmDownloadDocumento.aspx?CodigoInstituicao=1&NumeroSequencialDocumento=10203
02.335.514/0001-23;2011-01-01;1;FIAGO PARTICIPACOES SA;016896;FCA;4305;2011-01-17;http://www.rad.cvm.gov.br/ENETCONSULTA/frmDownloadDocumento.aspx?CodigoInstituicao=1&NumeroSequencialDocumento=4305
02.338.534/0001-58;2011-01-01;1;LONGDIS S.A.;017434;FCA;4043;2011-01-03;http://www.rad.cvm.gov.br/ENETCONSULTA/frmDownloadDocumento.aspx?CodigoInstituicao=1&NumeroSequencialDocumento=4043
02.338.534/0001-58;2011-01-01;2;LONGDIS S.A.;017434;FCA;5899;2011-03-29;http://www.rad.cvm.gov.br/ENETCONSULTA/frmDownloadDocumento.aspx?CodigoInstituicao=1&NumeroSequencialDocumento=5899
02.338.534/0001-58;2011-01-01;3;LONGDIS S.A.;017434;FCA;8033;2011-05-16;http://www.rad.cvm.gov.br/ENETCONSULTA/frmDownloadDocumento.aspx?CodigoInstituicao=1&NumeroSequencialDocumento=8033
02.351.144/0001-18;2011-01-01;1;TEGMA GESTAO LOGISTICA S.A.;020800;FCA;5051;2011-03-01;http://www.rad.cvm.gov.br/ENETCONSULTA/frmDownloadDocumento.aspx?CodigoInstituicao=1&NumeroSequencialDocumento=5051
02.351.144/0001-18;2011-01-01;2;TEGMA GESTAO LOGISTICA S.A.;020800;FCA;8747;2011-05-30;http://www.rad.cvm.gov.br/ENETCONSULTA/frmDownloadDocumento.aspx?CodigoInstituicao=1&NumeroSequencialDocumento=8747
02.363.917/0001-86;2011-01-01;1;RET PARTICIPACOES S.A.;017337;FCA;5915;2011-03-30;http://www.rad.cvm.gov.br/ENETCONSULTA/frmDownloadDocumento.aspx?CodigoInstituicao=1&NumeroSequencialDocumento=5915
02.363.917/0001-86;2011-01-01;2;RET PARTICIPACOES S.A.;017337;FCA;8042;2011-05-16;http://www.rad.cvm.gov.br/ENETCONSULTA/frmDownloadDocumento.aspx?CodigoInstituicao=1&NumeroSequencialDocumento=8042
02.363.918/0001-20;2011-01-01;1;ZAIN PARTICIPACOES S.A.;017361;FCA;6283;2011-04-01;http://www.rad.cvm.gov.br/ENETCONSULTA/frmDownloadDocumento.aspx?CodigoInstituicao=1&NumeroSequencialDocumento=6283
02.363.918/0001-20;2011-01-01;2;ZAIN PARTICIPACOES S.A.;017361;FCA;9303;2011-05-31;http://www.rad.cvm.gov.br/ENETCONSULTA/frmDownloadDocumento.aspx?CodigoInstituicao=1&NumeroSequencialDocumento=9303
02.365.069/0001-44;2011-01-01;1;PADTEC HOLDING S.A.;018414;FCA;4605;2011-02-07;http://www.rad.cvm.gov.br/ENETCONSULTA/frmDownloadDocumento.aspx?CodigoInstituicao=1&NumeroSequencialDocumento=4605
02.365.069/0001-44;2011-01-01;2;PADTEC HOLDING S.A.;018414;FCA;9507;2011-06-02;http://www.rad.cvm.gov.br/ENETCONSULTA/frmDownloadDocumento.aspx?CodigoInstituicao=1&NumeroSequencialDocumento=9507
02.366.097/0001-86;2011-01-01;1;VIANORTE S/A;021830;FCA;4431;2011-01-26;http://www.rad.cvm.gov.br/ENETCONSULTA/frmDownloadDocumento.aspx?CodigoInstituicao=1&NumeroSequencialDocumento=4431
02.366.097/0001-86;2011-01-01;2;VIANORTE S/A;021830;FCA;6114;2011-03-31;http://www.rad.cvm.gov.br/ENETCONSULTA/frmDownloadDocumento.aspx?CodigoInstituicao=1&NumeroSequencialDocumento=6114
02.366.097/0001-86;2011-01-01;3;VIANORTE S/A;021830;FCA;7028;2011-05-03;http://www.rad.cvm.gov.br/ENETCONSULTA/frmDownloadDocumento.aspx?CodigoInstituicao=1&NumeroSequencialDocumento=7028
02.387.241/0001-60;2011-01-01;1;RUMO S.A.;017450;FCA;4785;2011-02-16;http://www.rad.cvm.gov.br/ENETCONSULTA/frmDownloadDocumento.aspx?CodigoInstituicao=1&NumeroSequencialDocumento=4785
02.387.241/0001-60;2011-01-01;2;RUMO S.A.;017450;FCA;5422;2011-03-22;http://www.rad.cvm.gov.br/ENETCONSULTA/frmDownloadDocumento.aspx?CodigoInstituicao=1&NumeroSequencialDocumento=5422
02.387.241/0001-60;2011-01-01;3;RUMO S.A.;017450;FCA;5896;2011-03-29;http://www.rad.cvm.gov.br/ENETCONSULTA/frmDownloadDocumento.aspx?CodigoInstituicao=1&NumeroSequencialDocumento=5896
02.387.241/0001-60;2011-01-01;4;RUMO S.A.;017450;FCA;6217;2011-04-01;http://www.rad.cvm.gov.br/ENETCONSULTA/frmDownloadDocumento.aspx?CodigoInstituicao=1&NumeroSequencialDocumento=6217
02.387.241/0001-60;2011-01-01;5;RUMO S.A.;017450;FCA;7767;2011-05-13;http://www.rad.cvm.gov.br/ENETCONSULTA/frmDownloadDocumento.aspx?CodigoInstituicao=1&NumeroSequencialDocumento=7767
02.390.206/0001-09;2011-01-01;1;LF TEL SA;017442;FCA;6394;2011-04-07;http://www.rad.cvm.gov.br/ENETCONSULTA/frmDownloadDocumento.aspx?CodigoInstituicao=1&NumeroSequencialDocumento=6394
02.390.206/0001-09;2011-01-01;2;LF TEL SA;017442;FCA;9488;2011-06-01;http://www.rad.cvm.gov.br/ENETCONSULTA/frmDownloadDocumento.aspx?CodigoInstituicao=1&NumeroSequencialDocumento=9488
02.390.206/0001-09;2011-01-01;3;LF TEL SA;017442;FCA;10122;2011-07-13;http://www.rad.cvm.gov.br/ENETCONSULTA/frmDownloadDocumento.aspx?CodigoInstituicao=1&NumeroSequencialDocumento=10122
02.397.080/0001-96;2011-01-01;1;ITAPEBI GERACAO DE ENERGIA S.A.;019364;FCA;4178;2011-01-10;http://www.rad.cvm.gov.br/ENETCONSULTA/frmDownloadDocumento.aspx?CodigoInstituicao=1&NumeroSequencialDocumento=4178
02.397.080/0001-96;2011-01-01;2;ITAPEBI GERACAO DE ENERGIA S.A.;019364;FCA;4696;2011-02-10;http://www.rad.cvm.gov.br/ENETCONSULTA/frmDownloadDocumento.aspx?CodigoInstituicao=1&NumeroSequencialDocumento=4696
02.397.080/0001-96;2011-01-01;3;ITAPEBI GERACAO DE ENERGIA S.A.;019364;FCA;8806;2011-05-30;http://www.rad.cvm.gov.br/ENETCONSULTA/frmDownloadDocumento.aspx?CodigoInstituicao=1&NumeroSequencialDocumento=8806
02.397.080/0001-96;2011-01-01;4;ITAPEBI GERACAO DE ENERGIA S.A.;019364;FCA;12225;2011-10-28;http://www.rad.cvm.gov.br/ENETCONSULTA/frmDownloadDocumento.aspx?CodigoInstituicao=1&NumeroSequencialDocumento=12225
02.415.408/0001-50;2011-01-01;1;CONC ROD.OESTE SP VIAOESTE S.A;021024;FCA;4966;2011-02-24;http://www.rad.cvm.gov.br/ENETCONSULTA/frmDownloadDocumento.aspx?CodigoInstituicao=1&NumeroSequencialDocumento=4966
02.415.408/0001-50;2011-01-01;2;CONC ROD.OESTE SP VIAOESTE S.A;021024;FCA;9324;2011-05-31;http://www.rad.cvm.gov.br/ENETCONSULTA/frmDownloadDocumento.aspx?CodigoInstituicao=1&NumeroSequencialDocumento=9324
02.415.408/0001-50;2011-01-01;3;CONC ROD.OESTE SP VIAOESTE S.A;021024;FCA;10298;2011-07-26;http://www.rad.cvm.gov.br/ENETCONSULTA/frmDownloadDocumento.aspx?CodigoInstituicao=1&NumeroSequencialDocumento=10298
02.429.144/0001-93;2011-01-01;1;CPFL ENERGIA S.A.;018660;FCA;4072;2011-01-05;http://www.rad.cvm.gov.br/ENETCONSULTA/frmDownloadDocumento.aspx?CodigoInstituicao=1&NumeroSequencialDocumento=4072
02.429.144/0001-93;2011-01-01;2;CPFL ENERGIA S.A.;018660;FCA;5840;2011-03-29;http://www.rad.cvm.gov.br/ENETCONSULTA/frmDownloadDocumento.aspx?CodigoInstituicao=1&NumeroSequencialDocumento=5840
02.429.144/0001-93;2011-01-01;3;CPFL ENERGIA S.A.;018660;FCA;8943;2011-05-31;http://www.rad.cvm.gov.br/ENETCONSULTA/frmDownloadDocumento.aspx?CodigoInstituicao=1&NumeroSequencialDocumento=8943
02.429.144/0001-93;2011-01-01;4;CPFL ENERGIA S.A.;018660;FCA;13413;2011-12-21;http://www.rad.cvm.gov.br/ENETCONSULTA/frmDownloadDocumento.aspx?CodigoInstituicao=1&NumeroSequencialDocumento=13413
02.451.848/0001-62;2011-01-01;1;CONC SIST ANHANG-BANDEIRANT S.A. AUTOBAN;020192;FCA;5746;2011-03-28;http://www.rad.cvm.gov.br/ENETCONSULTA/frmDownloadDocumento.aspx?CodigoInstituicao=1&NumeroSequencialDocumento=5746
02.451.848/0001-62;2011-01-01;2;CONC SIST ANHANG-BANDEIRANT S.A. AUTOBAN;020192;FCA;9440;2011-06-01;http://www.rad.cvm.gov.br/ENETCONSULTA/frmDownloadDocumento.aspx?CodigoInstituicao=1&NumeroSequencialDocumento=9440
02.451.848/0001-62;2011-01-01;3;CONC SIST ANHANG-BANDEIRANT S.A. AUTOBAN;020192;FCA;10359;2011-07-28;http://www.rad.cvm.gov.br/ENETCONSULTA/frmDownloadDocumento.aspx?CodigoInstituicao=1&NumeroSequencialDocumento=10359
02.465.783/0001-04;2011-01-01;1;FUTURETEL S.A. - EM LIQUIDAÇÃO;017388;FCA;5929;2011-03-30;http://www.rad.cvm.gov.br/ENETCONSULTA/frmDownloadDocumento.aspx?CodigoInstituicao=1&NumeroSequencialDocumento=5929
02.465.783/0001-04;2011-01-01;2;FUTURETEL S.A. - EM LIQUIDAÇÃO;017388;FCA;8686;2011-05-30;http://www.rad.cvm.gov.br/ENETCONSULTA/frmDownloadDocumento.aspx?CodigoInstituicao=1&NumeroSequencialDocumento=8686
02.474.103/0001-19;2011-01-01;1;ENGIE BRASIL ENERGIA S.A.;017329;FCA;4082;2011-01-05;http://www.rad.cvm.gov.br/ENETCONSULTA/frmDownloadDocumento.aspx?CodigoInstituicao=1&NumeroSequencialDocumento=4082
02.474.103/0001-19;2011-01-01;2;ENGIE BRASIL ENERGIA S.A.;017329;FCA;8748;2011-05-30;http://www.rad.cvm.gov.br/ENETCONSULTA/frmDownloadDocumento.aspx?CodigoInstituicao=1&NumeroSequencialDocumento=8748
02.474.103/0001-19;2011-01-01;3;ENGIE BRASIL ENERGIA S.A.;017329;FCA;11367;2011-08-23;http://www.rad.cvm.gov.br/ENETCONSULTA/frmDownloadDocumento.aspx?CodigoInstituicao=1&NumeroSequencialDocumento=11367
02.474.103/0001-19;2011-01-01;4;ENGIE BRASIL ENERGIA S.A.;017329;FCA;11377;2011-08-23;http://www.rad.cvm.gov.br/ENETCONSULTA/frmDownloadDocumento.aspx?CodigoInstituicao=1&NumeroSequencialDocumento=11377
02.476.710/0001-18;2011-01-01;1;TELINVEST S.A.;017418;FCA;5917;2011-03-30;http://www.rad.cvm.gov.br/ENETCONSULTA/frmDownloadDocumento.aspx?CodigoInstituicao=1&NumeroSequencialDocumento=5917
02.476.710/0001-18;2011-01-01;2;TELINVEST S.A.;017418;FCA;8038;2011-05-16;http://www.rad.cvm.gov.br/ENETCONSULTA/frmDownloadDocumento.aspx?CodigoInstituicao=1&NumeroSequencialDocumento=8038
02.502.844/0001-66;2011-01-01;1;RUMO MALHA PAULISTA S.A.;017930;FCA;5178;2011-03-09;http://www.rad.cvm.gov.br/ENETCONSULTA/frmDownloadDocumento.aspx?CodigoInstituicao=1&NumeroSequencialDocumento=5178
02.502.844/0001-66;2011-01-01;2;RUMO MALHA PAULISTA S.A.;017930;FCA;8863;2011-05-31;http://www.rad.cvm.gov.br/ENETCONSULTA/frmDownloadDocumento.aspx?CodigoInstituicao=1&NumeroSequencialDocumento=8863
02.509.491/0001-26;2011-01-01;1;CONC ECOVIAS IMIGRANTES S.A.;020397;FCA;5304;2011-03-17;http://www.rad.cvm.gov.br/ENETCONSULTA/frmDownloadDocumento.aspx?CodigoInstituicao=1&NumeroSequencialDocumento=5304
02.509.491/0001-26;2011-01-01;2;CONC ECOVIAS IMIGRANTES S.A.;020397;FCA;9107;2011-05-31;http://www.rad.cvm.gov.br/ENETCONSULTA/frmDownloadDocumento.aspx?CodigoInstituicao=1&NumeroSequencialDocumento=9107
02.535.295/0001-26;2011-01-01;1;MAORI SA;017779;FCA;6389;2011-04-06;http://www.rad.cvm.gov.br/ENETCONSULTA/frmDownloadDocumento.aspx?CodigoInstituicao=1&NumeroSequencialDocumento=6389
02.535.295/0001-26;2011-01-01;2;MAORI SA;017779;FCA;9253;2011-05-31;http://www.rad.cvm.gov.br/ENETCONSULTA/frmDownloadDocumento.aspx?CodigoInstituicao=1&NumeroSequencialDocumento=9253
02.541.982/0001-54;2011-01-01;1;SOMOS EDUCAÇÃO S.A.;022551;FCA;10292;2011-07-25;http://www.rad.cvm.gov.br/ENETCONSULTA/frmDownloadDocumento.aspx?CodigoInstituicao=1&NumeroSequencialDocumento=10292
02.541.982/0001-54;2011-01-01;2;SOMOS EDUCAÇÃO S.A.;022551;FCA;11154;2011-08-15;http://www.rad.cvm.gov.br/ENETCONSULTA/frmDownloadDocumento.aspx?CodigoInstituicao=1&NumeroSequencialDocumento=11154
02.541.982/0001-54;2011-01-01;3;SOMOS EDUCAÇÃO S.A.;022551;FCA;11841;2011-09-26;http://www.rad.cvm.gov.br/ENETCONSULTA/frmDownloadDocumento.aspx?CodigoInstituicao=1&NumeroSequencialDocumento=11841
02.541.982/0001-54;2011-01-01;4;SOMOS EDUCAÇÃO S.A.;022551;FCA;12669;2011-11-11;http://www.rad.cvm.gov.br/ENETCONSULTA/frmDownloadDocumento.aspx?CodigoInstituicao=1&NumeroSequencialDocumento=12669
02.555.926/0001-79;2011-01-01;1;CENTROVIAS-SISTEMAS RODOVIARIOS S/A;021857;FCA;4429;2011-01-26;http://www.rad.cvm.gov.br/ENETCONSULTA/frmDownloadDocumento.aspx?CodigoInstituicao=1&NumeroSequencialDocumento=4429
02.555.926/0001-79;2011-01-01;2;CENTROVIAS-SISTEMAS RODOVIARIOS S/A;021857;FCA;5709;2011-03-28;http://www.rad.cvm.gov.br/ENETCONSULTA/frmDownloadDocumento.aspx?CodigoInstituicao=1&NumeroSequencialDocumento=5709
02.555.926/0001-79;2011-01-01;3;CENTROVIAS-SISTEMAS RODOVIARIOS S/A;021857;FCA;6977;2011-05-02;http://www.rad.cvm.gov.br/ENETCONSULTA/frmDownloadDocumento.aspx?CodigoInstituicao=1&NumeroSequencialDocumento=6977
02.555.926/0001-79;2011-01-01;4;CENTROVIAS-SISTEMAS RODOVIARIOS S/A;021857;FCA;7435;2011-05-10;http://www.rad.cvm.gov.br/ENETCONSULTA/frmDownloadDocumento.aspx?CodigoInstituicao=1&NumeroSequencialDocumento=7435
02.558.074/0001-73;2011-01-01;1;VIVO PARTICIPAÇÕES SA;017710;FCA;4533;2011-02-01;http://www.rad.cvm.gov.br/ENETCONSULTA/frmDownloadDocumento.aspx?CodigoInstituicao=1&NumeroSequencialDocumento=4533
02.558.074/0001-73;2011-01-01;2;VIVO PARTICIPAÇÕES SA;017710;FCA;8347;2011-05-19;http://www.rad.cvm.gov.br/ENETCONSULTA/frmDownloadDocumento.aspx?CodigoInstituicao=1&NumeroSequencialDocumento=8347
02.558.074/0001-73;2011-01-01;3;VIVO PARTICIPAÇÕES SA;017710;FCA;10308;2011-07-26;http://www.rad.cvm.gov.br/ENETCONSULTA/frmDownloadDocumento.aspx?CodigoInstituicao=1&NumeroSequencialDocumento=10308
02.558.074/0001-73;2011-01-01;4;VIVO PARTICIPAÇÕES SA;017710;FCA;10310;2011-07-26;http://www.rad.cvm.gov.br/ENETCONSULTA/frmDownloadDocumento.aspx?CodigoInstituicao=1&NumeroSequencialDocumento=10310
02.558.115/0001-21;2011-01-01;1;TIM PARTICIPACOES S.A.;017639;FCA;4512;2011-02-01;http://www.rad.cvm.gov.br/ENETCONSULTA/frmDownloadDocumento.aspx?CodigoInstituicao=1&NumeroSequencialDocumento=4512
02.558.115/0001-21;2011-01-01;2;TIM PARTICIPACOES S.A.;017639;FCA;4871;2011-02-21;http://www.rad.cvm.gov.br/ENETCONSULTA/frmDownloadDocumento.aspx?CodigoInstituicao=1&NumeroSequencialDocumento=4871
02.558.115/0001-21;2011-01-01;3;TIM PARTICIPACOES S.A.;017639;FCA;6623;2011-04-19;http://www.rad.cvm.gov.br/ENETCONSULTA/frmDownloadDocumento.aspx?CodigoInstituicao=1&NumeroSequencialDocumento=6623
02.558.115/0001-21;2011-01-01;4;TIM PARTICIPACOES S.A.;017639;FCA;7006;2011-05-02;http://www.rad.cvm.gov.br/ENETCONSULTA/frmDownloadDocumento.aspx?CodigoInstituicao=1&NumeroSequencialDocumento=7006
02.558.115/0001-21;2011-01-01;5;TIM PARTICIPACOES S.A.;017639;FCA;13023;2011-11-16;http://www.rad.cvm.gov.br/ENETCONSULTA/frmDownloadDocumento.aspx?CodigoInstituicao=1&NumeroSequencialDocumento=13023
02.558.124/0001-12;2011-01-01;1;EMBRATEL PARTICIPAÇÕES SA;017647;FCA;5483;2011-03-23;http://www.rad.cvm.gov.br/ENETCONSULTA/frmDownloadDocumento.aspx?CodigoInstituicao=1&NumeroSequencialDocumento=5483
02.558.124/0001-12;2011-01-01;2;EMBRATEL PARTICIPAÇÕES SA;017647;FCA;8376;2011-05-20;http://www.rad.cvm.gov.br/ENETCONSULTA/frmDownloadDocumento.aspx?CodigoInstituicao=1&NumeroSequencialDocumento=8376
02.558.134/0001-58;2011-01-01;1;TELE NORTE LESTE PARTICIPAÇÕES SA;017655;FCA;4382;2011-01-24;http://www.rad.cvm.gov.br/ENETCONSULTA/frmDownloadDocumento.aspx?CodigoInstituicao=1&NumeroSequencialDocumento=4382
02.558.134/0001-58;2011-01-01;2;TELE NORTE LESTE PARTICIPAÇÕES SA;017655;FCA;8688;2011-05-30;http://www.rad.cvm.gov.br/ENETCONSULTA/frmDownloadDocumento.aspx?CodigoInstituicao=1&NumeroSequencialDocumento=8688
02.558.134/0001-58;2011-01-01;3;TELE NORTE LESTE PARTICIPAÇÕES SA;017655;FCA;11209;2011-08-16;http://www.rad.cvm.gov.br/ENETCONSULTA/frmDownloadDocumento.aspx?CodigoInstituicao=1&NumeroSequencialDocumento=11209
02.558.154/0001-29;2011-01-01;1;TELE NORTE CELULAR PARTICIPAÇÕES SA;017604;FCA;4387;2011-01-24;http://www.rad.cvm.gov.br/ENETCONSULTA/frmDownloadDocumento.aspx?CodigoInstituicao=1&NumeroSequencialDocumento=4387
02.558.154/0001-29;2011-01-01;2;TELE NORTE CELULAR PARTICIPAÇÕES SA;017604;FCA;8422;2011-05-23;http://www.rad.cvm.gov.br/ENETCONSULTA/frmDownloadDocumento.aspx?CodigoInstituicao=1&NumeroSequencialDocumento=8422
02.558.154/0001-29;2011-01-01;3;TELE NORTE CELULAR PARTICIPAÇÕES SA;017604;FCA;11216;2011-08-16;http://www.rad.cvm.gov.br/ENETCONSULTA/frmDownloadDocumento.aspx?CodigoInstituicao=1&NumeroSequencialDocumento=11216
02.558.157/0001-62;2011-01-01;1;TELEFÔNICA BRASIL S.A;017671;FCA;4768;2011-02-15;http://www.rad.cvm.gov.br/ENETCONSULTA/frmDownloadDocumento.aspx?CodigoInstituicao=1&NumeroSequencialDocumento=4768
02.558.157/0001-62;2011-01-01;2;TELEFÔNICA BRASIL S.A;017671;FCA;8556;2011-05-26;http://www.rad.cvm.gov.br/ENETCONSULTA/frmDownloadDocumento.aspx?CodigoInstituicao=1&NumeroSequencialDocumento=8556
02.558.157/0001-62;2011-01-01;3;TELEFÔNICA BRASIL S.A;017671;FCA;11955;2011-10-06;http://www.rad.cvm.gov.br/ENETCONSULTA/frmDownloadDocumento.aspx?CodigoInstituicao=1&NumeroSequencialDocumento=11955
02.591.787/0001-39;2011-01-01;1;CAPITALPART PARTICIPACOES S.A.;017493;FCA;4804;2011-02-17;http://www.rad.cvm.gov.br/ENETCONSULTA/frmDownloadDocumento.aspx?CodigoInstituicao=1&NumeroSequencialDocumento=4804
02.591.787/0001-39;2011-01-01;2;CAPITALPART PARTICIPACOES S.A.;017493;FCA;8032;2011-05-16;http://www.rad.cvm.gov.br/ENETCONSULTA/frmDownloadDocumento.aspx?CodigoInstituicao=1&NumeroSequencialDocumento=8032
02.604.860/0001-60;2011-01-01;1;INNCORP S.A.;017558;FCA;5222;2011-03-11;http://www.rad.cvm.gov.br/ENETCONSULTA/frmDownloadDocumento.aspx?CodigoInstituicao=1&NumeroSequencialDocumento=5222
02.604.860/0001-60;2011-01-01;2;INNCORP S.A.;017558;FCA;5909;2011-03-29;http://www.rad.cvm.gov.br/ENETCONSULTA/frmDownloadDocumento.aspx?CodigoInstituicao=1&NumeroSequencialDocumento=5909
02.604.860/0001-60;2011-01-01;3;INNCORP S.A.;017558;FCA;8035;2011-05-16;http://www.rad.cvm.gov.br/ENETCONSULTA/frmDownloadDocumento.aspx?CodigoInstituicao=1&NumeroSequencialDocumento=8035
02.604.997/0001-14;2011-01-01;1;NEWTEL PARTICIPACOES S.A.;017540;FCA;5927;2011-03-30;http://www.rad.cvm.gov.br/ENETCONSULTA/frmDownloadDocumento.aspx?CodigoInstituicao=1&NumeroSequencialDocumento=5927
02.604.997/0001-14;2011-01-01;2;NEWTEL PARTICIPACOES S.A.;017540;FCA;8683;2011-05-30;http://www.rad.cvm.gov.br/ENETCONSULTA/frmDownloadDocumento.aspx?CodigoInstituicao=1&NumeroSequencialDocumento=8683
02.643.896/0001-52;2011-01-01;1;REAL AI PIC SEC DE CREDITOS IMOBILIARIO S.A.;018430;FCA;6444;2011-04-08;http://www.rad.cvm.gov.br/ENETCONSULTA/frmDownloadDocumento.aspx?CodigoInstituicao=1&NumeroSequencialDocumento=6444
02.643.896/0001-52;2011-01-01;2;REAL AI PIC SEC DE CREDITOS IMOBILIARIO S.A.;018430;FCA;6558;2011-04-15;http://www.rad.cvm.gov.br/ENETCONSULTA/frmDownloadDocumento.aspx?CodigoInstituicao=1&NumeroSequencialDocumento=6558
02.643.896/0001-52;2011-01-01;3;REAL AI PIC SEC DE CREDITOS IMOBILIARIO S.A.;018430;FCA;9443;2011-06-01;http://www.rad.cvm.gov.br/ENETCONSULTA/frmDownloadDocumento.aspx?CodigoInstituicao=1&NumeroSequencialDocumento=9443
02.664.042/0001-52;2011-01-01;1;TERMINAL GARAGEM MENEZES CORTES S.A.;018538;FCA;4260;2011-01-13;http://www.rad.cvm.gov.br/ENETCONSULTA/frmDownloadDocumento.aspx?CodigoInstituicao=1&NumeroSequencialDocumento=4260
02.664.042/0001-52;2011-01-01;2;TERMINAL GARAGEM MENEZES CORTES S.A.;018538;FCA;12210;2011-10-28;http://www.rad.cvm.gov.br/ENETCONSULTA/frmDownloadDocumento.aspx?CodigoInstituicao=1&NumeroSequencialDocumento=12210
02.679.185/0001-38;2011-01-01;1;AUTOVIAS S/A;021822;FCA;4447;2011-01-26;http://www.rad.cvm.gov.br/ENETCONSULTA/frmDownloadDocumento.aspx?CodigoInstituicao=1&NumeroSequencialDocumento=4447
02.679.185/0001-38;2011-01-01;2;AUTOVIAS S/A;021822;FCA;6149;2011-03-31;http://www.rad.cvm.gov.br/ENETCONSULTA/frmDownloadDocumento.aspx?CodigoInstituicao=1&NumeroSequencialDocumento=6149
02.679.185/0001-38;2011-01-01;3;AUTOVIAS S/A;021822;FCA;6975;2011-05-02;http://www.rad.cvm.gov.br/ENETCONSULTA/frmDownloadDocumento.aspx?CodigoInstituicao=1&NumeroSequencialDocumento=6975
02.682.287/0001-02;2011-01-01;1;PAN FINANCEIRA S.A. - CRÉDITO, FINANCIAMENTO E INVESTIMENTO;018554;FCA;4398;2011-01-25;http://www.rad.cvm.gov.br/ENETCONSULTA/frmDownloadDocumento.aspx?CodigoInstituicao=1&NumeroSequencialDocumento=4398
02.682.287/0001-02;2011-01-01;2;PAN FINANCEIRA S.A. - CRÉDITO, FINANCIAMENTO E INVESTIMENTO;018554;FCA;4399;2011-01-25;http://www.rad.cvm.gov.br/ENETCONSULTA/frmDownloadDocumento.aspx?CodigoInstituicao=1&NumeroSequencialDocumento=4399
02.682.287/0001-02;2011-01-01;3;PAN FINANCEIRA S.A. - CRÉDITO, FINANCIAMENTO E INVESTIMENTO;018554;FCA;8095;2011-05-16;http://www.rad.cvm.gov.br/ENETCONSULTA/frmDownloadDocumento.aspx?CodigoInstituicao=1&NumeroSequencialDocumento=8095
02.682.287/0001-02;2011-01-01;4;PAN FINANCEIRA S.A. - CRÉDITO, FINANCIAMENTO E INVESTIMENTO;018554;FCA;11476;2011-08-29;http://www.rad.cvm.gov.br/ENETCONSULTA/frmDownloadDocumento.aspx?CodigoInstituicao=1&NumeroSequencialDocumento=11476
02.724.983/0001-34;2011-01-01;1;SANESALTO SANEAMENTO S.A.;019593;FCA;9422;2011-06-01;http://www.rad.cvm.gov.br/ENETCONSULTA/frmDownloadDocumento.aspx?CodigoInstituicao=1&NumeroSequencialDocumento=9422
02.724.983/0001-34;2011-01-01;2;SANESALTO SANEAMENTO S.A.;019593;FCA;10446;2011-08-01;http://www.rad.cvm.gov.br/ENETCONSULTA/frmDownloadDocumento.aspx?CodigoInstituicao=1&NumeroSequencialDocumento=10446
02.736.470/0001-43;2011-01-01;1;CONFIANZA SECURITIZADORA SA;018236;FCA;6351;2011-04-05;http://www.rad.cvm.gov.br/ENETCONSULTA/frmDownloadDocumento.aspx?CodigoInstituicao=1&NumeroSequencialDocumento=6351
02.736.470/0001-43;2011-01-01;2;CONFIANZA SECURITIZADORA SA;018236;FCA;9446;2011-06-01;http://www.rad.cvm.gov.br/ENETCONSULTA/frmDownloadDocumento.aspx?CodigoInstituicao=1&NumeroSequencialDocumento=9446
02.762.113/0001-50;2011-01-01;1;BRAZILIAN FINANCE E REAL ESTATE S.A.;017922;FCA;4089;2011-01-05;http://www.rad.cvm.gov.br/ENETCONSULTA/frmDownloadDocumento.aspx?CodigoInstituicao=1&NumeroSequencialDocumento=4089
02.762.113/0001-50;2011-01-01;2;BRAZILIAN FINANCE E REAL ESTATE S.A.;017922;FCA;8473;2011-05-24;http://www.rad.cvm.gov.br/ENETCONSULTA/frmDownloadDocumento.aspx?CodigoInstituicao=1&NumeroSequencialDocumento=8473
02.762.115/0001-49;2011-01-01;1;MMX MINERACAO E METALICOS S.A. - EM RECUPERAÇÃO JUDICIAL;017914;FCA;4242;2011-01-12;http://www.rad.cvm.gov.br/ENETCONSULTA/frmDownloadDocumento.aspx?CodigoInstituicao=1&NumeroSequencialDocumento=4242
02.762.115/0001-49;2011-01-01;2;MMX MINERACAO E METALICOS S.A. - EM RECUPERAÇÃO JUDICIAL;017914;FCA;5571;2011-03-25;http://www.rad.cvm.gov.br/ENETCONSULTA/frmDownloadDocumento.aspx?CodigoInstituicao=1&NumeroSequencialDocumento=5571
02.762.115/0001-49;2011-01-01;3;MMX MINERACAO E METALICOS S.A. - EM RECUPERAÇÃO JUDICIAL;017914;FCA;9417;2011-06-01;http://www.rad.cvm.gov.br/ENETCONSULTA/frmDownloadDocumento.aspx?CodigoInstituicao=1&NumeroSequencialDocumento=9417
02.762.115/0001-49;2011-01-01;4;MMX MINERACAO E METALICOS S.A. - EM RECUPERAÇÃO JUDICIAL;017914;FCA;9551;2011-06-06;http://www.rad.cvm.gov.br/ENETCONSULTA/frmDownloadDocumento.aspx?CodigoInstituicao=1&NumeroSequencialDocumento=9551
02.762.115/0001-49;2011-01-01;5;MMX MINERACAO E METALICOS S.A. - EM RECUPERAÇÃO JUDICIAL;017914;FCA;12074;2011-10-18;http://www.rad.cvm.gov.br/ENETCONSULTA/frmDownloadDocumento.aspx?CodigoInstituicao=1&NumeroSequencialDocumento=12074
02.762.115/0001-49;2011-01-01;6;MMX MINERACAO E METALICOS S.A. - EM RECUPERAÇÃO JUDICIAL;017914;FCA;12273;2011-10-31;http://www.rad.cvm.gov.br/ENETCONSULTA/frmDownloadDocumento.aspx?CodigoInstituicao=1&NumeroSequencialDocumento=12273
02.762.121/0001-04;2011-01-01;1;SANTOS BRASIL PARTICIPACOES S.A.;017892;FCA;4507;2011-01-31;http://www.rad.cvm.gov.br/ENETCONSULTA/frmDownloadDocumento.aspx?CodigoInstituicao=1&NumeroSequencialDocumento=4507
02.762.121/0001-04;2011-01-01;2;SANTOS BRASIL PARTICIPACOES S.A.;017892;FCA;7097;2011-05-04;http://www.rad.cvm.gov.br/ENETCONSULTA/frmDownloadDocumento.aspx?CodigoInstituicao=1&NumeroSequencialDocumento=7097
02.762.122/0001-40;2011-01-01;1;SEB - SISTEMA EDUCACIONAL BRASILEIRO SA;017906;FCA;5350;2011-03-18;http://www.rad.cvm.gov.br/ENETCONSULTA/frmDownloadDocumento.aspx?CodigoInstituicao=1&NumeroSequencialDocumento=5350
02.762.124/0001-30;2011-01-01;1;BETAPART PARTICIPACOES S.A.;017884;FCA;4311;2011-01-18;http://www.rad.cvm.gov.br/ENETCONSULTA/frmDownloadDocumento.aspx?CodigoInstituicao=1&NumeroSequencialDocumento=4311
02.762.124/0001-30;2011-01-01;2;BETAPART PARTICIPACOES S.A.;017884;FCA;8210;2011-05-17;http://www.rad.cvm.gov.br/ENETCONSULTA/frmDownloadDocumento.aspx?CodigoInstituicao=1&NumeroSequencialDocumento=8210
02.762.124/0001-30;2011-01-01;3;BETAPART PARTICIPACOES S.A.;017884;FCA;8430;2011-05-23;http://www.rad.cvm.gov.br/ENETCONSULTA/frmDownloadDocumento.aspx?CodigoInstituicao=1&NumeroSequencialDocumento=8430
02.762.124/0001-30;2011-01-01;4;BETAPART PARTICIPACOES S.A.;017884;FCA;8591;2011-05-27;http://www.rad.cvm.gov.br/ENETCONSULTA/frmDownloadDocumento.aspx?CodigoInstituicao=1&NumeroSequencialDocumento=8591
02.773.542/0001-22;2011-01-01;1;OPEA SECURITIZADORA S.A.;018406;FCA;5997;2011-03-30;http://www.rad.cvm.gov.br/ENETCONSULTA/frmDownloadDocumento.aspx?CodigoInstituicao=1&NumeroSequencialDocumento=5997
02.773.542/0001-22;2011-01-01;2;OPEA SECURITIZADORA S.A.;018406;FCA;8725;2011-05-30;http://www.rad.cvm.gov.br/ENETCONSULTA/frmDownloadDocumento.aspx?CodigoInstituicao=1&NumeroSequencialDocumento=8725
02.783.423/0001-50;2011-01-01;1;ALTERE SECURITIZADORA S.A.;018066;FCA;6199;2011-03-31;http://www.rad.cvm.gov.br/ENETCONSULTA/frmDownloadDocumento.aspx?CodigoInstituicao=1&NumeroSequencialDocumento=6199
02.783.423/0001-50;2011-01-01;2;ALTERE SECURITIZADORA S.A.;018066;FCA;7458;2011-05-10;http://www.rad.cvm.gov.br/ENETCONSULTA/frmDownloadDocumento.aspx?CodigoInstituicao=1&NumeroSequencialDocumento=7458
02.783.425/0001-40;2011-01-01;1;ALIUM PARTICIPAÇÕES SA;018082;FCA;4900;2011-02-22;http://www.rad.cvm.gov.br/ENETCONSULTA/frmDownloadDocumento.aspx?CodigoInstituicao=1&NumeroSequencialDocumento=4900
02.783.425/0001-40;2011-01-01;2;ALIUM PARTICIPAÇÕES SA;018082;FCA;7307;2011-05-06;http://www.rad.cvm.gov.br/ENETCONSULTA/frmDownloadDocumento.aspx?CodigoInstituicao=1&NumeroSequencialDocumento=7307
02.796.775/0001-40;2011-01-01;1;GAMA PARTICIPACOES S.A.;017965;FCA;5662;2011-03-28;http://www.rad.cvm.gov.br/ENETCONSULTA/frmDownloadDocumento.aspx?CodigoInstituicao=1&NumeroSequencialDocumento=5662
02.796.775/0001-40;2011-01-01;2;GAMA PARTICIPACOES S.A.;017965;FCA;8261;2011-05-17;http://www.rad.cvm.gov.br/ENETCONSULTA/frmDownloadDocumento.aspx?CodigoInstituicao=1&NumeroSequencialDocumento=8261
02.796.775/0001-40;2011-01-01;3;GAMA PARTICIPACOES S.A.;017965;FCA;8631;2011-05-27;http://www.rad.cvm.gov.br/ENETCONSULTA/frmDownloadDocumento.aspx?CodigoInstituicao=1&NumeroSequencialDocumento=8631
02.800.026/0001-40;2011-01-01;1;COGNA EDUCAÇÃO S.A.;017973;FCA;4057;2011-01-04;http://www.rad.cvm.gov.br/ENETCONSULTA/frmDownloadDocumento.aspx?CodigoInstituicao=1&NumeroSequencialDocumento=4057
02.800.026/0001-40;2011-01-01;2;COGNA EDUCAÇÃO S.A.;017973;FCA;5880;2011-03-29;http://www.rad.cvm.gov.br/ENETCONSULTA/frmDownloadDocumento.aspx?CodigoInstituicao=1&NumeroSequencialDocumento=5880
02.800.026/0001-40;2011-01-01;3;COGNA EDUCAÇÃO S.A.;017973;FCA;7038;2011-05-03;http://www.rad.cvm.gov.br/ENETCONSULTA/frmDownloadDocumento.aspx?CodigoInstituicao=1&NumeroSequencialDocumento=7038
02.800.026/0001-40;2011-01-01;4;COGNA EDUCAÇÃO S.A.;017973;FCA;8606;2011-05-27;http://www.rad.cvm.gov.br/ENETCONSULTA/frmDownloadDocumento.aspx?CodigoInstituicao=1&NumeroSequencialDocumento=8606
02.800.026/0001-40;2011-01-01;5;COGNA EDUCAÇÃO S.A.;017973;FCA;9355;2011-05-31;http://www.rad.cvm.gov.br/ENETCONSULTA/frmDownloadDocumento.aspx?CodigoInstituicao=1&NumeroSequencialDocumento=9355
02.800.026/0001-40;2011-01-01;6;COGNA EDUCAÇÃO S.A.;017973;FCA;9721;2011-06-15;http://www.rad.cvm.gov.br/ENETCONSULTA/frmDownloadDocumento.aspx?CodigoInstituicao=1&NumeroSequencialDocumento=9721
02.808.481/0001-91;2011-01-01;1;AETATIS SECURITIZADORA S.A.;018104;FCA;6202;2011-03-31;http://www.rad.cvm.gov.br/ENETCONSULTA/frmDownloadDocumento.aspx?CodigoInstituicao=1&NumeroSequencialDocumento=6202
02.808.481/0001-91;2011-01-01;2;AETATIS SECURITIZADORA S.A.;018104;FCA;7460;2011-05-10;http://www.rad.cvm.gov.br/ENETCONSULTA/frmDownloadDocumento.aspx?CodigoInstituicao=1&NumeroSequencialDocumento=7460
02.808.708/0001-07;2011-01-01;1;COMPANHIA DE BEBIDAS DAS AMÉRICAS-AMBEV;018112;FCA;4240;2011-01-12;http://www.rad.cvm.gov.br/ENETCONSULTA/frmDownloadDocumento.aspx?CodigoInstituicao=1&NumeroSequencialDocumento=4240
02.808.708/0001-07;2011-01-01;2;COMPANHIA DE BEBIDAS DAS AMÉRICAS-AMBEV;018112;FCA;8795;2011-05-30;http://www.rad.cvm.gov.br/ENETCONSULTA/frmDownloadDocumento.aspx?CodigoInstituicao=1&NumeroSequencialDocumento=8795
02.846.056/0001-97;2011-01-01;1;CCR S.A.;018821;FCA;4638;2011-02-08;http://www.rad.cvm.gov.br/ENETCONSULTA/frmDownloadDocumento.aspx?CodigoInstituicao=1&NumeroSequencialDocumento=4638
02.846.056/0001-97;2011-01-01;2;CCR S.A.;018821;FCA;4992;2011-02-25;http://www.rad.cvm.gov.br/ENETCONSULTA/frmDownloadDocumento.aspx?CodigoInstituicao=1&NumeroSequencialDocumento=4992
02.846.056/0001-97;2011-01-01;3;CCR S.A.;018821;FCA;10302;2011-07-26;http://www.rad.cvm.gov.br/ENETCONSULTA/frmDownloadDocumento.aspx?CodigoInstituicao=1&NumeroSequencialDocumento=10302
02.860.694/0001-62;2011-01-01;1;T4F ENTRETENIMENTO S.A.;022454;FCA;6518;2011-04-13;http://www.rad.cvm.gov.br/ENETCONSULTA/frmDownloadDocumento.aspx?CodigoInstituicao=1&NumeroSequencialDocumento=6518
02.860.694/0001-62;2011-01-01;2;T4F ENTRETENIMENTO S.A.;022454;FCA;9398;2011-06-01;http://www.rad.cvm.gov.br/ENETCONSULTA/frmDownloadDocumento.aspx?CodigoInstituicao=1&NumeroSequencialDocumento=9398
02.860.694/0001-62;2011-01-01;3;T4F ENTRETENIMENTO S.A.;022454;FCA;10413;2011-07-29;http://www.rad.cvm.gov.br/ENETCONSULTA/frmDownloadDocumento.aspx?CodigoInstituicao=1&NumeroSequencialDocumento=10413
02.860.694/0001-62;2011-01-01;4;T4F ENTRETENIMENTO S.A.;022454;FCA;11221;2011-08-16;http://www.rad.cvm.gov.br/ENETCONSULTA/frmDownloadDocumento.aspx?CodigoInstituicao=1&NumeroSequencialDocumento=11221
02.871.007/0001-04;2011-01-01;1;VICUNHA SIDERURGIA SA;018902;FCA;5603;2011-03-25;http://www.rad.cvm.gov.br/ENETCONSULTA/frmDownloadDocumento.aspx?CodigoInstituicao=1&NumeroSequencialDocumento=5603
02.871.007/0001-04;2011-01-01;2;VICUNHA SIDERURGIA SA;018902;FCA;9242;2011-05-31;http://www.rad.cvm.gov.br/ENETCONSULTA/frmDownloadDocumento.aspx?CodigoInstituicao=1&NumeroSequencialDocumento=9242
02.871.007/0001-04;2011-01-01;3;VICUNHA SIDERURGIA SA;018902;FCA;9768;2011-06-17;http://www.rad.cvm.gov.br/ENETCONSULTA/frmDownloadDocumento.aspx?CodigoInstituicao=1&NumeroSequencialDocumento=9768
02.871.007/0001-04;2011-01-01;4;VICUNHA SIDERURGIA SA;018902;FCA;10317;2011-07-26;http://www.rad.cvm.gov.br/ENETCONSULTA/frmDownloadDocumento.aspx?CodigoInstituicao=1&NumeroSequencialDocumento=10317
02.916.265/0001-60;2011-01-01;1;JBS S.A.;020575;FCA;4672;2011-02-09;http://www.rad.cvm.gov.br/ENETCONSULTA/frmDownloadDocumento.aspx?CodigoInstituicao=1&NumeroSequencialDocumento=4672
02.916.265/0001-60;2011-01-01;2;JBS S.A.;020575;FCA;8209;2011-05-17;http://www.rad.cvm.gov.br/ENETCONSULTA/frmDownloadDocumento.aspx?CodigoInstituicao=1&NumeroSequencialDocumento=8209
02.916.265/0001-60;2011-01-01;3;JBS S.A.;020575;FCA;8855;2011-05-31;http://www.rad.cvm.gov.br/ENETCONSULTA/frmDownloadDocumento.aspx?CodigoInstituicao=1&NumeroSequencialDocumento=8855
02.916.265/0001-60;2011-01-01;4;JBS S.A.;020575;FCA;11518;2011-08-31;http://www.rad.cvm.gov.br/ENETCONSULTA/frmDownloadDocumento.aspx?CodigoInstituicao=1&NumeroSequencialDocumento=11518
02.919.555/0001-67;2011-01-01;1;ARTERIS S.A.;019771;FCA;4417;2011-01-26;http://www.rad.cvm.gov.br/ENETCONSULTA/frmDownloadDocumento.aspx?CodigoInstituicao=1&NumeroSequencialDocumento=4417
02.919.555/0001-67;2011-01-01;2;ARTERIS S.A.;019771;FCA;5673;2011-03-28;http://www.rad.cvm.gov.br/ENETCONSULTA/frmDownloadDocumento.aspx?CodigoInstituicao=1&NumeroSequencialDocumento=5673
02.919.555/0001-67;2011-01-01;3;ARTERIS S.A.;019771;FCA;6965;2011-05-02;http://www.rad.cvm.gov.br/ENETCONSULTA/frmDownloadDocumento.aspx?CodigoInstituicao=1&NumeroSequencialDocumento=6965
02.932.074/0001-91;2011-01-01;1;HYPERA S.A.;021431;FCA;4673;2011-02-09;http://www.rad.cvm.gov.br/ENETCONSULTA/frmDownloadDocumento.aspx?CodigoInstituicao=1&NumeroSequencialDocumento=4673
02.932.074/0001-91;2011-01-01;2;HYPERA S.A.;021431;FCA;9293;2011-05-31;http://www.rad.cvm.gov.br/ENETCONSULTA/frmDownloadDocumento.aspx?CodigoInstituicao=1&NumeroSequencialDocumento=9293
02.932.074/0001-91;2011-01-01;3;HYPERA S.A.;021431;FCA;9522;2011-06-02;http://www.rad.cvm.gov.br/ENETCONSULTA/frmDownloadDocumento.aspx?CodigoInstituicao=1&NumeroSequencialDocumento=9522
02.932.074/0001-91;2011-01-01;4;HYPERA S.A.;021431;FCA;10350;2011-07-28;http://www.rad.cvm.gov.br/ENETCONSULTA/frmDownloadDocumento.aspx?CodigoInstituicao=1&NumeroSequencialDocumento=10350
02.932.074/0001-91;2011-01-01;5;HYPERA S.A.;021431;FCA;11862;2011-09-28;http://www.rad.cvm.gov.br/ENETCONSULTA/frmDownloadDocumento.aspx?CodigoInstituicao=1&NumeroSequencialDocumento=11862
02.932.074/0001-91;2011-01-01;6;HYPERA S.A.;021431;FCA;12359;2011-11-07;http://www.rad.cvm.gov.br/ENETCONSULTA/frmDownloadDocumento.aspx?CodigoInstituicao=1&NumeroSequencialDocumento=12359
02.950.811/0001-89;2011-01-01;1;PDG REALTY S.A. EMPREEND E PARTICIPACOES;020478;FCA;4264;2011-01-13;http://www.rad.cvm.gov.br/ENETCONSULTA/frmDownloadDocumento.aspx?CodigoInstituicao=1&NumeroSequencialDocumento=4264
02.950.811/0001-89;2011-01-01;2;PDG REALTY S.A. EMPREEND E PARTICIPACOES;020478;FCA;7724;2011-05-12;http://www.rad.cvm.gov.br/ENETCONSULTA/frmDownloadDocumento.aspx?CodigoInstituicao=1&NumeroSequencialDocumento=7724
02.950.811/0001-89;2011-01-01;3;PDG REALTY S.A. EMPREEND E PARTICIPACOES;020478;FCA;9289;2011-05-31;http://www.rad.cvm.gov.br/ENETCONSULTA/frmDownloadDocumento.aspx?CodigoInstituicao=1&NumeroSequencialDocumento=9289
02.983.428/0001-27;2011-01-01;1;CEMIG TELECOMUNICAÇÕES S.A.;018716;FCA;6720;2011-04-27;http://www.rad.cvm.gov.br/ENETCONSULTA/frmDownloadDocumento.aspx?CodigoInstituicao=1&NumeroSequencialDocumento=6720
02.983.428/0001-27;2011-01-01;2;CEMIG TELECOMUNICAÇÕES S.A.;018716;FCA;9399;2011-06-01;http://www.rad.cvm.gov.br/ENETCONSULTA/frmDownloadDocumento.aspx?CodigoInstituicao=1&NumeroSequencialDocumento=9399
02.983.428/0001-27;2011-01-01;3;CEMIG TELECOMUNICAÇÕES S.A.;018716;FCA;12109;2011-10-20;http://www.rad.cvm.gov.br/ENETCONSULTA/frmDownloadDocumento.aspx?CodigoInstituicao=1&NumeroSequencialDocumento=12109
02.992.449/0001-09;2011-01-01;1;PROMPT PARTICIPACOES S.A.;018333;FCA;5030;2011-02-28;http://www.rad.cvm.gov.br/ENETCONSULTA/frmDownloadDocumento.aspx?CodigoInstituicao=1&NumeroSequencialDocumento=5030
02.992.449/0001-09;2011-01-01;2;PROMPT PARTICIPACOES S.A.;018333;FCA;8432;2011-05-23;http://www.rad.cvm.gov.br/ENETCONSULTA/frmDownloadDocumento.aspx?CodigoInstituicao=1&NumeroSequencialDocumento=8432
02.992.449/0001-09;2011-01-01;3;PROMPT PARTICIPACOES S.A.;018333;FCA;8641;2011-05-27;http://www.rad.cvm.gov.br/ENETCONSULTA/frmDownloadDocumento.aspx?CodigoInstituicao=1&NumeroSequencialDocumento=8641
02.998.301/0001-81;2011-01-01;1;RIO PARANAPANEMA ENERGIA S.A.;018368;FCA;4288;2011-01-14;http://www.rad.cvm.gov.br/ENETCONSULTA/frmDownloadDocumento.aspx?CodigoInstituicao=1&NumeroSequencialDocumento=4288
02.998.301/0001-81;2011-01-01;2;RIO PARANAPANEMA ENERGIA S.A.;018368;FCA;8680;2011-05-30;http://www.rad.cvm.gov.br/ENETCONSULTA/frmDownloadDocumento.aspx?CodigoInstituicao=1&NumeroSequencialDocumento=8680
02.998.301/0001-81;2011-01-01;3;RIO PARANAPANEMA ENERGIA S.A.;018368;FCA;12416;2011-11-08;http://www.rad.cvm.gov.br/ENETCONSULTA/frmDownloadDocumento.aspx?CodigoInstituicao=1&NumeroSequencialDocumento=12416
02.998.609/0001-27;2011-01-01;1;AES TIETE SA;018350;FCA;5288;2011-03-16;http://www.rad.cvm.gov.br/ENETCONSULTA/frmDownloadDocumento.aspx?CodigoInstituicao=1&NumeroSequencialDocumento=5288
02.998.609/0001-27;2011-01-01;2;AES TIETE SA;018350;FCA;5319;2011-03-17;http://www.rad.cvm.gov.br/ENETCONSULTA/frmDownloadDocumento.aspx?CodigoInstituicao=1&NumeroSequencialDocumento=5319
02.998.609/0001-27;2011-01-01;3;AES TIETE SA;018350;FCA;8552;2011-05-26;http://www.rad.cvm.gov.br/ENETCONSULTA/frmDownloadDocumento.aspx?CodigoInstituicao=1&NumeroSequencialDocumento=8552
02.998.611/0001-04;2011-01-01;1;CTEEP - CIA TRANSMISSÃO ENERGIA ELÉTRICA PAULISTA;018376;FCA;5269;2011-03-15;http://www.rad.cvm.gov.br/ENETCONSULTA/frmDownloadDocumento.aspx?CodigoInstituicao=1&NumeroSequencialDocumento=5269
02.998.611/0001-04;2011-01-01;2;CTEEP - CIA TRANSMISSÃO ENERGIA ELÉTRICA PAULISTA;018376;FCA;9388;2011-06-01;http://www.rad.cvm.gov.br/ENETCONSULTA/frmDownloadDocumento.aspx?CodigoInstituicao=1&NumeroSequencialDocumento=9388
03.014.553/0001-91;2011-01-01;1;TPI - TRIUNFO PARTICIP. E INVEST. S.A.;019330;FCA;5315;2011-03-17;http://www.rad.cvm.gov.br/ENETCONSULTA/frmDownloadDocumento.aspx?CodigoInstituicao=1&NumeroSequencialDocumento=5315
03.014.553/0001-91;2011-01-01;2;TPI - TRIUNFO PARTICIP. E INVEST. S.A.;019330;FCA;9015;2011-05-31;http://www.rad.cvm.gov.br/ENETCONSULTA/frmDownloadDocumento.aspx?CodigoInstituicao=1&NumeroSequencialDocumento=9015
03.076.274/0001-52;2011-01-01;1;MACHADINHO ENERGÉTICA SA;018929;FCA;5033;2011-02-28;http://www.rad.cvm.gov.br/ENETCONSULTA/frmDownloadDocumento.aspx?CodigoInstituicao=1&NumeroSequencialDocumento=5033
03.076.274/0001-52;2011-01-01;2;MACHADINHO ENERGÉTICA SA;018929;FCA;8385;2011-05-20;http://www.rad.cvm.gov.br/ENETCONSULTA/frmDownloadDocumento.aspx?CodigoInstituicao=1&NumeroSequencialDocumento=8385
03.076.274/0001-52;2011-01-01;3;MACHADINHO ENERGÉTICA SA;018929;FCA;8474;2011-05-24;http://www.rad.cvm.gov.br/ENETCONSULTA/frmDownloadDocumento.aspx?CodigoInstituicao=1&NumeroSequencialDocumento=8474
03.207.703/0001-83;2011-01-01;1;CONCESSIONARIA DE RODOVIAS DO INTERIOR PAULISTA S/A;021849;FCA;4434;2011-01-26;http://www.rad.cvm.gov.br/ENETCONSULTA/frmDownloadDocumento.aspx?CodigoInstituicao=1&NumeroSequencialDocumento=4434
03.207.703/0001-83;2011-01-01;2;CONCESSIONARIA DE RODOVIAS DO INTERIOR PAULISTA S/A;021849;FCA;5686;2011-03-28;http://www.rad.cvm.gov.br/ENETCONSULTA/frmDownloadDocumento.aspx?CodigoInstituicao=1&NumeroSequencialDocumento=5686
03.207.703/0001-83;2011-01-01;3;CONCESSIONARIA DE RODOVIAS DO INTERIOR PAULISTA S/A;021849;FCA;6955;2011-05-02;http://www.rad.cvm.gov.br/ENETCONSULTA/frmDownloadDocumento.aspx?CodigoInstituicao=1&NumeroSequencialDocumento=6955
03.207.703/0001-83;2011-01-01;4;CONCESSIONARIA DE RODOVIAS DO INTERIOR PAULISTA S/A;021849;FCA;7252;2011-05-06;http://www.rad.cvm.gov.br/ENETCONSULTA/frmDownloadDocumento.aspx?CodigoInstituicao=1&NumeroSequencialDocumento=7252
03.220.438/0001-73;2011-01-01;1;EQUATORIAL ENERGIA S.A.;020010;FCA;4414;2011-01-26;http://www.rad.cvm.gov.br/ENETCONSULTA/frmDownloadDocumento.aspx?CodigoInstituicao=1&NumeroSequencialDocumento=4414
03.220.438/0001-73;2011-01-01;2;EQUATORIAL ENERGIA S.A.;020010;FCA;9382;2011-06-01;http://www.rad.cvm.gov.br/ENETCONSULTA/frmDownloadDocumento.aspx?CodigoInstituicao=1&NumeroSequencialDocumento=9382
03.220.438/0001-73;2011-01-01;3;EQUATORIAL ENERGIA S.A.;020010;FCA;9937;2011-07-01;http://www.rad.cvm.gov.br/ENETCONSULTA/frmDownloadDocumento.aspx?CodigoInstituicao=1&NumeroSequencialDocumento=9937
03.303.999/0001-36;2011-01-01;1;DTCOM - DIRECT TO COMPANY S.A.;018597;FCA;5121;2011-03-03;http://www.rad.cvm.gov.br/ENETCONSULTA/frmDownloadDocumento.aspx?CodigoInstituicao=1&NumeroSequencialDocumento=5121
03.303.999/0001-36;2011-01-01;2;DTCOM - DIRECT TO COMPANY S.A.;018597;FCA;7712;2011-05-12;http://www.rad.cvm.gov.br/ENETCONSULTA/frmDownloadDocumento.aspx?CodigoInstituicao=1&NumeroSequencialDocumento=7712
03.378.521/0001-75;2011-01-01;1;LIGHT S.A. - EM RECUPERAÇÃO JUDICIAL;019879;FCA;4362;2011-01-21;http://www.rad.cvm.gov.br/ENETCONSULTA/frmDownloadDocumento.aspx?CodigoInstituicao=1&NumeroSequencialDocumento=4362
03.378.521/0001-75;2011-01-01;2;LIGHT S.A. - EM RECUPERAÇÃO JUDICIAL;019879;FCA;9569;2011-06-06;http://www.rad.cvm.gov.br/ENETCONSULTA/frmDownloadDocumento.aspx?CodigoInstituicao=1&NumeroSequencialDocumento=9569
03.392.498/0001-73;2011-01-01;1;RIOEST ESTACIONAMENTOS SA;018872;FCA;6103;2011-03-31;http://www.rad.cvm.gov.br/ENETCONSULTA/frmDownloadDocumento.aspx?CodigoInstituicao=1&NumeroSequencialDocumento=6103
03.392.498/0001-73;2011-01-01;2;RIOEST ESTACIONAMENTOS SA;018872;FCA;8224;2011-05-17;http://www.rad.cvm.gov.br/ENETCONSULTA/frmDownloadDocumento.aspx?CodigoInstituicao=1&NumeroSequencialDocumento=8224
03.410.855/0001-89;2011-01-01;1;CP CIMENTO E PARTICIPAÇÕES S/A;019216;FCA;5341;2011-03-18;http://www.rad.cvm.gov.br/ENETCONSULTA/frmDownloadDocumento.aspx?CodigoInstituicao=1&NumeroSequencialDocumento=5341
03.467.321/0001-99;2011-01-01;1;ENERGISA MATO GROSSO-DISTRIBUIDORA DE ENERGIA S/A;014605;FCA;4884;2011-02-22;http://www.rad.cvm.gov.br/ENETCONSULTA/frmDownloadDocumento.aspx?CodigoInstituicao=1&NumeroSequencialDocumento=4884
03.467.321/0001-99;2011-01-01;2;ENERGISA MATO GROSSO-DISTRIBUIDORA DE ENERGIA S/A;014605;FCA;9464;2011-06-01;http://www.rad.cvm.gov.br/ENETCONSULTA/frmDownloadDocumento.aspx?CodigoInstituicao=1&NumeroSequencialDocumento=9464
03.467.321/0001-99;2011-01-01;3;ENERGISA MATO GROSSO-DISTRIBUIDORA DE ENERGIA S/A;014605;FCA;10927;2011-08-12;http://www.rad.cvm.gov.br/ENETCONSULTA/frmDownloadDocumento.aspx?CodigoInstituicao=1&NumeroSequencialDocumento=10927
03.468.802/0001-19;2011-01-01;1;BRZ INVESTIMENTOS S/A;021415;FCA;7211;2011-05-05;http://www.rad.cvm.gov.br/ENETCONSULTA/frmDownloadDocumento.aspx?CodigoInstituicao=1&NumeroSequencialDocumento=7211
03.538.833/0001-07;2011-01-01;1;XX DE NOVEMBRO INVESTIMENTOS E PARTICIPAÇÕES S.A.;020001;FCA;4416;2011-01-26;http://www.rad.cvm.gov.br/ENETCONSULTA/frmDownloadDocumento.aspx?CodigoInstituicao=1&NumeroSequencialDocumento=4416
03.538.833/0001-07;2011-01-01;2;XX DE NOVEMBRO INVESTIMENTOS E PARTICIPAÇÕES S.A.;020001;FCA;4629;2011-02-08;http://www.rad.cvm.gov.br/ENETCONSULTA/frmDownloadDocumento.aspx?CodigoInstituicao=1&NumeroSequencialDocumento=4629
03.538.833/0001-07;2011-01-01;3;XX DE NOVEMBRO INVESTIMENTOS E PARTICIPAÇÕES S.A.;020001;FCA;8444;2011-05-23;http://www.rad.cvm.gov.br/ENETCONSULTA/frmDownloadDocumento.aspx?CodigoInstituicao=1&NumeroSequencialDocumento=8444
03.538.833/0001-07;2011-01-01;4;XX DE NOVEMBRO INVESTIMENTOS E PARTICIPAÇÕES S.A.;020001;FCA;8701;2011-05-30;http://www.rad.cvm.gov.br/ENETCONSULTA/frmDownloadDocumento.aspx?CodigoInstituicao=1&NumeroSequencialDocumento=8701
03.559.006/0001-91;2011-01-01;1;RB CAPITAL SECURITIZADORA S.A.;019860;FCA;4192;2011-01-10;http://www.rad.cvm.gov.br/ENETCONSULTA/frmDownloadDocumento.aspx?CodigoInstituicao=1&NumeroSequencialDocumento=4192
03.559.006/0001-91;2011-01-01;2;RB CAPITAL SECURITIZADORA S.A.;019860;FCA;8462;2011-05-24;http://www.rad.cvm.gov.br/ENETCONSULTA/frmDownloadDocumento.aspx?CodigoInstituicao=1&NumeroSequencialDocumento=8462
03.587.889/0001-43;2011-01-01;1;PRIVATINVEST PARTICIPAÇÕES SA;018635;FCA;4901;2011-02-22;http://www.rad.cvm.gov.br/ENETCONSULTA/frmDownloadDocumento.aspx?CodigoInstituicao=1&NumeroSequencialDocumento=4901
03.587.889/0001-43;2011-01-01;2;PRIVATINVEST PARTICIPAÇÕES SA;018635;FCA;7308;2011-05-06;http://www.rad.cvm.gov.br/ENETCONSULTA/frmDownloadDocumento.aspx?CodigoInstituicao=1&NumeroSequencialDocumento=7308
03.601.314/0001-38;2011-01-01;1;ANDRADE GUTIERREZ CONCESSOES S.A.;019437;FCA;6016;2011-03-30;http://www.rad.cvm.gov.br/ENETCONSULTA/frmDownloadDocumento.aspx?CodigoInstituicao=1&NumeroSequencialDocumento=6016
03.601.314/0001-38;2011-01-01;2;ANDRADE GUTIERREZ CONCESSOES S.A.;019437;FCA;9057;2011-05-31;http://www.rad.cvm.gov.br/ENETCONSULTA/frmDownloadDocumento.aspx?CodigoInstituicao=1&NumeroSequencialDocumento=9057
03.616.277/0001-31;2011-01-01;1;ARAUCÁRIA PARTICIPAÇÕES SA;018651;FCA;5028;2011-02-28;http://www.rad.cvm.gov.br/ENETCONSULTA/frmDownloadDocumento.aspx?CodigoInstituicao=1&NumeroSequencialDocumento=5028
03.616.277/0001-31;2011-01-01;2;ARAUCÁRIA PARTICIPAÇÕES SA;018651;FCA;8585;2011-05-27;http://www.rad.cvm.gov.br/ENETCONSULTA/frmDownloadDocumento.aspx?CodigoInstituicao=1&NumeroSequencialDocumento=8585
03.616.277/0001-31;2011-01-01;3;ARAUCÁRIA PARTICIPAÇÕES SA;018651;FCA;8589;2011-05-27;http://www.rad.cvm.gov.br/ENETCONSULTA/frmDownloadDocumento.aspx?CodigoInstituicao=1&NumeroSequencialDocumento=8589
03.758.318/0001-24;2011-01-01;1;INVESTIMENTOS E PARTICIP. EM INFRA S.A. - INVEPAR;018775;FCA;5923;2011-03-30;http://www.rad.cvm.gov.br/ENETCONSULTA/frmDownloadDocumento.aspx?CodigoInstituicao=1&NumeroSequencialDocumento=5923
03.758.318/0001-24;2011-01-01;2;INVESTIMENTOS E PARTICIP. EM INFRA S.A. - INVEPAR;018775;FCA;7195;2011-05-05;http://www.rad.cvm.gov.br/ENETCONSULTA/frmDownloadDocumento.aspx?CodigoInstituicao=1&NumeroSequencialDocumento=7195
03.758.318/0001-24;2011-01-01;3;INVESTIMENTOS E PARTICIP. EM INFRA S.A. - INVEPAR;018775;FCA;9086;2011-05-31;http://www.rad.cvm.gov.br/ENETCONSULTA/frmDownloadDocumento.aspx?CodigoInstituicao=1&NumeroSequencialDocumento=9086
03.767.538/0001-14;2011-01-01;1;BRAZILIAN SECURITIES CIA SECURITIZACAO;018759;FCA;4492;2011-01-28;http://www.rad.cvm.gov.br/ENETCONSULTA/frmDownloadDocumento.aspx?CodigoInstituicao=1&NumeroSequencialDocumento=4492
03.767.538/0001-14;2011-01-01;2;BRAZILIAN SECURITIES CIA SECURITIZACAO;018759;FCA;4602;2011-02-07;http://www.rad.cvm.gov.br/ENETCONSULTA/frmDownloadDocumento.aspx?CodigoInstituicao=1&NumeroSequencialDocumento=4602
03.767.538/0001-14;2011-01-01;3;BRAZILIAN SECURITIES CIA SECURITIZACAO;018759;FCA;8021;2011-05-16;http://www.rad.cvm.gov.br/ENETCONSULTA/frmDownloadDocumento.aspx?CodigoInstituicao=1&NumeroSequencialDocumento=8021
03.795.050/0001-09;2011-01-01;1;TERMOPERNAMBUCO S.A.;019852;FCA;4181;2011-01-10;http://www.rad.cvm.gov.br/ENETCONSULTA/frmDownloadDocumento.aspx?CodigoInstituicao=1&NumeroSequencialDocumento=4181
03.795.050/0001-09;2011-01-01;2;TERMOPERNAMBUCO S.A.;019852;FCA;4697;2011-02-10;http://www.rad.cvm.gov.br/ENETCONSULTA/frmDownloadDocumento.aspx?CodigoInstituicao=1&NumeroSequencialDocumento=4697
03.795.050/0001-09;2011-01-01;3;TERMOPERNAMBUCO S.A.;019852;FCA;8812;2011-05-30;http://www.rad.cvm.gov.br/ENETCONSULTA/frmDownloadDocumento.aspx?CodigoInstituicao=1&NumeroSequencialDocumento=8812
03.847.461/0001-92;2011-01-01;1;BRADESPAR S.A.;018724;FCA;4396;2011-01-25;http://www.rad.cvm.gov.br/ENETCONSULTA/frmDownloadDocumento.aspx?CodigoInstituicao=1&NumeroSequencialDocumento=4396
03.847.461/0001-92;2011-01-01;2;BRADESPAR S.A.;018724;FCA;7361;2011-05-09;http://www.rad.cvm.gov.br/ENETCONSULTA/frmDownloadDocumento.aspx?CodigoInstituicao=1&NumeroSequencialDocumento=7361
03.853.896/0001-40;2011-01-01;1;MARFRIG GLOBAL FOODS S.A.;020788;FCA;4106;2011-01-06;http://www.rad.cvm.gov.br/ENETCONSULTA/frmDownloadDocumento.aspx?CodigoInstituicao=1&NumeroSequencialDocumento=4106
03.853.896/0001-40;2011-01-01;2;MARFRIG GLOBAL FOODS S.A.;020788;FCA;7121;2011-05-04;http://www.rad.cvm.gov.br/ENETCONSULTA/frmDownloadDocumento.aspx?CodigoInstituicao=1&NumeroSequencialDocumento=7121
03.853.896/0001-40;2011-01-01;3;MARFRIG GLOBAL FOODS S.A.;020788;FCA;8564;2011-05-26;http://www.rad.cvm.gov.br/ENETCONSULTA/frmDownloadDocumento.aspx?CodigoInstituicao=1&NumeroSequencialDocumento=8564
03.853.896/0001-40;2011-01-01;4;MARFRIG GLOBAL FOODS S.A.;020788;FCA;13508;2011-12-27;http://www.rad.cvm.gov.br/ENETCONSULTA/frmDownloadDocumento.aspx?CodigoInstituicao=1&NumeroSequencialDocumento=13508
03.953.509/0001-47;2011-01-01;1;CPFL GERACAO DE ENERGIA S.A.;018953;FCA;4068;2011-01-05;http://www.rad.cvm.gov.br/ENETCONSULTA/frmDownloadDocumento.aspx?CodigoInstituicao=1&NumeroSequencialDocumento=4068
03.953.509/0001-47;2011-01-01;2;CPFL GERACAO DE ENERGIA S.A.;018953;FCA;5846;2011-03-29;http://www.rad.cvm.gov.br/ENETCONSULTA/frmDownloadDocumento.aspx?CodigoInstituicao=1&NumeroSequencialDocumento=5846
03.953.509/0001-47;2011-01-01;3;CPFL GERACAO DE ENERGIA S.A.;018953;FCA;8964;2011-05-31;http://www.rad.cvm.gov.br/ENETCONSULTA/frmDownloadDocumento.aspx?CodigoInstituicao=1&NumeroSequencialDocumento=8964
03.953.509/0001-47;2011-01-01;4;CPFL GERACAO DE ENERGIA S.A.;018953;FCA;13412;2011-12-21;http://www.rad.cvm.gov.br/ENETCONSULTA/frmDownloadDocumento.aspx?CodigoInstituicao=1&NumeroSequencialDocumento=13412
03.983.431/0001-03;2011-01-01;1;EDP - ENERGIAS DO BRASIL S.A.;019763;FCA;4078;2011-01-05;http://www.rad.cvm.gov.br/ENETCONSULTA/frmDownloadDocumento.aspx?CodigoInstituicao=1&NumeroSequencialDocumento=4078
03.983.431/0001-03;2011-01-01;2;EDP - ENERGIAS DO BRASIL S.A.;019763;FCA;8315;2011-05-19;http://www.rad.cvm.gov.br/ENETCONSULTA/frmDownloadDocumento.aspx?CodigoInstituicao=1&NumeroSequencialDocumento=8315
03.983.431/0001-03;2011-01-01;3;EDP - ENERGIAS DO BRASIL S.A.;019763;FCA;8317;2011-05-19;http://www.rad.cvm.gov.br/ENETCONSULTA/frmDownloadDocumento.aspx?CodigoInstituicao=1&NumeroSequencialDocumento=8317
03.983.431/0001-03;2011-01-01;4;EDP - ENERGIAS DO BRASIL S.A.;019763;FCA;8754;2011-05-30;http://www.rad.cvm.gov.br/ENETCONSULTA/frmDownloadDocumento.aspx?CodigoInstituicao=1&NumeroSequencialDocumento=8754
04.030.087/0001-09;2011-01-01;1;COARI PARTICIPAÇÕES SA;019089;FCA;4388;2011-01-24;http://www.rad.cvm.gov.br/ENETCONSULTA/frmDownloadDocumento.aspx?CodigoInstituicao=1&NumeroSequencialDocumento=4388
04.030.087/0001-09;2011-01-01;2;COARI PARTICIPAÇÕES SA;019089;FCA;8569;2011-05-26;http://www.rad.cvm.gov.br/ENETCONSULTA/frmDownloadDocumento.aspx?CodigoInstituicao=1&NumeroSequencialDocumento=8569
04.030.087/0001-09;2011-01-01;3;COARI PARTICIPAÇÕES SA;019089;FCA;11213;2011-08-16;http://www.rad.cvm.gov.br/ENETCONSULTA/frmDownloadDocumento.aspx?CodigoInstituicao=1&NumeroSequencialDocumento=11213
04.030.182/0001-02;2011-01-01;1;CABINDA PARTICIPACOES S.A.;019119;FCA;5545;2011-03-24;http://www.rad.cvm.gov.br/ENETCONSULTA/frmDownloadDocumento.aspx?CodigoInstituicao=1&NumeroSequencialDocumento=5545
04.030.182/0001-02;2011-01-01;2;CABINDA PARTICIPACOES S.A.;019119;FCA;9330;2011-05-31;http://www.rad.cvm.gov.br/ENETCONSULTA/frmDownloadDocumento.aspx?CodigoInstituicao=1&NumeroSequencialDocumento=9330
04.031.213/0001-31;2011-01-01;1;CACONDE PARTICIPACOES S.A.;019135;FCA;5547;2011-03-24;http://www.rad.cvm.gov.br/ENETCONSULTA/frmDownloadDocumento.aspx?CodigoInstituicao=1&NumeroSequencialDocumento=5547
04.031.213/0001-31;2011-01-01;2;CACONDE PARTICIPACOES S.A.;019135;FCA;9333;2011-05-31;http://www.rad.cvm.gov.br/ENETCONSULTA/frmDownloadDocumento.aspx?CodigoInstituicao=1&NumeroSequencialDocumento=9333
04.031.960/0001-70;2011-01-01;1;ANDRADE GUTIERREZ PARTICIPACOES S.A.;019062;FCA;6572;2011-04-15;http://www.rad.cvm.gov.br/ENETCONSULTA/frmDownloadDocumento.aspx?CodigoInstituicao=1&NumeroSequencialDocumento=6572
04.031.960/0001-70;2011-01-01;2;ANDRADE GUTIERREZ PARTICIPACOES S.A.;019062;FCA;9810;2011-06-22;http://www.rad.cvm.gov.br/ENETCONSULTA/frmDownloadDocumento.aspx?CodigoInstituicao=1&NumeroSequencialDocumento=9810
04.032.433/0001-80;2011-01-01;1;ATMA PARTICIPAÇÕES S.A. - EM RECUPERAÇÃO JUDICIAL;019100;FCA;4055;2011-01-03;http://www.rad.cvm.gov.br/ENETCONSULTA/frmDownloadDocumento.aspx?CodigoInstituicao=1&NumeroSequencialDocumento=4055
04.032.433/0001-80;2011-01-01;2;ATMA PARTICIPAÇÕES S.A. - EM RECUPERAÇÃO JUDICIAL;019100;FCA;7041;2011-05-03;http://www.rad.cvm.gov.br/ENETCONSULTA/frmDownloadDocumento.aspx?CodigoInstituicao=1&NumeroSequencialDocumento=7041
04.032.433/0001-80;2011-01-01;3;ATMA PARTICIPAÇÕES S.A. - EM RECUPERAÇÃO JUDICIAL;019100;FCA;9641;2011-06-09;http://www.rad.cvm.gov.br/ENETCONSULTA/frmDownloadDocumento.aspx?CodigoInstituicao=1&NumeroSequencialDocumento=9641
04.034.792/0001-76;2011-01-01;1;DOMMO EMPREENDIMENTOS IMOBILIÁRIOS S.A;019070;FCA;4390;2011-01-24;http://www.rad.cvm.gov.br/ENETCONSULTA/frmDownloadDocumento.aspx?CodigoInstituicao=1&NumeroSequencialDocumento=4390
04.034.792/0001-76;2011-01-01;2;DOMMO EMPREENDIMENTOS IMOBILIÁRIOS S.A;019070;FCA;7422;2011-05-09;http://www.rad.cvm.gov.br/ENETCONSULTA/frmDownloadDocumento.aspx?CodigoInstituicao=1&NumeroSequencialDocumento=7422
04.034.792/0001-76;2011-01-01;3;DOMMO EMPREENDIMENTOS IMOBILIÁRIOS S.A;019070;FCA;11211;2011-08-16;http://www.rad.cvm.gov.br/ENETCONSULTA/frmDownloadDocumento.aspx?CodigoInstituicao=1&NumeroSequencialDocumento=11211
04.038.763/0001-82;2011-01-01;1;CAIANDA PARTICIPACOES S.A.;019097;FCA;5543;2011-03-24;http://www.rad.cvm.gov.br/ENETCONSULTA/frmDownloadDocumento.aspx?CodigoInstituicao=1&NumeroSequencialDocumento=5543
04.038.763/0001-82;2011-01-01;2;CAIANDA PARTICIPACOES S.A.;019097;FCA;9327;2011-05-31;http://www.rad.cvm.gov.br/ENETCONSULTA/frmDownloadDocumento.aspx?CodigoInstituicao=1&NumeroSequencialDocumento=9327
04.128.563/0001-10;2011-01-01;1;AES TIETE ENERGIA SA;018970;FCA;5308;2011-03-17;http://www.rad.cvm.gov.br/ENETCONSULTA/frmDownloadDocumento.aspx?CodigoInstituicao=1&NumeroSequencialDocumento=5308
04.128.563/0001-10;2011-01-01;2;AES TIETE ENERGIA SA;018970;FCA;5312;2011-03-17;http://www.rad.cvm.gov.br/ENETCONSULTA/frmDownloadDocumento.aspx?CodigoInstituicao=1&NumeroSequencialDocumento=5312
04.128.563/0001-10;2011-01-01;3;AES TIETE ENERGIA SA;018970;FCA;9384;2011-06-01;http://www.rad.cvm.gov.br/ENETCONSULTA/frmDownloadDocumento.aspx?CodigoInstituicao=1&NumeroSequencialDocumento=9384
04.149.454/0001-80;2011-01-01;1;ECORODOVIAS INFRAESTRUTURA E LOGÍSTICA S.A.;019453;FCA;4269;2011-01-14;http://www.rad.cvm.gov.br/ENETCONSULTA/frmDownloadDocumento.aspx?CodigoInstituicao=1&NumeroSequencialDocumento=4269
04.149.454/0001-80;2011-01-01;2;ECORODOVIAS INFRAESTRUTURA E LOGÍSTICA S.A.;019453;FCA;7522;2011-05-10;http://www.rad.cvm.gov.br/ENETCONSULTA/frmDownloadDocumento.aspx?CodigoInstituicao=1&NumeroSequencialDocumento=7522
04.149.454/0001-80;2011-01-01;3;ECORODOVIAS INFRAESTRUTURA E LOGÍSTICA S.A.;019453;FCA;9036;2011-05-31;http://www.rad.cvm.gov.br/ENETCONSULTA/frmDownloadDocumento.aspx?CodigoInstituicao=1&NumeroSequencialDocumento=9036
04.172.213/0001-51;2011-01-01;1;CIA PIRATININGA DE FORCA E LUZ;019275;FCA;4070;2011-01-05;http://www.rad.cvm.gov.br/ENETCONSULTA/frmDownloadDocumento.aspx?CodigoInstituicao=1&NumeroSequencialDocumento=4070
04.172.213/0001-51;2011-01-01;2;CIA PIRATININGA DE FORCA E LUZ;019275;FCA;5847;2011-03-29;http://www.rad.cvm.gov.br/ENETCONSULTA/frmDownloadDocumento.aspx?CodigoInstituicao=1&NumeroSequencialDocumento=5847
04.172.213/0001-51;2011-01-01;3;CIA PIRATININGA DE FORCA E LUZ;019275;FCA;8935;2011-05-31;http://www.rad.cvm.gov.br/ENETCONSULTA/frmDownloadDocumento.aspx?CodigoInstituicao=1&NumeroSequencialDocumento=8935
04.172.213/0001-51;2011-01-01;4;CIA PIRATININGA DE FORCA E LUZ;019275;FCA;13414;2011-12-21;http://www.rad.cvm.gov.br/ENETCONSULTA/frmDownloadDocumento.aspx?CodigoInstituicao=1&NumeroSequencialDocumento=13414
04.200.649/0001-07;2011-01-01;1;COMPANHIA PROVINCIA DE SECURITIZACAO;019429;FCA;6120;2011-03-31;http://www.rad.cvm.gov.br/ENETCONSULTA/frmDownloadDocumento.aspx?CodigoInstituicao=1&NumeroSequencialDocumento=6120
04.200.649/0001-07;2011-01-01;2;COMPANHIA PROVINCIA DE SECURITIZACAO;019429;FCA;8734;2011-05-30;http://www.rad.cvm.gov.br/ENETCONSULTA/frmDownloadDocumento.aspx?CodigoInstituicao=1&NumeroSequencialDocumento=8734
04.310.392/0001-46;2011-01-01;1;ANHANGUERA EDUCACIONAL PARTICIPAÇÕES S.A.;018961;FCA;4202;2011-01-10;http://www.rad.cvm.gov.br/ENETCONSULTA/frmDownloadDocumento.aspx?CodigoInstituicao=1&NumeroSequencialDocumento=4202
04.310.392/0001-46;2011-01-01;2;ANHANGUERA EDUCACIONAL PARTICIPAÇÕES S.A.;018961;FCA;9367;2011-06-01;http://www.rad.cvm.gov.br/ENETCONSULTA/frmDownloadDocumento.aspx?CodigoInstituicao=1&NumeroSequencialDocumento=9367
04.310.392/0001-46;2011-01-01;3;ANHANGUERA EDUCACIONAL PARTICIPAÇÕES S.A.;018961;FCA;12634;2011-11-11;http://www.rad.cvm.gov.br/ENETCONSULTA/frmDownloadDocumento.aspx?CodigoInstituicao=1&NumeroSequencialDocumento=12634
04.370.082/0001-17;2011-01-01;1;BRPR 53 SECURITIZADORA DE CRÉDITOS IMOBILIÁRIOS S.A.;019380;FCA;6446;2011-04-08;http://www.rad.cvm.gov.br/ENETCONSULTA/frmDownloadDocumento.aspx?CodigoInstituicao=1&NumeroSequencialDocumento=6446
04.370.082/0001-17;2011-01-01;2;BRPR 53 SECURITIZADORA DE CRÉDITOS IMOBILIÁRIOS S.A.;019380;FCA;9449;2011-06-01;http://www.rad.cvm.gov.br/ENETCONSULTA/frmDownloadDocumento.aspx?CodigoInstituicao=1&NumeroSequencialDocumento=9449
04.370.450/0001-27;2011-01-01;1;REC SÃO BERNARDO SECURITIZADORA DE CRÉDITOS IMOBILIÁRIOS S.A;019356;FCA;6454;2011-04-09;http://www.rad.cvm.gov.br/ENETCONSULTA/frmDownloadDocumento.aspx?CodigoInstituicao=1&NumeroSequencialDocumento=6454
04.370.450/0001-27;2011-01-01;2;REC SÃO BERNARDO SECURITIZADORA DE CRÉDITOS IMOBILIÁRIOS S.A;019356;FCA;9445;2011-06-01;http://www.rad.cvm.gov.br/ENETCONSULTA/frmDownloadDocumento.aspx?CodigoInstituicao=1&NumeroSequencialDocumento=9445
04.423.567/0001-21;2011-01-01;1;ENEVA S.A;021237;FCA;4448;2011-01-26;http://www.rad.cvm.gov.br/ENETCONSULTA/frmDownloadDocumento.aspx?CodigoInstituicao=1&NumeroSequencialDocumento=4448
04.423.567/0001-21;2011-01-01;2;ENEVA S.A;021237;FCA;6376;2011-04-06;http://www.rad.cvm.gov.br/ENETCONSULTA/frmDownloadDocumento.aspx?CodigoInstituicao=1&NumeroSequencialDocumento=6376
04.423.567/0001-21;2011-01-01;3;ENEVA S.A;021237;FCA;9424;2011-06-01;http://www.rad.cvm.gov.br/ENETCONSULTA/frmDownloadDocumento.aspx?CodigoInstituicao=1&NumeroSequencialDocumento=9424
04.423.567/0001-21;2011-01-01;4;ENEVA S.A;021237;FCA;10970;2011-08-12;http://www.rad.cvm.gov.br/ENETCONSULTA/frmDownloadDocumento.aspx?CodigoInstituicao=1&NumeroSequencialDocumento=10970
04.423.567/0001-21;2011-01-01;5;ENEVA S.A;021237;FCA;11521;2011-08-31;http://www.rad.cvm.gov.br/ENETCONSULTA/frmDownloadDocumento.aspx?CodigoInstituicao=1&NumeroSequencialDocumento=11521
04.423.567/0001-21;2011-01-01;6;ENEVA S.A;021237;FCA;12533;2011-11-10;http://www.rad.cvm.gov.br/ENETCONSULTA/frmDownloadDocumento.aspx?CodigoInstituicao=1&NumeroSequencialDocumento=12533
04.437.534/0001-30;2011-01-01;1;LOCAMÉRICA RENT-A-CAR S.A.;021555;FCA;5601;2011-03-25;http://www.rad.cvm.gov.br/ENETCONSULTA/frmDownloadDocumento.aspx?CodigoInstituicao=1&NumeroSequencialDocumento=5601
04.437.534/0001-30;2011-01-01;2;LOCAMÉRICA RENT-A-CAR S.A.;021555;FCA;9506;2011-06-02;http://www.rad.cvm.gov.br/ENETCONSULTA/frmDownloadDocumento.aspx?CodigoInstituicao=1&NumeroSequencialDocumento=9506
04.437.534/0001-30;2011-01-01;3;LOCAMÉRICA RENT-A-CAR S.A.;021555;FCA;9715;2011-06-14;http://www.rad.cvm.gov.br/ENETCONSULTA/frmDownloadDocumento.aspx?CodigoInstituicao=1&NumeroSequencialDocumento=9715
04.437.534/0001-30;2011-01-01;4;LOCAMÉRICA RENT-A-CAR S.A.;021555;FCA;11722;2011-09-15;http://www.rad.cvm.gov.br/ENETCONSULTA/frmDownloadDocumento.aspx?CodigoInstituicao=1&NumeroSequencialDocumento=11722
04.634.250/0001-34;2011-01-01;1;NOVA ACAO PARTICIPACOES S.A.;019224;FCA;5687;2011-03-28;http://www.rad.cvm.gov.br/ENETCONSULTA/frmDownloadDocumento.aspx?CodigoInstituicao=1&NumeroSequencialDocumento=5687
04.634.250/0001-34;2011-01-01;2;NOVA ACAO PARTICIPACOES S.A.;019224;FCA;7362;2011-05-09;http://www.rad.cvm.gov.br/ENETCONSULTA/frmDownloadDocumento.aspx?CodigoInstituicao=1&NumeroSequencialDocumento=7362
04.652.792/0001-30;2011-01-01;1;CIA DE RECUPERAÇÃO SECUNDÁRIA;019240;FCA;6000;2011-03-30;http://www.rad.cvm.gov.br/ENETCONSULTA/frmDownloadDocumento.aspx?CodigoInstituicao=1&NumeroSequencialDocumento=6000
04.652.792/0001-30;2011-01-01;2;CIA DE RECUPERAÇÃO SECUNDÁRIA;019240;FCA;7367;2011-05-09;http://www.rad.cvm.gov.br/ENETCONSULTA/frmDownloadDocumento.aspx?CodigoInstituicao=1&NumeroSequencialDocumento=7367
04.652.792/0001-30;2011-01-01;3;CIA DE RECUPERAÇÃO SECUNDÁRIA;019240;FCA;7654;2011-05-12;http://www.rad.cvm.gov.br/ENETCONSULTA/frmDownloadDocumento.aspx?CodigoInstituicao=1&NumeroSequencialDocumento=7654
04.652.792/0001-30;2011-01-01;4;CIA DE RECUPERAÇÃO SECUNDÁRIA;019240;FCA;13365;2011-12-16;http://www.rad.cvm.gov.br/ENETCONSULTA/frmDownloadDocumento.aspx?CodigoInstituicao=1&NumeroSequencialDocumento=13365
04.652.792/0001-30;2011-01-01;5;CIA DE RECUPERAÇÃO SECUNDÁRIA;019240;FCA;13366;2011-12-16;http://www.rad.cvm.gov.br/ENETCONSULTA/frmDownloadDocumento.aspx?CodigoInstituicao=1&NumeroSequencialDocumento=13366
04.705.090/0001-77;2011-01-01;1;QUATTOR PETROQUÍMICA S.A.;019267;FCA;4100;2011-01-05;http://www.rad.cvm.gov.br/ENETCONSULTA/frmDownloadDocumento.aspx?CodigoInstituicao=1&NumeroSequencialDocumento=4100
04.752.991/0001-10;2011-01-01;1;BIOMM S.A.;019305;FCA;4522;2011-02-01;http://www.rad.cvm.gov.br/ENETCONSULTA/frmDownloadDocumento.aspx?CodigoInstituicao=1&NumeroSequencialDocumento=4522
04.752.991/0001-10;2011-01-01;2;BIOMM S.A.;019305;FCA;8604;2011-05-27;http://www.rad.cvm.gov.br/ENETCONSULTA/frmDownloadDocumento.aspx?CodigoInstituicao=1&NumeroSequencialDocumento=8604
04.781.143/0001-39;2011-01-01;1;BAESA-ENERGETICA BARRA GRANDE SA;019607;FCA;5683;2011-03-28;http://www.rad.cvm.gov.br/ENETCONSULTA/frmDownloadDocumento.aspx?CodigoInstituicao=1&NumeroSequencialDocumento=5683
04.781.143/0001-39;2011-01-01;2;BAESA-ENERGETICA BARRA GRANDE SA;019607;FCA;7167;2011-05-05;http://www.rad.cvm.gov.br/ENETCONSULTA/frmDownloadDocumento.aspx?CodigoInstituicao=1&NumeroSequencialDocumento=7167
04.800.265/0001-25;2011-01-01;1;BRPR 51 SECURITIZADORA DE CRÉDITOS IMOBILIÁRIOS S.A.;019372;FCA;6458;2011-04-09;http://www.rad.cvm.gov.br/ENETCONSULTA/frmDownloadDocumento.aspx?CodigoInstituicao=1&NumeroSequencialDocumento=6458
04.800.265/0001-25;2011-01-01;2;BRPR 51 SECURITIZADORA DE CRÉDITOS IMOBILIÁRIOS S.A.;019372;FCA;9447;2011-06-01;http://www.rad.cvm.gov.br/ENETCONSULTA/frmDownloadDocumento.aspx?CodigoInstituicao=1&NumeroSequencialDocumento=9447
04.821.041/0001-08;2011-01-01;1;METALFRIO SOLUTIONS S.A.;020613;FCA;4549;2011-02-03;http://www.rad.cvm.gov.br/ENETCONSULTA/frmDownloadDocumento.aspx?CodigoInstituicao=1&NumeroSequencialDocumento=4549
04.821.041/0001-08;2011-01-01;2;METALFRIO SOLUTIONS S.A.;020613;FCA;6529;2011-04-14;http://www.rad.cvm.gov.br/ENETCONSULTA/frmDownloadDocumento.aspx?CodigoInstituicao=1&NumeroSequencialDocumento=6529
04.821.041/0001-08;2011-01-01;3;METALFRIO SOLUTIONS S.A.;020613;FCA;8728;2011-05-30;http://www.rad.cvm.gov.br/ENETCONSULTA/frmDownloadDocumento.aspx?CodigoInstituicao=1&NumeroSequencialDocumento=8728
04.895.728/0001-80;2011-01-01;1;EQUATORIAL PARÁ DISTRIBUIDORA DE ENERGIA S.A.;018309;FCA;4887;2011-02-22;http://www.rad.cvm.gov.br/ENETCONSULTA/frmDownloadDocumento.aspx?CodigoInstituicao=1&NumeroSequencialDocumento=4887
04.895.728/0001-80;2011-01-01;2;EQUATORIAL PARÁ DISTRIBUIDORA DE ENERGIA S.A.;018309;FCA;9468;2011-06-01;http://www.rad.cvm.gov.br/ENETCONSULTA/frmDownloadDocumento.aspx?CodigoInstituicao=1&NumeroSequencialDocumento=9468
04.895.728/0001-80;2011-01-01;3;EQUATORIAL PARÁ DISTRIBUIDORA DE ENERGIA S.A.;018309;FCA;10929;2011-08-12;http://www.rad.cvm.gov.br/ENETCONSULTA/frmDownloadDocumento.aspx?CodigoInstituicao=1&NumeroSequencialDocumento=10929
04.902.979/0001-44;2011-01-01;1;BCO AMAZONIA S.A.;000922;FCA;4718;2011-02-11;http://www.rad.cvm.gov.br/ENETCONSULTA/frmDownloadDocumento.aspx?CodigoInstituicao=1&NumeroSequencialDocumento=4718
04.902.979/0001-44;2011-01-01;2;BCO AMAZONIA S.A.;000922;FCA;8862;2011-05-31;http://www.rad.cvm.gov.br/ENETCONSULTA/frmDownloadDocumento.aspx?CodigoInstituicao=1&NumeroSequencialDocumento=8862
04.902.979/0001-44;2011-01-01;3;BCO AMAZONIA S.A.;000922;FCA;10431;2011-08-01;http://www.rad.cvm.gov.br/ENETCONSULTA/frmDownloadDocumento.aspx?CodigoInstituicao=1&NumeroSequencialDocumento=10431
04.902.979/0001-44;2011-01-01;4;BCO AMAZONIA S.A.;000922;FCA;12015;2011-10-11;http://www.rad.cvm.gov.br/ENETCONSULTA/frmDownloadDocumento.aspx?CodigoInstituicao=1&NumeroSequencialDocumento=12015
04.912.242/0001-02;2011-01-01;1;PORTUENSE FERRAGENS S/A;009717;FCA;5797;2011-03-29;http://www.rad.cvm.gov.br/ENETCONSULTA/frmDownloadDocumento.aspx?CodigoInstituicao=1&NumeroSequencialDocumento=5797
04.912.242/0001-02;2011-01-01;2;PORTUENSE FERRAGENS S/A;009717;FCA;9402;2011-06-01;http://www.rad.cvm.gov.br/ENETCONSULTA/frmDownloadDocumento.aspx?CodigoInstituicao=1&NumeroSequencialDocumento=9402
04.913.711/0001-08;2011-01-01;1;BCO ESTADO DO PARA S.A.;001171;FCA;4216;2011-01-11;http://www.rad.cvm.gov.br/ENETCONSULTA/frmDownloadDocumento.aspx?CodigoInstituicao=1&NumeroSequencialDocumento=4216
04.913.711/0001-08;2011-01-01;2;BCO ESTADO DO PARA S.A.;001171;FCA;4977;2011-02-25;http://www.rad.cvm.gov.br/ENETCONSULTA/frmDownloadDocumento.aspx?CodigoInstituicao=1&NumeroSequencialDocumento=4977
04.913.711/0001-08;2011-01-01;3;BCO ESTADO DO PARA S.A.;001171;FCA;8323;2011-05-19;http://www.rad.cvm.gov.br/ENETCONSULTA/frmDownloadDocumento.aspx?CodigoInstituicao=1&NumeroSequencialDocumento=8323
04.913.711/0001-08;2011-01-01;4;BCO ESTADO DO PARA S.A.;001171;FCA;11204;2011-08-16;http://www.rad.cvm.gov.br/ENETCONSULTA/frmDownloadDocumento.aspx?CodigoInstituicao=1&NumeroSequencialDocumento=11204
04.913.711/0001-08;2011-01-01;5;BCO ESTADO DO PARA S.A.;001171;FCA;13502;2011-12-27;http://www.rad.cvm.gov.br/ENETCONSULTA/frmDownloadDocumento.aspx?CodigoInstituicao=1&NumeroSequencialDocumento=13502
04.987.555/0001-20;2011-01-01;1;BGPAR SA;019500;FCA;5294;2011-03-16;http://www.rad.cvm.gov.br/ENETCONSULTA/frmDownloadDocumento.aspx?CodigoInstituicao=1&NumeroSequencialDocumento=5294
04.987.555/0001-20;2011-01-01;2;BGPAR SA;019500;FCA;6816;2011-04-29;http://www.rad.cvm.gov.br/ENETCONSULTA/frmDownloadDocumento.aspx?CodigoInstituicao=1&NumeroSequencialDocumento=6816
04.987.555/0001-20;2011-01-01;3;BGPAR SA;019500;FCA;7051;2011-05-03;http://www.rad.cvm.gov.br/ENETCONSULTA/frmDownloadDocumento.aspx?CodigoInstituicao=1&NumeroSequencialDocumento=7051
04.987.555/0001-20;2011-01-01;4;BGPAR SA;019500;FCA;9958;2011-07-04;http://www.rad.cvm.gov.br/ENETCONSULTA/frmDownloadDocumento.aspx?CodigoInstituicao=1&NumeroSequencialDocumento=9958
05.330.331/0001-03;2011-01-01;1;GLOBAL BRASIL SA;019402;FCA;6128;2011-03-31;http://www.rad.cvm.gov.br/ENETCONSULTA/frmDownloadDocumento.aspx?CodigoInstituicao=1&NumeroSequencialDocumento=6128
05.336.882/0001-84;2011-01-01;1;CACHOEIRA PAULISTA TRANSMISSORA ENERGIA S.A.;022683;FCA;13394;2011-12-20;http://www.rad.cvm.gov.br/ENETCONSULTA/frmDownloadDocumento.aspx?CodigoInstituicao=1&NumeroSequencialDocumento=13394
05.341.549/0001-63;2011-01-01;1;TARPON INVESTIMENTOS S.A.;021717;FCA;4323;2011-01-18;http://www.rad.cvm.gov.br/ENETCONSULTA/frmDownloadDocumento.aspx?CodigoInstituicao=1&NumeroSequencialDocumento=4323
05.341.549/0001-63;2011-01-01;2;TARPON INVESTIMENTOS S.A.;021717;FCA;4642;2011-02-08;http://www.rad.cvm.gov.br/ENETCONSULTA/frmDownloadDocumento.aspx?CodigoInstituicao=1&NumeroSequencialDocumento=4642
05.341.549/0001-63;2011-01-01;3;TARPON INVESTIMENTOS S.A.;021717;FCA;9319;2011-05-31;http://www.rad.cvm.gov.br/ENETCONSULTA/frmDownloadDocumento.aspx?CodigoInstituicao=1&NumeroSequencialDocumento=9319
05.711.813/0001-03;2011-01-01;1;SOLVAY INDUPA SAIC;080101;FCA;8721;2011-05-30;http://www.rad.cvm.gov.br/ENETCONSULTA/frmDownloadDocumento.aspx?CodigoInstituicao=1&NumeroSequencialDocumento=8721
05.711.813/0001-03;2011-01-01;2;SOLVAY INDUPA SAIC;080101;FCA;8726;2011-05-30;http://www.rad.cvm.gov.br/ENETCONSULTA/frmDownloadDocumento.aspx?CodigoInstituicao=1&NumeroSequencialDocumento=8726
05.721.582/0001-19;2011-01-01;1;TELEFÓNICA, S.A.;080004;FCA;6770;2011-04-29;http://www.rad.cvm.gov.br/ENETCONSULTA/frmDownloadDocumento.aspx?CodigoInstituicao=1&NumeroSequencialDocumento=6770
05.721.582/0001-19;2011-01-01;2;TELEFÓNICA, S.A.;080004;FCA;8555;2011-05-26;http://www.rad.cvm.gov.br/ENETCONSULTA/frmDownloadDocumento.aspx?CodigoInstituicao=1&NumeroSequencialDocumento=8555
05.721.735/0001-28;2011-01-01;1;WILSON SONS LTD.;080047;FCA;5621;2011-03-25;http://www.rad.cvm.gov.br/ENETCONSULTA/frmDownloadDocumento.aspx?CodigoInstituicao=1&NumeroSequencialDocumento=5621
05.721.735/0001-28;2011-01-01;2;WILSON SONS LTD.;080047;FCA;9483;2011-06-01;http://www.rad.cvm.gov.br/ENETCONSULTA/frmDownloadDocumento.aspx?CodigoInstituicao=1&NumeroSequencialDocumento=9483
05.721.735/0001-28;2011-01-01;3;WILSON SONS LTD.;080047;FCA;9777;2011-06-20;http://www.rad.cvm.gov.br/ENETCONSULTA/frmDownloadDocumento.aspx?CodigoInstituicao=1&NumeroSequencialDocumento=9777
05.721.735/0001-28;2011-01-01;4;WILSON SONS LTD.;080047;FCA;12216;2011-10-28;http://www.rad.cvm.gov.br/ENETCONSULTA/frmDownloadDocumento.aspx?CodigoInstituicao=1&NumeroSequencialDocumento=12216
05.799.312/0001-20;2011-01-01;1;TERRA SANTA AGRO S.A.;020354;FCA;4988;2011-02-25;http://www.rad.cvm.gov.br/ENETCONSULTA/frmDownloadDocumento.aspx?CodigoInstituicao=1&NumeroSequencialDocumento=4988
05.799.312/0001-20;2011-01-01;2;TERRA SANTA AGRO S.A.;020354;FCA;9260;2011-05-31;http://www.rad.cvm.gov.br/ENETCONSULTA/frmDownloadDocumento.aspx?CodigoInstituicao=1&NumeroSequencialDocumento=9260
05.799.312/0001-20;2011-01-01;3;TERRA SANTA AGRO S.A.;020354;FCA;12030;2011-10-13;http://www.rad.cvm.gov.br/ENETCONSULTA/frmDownloadDocumento.aspx?CodigoInstituicao=1&NumeroSequencialDocumento=12030
05.799.312/0001-20;2011-01-01;4;TERRA SANTA AGRO S.A.;020354;FCA;13058;2011-11-18;http://www.rad.cvm.gov.br/ENETCONSULTA/frmDownloadDocumento.aspx?CodigoInstituicao=1&NumeroSequencialDocumento=13058
05.799.312/0001-20;2011-01-01;5;TERRA SANTA AGRO S.A.;020354;FCA;13217;2011-12-06;http://www.rad.cvm.gov.br/ENETCONSULTA/frmDownloadDocumento.aspx?CodigoInstituicao=1&NumeroSequencialDocumento=13217
05.878.397/0001-32;2011-01-01;1;ALLOS S.A.;022357;FCA;4778;2011-02-16;http://www.rad.cvm.gov.br/ENETCONSULTA/frmDownloadDocumento.aspx?CodigoInstituicao=1&NumeroSequencialDocumento=4778
05.878.397/0001-32;2011-01-01;2;ALLOS S.A.;022357;FCA;5225;2011-03-11;http://www.rad.cvm.gov.br/ENETCONSULTA/frmDownloadDocumento.aspx?CodigoInstituicao=1&NumeroSequencialDocumento=5225
05.878.397/0001-32;2011-01-01;3;ALLOS S.A.;022357;FCA;6750;2011-04-28;http://www.rad.cvm.gov.br/ENETCONSULTA/frmDownloadDocumento.aspx?CodigoInstituicao=1&NumeroSequencialDocumento=6750
05.878.397/0001-32;2011-01-01;4;ALLOS S.A.;022357;FCA;7165;2011-05-04;http://www.rad.cvm.gov.br/ENETCONSULTA/frmDownloadDocumento.aspx?CodigoInstituicao=1&NumeroSequencialDocumento=7165
05.889.284/0001-32;2011-01-01;1;CSA-COMPANHIA SECURITIZADORA DE ATIVOS;019470;FCA;6054;2011-03-30;http://www.rad.cvm.gov.br/ENETCONSULTA/frmDownloadDocumento.aspx?CodigoInstituicao=1&NumeroSequencialDocumento=6054
05.889.284/0001-32;2011-01-01;2;CSA-COMPANHIA SECURITIZADORA DE ATIVOS;019470;FCA;9486;2011-06-01;http://www.rad.cvm.gov.br/ENETCONSULTA/frmDownloadDocumento.aspx?CodigoInstituicao=1&NumeroSequencialDocumento=9486
05.889.284/0001-32;2011-01-01;3;CSA-COMPANHIA SECURITIZADORA DE ATIVOS;019470;FCA;13101;2011-11-22;http://www.rad.cvm.gov.br/ENETCONSULTA/frmDownloadDocumento.aspx?CodigoInstituicao=1&NumeroSequencialDocumento=13101
05.918.309/0001-89;2011-01-01;1;PIPA CIA SECURITIZADORA DE CRÉDITOS IMOBILIÁRIOS;019518;FCA;6353;2011-04-05;http://www.rad.cvm.gov.br/ENETCONSULTA/frmDownloadDocumento.aspx?CodigoInstituicao=1&NumeroSequencialDocumento=6353
05.918.309/0001-89;2011-01-01;2;PIPA CIA SECURITIZADORA DE CRÉDITOS IMOBILIÁRIOS;019518;FCA;9450;2011-06-01;http://www.rad.cvm.gov.br/ENETCONSULTA/frmDownloadDocumento.aspx?CodigoInstituicao=1&NumeroSequencialDocumento=9450
06.018.000/0001-03;2011-01-01;1;FIBRA CIA SECURITIZADORA CRED IMOB;019542;FCA;5820;2011-03-29;http://www.rad.cvm.gov.br/ENETCONSULTA/frmDownloadDocumento.aspx?CodigoInstituicao=1&NumeroSequencialDocumento=5820
06.018.000/0001-03;2011-01-01;2;FIBRA CIA SECURITIZADORA CRED IMOB;019542;FCA;9083;2011-05-31;http://www.rad.cvm.gov.br/ENETCONSULTA/frmDownloadDocumento.aspx?CodigoInstituicao=1&NumeroSequencialDocumento=9083
06.018.000/0001-03;2011-01-01;3;FIBRA CIA SECURITIZADORA CRED IMOB;019542;FCA;12133;2011-10-24;http://www.rad.cvm.gov.br/ENETCONSULTA/frmDownloadDocumento.aspx?CodigoInstituicao=1&NumeroSequencialDocumento=12133
06.027.566/0001-93;2011-01-01;1;UNIVER CIDADE TRUST DE RECEBIVEIS SA;019585;FCA;5313;2011-03-17;http://www.rad.cvm.gov.br/ENETCONSULTA/frmDownloadDocumento.aspx?CodigoInstituicao=1&NumeroSequencialDocumento=5313
06.027.566/0001-93;2011-01-01;2;UNIVER CIDADE TRUST DE RECEBIVEIS SA;019585;FCA;7459;2011-05-10;http://www.rad.cvm.gov.br/ENETCONSULTA/frmDownloadDocumento.aspx?CodigoInstituicao=1&NumeroSequencialDocumento=7459
06.033.448/0001-98;2011-01-01;1;TESLA COMPANHIA SECURITIZADORA DE CRÉDITOS;019526;FCA;6430;2011-04-08;http://www.rad.cvm.gov.br/ENETCONSULTA/frmDownloadDocumento.aspx?CodigoInstituicao=1&NumeroSequencialDocumento=6430
06.033.448/0001-98;2011-01-01;2;TESLA COMPANHIA SECURITIZADORA DE CRÉDITOS;019526;FCA;10224;2011-07-20;http://www.rad.cvm.gov.br/ENETCONSULTA/frmDownloadDocumento.aspx?CodigoInstituicao=1&NumeroSequencialDocumento=10224
06.082.980/0001-03;2011-01-01;1;ALIANSCE SHOPPING CENTERS S.A.;021300;FCA;4219;2011-01-11;http://www.rad.cvm.gov.br/ENETCONSULTA/frmDownloadDocumento.aspx?CodigoInstituicao=1&NumeroSequencialDocumento=4219
06.082.980/0001-03;2011-01-01;2;ALIANSCE SHOPPING CENTERS S.A.;021300;FCA;12040;2011-10-14;http://www.rad.cvm.gov.br/ENETCONSULTA/frmDownloadDocumento.aspx?CodigoInstituicao=1&NumeroSequencialDocumento=12040
06.137.677/0001-52;2011-01-01;1;BRPR 56 SECURITIZADORA CRED IMOB S.A.;019984;FCA;6442;2011-04-08;http://www.rad.cvm.gov.br/ENETCONSULTA/frmDownloadDocumento.aspx?CodigoInstituicao=1&NumeroSequencialDocumento=6442
06.137.677/0001-52;2011-01-01;2;BRPR 56 SECURITIZADORA CRED IMOB S.A.;019984;FCA;9460;2011-06-01;http://www.rad.cvm.gov.br/ENETCONSULTA/frmDownloadDocumento.aspx?CodigoInstituicao=1&NumeroSequencialDocumento=9460
06.164.253/0001-87;2011-01-01;1;GOL LINHAS AEREAS INTELIGENTES S.A.;019569;FCA;4309;2011-01-18;http://www.rad.cvm.gov.br/ENETCONSULTA/frmDownloadDocumento.aspx?CodigoInstituicao=1&NumeroSequencialDocumento=4309
06.164.253/0001-87;2011-01-01;2;GOL LINHAS AEREAS INTELIGENTES S.A.;019569;FCA;4683;2011-02-10;http://www.rad.cvm.gov.br/ENETCONSULTA/frmDownloadDocumento.aspx?CodigoInstituicao=1&NumeroSequencialDocumento=4683
06.164.253/0001-87;2011-01-01;3;GOL LINHAS AEREAS INTELIGENTES S.A.;019569;FCA;7296;2011-05-06;http://www.rad.cvm.gov.br/ENETCONSULTA/frmDownloadDocumento.aspx?CodigoInstituicao=1&NumeroSequencialDocumento=7296
06.272.793/0001-84;2011-01-01;1;EQUATORIAL MARANHÃO DISTRIBUIDORA DE ENERGIA S.A.;016608;FCA;5905;2011-03-29;http://www.rad.cvm.gov.br/ENETCONSULTA/frmDownloadDocumento.aspx?CodigoInstituicao=1&NumeroSequencialDocumento=5905
06.272.793/0001-84;2011-01-01;2;EQUATORIAL MARANHÃO DISTRIBUIDORA DE ENERGIA S.A.;016608;FCA;9063;2011-05-31;http://www.rad.cvm.gov.br/ENETCONSULTA/frmDownloadDocumento.aspx?CodigoInstituicao=1&NumeroSequencialDocumento=9063
06.272.793/0001-84;2011-01-01;3;EQUATORIAL MARANHÃO DISTRIBUIDORA DE ENERGIA S.A.;016608;FCA;9932;2011-07-01;http://www.rad.cvm.gov.br/ENETCONSULTA/frmDownloadDocumento.aspx?CodigoInstituicao=1&NumeroSequencialDocumento=9932
06.272.793/0001-84;2011-01-01;4;EQUATORIAL MARANHÃO DISTRIBUIDORA DE ENERGIA S.A.;016608;FCA;9934;2011-07-01;http://www.rad.cvm.gov.br/ENETCONSULTA/frmDownloadDocumento.aspx?CodigoInstituicao=1&NumeroSequencialDocumento=9934
06.349.242/0001-71;2011-01-01;1;BRPR 44 SECURITIZADORA DE CRÉDITOS IMOBILIÁRIOS S.A.;019810;FCA;6452;2011-04-08;http://www.rad.cvm.gov.br/ENETCONSULTA/frmDownloadDocumento.aspx?CodigoInstituicao=1&NumeroSequencialDocumento=6452
06.349.242/0001-71;2011-01-01;2;BRPR 44 SECURITIZADORA DE CRÉDITOS IMOBILIÁRIOS S.A.;019810;FCA;9451;2011-06-01;http://www.rad.cvm.gov.br/ENETCONSULTA/frmDownloadDocumento.aspx?CodigoInstituicao=1&NumeroSequencialDocumento=9451
06.626.253/0001-51;2011-01-01;1;EMPREENDIMENTOS PAGUE MENOS S.A.;022608;FCA;12161;2011-10-26;http://www.rad.cvm.gov.br/ENETCONSULTA/frmDownloadDocumento.aspx?CodigoInstituicao=1&NumeroSequencialDocumento=12161
06.977.739/0001-34;2011-01-01;1;TEMPO PARTICIPAÇOES S/A;019917;FCA;4378;2011-01-24;http://www.rad.cvm.gov.br/ENETCONSULTA/frmDownloadDocumento.aspx?CodigoInstituicao=1&NumeroSequencialDocumento=4378
06.977.739/0001-34;2011-01-01;2;TEMPO PARTICIPAÇOES S/A;019917;FCA;9274;2011-05-31;http://www.rad.cvm.gov.br/ENETCONSULTA/frmDownloadDocumento.aspx?CodigoInstituicao=1&NumeroSequencialDocumento=9274
06.977.745/0001-91;2011-01-01;1;BR MALLS PARTICIPACOES S.A.;019909;FCA;4691;2011-02-10;http://www.rad.cvm.gov.br/ENETCONSULTA/frmDownloadDocumento.aspx?CodigoInstituicao=1&NumeroSequencialDocumento=4691
06.977.745/0001-91;2011-01-01;2;BR MALLS PARTICIPACOES S.A.;019909;FCA;7349;2011-05-09;http://www.rad.cvm.gov.br/ENETCONSULTA/frmDownloadDocumento.aspx?CodigoInstituicao=1&NumeroSequencialDocumento=7349
06.977.751/0001-49;2011-01-01;1;BR PROPERTIES S.A.;019925;FCA;4302;2011-01-17;http://www.rad.cvm.gov.br/ENETCONSULTA/frmDownloadDocumento.aspx?CodigoInstituicao=1&NumeroSequencialDocumento=4302
06.977.751/0001-49;2011-01-01;2;BR PROPERTIES S.A.;019925;FCA;7046;2011-05-03;http://www.rad.cvm.gov.br/ENETCONSULTA/frmDownloadDocumento.aspx?CodigoInstituicao=1&NumeroSequencialDocumento=7046
06.977.751/0001-49;2011-01-01;3;BR PROPERTIES S.A.;019925;FCA;9490;2011-06-01;http://www.rad.cvm.gov.br/ENETCONSULTA/frmDownloadDocumento.aspx?CodigoInstituicao=1&NumeroSequencialDocumento=9490
06.977.751/0001-49;2011-01-01;4;BR PROPERTIES S.A.;019925;FCA;9532;2011-06-03;http://www.rad.cvm.gov.br/ENETCONSULTA/frmDownloadDocumento.aspx?CodigoInstituicao=1&NumeroSequencialDocumento=9532
06.981.176/0001-58;2011-01-01;1;CEMIG GERACAO E TRANSMISSAO S.A.;020320;FCA;5092;2011-03-02;http://www.rad.cvm.gov.br/ENETCONSULTA/frmDownloadDocumento.aspx?CodigoInstituicao=1&NumeroSequencialDocumento=5092
06.981.176/0001-58;2011-01-01;2;CEMIG GERACAO E TRANSMISSAO S.A.;020320;FCA;7402;2011-05-09;http://www.rad.cvm.gov.br/ENETCONSULTA/frmDownloadDocumento.aspx?CodigoInstituicao=1&NumeroSequencialDocumento=7402
06.981.180/0001-16;2011-01-01;1;CEMIG DISTRIBUICAO S.A.;020303;FCA;5089;2011-03-02;http://www.rad.cvm.gov.br/ENETCONSULTA/frmDownloadDocumento.aspx?CodigoInstituicao=1&NumeroSequencialDocumento=5089
06.981.180/0001-16;2011-01-01;2;CEMIG DISTRIBUICAO S.A.;020303;FCA;7386;2011-05-09;http://www.rad.cvm.gov.br/ENETCONSULTA/frmDownloadDocumento.aspx?CodigoInstituicao=1&NumeroSequencialDocumento=7386
07.021.459/0001-10;2011-01-01;1;BETA SECURITIZADORA S.A.;019747;FCA;4366;2011-01-21;http://www.rad.cvm.gov.br/ENETCONSULTA/frmDownloadDocumento.aspx?CodigoInstituicao=1&NumeroSequencialDocumento=4366
07.021.459/0001-10;2011-01-01;2;BETA SECURITIZADORA S.A.;019747;FCA;7290;2011-05-06;http://www.rad.cvm.gov.br/ENETCONSULTA/frmDownloadDocumento.aspx?CodigoInstituicao=1&NumeroSequencialDocumento=7290
07.021.459/0001-10;2011-01-01;3;BETA SECURITIZADORA S.A.;019747;FCA;8119;2011-05-16;http://www.rad.cvm.gov.br/ENETCONSULTA/frmDownloadDocumento.aspx?CodigoInstituicao=1&NumeroSequencialDocumento=8119
07.033.882/0001-30;2011-01-01;1;BRPR 52 SECURITIZADORA DE CRÉDITOS IMOBILIÁRIOS S.A.;019976;FCA;6450;2011-04-08;http://www.rad.cvm.gov.br/ENETCONSULTA/frmDownloadDocumento.aspx?CodigoInstituicao=1&NumeroSequencialDocumento=6450
07.033.882/0001-30;2011-01-01;2;BRPR 52 SECURITIZADORA DE CRÉDITOS IMOBILIÁRIOS S.A.;019976;FCA;9456;2011-06-01;http://www.rad.cvm.gov.br/ENETCONSULTA/frmDownloadDocumento.aspx?CodigoInstituicao=1&NumeroSequencialDocumento=9456
07.040.108/0001-57;2011-01-01;1;CAGECE - CIA DE AGUA E ESGOTO DO CEARA;018546;FCA;4095;2011-01-05;http://www.rad.cvm.gov.br/ENETCONSULTA/frmDownloadDocumento.aspx?CodigoInstituicao=1&NumeroSequencialDocumento=4095
07.040.108/0001-57;2011-01-01;2;CAGECE - CIA DE AGUA E ESGOTO DO CEARA;018546;FCA;5210;2011-03-11;http://www.rad.cvm.gov.br/ENETCONSULTA/frmDownloadDocumento.aspx?CodigoInstituicao=1&NumeroSequencialDocumento=5210
07.040.108/0001-57;2011-01-01;3;CAGECE - CIA DE AGUA E ESGOTO DO CEARA;018546;FCA;7264;2011-05-06;http://www.rad.cvm.gov.br/ENETCONSULTA/frmDownloadDocumento.aspx?CodigoInstituicao=1&NumeroSequencialDocumento=7264
07.047.251/0001-70;2011-01-01;1;CIA ENERGETICA DO CEARA - COELCE;014869;FCA;5931;2011-03-30;http://www.rad.cvm.gov.br/ENETCONSULTA/frmDownloadDocumento.aspx?CodigoInstituicao=1&NumeroSequencialDocumento=5931
07.047.251/0001-70;2011-01-01;2;CIA ENERGETICA DO CEARA - COELCE;014869;FCA;6466;2011-04-11;http://www.rad.cvm.gov.br/ENETCONSULTA/frmDownloadDocumento.aspx?CodigoInstituicao=1&NumeroSequencialDocumento=6466
07.047.251/0001-70;2011-01-01;3;CIA ENERGETICA DO CEARA - COELCE;014869;FCA;8769;2011-05-30;http://www.rad.cvm.gov.br/ENETCONSULTA/frmDownloadDocumento.aspx?CodigoInstituicao=1&NumeroSequencialDocumento=8769
07.088.416/0001-52;2011-01-01;1;BRPR 45 SECURITIZADORA DE CRÉDITOS IMOBILIÁRIOS S.A.;019895;FCA;6448;2011-04-08;http://www.rad.cvm.gov.br/ENETCONSULTA/frmDownloadDocumento.aspx?CodigoInstituicao=1&NumeroSequencialDocumento=6448
07.088.416/0001-52;2011-01-01;2;BRPR 45 SECURITIZADORA DE CRÉDITOS IMOBILIÁRIOS S.A.;019895;FCA;9452;2011-06-01;http://www.rad.cvm.gov.br/ENETCONSULTA/frmDownloadDocumento.aspx?CodigoInstituicao=1&NumeroSequencialDocumento=9452
07.110.438/0001-71;2011-01-01;1;BTG PACTUAL SECURITIZADORA S.A;019690;FCA;6091;2011-03-31;http://www.rad.cvm.gov.br/ENETCONSULTA/frmDownloadDocumento.aspx?CodigoInstituicao=1&NumeroSequencialDocumento=6091
07.110.438/0001-71;2011-01-01;2;BTG PACTUAL SECURITIZADORA S.A;019690;FCA;8876;2011-05-31;http://www.rad.cvm.gov.br/ENETCONSULTA/frmDownloadDocumento.aspx?CodigoInstituicao=1&NumeroSequencialDocumento=8876
07.110.438/0001-71;2011-01-01;3;BTG PACTUAL SECURITIZADORA S.A;019690;FCA;13170;2011-11-30;http://www.rad.cvm.gov.br/ENETCONSULTA/frmDownloadDocumento.aspx?CodigoInstituicao=1&NumeroSequencialDocumento=13170
07.112.325/0001-05;2011-01-01;1;B.I. COMPANHIA SECURITIZADORA S/A;019704;FCA;5719;2011-03-28;http://www.rad.cvm.gov.br/ENETCONSULTA/frmDownloadDocumento.aspx?CodigoInstituicao=1&NumeroSequencialDocumento=5719
07.112.325/0001-05;2011-01-01;2;B.I. COMPANHIA SECURITIZADORA S/A;019704;FCA;9390;2011-06-01;http://www.rad.cvm.gov.br/ENETCONSULTA/frmDownloadDocumento.aspx?CodigoInstituicao=1&NumeroSequencialDocumento=9390
07.119.838/0001-48;2011-01-01;1;SECME - COMPANHIA SECURITIZADORA DE CRÉDITOS IMOBILIÁRIOS;019720;FCA;4500;2011-01-31;http://www.rad.cvm.gov.br/ENETCONSULTA/frmDownloadDocumento.aspx?CodigoInstituicao=1&NumeroSequencialDocumento=4500
07.119.838/0001-48;2011-01-01;2;SECME - COMPANHIA SECURITIZADORA DE CRÉDITOS IMOBILIÁRIOS;019720;FCA;7574;2011-05-11;http://www.rad.cvm.gov.br/ENETCONSULTA/frmDownloadDocumento.aspx?CodigoInstituicao=1&NumeroSequencialDocumento=7574
07.119.838/0001-48;2011-01-01;3;SECME - COMPANHIA SECURITIZADORA DE CRÉDITOS IMOBILIÁRIOS;019720;FCA;12542;2011-11-10;http://www.rad.cvm.gov.br/ENETCONSULTA/frmDownloadDocumento.aspx?CodigoInstituicao=1&NumeroSequencialDocumento=12542
07.203.904/0001-63;2011-01-01;1;UNITEXTIL - UNIAO INDUSTRIAL TEXTIL S/A;011606;FCA;6406;2011-04-07;http://www.rad.cvm.gov.br/ENETCONSULTA/frmDownloadDocumento.aspx?CodigoInstituicao=1&NumeroSequencialDocumento=6406
07.203.904/0001-63;2011-01-01;2;UNITEXTIL - UNIAO INDUSTRIAL TEXTIL S/A;011606;FCA;8322;2011-05-19;http://www.rad.cvm.gov.br/ENETCONSULTA/frmDownloadDocumento.aspx?CodigoInstituicao=1&NumeroSequencialDocumento=8322
07.206.816/0001-15;2011-01-01;1;M.DIAS BRANCO S.A. IND COM DE ALIMENTOS;020338;FCA;4425;2011-01-26;http://www.rad.cvm.gov.br/ENETCONSULTA/frmDownloadDocumento.aspx?CodigoInstituicao=1&NumeroSequencialDocumento=4425
07.206.816/0001-15;2011-01-01;2;M.DIAS BRANCO S.A. IND COM DE ALIMENTOS;020338;FCA;5579;2011-03-25;http://www.rad.cvm.gov.br/ENETCONSULTA/frmDownloadDocumento.aspx?CodigoInstituicao=1&NumeroSequencialDocumento=5579
07.206.816/0001-15;2011-01-01;3;M.DIAS BRANCO S.A. IND COM DE ALIMENTOS;020338;FCA;8933;2011-05-31;http://www.rad.cvm.gov.br/ENETCONSULTA/frmDownloadDocumento.aspx?CodigoInstituicao=1&NumeroSequencialDocumento=8933
07.237.373/0001-20;2011-01-01;1;BCO NORDESTE DO BRASIL S.A.;001228;FCA;4649;2011-02-08;http://www.rad.cvm.gov.br/ENETCONSULTA/frmDownloadDocumento.aspx?CodigoInstituicao=1&NumeroSequencialDocumento=4649
07.237.373/0001-20;2011-01-01;2;BCO NORDESTE DO BRASIL S.A.;001228;FCA;8693;2011-05-30;http://www.rad.cvm.gov.br/ENETCONSULTA/frmDownloadDocumento.aspx?CodigoInstituicao=1&NumeroSequencialDocumento=8693
07.237.373/0001-20;2011-01-01;3;BCO NORDESTE DO BRASIL S.A.;001228;FCA;9423;2011-06-01;http://www.rad.cvm.gov.br/ENETCONSULTA/frmDownloadDocumento.aspx?CodigoInstituicao=1&NumeroSequencialDocumento=9423
07.237.373/0001-20;2011-01-01;4;BCO NORDESTE DO BRASIL S.A.;001228;FCA;12129;2011-10-24;http://www.rad.cvm.gov.br/ENETCONSULTA/frmDownloadDocumento.aspx?CodigoInstituicao=1&NumeroSequencialDocumento=12129
07.253.321/0001-47;2011-01-01;1;CARBOMIL SA MINER. E INDUSTRIA;014168;FCA;6260;2011-04-01;http://www.rad.cvm.gov.br/ENETCONSULTA/frmDownloadDocumento.aspx?CodigoInstituicao=1&NumeroSequencialDocumento=6260
07.253.321/0001-47;2011-01-01;2;CARBOMIL SA MINER. E INDUSTRIA;014168;FCA;9505;2011-06-02;http://www.rad.cvm.gov.br/ENETCONSULTA/frmDownloadDocumento.aspx?CodigoInstituicao=1&NumeroSequencialDocumento=9505
07.256.507/0001-50;2011-01-01;1;ITAUSEG PARTICIPAÇÕES SA;019933;FCA;4211;2011-01-10;http://www.rad.cvm.gov.br/ENETCONSULTA/frmDownloadDocumento.aspx?CodigoInstituicao=1&NumeroSequencialDocumento=4211
07.256.507/0001-50;2011-01-01;2;ITAUSEG PARTICIPAÇÕES SA;019933;FCA;5412;2011-03-22;http://www.rad.cvm.gov.br/ENETCONSULTA/frmDownloadDocumento.aspx?CodigoInstituicao=1&NumeroSequencialDocumento=5412
07.256.507/0001-50;2011-01-01;3;ITAUSEG PARTICIPAÇÕES SA;019933;FCA;9258;2011-05-31;http://www.rad.cvm.gov.br/ENETCONSULTA/frmDownloadDocumento.aspx?CodigoInstituicao=1&NumeroSequencialDocumento=9258
07.275.159/0001-68;2011-01-01;1;PETROLEO LUB DO NORDESTE SA;009520;FCA;6238;2011-04-01;http://www.rad.cvm.gov.br/ENETCONSULTA/frmDownloadDocumento.aspx?CodigoInstituicao=1&NumeroSequencialDocumento=6238
07.275.159/0001-68;2011-01-01;2;PETROLEO LUB DO NORDESTE SA;009520;FCA;9377;2011-06-01;http://www.rad.cvm.gov.br/ENETCONSULTA/frmDownloadDocumento.aspx?CodigoInstituicao=1&NumeroSequencialDocumento=9377
07.275.159/0001-68;2011-01-01;3;PETROLEO LUB DO NORDESTE SA;009520;FCA;12522;2011-11-10;http://www.rad.cvm.gov.br/ENETCONSULTA/frmDownloadDocumento.aspx?CodigoInstituicao=1&NumeroSequencialDocumento=12522
07.275.159/0001-68;2011-01-01;4;PETROLEO LUB DO NORDESTE SA;009520;FCA;13073;2011-11-18;http://www.rad.cvm.gov.br/ENETCONSULTA/frmDownloadDocumento.aspx?CodigoInstituicao=1&NumeroSequencialDocumento=13073
07.275.159/0001-68;2011-01-01;5;PETROLEO LUB DO NORDESTE SA;009520;FCA;13409;2011-12-21;http://www.rad.cvm.gov.br/ENETCONSULTA/frmDownloadDocumento.aspx?CodigoInstituicao=1&NumeroSequencialDocumento=13409
07.276.103/0001-28;2011-01-01;1;FLORESTAL BRASIL SA;021423;FCA;4572;2011-02-04;http://www.rad.cvm.gov.br/ENETCONSULTA/frmDownloadDocumento.aspx?CodigoInstituicao=1&NumeroSequencialDocumento=4572
07.276.103/0001-28;2011-01-01;2;FLORESTAL BRASIL SA;021423;FCA;8112;2011-05-16;http://www.rad.cvm.gov.br/ENETCONSULTA/frmDownloadDocumento.aspx?CodigoInstituicao=1&NumeroSequencialDocumento=8112
07.281.413/0001-30;2011-01-01;1;FAE - FERRAGENS APARELHOS ELÉTRICOS S/A;005878;FCA;6262;2011-04-01;http://www.rad.cvm.gov.br/ENETCONSULTA/frmDownloadDocumento.aspx?CodigoInstituicao=1&NumeroSequencialDocumento=6262
07.281.413/0001-30;2011-01-01;2;FAE - FERRAGENS APARELHOS ELÉTRICOS S/A;005878;FCA;8230;2011-05-17;http://www.rad.cvm.gov.br/ENETCONSULTA/frmDownloadDocumento.aspx?CodigoInstituicao=1&NumeroSequencialDocumento=8230
07.332.190/0001-93;2011-01-01;1;VICUNHA TEXTIL SA;005991;FCA;6030;2011-03-30;http://www.rad.cvm.gov.br/ENETCONSULTA/frmDownloadDocumento.aspx?CodigoInstituicao=1&NumeroSequencialDocumento=6030
07.332.190/0001-93;2011-01-01;2;VICUNHA TEXTIL SA;005991;FCA;8313;2011-05-19;http://www.rad.cvm.gov.br/ENETCONSULTA/frmDownloadDocumento.aspx?CodigoInstituicao=1&NumeroSequencialDocumento=8313
07.334.600/0001-35;2011-01-01;1;MARINA DE IRACEMA PARK SA;016268;FCA;6084;2011-03-31;http://www.rad.cvm.gov.br/ENETCONSULTA/frmDownloadDocumento.aspx?CodigoInstituicao=1&NumeroSequencialDocumento=6084
07.334.600/0001-35;2011-01-01;2;MARINA DE IRACEMA PARK SA;016268;FCA;9392;2011-06-01;http://www.rad.cvm.gov.br/ENETCONSULTA/frmDownloadDocumento.aspx?CodigoInstituicao=1&NumeroSequencialDocumento=9392
07.394.616/0001-33;2011-01-01;1;UNI CIDADE SPTRUST DE RECEBÍVEIS SA;020079;FCA;5973;2011-03-30;http://www.rad.cvm.gov.br/ENETCONSULTA/frmDownloadDocumento.aspx?CodigoInstituicao=1&NumeroSequencialDocumento=5973
07.394.616/0001-33;2011-01-01;2;UNI CIDADE SPTRUST DE RECEBÍVEIS SA;020079;FCA;9380;2011-06-01;http://www.rad.cvm.gov.br/ENETCONSULTA/frmDownloadDocumento.aspx?CodigoInstituicao=1&NumeroSequencialDocumento=9380
07.450.604/0001-89;2011-01-01;1;BANCO INDUSTRIAL E COMERCIAL S/A;021113;FCA;4767;2011-02-15;http://www.rad.cvm.gov.br/ENETCONSULTA/frmDownloadDocumento.aspx?CodigoInstituicao=1&NumeroSequencialDocumento=4767
07.450.604/0001-89;2011-01-01;2;BANCO INDUSTRIAL E COMERCIAL S/A;021113;FCA;9088;2011-05-31;http://www.rad.cvm.gov.br/ENETCONSULTA/frmDownloadDocumento.aspx?CodigoInstituicao=1&NumeroSequencialDocumento=9088
07.587.384/0001-30;2011-01-01;1;PLANETA SECURITIZADORA S.A.;020222;FCA;4171;2011-01-10;http://www.rad.cvm.gov.br/ENETCONSULTA/frmDownloadDocumento.aspx?CodigoInstituicao=1&NumeroSequencialDocumento=4171
07.587.384/0001-30;2011-01-01;2;PLANETA SECURITIZADORA S.A.;020222;FCA;6267;2011-04-01;http://www.rad.cvm.gov.br/ENETCONSULTA/frmDownloadDocumento.aspx?CodigoInstituicao=1&NumeroSequencialDocumento=6267
07.587.384/0001-30;2011-01-01;3;PLANETA SECURITIZADORA S.A.;020222;FCA;8990;2011-05-31;http://www.rad.cvm.gov.br/ENETCONSULTA/frmDownloadDocumento.aspx?CodigoInstituicao=1&NumeroSequencialDocumento=8990
07.587.384/0001-30;2011-01-01;4;PLANETA SECURITIZADORA S.A.;020222;FCA;11391;2011-08-23;http://www.rad.cvm.gov.br/ENETCONSULTA/frmDownloadDocumento.aspx?CodigoInstituicao=1&NumeroSequencialDocumento=11391
07.620.094/0001-40;2011-01-01;1;AFLUENTE G&T DE ENERGIA ELÉTRICA S/A;020150;FCA;4176;2011-01-10;http://www.rad.cvm.gov.br/ENETCONSULTA/frmDownloadDocumento.aspx?CodigoInstituicao=1&NumeroSequencialDocumento=4176
07.620.094/0001-40;2011-01-01;2;AFLUENTE G&T DE ENERGIA ELÉTRICA S/A;020150;FCA;4698;2011-02-10;http://www.rad.cvm.gov.br/ENETCONSULTA/frmDownloadDocumento.aspx?CodigoInstituicao=1&NumeroSequencialDocumento=4698
07.620.094/0001-40;2011-01-01;3;AFLUENTE G&T DE ENERGIA ELÉTRICA S/A;020150;FCA;8810;2011-05-30;http://www.rad.cvm.gov.br/ENETCONSULTA/frmDownloadDocumento.aspx?CodigoInstituicao=1&NumeroSequencialDocumento=8810
07.628.528/0001-59;2011-01-01;1;BRASILAGRO - CIA BRAS DE PROP AGRICOLAS;020036;FCA;4373;2011-01-24;http://www.rad.cvm.gov.br/ENETCONSULTA/frmDownloadDocumento.aspx?CodigoInstituicao=1&NumeroSequencialDocumento=4373
07.628.528/0001-59;2011-01-01;2;BRASILAGRO - CIA BRAS DE PROP AGRICOLAS;020036;FCA;4882;2011-02-22;http://www.rad.cvm.gov.br/ENETCONSULTA/frmDownloadDocumento.aspx?CodigoInstituicao=1&NumeroSequencialDocumento=4882
07.628.528/0001-59;2011-01-01;3;BRASILAGRO - CIA BRAS DE PROP AGRICOLAS;020036;FCA;9263;2011-05-31;http://www.rad.cvm.gov.br/ENETCONSULTA/frmDownloadDocumento.aspx?CodigoInstituicao=1&NumeroSequencialDocumento=9263
07.659.538/0001-51;2011-01-01;1;DINAMICA ENERGIA S.A.;020052;FCA;5833;2011-03-29;http://www.rad.cvm.gov.br/ENETCONSULTA/frmDownloadDocumento.aspx?CodigoInstituicao=1&NumeroSequencialDocumento=5833
07.659.538/0001-51;2011-01-01;2;DINAMICA ENERGIA S.A.;020052;FCA;8877;2011-05-31;http://www.rad.cvm.gov.br/ENETCONSULTA/frmDownloadDocumento.aspx?CodigoInstituicao=1&NumeroSequencialDocumento=8877
07.689.002/0001-89;2011-01-01;1;EMBRAER S.A.;020087;FCA;4134;2011-01-07;http://www.rad.cvm.gov.br/ENETCONSULTA/frmDownloadDocumento.aspx?CodigoInstituicao=1&NumeroSequencialDocumento=4134
07.689.002/0001-89;2011-01-01;2;EMBRAER S.A.;020087;FCA;5528;2011-03-24;http://www.rad.cvm.gov.br/ENETCONSULTA/frmDownloadDocumento.aspx?CodigoInstituicao=1&NumeroSequencialDocumento=5528
07.689.002/0001-89;2011-01-01;3;EMBRAER S.A.;020087;FCA;8053;2011-05-16;http://www.rad.cvm.gov.br/ENETCONSULTA/frmDownloadDocumento.aspx?CodigoInstituicao=1&NumeroSequencialDocumento=8053
07.689.002/0001-89;2011-01-01;4;EMBRAER S.A.;020087;FCA;8713;2011-05-30;http://www.rad.cvm.gov.br/ENETCONSULTA/frmDownloadDocumento.aspx?CodigoInstituicao=1&NumeroSequencialDocumento=8713
07.689.002/0001-89;2011-01-01;5;EMBRAER S.A.;020087;FCA;10173;2011-07-18;http://www.rad.cvm.gov.br/ENETCONSULTA/frmDownloadDocumento.aspx?CodigoInstituicao=1&NumeroSequencialDocumento=10173
07.700.557/0001-84;2011-01-01;1;BROOKFIELD INCORPORAÇÕES S.A.;020265;FCA;4092;2011-01-05;http://www.rad.cvm.gov.br/ENETCONSULTA/frmDownloadDocumento.aspx?CodigoInstituicao=1&NumeroSequencialDocumento=4092
07.700.557/0001-84;2011-01-01;2;BROOKFIELD INCORPORAÇÕES S.A.;020265;FCA;4351;2011-01-20;http://www.rad.cvm.gov.br/ENETCONSULTA/frmDownloadDocumento.aspx?CodigoInstituicao=1&NumeroSequencialDocumento=4351
07.700.557/0001-84;2011-01-01;3;BROOKFIELD INCORPORAÇÕES S.A.;020265;FCA;9353;2011-05-31;http://www.rad.cvm.gov.br/ENETCONSULTA/frmDownloadDocumento.aspx?CodigoInstituicao=1&NumeroSequencialDocumento=9353
07.700.557/0001-84;2011-01-01;4;BROOKFIELD INCORPORAÇÕES S.A.;020265;FCA;11994;2011-10-10;http://www.rad.cvm.gov.br/ENETCONSULTA/frmDownloadDocumento.aspx?CodigoInstituicao=1&NumeroSequencialDocumento=11994
07.700.557/0001-84;2011-01-01;5;BROOKFIELD INCORPORAÇÕES S.A.;020265;FCA;12023;2011-10-13;http://www.rad.cvm.gov.br/ENETCONSULTA/frmDownloadDocumento.aspx?CodigoInstituicao=1&NumeroSequencialDocumento=12023
07.710.591/0001-30;2011-01-01;1;BRPR 55 SECURITIZADORA CRED IMOB S.A.;019941;FCA;6440;2011-04-08;http://www.rad.cvm.gov.br/ENETCONSULTA/frmDownloadDocumento.aspx?CodigoInstituicao=1&NumeroSequencialDocumento=6440
07.710.591/0001-30;2011-01-01;2;BRPR 55 SECURITIZADORA CRED IMOB S.A.;019941;FCA;9454;2011-06-01;http://www.rad.cvm.gov.br/ENETCONSULTA/frmDownloadDocumento.aspx?CodigoInstituicao=1&NumeroSequencialDocumento=9454
07.718.269/0001-57;2011-01-01;1;SPRINGS GLOBAL PARTICIPACOES S.A.;020966;FCA;5087;2011-03-02;http://www.rad.cvm.gov.br/ENETCONSULTA/frmDownloadDocumento.aspx?CodigoInstituicao=1&NumeroSequencialDocumento=5087
07.718.269/0001-57;2011-01-01;2;SPRINGS GLOBAL PARTICIPACOES S.A.;020966;FCA;5418;2011-03-22;http://www.rad.cvm.gov.br/ENETCONSULTA/frmDownloadDocumento.aspx?CodigoInstituicao=1&NumeroSequencialDocumento=5418
07.718.269/0001-57;2011-01-01;3;SPRINGS GLOBAL PARTICIPACOES S.A.;020966;FCA;9421;2011-06-01;http://www.rad.cvm.gov.br/ENETCONSULTA/frmDownloadDocumento.aspx?CodigoInstituicao=1&NumeroSequencialDocumento=9421
07.809.905/0001-56;2011-01-01;1;AMPLA INVESTIMENTOS E SERVIÇOS S/A;020214;FCA;6415;2011-04-07;http://www.rad.cvm.gov.br/ENETCONSULTA/frmDownloadDocumento.aspx?CodigoInstituicao=1&NumeroSequencialDocumento=6415
07.809.905/0001-56;2011-01-01;2;AMPLA INVESTIMENTOS E SERVIÇOS S/A;020214;FCA;6467;2011-04-11;http://www.rad.cvm.gov.br/ENETCONSULTA/frmDownloadDocumento.aspx?CodigoInstituicao=1&NumeroSequencialDocumento=6467
07.809.905/0001-56;2011-01-01;3;AMPLA INVESTIMENTOS E SERVIÇOS S/A;020214;FCA;8770;2011-05-30;http://www.rad.cvm.gov.br/ENETCONSULTA/frmDownloadDocumento.aspx?CodigoInstituicao=1&NumeroSequencialDocumento=8770
07.809.905/0001-56;2011-01-01;4;AMPLA INVESTIMENTOS E SERVIÇOS S/A;020214;FCA;9738;2011-06-16;http://www.rad.cvm.gov.br/ENETCONSULTA/frmDownloadDocumento.aspx?CodigoInstituicao=1&NumeroSequencialDocumento=9738
07.816.890/0001-53;2011-01-01;1;MULTIPLAN - EMPREEND IMOBILIARIOS S.A.;020982;FCA;5248;2011-03-14;http://www.rad.cvm.gov.br/ENETCONSULTA/frmDownloadDocumento.aspx?CodigoInstituicao=1&NumeroSequencialDocumento=5248
07.816.890/0001-53;2011-01-01;2;MULTIPLAN - EMPREEND IMOBILIARIOS S.A.;020982;FCA;7022;2011-05-03;http://www.rad.cvm.gov.br/ENETCONSULTA/frmDownloadDocumento.aspx?CodigoInstituicao=1&NumeroSequencialDocumento=7022
07.816.890/0001-53;2011-01-01;3;MULTIPLAN - EMPREEND IMOBILIARIOS S.A.;020982;FCA;12459;2011-11-09;http://www.rad.cvm.gov.br/ENETCONSULTA/frmDownloadDocumento.aspx?CodigoInstituicao=1&NumeroSequencialDocumento=12459
07.820.907/0001-46;2011-01-01;1;FICA EMPREENDIMENTOS IMOBILIÁRIOS S.A.;020630;FCA;5125;2011-03-03;http://www.rad.cvm.gov.br/ENETCONSULTA/frmDownloadDocumento.aspx?CodigoInstituicao=1&NumeroSequencialDocumento=5125
07.820.907/0001-46;2011-01-01;2;FICA EMPREENDIMENTOS IMOBILIÁRIOS S.A.;020630;FCA;5161;2011-03-04;http://www.rad.cvm.gov.br/ENETCONSULTA/frmDownloadDocumento.aspx?CodigoInstituicao=1&NumeroSequencialDocumento=5161
07.820.907/0001-46;2011-01-01;3;FICA EMPREENDIMENTOS IMOBILIÁRIOS S.A.;020630;FCA;7099;2011-05-04;http://www.rad.cvm.gov.br/ENETCONSULTA/frmDownloadDocumento.aspx?CodigoInstituicao=1&NumeroSequencialDocumento=7099
07.820.907/0001-46;2011-01-01;4;FICA EMPREENDIMENTOS IMOBILIÁRIOS S.A.;020630;FCA;11162;2011-08-15;http://www.rad.cvm.gov.br/ENETCONSULTA/frmDownloadDocumento.aspx?CodigoInstituicao=1&NumeroSequencialDocumento=11162
07.820.907/0001-46;2011-01-01;5;FICA EMPREENDIMENTOS IMOBILIÁRIOS S.A.;020630;FCA;11165;2011-08-15;http://www.rad.cvm.gov.br/ENETCONSULTA/frmDownloadDocumento.aspx?CodigoInstituicao=1&NumeroSequencialDocumento=11165
07.820.907/0001-46;2011-01-01;6;FICA EMPREENDIMENTOS IMOBILIÁRIOS S.A.;020630;FCA;11178;2011-08-15;http://www.rad.cvm.gov.br/ENETCONSULTA/frmDownloadDocumento.aspx?CodigoInstituicao=1&NumeroSequencialDocumento=11178
07.825.881/0001-29;2011-01-01;1;ACRUX SECURITIZADORA S/A;020230;FCA;5982;2011-03-30;http://www.rad.cvm.gov.br/ENETCONSULTA/frmDownloadDocumento.aspx?CodigoInstituicao=1&NumeroSequencialDocumento=5982
07.825.881/0001-29;2011-01-01;2;ACRUX SECURITIZADORA S/A;020230;FCA;7201;2011-05-05;http://www.rad.cvm.gov.br/ENETCONSULTA/frmDownloadDocumento.aspx?CodigoInstituicao=1&NumeroSequencialDocumento=7201
07.825.881/0001-29;2011-01-01;3;ACRUX SECURITIZADORA S/A;020230;FCA;13442;2011-12-22;http://www.rad.cvm.gov.br/ENETCONSULTA/frmDownloadDocumento.aspx?CodigoInstituicao=1&NumeroSequencialDocumento=13442
07.857.850/0001-50;2011-01-01;1;GP INVESTMENTS, LTD.;080020;FCA;5736;2011-03-28;http://www.rad.cvm.gov.br/ENETCONSULTA/frmDownloadDocumento.aspx?CodigoInstituicao=1&NumeroSequencialDocumento=5736
07.857.850/0001-50;2011-01-01;2;GP INVESTMENTS, LTD.;080020;FCA;9306;2011-05-31;http://www.rad.cvm.gov.br/ENETCONSULTA/frmDownloadDocumento.aspx?CodigoInstituicao=1&NumeroSequencialDocumento=9306
07.859.971/0001-30;2011-01-01;1;TRANSMISSORA ALIANÇA DE ENERGIA ELÉTRICA S.A.;020257;FCA;4124;2011-01-06;http://www.rad.cvm.gov.br/ENETCONSULTA/frmDownloadDocumento.aspx?CodigoInstituicao=1&NumeroSequencialDocumento=4124
07.859.971/0001-30;2011-01-01;2;TRANSMISSORA ALIANÇA DE ENERGIA ELÉTRICA S.A.;020257;FCA;9389;2011-06-01;http://www.rad.cvm.gov.br/ENETCONSULTA/frmDownloadDocumento.aspx?CodigoInstituicao=1&NumeroSequencialDocumento=9389
07.875.234/0001-21;2011-01-01;1;ONE PROPERTIES S.A.;020419;FCA;4315;2011-01-18;http://www.rad.cvm.gov.br/ENETCONSULTA/frmDownloadDocumento.aspx?CodigoInstituicao=1&NumeroSequencialDocumento=4315
07.875.234/0001-21;2011-01-01;2;ONE PROPERTIES S.A.;020419;FCA;4664;2011-02-09;http://www.rad.cvm.gov.br/ENETCONSULTA/frmDownloadDocumento.aspx?CodigoInstituicao=1&NumeroSequencialDocumento=4664
07.875.234/0001-21;2011-01-01;3;ONE PROPERTIES S.A.;020419;FCA;4720;2011-02-11;http://www.rad.cvm.gov.br/ENETCONSULTA/frmDownloadDocumento.aspx?CodigoInstituicao=1&NumeroSequencialDocumento=4720
07.875.234/0001-21;2011-01-01;4;ONE PROPERTIES S.A.;020419;FCA;7109;2011-05-04;http://www.rad.cvm.gov.br/ENETCONSULTA/frmDownloadDocumento.aspx?CodigoInstituicao=1&NumeroSequencialDocumento=7109
07.875.234/0001-21;2011-01-01;5;ONE PROPERTIES S.A.;020419;FCA;13132;2011-11-25;http://www.rad.cvm.gov.br/ENETCONSULTA/frmDownloadDocumento.aspx?CodigoInstituicao=1&NumeroSequencialDocumento=13132
07.875.234/0001-21;2011-01-01;6;ONE PROPERTIES S.A.;020419;FCA;13268;2011-12-09;http://www.rad.cvm.gov.br/ENETCONSULTA/frmDownloadDocumento.aspx?CodigoInstituicao=1&NumeroSequencialDocumento=13268
07.949.970/0001-87;2011-01-01;1;CENTENNIAL ASSET PART. MINAS-RIO S/A;020176;FCA;6242;2011-04-01;http://www.rad.cvm.gov.br/ENETCONSULTA/frmDownloadDocumento.aspx?CodigoInstituicao=1&NumeroSequencialDocumento=6242
07.949.970/0001-87;2011-01-01;2;CENTENNIAL ASSET PART. MINAS-RIO S/A;020176;FCA;9774;2011-06-20;http://www.rad.cvm.gov.br/ENETCONSULTA/frmDownloadDocumento.aspx?CodigoInstituicao=1&NumeroSequencialDocumento=9774
07.950.674/0001-04;2011-01-01;1;CCX CARVÃO DA COLÔMBIA S.A. - EM LIQUIDAÇÃO;020184;FCA;5980;2011-03-30;http://www.rad.cvm.gov.br/ENETCONSULTA/frmDownloadDocumento.aspx?CodigoInstituicao=1&NumeroSequencialDocumento=5980
07.950.674/0001-04;2011-01-01;2;CCX CARVÃO DA COLÔMBIA S.A. - EM LIQUIDAÇÃO;020184;FCA;8697;2011-05-30;http://www.rad.cvm.gov.br/ENETCONSULTA/frmDownloadDocumento.aspx?CodigoInstituicao=1&NumeroSequencialDocumento=8697
07.950.674/0001-04;2011-01-01;3;CCX CARVÃO DA COLÔMBIA S.A. - EM LIQUIDAÇÃO;020184;FCA;9799;2011-06-21;http://www.rad.cvm.gov.br/ENETCONSULTA/frmDownloadDocumento.aspx?CodigoInstituicao=1&NumeroSequencialDocumento=9799
07.950.674/0001-04;2011-01-01;4;CCX CARVÃO DA COLÔMBIA S.A. - EM LIQUIDAÇÃO;020184;FCA;11603;2011-09-05;http://www.rad.cvm.gov.br/ENETCONSULTA/frmDownloadDocumento.aspx?CodigoInstituicao=1&NumeroSequencialDocumento=11603
07.950.674/0001-04;2011-01-01;5;CCX CARVÃO DA COLÔMBIA S.A. - EM LIQUIDAÇÃO;020184;FCA;12345;2011-11-04;http://www.rad.cvm.gov.br/ENETCONSULTA/frmDownloadDocumento.aspx?CodigoInstituicao=1&NumeroSequencialDocumento=12345
07.950.674/0001-04;2011-01-01;6;CCX CARVÃO DA COLÔMBIA S.A. - EM LIQUIDAÇÃO;020184;FCA;12378;2011-11-07;http://www.rad.cvm.gov.br/ENETCONSULTA/frmDownloadDocumento.aspx?CodigoInstituicao=1&NumeroSequencialDocumento=12378
07.957.093/0001-96;2011-01-01;1;ÓLEO E GÁS PARTICIPAÇÕES S.A.;020168;FCA;4419;2011-01-26;http://www.rad.cvm.gov.br/ENETCONSULTA/frmDownloadDocumento.aspx?CodigoInstituicao=1&NumeroSequencialDocumento=4419
07.957.093/0001-96;2011-01-01;2;ÓLEO E GÁS PARTICIPAÇÕES S.A.;020168;FCA;4474;2011-01-28;http://www.rad.cvm.gov.br/ENETCONSULTA/frmDownloadDocumento.aspx?CodigoInstituicao=1&NumeroSequencialDocumento=4474
07.957.093/0001-96;2011-01-01;3;ÓLEO E GÁS PARTICIPAÇÕES S.A.;020168;FCA;4482;2011-01-28;http://www.rad.cvm.gov.br/ENETCONSULTA/frmDownloadDocumento.aspx?CodigoInstituicao=1&NumeroSequencialDocumento=4482
07.957.093/0001-96;2011-01-01;4;ÓLEO E GÁS PARTICIPAÇÕES S.A.;020168;FCA;9462;2011-06-01;http://www.rad.cvm.gov.br/ENETCONSULTA/frmDownloadDocumento.aspx?CodigoInstituicao=1&NumeroSequencialDocumento=9462
08.065.557/0001-12;2011-01-01;1;TECNISA S.A.;020435;FCA;4041;2011-01-03;http://www.rad.cvm.gov.br/ENETCONSULTA/frmDownloadDocumento.aspx?CodigoInstituicao=1&NumeroSequencialDocumento=4041
08.065.557/0001-12;2011-01-01;2;TECNISA S.A.;020435;FCA;4063;2011-01-05;http://www.rad.cvm.gov.br/ENETCONSULTA/frmDownloadDocumento.aspx?CodigoInstituicao=1&NumeroSequencialDocumento=4063
08.065.557/0001-12;2011-01-01;3;TECNISA S.A.;020435;FCA;5493;2011-03-24;http://www.rad.cvm.gov.br/ENETCONSULTA/frmDownloadDocumento.aspx?CodigoInstituicao=1&NumeroSequencialDocumento=5493
08.065.557/0001-12;2011-01-01;4;TECNISA S.A.;020435;FCA;5509;2011-03-24;http://www.rad.cvm.gov.br/ENETCONSULTA/frmDownloadDocumento.aspx?CodigoInstituicao=1&NumeroSequencialDocumento=5509
08.065.557/0001-12;2011-01-01;5;TECNISA S.A.;020435;FCA;5583;2011-03-25;http://www.rad.cvm.gov.br/ENETCONSULTA/frmDownloadDocumento.aspx?CodigoInstituicao=1&NumeroSequencialDocumento=5583
08.065.557/0001-12;2011-01-01;6;TECNISA S.A.;020435;FCA;8907;2011-05-31;http://www.rad.cvm.gov.br/ENETCONSULTA/frmDownloadDocumento.aspx?CodigoInstituicao=1&NumeroSequencialDocumento=8907
08.065.557/0001-12;2011-01-01;7;TECNISA S.A.;020435;FCA;10579;2011-08-08;http://www.rad.cvm.gov.br/ENETCONSULTA/frmDownloadDocumento.aspx?CodigoInstituicao=1&NumeroSequencialDocumento=10579
08.078.847/0001-09;2011-01-01;1;LPS BRASIL - CONSULTORIA DE IMOVEIS S.A.;020370;FCA;4453;2011-01-26;http://www.rad.cvm.gov.br/ENETCONSULTA/frmDownloadDocumento.aspx?CodigoInstituicao=1&NumeroSequencialDocumento=4453
08.078.847/0001-09;2011-01-01;2;LPS BRASIL - CONSULTORIA DE IMOVEIS S.A.;020370;FCA;11975;2011-10-07;http://www.rad.cvm.gov.br/ENETCONSULTA/frmDownloadDocumento.aspx?CodigoInstituicao=1&NumeroSequencialDocumento=11975
08.140.464/0001-05;2011-01-01;1;SAFRA COMPANHIA SECURITIZADORA DE CREDITOS IMOBILIARIOS;020400;FCA;6526;2011-04-14;http://www.rad.cvm.gov.br/ENETCONSULTA/frmDownloadDocumento.aspx?CodigoInstituicao=1&NumeroSequencialDocumento=6526
08.140.464/0001-05;2011-01-01;2;SAFRA COMPANHIA SECURITIZADORA DE CREDITOS IMOBILIARIOS;020400;FCA;7783;2011-05-13;http://www.rad.cvm.gov.br/ENETCONSULTA/frmDownloadDocumento.aspx?CodigoInstituicao=1&NumeroSequencialDocumento=7783
08.140.464/0001-05;2011-01-01;3;SAFRA COMPANHIA SECURITIZADORA DE CREDITOS IMOBILIARIOS;020400;FCA;11762;2011-09-19;http://www.rad.cvm.gov.br/ENETCONSULTA/frmDownloadDocumento.aspx?CodigoInstituicao=1&NumeroSequencialDocumento=11762
08.159.965/0001-33;2011-01-01;1;COMPANHIA DE ÁGUAS DO BRASIL - CAB AMBIENTAL;022403;FCA;4948;2011-02-24;http://www.rad.cvm.gov.br/ENETCONSULTA/frmDownloadDocumento.aspx?CodigoInstituicao=1&NumeroSequencialDocumento=4948
08.253.728/0001-37;2011-01-01;1;TFA SECURITIZADORA S/A;020460;FCA;5748;2011-03-28;http://www.rad.cvm.gov.br/ENETCONSULTA/frmDownloadDocumento.aspx?CodigoInstituicao=1&NumeroSequencialDocumento=5748
08.253.728/0001-37;2011-01-01;2;TFA SECURITIZADORA S/A;020460;FCA;7804;2011-05-13;http://www.rad.cvm.gov.br/ENETCONSULTA/frmDownloadDocumento.aspx?CodigoInstituicao=1&NumeroSequencialDocumento=7804
08.281.683/0001-04;2011-01-01;1;RJ CAPITAL PARTNERS S.A.;022330;FCA;6578;2011-04-18;http://www.rad.cvm.gov.br/ENETCONSULTA/frmDownloadDocumento.aspx?CodigoInstituicao=1&NumeroSequencialDocumento=6578
08.281.683/0001-04;2011-01-01;2;RJ CAPITAL PARTNERS S.A.;022330;FCA;9776;2011-06-20;http://www.rad.cvm.gov.br/ENETCONSULTA/frmDownloadDocumento.aspx?CodigoInstituicao=1&NumeroSequencialDocumento=9776
08.294.224/0001-65;2011-01-01;1;JHSF PARTICIPACOES S.A.;020605;FCA;5730;2011-03-28;http://www.rad.cvm.gov.br/ENETCONSULTA/frmDownloadDocumento.aspx?CodigoInstituicao=1&NumeroSequencialDocumento=5730
08.294.224/0001-65;2011-01-01;2;JHSF PARTICIPACOES S.A.;020605;FCA;8425;2011-05-23;http://www.rad.cvm.gov.br/ENETCONSULTA/frmDownloadDocumento.aspx?CodigoInstituicao=1&NumeroSequencialDocumento=8425
08.294.224/0001-65;2011-01-01;3;JHSF PARTICIPACOES S.A.;020605;FCA;13099;2011-11-22;http://www.rad.cvm.gov.br/ENETCONSULTA/frmDownloadDocumento.aspx?CodigoInstituicao=1&NumeroSequencialDocumento=13099
08.312.229/0001-73;2011-01-01;1;EZ TEC EMPREEND. E PARTICIPACOES S.A.;020770;FCA;4067;2011-01-05;http://www.rad.cvm.gov.br/ENETCONSULTA/frmDownloadDocumento.aspx?CodigoInstituicao=1&NumeroSequencialDocumento=4067
08.312.229/0001-73;2011-01-01;2;EZ TEC EMPREEND. E PARTICIPACOES S.A.;020770;FCA;7122;2011-05-04;http://www.rad.cvm.gov.br/ENETCONSULTA/frmDownloadDocumento.aspx?CodigoInstituicao=1&NumeroSequencialDocumento=7122
08.312.229/0001-73;2011-01-01;3;EZ TEC EMPREEND. E PARTICIPACOES S.A.;020770;FCA;10511;2011-08-04;http://www.rad.cvm.gov.br/ENETCONSULTA/frmDownloadDocumento.aspx?CodigoInstituicao=1&NumeroSequencialDocumento=10511
08.324.196/0001-81;2011-01-01;1;CIA ENERGETICA DO RIO GDE NORTE - COSERN;018139;FCA;4206;2011-01-10;http://www.rad.cvm.gov.br/ENETCONSULTA/frmDownloadDocumento.aspx?CodigoInstituicao=1&NumeroSequencialDocumento=4206
08.324.196/0001-81;2011-01-01;2;CIA ENERGETICA DO RIO GDE NORTE - COSERN;018139;FCA;4689;2011-02-10;http://www.rad.cvm.gov.br/ENETCONSULTA/frmDownloadDocumento.aspx?CodigoInstituicao=1&NumeroSequencialDocumento=4689
08.324.196/0001-81;2011-01-01;3;CIA ENERGETICA DO RIO GDE NORTE - COSERN;018139;FCA;8730;2011-05-30;http://www.rad.cvm.gov.br/ENETCONSULTA/frmDownloadDocumento.aspx?CodigoInstituicao=1&NumeroSequencialDocumento=8730
08.343.492/0001-20;2011-01-01;1;MRV ENGENHARIA E PARTICIPACOES S.A.;020915;FCA;4353;2011-01-20;http://www.rad.cvm.gov.br/ENETCONSULTA/frmDownloadDocumento.aspx?CodigoInstituicao=1&NumeroSequencialDocumento=4353
08.343.492/0001-20;2011-01-01;2;MRV ENGENHARIA E PARTICIPACOES S.A.;020915;FCA;8625;2011-05-27;http://www.rad.cvm.gov.br/ENETCONSULTA/frmDownloadDocumento.aspx?CodigoInstituicao=1&NumeroSequencialDocumento=8625
08.364.948/0001-38;2011-01-01;1;ALUPAR INVESTIMENTO S/A;021490;FCA;6314;2011-04-04;http://www.rad.cvm.gov.br/ENETCONSULTA/frmDownloadDocumento.aspx?CodigoInstituicao=1&NumeroSequencialDocumento=6314
08.364.948/0001-38;2011-01-01;2;ALUPAR INVESTIMENTO S/A;021490;FCA;9455;2011-06-01;http://www.rad.cvm.gov.br/ENETCONSULTA/frmDownloadDocumento.aspx?CodigoInstituicao=1&NumeroSequencialDocumento=9455
08.364.948/0001-38;2011-01-01;3;ALUPAR INVESTIMENTO S/A;021490;FCA;12376;2011-11-07;http://www.rad.cvm.gov.br/ENETCONSULTA/frmDownloadDocumento.aspx?CodigoInstituicao=1&NumeroSequencialDocumento=12376
08.364.948/0001-38;2011-01-01;4;ALUPAR INVESTIMENTO S/A;021490;FCA;12406;2011-11-08;http://www.rad.cvm.gov.br/ENETCONSULTA/frmDownloadDocumento.aspx?CodigoInstituicao=1&NumeroSequencialDocumento=12406
08.402.943/0001-52;2011-01-01;1;GUARARAPES CONFECCOES S.A.;004669;FCA;5901;2011-03-29;http://www.rad.cvm.gov.br/ENETCONSULTA/frmDownloadDocumento.aspx?CodigoInstituicao=1&NumeroSequencialDocumento=5901
08.402.943/0001-52;2011-01-01;2;GUARARAPES CONFECCOES S.A.;004669;FCA;5945;2011-03-30;http://www.rad.cvm.gov.br/ENETCONSULTA/frmDownloadDocumento.aspx?CodigoInstituicao=1&NumeroSequencialDocumento=5945
08.402.943/0001-52;2011-01-01;3;GUARARAPES CONFECCOES S.A.;004669;FCA;8637;2011-05-27;http://www.rad.cvm.gov.br/ENETCONSULTA/frmDownloadDocumento.aspx?CodigoInstituicao=1&NumeroSequencialDocumento=8637
08.424.178/0001-71;2011-01-01;1;TECBLU TECELAGEM BLUMENAU S.A.;011215;FCA;4729;2011-02-14;http://www.rad.cvm.gov.br/ENETCONSULTA/frmDownloadDocumento.aspx?CodigoInstituicao=1&NumeroSequencialDocumento=4729
08.424.178/0001-71;2011-01-01;2;TECBLU TECELAGEM BLUMENAU S.A.;011215;FCA;11817;2011-09-23;http://www.rad.cvm.gov.br/ENETCONSULTA/frmDownloadDocumento.aspx?CodigoInstituicao=1&NumeroSequencialDocumento=11817
08.439.659/0001-50;2011-01-01;1;CPFL ENERGIAS RENOVÁVEIS S.A.;020540;FCA;4125;2011-01-06;http://www.rad.cvm.gov.br/ENETCONSULTA/frmDownloadDocumento.aspx?CodigoInstituicao=1&NumeroSequencialDocumento=4125
08.439.659/0001-50;2011-01-01;2;CPFL ENERGIAS RENOVÁVEIS S.A.;020540;FCA;4328;2011-01-19;http://www.rad.cvm.gov.br/ENETCONSULTA/frmDownloadDocumento.aspx?CodigoInstituicao=1&NumeroSequencialDocumento=4328
08.439.659/0001-50;2011-01-01;3;CPFL ENERGIAS RENOVÁVEIS S.A.;020540;FCA;8484;2011-05-24;http://www.rad.cvm.gov.br/ENETCONSULTA/frmDownloadDocumento.aspx?CodigoInstituicao=1&NumeroSequencialDocumento=8484
08.439.659/0001-50;2011-01-01;4;CPFL ENERGIAS RENOVÁVEIS S.A.;020540;FCA;11576;2011-09-02;http://www.rad.cvm.gov.br/ENETCONSULTA/frmDownloadDocumento.aspx?CodigoInstituicao=1&NumeroSequencialDocumento=11576
08.467.115/0001-00;2011-01-01;1;CIA ESTADUAL DE DISTRIB ENER ELET-CEEE-D;020648;FCA;4444;2011-01-26;http://www.rad.cvm.gov.br/ENETCONSULTA/frmDownloadDocumento.aspx?CodigoInstituicao=1&NumeroSequencialDocumento=4444
08.467.115/0001-00;2011-01-01;2;CIA ESTADUAL DE DISTRIB ENER ELET-CEEE-D;020648;FCA;6655;2011-04-20;http://www.rad.cvm.gov.br/ENETCONSULTA/frmDownloadDocumento.aspx?CodigoInstituicao=1&NumeroSequencialDocumento=6655
08.467.115/0001-00;2011-01-01;3;CIA ESTADUAL DE DISTRIB ENER ELET-CEEE-D;020648;FCA;8694;2011-05-30;http://www.rad.cvm.gov.br/ENETCONSULTA/frmDownloadDocumento.aspx?CodigoInstituicao=1&NumeroSequencialDocumento=8694
08.467.115/0001-00;2011-01-01;4;CIA ESTADUAL DE DISTRIB ENER ELET-CEEE-D;020648;FCA;11736;2011-09-16;http://www.rad.cvm.gov.br/ENETCONSULTA/frmDownloadDocumento.aspx?CodigoInstituicao=1&NumeroSequencialDocumento=11736
08.493.364/0001-62;2011-01-01;1;CIA MINEIRA DE AÇUCAR E ALCOOL PARTICIPAÇÕES;021709;FCA;9515;2011-06-02;http://www.rad.cvm.gov.br/ENETCONSULTA/frmDownloadDocumento.aspx?CodigoInstituicao=1&NumeroSequencialDocumento=9515
08.534.605/0001-74;2011-01-01;1;RENOVA ENERGIA S.A. - EM RECUPERAÇÃO JUDICIAL;021636;FCA;4504;2011-01-31;http://www.rad.cvm.gov.br/ENETCONSULTA/frmDownloadDocumento.aspx?CodigoInstituicao=1&NumeroSequencialDocumento=4504
08.534.605/0001-74;2011-01-01;2;RENOVA ENERGIA S.A. - EM RECUPERAÇÃO JUDICIAL;021636;FCA;6619;2011-04-19;http://www.rad.cvm.gov.br/ENETCONSULTA/frmDownloadDocumento.aspx?CodigoInstituicao=1&NumeroSequencialDocumento=6619
08.534.605/0001-74;2011-01-01;3;RENOVA ENERGIA S.A. - EM RECUPERAÇÃO JUDICIAL;021636;FCA;7034;2011-05-03;http://www.rad.cvm.gov.br/ENETCONSULTA/frmDownloadDocumento.aspx?CodigoInstituicao=1&NumeroSequencialDocumento=7034
08.534.605/0001-74;2011-01-01;4;RENOVA ENERGIA S.A. - EM RECUPERAÇÃO JUDICIAL;021636;FCA;12353;2011-11-04;http://www.rad.cvm.gov.br/ENETCONSULTA/frmDownloadDocumento.aspx?CodigoInstituicao=1&NumeroSequencialDocumento=12353
08.560.444/0001-93;2011-01-01;1;CIA CELG DE PARTICIPACOES - CELGPAR;021393;FCA;4107;2011-01-06;http://www.rad.cvm.gov.br/ENETCONSULTA/frmDownloadDocumento.aspx?CodigoInstituicao=1&NumeroSequencialDocumento=4107
08.560.444/0001-93;2011-01-01;2;CIA CELG DE PARTICIPACOES - CELGPAR;021393;FCA;5689;2011-03-28;http://www.rad.cvm.gov.br/ENETCONSULTA/frmDownloadDocumento.aspx?CodigoInstituicao=1&NumeroSequencialDocumento=5689
08.560.444/0001-93;2011-01-01;3;CIA CELG DE PARTICIPACOES - CELGPAR;021393;FCA;7086;2011-05-04;http://www.rad.cvm.gov.br/ENETCONSULTA/frmDownloadDocumento.aspx?CodigoInstituicao=1&NumeroSequencialDocumento=7086
08.560.444/0001-93;2011-01-01;4;CIA CELG DE PARTICIPACOES - CELGPAR;021393;FCA;7198;2011-05-05;http://www.rad.cvm.gov.br/ENETCONSULTA/frmDownloadDocumento.aspx?CodigoInstituicao=1&NumeroSequencialDocumento=7198
08.560.444/0001-93;2011-01-01;5;CIA CELG DE PARTICIPACOES - CELGPAR;021393;FCA;9763;2011-06-17;http://www.rad.cvm.gov.br/ENETCONSULTA/frmDownloadDocumento.aspx?CodigoInstituicao=1&NumeroSequencialDocumento=9763
08.560.444/0001-93;2011-01-01;6;CIA CELG DE PARTICIPACOES - CELGPAR;021393;FCA;11296;2011-08-18;http://www.rad.cvm.gov.br/ENETCONSULTA/frmDownloadDocumento.aspx?CodigoInstituicao=1&NumeroSequencialDocumento=11296
08.560.444/0001-93;2011-01-01;7;CIA CELG DE PARTICIPACOES - CELGPAR;021393;FCA;13158;2011-11-29;http://www.rad.cvm.gov.br/ENETCONSULTA/frmDownloadDocumento.aspx?CodigoInstituicao=1&NumeroSequencialDocumento=13158
08.572.741/0001-59;2011-01-01;1;REP REAL ESTATE PARTNERS DESENV IMOB SA;021539;FCA;6211;2011-04-01;http://www.rad.cvm.gov.br/ENETCONSULTA/frmDownloadDocumento.aspx?CodigoInstituicao=1&NumeroSequencialDocumento=6211
08.572.741/0001-59;2011-01-01;2;REP REAL ESTATE PARTNERS DESENV IMOB SA;021539;FCA;11421;2011-08-24;http://www.rad.cvm.gov.br/ENETCONSULTA/frmDownloadDocumento.aspx?CodigoInstituicao=1&NumeroSequencialDocumento=11421
08.572.741/0001-59;2011-01-01;3;REP REAL ESTATE PARTNERS DESENV IMOB SA;021539;FCA;11867;2011-09-29;http://www.rad.cvm.gov.br/ENETCONSULTA/frmDownloadDocumento.aspx?CodigoInstituicao=1&NumeroSequencialDocumento=11867
08.613.550/0001-98;2011-01-01;1;NEXPE PARTICIPAÇÕES S.A;021180;FCA;4047;2011-01-03;http://www.rad.cvm.gov.br/ENETCONSULTA/frmDownloadDocumento.aspx?CodigoInstituicao=1&NumeroSequencialDocumento=4047
08.613.550/0001-98;2011-01-01;2;NEXPE PARTICIPAÇÕES S.A;021180;FCA;9404;2011-06-01;http://www.rad.cvm.gov.br/ENETCONSULTA/frmDownloadDocumento.aspx?CodigoInstituicao=1&NumeroSequencialDocumento=9404
08.638.269/0001-00;2011-01-01;1;SETIBA PARTICIPAÇÕES S/A;020834;FCA;5541;2011-03-24;http://www.rad.cvm.gov.br/ENETCONSULTA/frmDownloadDocumento.aspx?CodigoInstituicao=1&NumeroSequencialDocumento=5541
08.638.269/0001-00;2011-01-01;2;SETIBA PARTICIPAÇÕES S/A;020834;FCA;9320;2011-05-31;http://www.rad.cvm.gov.br/ENETCONSULTA/frmDownloadDocumento.aspx?CodigoInstituicao=1&NumeroSequencialDocumento=9320
08.648.295/0001-19;2011-01-01;1;ALLIS PARTICIPAÇÕES S.A.;020850;FCA;8234;2011-05-17;http://www.rad.cvm.gov.br/ENETCONSULTA/frmDownloadDocumento.aspx?CodigoInstituicao=1&NumeroSequencialDocumento=8234
08.653.753/0001-08;2011-01-01;1;BRC SECURITIZADORA S.A.;020672;FCA;6156;2011-03-31;http://www.rad.cvm.gov.br/ENETCONSULTA/frmDownloadDocumento.aspx?CodigoInstituicao=1&NumeroSequencialDocumento=6156
08.653.753/0001-08;2011-01-01;2;BRC SECURITIZADORA S.A.;020672;FCA;8360;2011-05-19;http://www.rad.cvm.gov.br/ENETCONSULTA/frmDownloadDocumento.aspx?CodigoInstituicao=1&NumeroSequencialDocumento=8360
08.653.753/0001-08;2011-01-01;3;BRC SECURITIZADORA S.A.;020672;FCA;11014;2011-08-15;http://www.rad.cvm.gov.br/ENETCONSULTA/frmDownloadDocumento.aspx?CodigoInstituicao=1&NumeroSequencialDocumento=11014
08.653.753/0001-08;2011-01-01;4;BRC SECURITIZADORA S.A.;020672;FCA;11782;2011-09-21;http://www.rad.cvm.gov.br/ENETCONSULTA/frmDownloadDocumento.aspx?CodigoInstituicao=1&NumeroSequencialDocumento=11782
08.653.753/0001-08;2011-01-01;5;BRC SECURITIZADORA S.A.;020672;FCA;12668;2011-11-11;http://www.rad.cvm.gov.br/ENETCONSULTA/frmDownloadDocumento.aspx?CodigoInstituicao=1&NumeroSequencialDocumento=12668
08.684.547/0001-65;2011-01-01;1;MAGNESITA REFRATARIOS S.A.;020842;FCA;4050;2011-01-03;http://www.rad.cvm.gov.br/ENETCONSULTA/frmDownloadDocumento.aspx?CodigoInstituicao=1&NumeroSequencialDocumento=4050
08.684.547/0001-65;2011-01-01;2;MAGNESITA REFRATARIOS S.A.;020842;FCA;7354;2011-05-09;http://www.rad.cvm.gov.br/ENETCONSULTA/frmDownloadDocumento.aspx?CodigoInstituicao=1&NumeroSequencialDocumento=7354
08.723.106/0001-25;2011-01-01;1;BHG S.A. - BRAZIL HOSPITALITY GROUP;020907;FCA;4091;2011-01-05;http://www.rad.cvm.gov.br/ENETCONSULTA/frmDownloadDocumento.aspx?CodigoInstituicao=1&NumeroSequencialDocumento=4091
08.723.106/0001-25;2011-01-01;2;BHG S.A. - BRAZIL HOSPITALITY GROUP;020907;FCA;8621;2011-05-27;http://www.rad.cvm.gov.br/ENETCONSULTA/frmDownloadDocumento.aspx?CodigoInstituicao=1&NumeroSequencialDocumento=8621
08.723.106/0001-25;2011-01-01;3;BHG S.A. - BRAZIL HOSPITALITY GROUP;020907;FCA;10273;2011-07-25;http://www.rad.cvm.gov.br/ENETCONSULTA/frmDownloadDocumento.aspx?CodigoInstituicao=1&NumeroSequencialDocumento=10273
08.741.499/0001-08;2011-01-01;1;PRUMO LOGISTICA SA;021482;FCA;4450;2011-01-26;http://www.rad.cvm.gov.br/ENETCONSULTA/frmDownloadDocumento.aspx?CodigoInstituicao=1&NumeroSequencialDocumento=4450
08.741.499/0001-08;2011-01-01;2;PRUMO LOGISTICA SA;021482;FCA;9363;2011-06-01;http://www.rad.cvm.gov.br/ENETCONSULTA/frmDownloadDocumento.aspx?CodigoInstituicao=1&NumeroSequencialDocumento=9363
08.741.499/0001-08;2011-01-01;3;PRUMO LOGISTICA SA;021482;FCA;11529;2011-08-31;http://www.rad.cvm.gov.br/ENETCONSULTA/frmDownloadDocumento.aspx?CodigoInstituicao=1&NumeroSequencialDocumento=11529
08.764.621/0001-53;2011-01-01;1;GENERAL SHOPPING E OUTLETS DO BRASIL BRASIL S.A.;021008;FCA;5119;2011-03-03;http://www.rad.cvm.gov.br/ENETCONSULTA/frmDownloadDocumento.aspx?CodigoInstituicao=1&NumeroSequencialDocumento=5119
08.764.621/0001-53;2011-01-01;2;GENERAL SHOPPING E OUTLETS DO BRASIL BRASIL S.A.;021008;FCA;9487;2011-06-01;http://www.rad.cvm.gov.br/ENETCONSULTA/frmDownloadDocumento.aspx?CodigoInstituicao=1&NumeroSequencialDocumento=9487
08.769.451/0001-08;2011-01-01;1;VIRGO COMPANHIA DE SECURITIZAÇÃO;020818;FCA;6142;2011-03-31;http://www.rad.cvm.gov.br/ENETCONSULTA/frmDownloadDocumento.aspx?CodigoInstituicao=1&NumeroSequencialDocumento=6142
08.769.451/0001-08;2011-01-01;2;VIRGO COMPANHIA DE SECURITIZAÇÃO;020818;FCA;7829;2011-05-13;http://www.rad.cvm.gov.br/ENETCONSULTA/frmDownloadDocumento.aspx?CodigoInstituicao=1&NumeroSequencialDocumento=7829
08.801.621/0001-86;2011-01-01;1;SYN PROP & TECH S.A.;021040;FCA;4700;2011-02-10;http://www.rad.cvm.gov.br/ENETCONSULTA/frmDownloadDocumento.aspx?CodigoInstituicao=1&NumeroSequencialDocumento=4700
08.801.621/0001-86;2011-01-01;2;SYN PROP & TECH S.A.;021040;FCA;5339;2011-03-18;http://www.rad.cvm.gov.br/ENETCONSULTA/frmDownloadDocumento.aspx?CodigoInstituicao=1&NumeroSequencialDocumento=5339
08.801.621/0001-86;2011-01-01;3;SYN PROP & TECH S.A.;021040;FCA;8487;2011-05-24;http://www.rad.cvm.gov.br/ENETCONSULTA/frmDownloadDocumento.aspx?CodigoInstituicao=1&NumeroSequencialDocumento=8487
08.807.432/0001-10;2011-01-01;1;YDUQS PARTICIPACOES S.A.;021016;FCA;4251;2011-01-12;http://www.rad.cvm.gov.br/ENETCONSULTA/frmDownloadDocumento.aspx?CodigoInstituicao=1&NumeroSequencialDocumento=4251
08.807.432/0001-10;2011-01-01;2;YDUQS PARTICIPACOES S.A.;021016;FCA;5300;2011-03-16;http://www.rad.cvm.gov.br/ENETCONSULTA/frmDownloadDocumento.aspx?CodigoInstituicao=1&NumeroSequencialDocumento=5300
08.807.432/0001-10;2011-01-01;3;YDUQS PARTICIPACOES S.A.;021016;FCA;7089;2011-05-04;http://www.rad.cvm.gov.br/ENETCONSULTA/frmDownloadDocumento.aspx?CodigoInstituicao=1&NumeroSequencialDocumento=7089
08.811.643/0001-27;2011-01-01;1;TRISUL S.A.;021130;FCA;4525;2011-02-01;http://www.rad.cvm.gov.br/ENETCONSULTA/frmDownloadDocumento.aspx?CodigoInstituicao=1&NumeroSequencialDocumento=4525
08.811.643/0001-27;2011-01-01;2;TRISUL S.A.;021130;FCA;12036;2011-10-13;http://www.rad.cvm.gov.br/ENETCONSULTA/frmDownloadDocumento.aspx?CodigoInstituicao=1&NumeroSequencialDocumento=12036
08.811.643/0001-27;2011-01-01;3;TRISUL S.A.;021130;FCA;12079;2011-10-18;http://www.rad.cvm.gov.br/ENETCONSULTA/frmDownloadDocumento.aspx?CodigoInstituicao=1&NumeroSequencialDocumento=12079
08.811.643/0001-27;2011-01-01;4;TRISUL S.A.;021130;FCA;12501;2011-11-09;http://www.rad.cvm.gov.br/ENETCONSULTA/frmDownloadDocumento.aspx?CodigoInstituicao=1&NumeroSequencialDocumento=12501
08.835.366/0001-92;2011-01-01;1;CENTENNIAL ASSET PARTICIPAÇÕES AÇU S.A.;021245;FCA;6005;2011-03-30;http://www.rad.cvm.gov.br/ENETCONSULTA/frmDownloadDocumento.aspx?CodigoInstituicao=1&NumeroSequencialDocumento=6005
08.835.366/0001-92;2011-01-01;2;CENTENNIAL ASSET PARTICIPAÇÕES AÇU S.A.;021245;FCA;6173;2011-03-31;http://www.rad.cvm.gov.br/ENETCONSULTA/frmDownloadDocumento.aspx?CodigoInstituicao=1&NumeroSequencialDocumento=6173
08.835.366/0001-92;2011-01-01;3;CENTENNIAL ASSET PARTICIPAÇÕES AÇU S.A.;021245;FCA;9645;2011-06-09;http://www.rad.cvm.gov.br/ENETCONSULTA/frmDownloadDocumento.aspx?CodigoInstituicao=1&NumeroSequencialDocumento=9645
08.835.366/0001-92;2011-01-01;4;CENTENNIAL ASSET PARTICIPAÇÕES AÇU S.A.;021245;FCA;12354;2011-11-04;http://www.rad.cvm.gov.br/ENETCONSULTA/frmDownloadDocumento.aspx?CodigoInstituicao=1&NumeroSequencialDocumento=12354
08.835.366/0001-92;2011-01-01;5;CENTENNIAL ASSET PARTICIPAÇÕES AÇU S.A.;021245;FCA;12379;2011-11-07;http://www.rad.cvm.gov.br/ENETCONSULTA/frmDownloadDocumento.aspx?CodigoInstituicao=1&NumeroSequencialDocumento=12379
08.873.873/0001-10;2011-01-01;1;ECORODOVIAS CONCESSÕES E SERVIÇOS S.A.;021903;FCA;4144;2011-01-07;http://www.rad.cvm.gov.br/ENETCONSULTA/frmDownloadDocumento.aspx?CodigoInstituicao=1&NumeroSequencialDocumento=4144
08.873.873/0001-10;2011-01-01;2;ECORODOVIAS CONCESSÕES E SERVIÇOS S.A.;021903;FCA;8993;2011-05-31;http://www.rad.cvm.gov.br/ENETCONSULTA/frmDownloadDocumento.aspx?CodigoInstituicao=1&NumeroSequencialDocumento=8993
08.884.213/0001-35;2011-01-01;1;BCO PATAGONIA S.A.;080063;FCA;6603;2011-04-19;http://www.rad.cvm.gov.br/ENETCONSULTA/frmDownloadDocumento.aspx?CodigoInstituicao=1&NumeroSequencialDocumento=6603
08.884.213/0001-35;2011-01-01;2;BCO PATAGONIA S.A.;080063;FCA;8481;2011-05-24;http://www.rad.cvm.gov.br/ENETCONSULTA/frmDownloadDocumento.aspx?CodigoInstituicao=1&NumeroSequencialDocumento=8481
08.884.213/0001-35;2011-01-01;3;BCO PATAGONIA S.A.;080063;FCA;9705;2011-06-14;http://www.rad.cvm.gov.br/ENETCONSULTA/frmDownloadDocumento.aspx?CodigoInstituicao=1&NumeroSequencialDocumento=9705
08.887.330/0001-52;2011-01-01;1;COSAN LIMITED;080071;FCA;6643;2011-04-20;http://www.rad.cvm.gov.br/ENETCONSULTA/frmDownloadDocumento.aspx?CodigoInstituicao=1&NumeroSequencialDocumento=6643
08.887.330/0001-52;2011-01-01;2;COSAN LIMITED;080071;FCA;9056;2011-05-31;http://www.rad.cvm.gov.br/ENETCONSULTA/frmDownloadDocumento.aspx?CodigoInstituicao=1&NumeroSequencialDocumento=9056
08.903.116/0001-42;2011-01-01;1;NOVA SECURITIZACAO S.A.;021105;FCA;5700;2011-03-28;http://www.rad.cvm.gov.br/ENETCONSULTA/frmDownloadDocumento.aspx?CodigoInstituicao=1&NumeroSequencialDocumento=5700
08.903.116/0001-42;2011-01-01;2;NOVA SECURITIZACAO S.A.;021105;FCA;8592;2011-05-27;http://www.rad.cvm.gov.br/ENETCONSULTA/frmDownloadDocumento.aspx?CodigoInstituicao=1&NumeroSequencialDocumento=8592
08.904.090/0001-57;2011-01-01;1;MATONE SECURITIZADORA S/A;021059;FCA;6093;2011-03-31;http://www.rad.cvm.gov.br/ENETCONSULTA/frmDownloadDocumento.aspx?CodigoInstituicao=1&NumeroSequencialDocumento=6093
08.904.090/0001-57;2011-01-01;2;MATONE SECURITIZADORA S/A;021059;FCA;7263;2011-05-06;http://www.rad.cvm.gov.br/ENETCONSULTA/frmDownloadDocumento.aspx?CodigoInstituicao=1&NumeroSequencialDocumento=7263
08.904.090/0001-57;2011-01-01;3;MATONE SECURITIZADORA S/A;021059;FCA;10555;2011-08-05;http://www.rad.cvm.gov.br/ENETCONSULTA/frmDownloadDocumento.aspx?CodigoInstituicao=1&NumeroSequencialDocumento=10555
08.904.552/0001-36;2011-01-01;1;LAEP INVESTMENTS LTD;080098;FCA;4537;2011-02-02;http://www.rad.cvm.gov.br/ENETCONSULTA/frmDownloadDocumento.aspx?CodigoInstituicao=1&NumeroSequencialDocumento=4537
08.904.552/0001-36;2011-01-01;2;LAEP INVESTMENTS LTD;080098;FCA;9432;2011-06-01;http://www.rad.cvm.gov.br/ENETCONSULTA/frmDownloadDocumento.aspx?CodigoInstituicao=1&NumeroSequencialDocumento=9432
08.904.552/0001-36;2011-01-01;3;LAEP INVESTMENTS LTD;080098;FCA;10249;2011-07-22;http://www.rad.cvm.gov.br/ENETCONSULTA/frmDownloadDocumento.aspx?CodigoInstituicao=1&NumeroSequencialDocumento=10249
08.904.552/0001-36;2011-01-01;4;LAEP INVESTMENTS LTD;080098;FCA;13127;2011-11-25;http://www.rad.cvm.gov.br/ENETCONSULTA/frmDownloadDocumento.aspx?CodigoInstituicao=1&NumeroSequencialDocumento=13127
08.935.054/0001-50;2011-01-01;1;MULTINER S/A;021520;FCA;8040;2011-05-16;http://www.rad.cvm.gov.br/ENETCONSULTA/frmDownloadDocumento.aspx?CodigoInstituicao=1&NumeroSequencialDocumento=8040
08.936.792/0001-12;2011-01-01;1;INTERNATIONAL MEAL COMPANY HOLDINGS S/A;022438;FCA;5219;2011-03-11;http://www.rad.cvm.gov.br/ENETCONSULTA/frmDownloadDocumento.aspx?CodigoInstituicao=1&NumeroSequencialDocumento=5219
08.936.792/0001-12;2011-01-01;2;INTERNATIONAL MEAL COMPANY HOLDINGS S/A;022438;FCA;5220;2011-03-11;http://www.rad.cvm.gov.br/ENETCONSULTA/frmDownloadDocumento.aspx?CodigoInstituicao=1&NumeroSequencialDocumento=5220
08.936.792/0001-12;2011-01-01;3;INTERNATIONAL MEAL COMPANY HOLDINGS S/A;022438;FCA;7474;2011-05-10;http://www.rad.cvm.gov.br/ENETCONSULTA/frmDownloadDocumento.aspx?CodigoInstituicao=1&NumeroSequencialDocumento=7474
08.936.792/0001-12;2011-01-01;4;INTERNATIONAL MEAL COMPANY HOLDINGS S/A;022438;FCA;13407;2011-12-20;http://www.rad.cvm.gov.br/ENETCONSULTA/frmDownloadDocumento.aspx?CodigoInstituicao=1&NumeroSequencialDocumento=13407
08.937.002/0001-13;2011-01-01;1;VISION SECURITIZADORA S.A.;021075;FCA;8900;2011-05-31;http://www.rad.cvm.gov.br/ENETCONSULTA/frmDownloadDocumento.aspx?CodigoInstituicao=1&NumeroSequencialDocumento=8900
08.943.312/0001-40;2011-01-01;1;AGRENCO LIMITED;080080;FCA;9562;2011-06-06;http://www.rad.cvm.gov.br/ENETCONSULTA/frmDownloadDocumento.aspx?CodigoInstituicao=1&NumeroSequencialDocumento=9562
08.943.312/0001-40;2011-01-01;2;AGRENCO LIMITED;080080;FCA;11614;2011-09-06;http://www.rad.cvm.gov.br/ENETCONSULTA/frmDownloadDocumento.aspx?CodigoInstituicao=1&NumeroSequencialDocumento=11614
09.054.385/0001-44;2011-01-01;1;INBRANDS S.A.;022560;FCA;10624;2011-08-09;http://www.rad.cvm.gov.br/ENETCONSULTA/frmDownloadDocumento.aspx?CodigoInstituicao=1&NumeroSequencialDocumento=10624
09.054.385/0001-44;2011-01-01;2;INBRANDS S.A.;022560;FCA;11575;2011-09-02;http://www.rad.cvm.gov.br/ENETCONSULTA/frmDownloadDocumento.aspx?CodigoInstituicao=1&NumeroSequencialDocumento=11575
09.074.183/0001-64;2011-01-01;1;TRANSBRASILIANA CONCESSIONÁRIA DE RODOVIA S.A;022225;FCA;6129;2011-03-31;http://www.rad.cvm.gov.br/ENETCONSULTA/frmDownloadDocumento.aspx?CodigoInstituicao=1&NumeroSequencialDocumento=6129
09.074.183/0001-64;2011-01-01;2;TRANSBRASILIANA CONCESSIONÁRIA DE RODOVIA S.A;022225;FCA;8842;2011-05-31;http://www.rad.cvm.gov.br/ENETCONSULTA/frmDownloadDocumento.aspx?CodigoInstituicao=1&NumeroSequencialDocumento=8842
09.074.183/0001-64;2011-01-01;3;TRANSBRASILIANA CONCESSIONÁRIA DE RODOVIA S.A;022225;FCA;10253;2011-07-22;http://www.rad.cvm.gov.br/ENETCONSULTA/frmDownloadDocumento.aspx?CodigoInstituicao=1&NumeroSequencialDocumento=10253
09.095.183/0001-40;2011-01-01;1;ENERGISA PARAÍBA - DISTRIBUIDORA DE ENERGIA S/A;021938;FCA;5391;2011-03-21;http://www.rad.cvm.gov.br/ENETCONSULTA/frmDownloadDocumento.aspx?CodigoInstituicao=1&NumeroSequencialDocumento=5391
09.095.183/0001-40;2011-01-01;2;ENERGISA PARAÍBA - DISTRIBUIDORA DE ENERGIA S/A;021938;FCA;7023;2011-05-03;http://www.rad.cvm.gov.br/ENETCONSULTA/frmDownloadDocumento.aspx?CodigoInstituicao=1&NumeroSequencialDocumento=7023
09.112.685/0001-32;2011-01-01;1;OSX BRASIL S.A. - EM RECUPERAÇÃO JUDICIAL;021342;FCA;5263;2011-03-15;http://www.rad.cvm.gov.br/ENETCONSULTA/frmDownloadDocumento.aspx?CodigoInstituicao=1&NumeroSequencialDocumento=5263
09.112.685/0001-32;2011-01-01;2;OSX BRASIL S.A. - EM RECUPERAÇÃO JUDICIAL;021342;FCA;8397;2011-05-20;http://www.rad.cvm.gov.br/ENETCONSULTA/frmDownloadDocumento.aspx?CodigoInstituicao=1&NumeroSequencialDocumento=8397
09.112.685/0001-32;2011-01-01;3;OSX BRASIL S.A. - EM RECUPERAÇÃO JUDICIAL;021342;FCA;9248;2011-05-31;http://www.rad.cvm.gov.br/ENETCONSULTA/frmDownloadDocumento.aspx?CodigoInstituicao=1&NumeroSequencialDocumento=9248
09.112.685/0001-32;2011-01-01;4;OSX BRASIL S.A. - EM RECUPERAÇÃO JUDICIAL;021342;FCA;9509;2011-06-02;http://www.rad.cvm.gov.br/ENETCONSULTA/frmDownloadDocumento.aspx?CodigoInstituicao=1&NumeroSequencialDocumento=9509
09.112.685/0001-32;2011-01-01;5;OSX BRASIL S.A. - EM RECUPERAÇÃO JUDICIAL;021342;FCA;10496;2011-08-03;http://www.rad.cvm.gov.br/ENETCONSULTA/frmDownloadDocumento.aspx?CodigoInstituicao=1&NumeroSequencialDocumento=10496
09.116.278/0001-01;2011-01-01;1;CONPEL CIA NORDESTINA PAPEL - EM RECUPERAÇÃO JUDICIAL;004685;FCA;5893;2011-03-29;http://www.rad.cvm.gov.br/ENETCONSULTA/frmDownloadDocumento.aspx?CodigoInstituicao=1&NumeroSequencialDocumento=5893
09.116.278/0001-01;2011-01-01;2;CONPEL CIA NORDESTINA PAPEL - EM RECUPERAÇÃO JUDICIAL;004685;FCA;8434;2011-05-23;http://www.rad.cvm.gov.br/ENETCONSULTA/frmDownloadDocumento.aspx?CodigoInstituicao=1&NumeroSequencialDocumento=8434
09.123.654/0001-87;2011-01-01;1;CIA DE AGUA E ESGOTO DA PARAIBA;019968;FCA;4109;2011-01-06;http://www.rad.cvm.gov.br/ENETCONSULTA/frmDownloadDocumento.aspx?CodigoInstituicao=1&NumeroSequencialDocumento=4109
09.123.654/0001-87;2011-01-01;2;CIA DE AGUA E ESGOTO DA PARAIBA;019968;FCA;7754;2011-05-13;http://www.rad.cvm.gov.br/ENETCONSULTA/frmDownloadDocumento.aspx?CodigoInstituicao=1&NumeroSequencialDocumento=7754
09.149.503/0001-06;2011-01-01;1;OMEGA ENERGIA RENOVÁVEL S/A;022110;FCA;4119;2011-01-06;http://www.rad.cvm.gov.br/ENETCONSULTA/frmDownloadDocumento.aspx?CodigoInstituicao=1&NumeroSequencialDocumento=4119
09.149.503/0001-06;2011-01-01;2;OMEGA ENERGIA RENOVÁVEL S/A;022110;FCA;7075;2011-05-03;http://www.rad.cvm.gov.br/ENETCONSULTA/frmDownloadDocumento.aspx?CodigoInstituicao=1&NumeroSequencialDocumento=7075
09.191.251/0001-75;2011-01-01;1;MONTICIANO PARTICIPAÇÕES S/A;021261;FCA;6052;2011-03-30;http://www.rad.cvm.gov.br/ENETCONSULTA/frmDownloadDocumento.aspx?CodigoInstituicao=1&NumeroSequencialDocumento=6052
09.191.251/0001-75;2011-01-01;2;MONTICIANO PARTICIPAÇÕES S/A;021261;FCA;9318;2011-05-31;http://www.rad.cvm.gov.br/ENETCONSULTA/frmDownloadDocumento.aspx?CodigoInstituicao=1&NumeroSequencialDocumento=9318
09.257.877/0001-37;2011-01-01;1;FERROVIA NORTE SUL S/A;021814;FCA;4973;2011-02-24;http://www.rad.cvm.gov.br/ENETCONSULTA/frmDownloadDocumento.aspx?CodigoInstituicao=1&NumeroSequencialDocumento=4973
09.257.877/0001-37;2011-01-01;2;FERROVIA NORTE SUL S/A;021814;FCA;9453;2011-06-01;http://www.rad.cvm.gov.br/ENETCONSULTA/frmDownloadDocumento.aspx?CodigoInstituicao=1&NumeroSequencialDocumento=9453
09.257.877/0001-37;2011-01-01;3;FERROVIA NORTE SUL S/A;021814;FCA;10074;2011-07-11;http://www.rad.cvm.gov.br/ENETCONSULTA/frmDownloadDocumento.aspx?CodigoInstituicao=1&NumeroSequencialDocumento=10074
09.257.877/0001-37;2011-01-01;4;FERROVIA NORTE SUL S/A;021814;FCA;10368;2011-07-28;http://www.rad.cvm.gov.br/ENETCONSULTA/frmDownloadDocumento.aspx?CodigoInstituicao=1&NumeroSequencialDocumento=10368
09.257.877/0001-37;2011-01-01;5;FERROVIA NORTE SUL S/A;021814;FCA;11885;2011-09-30;http://www.rad.cvm.gov.br/ENETCONSULTA/frmDownloadDocumento.aspx?CodigoInstituicao=1&NumeroSequencialDocumento=11885
09.295.063/0001-97;2011-01-01;1;TECHNOS S.A.;022519;FCA;9923;2011-06-30;http://www.rad.cvm.gov.br/ENETCONSULTA/frmDownloadDocumento.aspx?CodigoInstituicao=1&NumeroSequencialDocumento=9923
09.295.063/0001-97;2011-01-01;2;TECHNOS S.A.;022519;FCA;13479;2011-12-26;http://www.rad.cvm.gov.br/ENETCONSULTA/frmDownloadDocumento.aspx?CodigoInstituicao=1&NumeroSequencialDocumento=13479
09.304.427/0001-58;2011-01-01;1;HABITASEC SECURITIZADORA SA;021628;FCA;6425;2011-04-08;http://www.rad.cvm.gov.br/ENETCONSULTA/frmDownloadDocumento.aspx?CodigoInstituicao=1&NumeroSequencialDocumento=6425
09.304.427/0001-58;2011-01-01;2;HABITASEC SECURITIZADORA SA;021628;FCA;9040;2011-05-31;http://www.rad.cvm.gov.br/ENETCONSULTA/frmDownloadDocumento.aspx?CodigoInstituicao=1&NumeroSequencialDocumento=9040
09.304.427/0001-58;2011-01-01;3;HABITASEC SECURITIZADORA SA;021628;FCA;11212;2011-08-16;http://www.rad.cvm.gov.br/ENETCONSULTA/frmDownloadDocumento.aspx?CodigoInstituicao=1&NumeroSequencialDocumento=11212
09.313.969/0001-97;2011-01-01;1;AUTOPISTA LITORAL SUL;021997;FCA;5625;2011-03-25;http://www.rad.cvm.gov.br/ENETCONSULTA/frmDownloadDocumento.aspx?CodigoInstituicao=1&NumeroSequencialDocumento=5625
09.313.969/0001-97;2011-01-01;2;AUTOPISTA LITORAL SUL;021997;FCA;6258;2011-04-01;http://www.rad.cvm.gov.br/ENETCONSULTA/frmDownloadDocumento.aspx?CodigoInstituicao=1&NumeroSequencialDocumento=6258
09.313.969/0001-97;2011-01-01;3;AUTOPISTA LITORAL SUL;021997;FCA;7148;2011-05-04;http://www.rad.cvm.gov.br/ENETCONSULTA/frmDownloadDocumento.aspx?CodigoInstituicao=1&NumeroSequencialDocumento=7148
09.324.949/0001-11;2011-01-01;1;AUTOPISTA FLUMINENSE SA;022004;FCA;5624;2011-03-25;http://www.rad.cvm.gov.br/ENETCONSULTA/frmDownloadDocumento.aspx?CodigoInstituicao=1&NumeroSequencialDocumento=5624
09.324.949/0001-11;2011-01-01;2;AUTOPISTA FLUMINENSE SA;022004;FCA;5981;2011-03-30;http://www.rad.cvm.gov.br/ENETCONSULTA/frmDownloadDocumento.aspx?CodigoInstituicao=1&NumeroSequencialDocumento=5981
09.324.949/0001-11;2011-01-01;3;AUTOPISTA FLUMINENSE SA;022004;FCA;6970;2011-05-02;http://www.rad.cvm.gov.br/ENETCONSULTA/frmDownloadDocumento.aspx?CodigoInstituicao=1&NumeroSequencialDocumento=6970
09.325.109/0001-73;2011-01-01;1;AUTOPISTA PLANALTO SUL SA;021970;FCA;5622;2011-03-25;http://www.rad.cvm.gov.br/ENETCONSULTA/frmDownloadDocumento.aspx?CodigoInstituicao=1&NumeroSequencialDocumento=5622
09.325.109/0001-73;2011-01-01;2;AUTOPISTA PLANALTO SUL SA;021970;FCA;5782;2011-03-29;http://www.rad.cvm.gov.br/ENETCONSULTA/frmDownloadDocumento.aspx?CodigoInstituicao=1&NumeroSequencialDocumento=5782
09.325.109/0001-73;2011-01-01;3;AUTOPISTA PLANALTO SUL SA;021970;FCA;6998;2011-05-02;http://www.rad.cvm.gov.br/ENETCONSULTA/frmDownloadDocumento.aspx?CodigoInstituicao=1&NumeroSequencialDocumento=6998
09.325.109/0001-73;2011-01-01;4;AUTOPISTA PLANALTO SUL SA;021970;FCA;7151;2011-05-04;http://www.rad.cvm.gov.br/ENETCONSULTA/frmDownloadDocumento.aspx?CodigoInstituicao=1&NumeroSequencialDocumento=7151
09.326.342/0001-70;2011-01-01;1;AUTOPISTA FERNÃO DIAS SA;021989;FCA;5628;2011-03-25;http://www.rad.cvm.gov.br/ENETCONSULTA/frmDownloadDocumento.aspx?CodigoInstituicao=1&NumeroSequencialDocumento=5628
09.326.342/0001-70;2011-01-01;2;AUTOPISTA FERNÃO DIAS SA;021989;FCA;5984;2011-03-30;http://www.rad.cvm.gov.br/ENETCONSULTA/frmDownloadDocumento.aspx?CodigoInstituicao=1&NumeroSequencialDocumento=5984
09.326.342/0001-70;2011-01-01;3;AUTOPISTA FERNÃO DIAS SA;021989;FCA;6973;2011-05-02;http://www.rad.cvm.gov.br/ENETCONSULTA/frmDownloadDocumento.aspx?CodigoInstituicao=1&NumeroSequencialDocumento=6973
09.326.342/0001-70;2011-01-01;4;AUTOPISTA FERNÃO DIAS SA;021989;FCA;7045;2011-05-03;http://www.rad.cvm.gov.br/ENETCONSULTA/frmDownloadDocumento.aspx?CodigoInstituicao=1&NumeroSequencialDocumento=7045
09.326.342/0001-70;2011-01-01;5;AUTOPISTA FERNÃO DIAS SA;021989;FCA;7047;2011-05-03;http://www.rad.cvm.gov.br/ENETCONSULTA/frmDownloadDocumento.aspx?CodigoInstituicao=1&NumeroSequencialDocumento=7047
09.336.431/0001-06;2011-01-01;1;AUTOPISTA REGIS BITTENCOURT SA;021962;FCA;5623;2011-03-25;http://www.rad.cvm.gov.br/ENETCONSULTA/frmDownloadDocumento.aspx?CodigoInstituicao=1&NumeroSequencialDocumento=5623
09.336.431/0001-06;2011-01-01;2;AUTOPISTA REGIS BITTENCOURT SA;021962;FCA;5832;2011-03-29;http://www.rad.cvm.gov.br/ENETCONSULTA/frmDownloadDocumento.aspx?CodigoInstituicao=1&NumeroSequencialDocumento=5832
09.336.431/0001-06;2011-01-01;3;AUTOPISTA REGIS BITTENCOURT SA;021962;FCA;6952;2011-05-02;http://www.rad.cvm.gov.br/ENETCONSULTA/frmDownloadDocumento.aspx?CodigoInstituicao=1&NumeroSequencialDocumento=6952
09.336.431/0001-06;2011-01-01;4;AUTOPISTA REGIS BITTENCOURT SA;021962;FCA;6968;2011-05-02;http://www.rad.cvm.gov.br/ENETCONSULTA/frmDownloadDocumento.aspx?CodigoInstituicao=1&NumeroSequencialDocumento=6968
09.337.210/0001-44;2011-01-01;1;FAE ADM. E PARTICIPAÇÕES SA;021660;FCA;5061;2011-03-01;http://www.rad.cvm.gov.br/ENETCONSULTA/frmDownloadDocumento.aspx?CodigoInstituicao=1&NumeroSequencialDocumento=5061
09.337.210/0001-44;2011-01-01;2;FAE ADM. E PARTICIPAÇÕES SA;021660;FCA;8361;2011-05-19;http://www.rad.cvm.gov.br/ENETCONSULTA/frmDownloadDocumento.aspx?CodigoInstituicao=1&NumeroSequencialDocumento=8361
09.337.210/0001-44;2011-01-01;3;FAE ADM. E PARTICIPAÇÕES SA;021660;FCA;10968;2011-08-12;http://www.rad.cvm.gov.br/ENETCONSULTA/frmDownloadDocumento.aspx?CodigoInstituicao=1&NumeroSequencialDocumento=10968
09.346.601/0001-25;2011-01-01;1;B3 S.A. - BRASIL, BOLSA, BALCÃO;021610;FCA;4046;2011-01-03;http://www.rad.cvm.gov.br/ENETCONSULTA/frmDownloadDocumento.aspx?CodigoInstituicao=1&NumeroSequencialDocumento=4046
09.346.601/0001-25;2011-01-01;2;B3 S.A. - BRASIL, BOLSA, BALCÃO;021610;FCA;7008;2011-05-02;http://www.rad.cvm.gov.br/ENETCONSULTA/frmDownloadDocumento.aspx?CodigoInstituicao=1&NumeroSequencialDocumento=7008
09.347.916/0001-97;2011-01-01;1;KAROON PETRÓLEO & GÁS SA;022241;FCA;5818;2011-03-29;http://www.rad.cvm.gov.br/ENETCONSULTA/frmDownloadDocumento.aspx?CodigoInstituicao=1&NumeroSequencialDocumento=5818
09.347.916/0001-97;2011-01-01;2;KAROON PETRÓLEO & GÁS SA;022241;FCA;6107;2011-03-31;http://www.rad.cvm.gov.br/ENETCONSULTA/frmDownloadDocumento.aspx?CodigoInstituicao=1&NumeroSequencialDocumento=6107
09.347.916/0001-97;2011-01-01;3;KAROON PETRÓLEO & GÁS SA;022241;FCA;8786;2011-05-30;http://www.rad.cvm.gov.br/ENETCONSULTA/frmDownloadDocumento.aspx?CodigoInstituicao=1&NumeroSequencialDocumento=8786
09.358.105/0001-91;2011-01-01;1;CETIP S.A. - BALCÃO ORGANIZADO DE ATIVOS E DERIVATIVOS;021792;FCA;4131;2011-01-07;http://www.rad.cvm.gov.br/ENETCONSULTA/frmDownloadDocumento.aspx?CodigoInstituicao=1&NumeroSequencialDocumento=4131
09.358.105/0001-91;2011-01-01;2;CETIP S.A. - BALCÃO ORGANIZADO DE ATIVOS E DERIVATIVOS;021792;FCA;8470;2011-05-24;http://www.rad.cvm.gov.br/ENETCONSULTA/frmDownloadDocumento.aspx?CodigoInstituicao=1&NumeroSequencialDocumento=8470
09.358.105/0001-91;2011-01-01;3;CETIP S.A. - BALCÃO ORGANIZADO DE ATIVOS E DERIVATIVOS;021792;FCA;9604;2011-06-08;http://www.rad.cvm.gov.br/ENETCONSULTA/frmDownloadDocumento.aspx?CodigoInstituicao=1&NumeroSequencialDocumento=9604
09.358.105/0001-91;2011-01-01;4;CETIP S.A. - BALCÃO ORGANIZADO DE ATIVOS E DERIVATIVOS;021792;FCA;10755;2011-08-11;http://www.rad.cvm.gov.br/ENETCONSULTA/frmDownloadDocumento.aspx?CodigoInstituicao=1&NumeroSequencialDocumento=10755
09.358.105/0001-91;2011-01-01;5;CETIP S.A. - BALCÃO ORGANIZADO DE ATIVOS E DERIVATIVOS;021792;FCA;11911;2011-10-04;http://www.rad.cvm.gov.br/ENETCONSULTA/frmDownloadDocumento.aspx?CodigoInstituicao=1&NumeroSequencialDocumento=11911
09.400.937/0001-29;2011-01-01;1;BERNA PARTICIPAÇÕES SA;021563;FCA;5250;2011-03-14;http://www.rad.cvm.gov.br/ENETCONSULTA/frmDownloadDocumento.aspx?CodigoInstituicao=1&NumeroSequencialDocumento=5250
09.400.937/0001-29;2011-01-01;2;BERNA PARTICIPAÇÕES SA;021563;FCA;9312;2011-05-31;http://www.rad.cvm.gov.br/ENETCONSULTA/frmDownloadDocumento.aspx?CodigoInstituicao=1&NumeroSequencialDocumento=9312
09.414.761/0001-64;2011-01-01;1;K-INFRA RODOVIA DO AÇO S.A.;022446;FCA;6326;2011-04-05;http://www.rad.cvm.gov.br/ENETCONSULTA/frmDownloadDocumento.aspx?CodigoInstituicao=1&NumeroSequencialDocumento=6326
09.414.761/0001-64;2011-01-01;2;K-INFRA RODOVIA DO AÇO S.A.;022446;FCA;6470;2011-04-11;http://www.rad.cvm.gov.br/ENETCONSULTA/frmDownloadDocumento.aspx?CodigoInstituicao=1&NumeroSequencialDocumento=6470
09.414.761/0001-64;2011-01-01;3;K-INFRA RODOVIA DO AÇO S.A.;022446;FCA;8298;2011-05-18;http://www.rad.cvm.gov.br/ENETCONSULTA/frmDownloadDocumento.aspx?CodigoInstituicao=1&NumeroSequencialDocumento=8298
09.439.783/0001-89;2011-01-01;1;ÁQUILLA SECURITIZADORA S.A.;021512;FCA;6504;2011-04-12;http://www.rad.cvm.gov.br/ENETCONSULTA/frmDownloadDocumento.aspx?CodigoInstituicao=1&NumeroSequencialDocumento=6504
09.439.783/0001-89;2011-01-01;2;ÁQUILLA SECURITIZADORA S.A.;021512;FCA;9694;2011-06-13;http://www.rad.cvm.gov.br/ENETCONSULTA/frmDownloadDocumento.aspx?CodigoInstituicao=1&NumeroSequencialDocumento=9694
09.439.783/0001-89;2011-01-01;3;ÁQUILLA SECURITIZADORA S.A.;021512;FCA;9950;2011-07-01;http://www.rad.cvm.gov.br/ENETCONSULTA/frmDownloadDocumento.aspx?CodigoInstituicao=1&NumeroSequencialDocumento=9950
09.439.783/0001-89;2011-01-01;4;ÁQUILLA SECURITIZADORA S.A.;021512;FCA;11235;2011-08-16;http://www.rad.cvm.gov.br/ENETCONSULTA/frmDownloadDocumento.aspx?CodigoInstituicao=1&NumeroSequencialDocumento=11235
09.462.140/0001-56;2011-01-01;1;BASEL PARTICIPAÇÕES S/A;021601;FCA;5535;2011-03-24;http://www.rad.cvm.gov.br/ENETCONSULTA/frmDownloadDocumento.aspx?CodigoInstituicao=1&NumeroSequencialDocumento=5535
09.462.140/0001-56;2011-01-01;2;BASEL PARTICIPAÇÕES S/A;021601;FCA;9276;2011-05-31;http://www.rad.cvm.gov.br/ENETCONSULTA/frmDownloadDocumento.aspx?CodigoInstituicao=1&NumeroSequencialDocumento=9276
09.462.850/0001-86;2011-01-01;1;BANJUL PARTICIPAÇÕES SA;021598;FCA;9364;2011-06-01;http://www.rad.cvm.gov.br/ENETCONSULTA/frmDownloadDocumento.aspx?CodigoInstituicao=1&NumeroSequencialDocumento=9364
09.462.890/0001-28;2011-01-01;1;BELMONTE PARTICIPAÇÕES SA;021580;FCA;5533;2011-03-24;http://www.rad.cvm.gov.br/ENETCONSULTA/frmDownloadDocumento.aspx?CodigoInstituicao=1&NumeroSequencialDocumento=5533
09.462.890/0001-28;2011-01-01;2;BELMONTE PARTICIPAÇÕES SA;021580;FCA;9281;2011-05-31;http://www.rad.cvm.gov.br/ENETCONSULTA/frmDownloadDocumento.aspx?CodigoInstituicao=1&NumeroSequencialDocumento=9281
09.538.973/0001-53;2011-01-01;1;PDG COMPANHIA SECURITIZADORA;021644;FCA;4123;2011-01-06;http://www.rad.cvm.gov.br/ENETCONSULTA/frmDownloadDocumento.aspx?CodigoInstituicao=1&NumeroSequencialDocumento=4123
09.538.973/0001-53;2011-01-01;2;PDG COMPANHIA SECURITIZADORA;021644;FCA;8707;2011-05-30;http://www.rad.cvm.gov.br/ENETCONSULTA/frmDownloadDocumento.aspx?CodigoInstituicao=1&NumeroSequencialDocumento=8707
09.538.973/0001-53;2011-01-01;3;PDG COMPANHIA SECURITIZADORA;021644;FCA;10156;2011-07-15;http://www.rad.cvm.gov.br/ENETCONSULTA/frmDownloadDocumento.aspx?CodigoInstituicao=1&NumeroSequencialDocumento=10156
09.538.973/0001-53;2011-01-01;4;PDG COMPANHIA SECURITIZADORA;021644;FCA;11804;2011-09-22;http://www.rad.cvm.gov.br/ENETCONSULTA/frmDownloadDocumento.aspx?CodigoInstituicao=1&NumeroSequencialDocumento=11804
09.538.973/0001-53;2011-01-01;5;PDG COMPANHIA SECURITIZADORA;021644;FCA;12313;2011-11-03;http://www.rad.cvm.gov.br/ENETCONSULTA/frmDownloadDocumento.aspx?CodigoInstituicao=1&NumeroSequencialDocumento=12313
09.594.796/0001-22;2011-01-01;1;AGV HOLDING S/A;021806;FCA;8583;2011-05-27;http://www.rad.cvm.gov.br/ENETCONSULTA/frmDownloadDocumento.aspx?CodigoInstituicao=1&NumeroSequencialDocumento=8583
09.601.322/0001-60;2011-01-01;1;CTX PARTICIPAÇÕES S/A;021652;FCA;5439;2011-03-22;http://www.rad.cvm.gov.br/ENETCONSULTA/frmDownloadDocumento.aspx?CodigoInstituicao=1&NumeroSequencialDocumento=5439
09.601.322/0001-60;2011-01-01;2;CTX PARTICIPAÇÕES S/A;021652;FCA;7314;2011-05-06;http://www.rad.cvm.gov.br/ENETCONSULTA/frmDownloadDocumento.aspx?CodigoInstituicao=1&NumeroSequencialDocumento=7314
09.601.322/0001-60;2011-01-01;3;CTX PARTICIPAÇÕES S/A;021652;FCA;11767;2011-09-19;http://www.rad.cvm.gov.br/ENETCONSULTA/frmDownloadDocumento.aspx?CodigoInstituicao=1&NumeroSequencialDocumento=11767
10.242.478/0001-81;2011-01-01;1;INVITEL LEGACY SA - EM LIQUIDAÇÃO;021687;FCA;5919;2011-03-30;http://www.rad.cvm.gov.br/ENETCONSULTA/frmDownloadDocumento.aspx?CodigoInstituicao=1&NumeroSequencialDocumento=5919
10.242.478/0001-81;2011-01-01;2;INVITEL LEGACY SA - EM LIQUIDAÇÃO;021687;FCA;9298;2011-05-31;http://www.rad.cvm.gov.br/ENETCONSULTA/frmDownloadDocumento.aspx?CodigoInstituicao=1&NumeroSequencialDocumento=9298
10.265.949/0001-77;2011-01-01;1;COPERSUCAR S.A.;022535;FCA;10242;2011-07-21;http://www.rad.cvm.gov.br/ENETCONSULTA/frmDownloadDocumento.aspx?CodigoInstituicao=1&NumeroSequencialDocumento=10242
10.302.690/0001-97;2011-01-01;1;NEXFUEL BIOENERGIA S/A;022063;FCA;6246;2011-04-01;http://www.rad.cvm.gov.br/ENETCONSULTA/frmDownloadDocumento.aspx?CodigoInstituicao=1&NumeroSequencialDocumento=6246
10.302.690/0001-97;2011-01-01;2;NEXFUEL BIOENERGIA S/A;022063;FCA;12096;2011-10-19;http://www.rad.cvm.gov.br/ENETCONSULTA/frmDownloadDocumento.aspx?CodigoInstituicao=1&NumeroSequencialDocumento=12096
10.324.624/0001-18;2011-01-01;1;CONCESSÃO METROVIÁRIA DO RIO DE JANEIRO S.A.;022144;FCA;5948;2011-03-30;http://www.rad.cvm.gov.br/ENETCONSULTA/frmDownloadDocumento.aspx?CodigoInstituicao=1&NumeroSequencialDocumento=5948
10.324.624/0001-18;2011-01-01;2;CONCESSÃO METROVIÁRIA DO RIO DE JANEIRO S.A.;022144;FCA;7834;2011-05-13;http://www.rad.cvm.gov.br/ENETCONSULTA/frmDownloadDocumento.aspx?CodigoInstituicao=1&NumeroSequencialDocumento=7834
10.337.440/0001-92;2011-01-01;1;NPF SECURITIZADORA S/A;021695;FCA;4296;2011-01-14;http://www.rad.cvm.gov.br/ENETCONSULTA/frmDownloadDocumento.aspx?CodigoInstituicao=1&NumeroSequencialDocumento=4296
10.337.440/0001-92;2011-01-01;2;NPF SECURITIZADORA S/A;021695;FCA;7019;2011-05-03;http://www.rad.cvm.gov.br/ENETCONSULTA/frmDownloadDocumento.aspx?CodigoInstituicao=1&NumeroSequencialDocumento=7019
10.337.440/0001-92;2011-01-01;3;NPF SECURITIZADORA S/A;021695;FCA;8898;2011-05-31;http://www.rad.cvm.gov.br/ENETCONSULTA/frmDownloadDocumento.aspx?CodigoInstituicao=1&NumeroSequencialDocumento=8898
10.337.440/0001-92;2011-01-01;4;NPF SECURITIZADORA S/A;021695;FCA;10742;2011-08-11;http://www.rad.cvm.gov.br/ENETCONSULTA/frmDownloadDocumento.aspx?CodigoInstituicao=1&NumeroSequencialDocumento=10742
10.338.320/0001-00;2011-01-01;1;AFLUENTE TRANSMISSÃO DE ENERGIA ELÉTRICA S/A;022179;FCA;4201;2011-01-10;http://www.rad.cvm.gov.br/ENETCONSULTA/frmDownloadDocumento.aspx?CodigoInstituicao=1&NumeroSequencialDocumento=4201
10.338.320/0001-00;2011-01-01;2;AFLUENTE TRANSMISSÃO DE ENERGIA ELÉTRICA S/A;022179;FCA;4699;2011-02-10;http://www.rad.cvm.gov.br/ENETCONSULTA/frmDownloadDocumento.aspx?CodigoInstituicao=1&NumeroSequencialDocumento=4699
10.338.320/0001-00;2011-01-01;3;AFLUENTE TRANSMISSÃO DE ENERGIA ELÉTRICA S/A;022179;FCA;8814;2011-05-30;http://www.rad.cvm.gov.br/ENETCONSULTA/frmDownloadDocumento.aspx?CodigoInstituicao=1&NumeroSequencialDocumento=8814
10.345.009/0001-98;2011-01-01;1;ADVANCED DIGITAL HEALTH MEDICINA PREVENTIVA S.A.;021725;FCA;5714;2011-03-28;http://www.rad.cvm.gov.br/ENETCONSULTA/frmDownloadDocumento.aspx?CodigoInstituicao=1&NumeroSequencialDocumento=5714
10.345.009/0001-98;2011-01-01;2;ADVANCED DIGITAL HEALTH MEDICINA PREVENTIVA S.A.;021725;FCA;6910;2011-04-29;http://www.rad.cvm.gov.br/ENETCONSULTA/frmDownloadDocumento.aspx?CodigoInstituicao=1&NumeroSequencialDocumento=6910
10.345.009/0001-98;2011-01-01;3;ADVANCED DIGITAL HEALTH MEDICINA PREVENTIVA S.A.;021725;FCA;7222;2011-05-05;http://www.rad.cvm.gov.br/ENETCONSULTA/frmDownloadDocumento.aspx?CodigoInstituicao=1&NumeroSequencialDocumento=7222
10.345.009/0001-98;2011-01-01;4;ADVANCED DIGITAL HEALTH MEDICINA PREVENTIVA S.A.;021725;FCA;9299;2011-05-31;http://www.rad.cvm.gov.br/ENETCONSULTA/frmDownloadDocumento.aspx?CodigoInstituicao=1&NumeroSequencialDocumento=9299
10.345.009/0001-98;2011-01-01;5;ADVANCED DIGITAL HEALTH MEDICINA PREVENTIVA S.A.;021725;FCA;11398;2011-08-23;http://www.rad.cvm.gov.br/ENETCONSULTA/frmDownloadDocumento.aspx?CodigoInstituicao=1&NumeroSequencialDocumento=11398
10.382.341/0001-22;2011-01-01;1;METROPOLIS EMPREENDIMENTOS IMOBILIÁRIOS S/A;022047;FCA;5285;2011-03-16;http://www.rad.cvm.gov.br/ENETCONSULTA/frmDownloadDocumento.aspx?CodigoInstituicao=1&NumeroSequencialDocumento=5285
10.382.341/0001-22;2011-01-01;2;METROPOLIS EMPREENDIMENTOS IMOBILIÁRIOS S/A;022047;FCA;9237;2011-05-31;http://www.rad.cvm.gov.br/ENETCONSULTA/frmDownloadDocumento.aspx?CodigoInstituicao=1&NumeroSequencialDocumento=9237
10.488.244/0001-19;2011-01-01;1;INFRASEC SECURITIZADORA S.A.;021750;FCA;10631;2011-08-09;http://www.rad.cvm.gov.br/ENETCONSULTA/frmDownloadDocumento.aspx?CodigoInstituicao=1&NumeroSequencialDocumento=10631
10.488.244/0001-19;2011-01-01;2;INFRASEC SECURITIZADORA S.A.;021750;FCA;13082;2011-11-21;http://www.rad.cvm.gov.br/ENETCONSULTA/frmDownloadDocumento.aspx?CodigoInstituicao=1&NumeroSequencialDocumento=13082
10.531.501/0001-58;2011-01-01;1;CONC AUTO RAPOSO TAVARES S.A.;022268;FCA;4402;2011-01-25;http://www.rad.cvm.gov.br/ENETCONSULTA/frmDownloadDocumento.aspx?CodigoInstituicao=1&NumeroSequencialDocumento=4402
10.531.501/0001-58;2011-01-01;2;CONC AUTO RAPOSO TAVARES S.A.;022268;FCA;7815;2011-05-13;http://www.rad.cvm.gov.br/ENETCONSULTA/frmDownloadDocumento.aspx?CodigoInstituicao=1&NumeroSequencialDocumento=7815
10.531.501/0001-58;2011-01-01;3;CONC AUTO RAPOSO TAVARES S.A.;022268;FCA;8649;2011-05-27;http://www.rad.cvm.gov.br/ENETCONSULTA/frmDownloadDocumento.aspx?CodigoInstituicao=1&NumeroSequencialDocumento=8649
10.608.405/0001-60;2011-01-01;1;BARI SECURITIZADORA S.A.;021920;FCA;6196;2011-03-31;http://www.rad.cvm.gov.br/ENETCONSULTA/frmDownloadDocumento.aspx?CodigoInstituicao=1&NumeroSequencialDocumento=6196
10.608.405/0001-60;2011-01-01;2;BARI SECURITIZADORA S.A.;021920;FCA;7461;2011-05-10;http://www.rad.cvm.gov.br/ENETCONSULTA/frmDownloadDocumento.aspx?CodigoInstituicao=1&NumeroSequencialDocumento=7461
10.629.105/0001-68;2011-01-01;1;PRIO S.A.;022187;FCA;4472;2011-01-28;http://www.rad.cvm.gov.br/ENETCONSULTA/frmDownloadDocumento.aspx?CodigoInstituicao=1&NumeroSequencialDocumento=4472
10.629.105/0001-68;2011-01-01;2;PRIO S.A.;022187;FCA;9457;2011-06-01;http://www.rad.cvm.gov.br/ENETCONSULTA/frmDownloadDocumento.aspx?CodigoInstituicao=1&NumeroSequencialDocumento=9457
10.629.105/0001-68;2011-01-01;3;PRIO S.A.;022187;FCA;12915;2011-11-14;http://www.rad.cvm.gov.br/ENETCONSULTA/frmDownloadDocumento.aspx?CodigoInstituicao=1&NumeroSequencialDocumento=12915
10.635.691/0001-53;2011-01-01;1;VIARONDON CONCESSIONÁRIA DE RODOVIA S.A.;022543;FCA;10259;2011-07-22;http://www.rad.cvm.gov.br/ENETCONSULTA/frmDownloadDocumento.aspx?CodigoInstituicao=1&NumeroSequencialDocumento=10259
10.647.979/0001-48;2011-01-01;1;CONC ROTA DAS BANDEIRAS S.A.;022071;FCA;5356;2011-03-21;http://www.rad.cvm.gov.br/ENETCONSULTA/frmDownloadDocumento.aspx?CodigoInstituicao=1&NumeroSequencialDocumento=5356
10.647.979/0001-48;2011-01-01;2;CONC ROTA DAS BANDEIRAS S.A.;022071;FCA;5360;2011-03-21;http://www.rad.cvm.gov.br/ENETCONSULTA/frmDownloadDocumento.aspx?CodigoInstituicao=1&NumeroSequencialDocumento=5360
10.647.979/0001-48;2011-01-01;3;CONC ROTA DAS BANDEIRAS S.A.;022071;FCA;5573;2011-03-25;http://www.rad.cvm.gov.br/ENETCONSULTA/frmDownloadDocumento.aspx?CodigoInstituicao=1&NumeroSequencialDocumento=5573
10.647.979/0001-48;2011-01-01;4;CONC ROTA DAS BANDEIRAS S.A.;022071;FCA;7998;2011-05-16;http://www.rad.cvm.gov.br/ENETCONSULTA/frmDownloadDocumento.aspx?CodigoInstituicao=1&NumeroSequencialDocumento=7998
10.647.979/0001-48;2011-01-01;5;CONC ROTA DAS BANDEIRAS S.A.;022071;FCA;10462;2011-08-02;http://www.rad.cvm.gov.br/ENETCONSULTA/frmDownloadDocumento.aspx?CodigoInstituicao=1&NumeroSequencialDocumento=10462
10.753.164/0001-43;2011-01-01;1;ECO SECURITIZADORA DIREITOS CRED AGRONEGÓCIO S.A.;021741;FCA;4117;2011-01-06;http://www.rad.cvm.gov.br/ENETCONSULTA/frmDownloadDocumento.aspx?CodigoInstituicao=1&NumeroSequencialDocumento=4117
10.753.164/0001-43;2011-01-01;2;ECO SECURITIZADORA DIREITOS CRED AGRONEGÓCIO S.A.;021741;FCA;8485;2011-05-24;http://www.rad.cvm.gov.br/ENETCONSULTA/frmDownloadDocumento.aspx?CodigoInstituicao=1&NumeroSequencialDocumento=8485
10.753.164/0001-43;2011-01-01;3;ECO SECURITIZADORA DIREITOS CRED AGRONEGÓCIO S.A.;021741;FCA;8742;2011-05-30;http://www.rad.cvm.gov.br/ENETCONSULTA/frmDownloadDocumento.aspx?CodigoInstituicao=1&NumeroSequencialDocumento=8742
10.826.798/0001-89;2011-01-01;1;BRAZAL BRASIL ALIMENTOS SA;021865;FCA;6040;2011-03-30;http://www.rad.cvm.gov.br/ENETCONSULTA/frmDownloadDocumento.aspx?CodigoInstituicao=1&NumeroSequencialDocumento=6040
10.826.798/0001-89;2011-01-01;2;BRAZAL BRASIL ALIMENTOS SA;021865;FCA;7153;2011-05-04;http://www.rad.cvm.gov.br/ENETCONSULTA/frmDownloadDocumento.aspx?CodigoInstituicao=1&NumeroSequencialDocumento=7153
10.826.798/0001-89;2011-01-01;3;BRAZAL BRASIL ALIMENTOS SA;021865;FCA;7196;2011-05-05;http://www.rad.cvm.gov.br/ENETCONSULTA/frmDownloadDocumento.aspx?CodigoInstituicao=1&NumeroSequencialDocumento=7196
10.826.798/0001-89;2011-01-01;4;BRAZAL BRASIL ALIMENTOS SA;021865;FCA;8494;2011-05-25;http://www.rad.cvm.gov.br/ENETCONSULTA/frmDownloadDocumento.aspx?CodigoInstituicao=1&NumeroSequencialDocumento=8494
10.826.798/0001-89;2011-01-01;5;BRAZAL BRASIL ALIMENTOS SA;021865;FCA;10082;2011-07-11;http://www.rad.cvm.gov.br/ENETCONSULTA/frmDownloadDocumento.aspx?CodigoInstituicao=1&NumeroSequencialDocumento=10082
10.826.798/0001-89;2011-01-01;6;BRAZAL BRASIL ALIMENTOS SA;021865;FCA;10270;2011-07-23;http://www.rad.cvm.gov.br/ENETCONSULTA/frmDownloadDocumento.aspx?CodigoInstituicao=1&NumeroSequencialDocumento=10270
10.826.798/0001-89;2011-01-01;7;BRAZAL BRASIL ALIMENTOS SA;021865;FCA;10400;2011-07-29;http://www.rad.cvm.gov.br/ENETCONSULTA/frmDownloadDocumento.aspx?CodigoInstituicao=1&NumeroSequencialDocumento=10400
10.826.798/0001-89;2011-01-01;8;BRAZAL BRASIL ALIMENTOS SA;021865;FCA;12662;2011-11-11;http://www.rad.cvm.gov.br/ENETCONSULTA/frmDownloadDocumento.aspx?CodigoInstituicao=1&NumeroSequencialDocumento=12662
10.826.798/0001-89;2011-01-01;9;BRAZAL BRASIL ALIMENTOS SA;021865;FCA;13515;2011-12-27;http://www.rad.cvm.gov.br/ENETCONSULTA/frmDownloadDocumento.aspx?CodigoInstituicao=1&NumeroSequencialDocumento=13515
10.835.932/0001-08;2011-01-01;1;CIA ENERGETICA DE PERNAMBUCO - CELPE;014362;FCA;4142;2011-01-07;http://www.rad.cvm.gov.br/ENETCONSULTA/frmDownloadDocumento.aspx?CodigoInstituicao=1&NumeroSequencialDocumento=4142
10.835.932/0001-08;2011-01-01;2;CIA ENERGETICA DE PERNAMBUCO - CELPE;014362;FCA;4688;2011-02-10;http://www.rad.cvm.gov.br/ENETCONSULTA/frmDownloadDocumento.aspx?CodigoInstituicao=1&NumeroSequencialDocumento=4688
10.835.932/0001-08;2011-01-01;3;CIA ENERGETICA DE PERNAMBUCO - CELPE;014362;FCA;8768;2011-05-30;http://www.rad.cvm.gov.br/ENETCONSULTA/frmDownloadDocumento.aspx?CodigoInstituicao=1&NumeroSequencialDocumento=8768
10.841.050/0001-55;2011-01-01;1;CONC ROD AYRTON SENNA E CARV PINTO S.A.-ECOPISTAS;022411;FCA;5085;2011-03-02;http://www.rad.cvm.gov.br/ENETCONSULTA/frmDownloadDocumento.aspx?CodigoInstituicao=1&NumeroSequencialDocumento=5085
10.841.050/0001-55;2011-01-01;2;CONC ROD AYRTON SENNA E CARV PINTO S.A.-ECOPISTAS;022411;FCA;8889;2011-05-31;http://www.rad.cvm.gov.br/ENETCONSULTA/frmDownloadDocumento.aspx?CodigoInstituicao=1&NumeroSequencialDocumento=8889
10.846.981/0001-46;2011-01-01;1;CENTENNIAL ASSET PARTICIPAÇÕES SUDESTE S/A;021776;FCA;4153;2011-01-07;http://www.rad.cvm.gov.br/ENETCONSULTA/frmDownloadDocumento.aspx?CodigoInstituicao=1&NumeroSequencialDocumento=4153
10.846.981/0001-46;2011-01-01;2;CENTENNIAL ASSET PARTICIPAÇÕES SUDESTE S/A;021776;FCA;4403;2011-01-25;http://www.rad.cvm.gov.br/ENETCONSULTA/frmDownloadDocumento.aspx?CodigoInstituicao=1&NumeroSequencialDocumento=4403
10.846.981/0001-46;2011-01-01;3;CENTENNIAL ASSET PARTICIPAÇÕES SUDESTE S/A;021776;FCA;4404;2011-01-25;http://www.rad.cvm.gov.br/ENETCONSULTA/frmDownloadDocumento.aspx?CodigoInstituicao=1&NumeroSequencialDocumento=4404
10.846.981/0001-46;2011-01-01;4;CENTENNIAL ASSET PARTICIPAÇÕES SUDESTE S/A;021776;FCA;5518;2011-03-24;http://www.rad.cvm.gov.br/ENETCONSULTA/frmDownloadDocumento.aspx?CodigoInstituicao=1&NumeroSequencialDocumento=5518
10.846.981/0001-46;2011-01-01;5;CENTENNIAL ASSET PARTICIPAÇÕES SUDESTE S/A;021776;FCA;6358;2011-04-05;http://www.rad.cvm.gov.br/ENETCONSULTA/frmDownloadDocumento.aspx?CodigoInstituicao=1&NumeroSequencialDocumento=6358
10.846.981/0001-46;2011-01-01;6;CENTENNIAL ASSET PARTICIPAÇÕES SUDESTE S/A;021776;FCA;6516;2011-04-13;http://www.rad.cvm.gov.br/ENETCONSULTA/frmDownloadDocumento.aspx?CodigoInstituicao=1&NumeroSequencialDocumento=6516
10.846.981/0001-46;2011-01-01;7;CENTENNIAL ASSET PARTICIPAÇÕES SUDESTE S/A;021776;FCA;8952;2011-05-31;http://www.rad.cvm.gov.br/ENETCONSULTA/frmDownloadDocumento.aspx?CodigoInstituicao=1&NumeroSequencialDocumento=8952
10.846.981/0001-46;2011-01-01;8;CENTENNIAL ASSET PARTICIPAÇÕES SUDESTE S/A;021776;FCA;10221;2011-07-20;http://www.rad.cvm.gov.br/ENETCONSULTA/frmDownloadDocumento.aspx?CodigoInstituicao=1&NumeroSequencialDocumento=10221
10.846.981/0001-46;2011-01-01;9;CENTENNIAL ASSET PARTICIPAÇÕES SUDESTE S/A;021776;FCA;10487;2011-08-03;http://www.rad.cvm.gov.br/ENETCONSULTA/frmDownloadDocumento.aspx?CodigoInstituicao=1&NumeroSequencialDocumento=10487
10.846.981/0001-46;2011-01-01;10;CENTENNIAL ASSET PARTICIPAÇÕES SUDESTE S/A;021776;FCA;10654;2011-08-09;http://www.rad.cvm.gov.br/ENETCONSULTA/frmDownloadDocumento.aspx?CodigoInstituicao=1&NumeroSequencialDocumento=10654
10.846.981/0001-46;2011-01-01;11;CENTENNIAL ASSET PARTICIPAÇÕES SUDESTE S/A;021776;FCA;12085;2011-10-19;http://www.rad.cvm.gov.br/ENETCONSULTA/frmDownloadDocumento.aspx?CodigoInstituicao=1&NumeroSequencialDocumento=12085
10.846.981/0001-46;2011-01-01;12;CENTENNIAL ASSET PARTICIPAÇÕES SUDESTE S/A;021776;FCA;12289;2011-11-01;http://www.rad.cvm.gov.br/ENETCONSULTA/frmDownloadDocumento.aspx?CodigoInstituicao=1&NumeroSequencialDocumento=12289
10.846.981/0001-46;2011-01-01;13;CENTENNIAL ASSET PARTICIPAÇÕES SUDESTE S/A;021776;FCA;12297;2011-11-01;http://www.rad.cvm.gov.br/ENETCONSULTA/frmDownloadDocumento.aspx?CodigoInstituicao=1&NumeroSequencialDocumento=12297
10.846.981/0001-46;2011-01-01;14;CENTENNIAL ASSET PARTICIPAÇÕES SUDESTE S/A;021776;FCA;12318;2011-11-03;http://www.rad.cvm.gov.br/ENETCONSULTA/frmDownloadDocumento.aspx?CodigoInstituicao=1&NumeroSequencialDocumento=12318
10.847.761/0001-37;2011-01-01;1;EBX BRASIL S.A.;021784;FCA;6004;2011-03-30;http://www.rad.cvm.gov.br/ENETCONSULTA/frmDownloadDocumento.aspx?CodigoInstituicao=1&NumeroSequencialDocumento=6004
10.847.761/0001-37;2011-01-01;2;EBX BRASIL S.A.;021784;FCA;6171;2011-03-31;http://www.rad.cvm.gov.br/ENETCONSULTA/frmDownloadDocumento.aspx?CodigoInstituicao=1&NumeroSequencialDocumento=6171
10.847.761/0001-37;2011-01-01;3;EBX BRASIL S.A.;021784;FCA;9637;2011-06-09;http://www.rad.cvm.gov.br/ENETCONSULTA/frmDownloadDocumento.aspx?CodigoInstituicao=1&NumeroSequencialDocumento=9637
10.847.761/0001-37;2011-01-01;4;EBX BRASIL S.A.;021784;FCA;12355;2011-11-04;http://www.rad.cvm.gov.br/ENETCONSULTA/frmDownloadDocumento.aspx?CodigoInstituicao=1&NumeroSequencialDocumento=12355
10.847.761/0001-37;2011-01-01;5;EBX BRASIL S.A.;021784;FCA;12380;2011-11-07;http://www.rad.cvm.gov.br/ENETCONSULTA/frmDownloadDocumento.aspx?CodigoInstituicao=1&NumeroSequencialDocumento=12380
10.894.123/0001-77;2011-01-01;1;BOLERO PARTICIPAÇÕES S/A;022039;FCA;5961;2011-03-30;http://www.rad.cvm.gov.br/ENETCONSULTA/frmDownloadDocumento.aspx?CodigoInstituicao=1&NumeroSequencialDocumento=5961
10.894.123/0001-77;2011-01-01;2;BOLERO PARTICIPAÇÕES S/A;022039;FCA;9403;2011-06-01;http://www.rad.cvm.gov.br/ENETCONSULTA/frmDownloadDocumento.aspx?CodigoInstituicao=1&NumeroSequencialDocumento=9403
10.894.123/0001-77;2011-01-01;3;BOLERO PARTICIPAÇÕES S/A;022039;FCA;10585;2011-08-08;http://www.rad.cvm.gov.br/ENETCONSULTA/frmDownloadDocumento.aspx?CodigoInstituicao=1&NumeroSequencialDocumento=10585
11.094.546/0001-75;2011-01-01;1;MULTIPLUS S.A.;021946;FCA;4188;2011-01-10;http://www.rad.cvm.gov.br/ENETCONSULTA/frmDownloadDocumento.aspx?CodigoInstituicao=1&NumeroSequencialDocumento=4188
11.094.546/0001-75;2011-01-01;2;MULTIPLUS S.A.;021946;FCA;7042;2011-05-03;http://www.rad.cvm.gov.br/ENETCONSULTA/frmDownloadDocumento.aspx?CodigoInstituicao=1&NumeroSequencialDocumento=7042
11.197.023/0001-54;2011-01-01;1;AQUA-RIO S/A;022101;FCA;6247;2011-04-01;http://www.rad.cvm.gov.br/ENETCONSULTA/frmDownloadDocumento.aspx?CodigoInstituicao=1&NumeroSequencialDocumento=6247
11.197.023/0001-54;2011-01-01;2;AQUA-RIO S/A;022101;FCA;8780;2011-05-30;http://www.rad.cvm.gov.br/ENETCONSULTA/frmDownloadDocumento.aspx?CodigoInstituicao=1&NumeroSequencialDocumento=8780
11.274.829/0001-07;2011-01-01;1;COMPANHIA PAULISTA DE SECURITIZAÇÃO;022080;FCA;4165;2011-01-10;http://www.rad.cvm.gov.br/ENETCONSULTA/frmDownloadDocumento.aspx?CodigoInstituicao=1&NumeroSequencialDocumento=4165
11.274.829/0001-07;2011-01-01;2;COMPANHIA PAULISTA DE SECURITIZAÇÃO;022080;FCA;6193;2011-03-31;http://www.rad.cvm.gov.br/ENETCONSULTA/frmDownloadDocumento.aspx?CodigoInstituicao=1&NumeroSequencialDocumento=6193
11.274.829/0001-07;2011-01-01;3;COMPANHIA PAULISTA DE SECURITIZAÇÃO;022080;FCA;10956;2011-08-12;http://www.rad.cvm.gov.br/ENETCONSULTA/frmDownloadDocumento.aspx?CodigoInstituicao=1&NumeroSequencialDocumento=10956
11.274.829/0001-07;2011-01-01;4;COMPANHIA PAULISTA DE SECURITIZAÇÃO;022080;FCA;12772;2011-11-11;http://www.rad.cvm.gov.br/ENETCONSULTA/frmDownloadDocumento.aspx?CodigoInstituicao=1&NumeroSequencialDocumento=12772
11.306.912/0001-02;2011-01-01;1;POTHENCIA S.A. - REFLORESTADORA;022152;FCA;4380;2011-01-24;http://www.rad.cvm.gov.br/ENETCONSULTA/frmDownloadDocumento.aspx?CodigoInstituicao=1&NumeroSequencialDocumento=4380
11.306.912/0001-02;2011-01-01;2;POTHENCIA S.A. - REFLORESTADORA;022152;FCA;5569;2011-03-25;http://www.rad.cvm.gov.br/ENETCONSULTA/frmDownloadDocumento.aspx?CodigoInstituicao=1&NumeroSequencialDocumento=5569
11.306.912/0001-02;2011-01-01;3;POTHENCIA S.A. - REFLORESTADORA;022152;FCA;8931;2011-05-31;http://www.rad.cvm.gov.br/ENETCONSULTA/frmDownloadDocumento.aspx?CodigoInstituicao=1&NumeroSequencialDocumento=8931
11.395.624/0001-71;2011-01-01;1;MASSA FALIDA DA BRASIL PHARMA S.A.;022500;FCA;9904;2011-06-29;http://www.rad.cvm.gov.br/ENETCONSULTA/frmDownloadDocumento.aspx?CodigoInstituicao=1&NumeroSequencialDocumento=9904
11.395.624/0001-71;2011-01-01;2;MASSA FALIDA DA BRASIL PHARMA S.A.;022500;FCA;11195;2011-08-15;http://www.rad.cvm.gov.br/ENETCONSULTA/frmDownloadDocumento.aspx?CodigoInstituicao=1&NumeroSequencialDocumento=11195
11.396.633/0001-87;2011-01-01;1;3A COMPANHIA SECURITIZADORA;021954;FCA;5578;2011-03-25;http://www.rad.cvm.gov.br/ENETCONSULTA/frmDownloadDocumento.aspx?CodigoInstituicao=1&NumeroSequencialDocumento=5578
11.396.633/0001-87;2011-01-01;2;3A COMPANHIA SECURITIZADORA;021954;FCA;7332;2011-05-09;http://www.rad.cvm.gov.br/ENETCONSULTA/frmDownloadDocumento.aspx?CodigoInstituicao=1&NumeroSequencialDocumento=7332
11.423.623/0001-93;2011-01-01;1;DUFRY A.G.;080110;FCA;4113;2011-01-06;http://www.rad.cvm.gov.br/ENETCONSULTA/frmDownloadDocumento.aspx?CodigoInstituicao=1&NumeroSequencialDocumento=4113
11.423.623/0001-93;2011-01-01;2;DUFRY A.G.;080110;FCA;7416;2011-05-09;http://www.rad.cvm.gov.br/ENETCONSULTA/frmDownloadDocumento.aspx?CodigoInstituicao=1&NumeroSequencialDocumento=7416
11.423.623/0001-93;2011-01-01;3;DUFRY A.G.;080110;FCA;12219;2011-10-28;http://www.rad.cvm.gov.br/ENETCONSULTA/frmDownloadDocumento.aspx?CodigoInstituicao=1&NumeroSequencialDocumento=12219
11.566.501/0001-56;2011-01-01;1;TEREOS INTERNACIONAL S/A;022136;FCA;8455;2011-05-23;http://www.rad.cvm.gov.br/ENETCONSULTA/frmDownloadDocumento.aspx?CodigoInstituicao=1&NumeroSequencialDocumento=8455
11.566.501/0001-56;2011-01-01;2;TEREOS INTERNACIONAL S/A;022136;FCA;12413;2011-11-08;http://www.rad.cvm.gov.br/ENETCONSULTA/frmDownloadDocumento.aspx?CodigoInstituicao=1&NumeroSequencialDocumento=12413
11.669.021/0001-10;2011-01-01;1;ENAUTA PARTICIPAÇÕES S.A.;022365;FCA;4647;2011-02-08;http://www.rad.cvm.gov.br/ENETCONSULTA/frmDownloadDocumento.aspx?CodigoInstituicao=1&NumeroSequencialDocumento=4647
11.669.021/0001-10;2011-01-01;2;ENAUTA PARTICIPAÇÕES S.A.;022365;FCA;4724;2011-02-11;http://www.rad.cvm.gov.br/ENETCONSULTA/frmDownloadDocumento.aspx?CodigoInstituicao=1&NumeroSequencialDocumento=4724
11.669.021/0001-10;2011-01-01;3;ENAUTA PARTICIPAÇÕES S.A.;022365;FCA;7200;2011-05-05;http://www.rad.cvm.gov.br/ENETCONSULTA/frmDownloadDocumento.aspx?CodigoInstituicao=1&NumeroSequencialDocumento=7200
11.716.471/0001-17;2011-01-01;1;TRX SECURITIZADORA S.A.;022420;FCA;5461;2011-03-23;http://www.rad.cvm.gov.br/ENETCONSULTA/frmDownloadDocumento.aspx?CodigoInstituicao=1&NumeroSequencialDocumento=5461
11.716.471/0001-17;2011-01-01;2;TRX SECURITIZADORA S.A.;022420;FCA;9351;2011-05-31;http://www.rad.cvm.gov.br/ENETCONSULTA/frmDownloadDocumento.aspx?CodigoInstituicao=1&NumeroSequencialDocumento=9351
11.716.471/0001-17;2011-01-01;3;TRX SECURITIZADORA S.A.;022420;FCA;9601;2011-06-08;http://www.rad.cvm.gov.br/ENETCONSULTA/frmDownloadDocumento.aspx?CodigoInstituicao=1&NumeroSequencialDocumento=9601
11.721.921/0001-60;2011-01-01;1;ALPER CONSULTORIA E CORRETORA DE SEGUROS S.A.;022217;FCA;4607;2011-02-07;http://www.rad.cvm.gov.br/ENETCONSULTA/frmDownloadDocumento.aspx?CodigoInstituicao=1&NumeroSequencialDocumento=4607
11.721.921/0001-60;2011-01-01;2;ALPER CONSULTORIA E CORRETORA DE SEGUROS S.A.;022217;FCA;4837;2011-02-18;http://www.rad.cvm.gov.br/ENETCONSULTA/frmDownloadDocumento.aspx?CodigoInstituicao=1&NumeroSequencialDocumento=4837
11.721.921/0001-60;2011-01-01;3;ALPER CONSULTORIA E CORRETORA DE SEGUROS S.A.;022217;FCA;4910;2011-02-23;http://www.rad.cvm.gov.br/ENETCONSULTA/frmDownloadDocumento.aspx?CodigoInstituicao=1&NumeroSequencialDocumento=4910
11.721.921/0001-60;2011-01-01;4;ALPER CONSULTORIA E CORRETORA DE SEGUROS S.A.;022217;FCA;5102;2011-03-02;http://www.rad.cvm.gov.br/ENETCONSULTA/frmDownloadDocumento.aspx?CodigoInstituicao=1&NumeroSequencialDocumento=5102
11.721.921/0001-60;2011-01-01;5;ALPER CONSULTORIA E CORRETORA DE SEGUROS S.A.;022217;FCA;9466;2011-06-01;http://www.rad.cvm.gov.br/ENETCONSULTA/frmDownloadDocumento.aspx?CodigoInstituicao=1&NumeroSequencialDocumento=9466
11.818.783/0001-31;2011-01-01;1;CERVEJASONLINE PARTICIPAÇÕES S/A;022098;FCA;6117;2011-03-31;http://www.rad.cvm.gov.br/ENETCONSULTA/frmDownloadDocumento.aspx?CodigoInstituicao=1&NumeroSequencialDocumento=6117
11.818.783/0001-31;2011-01-01;2;CERVEJASONLINE PARTICIPAÇÕES S/A;022098;FCA;9268;2011-05-31;http://www.rad.cvm.gov.br/ENETCONSULTA/frmDownloadDocumento.aspx?CodigoInstituicao=1&NumeroSequencialDocumento=9268
11.858.621/0001-27;2011-01-01;1;MCM CIMENTOS S/A;022284;FCA;4790;2011-02-16;http://www.rad.cvm.gov.br/ENETCONSULTA/frmDownloadDocumento.aspx?CodigoInstituicao=1&NumeroSequencialDocumento=4790
11.858.621/0001-27;2011-01-01;2;MCM CIMENTOS S/A;022284;FCA;6732;2011-04-27;http://www.rad.cvm.gov.br/ENETCONSULTA/frmDownloadDocumento.aspx?CodigoInstituicao=1&NumeroSequencialDocumento=6732
11.858.621/0001-27;2011-01-01;3;MCM CIMENTOS S/A;022284;FCA;6980;2011-05-02;http://www.rad.cvm.gov.br/ENETCONSULTA/frmDownloadDocumento.aspx?CodigoInstituicao=1&NumeroSequencialDocumento=6980
11.858.621/0001-27;2011-01-01;4;MCM CIMENTOS S/A;022284;FCA;9314;2011-05-31;http://www.rad.cvm.gov.br/ENETCONSULTA/frmDownloadDocumento.aspx?CodigoInstituicao=1&NumeroSequencialDocumento=9314
11.858.621/0001-27;2011-01-01;5;MCM CIMENTOS S/A;022284;FCA;11081;2011-08-15;http://www.rad.cvm.gov.br/ENETCONSULTA/frmDownloadDocumento.aspx?CodigoInstituicao=1&NumeroSequencialDocumento=11081
11.992.680/0001-93;2011-01-01;1;QUALICORP CONSULTORIA E CORRETORA DE SEGUROS S.A.;022497;FCA;9813;2011-06-22;http://www.rad.cvm.gov.br/ENETCONSULTA/frmDownloadDocumento.aspx?CodigoInstituicao=1&NumeroSequencialDocumento=9813
11.992.680/0001-93;2011-01-01;2;QUALICORP CONSULTORIA E CORRETORA DE SEGUROS S.A.;022497;FCA;11009;2011-08-15;http://www.rad.cvm.gov.br/ENETCONSULTA/frmDownloadDocumento.aspx?CodigoInstituicao=1&NumeroSequencialDocumento=11009
11.995.745/0001-54;2011-01-01;1;ROPASC PARTICIPAÇÕES S.A.;022195;FCA;5964;2011-03-30;http://www.rad.cvm.gov.br/ENETCONSULTA/frmDownloadDocumento.aspx?CodigoInstituicao=1&NumeroSequencialDocumento=5964
11.995.745/0001-54;2011-01-01;2;ROPASC PARTICIPAÇÕES S.A.;022195;FCA;9419;2011-06-01;http://www.rad.cvm.gov.br/ENETCONSULTA/frmDownloadDocumento.aspx?CodigoInstituicao=1&NumeroSequencialDocumento=9419
11.995.753/0001-09;2011-01-01;1;PASCRO PARTICIPAÇÕES S.A.;022209;FCA;5987;2011-03-30;http://www.rad.cvm.gov.br/ENETCONSULTA/frmDownloadDocumento.aspx?CodigoInstituicao=1&NumeroSequencialDocumento=5987
11.995.753/0001-09;2011-01-01;2;PASCRO PARTICIPAÇÕES S.A.;022209;FCA;11874;2011-09-29;http://www.rad.cvm.gov.br/ENETCONSULTA/frmDownloadDocumento.aspx?CodigoInstituicao=1&NumeroSequencialDocumento=11874
12.049.631/0001-84;2011-01-01;1;MOURA DUBEUX ENGENHARIA S/A;021067;FCA;8301;2011-05-18;http://www.rad.cvm.gov.br/ENETCONSULTA/frmDownloadDocumento.aspx?CodigoInstituicao=1&NumeroSequencialDocumento=8301
12.049.631/0001-84;2011-01-01;2;MOURA DUBEUX ENGENHARIA S/A;021067;FCA;11752;2011-09-16;http://www.rad.cvm.gov.br/ENETCONSULTA/frmDownloadDocumento.aspx?CodigoInstituicao=1&NumeroSequencialDocumento=11752
12.049.631/0001-84;2011-01-01;3;MOURA DUBEUX ENGENHARIA S/A;021067;FCA;13050;2011-11-17;http://www.rad.cvm.gov.br/ENETCONSULTA/frmDownloadDocumento.aspx?CodigoInstituicao=1&NumeroSequencialDocumento=13050
12.126.500/0001-53;2011-01-01;1;REDENTOR ENERGIA S/A;022128;FCA;4412;2011-01-26;http://www.rad.cvm.gov.br/ENETCONSULTA/frmDownloadDocumento.aspx?CodigoInstituicao=1&NumeroSequencialDocumento=4412
12.126.500/0001-53;2011-01-01;2;REDENTOR ENERGIA S/A;022128;FCA;7931;2011-05-13;http://www.rad.cvm.gov.br/ENETCONSULTA/frmDownloadDocumento.aspx?CodigoInstituicao=1&NumeroSequencialDocumento=7931
12.126.500/0001-53;2011-01-01;3;REDENTOR ENERGIA S/A;022128;FCA;10102;2011-07-12;http://www.rad.cvm.gov.br/ENETCONSULTA/frmDownloadDocumento.aspx?CodigoInstituicao=1&NumeroSequencialDocumento=10102
12.126.500/0001-53;2011-01-01;4;REDENTOR ENERGIA S/A;022128;FCA;11170;2011-08-15;http://www.rad.cvm.gov.br/ENETCONSULTA/frmDownloadDocumento.aspx?CodigoInstituicao=1&NumeroSequencialDocumento=11170
12.126.500/0001-53;2011-01-01;5;REDENTOR ENERGIA S/A;022128;FCA;11436;2011-08-25;http://www.rad.cvm.gov.br/ENETCONSULTA/frmDownloadDocumento.aspx?CodigoInstituicao=1&NumeroSequencialDocumento=11436
12.130.744/0001-00;2011-01-01;1;TRUE SECURITIZADORA S.A.;022276;FCA;5502;2011-03-24;http://www.rad.cvm.gov.br/ENETCONSULTA/frmDownloadDocumento.aspx?CodigoInstituicao=1&NumeroSequencialDocumento=5502
12.130.744/0001-00;2011-01-01;2;TRUE SECURITIZADORA S.A.;022276;FCA;7451;2011-05-10;http://www.rad.cvm.gov.br/ENETCONSULTA/frmDownloadDocumento.aspx?CodigoInstituicao=1&NumeroSequencialDocumento=7451
12.139.922/0001-63;2011-01-01;1;OCTANTE SECURITIZADORA S.A.;022390;FCA;4762;2011-02-15;http://www.rad.cvm.gov.br/ENETCONSULTA/frmDownloadDocumento.aspx?CodigoInstituicao=1&NumeroSequencialDocumento=4762
12.139.922/0001-63;2011-01-01;2;OCTANTE SECURITIZADORA S.A.;022390;FCA;5585;2011-03-25;http://www.rad.cvm.gov.br/ENETCONSULTA/frmDownloadDocumento.aspx?CodigoInstituicao=1&NumeroSequencialDocumento=5585
12.261.588/0001-16;2011-01-01;1;POLO CAPITAL SECURITIZADORA S.A;022160;FCA;6076;2011-03-31;http://www.rad.cvm.gov.br/ENETCONSULTA/frmDownloadDocumento.aspx?CodigoInstituicao=1&NumeroSequencialDocumento=6076
12.261.588/0001-16;2011-01-01;2;POLO CAPITAL SECURITIZADORA S.A;022160;FCA;8478;2011-05-24;http://www.rad.cvm.gov.br/ENETCONSULTA/frmDownloadDocumento.aspx?CodigoInstituicao=1&NumeroSequencialDocumento=8478
12.261.588/0001-16;2011-01-01;3;POLO CAPITAL SECURITIZADORA S.A;022160;FCA;13009;2011-11-16;http://www.rad.cvm.gov.br/ENETCONSULTA/frmDownloadDocumento.aspx?CodigoInstituicao=1&NumeroSequencialDocumento=13009
12.320.349/0001-90;2011-01-01;1;ORE  SECURITIZADORA SA;022250;FCA;7680;2011-05-12;http://www.rad.cvm.gov.br/ENETCONSULTA/frmDownloadDocumento.aspx?CodigoInstituicao=1&NumeroSequencialDocumento=7680
12.320.349/0001-90;2011-01-01;2;ORE  SECURITIZADORA SA;022250;FCA;11987;2011-10-10;http://www.rad.cvm.gov.br/ENETCONSULTA/frmDownloadDocumento.aspx?CodigoInstituicao=1&NumeroSequencialDocumento=11987
12.498.904/0001-78;2011-01-01;1;CÁSPIO PARTICIPAÇÕES S/A;022314;FCA;5991;2011-03-30;http://www.rad.cvm.gov.br/ENETCONSULTA/frmDownloadDocumento.aspx?CodigoInstituicao=1&NumeroSequencialDocumento=5991
12.498.904/0001-78;2011-01-01;2;CÁSPIO PARTICIPAÇÕES S/A;022314;FCA;6528;2011-04-14;http://www.rad.cvm.gov.br/ENETCONSULTA/frmDownloadDocumento.aspx?CodigoInstituicao=1&NumeroSequencialDocumento=6528
12.498.904/0001-78;2011-01-01;3;CÁSPIO PARTICIPAÇÕES S/A;022314;FCA;9511;2011-06-02;http://www.rad.cvm.gov.br/ENETCONSULTA/frmDownloadDocumento.aspx?CodigoInstituicao=1&NumeroSequencialDocumento=9511
12.499.618/0001-27;2011-01-01;1;VOSTOK PARTICIPAÇÕES SA;022322;FCA;5993;2011-03-30;http://www.rad.cvm.gov.br/ENETCONSULTA/frmDownloadDocumento.aspx?CodigoInstituicao=1&NumeroSequencialDocumento=5993
12.499.618/0001-27;2011-01-01;2;VOSTOK PARTICIPAÇÕES SA;022322;FCA;9400;2011-06-01;http://www.rad.cvm.gov.br/ENETCONSULTA/frmDownloadDocumento.aspx?CodigoInstituicao=1&NumeroSequencialDocumento=9400
12.499.629/0001-07;2011-01-01;1;MÊNFIS PARTICIPAÇÕES S.A.;022462;FCA;6621;2011-04-19;http://www.rad.cvm.gov.br/ENETCONSULTA/frmDownloadDocumento.aspx?CodigoInstituicao=1&NumeroSequencialDocumento=6621
12.499.629/0001-07;2011-01-01;2;MÊNFIS PARTICIPAÇÕES S.A.;022462;FCA;9425;2011-06-01;http://www.rad.cvm.gov.br/ENETCONSULTA/frmDownloadDocumento.aspx?CodigoInstituicao=1&NumeroSequencialDocumento=9425
12.592.746/0001-10;2011-01-01;1;STEIN SP II PARTICIPAÇÕES S.A.;022292;FCA;4061;2011-01-04;http://www.rad.cvm.gov.br/ENETCONSULTA/frmDownloadDocumento.aspx?CodigoInstituicao=1&NumeroSequencialDocumento=4061
12.592.746/0001-10;2011-01-01;2;STEIN SP II PARTICIPAÇÕES S.A.;022292;FCA;9357;2011-05-31;http://www.rad.cvm.gov.br/ENETCONSULTA/frmDownloadDocumento.aspx?CodigoInstituicao=1&NumeroSequencialDocumento=9357
12.592.795/0001-53;2011-01-01;1;PERENCO PETRÓLEO E GÁS DO BRASIL PARTICIPAÇÕES S.A.;022527;FCA;9920;2011-06-30;http://www.rad.cvm.gov.br/ENETCONSULTA/frmDownloadDocumento.aspx?CodigoInstituicao=1&NumeroSequencialDocumento=9920
12.610.764/0001-88;2011-01-01;1;BRASIL PLURAL SECURITIZADORA S.A.;022233;FCA;6095;2011-03-31;http://www.rad.cvm.gov.br/ENETCONSULTA/frmDownloadDocumento.aspx?CodigoInstituicao=1&NumeroSequencialDocumento=6095
12.610.764/0001-88;2011-01-01;2;BRASIL PLURAL SECURITIZADORA S.A.;022233;FCA;8480;2011-05-24;http://www.rad.cvm.gov.br/ENETCONSULTA/frmDownloadDocumento.aspx?CodigoInstituicao=1&NumeroSequencialDocumento=8480
12.610.764/0001-88;2011-01-01;3;BRASIL PLURAL SECURITIZADORA S.A.;022233;FCA;11998;2011-10-10;http://www.rad.cvm.gov.br/ENETCONSULTA/frmDownloadDocumento.aspx?CodigoInstituicao=1&NumeroSequencialDocumento=11998
12.648.327/0001-53;2011-01-01;1;HIDROVIAS DO BRASIL S.A.;022675;FCA;13328;2011-12-15;http://www.rad.cvm.gov.br/ENETCONSULTA/frmDownloadDocumento.aspx?CodigoInstituicao=1&NumeroSequencialDocumento=13328
12.979.898/0001-70;2011-01-01;1;FORTE SECURITIZADORA S.A.;022489;FCA;9790;2011-06-21;http://www.rad.cvm.gov.br/ENETCONSULTA/frmDownloadDocumento.aspx?CodigoInstituicao=1&NumeroSequencialDocumento=9790
13.009.717/0001-46;2011-01-01;1;BCO ESTADO DE SERGIPE S.A. - BANESE;001120;FCA;4359;2011-01-21;http://www.rad.cvm.gov.br/ENETCONSULTA/frmDownloadDocumento.aspx?CodigoInstituicao=1&NumeroSequencialDocumento=4359
13.009.717/0001-46;2011-01-01;2;BCO ESTADO DE SERGIPE S.A. - BANESE;001120;FCA;4365;2011-01-21;http://www.rad.cvm.gov.br/ENETCONSULTA/frmDownloadDocumento.aspx?CodigoInstituicao=1&NumeroSequencialDocumento=4365
13.009.717/0001-46;2011-01-01;3;BCO ESTADO DE SERGIPE S.A. - BANESE;001120;FCA;8380;2011-05-20;http://www.rad.cvm.gov.br/ENETCONSULTA/frmDownloadDocumento.aspx?CodigoInstituicao=1&NumeroSequencialDocumento=8380
13.009.717/0001-46;2011-01-01;4;BCO ESTADO DE SERGIPE S.A. - BANESE;001120;FCA;8482;2011-05-24;http://www.rad.cvm.gov.br/ENETCONSULTA/frmDownloadDocumento.aspx?CodigoInstituicao=1&NumeroSequencialDocumento=8482
13.009.717/0001-46;2011-01-01;5;BCO ESTADO DE SERGIPE S.A. - BANESE;001120;FCA;8523;2011-05-25;http://www.rad.cvm.gov.br/ENETCONSULTA/frmDownloadDocumento.aspx?CodigoInstituicao=1&NumeroSequencialDocumento=8523
13.009.717/0001-46;2011-01-01;6;BCO ESTADO DE SERGIPE S.A. - BANESE;001120;FCA;13489;2011-12-26;http://www.rad.cvm.gov.br/ENETCONSULTA/frmDownloadDocumento.aspx?CodigoInstituicao=1&NumeroSequencialDocumento=13489
13.017.462/0001-63;2011-01-01;1;ENERGISA SERGIPE - DISTRIBUIDORA DE ENERGIA S/A;018996;FCA;5394;2011-03-21;http://www.rad.cvm.gov.br/ENETCONSULTA/frmDownloadDocumento.aspx?CodigoInstituicao=1&NumeroSequencialDocumento=5394
13.017.462/0001-63;2011-01-01;2;ENERGISA SERGIPE - DISTRIBUIDORA DE ENERGIA S/A;018996;FCA;7789;2011-05-13;http://www.rad.cvm.gov.br/ENETCONSULTA/frmDownloadDocumento.aspx?CodigoInstituicao=1&NumeroSequencialDocumento=7789
13.407.573/0001-86;2011-01-01;1;HARPIA ÔMEGA PARTICIPAÇÕES S.A.;022578;FCA;11332;2011-08-19;http://www.rad.cvm.gov.br/ENETCONSULTA/frmDownloadDocumento.aspx?CodigoInstituicao=1&NumeroSequencialDocumento=11332
13.407.617/0001-78;2011-01-01;1;ISOLUX INFRASTRUCTURE S.A.;022624;FCA;13295;2011-12-13;http://www.rad.cvm.gov.br/ENETCONSULTA/frmDownloadDocumento.aspx?CodigoInstituicao=1&NumeroSequencialDocumento=13295
13.444.994/0001-87;2011-01-01;1;MLOG S.A.;022586;FCA;11745;2011-09-16;http://www.rad.cvm.gov.br/ENETCONSULTA/frmDownloadDocumento.aspx?CodigoInstituicao=1&NumeroSequencialDocumento=11745
13.444.994/0001-87;2011-01-01;2;MLOG S.A.;022586;FCA;11747;2011-09-16;http://www.rad.cvm.gov.br/ENETCONSULTA/frmDownloadDocumento.aspx?CodigoInstituicao=1&NumeroSequencialDocumento=11747
13.444.994/0001-87;2011-01-01;3;MLOG S.A.;022586;FCA;11760;2011-09-19;http://www.rad.cvm.gov.br/ENETCONSULTA/frmDownloadDocumento.aspx?CodigoInstituicao=1&NumeroSequencialDocumento=11760
13.444.994/0001-87;2011-01-01;4;MLOG S.A.;022586;FCA;12342;2011-11-04;http://www.rad.cvm.gov.br/ENETCONSULTA/frmDownloadDocumento.aspx?CodigoInstituicao=1&NumeroSequencialDocumento=12342
13.444.994/0001-87;2011-01-01;5;MLOG S.A.;022586;FCA;12367;2011-11-07;http://www.rad.cvm.gov.br/ENETCONSULTA/frmDownloadDocumento.aspx?CodigoInstituicao=1&NumeroSequencialDocumento=12367
13.552.070/0001-02;2011-01-01;1;PRONOR PETROQUIMICA SA;009784;FCA;5854;2011-03-29;http://www.rad.cvm.gov.br/ENETCONSULTA/frmDownloadDocumento.aspx?CodigoInstituicao=1&NumeroSequencialDocumento=5854
13.552.070/0001-02;2011-01-01;2;PRONOR PETROQUIMICA SA;009784;FCA;7807;2011-05-13;http://www.rad.cvm.gov.br/ENETCONSULTA/frmDownloadDocumento.aspx?CodigoInstituicao=1&NumeroSequencialDocumento=7807
13.608.583/0001-80;2011-01-01;1;QGN PARTICIPAÇÕES SA;009857;FCA;6589;2011-04-18;http://www.rad.cvm.gov.br/ENETCONSULTA/frmDownloadDocumento.aspx?CodigoInstituicao=1&NumeroSequencialDocumento=6589
13.608.583/0001-80;2011-01-01;2;QGN PARTICIPAÇÕES SA;009857;FCA;12222;2011-10-28;http://www.rad.cvm.gov.br/ENETCONSULTA/frmDownloadDocumento.aspx?CodigoInstituicao=1&NumeroSequencialDocumento=12222
13.608.583/0001-80;2011-01-01;3;QGN PARTICIPAÇÕES SA;009857;FCA;13465;2011-12-23;http://www.rad.cvm.gov.br/ENETCONSULTA/frmDownloadDocumento.aspx?CodigoInstituicao=1&NumeroSequencialDocumento=13465
13.788.120/0001-47;2011-01-01;1;ELEKEIROZ S.A.;004359;FCA;4227;2011-01-11;http://www.rad.cvm.gov.br/ENETCONSULTA/frmDownloadDocumento.aspx?CodigoInstituicao=1&NumeroSequencialDocumento=4227
13.788.120/0001-47;2011-01-01;2;ELEKEIROZ S.A.;004359;FCA;6418;2011-04-08;http://www.rad.cvm.gov.br/ENETCONSULTA/frmDownloadDocumento.aspx?CodigoInstituicao=1&NumeroSequencialDocumento=6418
13.788.120/0001-47;2011-01-01;3;ELEKEIROZ S.A.;004359;FCA;8739;2011-05-30;http://www.rad.cvm.gov.br/ENETCONSULTA/frmDownloadDocumento.aspx?CodigoInstituicao=1&NumeroSequencialDocumento=8739
14.200.537/0001-00;2011-01-01;1;NISA PARTICIPACOES S.A.;022640;FCA;13338;2011-12-16;http://www.rad.cvm.gov.br/ENETCONSULTA/frmDownloadDocumento.aspx?CodigoInstituicao=1&NumeroSequencialDocumento=13338
14.200.586/0001-42;2011-01-01;1;NAOMI PARTICIPAÇÕES S.A.;022667;FCA;13331;2011-12-15;http://www.rad.cvm.gov.br/ENETCONSULTA/frmDownloadDocumento.aspx?CodigoInstituicao=1&NumeroSequencialDocumento=13331
14.200.618/0001-00;2011-01-01;1;BELEZA PARTICIPAÇÕES S.A.;022632;FCA;13325;2011-12-15;http://www.rad.cvm.gov.br/ENETCONSULTA/frmDownloadDocumento.aspx?CodigoInstituicao=1&NumeroSequencialDocumento=13325
14.200.699/0001-48;2011-01-01;1;NOAH PARTICIPAÇÕES S.A.;022659;FCA;13350;2011-12-16;http://www.rad.cvm.gov.br/ENETCONSULTA/frmDownloadDocumento.aspx?CodigoInstituicao=1&NumeroSequencialDocumento=13350
14.212.464/0001-76;2011-01-01;1;TGLT S/A;080136;FCA;12428;2011-11-08;http://www.rad.cvm.gov.br/ENETCONSULTA/frmDownloadDocumento.aspx?CodigoInstituicao=1&NumeroSequencialDocumento=12428
14.308.514/0001-13;2011-01-01;1;PARTICIPAÇÕES INDUST. DO NORDESTE S.A.;001597;FCA;5027;2011-02-28;http://www.rad.cvm.gov.br/ENETCONSULTA/frmDownloadDocumento.aspx?CodigoInstituicao=1&NumeroSequencialDocumento=5027
14.308.514/0001-13;2011-01-01;2;PARTICIPAÇÕES INDUST. DO NORDESTE S.A.;001597;FCA;6614;2011-04-19;http://www.rad.cvm.gov.br/ENETCONSULTA/frmDownloadDocumento.aspx?CodigoInstituicao=1&NumeroSequencialDocumento=6614
14.308.514/0001-13;2011-01-01;3;PARTICIPAÇÕES INDUST. DO NORDESTE S.A.;001597;FCA;8924;2011-05-31;http://www.rad.cvm.gov.br/ENETCONSULTA/frmDownloadDocumento.aspx?CodigoInstituicao=1&NumeroSequencialDocumento=8924
14.308.514/0001-13;2011-01-01;4;PARTICIPAÇÕES INDUST. DO NORDESTE S.A.;001597;FCA;11685;2011-09-12;http://www.rad.cvm.gov.br/ENETCONSULTA/frmDownloadDocumento.aspx?CodigoInstituicao=1&NumeroSequencialDocumento=11685
14.388.334/0001-99;2011-01-01;1;PARANA BCO S.A.;020729;FCA;4939;2011-02-24;http://www.rad.cvm.gov.br/ENETCONSULTA/frmDownloadDocumento.aspx?CodigoInstituicao=1&NumeroSequencialDocumento=4939
14.388.334/0001-99;2011-01-01;2;PARANA BCO S.A.;020729;FCA;9397;2011-06-01;http://www.rad.cvm.gov.br/ENETCONSULTA/frmDownloadDocumento.aspx?CodigoInstituicao=1&NumeroSequencialDocumento=9397
14.388.520/0001-28;2011-01-01;1;PACIFIC RUBIALES ENERGY CORP.;080144;FCA;13497;2011-12-27;http://www.rad.cvm.gov.br/ENETCONSULTA/frmDownloadDocumento.aspx?CodigoInstituicao=1&NumeroSequencialDocumento=13497
14.807.945/0001-24;2011-01-01;1;SANSUY S.A. INDUSTRIA DE PLASTICOS;012696;FCA;5939;2011-03-30;http://www.rad.cvm.gov.br/ENETCONSULTA/frmDownloadDocumento.aspx?CodigoInstituicao=1&NumeroSequencialDocumento=5939
14.807.945/0001-24;2011-01-01;2;SANSUY S.A. INDUSTRIA DE PLASTICOS;012696;FCA;8543;2011-05-26;http://www.rad.cvm.gov.br/ENETCONSULTA/frmDownloadDocumento.aspx?CodigoInstituicao=1&NumeroSequencialDocumento=8543
14.998.371/0001-19;2011-01-01;1;J. MACEDO S.A.;021156;FCA;5215;2011-03-11;http://www.rad.cvm.gov.br/ENETCONSULTA/frmDownloadDocumento.aspx?CodigoInstituicao=1&NumeroSequencialDocumento=5215
14.998.371/0001-19;2011-01-01;2;J. MACEDO S.A.;021156;FCA;7327;2011-05-09;http://www.rad.cvm.gov.br/ENETCONSULTA/frmDownloadDocumento.aspx?CodigoInstituicao=1&NumeroSequencialDocumento=7327
15.101.405/0001-93;2011-01-01;1;CORREA RIBEIRO S.A. COMERCIO E INDUSTRIA;004863;FCA;4765;2011-02-15;http://www.rad.cvm.gov.br/ENETCONSULTA/frmDownloadDocumento.aspx?CodigoInstituicao=1&NumeroSequencialDocumento=4765
15.101.405/0001-93;2011-01-01;2;CORREA RIBEIRO S.A. COMERCIO E INDUSTRIA;004863;FCA;8326;2011-05-19;http://www.rad.cvm.gov.br/ENETCONSULTA/frmDownloadDocumento.aspx?CodigoInstituicao=1&NumeroSequencialDocumento=8326
15.115.504/0001-24;2011-01-01;1;TRONOX PIGMENTOS DO BRASIL S.A.;011398;FCA;5674;2011-03-28;http://www.rad.cvm.gov.br/ENETCONSULTA/frmDownloadDocumento.aspx?CodigoInstituicao=1&NumeroSequencialDocumento=5674
15.115.504/0001-24;2011-01-01;2;TRONOX PIGMENTOS DO BRASIL S.A.;011398;FCA;5676;2011-03-28;http://www.rad.cvm.gov.br/ENETCONSULTA/frmDownloadDocumento.aspx?CodigoInstituicao=1&NumeroSequencialDocumento=5676
15.115.504/0001-24;2011-01-01;3;TRONOX PIGMENTOS DO BRASIL S.A.;011398;FCA;9504;2011-06-02;http://www.rad.cvm.gov.br/ENETCONSULTA/frmDownloadDocumento.aspx?CodigoInstituicao=1&NumeroSequencialDocumento=9504
15.115.504/0001-24;2011-01-01;4;TRONOX PIGMENTOS DO BRASIL S.A.;011398;FCA;9704;2011-06-14;http://www.rad.cvm.gov.br/ENETCONSULTA/frmDownloadDocumento.aspx?CodigoInstituicao=1&NumeroSequencialDocumento=9704
15.115.504/0001-24;2011-01-01;5;TRONOX PIGMENTOS DO BRASIL S.A.;011398;FCA;10380;2011-07-29;http://www.rad.cvm.gov.br/ENETCONSULTA/frmDownloadDocumento.aspx?CodigoInstituicao=1&NumeroSequencialDocumento=10380
15.115.504/0001-24;2011-01-01;6;TRONOX PIGMENTOS DO BRASIL S.A.;011398;FCA;10981;2011-08-12;http://www.rad.cvm.gov.br/ENETCONSULTA/frmDownloadDocumento.aspx?CodigoInstituicao=1&NumeroSequencialDocumento=10981
15.115.504/0001-24;2011-01-01;7;TRONOX PIGMENTOS DO BRASIL S.A.;011398;FCA;10982;2011-08-13;http://www.rad.cvm.gov.br/ENETCONSULTA/frmDownloadDocumento.aspx?CodigoInstituicao=1&NumeroSequencialDocumento=10982
15.115.504/0001-24;2011-01-01;8;TRONOX PIGMENTOS DO BRASIL S.A.;011398;FCA;11032;2011-08-15;http://www.rad.cvm.gov.br/ENETCONSULTA/frmDownloadDocumento.aspx?CodigoInstituicao=1&NumeroSequencialDocumento=11032
15.124.464/0001-87;2011-01-01;1;BANCO BESA S.A.;001244;FCA;9503;2011-06-02;http://www.rad.cvm.gov.br/ENETCONSULTA/frmDownloadDocumento.aspx?CodigoInstituicao=1&NumeroSequencialDocumento=9503
15.126.626/0001-16;2011-01-01;1;IND AZULEJOS BAHIA SA;006955;FCA;6015;2011-03-30;http://www.rad.cvm.gov.br/ENETCONSULTA/frmDownloadDocumento.aspx?CodigoInstituicao=1&NumeroSequencialDocumento=6015
15.126.626/0001-16;2011-01-01;2;IND AZULEJOS BAHIA SA;006955;FCA;8277;2011-05-18;http://www.rad.cvm.gov.br/ENETCONSULTA/frmDownloadDocumento.aspx?CodigoInstituicao=1&NumeroSequencialDocumento=8277
15.126.626/0001-16;2011-01-01;3;IND AZULEJOS BAHIA SA;006955;FCA;10201;2011-07-19;http://www.rad.cvm.gov.br/ENETCONSULTA/frmDownloadDocumento.aspx?CodigoInstituicao=1&NumeroSequencialDocumento=10201
15.139.629/0001-94;2011-01-01;1;CIA ELETRICIDADE EST. DA BAHIA - COELBA;014524;FCA;4135;2011-01-07;http://www.rad.cvm.gov.br/ENETCONSULTA/frmDownloadDocumento.aspx?CodigoInstituicao=1&NumeroSequencialDocumento=4135
15.139.629/0001-94;2011-01-01;2;CIA ELETRICIDADE EST. DA BAHIA - COELBA;014524;FCA;4261;2011-01-13;http://www.rad.cvm.gov.br/ENETCONSULTA/frmDownloadDocumento.aspx?CodigoInstituicao=1&NumeroSequencialDocumento=4261
15.139.629/0001-94;2011-01-01;3;CIA ELETRICIDADE EST. DA BAHIA - COELBA;014524;FCA;4695;2011-02-10;http://www.rad.cvm.gov.br/ENETCONSULTA/frmDownloadDocumento.aspx?CodigoInstituicao=1&NumeroSequencialDocumento=4695
15.139.629/0001-94;2011-01-01;4;CIA ELETRICIDADE EST. DA BAHIA - COELBA;014524;FCA;8727;2011-05-30;http://www.rad.cvm.gov.br/ENETCONSULTA/frmDownloadDocumento.aspx?CodigoInstituicao=1&NumeroSequencialDocumento=8727
15.141.799/0001-03;2011-01-01;1;CIA FERRO LIGAS DA BAHIA - FERBASA;003069;FCA;5733;2011-03-28;http://www.rad.cvm.gov.br/ENETCONSULTA/frmDownloadDocumento.aspx?CodigoInstituicao=1&NumeroSequencialDocumento=5733
15.141.799/0001-03;2011-01-01;2;CIA FERRO LIGAS DA BAHIA - FERBASA;003069;FCA;12020;2011-10-11;http://www.rad.cvm.gov.br/ENETCONSULTA/frmDownloadDocumento.aspx?CodigoInstituicao=1&NumeroSequencialDocumento=12020
15.144.017/0001-90;2011-01-01;1;CIA SEGUROS ALIANCA DA BAHIA;003115;FCA;5020;2011-02-28;http://www.rad.cvm.gov.br/ENETCONSULTA/frmDownloadDocumento.aspx?CodigoInstituicao=1&NumeroSequencialDocumento=5020
15.144.017/0001-90;2011-01-01;2;CIA SEGUROS ALIANCA DA BAHIA;003115;FCA;8961;2011-05-31;http://www.rad.cvm.gov.br/ENETCONSULTA/frmDownloadDocumento.aspx?CodigoInstituicao=1&NumeroSequencialDocumento=8961
15.413.826/0001-50;2011-01-01;1;ENERGISA MATO GROSSO DO SUL - DIST DE ENERGIA S.A.;005576;FCA;5852;2011-03-29;http://www.rad.cvm.gov.br/ENETCONSULTA/frmDownloadDocumento.aspx?CodigoInstituicao=1&NumeroSequencialDocumento=5852
15.413.826/0001-50;2011-01-01;2;ENERGISA MATO GROSSO DO SUL - DIST DE ENERGIA S.A.;005576;FCA;9472;2011-06-01;http://www.rad.cvm.gov.br/ENETCONSULTA/frmDownloadDocumento.aspx?CodigoInstituicao=1&NumeroSequencialDocumento=9472
15.413.826/0001-50;2011-01-01;3;ENERGISA MATO GROSSO DO SUL - DIST DE ENERGIA S.A.;005576;FCA;10920;2011-08-12;http://www.rad.cvm.gov.br/ENETCONSULTA/frmDownloadDocumento.aspx?CodigoInstituicao=1&NumeroSequencialDocumento=10920
16.234.171/0001-15;2011-01-01;1;METANOR SA METANOL DO NE;008745;FCA;5253;2011-03-14;http://www.rad.cvm.gov.br/ENETCONSULTA/frmDownloadDocumento.aspx?CodigoInstituicao=1&NumeroSequencialDocumento=5253
16.234.171/0001-15;2011-01-01;2;METANOR SA METANOL DO NE;008745;FCA;7967;2011-05-14;http://www.rad.cvm.gov.br/ENETCONSULTA/frmDownloadDocumento.aspx?CodigoInstituicao=1&NumeroSequencialDocumento=7967
16.234.171/0001-15;2011-01-01;3;METANOR SA METANOL DO NE;008745;FCA;8829;2011-05-31;http://www.rad.cvm.gov.br/ENETCONSULTA/frmDownloadDocumento.aspx?CodigoInstituicao=1&NumeroSequencialDocumento=8829
16.404.287/0001-55;2011-01-01;1;SUZANO S.A.;013986;FCA;4651;2011-02-08;http://www.rad.cvm.gov.br/ENETCONSULTA/frmDownloadDocumento.aspx?CodigoInstituicao=1&NumeroSequencialDocumento=4651
16.404.287/0001-55;2011-01-01;2;SUZANO S.A.;013986;FCA;5058;2011-03-01;http://www.rad.cvm.gov.br/ENETCONSULTA/frmDownloadDocumento.aspx?CodigoInstituicao=1&NumeroSequencialDocumento=5058
16.404.287/0001-55;2011-01-01;3;SUZANO S.A.;013986;FCA;7499;2011-05-10;http://www.rad.cvm.gov.br/ENETCONSULTA/frmDownloadDocumento.aspx?CodigoInstituicao=1&NumeroSequencialDocumento=7499
16.404.287/0001-55;2011-01-01;4;SUZANO S.A.;013986;FCA;8427;2011-05-23;http://www.rad.cvm.gov.br/ENETCONSULTA/frmDownloadDocumento.aspx?CodigoInstituicao=1&NumeroSequencialDocumento=8427
16.404.287/0001-55;2011-01-01;5;SUZANO S.A.;013986;FCA;9633;2011-06-09;http://www.rad.cvm.gov.br/ENETCONSULTA/frmDownloadDocumento.aspx?CodigoInstituicao=1&NumeroSequencialDocumento=9633
16.404.287/0001-55;2011-01-01;6;SUZANO S.A.;013986;FCA;11872;2011-09-29;http://www.rad.cvm.gov.br/ENETCONSULTA/frmDownloadDocumento.aspx?CodigoInstituicao=1&NumeroSequencialDocumento=11872
16.404.287/0001-55;2011-01-01;7;SUZANO S.A.;013986;FCA;12211;2011-10-28;http://www.rad.cvm.gov.br/ENETCONSULTA/frmDownloadDocumento.aspx?CodigoInstituicao=1&NumeroSequencialDocumento=12211
16.590.234/0001-76;2011-01-01;1;AREZZO INDÚSTRIA E COMÉRCIO S.A.;022349;FCA;4546;2011-02-02;http://www.rad.cvm.gov.br/ENETCONSULTA/frmDownloadDocumento.aspx?CodigoInstituicao=1&NumeroSequencialDocumento=4546
16.590.234/0001-76;2011-01-01;2;AREZZO INDÚSTRIA E COMÉRCIO S.A.;022349;FCA;7533;2011-05-10;http://www.rad.cvm.gov.br/ENETCONSULTA/frmDownloadDocumento.aspx?CodigoInstituicao=1&NumeroSequencialDocumento=7533
16.614.075/0001-00;2011-01-01;1;DIRECIONAL ENGENHARIA S.A.;021350;FCA;4048;2011-01-03;http://www.rad.cvm.gov.br/ENETCONSULTA/frmDownloadDocumento.aspx?CodigoInstituicao=1&NumeroSequencialDocumento=4048
16.614.075/0001-00;2011-01-01;2;DIRECIONAL ENGENHARIA S.A.;021350;FCA;4099;2011-01-05;http://www.rad.cvm.gov.br/ENETCONSULTA/frmDownloadDocumento.aspx?CodigoInstituicao=1&NumeroSequencialDocumento=4099
16.614.075/0001-00;2011-01-01;3;DIRECIONAL ENGENHARIA S.A.;021350;FCA;4407;2011-01-26;http://www.rad.cvm.gov.br/ENETCONSULTA/frmDownloadDocumento.aspx?CodigoInstituicao=1&NumeroSequencialDocumento=4407
16.614.075/0001-00;2011-01-01;4;DIRECIONAL ENGENHARIA S.A.;021350;FCA;7588;2011-05-11;http://www.rad.cvm.gov.br/ENETCONSULTA/frmDownloadDocumento.aspx?CodigoInstituicao=1&NumeroSequencialDocumento=7588
16.614.075/0001-00;2011-01-01;5;DIRECIONAL ENGENHARIA S.A.;021350;FCA;9632;2011-06-09;http://www.rad.cvm.gov.br/ENETCONSULTA/frmDownloadDocumento.aspx?CodigoInstituicao=1&NumeroSequencialDocumento=9632
16.614.075/0001-00;2011-01-01;6;DIRECIONAL ENGENHARIA S.A.;021350;FCA;10619;2011-08-09;http://www.rad.cvm.gov.br/ENETCONSULTA/frmDownloadDocumento.aspx?CodigoInstituicao=1&NumeroSequencialDocumento=10619
16.670.085/0001-55;2011-01-01;1;LOCALIZA RENT A CAR S.A.;019739;FCA;4115;2011-01-06;http://www.rad.cvm.gov.br/ENETCONSULTA/frmDownloadDocumento.aspx?CodigoInstituicao=1&NumeroSequencialDocumento=4115
16.670.085/0001-55;2011-01-01;2;LOCALIZA RENT A CAR S.A.;019739;FCA;9326;2011-05-31;http://www.rad.cvm.gov.br/ENETCONSULTA/frmDownloadDocumento.aspx?CodigoInstituicao=1&NumeroSequencialDocumento=9326
17.155.730/0001-64;2011-01-01;1;CIA ENERGETICA DE MINAS GERAIS - CEMIG;002453;FCA;4051;2011-01-03;http://www.rad.cvm.gov.br/ENETCONSULTA/frmDownloadDocumento.aspx?CodigoInstituicao=1&NumeroSequencialDocumento=4051
17.155.730/0001-64;2011-01-01;2;CIA ENERGETICA DE MINAS GERAIS - CEMIG;002453;FCA;4317;2011-01-18;http://www.rad.cvm.gov.br/ENETCONSULTA/frmDownloadDocumento.aspx?CodigoInstituicao=1&NumeroSequencialDocumento=4317
17.155.730/0001-64;2011-01-01;3;CIA ENERGETICA DE MINAS GERAIS - CEMIG;002453;FCA;5094;2011-03-02;http://www.rad.cvm.gov.br/ENETCONSULTA/frmDownloadDocumento.aspx?CodigoInstituicao=1&NumeroSequencialDocumento=5094
17.155.730/0001-64;2011-01-01;4;CIA ENERGETICA DE MINAS GERAIS - CEMIG;002453;FCA;7328;2011-05-09;http://www.rad.cvm.gov.br/ENETCONSULTA/frmDownloadDocumento.aspx?CodigoInstituicao=1&NumeroSequencialDocumento=7328
17.159.005/0001-64;2011-01-01;1;FIACAO E TECELAGEM SAO JOSE SA EM RECUPERACAO JUDICIAL;005983;FCA;6337;2011-04-05;http://www.rad.cvm.gov.br/ENETCONSULTA/frmDownloadDocumento.aspx?CodigoInstituicao=1&NumeroSequencialDocumento=6337
17.161.241/0001-15;2011-01-01;1;MINASMAQUINAS S.A.;008818;FCA;5212;2011-03-11;http://www.rad.cvm.gov.br/ENETCONSULTA/frmDownloadDocumento.aspx?CodigoInstituicao=1&NumeroSequencialDocumento=5212
17.161.241/0001-15;2011-01-01;2;MINASMAQUINAS S.A.;008818;FCA;8465;2011-05-24;http://www.rad.cvm.gov.br/ENETCONSULTA/frmDownloadDocumento.aspx?CodigoInstituicao=1&NumeroSequencialDocumento=8465
17.162.082/0001-73;2011-01-01;1;MENDES JUNIOR ENGENHARIA S.A.;004782;FCA;6366;2011-04-06;http://www.rad.cvm.gov.br/ENETCONSULTA/frmDownloadDocumento.aspx?CodigoInstituicao=1&NumeroSequencialDocumento=6366
17.162.082/0001-73;2011-01-01;2;MENDES JUNIOR ENGENHARIA S.A.;004782;FCA;9435;2011-06-01;http://www.rad.cvm.gov.br/ENETCONSULTA/frmDownloadDocumento.aspx?CodigoInstituicao=1&NumeroSequencialDocumento=9435
17.162.082/0001-73;2011-01-01;3;MENDES JUNIOR ENGENHARIA S.A.;004782;FCA;13273;2011-12-12;http://www.rad.cvm.gov.br/ENETCONSULTA/frmDownloadDocumento.aspx?CodigoInstituicao=1&NumeroSequencialDocumento=13273
17.162.082/0001-73;2011-01-01;4;MENDES JUNIOR ENGENHARIA S.A.;004782;FCA;13397;2011-12-20;http://www.rad.cvm.gov.br/ENETCONSULTA/frmDownloadDocumento.aspx?CodigoInstituicao=1&NumeroSequencialDocumento=13397
17.167.396/0001-69;2011-01-01;1;ALFA HOLDINGS S.A.;009954;FCA;5642;2011-03-26;http://www.rad.cvm.gov.br/ENETCONSULTA/frmDownloadDocumento.aspx?CodigoInstituicao=1&NumeroSequencialDocumento=5642
17.167.396/0001-69;2011-01-01;2;ALFA HOLDINGS S.A.;009954;FCA;8647;2011-05-27;http://www.rad.cvm.gov.br/ENETCONSULTA/frmDownloadDocumento.aspx?CodigoInstituicao=1&NumeroSequencialDocumento=8647
17.167.412/0001-13;2011-01-01;1;FINANCEIRA ALFA S.A.- CRED FINANC E INVS;003891;FCA;4848;2011-02-18;http://www.rad.cvm.gov.br/ENETCONSULTA/frmDownloadDocumento.aspx?CodigoInstituicao=1&NumeroSequencialDocumento=4848
17.167.412/0001-13;2011-01-01;2;FINANCEIRA ALFA S.A.- CRED FINANC E INVS;003891;FCA;8633;2011-05-27;http://www.rad.cvm.gov.br/ENETCONSULTA/frmDownloadDocumento.aspx?CodigoInstituicao=1&NumeroSequencialDocumento=8633
17.184.037/0001-10;2011-01-01;1;BCO MERCANTIL DO BRASIL S.A.;001325;FCA;4262;2011-01-13;http://www.rad.cvm.gov.br/ENETCONSULTA/frmDownloadDocumento.aspx?CodigoInstituicao=1&NumeroSequencialDocumento=4262
17.184.037/0001-10;2011-01-01;2;BCO MERCANTIL DO BRASIL S.A.;001325;FCA;7049;2011-05-03;http://www.rad.cvm.gov.br/ENETCONSULTA/frmDownloadDocumento.aspx?CodigoInstituicao=1&NumeroSequencialDocumento=7049
17.193.806/0001-46;2011-01-01;1;CONSORCIO ALFA DE ADMINISTRACAO S.A.;004707;FCA;5638;2011-03-25;http://www.rad.cvm.gov.br/ENETCONSULTA/frmDownloadDocumento.aspx?CodigoInstituicao=1&NumeroSequencialDocumento=5638
17.193.806/0001-46;2011-01-01;2;CONSORCIO ALFA DE ADMINISTRACAO S.A.;004707;FCA;8638;2011-05-27;http://www.rad.cvm.gov.br/ENETCONSULTA/frmDownloadDocumento.aspx?CodigoInstituicao=1&NumeroSequencialDocumento=8638
17.245.234/0001-00;2011-01-01;1;CIA FIACAO TECIDOS CEDRO CACHOEIRA;003077;FCA;6073;2011-03-31;http://www.rad.cvm.gov.br/ENETCONSULTA/frmDownloadDocumento.aspx?CodigoInstituicao=1&NumeroSequencialDocumento=6073
17.245.234/0001-00;2011-01-01;2;CIA FIACAO TECIDOS CEDRO CACHOEIRA;003077;FCA;7477;2011-05-10;http://www.rad.cvm.gov.br/ENETCONSULTA/frmDownloadDocumento.aspx?CodigoInstituicao=1&NumeroSequencialDocumento=7477
17.281.106/0001-03;2011-01-01;1;CIA SANEAMENTO DE MINAS GERAIS-COPASA MG;019445;FCA;5287;2011-03-16;http://www.rad.cvm.gov.br/ENETCONSULTA/frmDownloadDocumento.aspx?CodigoInstituicao=1&NumeroSequencialDocumento=5287
17.281.106/0001-03;2011-01-01;2;CIA SANEAMENTO DE MINAS GERAIS-COPASA MG;019445;FCA;9323;2011-05-31;http://www.rad.cvm.gov.br/ENETCONSULTA/frmDownloadDocumento.aspx?CodigoInstituicao=1&NumeroSequencialDocumento=9323
19.443.985/0001-58;2011-01-01;1;VALE FERTILIZANTES S.A.;014028;FCA;4441;2011-01-26;http://www.rad.cvm.gov.br/ENETCONSULTA/frmDownloadDocumento.aspx?CodigoInstituicao=1&NumeroSequencialDocumento=4441
19.443.985/0001-58;2011-01-01;2;VALE FERTILIZANTES S.A.;014028;FCA;7454;2011-05-10;http://www.rad.cvm.gov.br/ENETCONSULTA/frmDownloadDocumento.aspx?CodigoInstituicao=1&NumeroSequencialDocumento=7454
19.526.748/0001-50;2011-01-01;1;CIA INDUSTRIAL CATAGUASES;003395;FCA;6206;2011-03-31;http://www.rad.cvm.gov.br/ENETCONSULTA/frmDownloadDocumento.aspx?CodigoInstituicao=1&NumeroSequencialDocumento=6206
19.526.748/0001-50;2011-01-01;2;CIA INDUSTRIAL CATAGUASES;003395;FCA;8179;2011-05-16;http://www.rad.cvm.gov.br/ENETCONSULTA/frmDownloadDocumento.aspx?CodigoInstituicao=1&NumeroSequencialDocumento=8179
19.527.639/0001-58;2011-01-01;1;ENERGISA MINAS RIO - DISTRIBUIDORA DE ENERGIA S/A;003271;FCA;5386;2011-03-21;http://www.rad.cvm.gov.br/ENETCONSULTA/frmDownloadDocumento.aspx?CodigoInstituicao=1&NumeroSequencialDocumento=5386
19.527.639/0001-58;2011-01-01;2;ENERGISA MINAS RIO - DISTRIBUIDORA DE ENERGIA S/A;003271;FCA;7795;2011-05-13;http://www.rad.cvm.gov.br/ENETCONSULTA/frmDownloadDocumento.aspx?CodigoInstituicao=1&NumeroSequencialDocumento=7795
20.933.354/0001-04;2011-01-01;1;CACHOEIRA VELONORTE;004111;FCA;6564;2011-04-15;http://www.rad.cvm.gov.br/ENETCONSULTA/frmDownloadDocumento.aspx?CodigoInstituicao=1&NumeroSequencialDocumento=6564
20.933.354/0001-04;2011-01-01;2;CACHOEIRA VELONORTE;004111;FCA;7095;2011-05-04;http://www.rad.cvm.gov.br/ENETCONSULTA/frmDownloadDocumento.aspx?CodigoInstituicao=1&NumeroSequencialDocumento=7095
21.255.567/0001-89;2011-01-01;1;CIA TECIDOS SANTANENSE;004081;FCA;5956;2011-03-30;http://www.rad.cvm.gov.br/ENETCONSULTA/frmDownloadDocumento.aspx?CodigoInstituicao=1&NumeroSequencialDocumento=5956
21.255.567/0001-89;2011-01-01;2;CIA TECIDOS SANTANENSE;004081;FCA;9426;2011-06-01;http://www.rad.cvm.gov.br/ENETCONSULTA/frmDownloadDocumento.aspx?CodigoInstituicao=1&NumeroSequencialDocumento=9426
22.164.990/0001-36;2011-01-01;1;ELETROSOM S/A;022373;FCA;4705;2011-02-10;http://www.rad.cvm.gov.br/ENETCONSULTA/frmDownloadDocumento.aspx?CodigoInstituicao=1&NumeroSequencialDocumento=4705
22.164.990/0001-36;2011-01-01;2;ELETROSOM S/A;022373;FCA;9538;2011-06-03;http://www.rad.cvm.gov.br/ENETCONSULTA/frmDownloadDocumento.aspx?CodigoInstituicao=1&NumeroSequencialDocumento=9538
22.164.990/0001-36;2011-01-01;3;ELETROSOM S/A;022373;FCA;13102;2011-11-22;http://www.rad.cvm.gov.br/ENETCONSULTA/frmDownloadDocumento.aspx?CodigoInstituicao=1&NumeroSequencialDocumento=13102
22.266.175/0001-88;2011-01-01;1;FERTILIZANTES HERINGER S.A.;020621;FCA;5200;2011-03-11;http://www.rad.cvm.gov.br/ENETCONSULTA/frmDownloadDocumento.aspx?CodigoInstituicao=1&NumeroSequencialDocumento=5200
22.266.175/0001-88;2011-01-01;2;FERTILIZANTES HERINGER S.A.;020621;FCA;7638;2011-05-12;http://www.rad.cvm.gov.br/ENETCONSULTA/frmDownloadDocumento.aspx?CodigoInstituicao=1&NumeroSequencialDocumento=7638
22.266.175/0001-88;2011-01-01;3;FERTILIZANTES HERINGER S.A.;020621;FCA;8614;2011-05-27;http://www.rad.cvm.gov.br/ENETCONSULTA/frmDownloadDocumento.aspx?CodigoInstituicao=1&NumeroSequencialDocumento=8614
22.677.520/0001-76;2011-01-01;1;CIA TECIDOS NORTE DE MINAS COTEMINAS;003158;FCA;5944;2011-03-30;http://www.rad.cvm.gov.br/ENETCONSULTA/frmDownloadDocumento.aspx?CodigoInstituicao=1&NumeroSequencialDocumento=5944
22.677.520/0001-76;2011-01-01;2;CIA TECIDOS NORTE DE MINAS COTEMINAS;003158;FCA;9431;2011-06-01;http://www.rad.cvm.gov.br/ENETCONSULTA/frmDownloadDocumento.aspx?CodigoInstituicao=1&NumeroSequencialDocumento=9431
22.770.366/0001-82;2011-01-01;1;TEC TOY S.A.;014133;FCA;4133;2011-01-07;http://www.rad.cvm.gov.br/ENETCONSULTA/frmDownloadDocumento.aspx?CodigoInstituicao=1&NumeroSequencialDocumento=4133
22.770.366/0001-82;2011-01-01;2;TEC TOY S.A.;014133;FCA;8275;2011-05-18;http://www.rad.cvm.gov.br/ENETCONSULTA/frmDownloadDocumento.aspx?CodigoInstituicao=1&NumeroSequencialDocumento=8275
24.956.666/0001-86;2011-01-01;1;CLARION S/A AGROINDUSTRIAL;018490;FCA;7175;2011-05-05;http://www.rad.cvm.gov.br/ENETCONSULTA/frmDownloadDocumento.aspx?CodigoInstituicao=1&NumeroSequencialDocumento=7175
24.962.466/0001-36;2011-01-01;1;RUMO MALHA NORTE S.A.;015300;FCA;5158;2011-03-04;http://www.rad.cvm.gov.br/ENETCONSULTA/frmDownloadDocumento.aspx?CodigoInstituicao=1&NumeroSequencialDocumento=5158
24.962.466/0001-36;2011-01-01;2;RUMO MALHA NORTE S.A.;015300;FCA;8846;2011-05-31;http://www.rad.cvm.gov.br/ENETCONSULTA/frmDownloadDocumento.aspx?CodigoInstituicao=1&NumeroSequencialDocumento=8846
25.329.319/0001-96;2011-01-01;1;WEMBLEY SOCIEDADE ANÔNIMA;011800;FCA;5959;2011-03-30;http://www.rad.cvm.gov.br/ENETCONSULTA/frmDownloadDocumento.aspx?CodigoInstituicao=1&NumeroSequencialDocumento=5959
25.329.319/0001-96;2011-01-01;2;WEMBLEY SOCIEDADE ANÔNIMA;011800;FCA;9428;2011-06-01;http://www.rad.cvm.gov.br/ENETCONSULTA/frmDownloadDocumento.aspx?CodigoInstituicao=1&NumeroSequencialDocumento=9428
25.869.736/0001-21;2011-01-01;1;CAFE SOLUVEL BRASILIA SA;002062;FCA;5802;2011-03-29;http://www.rad.cvm.gov.br/ENETCONSULTA/frmDownloadDocumento.aspx?CodigoInstituicao=1&NumeroSequencialDocumento=5802
25.869.736/0001-21;2011-01-01;2;CAFE SOLUVEL BRASILIA SA;002062;FCA;9501;2011-06-02;http://www.rad.cvm.gov.br/ENETCONSULTA/frmDownloadDocumento.aspx?CodigoInstituicao=1&NumeroSequencialDocumento=9501
26.386.169/0001-15;2011-01-01;1;MERCANTIL DO BRASIL LEASING SA;015890;FCA;4289;2011-01-14;http://www.rad.cvm.gov.br/ENETCONSULTA/frmDownloadDocumento.aspx?CodigoInstituicao=1&NumeroSequencialDocumento=4289
26.386.169/0001-15;2011-01-01;2;MERCANTIL DO BRASIL LEASING SA;015890;FCA;7057;2011-05-03;http://www.rad.cvm.gov.br/ENETCONSULTA/frmDownloadDocumento.aspx?CodigoInstituicao=1&NumeroSequencialDocumento=7057
26.386.169/0001-15;2011-01-01;3;MERCANTIL DO BRASIL LEASING SA;015890;FCA;10125;2011-07-13;http://www.rad.cvm.gov.br/ENETCONSULTA/frmDownloadDocumento.aspx?CodigoInstituicao=1&NumeroSequencialDocumento=10125
27.093.558/0001-15;2011-01-01;1;MILLS LOCAÇÃO, SERVIÇOS E LOGÍSTICA S.A.;022012;FCA;4516;2011-02-01;http://www.rad.cvm.gov.br/ENETCONSULTA/frmDownloadDocumento.aspx?CodigoInstituicao=1&NumeroSequencialDocumento=4516
27.093.558/0001-15;2011-01-01;2;MILLS LOCAÇÃO, SERVIÇOS E LOGÍSTICA S.A.;022012;FCA;7257;2011-05-06;http://www.rad.cvm.gov.br/ENETCONSULTA/frmDownloadDocumento.aspx?CodigoInstituicao=1&NumeroSequencialDocumento=7257
28.127.603/0001-78;2011-01-01;1;BANESTES S.A. - BCO EST ESPIRITO SANTO;001155;FCA;4222;2011-01-11;http://www.rad.cvm.gov.br/ENETCONSULTA/frmDownloadDocumento.aspx?CodigoInstituicao=1&NumeroSequencialDocumento=4222
28.127.603/0001-78;2011-01-01;2;BANESTES S.A. - BCO EST ESPIRITO SANTO;001155;FCA;9202;2011-05-31;http://www.rad.cvm.gov.br/ENETCONSULTA/frmDownloadDocumento.aspx?CodigoInstituicao=1&NumeroSequencialDocumento=9202
28.152.650/0001-71;2011-01-01;1;EDP ESPIRITO SANTO DISTRIBUIÇÃO DE ENERGIA S.A.;015342;FCA;4073;2011-01-05;http://www.rad.cvm.gov.br/ENETCONSULTA/frmDownloadDocumento.aspx?CodigoInstituicao=1&NumeroSequencialDocumento=4073
28.152.650/0001-71;2011-01-01;2;EDP ESPIRITO SANTO DISTRIBUIÇÃO DE ENERGIA S.A.;015342;FCA;8527;2011-05-25;http://www.rad.cvm.gov.br/ENETCONSULTA/frmDownloadDocumento.aspx?CodigoInstituicao=1&NumeroSequencialDocumento=8527
28.152.650/0001-71;2011-01-01;3;EDP ESPIRITO SANTO DISTRIBUIÇÃO DE ENERGIA S.A.;015342;FCA;11639;2011-09-08;http://www.rad.cvm.gov.br/ENETCONSULTA/frmDownloadDocumento.aspx?CodigoInstituicao=1&NumeroSequencialDocumento=11639
28.195.667/0001-06;2011-01-01;1;BCO ABC BRASIL S.A.;020958;FCA;4086;2011-01-05;http://www.rad.cvm.gov.br/ENETCONSULTA/frmDownloadDocumento.aspx?CodigoInstituicao=1&NumeroSequencialDocumento=4086
28.195.667/0001-06;2011-01-01;2;BCO ABC BRASIL S.A.;020958;FCA;6684;2011-04-26;http://www.rad.cvm.gov.br/ENETCONSULTA/frmDownloadDocumento.aspx?CodigoInstituicao=1&NumeroSequencialDocumento=6684
28.195.667/0001-06;2011-01-01;3;BCO ABC BRASIL S.A.;020958;FCA;8404;2011-05-20;http://www.rad.cvm.gov.br/ENETCONSULTA/frmDownloadDocumento.aspx?CodigoInstituicao=1&NumeroSequencialDocumento=8404
28.500.320/0001-20;2011-01-01;1;INDÚSTRIA VEROLME S.A. - IVESA;012866;FCA;5463;2011-03-23;http://www.rad.cvm.gov.br/ENETCONSULTA/frmDownloadDocumento.aspx?CodigoInstituicao=1&NumeroSequencialDocumento=5463
28.500.320/0001-20;2011-01-01;2;INDÚSTRIA VEROLME S.A. - IVESA;012866;FCA;6109;2011-03-31;http://www.rad.cvm.gov.br/ENETCONSULTA/frmDownloadDocumento.aspx?CodigoInstituicao=1&NumeroSequencialDocumento=6109
28.500.320/0001-20;2011-01-01;3;INDÚSTRIA VEROLME S.A. - IVESA;012866;FCA;7188;2011-05-05;http://www.rad.cvm.gov.br/ENETCONSULTA/frmDownloadDocumento.aspx?CodigoInstituicao=1&NumeroSequencialDocumento=7188
28.500.320/0001-20;2011-01-01;4;INDÚSTRIA VEROLME S.A. - IVESA;012866;FCA;9286;2011-05-31;http://www.rad.cvm.gov.br/ENETCONSULTA/frmDownloadDocumento.aspx?CodigoInstituicao=1&NumeroSequencialDocumento=9286
28.500.320/0001-20;2011-01-01;5;INDÚSTRIA VEROLME S.A. - IVESA;012866;FCA;11913;2011-10-04;http://www.rad.cvm.gov.br/ENETCONSULTA/frmDownloadDocumento.aspx?CodigoInstituicao=1&NumeroSequencialDocumento=11913
28.573.830/0001-27;2011-01-01;1;TAIPE TRANCOSO EMPREENDIMENTOS S/A;020508;FCA;4243;2011-01-12;http://www.rad.cvm.gov.br/ENETCONSULTA/frmDownloadDocumento.aspx?CodigoInstituicao=1&NumeroSequencialDocumento=4243
28.573.830/0001-27;2011-01-01;2;TAIPE TRANCOSO EMPREENDIMENTOS S/A;020508;FCA;7123;2011-05-04;http://www.rad.cvm.gov.br/ENETCONSULTA/frmDownloadDocumento.aspx?CodigoInstituicao=1&NumeroSequencialDocumento=7123
29.388.352/0001-48;2011-01-01;1;RIMET EMPREEND. INDS. E COMERCIAIS S/A;012840;FCA;6185;2011-03-31;http://www.rad.cvm.gov.br/ENETCONSULTA/frmDownloadDocumento.aspx?CodigoInstituicao=1&NumeroSequencialDocumento=6185
29.388.352/0001-48;2011-01-01;2;RIMET EMPREEND. INDS. E COMERCIAIS S/A;012840;FCA;6226;2011-04-01;http://www.rad.cvm.gov.br/ENETCONSULTA/frmDownloadDocumento.aspx?CodigoInstituicao=1&NumeroSequencialDocumento=6226
29.388.352/0001-48;2011-01-01;3;RIMET EMPREEND. INDS. E COMERCIAIS S/A;012840;FCA;8995;2011-05-31;http://www.rad.cvm.gov.br/ENETCONSULTA/frmDownloadDocumento.aspx?CodigoInstituicao=1&NumeroSequencialDocumento=8995
29.780.061/0001-09;2011-01-01;1;SAO CARLOS EMPREEND E PARTICIPACOES S.A.;013781;FCA;5635;2011-03-25;http://www.rad.cvm.gov.br/ENETCONSULTA/frmDownloadDocumento.aspx?CodigoInstituicao=1&NumeroSequencialDocumento=5635
29.780.061/0001-09;2011-01-01;2;SAO CARLOS EMPREEND E PARTICIPACOES S.A.;013781;FCA;7387;2011-05-09;http://www.rad.cvm.gov.br/ENETCONSULTA/frmDownloadDocumento.aspx?CodigoInstituicao=1&NumeroSequencialDocumento=7387
29.978.814/0001-87;2011-01-01;1;SUL AMERICA S.A.;021121;FCA;4963;2011-02-24;http://www.rad.cvm.gov.br/ENETCONSULTA/frmDownloadDocumento.aspx?CodigoInstituicao=1&NumeroSequencialDocumento=4963
29.978.814/0001-87;2011-01-01;2;SUL AMERICA S.A.;021121;FCA;6482;2011-04-11;http://www.rad.cvm.gov.br/ENETCONSULTA/frmDownloadDocumento.aspx?CodigoInstituicao=1&NumeroSequencialDocumento=6482
29.978.814/0001-87;2011-01-01;3;SUL AMERICA S.A.;021121;FCA;7226;2011-05-05;http://www.rad.cvm.gov.br/ENETCONSULTA/frmDownloadDocumento.aspx?CodigoInstituicao=1&NumeroSequencialDocumento=7226
29.978.814/0001-87;2011-01-01;4;SUL AMERICA S.A.;021121;FCA;9311;2011-05-31;http://www.rad.cvm.gov.br/ENETCONSULTA/frmDownloadDocumento.aspx?CodigoInstituicao=1&NumeroSequencialDocumento=9311
30.306.294/0001-45;2011-01-01;1;BCO BTG PACTUAL S.A.;022616;FCA;12932;2011-11-14;http://www.rad.cvm.gov.br/ENETCONSULTA/frmDownloadDocumento.aspx?CodigoInstituicao=1&NumeroSequencialDocumento=12932
30.540.991/0001-66;2011-01-01;1;HAGA S.A. INDUSTRIA E COMERCIO;013366;FCA;5593;2011-03-25;http://www.rad.cvm.gov.br/ENETCONSULTA/frmDownloadDocumento.aspx?CodigoInstituicao=1&NumeroSequencialDocumento=5593
30.540.991/0001-66;2011-01-01;2;HAGA S.A. INDUSTRIA E COMERCIO;013366;FCA;8714;2011-05-30;http://www.rad.cvm.gov.br/ENETCONSULTA/frmDownloadDocumento.aspx?CodigoInstituicao=1&NumeroSequencialDocumento=8714
31.895.683/0001-16;2011-01-01;1;BANCO INDUSTRIAL DO BRASIL;021377;FCA;4237;2011-01-12;http://www.rad.cvm.gov.br/ENETCONSULTA/frmDownloadDocumento.aspx?CodigoInstituicao=1&NumeroSequencialDocumento=4237
31.895.683/0001-16;2011-01-01;2;BANCO INDUSTRIAL DO BRASIL;021377;FCA;8046;2011-05-16;http://www.rad.cvm.gov.br/ENETCONSULTA/frmDownloadDocumento.aspx?CodigoInstituicao=1&NumeroSequencialDocumento=8046
32.110.314/0001-33;2011-01-01;1;PREDILETO ALIMENTOS SA;014010;FCA;10133;2011-07-14;http://www.rad.cvm.gov.br/ENETCONSULTA/frmDownloadDocumento.aspx?CodigoInstituicao=1&NumeroSequencialDocumento=10133
32.286.411/0001-81;2011-01-01;1;SOLA SA INDS ALIMENTICIAS;014710;FCA;4167;2011-01-10;http://www.rad.cvm.gov.br/ENETCONSULTA/frmDownloadDocumento.aspx?CodigoInstituicao=1&NumeroSequencialDocumento=4167
32.681.371/0001-72;2011-01-01;1;VIX LOGÍSTICA S.A.;021202;FCA;6279;2011-04-01;http://www.rad.cvm.gov.br/ENETCONSULTA/frmDownloadDocumento.aspx?CodigoInstituicao=1&NumeroSequencialDocumento=6279
32.681.371/0001-72;2011-01-01;2;VIX LOGÍSTICA S.A.;021202;FCA;7391;2011-05-09;http://www.rad.cvm.gov.br/ENETCONSULTA/frmDownloadDocumento.aspx?CodigoInstituicao=1&NumeroSequencialDocumento=7391
33.000.118/0001-79;2011-01-01;1;TELEMAR NORTE LESTE SA;011320;FCA;4385;2011-01-24;http://www.rad.cvm.gov.br/ENETCONSULTA/frmDownloadDocumento.aspx?CodigoInstituicao=1&NumeroSequencialDocumento=4385
33.000.118/0001-79;2011-01-01;2;TELEMAR NORTE LESTE SA;011320;FCA;8704;2011-05-30;http://www.rad.cvm.gov.br/ENETCONSULTA/frmDownloadDocumento.aspx?CodigoInstituicao=1&NumeroSequencialDocumento=8704
33.000.118/0001-79;2011-01-01;3;TELEMAR NORTE LESTE SA;011320;FCA;11210;2011-08-16;http://www.rad.cvm.gov.br/ENETCONSULTA/frmDownloadDocumento.aspx?CodigoInstituicao=1&NumeroSequencialDocumento=11210
33.000.167/0001-01;2011-01-01;1;PETROLEO BRASILEIRO S.A. PETROBRAS;009512;FCA;4640;2011-02-08;http://www.rad.cvm.gov.br/ENETCONSULTA/frmDownloadDocumento.aspx?CodigoInstituicao=1&NumeroSequencialDocumento=4640
33.000.167/0001-01;2011-01-01;2;PETROLEO BRASILEIRO S.A. PETROBRAS;009512;FCA;7406;2011-05-09;http://www.rad.cvm.gov.br/ENETCONSULTA/frmDownloadDocumento.aspx?CodigoInstituicao=1&NumeroSequencialDocumento=7406
33.000.167/0001-01;2011-01-01;3;PETROLEO BRASILEIRO S.A. PETROBRAS;009512;FCA;9416;2011-06-01;http://www.rad.cvm.gov.br/ENETCONSULTA/frmDownloadDocumento.aspx?CodigoInstituicao=1&NumeroSequencialDocumento=9416
33.009.911/0001-39;2011-01-01;1;SOUZA CRUZ SA;004057;FCA;4184;2011-01-10;http://www.rad.cvm.gov.br/ENETCONSULTA/frmDownloadDocumento.aspx?CodigoInstituicao=1&NumeroSequencialDocumento=4184
33.009.911/0001-39;2011-01-01;2;SOUZA CRUZ SA;004057;FCA;7180;2011-05-05;http://www.rad.cvm.gov.br/ENETCONSULTA/frmDownloadDocumento.aspx?CodigoInstituicao=1&NumeroSequencialDocumento=7180
33.014.556/0001-96;2011-01-01;1;LOJAS AMERICANAS S.A.;008087;FCA;4156;2011-01-07;http://www.rad.cvm.gov.br/ENETCONSULTA/frmDownloadDocumento.aspx?CodigoInstituicao=1&NumeroSequencialDocumento=4156
33.014.556/0001-96;2011-01-01;2;LOJAS AMERICANAS S.A.;008087;FCA;8202;2011-05-17;http://www.rad.cvm.gov.br/ENETCONSULTA/frmDownloadDocumento.aspx?CodigoInstituicao=1&NumeroSequencialDocumento=8202
33.014.556/0001-96;2011-01-01;3;LOJAS AMERICANAS S.A.;008087;FCA;11628;2011-09-06;http://www.rad.cvm.gov.br/ENETCONSULTA/frmDownloadDocumento.aspx?CodigoInstituicao=1&NumeroSequencialDocumento=11628
33.035.536/0001-00;2011-01-01;1;JOAO FORTES ENGENHARIA S.A. - EM RECUPERAÇÃO JUDICIAL;007811;FCA;4042;2011-01-03;http://www.rad.cvm.gov.br/ENETCONSULTA/frmDownloadDocumento.aspx?CodigoInstituicao=1&NumeroSequencialDocumento=4042
33.035.536/0001-00;2011-01-01;2;JOAO FORTES ENGENHARIA S.A. - EM RECUPERAÇÃO JUDICIAL;007811;FCA;6982;2011-05-02;http://www.rad.cvm.gov.br/ENETCONSULTA/frmDownloadDocumento.aspx?CodigoInstituicao=1&NumeroSequencialDocumento=6982
33.040.601/0001-87;2011-01-01;1;CREDITAQUI FINANCEIRA S.A. - C.F.I.;008540;FCA;4284;2011-01-14;http://www.rad.cvm.gov.br/ENETCONSULTA/frmDownloadDocumento.aspx?CodigoInstituicao=1&NumeroSequencialDocumento=4284
33.040.601/0001-87;2011-01-01;2;CREDITAQUI FINANCEIRA S.A. - C.F.I.;008540;FCA;7056;2011-05-03;http://www.rad.cvm.gov.br/ENETCONSULTA/frmDownloadDocumento.aspx?CodigoInstituicao=1&NumeroSequencialDocumento=7056
33.041.260/0652-90;2011-01-01;1;GRUPO CASAS BAHIA S.A.;006505;FCA;4929;2011-02-24;http://www.rad.cvm.gov.br/ENETCONSULTA/frmDownloadDocumento.aspx?CodigoInstituicao=1&NumeroSequencialDocumento=4929
33.041.260/0652-90;2011-01-01;2;GRUPO CASAS BAHIA S.A.;006505;FCA;7017;2011-05-03;http://www.rad.cvm.gov.br/ENETCONSULTA/frmDownloadDocumento.aspx?CodigoInstituicao=1&NumeroSequencialDocumento=7017
33.041.260/0652-90;2011-01-01;3;GRUPO CASAS BAHIA S.A.;006505;FCA;7644;2011-05-12;http://www.rad.cvm.gov.br/ENETCONSULTA/frmDownloadDocumento.aspx?CodigoInstituicao=1&NumeroSequencialDocumento=7644
33.041.260/0652-90;2011-01-01;4;GRUPO CASAS BAHIA S.A.;006505;FCA;10126;2011-07-13;http://www.rad.cvm.gov.br/ENETCONSULTA/frmDownloadDocumento.aspx?CodigoInstituicao=1&NumeroSequencialDocumento=10126
33.042.730/0001-04;2011-01-01;1;CIA SIDERURGICA NACIONAL;004030;FCA;4420;2011-01-26;http://www.rad.cvm.gov.br/ENETCONSULTA/frmDownloadDocumento.aspx?CodigoInstituicao=1&NumeroSequencialDocumento=4420
33.042.730/0001-04;2011-01-01;2;CIA SIDERURGICA NACIONAL;004030;FCA;6918;2011-04-29;http://www.rad.cvm.gov.br/ENETCONSULTA/frmDownloadDocumento.aspx?CodigoInstituicao=1&NumeroSequencialDocumento=6918
33.042.730/0001-04;2011-01-01;3;CIA SIDERURGICA NACIONAL;004030;FCA;7345;2011-05-09;http://www.rad.cvm.gov.br/ENETCONSULTA/frmDownloadDocumento.aspx?CodigoInstituicao=1&NumeroSequencialDocumento=7345
33.042.730/0001-04;2011-01-01;4;CIA SIDERURGICA NACIONAL;004030;FCA;7485;2011-05-10;http://www.rad.cvm.gov.br/ENETCONSULTA/frmDownloadDocumento.aspx?CodigoInstituicao=1&NumeroSequencialDocumento=7485
33.042.730/0001-04;2011-01-01;5;CIA SIDERURGICA NACIONAL;004030;FCA;10058;2011-07-08;http://www.rad.cvm.gov.br/ENETCONSULTA/frmDownloadDocumento.aspx?CodigoInstituicao=1&NumeroSequencialDocumento=10058
33.042.730/0001-04;2011-01-01;6;CIA SIDERURGICA NACIONAL;004030;FCA;10534;2011-08-04;http://www.rad.cvm.gov.br/ENETCONSULTA/frmDownloadDocumento.aspx?CodigoInstituicao=1&NumeroSequencialDocumento=10534
33.050.071/0001-58;2011-01-01;1;AMPLA ENERGIA E SERVICOS S.A.;003050;FCA;5935;2011-03-30;http://www.rad.cvm.gov.br/ENETCONSULTA/frmDownloadDocumento.aspx?CodigoInstituicao=1&NumeroSequencialDocumento=5935
33.050.071/0001-58;2011-01-01;2;AMPLA ENERGIA E SERVICOS S.A.;003050;FCA;6465;2011-04-11;http://www.rad.cvm.gov.br/ENETCONSULTA/frmDownloadDocumento.aspx?CodigoInstituicao=1&NumeroSequencialDocumento=6465
33.050.071/0001-58;2011-01-01;3;AMPLA ENERGIA E SERVICOS S.A.;003050;FCA;8764;2011-05-30;http://www.rad.cvm.gov.br/ENETCONSULTA/frmDownloadDocumento.aspx?CodigoInstituicao=1&NumeroSequencialDocumento=8764
33.050.196/0001-88;2011-01-01;1;CIA PAULISTA DE FORCA E LUZ;003824;FCA;4069;2011-01-05;http://www.rad.cvm.gov.br/ENETCONSULTA/frmDownloadDocumento.aspx?CodigoInstituicao=1&NumeroSequencialDocumento=4069
33.050.196/0001-88;2011-01-01;2;CIA PAULISTA DE FORCA E LUZ;003824;FCA;5845;2011-03-29;http://www.rad.cvm.gov.br/ENETCONSULTA/frmDownloadDocumento.aspx?CodigoInstituicao=1&NumeroSequencialDocumento=5845
33.050.196/0001-88;2011-01-01;3;CIA PAULISTA DE FORCA E LUZ;003824;FCA;8962;2011-05-31;http://www.rad.cvm.gov.br/ENETCONSULTA/frmDownloadDocumento.aspx?CodigoInstituicao=1&NumeroSequencialDocumento=8962
33.050.196/0001-88;2011-01-01;4;CIA PAULISTA DE FORCA E LUZ;003824;FCA;13418;2011-12-21;http://www.rad.cvm.gov.br/ENETCONSULTA/frmDownloadDocumento.aspx?CodigoInstituicao=1&NumeroSequencialDocumento=13418
33.102.476/0001-92;2011-01-01;1;MONTEIRO ARANHA S.A.;008893;FCA;4332;2011-01-19;http://www.rad.cvm.gov.br/ENETCONSULTA/frmDownloadDocumento.aspx?CodigoInstituicao=1&NumeroSequencialDocumento=4332
33.102.476/0001-92;2011-01-01;2;MONTEIRO ARANHA S.A.;008893;FCA;8640;2011-05-27;http://www.rad.cvm.gov.br/ENETCONSULTA/frmDownloadDocumento.aspx?CodigoInstituicao=1&NumeroSequencialDocumento=8640
33.111.246/0001-90;2011-01-01;1;TECNOSOLO ENGENHARIA S.A. - EMPRESA FALIDA;011207;FCA;6018;2011-03-30;http://www.rad.cvm.gov.br/ENETCONSULTA/frmDownloadDocumento.aspx?CodigoInstituicao=1&NumeroSequencialDocumento=6018
33.111.246/0001-90;2011-01-01;2;TECNOSOLO ENGENHARIA S.A. - EMPRESA FALIDA;011207;FCA;7132;2011-05-04;http://www.rad.cvm.gov.br/ENETCONSULTA/frmDownloadDocumento.aspx?CodigoInstituicao=1&NumeroSequencialDocumento=7132
33.113.309/0001-47;2011-01-01;1;VALID SOLUÇÕES S.A.;020028;FCA;4518;2011-02-01;http://www.rad.cvm.gov.br/ENETCONSULTA/frmDownloadDocumento.aspx?CodigoInstituicao=1&NumeroSequencialDocumento=4518
33.113.309/0001-47;2011-01-01;2;VALID SOLUÇÕES S.A.;020028;FCA;5338;2011-03-18;http://www.rad.cvm.gov.br/ENETCONSULTA/frmDownloadDocumento.aspx?CodigoInstituicao=1&NumeroSequencialDocumento=5338
33.113.309/0001-47;2011-01-01;3;VALID SOLUÇÕES S.A.;020028;FCA;6437;2011-04-08;http://www.rad.cvm.gov.br/ENETCONSULTA/frmDownloadDocumento.aspx?CodigoInstituicao=1&NumeroSequencialDocumento=6437
33.113.309/0001-47;2011-01-01;4;VALID SOLUÇÕES S.A.;020028;FCA;8820;2011-05-30;http://www.rad.cvm.gov.br/ENETCONSULTA/frmDownloadDocumento.aspx?CodigoInstituicao=1&NumeroSequencialDocumento=8820
33.113.309/0001-47;2011-01-01;5;VALID SOLUÇÕES S.A.;020028;FCA;10051;2011-07-08;http://www.rad.cvm.gov.br/ENETCONSULTA/frmDownloadDocumento.aspx?CodigoInstituicao=1&NumeroSequencialDocumento=10051
33.113.309/0001-47;2011-01-01;6;VALID SOLUÇÕES S.A.;020028;FCA;13432;2011-12-22;http://www.rad.cvm.gov.br/ENETCONSULTA/frmDownloadDocumento.aspx?CodigoInstituicao=1&NumeroSequencialDocumento=13432
33.147.315/0001-15;2011-01-01;1;BANCO BERJ S.A.;001201;FCA;12908;2011-11-14;http://www.rad.cvm.gov.br/ENETCONSULTA/frmDownloadDocumento.aspx?CodigoInstituicao=1&NumeroSequencialDocumento=12908
33.147.315/0001-15;2011-01-01;2;BANCO BERJ S.A.;001201;FCA;13359;2011-12-16;http://www.rad.cvm.gov.br/ENETCONSULTA/frmDownloadDocumento.aspx?CodigoInstituicao=1&NumeroSequencialDocumento=13359
33.161.340/0001-53;2011-01-01;1;SERGEN SERVS GERAIS DE ENG SA;010596;FCA;6190;2011-03-31;http://www.rad.cvm.gov.br/ENETCONSULTA/frmDownloadDocumento.aspx?CodigoInstituicao=1&NumeroSequencialDocumento=6190
33.161.340/0001-53;2011-01-01;2;SERGEN SERVS GERAIS DE ENG SA;010596;FCA;6382;2011-04-06;http://www.rad.cvm.gov.br/ENETCONSULTA/frmDownloadDocumento.aspx?CodigoInstituicao=1&NumeroSequencialDocumento=6382
33.161.340/0001-53;2011-01-01;3;SERGEN SERVS GERAIS DE ENG SA;010596;FCA;7168;2011-05-05;http://www.rad.cvm.gov.br/ENETCONSULTA/frmDownloadDocumento.aspx?CodigoInstituicao=1&NumeroSequencialDocumento=7168
33.200.049/0001-47;2011-01-01;1;HOTEIS OTHON S.A. - EM RECUPERAÇÃO JUDICIAL;006700;FCA;9579;2011-06-07;http://www.rad.cvm.gov.br/ENETCONSULTA/frmDownloadDocumento.aspx?CodigoInstituicao=1&NumeroSequencialDocumento=9579
33.228.024/0001-51;2011-01-01;1;WLM PART. E COMÉRCIO DE MÁQUINAS E VEÍCULOS S.A.;011070;FCA;6067;2011-03-30;http://www.rad.cvm.gov.br/ENETCONSULTA/frmDownloadDocumento.aspx?CodigoInstituicao=1&NumeroSequencialDocumento=6067
33.228.024/0001-51;2011-01-01;2;WLM PART. E COMÉRCIO DE MÁQUINAS E VEÍCULOS S.A.;011070;FCA;6432;2011-04-08;http://www.rad.cvm.gov.br/ENETCONSULTA/frmDownloadDocumento.aspx?CodigoInstituicao=1&NumeroSequencialDocumento=6432
33.228.024/0001-51;2011-01-01;3;WLM PART. E COMÉRCIO DE MÁQUINAS E VEÍCULOS S.A.;011070;FCA;7941;2011-05-13;http://www.rad.cvm.gov.br/ENETCONSULTA/frmDownloadDocumento.aspx?CodigoInstituicao=1&NumeroSequencialDocumento=7941
33.228.024/0001-51;2011-01-01;4;WLM PART. E COMÉRCIO DE MÁQUINAS E VEÍCULOS S.A.;011070;FCA;9006;2011-05-31;http://www.rad.cvm.gov.br/ENETCONSULTA/frmDownloadDocumento.aspx?CodigoInstituicao=1&NumeroSequencialDocumento=9006
33.228.024/0001-51;2011-01-01;5;WLM PART. E COMÉRCIO DE MÁQUINAS E VEÍCULOS S.A.;011070;FCA;12537;2011-11-10;http://www.rad.cvm.gov.br/ENETCONSULTA/frmDownloadDocumento.aspx?CodigoInstituicao=1&NumeroSequencialDocumento=12537
33.228.024/0001-51;2011-01-01;6;WLM PART. E COMÉRCIO DE MÁQUINAS E VEÍCULOS S.A.;011070;FCA;13250;2011-12-08;http://www.rad.cvm.gov.br/ENETCONSULTA/frmDownloadDocumento.aspx?CodigoInstituicao=1&NumeroSequencialDocumento=13250
33.228.024/0001-51;2011-01-01;7;WLM PART. E COMÉRCIO DE MÁQUINAS E VEÍCULOS S.A.;011070;FCA;13523;2011-12-28;http://www.rad.cvm.gov.br/ENETCONSULTA/frmDownloadDocumento.aspx?CodigoInstituicao=1&NumeroSequencialDocumento=13523
33.256.439/0001-39;2011-01-01;1;ULTRAPAR PARTICIPACOES S.A.;018465;FCA;4381;2011-01-24;http://www.rad.cvm.gov.br/ENETCONSULTA/frmDownloadDocumento.aspx?CodigoInstituicao=1&NumeroSequencialDocumento=4381
33.256.439/0001-39;2011-01-01;2;ULTRAPAR PARTICIPACOES S.A.;018465;FCA;9267;2011-05-31;http://www.rad.cvm.gov.br/ENETCONSULTA/frmDownloadDocumento.aspx?CodigoInstituicao=1&NumeroSequencialDocumento=9267
33.256.439/0001-39;2011-01-01;3;ULTRAPAR PARTICIPACOES S.A.;018465;FCA;11445;2011-08-26;http://www.rad.cvm.gov.br/ENETCONSULTA/frmDownloadDocumento.aspx?CodigoInstituicao=1&NumeroSequencialDocumento=11445
33.352.394/0001-04;2011-01-01;1;CIA ESTADUAL DE ÁGUAS E ESGOTOS - CEDAE;016373;FCA;10471;2011-08-02;http://www.rad.cvm.gov.br/ENETCONSULTA/frmDownloadDocumento.aspx?CodigoInstituicao=1&NumeroSequencialDocumento=10471
33.352.394/0001-04;2011-01-01;2;CIA ESTADUAL DE ÁGUAS E ESGOTOS - CEDAE;016373;FCA;11981;2011-10-10;http://www.rad.cvm.gov.br/ENETCONSULTA/frmDownloadDocumento.aspx?CodigoInstituicao=1&NumeroSequencialDocumento=11981
33.386.210/0001-19;2011-01-01;1;SONDOTECNICA ENGENHARIA SOLOS S.A.;010880;FCA;6349;2011-04-05;http://www.rad.cvm.gov.br/ENETCONSULTA/frmDownloadDocumento.aspx?CodigoInstituicao=1&NumeroSequencialDocumento=6349
33.386.210/0001-19;2011-01-01;2;SONDOTECNICA ENGENHARIA SOLOS S.A.;010880;FCA;9689;2011-06-13;http://www.rad.cvm.gov.br/ENETCONSULTA/frmDownloadDocumento.aspx?CodigoInstituicao=1&NumeroSequencialDocumento=9689
33.412.081/0001-96;2011-01-01;1;REFINARIA DE PETROLEOS MANGUINHOS S.A.;009989;FCA;4274;2011-01-14;http://www.rad.cvm.gov.br/ENETCONSULTA/frmDownloadDocumento.aspx?CodigoInstituicao=1&NumeroSequencialDocumento=4274
33.412.081/0001-96;2011-01-01;2;REFINARIA DE PETROLEOS MANGUINHOS S.A.;009989;FCA;4678;2011-02-09;http://www.rad.cvm.gov.br/ENETCONSULTA/frmDownloadDocumento.aspx?CodigoInstituicao=1&NumeroSequencialDocumento=4678
33.412.081/0001-96;2011-01-01;3;REFINARIA DE PETROLEOS MANGUINHOS S.A.;009989;FCA;8684;2011-05-30;http://www.rad.cvm.gov.br/ENETCONSULTA/frmDownloadDocumento.aspx?CodigoInstituicao=1&NumeroSequencialDocumento=8684
33.412.081/0001-96;2011-01-01;4;REFINARIA DE PETROLEOS MANGUINHOS S.A.;009989;FCA;13218;2011-12-06;http://www.rad.cvm.gov.br/ENETCONSULTA/frmDownloadDocumento.aspx?CodigoInstituicao=1&NumeroSequencialDocumento=13218
33.433.665/0001-48;2011-01-01;1;DOCAS INVESTIMENTOS SA;003182;FCA;4760;2011-02-15;http://www.rad.cvm.gov.br/ENETCONSULTA/frmDownloadDocumento.aspx?CodigoInstituicao=1&NumeroSequencialDocumento=4760
33.433.665/0001-48;2011-01-01;2;DOCAS INVESTIMENTOS SA;003182;FCA;6333;2011-04-05;http://www.rad.cvm.gov.br/ENETCONSULTA/frmDownloadDocumento.aspx?CodigoInstituicao=1&NumeroSequencialDocumento=6333
33.433.665/0001-48;2011-01-01;3;DOCAS INVESTIMENTOS SA;003182;FCA;8218;2011-05-17;http://www.rad.cvm.gov.br/ENETCONSULTA/frmDownloadDocumento.aspx?CodigoInstituicao=1&NumeroSequencialDocumento=8218
33.467.572/0001-34;2011-01-01;1;TEKNO S.A. - INDUSTRIA E COMERCIO;011231;FCA;5843;2011-03-29;http://www.rad.cvm.gov.br/ENETCONSULTA/frmDownloadDocumento.aspx?CodigoInstituicao=1&NumeroSequencialDocumento=5843
33.467.572/0001-34;2011-01-01;2;TEKNO S.A. - INDUSTRIA E COMERCIO;011231;FCA;8610;2011-05-27;http://www.rad.cvm.gov.br/ENETCONSULTA/frmDownloadDocumento.aspx?CodigoInstituicao=1&NumeroSequencialDocumento=8610
33.541.368/0001-16;2011-01-01;1;CIA HIDRO ELÉTRICA DO SÃO FRANCISCO;003328;FCA;7372;2011-05-09;http://www.rad.cvm.gov.br/ENETCONSULTA/frmDownloadDocumento.aspx?CodigoInstituicao=1&NumeroSequencialDocumento=7372
33.541.368/0001-16;2011-01-01;2;CIA HIDRO ELÉTRICA DO SÃO FRANCISCO;003328;FCA;8325;2011-05-19;http://www.rad.cvm.gov.br/ENETCONSULTA/frmDownloadDocumento.aspx?CodigoInstituicao=1&NumeroSequencialDocumento=8325
33.592.510/0001-54;2011-01-01;1;VALE S.A.;004170;FCA;4975;2011-02-24;http://www.rad.cvm.gov.br/ENETCONSULTA/frmDownloadDocumento.aspx?CodigoInstituicao=1&NumeroSequencialDocumento=4975
33.592.510/0001-54;2011-01-01;2;VALE S.A.;004170;FCA;7004;2011-05-02;http://www.rad.cvm.gov.br/ENETCONSULTA/frmDownloadDocumento.aspx?CodigoInstituicao=1&NumeroSequencialDocumento=7004
33.592.510/0001-54;2011-01-01;3;VALE S.A.;004170;FCA;13184;2011-12-01;http://www.rad.cvm.gov.br/ENETCONSULTA/frmDownloadDocumento.aspx?CodigoInstituicao=1&NumeroSequencialDocumento=13184
33.611.500/0001-19;2011-01-01;1;GERDAU S.A.;003980;FCA;4195;2011-01-10;http://www.rad.cvm.gov.br/ENETCONSULTA/frmDownloadDocumento.aspx?CodigoInstituicao=1&NumeroSequencialDocumento=4195
33.611.500/0001-19;2011-01-01;2;GERDAU S.A.;003980;FCA;5128;2011-03-03;http://www.rad.cvm.gov.br/ENETCONSULTA/frmDownloadDocumento.aspx?CodigoInstituicao=1&NumeroSequencialDocumento=5128
33.611.500/0001-19;2011-01-01;3;GERDAU S.A.;003980;FCA;5449;2011-03-23;http://www.rad.cvm.gov.br/ENETCONSULTA/frmDownloadDocumento.aspx?CodigoInstituicao=1&NumeroSequencialDocumento=5449
33.611.500/0001-19;2011-01-01;4;GERDAU S.A.;003980;FCA;9159;2011-05-31;http://www.rad.cvm.gov.br/ENETCONSULTA/frmDownloadDocumento.aspx?CodigoInstituicao=1&NumeroSequencialDocumento=9159
33.858.168/0001-91;2011-01-01;1;HOTEIS E TURISMO GUANABARA SA;006696;FCA;5966;2011-03-30;http://www.rad.cvm.gov.br/ENETCONSULTA/frmDownloadDocumento.aspx?CodigoInstituicao=1&NumeroSequencialDocumento=5966
33.858.168/0001-91;2011-01-01;2;HOTEIS E TURISMO GUANABARA SA;006696;FCA;8980;2011-05-31;http://www.rad.cvm.gov.br/ENETCONSULTA/frmDownloadDocumento.aspx?CodigoInstituicao=1&NumeroSequencialDocumento=8980
33.858.168/0001-91;2011-01-01;3;HOTEIS E TURISMO GUANABARA SA;006696;FCA;11901;2011-10-03;http://www.rad.cvm.gov.br/ENETCONSULTA/frmDownloadDocumento.aspx?CodigoInstituicao=1&NumeroSequencialDocumento=11901
33.937.681/0001-78;2011-01-01;1;LATAM AIRLINES GROUP S.A.;080128;FCA;11617;2011-09-06;http://www.rad.cvm.gov.br/ENETCONSULTA/frmDownloadDocumento.aspx?CodigoInstituicao=1&NumeroSequencialDocumento=11617
33.938.119/0001-69;2011-01-01;1;CIA DISTRIB DE GAS DO RIO DE JANEIRO-CEG;016616;FCA;5720;2011-03-28;http://www.rad.cvm.gov.br/ENETCONSULTA/frmDownloadDocumento.aspx?CodigoInstituicao=1&NumeroSequencialDocumento=5720
33.938.119/0001-69;2011-01-01;2;CIA DISTRIB DE GAS DO RIO DE JANEIRO-CEG;016616;FCA;8503;2011-05-25;http://www.rad.cvm.gov.br/ENETCONSULTA/frmDownloadDocumento.aspx?CodigoInstituicao=1&NumeroSequencialDocumento=8503
33.958.695/0001-78;2011-01-01;1;UNIPAR CARBOCLORO S.A.;011592;FCA;5505;2011-03-24;http://www.rad.cvm.gov.br/ENETCONSULTA/frmDownloadDocumento.aspx?CodigoInstituicao=1&NumeroSequencialDocumento=5505
33.958.695/0001-78;2011-01-01;2;UNIPAR CARBOCLORO S.A.;011592;FCA;8538;2011-05-26;http://www.rad.cvm.gov.br/ENETCONSULTA/frmDownloadDocumento.aspx?CodigoInstituicao=1&NumeroSequencialDocumento=8538
34.169.557/0001-72;2011-01-01;1;BCO MERCANTIL DE INVESTIMENTOS S.A.;001309;FCA;4277;2011-01-14;http://www.rad.cvm.gov.br/ENETCONSULTA/frmDownloadDocumento.aspx?CodigoInstituicao=1&NumeroSequencialDocumento=4277
34.169.557/0001-72;2011-01-01;2;BCO MERCANTIL DE INVESTIMENTOS S.A.;001309;FCA;7053;2011-05-03;http://www.rad.cvm.gov.br/ENETCONSULTA/frmDownloadDocumento.aspx?CodigoInstituicao=1&NumeroSequencialDocumento=7053
34.265.561/0001-34;2011-01-01;1;BMG LEASING S.A. - ARREND. MERCANTIL;001724;FCA;4809;2011-02-17;http://www.rad.cvm.gov.br/ENETCONSULTA/frmDownloadDocumento.aspx?CodigoInstituicao=1&NumeroSequencialDocumento=4809
34.265.561/0001-34;2011-01-01;2;BMG LEASING S.A. - ARREND. MERCANTIL;001724;FCA;12041;2011-10-14;http://www.rad.cvm.gov.br/ENETCONSULTA/frmDownloadDocumento.aspx?CodigoInstituicao=1&NumeroSequencialDocumento=12041
36.461.242/0001-20;2011-01-01;1;AMIL PARTICIPAÇÕES S/A;021172;FCA;5420;2011-03-22;http://www.rad.cvm.gov.br/ENETCONSULTA/frmDownloadDocumento.aspx?CodigoInstituicao=1&NumeroSequencialDocumento=5420
36.461.242/0001-20;2011-01-01;2;AMIL PARTICIPAÇÕES S/A;021172;FCA;8255;2011-05-17;http://www.rad.cvm.gov.br/ENETCONSULTA/frmDownloadDocumento.aspx?CodigoInstituicao=1&NumeroSequencialDocumento=8255
39.115.514/0001-28;2011-01-01;1;RUMO MALHA OESTE S.A.;017850;FCA;5180;2011-03-09;http://www.rad.cvm.gov.br/ENETCONSULTA/frmDownloadDocumento.aspx?CodigoInstituicao=1&NumeroSequencialDocumento=5180
39.115.514/0001-28;2011-01-01;2;RUMO MALHA OESTE S.A.;017850;FCA;6204;2011-03-31;http://www.rad.cvm.gov.br/ENETCONSULTA/frmDownloadDocumento.aspx?CodigoInstituicao=1&NumeroSequencialDocumento=6204
39.115.514/0001-28;2011-01-01;3;RUMO MALHA OESTE S.A.;017850;FCA;8857;2011-05-31;http://www.rad.cvm.gov.br/ENETCONSULTA/frmDownloadDocumento.aspx?CodigoInstituicao=1&NumeroSequencialDocumento=8857
42.150.391/0001-70;2011-01-01;1;BRASKEM S.A.;004820;FCA;4098;2011-01-05;http://www.rad.cvm.gov.br/ENETCONSULTA/frmDownloadDocumento.aspx?CodigoInstituicao=1&NumeroSequencialDocumento=4098
42.150.391/0001-70;2011-01-01;2;BRASKEM S.A.;004820;FCA;9481;2011-06-01;http://www.rad.cvm.gov.br/ENETCONSULTA/frmDownloadDocumento.aspx?CodigoInstituicao=1&NumeroSequencialDocumento=9481
42.278.291/0001-24;2011-01-01;1;LOG-IN LOGISTICA INTERMODAL S.A.;020710;FCA;5235;2011-03-14;http://www.rad.cvm.gov.br/ENETCONSULTA/frmDownloadDocumento.aspx?CodigoInstituicao=1&NumeroSequencialDocumento=5235
42.278.291/0001-24;2011-01-01;2;LOG-IN LOGISTICA INTERMODAL S.A.;020710;FCA;6993;2011-05-02;http://www.rad.cvm.gov.br/ENETCONSULTA/frmDownloadDocumento.aspx?CodigoInstituicao=1&NumeroSequencialDocumento=6993
42.331.462/0001-31;2011-01-01;1;EMBPAR PARTICIPAÇÕES S/A;015458;FCA;5581;2011-03-25;http://www.rad.cvm.gov.br/ENETCONSULTA/frmDownloadDocumento.aspx?CodigoInstituicao=1&NumeroSequencialDocumento=5581
42.331.462/0001-31;2011-01-01;2;EMBPAR PARTICIPAÇÕES S/A;015458;FCA;8582;2011-05-27;http://www.rad.cvm.gov.br/ENETCONSULTA/frmDownloadDocumento.aspx?CodigoInstituicao=1&NumeroSequencialDocumento=8582
43.185.362/0001-07;2011-01-01;1;IGB ELETRONICA S.A - EM RECUPERACAO JUDICIAL;006815;FCA;4783;2011-02-16;http://www.rad.cvm.gov.br/ENETCONSULTA/frmDownloadDocumento.aspx?CodigoInstituicao=1&NumeroSequencialDocumento=4783
43.185.362/0001-07;2011-01-01;2;IGB ELETRONICA S.A - EM RECUPERACAO JUDICIAL;006815;FCA;7064;2011-05-03;http://www.rad.cvm.gov.br/ENETCONSULTA/frmDownloadDocumento.aspx?CodigoInstituicao=1&NumeroSequencialDocumento=7064
43.185.362/0001-07;2011-01-01;3;IGB ELETRONICA S.A - EM RECUPERACAO JUDICIAL;006815;FCA;7769;2011-05-13;http://www.rad.cvm.gov.br/ENETCONSULTA/frmDownloadDocumento.aspx?CodigoInstituicao=1&NumeroSequencialDocumento=7769
43.425.008/0001-02;2011-01-01;1;BFB LEASING S.A. ARRENDAMENTO MERCANTIL;014052;FCA;4210;2011-01-10;http://www.rad.cvm.gov.br/ENETCONSULTA/frmDownloadDocumento.aspx?CodigoInstituicao=1&NumeroSequencialDocumento=4210
43.425.008/0001-02;2011-01-01;2;BFB LEASING S.A. ARRENDAMENTO MERCANTIL;014052;FCA;5380;2011-03-21;http://www.rad.cvm.gov.br/ENETCONSULTA/frmDownloadDocumento.aspx?CodigoInstituicao=1&NumeroSequencialDocumento=5380
43.425.008/0001-02;2011-01-01;3;BFB LEASING S.A. ARRENDAMENTO MERCANTIL;014052;FCA;8619;2011-05-27;http://www.rad.cvm.gov.br/ENETCONSULTA/frmDownloadDocumento.aspx?CodigoInstituicao=1&NumeroSequencialDocumento=8619
43.470.988/0001-65;2011-01-01;1;EVEN CONSTRUTORA E INCORPORADORA S.A.;020524;FCA;4290;2011-01-14;http://www.rad.cvm.gov.br/ENETCONSULTA/frmDownloadDocumento.aspx?CodigoInstituicao=1&NumeroSequencialDocumento=4290
43.470.988/0001-65;2011-01-01;2;EVEN CONSTRUTORA E INCORPORADORA S.A.;020524;FCA;4468;2011-01-27;http://www.rad.cvm.gov.br/ENETCONSULTA/frmDownloadDocumento.aspx?CodigoInstituicao=1&NumeroSequencialDocumento=4468
43.470.988/0001-65;2011-01-01;3;EVEN CONSTRUTORA E INCORPORADORA S.A.;020524;FCA;4531;2011-02-01;http://www.rad.cvm.gov.br/ENETCONSULTA/frmDownloadDocumento.aspx?CodigoInstituicao=1&NumeroSequencialDocumento=4531
43.470.988/0001-65;2011-01-01;4;EVEN CONSTRUTORA E INCORPORADORA S.A.;020524;FCA;4660;2011-02-09;http://www.rad.cvm.gov.br/ENETCONSULTA/frmDownloadDocumento.aspx?CodigoInstituicao=1&NumeroSequencialDocumento=4660
43.470.988/0001-65;2011-01-01;5;EVEN CONSTRUTORA E INCORPORADORA S.A.;020524;FCA;4878;2011-02-22;http://www.rad.cvm.gov.br/ENETCONSULTA/frmDownloadDocumento.aspx?CodigoInstituicao=1&NumeroSequencialDocumento=4878
43.470.988/0001-65;2011-01-01;6;EVEN CONSTRUTORA E INCORPORADORA S.A.;020524;FCA;7489;2011-05-10;http://www.rad.cvm.gov.br/ENETCONSULTA/frmDownloadDocumento.aspx?CodigoInstituicao=1&NumeroSequencialDocumento=7489
43.470.988/0001-65;2011-01-01;7;EVEN CONSTRUTORA E INCORPORADORA S.A.;020524;FCA;9193;2011-05-31;http://www.rad.cvm.gov.br/ENETCONSULTA/frmDownloadDocumento.aspx?CodigoInstituicao=1&NumeroSequencialDocumento=9193
43.776.517/0001-80;2011-01-01;1;CIA SANEAMENTO BASICO EST SAO PAULO;014443;FCA;4578;2011-02-04;http://www.rad.cvm.gov.br/ENETCONSULTA/frmDownloadDocumento.aspx?CodigoInstituicao=1&NumeroSequencialDocumento=4578
43.776.517/0001-80;2011-01-01;2;CIA SANEAMENTO BASICO EST SAO PAULO;014443;FCA;7071;2011-05-03;http://www.rad.cvm.gov.br/ENETCONSULTA/frmDownloadDocumento.aspx?CodigoInstituicao=1&NumeroSequencialDocumento=7071
44.689.123/0001-57;2011-01-01;1;USINA COSTA PINTO SA ACUC ALC;012220;FCA;8605;2011-05-27;http://www.rad.cvm.gov.br/ENETCONSULTA/frmDownloadDocumento.aspx?CodigoInstituicao=1&NumeroSequencialDocumento=8605
44.689.123/0001-57;2011-01-01;2;USINA COSTA PINTO SA ACUC ALC;012220;FCA;9951;2011-07-01;http://www.rad.cvm.gov.br/ENETCONSULTA/frmDownloadDocumento.aspx?CodigoInstituicao=1&NumeroSequencialDocumento=9951
44.689.123/0001-57;2011-01-01;3;USINA COSTA PINTO SA ACUC ALC;012220;FCA;11083;2011-08-15;http://www.rad.cvm.gov.br/ENETCONSULTA/frmDownloadDocumento.aspx?CodigoInstituicao=1&NumeroSequencialDocumento=11083
45.453.214/0001-51;2011-01-01;1;PROFARMA DISTRIB PROD FARMACEUTICOS S.A.;020346;FCA;5066;2011-03-01;http://www.rad.cvm.gov.br/ENETCONSULTA/frmDownloadDocumento.aspx?CodigoInstituicao=1&NumeroSequencialDocumento=5066
45.453.214/0001-51;2011-01-01;2;PROFARMA DISTRIB PROD FARMACEUTICOS S.A.;020346;FCA;8600;2011-05-27;http://www.rad.cvm.gov.br/ENETCONSULTA/frmDownloadDocumento.aspx?CodigoInstituicao=1&NumeroSequencialDocumento=8600
45.987.245/0001-92;2011-01-01;1;BAHEMA EDUCAÇÃO S.A.;000701;FCA;5155;2011-03-04;http://www.rad.cvm.gov.br/ENETCONSULTA/frmDownloadDocumento.aspx?CodigoInstituicao=1&NumeroSequencialDocumento=5155
45.987.245/0001-92;2011-01-01;2;BAHEMA EDUCAÇÃO S.A.;000701;FCA;7471;2011-05-10;http://www.rad.cvm.gov.br/ENETCONSULTA/frmDownloadDocumento.aspx?CodigoInstituicao=1&NumeroSequencialDocumento=7471
46.014.635/0001-49;2011-01-01;1;CONSTRUTORA LIX DA CUNHA S.A.;004774;FCA;4944;2011-02-24;http://www.rad.cvm.gov.br/ENETCONSULTA/frmDownloadDocumento.aspx?CodigoInstituicao=1&NumeroSequencialDocumento=4944
46.014.635/0001-49;2011-01-01;2;CONSTRUTORA LIX DA CUNHA S.A.;004774;FCA;7554;2011-05-11;http://www.rad.cvm.gov.br/ENETCONSULTA/frmDownloadDocumento.aspx?CodigoInstituicao=1&NumeroSequencialDocumento=7554
46.119.855/0001-37;2011-01-01;1;SOCIEDADE ABASTECIMENTO DE ÁGUA E SANEAMENTO S.A - SANASA;016241;FCA;5694;2011-03-28;http://www.rad.cvm.gov.br/ENETCONSULTA/frmDownloadDocumento.aspx?CodigoInstituicao=1&NumeroSequencialDocumento=5694
46.119.855/0001-37;2011-01-01;2;SOCIEDADE ABASTECIMENTO DE ÁGUA E SANEAMENTO S.A - SANASA;016241;FCA;6408;2011-04-07;http://www.rad.cvm.gov.br/ENETCONSULTA/frmDownloadDocumento.aspx?CodigoInstituicao=1&NumeroSequencialDocumento=6408
46.119.855/0001-37;2011-01-01;3;SOCIEDADE ABASTECIMENTO DE ÁGUA E SANEAMENTO S.A - SANASA;016241;FCA;7259;2011-05-06;http://www.rad.cvm.gov.br/ENETCONSULTA/frmDownloadDocumento.aspx?CodigoInstituicao=1&NumeroSequencialDocumento=7259
46.119.855/0001-37;2011-01-01;4;SOCIEDADE ABASTECIMENTO DE ÁGUA E SANEAMENTO S.A - SANASA;016241;FCA;11835;2011-09-26;http://www.rad.cvm.gov.br/ENETCONSULTA/frmDownloadDocumento.aspx?CodigoInstituicao=1&NumeroSequencialDocumento=11835
47.193.149/0001-06;2011-01-01;1;SANTANDER LEASING S.A. ARRENDAMENTO MERCANTIL;020559;FCA;4711;2011-02-11;http://www.rad.cvm.gov.br/ENETCONSULTA/frmDownloadDocumento.aspx?CodigoInstituicao=1&NumeroSequencialDocumento=4711
47.193.149/0001-06;2011-01-01;2;SANTANDER LEASING S.A. ARRENDAMENTO MERCANTIL;020559;FCA;9346;2011-05-31;http://www.rad.cvm.gov.br/ENETCONSULTA/frmDownloadDocumento.aspx?CodigoInstituicao=1&NumeroSequencialDocumento=9346
47.193.149/0001-06;2011-01-01;3;SANTANDER LEASING S.A. ARRENDAMENTO MERCANTIL;020559;FCA;10771;2011-08-11;http://www.rad.cvm.gov.br/ENETCONSULTA/frmDownloadDocumento.aspx?CodigoInstituicao=1&NumeroSequencialDocumento=10771
47.508.411/0001-56;2011-01-01;1;CIA BRASILEIRA DE DISTRIBUICAO;014826;FCA;4935;2011-02-24;http://www.rad.cvm.gov.br/ENETCONSULTA/frmDownloadDocumento.aspx?CodigoInstituicao=1&NumeroSequencialDocumento=4935
47.508.411/0001-56;2011-01-01;2;CIA BRASILEIRA DE DISTRIBUICAO;014826;FCA;6498;2011-04-12;http://www.rad.cvm.gov.br/ENETCONSULTA/frmDownloadDocumento.aspx?CodigoInstituicao=1&NumeroSequencialDocumento=6498
47.508.411/0001-56;2011-01-01;3;CIA BRASILEIRA DE DISTRIBUICAO;014826;FCA;7321;2011-05-09;http://www.rad.cvm.gov.br/ENETCONSULTA/frmDownloadDocumento.aspx?CodigoInstituicao=1&NumeroSequencialDocumento=7321
47.508.411/0001-56;2011-01-01;4;CIA BRASILEIRA DE DISTRIBUICAO;014826;FCA;7643;2011-05-12;http://www.rad.cvm.gov.br/ENETCONSULTA/frmDownloadDocumento.aspx?CodigoInstituicao=1&NumeroSequencialDocumento=7643
47.509.120/0001-82;2011-01-01;1;BRADESCO LEASING S.A. ARREND MERCANTIL;019640;FCA;4861;2011-02-21;http://www.rad.cvm.gov.br/ENETCONSULTA/frmDownloadDocumento.aspx?CodigoInstituicao=1&NumeroSequencialDocumento=4861
47.509.120/0001-82;2011-01-01;2;BRADESCO LEASING S.A. ARREND MERCANTIL;019640;FCA;5999;2011-03-30;http://www.rad.cvm.gov.br/ENETCONSULTA/frmDownloadDocumento.aspx?CodigoInstituicao=1&NumeroSequencialDocumento=5999
47.509.120/0001-82;2011-01-01;3;BRADESCO LEASING S.A. ARREND MERCANTIL;019640;FCA;12119;2011-10-21;http://www.rad.cvm.gov.br/ENETCONSULTA/frmDownloadDocumento.aspx?CodigoInstituicao=1&NumeroSequencialDocumento=12119
47.960.950/0001-21;2011-01-01;1;MAGAZINE LUIZA S.A.;022470;FCA;7173;2011-05-05;http://www.rad.cvm.gov.br/ENETCONSULTA/frmDownloadDocumento.aspx?CodigoInstituicao=1&NumeroSequencialDocumento=7173
47.960.950/0001-21;2011-01-01;2;MAGAZINE LUIZA S.A.;022470;FCA;12571;2011-11-10;http://www.rad.cvm.gov.br/ENETCONSULTA/frmDownloadDocumento.aspx?CodigoInstituicao=1&NumeroSequencialDocumento=12571
49.263.189/0001-02;2011-01-01;1;HELBOR EMPREENDIMENTOS S.A.;020877;FCA;5255;2011-03-14;http://www.rad.cvm.gov.br/ENETCONSULTA/frmDownloadDocumento.aspx?CodigoInstituicao=1&NumeroSequencialDocumento=5255
49.263.189/0001-02;2011-01-01;2;HELBOR EMPREENDIMENTOS S.A.;020877;FCA;8198;2011-05-17;http://www.rad.cvm.gov.br/ENETCONSULTA/frmDownloadDocumento.aspx?CodigoInstituicao=1&NumeroSequencialDocumento=8198
49.263.189/0001-02;2011-01-01;3;HELBOR EMPREENDIMENTOS S.A.;020877;FCA;8344;2011-05-19;http://www.rad.cvm.gov.br/ENETCONSULTA/frmDownloadDocumento.aspx?CodigoInstituicao=1&NumeroSequencialDocumento=8344
49.669.856/0001-43;2011-01-01;1;VESTE S.A. ESTILO;021440;FCA;4952;2011-02-24;http://www.rad.cvm.gov.br/ENETCONSULTA/frmDownloadDocumento.aspx?CodigoInstituicao=1&NumeroSequencialDocumento=4952
49.669.856/0001-43;2011-01-01;2;VESTE S.A. ESTILO;021440;FCA;6644;2011-04-20;http://www.rad.cvm.gov.br/ENETCONSULTA/frmDownloadDocumento.aspx?CodigoInstituicao=1&NumeroSequencialDocumento=6644
49.669.856/0001-43;2011-01-01;3;VESTE S.A. ESTILO;021440;FCA;9301;2011-05-31;http://www.rad.cvm.gov.br/ENETCONSULTA/frmDownloadDocumento.aspx?CodigoInstituicao=1&NumeroSequencialDocumento=9301
49.669.856/0001-43;2011-01-01;4;VESTE S.A. ESTILO;021440;FCA;11683;2011-09-12;http://www.rad.cvm.gov.br/ENETCONSULTA/frmDownloadDocumento.aspx?CodigoInstituicao=1&NumeroSequencialDocumento=11683
50.564.053/0001-03;2011-01-01;1;BOMBRIL S.A.;012190;FCA;5788;2011-03-29;http://www.rad.cvm.gov.br/ENETCONSULTA/frmDownloadDocumento.aspx?CodigoInstituicao=1&NumeroSequencialDocumento=5788
50.564.053/0001-03;2011-01-01;2;BOMBRIL S.A.;012190;FCA;9479;2011-06-01;http://www.rad.cvm.gov.br/ENETCONSULTA/frmDownloadDocumento.aspx?CodigoInstituicao=1&NumeroSequencialDocumento=9479
50.564.053/0001-03;2011-01-01;3;BOMBRIL S.A.;012190;FCA;11515;2011-08-31;http://www.rad.cvm.gov.br/ENETCONSULTA/frmDownloadDocumento.aspx?CodigoInstituicao=1&NumeroSequencialDocumento=11515
50.746.577/0001-15;2011-01-01;1;COSAN S.A.;019836;FCA;4754;2011-02-15;http://www.rad.cvm.gov.br/ENETCONSULTA/frmDownloadDocumento.aspx?CodigoInstituicao=1&NumeroSequencialDocumento=4754
50.746.577/0001-15;2011-01-01;2;COSAN S.A.;019836;FCA;5168;2011-03-04;http://www.rad.cvm.gov.br/ENETCONSULTA/frmDownloadDocumento.aspx?CodigoInstituicao=1&NumeroSequencialDocumento=5168
50.746.577/0001-15;2011-01-01;3;COSAN S.A.;019836;FCA;9047;2011-05-31;http://www.rad.cvm.gov.br/ENETCONSULTA/frmDownloadDocumento.aspx?CodigoInstituicao=1&NumeroSequencialDocumento=9047
50.926.955/0001-42;2011-01-01;1;VULCABRAS S.A.;011762;FCA;4294;2011-01-14;http://www.rad.cvm.gov.br/ENETCONSULTA/frmDownloadDocumento.aspx?CodigoInstituicao=1&NumeroSequencialDocumento=4294
50.926.955/0001-42;2011-01-01;2;VULCABRAS S.A.;011762;FCA;7792;2011-05-13;http://www.rad.cvm.gov.br/ENETCONSULTA/frmDownloadDocumento.aspx?CodigoInstituicao=1&NumeroSequencialDocumento=7792
51.128.999/0001-90;2011-01-01;1;NUTRIPLANT INDUSTRIA E COMERCIO S.A.;021334;FCA;7116;2011-05-04;http://www.rad.cvm.gov.br/ENETCONSULTA/frmDownloadDocumento.aspx?CodigoInstituicao=1&NumeroSequencialDocumento=7116
51.128.999/0001-90;2011-01-01;2;NUTRIPLANT INDUSTRIA E COMERCIO S.A.;021334;FCA;10333;2011-07-27;http://www.rad.cvm.gov.br/ENETCONSULTA/frmDownloadDocumento.aspx?CodigoInstituicao=1&NumeroSequencialDocumento=10333
51.218.147/0001-93;2011-01-01;1;IGUATEMI EMPRESA DE SHOPPING CENTERS S.A;020494;FCA;4272;2011-01-14;http://www.rad.cvm.gov.br/ENETCONSULTA/frmDownloadDocumento.aspx?CodigoInstituicao=1&NumeroSequencialDocumento=4272
51.218.147/0001-93;2011-01-01;2;IGUATEMI EMPRESA DE SHOPPING CENTERS S.A;020494;FCA;4535;2011-02-02;http://www.rad.cvm.gov.br/ENETCONSULTA/frmDownloadDocumento.aspx?CodigoInstituicao=1&NumeroSequencialDocumento=4535
51.218.147/0001-93;2011-01-01;3;IGUATEMI EMPRESA DE SHOPPING CENTERS S.A;020494;FCA;4682;2011-02-09;http://www.rad.cvm.gov.br/ENETCONSULTA/frmDownloadDocumento.aspx?CodigoInstituicao=1&NumeroSequencialDocumento=4682
51.218.147/0001-93;2011-01-01;4;IGUATEMI EMPRESA DE SHOPPING CENTERS S.A;020494;FCA;4983;2011-02-25;http://www.rad.cvm.gov.br/ENETCONSULTA/frmDownloadDocumento.aspx?CodigoInstituicao=1&NumeroSequencialDocumento=4983
51.218.147/0001-93;2011-01-01;5;IGUATEMI EMPRESA DE SHOPPING CENTERS S.A;020494;FCA;8276;2011-05-18;http://www.rad.cvm.gov.br/ENETCONSULTA/frmDownloadDocumento.aspx?CodigoInstituicao=1&NumeroSequencialDocumento=8276
51.218.147/0001-93;2011-01-01;6;IGUATEMI EMPRESA DE SHOPPING CENTERS S.A;020494;FCA;10409;2011-07-29;http://www.rad.cvm.gov.br/ENETCONSULTA/frmDownloadDocumento.aspx?CodigoInstituicao=1&NumeroSequencialDocumento=10409
51.466.860/0001-56;2011-01-01;1;SAO MARTINHO S.A.;020516;FCA;7344;2011-05-09;http://www.rad.cvm.gov.br/ENETCONSULTA/frmDownloadDocumento.aspx?CodigoInstituicao=1&NumeroSequencialDocumento=7344
51.468.056/0001-06;2011-01-01;1;MARAMBAIA ENERGIA RENOVÁVEL SA;012181;FCA;10052;2011-07-08;http://www.rad.cvm.gov.br/ENETCONSULTA/frmDownloadDocumento.aspx?CodigoInstituicao=1&NumeroSequencialDocumento=10052
51.928.174/0001-50;2011-01-01;1;PLASCAR PARTICIPACOES INDUSTRIAIS S.A.;013471;FCA;4400;2011-01-25;http://www.rad.cvm.gov.br/ENETCONSULTA/frmDownloadDocumento.aspx?CodigoInstituicao=1&NumeroSequencialDocumento=4400
51.928.174/0001-50;2011-01-01;2;PLASCAR PARTICIPACOES INDUSTRIAIS S.A.;013471;FCA;8513;2011-05-25;http://www.rad.cvm.gov.br/ENETCONSULTA/frmDownloadDocumento.aspx?CodigoInstituicao=1&NumeroSequencialDocumento=8513
51.928.174/0001-50;2011-01-01;3;PLASCAR PARTICIPACOES INDUSTRIAIS S.A.;013471;FCA;10885;2011-08-12;http://www.rad.cvm.gov.br/ENETCONSULTA/frmDownloadDocumento.aspx?CodigoInstituicao=1&NumeroSequencialDocumento=10885
51.928.174/0001-50;2011-01-01;4;PLASCAR PARTICIPACOES INDUSTRIAIS S.A.;013471;FCA;11883;2011-09-30;http://www.rad.cvm.gov.br/ENETCONSULTA/frmDownloadDocumento.aspx?CodigoInstituicao=1&NumeroSequencialDocumento=11883
52.548.435/0001-79;2011-01-01;1;JSL S.A.;022020;FCA;4187;2011-01-10;http://www.rad.cvm.gov.br/ENETCONSULTA/frmDownloadDocumento.aspx?CodigoInstituicao=1&NumeroSequencialDocumento=4187
52.548.435/0001-79;2011-01-01;2;JSL S.A.;022020;FCA;4510;2011-02-01;http://www.rad.cvm.gov.br/ENETCONSULTA/frmDownloadDocumento.aspx?CodigoInstituicao=1&NumeroSequencialDocumento=4510
52.548.435/0001-79;2011-01-01;3;JSL S.A.;022020;FCA;6938;2011-04-29;http://www.rad.cvm.gov.br/ENETCONSULTA/frmDownloadDocumento.aspx?CodigoInstituicao=1&NumeroSequencialDocumento=6938
52.548.435/0001-79;2011-01-01;4;JSL S.A.;022020;FCA;7612;2011-05-11;http://www.rad.cvm.gov.br/ENETCONSULTA/frmDownloadDocumento.aspx?CodigoInstituicao=1&NumeroSequencialDocumento=7612
52.548.435/0001-79;2011-01-01;5;JSL S.A.;022020;FCA;8797;2011-05-30;http://www.rad.cvm.gov.br/ENETCONSULTA/frmDownloadDocumento.aspx?CodigoInstituicao=1&NumeroSequencialDocumento=8797
52.736.840/0001-10;2011-01-01;1;CERAMICA CHIARELLI SA;002488;FCA;5314;2011-03-17;http://www.rad.cvm.gov.br/ENETCONSULTA/frmDownloadDocumento.aspx?CodigoInstituicao=1&NumeroSequencialDocumento=5314
52.736.840/0001-10;2011-01-01;2;CERAMICA CHIARELLI SA;002488;FCA;11166;2011-08-15;http://www.rad.cvm.gov.br/ENETCONSULTA/frmDownloadDocumento.aspx?CodigoInstituicao=1&NumeroSequencialDocumento=11166
53.113.791/0001-22;2011-01-01;1;TOTVS S.A.;019992;FCA;4108;2011-01-06;http://www.rad.cvm.gov.br/ENETCONSULTA/frmDownloadDocumento.aspx?CodigoInstituicao=1&NumeroSequencialDocumento=4108
53.113.791/0001-22;2011-01-01;2;TOTVS S.A.;019992;FCA;7027;2011-05-03;http://www.rad.cvm.gov.br/ENETCONSULTA/frmDownloadDocumento.aspx?CodigoInstituicao=1&NumeroSequencialDocumento=7027
53.113.791/0001-22;2011-01-01;3;TOTVS S.A.;019992;FCA;11368;2011-08-23;http://www.rad.cvm.gov.br/ENETCONSULTA/frmDownloadDocumento.aspx?CodigoInstituicao=1&NumeroSequencialDocumento=11368
53.113.791/0001-22;2011-01-01;4;TOTVS S.A.;019992;FCA;12102;2011-10-20;http://www.rad.cvm.gov.br/ENETCONSULTA/frmDownloadDocumento.aspx?CodigoInstituicao=1&NumeroSequencialDocumento=12102
53.518.684/0001-84;2011-01-01;1;HSBC LEASING ARRENDAMENTO MERCANTIL (BRASIL) S/A;019755;FCA;5044;2011-02-28;http://www.rad.cvm.gov.br/ENETCONSULTA/frmDownloadDocumento.aspx?CodigoInstituicao=1&NumeroSequencialDocumento=5044
53.790.218/0001-53;2011-01-01;1;JPSP INVESTIMENTOS E PARTICIPAÇÕES S/A;012262;FCA;8525;2011-05-25;http://www.rad.cvm.gov.br/ENETCONSULTA/frmDownloadDocumento.aspx?CodigoInstituicao=1&NumeroSequencialDocumento=8525
53.790.218/0001-53;2011-01-01;2;JPSP INVESTIMENTOS E PARTICIPAÇÕES S/A;012262;FCA;10121;2011-07-13;http://www.rad.cvm.gov.br/ENETCONSULTA/frmDownloadDocumento.aspx?CodigoInstituicao=1&NumeroSequencialDocumento=10121
54.526.082/0001-31;2011-01-01;1;ITAUTEC S.A. - GRUPO ITAUTEC;012530;FCA;4130;2011-01-07;http://www.rad.cvm.gov.br/ENETCONSULTA/frmDownloadDocumento.aspx?CodigoInstituicao=1&NumeroSequencialDocumento=4130
54.526.082/0001-31;2011-01-01;2;ITAUTEC S.A. - GRUPO ITAUTEC;012530;FCA;7656;2011-05-12;http://www.rad.cvm.gov.br/ENETCONSULTA/frmDownloadDocumento.aspx?CodigoInstituicao=1&NumeroSequencialDocumento=7656
56.444.250/0001-75;2011-01-01;1;HAUSCENTER SA;014850;FCA;6348;2011-04-05;http://www.rad.cvm.gov.br/ENETCONSULTA/frmDownloadDocumento.aspx?CodigoInstituicao=1&NumeroSequencialDocumento=6348
56.444.250/0001-75;2011-01-01;2;HAUSCENTER SA;014850;FCA;8353;2011-05-19;http://www.rad.cvm.gov.br/ENETCONSULTA/frmDownloadDocumento.aspx?CodigoInstituicao=1&NumeroSequencialDocumento=8353
56.643.018/0001-66;2011-01-01;1;EUCATEX S.A. INDUSTRIA E COMERCIO;005770;FCA;5417;2011-03-22;http://www.rad.cvm.gov.br/ENETCONSULTA/frmDownloadDocumento.aspx?CodigoInstituicao=1&NumeroSequencialDocumento=5417
56.643.018/0001-66;2011-01-01;2;EUCATEX S.A. INDUSTRIA E COMERCIO;005770;FCA;7080;2011-05-04;http://www.rad.cvm.gov.br/ENETCONSULTA/frmDownloadDocumento.aspx?CodigoInstituicao=1&NumeroSequencialDocumento=7080
56.720.428/0001-63;2011-01-01;1;ROMI S.A.;007510;FCA;4657;2011-02-08;http://www.rad.cvm.gov.br/ENETCONSULTA/frmDownloadDocumento.aspx?CodigoInstituicao=1&NumeroSequencialDocumento=4657
56.720.428/0001-63;2011-01-01;2;ROMI S.A.;007510;FCA;6691;2011-04-26;http://www.rad.cvm.gov.br/ENETCONSULTA/frmDownloadDocumento.aspx?CodigoInstituicao=1&NumeroSequencialDocumento=6691
56.806.656/0001-50;2011-01-01;1;M&G POLIÉSTER SA;014559;FCA;5611;2011-03-25;http://www.rad.cvm.gov.br/ENETCONSULTA/frmDownloadDocumento.aspx?CodigoInstituicao=1&NumeroSequencialDocumento=5611
56.806.656/0001-50;2011-01-01;2;M&G POLIÉSTER SA;014559;FCA;12793;2011-11-11;http://www.rad.cvm.gov.br/ENETCONSULTA/frmDownloadDocumento.aspx?CodigoInstituicao=1&NumeroSequencialDocumento=12793
56.806.656/0001-50;2011-01-01;3;M&G POLIÉSTER SA;014559;FCA;13213;2011-12-06;http://www.rad.cvm.gov.br/ENETCONSULTA/frmDownloadDocumento.aspx?CodigoInstituicao=1&NumeroSequencialDocumento=13213
56.992.423/0001-90;2011-01-01;1;BICICLETAS MONARK S.A.;001694;FCA;5707;2011-03-28;http://www.rad.cvm.gov.br/ENETCONSULTA/frmDownloadDocumento.aspx?CodigoInstituicao=1&NumeroSequencialDocumento=5707
56.992.423/0001-90;2011-01-01;2;BICICLETAS MONARK S.A.;001694;FCA;8501;2011-05-25;http://www.rad.cvm.gov.br/ENETCONSULTA/frmDownloadDocumento.aspx?CodigoInstituicao=1&NumeroSequencialDocumento=8501
56.994.924/0001-05;2011-01-01;1;PRÓ METALURGIA SA;001686;FCA;6265;2011-04-01;http://www.rad.cvm.gov.br/ENETCONSULTA/frmDownloadDocumento.aspx?CodigoInstituicao=1&NumeroSequencialDocumento=6265
56.994.924/0001-05;2011-01-01;2;PRÓ METALURGIA SA;001686;FCA;8949;2011-05-31;http://www.rad.cvm.gov.br/ENETCONSULTA/frmDownloadDocumento.aspx?CodigoInstituicao=1&NumeroSequencialDocumento=8949
58.119.199/0001-51;2011-01-01;1;ODONTOPREV S.A.;020125;FCA;5244;2011-03-14;http://www.rad.cvm.gov.br/ENETCONSULTA/frmDownloadDocumento.aspx?CodigoInstituicao=1&NumeroSequencialDocumento=5244
58.119.199/0001-51;2011-01-01;2;ODONTOPREV S.A.;020125;FCA;9385;2011-06-01;http://www.rad.cvm.gov.br/ENETCONSULTA/frmDownloadDocumento.aspx?CodigoInstituicao=1&NumeroSequencialDocumento=9385
58.877.812/0001-08;2011-01-01;1;BROOKFIELD SÃO PAULO EMPREENDIMENTOS IMOBILIÁRIOS S.A.;019046;FCA;4087;2011-01-05;http://www.rad.cvm.gov.br/ENETCONSULTA/frmDownloadDocumento.aspx?CodigoInstituicao=1&NumeroSequencialDocumento=4087
58.877.812/0001-08;2011-01-01;2;BROOKFIELD SÃO PAULO EMPREENDIMENTOS IMOBILIÁRIOS S.A.;019046;FCA;9347;2011-05-31;http://www.rad.cvm.gov.br/ENETCONSULTA/frmDownloadDocumento.aspx?CodigoInstituicao=1&NumeroSequencialDocumento=9347
58.877.812/0001-08;2011-01-01;3;BROOKFIELD SÃO PAULO EMPREENDIMENTOS IMOBILIÁRIOS S.A.;019046;FCA;11996;2011-10-10;http://www.rad.cvm.gov.br/ENETCONSULTA/frmDownloadDocumento.aspx?CodigoInstituicao=1&NumeroSequencialDocumento=11996
58.877.812/0001-08;2011-01-01;4;BROOKFIELD SÃO PAULO EMPREENDIMENTOS IMOBILIÁRIOS S.A.;019046;FCA;12024;2011-10-13;http://www.rad.cvm.gov.br/ENETCONSULTA/frmDownloadDocumento.aspx?CodigoInstituicao=1&NumeroSequencialDocumento=12024
59.104.513/0001-95;2011-01-01;1;AUTOMETAL S.A.;022381;FCA;4599;2011-02-07;http://www.rad.cvm.gov.br/ENETCONSULTA/frmDownloadDocumento.aspx?CodigoInstituicao=1&NumeroSequencialDocumento=4599
59.104.513/0001-95;2011-01-01;2;AUTOMETAL S.A.;022381;FCA;7068;2011-05-03;http://www.rad.cvm.gov.br/ENETCONSULTA/frmDownloadDocumento.aspx?CodigoInstituicao=1&NumeroSequencialDocumento=7068
59.104.513/0001-95;2011-01-01;3;AUTOMETAL S.A.;022381;FCA;9279;2011-05-31;http://www.rad.cvm.gov.br/ENETCONSULTA/frmDownloadDocumento.aspx?CodigoInstituicao=1&NumeroSequencialDocumento=9279
59.105.999/0001-86;2011-01-01;1;WHIRLPOOL S.A.;014346;FCA;5560;2011-03-25;http://www.rad.cvm.gov.br/ENETCONSULTA/frmDownloadDocumento.aspx?CodigoInstituicao=1&NumeroSequencialDocumento=5560
59.105.999/0001-86;2011-01-01;2;WHIRLPOOL S.A.;014346;FCA;7593;2011-05-11;http://www.rad.cvm.gov.br/ENETCONSULTA/frmDownloadDocumento.aspx?CodigoInstituicao=1&NumeroSequencialDocumento=7593
59.105.999/0001-86;2011-01-01;3;WHIRLPOOL S.A.;014346;FCA;7695;2011-05-12;http://www.rad.cvm.gov.br/ENETCONSULTA/frmDownloadDocumento.aspx?CodigoInstituicao=1&NumeroSequencialDocumento=7695
59.285.411/0001-13;2011-01-01;1;BCO PAN S.A.;021199;FCA;4456;2011-01-27;http://www.rad.cvm.gov.br/ENETCONSULTA/frmDownloadDocumento.aspx?CodigoInstituicao=1&NumeroSequencialDocumento=4456
59.285.411/0001-13;2011-01-01;2;BCO PAN S.A.;021199;FCA;4915;2011-02-23;http://www.rad.cvm.gov.br/ENETCONSULTA/frmDownloadDocumento.aspx?CodigoInstituicao=1&NumeroSequencialDocumento=4915
59.285.411/0001-13;2011-01-01;3;BCO PAN S.A.;021199;FCA;7470;2011-05-10;http://www.rad.cvm.gov.br/ENETCONSULTA/frmDownloadDocumento.aspx?CodigoInstituicao=1&NumeroSequencialDocumento=7470
59.285.411/0001-13;2011-01-01;4;BCO PAN S.A.;021199;FCA;8620;2011-05-27;http://www.rad.cvm.gov.br/ENETCONSULTA/frmDownloadDocumento.aspx?CodigoInstituicao=1&NumeroSequencialDocumento=8620
59.285.411/0001-13;2011-01-01;5;BCO PAN S.A.;021199;FCA;10228;2011-07-21;http://www.rad.cvm.gov.br/ENETCONSULTA/frmDownloadDocumento.aspx?CodigoInstituicao=1&NumeroSequencialDocumento=10228
59.285.411/0001-13;2011-01-01;6;BCO PAN S.A.;021199;FCA;10251;2011-07-22;http://www.rad.cvm.gov.br/ENETCONSULTA/frmDownloadDocumento.aspx?CodigoInstituicao=1&NumeroSequencialDocumento=10251
59.789.545/0001-71;2011-01-01;1;POLPAR S.A.;013447;FCA;5813;2011-03-29;http://www.rad.cvm.gov.br/ENETCONSULTA/frmDownloadDocumento.aspx?CodigoInstituicao=1&NumeroSequencialDocumento=5813
59.789.545/0001-71;2011-01-01;2;POLPAR S.A.;013447;FCA;9176;2011-05-31;http://www.rad.cvm.gov.br/ENETCONSULTA/frmDownloadDocumento.aspx?CodigoInstituicao=1&NumeroSequencialDocumento=9176
60.394.723/0001-44;2011-01-01;1;DIXIE TOGA SA;014931;FCA;5176;2011-03-09;http://www.rad.cvm.gov.br/ENETCONSULTA/frmDownloadDocumento.aspx?CodigoInstituicao=1&NumeroSequencialDocumento=5176
60.398.369/0004-79;2011-01-01;1;PARANAPANEMA S.A. - EM RECUPERAÇÃO JUDICIAL;009393;FCA;4471;2011-01-28;http://www.rad.cvm.gov.br/ENETCONSULTA/frmDownloadDocumento.aspx?CodigoInstituicao=1&NumeroSequencialDocumento=4471
60.398.369/0004-79;2011-01-01;2;PARANAPANEMA S.A. - EM RECUPERAÇÃO JUDICIAL;009393;FCA;7039;2011-05-03;http://www.rad.cvm.gov.br/ENETCONSULTA/frmDownloadDocumento.aspx?CodigoInstituicao=1&NumeroSequencialDocumento=7039
60.398.369/0004-79;2011-01-01;3;PARANAPANEMA S.A. - EM RECUPERAÇÃO JUDICIAL;009393;FCA;13356;2011-12-16;http://www.rad.cvm.gov.br/ENETCONSULTA/frmDownloadDocumento.aspx?CodigoInstituicao=1&NumeroSequencialDocumento=13356
60.444.437/0001-46;2011-01-01;1;LIGHT SERVICOS DE ELETRICIDADE S.A.;008036;FCA;4432;2011-01-26;http://www.rad.cvm.gov.br/ENETCONSULTA/frmDownloadDocumento.aspx?CodigoInstituicao=1&NumeroSequencialDocumento=4432
60.444.437/0001-46;2011-01-01;2;LIGHT SERVICOS DE ELETRICIDADE S.A.;008036;FCA;9570;2011-06-06;http://www.rad.cvm.gov.br/ENETCONSULTA/frmDownloadDocumento.aspx?CodigoInstituicao=1&NumeroSequencialDocumento=9570
60.476.884/0001-87;2011-01-01;1;MAHLE-METAL LEVE S.A.;008575;FCA;4827;2011-02-18;http://www.rad.cvm.gov.br/ENETCONSULTA/frmDownloadDocumento.aspx?CodigoInstituicao=1&NumeroSequencialDocumento=4827
60.476.884/0001-87;2011-01-01;2;MAHLE-METAL LEVE S.A.;008575;FCA;7010;2011-05-02;http://www.rad.cvm.gov.br/ENETCONSULTA/frmDownloadDocumento.aspx?CodigoInstituicao=1&NumeroSequencialDocumento=7010
60.476.884/0001-87;2011-01-01;3;MAHLE-METAL LEVE S.A.;008575;FCA;8412;2011-05-20;http://www.rad.cvm.gov.br/ENETCONSULTA/frmDownloadDocumento.aspx?CodigoInstituicao=1&NumeroSequencialDocumento=8412
60.500.139/0001-26;2011-01-01;1;SARAIVA LIVREIROS S.A. - EM RECUPERAÇÃO JUDICIAL;010472;FCA;4255;2011-01-13;http://www.rad.cvm.gov.br/ENETCONSULTA/frmDownloadDocumento.aspx?CodigoInstituicao=1&NumeroSequencialDocumento=4255
60.500.139/0001-26;2011-01-01;2;SARAIVA LIVREIROS S.A. - EM RECUPERAÇÃO JUDICIAL;010472;FCA;8996;2011-05-31;http://www.rad.cvm.gov.br/ENETCONSULTA/frmDownloadDocumento.aspx?CodigoInstituicao=1&NumeroSequencialDocumento=8996
60.543.816/0001-93;2011-01-01;1;IGUATEMI S.A.;008672;FCA;9199;2011-05-31;http://www.rad.cvm.gov.br/ENETCONSULTA/frmDownloadDocumento.aspx?CodigoInstituicao=1&NumeroSequencialDocumento=9199
60.543.816/0001-93;2011-01-01;2;IGUATEMI S.A.;008672;FCA;10120;2011-07-13;http://www.rad.cvm.gov.br/ENETCONSULTA/frmDownloadDocumento.aspx?CodigoInstituicao=1&NumeroSequencialDocumento=10120
60.605.664/0001-06;2011-01-01;1;RAIA S.A.;022306;FCA;4319;2011-01-18;http://www.rad.cvm.gov.br/ENETCONSULTA/frmDownloadDocumento.aspx?CodigoInstituicao=1&NumeroSequencialDocumento=4319
60.605.664/0001-06;2011-01-01;2;RAIA S.A.;022306;FCA;8388;2011-05-20;http://www.rad.cvm.gov.br/ENETCONSULTA/frmDownloadDocumento.aspx?CodigoInstituicao=1&NumeroSequencialDocumento=8388
60.605.664/0001-06;2011-01-01;3;RAIA S.A.;022306;FCA;9210;2011-05-31;http://www.rad.cvm.gov.br/ENETCONSULTA/frmDownloadDocumento.aspx?CodigoInstituicao=1&NumeroSequencialDocumento=9210
60.605.664/0001-06;2011-01-01;4;RAIA S.A.;022306;FCA;12546;2011-11-10;http://www.rad.cvm.gov.br/ENETCONSULTA/frmDownloadDocumento.aspx?CodigoInstituicao=1&NumeroSequencialDocumento=12546
60.631.090/0001-40;2011-01-01;1;LARK SA MAQ E EQUIPAMENTOS;007978;FCA;4478;2011-01-28;http://www.rad.cvm.gov.br/ENETCONSULTA/frmDownloadDocumento.aspx?CodigoInstituicao=1&NumeroSequencialDocumento=4478
60.631.090/0001-40;2011-01-01;2;LARK SA MAQ E EQUIPAMENTOS;007978;FCA;9051;2011-05-31;http://www.rad.cvm.gov.br/ENETCONSULTA/frmDownloadDocumento.aspx?CodigoInstituicao=1&NumeroSequencialDocumento=9051
60.637.238/0001-54;2011-01-01;1;BLUE TECH SOLUTIONS EQI S.A.;012319;FCA;4954;2011-02-24;http://www.rad.cvm.gov.br/ENETCONSULTA/frmDownloadDocumento.aspx?CodigoInstituicao=1&NumeroSequencialDocumento=4954
60.637.238/0001-54;2011-01-01;2;BLUE TECH SOLUTIONS EQI S.A.;012319;FCA;8705;2011-05-30;http://www.rad.cvm.gov.br/ENETCONSULTA/frmDownloadDocumento.aspx?CodigoInstituicao=1&NumeroSequencialDocumento=8705
60.643.228/0001-21;2011-01-01;1;FIBRIA CELULOSE S.A.;012793;FCA;4775;2011-02-16;http://www.rad.cvm.gov.br/ENETCONSULTA/frmDownloadDocumento.aspx?CodigoInstituicao=1&NumeroSequencialDocumento=4775
60.643.228/0001-21;2011-01-01;2;FIBRIA CELULOSE S.A.;012793;FCA;7284;2011-05-06;http://www.rad.cvm.gov.br/ENETCONSULTA/frmDownloadDocumento.aspx?CodigoInstituicao=1&NumeroSequencialDocumento=7284
60.651.809/0001-05;2011-01-01;1;SUZANO HOLDING S.A.;009067;FCA;4463;2011-01-27;http://www.rad.cvm.gov.br/ENETCONSULTA/frmDownloadDocumento.aspx?CodigoInstituicao=1&NumeroSequencialDocumento=4463
60.651.809/0001-05;2011-01-01;2;SUZANO HOLDING S.A.;009067;FCA;5810;2011-03-29;http://www.rad.cvm.gov.br/ENETCONSULTA/frmDownloadDocumento.aspx?CodigoInstituicao=1&NumeroSequencialDocumento=5810
60.651.809/0001-05;2011-01-01;3;SUZANO HOLDING S.A.;009067;FCA;9156;2011-05-31;http://www.rad.cvm.gov.br/ENETCONSULTA/frmDownloadDocumento.aspx?CodigoInstituicao=1&NumeroSequencialDocumento=9156
60.730.348/0001-66;2011-01-01;1;CIA MELHORAMENTOS DE SAO PAULO;003654;FCA;4764;2011-02-15;http://www.rad.cvm.gov.br/ENETCONSULTA/frmDownloadDocumento.aspx?CodigoInstituicao=1&NumeroSequencialDocumento=4764
60.730.348/0001-66;2011-01-01;2;CIA MELHORAMENTOS DE SAO PAULO;003654;FCA;7287;2011-05-06;http://www.rad.cvm.gov.br/ENETCONSULTA/frmDownloadDocumento.aspx?CodigoInstituicao=1&NumeroSequencialDocumento=7287
60.746.948/0001-12;2011-01-01;1;BCO BRADESCO S.A.;000906;FCA;4368;2011-01-24;http://www.rad.cvm.gov.br/ENETCONSULTA/frmDownloadDocumento.aspx?CodigoInstituicao=1&NumeroSequencialDocumento=4368
60.746.948/0001-12;2011-01-01;2;BCO BRADESCO S.A.;000906;FCA;5986;2011-03-30;http://www.rad.cvm.gov.br/ENETCONSULTA/frmDownloadDocumento.aspx?CodigoInstituicao=1&NumeroSequencialDocumento=5986
60.746.948/0001-12;2011-01-01;3;BCO BRADESCO S.A.;000906;FCA;12117;2011-10-21;http://www.rad.cvm.gov.br/ENETCONSULTA/frmDownloadDocumento.aspx?CodigoInstituicao=1&NumeroSequencialDocumento=12117
60.770.336/0001-65;2011-01-01;1;BCO ALFA DE INVESTIMENTO S.A.;001384;FCA;4841;2011-02-18;http://www.rad.cvm.gov.br/ENETCONSULTA/frmDownloadDocumento.aspx?CodigoInstituicao=1&NumeroSequencialDocumento=4841
60.770.336/0001-65;2011-01-01;2;BCO ALFA DE INVESTIMENTO S.A.;001384;FCA;8629;2011-05-27;http://www.rad.cvm.gov.br/ENETCONSULTA/frmDownloadDocumento.aspx?CodigoInstituicao=1&NumeroSequencialDocumento=8629
60.840.055/0001-31;2011-01-01;1;FLEURY S.A.;021881;FCA;4224;2011-01-11;http://www.rad.cvm.gov.br/ENETCONSULTA/frmDownloadDocumento.aspx?CodigoInstituicao=1&NumeroSequencialDocumento=4224
60.840.055/0001-31;2011-01-01;2;FLEURY S.A.;021881;FCA;5508;2011-03-24;http://www.rad.cvm.gov.br/ENETCONSULTA/frmDownloadDocumento.aspx?CodigoInstituicao=1&NumeroSequencialDocumento=5508
60.840.055/0001-31;2011-01-01;3;FLEURY S.A.;021881;FCA;9469;2011-06-01;http://www.rad.cvm.gov.br/ENETCONSULTA/frmDownloadDocumento.aspx?CodigoInstituicao=1&NumeroSequencialDocumento=9469
60.851.615/0001-53;2011-01-01;1;BARDELLA S.A. INDUSTRIAS MECANICAS EM RECUPERAÇÃO JUDICIAL;001520;FCA;5175;2011-03-09;http://www.rad.cvm.gov.br/ENETCONSULTA/frmDownloadDocumento.aspx?CodigoInstituicao=1&NumeroSequencialDocumento=5175
60.851.615/0001-53;2011-01-01;2;BARDELLA S.A. INDUSTRIAS MECANICAS EM RECUPERAÇÃO JUDICIAL;001520;FCA;11202;2011-08-16;http://www.rad.cvm.gov.br/ENETCONSULTA/frmDownloadDocumento.aspx?CodigoInstituicao=1&NumeroSequencialDocumento=11202
60.872.504/0001-23;2011-01-01;1;ITAU UNIBANCO HOLDING S.A.;019348;FCA;4175;2011-01-10;http://www.rad.cvm.gov.br/ENETCONSULTA/frmDownloadDocumento.aspx?CodigoInstituicao=1&NumeroSequencialDocumento=4175
60.872.504/0001-23;2011-01-01;2;ITAU UNIBANCO HOLDING S.A.;019348;FCA;4835;2011-02-18;http://www.rad.cvm.gov.br/ENETCONSULTA/frmDownloadDocumento.aspx?CodigoInstituicao=1&NumeroSequencialDocumento=4835
60.872.504/0001-23;2011-01-01;3;ITAU UNIBANCO HOLDING S.A.;019348;FCA;8628;2011-05-27;http://www.rad.cvm.gov.br/ENETCONSULTA/frmDownloadDocumento.aspx?CodigoInstituicao=1&NumeroSequencialDocumento=8628
60.882.628/0001-90;2011-01-01;1;CONFAB INDUSTRIAL SA;004650;FCA;4857;2011-02-21;http://www.rad.cvm.gov.br/ENETCONSULTA/frmDownloadDocumento.aspx?CodigoInstituicao=1&NumeroSequencialDocumento=4857
60.882.628/0001-90;2011-01-01;2;CONFAB INDUSTRIAL SA;004650;FCA;7452;2011-05-10;http://www.rad.cvm.gov.br/ENETCONSULTA/frmDownloadDocumento.aspx?CodigoInstituicao=1&NumeroSequencialDocumento=7452
60.882.628/0001-90;2011-01-01;3;CONFAB INDUSTRIAL SA;004650;FCA;8468;2011-05-24;http://www.rad.cvm.gov.br/ENETCONSULTA/frmDownloadDocumento.aspx?CodigoInstituicao=1&NumeroSequencialDocumento=8468
60.882.628/0001-90;2011-01-01;4;CONFAB INDUSTRIAL SA;004650;FCA;11705;2011-09-14;http://www.rad.cvm.gov.br/ENETCONSULTA/frmDownloadDocumento.aspx?CodigoInstituicao=1&NumeroSequencialDocumento=11705
60.884.319/0001-59;2011-01-01;1;NORDON INDUSTRIAS METALURGICAS S.A.;009083;FCA;5805;2011-03-29;http://www.rad.cvm.gov.br/ENETCONSULTA/frmDownloadDocumento.aspx?CodigoInstituicao=1&NumeroSequencialDocumento=5805
60.884.319/0001-59;2011-01-01;2;NORDON INDUSTRIAS METALURGICAS S.A.;009083;FCA;8723;2011-05-30;http://www.rad.cvm.gov.br/ENETCONSULTA/frmDownloadDocumento.aspx?CodigoInstituicao=1&NumeroSequencialDocumento=8723
60.889.128/0001-80;2011-01-01;1;BANCO SOFISA SA;020680;FCA;5133;2011-03-03;http://www.rad.cvm.gov.br/ENETCONSULTA/frmDownloadDocumento.aspx?CodigoInstituicao=1&NumeroSequencialDocumento=5133
60.889.128/0001-80;2011-01-01;2;BANCO SOFISA SA;020680;FCA;11990;2011-10-10;http://www.rad.cvm.gov.br/ENETCONSULTA/frmDownloadDocumento.aspx?CodigoInstituicao=1&NumeroSequencialDocumento=11990
60.894.730/0001-05;2011-01-01;1;USINAS SID DE MINAS GERAIS S.A.-USIMINAS;014320;FCA;4625;2011-02-07;http://www.rad.cvm.gov.br/ENETCONSULTA/frmDownloadDocumento.aspx?CodigoInstituicao=1&NumeroSequencialDocumento=4625
60.894.730/0001-05;2011-01-01;2;USINAS SID DE MINAS GERAIS S.A.-USIMINAS;014320;FCA;5388;2011-03-21;http://www.rad.cvm.gov.br/ENETCONSULTA/frmDownloadDocumento.aspx?CodigoInstituicao=1&NumeroSequencialDocumento=5388
60.894.730/0001-05;2011-01-01;3;USINAS SID DE MINAS GERAIS S.A.-USIMINAS;014320;FCA;8533;2011-05-26;http://www.rad.cvm.gov.br/ENETCONSULTA/frmDownloadDocumento.aspx?CodigoInstituicao=1&NumeroSequencialDocumento=8533
60.894.730/0001-05;2011-01-01;4;USINAS SID DE MINAS GERAIS S.A.-USIMINAS;014320;FCA;9953;2011-07-04;http://www.rad.cvm.gov.br/ENETCONSULTA/frmDownloadDocumento.aspx?CodigoInstituicao=1&NumeroSequencialDocumento=9953
60.933.603/0001-78;2011-01-01;1;CESP - CIA ENERGETICA DE SAO PAULO;002577;FCA;2336;2010-08-31;http://www.rad.cvm.gov.br/ENETCONSULTA/frmDownloadDocumento.aspx?CodigoInstituicao=1&NumeroSequencialDocumento=2336
60.933.603/0001-78;2011-01-01;2;CESP - CIA ENERGETICA DE SAO PAULO;002577;FCA;4598;2011-02-07;http://www.rad.cvm.gov.br/ENETCONSULTA/frmDownloadDocumento.aspx?CodigoInstituicao=1&NumeroSequencialDocumento=4598
60.933.603/0001-78;2011-01-01;3;CESP - CIA ENERGETICA DE SAO PAULO;002577;FCA;9106;2011-05-31;http://www.rad.cvm.gov.br/ENETCONSULTA/frmDownloadDocumento.aspx?CodigoInstituicao=1&NumeroSequencialDocumento=9106
60.933.603/0001-78;2011-01-01;4;CESP - CIA ENERGETICA DE SAO PAULO;002577;FCA;10563;2011-08-05;http://www.rad.cvm.gov.br/ENETCONSULTA/frmDownloadDocumento.aspx?CodigoInstituicao=1&NumeroSequencialDocumento=10563
60.933.603/0001-78;2011-01-01;5;CESP - CIA ENERGETICA DE SAO PAULO;002577;FCA;12184;2011-10-27;http://www.rad.cvm.gov.br/ENETCONSULTA/frmDownloadDocumento.aspx?CodigoInstituicao=1&NumeroSequencialDocumento=12184
61.022.042/0001-18;2011-01-01;1;CONSTRUTORA ADOLPHO LINDENBERG S.A.;004723;FCA;6208;2011-04-01;http://www.rad.cvm.gov.br/ENETCONSULTA/frmDownloadDocumento.aspx?CodigoInstituicao=1&NumeroSequencialDocumento=6208
61.024.352/0001-71;2011-01-01;1;BCO INDUSVAL S.A.;020885;FCA;4423;2011-01-26;http://www.rad.cvm.gov.br/ENETCONSULTA/frmDownloadDocumento.aspx?CodigoInstituicao=1&NumeroSequencialDocumento=4423
61.024.352/0001-71;2011-01-01;2;BCO INDUSVAL S.A.;020885;FCA;7415;2011-05-09;http://www.rad.cvm.gov.br/ENETCONSULTA/frmDownloadDocumento.aspx?CodigoInstituicao=1&NumeroSequencialDocumento=7415
61.024.352/0001-71;2011-01-01;3;BCO INDUSVAL S.A.;020885;FCA;12286;2011-11-01;http://www.rad.cvm.gov.br/ENETCONSULTA/frmDownloadDocumento.aspx?CodigoInstituicao=1&NumeroSequencialDocumento=12286
61.024.352/0001-71;2011-01-01;4;BCO INDUSVAL S.A.;020885;FCA;13252;2011-12-08;http://www.rad.cvm.gov.br/ENETCONSULTA/frmDownloadDocumento.aspx?CodigoInstituicao=1&NumeroSequencialDocumento=13252
61.065.298/0001-02;2011-01-01;1;MANGELS INDUSTRIAL S.A.;008397;FCA;5883;2011-03-29;http://www.rad.cvm.gov.br/ENETCONSULTA/frmDownloadDocumento.aspx?CodigoInstituicao=1&NumeroSequencialDocumento=5883
61.065.298/0001-02;2011-01-01;2;MANGELS INDUSTRIAL S.A.;008397;FCA;12056;2011-10-17;http://www.rad.cvm.gov.br/ENETCONSULTA/frmDownloadDocumento.aspx?CodigoInstituicao=1&NumeroSequencialDocumento=12056
61.065.751/0001-80;2011-01-01;1;ROSSI RESIDENCIAL S.A. - EM RECUPERAÇÃO JUDICIAL;016306;FCA;5476;2011-03-23;http://www.rad.cvm.gov.br/ENETCONSULTA/frmDownloadDocumento.aspx?CodigoInstituicao=1&NumeroSequencialDocumento=5476
61.065.751/0001-80;2011-01-01;2;ROSSI RESIDENCIAL S.A. - EM RECUPERAÇÃO JUDICIAL;016306;FCA;6606;2011-04-19;http://www.rad.cvm.gov.br/ENETCONSULTA/frmDownloadDocumento.aspx?CodigoInstituicao=1&NumeroSequencialDocumento=6606
61.065.751/0001-80;2011-01-01;3;ROSSI RESIDENCIAL S.A. - EM RECUPERAÇÃO JUDICIAL;016306;FCA;8818;2011-05-30;http://www.rad.cvm.gov.br/ENETCONSULTA/frmDownloadDocumento.aspx?CodigoInstituicao=1&NumeroSequencialDocumento=8818
61.065.751/0001-80;2011-01-01;4;ROSSI RESIDENCIAL S.A. - EM RECUPERAÇÃO JUDICIAL;016306;FCA;11702;2011-09-13;http://www.rad.cvm.gov.br/ENETCONSULTA/frmDownloadDocumento.aspx?CodigoInstituicao=1&NumeroSequencialDocumento=11702
61.065.751/0001-80;2011-01-01;5;ROSSI RESIDENCIAL S.A. - EM RECUPERAÇÃO JUDICIAL;016306;FCA;13090;2011-11-21;http://www.rad.cvm.gov.br/ENETCONSULTA/frmDownloadDocumento.aspx?CodigoInstituicao=1&NumeroSequencialDocumento=13090
61.067.161/0001-97;2011-01-01;1;NADIR FIGUEIREDO IND E COM S.A.;009040;FCA;4667;2011-02-09;http://www.rad.cvm.gov.br/ENETCONSULTA/frmDownloadDocumento.aspx?CodigoInstituicao=1&NumeroSequencialDocumento=4667
61.067.161/0001-97;2011-01-01;2;NADIR FIGUEIREDO IND E COM S.A.;009040;FCA;8405;2011-05-20;http://www.rad.cvm.gov.br/ENETCONSULTA/frmDownloadDocumento.aspx?CodigoInstituicao=1&NumeroSequencialDocumento=8405
61.079.117/0001-05;2011-01-01;1;ALPARGATAS S.A.;010456;FCA;4065;2011-01-05;http://www.rad.cvm.gov.br/ENETCONSULTA/frmDownloadDocumento.aspx?CodigoInstituicao=1&NumeroSequencialDocumento=4065
61.079.117/0001-05;2011-01-01;2;ALPARGATAS S.A.;010456;FCA;6948;2011-05-01;http://www.rad.cvm.gov.br/ENETCONSULTA/frmDownloadDocumento.aspx?CodigoInstituicao=1&NumeroSequencialDocumento=6948
61.080.313/0001-91;2011-01-01;1;COBRASMA S.A.;004448;FCA;5433;2011-03-22;http://www.rad.cvm.gov.br/ENETCONSULTA/frmDownloadDocumento.aspx?CodigoInstituicao=1&NumeroSequencialDocumento=5433
61.082.004/0001-50;2011-01-01;1;MANUFATURA DE BRINQUEDOS ESTRELA S.A.;008427;FCA;6289;2011-04-04;http://www.rad.cvm.gov.br/ENETCONSULTA/frmDownloadDocumento.aspx?CodigoInstituicao=1&NumeroSequencialDocumento=6289
61.082.004/0001-50;2011-01-01;2;MANUFATURA DE BRINQUEDOS ESTRELA S.A.;008427;FCA;9494;2011-06-02;http://www.rad.cvm.gov.br/ENETCONSULTA/frmDownloadDocumento.aspx?CodigoInstituicao=1&NumeroSequencialDocumento=9494
61.082.004/0001-50;2011-01-01;3;MANUFATURA DE BRINQUEDOS ESTRELA S.A.;008427;FCA;10013;2011-07-07;http://www.rad.cvm.gov.br/ENETCONSULTA/frmDownloadDocumento.aspx?CodigoInstituicao=1&NumeroSequencialDocumento=10013
61.082.004/0001-50;2011-01-01;4;MANUFATURA DE BRINQUEDOS ESTRELA S.A.;008427;FCA;10033;2011-07-07;http://www.rad.cvm.gov.br/ENETCONSULTA/frmDownloadDocumento.aspx?CodigoInstituicao=1&NumeroSequencialDocumento=10033
61.084.984/0001-20;2011-01-01;1;BRASMOTOR SA;001970;FCA;5562;2011-03-25;http://www.rad.cvm.gov.br/ENETCONSULTA/frmDownloadDocumento.aspx?CodigoInstituicao=1&NumeroSequencialDocumento=5562
61.084.984/0001-20;2011-01-01;2;BRASMOTOR SA;001970;FCA;7590;2011-05-11;http://www.rad.cvm.gov.br/ENETCONSULTA/frmDownloadDocumento.aspx?CodigoInstituicao=1&NumeroSequencialDocumento=7590
61.084.984/0001-20;2011-01-01;3;BRASMOTOR SA;001970;FCA;7699;2011-05-12;http://www.rad.cvm.gov.br/ENETCONSULTA/frmDownloadDocumento.aspx?CodigoInstituicao=1&NumeroSequencialDocumento=7699
61.088.894/0001-08;2011-01-01;1;CAMBUCI S.A.;002100;FCA;5589;2011-03-25;http://www.rad.cvm.gov.br/ENETCONSULTA/frmDownloadDocumento.aspx?CodigoInstituicao=1&NumeroSequencialDocumento=5589
61.088.894/0001-08;2011-01-01;2;CAMBUCI S.A.;002100;FCA;9478;2011-06-01;http://www.rad.cvm.gov.br/ENETCONSULTA/frmDownloadDocumento.aspx?CodigoInstituicao=1&NumeroSequencialDocumento=9478
61.092.037/0001-81;2011-01-01;1;ETERNIT S.A. - EM RECUPERAÇÃO JUDICIAL;005762;FCA;4356;2011-01-21;http://www.rad.cvm.gov.br/ENETCONSULTA/frmDownloadDocumento.aspx?CodigoInstituicao=1&NumeroSequencialDocumento=4356
61.092.037/0001-81;2011-01-01;2;ETERNIT S.A. - EM RECUPERAÇÃO JUDICIAL;005762;FCA;4514;2011-02-01;http://www.rad.cvm.gov.br/ENETCONSULTA/frmDownloadDocumento.aspx?CodigoInstituicao=1&NumeroSequencialDocumento=4514
61.092.037/0001-81;2011-01-01;3;ETERNIT S.A. - EM RECUPERAÇÃO JUDICIAL;005762;FCA;9164;2011-05-31;http://www.rad.cvm.gov.br/ENETCONSULTA/frmDownloadDocumento.aspx?CodigoInstituicao=1&NumeroSequencialDocumento=9164
61.101.895/0001-45;2011-01-01;1;SANTHER FAB DE PAPEL STA THEREZINHA S.A.;014923;FCA;5823;2011-03-29;http://www.rad.cvm.gov.br/ENETCONSULTA/frmDownloadDocumento.aspx?CodigoInstituicao=1&NumeroSequencialDocumento=5823
61.101.895/0001-45;2011-01-01;2;SANTHER FAB DE PAPEL STA THEREZINHA S.A.;014923;FCA;9407;2011-06-01;http://www.rad.cvm.gov.br/ENETCONSULTA/frmDownloadDocumento.aspx?CodigoInstituicao=1&NumeroSequencialDocumento=9407
61.156.113/0001-75;2011-01-01;1;IOCHPE MAXION S.A.;011932;FCA;4923;2011-02-23;http://www.rad.cvm.gov.br/ENETCONSULTA/frmDownloadDocumento.aspx?CodigoInstituicao=1&NumeroSequencialDocumento=4923
61.156.113/0001-75;2011-01-01;2;IOCHPE MAXION S.A.;011932;FCA;8064;2011-05-16;http://www.rad.cvm.gov.br/ENETCONSULTA/frmDownloadDocumento.aspx?CodigoInstituicao=1&NumeroSequencialDocumento=8064
61.156.113/0001-75;2011-01-01;3;IOCHPE MAXION S.A.;011932;FCA;9660;2011-06-10;http://www.rad.cvm.gov.br/ENETCONSULTA/frmDownloadDocumento.aspx?CodigoInstituicao=1&NumeroSequencialDocumento=9660
61.156.931/0001-78;2011-01-01;1;SIDERURGICA J. L. ALIPERTI S.A.;012823;FCA;6100;2011-03-31;http://www.rad.cvm.gov.br/ENETCONSULTA/frmDownloadDocumento.aspx?CodigoInstituicao=1&NumeroSequencialDocumento=6100
61.156.931/0001-78;2011-01-01;2;SIDERURGICA J. L. ALIPERTI S.A.;012823;FCA;7774;2011-05-13;http://www.rad.cvm.gov.br/ENETCONSULTA/frmDownloadDocumento.aspx?CodigoInstituicao=1&NumeroSequencialDocumento=7774
61.189.288/0001-89;2011-01-01;1;MARISA LOJAS S.A.;022055;FCA;4751;2011-02-15;http://www.rad.cvm.gov.br/ENETCONSULTA/frmDownloadDocumento.aspx?CodigoInstituicao=1&NumeroSequencialDocumento=4751
61.189.288/0001-89;2011-01-01;2;MARISA LOJAS S.A.;022055;FCA;8039;2011-05-16;http://www.rad.cvm.gov.br/ENETCONSULTA/frmDownloadDocumento.aspx?CodigoInstituicao=1&NumeroSequencialDocumento=8039
61.189.288/0001-89;2011-01-01;3;MARISA LOJAS S.A.;022055;FCA;9913;2011-06-30;http://www.rad.cvm.gov.br/ENETCONSULTA/frmDownloadDocumento.aspx?CodigoInstituicao=1&NumeroSequencialDocumento=9913
61.192.373/0001-04;2011-01-01;1;CONSTRUTORA BETER SA;004758;FCA;5644;2011-03-26;http://www.rad.cvm.gov.br/ENETCONSULTA/frmDownloadDocumento.aspx?CodigoInstituicao=1&NumeroSequencialDocumento=5644
61.192.373/0001-04;2011-01-01;2;CONSTRUTORA BETER SA;004758;FCA;7193;2011-05-05;http://www.rad.cvm.gov.br/ENETCONSULTA/frmDownloadDocumento.aspx?CodigoInstituicao=1&NumeroSequencialDocumento=7193
61.351.532/0001-68;2011-01-01;1;AZEVEDO E TRAVASSOS S.A.;011975;FCA;5977;2011-03-30;http://www.rad.cvm.gov.br/ENETCONSULTA/frmDownloadDocumento.aspx?CodigoInstituicao=1&NumeroSequencialDocumento=5977
61.351.532/0001-68;2011-01-01;2;AZEVEDO E TRAVASSOS S.A.;011975;FCA;8648;2011-05-27;http://www.rad.cvm.gov.br/ENETCONSULTA/frmDownloadDocumento.aspx?CodigoInstituicao=1&NumeroSequencialDocumento=8648
61.374.161/0001-30;2011-01-01;1;BAUMER S.A.;001562;FCA;6324;2011-04-05;http://www.rad.cvm.gov.br/ENETCONSULTA/frmDownloadDocumento.aspx?CodigoInstituicao=1&NumeroSequencialDocumento=6324
61.374.161/0001-30;2011-01-01;2;BAUMER S.A.;001562;FCA;8269;2011-05-17;http://www.rad.cvm.gov.br/ENETCONSULTA/frmDownloadDocumento.aspx?CodigoInstituicao=1&NumeroSequencialDocumento=8269
61.410.395/0001-95;2011-01-01;1;FIBAM COMPANHIA INDUSTRIAL;006017;FCA;5784;2011-03-29;http://www.rad.cvm.gov.br/ENETCONSULTA/frmDownloadDocumento.aspx?CodigoInstituicao=1&NumeroSequencialDocumento=5784
61.410.395/0001-95;2011-01-01;2;FIBAM COMPANHIA INDUSTRIAL;006017;FCA;7340;2011-05-09;http://www.rad.cvm.gov.br/ENETCONSULTA/frmDownloadDocumento.aspx?CodigoInstituicao=1&NumeroSequencialDocumento=7340
61.486.650/0001-83;2011-01-01;1;DIAGNOSTICOS DA AMERICA S.A.;019623;FCA;4298;2011-01-14;http://www.rad.cvm.gov.br/ENETCONSULTA/frmDownloadDocumento.aspx?CodigoInstituicao=1&NumeroSequencialDocumento=4298
61.486.650/0001-83;2011-01-01;2;DIAGNOSTICOS DA AMERICA S.A.;019623;FCA;10647;2011-08-09;http://www.rad.cvm.gov.br/ENETCONSULTA/frmDownloadDocumento.aspx?CodigoInstituicao=1&NumeroSequencialDocumento=10647
61.486.650/0001-83;2011-01-01;3;DIAGNOSTICOS DA AMERICA S.A.;019623;FCA;11463;2011-08-26;http://www.rad.cvm.gov.br/ENETCONSULTA/frmDownloadDocumento.aspx?CodigoInstituicao=1&NumeroSequencialDocumento=11463
61.532.644/0001-15;2011-01-01;1;ITAÚSA S.A.;007617;FCA;4136;2011-01-07;http://www.rad.cvm.gov.br/ENETCONSULTA/frmDownloadDocumento.aspx?CodigoInstituicao=1&NumeroSequencialDocumento=4136
61.532.644/0001-15;2011-01-01;2;ITAÚSA S.A.;007617;FCA;5411;2011-03-22;http://www.rad.cvm.gov.br/ENETCONSULTA/frmDownloadDocumento.aspx?CodigoInstituicao=1&NumeroSequencialDocumento=5411
61.532.644/0001-15;2011-01-01;3;ITAÚSA S.A.;007617;FCA;8627;2011-05-27;http://www.rad.cvm.gov.br/ENETCONSULTA/frmDownloadDocumento.aspx?CodigoInstituicao=1&NumeroSequencialDocumento=8627
61.565.222/0001-46;2011-01-01;1;PARAMOUNT TEXTEIS INDUSTRIA E COMERCIO S/A;019798;FCA;7342;2011-05-09;http://www.rad.cvm.gov.br/ENETCONSULTA/frmDownloadDocumento.aspx?CodigoInstituicao=1&NumeroSequencialDocumento=7342
61.565.222/0001-46;2011-01-01;2;PARAMOUNT TEXTEIS INDUSTRIA E COMERCIO S/A;019798;FCA;8232;2011-05-17;http://www.rad.cvm.gov.br/ENETCONSULTA/frmDownloadDocumento.aspx?CodigoInstituicao=1&NumeroSequencialDocumento=8232
61.565.222/0001-46;2011-01-01;3;PARAMOUNT TEXTEIS INDUSTRIA E COMERCIO S/A;019798;FCA;13136;2011-11-28;http://www.rad.cvm.gov.br/ENETCONSULTA/frmDownloadDocumento.aspx?CodigoInstituicao=1&NumeroSequencialDocumento=13136
61.584.140/0001-49;2011-01-01;1;REDE ENERGIA PARTICIPAÇÕES S.A.;003190;FCA;4410;2011-01-26;http://www.rad.cvm.gov.br/ENETCONSULTA/frmDownloadDocumento.aspx?CodigoInstituicao=1&NumeroSequencialDocumento=4410
61.584.140/0001-49;2011-01-01;2;REDE ENERGIA PARTICIPAÇÕES S.A.;003190;FCA;9461;2011-06-01;http://www.rad.cvm.gov.br/ENETCONSULTA/frmDownloadDocumento.aspx?CodigoInstituicao=1&NumeroSequencialDocumento=9461
61.584.140/0001-49;2011-01-01;3;REDE ENERGIA PARTICIPAÇÕES S.A.;003190;FCA;10896;2011-08-12;http://www.rad.cvm.gov.br/ENETCONSULTA/frmDownloadDocumento.aspx?CodigoInstituicao=1&NumeroSequencialDocumento=10896
61.585.865/0001-51;2011-01-01;1;RAIA DROGASIL S.A.;005258;FCA;5035;2011-02-28;http://www.rad.cvm.gov.br/ENETCONSULTA/frmDownloadDocumento.aspx?CodigoInstituicao=1&NumeroSequencialDocumento=5035
61.585.865/0001-51;2011-01-01;2;RAIA DROGASIL S.A.;005258;FCA;12091;2011-10-19;http://www.rad.cvm.gov.br/ENETCONSULTA/frmDownloadDocumento.aspx?CodigoInstituicao=1&NumeroSequencialDocumento=12091
61.585.865/0001-51;2011-01-01;3;RAIA DROGASIL S.A.;005258;FCA;13109;2011-11-22;http://www.rad.cvm.gov.br/ENETCONSULTA/frmDownloadDocumento.aspx?CodigoInstituicao=1&NumeroSequencialDocumento=13109
61.695.227/0001-93;2011-01-01;1;ELETROPAULO METROP. ELET. SAO PAULO S.A.;014176;FCA;4345;2011-01-20;http://www.rad.cvm.gov.br/ENETCONSULTA/frmDownloadDocumento.aspx?CodigoInstituicao=1&NumeroSequencialDocumento=4345
61.695.227/0001-93;2011-01-01;2;ELETROPAULO METROP. ELET. SAO PAULO S.A.;014176;FCA;5317;2011-03-17;http://www.rad.cvm.gov.br/ENETCONSULTA/frmDownloadDocumento.aspx?CodigoInstituicao=1&NumeroSequencialDocumento=5317
61.695.227/0001-93;2011-01-01;3;ELETROPAULO METROP. ELET. SAO PAULO S.A.;014176;FCA;8540;2011-05-26;http://www.rad.cvm.gov.br/ENETCONSULTA/frmDownloadDocumento.aspx?CodigoInstituicao=1&NumeroSequencialDocumento=8540
61.856.571/0001-17;2011-01-01;1;CIA GAS DE SAO PAULO - COMGAS;015636;FCA;5530;2011-03-24;http://www.rad.cvm.gov.br/ENETCONSULTA/frmDownloadDocumento.aspx?CodigoInstituicao=1&NumeroSequencialDocumento=5530
61.856.571/0001-17;2011-01-01;2;CIA GAS DE SAO PAULO - COMGAS;015636;FCA;8936;2011-05-31;http://www.rad.cvm.gov.br/ENETCONSULTA/frmDownloadDocumento.aspx?CodigoInstituicao=1&NumeroSequencialDocumento=8936
62.002.886/0001-60;2011-01-01;1;SAO PAULO TURISMO S.A.;009415;FCA;4194;2011-01-10;http://www.rad.cvm.gov.br/ENETCONSULTA/frmDownloadDocumento.aspx?CodigoInstituicao=1&NumeroSequencialDocumento=4194
62.002.886/0001-60;2011-01-01;2;SAO PAULO TURISMO S.A.;009415;FCA;9589;2011-06-07;http://www.rad.cvm.gov.br/ENETCONSULTA/frmDownloadDocumento.aspx?CodigoInstituicao=1&NumeroSequencialDocumento=9589
62.002.886/0001-60;2011-01-01;3;SAO PAULO TURISMO S.A.;009415;FCA;11657;2011-09-09;http://www.rad.cvm.gov.br/ENETCONSULTA/frmDownloadDocumento.aspx?CodigoInstituicao=1&NumeroSequencialDocumento=11657
62.063.177/0001-94;2011-01-01;1;SAFRA LEASING SA ARRENDAMENTO MERCANTIL;019844;FCA;5588;2011-03-25;http://www.rad.cvm.gov.br/ENETCONSULTA/frmDownloadDocumento.aspx?CodigoInstituicao=1&NumeroSequencialDocumento=5588
62.063.177/0001-94;2011-01-01;2;SAFRA LEASING SA ARRENDAMENTO MERCANTIL;019844;FCA;7773;2011-05-13;http://www.rad.cvm.gov.br/ENETCONSULTA/frmDownloadDocumento.aspx?CodigoInstituicao=1&NumeroSequencialDocumento=7773
62.136.254/0001-99;2011-01-01;1;BANCO CRUZEIRO DO SUL SA;020753;FCA;6047;2011-03-30;http://www.rad.cvm.gov.br/ENETCONSULTA/frmDownloadDocumento.aspx?CodigoInstituicao=1&NumeroSequencialDocumento=6047
62.136.254/0001-99;2011-01-01;2;BANCO CRUZEIRO DO SUL SA;020753;FCA;6888;2011-04-29;http://www.rad.cvm.gov.br/ENETCONSULTA/frmDownloadDocumento.aspx?CodigoInstituicao=1&NumeroSequencialDocumento=6888
62.136.254/0001-99;2011-01-01;3;BANCO CRUZEIRO DO SUL SA;020753;FCA;9187;2011-05-31;http://www.rad.cvm.gov.br/ENETCONSULTA/frmDownloadDocumento.aspx?CodigoInstituicao=1&NumeroSequencialDocumento=9187
62.144.175/0001-20;2011-01-01;1;BCO PINE S.A;020567;FCA;4148;2011-01-07;http://www.rad.cvm.gov.br/ENETCONSULTA/frmDownloadDocumento.aspx?CodigoInstituicao=1&NumeroSequencialDocumento=4148
62.144.175/0001-20;2011-01-01;2;BCO PINE S.A;020567;FCA;7943;2011-05-13;http://www.rad.cvm.gov.br/ENETCONSULTA/frmDownloadDocumento.aspx?CodigoInstituicao=1&NumeroSequencialDocumento=7943
62.144.175/0001-20;2011-01-01;3;BCO PINE S.A;020567;FCA;10378;2011-07-29;http://www.rad.cvm.gov.br/ENETCONSULTA/frmDownloadDocumento.aspx?CodigoInstituicao=1&NumeroSequencialDocumento=10378
62.232.889/0001-90;2011-01-01;1;BCO DAYCOVAL S.A.;020796;FCA;4245;2011-01-12;http://www.rad.cvm.gov.br/ENETCONSULTA/frmDownloadDocumento.aspx?CodigoInstituicao=1&NumeroSequencialDocumento=4245
62.232.889/0001-90;2011-01-01;2;BCO DAYCOVAL S.A.;020796;FCA;8724;2011-05-30;http://www.rad.cvm.gov.br/ENETCONSULTA/frmDownloadDocumento.aspx?CodigoInstituicao=1&NumeroSequencialDocumento=8724
62.232.889/0001-90;2011-01-01;3;BCO DAYCOVAL S.A.;020796;FCA;10005;2011-07-06;http://www.rad.cvm.gov.br/ENETCONSULTA/frmDownloadDocumento.aspx?CodigoInstituicao=1&NumeroSequencialDocumento=10005
62.232.889/0001-90;2011-01-01;4;BCO DAYCOVAL S.A.;020796;FCA;10751;2011-08-11;http://www.rad.cvm.gov.br/ENETCONSULTA/frmDownloadDocumento.aspx?CodigoInstituicao=1&NumeroSequencialDocumento=10751
62.232.889/0001-90;2011-01-01;5;BCO DAYCOVAL S.A.;020796;FCA;11409;2011-08-24;http://www.rad.cvm.gov.br/ENETCONSULTA/frmDownloadDocumento.aspx?CodigoInstituicao=1&NumeroSequencialDocumento=11409
62.232.889/0001-90;2011-01-01;6;BCO DAYCOVAL S.A.;020796;FCA;11961;2011-10-07;http://www.rad.cvm.gov.br/ENETCONSULTA/frmDownloadDocumento.aspx?CodigoInstituicao=1&NumeroSequencialDocumento=11961
62.232.889/0001-90;2011-01-01;7;BCO DAYCOVAL S.A.;020796;FCA;12234;2011-10-28;http://www.rad.cvm.gov.br/ENETCONSULTA/frmDownloadDocumento.aspx?CodigoInstituicao=1&NumeroSequencialDocumento=12234
62.258.884/0001-36;2011-01-01;1;CAMARGO CORREA CIMENTOS SA;019631;FCA;6147;2011-03-31;http://www.rad.cvm.gov.br/ENETCONSULTA/frmDownloadDocumento.aspx?CodigoInstituicao=1&NumeroSequencialDocumento=6147
62.258.884/0001-36;2011-01-01;2;CAMARGO CORREA CIMENTOS SA;019631;FCA;7241;2011-05-06;http://www.rad.cvm.gov.br/ENETCONSULTA/frmDownloadDocumento.aspx?CodigoInstituicao=1&NumeroSequencialDocumento=7241
62.258.884/0001-36;2011-01-01;3;CAMARGO CORREA CIMENTOS SA;019631;FCA;8732;2011-05-30;http://www.rad.cvm.gov.br/ENETCONSULTA/frmDownloadDocumento.aspx?CodigoInstituicao=1&NumeroSequencialDocumento=8732
62.258.884/0001-36;2011-01-01;4;CAMARGO CORREA CIMENTOS SA;019631;FCA;10215;2011-07-20;http://www.rad.cvm.gov.br/ENETCONSULTA/frmDownloadDocumento.aspx?CodigoInstituicao=1&NumeroSequencialDocumento=10215
62.258.884/0001-36;2011-01-01;5;CAMARGO CORREA CIMENTOS SA;019631;FCA;10229;2011-07-21;http://www.rad.cvm.gov.br/ENETCONSULTA/frmDownloadDocumento.aspx?CodigoInstituicao=1&NumeroSequencialDocumento=10229
62.307.848/0001-15;2011-01-01;1;BANCO RCI BRASIL S.A.;021466;FCA;4731;2011-02-14;http://www.rad.cvm.gov.br/ENETCONSULTA/frmDownloadDocumento.aspx?CodigoInstituicao=1&NumeroSequencialDocumento=4731
62.307.848/0001-15;2011-01-01;2;BANCO RCI BRASIL S.A.;021466;FCA;9354;2011-05-31;http://www.rad.cvm.gov.br/ENETCONSULTA/frmDownloadDocumento.aspx?CodigoInstituicao=1&NumeroSequencialDocumento=9354
62.307.848/0001-15;2011-01-01;3;BANCO RCI BRASIL S.A.;021466;FCA;10850;2011-08-12;http://www.rad.cvm.gov.br/ENETCONSULTA/frmDownloadDocumento.aspx?CodigoInstituicao=1&NumeroSequencialDocumento=10850
65.654.303/0001-73;2011-01-01;1;DIBENS LEASING S.A. - ARREND.MERCANTIL;014214;FCA;4212;2011-01-10;http://www.rad.cvm.gov.br/ENETCONSULTA/frmDownloadDocumento.aspx?CodigoInstituicao=1&NumeroSequencialDocumento=4212
65.654.303/0001-73;2011-01-01;2;DIBENS LEASING S.A. - ARREND.MERCANTIL;014214;FCA;5382;2011-03-21;http://www.rad.cvm.gov.br/ENETCONSULTA/frmDownloadDocumento.aspx?CodigoInstituicao=1&NumeroSequencialDocumento=5382
65.654.303/0001-73;2011-01-01;3;DIBENS LEASING S.A. - ARREND.MERCANTIL;014214;FCA;8624;2011-05-27;http://www.rad.cvm.gov.br/ENETCONSULTA/frmDownloadDocumento.aspx?CodigoInstituicao=1&NumeroSequencialDocumento=8624
65.654.303/0001-73;2011-01-01;4;DIBENS LEASING S.A. - ARREND.MERCANTIL;014214;FCA;9975;2011-07-05;http://www.rad.cvm.gov.br/ENETCONSULTA/frmDownloadDocumento.aspx?CodigoInstituicao=1&NumeroSequencialDocumento=9975
65.654.303/0001-73;2011-01-01;5;DIBENS LEASING S.A. - ARREND.MERCANTIL;014214;FCA;13369;2011-12-16;http://www.rad.cvm.gov.br/ENETCONSULTA/frmDownloadDocumento.aspx?CodigoInstituicao=1&NumeroSequencialDocumento=13369
67.010.660/0001-24;2011-01-01;1;RNI NEGÓCIOS IMOBILIÁRIOS S.A.;020451;FCA;5195;2011-03-10;http://www.rad.cvm.gov.br/ENETCONSULTA/frmDownloadDocumento.aspx?CodigoInstituicao=1&NumeroSequencialDocumento=5195
67.010.660/0001-24;2011-01-01;2;RNI NEGÓCIOS IMOBILIÁRIOS S.A.;020451;FCA;9266;2011-05-31;http://www.rad.cvm.gov.br/ENETCONSULTA/frmDownloadDocumento.aspx?CodigoInstituicao=1&NumeroSequencialDocumento=9266
67.203.208/0001-89;2011-01-01;1;CAMARGO CORREA DESENVOLVIMENTO IMOBILIARIO SA;020486;FCA;4496;2011-01-31;http://www.rad.cvm.gov.br/ENETCONSULTA/frmDownloadDocumento.aspx?CodigoInstituicao=1&NumeroSequencialDocumento=4496
67.203.208/0001-89;2011-01-01;2;CAMARGO CORREA DESENVOLVIMENTO IMOBILIARIO SA;020486;FCA;6323;2011-04-05;http://www.rad.cvm.gov.br/ENETCONSULTA/frmDownloadDocumento.aspx?CodigoInstituicao=1&NumeroSequencialDocumento=6323
67.203.208/0001-89;2011-01-01;3;CAMARGO CORREA DESENVOLVIMENTO IMOBILIARIO SA;020486;FCA;7953;2011-05-13;http://www.rad.cvm.gov.br/ENETCONSULTA/frmDownloadDocumento.aspx?CodigoInstituicao=1&NumeroSequencialDocumento=7953
67.437.434/0001-24;2011-01-01;1;TC SECURITIES CIA DE SECURITIZAÇÃO;020389;FCA;5404;2011-03-22;http://www.rad.cvm.gov.br/ENETCONSULTA/frmDownloadDocumento.aspx?CodigoInstituicao=1&NumeroSequencialDocumento=5404
67.437.434/0001-24;2011-01-01;2;TC SECURITIES CIA DE SECURITIZAÇÃO;020389;FCA;7467;2011-05-10;http://www.rad.cvm.gov.br/ENETCONSULTA/frmDownloadDocumento.aspx?CodigoInstituicao=1&NumeroSequencialDocumento=7467
67.571.414/0001-41;2011-01-01;1;VIVER INCORPORADORA E CONSTRUTORA S.A.;020702;FCA;4321;2011-01-18;http://www.rad.cvm.gov.br/ENETCONSULTA/frmDownloadDocumento.aspx?CodigoInstituicao=1&NumeroSequencialDocumento=4321
67.571.414/0001-41;2011-01-01;2;VIVER INCORPORADORA E CONSTRUTORA S.A.;020702;FCA;7118;2011-05-04;http://www.rad.cvm.gov.br/ENETCONSULTA/frmDownloadDocumento.aspx?CodigoInstituicao=1&NumeroSequencialDocumento=7118
67.571.414/0001-41;2011-01-01;3;VIVER INCORPORADORA E CONSTRUTORA S.A.;020702;FCA;10148;2011-07-14;http://www.rad.cvm.gov.br/ENETCONSULTA/frmDownloadDocumento.aspx?CodigoInstituicao=1&NumeroSequencialDocumento=10148
67.620.377/0001-14;2011-01-01;1;MINERVA S.A.;020931;FCA;4741;2011-02-14;http://www.rad.cvm.gov.br/ENETCONSULTA/frmDownloadDocumento.aspx?CodigoInstituicao=1&NumeroSequencialDocumento=4741
67.620.377/0001-14;2011-01-01;2;MINERVA S.A.;020931;FCA;7487;2011-05-10;http://www.rad.cvm.gov.br/ENETCONSULTA/frmDownloadDocumento.aspx?CodigoInstituicao=1&NumeroSequencialDocumento=7487
67.620.377/0001-14;2011-01-01;3;MINERVA S.A.;020931;FCA;7584;2011-05-11;http://www.rad.cvm.gov.br/ENETCONSULTA/frmDownloadDocumento.aspx?CodigoInstituicao=1&NumeroSequencialDocumento=7584
67.620.377/0001-14;2011-01-01;4;MINERVA S.A.;020931;FCA;8458;2011-05-23;http://www.rad.cvm.gov.br/ENETCONSULTA/frmDownloadDocumento.aspx?CodigoInstituicao=1&NumeroSequencialDocumento=8458
67.620.377/0001-14;2011-01-01;5;MINERVA S.A.;020931;FCA;8594;2011-05-27;http://www.rad.cvm.gov.br/ENETCONSULTA/frmDownloadDocumento.aspx?CodigoInstituicao=1&NumeroSequencialDocumento=8594
67.620.377/0001-14;2011-01-01;6;MINERVA S.A.;020931;FCA;11306;2011-08-18;http://www.rad.cvm.gov.br/ENETCONSULTA/frmDownloadDocumento.aspx?CodigoInstituicao=1&NumeroSequencialDocumento=11306
67.915.785/0001-01;2011-01-01;1;REDFACTOR FACTORING E FOMENTO COML S/A;019496;FCA;8506;2011-05-25;http://www.rad.cvm.gov.br/ENETCONSULTA/frmDownloadDocumento.aspx?CodigoInstituicao=1&NumeroSequencialDocumento=8506
69.720.910/0001-45;2011-01-01;1;CCB BRASIL ARRENDAMENTO MERCANTIL S.A.;015121;FCA;5711;2011-03-28;http://www.rad.cvm.gov.br/ENETCONSULTA/frmDownloadDocumento.aspx?CodigoInstituicao=1&NumeroSequencialDocumento=5711
69.720.910/0001-45;2011-01-01;2;CCB BRASIL ARRENDAMENTO MERCANTIL S.A.;015121;FCA;9602;2011-06-08;http://www.rad.cvm.gov.br/ENETCONSULTA/frmDownloadDocumento.aspx?CodigoInstituicao=1&NumeroSequencialDocumento=9602
71.208.516/0001-74;2011-01-01;1;ALGAR TELECOM S/A;021032;FCA;5218;2011-03-11;http://www.rad.cvm.gov.br/ENETCONSULTA/frmDownloadDocumento.aspx?CodigoInstituicao=1&NumeroSequencialDocumento=5218
71.208.516/0001-74;2011-01-01;2;ALGAR TELECOM S/A;021032;FCA;9383;2011-06-01;http://www.rad.cvm.gov.br/ENETCONSULTA/frmDownloadDocumento.aspx?CodigoInstituicao=1&NumeroSequencialDocumento=9383
71.476.527/0001-35;2011-01-01;1;CONSTRUTORA TENDA S.A.;021148;FCA;4810;2011-02-17;http://www.rad.cvm.gov.br/ENETCONSULTA/frmDownloadDocumento.aspx?CodigoInstituicao=1&NumeroSequencialDocumento=4810
71.476.527/0001-35;2011-01-01;2;CONSTRUTORA TENDA S.A.;021148;FCA;9476;2011-06-01;http://www.rad.cvm.gov.br/ENETCONSULTA/frmDownloadDocumento.aspx?CodigoInstituicao=1&NumeroSequencialDocumento=9476
71.476.527/0001-35;2011-01-01;3;CONSTRUTORA TENDA S.A.;021148;FCA;10475;2011-08-02;http://www.rad.cvm.gov.br/ENETCONSULTA/frmDownloadDocumento.aspx?CodigoInstituicao=1&NumeroSequencialDocumento=10475
71.673.990/0001-77;2011-01-01;1;NATURA COSMETICOS S.A.;019550;FCA;4920;2011-02-23;http://www.rad.cvm.gov.br/ENETCONSULTA/frmDownloadDocumento.aspx?CodigoInstituicao=1&NumeroSequencialDocumento=4920
71.673.990/0001-77;2011-01-01;2;NATURA COSMETICOS S.A.;019550;FCA;6990;2011-05-02;http://www.rad.cvm.gov.br/ENETCONSULTA/frmDownloadDocumento.aspx?CodigoInstituicao=1&NumeroSequencialDocumento=6990
73.178.600/0001-18;2011-01-01;1;CYRELA BRAZIL REALTY S.A.EMPREEND E PART;014460;FCA;4346;2011-01-20;http://www.rad.cvm.gov.br/ENETCONSULTA/frmDownloadDocumento.aspx?CodigoInstituicao=1&NumeroSequencialDocumento=4346
73.178.600/0001-18;2011-01-01;2;CYRELA BRAZIL REALTY S.A.EMPREEND E PART;014460;FCA;7573;2011-05-11;http://www.rad.cvm.gov.br/ENETCONSULTA/frmDownloadDocumento.aspx?CodigoInstituicao=1&NumeroSequencialDocumento=7573
73.178.600/0001-18;2011-01-01;3;CYRELA BRAZIL REALTY S.A.EMPREEND E PART;014460;FCA;11207;2011-08-16;http://www.rad.cvm.gov.br/ENETCONSULTA/frmDownloadDocumento.aspx?CodigoInstituicao=1&NumeroSequencialDocumento=11207
73.903.718/0001-61;2011-01-01;1;SNB PARTICIPACOES SA;014303;FCA;5204;2011-03-11;http://www.rad.cvm.gov.br/ENETCONSULTA/frmDownloadDocumento.aspx?CodigoInstituicao=1&NumeroSequencialDocumento=5204
73.903.718/0001-61;2011-01-01;2;SNB PARTICIPACOES SA;014303;FCA;8373;2011-05-20;http://www.rad.cvm.gov.br/ENETCONSULTA/frmDownloadDocumento.aspx?CodigoInstituicao=1&NumeroSequencialDocumento=8373
73.903.718/0001-61;2011-01-01;3;SNB PARTICIPACOES SA;014303;FCA;12731;2011-11-11;http://www.rad.cvm.gov.br/ENETCONSULTA/frmDownloadDocumento.aspx?CodigoInstituicao=1&NumeroSequencialDocumento=12731
73.903.718/0001-61;2011-01-01;4;SNB PARTICIPACOES SA;014303;FCA;13459;2011-12-23;http://www.rad.cvm.gov.br/ENETCONSULTA/frmDownloadDocumento.aspx?CodigoInstituicao=1&NumeroSequencialDocumento=13459
74.409.467/0001-26;2011-01-01;1;FENICIAPAR S/A;015024;FCA;6097;2011-03-31;http://www.rad.cvm.gov.br/ENETCONSULTA/frmDownloadDocumento.aspx?CodigoInstituicao=1&NumeroSequencialDocumento=6097
74.409.467/0001-26;2011-01-01;2;FENICIAPAR S/A;015024;FCA;6633;2011-04-20;http://www.rad.cvm.gov.br/ENETCONSULTA/frmDownloadDocumento.aspx?CodigoInstituicao=1&NumeroSequencialDocumento=6633
74.409.467/0001-26;2011-01-01;3;FENICIAPAR S/A;015024;FCA;8316;2011-05-19;http://www.rad.cvm.gov.br/ENETCONSULTA/frmDownloadDocumento.aspx?CodigoInstituicao=1&NumeroSequencialDocumento=8316
76.255.926/0001-90;2011-01-01;1;CIA. IGUAÇU DE CAFÉ SOLÚVEL;003336;FCA;4864;2011-02-21;http://www.rad.cvm.gov.br/ENETCONSULTA/frmDownloadDocumento.aspx?CodigoInstituicao=1&NumeroSequencialDocumento=4864
76.255.926/0001-90;2011-01-01;2;CIA. IGUAÇU DE CAFÉ SOLÚVEL;003336;FCA;5430;2011-03-22;http://www.rad.cvm.gov.br/ENETCONSULTA/frmDownloadDocumento.aspx?CodigoInstituicao=1&NumeroSequencialDocumento=5430
76.255.926/0001-90;2011-01-01;3;CIA. IGUAÇU DE CAFÉ SOLÚVEL;003336;FCA;7473;2011-05-10;http://www.rad.cvm.gov.br/ENETCONSULTA/frmDownloadDocumento.aspx?CodigoInstituicao=1&NumeroSequencialDocumento=7473
76.255.926/0001-90;2011-01-01;4;CIA. IGUAÇU DE CAFÉ SOLÚVEL;003336;FCA;11448;2011-08-26;http://www.rad.cvm.gov.br/ENETCONSULTA/frmDownloadDocumento.aspx?CodigoInstituicao=1&NumeroSequencialDocumento=11448
76.255.926/0001-90;2011-01-01;5;CIA. IGUAÇU DE CAFÉ SOLÚVEL;003336;FCA;11937;2011-10-05;http://www.rad.cvm.gov.br/ENETCONSULTA/frmDownloadDocumento.aspx?CodigoInstituicao=1&NumeroSequencialDocumento=11937
76.483.817/0001-20;2011-01-01;1;CIA PARANAENSE DE ENERGIA - COPEL;014311;FCA;4044;2011-01-03;http://www.rad.cvm.gov.br/ENETCONSULTA/frmDownloadDocumento.aspx?CodigoInstituicao=1&NumeroSequencialDocumento=4044
76.483.817/0001-20;2011-01-01;2;CIA PARANAENSE DE ENERGIA - COPEL;014311;FCA;4096;2011-01-05;http://www.rad.cvm.gov.br/ENETCONSULTA/frmDownloadDocumento.aspx?CodigoInstituicao=1&NumeroSequencialDocumento=4096
76.483.817/0001-20;2011-01-01;3;CIA PARANAENSE DE ENERGIA - COPEL;014311;FCA;7599;2011-05-11;http://www.rad.cvm.gov.br/ENETCONSULTA/frmDownloadDocumento.aspx?CodigoInstituicao=1&NumeroSequencialDocumento=7599
76.484.013/0001-45;2011-01-01;1;CIA SANEAMENTO DO PARANA - SANEPAR;018627;FCA;4258;2011-01-13;http://www.rad.cvm.gov.br/ENETCONSULTA/frmDownloadDocumento.aspx?CodigoInstituicao=1&NumeroSequencialDocumento=4258
76.484.013/0001-45;2011-01-01;2;CIA SANEAMENTO DO PARANA - SANEPAR;018627;FCA;7258;2011-05-06;http://www.rad.cvm.gov.br/ENETCONSULTA/frmDownloadDocumento.aspx?CodigoInstituicao=1&NumeroSequencialDocumento=7258
76.484.013/0001-45;2011-01-01;3;CIA SANEAMENTO DO PARANA - SANEPAR;018627;FCA;8881;2011-05-31;http://www.rad.cvm.gov.br/ENETCONSULTA/frmDownloadDocumento.aspx?CodigoInstituicao=1&NumeroSequencialDocumento=8881
76.500.180/0001-32;2011-01-01;1;COMPANHIA PROVIDENCIA IND E COMERCIO;020974;FCA;4494;2011-01-31;http://www.rad.cvm.gov.br/ENETCONSULTA/frmDownloadDocumento.aspx?CodigoInstituicao=1&NumeroSequencialDocumento=4494
76.500.180/0001-32;2011-01-01;2;COMPANHIA PROVIDENCIA IND E COMERCIO;020974;FCA;8381;2011-05-20;http://www.rad.cvm.gov.br/ENETCONSULTA/frmDownloadDocumento.aspx?CodigoInstituicao=1&NumeroSequencialDocumento=8381
76.500.180/0001-32;2011-01-01;3;COMPANHIA PROVIDENCIA IND E COMERCIO;020974;FCA;11611;2011-09-06;http://www.rad.cvm.gov.br/ENETCONSULTA/frmDownloadDocumento.aspx?CodigoInstituicao=1&NumeroSequencialDocumento=11611
76.500.180/0001-32;2011-01-01;4;COMPANHIA PROVIDENCIA IND E COMERCIO;020974;FCA;13191;2011-12-02;http://www.rad.cvm.gov.br/ENETCONSULTA/frmDownloadDocumento.aspx?CodigoInstituicao=1&NumeroSequencialDocumento=13191
76.535.764/0001-43;2011-01-01;1;OI S.A. - EM RECUPERAÇÃO JUDICIAL;011312;FCA;4376;2011-01-24;http://www.rad.cvm.gov.br/ENETCONSULTA/frmDownloadDocumento.aspx?CodigoInstituicao=1&NumeroSequencialDocumento=4376
76.535.764/0001-43;2011-01-01;2;OI S.A. - EM RECUPERAÇÃO JUDICIAL;011312;FCA;8566;2011-05-26;http://www.rad.cvm.gov.br/ENETCONSULTA/frmDownloadDocumento.aspx?CodigoInstituicao=1&NumeroSequencialDocumento=8566
76.535.764/0001-43;2011-01-01;3;OI S.A. - EM RECUPERAÇÃO JUDICIAL;011312;FCA;11217;2011-08-16;http://www.rad.cvm.gov.br/ENETCONSULTA/frmDownloadDocumento.aspx?CodigoInstituicao=1&NumeroSequencialDocumento=11217
76.535.764/0001-43;2011-01-01;4;OI S.A. - EM RECUPERAÇÃO JUDICIAL;011312;FCA;11897;2011-10-03;http://www.rad.cvm.gov.br/ENETCONSULTA/frmDownloadDocumento.aspx?CodigoInstituicao=1&NumeroSequencialDocumento=11897
76.627.504/0001-06;2011-01-01;1;INEPAR S.A. INDUSTRIA E CONSTRUCOES EM RECUPERACAO JUDICIAL;007595;FCA;4735;2011-02-14;http://www.rad.cvm.gov.br/ENETCONSULTA/frmDownloadDocumento.aspx?CodigoInstituicao=1&NumeroSequencialDocumento=4735
76.627.504/0001-06;2011-01-01;2;INEPAR S.A. INDUSTRIA E CONSTRUCOES EM RECUPERACAO JUDICIAL;007595;FCA;7082;2011-05-04;http://www.rad.cvm.gov.br/ENETCONSULTA/frmDownloadDocumento.aspx?CodigoInstituicao=1&NumeroSequencialDocumento=7082
76.627.504/0001-06;2011-01-01;3;INEPAR S.A. INDUSTRIA E CONSTRUCOES EM RECUPERACAO JUDICIAL;007595;FCA;8278;2011-05-18;http://www.rad.cvm.gov.br/ENETCONSULTA/frmDownloadDocumento.aspx?CodigoInstituicao=1&NumeroSequencialDocumento=8278
78.588.415/0001-15;2011-01-01;1;CIA CACIQUE CAFE SOLUVEL;002909;FCA;5501;2011-03-24;http://www.rad.cvm.gov.br/ENETCONSULTA/frmDownloadDocumento.aspx?CodigoInstituicao=1&NumeroSequencialDocumento=5501
78.588.415/0001-15;2011-01-01;2;CIA CACIQUE CAFE SOLUVEL;002909;FCA;8090;2011-05-16;http://www.rad.cvm.gov.br/ENETCONSULTA/frmDownloadDocumento.aspx?CodigoInstituicao=1&NumeroSequencialDocumento=8090
78.588.415/0001-15;2011-01-01;3;CIA CACIQUE CAFE SOLUVEL;002909;FCA;13494;2011-12-27;http://www.rad.cvm.gov.br/ENETCONSULTA/frmDownloadDocumento.aspx?CodigoInstituicao=1&NumeroSequencialDocumento=13494
78.876.950/0001-71;2011-01-01;1;CIA HERING;014761;FCA;4340;2011-01-20;http://www.rad.cvm.gov.br/ENETCONSULTA/frmDownloadDocumento.aspx?CodigoInstituicao=1&NumeroSequencialDocumento=4340
78.876.950/0001-71;2011-01-01;2;CIA HERING;014761;FCA;8708;2011-05-30;http://www.rad.cvm.gov.br/ENETCONSULTA/frmDownloadDocumento.aspx?CodigoInstituicao=1&NumeroSequencialDocumento=8708
79.313.086/0001-62;2011-01-01;1;WIEST SA;014397;FCA;4246;2011-01-12;http://www.rad.cvm.gov.br/ENETCONSULTA/frmDownloadDocumento.aspx?CodigoInstituicao=1&NumeroSequencialDocumento=4246
79.655.916/0001-30;2011-01-01;1;CECRISA REVESTIMENTOS CERAMICOS SA;015610;FCA;5826;2011-03-29;http://www.rad.cvm.gov.br/ENETCONSULTA/frmDownloadDocumento.aspx?CodigoInstituicao=1&NumeroSequencialDocumento=5826
79.655.916/0001-30;2011-01-01;2;CECRISA REVESTIMENTOS CERAMICOS SA;015610;FCA;6967;2011-05-02;http://www.rad.cvm.gov.br/ENETCONSULTA/frmDownloadDocumento.aspx?CodigoInstituicao=1&NumeroSequencialDocumento=6967
79.655.916/0001-30;2011-01-01;3;CECRISA REVESTIMENTOS CERAMICOS SA;015610;FCA;13435;2011-12-22;http://www.rad.cvm.gov.br/ENETCONSULTA/frmDownloadDocumento.aspx?CodigoInstituicao=1&NumeroSequencialDocumento=13435
80.227.184/0001-66;2011-01-01;1;METALGRAFICA IGUACU S.A.;008605;FCA;5594;2011-03-25;http://www.rad.cvm.gov.br/ENETCONSULTA/frmDownloadDocumento.aspx?CodigoInstituicao=1&NumeroSequencialDocumento=5594
80.227.184/0001-66;2011-01-01;2;METALGRAFICA IGUACU S.A.;008605;FCA;7194;2011-05-05;http://www.rad.cvm.gov.br/ENETCONSULTA/frmDownloadDocumento.aspx?CodigoInstituicao=1&NumeroSequencialDocumento=7194
81.243.735/0001-48;2011-01-01;1;POSITIVO TECNOLOGIA S.A.;020362;FCA;4987;2011-02-25;http://www.rad.cvm.gov.br/ENETCONSULTA/frmDownloadDocumento.aspx?CodigoInstituicao=1&NumeroSequencialDocumento=4987
81.243.735/0001-48;2011-01-01;2;POSITIVO TECNOLOGIA S.A.;020362;FCA;5182;2011-03-09;http://www.rad.cvm.gov.br/ENETCONSULTA/frmDownloadDocumento.aspx?CodigoInstituicao=1&NumeroSequencialDocumento=5182
81.243.735/0001-48;2011-01-01;3;POSITIVO TECNOLOGIA S.A.;020362;FCA;6995;2011-05-02;http://www.rad.cvm.gov.br/ENETCONSULTA/frmDownloadDocumento.aspx?CodigoInstituicao=1&NumeroSequencialDocumento=6995
81.243.735/0001-48;2011-01-01;4;POSITIVO TECNOLOGIA S.A.;020362;FCA;12562;2011-11-10;http://www.rad.cvm.gov.br/ENETCONSULTA/frmDownloadDocumento.aspx?CodigoInstituicao=1&NumeroSequencialDocumento=12562
81.304.727/0001-64;2011-01-01;1;IGUACU CELULOSE PAPEL SA;015113;FCA;6168;2011-03-31;http://www.rad.cvm.gov.br/ENETCONSULTA/frmDownloadDocumento.aspx?CodigoInstituicao=1&NumeroSequencialDocumento=6168
81.304.727/0001-64;2011-01-01;2;IGUACU CELULOSE PAPEL SA;015113;FCA;9124;2011-05-31;http://www.rad.cvm.gov.br/ENETCONSULTA/frmDownloadDocumento.aspx?CodigoInstituicao=1&NumeroSequencialDocumento=9124
82.373.077/0001-71;2011-01-01;1;BEMATECH IND COM EQUIP ELETRONICOS SA;020656;FCA;5025;2011-02-28;http://www.rad.cvm.gov.br/ENETCONSULTA/frmDownloadDocumento.aspx?CodigoInstituicao=1&NumeroSequencialDocumento=5025
82.373.077/0001-71;2011-01-01;2;BEMATECH IND COM EQUIP ELETRONICOS SA;020656;FCA;7357;2011-05-09;http://www.rad.cvm.gov.br/ENETCONSULTA/frmDownloadDocumento.aspx?CodigoInstituicao=1&NumeroSequencialDocumento=7357
82.373.077/0001-71;2011-01-01;3;BEMATECH IND COM EQUIP ELETRONICOS SA;020656;FCA;8710;2011-05-30;http://www.rad.cvm.gov.br/ENETCONSULTA/frmDownloadDocumento.aspx?CodigoInstituicao=1&NumeroSequencialDocumento=8710
82.508.433/0001-17;2011-01-01;1;CIA CATARINENSE DE AGUAS E SANEAM.-CASAN;016861;FCA;4059;2011-01-04;http://www.rad.cvm.gov.br/ENETCONSULTA/frmDownloadDocumento.aspx?CodigoInstituicao=1&NumeroSequencialDocumento=4059
82.508.433/0001-17;2011-01-01;2;CIA CATARINENSE DE AGUAS E SANEAM.-CASAN;016861;FCA;7985;2011-05-16;http://www.rad.cvm.gov.br/ENETCONSULTA/frmDownloadDocumento.aspx?CodigoInstituicao=1&NumeroSequencialDocumento=7985
82.508.433/0001-17;2011-01-01;3;CIA CATARINENSE DE AGUAS E SANEAM.-CASAN;016861;FCA;8677;2011-05-30;http://www.rad.cvm.gov.br/ENETCONSULTA/frmDownloadDocumento.aspx?CodigoInstituicao=1&NumeroSequencialDocumento=8677
82.508.433/0001-17;2011-01-01;4;CIA CATARINENSE DE AGUAS E SANEAM.-CASAN;016861;FCA;10491;2011-08-03;http://www.rad.cvm.gov.br/ENETCONSULTA/frmDownloadDocumento.aspx?CodigoInstituicao=1&NumeroSequencialDocumento=10491
82.636.986/0001-55;2011-01-01;1;TEKA-TECELAGEM KUEHNRICH S.A. - EM RECUPERAÇÃO JUDICIAL;011223;FCA;4856;2011-02-21;http://www.rad.cvm.gov.br/ENETCONSULTA/frmDownloadDocumento.aspx?CodigoInstituicao=1&NumeroSequencialDocumento=4856
82.636.986/0001-55;2011-01-01;2;TEKA-TECELAGEM KUEHNRICH S.A. - EM RECUPERAÇÃO JUDICIAL;011223;FCA;8945;2011-05-31;http://www.rad.cvm.gov.br/ENETCONSULTA/frmDownloadDocumento.aspx?CodigoInstituicao=1&NumeroSequencialDocumento=8945
82.640.558/0001-04;2011-01-01;1;KARSTEN S.A.;004146;FCA;4475;2011-01-28;http://www.rad.cvm.gov.br/ENETCONSULTA/frmDownloadDocumento.aspx?CodigoInstituicao=1&NumeroSequencialDocumento=4475
82.640.558/0001-04;2011-01-01;2;KARSTEN S.A.;004146;FCA;5817;2011-03-29;http://www.rad.cvm.gov.br/ENETCONSULTA/frmDownloadDocumento.aspx?CodigoInstituicao=1&NumeroSequencialDocumento=5817
82.640.558/0001-04;2011-01-01;3;KARSTEN S.A.;004146;FCA;7453;2011-05-10;http://www.rad.cvm.gov.br/ENETCONSULTA/frmDownloadDocumento.aspx?CodigoInstituicao=1&NumeroSequencialDocumento=7453
82.640.558/0001-04;2011-01-01;4;KARSTEN S.A.;004146;FCA;10512;2011-08-04;http://www.rad.cvm.gov.br/ENETCONSULTA/frmDownloadDocumento.aspx?CodigoInstituicao=1&NumeroSequencialDocumento=10512
82.640.558/0001-04;2011-01-01;5;KARSTEN S.A.;004146;FCA;11542;2011-09-01;http://www.rad.cvm.gov.br/ENETCONSULTA/frmDownloadDocumento.aspx?CodigoInstituicao=1&NumeroSequencialDocumento=11542
82.640.632/0001-84;2011-01-01;1;LOJAS HERING S.A.;008117;FCA;6334;2011-04-05;http://www.rad.cvm.gov.br/ENETCONSULTA/frmDownloadDocumento.aspx?CodigoInstituicao=1&NumeroSequencialDocumento=6334
82.640.632/0001-84;2011-01-01;2;LOJAS HERING S.A.;008117;FCA;7572;2011-05-11;http://www.rad.cvm.gov.br/ENETCONSULTA/frmDownloadDocumento.aspx?CodigoInstituicao=1&NumeroSequencialDocumento=7572
82.640.632/0001-84;2011-01-01;3;LOJAS HERING S.A.;008117;FCA;8534;2011-05-26;http://www.rad.cvm.gov.br/ENETCONSULTA/frmDownloadDocumento.aspx?CodigoInstituicao=1&NumeroSequencialDocumento=8534
82.640.632/0001-84;2011-01-01;4;LOJAS HERING S.A.;008117;FCA;13417;2011-12-21;http://www.rad.cvm.gov.br/ENETCONSULTA/frmDownloadDocumento.aspx?CodigoInstituicao=1&NumeroSequencialDocumento=13417
82.641.325/0001-18;2011-01-01;1;CREMER SA;020141;FCA;4421;2011-01-26;http://www.rad.cvm.gov.br/ENETCONSULTA/frmDownloadDocumento.aspx?CodigoInstituicao=1&NumeroSequencialDocumento=4421
82.641.325/0001-18;2011-01-01;2;CREMER SA;020141;FCA;7213;2011-05-05;http://www.rad.cvm.gov.br/ENETCONSULTA/frmDownloadDocumento.aspx?CodigoInstituicao=1&NumeroSequencialDocumento=7213
82.643.537/0001-34;2011-01-01;1;ELECTRO ACO ALTONA S.A.;005380;FCA;6461;2011-04-11;http://www.rad.cvm.gov.br/ENETCONSULTA/frmDownloadDocumento.aspx?CodigoInstituicao=1&NumeroSequencialDocumento=6461
82.643.537/0001-34;2011-01-01;2;ELECTRO ACO ALTONA S.A.;005380;FCA;7571;2011-05-11;http://www.rad.cvm.gov.br/ENETCONSULTA/frmDownloadDocumento.aspx?CodigoInstituicao=1&NumeroSequencialDocumento=7571
82.643.537/0001-34;2011-01-01;3;ELECTRO ACO ALTONA S.A.;005380;FCA;8420;2011-05-23;http://www.rad.cvm.gov.br/ENETCONSULTA/frmDownloadDocumento.aspx?CodigoInstituicao=1&NumeroSequencialDocumento=8420
82.643.537/0001-34;2011-01-01;4;ELECTRO ACO ALTONA S.A.;005380;FCA;8424;2011-05-23;http://www.rad.cvm.gov.br/ENETCONSULTA/frmDownloadDocumento.aspx?CodigoInstituicao=1&NumeroSequencialDocumento=8424
82.981.671/0001-45;2011-01-01;1;FAB TECIDOS CARLOS RENAUX SA - EM RECUPERACAO JUDICIAL;005827;FCA;5567;2011-03-25;http://www.rad.cvm.gov.br/ENETCONSULTA/frmDownloadDocumento.aspx?CodigoInstituicao=1&NumeroSequencialDocumento=5567
82.981.671/0001-45;2011-01-01;2;FAB TECIDOS CARLOS RENAUX SA - EM RECUPERACAO JUDICIAL;005827;FCA;7632;2011-05-12;http://www.rad.cvm.gov.br/ENETCONSULTA/frmDownloadDocumento.aspx?CodigoInstituicao=1&NumeroSequencialDocumento=7632
82.981.812/0001-20;2011-01-01;1;BUETTNER SA IND E COMERCIO - EM RECUPERAÇÃO JUDICIAL;002038;FCA;6630;2011-04-20;http://www.rad.cvm.gov.br/ENETCONSULTA/frmDownloadDocumento.aspx?CodigoInstituicao=1&NumeroSequencialDocumento=6630
82.981.812/0001-20;2011-01-01;2;BUETTNER SA IND E COMERCIO - EM RECUPERAÇÃO JUDICIAL;002038;FCA;8386;2011-05-20;http://www.rad.cvm.gov.br/ENETCONSULTA/frmDownloadDocumento.aspx?CodigoInstituicao=1&NumeroSequencialDocumento=8386
82.981.812/0001-20;2011-01-01;3;BUETTNER SA IND E COMERCIO - EM RECUPERAÇÃO JUDICIAL;002038;FCA;10135;2011-07-14;http://www.rad.cvm.gov.br/ENETCONSULTA/frmDownloadDocumento.aspx?CodigoInstituicao=1&NumeroSequencialDocumento=10135
82.981.812/0001-20;2011-01-01;4;BUETTNER SA IND E COMERCIO - EM RECUPERAÇÃO JUDICIAL;002038;FCA;13263;2011-12-09;http://www.rad.cvm.gov.br/ENETCONSULTA/frmDownloadDocumento.aspx?CodigoInstituicao=1&NumeroSequencialDocumento=13263
82.981.929/0001-03;2011-01-01;1;CIA INDUSTRIAL SCHLOSSER S.A.;003549;FCA;6182;2011-03-31;http://www.rad.cvm.gov.br/ENETCONSULTA/frmDownloadDocumento.aspx?CodigoInstituicao=1&NumeroSequencialDocumento=6182
82.981.929/0001-03;2011-01-01;2;CIA INDUSTRIAL SCHLOSSER S.A.;003549;FCA;8307;2011-05-18;http://www.rad.cvm.gov.br/ENETCONSULTA/frmDownloadDocumento.aspx?CodigoInstituicao=1&NumeroSequencialDocumento=8307
82.982.075/0001-80;2011-01-01;1;TEXTIL RENAUXVIEW S.A.;007544;FCA;6165;2011-03-31;http://www.rad.cvm.gov.br/ENETCONSULTA/frmDownloadDocumento.aspx?CodigoInstituicao=1&NumeroSequencialDocumento=6165
82.982.075/0001-80;2011-01-01;2;TEXTIL RENAUXVIEW S.A.;007544;FCA;6369;2011-04-06;http://www.rad.cvm.gov.br/ENETCONSULTA/frmDownloadDocumento.aspx?CodigoInstituicao=1&NumeroSequencialDocumento=6369
82.982.075/0001-80;2011-01-01;3;TEXTIL RENAUXVIEW S.A.;007544;FCA;12654;2011-11-11;http://www.rad.cvm.gov.br/ENETCONSULTA/frmDownloadDocumento.aspx?CodigoInstituicao=1&NumeroSequencialDocumento=12654
83.475.913/0001-91;2011-01-01;1;PBG S/A;013773;FCA;5400;2011-03-21;http://www.rad.cvm.gov.br/ENETCONSULTA/frmDownloadDocumento.aspx?CodigoInstituicao=1&NumeroSequencialDocumento=5400
83.475.913/0001-91;2011-01-01;2;PBG S/A;013773;FCA;9379;2011-06-01;http://www.rad.cvm.gov.br/ENETCONSULTA/frmDownloadDocumento.aspx?CodigoInstituicao=1&NumeroSequencialDocumento=9379
83.475.913/0001-91;2011-01-01;3;PBG S/A;013773;FCA;10218;2011-07-20;http://www.rad.cvm.gov.br/ENETCONSULTA/frmDownloadDocumento.aspx?CodigoInstituicao=1&NumeroSequencialDocumento=10218
83.475.913/0001-91;2011-01-01;4;PBG S/A;013773;FCA;11870;2011-09-29;http://www.rad.cvm.gov.br/ENETCONSULTA/frmDownloadDocumento.aspx?CodigoInstituicao=1&NumeroSequencialDocumento=11870
83.878.892/0001-55;2011-01-01;1;CENTRAIS ELET DE SANTA CATARINA S.A.;002461;FCA;4271;2011-01-14;http://www.rad.cvm.gov.br/ENETCONSULTA/frmDownloadDocumento.aspx?CodigoInstituicao=1&NumeroSequencialDocumento=4271
83.878.892/0001-55;2011-01-01;2;CENTRAIS ELET DE SANTA CATARINA S.A.;002461;FCA;8715;2011-05-30;http://www.rad.cvm.gov.br/ENETCONSULTA/frmDownloadDocumento.aspx?CodigoInstituicao=1&NumeroSequencialDocumento=8715
84.208.123/0001-02;2011-01-01;1;CIA DOCAS DE IMBITUBA;003174;FCA;6163;2011-03-31;http://www.rad.cvm.gov.br/ENETCONSULTA/frmDownloadDocumento.aspx?CodigoInstituicao=1&NumeroSequencialDocumento=6163
84.429.695/0001-11;2011-01-01;1;WEG S.A.;005410;FCA;4905;2011-02-23;http://www.rad.cvm.gov.br/ENETCONSULTA/frmDownloadDocumento.aspx?CodigoInstituicao=1&NumeroSequencialDocumento=4905
84.429.695/0001-11;2011-01-01;2;WEG S.A.;005410;FCA;7464;2011-05-10;http://www.rad.cvm.gov.br/ENETCONSULTA/frmDownloadDocumento.aspx?CodigoInstituicao=1&NumeroSequencialDocumento=7464
84.429.752/0001-62;2011-01-01;1;MARISOL SA;008486;FCA;4084;2011-01-05;http://www.rad.cvm.gov.br/ENETCONSULTA/frmDownloadDocumento.aspx?CodigoInstituicao=1&NumeroSequencialDocumento=4084
84.429.752/0001-62;2011-01-01;2;MARISOL SA;008486;FCA;5426;2011-03-22;http://www.rad.cvm.gov.br/ENETCONSULTA/frmDownloadDocumento.aspx?CodigoInstituicao=1&NumeroSequencialDocumento=5426
84.429.752/0001-62;2011-01-01;3;MARISOL SA;008486;FCA;6401;2011-04-07;http://www.rad.cvm.gov.br/ENETCONSULTA/frmDownloadDocumento.aspx?CodigoInstituicao=1&NumeroSequencialDocumento=6401
84.429.752/0001-62;2011-01-01;4;MARISOL SA;008486;FCA;8761;2011-05-30;http://www.rad.cvm.gov.br/ENETCONSULTA/frmDownloadDocumento.aspx?CodigoInstituicao=1&NumeroSequencialDocumento=8761
84.683.374/0001-49;2011-01-01;1;TUPY S.A.;006343;FCA;5871;2011-03-29;http://www.rad.cvm.gov.br/ENETCONSULTA/frmDownloadDocumento.aspx?CodigoInstituicao=1&NumeroSequencialDocumento=5871
84.683.374/0001-49;2011-01-01;2;TUPY S.A.;006343;FCA;8932;2011-05-31;http://www.rad.cvm.gov.br/ENETCONSULTA/frmDownloadDocumento.aspx?CodigoInstituicao=1&NumeroSequencialDocumento=8932
84.683.408/0001-03;2011-01-01;1;DOHLER S.A.;005207;FCA;5717;2011-03-28;http://www.rad.cvm.gov.br/ENETCONSULTA/frmDownloadDocumento.aspx?CodigoInstituicao=1&NumeroSequencialDocumento=5717
84.683.408/0001-03;2011-01-01;2;DOHLER S.A.;005207;FCA;9463;2011-06-01;http://www.rad.cvm.gov.br/ENETCONSULTA/frmDownloadDocumento.aspx?CodigoInstituicao=1&NumeroSequencialDocumento=9463
84.683.671/0001-94;2011-01-01;1;WETZEL S.A.;011991;FCA;5949;2011-03-30;http://www.rad.cvm.gov.br/ENETCONSULTA/frmDownloadDocumento.aspx?CodigoInstituicao=1&NumeroSequencialDocumento=5949
84.683.671/0001-94;2011-01-01;2;WETZEL S.A.;011991;FCA;6983;2011-05-02;http://www.rad.cvm.gov.br/ENETCONSULTA/frmDownloadDocumento.aspx?CodigoInstituicao=1&NumeroSequencialDocumento=6983
84.683.762/0001-20;2011-01-01;1;METALURGICA DUQUE SA;008648;FCA;5415;2011-03-22;http://www.rad.cvm.gov.br/ENETCONSULTA/frmDownloadDocumento.aspx?CodigoInstituicao=1&NumeroSequencialDocumento=5415
84.683.762/0001-20;2011-01-01;2;METALURGICA DUQUE SA;008648;FCA;9527;2011-06-03;http://www.rad.cvm.gov.br/ENETCONSULTA/frmDownloadDocumento.aspx?CodigoInstituicao=1&NumeroSequencialDocumento=9527
84.693.183/0001-68;2011-01-01;1;SCHULZ S.A.;014664;FCA;5310;2011-03-17;http://www.rad.cvm.gov.br/ENETCONSULTA/frmDownloadDocumento.aspx?CodigoInstituicao=1&NumeroSequencialDocumento=5310
84.693.183/0001-68;2011-01-01;2;SCHULZ S.A.;014664;FCA;8535;2011-05-26;http://www.rad.cvm.gov.br/ENETCONSULTA/frmDownloadDocumento.aspx?CodigoInstituicao=1&NumeroSequencialDocumento=8535
84.693.183/0001-68;2011-01-01;3;SCHULZ S.A.;014664;FCA;13279;2011-12-12;http://www.rad.cvm.gov.br/ENETCONSULTA/frmDownloadDocumento.aspx?CodigoInstituicao=1&NumeroSequencialDocumento=13279
85.041.333/0001-11;2011-01-01;1;PORTO PONTA DO FELIX S/A;015407;FCA;6184;2011-03-31;http://www.rad.cvm.gov.br/ENETCONSULTA/frmDownloadDocumento.aspx?CodigoInstituicao=1&NumeroSequencialDocumento=6184
85.041.333/0001-11;2011-01-01;2;PORTO PONTA DO FELIX S/A;015407;FCA;7831;2011-05-13;http://www.rad.cvm.gov.br/ENETCONSULTA/frmDownloadDocumento.aspx?CodigoInstituicao=1&NumeroSequencialDocumento=7831
85.778.074/0001-06;2011-01-01;1;METALURGICA RIOSULENSE S.A.;013439;FCA;4477;2011-01-28;http://www.rad.cvm.gov.br/ENETCONSULTA/frmDownloadDocumento.aspx?CodigoInstituicao=1&NumeroSequencialDocumento=4477
85.778.074/0001-06;2011-01-01;2;METALURGICA RIOSULENSE S.A.;013439;FCA;7655;2011-05-12;http://www.rad.cvm.gov.br/ENETCONSULTA/frmDownloadDocumento.aspx?CodigoInstituicao=1&NumeroSequencialDocumento=7655
86.047.198/0001-84;2011-01-01;1;BUDDEMEYER S/A;019801;FCA;5165;2011-03-04;http://www.rad.cvm.gov.br/ENETCONSULTA/frmDownloadDocumento.aspx?CodigoInstituicao=1&NumeroSequencialDocumento=5165
86.375.425/0001-09;2011-01-01;1;METISA METALURGICA TIMBOENSE S.A.;008753;FCA;5955;2011-03-30;http://www.rad.cvm.gov.br/ENETCONSULTA/frmDownloadDocumento.aspx?CodigoInstituicao=1&NumeroSequencialDocumento=5955
86.375.425/0001-09;2011-01-01;2;METISA METALURGICA TIMBOENSE S.A.;008753;FCA;7115;2011-05-04;http://www.rad.cvm.gov.br/ENETCONSULTA/frmDownloadDocumento.aspx?CodigoInstituicao=1&NumeroSequencialDocumento=7115
86.550.951/0001-50;2011-01-01;1;POMIFRUTAS S/A EM RECUPERACAO JUDICIAL;019658;FCA;6660;2011-04-21;http://www.rad.cvm.gov.br/ENETCONSULTA/frmDownloadDocumento.aspx?CodigoInstituicao=1&NumeroSequencialDocumento=6660
86.550.951/0001-50;2011-01-01;2;POMIFRUTAS S/A EM RECUPERACAO JUDICIAL;019658;FCA;8753;2011-05-30;http://www.rad.cvm.gov.br/ENETCONSULTA/frmDownloadDocumento.aspx?CodigoInstituicao=1&NumeroSequencialDocumento=8753
86.550.951/0001-50;2011-01-01;3;POMIFRUTAS S/A EM RECUPERACAO JUDICIAL;019658;FCA;9295;2011-05-31;http://www.rad.cvm.gov.br/ENETCONSULTA/frmDownloadDocumento.aspx?CodigoInstituicao=1&NumeroSequencialDocumento=9295
86.550.951/0001-50;2011-01-01;4;POMIFRUTAS S/A EM RECUPERACAO JUDICIAL;019658;FCA;10763;2011-08-11;http://www.rad.cvm.gov.br/ENETCONSULTA/frmDownloadDocumento.aspx?CodigoInstituicao=1&NumeroSequencialDocumento=10763
86.550.951/0001-50;2011-01-01;5;POMIFRUTAS S/A EM RECUPERACAO JUDICIAL;019658;FCA;11668;2011-09-10;http://www.rad.cvm.gov.br/ENETCONSULTA/frmDownloadDocumento.aspx?CodigoInstituicao=1&NumeroSequencialDocumento=11668
87.043.832/0001-73;2011-01-01;1;SEIVA S.A. - FLORESTAS E INDÚSTRIAS;010561;FCA;4204;2011-01-10;http://www.rad.cvm.gov.br/ENETCONSULTA/frmDownloadDocumento.aspx?CodigoInstituicao=1&NumeroSequencialDocumento=4204
87.043.832/0001-73;2011-01-01;2;SEIVA S.A. - FLORESTAS E INDÚSTRIAS;010561;FCA;9009;2011-05-31;http://www.rad.cvm.gov.br/ENETCONSULTA/frmDownloadDocumento.aspx?CodigoInstituicao=1&NumeroSequencialDocumento=9009
87.456.562/0001-22;2011-01-01;1;JOSAPAR-JOAQUIM OLIVEIRA S.A. - PARTICIP;013285;FCA;4702;2011-02-10;http://www.rad.cvm.gov.br/ENETCONSULTA/frmDownloadDocumento.aspx?CodigoInstituicao=1&NumeroSequencialDocumento=4702
87.456.562/0001-22;2011-01-01;2;JOSAPAR-JOAQUIM OLIVEIRA S.A. - PARTICIP;013285;FCA;9066;2011-05-31;http://www.rad.cvm.gov.br/ENETCONSULTA/frmDownloadDocumento.aspx?CodigoInstituicao=1&NumeroSequencialDocumento=9066
87.456.562/0001-22;2011-01-01;3;JOSAPAR-JOAQUIM OLIVEIRA S.A. - PARTICIP;013285;FCA;12882;2011-11-14;http://www.rad.cvm.gov.br/ENETCONSULTA/frmDownloadDocumento.aspx?CodigoInstituicao=1&NumeroSequencialDocumento=12882
87.762.563/0001-03;2011-01-01;1;CIA HABITASUL DE PARTICIPACOES;003298;FCA;5799;2011-03-29;http://www.rad.cvm.gov.br/ENETCONSULTA/frmDownloadDocumento.aspx?CodigoInstituicao=1&NumeroSequencialDocumento=5799
87.762.563/0001-03;2011-01-01;2;CIA HABITASUL DE PARTICIPACOES;003298;FCA;8845;2011-05-31;http://www.rad.cvm.gov.br/ENETCONSULTA/frmDownloadDocumento.aspx?CodigoInstituicao=1&NumeroSequencialDocumento=8845
88.610.126/0001-29;2011-01-01;1;FRAS-LE S.A.;006211;FCA;4829;2011-02-18;http://www.rad.cvm.gov.br/ENETCONSULTA/frmDownloadDocumento.aspx?CodigoInstituicao=1&NumeroSequencialDocumento=4829
88.610.126/0001-29;2011-01-01;2;FRAS-LE S.A.;006211;FCA;8755;2011-05-30;http://www.rad.cvm.gov.br/ENETCONSULTA/frmDownloadDocumento.aspx?CodigoInstituicao=1&NumeroSequencialDocumento=8755
88.610.191/0001-54;2011-01-01;1;MUNDIAL S.A. - PRODUTOS DE CONSUMO;005312;FCA;4806;2011-02-17;http://www.rad.cvm.gov.br/ENETCONSULTA/frmDownloadDocumento.aspx?CodigoInstituicao=1&NumeroSequencialDocumento=4806
88.610.191/0001-54;2011-01-01;2;MUNDIAL S.A. - PRODUTOS DE CONSUMO;005312;FCA;6286;2011-04-03;http://www.rad.cvm.gov.br/ENETCONSULTA/frmDownloadDocumento.aspx?CodigoInstituicao=1&NumeroSequencialDocumento=6286
88.610.191/0001-54;2011-01-01;3;MUNDIAL S.A. - PRODUTOS DE CONSUMO;005312;FCA;9186;2011-05-31;http://www.rad.cvm.gov.br/ENETCONSULTA/frmDownloadDocumento.aspx?CodigoInstituicao=1&NumeroSequencialDocumento=9186
88.611.835/0001-29;2011-01-01;1;MARCOPOLO S.A.;008451;FCA;4839;2011-02-18;http://www.rad.cvm.gov.br/ENETCONSULTA/frmDownloadDocumento.aspx?CodigoInstituicao=1&NumeroSequencialDocumento=4839
88.611.835/0001-29;2011-01-01;2;MARCOPOLO S.A.;008451;FCA;7031;2011-05-03;http://www.rad.cvm.gov.br/ENETCONSULTA/frmDownloadDocumento.aspx?CodigoInstituicao=1&NumeroSequencialDocumento=7031
88.611.983/0001-43;2011-01-01;1;GAZOLA SA INDÚSTRIA METALURGICA;006378;FCA;9935;2011-07-01;http://www.rad.cvm.gov.br/ENETCONSULTA/frmDownloadDocumento.aspx?CodigoInstituicao=1&NumeroSequencialDocumento=9935
88.613.658/0001-10;2011-01-01;1;PETTENATI S.A. INDUSTRIA TEXTIL;009539;FCA;4348;2011-01-20;http://www.rad.cvm.gov.br/ENETCONSULTA/frmDownloadDocumento.aspx?CodigoInstituicao=1&NumeroSequencialDocumento=4348
88.613.658/0001-10;2011-01-01;2;PETTENATI S.A. INDUSTRIA TEXTIL;009539;FCA;8663;2011-05-27;http://www.rad.cvm.gov.br/ENETCONSULTA/frmDownloadDocumento.aspx?CodigoInstituicao=1&NumeroSequencialDocumento=8663
89.086.144/0001-16;2011-01-01;1;RANDON S.A. IMPLEMENTOS E PARTICIPACOES;014109;FCA;4662;2011-02-09;http://www.rad.cvm.gov.br/ENETCONSULTA/frmDownloadDocumento.aspx?CodigoInstituicao=1&NumeroSequencialDocumento=4662
89.086.144/0001-16;2011-01-01;2;RANDON S.A. IMPLEMENTOS E PARTICIPACOES;014109;FCA;8738;2011-05-30;http://www.rad.cvm.gov.br/ENETCONSULTA/frmDownloadDocumento.aspx?CodigoInstituicao=1&NumeroSequencialDocumento=8738
89.096.457/0001-55;2011-01-01;1;SLC AGRICOLA S.A.;020745;FCA;5095;2011-03-02;http://www.rad.cvm.gov.br/ENETCONSULTA/frmDownloadDocumento.aspx?CodigoInstituicao=1&NumeroSequencialDocumento=5095
89.096.457/0001-55;2011-01-01;2;SLC AGRICOLA S.A.;020745;FCA;9497;2011-06-02;http://www.rad.cvm.gov.br/ENETCONSULTA/frmDownloadDocumento.aspx?CodigoInstituicao=1&NumeroSequencialDocumento=9497
89.463.822/0001-12;2011-01-01;1;LUPATECH S.A;020060;FCA;4501;2011-01-31;http://www.rad.cvm.gov.br/ENETCONSULTA/frmDownloadDocumento.aspx?CodigoInstituicao=1&NumeroSequencialDocumento=4501
89.463.822/0001-12;2011-01-01;2;LUPATECH S.A;020060;FCA;6523;2011-04-14;http://www.rad.cvm.gov.br/ENETCONSULTA/frmDownloadDocumento.aspx?CodigoInstituicao=1&NumeroSequencialDocumento=6523
89.463.822/0001-12;2011-01-01;3;LUPATECH S.A;020060;FCA;6961;2011-05-02;http://www.rad.cvm.gov.br/ENETCONSULTA/frmDownloadDocumento.aspx?CodigoInstituicao=1&NumeroSequencialDocumento=6961
89.463.822/0001-12;2011-01-01;4;LUPATECH S.A;020060;FCA;8668;2011-05-27;http://www.rad.cvm.gov.br/ENETCONSULTA/frmDownloadDocumento.aspx?CodigoInstituicao=1&NumeroSequencialDocumento=8668
89.547.269/0001-04;2011-01-01;1;DIGITEL SA INDUSTRIA ELETRONICA;012858;FCA;5665;2011-03-28;http://www.rad.cvm.gov.br/ENETCONSULTA/frmDownloadDocumento.aspx?CodigoInstituicao=1&NumeroSequencialDocumento=5665
89.547.269/0001-04;2011-01-01;2;DIGITEL SA INDUSTRIA ELETRONICA;012858;FCA;8242;2011-05-17;http://www.rad.cvm.gov.br/ENETCONSULTA/frmDownloadDocumento.aspx?CodigoInstituicao=1&NumeroSequencialDocumento=8242
89.637.490/0001-45;2011-01-01;1;KLABIN S.A.;012653;FCA;4798;2011-02-17;http://www.rad.cvm.gov.br/ENETCONSULTA/frmDownloadDocumento.aspx?CodigoInstituicao=1&NumeroSequencialDocumento=4798
89.637.490/0001-45;2011-01-01;2;KLABIN S.A.;012653;FCA;4997;2011-02-25;http://www.rad.cvm.gov.br/ENETCONSULTA/frmDownloadDocumento.aspx?CodigoInstituicao=1&NumeroSequencialDocumento=4997
89.637.490/0001-45;2011-01-01;3;KLABIN S.A.;012653;FCA;8006;2011-05-16;http://www.rad.cvm.gov.br/ENETCONSULTA/frmDownloadDocumento.aspx?CodigoInstituicao=1&NumeroSequencialDocumento=8006
89.637.490/0001-45;2011-01-01;4;KLABIN S.A.;012653;FCA;10571;2011-08-05;http://www.rad.cvm.gov.br/ENETCONSULTA/frmDownloadDocumento.aspx?CodigoInstituicao=1&NumeroSequencialDocumento=10571
89.723.993/0001-33;2011-01-01;1;CONSTRUTORA SULTEPA S.A. - EM RECUPERAÇÃO JUDICIAL;013030;FCA;6256;2011-04-01;http://www.rad.cvm.gov.br/ENETCONSULTA/frmDownloadDocumento.aspx?CodigoInstituicao=1&NumeroSequencialDocumento=6256
89.723.993/0001-33;2011-01-01;2;CONSTRUTORA SULTEPA S.A. - EM RECUPERAÇÃO JUDICIAL;013030;FCA;8247;2011-05-17;http://www.rad.cvm.gov.br/ENETCONSULTA/frmDownloadDocumento.aspx?CodigoInstituicao=1&NumeroSequencialDocumento=8247
89.850.341/0001-60;2011-01-01;1;GRENDENE S.A.;019615;FCA;4105;2011-01-06;http://www.rad.cvm.gov.br/ENETCONSULTA/frmDownloadDocumento.aspx?CodigoInstituicao=1&NumeroSequencialDocumento=4105
89.850.341/0001-60;2011-01-01;2;GRENDENE S.A.;019615;FCA;7094;2011-05-04;http://www.rad.cvm.gov.br/ENETCONSULTA/frmDownloadDocumento.aspx?CodigoInstituicao=1&NumeroSequencialDocumento=7094
89.850.341/0001-60;2011-01-01;3;GRENDENE S.A.;019615;FCA;7445;2011-05-10;http://www.rad.cvm.gov.br/ENETCONSULTA/frmDownloadDocumento.aspx?CodigoInstituicao=1&NumeroSequencialDocumento=7445
90.076.886/0001-40;2011-01-01;1;MINUPAR PARTICIPACOES S.A.;013765;FCA;9835;2011-06-24;http://www.rad.cvm.gov.br/ENETCONSULTA/frmDownloadDocumento.aspx?CodigoInstituicao=1&NumeroSequencialDocumento=9835
90.076.886/0001-40;2011-01-01;2;MINUPAR PARTICIPACOES S.A.;013765;FCA;11478;2011-08-29;http://www.rad.cvm.gov.br/ENETCONSULTA/frmDownloadDocumento.aspx?CodigoInstituicao=1&NumeroSequencialDocumento=11478
90.400.888/0001-42;2011-01-01;1;BCO SANTANDER (BRASIL) S.A.;020532;FCA;4527;2011-02-01;http://www.rad.cvm.gov.br/ENETCONSULTA/frmDownloadDocumento.aspx?CodigoInstituicao=1&NumeroSequencialDocumento=4527
90.400.888/0001-42;2011-01-01;2;BCO SANTANDER (BRASIL) S.A.;020532;FCA;9291;2011-05-31;http://www.rad.cvm.gov.br/ENETCONSULTA/frmDownloadDocumento.aspx?CodigoInstituicao=1&NumeroSequencialDocumento=9291
90.400.888/0001-42;2011-01-01;3;BCO SANTANDER (BRASIL) S.A.;020532;FCA;10765;2011-08-11;http://www.rad.cvm.gov.br/ENETCONSULTA/frmDownloadDocumento.aspx?CodigoInstituicao=1&NumeroSequencialDocumento=10765
90.724.345/0001-80;2011-01-01;1;IND MAQS AGRICOLAS FUCHS SA;007064;FCA;6531;2011-04-14;http://www.rad.cvm.gov.br/ENETCONSULTA/frmDownloadDocumento.aspx?CodigoInstituicao=1&NumeroSequencialDocumento=6531
90.724.345/0001-80;2011-01-01;2;IND MAQS AGRICOLAS FUCHS SA;007064;FCA;9381;2011-06-01;http://www.rad.cvm.gov.br/ENETCONSULTA/frmDownloadDocumento.aspx?CodigoInstituicao=1&NumeroSequencialDocumento=9381
90.724.345/0001-80;2011-01-01;3;IND MAQS AGRICOLAS FUCHS SA;007064;FCA;11808;2011-09-22;http://www.rad.cvm.gov.br/ENETCONSULTA/frmDownloadDocumento.aspx?CodigoInstituicao=1&NumeroSequencialDocumento=11808
91.333.666/0001-17;2011-01-01;1;RECRUSUL S.A.;012572;FCA;4442;2011-01-26;http://www.rad.cvm.gov.br/ENETCONSULTA/frmDownloadDocumento.aspx?CodigoInstituicao=1&NumeroSequencialDocumento=4442
91.333.666/0001-17;2011-01-01;2;RECRUSUL S.A.;012572;FCA;12120;2011-10-21;http://www.rad.cvm.gov.br/ENETCONSULTA/frmDownloadDocumento.aspx?CodigoInstituicao=1&NumeroSequencialDocumento=12120
91.669.747/0001-92;2011-01-01;1;DM FINANCEIRA S.A. - CRÉDITO, FINANCIAMENTO E INVESTIMENTO;006076;FCA;5653;2011-03-28;http://www.rad.cvm.gov.br/ENETCONSULTA/frmDownloadDocumento.aspx?CodigoInstituicao=1&NumeroSequencialDocumento=5653
91.669.747/0001-92;2011-01-01;2;DM FINANCEIRA S.A. - CRÉDITO, FINANCIAMENTO E INVESTIMENTO;006076;FCA;7032;2011-05-03;http://www.rad.cvm.gov.br/ENETCONSULTA/frmDownloadDocumento.aspx?CodigoInstituicao=1&NumeroSequencialDocumento=7032
91.820.068/0001-72;2011-01-01;1;ÉVORA SA;013412;FCA;5260;2011-03-14;http://www.rad.cvm.gov.br/ENETCONSULTA/frmDownloadDocumento.aspx?CodigoInstituicao=1&NumeroSequencialDocumento=5260
91.820.068/0001-72;2011-01-01;2;ÉVORA SA;013412;FCA;9374;2011-06-01;http://www.rad.cvm.gov.br/ENETCONSULTA/frmDownloadDocumento.aspx?CodigoInstituicao=1&NumeroSequencialDocumento=9374
91.983.056/0001-69;2011-01-01;1;KEPLER WEBER S.A.;007870;FCA;4325;2011-01-19;http://www.rad.cvm.gov.br/ENETCONSULTA/frmDownloadDocumento.aspx?CodigoInstituicao=1&NumeroSequencialDocumento=4325
91.983.056/0001-69;2011-01-01;2;KEPLER WEBER S.A.;007870;FCA;8696;2011-05-30;http://www.rad.cvm.gov.br/ENETCONSULTA/frmDownloadDocumento.aspx?CodigoInstituicao=1&NumeroSequencialDocumento=8696
91.983.056/0001-69;2011-01-01;3;KEPLER WEBER S.A.;007870;FCA;10618;2011-08-09;http://www.rad.cvm.gov.br/ENETCONSULTA/frmDownloadDocumento.aspx?CodigoInstituicao=1&NumeroSequencialDocumento=10618
92.012.467/0001-70;2011-01-01;1;GRAZZIOTIN S.A.;004537;FCA;5140;2011-03-04;http://www.rad.cvm.gov.br/ENETCONSULTA/frmDownloadDocumento.aspx?CodigoInstituicao=1&NumeroSequencialDocumento=5140
92.012.467/0001-70;2011-01-01;2;GRAZZIOTIN S.A.;004537;FCA;6666;2011-04-25;http://www.rad.cvm.gov.br/ENETCONSULTA/frmDownloadDocumento.aspx?CodigoInstituicao=1&NumeroSequencialDocumento=6666
92.012.467/0001-70;2011-01-01;3;GRAZZIOTIN S.A.;004537;FCA;7036;2011-05-03;http://www.rad.cvm.gov.br/ENETCONSULTA/frmDownloadDocumento.aspx?CodigoInstituicao=1&NumeroSequencialDocumento=7036
92.660.570/0001-26;2011-01-01;1;TREVISA INVESTIMENTOS S.A.;008192;FCA;5421;2011-03-22;http://www.rad.cvm.gov.br/ENETCONSULTA/frmDownloadDocumento.aspx?CodigoInstituicao=1&NumeroSequencialDocumento=5421
92.660.570/0001-26;2011-01-01;2;TREVISA INVESTIMENTOS S.A.;008192;FCA;7278;2011-05-06;http://www.rad.cvm.gov.br/ENETCONSULTA/frmDownloadDocumento.aspx?CodigoInstituicao=1&NumeroSequencialDocumento=7278
92.660.570/0001-26;2011-01-01;3;TREVISA INVESTIMENTOS S.A.;008192;FCA;13419;2011-12-21;http://www.rad.cvm.gov.br/ENETCONSULTA/frmDownloadDocumento.aspx?CodigoInstituicao=1&NumeroSequencialDocumento=13419
92.660.604/0001-82;2011-01-01;1;YARA BRASIL FERTILIZANTES;000140;FCA;6596;2011-04-19;http://www.rad.cvm.gov.br/ENETCONSULTA/frmDownloadDocumento.aspx?CodigoInstituicao=1&NumeroSequencialDocumento=6596
92.660.604/0001-82;2011-01-01;2;YARA BRASIL FERTILIZANTES;000140;FCA;9375;2011-06-01;http://www.rad.cvm.gov.br/ENETCONSULTA/frmDownloadDocumento.aspx?CodigoInstituicao=1&NumeroSequencialDocumento=9375
92.660.604/0001-82;2011-01-01;3;YARA BRASIL FERTILIZANTES;000140;FCA;10674;2011-08-10;http://www.rad.cvm.gov.br/ENETCONSULTA/frmDownloadDocumento.aspx?CodigoInstituicao=1&NumeroSequencialDocumento=10674
92.660.604/0001-82;2011-01-01;4;YARA BRASIL FERTILIZANTES;000140;FCA;11259;2011-08-16;http://www.rad.cvm.gov.br/ENETCONSULTA/frmDownloadDocumento.aspx?CodigoInstituicao=1&NumeroSequencialDocumento=11259
92.665.611/0001-77;2011-01-01;1;DIMED S.A. DISTRIBUIDORA DE MEDICAMENTOS;009342;FCA;5774;2011-03-29;http://www.rad.cvm.gov.br/ENETCONSULTA/frmDownloadDocumento.aspx?CodigoInstituicao=1&NumeroSequencialDocumento=5774
92.665.611/0001-77;2011-01-01;2;DIMED S.A. DISTRIBUIDORA DE MEDICAMENTOS;009342;FCA;9288;2011-05-31;http://www.rad.cvm.gov.br/ENETCONSULTA/frmDownloadDocumento.aspx?CodigoInstituicao=1&NumeroSequencialDocumento=9288
92.690.783/0001-09;2011-01-01;1;METALURGICA GERDAU S.A.;008656;FCA;4197;2011-01-10;http://www.rad.cvm.gov.br/ENETCONSULTA/frmDownloadDocumento.aspx?CodigoInstituicao=1&NumeroSequencialDocumento=4197
92.690.783/0001-09;2011-01-01;2;METALURGICA GERDAU S.A.;008656;FCA;9181;2011-05-31;http://www.rad.cvm.gov.br/ENETCONSULTA/frmDownloadDocumento.aspx?CodigoInstituicao=1&NumeroSequencialDocumento=9181
92.693.019/0001-89;2011-01-01;1;PANATLANTICA S.A.;000094;FCA;6092;2011-03-31;http://www.rad.cvm.gov.br/ENETCONSULTA/frmDownloadDocumento.aspx?CodigoInstituicao=1&NumeroSequencialDocumento=6092
92.693.019/0001-89;2011-01-01;2;PANATLANTICA S.A.;000094;FCA;7762;2011-05-13;http://www.rad.cvm.gov.br/ENETCONSULTA/frmDownloadDocumento.aspx?CodigoInstituicao=1&NumeroSequencialDocumento=7762
92.702.067/0001-96;2011-01-01;1;BCO ESTADO DO RIO GRANDE DO SUL S.A.;001210;FCA;4193;2011-01-10;http://www.rad.cvm.gov.br/ENETCONSULTA/frmDownloadDocumento.aspx?CodigoInstituicao=1&NumeroSequencialDocumento=4193
92.702.067/0001-96;2011-01-01;2;BCO ESTADO DO RIO GRANDE DO SUL S.A.;001210;FCA;4329;2011-01-19;http://www.rad.cvm.gov.br/ENETCONSULTA/frmDownloadDocumento.aspx?CodigoInstituicao=1&NumeroSequencialDocumento=4329
92.702.067/0001-96;2011-01-01;3;BCO ESTADO DO RIO GRANDE DO SUL S.A.;001210;FCA;5972;2011-03-30;http://www.rad.cvm.gov.br/ENETCONSULTA/frmDownloadDocumento.aspx?CodigoInstituicao=1&NumeroSequencialDocumento=5972
92.702.067/0001-96;2011-01-01;4;BCO ESTADO DO RIO GRANDE DO SUL S.A.;001210;FCA;6576;2011-04-18;http://www.rad.cvm.gov.br/ENETCONSULTA/frmDownloadDocumento.aspx?CodigoInstituicao=1&NumeroSequencialDocumento=6576
92.702.067/0001-96;2011-01-01;5;BCO ESTADO DO RIO GRANDE DO SUL S.A.;001210;FCA;6746;2011-04-28;http://www.rad.cvm.gov.br/ENETCONSULTA/frmDownloadDocumento.aspx?CodigoInstituicao=1&NumeroSequencialDocumento=6746
92.702.067/0001-96;2011-01-01;6;BCO ESTADO DO RIO GRANDE DO SUL S.A.;001210;FCA;9129;2011-05-31;http://www.rad.cvm.gov.br/ENETCONSULTA/frmDownloadDocumento.aspx?CodigoInstituicao=1&NumeroSequencialDocumento=9129
92.702.067/0001-96;2011-01-01;7;BCO ESTADO DO RIO GRANDE DO SUL S.A.;001210;FCA;9169;2011-05-31;http://www.rad.cvm.gov.br/ENETCONSULTA/frmDownloadDocumento.aspx?CodigoInstituicao=1&NumeroSequencialDocumento=9169
92.715.812/0001-31;2011-01-01;1;CIA ESTADUAL DE TRANSMISSÃO DE ENERGIA ELETRICA - CEEE-T;003204;FCA;4439;2011-01-26;http://www.rad.cvm.gov.br/ENETCONSULTA/frmDownloadDocumento.aspx?CodigoInstituicao=1&NumeroSequencialDocumento=4439
92.715.812/0001-31;2011-01-01;2;CIA ESTADUAL DE TRANSMISSÃO DE ENERGIA ELETRICA - CEEE-T;003204;FCA;6650;2011-04-20;http://www.rad.cvm.gov.br/ENETCONSULTA/frmDownloadDocumento.aspx?CodigoInstituicao=1&NumeroSequencialDocumento=6650
92.715.812/0001-31;2011-01-01;3;CIA ESTADUAL DE TRANSMISSÃO DE ENERGIA ELETRICA - CEEE-T;003204;FCA;8690;2011-05-30;http://www.rad.cvm.gov.br/ENETCONSULTA/frmDownloadDocumento.aspx?CodigoInstituicao=1&NumeroSequencialDocumento=8690
92.715.812/0001-31;2011-01-01;4;CIA ESTADUAL DE TRANSMISSÃO DE ENERGIA ELETRICA - CEEE-T;003204;FCA;11734;2011-09-16;http://www.rad.cvm.gov.br/ENETCONSULTA/frmDownloadDocumento.aspx?CodigoInstituicao=1&NumeroSequencialDocumento=11734
92.721.232/0001-57;2011-01-01;1;BANRISUL ARMAZENS GERAIS SA;015822;FCA;5473;2011-03-23;http://www.rad.cvm.gov.br/ENETCONSULTA/frmDownloadDocumento.aspx?CodigoInstituicao=1&NumeroSequencialDocumento=5473
92.721.232/0001-57;2011-01-01;2;BANRISUL ARMAZENS GERAIS SA;015822;FCA;7170;2011-05-05;http://www.rad.cvm.gov.br/ENETCONSULTA/frmDownloadDocumento.aspx?CodigoInstituicao=1&NumeroSequencialDocumento=7170
92.721.232/0001-57;2011-01-01;3;BANRISUL ARMAZENS GERAIS SA;015822;FCA;8022;2011-05-16;http://www.rad.cvm.gov.br/ENETCONSULTA/frmDownloadDocumento.aspx?CodigoInstituicao=1&NumeroSequencialDocumento=8022
92.721.232/0001-57;2011-01-01;4;BANRISUL ARMAZENS GERAIS SA;015822;FCA;9021;2011-05-31;http://www.rad.cvm.gov.br/ENETCONSULTA/frmDownloadDocumento.aspx?CodigoInstituicao=1&NumeroSequencialDocumento=9021
92.721.232/0001-57;2011-01-01;5;BANRISUL ARMAZENS GERAIS SA;015822;FCA;11131;2011-08-15;http://www.rad.cvm.gov.br/ENETCONSULTA/frmDownloadDocumento.aspx?CodigoInstituicao=1&NumeroSequencialDocumento=11131
92.749.225/0001-63;2011-01-01;1;HERCULES S.A. FABRICA DE TALHERES;006629;FCA;6710;2011-04-27;http://www.rad.cvm.gov.br/ENETCONSULTA/frmDownloadDocumento.aspx?CodigoInstituicao=1&NumeroSequencialDocumento=6710
92.749.225/0001-63;2011-01-01;2;HERCULES S.A. FABRICA DE TALHERES;006629;FCA;9231;2011-05-31;http://www.rad.cvm.gov.br/ENETCONSULTA/frmDownloadDocumento.aspx?CodigoInstituicao=1&NumeroSequencialDocumento=9231
92.754.738/0001-62;2011-01-01;1;LOJAS RENNER S.A.;008133;FCA;4792;2011-02-16;http://www.rad.cvm.gov.br/ENETCONSULTA/frmDownloadDocumento.aspx?CodigoInstituicao=1&NumeroSequencialDocumento=4792
92.754.738/0001-62;2011-01-01;2;LOJAS RENNER S.A.;008133;FCA;7601;2011-05-11;http://www.rad.cvm.gov.br/ENETCONSULTA/frmDownloadDocumento.aspx?CodigoInstituicao=1&NumeroSequencialDocumento=7601
92.754.738/0001-62;2011-01-01;3;LOJAS RENNER S.A.;008133;FCA;10638;2011-08-09;http://www.rad.cvm.gov.br/ENETCONSULTA/frmDownloadDocumento.aspx?CodigoInstituicao=1&NumeroSequencialDocumento=10638
92.754.738/0001-62;2011-01-01;4;LOJAS RENNER S.A.;008133;FCA;11821;2011-09-23;http://www.rad.cvm.gov.br/ENETCONSULTA/frmDownloadDocumento.aspx?CodigoInstituicao=1&NumeroSequencialDocumento=11821
92.781.335/0001-02;2011-01-01;1;TAURUS ARMAS S.A.;006173;FCA;5565;2011-03-25;http://www.rad.cvm.gov.br/ENETCONSULTA/frmDownloadDocumento.aspx?CodigoInstituicao=1&NumeroSequencialDocumento=5565
92.781.335/0001-02;2011-01-01;2;TAURUS ARMAS S.A.;006173;FCA;9111;2011-05-31;http://www.rad.cvm.gov.br/ENETCONSULTA/frmDownloadDocumento.aspx?CodigoInstituicao=1&NumeroSequencialDocumento=9111
92.781.335/0001-02;2011-01-01;3;TAURUS ARMAS S.A.;006173;FCA;10851;2011-08-12;http://www.rad.cvm.gov.br/ENETCONSULTA/frmDownloadDocumento.aspx?CodigoInstituicao=1&NumeroSequencialDocumento=10851
92.791.243/0001-03;2011-01-01;1;IRANI PAPEL E EMBALAGEM S.A.;002429;FCA;5214;2011-03-11;http://www.rad.cvm.gov.br/ENETCONSULTA/frmDownloadDocumento.aspx?CodigoInstituicao=1&NumeroSequencialDocumento=5214
92.791.243/0001-03;2011-01-01;2;IRANI PAPEL E EMBALAGEM S.A.;002429;FCA;8722;2011-05-30;http://www.rad.cvm.gov.br/ENETCONSULTA/frmDownloadDocumento.aspx?CodigoInstituicao=1&NumeroSequencialDocumento=8722
92.802.784/0001-90;2011-01-01;1;CIA RIOGRANDENSE DE SANEAMENTO;016748;FCA;4253;2011-01-12;http://www.rad.cvm.gov.br/ENETCONSULTA/frmDownloadDocumento.aspx?CodigoInstituicao=1&NumeroSequencialDocumento=4253
92.802.784/0001-90;2011-01-01;2;CIA RIOGRANDENSE DE SANEAMENTO;016748;FCA;4654;2011-02-08;http://www.rad.cvm.gov.br/ENETCONSULTA/frmDownloadDocumento.aspx?CodigoInstituicao=1&NumeroSequencialDocumento=4654
92.802.784/0001-90;2011-01-01;3;CIA RIOGRANDENSE DE SANEAMENTO;016748;FCA;8537;2011-05-26;http://www.rad.cvm.gov.br/ENETCONSULTA/frmDownloadDocumento.aspx?CodigoInstituicao=1&NumeroSequencialDocumento=8537
92.802.784/0001-90;2011-01-01;4;CIA RIOGRANDENSE DE SANEAMENTO;016748;FCA;13518;2011-12-28;http://www.rad.cvm.gov.br/ENETCONSULTA/frmDownloadDocumento.aspx?CodigoInstituicao=1&NumeroSequencialDocumento=13518
92.825.900/0001-96;2011-01-01;1;DHB IND E COMERCIO SA;005150;FCA;6127;2011-03-31;http://www.rad.cvm.gov.br/ENETCONSULTA/frmDownloadDocumento.aspx?CodigoInstituicao=1&NumeroSequencialDocumento=6127
92.825.900/0001-96;2011-01-01;2;DHB IND E COMERCIO SA;005150;FCA;9427;2011-06-01;http://www.rad.cvm.gov.br/ENETCONSULTA/frmDownloadDocumento.aspx?CodigoInstituicao=1&NumeroSequencialDocumento=9427
92.929.520/0001-00;2011-01-01;1;SPRINGER S.A.;010960;FCA;6135;2011-03-31;http://www.rad.cvm.gov.br/ENETCONSULTA/frmDownloadDocumento.aspx?CodigoInstituicao=1&NumeroSequencialDocumento=6135
92.929.520/0001-00;2011-01-01;2;SPRINGER S.A.;010960;FCA;9395;2011-06-01;http://www.rad.cvm.gov.br/ENETCONSULTA/frmDownloadDocumento.aspx?CodigoInstituicao=1&NumeroSequencialDocumento=9395
93.167.658/0001-73;2011-01-01;1;SDV ADM-DE SHOPPING CENTERS SA;013790;FCA;6115;2011-03-31;http://www.rad.cvm.gov.br/ENETCONSULTA/frmDownloadDocumento.aspx?CodigoInstituicao=1&NumeroSequencialDocumento=6115
93.167.658/0001-73;2011-01-01;2;SDV ADM-DE SHOPPING CENTERS SA;013790;FCA;9437;2011-06-01;http://www.rad.cvm.gov.br/ENETCONSULTA/frmDownloadDocumento.aspx?CodigoInstituicao=1&NumeroSequencialDocumento=9437
93.828.986/0001-73;2011-01-01;1;CEMEPE INVESTIMENTOS S.A.;013854;FCA;6104;2011-03-31;http://www.rad.cvm.gov.br/ENETCONSULTA/frmDownloadDocumento.aspx?CodigoInstituicao=1&NumeroSequencialDocumento=6104
93.828.986/0001-73;2011-01-01;2;CEMEPE INVESTIMENTOS S.A.;013854;FCA;9492;2011-06-02;http://www.rad.cvm.gov.br/ENETCONSULTA/frmDownloadDocumento.aspx?CodigoInstituicao=1&NumeroSequencialDocumento=9492
94.789.468/0001-50;2011-01-01;1;RASIP AGRO PASTORIL SA;018279;FCA;5011;2011-02-28;http://www.rad.cvm.gov.br/ENETCONSULTA/frmDownloadDocumento.aspx?CodigoInstituicao=1&NumeroSequencialDocumento=5011
94.789.468/0001-50;2011-01-01;2;RASIP AGRO PASTORIL SA;018279;FCA;8338;2011-05-19;http://www.rad.cvm.gov.br/ENETCONSULTA/frmDownloadDocumento.aspx?CodigoInstituicao=1&NumeroSequencialDocumento=8338
95.426.862/0001-97;2011-01-01;1;EXCELSIOR ALIMENTOS S.A.;001570;FCA;5276;2011-03-15;http://www.rad.cvm.gov.br/ENETCONSULTA/frmDownloadDocumento.aspx?CodigoInstituicao=1&NumeroSequencialDocumento=5276
95.426.862/0001-97;2011-01-01;2;EXCELSIOR ALIMENTOS S.A.;001570;FCA;5281;2011-03-16;http://www.rad.cvm.gov.br/ENETCONSULTA/frmDownloadDocumento.aspx?CodigoInstituicao=1&NumeroSequencialDocumento=5281
95.426.862/0001-97;2011-01-01;3;EXCELSIOR ALIMENTOS S.A.;001570;FCA;7169;2011-05-05;http://www.rad.cvm.gov.br/ENETCONSULTA/frmDownloadDocumento.aspx?CodigoInstituicao=1&NumeroSequencialDocumento=7169
95.426.862/0001-97;2011-01-01;4;EXCELSIOR ALIMENTOS S.A.;001570;FCA;8997;2011-05-31;http://www.rad.cvm.gov.br/ENETCONSULTA/frmDownloadDocumento.aspx?CodigoInstituicao=1&NumeroSequencialDocumento=8997
95.426.862/0001-97;2011-01-01;5;EXCELSIOR ALIMENTOS S.A.;001570;FCA;10353;2011-07-28;http://www.rad.cvm.gov.br/ENETCONSULTA/frmDownloadDocumento.aspx?CodigoInstituicao=1&NumeroSequencialDocumento=10353
97.191.902/0001-94;2011-01-01;1;CONSERVAS ODERICH S.A.;004693;FCA;7645;2011-05-12;http://www.rad.cvm.gov.br/ENETCONSULTA/frmDownloadDocumento.aspx?CodigoInstituicao=1&NumeroSequencialDocumento=7645
97.837.181/0001-47;2011-01-01;1;DEXCO S.A.;021091;FCA;4143;2011-01-07;http://www.rad.cvm.gov.br/ENETCONSULTA/frmDownloadDocumento.aspx?CodigoInstituicao=1&NumeroSequencialDocumento=4143
97.837.181/0001-47;2011-01-01;2;DEXCO S.A.;021091;FCA;7529;2011-05-10;http://www.rad.cvm.gov.br/ENETCONSULTA/frmDownloadDocumento.aspx?CodigoInstituicao=1&NumeroSequencialDocumento=7529
